ISO-10303-21;
HEADER;
FILE_DESCRIPTION (( 'STEP AP214' ),
    '1' );
FILE_NAME ('13.34x13.34 Bobin.STEP',
    '2026-02-20T21:09:46',
    ( '' ),
    ( '' ),
    'SwSTEP 2.0',
    'SolidWorks 2026',
    '' );
FILE_SCHEMA (( 'AUTOMOTIVE_DESIGN' ));
ENDSEC;

DATA;
#1 = CARTESIAN_POINT ( 'NONE',  ( 0.000000000000000000, 0.000000000000000000, 1.000000000000000888 ) ) ;
#2 = CIRCLE ( 'NONE', #2008, 0.5999999999999998668 ) ;
#3 = DIRECTION ( 'NONE',  ( -0.000000000000000000, -0.000000000000000000, -1.000000000000000000 ) ) ;
#4 = DIRECTION ( 'NONE',  ( -0.9733135904833517538, 0.2294790939942160102, 0.000000000000000000 ) ) ;
#5 = UNCERTAINTY_MEASURE_WITH_UNIT (LENGTH_MEASURE( 1.000000000000000082E-05 ), #566, 'distance_accuracy_value', 'NONE');
#6 = DIRECTION ( 'NONE',  ( -0.000000000000000000, -0.000000000000000000, -1.000000000000000000 ) ) ;
#7 = VERTEX_POINT ( 'NONE', #1831 ) ;
#8 = EDGE_CURVE ( 'NONE', #175, #1945, #188, .T. ) ;
#9 = ORIENTED_EDGE ( 'NONE', *, *, #1751, .T. ) ;
#10 =( NAMED_UNIT ( * ) PLANE_ANGLE_UNIT ( ) SI_UNIT ( $, .RADIAN. ) );
#11 = ORIENTED_EDGE ( 'NONE', *, *, #1073, .T. ) ;
#12 = PRESENTATION_STYLE_ASSIGNMENT (( #1381 ) ) ;
#13 = VECTOR ( 'NONE', #2170, 1000.000000000000114 ) ;
#14 = FACE_OUTER_BOUND ( 'NONE', #1517, .T. ) ;
#15 =( NAMED_UNIT ( * ) PLANE_ANGLE_UNIT ( ) SI_UNIT ( $, .RADIAN. ) );
#16 = PRESENTATION_STYLE_ASSIGNMENT (( #479 ) ) ;
#17 = PRESENTATION_LAYER_ASSIGNMENT (  '', '', ( #2127 ) ) ;
#18 = DIRECTION ( 'NONE',  ( -0.000000000000000000, -0.000000000000000000, 1.000000000000000000 ) ) ;
#19 = CARTESIAN_POINT ( 'NONE',  ( 0.000000000000000000, 0.000000000000000000, 12.00000000000000000 ) ) ;
#20 =( NAMED_UNIT ( * ) PLANE_ANGLE_UNIT ( ) SI_UNIT ( $, .RADIAN. ) );
#21 = CIRCLE ( 'NONE', #917, 3.500000000000000000 ) ;
#22 =( GEOMETRIC_REPRESENTATION_CONTEXT ( 3 ) GLOBAL_UNCERTAINTY_ASSIGNED_CONTEXT ( ( #776 ) ) GLOBAL_UNIT_ASSIGNED_CONTEXT ( ( #944, #785, #1103 ) ) REPRESENTATION_CONTEXT ( 'NONE', 'WORKASPACE' ) );
#23 = LINE ( 'NONE', #701, #764 ) ;
#24 = EDGE_CURVE ( 'NONE', #1507, #714, #450, .T. ) ;
#25 = EDGE_CURVE ( 'NONE', #1611, #1338, #1443, .T. ) ;
#26 = DIRECTION ( 'NONE',  ( 1.000000000000000000, 0.000000000000000000, 0.000000000000000000 ) ) ;
#27 = SURFACE_STYLE_FILL_AREA ( #1878 ) ;
#28 = CARTESIAN_POINT ( 'NONE',  ( -6.669999999999999929, 6.669999999999999041, 0.000000000000000000 ) ) ;
#29 =( NAMED_UNIT ( * ) SI_UNIT ( $, .STERADIAN. ) SOLID_ANGLE_UNIT ( ) );
#30 = CYLINDRICAL_SURFACE ( 'NONE', #1094, 3.000000000000000444 ) ;
#31 = COLOUR_RGB ( '',0.9882352941176471006, 1.000000000000000000, 0.9882352941176471006 ) ;
#32 = ORIENTED_EDGE ( 'NONE', *, *, #25, .T. ) ;
#33 = CARTESIAN_POINT ( 'NONE',  ( 6.669999999999999929, 6.669999999999999041, 0.8000000000000003775 ) ) ;
#34 = ORIENTED_EDGE ( 'NONE', *, *, #1761, .F. ) ;
#35 = CARTESIAN_POINT ( 'NONE',  ( 0.000000000000000000, 0.000000000000000000, 11.90000000000000036 ) ) ;
#36 = COLOUR_RGB ( '',0.9882352941176471006, 1.000000000000000000, 0.9882352941176471006 ) ;
#37 = VECTOR ( 'NONE', #1935, 1000.000000000000114 ) ;
#38 = SURFACE_STYLE_USAGE ( .BOTH. , #2047 ) ;
#39 = EDGE_CURVE ( 'NONE', #744, #652, #1570, .T. ) ;
#40 = DIRECTION ( 'NONE',  ( -0.000000000000000000, -0.000000000000000000, -1.000000000000000000 ) ) ;
#41 = LINE ( 'NONE', #1406, #1307 ) ;
#42 = SURFACE_STYLE_FILL_AREA ( #1909 ) ;
#43 = FILL_AREA_STYLE_COLOUR ( '', #354 ) ;
#44 =( NAMED_UNIT ( * ) SI_UNIT ( $, .STERADIAN. ) SOLID_ANGLE_UNIT ( ) );
#45 = ORIENTED_EDGE ( 'NONE', *, *, #1120, .T. ) ;
#46 = SURFACE_SIDE_STYLE ('',( #27 ) ) ;
#47 = CARTESIAN_POINT ( 'NONE',  ( 0.000000000000000000, 0.000000000000000000, 1.200000000000001510 ) ) ;
#48 = FILL_AREA_STYLE ('',( #880 ) ) ;
#49 = VECTOR ( 'NONE', #982, 1000.000000000000000 ) ;
#50 = SURFACE_STYLE_USAGE ( .BOTH. , #216 ) ;
#51 = DIRECTION ( 'NONE',  ( -0.9733135904833517538, 0.2294790939942160102, 0.000000000000000000 ) ) ;
#52 =( GEOMETRIC_REPRESENTATION_CONTEXT ( 3 ) GLOBAL_UNCERTAINTY_ASSIGNED_CONTEXT ( ( #86 ) ) GLOBAL_UNIT_ASSIGNED_CONTEXT ( ( #1981, #1110, #366 ) ) REPRESENTATION_CONTEXT ( 'NONE', 'WORKASPACE' ) );
#53 =( LENGTH_UNIT ( ) NAMED_UNIT ( * ) SI_UNIT ( .MILLI., .METRE. ) );
#54 = DIRECTION ( 'NONE',  ( 1.000000000000000000, 0.000000000000000000, 0.000000000000000000 ) ) ;
#55 = PRESENTATION_STYLE_ASSIGNMENT (( #732 ) ) ;
#56 = ORIENTED_EDGE ( 'NONE', *, *, #1487, .T. ) ;
#57 = CIRCLE ( 'NONE', #1303, 3.700000000000000178 ) ;
#58 = LINE ( 'NONE', #1232, #1193 ) ;
#59 = STYLED_ITEM ( 'NONE', ( #171 ), #633 ) ;
#60 = ORIENTED_EDGE ( 'NONE', *, *, #1965, .F. ) ;
#61 = DIRECTION ( 'NONE',  ( 0.000000000000000000, 0.000000000000000000, -1.000000000000000000 ) ) ;
#62 = DIRECTION ( 'NONE',  ( 0.000000000000000000, 0.000000000000000000, 1.000000000000000000 ) ) ;
#63 = CARTESIAN_POINT ( 'NONE',  ( 0.000000000000000000, 0.000000000000000000, 1.000000000000000888 ) ) ;
#64 = CARTESIAN_POINT ( 'NONE',  ( -1.348662872331563012, 0.3179755600582845898, 0.9999999999999991118 ) ) ;
#65 = CARTESIAN_POINT ( 'NONE',  ( 4.320000000000000284, -4.320000000000000284, -3.500000000000000000 ) ) ;
#66 = FILL_AREA_STYLE ('',( #2044 ) ) ;
#67 = UNCERTAINTY_MEASURE_WITH_UNIT (LENGTH_MEASURE( 1.000000000000000082E-05 ), #1464, 'distance_accuracy_value', 'NONE');
#68 = EDGE_CURVE ( 'NONE', #1675, #175, #724, .T. ) ;
#69 = COLOUR_RGB ( '',1.000000000000000000, 0.5019607843137254832, 0.000000000000000000 ) ;
#70 = VERTEX_POINT ( 'NONE', #2048 ) ;
#71 = AXIS2_PLACEMENT_3D ( 'NONE', #769, #89, #791 ) ;
#72 = PRESENTATION_LAYER_ASSIGNMENT (  '', '', ( #1462 ) ) ;
#73 = DIRECTION ( 'NONE',  ( 0.000000000000000000, 0.000000000000000000, 1.000000000000000000 ) ) ;
#74 = AXIS2_PLACEMENT_3D ( 'NONE', #1465, #273, #1141 ) ;
#75 = LINE ( 'NONE', #95, #921 ) ;
#76 = SURFACE_SIDE_STYLE ('',( #1436 ) ) ;
#77 = SURFACE_STYLE_FILL_AREA ( #1620 ) ;
#78 = FILL_AREA_STYLE_COLOUR ( '', #287 ) ;
#79 = ORIENTED_EDGE ( 'NONE', *, *, #182, .F. ) ;
#80 = AXIS2_PLACEMENT_3D ( 'NONE', #831, #1655, #1634 ) ;
#81 = FILL_AREA_STYLE ('',( #1605 ) ) ;
#82 = CARTESIAN_POINT ( 'NONE',  ( -0.5080000000000000071, -4.320000000000001172, -3.500000000000000000 ) ) ;
#83 =( NAMED_UNIT ( * ) PLANE_ANGLE_UNIT ( ) SI_UNIT ( $, .RADIAN. ) );
#84 = DIRECTION ( 'NONE',  ( -0.000000000000000000, -0.000000000000000000, 1.000000000000000000 ) ) ;
#85 = FACE_OUTER_BOUND ( 'NONE', #631, .T. ) ;
#86 = UNCERTAINTY_MEASURE_WITH_UNIT (LENGTH_MEASURE( 1.000000000000000082E-05 ), #1981, 'distance_accuracy_value', 'NONE');
#87 = CARTESIAN_POINT ( 'NONE',  ( 0.000000000000000000, 6.469999999999998863, 0.8000000000000009326 ) ) ;
#88 = DIRECTION ( 'NONE',  ( -0.000000000000000000, -0.000000000000000000, 1.000000000000000000 ) ) ;
#89 = DIRECTION ( 'NONE',  ( 0.000000000000000000, 0.000000000000000000, -1.000000000000000000 ) ) ;
#90 = CIRCLE ( 'NONE', #1584, 3.000000000000000444 ) ;
#91 = ORIENTED_EDGE ( 'NONE', *, *, #1073, .F. ) ;
#92 = AXIS2_PLACEMENT_3D ( 'NONE', #993, #1166, #1676 ) ;
#93 = ADVANCED_FACE ( 'NONE', ( #1248 ), #736, .T. ) ;
#94 = DIRECTION ( 'NONE',  ( -1.000000000000000000, 0.000000000000000000, -0.000000000000000000 ) ) ;
#95 = CARTESIAN_POINT ( 'NONE',  ( 6.669999999999999929, 6.669999999999999041, 0.000000000000000000 ) ) ;
#96 = CARTESIAN_POINT ( 'NONE',  ( -0.9497063489588407625, -1.008988528550880392, 0.9999999999999991118 ) ) ;
#97 =( NAMED_UNIT ( * ) PLANE_ANGLE_UNIT ( ) SI_UNIT ( $, .RADIAN. ) );
#98 = CARTESIAN_POINT ( 'NONE',  ( -3.000000000000000444, 3.673940397442060361E-16, 11.50000000000000000 ) ) ;
#99 = SURFACE_STYLE_USAGE ( .BOTH. , #262 ) ;
#100 = VERTEX_POINT ( 'NONE', #1819 ) ;
#101 = UNCERTAINTY_MEASURE_WITH_UNIT (LENGTH_MEASURE( 1.000000000000000082E-05 ), #1599, 'distance_accuracy_value', 'NONE');
#102 = AXIS2_PLACEMENT_3D ( 'NONE', #2085, #582, #1089 ) ;
#103 = PRESENTATION_STYLE_ASSIGNMENT (( #607 ) ) ;
#104 = EDGE_CURVE ( 'NONE', #933, #1975, #522, .T. ) ;
#105 = SURFACE_STYLE_USAGE ( .BOTH. , #1946 ) ;
#106 =( GEOMETRIC_REPRESENTATION_CONTEXT ( 3 ) GLOBAL_UNCERTAINTY_ASSIGNED_CONTEXT ( ( #845 ) ) GLOBAL_UNIT_ASSIGNED_CONTEXT ( ( #415, #599, #291 ) ) REPRESENTATION_CONTEXT ( 'NONE', 'WORKASPACE' ) );
#107 =( NAMED_UNIT ( * ) PLANE_ANGLE_UNIT ( ) SI_UNIT ( $, .RADIAN. ) );
#108 = ORIENTED_EDGE ( 'NONE', *, *, #321, .T. ) ;
#109 = SURFACE_STYLE_FILL_AREA ( #1630 ) ;
#110 = CARTESIAN_POINT ( 'NONE',  ( 0.000000000000000000, 0.000000000000000000, 1.000000000000000888 ) ) ;
#111 = ORIENTED_EDGE ( 'NONE', *, *, #39, .T. ) ;
#112 = CIRCLE ( 'NONE', #903, 0.5999999999999998668 ) ;
#113 = CARTESIAN_POINT ( 'NONE',  ( 0.000000000000000000, 0.000000000000000000, 11.79999999999999893 ) ) ;
#114 = ORIENTED_EDGE ( 'NONE', *, *, #184, .T. ) ;
#115 = DIRECTION ( 'NONE',  ( 1.224646799147353207E-16, 1.000000000000000000, -0.000000000000000000 ) ) ;
#116 = CIRCLE ( 'NONE', #2153, 0.5999999999999998668 ) ;
#117 = PLANE ( 'NONE',  #228 ) ;
#118 = FILL_AREA_STYLE_COLOUR ( '', #860 ) ;
#119 = EDGE_CURVE ( 'NONE', #1259, #2180, #1993, .T. ) ;
#120 = SURFACE_STYLE_USAGE ( .BOTH. , #432 ) ;
#121 =( LENGTH_UNIT ( ) NAMED_UNIT ( * ) SI_UNIT ( .MILLI., .METRE. ) );
#122 = LINE ( 'NONE', #1472, #1061 ) ;
#123 = ORIENTED_EDGE ( 'NONE', *, *, #1810, .F. ) ;
#124 = DIRECTION ( 'NONE',  ( -0.000000000000000000, -0.000000000000000000, 1.000000000000000000 ) ) ;
#125 = TOROIDAL_SURFACE ( 'NONE', #160, 3.299999999999999822, 0.2000000000000000111 ) ;
#126 = STYLED_ITEM ( 'NONE', ( #2050 ), #951 ) ;
#127 = FACE_BOUND ( 'NONE', #1010, .T. ) ;
#128 = DIRECTION ( 'NONE',  ( -0.000000000000000000, -0.000000000000000000, 1.000000000000000000 ) ) ;
#129 = SURFACE_STYLE_FILL_AREA ( #1483 ) ;
#130 = DIRECTION ( 'NONE',  ( -0.000000000000000000, -0.000000000000000000, -1.000000000000000000 ) ) ;
#131 = ORIENTED_EDGE ( 'NONE', *, *, #520, .F. ) ;
#132 = EDGE_CURVE ( 'NONE', #1768, #897, #797, .T. ) ;
#133 = CARTESIAN_POINT ( 'NONE',  ( -0.3989565233727216942, 1.326964088609166037, 11.50000000000000000 ) ) ;
#134 = AXIS2_PLACEMENT_3D ( 'NONE', #397, #1731, #908 ) ;
#135 = AXIS2_PLACEMENT_3D ( 'NONE', #1271, #909, #2071 ) ;
#136 =( NAMED_UNIT ( * ) SI_UNIT ( $, .STERADIAN. ) SOLID_ANGLE_UNIT ( ) );
#137 = STYLED_ITEM ( 'NONE', ( #472 ), #1915 ) ;
#138 = PRESENTATION_LAYER_ASSIGNMENT (  '', '', ( #1395 ) ) ;
#139 = EDGE_LOOP ( 'NONE', ( #1389, #420, #1661, #344 ) ) ;
#140 = PRESENTATION_STYLE_ASSIGNMENT (( #1519 ) ) ;
#141 = SURFACE_STYLE_USAGE ( .BOTH. , #1354 ) ;
#142 = ORIENTED_EDGE ( 'NONE', *, *, #1544, .T. ) ;
#143 = FILL_AREA_STYLE ('',( #866 ) ) ;
#144 = EDGE_CURVE ( 'NONE', #1494, #584, #1370, .T. ) ;
#145 = CARTESIAN_POINT ( 'NONE',  ( 0.000000000000000000, 0.000000000000000000, 12.00000000000000000 ) ) ;
#146 = CIRCLE ( 'NONE', #750, 0.2000000000000005107 ) ;
#147 = LINE ( 'NONE', #655, #1574 ) ;
#148 = DIRECTION ( 'NONE',  ( -0.000000000000000000, 0.000000000000000000, 1.000000000000000000 ) ) ;
#149 =( LENGTH_UNIT ( ) NAMED_UNIT ( * ) SI_UNIT ( .MILLI., .METRE. ) );
#150 = ORIENTED_EDGE ( 'NONE', *, *, #1227, .T. ) ;
#151 =( NAMED_UNIT ( * ) SI_UNIT ( $, .STERADIAN. ) SOLID_ANGLE_UNIT ( ) );
#152 = DIRECTION ( 'NONE',  ( 1.000000000000000000, 0.000000000000000000, 0.000000000000000000 ) ) ;
#153 = PLANE ( 'NONE',  #571 ) ;
#154 = ORIENTED_EDGE ( 'NONE', *, *, #1842, .T. ) ;
#155 = LINE ( 'NONE', #841, #804 ) ;
#156 = CARTESIAN_POINT ( 'NONE',  ( -6.669999999999999929, 6.669999999999999041, 0.9171572875253816148 ) ) ;
#157 = CARTESIAN_POINT ( 'NONE',  ( 0.9497063489588402074, 1.008988528550881281, 0.9999999999999991118 ) ) ;
#158 = COLOUR_RGB ( '',0.9882352941176471006, 1.000000000000000000, 0.9882352941176471006 ) ;
#159 = EDGE_CURVE ( 'NONE', #1494, #164, #2020, .T. ) ;
#160 = AXIS2_PLACEMENT_3D ( 'NONE', #1174, #324, #987 ) ;
#161 = CARTESIAN_POINT ( 'NONE',  ( 0.09199999999999995681, 4.320000000000000284, 0.000000000000000000 ) ) ;
#162 = PRESENTATION_LAYER_ASSIGNMENT (  '', '', ( #624 ) ) ;
#163 = SURFACE_STYLE_FILL_AREA ( #1009 ) ;
#164 = VERTEX_POINT ( 'NONE', #487 ) ;
#165 = VERTEX_POINT ( 'NONE', #829 ) ;
#166 = CYLINDRICAL_SURFACE ( 'NONE', #1586, 0.5999999999999999778 ) ;
#167 = SURFACE_SIDE_STYLE ('',( #1868 ) ) ;
#168 = ADVANCED_FACE ( 'NONE', ( #1167 ), #1411, .F. ) ;
#169 = FILL_AREA_STYLE ('',( #1362 ) ) ;
#170 = PRESENTATION_LAYER_ASSIGNMENT (  '', '', ( #1208 ) ) ;
#171 = PRESENTATION_STYLE_ASSIGNMENT (( #1972 ) ) ;
#172 =( LENGTH_UNIT ( ) NAMED_UNIT ( * ) SI_UNIT ( .MILLI., .METRE. ) );
#173 = MECHANICAL_DESIGN_GEOMETRIC_PRESENTATION_REPRESENTATION (  '', ( #1285 ), #1495 ) ;
#174 = CARTESIAN_POINT ( 'NONE',  ( 6.669999999999999929, 6.669999999999999041, 0.000000000000000000 ) ) ;
#175 = VERTEX_POINT ( 'NONE', #818 ) ;
#176 = AXIS2_PLACEMENT_3D ( 'NONE', #916, #207, #1869 ) ;
#177 = LINE ( 'NONE', #1832, #1982 ) ;
#178 =( NAMED_UNIT ( * ) SI_UNIT ( $, .STERADIAN. ) SOLID_ANGLE_UNIT ( ) );
#179 = CARTESIAN_POINT ( 'NONE',  ( 0.000000000000000000, 0.000000000000000000, 0.000000000000000000 ) ) ;
#180 = FILL_AREA_STYLE ('',( #1908 ) ) ;
#181 =( NAMED_UNIT ( * ) SI_UNIT ( $, .STERADIAN. ) SOLID_ANGLE_UNIT ( ) );
#182 = EDGE_CURVE ( 'NONE', #1967, #1522, #226, .T. ) ;
#183 = SURFACE_STYLE_FILL_AREA ( #371 ) ;
#184 = EDGE_CURVE ( 'NONE', #1106, #577, #90, .T. ) ;
#185 = SURFACE_STYLE_FILL_AREA ( #231 ) ;
#186 = VERTEX_POINT ( 'NONE', #809 ) ;
#187 = DIRECTION ( 'NONE',  ( 0.2879220702052478487, -0.9576538422043344712, 0.000000000000000000 ) ) ;
#188 = CIRCLE ( 'NONE', #616, 0.09999999999999939493 ) ;
#189 = SURFACE_STYLE_FILL_AREA ( #683 ) ;
#190 = TOROIDAL_SURFACE ( 'NONE', #2126, 2.800000000000000266, 0.2000000000000000111 ) ;
#191 = CIRCLE ( 'NONE', #875, 3.100000000000000533 ) ;
#192 = FACE_OUTER_BOUND ( 'NONE', #910, .T. ) ;
#193 = AXIS2_PLACEMENT_3D ( 'NONE', #1564, #1079, #1551 ) ;
#194 =( NAMED_UNIT ( * ) PLANE_ANGLE_UNIT ( ) SI_UNIT ( $, .RADIAN. ) );
#195 =( NAMED_UNIT ( * ) SI_UNIT ( $, .STERADIAN. ) SOLID_ANGLE_UNIT ( ) );
#196 = SURFACE_STYLE_FILL_AREA ( #239 ) ;
#197 = AXIS2_PLACEMENT_3D ( 'NONE', #1838, #1988, #661 ) ;
#198 = ORIENTED_EDGE ( 'NONE', *, *, #1148, .F. ) ;
#199 =( LENGTH_UNIT ( ) NAMED_UNIT ( * ) SI_UNIT ( .MILLI., .METRE. ) );
#200 = EDGE_CURVE ( 'NONE', #175, #1675, #191, .T. ) ;
#201 = VERTEX_POINT ( 'NONE', #1372 ) ;
#202 = PRESENTATION_STYLE_ASSIGNMENT (( #511 ) ) ;
#203 =( NAMED_UNIT ( * ) PLANE_ANGLE_UNIT ( ) SI_UNIT ( $, .RADIAN. ) );
#204 = CARTESIAN_POINT ( 'NONE',  ( 0.000000000000000000, 0.000000000000000000, 11.90000000000000036 ) ) ;
#205 = LINE ( 'NONE', #669, #1082 ) ;
#206 = PRESENTATION_STYLE_ASSIGNMENT (( #527 ) ) ;
#207 = DIRECTION ( 'NONE',  ( 0.000000000000000000, -0.000000000000000000, -1.000000000000000000 ) ) ;
#208 = PRESENTATION_LAYER_ASSIGNMENT (  '', '', ( #396 ) ) ;
#209 = DIRECTION ( 'NONE',  ( -0.000000000000000000, -0.000000000000000000, 1.000000000000000000 ) ) ;
#210 = PRESENTATION_LAYER_ASSIGNMENT (  '', '', ( #1626 ) ) ;
#211 = ORIENTED_EDGE ( 'NONE', *, *, #347, .T. ) ;
#212 = SURFACE_STYLE_USAGE ( .BOTH. , #900 ) ;
#213 = ORIENTED_EDGE ( 'NONE', *, *, #1084, .T. ) ;
#214 = PRODUCT_DEFINITION ( 'UNKNOWN', '', #1256, #1032 ) ;
#215 = FILL_AREA_STYLE_COLOUR ( '', #727 ) ;
#216 = SURFACE_SIDE_STYLE ('',( #1729 ) ) ;
#217 = FILL_AREA_STYLE ('',( #1730 ) ) ;
#218 = FACE_OUTER_BOUND ( 'NONE', #1788, .T. ) ;
#219 =( NAMED_UNIT ( * ) SI_UNIT ( $, .STERADIAN. ) SOLID_ANGLE_UNIT ( ) );
#220 = UNCERTAINTY_MEASURE_WITH_UNIT (LENGTH_MEASURE( 1.000000000000000082E-05 ), #536, 'distance_accuracy_value', 'NONE');
#221 = DIRECTION ( 'NONE',  ( 0.000000000000000000, 0.000000000000000000, -1.000000000000000000 ) ) ;
#222 = EDGE_LOOP ( 'NONE', ( #788, #447, #1905, #765 ) ) ;
#223 = CARTESIAN_POINT ( 'NONE',  ( 0.000000000000000000, 0.000000000000000000, 12.00000000000000000 ) ) ;
#224 = ADVANCED_FACE ( 'NONE', ( #2027 ), #1233, .T. ) ;
#225 = AXIS2_PLACEMENT_3D ( 'NONE', #145, #2181, #329 ) ;
#226 = CIRCLE ( 'NONE', #975, 0.5999999999999999778 ) ;
#227 = CARTESIAN_POINT ( 'NONE',  ( -4.920000000000001705, -4.320000000000000284, -3.500000000000000000 ) ) ;
#228 = AXIS2_PLACEMENT_3D ( 'NONE', #1402, #1893, #393 ) ;
#229 = STYLED_ITEM ( 'NONE', ( #1888 ), #507 ) ;
#230 = VERTEX_POINT ( 'NONE', #1587 ) ;
#231 = FILL_AREA_STYLE ('',( #712 ) ) ;
#232 = MECHANICAL_DESIGN_GEOMETRIC_PRESENTATION_REPRESENTATION (  '', ( #388 ), #656 ) ;
#233 = ORIENTED_EDGE ( 'NONE', *, *, #1965, .T. ) ;
#234 = COLOUR_RGB ( '',0.2980392156862745057, 0.2980392156862745057, 0.2980392156862745057 ) ;
#235 = DIRECTION ( 'NONE',  ( -0.000000000000000000, -0.000000000000000000, 1.000000000000000000 ) ) ;
#236 = ADVANCED_FACE ( 'NONE', ( #14 ), #1396, .T. ) ;
#237 = SURFACE_STYLE_FILL_AREA ( #2093 ) ;
#238 = SURFACE_STYLE_USAGE ( .BOTH. , #76 ) ;
#239 = FILL_AREA_STYLE ('',( #43 ) ) ;
#240 = UNCERTAINTY_MEASURE_WITH_UNIT (LENGTH_MEASURE( 1.000000000000000082E-05 ), #1976, 'distance_accuracy_value', 'NONE');
#241 = ORIENTED_EDGE ( 'NONE', *, *, #561, .T. ) ;
#242 =( LENGTH_UNIT ( ) NAMED_UNIT ( * ) SI_UNIT ( .MILLI., .METRE. ) );
#243 = COLOUR_RGB ( '',1.000000000000000000, 0.5019607843137254832, 0.000000000000000000 ) ;
#244 = ORIENTED_EDGE ( 'NONE', *, *, #467, .T. ) ;
#245 = MECHANICAL_DESIGN_GEOMETRIC_PRESENTATION_REPRESENTATION (  '', ( #1208 ), #1321 ) ;
#246 = MECHANICAL_DESIGN_GEOMETRIC_PRESENTATION_REPRESENTATION (  '', ( #1462 ), #1537 ) ;
#247 = DIRECTION ( 'NONE',  ( 1.000000000000000000, 0.000000000000000000, 0.000000000000000000 ) ) ;
#248 = UNCERTAINTY_MEASURE_WITH_UNIT (LENGTH_MEASURE( 1.000000000000000082E-05 ), #748, 'distance_accuracy_value', 'NONE');
#249 = SURFACE_STYLE_USAGE ( .BOTH. , #1218 ) ;
#250 = MECHANICAL_DESIGN_GEOMETRIC_PRESENTATION_REPRESENTATION (  '', ( #898 ), #672 ) ;
#251 = CARTESIAN_POINT ( 'NONE',  ( -1.348662872331563012, 0.3179755600582845898, 11.50000000000000000 ) ) ;
#252 = SURFACE_SIDE_STYLE ('',( #1435 ) ) ;
#253 = DIRECTION ( 'NONE',  ( 0.000000000000000000, 0.000000000000000000, -1.000000000000000000 ) ) ;
#254 = ORIENTED_EDGE ( 'NONE', *, *, #1665, .F. ) ;
#255 = SURFACE_STYLE_FILL_AREA ( #1274 ) ;
#256 = ORIENTED_EDGE ( 'NONE', *, *, #745, .F. ) ;
#257 = EDGE_CURVE ( 'NONE', #2005, #805, #1427, .T. ) ;
#258 = UNCERTAINTY_MEASURE_WITH_UNIT (LENGTH_MEASURE( 1.000000000000000082E-05 ), #1087, 'distance_accuracy_value', 'NONE');
#259 = AXIS2_PLACEMENT_3D ( 'NONE', #1405, #657, #440 ) ;
#260 = CARTESIAN_POINT ( 'NONE',  ( 3.000000000000000444, 3.673940397442060361E-16, 0.000000000000000000 ) ) ;
#261 = CARTESIAN_POINT ( 'NONE',  ( 6.669999999999999929, -6.670000000000000817, 0.8000000000000003775 ) ) ;
#262 = SURFACE_SIDE_STYLE ('',( #446 ) ) ;
#263 = ORIENTED_EDGE ( 'NONE', *, *, #1209, .F. ) ;
#264 = CIRCLE ( 'NONE', #197, 2.800000000000000266 ) ;
#265 = EDGE_CURVE ( 'NONE', #652, #165, #551, .T. ) ;
#266 = VECTOR ( 'NONE', #1656, 1000.000000000000000 ) ;
#267 =( GEOMETRIC_REPRESENTATION_CONTEXT ( 3 ) GLOBAL_UNCERTAINTY_ASSIGNED_CONTEXT ( ( #956 ) ) GLOBAL_UNIT_ASSIGNED_CONTEXT ( ( #269, #107, #822 ) ) REPRESENTATION_CONTEXT ( 'NONE', 'WORKASPACE' ) );
#268 = SURFACE_STYLE_USAGE ( .BOTH. , #252 ) ;
#269 =( LENGTH_UNIT ( ) NAMED_UNIT ( * ) SI_UNIT ( .MILLI., .METRE. ) );
#270 =( NAMED_UNIT ( * ) SI_UNIT ( $, .STERADIAN. ) SOLID_ANGLE_UNIT ( ) );
#271 = ORIENTED_EDGE ( 'NONE', *, *, #2150, .F. ) ;
#272 = PRESENTATION_STYLE_ASSIGNMENT (( #789 ) ) ;
#273 = DIRECTION ( 'NONE',  ( 0.000000000000000000, 0.000000000000000000, -1.000000000000000000 ) ) ;
#274 = DIRECTION ( 'NONE',  ( -0.000000000000000000, -0.000000000000000000, -1.000000000000000000 ) ) ;
#275 = VERTEX_POINT ( 'NONE', #1925 ) ;
#276 = PRESENTATION_STYLE_ASSIGNMENT (( #249 ) ) ;
#277 = ADVANCED_FACE ( 'NONE', ( #428 ), #1527, .F. ) ;
#278 =( GEOMETRIC_REPRESENTATION_CONTEXT ( 3 ) GLOBAL_UNCERTAINTY_ASSIGNED_CONTEXT ( ( #1820 ) ) GLOBAL_UNIT_ASSIGNED_CONTEXT ( ( #1767, #2142, #270 ) ) REPRESENTATION_CONTEXT ( 'NONE', 'WORKASPACE' ) );
#279 = ORIENTED_EDGE ( 'NONE', *, *, #1282, .T. ) ;
#280 =( NAMED_UNIT ( * ) PLANE_ANGLE_UNIT ( ) SI_UNIT ( $, .RADIAN. ) );
#281 = EDGE_CURVE ( 'NONE', #503, #1441, #205, .T. ) ;
#282 = STYLED_ITEM ( 'NONE', ( #2110 ), #2112 ) ;
#283 = CARTESIAN_POINT ( 'NONE',  ( -6.469999999999999751, -6.470000000000000639, 1.000000000000000888 ) ) ;
#284 = PRESENTATION_STYLE_ASSIGNMENT (( #619 ) ) ;
#285 = CARTESIAN_POINT ( 'NONE',  ( 6.469999999999999751, 6.469999999999998863, 1.000000000000000888 ) ) ;
#286 = EDGE_LOOP ( 'NONE', ( #521, #1554, #1635, #637 ) ) ;
#287 = COLOUR_RGB ( '',1.000000000000000000, 0.5019607843137254832, 0.000000000000000000 ) ;
#288 = DIRECTION ( 'NONE',  ( -1.000000000000000000, 0.000000000000000000, 0.000000000000000000 ) ) ;
#289 = TOROIDAL_SURFACE ( 'NONE', #1673, 3.299999999999999822, 0.2000000000000000111 ) ;
#290 = ORIENTED_EDGE ( 'NONE', *, *, #1906, .F. ) ;
#291 =( NAMED_UNIT ( * ) SI_UNIT ( $, .STERADIAN. ) SOLID_ANGLE_UNIT ( ) );
#292 = VECTOR ( 'NONE', #1954, 1000.000000000000000 ) ;
#293 = DIRECTION ( 'NONE',  ( 0.2879220702052478487, -0.9576538422043344712, 0.000000000000000000 ) ) ;
#294 = ADVANCED_FACE ( 'NONE', ( #525 ), #941, .F. ) ;
#295 = FILL_AREA_STYLE ('',( #118 ) ) ;
#296 = CARTESIAN_POINT ( 'NONE',  ( 0.000000000000000000, 0.000000000000000000, 0.000000000000000000 ) ) ;
#297 = SURFACE_STYLE_USAGE ( .BOTH. , #1803 ) ;
#298 = COLOUR_RGB ( '',1.000000000000000000, 0.5019607843137254832, 0.000000000000000000 ) ;
#299 = DIRECTION ( 'NONE',  ( -0.000000000000000000, -0.000000000000000000, -1.000000000000000000 ) ) ;
#300 = MECHANICAL_DESIGN_GEOMETRIC_PRESENTATION_REPRESENTATION (  '', ( #1236 ), #979 ) ;
#301 = DIRECTION ( 'NONE',  ( 1.000000000000000000, 0.000000000000000000, 0.000000000000000000 ) ) ;
#302 = AXIS2_PLACEMENT_3D ( 'NONE', #1504, #1518, #813 ) ;
#303 = AXIS2_PLACEMENT_3D ( 'NONE', #1918, #1927, #418 ) ;
#304 = FACE_BOUND ( 'NONE', #901, .T. ) ;
#305 = SURFACE_STYLE_FILL_AREA ( #169 ) ;
#306 = ORIENTED_EDGE ( 'NONE', *, *, #1243, .F. ) ;
#307 = SURFACE_SIDE_STYLE ('',( #1491 ) ) ;
#308 = CARTESIAN_POINT ( 'NONE',  ( 0.09199999999999995681, 4.320000000000000284, -3.500000000000000000 ) ) ;
#309 =( NAMED_UNIT ( * ) SI_UNIT ( $, .STERADIAN. ) SOLID_ANGLE_UNIT ( ) );
#310 = ORIENTED_EDGE ( 'NONE', *, *, #1180, .T. ) ;
#311 = CARTESIAN_POINT ( 'NONE',  ( -6.469999999999999751, -6.670000000000000817, 1.000000000000000888 ) ) ;
#312 = STYLED_ITEM ( 'NONE', ( #140 ), #1567 ) ;
#313 = DIRECTION ( 'NONE',  ( 0.000000000000000000, -0.000000000000000000, -1.000000000000000000 ) ) ;
#314 =( GEOMETRIC_REPRESENTATION_CONTEXT ( 3 ) GLOBAL_UNCERTAINTY_ASSIGNED_CONTEXT ( ( #643 ) ) GLOBAL_UNIT_ASSIGNED_CONTEXT ( ( #1455, #640, #1030 ) ) REPRESENTATION_CONTEXT ( 'NONE', 'WORKASPACE' ) );
#315 = CIRCLE ( 'NONE', #71, 0.6000000000000015321 ) ;
#316 = CIRCLE ( 'NONE', #1833, 3.000000000000000444 ) ;
#317 = ORIENTED_EDGE ( 'NONE', *, *, #1445, .T. ) ;
#318 = CARTESIAN_POINT ( 'NONE',  ( -0.5080000000000000071, -4.320000000000001172, -3.500000000000000000 ) ) ;
#319 = EDGE_LOOP ( 'NONE', ( #1430, #496, #401, #60, #838, #306 ) ) ;
#320 = FACE_OUTER_BOUND ( 'NONE', #1318, .T. ) ;
#321 = EDGE_CURVE ( 'NONE', #1188, #939, #1149, .T. ) ;
#322 = DIRECTION ( 'NONE',  ( -1.000000000000000000, 1.224646799147353207E-16, 0.000000000000000000 ) ) ;
#323 =( NAMED_UNIT ( * ) PLANE_ANGLE_UNIT ( ) SI_UNIT ( $, .RADIAN. ) );
#324 = DIRECTION ( 'NONE',  ( 0.000000000000000000, 0.000000000000000000, 1.000000000000000000 ) ) ;
#325 = CYLINDRICAL_SURFACE ( 'NONE', #537, 3.500000000000000000 ) ;
#326 =( NAMED_UNIT ( * ) SI_UNIT ( $, .STERADIAN. ) SOLID_ANGLE_UNIT ( ) );
#327 = ORIENTED_EDGE ( 'NONE', *, *, #1209, .T. ) ;
#328 = EDGE_LOOP ( 'NONE', ( #1546, #1093, #2118, #327 ) ) ;
#329 = DIRECTION ( 'NONE',  ( 1.000000000000000000, 0.000000000000000000, 0.000000000000000000 ) ) ;
#330 = ADVANCED_FACE ( 'NONE', ( #2070 ), #1109, .F. ) ;
#331 = PRESENTATION_LAYER_ASSIGNMENT (  '', '', ( #1337 ) ) ;
#332 = COLOUR_RGB ( '',1.000000000000000000, 0.5019607843137254832, 0.000000000000000000 ) ;
#333 =( GEOMETRIC_REPRESENTATION_CONTEXT ( 3 ) GLOBAL_UNCERTAINTY_ASSIGNED_CONTEXT ( ( #240 ) ) GLOBAL_UNIT_ASSIGNED_CONTEXT ( ( #1976, #10, #1690 ) ) REPRESENTATION_CONTEXT ( 'NONE', 'WORKASPACE' ) );
#334 = FACE_OUTER_BOUND ( 'NONE', #435, .T. ) ;
#335 =( LENGTH_UNIT ( ) NAMED_UNIT ( * ) SI_UNIT ( .MILLI., .METRE. ) );
#336 =( NAMED_UNIT ( * ) PLANE_ANGLE_UNIT ( ) SI_UNIT ( $, .RADIAN. ) );
#337 = SURFACE_STYLE_USAGE ( .BOTH. , #753 ) ;
#338 = AXIS2_PLACEMENT_3D ( 'NONE', #1215, #1228, #1719 ) ;
#339 = DIRECTION ( 'NONE',  ( -0.6853915202781036831, -0.7281747482101187385, 0.000000000000000000 ) ) ;
#340 =( LENGTH_UNIT ( ) NAMED_UNIT ( * ) SI_UNIT ( .MILLI., .METRE. ) );
#341 = FACE_OUTER_BOUND ( 'NONE', #328, .T. ) ;
#342 = EDGE_LOOP ( 'NONE', ( #2156, #1150, #1644, #244, #1060, #1031 ) ) ;
#343 = DIRECTION ( 'NONE',  ( -1.000000000000000000, 0.000000000000000000, 0.000000000000000000 ) ) ;
#344 = ORIENTED_EDGE ( 'NONE', *, *, #729, .T. ) ;
#345 = SURFACE_STYLE_FILL_AREA ( #691 ) ;
#346 = FILL_AREA_STYLE ('',( #1943 ) ) ;
#347 = EDGE_CURVE ( 'NONE', #933, #931, #943, .T. ) ;
#348 = PRESENTATION_LAYER_ASSIGNMENT (  '', '', ( #1317 ) ) ;
#349 = ADVANCED_FACE ( 'NONE', ( #1741 ), #1157, .T. ) ;
#350 =( NAMED_UNIT ( * ) SI_UNIT ( $, .STERADIAN. ) SOLID_ANGLE_UNIT ( ) );
#351 = COLOUR_RGB ( '',0.9882352941176471006, 1.000000000000000000, 0.9882352941176471006 ) ;
#352 = CARTESIAN_POINT ( 'NONE',  ( 3.000000000000000444, 0.000000000000000000, 11.70000000000000107 ) ) ;
#353 = CARTESIAN_POINT ( 'NONE',  ( -3.000000000000000444, 3.673940397442060361E-16, 11.70000000000000107 ) ) ;
#354 = COLOUR_RGB ( '',1.000000000000000000, 0.5019607843137254832, 0.000000000000000000 ) ;
#355 = FILL_AREA_STYLE ('',( #884 ) ) ;
#356 = DIRECTION ( 'NONE',  ( 0.000000000000000000, 0.000000000000000000, -1.000000000000000000 ) ) ;
#357 = ORIENTED_EDGE ( 'NONE', *, *, #887, .F. ) ;
#358 = COLOUR_RGB ( '',0.9882352941176471006, 1.000000000000000000, 0.9882352941176471006 ) ;
#359 =( NAMED_UNIT ( * ) PLANE_ANGLE_UNIT ( ) SI_UNIT ( $, .RADIAN. ) );
#360 = DIRECTION ( 'NONE',  ( -0.000000000000000000, -0.000000000000000000, -1.000000000000000000 ) ) ;
#361 = ORIENTED_EDGE ( 'NONE', *, *, #1984, .F. ) ;
#362 = DIRECTION ( 'NONE',  ( 0.000000000000000000, 0.000000000000000000, 1.000000000000000000 ) ) ;
#363 = DIRECTION ( 'NONE',  ( -0.000000000000000000, 0.000000000000000000, 1.000000000000000000 ) ) ;
#364 =( GEOMETRIC_REPRESENTATION_CONTEXT ( 3 ) GLOBAL_UNCERTAINTY_ASSIGNED_CONTEXT ( ( #614 ) ) GLOBAL_UNIT_ASSIGNED_CONTEXT ( ( #433, #2096, #2116 ) ) REPRESENTATION_CONTEXT ( 'NONE', 'WORKASPACE' ) );
#365 = FILL_AREA_STYLE ('',( #379 ) ) ;
#366 =( NAMED_UNIT ( * ) SI_UNIT ( $, .STERADIAN. ) SOLID_ANGLE_UNIT ( ) );
#367 = SURFACE_SIDE_STYLE ('',( #890 ) ) ;
#368 = CYLINDRICAL_SURFACE ( 'NONE', #895, 0.6000000000000010880 ) ;
#369 =( NAMED_UNIT ( * ) SI_UNIT ( $, .STERADIAN. ) SOLID_ANGLE_UNIT ( ) );
#370 = EDGE_CURVE ( 'NONE', #70, #1967, #177, .T. ) ;
#371 = FILL_AREA_STYLE ('',( #1077 ) ) ;
#372 =( LENGTH_UNIT ( ) NAMED_UNIT ( * ) SI_UNIT ( .MILLI., .METRE. ) );
#373 = CARTESIAN_POINT ( 'NONE',  ( 4.320000000000000284, 4.320000000000000284, -3.500000000000000000 ) ) ;
#374 = AXIS2_PLACEMENT_3D ( 'NONE', #2139, #460, #1122 ) ;
#375 = ORIENTED_EDGE ( 'NONE', *, *, #1726, .T. ) ;
#376 = CARTESIAN_POINT ( 'NONE',  ( 0.000000000000000000, 0.000000000000000000, 1.000000000000000888 ) ) ;
#377 = DIRECTION ( 'NONE',  ( 1.000000000000000000, 0.000000000000000000, 0.000000000000000000 ) ) ;
#378 = MECHANICAL_DESIGN_GEOMETRIC_PRESENTATION_REPRESENTATION (  '', ( #761 ), #419 ) ;
#379 = FILL_AREA_STYLE_COLOUR ( '', #1681 ) ;
#380 = DIRECTION ( 'NONE',  ( -1.000000000000000000, 0.000000000000000000, 0.000000000000000000 ) ) ;
#381 = MECHANICAL_DESIGN_GEOMETRIC_PRESENTATION_REPRESENTATION (  '', ( #1013 ), #1048 ) ;
#382 = AXIS2_PLACEMENT_3D ( 'NONE', #2084, #1936, #1917 ) ;
#383 = DIRECTION ( 'NONE',  ( 0.000000000000000000, -1.000000000000000000, 0.000000000000000000 ) ) ;
#384 = PRESENTATION_LAYER_ASSIGNMENT (  '', '', ( #229 ) ) ;
#385 = PRESENTATION_STYLE_ASSIGNMENT (( #1040 ) ) ;
#386 = SURFACE_STYLE_USAGE ( .BOTH. , #1241 ) ;
#387 = SURFACE_SIDE_STYLE ('',( #196 ) ) ;
#388 = STYLED_ITEM ( 'NONE', ( #272 ), #576 ) ;
#389 = ADVANCED_FACE ( 'NONE', ( #320 ), #166, .T. ) ;
#390 = MECHANICAL_DESIGN_GEOMETRIC_PRESENTATION_REPRESENTATION (  '', ( #879 ), #2167 ) ;
#391 = EDGE_LOOP ( 'NONE', ( #1687, #1342, #2013, #1987 ) ) ;
#392 = DIRECTION ( 'NONE',  ( 1.000000000000000000, 0.000000000000000000, 0.000000000000000000 ) ) ;
#393 = DIRECTION ( 'NONE',  ( 0.9733135904833517538, -0.2294790939942160102, 0.000000000000000000 ) ) ;
#394 = LINE ( 'NONE', #1718, #1928 ) ;
#395 =( NAMED_UNIT ( * ) PLANE_ANGLE_UNIT ( ) SI_UNIT ( $, .RADIAN. ) );
#396 = STYLED_ITEM ( 'NONE', ( #1065 ), #1604 ) ;
#397 = CARTESIAN_POINT ( 'NONE',  ( -0.5080000000000000071, 4.320000000000000284, -3.500000000000000000 ) ) ;
#398 = STYLED_ITEM ( 'NONE', ( #927 ), #1639 ) ;
#399 = PRESENTATION_LAYER_ASSIGNMENT (  '', '', ( #137 ) ) ;
#400 = CARTESIAN_POINT ( 'NONE',  ( -0.5080000000000000071, -4.320000000000001172, -3.500000000000000000 ) ) ;
#401 = ORIENTED_EDGE ( 'NONE', *, *, #658, .F. ) ;
#402 = ADVANCED_FACE ( 'NONE', ( #1664 ), #679, .F. ) ;
#403 = CARTESIAN_POINT ( 'NONE',  ( 3.100000000000000533, 0.000000000000000000, 11.90000000000000036 ) ) ;
#404 =( NAMED_UNIT ( * ) PLANE_ANGLE_UNIT ( ) SI_UNIT ( $, .RADIAN. ) );
#405 = SURFACE_STYLE_USAGE ( .BOTH. , #567 ) ;
#406 = CARTESIAN_POINT ( 'NONE',  ( 6.469999999999999751, 6.669999999999999929, 1.000000000000000888 ) ) ;
#407 = AXIS2_PLACEMENT_3D ( 'NONE', #1, #363, #1092 ) ;
#408 = CARTESIAN_POINT ( 'NONE',  ( -3.719999999999998863, 4.320000000000000284, -3.500000000000000000 ) ) ;
#409 = CARTESIAN_POINT ( 'NONE',  ( -6.669999999999999929, 6.669999999999999041, 0.000000000000000000 ) ) ;
#410 = FACE_OUTER_BOUND ( 'NONE', #792, .T. ) ;
#411 = ORIENTED_EDGE ( 'NONE', *, *, #589, .T. ) ;
#412 = DIRECTION ( 'NONE',  ( 0.000000000000000000, -1.000000000000000000, 0.000000000000000000 ) ) ;
#413 = EDGE_CURVE ( 'NONE', #1259, #1854, #155, .T. ) ;
#414 = SURFACE_STYLE_FILL_AREA ( #747 ) ;
#415 =( LENGTH_UNIT ( ) NAMED_UNIT ( * ) SI_UNIT ( .MILLI., .METRE. ) );
#416 =( NAMED_UNIT ( * ) SI_UNIT ( $, .STERADIAN. ) SOLID_ANGLE_UNIT ( ) );
#417 = STYLED_ITEM ( 'NONE', ( #539 ), #294 ) ;
#418 = DIRECTION ( 'NONE',  ( 1.000000000000000000, 0.000000000000000000, -0.000000000000000000 ) ) ;
#419 =( GEOMETRIC_REPRESENTATION_CONTEXT ( 3 ) GLOBAL_UNCERTAINTY_ASSIGNED_CONTEXT ( ( #799 ) ) GLOBAL_UNIT_ASSIGNED_CONTEXT ( ( #1200, #1420, #1530 ) ) REPRESENTATION_CONTEXT ( 'NONE', 'WORKASPACE' ) );
#420 = ORIENTED_EDGE ( 'NONE', *, *, #1445, .F. ) ;
#421 = DIRECTION ( 'NONE',  ( -0.000000000000000000, -0.000000000000000000, -1.000000000000000000 ) ) ;
#422 = PRESENTATION_LAYER_ASSIGNMENT (  '', '', ( #526 ) ) ;
#423 = ORIENTED_EDGE ( 'NONE', *, *, #873, .T. ) ;
#424 = STYLED_ITEM ( 'NONE', ( #1590 ), #758 ) ;
#425 = CARTESIAN_POINT ( 'NONE',  ( 3.700000000000000178, 0.000000000000000000, 1.200000000000001510 ) ) ;
#426 = SURFACE_SIDE_STYLE ('',( #414 ) ) ;
#427 = EDGE_CURVE ( 'NONE', #754, #201, #1014, .T. ) ;
#428 = FACE_OUTER_BOUND ( 'NONE', #1409, .T. ) ;
#429 = ADVANCED_FACE ( 'NONE', ( #1023 ), #1258, .T. ) ;
#430 = UNCERTAINTY_MEASURE_WITH_UNIT (LENGTH_MEASURE( 1.000000000000000082E-05 ), #1561, 'distance_accuracy_value', 'NONE');
#431 = ORIENTED_EDGE ( 'NONE', *, *, #200, .F. ) ;
#432 = SURFACE_SIDE_STYLE ('',( #255 ) ) ;
#433 =( LENGTH_UNIT ( ) NAMED_UNIT ( * ) SI_UNIT ( .MILLI., .METRE. ) );
#434 = MECHANICAL_DESIGN_GEOMETRIC_PRESENTATION_REPRESENTATION (  '', ( #632 ), #2140 ) ;
#435 = EDGE_LOOP ( 'NONE', ( #1863, #476, #32, #1119 ) ) ;
#436 = PRESENTATION_LAYER_ASSIGNMENT (  '', '', ( #1391 ) ) ;
#437 =( GEOMETRIC_REPRESENTATION_CONTEXT ( 3 ) GLOBAL_UNCERTAINTY_ASSIGNED_CONTEXT ( ( #1994 ) ) GLOBAL_UNIT_ASSIGNED_CONTEXT ( ( #1823, #323, #1000 ) ) REPRESENTATION_CONTEXT ( 'NONE', 'WORKASPACE' ) );
#438 = PRESENTATION_STYLE_ASSIGNMENT (( #1075 ) ) ;
#439 =( NAMED_UNIT ( * ) PLANE_ANGLE_UNIT ( ) SI_UNIT ( $, .RADIAN. ) );
#440 = DIRECTION ( 'NONE',  ( 1.000000000000000000, 0.000000000000000000, 0.000000000000000000 ) ) ;
#441 = AXIS2_PLACEMENT_3D ( 'NONE', #868, #1207, #187 ) ;
#442 = DIRECTION ( 'NONE',  ( 0.000000000000000000, 0.000000000000000000, 1.000000000000000000 ) ) ;
#443 = EDGE_CURVE ( 'NONE', #503, #1779, #563, .T. ) ;
#444 = DIRECTION ( 'NONE',  ( -0.000000000000000000, 0.000000000000000000, 1.000000000000000000 ) ) ;
#445 = DIRECTION ( 'NONE',  ( 1.224646799147353207E-16, 1.000000000000000000, -0.000000000000000000 ) ) ;
#446 = SURFACE_STYLE_FILL_AREA ( #1770 ) ;
#447 = ORIENTED_EDGE ( 'NONE', *, *, #370, .T. ) ;
#448 = CIRCLE ( 'NONE', #74, 0.6000000000000000888 ) ;
#449 = CARTESIAN_POINT ( 'NONE',  ( 4.320000000000000284, -4.320000000000000284, -3.500000000000000000 ) ) ;
#450 = CIRCLE ( 'NONE', #833, 3.000000000000000444 ) ;
#451 = AXIS2_PLACEMENT_3D ( 'NONE', #1977, #1834, #392 ) ;
#452 = VERTEX_POINT ( 'NONE', #1583 ) ;
#453 = CARTESIAN_POINT ( 'NONE',  ( -4.320000000000000284, 4.320000000000000284, -3.500000000000000000 ) ) ;
#454 = CARTESIAN_POINT ( 'NONE',  ( 0.000000000000000000, 0.000000000000000000, 11.50000000000000000 ) ) ;
#455 = MECHANICAL_DESIGN_GEOMETRIC_PRESENTATION_REPRESENTATION (  '', ( #1413 ), #1516 ) ;
#456 =( NAMED_UNIT ( * ) PLANE_ANGLE_UNIT ( ) SI_UNIT ( $, .RADIAN. ) );
#457 =( GEOMETRIC_REPRESENTATION_CONTEXT ( 3 ) GLOBAL_UNCERTAINTY_ASSIGNED_CONTEXT ( ( #1739 ) ) GLOBAL_UNIT_ASSIGNED_CONTEXT ( ( #1700, #1653, #1377 ) ) REPRESENTATION_CONTEXT ( 'NONE', 'WORKASPACE' ) );
#458 = ORIENTED_EDGE ( 'NONE', *, *, #2174, .F. ) ;
#459 = AXIS2_PLACEMENT_3D ( 'NONE', #65, #253, #2111 ) ;
#460 = DIRECTION ( 'NONE',  ( 0.000000000000000000, 0.000000000000000000, -1.000000000000000000 ) ) ;
#461 = DIRECTION ( 'NONE',  ( 1.000000000000000000, 0.000000000000000000, 0.000000000000000000 ) ) ;
#462 = FACE_BOUND ( 'NONE', #319, .T. ) ;
#463 = CARTESIAN_POINT ( 'NONE',  ( -3.700000000000000178, 4.531193156845206201E-16, 1.200000000000001510 ) ) ;
#464 = CYLINDRICAL_SURFACE ( 'NONE', #1921, 0.5999999999999999778 ) ;
#465 =( LENGTH_UNIT ( ) NAMED_UNIT ( * ) SI_UNIT ( .MILLI., .METRE. ) );
#466 =( GEOMETRIC_REPRESENTATION_CONTEXT ( 3 ) GLOBAL_UNCERTAINTY_ASSIGNED_CONTEXT ( ( #1310 ) ) GLOBAL_UNIT_ASSIGNED_CONTEXT ( ( #465, #456, #781 ) ) REPRESENTATION_CONTEXT ( 'NONE', 'WORKASPACE' ) );
#467 = EDGE_CURVE ( 'NONE', #2169, #1259, #734, .T. ) ;
#468 = DIRECTION ( 'NONE',  ( 0.000000000000000000, -0.000000000000000000, -1.000000000000000000 ) ) ;
#469 = ORIENTED_EDGE ( 'NONE', *, *, #1323, .F. ) ;
#470 = CIRCLE ( 'NONE', #2081, 0.5999999999999998668 ) ;
#471 = DIRECTION ( 'NONE',  ( 1.000000000000000000, 0.000000000000000000, 0.000000000000000000 ) ) ;
#472 = PRESENTATION_STYLE_ASSIGNMENT (( #1759 ) ) ;
#473 =( LENGTH_UNIT ( ) NAMED_UNIT ( * ) SI_UNIT ( .MILLI., .METRE. ) );
#474 = DIRECTION ( 'NONE',  ( -0.000000000000000000, -0.000000000000000000, 1.000000000000000000 ) ) ;
#475 = EDGE_LOOP ( 'NONE', ( #1920, #827, #980, #1890 ) ) ;
#476 = ORIENTED_EDGE ( 'NONE', *, *, #1751, .F. ) ;
#477 =( LENGTH_UNIT ( ) NAMED_UNIT ( * ) SI_UNIT ( .MILLI., .METRE. ) );
#478 = FILL_AREA_STYLE ('',( #1647 ) ) ;
#479 = SURFACE_STYLE_USAGE ( .BOTH. , #2172 ) ;
#480 = EDGE_LOOP ( 'NONE', ( #834, #34, #1033, #484 ) ) ;
#481 = CARTESIAN_POINT ( 'NONE',  ( -6.669999999999999929, 6.469999999999998863, 1.000000000000000888 ) ) ;
#482 = DIRECTION ( 'NONE',  ( -0.000000000000000000, -0.000000000000000000, 1.000000000000000000 ) ) ;
#483 = EDGE_LOOP ( 'NONE', ( #1133, #1202 ) ) ;
#484 = ORIENTED_EDGE ( 'NONE', *, *, #2015, .T. ) ;
#485 = DIRECTION ( 'NONE',  ( 1.000000000000000000, 0.000000000000000000, 0.000000000000000000 ) ) ;
#486 = MECHANICAL_DESIGN_GEOMETRIC_PRESENTATION_REPRESENTATION (  '', ( #620 ), #2120 ) ;
#487 = CARTESIAN_POINT ( 'NONE',  ( -6.669999999999999929, 6.669999999999999041, 0.8000000000000003775 ) ) ;
#488 = DIRECTION ( 'NONE',  ( 0.000000000000000000, 0.000000000000000000, -1.000000000000000000 ) ) ;
#489 = PRESENTATION_LAYER_ASSIGNMENT (  '', '', ( #559 ) ) ;
#490 = PRESENTATION_STYLE_ASSIGNMENT (( #1005 ) ) ;
#491 = EDGE_CURVE ( 'NONE', #584, #2005, #58, .T. ) ;
#492 = ORIENTED_EDGE ( 'NONE', *, *, #815, .T. ) ;
#493 = SURFACE_STYLE_USAGE ( .BOTH. , #1541 ) ;
#494 = SURFACE_STYLE_FILL_AREA ( #836 ) ;
#495 = CARTESIAN_POINT ( 'NONE',  ( 3.299999999999999822, 0.000000000000000000, 11.79999999999999893 ) ) ;
#496 = ORIENTED_EDGE ( 'NONE', *, *, #1367, .F. ) ;
#497 = ORIENTED_EDGE ( 'NONE', *, *, #1212, .F. ) ;
#498 = VECTOR ( 'NONE', #825, 1000.000000000000000 ) ;
#499 = DIRECTION ( 'NONE',  ( -1.000000000000000000, 0.000000000000000000, -0.000000000000000000 ) ) ;
#500 = STYLED_ITEM ( 'NONE', ( #1056 ), #1856 ) ;
#501 = DIRECTION ( 'NONE',  ( -0.000000000000000000, 0.000000000000000000, 1.000000000000000000 ) ) ;
#502 = MECHANICAL_DESIGN_GEOMETRIC_PRESENTATION_REPRESENTATION (  '', ( #1395 ), #782 ) ;
#503 = VERTEX_POINT ( 'NONE', #33 ) ;
#504 = FACE_OUTER_BOUND ( 'NONE', #1002, .T. ) ;
#505 = UNCERTAINTY_MEASURE_WITH_UNIT (LENGTH_MEASURE( 1.000000000000000082E-05 ), #1401, 'distance_accuracy_value', 'NONE');
#506 = ORIENTED_EDGE ( 'NONE', *, *, #491, .T. ) ;
#507 = ADVANCED_FACE ( 'NONE', ( #410 ), #1410, .T. ) ;
#508 = EDGE_LOOP ( 'NONE', ( #1179, #111, #1663, #1543 ) ) ;
#509 = SURFACE_STYLE_USAGE ( .BOTH. , #1524 ) ;
#510 = CARTESIAN_POINT ( 'NONE',  ( -6.669999999999999929, 6.669999999999999041, 0.8000000000000003775 ) ) ;
#511 = SURFACE_STYLE_USAGE ( .BOTH. , #1222 ) ;
#512 = LINE ( 'NONE', #670, #2063 ) ;
#513 = CARTESIAN_POINT ( 'NONE',  ( 0.000000000000000000, 0.000000000000000000, 1.200000000000001510 ) ) ;
#514 = CARTESIAN_POINT ( 'NONE',  ( -0.3989565233727216942, 1.326964088609166037, 11.50000000000000000 ) ) ;
#515 = CARTESIAN_POINT ( 'NONE',  ( -6.469999999999999751, 6.469999999999998863, 1.000000000000000888 ) ) ;
#516 = CARTESIAN_POINT ( 'NONE',  ( 6.587157287525381655, -6.587157287525382543, 1.000000000000000888 ) ) ;
#517 = ORIENTED_EDGE ( 'NONE', *, *, #257, .T. ) ;
#518 = ORIENTED_EDGE ( 'NONE', *, *, #427, .T. ) ;
#519 = DIRECTION ( 'NONE',  ( -0.000000000000000000, -0.000000000000000000, 1.000000000000000000 ) ) ;
#520 = EDGE_CURVE ( 'NONE', #594, #622, #877, .T. ) ;
#521 = ORIENTED_EDGE ( 'NONE', *, *, #347, .F. ) ;
#522 = LINE ( 'NONE', #855, #49 ) ;
#523 = VECTOR ( 'NONE', #590, 1000.000000000000000 ) ;
#524 = EDGE_CURVE ( 'NONE', #2180, #853, #575, .T. ) ;
#525 = FACE_OUTER_BOUND ( 'NONE', #565, .T. ) ;
#526 = STYLED_ITEM ( 'NONE', ( #1824 ), #598 ) ;
#527 = SURFACE_STYLE_USAGE ( .BOTH. , #367 ) ;
#528 = COLOUR_RGB ( '',1.000000000000000000, 0.5019607843137254832, 0.000000000000000000 ) ;
#529 =( NAMED_UNIT ( * ) PLANE_ANGLE_UNIT ( ) SI_UNIT ( $, .RADIAN. ) );
#530 =( NAMED_UNIT ( * ) SI_UNIT ( $, .STERADIAN. ) SOLID_ANGLE_UNIT ( ) );
#531 = SURFACE_SIDE_STYLE ('',( #686 ) ) ;
#532 = ORIENTED_EDGE ( 'NONE', *, *, #1039, .F. ) ;
#533 = ORIENTED_EDGE ( 'NONE', *, *, #1160, .F. ) ;
#534 = FILL_AREA_STYLE_COLOUR ( '', #298 ) ;
#535 = EDGE_CURVE ( 'NONE', #2006, #165, #23, .T. ) ;
#536 =( LENGTH_UNIT ( ) NAMED_UNIT ( * ) SI_UNIT ( .MILLI., .METRE. ) );
#537 = AXIS2_PLACEMENT_3D ( 'NONE', #19, #740, #722 ) ;
#538 = DIRECTION ( 'NONE',  ( -0.000000000000000000, -0.000000000000000000, 1.000000000000000000 ) ) ;
#539 = PRESENTATION_STYLE_ASSIGNMENT (( #337 ) ) ;
#540 = SURFACE_STYLE_USAGE ( .BOTH. , #721 ) ;
#541 = DIRECTION ( 'NONE',  ( -0.000000000000000000, -0.000000000000000000, 1.000000000000000000 ) ) ;
#542 = COLOUR_RGB ( '',1.000000000000000000, 0.5019607843137254832, 0.000000000000000000 ) ;
#543 = DIRECTION ( 'NONE',  ( -0.7281747482101187385, 0.6853915202781036831, 0.000000000000000000 ) ) ;
#544 = SURFACE_STYLE_USAGE ( .BOTH. , #1399 ) ;
#545 = VERTEX_POINT ( 'NONE', #1780 ) ;
#546 = PLANE ( 'NONE',  #407 ) ;
#547 = DIRECTION ( 'NONE',  ( 1.000000000000000000, 0.000000000000000000, 0.000000000000000000 ) ) ;
#548 = EDGE_CURVE ( 'NONE', #1629, #1910, #947, .T. ) ;
#549 = EDGE_LOOP ( 'NONE', ( #2073, #794, #1674, #1887 ) ) ;
#550 = LINE ( 'NONE', #716, #1175 ) ;
#551 = CIRCLE ( 'NONE', #382, 0.6000000000000010880 ) ;
#552 = SURFACE_STYLE_FILL_AREA ( #2049 ) ;
#553 = FILL_AREA_STYLE_COLOUR ( '', #554 ) ;
#554 = COLOUR_RGB ( '',0.8941176470588234615, 0.8941176470588234615, 0.8941176470588234615 ) ;
#555 = STYLED_ITEM ( 'NONE', ( #1003 ), #389 ) ;
#556 = DIRECTION ( 'NONE',  ( -0.000000000000000000, -0.000000000000000000, 1.000000000000000000 ) ) ;
#557 = DIRECTION ( 'NONE',  ( 0.000000000000000000, -0.000000000000000000, -1.000000000000000000 ) ) ;
#558 =( NAMED_UNIT ( * ) PLANE_ANGLE_UNIT ( ) SI_UNIT ( $, .RADIAN. ) );
#559 = STYLED_ITEM ( 'NONE', ( #490 ), #919 ) ;
#560 = EDGE_LOOP ( 'NONE', ( #1764, #702 ) ) ;
#561 = EDGE_CURVE ( 'NONE', #1945, #1843, #1305, .T. ) ;
#562 = PRESENTATION_LAYER_ASSIGNMENT (  '', '', ( #760 ) ) ;
#563 = LINE ( 'NONE', #1575, #1414 ) ;
#564 = CARTESIAN_POINT ( 'NONE',  ( 0.3989565233727216942, -1.326964088609165371, 0.9999999999999991118 ) ) ;
#565 = EDGE_LOOP ( 'NONE', ( #233, #828, #1651, #2089 ) ) ;
#566 =( LENGTH_UNIT ( ) NAMED_UNIT ( * ) SI_UNIT ( .MILLI., .METRE. ) );
#567 = SURFACE_SIDE_STYLE ('',( #728 ) ) ;
#568 =( LENGTH_UNIT ( ) NAMED_UNIT ( * ) SI_UNIT ( .MILLI., .METRE. ) );
#569 =( GEOMETRIC_REPRESENTATION_CONTEXT ( 3 ) GLOBAL_UNCERTAINTY_ASSIGNED_CONTEXT ( ( #1773 ) ) GLOBAL_UNIT_ASSIGNED_CONTEXT ( ( #372, #1216, #195 ) ) REPRESENTATION_CONTEXT ( 'NONE', 'WORKASPACE' ) );
#570 = DIRECTION ( 'NONE',  ( -0.000000000000000000, -0.000000000000000000, 1.000000000000000000 ) ) ;
#571 = AXIS2_PLACEMENT_3D ( 'NONE', #837, #1520, #1365 ) ;
#572 = EDGE_LOOP ( 'NONE', ( #1001, #757, #2012, #2062 ) ) ;
#573 = COLOUR_RGB ( '',1.000000000000000000, 0.5019607843137254832, 0.000000000000000000 ) ;
#574 = EDGE_LOOP ( 'NONE', ( #1814, #506, #517, #1135 ) ) ;
#575 = LINE ( 'NONE', #1740, #2099 ) ;
#576 = ADVANCED_FACE ( 'NONE', ( #1440 ), #932, .T. ) ;
#577 = VERTEX_POINT ( 'NONE', #755 ) ;
#578 = DIRECTION ( 'NONE',  ( -1.000000000000000000, 0.000000000000000000, 0.000000000000000000 ) ) ;
#579 = PRESENTATION_LAYER_ASSIGNMENT (  '', '', ( #1633 ) ) ;
#580 = FILL_AREA_STYLE_COLOUR ( '', #234 ) ;
#581 = FILL_AREA_STYLE ('',( #1407 ) ) ;
#582 = DIRECTION ( 'NONE',  ( 0.000000000000000000, 0.000000000000000000, 1.000000000000000000 ) ) ;
#583 = UNCERTAINTY_MEASURE_WITH_UNIT (LENGTH_MEASURE( 1.000000000000000082E-05 ), #1654, 'distance_accuracy_value', 'NONE');
#584 = VERTEX_POINT ( 'NONE', #283 ) ;
#585 = FILL_AREA_STYLE ('',( #1388 ) ) ;
#586 = CIRCLE ( 'NONE', #1875, 0.5999999999999998668 ) ;
#587 = ORIENTED_EDGE ( 'NONE', *, *, #265, .F. ) ;
#588 = ADVANCED_FACE ( 'NONE', ( #595 ), #801, .T. ) ;
#589 = EDGE_CURVE ( 'NONE', #1975, #1611, #21, .T. ) ;
#590 = DIRECTION ( 'NONE',  ( 0.000000000000000000, 1.000000000000000000, -0.000000000000000000 ) ) ;
#591 = COLOUR_RGB ( '',0.9882352941176471006, 1.000000000000000000, 0.9882352941176471006 ) ;
#592 = SURFACE_SIDE_STYLE ('',( #237 ) ) ;
#593 =( GEOMETRIC_REPRESENTATION_CONTEXT ( 3 ) GLOBAL_UNCERTAINTY_ASSIGNED_CONTEXT ( ( #2134 ) ) GLOBAL_UNIT_ASSIGNED_CONTEXT ( ( #199, #359, #1067 ) ) REPRESENTATION_CONTEXT ( 'NONE', 'WORKASPACE' ) );
#594 = VERTEX_POINT ( 'NONE', #1104 ) ;
#595 = FACE_OUTER_BOUND ( 'NONE', #1952, .T. ) ;
#596 = DIRECTION ( 'NONE',  ( 0.2879220702052478487, -0.9576538422043344712, 0.000000000000000000 ) ) ;
#597 = STYLED_ITEM ( 'NONE', ( #1028 ), #689 ) ;
#598 = ADVANCED_FACE ( 'NONE', ( #1115 ), #125, .T. ) ;
#599 =( NAMED_UNIT ( * ) PLANE_ANGLE_UNIT ( ) SI_UNIT ( $, .RADIAN. ) );
#600 = PLANE ( 'NONE',  #303 ) ;
#601 = FACE_OUTER_BOUND ( 'NONE', #2077, .T. ) ;
#602 = UNCERTAINTY_MEASURE_WITH_UNIT (LENGTH_MEASURE( 1.000000000000000082E-05 ), #1617, 'distance_accuracy_value', 'NONE');
#603 = CIRCLE ( 'NONE', #1723, 0.5999999999999998668 ) ;
#604 = DIRECTION ( 'NONE',  ( 0.000000000000000000, 0.000000000000000000, 1.000000000000000000 ) ) ;
#605 = PRESENTATION_LAYER_ASSIGNMENT (  '', '', ( #1725 ) ) ;
#606 = COLOUR_RGB ( '',1.000000000000000000, 0.5019607843137254832, 0.000000000000000000 ) ;
#607 = SURFACE_STYLE_USAGE ( .BOTH. , #1446 ) ;
#608 = SURFACE_SIDE_STYLE ('',( #1460 ) ) ;
#609 = VECTOR ( 'NONE', #1679, 1000.000000000000114 ) ;
#610 = DIRECTION ( 'NONE',  ( -1.000000000000000000, 1.224646799147350742E-16, 0.000000000000000000 ) ) ;
#611 = CARTESIAN_POINT ( 'NONE',  ( 0.000000000000000000, 0.000000000000000000, 11.90000000000000036 ) ) ;
#612 = DIRECTION ( 'NONE',  ( 0.000000000000000000, 0.000000000000000000, -1.000000000000000000 ) ) ;
#613 = ORIENTED_EDGE ( 'NONE', *, *, #68, .F. ) ;
#614 = UNCERTAINTY_MEASURE_WITH_UNIT (LENGTH_MEASURE( 1.000000000000000082E-05 ), #433, 'distance_accuracy_value', 'NONE');
#615 = CYLINDRICAL_SURFACE ( 'NONE', #998, 0.6000000000000010880 ) ;
#616 = AXIS2_PLACEMENT_3D ( 'NONE', #403, #1262, #2065 ) ;
#617 = FILL_AREA_STYLE_COLOUR ( '', #606 ) ;
#618 =( NAMED_UNIT ( * ) PLANE_ANGLE_UNIT ( ) SI_UNIT ( $, .RADIAN. ) );
#619 = SURFACE_STYLE_USAGE ( .BOTH. , #1471 ) ;
#620 = STYLED_ITEM ( 'NONE', ( #103 ), #1043 ) ;
#621 = FILL_AREA_STYLE_COLOUR ( '', #1493 ) ;
#622 = VERTEX_POINT ( 'NONE', #260 ) ;
#623 = EDGE_CURVE ( 'NONE', #2169, #1178, #1151, .T. ) ;
#624 = STYLED_ITEM ( 'NONE', ( #1126 ), #772 ) ;
#625 = FILL_AREA_STYLE_COLOUR ( '', #2179 ) ;
#626 = LINE ( 'NONE', #1171, #733 ) ;
#627 = DIRECTION ( 'NONE',  ( 1.000000000000000000, 0.000000000000000000, -0.000000000000000000 ) ) ;
#628 = EDGE_LOOP ( 'NONE', ( #114, #923 ) ) ;
#629 = DIRECTION ( 'NONE',  ( -1.000000000000000000, 0.000000000000000000, -0.000000000000000000 ) ) ;
#630 = SURFACE_STYLE_FILL_AREA ( #2146 ) ;
#631 = EDGE_LOOP ( 'NONE', ( #198, #867, #922, #154 ) ) ;
#632 = STYLED_ITEM ( 'NONE', ( #1385 ), #1589 ) ;
#633 = ADVANCED_FACE ( 'NONE', ( #1694 ), #835, .F. ) ;
#634 = LINE ( 'NONE', #1645, #1706 ) ;
#635 =( NAMED_UNIT ( * ) PLANE_ANGLE_UNIT ( ) SI_UNIT ( $, .RADIAN. ) );
#636 = SURFACE_STYLE_USAGE ( .BOTH. , #1113 ) ;
#637 = ORIENTED_EDGE ( 'NONE', *, *, #1749, .F. ) ;
#638 =( NAMED_UNIT ( * ) SI_UNIT ( $, .STERADIAN. ) SOLID_ANGLE_UNIT ( ) );
#639 = LINE ( 'NONE', #1973, #2107 ) ;
#640 =( NAMED_UNIT ( * ) PLANE_ANGLE_UNIT ( ) SI_UNIT ( $, .RADIAN. ) );
#641 = VERTEX_POINT ( 'NONE', #1319 ) ;
#642 = SURFACE_SIDE_STYLE ('',( #345 ) ) ;
#643 = UNCERTAINTY_MEASURE_WITH_UNIT (LENGTH_MEASURE( 1.000000000000000082E-05 ), #1455, 'distance_accuracy_value', 'NONE');
#644 = LINE ( 'NONE', #1499, #292 ) ;
#645 = EDGE_CURVE ( 'NONE', #805, #1494, #1962, .T. ) ;
#646 = CARTESIAN_POINT ( 'NONE',  ( 0.000000000000000000, 0.000000000000000000, 1.000000000000000888 ) ) ;
#647 =( GEOMETRIC_REPRESENTATION_CONTEXT ( 3 ) GLOBAL_UNCERTAINTY_ASSIGNED_CONTEXT ( ( #2072 ) ) GLOBAL_UNIT_ASSIGNED_CONTEXT ( ( #1223, #203, #1577 ) ) REPRESENTATION_CONTEXT ( 'NONE', 'WORKASPACE' ) );
#648 = ORIENTED_EDGE ( 'NONE', *, *, #589, .F. ) ;
#649 = CARTESIAN_POINT ( 'NONE',  ( -4.920000000000001705, -4.320000000000000284, 0.000000000000000000 ) ) ;
#650 = CARTESIAN_POINT ( 'NONE',  ( 3.299999999999999822, 0.000000000000000000, 12.00000000000000000 ) ) ;
#651 = ORIENTED_EDGE ( 'NONE', *, *, #443, .F. ) ;
#652 = VERTEX_POINT ( 'NONE', #649 ) ;
#653 = MECHANICAL_DESIGN_GEOMETRIC_PRESENTATION_REPRESENTATION (  '', ( #555 ), #333 ) ;
#654 = AXIS2_PLACEMENT_3D ( 'NONE', #564, #1900, #1865 ) ;
#655 = CARTESIAN_POINT ( 'NONE',  ( -6.669999999999999929, -6.670000000000000817, 0.8000000000000009326 ) ) ;
#656 =( GEOMETRIC_REPRESENTATION_CONTEXT ( 3 ) GLOBAL_UNCERTAINTY_ASSIGNED_CONTEXT ( ( #67 ) ) GLOBAL_UNIT_ASSIGNED_CONTEXT ( ( #1464, #97, #778 ) ) REPRESENTATION_CONTEXT ( 'NONE', 'WORKASPACE' ) );
#657 = DIRECTION ( 'NONE',  ( 0.000000000000000000, -0.000000000000000000, -1.000000000000000000 ) ) ;
#658 = EDGE_CURVE ( 'NONE', #1080, #1015, #2175, .T. ) ;
#659 = FACE_OUTER_BOUND ( 'NONE', #1720, .T. ) ;
#660 = ORIENTED_EDGE ( 'NONE', *, *, #729, .F. ) ;
#661 = DIRECTION ( 'NONE',  ( 1.000000000000000000, 0.000000000000000000, 0.000000000000000000 ) ) ;
#662 = FACE_OUTER_BOUND ( 'NONE', #1699, .T. ) ;
#663 = DIRECTION ( 'NONE',  ( 0.000000000000000000, -1.000000000000000000, 0.000000000000000000 ) ) ;
#664 = ORIENTED_EDGE ( 'NONE', *, *, #1107, .T. ) ;
#665 = SURFACE_STYLE_FILL_AREA ( #143 ) ;
#666 = MECHANICAL_DESIGN_GEOMETRIC_PRESENTATION_REPRESENTATION (  '', ( #312 ), #704 ) ;
#667 = PLANE ( 'NONE',  #441 ) ;
#668 =( GEOMETRIC_REPRESENTATION_CONTEXT ( 3 ) GLOBAL_UNCERTAINTY_ASSIGNED_CONTEXT ( ( #101 ) ) GLOBAL_UNIT_ASSIGNED_CONTEXT ( ( #1599, #1088, #309 ) ) REPRESENTATION_CONTEXT ( 'NONE', 'WORKASPACE' ) );
#669 = CARTESIAN_POINT ( 'NONE',  ( 6.669999999999999929, -6.669999999999999929, 0.8000000000000009326 ) ) ;
#670 = CARTESIAN_POINT ( 'NONE',  ( 6.669999999999999929, 6.669999999999999041, 0.8000000000000009326 ) ) ;
#671 = CYLINDRICAL_SURFACE ( 'NONE', #1214, 0.5999999999999998668 ) ;
#672 =( GEOMETRIC_REPRESENTATION_CONTEXT ( 3 ) GLOBAL_UNCERTAINTY_ASSIGNED_CONTEXT ( ( #1677 ) ) GLOBAL_UNIT_ASSIGNED_CONTEXT ( ( #720, #705, #2029 ) ) REPRESENTATION_CONTEXT ( 'NONE', 'WORKASPACE' ) );
#673 = EDGE_CURVE ( 'NONE', #1045, #1840, #264, .T. ) ;
#674 = PRESENTATION_STYLE_ASSIGNMENT (( #1531 ) ) ;
#675 = SURFACE_SIDE_STYLE ('',( #1627 ) ) ;
#676 = CARTESIAN_POINT ( 'NONE',  ( 0.000000000000000000, 0.000000000000000000, 1.200000000000001510 ) ) ;
#677 = ORIENTED_EDGE ( 'NONE', *, *, #1349, .F. ) ;
#678 = EDGE_CURVE ( 'NONE', #714, #1507, #1556, .T. ) ;
#679 = PLANE ( 'NONE',  #92 ) ;
#680 = ORIENTED_EDGE ( 'NONE', *, *, #645, .F. ) ;
#681 =( NAMED_UNIT ( * ) PLANE_ANGLE_UNIT ( ) SI_UNIT ( $, .RADIAN. ) );
#682 = DIRECTION ( 'NONE',  ( 1.000000000000000000, 0.000000000000000000, 0.000000000000000000 ) ) ;
#683 = FILL_AREA_STYLE ('',( #553 ) ) ;
#684 =( NAMED_UNIT ( * ) PLANE_ANGLE_UNIT ( ) SI_UNIT ( $, .RADIAN. ) );
#685 = FILL_AREA_STYLE_COLOUR ( '', #1595 ) ;
#686 = SURFACE_STYLE_FILL_AREA ( #1542 ) ;
#687 = ORIENTED_EDGE ( 'NONE', *, *, #658, .T. ) ;
#688 = PRESENTATION_STYLE_ASSIGNMENT (( #1191 ) ) ;
#689 = ADVANCED_FACE ( 'NONE', ( #504 ), #1684, .T. ) ;
#690 = EDGE_LOOP ( 'NONE', ( #966, #1783, #1603, #1691 ) ) ;
#691 = FILL_AREA_STYLE ('',( #534 ) ) ;
#692 = MECHANICAL_DESIGN_GEOMETRIC_PRESENTATION_REPRESENTATION (  '', ( #417 ), #1809 ) ;
#693 = COLOUR_RGB ( '',0.9882352941176471006, 1.000000000000000000, 0.9882352941176471006 ) ;
#694 = AXIS2_PLACEMENT_3D ( 'NONE', #1054, #2054, #2042 ) ;
#695 =( NAMED_UNIT ( * ) SI_UNIT ( $, .STERADIAN. ) SOLID_ANGLE_UNIT ( ) );
#696 = DIRECTION ( 'NONE',  ( 1.000000000000000000, 0.000000000000000000, 0.000000000000000000 ) ) ;
#697 = PRESENTATION_LAYER_ASSIGNMENT (  '', '', ( #424 ) ) ;
#698 = DIRECTION ( 'NONE',  ( 1.000000000000000000, 0.000000000000000000, 0.000000000000000000 ) ) ;
#699 = FILL_AREA_STYLE_COLOUR ( '', #69 ) ;
#700 = FILL_AREA_STYLE_COLOUR ( '', #2079 ) ;
#701 = CARTESIAN_POINT ( 'NONE',  ( -3.719999999999998863, -4.320000000000000284, -3.500000000000000000 ) ) ;
#702 = ORIENTED_EDGE ( 'NONE', *, *, #68, .T. ) ;
#703 = CARTESIAN_POINT ( 'NONE',  ( -0.9497063489588407625, -1.008988528550880392, 0.9999999999999991118 ) ) ;
#704 =( GEOMETRIC_REPRESENTATION_CONTEXT ( 3 ) GLOBAL_UNCERTAINTY_ASSIGNED_CONTEXT ( ( #1145 ) ) GLOBAL_UNIT_ASSIGNED_CONTEXT ( ( #340, #2155, #530 ) ) REPRESENTATION_CONTEXT ( 'NONE', 'WORKASPACE' ) );
#705 =( NAMED_UNIT ( * ) PLANE_ANGLE_UNIT ( ) SI_UNIT ( $, .RADIAN. ) );
#706 = VECTOR ( 'NONE', #474, 1000.000000000000000 ) ;
#707 = CARTESIAN_POINT ( 'NONE',  ( 0.000000000000000000, 0.000000000000000000, 11.50000000000000000 ) ) ;
#708 = AXIS2_PLACEMENT_3D ( 'NONE', #513, #501, #1704 ) ;
#709 =( NAMED_UNIT ( * ) SI_UNIT ( $, .STERADIAN. ) SOLID_ANGLE_UNIT ( ) );
#710 = ORIENTED_EDGE ( 'NONE', *, *, #1403, .F. ) ;
#711 = CIRCLE ( 'NONE', #1289, 0.2000000000000000944 ) ;
#712 = FILL_AREA_STYLE_COLOUR ( '', #693 ) ;
#713 = CIRCLE ( 'NONE', #1929, 0.09999999999999982514 ) ;
#714 = VERTEX_POINT ( 'NONE', #352 ) ;
#715 = PRODUCT_DEFINITION_SHAPE ( 'NONE', 'NONE',  #214 ) ;
#716 = CARTESIAN_POINT ( 'NONE',  ( 6.669999999999999929, -6.670000000000000817, 12.00000000000000000 ) ) ;
#717 = STYLED_ITEM ( 'NONE', ( #12 ), #1296 ) ;
#718 =( LENGTH_UNIT ( ) NAMED_UNIT ( * ) SI_UNIT ( .MILLI., .METRE. ) );
#719 = EDGE_CURVE ( 'NONE', #545, #7, #871, .T. ) ;
#720 =( LENGTH_UNIT ( ) NAMED_UNIT ( * ) SI_UNIT ( .MILLI., .METRE. ) );
#721 = SURFACE_SIDE_STYLE ('',( #1384 ) ) ;
#722 = DIRECTION ( 'NONE',  ( -1.000000000000000000, 0.000000000000000000, 0.000000000000000000 ) ) ;
#723 = ORIENTED_EDGE ( 'NONE', *, *, #2174, .T. ) ;
#724 = CIRCLE ( 'NONE', #2052, 3.100000000000000533 ) ;
#725 = STYLED_ITEM ( 'NONE', ( #1785 ), #236 ) ;
#726 = DIRECTION ( 'NONE',  ( -0.000000000000000000, 0.000000000000000000, 1.000000000000000000 ) ) ;
#727 = COLOUR_RGB ( '',1.000000000000000000, 0.5019607843137254832, 0.000000000000000000 ) ;
#728 = SURFACE_STYLE_FILL_AREA ( #48 ) ;
#729 = EDGE_CURVE ( 'NONE', #165, #652, #981, .T. ) ;
#730 = SURFACE_SIDE_STYLE ('',( #907 ) ) ;
#731 = CARTESIAN_POINT ( 'NONE',  ( 3.720000000000000195, 4.320000000000000284, -3.500000000000000000 ) ) ;
#732 = SURFACE_STYLE_USAGE ( .BOTH. , #1408 ) ;
#733 = VECTOR ( 'NONE', #293, 1000.000000000000227 ) ;
#734 = LINE ( 'NONE', #1246, #1339 ) ;
#735 = ORIENTED_EDGE ( 'NONE', *, *, #1442, .F. ) ;
#736 = CYLINDRICAL_SURFACE ( 'NONE', #1845, 3.500000000000000000 ) ;
#737 = DIRECTION ( 'NONE',  ( 1.000000000000000000, 0.000000000000000000, 0.000000000000000000 ) ) ;
#738 = TOROIDAL_SURFACE ( 'NONE', #1862, 3.100000000000000533, 0.1000000000000000056 ) ;
#739 = CARTESIAN_POINT ( 'NONE',  ( 6.469999999999999751, 6.469999999999998863, 1.000000000000000888 ) ) ;
#740 = DIRECTION ( 'NONE',  ( -0.000000000000000000, -0.000000000000000000, -1.000000000000000000 ) ) ;
#741 = ADVANCED_FACE ( 'NONE', ( #2030 ), #1738, .T. ) ;
#742 = AXIS2_PLACEMENT_3D ( 'NONE', #870, #1326, #1006 ) ;
#743 = VERTEX_POINT ( 'NONE', #893 ) ;
#744 = VERTEX_POINT ( 'NONE', #227 ) ;
#745 = EDGE_CURVE ( 'NONE', #275, #1188, #41, .T. ) ;
#746 = MECHANICAL_DESIGN_GEOMETRIC_PRESENTATION_REPRESENTATION (  '', ( #934 ), #106 ) ;
#747 = FILL_AREA_STYLE ('',( #773 ) ) ;
#748 =( LENGTH_UNIT ( ) NAMED_UNIT ( * ) SI_UNIT ( .MILLI., .METRE. ) );
#749 = DIRECTION ( 'NONE',  ( 1.000000000000000000, 0.000000000000000000, 0.000000000000000000 ) ) ;
#750 = AXIS2_PLACEMENT_3D ( 'NONE', #1036, #1050, #1557 ) ;
#751 = DIRECTION ( 'NONE',  ( -0.000000000000000000, 1.000000000000000000, -0.000000000000000000 ) ) ;
#752 = FACE_OUTER_BOUND ( 'NONE', #1231, .T. ) ;
#753 = SURFACE_SIDE_STYLE ('',( #552 ) ) ;
#754 = VERTEX_POINT ( 'NONE', #408 ) ;
#755 = CARTESIAN_POINT ( 'NONE',  ( 3.000000000000000444, 3.673940397442060361E-16, 1.000000000000000888 ) ) ;
#756 = CARTESIAN_POINT ( 'NONE',  ( -4.320000000000000284, -4.320000000000000284, -3.500000000000000000 ) ) ;
#757 = ORIENTED_EDGE ( 'NONE', *, *, #427, .F. ) ;
#758 = ADVANCED_FACE ( 'NONE', ( #1896 ), #1064, .T. ) ;
#759 = LINE ( 'NONE', #1924, #37 ) ;
#760 = STYLED_ITEM ( 'NONE', ( #1211 ), #953 ) ;
#761 = STYLED_ITEM ( 'NONE', ( #1711 ), #330 ) ;
#762 = FACE_OUTER_BOUND ( 'NONE', #690, .T. ) ;
#763 = CARTESIAN_POINT ( 'NONE',  ( 0.000000000000000000, 0.000000000000000000, 12.00000000000000000 ) ) ;
#764 = VECTOR ( 'NONE', #2105, 1000.000000000000000 ) ;
#765 = ORIENTED_EDGE ( 'NONE', *, *, #1392, .F. ) ;
#766 = DIRECTION ( 'NONE',  ( 1.000000000000000000, 0.000000000000000000, 0.000000000000000000 ) ) ;
#767 = DIRECTION ( 'NONE',  ( 1.000000000000000000, 0.000000000000000000, 0.000000000000000000 ) ) ;
#768 = MECHANICAL_DESIGN_GEOMETRIC_PRESENTATION_REPRESENTATION (  '', ( #597 ), #1717 ) ;
#769 = CARTESIAN_POINT ( 'NONE',  ( -4.320000000000000284, 4.320000000000000284, -3.500000000000000000 ) ) ;
#770 = ORIENTED_EDGE ( 'NONE', *, *, #159, .F. ) ;
#771 = AXIS2_PLACEMENT_3D ( 'NONE', #2009, #1513, #322 ) ;
#772 = ADVANCED_FACE ( 'NONE', ( #1304, #462 ), #600, .T. ) ;
#773 = FILL_AREA_STYLE_COLOUR ( '', #158 ) ;
#774 = FILL_AREA_STYLE ('',( #1766 ) ) ;
#775 = DIRECTION ( 'NONE',  ( 0.000000000000000000, -1.000000000000000000, 0.000000000000000000 ) ) ;
#776 = UNCERTAINTY_MEASURE_WITH_UNIT (LENGTH_MEASURE( 1.000000000000000082E-05 ), #944, 'distance_accuracy_value', 'NONE');
#777 = EDGE_LOOP ( 'NONE', ( #1771, #2059, #361, #1971 ) ) ;
#778 =( NAMED_UNIT ( * ) SI_UNIT ( $, .STERADIAN. ) SOLID_ANGLE_UNIT ( ) );
#779 = DIRECTION ( 'NONE',  ( -0.000000000000000000, -0.000000000000000000, 1.000000000000000000 ) ) ;
#780 = MECHANICAL_DESIGN_GEOMETRIC_PRESENTATION_REPRESENTATION (  '', ( #1725 ), #314 ) ;
#781 =( NAMED_UNIT ( * ) SI_UNIT ( $, .STERADIAN. ) SOLID_ANGLE_UNIT ( ) );
#782 =( GEOMETRIC_REPRESENTATION_CONTEXT ( 3 ) GLOBAL_UNCERTAINTY_ASSIGNED_CONTEXT ( ( #248 ) ) GLOBAL_UNIT_ASSIGNED_CONTEXT ( ( #748, #280, #1916 ) ) REPRESENTATION_CONTEXT ( 'NONE', 'WORKASPACE' ) );
#783 = DIRECTION ( 'NONE',  ( 0.000000000000000000, 0.000000000000000000, -1.000000000000000000 ) ) ;
#784 = CYLINDRICAL_SURFACE ( 'NONE', #1102, 0.5999999999999999778 ) ;
#785 =( NAMED_UNIT ( * ) PLANE_ANGLE_UNIT ( ) SI_UNIT ( $, .RADIAN. ) );
#786 = EDGE_CURVE ( 'NONE', #1566, #641, #1344, .T. ) ;
#787 = CARTESIAN_POINT ( 'NONE',  ( -3.719999999999998863, 4.320000000000000284, -3.500000000000000000 ) ) ;
#788 = ORIENTED_EDGE ( 'NONE', *, *, #1380, .F. ) ;
#789 = SURFACE_STYLE_USAGE ( .BOTH. , #1091 ) ;
#790 = CARTESIAN_POINT ( 'NONE',  ( -6.587157287525381655, -6.587157287525382543, 1.000000000000000888 ) ) ;
#791 = DIRECTION ( 'NONE',  ( -1.000000000000000000, 0.000000000000000000, 0.000000000000000000 ) ) ;
#792 = EDGE_LOOP ( 'NONE', ( #1503, #1439 ) ) ;
#793 = CARTESIAN_POINT ( 'NONE',  ( -4.320000000000000284, -4.320000000000000284, -3.500000000000000000 ) ) ;
#794 = ORIENTED_EDGE ( 'NONE', *, *, #2150, .T. ) ;
#795 = DIRECTION ( 'NONE',  ( -1.000000000000000000, 1.224646799147353207E-16, 0.000000000000000000 ) ) ;
#796 = FILL_AREA_STYLE_COLOUR ( '', #1090 ) ;
#797 = CIRCLE ( 'NONE', #225, 3.299999999999999822 ) ;
#798 = FILL_AREA_STYLE ('',( #974 ) ) ;
#799 = UNCERTAINTY_MEASURE_WITH_UNIT (LENGTH_MEASURE( 1.000000000000000082E-05 ), #1200, 'distance_accuracy_value', 'NONE');
#800 = EDGE_CURVE ( 'NONE', #1327, #1913, #1607, .T. ) ;
#801 = CYLINDRICAL_SURFACE ( 'NONE', #2100, 0.1999999999999999833 ) ;
#802 =( GEOMETRIC_REPRESENTATION_CONTEXT ( 3 ) GLOBAL_UNCERTAINTY_ASSIGNED_CONTEXT ( ( #5 ) ) GLOBAL_UNIT_ASSIGNED_CONTEXT ( ( #566, #15, #695 ) ) REPRESENTATION_CONTEXT ( 'NONE', 'WORKASPACE' ) );
#803 = FACE_OUTER_BOUND ( 'NONE', #1898, .T. ) ;
#804 = VECTOR ( 'NONE', #1368, 1000.000000000000000 ) ;
#805 = VERTEX_POINT ( 'NONE', #739 ) ;
#806 =( GEOMETRIC_REPRESENTATION_CONTEXT ( 3 ) GLOBAL_UNCERTAINTY_ASSIGNED_CONTEXT ( ( #863 ) ) GLOBAL_UNIT_ASSIGNED_CONTEXT ( ( #1998, #635, #1183 ) ) REPRESENTATION_CONTEXT ( 'NONE', 'WORKASPACE' ) );
#807 = UNCERTAINTY_MEASURE_WITH_UNIT (LENGTH_MEASURE( 1.000000000000000082E-05 ), #2031, 'distance_accuracy_value', 'NONE');
#808 =( NAMED_UNIT ( * ) SI_UNIT ( $, .STERADIAN. ) SOLID_ANGLE_UNIT ( ) );
#809 = CARTESIAN_POINT ( 'NONE',  ( -3.719999999999998863, 4.320000000000000284, 0.000000000000000000 ) ) ;
#810 = DIRECTION ( 'NONE',  ( -1.000000000000000000, 0.000000000000000000, 0.000000000000000000 ) ) ;
#811 = PRESENTATION_STYLE_ASSIGNMENT (( #636 ) ) ;
#812 = ORIENTED_EDGE ( 'NONE', *, *, #548, .T. ) ;
#813 = DIRECTION ( 'NONE',  ( -0.000000000000000000, 0.000000000000000000, -1.000000000000000000 ) ) ;
#814 = DIRECTION ( 'NONE',  ( -0.000000000000000000, -0.000000000000000000, 1.000000000000000000 ) ) ;
#815 = EDGE_CURVE ( 'NONE', #1432, #1779, #75, .T. ) ;
#816 = ORIENTED_EDGE ( 'NONE', *, *, #1323, .T. ) ;
#817 = ADVANCED_FACE ( 'NONE', ( #762 ), #2103, .F. ) ;
#818 = CARTESIAN_POINT ( 'NONE',  ( 3.100000000000000533, 0.000000000000000000, 12.00000000000000000 ) ) ;
#819 = CIRCLE ( 'NONE', #1999, 0.2000000000000005107 ) ;
#820 = PRESENTATION_LAYER_ASSIGNMENT (  '', '', ( #1757 ) ) ;
#821 = CARTESIAN_POINT ( 'NONE',  ( 4.320000000000000284, -4.320000000000000284, 0.000000000000000000 ) ) ;
#822 =( NAMED_UNIT ( * ) SI_UNIT ( $, .STERADIAN. ) SOLID_ANGLE_UNIT ( ) );
#823 = FILL_AREA_STYLE_COLOUR ( '', #542 ) ;
#824 =( NAMED_UNIT ( * ) PLANE_ANGLE_UNIT ( ) SI_UNIT ( $, .RADIAN. ) );
#825 = DIRECTION ( 'NONE',  ( -0.000000000000000000, -0.000000000000000000, 1.000000000000000000 ) ) ;
#826 = DIRECTION ( 'NONE',  ( -1.000000000000000000, 0.000000000000000000, 0.000000000000000000 ) ) ;
#827 = ORIENTED_EDGE ( 'NONE', *, *, #1529, .F. ) ;
#828 = ORIENTED_EDGE ( 'NONE', *, *, #1197, .F. ) ;
#829 = CARTESIAN_POINT ( 'NONE',  ( -3.719999999999998863, -4.320000000000000284, 0.000000000000000000 ) ) ;
#830 = EDGE_CURVE ( 'NONE', #853, #1327, #626, .T. ) ;
#831 = CARTESIAN_POINT ( 'NONE',  ( 0.000000000000000000, 0.000000000000000000, 12.00000000000000000 ) ) ;
#832 = DIRECTION ( 'NONE',  ( 1.000000000000000000, 0.000000000000000000, 0.000000000000000000 ) ) ;
#833 = AXIS2_PLACEMENT_3D ( 'NONE', #1072, #1734, #1914 ) ;
#834 = ORIENTED_EDGE ( 'NONE', *, *, #370, .F. ) ;
#835 = PLANE ( 'NONE',  #302 ) ;
#836 = FILL_AREA_STYLE ('',( #685 ) ) ;
#837 = CARTESIAN_POINT ( 'NONE',  ( 1.348662872331562568, -0.3179755600582842012, 0.9999999999999991118 ) ) ;
#838 = ORIENTED_EDGE ( 'NONE', *, *, #1120, .F. ) ;
#839 = MECHANICAL_DESIGN_GEOMETRIC_PRESENTATION_REPRESENTATION (  '', ( #725 ), #1772 ) ;
#840 = ORIENTED_EDGE ( 'NONE', *, *, #1059, .F. ) ;
#841 = CARTESIAN_POINT ( 'NONE',  ( 0.9497063489588402074, 1.008988528550881281, 0.9999999999999991118 ) ) ;
#842 = PRESENTATION_LAYER_ASSIGNMENT (  '', '', ( #1682 ) ) ;
#843 = AXIS2_PLACEMENT_3D ( 'NONE', #1818, #1012, #1332 ) ;
#844 = SURFACE_STYLE_USAGE ( .BOTH. , #642 ) ;
#845 = UNCERTAINTY_MEASURE_WITH_UNIT (LENGTH_MEASURE( 1.000000000000000082E-05 ), #415, 'distance_accuracy_value', 'NONE');
#846 =( GEOMETRIC_REPRESENTATION_CONTEXT ( 3 ) GLOBAL_UNCERTAINTY_ASSIGNED_CONTEXT ( ( #2113 ) ) GLOBAL_UNIT_ASSIGNED_CONTEXT ( ( #1642, #618, #1911 ) ) REPRESENTATION_CONTEXT ( 'NONE', 'WORKASPACE' ) );
#847 = CARTESIAN_POINT ( 'NONE',  ( -1.108000000000000096, 4.320000000000000284, 0.000000000000000000 ) ) ;
#848 = MECHANICAL_DESIGN_GEOMETRIC_PRESENTATION_REPRESENTATION (  '', ( #1892 ), #267 ) ;
#849 = CARTESIAN_POINT ( 'NONE',  ( -1.348662872331563012, 0.3179755600582845898, 0.9999999999999991118 ) ) ;
#850 =( NAMED_UNIT ( * ) PLANE_ANGLE_UNIT ( ) SI_UNIT ( $, .RADIAN. ) );
#851 = SURFACE_SIDE_STYLE ('',( #163 ) ) ;
#852 = CARTESIAN_POINT ( 'NONE',  ( 3.500000000000000000, 4.286263797015736595E-16, 12.00000000000000000 ) ) ;
#853 = VERTEX_POINT ( 'NONE', #849 ) ;
#854 = EDGE_LOOP ( 'NONE', ( #2114, #1194, #1265, #1475 ) ) ;
#855 = CARTESIAN_POINT ( 'NONE',  ( -3.500000000000000000, 0.000000000000000000, 12.00000000000000000 ) ) ;
#856 = DIRECTION ( 'NONE',  ( 0.000000000000000000, 0.000000000000000000, 1.000000000000000000 ) ) ;
#857 = AXIS2_PLACEMENT_3D ( 'NONE', #1695, #130, #152 ) ;
#858 =( GEOMETRIC_REPRESENTATION_CONTEXT ( 3 ) GLOBAL_UNCERTAINTY_ASSIGNED_CONTEXT ( ( #2157 ) ) GLOBAL_UNIT_ASSIGNED_CONTEXT ( ( #1827, #1177, #326 ) ) REPRESENTATION_CONTEXT ( 'NONE', 'WORKASPACE' ) );
#859 = CARTESIAN_POINT ( 'NONE',  ( 0.000000000000000000, 0.000000000000000000, 12.00000000000000000 ) ) ;
#860 = COLOUR_RGB ( '',0.2980392156862745057, 0.2980392156862745057, 0.2980392156862745057 ) ;
#861 = FACE_OUTER_BOUND ( 'NONE', #475, .T. ) ;
#862 = EDGE_CURVE ( 'NONE', #164, #503, #512, .T. ) ;
#863 = UNCERTAINTY_MEASURE_WITH_UNIT (LENGTH_MEASURE( 1.000000000000000082E-05 ), #1998, 'distance_accuracy_value', 'NONE');
#864 = CARTESIAN_POINT ( 'NONE',  ( 6.669999999999999929, -6.669999999999999929, 0.9171572875253816148 ) ) ;
#865 = EDGE_LOOP ( 'NONE', ( #840, #497 ) ) ;
#866 = FILL_AREA_STYLE_COLOUR ( '', #1942 ) ;
#867 = ORIENTED_EDGE ( 'NONE', *, *, #862, .T. ) ;
#868 = CARTESIAN_POINT ( 'NONE',  ( -1.348662872331563012, 0.3179755600582845898, 0.9999999999999991118 ) ) ;
#869 = SURFACE_STYLE_FILL_AREA ( #180 ) ;
#870 = CARTESIAN_POINT ( 'NONE',  ( 0.000000000000000000, 0.000000000000000000, 1.000000000000000888 ) ) ;
#871 = LINE ( 'NONE', #1858, #1986 ) ;
#872 =( NAMED_UNIT ( * ) SI_UNIT ( $, .STERADIAN. ) SOLID_ANGLE_UNIT ( ) );
#873 = EDGE_CURVE ( 'NONE', #230, #1432, #1314, .T. ) ;
#874 = ORIENTED_EDGE ( 'NONE', *, *, #1027, .T. ) ;
#875 = AXIS2_PLACEMENT_3D ( 'NONE', #859, #3, #682 ) ;
#876 =( NAMED_UNIT ( * ) PLANE_ANGLE_UNIT ( ) SI_UNIT ( $, .RADIAN. ) );
#877 = CIRCLE ( 'NONE', #1378, 3.000000000000000444 ) ;
#878 = PRESENTATION_STYLE_ASSIGNMENT (( #1074 ) ) ;
#879 = STYLED_ITEM ( 'NONE', ( #385 ), #741 ) ;
#880 = FILL_AREA_STYLE_COLOUR ( '', #1867 ) ;
#881 = AXIS2_PLACEMENT_3D ( 'NONE', #1669, #148, #832 ) ;
#882 = CARTESIAN_POINT ( 'NONE',  ( -3.000000000000000444, 3.673940397442060361E-16, 11.90000000000000036 ) ) ;
#883 = ORIENTED_EDGE ( 'NONE', *, *, #321, .F. ) ;
#884 = FILL_AREA_STYLE_COLOUR ( '', #1775 ) ;
#885 = EDGE_LOOP ( 'NONE', ( #1369, #1139, #949, #1473 ) ) ;
#886 = DIRECTION ( 'NONE',  ( 0.000000000000000000, -0.000000000000000000, -1.000000000000000000 ) ) ;
#887 = EDGE_CURVE ( 'NONE', #577, #1106, #1018, .T. ) ;
#888 = MECHANICAL_DESIGN_GEOMETRIC_PRESENTATION_REPRESENTATION (  '', ( #1997 ), #1355 ) ;
#889 = PRESENTATION_LAYER_ASSIGNMENT (  '', '', ( #2173 ) ) ;
#890 = SURFACE_STYLE_FILL_AREA ( #2018 ) ;
#891 = FILL_AREA_STYLE ('',( #1560 ) ) ;
#892 = PRESENTATION_LAYER_ASSIGNMENT (  '', '', ( #1826 ) ) ;
#893 = CARTESIAN_POINT ( 'NONE',  ( -3.700000000000000178, 4.531193156845206201E-16, 1.000000000000001110 ) ) ;
#894 =( NAMED_UNIT ( * ) PLANE_ANGLE_UNIT ( ) SI_UNIT ( $, .RADIAN. ) );
#895 = AXIS2_PLACEMENT_3D ( 'NONE', #1038, #556, #2041 ) ;
#896 = DIRECTION ( 'NONE',  ( 0.000000000000000000, 1.000000000000000000, 0.000000000000000000 ) ) ;
#897 = VERTEX_POINT ( 'NONE', #1325 ) ;
#898 = STYLED_ITEM ( 'NONE', ( #1052 ), #2040 ) ;
#899 = ORIENTED_EDGE ( 'NONE', *, *, #1749, .T. ) ;
#900 = SURFACE_SIDE_STYLE ('',( #1722 ) ) ;
#901 = EDGE_LOOP ( 'NONE', ( #131, #1379 ) ) ;
#902 = DIRECTION ( 'NONE',  ( 0.000000000000000000, -0.000000000000000000, -1.000000000000000000 ) ) ;
#903 = AXIS2_PLACEMENT_3D ( 'NONE', #1966, #997, #1667 ) ;
#904 = EDGE_CURVE ( 'NONE', #939, #1188, #1523, .T. ) ;
#905 = FILL_AREA_STYLE ('',( #215 ) ) ;
#906 = CARTESIAN_POINT ( 'NONE',  ( 4.320000000000000284, 4.320000000000000284, -3.500000000000000000 ) ) ;
#907 = SURFACE_STYLE_FILL_AREA ( #217 ) ;
#908 = DIRECTION ( 'NONE',  ( -1.000000000000000000, 0.000000000000000000, 0.000000000000000000 ) ) ;
#909 = DIRECTION ( 'NONE',  ( -0.000000000000000000, -0.000000000000000000, 1.000000000000000000 ) ) ;
#910 = EDGE_LOOP ( 'NONE', ( #2098, #962, #108, #2075 ) ) ;
#911 = DIRECTION ( 'NONE',  ( -1.000000000000000000, 0.000000000000000000, -0.000000000000000000 ) ) ;
#912 = ORIENTED_EDGE ( 'NONE', *, *, #1019, .T. ) ;
#913 = DIRECTION ( 'NONE',  ( -0.000000000000000000, -0.000000000000000000, -1.000000000000000000 ) ) ;
#914 = COLOUR_RGB ( '',1.000000000000000000, 0.5019607843137254832, 0.000000000000000000 ) ;
#915 = PRESENTATION_LAYER_ASSIGNMENT (  '', '', ( #620 ) ) ;
#916 = CARTESIAN_POINT ( 'NONE',  ( -0.5080000000000000071, -4.320000000000001172, 0.000000000000000000 ) ) ;
#917 = AXIS2_PLACEMENT_3D ( 'NONE', #1453, #444, #1950 ) ;
#918 = CARTESIAN_POINT ( 'NONE',  ( -4.320000000000000284, -4.320000000000000284, 0.000000000000000000 ) ) ;
#919 = ADVANCED_FACE ( 'NONE', ( #1147, #127, #2152, #1347, #1528, #973, #304, #1799 ), #1836, .F. ) ;
#920 = SURFACE_STYLE_USAGE ( .BOTH. , #387 ) ;
#921 = VECTOR ( 'NONE', #751, 1000.000000000000000 ) ;
#922 = ORIENTED_EDGE ( 'NONE', *, *, #443, .T. ) ;
#923 = ORIENTED_EDGE ( 'NONE', *, *, #887, .T. ) ;
#924 = DIRECTION ( 'NONE',  ( -0.000000000000000000, -0.000000000000000000, 1.000000000000000000 ) ) ;
#925 =( LENGTH_UNIT ( ) NAMED_UNIT ( * ) SI_UNIT ( .MILLI., .METRE. ) );
#926 = SURFACE_STYLE_USAGE ( .BOTH. , #592 ) ;
#927 = PRESENTATION_STYLE_ASSIGNMENT (( #238 ) ) ;
#928 = CIRCLE ( 'NONE', #1357, 3.700000000000000178 ) ;
#929 = EDGE_CURVE ( 'NONE', #933, #897, #2024, .T. ) ;
#930 = VECTOR ( 'NONE', #1078, 1000.000000000000000 ) ;
#931 = VERTEX_POINT ( 'NONE', #2162 ) ;
#932 = PLANE ( 'NONE',  #1616 ) ;
#933 = VERTEX_POINT ( 'NONE', #1680 ) ;
#934 = STYLED_ITEM ( 'NONE', ( #1737 ), #2090 ) ;
#935 = SURFACE_STYLE_FILL_AREA ( #905 ) ;
#936 = FACE_OUTER_BOUND ( 'NONE', #1129, .T. ) ;
#937 = CARTESIAN_POINT ( 'NONE',  ( -0.5080000000000000071, 4.320000000000000284, -3.500000000000000000 ) ) ;
#938 = PRESENTATION_STYLE_ASSIGNMENT (( #120 ) ) ;
#939 = VERTEX_POINT ( 'NONE', #161 ) ;
#940 = PLANE ( 'NONE',  #1847 ) ;
#941 = PLANE ( 'NONE',  #2158 ) ;
#942 = TOROIDAL_SURFACE ( 'NONE', #1744, 3.700000000000000178, 0.2000000000000000111 ) ;
#943 = CIRCLE ( 'NONE', #1811, 3.500000000000000000 ) ;
#944 =( LENGTH_UNIT ( ) NAMED_UNIT ( * ) SI_UNIT ( .MILLI., .METRE. ) );
#945 = CARTESIAN_POINT ( 'NONE',  ( -0.9497063489588407625, -1.008988528550880392, 11.50000000000000000 ) ) ;
#946 = AXIS2_PLACEMENT_3D ( 'NONE', #1008, #1351, #2001 ) ;
#947 = LINE ( 'NONE', #1286, #1237 ) ;
#948 = CARTESIAN_POINT ( 'NONE',  ( -3.100000000000000533, 3.796405077356795411E-16, 11.90000000000000036 ) ) ;
#949 = ORIENTED_EDGE ( 'NONE', *, *, #1148, .T. ) ;
#950 = MECHANICAL_DESIGN_GEOMETRIC_PRESENTATION_REPRESENTATION (  '', ( #424 ), #2132 ) ;
#951 = ADVANCED_FACE ( 'NONE', ( #334 ), #942, .F. ) ;
#952 =( NAMED_UNIT ( * ) SI_UNIT ( $, .STERADIAN. ) SOLID_ANGLE_UNIT ( ) );
#953 = MANIFOLD_SOLID_BREP ( 'Radius5', #1978 ) ;
#954 = FILL_AREA_STYLE ('',( #1293 ) ) ;
#955 = CARTESIAN_POINT ( 'NONE',  ( 3.720000000000000195, 4.320000000000000284, 0.000000000000000000 ) ) ;
#956 = UNCERTAINTY_MEASURE_WITH_UNIT (LENGTH_MEASURE( 1.000000000000000082E-05 ), #269, 'distance_accuracy_value', 'NONE');
#957 = FILL_AREA_STYLE_COLOUR ( '', #31 ) ;
#958 = COLOUR_RGB ( '',0.1019607843137254888, 0.1019607843137254888, 0.1019607843137254888 ) ;
#959 = CARTESIAN_POINT ( 'NONE',  ( -4.320000000000000284, -4.320000000000000284, -3.500000000000000000 ) ) ;
#960 =( GEOMETRIC_REPRESENTATION_CONTEXT ( 3 ) GLOBAL_UNCERTAINTY_ASSIGNED_CONTEXT ( ( #1190 ) ) GLOBAL_UNIT_ASSIGNED_CONTEXT ( ( #477, #1195, #1025 ) ) REPRESENTATION_CONTEXT ( 'NONE', 'WORKASPACE' ) );
#961 = DIRECTION ( 'NONE',  ( 1.000000000000000000, 0.000000000000000000, 0.000000000000000000 ) ) ;
#962 = ORIENTED_EDGE ( 'NONE', *, *, #745, .T. ) ;
#963 = ADVANCED_FACE ( 'NONE', ( #861 ), #117, .F. ) ;
#964 = PRESENTATION_STYLE_ASSIGNMENT (( #105 ) ) ;
#965 = FACE_OUTER_BOUND ( 'NONE', #628, .T. ) ;
#966 = ORIENTED_EDGE ( 'NONE', *, *, #1678, .F. ) ;
#967 = DIRECTION ( 'NONE',  ( -0.000000000000000000, -0.000000000000000000, 1.000000000000000000 ) ) ;
#968 = ORIENTED_EDGE ( 'NONE', *, *, #673, .F. ) ;
#969 = AXIS2_PLACEMENT_3D ( 'NONE', #454, #1105, #1287 ) ;
#970 = CIRCLE ( 'NONE', #1264, 0.6000000000000015321 ) ;
#971 = CARTESIAN_POINT ( 'NONE',  ( 0.09199999999999995681, 4.320000000000000284, -3.500000000000000000 ) ) ;
#972 = ORIENTED_EDGE ( 'NONE', *, *, #678, .T. ) ;
#973 = FACE_BOUND ( 'NONE', #1247, .T. ) ;
#974 = FILL_AREA_STYLE_COLOUR ( '', #573 ) ;
#975 = AXIS2_PLACEMENT_3D ( 'NONE', #1555, #902, #1046 ) ;
#976 = ADVANCED_FACE ( 'NONE', ( #1062 ), #190, .F. ) ;
#977 = CARTESIAN_POINT ( 'NONE',  ( -4.320000000000000284, 4.320000000000000284, 0.000000000000000000 ) ) ;
#978 = PRESENTATION_STYLE_ASSIGNMENT (( #297 ) ) ;
#979 =( GEOMETRIC_REPRESENTATION_CONTEXT ( 3 ) GLOBAL_UNCERTAINTY_ASSIGNED_CONTEXT ( ( #258 ) ) GLOBAL_UNIT_ASSIGNED_CONTEXT ( ( #1087, #83, #1545 ) ) REPRESENTATION_CONTEXT ( 'NONE', 'WORKASPACE' ) );
#980 = ORIENTED_EDGE ( 'NONE', *, *, #1901, .F. ) ;
#981 = CIRCLE ( 'NONE', #1686, 0.6000000000000010880 ) ;
#982 = DIRECTION ( 'NONE',  ( -0.000000000000000000, -0.000000000000000000, -1.000000000000000000 ) ) ;
#983 = DIRECTION ( 'NONE',  ( 0.000000000000000000, -0.000000000000000000, -1.000000000000000000 ) ) ;
#984 = SURFACE_STYLE_FILL_AREA ( #478 ) ;
#985 = SURFACE_SIDE_STYLE ('',( #305 ) ) ;
#986 = ORIENTED_EDGE ( 'NONE', *, *, #144, .F. ) ;
#987 = DIRECTION ( 'NONE',  ( 1.000000000000000000, 0.000000000000000000, 0.000000000000000000 ) ) ;
#988 = DIRECTION ( 'NONE',  ( -0.000000000000000000, -0.000000000000000000, -1.000000000000000000 ) ) ;
#989 = DIRECTION ( 'NONE',  ( -0.6853915202781036831, -0.7281747482101187385, 0.000000000000000000 ) ) ;
#990 = EDGE_LOOP ( 'NONE', ( #518, #2046 ) ) ;
#991 = ADVANCED_FACE ( 'NONE', ( #1727 ), #940, .T. ) ;
#992 = EDGE_LOOP ( 'NONE', ( #1057, #1356, #375, #1753 ) ) ;
#993 = CARTESIAN_POINT ( 'NONE',  ( 6.669999999999999929, 6.669999999999999041, 12.00000000000000000 ) ) ;
#994 = CARTESIAN_POINT ( 'NONE',  ( 0.9497063489588402074, 1.008988528550881281, 0.9999999999999991118 ) ) ;
#995 = AXIS2_PLACEMENT_3D ( 'NONE', #1610, #1308, #1939 ) ;
#996 = VECTOR ( 'NONE', #4, 1000.000000000000114 ) ;
#997 = DIRECTION ( 'NONE',  ( 0.000000000000000000, -0.000000000000000000, -1.000000000000000000 ) ) ;
#998 = AXIS2_PLACEMENT_3D ( 'NONE', #1636, #1301, #461 ) ;
#999 = CIRCLE ( 'NONE', #1569, 0.6000000000000010880 ) ;
#1000 =( NAMED_UNIT ( * ) SI_UNIT ( $, .STERADIAN. ) SOLID_ANGLE_UNIT ( ) );
#1001 = ORIENTED_EDGE ( 'NONE', *, *, #1027, .F. ) ;
#1002 = EDGE_LOOP ( 'NONE', ( #317, #664 ) ) ;
#1003 = PRESENTATION_STYLE_ASSIGNMENT (( #509 ) ) ;
#1004 = DIRECTION ( 'NONE',  ( 0.000000000000000000, 0.000000000000000000, 1.000000000000000000 ) ) ;
#1005 = SURFACE_STYLE_USAGE ( .BOTH. , #1336 ) ;
#1006 = DIRECTION ( 'NONE',  ( 1.000000000000000000, 0.000000000000000000, -0.000000000000000000 ) ) ;
#1007 = STYLED_ITEM ( 'NONE', ( #1746 ), #93 ) ;
#1008 = CARTESIAN_POINT ( 'NONE',  ( 0.000000000000000000, 0.000000000000000000, 11.70000000000000107 ) ) ;
#1009 = FILL_AREA_STYLE ('',( #1020 ) ) ;
#1010 = EDGE_LOOP ( 'NONE', ( #1641, #79 ) ) ;
#1011 = PRESENTATION_LAYER_ASSIGNMENT (  '', '', ( #1514 ) ) ;
#1012 = DIRECTION ( 'NONE',  ( 0.000000000000000000, 0.000000000000000000, -1.000000000000000000 ) ) ;
#1013 = STYLED_ITEM ( 'NONE', ( #206 ), #963 ) ;
#1014 = CIRCLE ( 'NONE', #1885, 0.6000000000000015321 ) ;
#1015 = VERTEX_POINT ( 'NONE', #251 ) ;
#1016 =( GEOMETRIC_REPRESENTATION_CONTEXT ( 3 ) GLOBAL_UNCERTAINTY_ASSIGNED_CONTEXT ( ( #1316 ) ) GLOBAL_UNIT_ASSIGNED_CONTEXT ( ( #473, #824, #638 ) ) REPRESENTATION_CONTEXT ( 'NONE', 'WORKASPACE' ) );
#1017 = CARTESIAN_POINT ( 'NONE',  ( 3.720000000000000195, -4.320000000000000284, 0.000000000000000000 ) ) ;
#1018 = CIRCLE ( 'NONE', #1272, 3.000000000000000444 ) ;
#1019 = EDGE_CURVE ( 'NONE', #1338, #743, #57, .T. ) ;
#1020 = FILL_AREA_STYLE_COLOUR ( '', #1955 ) ;
#1021 = CYLINDRICAL_SURFACE ( 'NONE', #135, 0.5999999999999998668 ) ;
#1022 = EDGE_LOOP ( 'NONE', ( #2023, #1652 ) ) ;
#1023 = FACE_OUTER_BOUND ( 'NONE', #391, .T. ) ;
#1024 = EDGE_LOOP ( 'NONE', ( #912, #1375 ) ) ;
#1025 =( NAMED_UNIT ( * ) SI_UNIT ( $, .STERADIAN. ) SOLID_ANGLE_UNIT ( ) );
#1026 =( GEOMETRIC_REPRESENTATION_CONTEXT ( 3 ) GLOBAL_UNCERTAINTY_ASSIGNED_CONTEXT ( ( #1345 ) ) GLOBAL_UNIT_ASSIGNED_CONTEXT ( ( #1242, #1397, #1421 ) ) REPRESENTATION_CONTEXT ( 'NONE', 'WORKASPACE' ) );
#1027 = EDGE_CURVE ( 'NONE', #201, #2000, #1290, .T. ) ;
#1028 = PRESENTATION_STYLE_ASSIGNMENT (( #540 ) ) ;
#1029 = LINE ( 'NONE', #2145, #2076 ) ;
#1030 =( NAMED_UNIT ( * ) SI_UNIT ( $, .STERADIAN. ) SOLID_ANGLE_UNIT ( ) );
#1031 = ORIENTED_EDGE ( 'NONE', *, *, #524, .T. ) ;
#1032 = PRODUCT_DEFINITION_CONTEXT ( 'detailed design', #1683, 'design' ) ;
#1033 = ORIENTED_EDGE ( 'NONE', *, *, #1392, .T. ) ;
#1034 =( LENGTH_UNIT ( ) NAMED_UNIT ( * ) SI_UNIT ( .MILLI., .METRE. ) );
#1035 = MECHANICAL_DESIGN_GEOMETRIC_PRESENTATION_REPRESENTATION (  '', ( #717 ), #1433 ) ;
#1036 = CARTESIAN_POINT ( 'NONE',  ( 2.800000000000000266, 0.000000000000000000, 11.70000000000000107 ) ) ;
#1037 = FILL_AREA_STYLE_COLOUR ( '', #1376 ) ;
#1038 = CARTESIAN_POINT ( 'NONE',  ( -4.320000000000000284, -4.320000000000000284, -3.500000000000000000 ) ) ;
#1039 = EDGE_CURVE ( 'NONE', #100, #164, #1736, .T. ) ;
#1040 = SURFACE_STYLE_USAGE ( .BOTH. , #1253 ) ;
#1041 = DIRECTION ( 'NONE',  ( 0.000000000000000000, 1.000000000000000000, 0.000000000000000000 ) ) ;
#1042 =( LENGTH_UNIT ( ) NAMED_UNIT ( * ) SI_UNIT ( .MILLI., .METRE. ) );
#1043 = ADVANCED_FACE ( 'NONE', ( #1615 ), #289, .T. ) ;
#1044 = DIRECTION ( 'NONE',  ( 0.000000000000000000, 0.000000000000000000, -1.000000000000000000 ) ) ;
#1045 = VERTEX_POINT ( 'NONE', #1277 ) ;
#1046 = DIRECTION ( 'NONE',  ( 1.000000000000000000, 0.000000000000000000, 0.000000000000000000 ) ) ;
#1047 = SHAPE_DEFINITION_REPRESENTATION ( #715, #1070 ) ;
#1048 =( GEOMETRIC_REPRESENTATION_CONTEXT ( 3 ) GLOBAL_UNCERTAINTY_ASSIGNED_CONTEXT ( ( #1505 ) ) GLOBAL_UNIT_ASSIGNED_CONTEXT ( ( #718, #1857, #181 ) ) REPRESENTATION_CONTEXT ( 'NONE', 'WORKASPACE' ) );
#1049 = AXIS2_PLACEMENT_3D ( 'NONE', #204, #62, #547 ) ;
#1050 = DIRECTION ( 'NONE',  ( 0.000000000000000000, -1.000000000000000000, 0.000000000000000000 ) ) ;
#1051 = PRESENTATION_LAYER_ASSIGNMENT (  '', '', ( #1114 ) ) ;
#1052 = PRESENTATION_STYLE_ASSIGNMENT (( #1416 ) ) ;
#1053 = MECHANICAL_DESIGN_GEOMETRIC_PRESENTATION_REPRESENTATION (  '', ( #126 ), #1478 ) ;
#1054 = CARTESIAN_POINT ( 'NONE',  ( -4.320000000000000284, -4.320000000000000284, -3.500000000000000000 ) ) ;
#1055 = SURFACE_STYLE_USAGE ( .BOTH. , #1419 ) ;
#1056 = PRESENTATION_STYLE_ASSIGNMENT (( #920 ) ) ;
#1057 = ORIENTED_EDGE ( 'NONE', *, *, #1137, .F. ) ;
#1058 =( NAMED_UNIT ( * ) PLANE_ANGLE_UNIT ( ) SI_UNIT ( $, .RADIAN. ) );
#1059 = EDGE_CURVE ( 'NONE', #452, #1288, #586, .T. ) ;
#1060 = ORIENTED_EDGE ( 'NONE', *, *, #119, .T. ) ;
#1061 = VECTOR ( 'NONE', #274, 1000.000000000000000 ) ;
#1062 = FACE_OUTER_BOUND ( 'NONE', #1165, .T. ) ;
#1063 = PRESENTATION_LAYER_ASSIGNMENT (  '', '', ( #500 ) ) ;
#1064 = PLANE ( 'NONE',  #2101 ) ;
#1065 = PRESENTATION_STYLE_ASSIGNMENT (( #1055 ) ) ;
#1066 = FACE_OUTER_BOUND ( 'NONE', #1245, .T. ) ;
#1067 =( NAMED_UNIT ( * ) SI_UNIT ( $, .STERADIAN. ) SOLID_ANGLE_UNIT ( ) );
#1068 = CARTESIAN_POINT ( 'NONE',  ( 0.000000000000000000, 0.000000000000000000, 11.79999999999999893 ) ) ;
#1069 = ORIENTED_EDGE ( 'NONE', *, *, #25, .F. ) ;
#1070 = ADVANCED_BREP_SHAPE_REPRESENTATION ( '13.34x13.34 Bobin', ( #953, #1703 ), #960 ) ;
#1071 = PRODUCT_RELATED_PRODUCT_CATEGORY ( 'part', '', ( #2064 ) ) ;
#1072 = CARTESIAN_POINT ( 'NONE',  ( 0.000000000000000000, 0.000000000000000000, 11.70000000000000107 ) ) ;
#1073 = EDGE_CURVE ( 'NONE', #897, #1768, #2121, .T. ) ;
#1074 = SURFACE_STYLE_USAGE ( .BOTH. , #1578 ) ;
#1075 = SURFACE_STYLE_USAGE ( .BOTH. , #426 ) ;
#1076 = CYLINDRICAL_SURFACE ( 'NONE', #1322, 0.5999999999999999778 ) ;
#1077 = FILL_AREA_STYLE_COLOUR ( '', #1944 ) ;
#1078 = DIRECTION ( 'NONE',  ( -1.000000000000000000, -0.000000000000000000, -0.000000000000000000 ) ) ;
#1079 = DIRECTION ( 'NONE',  ( -1.000000000000000000, 0.000000000000000000, -0.000000000000000000 ) ) ;
#1080 = VERTEX_POINT ( 'NONE', #133 ) ;
#1081 = FILL_AREA_STYLE_COLOUR ( '', #1941 ) ;
#1082 = VECTOR ( 'NONE', #1373, 1000.000000000000000 ) ;
#1083 = COLOUR_RGB ( '',1.000000000000000000, 0.5019607843137254832, 0.000000000000000000 ) ;
#1084 = EDGE_CURVE ( 'NONE', #1629, #545, #116, .T. ) ;
#1085 = DIRECTION ( 'NONE',  ( 0.000000000000000000, 0.000000000000000000, -1.000000000000000000 ) ) ;
#1086 = COLOUR_RGB ( '',0.9882352941176471006, 1.000000000000000000, 0.9882352941176471006 ) ;
#1087 =( LENGTH_UNIT ( ) NAMED_UNIT ( * ) SI_UNIT ( .MILLI., .METRE. ) );
#1088 =( NAMED_UNIT ( * ) PLANE_ANGLE_UNIT ( ) SI_UNIT ( $, .RADIAN. ) );
#1089 = DIRECTION ( 'NONE',  ( 1.000000000000000000, 0.000000000000000000, 0.000000000000000000 ) ) ;
#1090 = COLOUR_RGB ( '',1.000000000000000000, 0.5019607843137254832, 0.000000000000000000 ) ;
#1091 = SURFACE_SIDE_STYLE ('',( #77 ) ) ;
#1092 = DIRECTION ( 'NONE',  ( 1.000000000000000000, 0.000000000000000000, 0.000000000000000000 ) ) ;
#1093 = ORIENTED_EDGE ( 'NONE', *, *, #2074, .F. ) ;
#1094 = AXIS2_PLACEMENT_3D ( 'NONE', #707, #209, #54 ) ;
#1095 = DIRECTION ( 'NONE',  ( -1.000000000000000000, 0.000000000000000000, -0.000000000000000000 ) ) ;
#1096 = CIRCLE ( 'NONE', #1534, 0.6000000000000000888 ) ;
#1097 = VECTOR ( 'NONE', #779, 1000.000000000000000 ) ;
#1098 =( GEOMETRIC_REPRESENTATION_CONTEXT ( 3 ) GLOBAL_UNCERTAINTY_ASSIGNED_CONTEXT ( ( #1805 ) ) GLOBAL_UNIT_ASSIGNED_CONTEXT ( ( #1042, #558, #219 ) ) REPRESENTATION_CONTEXT ( 'NONE', 'WORKASPACE' ) );
#1099 = ORIENTED_EDGE ( 'NONE', *, *, #104, .F. ) ;
#1100 = CARTESIAN_POINT ( 'NONE',  ( -6.669999999999999929, -6.669999999999999929, 0.9171572875253816148 ) ) ;
#1101 = EDGE_LOOP ( 'NONE', ( #123, #56, #1701, #411 ) ) ;
#1102 = AXIS2_PLACEMENT_3D ( 'NONE', #82, #2131, #1798 ) ;
#1103 =( NAMED_UNIT ( * ) SI_UNIT ( $, .STERADIAN. ) SOLID_ANGLE_UNIT ( ) );
#1104 = CARTESIAN_POINT ( 'NONE',  ( -3.000000000000000444, 0.000000000000000000, 0.000000000000000000 ) ) ;
#1105 = DIRECTION ( 'NONE',  ( -0.000000000000000000, -0.000000000000000000, 1.000000000000000000 ) ) ;
#1106 = VERTEX_POINT ( 'NONE', #2128 ) ;
#1107 = EDGE_CURVE ( 'NONE', #744, #2006, #970, .T. ) ;
#1108 = DIRECTION ( 'NONE',  ( -0.000000000000000000, -0.000000000000000000, 1.000000000000000000 ) ) ;
#1109 = PLANE ( 'NONE',  #654 ) ;
#1110 =( NAMED_UNIT ( * ) PLANE_ANGLE_UNIT ( ) SI_UNIT ( $, .RADIAN. ) );
#1111 = MECHANICAL_DESIGN_GEOMETRIC_PRESENTATION_REPRESENTATION (  '', ( #1682 ), #1192 ) ;
#1112 = COLOUR_RGB ( '',0.9882352941176471006, 1.000000000000000000, 0.9882352941176471006 ) ;
#1113 = SURFACE_SIDE_STYLE ('',( #1608 ) ) ;
#1114 = STYLED_ITEM ( 'NONE', ( #938 ), #588 ) ;
#1115 = FACE_OUTER_BOUND ( 'NONE', #286, .T. ) ;
#1116 = DIRECTION ( 'NONE',  ( -1.000000000000000000, 0.000000000000000000, 0.000000000000000000 ) ) ;
#1117 = MECHANICAL_DESIGN_GEOMETRIC_PRESENTATION_REPRESENTATION (  '', ( #559 ), #806 ) ;
#1118 = CARTESIAN_POINT ( 'NONE',  ( 6.669999999999999929, 6.669999999999999041, 0.9171572875253816148 ) ) ;
#1119 = ORIENTED_EDGE ( 'NONE', *, *, #1693, .F. ) ;
#1120 = EDGE_CURVE ( 'NONE', #1178, #1854, #1474, .T. ) ;
#1121 = UNCERTAINTY_MEASURE_WITH_UNIT (LENGTH_MEASURE( 1.000000000000000082E-05 ), #172, 'distance_accuracy_value', 'NONE');
#1122 = DIRECTION ( 'NONE',  ( -1.000000000000000000, 0.000000000000000000, 0.000000000000000000 ) ) ;
#1123 = ORIENTED_EDGE ( 'NONE', *, *, #24, .F. ) ;
#1124 =( NAMED_UNIT ( * ) SI_UNIT ( $, .STERADIAN. ) SOLID_ANGLE_UNIT ( ) );
#1125 = DIRECTION ( 'NONE',  ( 1.000000000000000000, 0.000000000000000000, 0.000000000000000000 ) ) ;
#1126 = PRESENTATION_STYLE_ASSIGNMENT (( #926 ) ) ;
#1127 = FACE_BOUND ( 'NONE', #342, .T. ) ;
#1128 = AXIS2_PLACEMENT_3D ( 'NONE', #756, #612, #1299 ) ;
#1129 = EDGE_LOOP ( 'NONE', ( #1795, #874, #1698, #290 ) ) ;
#1130 = DIRECTION ( 'NONE',  ( 0.000000000000000000, -0.000000000000000000, -1.000000000000000000 ) ) ;
#1131 = MECHANICAL_DESIGN_GEOMETRIC_PRESENTATION_REPRESENTATION (  '', ( #1626 ), #466 ) ;
#1132 = DIRECTION ( 'NONE',  ( 1.000000000000000000, 0.000000000000000000, 0.000000000000000000 ) ) ;
#1133 = ORIENTED_EDGE ( 'NONE', *, *, #1553, .T. ) ;
#1134 = CARTESIAN_POINT ( 'NONE',  ( 1.348662872331562568, -0.3179755600582842012, 11.50000000000000000 ) ) ;
#1135 = ORIENTED_EDGE ( 'NONE', *, *, #645, .T. ) ;
#1136 = FACE_OUTER_BOUND ( 'NONE', #480, .T. ) ;
#1137 = EDGE_CURVE ( 'NONE', #1566, #1288, #644, .T. ) ;
#1138 = DIRECTION ( 'NONE',  ( -0.000000000000000000, -0.000000000000000000, -1.000000000000000000 ) ) ;
#1139 = ORIENTED_EDGE ( 'NONE', *, *, #1039, .T. ) ;
#1140 = FILL_AREA_STYLE_COLOUR ( '', #1482 ) ;
#1141 = DIRECTION ( 'NONE',  ( -1.000000000000000000, 0.000000000000000000, 0.000000000000000000 ) ) ;
#1142 = FILL_AREA_STYLE_COLOUR ( '', #1754 ) ;
#1143 = ORIENTED_EDGE ( 'NONE', *, *, #786, .F. ) ;
#1144 = UNCERTAINTY_MEASURE_WITH_UNIT (LENGTH_MEASURE( 1.000000000000000082E-05 ), #1778, 'distance_accuracy_value', 'NONE');
#1145 = UNCERTAINTY_MEASURE_WITH_UNIT (LENGTH_MEASURE( 1.000000000000000082E-05 ), #340, 'distance_accuracy_value', 'NONE');
#1146 = DIRECTION ( 'NONE',  ( -1.000000000000000000, 0.000000000000000000, 0.000000000000000000 ) ) ;
#1147 = FACE_BOUND ( 'NONE', #865, .T. ) ;
#1148 = EDGE_CURVE ( 'NONE', #164, #2045, #1346, .T. ) ;
#1149 = CIRCLE ( 'NONE', #259, 0.5999999999999999778 ) ;
#1150 = ORIENTED_EDGE ( 'NONE', *, *, #1901, .T. ) ;
#1151 = LINE ( 'NONE', #1328, #1891 ) ;
#1152 = SURFACE_SIDE_STYLE ('',( #494 ) ) ;
#1153 = CYLINDRICAL_SURFACE ( 'NONE', #995, 0.1999999999999999833 ) ;
#1154 = VERTEX_POINT ( 'NONE', #1979 ) ;
#1155 = MECHANICAL_DESIGN_GEOMETRIC_PRESENTATION_REPRESENTATION (  '', ( #1114 ), #846 ) ;
#1156 = ORIENTED_EDGE ( 'NONE', *, *, #2053, .F. ) ;
#1157 = PLANE ( 'NONE',  #843 ) ;
#1158 = COLOUR_RGB ( '',0.9882352941176471006, 1.000000000000000000, 0.9882352941176471006 ) ;
#1159 = SURFACE_STYLE_FILL_AREA ( #1985 ) ;
#1160 = EDGE_CURVE ( 'NONE', #2000, #186, #2091, .T. ) ;
#1161 = ORIENTED_EDGE ( 'NONE', *, *, #1612, .F. ) ;
#1162 = CARTESIAN_POINT ( 'NONE',  ( -0.5080000000000000071, -4.320000000000001172, -3.500000000000000000 ) ) ;
#1163 = EDGE_LOOP ( 'NONE', ( #1300, #310 ) ) ;
#1164 = CIRCLE ( 'NONE', #1922, 3.500000000000000000 ) ;
#1165 = EDGE_LOOP ( 'NONE', ( #271, #968, #1992, #1123 ) ) ;
#1166 = DIRECTION ( 'NONE',  ( -1.000000000000000000, 0.000000000000000000, 0.000000000000000000 ) ) ;
#1167 = FACE_OUTER_BOUND ( 'NONE', #549, .T. ) ;
#1168 = AXIS2_PLACEMENT_3D ( 'NONE', #373, #570, #1884 ) ;
#1169 = UNCERTAINTY_MEASURE_WITH_UNIT (LENGTH_MEASURE( 1.000000000000000082E-05 ), #335, 'distance_accuracy_value', 'NONE');
#1170 = LINE ( 'NONE', #1835, #609 ) ;
#1171 = CARTESIAN_POINT ( 'NONE',  ( -1.348662872331563012, 0.3179755600582845898, 0.9999999999999991118 ) ) ;
#1172 = PRESENTATION_STYLE_ASSIGNMENT (( #1348 ) ) ;
#1173 = VERTEX_POINT ( 'NONE', #971 ) ;
#1174 = CARTESIAN_POINT ( 'NONE',  ( 0.000000000000000000, 0.000000000000000000, 11.79999999999999893 ) ) ;
#1175 = VECTOR ( 'NONE', #421, 1000.000000000000000 ) ;
#1176 = DIRECTION ( 'NONE',  ( 0.000000000000000000, 0.000000000000000000, 1.000000000000000000 ) ) ;
#1177 =( NAMED_UNIT ( * ) PLANE_ANGLE_UNIT ( ) SI_UNIT ( $, .RADIAN. ) );
#1178 = VERTEX_POINT ( 'NONE', #1134 ) ;
#1179 = ORIENTED_EDGE ( 'NONE', *, *, #1107, .F. ) ;
#1180 = EDGE_CURVE ( 'NONE', #275, #1173, #1331, .T. ) ;
#1181 = SURFACE_STYLE_FILL_AREA ( #346 ) ;
#1182 = CARTESIAN_POINT ( 'NONE',  ( 0.000000000000000000, 0.000000000000000000, 12.00000000000000000 ) ) ;
#1183 =( NAMED_UNIT ( * ) SI_UNIT ( $, .STERADIAN. ) SOLID_ANGLE_UNIT ( ) );
#1184 = FACE_OUTER_BOUND ( 'NONE', #992, .T. ) ;
#1185 = AXIS2_PLACEMENT_3D ( 'NONE', #425, #412, #61 ) ;
#1186 = FILL_AREA_STYLE ('',( #1363 ) ) ;
#1187 = LINE ( 'NONE', #852, #1790 ) ;
#1188 = VERTEX_POINT ( 'NONE', #847 ) ;
#1189 =( GEOMETRIC_REPRESENTATION_CONTEXT ( 3 ) GLOBAL_UNCERTAINTY_ASSIGNED_CONTEXT ( ( #583 ) ) GLOBAL_UNIT_ASSIGNED_CONTEXT ( ( #1654, #1358, #178 ) ) REPRESENTATION_CONTEXT ( 'NONE', 'WORKASPACE' ) );
#1190 = UNCERTAINTY_MEASURE_WITH_UNIT (LENGTH_MEASURE( 1.000000000000000082E-05 ), #477, 'distance_accuracy_value', 'NONE');
#1191 = SURFACE_STYLE_USAGE ( .BOTH. , #1508 ) ;
#1192 =( GEOMETRIC_REPRESENTATION_CONTEXT ( 3 ) GLOBAL_UNCERTAINTY_ASSIGNED_CONTEXT ( ( #2166 ) ) GLOBAL_UNIT_ASSIGNED_CONTEXT ( ( #925, #404, #952 ) ) REPRESENTATION_CONTEXT ( 'NONE', 'WORKASPACE' ) );
#1193 = VECTOR ( 'NONE', #1899, 1000.000000000000000 ) ;
#1194 = ORIENTED_EDGE ( 'NONE', *, *, #800, .F. ) ;
#1195 =( NAMED_UNIT ( * ) PLANE_ANGLE_UNIT ( ) SI_UNIT ( $, .RADIAN. ) );
#1196 = MECHANICAL_DESIGN_GEOMETRIC_PRESENTATION_REPRESENTATION (  '', ( #526 ), #1016 ) ;
#1197 = EDGE_CURVE ( 'NONE', #2180, #1080, #634, .T. ) ;
#1198 = SURFACE_STYLE_FILL_AREA ( #1360 ) ;
#1199 = PRESENTATION_STYLE_ASSIGNMENT (( #1540 ) ) ;
#1200 =( LENGTH_UNIT ( ) NAMED_UNIT ( * ) SI_UNIT ( .MILLI., .METRE. ) );
#1201 = SURFACE_STYLE_USAGE ( .BOTH. , #531 ) ;
#1202 = ORIENTED_EDGE ( 'NONE', *, *, #786, .T. ) ;
#1203 = ORIENTED_EDGE ( 'NONE', *, *, #623, .T. ) ;
#1204 = SURFACE_STYLE_FILL_AREA ( #1496 ) ;
#1205 = PRODUCT_CONTEXT ( 'NONE', #1244, 'mechanical' ) ;
#1206 = VECTOR ( 'NONE', #541, 1000.000000000000000 ) ;
#1207 = DIRECTION ( 'NONE',  ( -0.9576538422043344712, -0.2879220702052478487, 0.000000000000000000 ) ) ;
#1208 = STYLED_ITEM ( 'NONE', ( #1861 ), #1813 ) ;
#1209 = EDGE_CURVE ( 'NONE', #7, #1910, #2086, .T. ) ;
#1210 = CIRCLE ( 'NONE', #1792, 0.2000000000000000944 ) ;
#1211 = PRESENTATION_STYLE_ASSIGNMENT (( #2067 ) ) ;
#1212 = EDGE_CURVE ( 'NONE', #1288, #452, #112, .T. ) ;
#1213 = CARTESIAN_POINT ( 'NONE',  ( -3.719999999999998863, -4.320000000000000284, -3.500000000000000000 ) ) ;
#1214 = AXIS2_PLACEMENT_3D ( 'NONE', #1597, #235, #696 ) ;
#1215 = CARTESIAN_POINT ( 'NONE',  ( -4.320000000000000284, 4.320000000000000284, -3.500000000000000000 ) ) ;
#1216 =( NAMED_UNIT ( * ) PLANE_ANGLE_UNIT ( ) SI_UNIT ( $, .RADIAN. ) );
#1217 = DIRECTION ( 'NONE',  ( 1.000000000000000000, 0.000000000000000000, 0.000000000000000000 ) ) ;
#1218 = SURFACE_SIDE_STYLE ('',( #1550 ) ) ;
#1219 = DIRECTION ( 'NONE',  ( -0.000000000000000000, -0.000000000000000000, -1.000000000000000000 ) ) ;
#1220 = DIRECTION ( 'NONE',  ( 1.000000000000000000, 0.000000000000000000, 0.000000000000000000 ) ) ;
#1221 = ORIENTED_EDGE ( 'NONE', *, *, #8, .T. ) ;
#1222 = SURFACE_SIDE_STYLE ('',( #2038 ) ) ;
#1223 =( LENGTH_UNIT ( ) NAMED_UNIT ( * ) SI_UNIT ( .MILLI., .METRE. ) );
#1224 = SURFACE_SIDE_STYLE ('',( #869 ) ) ;
#1225 = SURFACE_STYLE_USAGE ( .BOTH. , #167 ) ;
#1226 = CARTESIAN_POINT ( 'NONE',  ( -6.669999999999999929, 6.669999999999999041, 0.000000000000000000 ) ) ;
#1227 = EDGE_CURVE ( 'NONE', #1441, #100, #147, .T. ) ;
#1228 = DIRECTION ( 'NONE',  ( -0.000000000000000000, -0.000000000000000000, 1.000000000000000000 ) ) ;
#1229 = LINE ( 'NONE', #1562, #1206 ) ;
#1230 = SURFACE_STYLE_FILL_AREA ( #66 ) ;
#1231 = EDGE_LOOP ( 'NONE', ( #1733, #532, #677, #986 ) ) ;
#1232 = CARTESIAN_POINT ( 'NONE',  ( 6.669999999999999929, -6.470000000000000639, 1.000000000000000888 ) ) ;
#1233 = TOROIDAL_SURFACE ( 'NONE', #1049, 3.100000000000000533, 0.1000000000000000056 ) ;
#1234 = ORIENTED_EDGE ( 'NONE', *, *, #281, .T. ) ;
#1235 = PRESENTATION_LAYER_ASSIGNMENT (  '', '', ( #1413 ) ) ;
#1236 = STYLED_ITEM ( 'NONE', ( #276 ), #349 ) ;
#1237 = VECTOR ( 'NONE', #2115, 1000.000000000000000 ) ;
#1238 =( NAMED_UNIT ( * ) SI_UNIT ( $, .STERADIAN. ) SOLID_ANGLE_UNIT ( ) );
#1239 = SURFACE_SIDE_STYLE ('',( #1383 ) ) ;
#1240 = DIRECTION ( 'NONE',  ( -0.000000000000000000, -0.000000000000000000, 1.000000000000000000 ) ) ;
#1241 = SURFACE_SIDE_STYLE ('',( #42 ) ) ;
#1242 =( LENGTH_UNIT ( ) NAMED_UNIT ( * ) SI_UNIT ( .MILLI., .METRE. ) );
#1243 = EDGE_CURVE ( 'NONE', #2087, #1178, #1170, .T. ) ;
#1244 = APPLICATION_CONTEXT ( 'automotive_design' ) ;
#1245 = EDGE_LOOP ( 'NONE', ( #1533, #812, #816, #1486 ) ) ;
#1246 = CARTESIAN_POINT ( 'NONE',  ( 1.348662872331562568, -0.3179755600582842012, 0.9999999999999991118 ) ) ;
#1247 = EDGE_LOOP ( 'NONE', ( #263, #469 ) ) ;
#1248 = FACE_OUTER_BOUND ( 'NONE', #1101, .T. ) ;
#1249 = PRESENTATION_LAYER_ASSIGNMENT (  '', '', ( #632 ) ) ;
#1250 = MECHANICAL_DESIGN_GEOMETRIC_PRESENTATION_REPRESENTATION (  '', ( #2173 ), #858 ) ;
#1251 =( LENGTH_UNIT ( ) NAMED_UNIT ( * ) SI_UNIT ( .MILLI., .METRE. ) );
#1252 = CARTESIAN_POINT ( 'NONE',  ( -3.500000000000000000, 0.000000000000000000, 1.200000000000001510 ) ) ;
#1253 = SURFACE_SIDE_STYLE ('',( #183 ) ) ;
#1254 =( NAMED_UNIT ( * ) SI_UNIT ( $, .STERADIAN. ) SOLID_ANGLE_UNIT ( ) );
#1255 = VECTOR ( 'NONE', #538, 1000.000000000000000 ) ;
#1256 = PRODUCT_DEFINITION_FORMATION_WITH_SPECIFIED_SOURCE ( 'ANY', '', #2064, .NOT_KNOWN. ) ;
#1257 = ORIENTED_EDGE ( 'NONE', *, *, #8, .F. ) ;
#1258 = CYLINDRICAL_SURFACE ( 'NONE', #193, 0.1999999999999999833 ) ;
#1259 = VERTEX_POINT ( 'NONE', #157 ) ;
#1260 = ADVANCED_FACE ( 'NONE', ( #1526 ), #667, .F. ) ;
#1261 = COLOUR_RGB ( '',0.1019607843137254888, 0.1019607843137254888, 0.1019607843137254888 ) ;
#1262 = DIRECTION ( 'NONE',  ( 0.000000000000000000, -1.000000000000000000, 0.000000000000000000 ) ) ;
#1263 =( LENGTH_UNIT ( ) NAMED_UNIT ( * ) SI_UNIT ( .MILLI., .METRE. ) );
#1264 = AXIS2_PLACEMENT_3D ( 'NONE', #793, #2171, #288 ) ;
#1265 = ORIENTED_EDGE ( 'NONE', *, *, #830, .F. ) ;
#1266 = CYLINDRICAL_SURFACE ( 'NONE', #969, 3.000000000000000444 ) ;
#1267 = ORIENTED_EDGE ( 'NONE', *, *, #1243, .T. ) ;
#1268 = VECTOR ( 'NONE', #1666, 1000.000000000000000 ) ;
#1269 =( NAMED_UNIT ( * ) PLANE_ANGLE_UNIT ( ) SI_UNIT ( $, .RADIAN. ) );
#1270 = PRESENTATION_LAYER_ASSIGNMENT (  '', '', ( #555 ) ) ;
#1271 = CARTESIAN_POINT ( 'NONE',  ( 4.320000000000000284, 4.320000000000000284, -3.500000000000000000 ) ) ;
#1272 = AXIS2_PLACEMENT_3D ( 'NONE', #646, #1361, #1958 ) ;
#1273 = ORIENTED_EDGE ( 'NONE', *, *, #1665, .T. ) ;
#1274 = FILL_AREA_STYLE ('',( #1762 ) ) ;
#1275 = CARTESIAN_POINT ( 'NONE',  ( 0.09199999999999995681, -4.320000000000001172, -3.500000000000000000 ) ) ;
#1276 = EDGE_LOOP ( 'NONE', ( #1956, #533 ) ) ;
#1277 = CARTESIAN_POINT ( 'NONE',  ( 2.800000000000000266, 0.000000000000000000, 11.50000000000000000 ) ) ;
#1278 = COLOUR_RGB ( '',0.9882352941176471006, 1.000000000000000000, 0.9882352941176471006 ) ;
#1279 = DIRECTION ( 'NONE',  ( 1.000000000000000000, 0.000000000000000000, 0.000000000000000000 ) ) ;
#1280 = DIRECTION ( 'NONE',  ( -0.000000000000000000, -0.000000000000000000, 1.000000000000000000 ) ) ;
#1281 = CIRCLE ( 'NONE', #1787, 3.000000000000000444 ) ;
#1282 = EDGE_CURVE ( 'NONE', #1441, #1432, #550, .T. ) ;
#1283 = CARTESIAN_POINT ( 'NONE',  ( -6.669999999999999929, 6.669999999999999041, 12.00000000000000000 ) ) ;
#1284 = MECHANICAL_DESIGN_GEOMETRIC_PRESENTATION_REPRESENTATION (  '', ( #1391 ), #1026 ) ;
#1285 = STYLED_ITEM ( 'NONE', ( #16 ), #1940 ) ;
#1286 = CARTESIAN_POINT ( 'NONE',  ( 3.720000000000000195, 4.320000000000000284, -3.500000000000000000 ) ) ;
#1287 = DIRECTION ( 'NONE',  ( 1.000000000000000000, 0.000000000000000000, 0.000000000000000000 ) ) ;
#1288 = VERTEX_POINT ( 'NONE', #1017 ) ;
#1289 = AXIS2_PLACEMENT_3D ( 'NONE', #1789, #115, #795 ) ;
#1290 = LINE ( 'NONE', #1934, #1807 ) ;
#1291 =( NAMED_UNIT ( * ) PLANE_ANGLE_UNIT ( ) SI_UNIT ( $, .RADIAN. ) );
#1292 = SURFACE_STYLE_USAGE ( .BOTH. , #608 ) ;
#1293 = FILL_AREA_STYLE_COLOUR ( '', #1444 ) ;
#1294 =( NAMED_UNIT ( * ) SI_UNIT ( $, .STERADIAN. ) SOLID_ANGLE_UNIT ( ) );
#1295 = UNCERTAINTY_MEASURE_WITH_UNIT (LENGTH_MEASURE( 1.000000000000000082E-05 ), #568, 'distance_accuracy_value', 'NONE');
#1296 = ADVANCED_FACE ( 'NONE', ( #1539, #1371 ), #546, .T. ) ;
#1297 = ORIENTED_EDGE ( 'NONE', *, *, #1442, .T. ) ;
#1298 = DIRECTION ( 'NONE',  ( 1.000000000000000000, 0.000000000000000000, 0.000000000000000000 ) ) ;
#1299 = DIRECTION ( 'NONE',  ( -1.000000000000000000, 0.000000000000000000, 0.000000000000000000 ) ) ;
#1300 = ORIENTED_EDGE ( 'NONE', *, *, #1612, .T. ) ;
#1301 = DIRECTION ( 'NONE',  ( -0.000000000000000000, -0.000000000000000000, 1.000000000000000000 ) ) ;
#1302 = MECHANICAL_DESIGN_GEOMETRIC_PRESENTATION_REPRESENTATION (  '', ( #1614 ), #52 ) ;
#1303 = AXIS2_PLACEMENT_3D ( 'NONE', #63, #1623, #737 ) ;
#1304 = FACE_OUTER_BOUND ( 'NONE', #1022, .T. ) ;
#1305 = CIRCLE ( 'NONE', #1777, 3.000000000000000444 ) ;
#1306 = CARTESIAN_POINT ( 'NONE',  ( 3.700000000000000178, 0.000000000000000000, 1.000000000000001110 ) ) ;
#1307 = VECTOR ( 'NONE', #1240, 1000.000000000000000 ) ;
#1308 = DIRECTION ( 'NONE',  ( 0.000000000000000000, -1.000000000000000000, 0.000000000000000000 ) ) ;
#1309 = EDGE_CURVE ( 'NONE', #1045, #714, #146, .T. ) ;
#1310 = UNCERTAINTY_MEASURE_WITH_UNIT (LENGTH_MEASURE( 1.000000000000000082E-05 ), #465, 'distance_accuracy_value', 'NONE');
#1311 = CARTESIAN_POINT ( 'NONE',  ( 4.320000000000000284, 4.320000000000000284, -3.500000000000000000 ) ) ;
#1312 = ORIENTED_EDGE ( 'NONE', *, *, #929, .F. ) ;
#1313 = SURFACE_STYLE_FILL_AREA ( #1625 ) ;
#1314 = LINE ( 'NONE', #1638, #266 ) ;
#1315 = FILL_AREA_STYLE ('',( #617 ) ) ;
#1316 = UNCERTAINTY_MEASURE_WITH_UNIT (LENGTH_MEASURE( 1.000000000000000082E-05 ), #473, 'distance_accuracy_value', 'NONE');
#1317 = STYLED_ITEM ( 'NONE', ( #284 ), #1470 ) ;
#1318 = EDGE_LOOP ( 'NONE', ( #256, #1161, #142, #1817 ) ) ;
#1319 = CARTESIAN_POINT ( 'NONE',  ( 4.919999999999999929, -4.320000000000000284, -3.500000000000000000 ) ) ;
#1320 = CARTESIAN_POINT ( 'NONE',  ( -6.669999999999999929, -6.670000000000000817, 0.8000000000000003775 ) ) ;
#1321 =( GEOMETRIC_REPRESENTATION_CONTEXT ( 3 ) GLOBAL_UNCERTAINTY_ASSIGNED_CONTEXT ( ( #807 ) ) GLOBAL_UNIT_ASSIGNED_CONTEXT ( ( #2031, #20, #709 ) ) REPRESENTATION_CONTEXT ( 'NONE', 'WORKASPACE' ) );
#1322 = AXIS2_PLACEMENT_3D ( 'NONE', #1459, #1448, #1279 ) ;
#1323 = EDGE_CURVE ( 'NONE', #1910, #7, #2, .T. ) ;
#1324 = DIRECTION ( 'NONE',  ( -0.000000000000000000, -0.000000000000000000, -1.000000000000000000 ) ) ;
#1325 = CARTESIAN_POINT ( 'NONE',  ( -3.299999999999999822, 4.163799117101000559E-16, 12.00000000000000000 ) ) ;
#1326 = DIRECTION ( 'NONE',  ( 0.000000000000000000, 0.000000000000000000, 1.000000000000000000 ) ) ;
#1327 = VERTEX_POINT ( 'NONE', #703 ) ;
#1328 = CARTESIAN_POINT ( 'NONE',  ( 1.348662872331562568, -0.3179755600582842012, 0.9999999999999991118 ) ) ;
#1329 = DIRECTION ( 'NONE',  ( -1.000000000000000000, 0.000000000000000000, 0.000000000000000000 ) ) ;
#1330 = ORIENTED_EDGE ( 'NONE', *, *, #1926, .T. ) ;
#1331 = CIRCLE ( 'NONE', #374, 0.6000000000000000888 ) ;
#1332 = DIRECTION ( 'NONE',  ( -1.000000000000000000, 0.000000000000000000, -0.000000000000000000 ) ) ;
#1333 = CARTESIAN_POINT ( 'NONE',  ( -6.669999999999999929, 6.669999999999999041, 12.00000000000000000 ) ) ;
#1334 = ADVANCED_FACE ( 'NONE', ( #1390 ), #1266, .F. ) ;
#1335 = VECTOR ( 'NONE', #924, 1000.000000000000000 ) ;
#1336 = SURFACE_SIDE_STYLE ('',( #984 ) ) ;
#1337 = STYLED_ITEM ( 'NONE', ( #1866 ), #168 ) ;
#1338 = VERTEX_POINT ( 'NONE', #1306 ) ;
#1339 = VECTOR ( 'NONE', #2034, 1000.000000000000227 ) ;
#1340 = ORIENTED_EDGE ( 'NONE', *, *, #1511, .T. ) ;
#1341 =( BOUNDED_CURVE ( )  B_SPLINE_CURVE ( 3, ( #1609, #790, #1100, #1320 ),
 .UNSPECIFIED., .F., .F. ) 
 B_SPLINE_CURVE_WITH_KNOTS ( ( 4, 4 ),
 ( 1.570796326794896558, 3.141592653589795781 ),
 .UNSPECIFIED. ) 
 CURVE ( )  GEOMETRIC_REPRESENTATION_ITEM ( )  RATIONAL_B_SPLINE_CURVE ( ( 1.000000000000000000, 0.8047378541243643824, 0.8047378541243643824, 1.000000000000000000 ) ) 
 REPRESENTATION_ITEM ( '' )  );
#1342 = ORIENTED_EDGE ( 'NONE', *, *, #1227, .F. ) ;
#1343 = FILL_AREA_STYLE_COLOUR ( '', #1112 ) ;
#1344 = CIRCLE ( 'NONE', #459, 0.5999999999999998668 ) ;
#1345 = UNCERTAINTY_MEASURE_WITH_UNIT (LENGTH_MEASURE( 1.000000000000000082E-05 ), #1242, 'distance_accuracy_value', 'NONE');
#1346 = LINE ( 'NONE', #1333, #1802 ) ;
#1347 = FACE_BOUND ( 'NONE', #1276, .T. ) ;
#1348 = SURFACE_STYLE_USAGE ( .BOTH. , #985 ) ;
#1349 = EDGE_CURVE ( 'NONE', #584, #100, #1341, .T. ) ;
#1350 = ORIENTED_EDGE ( 'NONE', *, *, #24, .T. ) ;
#1351 = DIRECTION ( 'NONE',  ( -0.000000000000000000, -0.000000000000000000, -1.000000000000000000 ) ) ;
#1352 = DIRECTION ( 'NONE',  ( 0.000000000000000000, 0.000000000000000000, -1.000000000000000000 ) ) ;
#1353 = UNCERTAINTY_MEASURE_WITH_UNIT (LENGTH_MEASURE( 1.000000000000000082E-05 ), #242, 'distance_accuracy_value', 'NONE');
#1354 = SURFACE_SIDE_STYLE ('',( #1696 ) ) ;
#1355 =( GEOMETRIC_REPRESENTATION_CONTEXT ( 3 ) GLOBAL_UNCERTAINTY_ASSIGNED_CONTEXT ( ( #1121 ) ) GLOBAL_UNIT_ASSIGNED_CONTEXT ( ( #172, #1859, #1254 ) ) REPRESENTATION_CONTEXT ( 'NONE', 'WORKASPACE' ) );
#1356 = ORIENTED_EDGE ( 'NONE', *, *, #1553, .F. ) ;
#1357 = AXIS2_PLACEMENT_3D ( 'NONE', #110, #1631, #1816 ) ;
#1358 =( NAMED_UNIT ( * ) PLANE_ANGLE_UNIT ( ) SI_UNIT ( $, .RADIAN. ) );
#1359 = VECTOR ( 'NONE', #128, 1000.000000000000000 ) ;
#1360 = FILL_AREA_STYLE ('',( #1692 ) ) ;
#1361 = DIRECTION ( 'NONE',  ( 0.000000000000000000, -0.000000000000000000, -1.000000000000000000 ) ) ;
#1362 = FILL_AREA_STYLE_COLOUR ( '', #36 ) ;
#1363 = FILL_AREA_STYLE_COLOUR ( '', #1086 ) ;
#1364 = SURFACE_STYLE_USAGE ( .BOTH. , #675 ) ;
#1365 = DIRECTION ( 'NONE',  ( -0.2879220702052478487, 0.9576538422043344712, 0.000000000000000000 ) ) ;
#1366 = ORIENTED_EDGE ( 'NONE', *, *, #1797, .F. ) ;
#1367 = EDGE_CURVE ( 'NONE', #1015, #1913, #1769, .T. ) ;
#1368 = DIRECTION ( 'NONE',  ( -0.000000000000000000, -0.000000000000000000, 1.000000000000000000 ) ) ;
#1369 = ORIENTED_EDGE ( 'NONE', *, *, #1511, .F. ) ;
#1370 = LINE ( 'NONE', #311, #1268 ) ;
#1371 = FACE_BOUND ( 'NONE', #1024, .T. ) ;
#1372 = CARTESIAN_POINT ( 'NONE',  ( -4.920000000000001705, 4.320000000000000284, -3.500000000000000000 ) ) ;
#1373 = DIRECTION ( 'NONE',  ( -0.000000000000000000, -1.000000000000000000, -0.000000000000000000 ) ) ;
#1374 = CARTESIAN_POINT ( 'NONE',  ( 4.320000000000000284, -4.320000000000000284, -3.500000000000000000 ) ) ;
#1375 = ORIENTED_EDGE ( 'NONE', *, *, #1693, .T. ) ;
#1376 = COLOUR_RGB ( '',0.1019607843137254888, 0.1019607843137254888, 0.1019607843137254888 ) ;
#1377 =( NAMED_UNIT ( * ) SI_UNIT ( $, .STERADIAN. ) SOLID_ANGLE_UNIT ( ) );
#1378 = AXIS2_PLACEMENT_3D ( 'NONE', #1423, #1044, #1715 ) ;
#1379 = ORIENTED_EDGE ( 'NONE', *, *, #1458, .F. ) ;
#1380 = EDGE_CURVE ( 'NONE', #70, #1424, #448, .T. ) ;
#1381 = SURFACE_STYLE_USAGE ( .BOTH. , #1912 ) ;
#1382 = PRESENTATION_LAYER_ASSIGNMENT (  '', '', ( #126 ) ) ;
#1383 = SURFACE_STYLE_FILL_AREA ( #891 ) ;
#1384 = SURFACE_STYLE_FILL_AREA ( #1186 ) ;
#1385 = PRESENTATION_STYLE_ASSIGNMENT (( #386 ) ) ;
#1386 = CARTESIAN_POINT ( 'NONE',  ( 6.469999999999999751, -6.470000000000000639, 1.000000000000000888 ) ) ;
#1387 = ORIENTED_EDGE ( 'NONE', *, *, #1487, .F. ) ;
#1388 = FILL_AREA_STYLE_COLOUR ( '', #1083 ) ;
#1389 = ORIENTED_EDGE ( 'NONE', *, *, #39, .F. ) ;
#1390 = FACE_OUTER_BOUND ( 'NONE', #1463, .T. ) ;
#1391 = STYLED_ITEM ( 'NONE', ( #55 ), #1829 ) ;
#1392 = EDGE_CURVE ( 'NONE', #1424, #1522, #1931, .T. ) ;
#1393 = AXIS2_PLACEMENT_3D ( 'NONE', #1283, #775, #1948 ) ;
#1394 = FACE_OUTER_BOUND ( 'NONE', #508, .T. ) ;
#1395 = STYLED_ITEM ( 'NONE', ( #964 ), #2138 ) ;
#1396 = CYLINDRICAL_SURFACE ( 'NONE', #2097, 0.5999999999999998668 ) ;
#1397 =( NAMED_UNIT ( * ) PLANE_ANGLE_UNIT ( ) SI_UNIT ( $, .RADIAN. ) );
#1398 = AXIS2_PLACEMENT_3D ( 'NONE', #1488, #313, #1996 ) ;
#1399 = SURFACE_SIDE_STYLE ('',( #185 ) ) ;
#1400 = ORIENTED_EDGE ( 'NONE', *, *, #1019, .F. ) ;
#1401 =( LENGTH_UNIT ( ) NAMED_UNIT ( * ) SI_UNIT ( .MILLI., .METRE. ) );
#1402 = CARTESIAN_POINT ( 'NONE',  ( -0.9497063489588407625, -1.008988528550880392, 0.9999999999999991118 ) ) ;
#1403 = EDGE_CURVE ( 'NONE', #1675, #1843, #713, .T. ) ;
#1404 = CARTESIAN_POINT ( 'NONE',  ( 4.320000000000000284, -4.320000000000000284, -3.500000000000000000 ) ) ;
#1405 = CARTESIAN_POINT ( 'NONE',  ( -0.5080000000000000071, 4.320000000000000284, 0.000000000000000000 ) ) ;
#1406 = CARTESIAN_POINT ( 'NONE',  ( -1.108000000000000096, 4.320000000000000284, -3.500000000000000000 ) ) ;
#1407 = FILL_AREA_STYLE_COLOUR ( '', #243 ) ;
#1408 = SURFACE_SIDE_STYLE ('',( #1230 ) ) ;
#1409 = EDGE_LOOP ( 'NONE', ( #357, #1716, #1422, #1156 ) ) ;
#1410 = PLANE ( 'NONE',  #1745 ) ;
#1411 = TOROIDAL_SURFACE ( 'NONE', #451, 2.800000000000000266, 0.2000000000000000111 ) ;
#1412 = EDGE_LOOP ( 'NONE', ( #1312, #1387, #899, #91 ) ) ;
#1413 = STYLED_ITEM ( 'NONE', ( #438 ), #991 ) ;
#1414 = VECTOR ( 'NONE', #1219, 1000.000000000000000 ) ;
#1415 = PRESENTATION_LAYER_ASSIGNMENT (  '', '', ( #59 ) ) ;
#1416 = SURFACE_STYLE_USAGE ( .BOTH. , #1239 ) ;
#1417 = PRESENTATION_STYLE_ASSIGNMENT (( #50 ) ) ;
#1418 = SURFACE_STYLE_USAGE ( .BOTH. , #730 ) ;
#1419 = SURFACE_SIDE_STYLE ('',( #1549 ) ) ;
#1420 =( NAMED_UNIT ( * ) PLANE_ANGLE_UNIT ( ) SI_UNIT ( $, .RADIAN. ) );
#1421 =( NAMED_UNIT ( * ) SI_UNIT ( $, .STERADIAN. ) SOLID_ANGLE_UNIT ( ) );
#1422 = ORIENTED_EDGE ( 'NONE', *, *, #1458, .T. ) ;
#1423 = CARTESIAN_POINT ( 'NONE',  ( 0.000000000000000000, 0.000000000000000000, 0.000000000000000000 ) ) ;
#1424 = VERTEX_POINT ( 'NONE', #1951 ) ;
#1425 = CIRCLE ( 'NONE', #1128, 0.6000000000000015321 ) ;
#1426 = DIRECTION ( 'NONE',  ( -0.000000000000000000, 1.000000000000000000, -0.000000000000000000 ) ) ;
#1427 = LINE ( 'NONE', #406, #523 ) ;
#1428 =( GEOMETRIC_REPRESENTATION_CONTEXT ( 3 ) GLOBAL_UNCERTAINTY_ASSIGNED_CONTEXT ( ( #1169 ) ) GLOBAL_UNIT_ASSIGNED_CONTEXT ( ( #335, #684, #350 ) ) REPRESENTATION_CONTEXT ( 'NONE', 'WORKASPACE' ) );
#1429 = CYLINDRICAL_SURFACE ( 'NONE', #2143, 0.1999999999999999833 ) ;
#1430 = ORIENTED_EDGE ( 'NONE', *, *, #2078, .F. ) ;
#1431 = EDGE_CURVE ( 'NONE', #186, #2000, #999, .T. ) ;
#1432 = VERTEX_POINT ( 'NONE', #1454 ) ;
#1433 =( GEOMETRIC_REPRESENTATION_CONTEXT ( 3 ) GLOBAL_UNCERTAINTY_ASSIGNED_CONTEXT ( ( #505 ) ) GLOBAL_UNIT_ASSIGNED_CONTEXT ( ( #1401, #876, #2017 ) ) REPRESENTATION_CONTEXT ( 'NONE', 'WORKASPACE' ) );
#1434 =( LENGTH_UNIT ( ) NAMED_UNIT ( * ) SI_UNIT ( .MILLI., .METRE. ) );
#1435 = SURFACE_STYLE_FILL_AREA ( #1606 ) ;
#1436 = SURFACE_STYLE_FILL_AREA ( #1919 ) ;
#1437 = CARTESIAN_POINT ( 'NONE',  ( -2.800000000000000266, 3.551475717527324325E-16, 11.50000000000000000 ) ) ;
#1438 = AXIS2_PLACEMENT_3D ( 'NONE', #1821, #468, #2159 ) ;
#1439 = ORIENTED_EDGE ( 'NONE', *, *, #1380, .T. ) ;
#1440 = FACE_OUTER_BOUND ( 'NONE', #990, .T. ) ;
#1441 = VERTEX_POINT ( 'NONE', #261 ) ;
#1442 = EDGE_CURVE ( 'NONE', #1507, #1843, #1621, .T. ) ;
#1443 = CIRCLE ( 'NONE', #1185, 0.2000000000000000944 ) ;
#1444 = COLOUR_RGB ( '',0.1019607843137254888, 0.1019607843137254888, 0.1019607843137254888 ) ;
#1445 = EDGE_CURVE ( 'NONE', #2006, #744, #1425, .T. ) ;
#1446 = SURFACE_SIDE_STYLE ('',( #1923 ) ) ;
#1447 =( GEOMETRIC_REPRESENTATION_CONTEXT ( 3 ) GLOBAL_UNCERTAINTY_ASSIGNED_CONTEXT ( ( #1949 ) ) GLOBAL_UNIT_ASSIGNED_CONTEXT ( ( #1034, #1058, #44 ) ) REPRESENTATION_CONTEXT ( 'NONE', 'WORKASPACE' ) );
#1448 = DIRECTION ( 'NONE',  ( -0.000000000000000000, -0.000000000000000000, 1.000000000000000000 ) ) ;
#1449 = FILL_AREA_STYLE_COLOUR ( '', #914 ) ;
#1450 =( NAMED_UNIT ( * ) SI_UNIT ( $, .STERADIAN. ) SOLID_ANGLE_UNIT ( ) );
#1451 = LINE ( 'NONE', #96, #1960 ) ;
#1452 = PRESENTATION_LAYER_ASSIGNMENT (  '', '', ( #879 ) ) ;
#1453 = CARTESIAN_POINT ( 'NONE',  ( 0.000000000000000000, 0.000000000000000000, 1.200000000000001510 ) ) ;
#1454 = CARTESIAN_POINT ( 'NONE',  ( 6.669999999999999929, -6.670000000000000817, 0.000000000000000000 ) ) ;
#1455 =( LENGTH_UNIT ( ) NAMED_UNIT ( * ) SI_UNIT ( .MILLI., .METRE. ) );
#1456 = ORIENTED_EDGE ( 'NONE', *, *, #1529, .T. ) ;
#1457 = MECHANICAL_DESIGN_GEOMETRIC_PRESENTATION_REPRESENTATION (  '', ( #1317 ), #1657 ) ;
#1458 = EDGE_CURVE ( 'NONE', #622, #594, #1281, .T. ) ;
#1459 = CARTESIAN_POINT ( 'NONE',  ( -0.5080000000000000071, 4.320000000000000284, -3.500000000000000000 ) ) ;
#1460 = SURFACE_STYLE_FILL_AREA ( #774 ) ;
#1461 = DIRECTION ( 'NONE',  ( 1.224646799147353207E-16, 1.000000000000000000, 0.000000000000000000 ) ) ;
#1462 = STYLED_ITEM ( 'NONE', ( #811 ), #1907 ) ;
#1463 = EDGE_LOOP ( 'NONE', ( #735, #1350, #2130, #241 ) ) ;
#1464 =( LENGTH_UNIT ( ) NAMED_UNIT ( * ) SI_UNIT ( .MILLI., .METRE. ) );
#1465 = CARTESIAN_POINT ( 'NONE',  ( -0.5080000000000000071, -4.320000000000001172, -3.500000000000000000 ) ) ;
#1466 = FACE_OUTER_BOUND ( 'NONE', #1708, .T. ) ;
#1467 = ORIENTED_EDGE ( 'NONE', *, *, #561, .F. ) ;
#1468 = PRESENTATION_LAYER_ASSIGNMENT (  '', '', ( #717 ) ) ;
#1469 = UNCERTAINTY_MEASURE_WITH_UNIT (LENGTH_MEASURE( 1.000000000000000082E-05 ), #1632, 'distance_accuracy_value', 'NONE');
#1470 = ADVANCED_FACE ( 'NONE', ( #1781 ), #464, .T. ) ;
#1471 = SURFACE_SIDE_STYLE ('',( #109 ) ) ;
#1472 = CARTESIAN_POINT ( 'NONE',  ( 3.000000000000000444, 3.673940397442060361E-16, 12.00000000000000000 ) ) ;
#1473 = ORIENTED_EDGE ( 'NONE', *, *, #1984, .T. ) ;
#1474 = LINE ( 'NONE', #2151, #1547 ) ;
#1475 = ORIENTED_EDGE ( 'NONE', *, *, #2026, .T. ) ;
#1476 = CARTESIAN_POINT ( 'NONE',  ( 1.348662872331562568, -0.3179755600582842012, 0.9999999999999991118 ) ) ;
#1477 = PRESENTATION_LAYER_ASSIGNMENT (  '', '', ( #1614 ) ) ;
#1478 =( GEOMETRIC_REPRESENTATION_CONTEXT ( 3 ) GLOBAL_UNCERTAINTY_ASSIGNED_CONTEXT ( ( #1989 ) ) GLOBAL_UNIT_ASSIGNED_CONTEXT ( ( #1251, #1579, #1238 ) ) REPRESENTATION_CONTEXT ( 'NONE', 'WORKASPACE' ) );
#1479 = MECHANICAL_DESIGN_GEOMETRIC_PRESENTATION_REPRESENTATION (  '', ( #229 ), #1447 ) ;
#1480 = FILL_AREA_STYLE ('',( #796 ) ) ;
#1481 = FACE_BOUND ( 'NONE', #560, .T. ) ;
#1482 = COLOUR_RGB ( '',1.000000000000000000, 0.5019607843137254832, 0.000000000000000000 ) ;
#1483 = FILL_AREA_STYLE ('',( #1794 ) ) ;
#1484 =( NAMED_UNIT ( * ) PLANE_ANGLE_UNIT ( ) SI_UNIT ( $, .RADIAN. ) );
#1485 = AXIS2_PLACEMENT_3D ( 'NONE', #1969, #1983, #471 ) ;
#1486 = ORIENTED_EDGE ( 'NONE', *, *, #719, .F. ) ;
#1487 = EDGE_CURVE ( 'NONE', #931, #933, #1624, .T. ) ;
#1488 = CARTESIAN_POINT ( 'NONE',  ( 4.320000000000000284, 4.320000000000000284, 0.000000000000000000 ) ) ;
#1489 =( LENGTH_UNIT ( ) NAMED_UNIT ( * ) SI_UNIT ( .MILLI., .METRE. ) );
#1490 = MECHANICAL_DESIGN_GEOMETRIC_PRESENTATION_REPRESENTATION (  '', ( #396 ), #569 ) ;
#1491 = SURFACE_STYLE_FILL_AREA ( #1815 ) ;
#1492 = DIRECTION ( 'NONE',  ( 1.000000000000000000, 0.000000000000000000, 0.000000000000000000 ) ) ;
#1493 = COLOUR_RGB ( '',0.1019607843137254888, 0.1019607843137254888, 0.1019607843137254888 ) ;
#1494 = VERTEX_POINT ( 'NONE', #515 ) ;
#1495 =( GEOMETRIC_REPRESENTATION_CONTEXT ( 3 ) GLOBAL_UNCERTAINTY_ASSIGNED_CONTEXT ( ( #1510 ) ) GLOBAL_UNIT_ASSIGNED_CONTEXT ( ( #149, #850, #136 ) ) REPRESENTATION_CONTEXT ( 'NONE', 'WORKASPACE' ) );
#1496 = FILL_AREA_STYLE ('',( #1343 ) ) ;
#1497 = MECHANICAL_DESIGN_GEOMETRIC_PRESENTATION_REPRESENTATION (  '', ( #282 ), #1758 ) ;
#1498 = UNCERTAINTY_MEASURE_WITH_UNIT (LENGTH_MEASURE( 1.000000000000000082E-05 ), #1489, 'distance_accuracy_value', 'NONE');
#1499 = CARTESIAN_POINT ( 'NONE',  ( 3.720000000000000195, -4.320000000000000284, -3.500000000000000000 ) ) ;
#1500 = DIRECTION ( 'NONE',  ( 1.000000000000000000, -0.000000000000000000, -0.000000000000000000 ) ) ;
#1501 = MECHANICAL_DESIGN_GEOMETRIC_PRESENTATION_REPRESENTATION (  '', ( #1933 ), #2119 ) ;
#1502 = CARTESIAN_POINT ( 'NONE',  ( 0.9497063489588402074, 1.008988528550881281, 11.50000000000000000 ) ) ;
#1503 = ORIENTED_EDGE ( 'NONE', *, *, #1761, .T. ) ;
#1504 = CARTESIAN_POINT ( 'NONE',  ( -6.669999999999999929, 6.669999999999999041, 12.00000000000000000 ) ) ;
#1505 = UNCERTAINTY_MEASURE_WITH_UNIT (LENGTH_MEASURE( 1.000000000000000082E-05 ), #718, 'distance_accuracy_value', 'NONE');
#1506 = DIRECTION ( 'NONE',  ( -0.000000000000000000, 0.000000000000000000, 1.000000000000000000 ) ) ;
#1507 = VERTEX_POINT ( 'NONE', #353 ) ;
#1508 = SURFACE_SIDE_STYLE ('',( #665 ) ) ;
#1509 = CARTESIAN_POINT ( 'NONE',  ( -6.469999999999999751, 6.469999999999998863, 1.000000000000000888 ) ) ;
#1510 = UNCERTAINTY_MEASURE_WITH_UNIT (LENGTH_MEASURE( 1.000000000000000082E-05 ), #149, 'distance_accuracy_value', 'NONE');
#1511 = EDGE_CURVE ( 'NONE', #100, #230, #1029, .T. ) ;
#1512 = MECHANICAL_DESIGN_GEOMETRIC_PRESENTATION_REPRESENTATION (  '', ( #1007 ), #647 ) ;
#1513 = DIRECTION ( 'NONE',  ( 1.224646799147353207E-16, 1.000000000000000000, -0.000000000000000000 ) ) ;
#1514 = STYLED_ITEM ( 'NONE', ( #878 ), #224 ) ;
#1515 = LINE ( 'NONE', #1502, #996 ) ;
#1516 =( GEOMETRIC_REPRESENTATION_CONTEXT ( 3 ) GLOBAL_UNCERTAINTY_ASSIGNED_CONTEXT ( ( #1672 ) ) GLOBAL_UNIT_ASSIGNED_CONTEXT ( ( #1434, #1269, #2082 ) ) REPRESENTATION_CONTEXT ( 'NONE', 'WORKASPACE' ) );
#1517 = EDGE_LOOP ( 'NONE', ( #1143, #1902, #1991, #2137 ) ) ;
#1518 = DIRECTION ( 'NONE',  ( 1.000000000000000000, 0.000000000000000000, -0.000000000000000000 ) ) ;
#1519 = SURFACE_STYLE_USAGE ( .BOTH. , #1152 ) ;
#1520 = DIRECTION ( 'NONE',  ( 0.9576538422043344712, 0.2879220702052478487, 0.000000000000000000 ) ) ;
#1521 = PRESENTATION_LAYER_ASSIGNMENT (  '', '', ( #388 ) ) ;
#1522 = VERTEX_POINT ( 'NONE', #1685 ) ;
#1523 = CIRCLE ( 'NONE', #1485, 0.5999999999999999778 ) ;
#1524 = SURFACE_SIDE_STYLE ('',( #1204 ) ) ;
#1525 = VECTOR ( 'NONE', #1426, 1000.000000000000000 ) ;
#1526 = FACE_OUTER_BOUND ( 'NONE', #854, .T. ) ;
#1527 = CYLINDRICAL_SURFACE ( 'NONE', #1713, 3.000000000000000444 ) ;
#1528 = FACE_BOUND ( 'NONE', #1724, .T. ) ;
#1529 = EDGE_CURVE ( 'NONE', #1154, #2087, #639, .T. ) ;
#1530 =( NAMED_UNIT ( * ) SI_UNIT ( $, .STERADIAN. ) SOLID_ANGLE_UNIT ( ) );
#1531 = SURFACE_STYLE_USAGE ( .BOTH. , #851 ) ;
#1532 = FILL_AREA_STYLE ('',( #1660 ) ) ;
#1533 = ORIENTED_EDGE ( 'NONE', *, *, #1084, .F. ) ;
#1534 = AXIS2_PLACEMENT_3D ( 'NONE', #1162, #2168, #826 ) ;
#1535 = EDGE_LOOP ( 'NONE', ( #1593, #213 ) ) ;
#1536 = DIRECTION ( 'NONE',  ( -1.000000000000000000, 0.000000000000000000, 0.000000000000000000 ) ) ;
#1537 =( GEOMETRIC_REPRESENTATION_CONTEXT ( 3 ) GLOBAL_UNCERTAINTY_ASSIGNED_CONTEXT ( ( #1498 ) ) GLOBAL_UNIT_ASSIGNED_CONTEXT ( ( #1489, #1800, #1294 ) ) REPRESENTATION_CONTEXT ( 'NONE', 'WORKASPACE' ) );
#1538 = VECTOR ( 'NONE', #383, 1000.000000000000000 ) ;
#1539 = FACE_OUTER_BOUND ( 'NONE', #574, .T. ) ;
#1540 = SURFACE_STYLE_USAGE ( .BOTH. , #1970 ) ;
#1541 = SURFACE_SIDE_STYLE ('',( #129 ) ) ;
#1542 = FILL_AREA_STYLE ('',( #700 ) ) ;
#1543 = ORIENTED_EDGE ( 'NONE', *, *, #535, .F. ) ;
#1544 = EDGE_CURVE ( 'NONE', #1173, #939, #1849, .T. ) ;
#1545 =( NAMED_UNIT ( * ) SI_UNIT ( $, .STERADIAN. ) SOLID_ANGLE_UNIT ( ) );
#1546 = ORIENTED_EDGE ( 'NONE', *, *, #548, .F. ) ;
#1547 = VECTOR ( 'NONE', #1786, 1000.000000000000227 ) ;
#1548 = SURFACE_STYLE_FILL_AREA ( #365 ) ;
#1549 = SURFACE_STYLE_FILL_AREA ( #581 ) ;
#1550 = SURFACE_STYLE_FILL_AREA ( #355 ) ;
#1551 = DIRECTION ( 'NONE',  ( 0.000000000000000000, 0.000000000000000000, 1.000000000000000000 ) ) ;
#1552 = MECHANICAL_DESIGN_GEOMETRIC_PRESENTATION_REPRESENTATION (  '', ( #1848 ), #457 ) ;
#1553 = EDGE_CURVE ( 'NONE', #641, #1566, #603, .T. ) ;
#1554 = ORIENTED_EDGE ( 'NONE', *, *, #929, .T. ) ;
#1555 = CARTESIAN_POINT ( 'NONE',  ( -0.5080000000000000071, -4.320000000000001172, 0.000000000000000000 ) ) ;
#1556 = CIRCLE ( 'NONE', #946, 3.000000000000000444 ) ;
#1557 = DIRECTION ( 'NONE',  ( 0.000000000000000000, 0.000000000000000000, -1.000000000000000000 ) ) ;
#1558 = AXIS2_PLACEMENT_3D ( 'NONE', #1812, #1138, #810 ) ;
#1559 =( NAMED_UNIT ( * ) PLANE_ANGLE_UNIT ( ) SI_UNIT ( $, .RADIAN. ) );
#1560 = FILL_AREA_STYLE_COLOUR ( '', #358 ) ;
#1561 =( LENGTH_UNIT ( ) NAMED_UNIT ( * ) SI_UNIT ( .MILLI., .METRE. ) );
#1562 = CARTESIAN_POINT ( 'NONE',  ( 3.000000000000000444, 0.000000000000000000, 11.50000000000000000 ) ) ;
#1563 = CARTESIAN_POINT ( 'NONE',  ( -6.469999999999999751, 0.000000000000000000, 0.8000000000000009326 ) ) ;
#1564 = CARTESIAN_POINT ( 'NONE',  ( 0.000000000000000000, -6.470000000000000639, 0.8000000000000009326 ) ) ;
#1565 = AXIS2_PLACEMENT_3D ( 'NONE', #1897, #1041, #2043 ) ;
#1566 = VERTEX_POINT ( 'NONE', #1659 ) ;
#1567 = ADVANCED_FACE ( 'NONE', ( #2002 ), #738, .T. ) ;
#1568 = DIRECTION ( 'NONE',  ( 0.000000000000000000, -0.000000000000000000, -1.000000000000000000 ) ) ;
#1569 = AXIS2_PLACEMENT_3D ( 'NONE', #977, #1130, #767 ) ;
#1570 = LINE ( 'NONE', #2039, #1335 ) ;
#1571 = CIRCLE ( 'NONE', #176, 0.5999999999999999778 ) ;
#1572 = CARTESIAN_POINT ( 'NONE',  ( 3.500000000000000000, 4.286263797015736595E-16, 1.200000000000001510 ) ) ;
#1573 = EDGE_LOOP ( 'NONE', ( #45, #2147, #1619, #1203 ) ) ;
#1574 = VECTOR ( 'NONE', #499, 1000.000000000000000 ) ;
#1575 = CARTESIAN_POINT ( 'NONE',  ( 6.669999999999999929, 6.669999999999999041, 12.00000000000000000 ) ) ;
#1576 = ORIENTED_EDGE ( 'NONE', *, *, #281, .F. ) ;
#1577 =( NAMED_UNIT ( * ) SI_UNIT ( $, .STERADIAN. ) SOLID_ANGLE_UNIT ( ) );
#1578 = SURFACE_SIDE_STYLE ('',( #1548 ) ) ;
#1579 =( NAMED_UNIT ( * ) PLANE_ANGLE_UNIT ( ) SI_UNIT ( $, .RADIAN. ) );
#1580 = ADVANCED_FACE ( 'NONE', ( #662 ), #325, .T. ) ;
#1581 = LINE ( 'NONE', #64, #1255 ) ;
#1582 = DIRECTION ( 'NONE',  ( 0.2294790939942160102, 0.9733135904833517538, 0.000000000000000000 ) ) ;
#1583 = CARTESIAN_POINT ( 'NONE',  ( 4.919999999999999929, -4.320000000000000284, 0.000000000000000000 ) ) ;
#1584 = AXIS2_PLACEMENT_3D ( 'NONE', #376, #886, #1125 ) ;
#1585 = ORIENTED_EDGE ( 'NONE', *, *, #1282, .F. ) ;
#1586 = AXIS2_PLACEMENT_3D ( 'NONE', #2149, #519, #485 ) ;
#1587 = CARTESIAN_POINT ( 'NONE',  ( -6.669999999999999929, -6.670000000000000817, 0.000000000000000000 ) ) ;
#1588 = LINE ( 'NONE', #28, #1538 ) ;
#1589 = ADVANCED_FACE ( 'NONE', ( #2055 ), #1872, .F. ) ;
#1590 = PRESENTATION_STYLE_ASSIGNMENT (( #1418 ) ) ;
#1591 = FILL_AREA_STYLE_COLOUR ( '', #1278 ) ;
#1592 = DIRECTION ( 'NONE',  ( 0.000000000000000000, 0.000000000000000000, 1.000000000000000000 ) ) ;
#1593 = ORIENTED_EDGE ( 'NONE', *, *, #2074, .T. ) ;
#1594 = SURFACE_STYLE_USAGE ( .BOTH. , #46 ) ;
#1595 = COLOUR_RGB ( '',1.000000000000000000, 0.5019607843137254832, 0.000000000000000000 ) ;
#1596 = PRESENTATION_LAYER_ASSIGNMENT (  '', '', ( #398 ) ) ;
#1597 = CARTESIAN_POINT ( 'NONE',  ( 4.320000000000000284, -4.320000000000000284, -3.500000000000000000 ) ) ;
#1598 = DIRECTION ( 'NONE',  ( 0.000000000000000000, 0.000000000000000000, -1.000000000000000000 ) ) ;
#1599 =( LENGTH_UNIT ( ) NAMED_UNIT ( * ) SI_UNIT ( .MILLI., .METRE. ) );
#1600 = PRESENTATION_LAYER_ASSIGNMENT (  '', '', ( #934 ) ) ;
#1601 = EDGE_CURVE ( 'NONE', #714, #1945, #1229, .T. ) ;
#1602 = DIRECTION ( 'NONE',  ( 0.000000000000000000, 0.000000000000000000, -1.000000000000000000 ) ) ;
#1603 = ORIENTED_EDGE ( 'NONE', *, *, #2053, .T. ) ;
#1604 = ADVANCED_FACE ( 'NONE', ( #218 ), #30, .F. ) ;
#1605 = FILL_AREA_STYLE_COLOUR ( '', #332 ) ;
#1606 = FILL_AREA_STYLE ('',( #1756 ) ) ;
#1607 = LINE ( 'NONE', #1750, #1990 ) ;
#1608 = SURFACE_STYLE_FILL_AREA ( #798 ) ;
#1609 = CARTESIAN_POINT ( 'NONE',  ( -6.469999999999999751, -6.470000000000000639, 1.000000000000000888 ) ) ;
#1610 = CARTESIAN_POINT ( 'NONE',  ( 6.469999999999999751, 0.000000000000000000, 0.8000000000000009326 ) ) ;
#1611 = VERTEX_POINT ( 'NONE', #1572 ) ;
#1612 = EDGE_CURVE ( 'NONE', #1173, #275, #2032, .T. ) ;
#1613 = MECHANICAL_DESIGN_GEOMETRIC_PRESENTATION_REPRESENTATION (  '', ( #1337 ), #1189 ) ;
#1614 = STYLED_ITEM ( 'NONE', ( #1417 ), #277 ) ;
#1615 = FACE_OUTER_BOUND ( 'NONE', #1412, .T. ) ;
#1616 = AXIS2_PLACEMENT_3D ( 'NONE', #453, #1602, #629 ) ;
#1617 =( LENGTH_UNIT ( ) NAMED_UNIT ( * ) SI_UNIT ( .MILLI., .METRE. ) );
#1618 = SURFACE_SIDE_STYLE ('',( #1959 ) ) ;
#1619 = ORIENTED_EDGE ( 'NONE', *, *, #467, .F. ) ;
#1620 = FILL_AREA_STYLE ('',( #2135 ) ) ;
#1621 = LINE ( 'NONE', #98, #1097 ) ;
#1622 = EDGE_LOOP ( 'NONE', ( #613, #2033, #1467, #1257 ) ) ;
#1623 = DIRECTION ( 'NONE',  ( 0.000000000000000000, -0.000000000000000000, -1.000000000000000000 ) ) ;
#1624 = CIRCLE ( 'NONE', #857, 3.500000000000000000 ) ;
#1625 = FILL_AREA_STYLE ('',( #625 ) ) ;
#1626 = STYLED_ITEM ( 'NONE', ( #1643 ), #1650 ) ;
#1627 = SURFACE_STYLE_FILL_AREA ( #954 ) ;
#1628 = MECHANICAL_DESIGN_GEOMETRIC_PRESENTATION_REPRESENTATION (  '', ( #500 ), #1098 ) ;
#1629 = VERTEX_POINT ( 'NONE', #731 ) ;
#1630 = FILL_AREA_STYLE ('',( #957 ) ) ;
#1631 = DIRECTION ( 'NONE',  ( 0.000000000000000000, -0.000000000000000000, -1.000000000000000000 ) ) ;
#1632 =( LENGTH_UNIT ( ) NAMED_UNIT ( * ) SI_UNIT ( .MILLI., .METRE. ) );
#1633 = STYLED_ITEM ( 'NONE', ( #202 ), #1334 ) ;
#1634 = DIRECTION ( 'NONE',  ( 1.000000000000000000, 0.000000000000000000, 0.000000000000000000 ) ) ;
#1635 = ORIENTED_EDGE ( 'NONE', *, *, #132, .F. ) ;
#1636 = CARTESIAN_POINT ( 'NONE',  ( -4.320000000000000284, 4.320000000000000284, -3.500000000000000000 ) ) ;
#1637 = VECTOR ( 'NONE', #596, 1000.000000000000227 ) ;
#1638 = CARTESIAN_POINT ( 'NONE',  ( -6.669999999999999929, -6.670000000000000817, 0.000000000000000000 ) ) ;
#1639 = ADVANCED_FACE ( 'NONE', ( #2069 ), #2106, .T. ) ;
#1640 = PLANE ( 'NONE',  #742 ) ;
#1641 = ORIENTED_EDGE ( 'NONE', *, *, #2015, .F. ) ;
#1642 =( LENGTH_UNIT ( ) NAMED_UNIT ( * ) SI_UNIT ( .MILLI., .METRE. ) );
#1643 = PRESENTATION_STYLE_ASSIGNMENT (( #99 ) ) ;
#1644 = ORIENTED_EDGE ( 'NONE', *, *, #2123, .T. ) ;
#1645 = CARTESIAN_POINT ( 'NONE',  ( -0.3989565233727216942, 1.326964088609166037, 0.9999999999999991118 ) ) ;
#1646 = PRESENTATION_LAYER_ASSIGNMENT (  '', '', ( #417 ) ) ;
#1647 = FILL_AREA_STYLE_COLOUR ( '', #528 ) ;
#1648 = SURFACE_STYLE_FILL_AREA ( #295 ) ;
#1649 =( GEOMETRIC_REPRESENTATION_CONTEXT ( 3 ) GLOBAL_UNCERTAINTY_ASSIGNED_CONTEXT ( ( #2094 ) ) GLOBAL_UNIT_ASSIGNED_CONTEXT ( ( #2165, #2010, #151 ) ) REPRESENTATION_CONTEXT ( 'NONE', 'WORKASPACE' ) );
#1650 = ADVANCED_FACE ( 'NONE', ( #1466 ), #1153, .T. ) ;
#1651 = ORIENTED_EDGE ( 'NONE', *, *, #119, .F. ) ;
#1652 = ORIENTED_EDGE ( 'NONE', *, *, #1886, .T. ) ;
#1653 =( NAMED_UNIT ( * ) PLANE_ANGLE_UNIT ( ) SI_UNIT ( $, .RADIAN. ) );
#1654 =( LENGTH_UNIT ( ) NAMED_UNIT ( * ) SI_UNIT ( .MILLI., .METRE. ) );
#1655 = DIRECTION ( 'NONE',  ( 0.000000000000000000, 0.000000000000000000, 1.000000000000000000 ) ) ;
#1656 = DIRECTION ( 'NONE',  ( 1.000000000000000000, 0.000000000000000000, 0.000000000000000000 ) ) ;
#1657 =( GEOMETRIC_REPRESENTATION_CONTEXT ( 3 ) GLOBAL_UNCERTAINTY_ASSIGNED_CONTEXT ( ( #2125 ) ) GLOBAL_UNIT_ASSIGNED_CONTEXT ( ( #121, #1484, #1963 ) ) REPRESENTATION_CONTEXT ( 'NONE', 'WORKASPACE' ) );
#1658 = EDGE_LOOP ( 'NONE', ( #1267, #2164, #1876, #1456 ) ) ;
#1659 = CARTESIAN_POINT ( 'NONE',  ( 3.720000000000000195, -4.320000000000000284, -3.500000000000000000 ) ) ;
#1660 = FILL_AREA_STYLE_COLOUR ( '', #958 ) ;
#1661 = ORIENTED_EDGE ( 'NONE', *, *, #535, .T. ) ;
#1662 = TOROIDAL_SURFACE ( 'NONE', #708, 3.700000000000000178, 0.2000000000000000111 ) ;
#1663 = ORIENTED_EDGE ( 'NONE', *, *, #265, .T. ) ;
#1664 = FACE_OUTER_BOUND ( 'NONE', #1707, .T. ) ;
#1665 = EDGE_CURVE ( 'NONE', #503, #805, #1709, .T. ) ;
#1666 = DIRECTION ( 'NONE',  ( 0.000000000000000000, -1.000000000000000000, 0.000000000000000000 ) ) ;
#1667 = DIRECTION ( 'NONE',  ( 1.000000000000000000, 0.000000000000000000, 0.000000000000000000 ) ) ;
#1668 = COLOUR_RGB ( '',1.000000000000000000, 0.5019607843137254832, 0.000000000000000000 ) ;
#1669 = CARTESIAN_POINT ( 'NONE',  ( 0.000000000000000000, 0.000000000000000000, 0.000000000000000000 ) ) ;
#1670 = CARTESIAN_POINT ( 'NONE',  ( -1.108000000000000096, -4.320000000000001172, 0.000000000000000000 ) ) ;
#1671 = DIRECTION ( 'NONE',  ( -0.000000000000000000, -0.000000000000000000, 1.000000000000000000 ) ) ;
#1672 = UNCERTAINTY_MEASURE_WITH_UNIT (LENGTH_MEASURE( 1.000000000000000082E-05 ), #1434, 'distance_accuracy_value', 'NONE');
#1673 = AXIS2_PLACEMENT_3D ( 'NONE', #113, #1004, #301 ) ;
#1674 = ORIENTED_EDGE ( 'NONE', *, *, #678, .F. ) ;
#1675 = VERTEX_POINT ( 'NONE', #2117 ) ;
#1676 = DIRECTION ( 'NONE',  ( 0.000000000000000000, 0.000000000000000000, 1.000000000000000000 ) ) ;
#1677 = UNCERTAINTY_MEASURE_WITH_UNIT (LENGTH_MEASURE( 1.000000000000000082E-05 ), #720, 'distance_accuracy_value', 'NONE');
#1678 = EDGE_CURVE ( 'NONE', #577, #622, #122, .T. ) ;
#1679 = DIRECTION ( 'NONE',  ( 0.6853915202781035720, 0.7281747482101188496, 0.000000000000000000 ) ) ;
#1680 = CARTESIAN_POINT ( 'NONE',  ( -3.500000000000000000, 0.000000000000000000, 11.79999999999999893 ) ) ;
#1681 = COLOUR_RGB ( '',1.000000000000000000, 0.5019607843137254832, 0.000000000000000000 ) ;
#1682 = STYLED_ITEM ( 'NONE', ( #2092 ), #976 ) ;
#1683 = APPLICATION_CONTEXT ( 'automotive_design' ) ;
#1684 = PLANE ( 'NONE',  #694 ) ;
#1685 = CARTESIAN_POINT ( 'NONE',  ( 0.09199999999999995681, -4.320000000000001172, 0.000000000000000000 ) ) ;
#1686 = AXIS2_PLACEMENT_3D ( 'NONE', #918, #557, #698 ) ;
#1687 = ORIENTED_EDGE ( 'NONE', *, *, #1349, .T. ) ;
#1688 = PRESENTATION_LAYER_ASSIGNMENT (  '', '', ( #1892 ) ) ;
#1689 = EDGE_LOOP ( 'NONE', ( #710, #431, #1221, #458 ) ) ;
#1690 =( NAMED_UNIT ( * ) SI_UNIT ( $, .STERADIAN. ) SOLID_ANGLE_UNIT ( ) );
#1691 = ORIENTED_EDGE ( 'NONE', *, *, #520, .T. ) ;
#1692 = FILL_AREA_STYLE_COLOUR ( '', #1668 ) ;
#1693 = EDGE_CURVE ( 'NONE', #743, #1338, #928, .T. ) ;
#1694 = FACE_OUTER_BOUND ( 'NONE', #885, .T. ) ;
#1695 = CARTESIAN_POINT ( 'NONE',  ( 0.000000000000000000, 0.000000000000000000, 11.79999999999999893 ) ) ;
#1696 = SURFACE_STYLE_FILL_AREA ( #1532 ) ;
#1697 = PRESENTATION_LAYER_ASSIGNMENT (  '', '', ( #312 ) ) ;
#1698 = ORIENTED_EDGE ( 'NONE', *, *, #1160, .T. ) ;
#1699 = EDGE_LOOP ( 'NONE', ( #211, #1828, #9, #1099 ) ) ;
#1700 =( LENGTH_UNIT ( ) NAMED_UNIT ( * ) SI_UNIT ( .MILLI., .METRE. ) );
#1701 = ORIENTED_EDGE ( 'NONE', *, *, #104, .T. ) ;
#1702 = MECHANICAL_DESIGN_GEOMETRIC_PRESENTATION_REPRESENTATION (  '', ( #137 ), #278 ) ;
#1703 = AXIS2_PLACEMENT_3D ( 'NONE', #179, #856, #2182 ) ;
#1704 = DIRECTION ( 'NONE',  ( 1.000000000000000000, 0.000000000000000000, 0.000000000000000000 ) ) ;
#1705 = EDGE_CURVE ( 'NONE', #201, #754, #315, .T. ) ;
#1706 = VECTOR ( 'NONE', #124, 1000.000000000000000 ) ;
#1707 = EDGE_LOOP ( 'NONE', ( #651, #1234, #279, #492 ) ) ;
#1708 = EDGE_LOOP ( 'NONE', ( #1273, #1721, #1366, #1576 ) ) ;
#1709 =( BOUNDED_CURVE ( )  B_SPLINE_CURVE ( 3, ( #1974, #1118, #1782, #285 ),
 .UNSPECIFIED., .F., .T. ) 
 B_SPLINE_CURVE_WITH_KNOTS ( ( 4, 4 ),
 ( 3.141592653589790451, 4.712388980384689674 ),
 .UNSPECIFIED. ) 
 CURVE ( )  GEOMETRIC_REPRESENTATION_ITEM ( )  RATIONAL_B_SPLINE_CURVE ( ( 1.000000000000000000, 0.8047378541243643824, 0.8047378541243643824, 1.000000000000000000 ) ) 
 REPRESENTATION_ITEM ( '' )  );
#1710 = CARTESIAN_POINT ( 'NONE',  ( 0.3989565233727216942, -1.326964088609165371, 11.50000000000000000 ) ) ;
#1711 = PRESENTATION_STYLE_ASSIGNMENT (( #1364 ) ) ;
#1712 = CARTESIAN_POINT ( 'NONE',  ( 0.9497063489588402074, 1.008988528550881281, 11.50000000000000000 ) ) ;
#1713 = AXIS2_PLACEMENT_3D ( 'NONE', #1182, #1846, #380 ) ;
#1714 = EDGE_LOOP ( 'NONE', ( #660, #587 ) ) ;
#1715 = DIRECTION ( 'NONE',  ( -1.000000000000000000, 0.000000000000000000, 0.000000000000000000 ) ) ;
#1716 = ORIENTED_EDGE ( 'NONE', *, *, #1678, .T. ) ;
#1717 =( GEOMETRIC_REPRESENTATION_CONTEXT ( 3 ) GLOBAL_UNCERTAINTY_ASSIGNED_CONTEXT ( ( #430 ) ) GLOBAL_UNIT_ASSIGNED_CONTEXT ( ( #1561, #529, #1870 ) ) REPRESENTATION_CONTEXT ( 'NONE', 'WORKASPACE' ) );
#1718 = CARTESIAN_POINT ( 'NONE',  ( -0.9497063489588407625, -1.008988528550880392, 11.50000000000000000 ) ) ;
#1719 = DIRECTION ( 'NONE',  ( 1.000000000000000000, 0.000000000000000000, 0.000000000000000000 ) ) ;
#1720 = EDGE_LOOP ( 'NONE', ( #648, #1330, #1400, #1069 ) ) ;
#1721 = ORIENTED_EDGE ( 'NONE', *, *, #257, .F. ) ;
#1722 = SURFACE_STYLE_FILL_AREA ( #585 ) ;
#1723 = AXIS2_PLACEMENT_3D ( 'NONE', #1374, #1352, #1329 ) ;
#1724 = EDGE_LOOP ( 'NONE', ( #2095, #883 ) ) ;
#1725 = STYLED_ITEM ( 'NONE', ( #978 ), #1735 ) ;
#1726 = EDGE_CURVE ( 'NONE', #641, #452, #2124, .T. ) ;
#1727 = FACE_OUTER_BOUND ( 'NONE', #483, .T. ) ;
#1728 = CARTESIAN_POINT ( 'NONE',  ( -3.000000000000000444, 0.000000000000000000, 12.00000000000000000 ) ) ;
#1729 = SURFACE_STYLE_FILL_AREA ( #1765 ) ;
#1730 = FILL_AREA_STYLE_COLOUR ( '', #1158 ) ;
#1731 = DIRECTION ( 'NONE',  ( 0.000000000000000000, 0.000000000000000000, -1.000000000000000000 ) ) ;
#1732 = LINE ( 'NONE', #409, #930 ) ;
#1733 = ORIENTED_EDGE ( 'NONE', *, *, #159, .T. ) ;
#1734 = DIRECTION ( 'NONE',  ( -0.000000000000000000, -0.000000000000000000, -1.000000000000000000 ) ) ;
#1735 = ADVANCED_FACE ( 'NONE', ( #803 ), #2136, .F. ) ;
#1736 = LINE ( 'NONE', #2109, #1525 ) ;
#1737 = PRESENTATION_STYLE_ASSIGNMENT (( #405 ) ) ;
#1738 = CYLINDRICAL_SURFACE ( 'NONE', #338, 0.6000000000000010880 ) ;
#1739 = UNCERTAINTY_MEASURE_WITH_UNIT (LENGTH_MEASURE( 1.000000000000000082E-05 ), #1700, 'distance_accuracy_value', 'NONE');
#1740 = CARTESIAN_POINT ( 'NONE',  ( -0.3989565233727216942, 1.326964088609166037, 0.9999999999999991118 ) ) ;
#1741 = FACE_OUTER_BOUND ( 'NONE', #1535, .T. ) ;
#1742 = MECHANICAL_DESIGN_GEOMETRIC_PRESENTATION_REPRESENTATION (  '', ( #1514 ), #2019 ) ;
#1743 = ORIENTED_EDGE ( 'NONE', *, *, #132, .T. ) ;
#1744 = AXIS2_PLACEMENT_3D ( 'NONE', #47, #726, #1880 ) ;
#1745 = AXIS2_PLACEMENT_3D ( 'NONE', #400, #221, #911 ) ;
#1746 = PRESENTATION_STYLE_ASSIGNMENT (( #1594 ) ) ;
#1747 = MECHANICAL_DESIGN_GEOMETRIC_PRESENTATION_REPRESENTATION (  '', ( #59 ), #1649 ) ;
#1748 = CARTESIAN_POINT ( 'NONE',  ( 0.000000000000000000, 0.000000000000000000, 11.70000000000000107 ) ) ;
#1749 = EDGE_CURVE ( 'NONE', #931, #1768, #819, .T. ) ;
#1750 = CARTESIAN_POINT ( 'NONE',  ( -0.9497063489588407625, -1.008988528550880392, 0.9999999999999991118 ) ) ;
#1751 = EDGE_CURVE ( 'NONE', #1611, #1975, #1164, .T. ) ;
#1752 = CARTESIAN_POINT ( 'NONE',  ( 4.320000000000000284, 4.320000000000000284, 0.000000000000000000 ) ) ;
#1753 = ORIENTED_EDGE ( 'NONE', *, *, #1059, .T. ) ;
#1754 = COLOUR_RGB ( '',1.000000000000000000, 0.5019607843137254832, 0.000000000000000000 ) ;
#1755 = SURFACE_SIDE_STYLE ('',( #935 ) ) ;
#1756 = FILL_AREA_STYLE_COLOUR ( '', #2144 ) ;
#1757 = STYLED_ITEM ( 'NONE', ( #1199 ), #1953 ) ;
#1758 =( GEOMETRIC_REPRESENTATION_CONTEXT ( 3 ) GLOBAL_UNCERTAINTY_ASSIGNED_CONTEXT ( ( #1144 ) ) GLOBAL_UNIT_ASSIGNED_CONTEXT ( ( #1778, #1291, #1124 ) ) REPRESENTATION_CONTEXT ( 'NONE', 'WORKASPACE' ) );
#1759 = SURFACE_STYLE_USAGE ( .BOTH. , #1618 ) ;
#1760 = UNCERTAINTY_MEASURE_WITH_UNIT (LENGTH_MEASURE( 1.000000000000000082E-05 ), #53, 'distance_accuracy_value', 'NONE');
#1761 = EDGE_CURVE ( 'NONE', #1424, #70, #1096, .T. ) ;
#1762 = FILL_AREA_STYLE_COLOUR ( '', #2061 ) ;
#1763 = CARTESIAN_POINT ( 'NONE',  ( -1.348662872331563012, 0.3179755600582845898, 11.50000000000000000 ) ) ;
#1764 = ORIENTED_EDGE ( 'NONE', *, *, #200, .T. ) ;
#1765 = FILL_AREA_STYLE ('',( #1449 ) ) ;
#1766 = FILL_AREA_STYLE_COLOUR ( '', #1947 ) ;
#1767 =( LENGTH_UNIT ( ) NAMED_UNIT ( * ) SI_UNIT ( .MILLI., .METRE. ) );
#1768 = VERTEX_POINT ( 'NONE', #650 ) ;
#1769 = LINE ( 'NONE', #1763, #1637 ) ;
#1770 = FILL_AREA_STYLE ('',( #1142 ) ) ;
#1771 = ORIENTED_EDGE ( 'NONE', *, *, #815, .F. ) ;
#1772 =( GEOMETRIC_REPRESENTATION_CONTEXT ( 3 ) GLOBAL_UNCERTAINTY_ASSIGNED_CONTEXT ( ( #1469 ) ) GLOBAL_UNIT_ASSIGNED_CONTEXT ( ( #1632, #336, #369 ) ) REPRESENTATION_CONTEXT ( 'NONE', 'WORKASPACE' ) );
#1773 = UNCERTAINTY_MEASURE_WITH_UNIT (LENGTH_MEASURE( 1.000000000000000082E-05 ), #372, 'distance_accuracy_value', 'NONE');
#1774 = COLOUR_RGB ( '',0.1019607843137254888, 0.1019607843137254888, 0.1019607843137254888 ) ;
#1775 = COLOUR_RGB ( '',0.9882352941176471006, 1.000000000000000000, 0.9882352941176471006 ) ;
#1776 = DIRECTION ( 'NONE',  ( 1.000000000000000000, 0.000000000000000000, 0.000000000000000000 ) ) ;
#1777 = AXIS2_PLACEMENT_3D ( 'NONE', #611, #604, #1298 ) ;
#1778 =( LENGTH_UNIT ( ) NAMED_UNIT ( * ) SI_UNIT ( .MILLI., .METRE. ) );
#1779 = VERTEX_POINT ( 'NONE', #174 ) ;
#1780 = CARTESIAN_POINT ( 'NONE',  ( 4.919999999999999929, 4.320000000000000284, -3.500000000000000000 ) ) ;
#1781 = FACE_OUTER_BOUND ( 'NONE', #222, .T. ) ;
#1782 = CARTESIAN_POINT ( 'NONE',  ( 6.587157287525381655, 6.587157287525379878, 1.000000000000000888 ) ) ;
#1783 = ORIENTED_EDGE ( 'NONE', *, *, #184, .F. ) ;
#1784 = ADVANCED_FACE ( 'NONE', ( #2004 ), #153, .F. ) ;
#1785 = PRESENTATION_STYLE_ASSIGNMENT (( #1879 ) ) ;
#1786 = DIRECTION ( 'NONE',  ( -0.2879220702052478487, 0.9576538422043344712, 0.000000000000000000 ) ) ;
#1787 = AXIS2_PLACEMENT_3D ( 'NONE', #296, #1938, #1116 ) ;
#1788 = EDGE_LOOP ( 'NONE', ( #972, #1297, #723, #2178 ) ) ;
#1789 = CARTESIAN_POINT ( 'NONE',  ( -2.800000000000000266, 3.429011037612589276E-16, 11.70000000000000107 ) ) ;
#1790 = VECTOR ( 'NONE', #6, 1000.000000000000000 ) ;
#1791 = DIRECTION ( 'NONE',  ( 0.9733135904833517538, -0.2294790939942160379, 0.000000000000000000 ) ) ;
#1792 = AXIS2_PLACEMENT_3D ( 'NONE', #463, #1461, #610 ) ;
#1793 = MECHANICAL_DESIGN_GEOMETRIC_PRESENTATION_REPRESENTATION (  '', ( #1826 ), #1428 ) ;
#1794 = FILL_AREA_STYLE_COLOUR ( '', #2129 ) ;
#1795 = ORIENTED_EDGE ( 'NONE', *, *, #1705, .F. ) ;
#1796 = MECHANICAL_DESIGN_GEOMETRIC_PRESENTATION_REPRESENTATION (  '', ( #1633 ), #364 ) ;
#1797 = EDGE_CURVE ( 'NONE', #1441, #2005, #1995, .T. ) ;
#1798 = DIRECTION ( 'NONE',  ( 1.000000000000000000, 0.000000000000000000, 0.000000000000000000 ) ) ;
#1799 = FACE_OUTER_BOUND ( 'NONE', #777, .T. ) ;
#1800 =( NAMED_UNIT ( * ) PLANE_ANGLE_UNIT ( ) SI_UNIT ( $, .RADIAN. ) );
#1801 = DIRECTION ( 'NONE',  ( -1.000000000000000000, 1.224646799147353454E-16, 0.000000000000000000 ) ) ;
#1802 = VECTOR ( 'NONE', #1324, 1000.000000000000000 ) ;
#1803 = SURFACE_SIDE_STYLE ('',( #630 ) ) ;
#1804 = CARTESIAN_POINT ( 'NONE',  ( 0.000000000000000000, 0.000000000000000000, 12.00000000000000000 ) ) ;
#1805 = UNCERTAINTY_MEASURE_WITH_UNIT (LENGTH_MEASURE( 1.000000000000000082E-05 ), #1042, 'distance_accuracy_value', 'NONE');
#1806 =( NAMED_UNIT ( * ) PLANE_ANGLE_UNIT ( ) SI_UNIT ( $, .RADIAN. ) );
#1807 = VECTOR ( 'NONE', #1108, 1000.000000000000000 ) ;
#1808 = APPLICATION_PROTOCOL_DEFINITION ( 'draft international standard', 'automotive_design', 1998, #1683 ) ;
#1809 =( GEOMETRIC_REPRESENTATION_CONTEXT ( 3 ) GLOBAL_UNCERTAINTY_ASSIGNED_CONTEXT ( ( #1295 ) ) GLOBAL_UNIT_ASSIGNED_CONTEXT ( ( #568, #395, #416 ) ) REPRESENTATION_CONTEXT ( 'NONE', 'WORKASPACE' ) );
#1810 = EDGE_CURVE ( 'NONE', #931, #1611, #1187, .T. ) ;
#1811 = AXIS2_PLACEMENT_3D ( 'NONE', #1068, #360, #1220 ) ;
#1812 = CARTESIAN_POINT ( 'NONE',  ( 0.000000000000000000, 0.000000000000000000, 12.00000000000000000 ) ) ;
#1813 = ADVANCED_FACE ( 'NONE', ( #341 ), #1021, .T. ) ;
#1814 = ORIENTED_EDGE ( 'NONE', *, *, #144, .T. ) ;
#1815 = FILL_AREA_STYLE ('',( #1140 ) ) ;
#1816 = DIRECTION ( 'NONE',  ( 1.000000000000000000, 0.000000000000000000, 0.000000000000000000 ) ) ;
#1817 = ORIENTED_EDGE ( 'NONE', *, *, #904, .T. ) ;
#1818 = CARTESIAN_POINT ( 'NONE',  ( 4.320000000000000284, 4.320000000000000284, -3.500000000000000000 ) ) ;
#1819 = CARTESIAN_POINT ( 'NONE',  ( -6.669999999999999929, -6.670000000000000817, 0.8000000000000003775 ) ) ;
#1820 = UNCERTAINTY_MEASURE_WITH_UNIT (LENGTH_MEASURE( 1.000000000000000082E-05 ), #1767, 'distance_accuracy_value', 'NONE');
#1821 = CARTESIAN_POINT ( 'NONE',  ( -4.320000000000000284, 4.320000000000000284, 0.000000000000000000 ) ) ;
#1822 = PRESENTATION_LAYER_ASSIGNMENT (  '', '', ( #1997 ) ) ;
#1823 =( LENGTH_UNIT ( ) NAMED_UNIT ( * ) SI_UNIT ( .MILLI., .METRE. ) );
#1824 = PRESENTATION_STYLE_ASSIGNMENT (( #493 ) ) ;
#1825 = CARTESIAN_POINT ( 'NONE',  ( 0.000000000000000000, 0.000000000000000000, 11.90000000000000036 ) ) ;
#1826 = STYLED_ITEM ( 'NONE', ( #1172 ), #1968 ) ;
#1827 =( LENGTH_UNIT ( ) NAMED_UNIT ( * ) SI_UNIT ( .MILLI., .METRE. ) );
#1828 = ORIENTED_EDGE ( 'NONE', *, *, #1810, .T. ) ;
#1829 = ADVANCED_FACE ( 'NONE', ( #1066 ), #2056, .T. ) ;
#1830 = MECHANICAL_DESIGN_GEOMETRIC_PRESENTATION_REPRESENTATION (  '', ( #1757 ), #437 ) ;
#1831 = CARTESIAN_POINT ( 'NONE',  ( 4.919999999999999929, 4.320000000000000284, 0.000000000000000000 ) ) ;
#1832 = CARTESIAN_POINT ( 'NONE',  ( -1.108000000000000096, -4.320000000000001172, -3.500000000000000000 ) ) ;
#1833 = AXIS2_PLACEMENT_3D ( 'NONE', #35, #362, #377 ) ;
#1834 = DIRECTION ( 'NONE',  ( 0.000000000000000000, 0.000000000000000000, 1.000000000000000000 ) ) ;
#1835 = CARTESIAN_POINT ( 'NONE',  ( 0.3989565233727216942, -1.326964088609165371, 11.50000000000000000 ) ) ;
#1836 = PLANE ( 'NONE',  #881 ) ;
#1837 = CARTESIAN_POINT ( 'NONE',  ( 3.000000000000000444, 0.000000000000000000, 11.90000000000000036 ) ) ;
#1838 = CARTESIAN_POINT ( 'NONE',  ( 0.000000000000000000, 0.000000000000000000, 11.50000000000000000 ) ) ;
#1839 = DIRECTION ( 'NONE',  ( 1.000000000000000000, 0.000000000000000000, 0.000000000000000000 ) ) ;
#1840 = VERTEX_POINT ( 'NONE', #1437 ) ;
#1841 = DIRECTION ( 'NONE',  ( -0.000000000000000000, -0.000000000000000000, 1.000000000000000000 ) ) ;
#1842 = EDGE_CURVE ( 'NONE', #1779, #2045, #1732, .T. ) ;
#1843 = VERTEX_POINT ( 'NONE', #882 ) ;
#1844 = PRESENTATION_STYLE_ASSIGNMENT (( #38 ) ) ;
#1845 = AXIS2_PLACEMENT_3D ( 'NONE', #1804, #299, #1536 ) ;
#1846 = DIRECTION ( 'NONE',  ( -0.000000000000000000, -0.000000000000000000, -1.000000000000000000 ) ) ;
#1847 = AXIS2_PLACEMENT_3D ( 'NONE', #449, #783, #94 ) ;
#1848 = STYLED_ITEM ( 'NONE', ( #688 ), #402 ) ;
#1849 = LINE ( 'NONE', #308, #498 ) ;
#1850 = COLOUR_RGB ( '',0.9882352941176471006, 1.000000000000000000, 0.9882352941176471006 ) ;
#1851 = ORIENTED_EDGE ( 'NONE', *, *, #862, .F. ) ;
#1852 = MECHANICAL_DESIGN_GEOMETRIC_PRESENTATION_REPRESENTATION (  '', ( #624 ), #22 ) ;
#1853 = DIRECTION ( 'NONE',  ( 0.000000000000000000, 0.000000000000000000, -1.000000000000000000 ) ) ;
#1854 = VERTEX_POINT ( 'NONE', #1712 ) ;
#1855 = CARTESIAN_POINT ( 'NONE',  ( -6.587157287525381655, 6.587157287525379878, 1.000000000000000888 ) ) ;
#1856 = ADVANCED_FACE ( 'NONE', ( #752 ), #1429, .T. ) ;
#1857 =( NAMED_UNIT ( * ) PLANE_ANGLE_UNIT ( ) SI_UNIT ( $, .RADIAN. ) );
#1858 = CARTESIAN_POINT ( 'NONE',  ( 4.919999999999999929, 4.320000000000000284, -3.500000000000000000 ) ) ;
#1859 =( NAMED_UNIT ( * ) PLANE_ANGLE_UNIT ( ) SI_UNIT ( $, .RADIAN. ) );
#1860 = UNCERTAINTY_MEASURE_WITH_UNIT (LENGTH_MEASURE( 1.000000000000000082E-05 ), #1263, 'distance_accuracy_value', 'NONE');
#1861 = PRESENTATION_STYLE_ASSIGNMENT (( #1201 ) ) ;
#1862 = AXIS2_PLACEMENT_3D ( 'NONE', #1825, #1176, #1839 ) ;
#1863 = ORIENTED_EDGE ( 'NONE', *, *, #1926, .F. ) ;
#1864 = AXIS2_PLACEMENT_3D ( 'NONE', #959, #967, #1132 ) ;
#1865 = DIRECTION ( 'NONE',  ( 0.6853915202781035720, 0.7281747482101189606, 0.000000000000000000 ) ) ;
#1866 = PRESENTATION_STYLE_ASSIGNMENT (( #844 ) ) ;
#1867 = COLOUR_RGB ( '',0.9882352941176471006, 1.000000000000000000, 0.9882352941176471006 ) ;
#1868 = SURFACE_STYLE_FILL_AREA ( #1480 ) ;
#1869 = DIRECTION ( 'NONE',  ( 1.000000000000000000, 0.000000000000000000, 0.000000000000000000 ) ) ;
#1870 =( NAMED_UNIT ( * ) SI_UNIT ( $, .STERADIAN. ) SOLID_ANGLE_UNIT ( ) );
#1871 = PRESENTATION_LAYER_ASSIGNMENT (  '', '', ( #1933 ) ) ;
#1872 = PLANE ( 'NONE',  #1565 ) ;
#1873 = CARTESIAN_POINT ( 'NONE',  ( -0.3989565233727216942, 1.326964088609166037, 0.9999999999999991118 ) ) ;
#1874 = ORIENTED_EDGE ( 'NONE', *, *, #2026, .F. ) ;
#1875 = AXIS2_PLACEMENT_3D ( 'NONE', #821, #983, #961 ) ;
#1876 = ORIENTED_EDGE ( 'NONE', *, *, #2123, .F. ) ;
#1877 =( NAMED_UNIT ( * ) SI_UNIT ( $, .STERADIAN. ) SOLID_ANGLE_UNIT ( ) );
#1878 = FILL_AREA_STYLE ('',( #1081 ) ) ;
#1879 = SURFACE_STYLE_USAGE ( .BOTH. , #1224 ) ;
#1880 = DIRECTION ( 'NONE',  ( 1.000000000000000000, 0.000000000000000000, 0.000000000000000000 ) ) ;
#1881 = PRESENTATION_LAYER_ASSIGNMENT (  '', '', ( #1007 ) ) ;
#1882 = PRESENTATION_LAYER_ASSIGNMENT (  '', '', ( #725 ) ) ;
#1883 =( LENGTH_UNIT ( ) NAMED_UNIT ( * ) SI_UNIT ( .MILLI., .METRE. ) );
#1884 = DIRECTION ( 'NONE',  ( 1.000000000000000000, 0.000000000000000000, 0.000000000000000000 ) ) ;
#1885 = AXIS2_PLACEMENT_3D ( 'NONE', #2014, #1853, #343 ) ;
#1886 = EDGE_CURVE ( 'NONE', #1840, #1045, #2176, .T. ) ;
#1887 = ORIENTED_EDGE ( 'NONE', *, *, #1309, .F. ) ;
#1888 = PRESENTATION_STYLE_ASSIGNMENT (( #544 ) ) ;
#1889 = PRESENTATION_LAYER_ASSIGNMENT (  '', '', ( #1848 ) ) ;
#1890 = ORIENTED_EDGE ( 'NONE', *, *, #800, .T. ) ;
#1891 = VECTOR ( 'NONE', #1671, 1000.000000000000000 ) ;
#1892 = STYLED_ITEM ( 'NONE', ( #1937 ), #817 ) ;
#1893 = DIRECTION ( 'NONE',  ( -0.2294790939942160102, -0.9733135904833517538, 0.000000000000000000 ) ) ;
#1894 = DIRECTION ( 'NONE',  ( 0.9733135904833517538, -0.2294790939942160379, 0.000000000000000000 ) ) ;
#1895 = CARTESIAN_POINT ( 'NONE',  ( 0.9497063489588402074, 1.008988528550881281, 0.9999999999999991118 ) ) ;
#1896 = FACE_OUTER_BOUND ( 'NONE', #1163, .T. ) ;
#1897 = CARTESIAN_POINT ( 'NONE',  ( -6.669999999999999929, -6.670000000000000817, 12.00000000000000000 ) ) ;
#1898 = EDGE_LOOP ( 'NONE', ( #687, #1874, #1964, #2025 ) ) ;
#1899 = DIRECTION ( 'NONE',  ( 1.000000000000000000, -0.000000000000000000, 0.000000000000000000 ) ) ;
#1900 = DIRECTION ( 'NONE',  ( 0.7281747482101189606, -0.6853915202781035720, 0.000000000000000000 ) ) ;
#1901 = EDGE_CURVE ( 'NONE', #1327, #1154, #1451, .T. ) ;
#1902 = ORIENTED_EDGE ( 'NONE', *, *, #1137, .T. ) ;
#1903 = PRESENTATION_LAYER_ASSIGNMENT (  '', '', ( #282 ) ) ;
#1904 = SURFACE_SIDE_STYLE ('',( #189 ) ) ;
#1905 = ORIENTED_EDGE ( 'NONE', *, *, #182, .T. ) ;
#1906 = EDGE_CURVE ( 'NONE', #754, #186, #2104, .T. ) ;
#1907 = ADVANCED_FACE ( 'NONE', ( #601, #1481 ), #2133, .T. ) ;
#1908 = FILL_AREA_STYLE_COLOUR ( '', #591 ) ;
#1909 = FILL_AREA_STYLE ('',( #699 ) ) ;
#1910 = VERTEX_POINT ( 'NONE', #955 ) ;
#1911 =( NAMED_UNIT ( * ) SI_UNIT ( $, .STERADIAN. ) SOLID_ANGLE_UNIT ( ) );
#1912 = SURFACE_SIDE_STYLE ('',( #1198 ) ) ;
#1913 = VERTEX_POINT ( 'NONE', #945 ) ;
#1914 = DIRECTION ( 'NONE',  ( 1.000000000000000000, 0.000000000000000000, 0.000000000000000000 ) ) ;
#1915 = ADVANCED_FACE ( 'NONE', ( #85 ), #2122, .F. ) ;
#1916 =( NAMED_UNIT ( * ) SI_UNIT ( $, .STERADIAN. ) SOLID_ANGLE_UNIT ( ) );
#1917 = DIRECTION ( 'NONE',  ( 1.000000000000000000, 0.000000000000000000, 0.000000000000000000 ) ) ;
#1918 = CARTESIAN_POINT ( 'NONE',  ( 0.000000000000000000, 0.000000000000000000, 11.50000000000000000 ) ) ;
#1919 = FILL_AREA_STYLE ('',( #1591 ) ) ;
#1920 = ORIENTED_EDGE ( 'NONE', *, *, #2078, .T. ) ;
#1921 = AXIS2_PLACEMENT_3D ( 'NONE', #318, #814, #1492 ) ;
#1922 = AXIS2_PLACEMENT_3D ( 'NONE', #676, #1506, #1217 ) ;
#1923 = SURFACE_STYLE_FILL_AREA ( #81 ) ;
#1924 = CARTESIAN_POINT ( 'NONE',  ( 0.3989565233727216942, -1.326964088609165371, 0.9999999999999991118 ) ) ;
#1925 = CARTESIAN_POINT ( 'NONE',  ( -1.108000000000000096, 4.320000000000000284, -3.500000000000000000 ) ) ;
#1926 = EDGE_CURVE ( 'NONE', #1975, #743, #1210, .T. ) ;
#1927 = DIRECTION ( 'NONE',  ( 0.000000000000000000, 0.000000000000000000, 1.000000000000000000 ) ) ;
#1928 = VECTOR ( 'NONE', #1894, 1000.000000000000114 ) ;
#1929 = AXIS2_PLACEMENT_3D ( 'NONE', #948, #445, #1801 ) ;
#1930 = DIRECTION ( 'NONE',  ( 0.000000000000000000, 0.000000000000000000, -1.000000000000000000 ) ) ;
#1931 = LINE ( 'NONE', #1275, #2148 ) ;
#1932 = CARTESIAN_POINT ( 'NONE',  ( 4.919999999999999929, -4.320000000000000284, -3.500000000000000000 ) ) ;
#1933 = STYLED_ITEM ( 'NONE', ( #1844 ), #1260 ) ;
#1934 = CARTESIAN_POINT ( 'NONE',  ( -4.920000000000001705, 4.320000000000000284, -3.500000000000000000 ) ) ;
#1935 = DIRECTION ( 'NONE',  ( 0.6853915202781035720, 0.7281747482101188496, 0.000000000000000000 ) ) ;
#1936 = DIRECTION ( 'NONE',  ( 0.000000000000000000, -0.000000000000000000, -1.000000000000000000 ) ) ;
#1937 = PRESENTATION_STYLE_ASSIGNMENT (( #1292 ) ) ;
#1938 = DIRECTION ( 'NONE',  ( 0.000000000000000000, 0.000000000000000000, -1.000000000000000000 ) ) ;
#1939 = DIRECTION ( 'NONE',  ( 0.000000000000000000, 0.000000000000000000, -1.000000000000000000 ) ) ;
#1940 = ADVANCED_FACE ( 'NONE', ( #1127, #965 ), #1640, .F. ) ;
#1941 = COLOUR_RGB ( '',1.000000000000000000, 0.5019607843137254832, 0.000000000000000000 ) ;
#1942 = COLOUR_RGB ( '',1.000000000000000000, 0.5019607843137254832, 0.000000000000000000 ) ;
#1943 = FILL_AREA_STYLE_COLOUR ( '', #1261 ) ;
#1944 = COLOUR_RGB ( '',0.9882352941176471006, 1.000000000000000000, 0.9882352941176471006 ) ;
#1945 = VERTEX_POINT ( 'NONE', #1837 ) ;
#1946 = SURFACE_SIDE_STYLE ('',( #1313 ) ) ;
#1947 = COLOUR_RGB ( '',1.000000000000000000, 0.5019607843137254832, 0.000000000000000000 ) ;
#1948 = DIRECTION ( 'NONE',  ( 0.000000000000000000, -0.000000000000000000, -1.000000000000000000 ) ) ;
#1949 = UNCERTAINTY_MEASURE_WITH_UNIT (LENGTH_MEASURE( 1.000000000000000082E-05 ), #1034, 'distance_accuracy_value', 'NONE');
#1950 = DIRECTION ( 'NONE',  ( 1.000000000000000000, 0.000000000000000000, 0.000000000000000000 ) ) ;
#1951 = CARTESIAN_POINT ( 'NONE',  ( 0.09199999999999995681, -4.320000000000001172, -3.500000000000000000 ) ) ;
#1952 = EDGE_LOOP ( 'NONE', ( #254, #1851, #770, #680 ) ) ;
#1953 = ADVANCED_FACE ( 'NONE', ( #659 ), #1662, .F. ) ;
#1954 = DIRECTION ( 'NONE',  ( -0.000000000000000000, -0.000000000000000000, 1.000000000000000000 ) ) ;
#1955 = COLOUR_RGB ( '',1.000000000000000000, 0.5019607843137254832, 0.000000000000000000 ) ;
#1956 = ORIENTED_EDGE ( 'NONE', *, *, #1431, .F. ) ;
#1957 = MECHANICAL_DESIGN_GEOMETRIC_PRESENTATION_REPRESENTATION (  '', ( #398 ), #668 ) ;
#1958 = DIRECTION ( 'NONE',  ( 1.000000000000000000, 0.000000000000000000, 0.000000000000000000 ) ) ;
#1959 = SURFACE_STYLE_FILL_AREA ( #1315 ) ;
#1960 = VECTOR ( 'NONE', #1791, 1000.000000000000114 ) ;
#1961 = PRESENTATION_LAYER_ASSIGNMENT (  '', '', ( #898 ) ) ;
#1962 = LINE ( 'NONE', #481, #2022 ) ;
#1963 =( NAMED_UNIT ( * ) SI_UNIT ( $, .STERADIAN. ) SOLID_ANGLE_UNIT ( ) );
#1964 = ORIENTED_EDGE ( 'NONE', *, *, #524, .F. ) ;
#1965 = EDGE_CURVE ( 'NONE', #1854, #1080, #1515, .T. ) ;
#1966 = CARTESIAN_POINT ( 'NONE',  ( 4.320000000000000284, -4.320000000000000284, 0.000000000000000000 ) ) ;
#1967 = VERTEX_POINT ( 'NONE', #1670 ) ;
#1968 = ADVANCED_FACE ( 'NONE', ( #1184 ), #671, .T. ) ;
#1969 = CARTESIAN_POINT ( 'NONE',  ( -0.5080000000000000071, 4.320000000000000284, 0.000000000000000000 ) ) ;
#1970 = SURFACE_SIDE_STYLE ('',( #1159 ) ) ;
#1971 = ORIENTED_EDGE ( 'NONE', *, *, #1842, .F. ) ;
#1972 = SURFACE_STYLE_USAGE ( .BOTH. , #307 ) ;
#1973 = CARTESIAN_POINT ( 'NONE',  ( 0.3989565233727216942, -1.326964088609165371, 0.9999999999999991118 ) ) ;
#1974 = CARTESIAN_POINT ( 'NONE',  ( 6.669999999999999929, 6.669999999999999041, 0.8000000000000003775 ) ) ;
#1975 = VERTEX_POINT ( 'NONE', #1252 ) ;
#1976 =( LENGTH_UNIT ( ) NAMED_UNIT ( * ) SI_UNIT ( .MILLI., .METRE. ) );
#1977 = CARTESIAN_POINT ( 'NONE',  ( 0.000000000000000000, 0.000000000000000000, 11.70000000000000107 ) ) ;
#1978 = CLOSED_SHELL ( 'NONE', ( #1953, #598, #1567, #168, #236, #1470, #2040, #2138, #2090, #1829, #1604, #1580, #277, #402, #1915, #633, #1589, #817, #919, #1296, #1907, #93, #1940, #1334, #772, #963, #1260, #1735, #294, #1784, #330, #1813, #349, #389, #758, #741, #576, #1639, #689, #2112, #507, #1968, #991, #976, #224, #1043, #951, #588, #1856, #1650, #429 ) ) ;
#1979 = CARTESIAN_POINT ( 'NONE',  ( 0.3989565233727216942, -1.326964088609165371, 0.9999999999999991118 ) ) ;
#1980 = PRESENTATION_LAYER_ASSIGNMENT (  '', '', ( #761 ) ) ;
#1981 =( LENGTH_UNIT ( ) NAMED_UNIT ( * ) SI_UNIT ( .MILLI., .METRE. ) );
#1982 = VECTOR ( 'NONE', #1841, 1000.000000000000000 ) ;
#1983 = DIRECTION ( 'NONE',  ( 0.000000000000000000, -0.000000000000000000, -1.000000000000000000 ) ) ;
#1984 = EDGE_CURVE ( 'NONE', #2045, #230, #1588, .T. ) ;
#1985 = FILL_AREA_STYLE ('',( #823 ) ) ;
#1986 = VECTOR ( 'NONE', #18, 1000.000000000000000 ) ;
#1987 = ORIENTED_EDGE ( 'NONE', *, *, #491, .F. ) ;
#1988 = DIRECTION ( 'NONE',  ( 0.000000000000000000, 0.000000000000000000, 1.000000000000000000 ) ) ;
#1989 = UNCERTAINTY_MEASURE_WITH_UNIT (LENGTH_MEASURE( 1.000000000000000082E-05 ), #1251, 'distance_accuracy_value', 'NONE');
#1990 = VECTOR ( 'NONE', #84, 1000.000000000000000 ) ;
#1991 = ORIENTED_EDGE ( 'NONE', *, *, #1212, .T. ) ;
#1992 = ORIENTED_EDGE ( 'NONE', *, *, #1309, .T. ) ;
#1993 = LINE ( 'NONE', #994, #13 ) ;
#1994 = UNCERTAINTY_MEASURE_WITH_UNIT (LENGTH_MEASURE( 1.000000000000000082E-05 ), #1823, 'distance_accuracy_value', 'NONE');
#1995 =( BOUNDED_CURVE ( )  B_SPLINE_CURVE ( 3, ( #2011, #864, #516, #1386 ),
 .UNSPECIFIED., .F., .F. ) 
 B_SPLINE_CURVE_WITH_KNOTS ( ( 4, 4 ),
 ( -2.664535259100375697E-15, 1.570796326794896558 ),
 .UNSPECIFIED. ) 
 CURVE ( )  GEOMETRIC_REPRESENTATION_ITEM ( )  RATIONAL_B_SPLINE_CURVE ( ( 1.000000000000000000, 0.8047378541243643824, 0.8047378541243643824, 1.000000000000000000 ) ) 
 REPRESENTATION_ITEM ( '' )  );
#1996 = DIRECTION ( 'NONE',  ( 1.000000000000000000, 0.000000000000000000, 0.000000000000000000 ) ) ;
#1997 = STYLED_ITEM ( 'NONE', ( #674 ), #1580 ) ;
#1998 =( LENGTH_UNIT ( ) NAMED_UNIT ( * ) SI_UNIT ( .MILLI., .METRE. ) );
#1999 = AXIS2_PLACEMENT_3D ( 'NONE', #495, #663, #356 ) ;
#2000 = VERTEX_POINT ( 'NONE', #2051 ) ;
#2001 = DIRECTION ( 'NONE',  ( 1.000000000000000000, 0.000000000000000000, 0.000000000000000000 ) ) ;
#2002 = FACE_OUTER_BOUND ( 'NONE', #1622, .T. ) ;
#2003 = AXIS2_PLACEMENT_3D ( 'NONE', #763, #442, #627 ) ;
#2004 = FACE_OUTER_BOUND ( 'NONE', #1573, .T. ) ;
#2005 = VERTEX_POINT ( 'NONE', #2068 ) ;
#2006 = VERTEX_POINT ( 'NONE', #1213 ) ;
#2007 = FILL_AREA_STYLE ('',( #78 ) ) ;
#2008 = AXIS2_PLACEMENT_3D ( 'NONE', #1752, #1568, #26 ) ;
#2009 = CARTESIAN_POINT ( 'NONE',  ( -3.299999999999999822, 4.041334437186265510E-16, 11.79999999999999893 ) ) ;
#2010 =( NAMED_UNIT ( * ) PLANE_ANGLE_UNIT ( ) SI_UNIT ( $, .RADIAN. ) );
#2011 = CARTESIAN_POINT ( 'NONE',  ( 6.669999999999999929, -6.670000000000000817, 0.8000000000000003775 ) ) ;
#2012 = ORIENTED_EDGE ( 'NONE', *, *, #1906, .T. ) ;
#2013 = ORIENTED_EDGE ( 'NONE', *, *, #1797, .T. ) ;
#2014 = CARTESIAN_POINT ( 'NONE',  ( -4.320000000000000284, 4.320000000000000284, -3.500000000000000000 ) ) ;
#2015 = EDGE_CURVE ( 'NONE', #1522, #1967, #1571, .T. ) ;
#2016 = CARTESIAN_POINT ( 'NONE',  ( -0.3989565233727216942, 1.326964088609166037, 0.9999999999999991118 ) ) ;
#2017 =( NAMED_UNIT ( * ) SI_UNIT ( $, .STERADIAN. ) SOLID_ANGLE_UNIT ( ) );
#2018 = FILL_AREA_STYLE ('',( #2028 ) ) ;
#2019 =( GEOMETRIC_REPRESENTATION_CONTEXT ( 3 ) GLOBAL_UNCERTAINTY_ASSIGNED_CONTEXT ( ( #220 ) ) GLOBAL_UNIT_ASSIGNED_CONTEXT ( ( #536, #1559, #2066 ) ) REPRESENTATION_CONTEXT ( 'NONE', 'WORKASPACE' ) );
#2020 =( BOUNDED_CURVE ( )  B_SPLINE_CURVE ( 3, ( #1509, #1855, #156, #510 ),
 .UNSPECIFIED., .F., .F. ) 
 B_SPLINE_CURVE_WITH_KNOTS ( ( 4, 4 ),
 ( 1.570796326794896558, 3.141592653589795781 ),
 .UNSPECIFIED. ) 
 CURVE ( )  GEOMETRIC_REPRESENTATION_ITEM ( )  RATIONAL_B_SPLINE_CURVE ( ( 1.000000000000000000, 0.8047378541243643824, 0.8047378541243643824, 1.000000000000000000 ) ) 
 REPRESENTATION_ITEM ( '' )  );
#2021 = PRESENTATION_LAYER_ASSIGNMENT (  '', '', ( #1236 ) ) ;
#2022 = VECTOR ( 'NONE', #2154, 1000.000000000000000 ) ;
#2023 = ORIENTED_EDGE ( 'NONE', *, *, #673, .T. ) ;
#2024 = CIRCLE ( 'NONE', #771, 0.2000000000000000944 ) ;
#2025 = ORIENTED_EDGE ( 'NONE', *, *, #1197, .T. ) ;
#2026 = EDGE_CURVE ( 'NONE', #853, #1015, #1581, .T. ) ;
#2027 = FACE_OUTER_BOUND ( 'NONE', #1689, .T. ) ;
#2028 = FILL_AREA_STYLE_COLOUR ( '', #1774 ) ;
#2029 =( NAMED_UNIT ( * ) SI_UNIT ( $, .STERADIAN. ) SOLID_ANGLE_UNIT ( ) );
#2030 = FACE_OUTER_BOUND ( 'NONE', #572, .T. ) ;
#2031 =( LENGTH_UNIT ( ) NAMED_UNIT ( * ) SI_UNIT ( .MILLI., .METRE. ) );
#2032 = CIRCLE ( 'NONE', #134, 0.6000000000000000888 ) ;
#2033 = ORIENTED_EDGE ( 'NONE', *, *, #1403, .T. ) ;
#2034 = DIRECTION ( 'NONE',  ( -0.2879220702052478487, 0.9576538422043344712, 0.000000000000000000 ) ) ;
#2035 = EDGE_LOOP ( 'NONE', ( #1585, #150, #1340, #423 ) ) ;
#2036 = APPLICATION_PROTOCOL_DEFINITION ( 'draft international standard', 'automotive_design', 1998, #1244 ) ;
#2037 = VECTOR ( 'NONE', #40, 1000.000000000000000 ) ;
#2038 = SURFACE_STYLE_FILL_AREA ( #2007 ) ;
#2039 = CARTESIAN_POINT ( 'NONE',  ( -4.920000000000001705, -4.320000000000000284, -3.500000000000000000 ) ) ;
#2040 = ADVANCED_FACE ( 'NONE', ( #1394 ), #368, .T. ) ;
#2041 = DIRECTION ( 'NONE',  ( 1.000000000000000000, 0.000000000000000000, 0.000000000000000000 ) ) ;
#2042 = DIRECTION ( 'NONE',  ( -1.000000000000000000, 0.000000000000000000, -0.000000000000000000 ) ) ;
#2043 = DIRECTION ( 'NONE',  ( 0.000000000000000000, -0.000000000000000000, 1.000000000000000000 ) ) ;
#2044 = FILL_AREA_STYLE_COLOUR ( '', #351 ) ;
#2045 = VERTEX_POINT ( 'NONE', #1226 ) ;
#2046 = ORIENTED_EDGE ( 'NONE', *, *, #1705, .T. ) ;
#2047 = SURFACE_SIDE_STYLE ('',( #1181 ) ) ;
#2048 = CARTESIAN_POINT ( 'NONE',  ( -1.108000000000000096, -4.320000000000001172, -3.500000000000000000 ) ) ;
#2049 = FILL_AREA_STYLE ('',( #1037 ) ) ;
#2050 = PRESENTATION_STYLE_ASSIGNMENT (( #1225 ) ) ;
#2051 = CARTESIAN_POINT ( 'NONE',  ( -4.920000000000001705, 4.320000000000000284, 0.000000000000000000 ) ) ;
#2052 = AXIS2_PLACEMENT_3D ( 'NONE', #223, #913, #247 ) ;
#2053 = EDGE_CURVE ( 'NONE', #1106, #594, #2083, .T. ) ;
#2054 = DIRECTION ( 'NONE',  ( 0.000000000000000000, 0.000000000000000000, -1.000000000000000000 ) ) ;
#2055 = FACE_OUTER_BOUND ( 'NONE', #2035, .T. ) ;
#2056 = CYLINDRICAL_SURFACE ( 'NONE', #1168, 0.5999999999999998668 ) ;
#2057 = PRESENTATION_LAYER_ASSIGNMENT (  '', '', ( #1013 ) ) ;
#2058 = MECHANICAL_DESIGN_GEOMETRIC_PRESENTATION_REPRESENTATION (  '', ( #2127 ), #593 ) ;
#2059 = ORIENTED_EDGE ( 'NONE', *, *, #873, .F. ) ;
#2060 = PRESENTATION_STYLE_ASSIGNMENT (( #212 ) ) ;
#2061 = COLOUR_RGB ( '',1.000000000000000000, 0.5019607843137254832, 0.000000000000000000 ) ;
#2062 = ORIENTED_EDGE ( 'NONE', *, *, #1431, .T. ) ;
#2063 = VECTOR ( 'NONE', #1500, 1000.000000000000000 ) ;
#2064 = PRODUCT ( '13.34x13.34 Bobin', '13.34x13.34 Bobin', '', ( #1205 ) ) ;
#2065 = DIRECTION ( 'NONE',  ( 0.000000000000000000, 0.000000000000000000, -1.000000000000000000 ) ) ;
#2066 =( NAMED_UNIT ( * ) SI_UNIT ( $, .STERADIAN. ) SOLID_ANGLE_UNIT ( ) );
#2067 = SURFACE_STYLE_USAGE ( .BOTH. , #1904 ) ;
#2068 = CARTESIAN_POINT ( 'NONE',  ( 6.469999999999999751, -6.470000000000000639, 1.000000000000000888 ) ) ;
#2069 = FACE_OUTER_BOUND ( 'NONE', #139, .T. ) ;
#2070 = FACE_OUTER_BOUND ( 'NONE', #1658, .T. ) ;
#2071 = DIRECTION ( 'NONE',  ( 1.000000000000000000, 0.000000000000000000, 0.000000000000000000 ) ) ;
#2072 = UNCERTAINTY_MEASURE_WITH_UNIT (LENGTH_MEASURE( 1.000000000000000082E-05 ), #1223, 'distance_accuracy_value', 'NONE');
#2073 = ORIENTED_EDGE ( 'NONE', *, *, #1886, .F. ) ;
#2074 = EDGE_CURVE ( 'NONE', #545, #1629, #470, .T. ) ;
#2075 = ORIENTED_EDGE ( 'NONE', *, *, #1544, .F. ) ;
#2076 = VECTOR ( 'NONE', #988, 1000.000000000000000 ) ;
#2077 = EDGE_LOOP ( 'NONE', ( #1743, #11 ) ) ;
#2078 = EDGE_CURVE ( 'NONE', #1913, #2087, #394, .T. ) ;
#2079 = COLOUR_RGB ( '',0.9882352941176471006, 1.000000000000000000, 0.9882352941176471006 ) ;
#2080 = PRESENTATION_LAYER_ASSIGNMENT (  '', '', ( #1285 ) ) ;
#2081 = AXIS2_PLACEMENT_3D ( 'NONE', #906, #1085, #578 ) ;
#2082 =( NAMED_UNIT ( * ) SI_UNIT ( $, .STERADIAN. ) SOLID_ANGLE_UNIT ( ) );
#2083 = LINE ( 'NONE', #1728, #2037 ) ;
#2084 = CARTESIAN_POINT ( 'NONE',  ( -4.320000000000000284, -4.320000000000000284, 0.000000000000000000 ) ) ;
#2085 = CARTESIAN_POINT ( 'NONE',  ( 0.000000000000000000, 0.000000000000000000, 11.50000000000000000 ) ) ;
#2086 = CIRCLE ( 'NONE', #1398, 0.5999999999999998668 ) ;
#2087 = VERTEX_POINT ( 'NONE', #1710 ) ;
#2088 = DIRECTION ( 'NONE',  ( -0.6853915202781036831, -0.7281747482101187385, 0.000000000000000000 ) ) ;
#2089 = ORIENTED_EDGE ( 'NONE', *, *, #413, .T. ) ;
#2090 = ADVANCED_FACE ( 'NONE', ( #192 ), #1076, .T. ) ;
#2091 = CIRCLE ( 'NONE', #1438, 0.6000000000000010880 ) ;
#2092 = PRESENTATION_STYLE_ASSIGNMENT (( #2102 ) ) ;
#2093 = FILL_AREA_STYLE ('',( #580 ) ) ;
#2094 = UNCERTAINTY_MEASURE_WITH_UNIT (LENGTH_MEASURE( 1.000000000000000082E-05 ), #2165, 'distance_accuracy_value', 'NONE');
#2095 = ORIENTED_EDGE ( 'NONE', *, *, #904, .F. ) ;
#2096 =( NAMED_UNIT ( * ) PLANE_ANGLE_UNIT ( ) SI_UNIT ( $, .RADIAN. ) );
#2097 = AXIS2_PLACEMENT_3D ( 'NONE', #1404, #1280, #749 ) ;
#2098 = ORIENTED_EDGE ( 'NONE', *, *, #1180, .F. ) ;
#2099 = VECTOR ( 'NONE', #2088, 1000.000000000000000 ) ;
#2100 = AXIS2_PLACEMENT_3D ( 'NONE', #87, #766, #1930 ) ;
#2101 = AXIS2_PLACEMENT_3D ( 'NONE', #937, #1598, #1095 ) ;
#2102 = SURFACE_STYLE_USAGE ( .BOTH. , #1755 ) ;
#2103 = CYLINDRICAL_SURFACE ( 'NONE', #1558, 3.000000000000000444 ) ;
#2104 = LINE ( 'NONE', #787, #1359 ) ;
#2105 = DIRECTION ( 'NONE',  ( -0.000000000000000000, -0.000000000000000000, 1.000000000000000000 ) ) ;
#2106 = CYLINDRICAL_SURFACE ( 'NONE', #1864, 0.6000000000000010880 ) ;
#2107 = VECTOR ( 'NONE', #482, 1000.000000000000000 ) ;
#2108 = UNCERTAINTY_MEASURE_WITH_UNIT (LENGTH_MEASURE( 1.000000000000000082E-05 ), #1883, 'distance_accuracy_value', 'NONE');
#2109 = CARTESIAN_POINT ( 'NONE',  ( -6.669999999999999929, 6.669999999999999929, 0.8000000000000009326 ) ) ;
#2110 = PRESENTATION_STYLE_ASSIGNMENT (( #268 ) ) ;
#2111 = DIRECTION ( 'NONE',  ( -1.000000000000000000, 0.000000000000000000, 0.000000000000000000 ) ) ;
#2112 = ADVANCED_FACE ( 'NONE', ( #1136 ), #784, .T. ) ;
#2113 = UNCERTAINTY_MEASURE_WITH_UNIT (LENGTH_MEASURE( 1.000000000000000082E-05 ), #1642, 'distance_accuracy_value', 'NONE');
#2114 = ORIENTED_EDGE ( 'NONE', *, *, #1367, .T. ) ;
#2115 = DIRECTION ( 'NONE',  ( -0.000000000000000000, -0.000000000000000000, 1.000000000000000000 ) ) ;
#2116 =( NAMED_UNIT ( * ) SI_UNIT ( $, .STERADIAN. ) SOLID_ANGLE_UNIT ( ) );
#2117 = CARTESIAN_POINT ( 'NONE',  ( -3.100000000000000533, 3.796405077356795411E-16, 12.00000000000000000 ) ) ;
#2118 = ORIENTED_EDGE ( 'NONE', *, *, #719, .T. ) ;
#2119 =( GEOMETRIC_REPRESENTATION_CONTEXT ( 3 ) GLOBAL_UNCERTAINTY_ASSIGNED_CONTEXT ( ( #1353 ) ) GLOBAL_UNIT_ASSIGNED_CONTEXT ( ( #242, #681, #1877 ) ) REPRESENTATION_CONTEXT ( 'NONE', 'WORKASPACE' ) );
#2120 =( GEOMETRIC_REPRESENTATION_CONTEXT ( 3 ) GLOBAL_UNCERTAINTY_ASSIGNED_CONTEXT ( ( #1860 ) ) GLOBAL_UNIT_ASSIGNED_CONTEXT ( ( #1263, #1806, #808 ) ) REPRESENTATION_CONTEXT ( 'NONE', 'WORKASPACE' ) );
#2121 = CIRCLE ( 'NONE', #80, 3.299999999999999822 ) ;
#2122 = PLANE ( 'NONE',  #1393 ) ;
#2123 = EDGE_CURVE ( 'NONE', #1154, #2169, #759, .T. ) ;
#2124 = LINE ( 'NONE', #1932, #706 ) ;
#2125 = UNCERTAINTY_MEASURE_WITH_UNIT (LENGTH_MEASURE( 1.000000000000000082E-05 ), #121, 'distance_accuracy_value', 'NONE');
#2126 = AXIS2_PLACEMENT_3D ( 'NONE', #1748, #73, #1776 ) ;
#2127 = STYLED_ITEM ( 'NONE', ( #2060 ), #429 ) ;
#2128 = CARTESIAN_POINT ( 'NONE',  ( -3.000000000000000444, 0.000000000000000000, 1.000000000000000888 ) ) ;
#2129 = COLOUR_RGB ( '',1.000000000000000000, 0.5019607843137254832, 0.000000000000000000 ) ;
#2130 = ORIENTED_EDGE ( 'NONE', *, *, #1601, .T. ) ;
#2131 = DIRECTION ( 'NONE',  ( -0.000000000000000000, -0.000000000000000000, 1.000000000000000000 ) ) ;
#2132 =( GEOMETRIC_REPRESENTATION_CONTEXT ( 3 ) GLOBAL_UNCERTAINTY_ASSIGNED_CONTEXT ( ( #602 ) ) GLOBAL_UNIT_ASSIGNED_CONTEXT ( ( #1617, #439, #1450 ) ) REPRESENTATION_CONTEXT ( 'NONE', 'WORKASPACE' ) );
#2133 = PLANE ( 'NONE',  #2003 ) ;
#2134 = UNCERTAINTY_MEASURE_WITH_UNIT (LENGTH_MEASURE( 1.000000000000000082E-05 ), #199, 'distance_accuracy_value', 'NONE');
#2135 = FILL_AREA_STYLE_COLOUR ( '', #1850 ) ;
#2136 = PLANE ( 'NONE',  #2141 ) ;
#2137 = ORIENTED_EDGE ( 'NONE', *, *, #1726, .F. ) ;
#2138 = ADVANCED_FACE ( 'NONE', ( #936 ), #615, .T. ) ;
#2139 = CARTESIAN_POINT ( 'NONE',  ( -0.5080000000000000071, 4.320000000000000284, -3.500000000000000000 ) ) ;
#2140 =( GEOMETRIC_REPRESENTATION_CONTEXT ( 3 ) GLOBAL_UNCERTAINTY_ASSIGNED_CONTEXT ( ( #2108 ) ) GLOBAL_UNIT_ASSIGNED_CONTEXT ( ( #1883, #894, #872 ) ) REPRESENTATION_CONTEXT ( 'NONE', 'WORKASPACE' ) );
#2141 = AXIS2_PLACEMENT_3D ( 'NONE', #1873, #543, #989 ) ;
#2142 =( NAMED_UNIT ( * ) PLANE_ANGLE_UNIT ( ) SI_UNIT ( $, .RADIAN. ) );
#2143 = AXIS2_PLACEMENT_3D ( 'NONE', #1563, #896, #1592 ) ;
#2144 = COLOUR_RGB ( '',0.9882352941176471006, 1.000000000000000000, 0.9882352941176471006 ) ;
#2145 = CARTESIAN_POINT ( 'NONE',  ( -6.669999999999999929, -6.670000000000000817, 12.00000000000000000 ) ) ;
#2146 = FILL_AREA_STYLE ('',( #621 ) ) ;
#2147 = ORIENTED_EDGE ( 'NONE', *, *, #413, .F. ) ;
#2148 = VECTOR ( 'NONE', #88, 1000.000000000000000 ) ;
#2149 = CARTESIAN_POINT ( 'NONE',  ( -0.5080000000000000071, 4.320000000000000284, -3.500000000000000000 ) ) ;
#2150 = EDGE_CURVE ( 'NONE', #1840, #1507, #711, .T. ) ;
#2151 = CARTESIAN_POINT ( 'NONE',  ( 1.348662872331562568, -0.3179755600582842012, 11.50000000000000000 ) ) ;
#2152 = FACE_BOUND ( 'NONE', #1714, .T. ) ;
#2153 = AXIS2_PLACEMENT_3D ( 'NONE', #1311, #488, #1146 ) ;
#2154 = DIRECTION ( 'NONE',  ( -1.000000000000000000, 0.000000000000000000, 0.000000000000000000 ) ) ;
#2155 =( NAMED_UNIT ( * ) PLANE_ANGLE_UNIT ( ) SI_UNIT ( $, .RADIAN. ) );
#2156 = ORIENTED_EDGE ( 'NONE', *, *, #830, .T. ) ;
#2157 = UNCERTAINTY_MEASURE_WITH_UNIT (LENGTH_MEASURE( 1.000000000000000082E-05 ), #1827, 'distance_accuracy_value', 'NONE');
#2158 = AXIS2_PLACEMENT_3D ( 'NONE', #1895, #1582, #51 ) ;
#2159 = DIRECTION ( 'NONE',  ( 1.000000000000000000, 0.000000000000000000, 0.000000000000000000 ) ) ;
#2160 = MECHANICAL_DESIGN_GEOMETRIC_PRESENTATION_REPRESENTATION (  '', ( #760 ), #802 ) ;
#2161 = PRESENTATION_LAYER_ASSIGNMENT (  '', '', ( #597 ) ) ;
#2162 = CARTESIAN_POINT ( 'NONE',  ( 3.500000000000000000, 4.286263797015736595E-16, 11.79999999999999893 ) ) ;
#2163 = VECTOR ( 'NONE', #339, 1000.000000000000000 ) ;
#2164 = ORIENTED_EDGE ( 'NONE', *, *, #623, .F. ) ;
#2165 =( LENGTH_UNIT ( ) NAMED_UNIT ( * ) SI_UNIT ( .MILLI., .METRE. ) );
#2166 = UNCERTAINTY_MEASURE_WITH_UNIT (LENGTH_MEASURE( 1.000000000000000082E-05 ), #925, 'distance_accuracy_value', 'NONE');
#2167 =( GEOMETRIC_REPRESENTATION_CONTEXT ( 3 ) GLOBAL_UNCERTAINTY_ASSIGNED_CONTEXT ( ( #1760 ) ) GLOBAL_UNIT_ASSIGNED_CONTEXT ( ( #53, #194, #29 ) ) REPRESENTATION_CONTEXT ( 'NONE', 'WORKASPACE' ) );
#2168 = DIRECTION ( 'NONE',  ( 0.000000000000000000, 0.000000000000000000, -1.000000000000000000 ) ) ;
#2169 = VERTEX_POINT ( 'NONE', #1476 ) ;
#2170 = DIRECTION ( 'NONE',  ( -0.9733135904833517538, 0.2294790939942160102, 0.000000000000000000 ) ) ;
#2171 = DIRECTION ( 'NONE',  ( 0.000000000000000000, 0.000000000000000000, -1.000000000000000000 ) ) ;
#2172 = SURFACE_SIDE_STYLE ('',( #1648 ) ) ;
#2173 = STYLED_ITEM ( 'NONE', ( #2177 ), #1784 ) ;
#2174 = EDGE_CURVE ( 'NONE', #1843, #1945, #316, .T. ) ;
#2175 = LINE ( 'NONE', #514, #2163 ) ;
#2176 = CIRCLE ( 'NONE', #102, 2.800000000000000266 ) ;
#2177 = PRESENTATION_STYLE_ASSIGNMENT (( #141 ) ) ;
#2178 = ORIENTED_EDGE ( 'NONE', *, *, #1601, .F. ) ;
#2179 = COLOUR_RGB ( '',0.9882352941176471006, 1.000000000000000000, 0.9882352941176471006 ) ;
#2180 = VERTEX_POINT ( 'NONE', #2016 ) ;
#2181 = DIRECTION ( 'NONE',  ( 0.000000000000000000, 0.000000000000000000, 1.000000000000000000 ) ) ;
#2182 = DIRECTION ( 'NONE',  ( 1.000000000000000000, 0.000000000000000000, 0.000000000000000000 ) ) ;
ENDSEC;
END-ISO-10303-21;
