ISO-10303-21;
HEADER;
/* Generated by software containing ST-Developer
 * from STEP Tools, Inc. (www.steptools.com) 
 */

FILE_DESCRIPTION(
/* description */ (''),
/* implementation_level */ '2;1');

FILE_NAME(
/* name */ 'CONN-TH_5P-P2.54_520315-5.step',
/* time_stamp */ '2026-08-30T00:05:50+02:00',
/* author */ (''),
/* organization */ (''),
/* preprocessor_version */ 'ST-DEVELOPER v20.1',
/* originating_system */ 'Autodesk Translation Framework v15.8.0.0',
/* authorisation */ '');

FILE_SCHEMA (('AUTOMOTIVE_DESIGN { 1 0 10303 214 3 1 1 }'));
ENDSEC;

DATA;
#10=MECHANICAL_DESIGN_GEOMETRIC_PRESENTATION_REPRESENTATION('',(#44,#45,
#46,#47,#48,#49,#50),#13234);
#11=CONTEXT_DEPENDENT_OVER_RIDING_STYLED_ITEM('',(#13267),#13248,#50,(#16));
#12=MAPPED_ITEM('',#13,#8232);
#13=REPRESENTATION_MAP(#8232,#13247);
#14=ITEM_DEFINED_TRANSFORMATION($,$,#7497,#8230);
#15=ITEM_DEFINED_TRANSFORMATION($,$,#7998,#8231);
#16=(
REPRESENTATION_RELATIONSHIP($,$,#13248,#13247)
REPRESENTATION_RELATIONSHIP_WITH_TRANSFORMATION(#14)
SHAPE_REPRESENTATION_RELATIONSHIP()
);
#17=(
REPRESENTATION_RELATIONSHIP($,$,#13249,#13247)
REPRESENTATION_RELATIONSHIP_WITH_TRANSFORMATION(#15)
SHAPE_REPRESENTATION_RELATIONSHIP()
);
#18=CONTEXT_DEPENDENT_SHAPE_REPRESENTATION(#16,#13245);
#19=CONTEXT_DEPENDENT_SHAPE_REPRESENTATION(#17,#13246);
#20=NEXT_ASSEMBLY_USAGE_OCCURRENCE('Pins:1','Pins:1','Pins:1',#13251,#13252,
'Pins:1');
#21=NEXT_ASSEMBLY_USAGE_OCCURRENCE('Connector Body:1',
'Connector Body:1','Connector Body:1',#13251,#13253,'Connector Body:1');
#22=FACE_BOUND('',#1263,.T.);
#23=FACE_BOUND('',#1264,.T.);
#24=SPHERICAL_SURFACE('',#8036,0.1);
#25=SPHERICAL_SURFACE('',#8042,0.1);
#26=SPHERICAL_SURFACE('',#8046,0.1);
#27=SPHERICAL_SURFACE('',#8050,0.1);
#28=SPHERICAL_SURFACE('',#8055,0.1);
#29=SPHERICAL_SURFACE('',#8059,0.1);
#30=SPHERICAL_SURFACE('',#8064,0.1);
#31=SPHERICAL_SURFACE('',#8070,0.1);
#32=(
BOUNDED_SURFACE()
B_SPLINE_SURFACE(2,2,((#12268,#12269,#12270),(#12271,#12272,#12273),(#12274,
#12275,#12276)),.UNSPECIFIED.,.F.,.F.,.F.)
B_SPLINE_SURFACE_WITH_KNOTS((3,3),(3,3),(-3.14159265358979,-1.69563497279603),
(-3.14159265358979,-1.58362171938889),.UNSPECIFIED.)
GEOMETRIC_REPRESENTATION_ITEM()
RATIONAL_B_SPLINE_SURFACE(((1.,0.711626672134787,1.),(0.749838194779923,
0.533604859190793,0.749838194779923),(1.,0.711626672134787,1.)))
REPRESENTATION_ITEM('')
SURFACE()
);
#33=(
BOUNDED_SURFACE()
B_SPLINE_SURFACE(2,2,((#12318,#12319,#12320,#12321,#12322),(#12323,#12324,
#12325,#12326,#12327),(#12328,#12329,#12330,#12331,#12332)),
 .UNSPECIFIED.,.F.,.F.,.F.)
B_SPLINE_SURFACE_WITH_KNOTS((3,3),(3,2,3),(-3.14159265358979,-1.57079632679489),
(0.208401762277999,1.67499720793913,3.14159265360025),.UNSPECIFIED.)
GEOMETRIC_REPRESENTATION_ITEM()
RATIONAL_B_SPLINE_SURFACE(((1.,0.74297120323731,1.,0.74297120323731,1.),
(0.707106781186539,0.525359976035424,0.707106781186539,0.525359976035424,
0.707106781186539),(1.,0.74297120323731,1.,0.74297120323731,1.)))
REPRESENTATION_ITEM('')
SURFACE()
);
#34=B_SPLINE_SURFACE_WITH_KNOTS('',3,3,((#12230,#12231,#12232,#12233,#12234,
#12235),(#12236,#12237,#12238,#12239,#12240,#12241),(#12242,#12243,#12244,
#12245,#12246,#12247),(#12248,#12249,#12250,#12251,#12252,#12253),(#12254,
#12255,#12256,#12257,#12258,#12259)),.UNSPECIFIED.,.F.,.F.,.F.,(4,1,4),
(4,2,4),(0.,0.374471927632136,0.873767831141651),(-1.44762289715069E-15,
0.00405191654944832,0.00922136312138099),.UNSPECIFIED.);
#35=B_SPLINE_SURFACE_WITH_KNOTS('',3,3,((#12464,#12465,#12466,#12467,#12468,
#12469),(#12470,#12471,#12472,#12473,#12474,#12475),(#12476,#12477,#12478,
#12479,#12480,#12481),(#12482,#12483,#12484,#12485,#12486,#12487),(#12488,
#12489,#12490,#12491,#12492,#12493)),.UNSPECIFIED.,.F.,.F.,.F.,(4,1,4),
(4,2,4),(0.,0.341417154775491,0.796640027809478),(-4.51126091608389E-16,
0.00343107083337025,0.00618131812411048),.UNSPECIFIED.);
#36=B_SPLINE_SURFACE_WITH_KNOTS('',3,1,((#12535,#12536),(#12537,#12538),
(#12539,#12540),(#12541,#12542),(#12543,#12544)),.UNSPECIFIED.,.F.,.F.,
 .F.,(4,1,4),(2,2),(-0.00946836395581353,-0.00530790479602919,0.),(0.,0.02),
 .UNSPECIFIED.);
#37=B_SPLINE_SURFACE_WITH_KNOTS('',3,1,((#12560,#12561),(#12562,#12563),
(#12564,#12565),(#12566,#12567),(#12568,#12569)),.UNSPECIFIED.,.F.,.F.,
 .F.,(4,1,4),(2,2),(-0.00587663025909088,-0.00326228146130568,0.),(0.,0.02),
 .UNSPECIFIED.);
#38=B_SPLINE_SURFACE_WITH_KNOTS('',3,1,((#12577,#12578),(#12579,#12580),
(#12581,#12582),(#12583,#12584),(#12585,#12586)),.UNSPECIFIED.,.F.,.F.,
 .F.,(4,1,4),(2,2),(-0.003781463690911,-0.0017100963761129,0.),(0.,0.02),
 .UNSPECIFIED.);
#39=B_SPLINE_SURFACE_WITH_KNOTS('',3,1,((#12594,#12595),(#12596,#12597),
(#12598,#12599),(#12600,#12601),(#12602,#12603)),.UNSPECIFIED.,.F.,.F.,
 .F.,(4,1,4),(2,2),(-0.00617014915216112,-0.00274527790250208,0.),(0.,0.02),
 .UNSPECIFIED.);
#40=SHAPE_REPRESENTATION_RELATIONSHIP('SRR','None',#13248,#42);
#41=SHAPE_REPRESENTATION_RELATIONSHIP('SRR','None',#13249,#43);
#42=ADVANCED_BREP_SHAPE_REPRESENTATION('',(#51,#52,#53,#54,#55),#13232);
#43=ADVANCED_BREP_SHAPE_REPRESENTATION('',(#56),#13233);
#44=STYLED_ITEM('',(#13267),#51);
#45=STYLED_ITEM('',(#13267),#52);
#46=STYLED_ITEM('',(#13267),#53);
#47=STYLED_ITEM('',(#13267),#54);
#48=STYLED_ITEM('',(#13267),#55);
#49=STYLED_ITEM('',(#13268),#56);
#50=STYLED_ITEM('',(#13269),#12);
#51=MANIFOLD_SOLID_BREP('Pin 3',#7467);
#52=MANIFOLD_SOLID_BREP('Pin 2',#7468);
#53=MANIFOLD_SOLID_BREP('Pin 4',#7469);
#54=MANIFOLD_SOLID_BREP('Pin 1',#7470);
#55=MANIFOLD_SOLID_BREP('Pin 5',#7471);
#56=MANIFOLD_SOLID_BREP('Body',#7472);
#57=ELLIPSE('',#7529,0.254489428677436,0.2);
#58=ELLIPSE('',#7534,0.254489428677436,0.2);
#59=ELLIPSE('',#7538,0.205514451219124,0.2);
#60=ELLIPSE('',#7539,0.205514451219124,0.2);
#61=ELLIPSE('',#7542,0.205514451219124,0.2);
#62=ELLIPSE('',#7545,0.205514451219124,0.2);
#63=ELLIPSE('',#7629,0.254489428677436,0.2);
#64=ELLIPSE('',#7634,0.254489428677436,0.2);
#65=ELLIPSE('',#7638,0.205514451219124,0.2);
#66=ELLIPSE('',#7639,0.205514451219124,0.2);
#67=ELLIPSE('',#7642,0.205514451219124,0.2);
#68=ELLIPSE('',#7645,0.205514451219124,0.2);
#69=ELLIPSE('',#7729,0.254489428677436,0.2);
#70=ELLIPSE('',#7734,0.254489428677436,0.2);
#71=ELLIPSE('',#7738,0.205514451219124,0.2);
#72=ELLIPSE('',#7739,0.205514451219124,0.2);
#73=ELLIPSE('',#7742,0.205514451219124,0.2);
#74=ELLIPSE('',#7745,0.205514451219124,0.2);
#75=ELLIPSE('',#7829,0.254489428677436,0.2);
#76=ELLIPSE('',#7834,0.254489428677436,0.2);
#77=ELLIPSE('',#7838,0.205514451219124,0.2);
#78=ELLIPSE('',#7839,0.205514451219124,0.2);
#79=ELLIPSE('',#7842,0.205514451219124,0.2);
#80=ELLIPSE('',#7845,0.205514451219124,0.2);
#81=ELLIPSE('',#7929,0.254489428677436,0.2);
#82=ELLIPSE('',#7934,0.254489428677436,0.2);
#83=ELLIPSE('',#7938,0.205514451219124,0.2);
#84=ELLIPSE('',#7939,0.205514451219124,0.2);
#85=ELLIPSE('',#7942,0.205514451219124,0.2);
#86=ELLIPSE('',#7945,0.205514451219124,0.2);
#87=ELLIPSE('',#8000,0.206740183681697,0.09);
#88=ELLIPSE('',#8001,0.127279220613579,0.09);
#89=ELLIPSE('',#8002,0.127279220613579,0.09);
#90=ELLIPSE('',#8004,0.127279220613579,0.09);
#91=ELLIPSE('',#8012,0.095297378164512,0.09);
#92=ELLIPSE('',#8013,0.126556351563217,0.09);
#93=ELLIPSE('',#8016,0.126865582796734,0.09);
#94=ELLIPSE('',#8025,0.141421356237309,0.1);
#95=ELLIPSE('',#8026,0.141421356237309,0.1);
#96=ELLIPSE('',#8028,0.14142135623731,0.1);
#97=ELLIPSE('',#8030,0.141421356237309,0.1);
#98=ELLIPSE('',#8031,0.141421356237309,0.1);
#99=ELLIPSE('',#8033,0.14142135623731,0.1);
#100=ELLIPSE('',#8035,0.14142135623731,0.1);
#101=ELLIPSE('',#8041,0.14142135623731,0.1);
#102=ELLIPSE('',#8094,0.14142135623731,0.1);
#103=ELLIPSE('',#8095,0.14142135623731,0.1);
#104=ELLIPSE('',#8097,0.14142135623731,0.1);
#105=ELLIPSE('',#8099,0.14142135623731,0.1);
#106=ELLIPSE('',#8101,0.14142135623731,0.1);
#107=ELLIPSE('',#8102,0.14142135623731,0.1);
#108=ELLIPSE('',#8104,0.14142135623731,0.1);
#109=ELLIPSE('',#8105,0.14142135623731,0.1);
#110=ELLIPSE('',#8107,0.141421356237309,0.1);
#111=ELLIPSE('',#8109,0.14142135623731,0.1);
#112=ELLIPSE('',#8111,0.141421356237309,0.1);
#113=ELLIPSE('',#8113,0.14142135623731,0.1);
#114=ELLIPSE('',#8115,0.141421356237309,0.1);
#115=ELLIPSE('',#8117,0.14142135623731,0.1);
#116=ELLIPSE('',#8119,0.14142135623731,0.1);
#117=ELLIPSE('',#8120,0.141421356237309,0.1);
#118=ELLIPSE('',#8122,0.141421356237309,0.1);
#119=ELLIPSE('',#8124,0.14142135623731,0.1);
#120=ELLIPSE('',#8126,0.14142135623731,0.1);
#121=ELLIPSE('',#8128,0.14142135623731,0.1);
#122=ELLIPSE('',#8130,0.141421356237309,0.1);
#123=ELLIPSE('',#8131,0.14142135623731,0.1);
#124=ELLIPSE('',#8133,0.14142135623731,0.1);
#125=ELLIPSE('',#8135,0.14142135623731,0.1);
#126=ELLIPSE('',#8137,0.14142135623731,0.1);
#127=ELLIPSE('',#8138,0.141421356237309,0.1);
#128=ELLIPSE('',#8140,0.14142135623731,0.1);
#129=ELLIPSE('',#8142,0.14142135623731,0.1);
#130=ELLIPSE('',#8144,0.14142135623731,0.1);
#131=ELLIPSE('',#8146,0.14142135623731,0.1);
#132=ELLIPSE('',#8148,0.14142135623731,0.1);
#133=ELLIPSE('',#8151,0.14142135623731,0.1);
#134=ELLIPSE('',#8154,0.14142135623731,0.1);
#135=ELLIPSE('',#8156,0.141421356237309,0.1);
#136=ELLIPSE('',#8157,0.103527618041008,0.1);
#137=ELLIPSE('',#8159,0.14142135623731,0.1);
#138=ELLIPSE('',#8161,0.103527618041008,0.1);
#139=ELLIPSE('',#8162,0.14142135623731,0.1);
#140=ELLIPSE('',#8164,0.14142135623731,0.1);
#141=ELLIPSE('',#8167,0.14142135623731,0.1);
#142=ELLIPSE('',#8169,0.14142135623731,0.1);
#143=ELLIPSE('',#8171,0.14142135623731,0.1);
#144=ELLIPSE('',#8173,0.14142135623731,0.1);
#145=ELLIPSE('',#8175,0.14142135623731,0.1);
#146=ELLIPSE('',#8178,0.141421356237309,0.1);
#147=ELLIPSE('',#8181,0.14142135623731,0.1);
#148=B_SPLINE_CURVE_WITH_KNOTS('',3,(#10538,#10539,#10540,#10541,#10542,
#10543,#10544,#10545,#10546,#10547),.UNSPECIFIED.,.F.,.F.,(4,2,2,2,4),(-0.0307025951112932,
-0.0228931673427805,-0.0150837395742677,-0.00754186978713386,0.),
 .UNSPECIFIED.);
#149=B_SPLINE_CURVE_WITH_KNOTS('',3,(#10554,#10555,#10556,#10557,#10558,
#10559,#10560,#10561,#10562,#10563),.UNSPECIFIED.,.F.,.F.,(4,2,2,2,4),(0.0489728877458843,
0.057877188545993,0.0667814893461017,0.0714016593789279,0.0758827191265423),
 .UNSPECIFIED.);
#150=B_SPLINE_CURVE_WITH_KNOTS('',3,(#10576,#10577,#10578,#10579,#10580,
#10581,#10582,#10583,#10584,#10585),.UNSPECIFIED.,.F.,.F.,(4,2,2,2,4),(0.,
0.00754186978713387,0.0150837395742677,0.0228931673427805,0.0307025951112932),
 .UNSPECIFIED.);
#151=B_SPLINE_CURVE_WITH_KNOTS('',3,(#10590,#10591,#10592,#10593,#10594,
#10595,#10596,#10597,#10598,#10599),.UNSPECIFIED.,.F.,.F.,(4,2,2,2,4),(0.0220630563652262,
0.0265441161128406,0.031164286145667,0.0400685869457758,0.0489728877458845),
 .UNSPECIFIED.);
#152=B_SPLINE_CURVE_WITH_KNOTS('',3,(#10607,#10608,#10609,#10610,#10611,
#10612,#10613,#10614),.UNSPECIFIED.,.F.,.F.,(4,2,2,4),(-0.0218474899115242,
-0.0150837395742677,-0.00754186978713386,0.),.UNSPECIFIED.);
#153=B_SPLINE_CURVE_WITH_KNOTS('',3,(#10618,#10619,#10620,#10621,#10622,
#10623),.UNSPECIFIED.,.F.,.F.,(4,2,4),(0.0489728877458843,0.057877188545993,
0.0640737106213262),.UNSPECIFIED.);
#154=B_SPLINE_CURVE_WITH_KNOTS('',3,(#10646,#10647,#10648,#10649,#10650,
#10651),.UNSPECIFIED.,.F.,.F.,(4,2,4),(0.131817840362211,0.138014362437544,
0.146918663237653),.UNSPECIFIED.);
#155=B_SPLINE_CURVE_WITH_KNOTS('',3,(#10654,#10655,#10656,#10657,#10658,
#10659,#10660,#10661),.UNSPECIFIED.,.F.,.F.,(4,2,2,4),(0.0649829440293996,
0.0725248138165335,0.0800666836036674,0.0868304339348712),.UNSPECIFIED.);
#156=B_SPLINE_CURVE_WITH_KNOTS('',3,(#10884,#10885,#10886,#10887,#10888,
#10889,#10890,#10891,#10892,#10893),.UNSPECIFIED.,.F.,.F.,(4,2,2,2,4),(-0.0307025951112932,
-0.0228931673427805,-0.0150837395742677,-0.00754186978713386,0.),
 .UNSPECIFIED.);
#157=B_SPLINE_CURVE_WITH_KNOTS('',3,(#10900,#10901,#10902,#10903,#10904,
#10905,#10906,#10907,#10908,#10909),.UNSPECIFIED.,.F.,.F.,(4,2,2,2,4),(0.0489728877458843,
0.057877188545993,0.0667814893461017,0.0714016593789279,0.0758827191265423),
 .UNSPECIFIED.);
#158=B_SPLINE_CURVE_WITH_KNOTS('',3,(#10922,#10923,#10924,#10925,#10926,
#10927,#10928,#10929,#10930,#10931),.UNSPECIFIED.,.F.,.F.,(4,2,2,2,4),(0.,
0.00754186978713387,0.0150837395742677,0.0228931673427805,0.0307025951112932),
 .UNSPECIFIED.);
#159=B_SPLINE_CURVE_WITH_KNOTS('',3,(#10936,#10937,#10938,#10939,#10940,
#10941,#10942,#10943,#10944,#10945),.UNSPECIFIED.,.F.,.F.,(4,2,2,2,4),(0.0220630563652262,
0.0265441161128406,0.031164286145667,0.0400685869457758,0.0489728877458845),
 .UNSPECIFIED.);
#160=B_SPLINE_CURVE_WITH_KNOTS('',3,(#10953,#10954,#10955,#10956,#10957,
#10958,#10959,#10960),.UNSPECIFIED.,.F.,.F.,(4,2,2,4),(-0.0218474899115242,
-0.0150837395742677,-0.00754186978713386,0.),.UNSPECIFIED.);
#161=B_SPLINE_CURVE_WITH_KNOTS('',3,(#10964,#10965,#10966,#10967,#10968,
#10969),.UNSPECIFIED.,.F.,.F.,(4,2,4),(0.0489728877458843,0.057877188545993,
0.0640737106213262),.UNSPECIFIED.);
#162=B_SPLINE_CURVE_WITH_KNOTS('',3,(#10992,#10993,#10994,#10995,#10996,
#10997),.UNSPECIFIED.,.F.,.F.,(4,2,4),(0.131817840362211,0.138014362437544,
0.146918663237653),.UNSPECIFIED.);
#163=B_SPLINE_CURVE_WITH_KNOTS('',3,(#11000,#11001,#11002,#11003,#11004,
#11005,#11006,#11007),.UNSPECIFIED.,.F.,.F.,(4,2,2,4),(0.0649829440293996,
0.0725248138165335,0.0800666836036674,0.0868304339348712),.UNSPECIFIED.);
#164=B_SPLINE_CURVE_WITH_KNOTS('',3,(#11230,#11231,#11232,#11233,#11234,
#11235,#11236,#11237,#11238,#11239),.UNSPECIFIED.,.F.,.F.,(4,2,2,2,4),(-0.0307025951112932,
-0.0228931673427805,-0.0150837395742677,-0.00754186978713386,0.),
 .UNSPECIFIED.);
#165=B_SPLINE_CURVE_WITH_KNOTS('',3,(#11246,#11247,#11248,#11249,#11250,
#11251,#11252,#11253,#11254,#11255),.UNSPECIFIED.,.F.,.F.,(4,2,2,2,4),(0.0489728877458843,
0.057877188545993,0.0667814893461017,0.0714016593789279,0.0758827191265423),
 .UNSPECIFIED.);
#166=B_SPLINE_CURVE_WITH_KNOTS('',3,(#11268,#11269,#11270,#11271,#11272,
#11273,#11274,#11275,#11276,#11277),.UNSPECIFIED.,.F.,.F.,(4,2,2,2,4),(0.,
0.00754186978713387,0.0150837395742677,0.0228931673427805,0.0307025951112932),
 .UNSPECIFIED.);
#167=B_SPLINE_CURVE_WITH_KNOTS('',3,(#11282,#11283,#11284,#11285,#11286,
#11287,#11288,#11289,#11290,#11291),.UNSPECIFIED.,.F.,.F.,(4,2,2,2,4),(0.0220630563652262,
0.0265441161128406,0.031164286145667,0.0400685869457758,0.0489728877458845),
 .UNSPECIFIED.);
#168=B_SPLINE_CURVE_WITH_KNOTS('',3,(#11299,#11300,#11301,#11302,#11303,
#11304,#11305,#11306),.UNSPECIFIED.,.F.,.F.,(4,2,2,4),(-0.0218474899115242,
-0.0150837395742677,-0.00754186978713386,0.),.UNSPECIFIED.);
#169=B_SPLINE_CURVE_WITH_KNOTS('',3,(#11310,#11311,#11312,#11313,#11314,
#11315),.UNSPECIFIED.,.F.,.F.,(4,2,4),(0.0489728877458843,0.057877188545993,
0.0640737106213262),.UNSPECIFIED.);
#170=B_SPLINE_CURVE_WITH_KNOTS('',3,(#11338,#11339,#11340,#11341,#11342,
#11343),.UNSPECIFIED.,.F.,.F.,(4,2,4),(0.131817840362211,0.138014362437544,
0.146918663237653),.UNSPECIFIED.);
#171=B_SPLINE_CURVE_WITH_KNOTS('',3,(#11346,#11347,#11348,#11349,#11350,
#11351,#11352,#11353),.UNSPECIFIED.,.F.,.F.,(4,2,2,4),(0.0649829440293996,
0.0725248138165335,0.0800666836036674,0.0868304339348712),.UNSPECIFIED.);
#172=B_SPLINE_CURVE_WITH_KNOTS('',3,(#11576,#11577,#11578,#11579,#11580,
#11581,#11582,#11583,#11584,#11585),.UNSPECIFIED.,.F.,.F.,(4,2,2,2,4),(-0.0307025951112932,
-0.0228931673427805,-0.0150837395742677,-0.00754186978713386,0.),
 .UNSPECIFIED.);
#173=B_SPLINE_CURVE_WITH_KNOTS('',3,(#11592,#11593,#11594,#11595,#11596,
#11597,#11598,#11599,#11600,#11601),.UNSPECIFIED.,.F.,.F.,(4,2,2,2,4),(0.0489728877458843,
0.057877188545993,0.0667814893461017,0.0714016593789279,0.0758827191265423),
 .UNSPECIFIED.);
#174=B_SPLINE_CURVE_WITH_KNOTS('',3,(#11614,#11615,#11616,#11617,#11618,
#11619,#11620,#11621,#11622,#11623),.UNSPECIFIED.,.F.,.F.,(4,2,2,2,4),(0.,
0.00754186978713387,0.0150837395742677,0.0228931673427805,0.0307025951112932),
 .UNSPECIFIED.);
#175=B_SPLINE_CURVE_WITH_KNOTS('',3,(#11628,#11629,#11630,#11631,#11632,
#11633,#11634,#11635,#11636,#11637),.UNSPECIFIED.,.F.,.F.,(4,2,2,2,4),(0.0220630563652262,
0.0265441161128406,0.031164286145667,0.0400685869457758,0.0489728877458845),
 .UNSPECIFIED.);
#176=B_SPLINE_CURVE_WITH_KNOTS('',3,(#11645,#11646,#11647,#11648,#11649,
#11650,#11651,#11652),.UNSPECIFIED.,.F.,.F.,(4,2,2,4),(-0.0218474899115242,
-0.0150837395742677,-0.00754186978713386,0.),.UNSPECIFIED.);
#177=B_SPLINE_CURVE_WITH_KNOTS('',3,(#11656,#11657,#11658,#11659,#11660,
#11661),.UNSPECIFIED.,.F.,.F.,(4,2,4),(0.0489728877458843,0.057877188545993,
0.0640737106213262),.UNSPECIFIED.);
#178=B_SPLINE_CURVE_WITH_KNOTS('',3,(#11684,#11685,#11686,#11687,#11688,
#11689),.UNSPECIFIED.,.F.,.F.,(4,2,4),(0.131817840362211,0.138014362437544,
0.146918663237653),.UNSPECIFIED.);
#179=B_SPLINE_CURVE_WITH_KNOTS('',3,(#11692,#11693,#11694,#11695,#11696,
#11697,#11698,#11699),.UNSPECIFIED.,.F.,.F.,(4,2,2,4),(0.0649829440293996,
0.0725248138165335,0.0800666836036674,0.0868304339348712),.UNSPECIFIED.);
#180=B_SPLINE_CURVE_WITH_KNOTS('',3,(#11922,#11923,#11924,#11925,#11926,
#11927,#11928,#11929,#11930,#11931),.UNSPECIFIED.,.F.,.F.,(4,2,2,2,4),(-0.0307025951112932,
-0.0228931673427805,-0.0150837395742677,-0.00754186978713386,0.),
 .UNSPECIFIED.);
#181=B_SPLINE_CURVE_WITH_KNOTS('',3,(#11938,#11939,#11940,#11941,#11942,
#11943,#11944,#11945,#11946,#11947),.UNSPECIFIED.,.F.,.F.,(4,2,2,2,4),(0.0489728877458843,
0.057877188545993,0.0667814893461017,0.0714016593789279,0.0758827191265423),
 .UNSPECIFIED.);
#182=B_SPLINE_CURVE_WITH_KNOTS('',3,(#11960,#11961,#11962,#11963,#11964,
#11965,#11966,#11967,#11968,#11969),.UNSPECIFIED.,.F.,.F.,(4,2,2,2,4),(0.,
0.00754186978713387,0.0150837395742677,0.0228931673427805,0.0307025951112932),
 .UNSPECIFIED.);
#183=B_SPLINE_CURVE_WITH_KNOTS('',3,(#11974,#11975,#11976,#11977,#11978,
#11979,#11980,#11981,#11982,#11983),.UNSPECIFIED.,.F.,.F.,(4,2,2,2,4),(0.0220630563652262,
0.0265441161128406,0.031164286145667,0.0400685869457758,0.0489728877458845),
 .UNSPECIFIED.);
#184=B_SPLINE_CURVE_WITH_KNOTS('',3,(#11991,#11992,#11993,#11994,#11995,
#11996,#11997,#11998),.UNSPECIFIED.,.F.,.F.,(4,2,2,4),(-0.0218474899115242,
-0.0150837395742677,-0.00754186978713386,0.),.UNSPECIFIED.);
#185=B_SPLINE_CURVE_WITH_KNOTS('',3,(#12002,#12003,#12004,#12005,#12006,
#12007),.UNSPECIFIED.,.F.,.F.,(4,2,4),(0.0489728877458843,0.057877188545993,
0.0640737106213262),.UNSPECIFIED.);
#186=B_SPLINE_CURVE_WITH_KNOTS('',3,(#12030,#12031,#12032,#12033,#12034,
#12035),.UNSPECIFIED.,.F.,.F.,(4,2,4),(0.131817840362211,0.138014362437544,
0.146918663237653),.UNSPECIFIED.);
#187=B_SPLINE_CURVE_WITH_KNOTS('',3,(#12038,#12039,#12040,#12041,#12042,
#12043,#12044,#12045),.UNSPECIFIED.,.F.,.F.,(4,2,2,4),(0.0649829440293996,
0.0725248138165335,0.0800666836036674,0.0868304339348712),.UNSPECIFIED.);
#188=B_SPLINE_CURVE_WITH_KNOTS('',3,(#12169,#12170,#12171,#12172,#12173,
#12174,#12175,#12176,#12177,#12178),.UNSPECIFIED.,.F.,.F.,(4,2,2,2,4),(-0.00737405956580209,
-0.00722327034075318,-0.00673594026451931,-0.00385438537169802,-0.00295858595562192),
 .UNSPECIFIED.);
#189=B_SPLINE_CURVE_WITH_KNOTS('',3,(#12180,#12181,#12182,#12183,#12184,
#12185,#12186,#12187),.UNSPECIFIED.,.F.,.F.,(4,2,2,4),(-0.00488912295493324,
-0.00411776038546893,-0.0018144950108486,-5.2996814598948E-5),
 .UNSPECIFIED.);
#190=B_SPLINE_CURVE_WITH_KNOTS('',3,(#12189,#12190,#12191,#12192,#12193,
#12194,#12195,#12196,#12197,#12198,#12199,#12200,#12201,#12202,#12203,#12204,
#12205,#12206,#12207,#12208,#12209,#12210),.UNSPECIFIED.,.F.,.F.,(4,3,3,
3,3,3,3,4),(-0.00191774526690713,-0.00149350624821512,-0.00114494866631821,
-0.00103321247561929,-0.000926463372233446,-0.000613699542682741,-0.000193934782711649,
-5.05835181845062E-6),.UNSPECIFIED.);
#191=B_SPLINE_CURVE_WITH_KNOTS('',3,(#12220,#12221,#12222,#12223,#12224,
#12225,#12226),.UNSPECIFIED.,.F.,.F.,(4,3,4),(0.,0.37447192759951,0.873767829969478),
 .UNSPECIFIED.);
#192=B_SPLINE_CURVE_WITH_KNOTS('',3,(#12262,#12263,#12264,#12265,#12266,
#12267),.UNSPECIFIED.,.F.,.F.,(4,2,4),(-1.44762289715069E-15,0.00405191654944832,
0.00922136312138099),.UNSPECIFIED.);
#193=B_SPLINE_CURVE_WITH_KNOTS('',3,(#12278,#12279,#12280,#12281,#12282,
#12283,#12284,#12285,#12286,#12287),.UNSPECIFIED.,.F.,.F.,(4,2,2,2,4),(0.00107599002755244,
0.00285303444209329,0.00624766677585666,0.010654958828894,0.0129281949983039),
 .UNSPECIFIED.);
#194=B_SPLINE_CURVE_WITH_KNOTS('',3,(#12288,#12289,#12290,#12291,#12292,
#12293,#12294,#12295,#12296,#12297,#12298,#12299,#12300,#12301,#12302,#12303,
#12304,#12305,#12306,#12307,#12308,#12309,#12310,#12311,#12312,#12313,#12314,
#12315,#12316,#12317),.UNSPECIFIED.,.F.,.F.,(4,2,2,2,2,2,2,2,2,2,2,2,2,
2,4),(-0.00544637854659407,-0.00492139383401382,-0.00303572660746742,-0.00172815136324503,
-0.000911924315973938,-0.000462183564286962,-0.000230534176976354,-0.000113799319520695,
-9.91828360998929E-5,-4.80023552862147E-5,-2.24023696234792E-5,-9.60115763807397E-6,
-3.20039899141117E-6,0.,3.20040268372253E-6),.UNSPECIFIED.);
#195=B_SPLINE_CURVE_WITH_KNOTS('',3,(#12336,#12337,#12338,#12339,#12340,
#12341,#12342,#12343,#12344,#12345,#12346,#12347,#12348,#12349),
 .UNSPECIFIED.,.F.,.F.,(4,2,2,2,2,2,4),(-0.00920849327006597,-0.00900933380170218,
-0.00722373963909417,-0.00487174871398366,-0.000799611553150382,0.,0.000108516569309086),
 .UNSPECIFIED.);
#196=B_SPLINE_CURVE_WITH_KNOTS('',3,(#12353,#12354,#12355,#12356,#12357,
#12358,#12359,#12360,#12361,#12362,#12363,#12364,#12365,#12366,#12367,#12368,
#12369,#12370,#12371,#12372,#12373,#12374,#12375,#12376,#12377,#12378,#12379,
#12380,#12381,#12382,#12383,#12384,#12385,#12386,#12387,#12388,#12389,#12390,
#12391,#12392,#12393,#12394,#12395,#12396,#12397,#12398,#12399,#12400,#12401,
#12402,#12403,#12404,#12405,#12406,#12407,#12408,#12409,#12410),
 .UNSPECIFIED.,.F.,.F.,(4,3,3,3,3,3,3,3,3,3,3,3,3,3,3,3,3,3,3,4),(-0.0437705447198725,
-0.0428636682132972,-0.0419637143326956,-0.0402092867441681,-0.0369898416089689,
-0.0365885494821774,-0.0361682818805175,-0.0357287016034613,-0.0335268882766761,
-0.0266936653916002,-0.0196154489864148,-0.0172414611292156,-0.0107152351406987,
-0.00496021622115805,-0.00418900915218178,-0.00364871326337672,-0.00245045327533661,
-0.00134881292003818,-0.000611532666745436,0.),.UNSPECIFIED.);
#197=B_SPLINE_CURVE_WITH_KNOTS('',3,(#12411,#12412,#12413,#12414,#12415,
#12416,#12417,#12418,#12419,#12420,#12421,#12422,#12423,#12424,#12425,#12426,
#12427,#12428,#12429,#12430,#12431,#12432,#12433,#12434,#12435),
 .UNSPECIFIED.,.F.,.F.,(4,3,3,3,3,3,3,3,4),(-0.0121784912427914,-0.00990666969033115,
-0.0088931599895586,-0.00701304241260495,-0.00672090050913093,-0.0056891281391099,
-0.00493024323921076,-0.0040634521867226,-0.00272816975302591),
 .UNSPECIFIED.);
#198=B_SPLINE_CURVE_WITH_KNOTS('',3,(#12455,#12456,#12457,#12458,#12459,
#12460,#12461),.UNSPECIFIED.,.F.,.F.,(4,3,4),(-0.00557430232946814,-0.00300915855881015,
0.),.UNSPECIFIED.);
#199=B_SPLINE_CURVE_WITH_KNOTS('',3,(#12495,#12496,#12497,#12498,#12499,
#12500,#12501,#12502,#12503,#12504,#12505,#12506,#12507,#12508,#12509,#12510,
#12511,#12512,#12513,#12514,#12515,#12516),.UNSPECIFIED.,.F.,.F.,(4,3,3,
3,3,3,3,4),(-0.000751559978738645,0.,0.00220451083347627,0.00351658608533616,
0.00570521874073986,0.00703194056810353,0.00923046157630233,0.010546672204944),
 .UNSPECIFIED.);
#200=B_SPLINE_CURVE_WITH_KNOTS('',3,(#12517,#12518,#12519,#12520,#12521,
#12522),.UNSPECIFIED.,.F.,.F.,(4,2,4),(-4.51126091608389E-16,0.00343107083337025,
0.00618131812411048),.UNSPECIFIED.);
#201=B_SPLINE_CURVE_WITH_KNOTS('',3,(#12548,#12549,#12550,#12551,#12552),
 .UNSPECIFIED.,.F.,.F.,(4,1,4),(0.,0.00530790479602919,0.00946836395581353),
 .UNSPECIFIED.);
#202=B_SPLINE_CURVE_WITH_KNOTS('',3,(#12572,#12573,#12574,#12575,#12576),
 .UNSPECIFIED.,.F.,.F.,(4,1,4),(0.,0.00326228146130568,0.00587663025909088),
 .UNSPECIFIED.);
#203=B_SPLINE_CURVE_WITH_KNOTS('',3,(#12589,#12590,#12591,#12592,#12593),
 .UNSPECIFIED.,.F.,.F.,(4,1,4),(0.,0.0017100963761129,0.003781463690911),
 .UNSPECIFIED.);
#204=B_SPLINE_CURVE_WITH_KNOTS('',3,(#12606,#12607,#12608,#12609,#12610),
 .UNSPECIFIED.,.F.,.F.,(4,1,4),(0.,0.00274527790250208,0.00617014915216112),
 .UNSPECIFIED.);
#205=PLANE('',#7501);
#206=PLANE('',#7502);
#207=PLANE('',#7507);
#208=PLANE('',#7511);
#209=PLANE('',#7515);
#210=PLANE('',#7516);
#211=PLANE('',#7521);
#212=PLANE('',#7524);
#213=PLANE('',#7525);
#214=PLANE('',#7530);
#215=PLANE('',#7535);
#216=PLANE('',#7540);
#217=PLANE('',#7541);
#218=PLANE('',#7546);
#219=PLANE('',#7549);
#220=PLANE('',#7550);
#221=PLANE('',#7555);
#222=PLANE('',#7560);
#223=PLANE('',#7561);
#224=PLANE('',#7562);
#225=PLANE('',#7563);
#226=PLANE('',#7566);
#227=PLANE('',#7567);
#228=PLANE('',#7572);
#229=PLANE('',#7573);
#230=PLANE('',#7579);
#231=PLANE('',#7581);
#232=PLANE('',#7582);
#233=PLANE('',#7583);
#234=PLANE('',#7588);
#235=PLANE('',#7590);
#236=PLANE('',#7591);
#237=PLANE('',#7592);
#238=PLANE('',#7594);
#239=PLANE('',#7595);
#240=PLANE('',#7596);
#241=PLANE('',#7597);
#242=PLANE('',#7601);
#243=PLANE('',#7602);
#244=PLANE('',#7607);
#245=PLANE('',#7611);
#246=PLANE('',#7615);
#247=PLANE('',#7616);
#248=PLANE('',#7621);
#249=PLANE('',#7624);
#250=PLANE('',#7625);
#251=PLANE('',#7630);
#252=PLANE('',#7635);
#253=PLANE('',#7640);
#254=PLANE('',#7641);
#255=PLANE('',#7646);
#256=PLANE('',#7649);
#257=PLANE('',#7650);
#258=PLANE('',#7655);
#259=PLANE('',#7660);
#260=PLANE('',#7661);
#261=PLANE('',#7662);
#262=PLANE('',#7663);
#263=PLANE('',#7666);
#264=PLANE('',#7667);
#265=PLANE('',#7672);
#266=PLANE('',#7673);
#267=PLANE('',#7679);
#268=PLANE('',#7681);
#269=PLANE('',#7682);
#270=PLANE('',#7683);
#271=PLANE('',#7688);
#272=PLANE('',#7690);
#273=PLANE('',#7691);
#274=PLANE('',#7692);
#275=PLANE('',#7694);
#276=PLANE('',#7695);
#277=PLANE('',#7696);
#278=PLANE('',#7697);
#279=PLANE('',#7701);
#280=PLANE('',#7702);
#281=PLANE('',#7707);
#282=PLANE('',#7711);
#283=PLANE('',#7715);
#284=PLANE('',#7716);
#285=PLANE('',#7721);
#286=PLANE('',#7724);
#287=PLANE('',#7725);
#288=PLANE('',#7730);
#289=PLANE('',#7735);
#290=PLANE('',#7740);
#291=PLANE('',#7741);
#292=PLANE('',#7746);
#293=PLANE('',#7749);
#294=PLANE('',#7750);
#295=PLANE('',#7755);
#296=PLANE('',#7760);
#297=PLANE('',#7761);
#298=PLANE('',#7762);
#299=PLANE('',#7763);
#300=PLANE('',#7766);
#301=PLANE('',#7767);
#302=PLANE('',#7772);
#303=PLANE('',#7773);
#304=PLANE('',#7779);
#305=PLANE('',#7781);
#306=PLANE('',#7782);
#307=PLANE('',#7783);
#308=PLANE('',#7788);
#309=PLANE('',#7790);
#310=PLANE('',#7791);
#311=PLANE('',#7792);
#312=PLANE('',#7794);
#313=PLANE('',#7795);
#314=PLANE('',#7796);
#315=PLANE('',#7797);
#316=PLANE('',#7801);
#317=PLANE('',#7802);
#318=PLANE('',#7807);
#319=PLANE('',#7811);
#320=PLANE('',#7815);
#321=PLANE('',#7816);
#322=PLANE('',#7821);
#323=PLANE('',#7824);
#324=PLANE('',#7825);
#325=PLANE('',#7830);
#326=PLANE('',#7835);
#327=PLANE('',#7840);
#328=PLANE('',#7841);
#329=PLANE('',#7846);
#330=PLANE('',#7849);
#331=PLANE('',#7850);
#332=PLANE('',#7855);
#333=PLANE('',#7860);
#334=PLANE('',#7861);
#335=PLANE('',#7862);
#336=PLANE('',#7863);
#337=PLANE('',#7866);
#338=PLANE('',#7867);
#339=PLANE('',#7872);
#340=PLANE('',#7873);
#341=PLANE('',#7879);
#342=PLANE('',#7881);
#343=PLANE('',#7882);
#344=PLANE('',#7883);
#345=PLANE('',#7888);
#346=PLANE('',#7890);
#347=PLANE('',#7891);
#348=PLANE('',#7892);
#349=PLANE('',#7894);
#350=PLANE('',#7895);
#351=PLANE('',#7896);
#352=PLANE('',#7897);
#353=PLANE('',#7901);
#354=PLANE('',#7902);
#355=PLANE('',#7907);
#356=PLANE('',#7911);
#357=PLANE('',#7915);
#358=PLANE('',#7916);
#359=PLANE('',#7921);
#360=PLANE('',#7924);
#361=PLANE('',#7925);
#362=PLANE('',#7930);
#363=PLANE('',#7935);
#364=PLANE('',#7940);
#365=PLANE('',#7941);
#366=PLANE('',#7946);
#367=PLANE('',#7949);
#368=PLANE('',#7950);
#369=PLANE('',#7955);
#370=PLANE('',#7960);
#371=PLANE('',#7961);
#372=PLANE('',#7962);
#373=PLANE('',#7963);
#374=PLANE('',#7966);
#375=PLANE('',#7967);
#376=PLANE('',#7972);
#377=PLANE('',#7973);
#378=PLANE('',#7979);
#379=PLANE('',#7981);
#380=PLANE('',#7982);
#381=PLANE('',#7983);
#382=PLANE('',#7988);
#383=PLANE('',#7990);
#384=PLANE('',#7991);
#385=PLANE('',#7992);
#386=PLANE('',#7994);
#387=PLANE('',#7995);
#388=PLANE('',#7996);
#389=PLANE('',#7997);
#390=PLANE('',#8008);
#391=PLANE('',#8010);
#392=PLANE('',#8018);
#393=PLANE('',#8019);
#394=PLANE('',#8020);
#395=PLANE('',#8021);
#396=PLANE('',#8022);
#397=PLANE('',#8023);
#398=PLANE('',#8084);
#399=PLANE('',#8085);
#400=PLANE('',#8086);
#401=PLANE('',#8087);
#402=PLANE('',#8088);
#403=PLANE('',#8089);
#404=PLANE('',#8090);
#405=PLANE('',#8091);
#406=PLANE('',#8092);
#407=PLANE('',#8183);
#408=PLANE('',#8184);
#409=PLANE('',#8185);
#410=PLANE('',#8186);
#411=PLANE('',#8187);
#412=PLANE('',#8188);
#413=PLANE('',#8189);
#414=PLANE('',#8190);
#415=PLANE('',#8191);
#416=PLANE('',#8192);
#417=PLANE('',#8193);
#418=PLANE('',#8194);
#419=PLANE('',#8195);
#420=PLANE('',#8196);
#421=PLANE('',#8197);
#422=PLANE('',#8198);
#423=PLANE('',#8199);
#424=PLANE('',#8200);
#425=PLANE('',#8201);
#426=PLANE('',#8202);
#427=PLANE('',#8203);
#428=PLANE('',#8204);
#429=PLANE('',#8205);
#430=PLANE('',#8206);
#431=PLANE('',#8207);
#432=PLANE('',#8208);
#433=PLANE('',#8209);
#434=PLANE('',#8210);
#435=PLANE('',#8211);
#436=PLANE('',#8212);
#437=PLANE('',#8213);
#438=PLANE('',#8214);
#439=PLANE('',#8215);
#440=PLANE('',#8216);
#441=PLANE('',#8217);
#442=PLANE('',#8218);
#443=PLANE('',#8219);
#444=PLANE('',#8220);
#445=PLANE('',#8221);
#446=PLANE('',#8222);
#447=PLANE('',#8223);
#448=PLANE('',#8224);
#449=PLANE('',#8225);
#450=PLANE('',#8226);
#451=PLANE('',#8227);
#452=PLANE('',#8228);
#453=PLANE('',#8229);
#454=FACE_OUTER_BOUND('',#905,.T.);
#455=FACE_OUTER_BOUND('',#906,.T.);
#456=FACE_OUTER_BOUND('',#907,.T.);
#457=FACE_OUTER_BOUND('',#908,.T.);
#458=FACE_OUTER_BOUND('',#909,.T.);
#459=FACE_OUTER_BOUND('',#910,.T.);
#460=FACE_OUTER_BOUND('',#911,.T.);
#461=FACE_OUTER_BOUND('',#912,.T.);
#462=FACE_OUTER_BOUND('',#913,.T.);
#463=FACE_OUTER_BOUND('',#914,.T.);
#464=FACE_OUTER_BOUND('',#915,.T.);
#465=FACE_OUTER_BOUND('',#916,.T.);
#466=FACE_OUTER_BOUND('',#917,.T.);
#467=FACE_OUTER_BOUND('',#918,.T.);
#468=FACE_OUTER_BOUND('',#919,.T.);
#469=FACE_OUTER_BOUND('',#920,.T.);
#470=FACE_OUTER_BOUND('',#921,.T.);
#471=FACE_OUTER_BOUND('',#922,.T.);
#472=FACE_OUTER_BOUND('',#923,.T.);
#473=FACE_OUTER_BOUND('',#924,.T.);
#474=FACE_OUTER_BOUND('',#925,.T.);
#475=FACE_OUTER_BOUND('',#926,.T.);
#476=FACE_OUTER_BOUND('',#927,.T.);
#477=FACE_OUTER_BOUND('',#928,.T.);
#478=FACE_OUTER_BOUND('',#929,.T.);
#479=FACE_OUTER_BOUND('',#930,.T.);
#480=FACE_OUTER_BOUND('',#931,.T.);
#481=FACE_OUTER_BOUND('',#932,.T.);
#482=FACE_OUTER_BOUND('',#933,.T.);
#483=FACE_OUTER_BOUND('',#934,.T.);
#484=FACE_OUTER_BOUND('',#935,.T.);
#485=FACE_OUTER_BOUND('',#936,.T.);
#486=FACE_OUTER_BOUND('',#937,.T.);
#487=FACE_OUTER_BOUND('',#938,.T.);
#488=FACE_OUTER_BOUND('',#939,.T.);
#489=FACE_OUTER_BOUND('',#940,.T.);
#490=FACE_OUTER_BOUND('',#941,.T.);
#491=FACE_OUTER_BOUND('',#942,.T.);
#492=FACE_OUTER_BOUND('',#943,.T.);
#493=FACE_OUTER_BOUND('',#944,.T.);
#494=FACE_OUTER_BOUND('',#945,.T.);
#495=FACE_OUTER_BOUND('',#946,.T.);
#496=FACE_OUTER_BOUND('',#947,.T.);
#497=FACE_OUTER_BOUND('',#948,.T.);
#498=FACE_OUTER_BOUND('',#949,.T.);
#499=FACE_OUTER_BOUND('',#950,.T.);
#500=FACE_OUTER_BOUND('',#951,.T.);
#501=FACE_OUTER_BOUND('',#952,.T.);
#502=FACE_OUTER_BOUND('',#953,.T.);
#503=FACE_OUTER_BOUND('',#954,.T.);
#504=FACE_OUTER_BOUND('',#955,.T.);
#505=FACE_OUTER_BOUND('',#956,.T.);
#506=FACE_OUTER_BOUND('',#957,.T.);
#507=FACE_OUTER_BOUND('',#958,.T.);
#508=FACE_OUTER_BOUND('',#959,.T.);
#509=FACE_OUTER_BOUND('',#960,.T.);
#510=FACE_OUTER_BOUND('',#961,.T.);
#511=FACE_OUTER_BOUND('',#962,.T.);
#512=FACE_OUTER_BOUND('',#963,.T.);
#513=FACE_OUTER_BOUND('',#964,.T.);
#514=FACE_OUTER_BOUND('',#965,.T.);
#515=FACE_OUTER_BOUND('',#966,.T.);
#516=FACE_OUTER_BOUND('',#967,.T.);
#517=FACE_OUTER_BOUND('',#968,.T.);
#518=FACE_OUTER_BOUND('',#969,.T.);
#519=FACE_OUTER_BOUND('',#970,.T.);
#520=FACE_OUTER_BOUND('',#971,.T.);
#521=FACE_OUTER_BOUND('',#972,.T.);
#522=FACE_OUTER_BOUND('',#973,.T.);
#523=FACE_OUTER_BOUND('',#974,.T.);
#524=FACE_OUTER_BOUND('',#975,.T.);
#525=FACE_OUTER_BOUND('',#976,.T.);
#526=FACE_OUTER_BOUND('',#977,.T.);
#527=FACE_OUTER_BOUND('',#978,.T.);
#528=FACE_OUTER_BOUND('',#979,.T.);
#529=FACE_OUTER_BOUND('',#980,.T.);
#530=FACE_OUTER_BOUND('',#981,.T.);
#531=FACE_OUTER_BOUND('',#982,.T.);
#532=FACE_OUTER_BOUND('',#983,.T.);
#533=FACE_OUTER_BOUND('',#984,.T.);
#534=FACE_OUTER_BOUND('',#985,.T.);
#535=FACE_OUTER_BOUND('',#986,.T.);
#536=FACE_OUTER_BOUND('',#987,.T.);
#537=FACE_OUTER_BOUND('',#988,.T.);
#538=FACE_OUTER_BOUND('',#989,.T.);
#539=FACE_OUTER_BOUND('',#990,.T.);
#540=FACE_OUTER_BOUND('',#991,.T.);
#541=FACE_OUTER_BOUND('',#992,.T.);
#542=FACE_OUTER_BOUND('',#993,.T.);
#543=FACE_OUTER_BOUND('',#994,.T.);
#544=FACE_OUTER_BOUND('',#995,.T.);
#545=FACE_OUTER_BOUND('',#996,.T.);
#546=FACE_OUTER_BOUND('',#997,.T.);
#547=FACE_OUTER_BOUND('',#998,.T.);
#548=FACE_OUTER_BOUND('',#999,.T.);
#549=FACE_OUTER_BOUND('',#1000,.T.);
#550=FACE_OUTER_BOUND('',#1001,.T.);
#551=FACE_OUTER_BOUND('',#1002,.T.);
#552=FACE_OUTER_BOUND('',#1003,.T.);
#553=FACE_OUTER_BOUND('',#1004,.T.);
#554=FACE_OUTER_BOUND('',#1005,.T.);
#555=FACE_OUTER_BOUND('',#1006,.T.);
#556=FACE_OUTER_BOUND('',#1007,.T.);
#557=FACE_OUTER_BOUND('',#1008,.T.);
#558=FACE_OUTER_BOUND('',#1009,.T.);
#559=FACE_OUTER_BOUND('',#1010,.T.);
#560=FACE_OUTER_BOUND('',#1011,.T.);
#561=FACE_OUTER_BOUND('',#1012,.T.);
#562=FACE_OUTER_BOUND('',#1013,.T.);
#563=FACE_OUTER_BOUND('',#1014,.T.);
#564=FACE_OUTER_BOUND('',#1015,.T.);
#565=FACE_OUTER_BOUND('',#1016,.T.);
#566=FACE_OUTER_BOUND('',#1017,.T.);
#567=FACE_OUTER_BOUND('',#1018,.T.);
#568=FACE_OUTER_BOUND('',#1019,.T.);
#569=FACE_OUTER_BOUND('',#1020,.T.);
#570=FACE_OUTER_BOUND('',#1021,.T.);
#571=FACE_OUTER_BOUND('',#1022,.T.);
#572=FACE_OUTER_BOUND('',#1023,.T.);
#573=FACE_OUTER_BOUND('',#1024,.T.);
#574=FACE_OUTER_BOUND('',#1025,.T.);
#575=FACE_OUTER_BOUND('',#1026,.T.);
#576=FACE_OUTER_BOUND('',#1027,.T.);
#577=FACE_OUTER_BOUND('',#1028,.T.);
#578=FACE_OUTER_BOUND('',#1029,.T.);
#579=FACE_OUTER_BOUND('',#1030,.T.);
#580=FACE_OUTER_BOUND('',#1031,.T.);
#581=FACE_OUTER_BOUND('',#1032,.T.);
#582=FACE_OUTER_BOUND('',#1033,.T.);
#583=FACE_OUTER_BOUND('',#1034,.T.);
#584=FACE_OUTER_BOUND('',#1035,.T.);
#585=FACE_OUTER_BOUND('',#1036,.T.);
#586=FACE_OUTER_BOUND('',#1037,.T.);
#587=FACE_OUTER_BOUND('',#1038,.T.);
#588=FACE_OUTER_BOUND('',#1039,.T.);
#589=FACE_OUTER_BOUND('',#1040,.T.);
#590=FACE_OUTER_BOUND('',#1041,.T.);
#591=FACE_OUTER_BOUND('',#1042,.T.);
#592=FACE_OUTER_BOUND('',#1043,.T.);
#593=FACE_OUTER_BOUND('',#1044,.T.);
#594=FACE_OUTER_BOUND('',#1045,.T.);
#595=FACE_OUTER_BOUND('',#1046,.T.);
#596=FACE_OUTER_BOUND('',#1047,.T.);
#597=FACE_OUTER_BOUND('',#1048,.T.);
#598=FACE_OUTER_BOUND('',#1049,.T.);
#599=FACE_OUTER_BOUND('',#1050,.T.);
#600=FACE_OUTER_BOUND('',#1051,.T.);
#601=FACE_OUTER_BOUND('',#1052,.T.);
#602=FACE_OUTER_BOUND('',#1053,.T.);
#603=FACE_OUTER_BOUND('',#1054,.T.);
#604=FACE_OUTER_BOUND('',#1055,.T.);
#605=FACE_OUTER_BOUND('',#1056,.T.);
#606=FACE_OUTER_BOUND('',#1057,.T.);
#607=FACE_OUTER_BOUND('',#1058,.T.);
#608=FACE_OUTER_BOUND('',#1059,.T.);
#609=FACE_OUTER_BOUND('',#1060,.T.);
#610=FACE_OUTER_BOUND('',#1061,.T.);
#611=FACE_OUTER_BOUND('',#1062,.T.);
#612=FACE_OUTER_BOUND('',#1063,.T.);
#613=FACE_OUTER_BOUND('',#1064,.T.);
#614=FACE_OUTER_BOUND('',#1065,.T.);
#615=FACE_OUTER_BOUND('',#1066,.T.);
#616=FACE_OUTER_BOUND('',#1067,.T.);
#617=FACE_OUTER_BOUND('',#1068,.T.);
#618=FACE_OUTER_BOUND('',#1069,.T.);
#619=FACE_OUTER_BOUND('',#1070,.T.);
#620=FACE_OUTER_BOUND('',#1071,.T.);
#621=FACE_OUTER_BOUND('',#1072,.T.);
#622=FACE_OUTER_BOUND('',#1073,.T.);
#623=FACE_OUTER_BOUND('',#1074,.T.);
#624=FACE_OUTER_BOUND('',#1075,.T.);
#625=FACE_OUTER_BOUND('',#1076,.T.);
#626=FACE_OUTER_BOUND('',#1077,.T.);
#627=FACE_OUTER_BOUND('',#1078,.T.);
#628=FACE_OUTER_BOUND('',#1079,.T.);
#629=FACE_OUTER_BOUND('',#1080,.T.);
#630=FACE_OUTER_BOUND('',#1081,.T.);
#631=FACE_OUTER_BOUND('',#1082,.T.);
#632=FACE_OUTER_BOUND('',#1083,.T.);
#633=FACE_OUTER_BOUND('',#1084,.T.);
#634=FACE_OUTER_BOUND('',#1085,.T.);
#635=FACE_OUTER_BOUND('',#1086,.T.);
#636=FACE_OUTER_BOUND('',#1087,.T.);
#637=FACE_OUTER_BOUND('',#1088,.T.);
#638=FACE_OUTER_BOUND('',#1089,.T.);
#639=FACE_OUTER_BOUND('',#1090,.T.);
#640=FACE_OUTER_BOUND('',#1091,.T.);
#641=FACE_OUTER_BOUND('',#1092,.T.);
#642=FACE_OUTER_BOUND('',#1093,.T.);
#643=FACE_OUTER_BOUND('',#1094,.T.);
#644=FACE_OUTER_BOUND('',#1095,.T.);
#645=FACE_OUTER_BOUND('',#1096,.T.);
#646=FACE_OUTER_BOUND('',#1097,.T.);
#647=FACE_OUTER_BOUND('',#1098,.T.);
#648=FACE_OUTER_BOUND('',#1099,.T.);
#649=FACE_OUTER_BOUND('',#1100,.T.);
#650=FACE_OUTER_BOUND('',#1101,.T.);
#651=FACE_OUTER_BOUND('',#1102,.T.);
#652=FACE_OUTER_BOUND('',#1103,.T.);
#653=FACE_OUTER_BOUND('',#1104,.T.);
#654=FACE_OUTER_BOUND('',#1105,.T.);
#655=FACE_OUTER_BOUND('',#1106,.T.);
#656=FACE_OUTER_BOUND('',#1107,.T.);
#657=FACE_OUTER_BOUND('',#1108,.T.);
#658=FACE_OUTER_BOUND('',#1109,.T.);
#659=FACE_OUTER_BOUND('',#1110,.T.);
#660=FACE_OUTER_BOUND('',#1111,.T.);
#661=FACE_OUTER_BOUND('',#1112,.T.);
#662=FACE_OUTER_BOUND('',#1113,.T.);
#663=FACE_OUTER_BOUND('',#1114,.T.);
#664=FACE_OUTER_BOUND('',#1115,.T.);
#665=FACE_OUTER_BOUND('',#1116,.T.);
#666=FACE_OUTER_BOUND('',#1117,.T.);
#667=FACE_OUTER_BOUND('',#1118,.T.);
#668=FACE_OUTER_BOUND('',#1119,.T.);
#669=FACE_OUTER_BOUND('',#1120,.T.);
#670=FACE_OUTER_BOUND('',#1121,.T.);
#671=FACE_OUTER_BOUND('',#1122,.T.);
#672=FACE_OUTER_BOUND('',#1123,.T.);
#673=FACE_OUTER_BOUND('',#1124,.T.);
#674=FACE_OUTER_BOUND('',#1125,.T.);
#675=FACE_OUTER_BOUND('',#1126,.T.);
#676=FACE_OUTER_BOUND('',#1127,.T.);
#677=FACE_OUTER_BOUND('',#1128,.T.);
#678=FACE_OUTER_BOUND('',#1129,.T.);
#679=FACE_OUTER_BOUND('',#1130,.T.);
#680=FACE_OUTER_BOUND('',#1131,.T.);
#681=FACE_OUTER_BOUND('',#1132,.T.);
#682=FACE_OUTER_BOUND('',#1133,.T.);
#683=FACE_OUTER_BOUND('',#1134,.T.);
#684=FACE_OUTER_BOUND('',#1135,.T.);
#685=FACE_OUTER_BOUND('',#1136,.T.);
#686=FACE_OUTER_BOUND('',#1137,.T.);
#687=FACE_OUTER_BOUND('',#1138,.T.);
#688=FACE_OUTER_BOUND('',#1139,.T.);
#689=FACE_OUTER_BOUND('',#1140,.T.);
#690=FACE_OUTER_BOUND('',#1141,.T.);
#691=FACE_OUTER_BOUND('',#1142,.T.);
#692=FACE_OUTER_BOUND('',#1143,.T.);
#693=FACE_OUTER_BOUND('',#1144,.T.);
#694=FACE_OUTER_BOUND('',#1145,.T.);
#695=FACE_OUTER_BOUND('',#1146,.T.);
#696=FACE_OUTER_BOUND('',#1147,.T.);
#697=FACE_OUTER_BOUND('',#1148,.T.);
#698=FACE_OUTER_BOUND('',#1149,.T.);
#699=FACE_OUTER_BOUND('',#1150,.T.);
#700=FACE_OUTER_BOUND('',#1151,.T.);
#701=FACE_OUTER_BOUND('',#1152,.T.);
#702=FACE_OUTER_BOUND('',#1153,.T.);
#703=FACE_OUTER_BOUND('',#1154,.T.);
#704=FACE_OUTER_BOUND('',#1155,.T.);
#705=FACE_OUTER_BOUND('',#1156,.T.);
#706=FACE_OUTER_BOUND('',#1157,.T.);
#707=FACE_OUTER_BOUND('',#1158,.T.);
#708=FACE_OUTER_BOUND('',#1159,.T.);
#709=FACE_OUTER_BOUND('',#1160,.T.);
#710=FACE_OUTER_BOUND('',#1161,.T.);
#711=FACE_OUTER_BOUND('',#1162,.T.);
#712=FACE_OUTER_BOUND('',#1163,.T.);
#713=FACE_OUTER_BOUND('',#1164,.T.);
#714=FACE_OUTER_BOUND('',#1165,.T.);
#715=FACE_OUTER_BOUND('',#1166,.T.);
#716=FACE_OUTER_BOUND('',#1167,.T.);
#717=FACE_OUTER_BOUND('',#1168,.T.);
#718=FACE_OUTER_BOUND('',#1169,.T.);
#719=FACE_OUTER_BOUND('',#1170,.T.);
#720=FACE_OUTER_BOUND('',#1171,.T.);
#721=FACE_OUTER_BOUND('',#1172,.T.);
#722=FACE_OUTER_BOUND('',#1173,.T.);
#723=FACE_OUTER_BOUND('',#1174,.T.);
#724=FACE_OUTER_BOUND('',#1175,.T.);
#725=FACE_OUTER_BOUND('',#1176,.T.);
#726=FACE_OUTER_BOUND('',#1177,.T.);
#727=FACE_OUTER_BOUND('',#1178,.T.);
#728=FACE_OUTER_BOUND('',#1179,.T.);
#729=FACE_OUTER_BOUND('',#1180,.T.);
#730=FACE_OUTER_BOUND('',#1181,.T.);
#731=FACE_OUTER_BOUND('',#1182,.T.);
#732=FACE_OUTER_BOUND('',#1183,.T.);
#733=FACE_OUTER_BOUND('',#1184,.T.);
#734=FACE_OUTER_BOUND('',#1185,.T.);
#735=FACE_OUTER_BOUND('',#1186,.T.);
#736=FACE_OUTER_BOUND('',#1187,.T.);
#737=FACE_OUTER_BOUND('',#1188,.T.);
#738=FACE_OUTER_BOUND('',#1189,.T.);
#739=FACE_OUTER_BOUND('',#1190,.T.);
#740=FACE_OUTER_BOUND('',#1191,.T.);
#741=FACE_OUTER_BOUND('',#1192,.T.);
#742=FACE_OUTER_BOUND('',#1193,.T.);
#743=FACE_OUTER_BOUND('',#1194,.T.);
#744=FACE_OUTER_BOUND('',#1195,.T.);
#745=FACE_OUTER_BOUND('',#1196,.T.);
#746=FACE_OUTER_BOUND('',#1197,.T.);
#747=FACE_OUTER_BOUND('',#1198,.T.);
#748=FACE_OUTER_BOUND('',#1199,.T.);
#749=FACE_OUTER_BOUND('',#1200,.T.);
#750=FACE_OUTER_BOUND('',#1201,.T.);
#751=FACE_OUTER_BOUND('',#1202,.T.);
#752=FACE_OUTER_BOUND('',#1203,.T.);
#753=FACE_OUTER_BOUND('',#1204,.T.);
#754=FACE_OUTER_BOUND('',#1205,.T.);
#755=FACE_OUTER_BOUND('',#1206,.T.);
#756=FACE_OUTER_BOUND('',#1207,.T.);
#757=FACE_OUTER_BOUND('',#1208,.T.);
#758=FACE_OUTER_BOUND('',#1209,.T.);
#759=FACE_OUTER_BOUND('',#1210,.T.);
#760=FACE_OUTER_BOUND('',#1211,.T.);
#761=FACE_OUTER_BOUND('',#1212,.T.);
#762=FACE_OUTER_BOUND('',#1213,.T.);
#763=FACE_OUTER_BOUND('',#1214,.T.);
#764=FACE_OUTER_BOUND('',#1215,.T.);
#765=FACE_OUTER_BOUND('',#1216,.T.);
#766=FACE_OUTER_BOUND('',#1217,.T.);
#767=FACE_OUTER_BOUND('',#1218,.T.);
#768=FACE_OUTER_BOUND('',#1219,.T.);
#769=FACE_OUTER_BOUND('',#1220,.T.);
#770=FACE_OUTER_BOUND('',#1221,.T.);
#771=FACE_OUTER_BOUND('',#1222,.T.);
#772=FACE_OUTER_BOUND('',#1223,.T.);
#773=FACE_OUTER_BOUND('',#1224,.T.);
#774=FACE_OUTER_BOUND('',#1225,.T.);
#775=FACE_OUTER_BOUND('',#1226,.T.);
#776=FACE_OUTER_BOUND('',#1227,.T.);
#777=FACE_OUTER_BOUND('',#1228,.T.);
#778=FACE_OUTER_BOUND('',#1229,.T.);
#779=FACE_OUTER_BOUND('',#1230,.T.);
#780=FACE_OUTER_BOUND('',#1231,.T.);
#781=FACE_OUTER_BOUND('',#1232,.T.);
#782=FACE_OUTER_BOUND('',#1233,.T.);
#783=FACE_OUTER_BOUND('',#1234,.T.);
#784=FACE_OUTER_BOUND('',#1235,.T.);
#785=FACE_OUTER_BOUND('',#1236,.T.);
#786=FACE_OUTER_BOUND('',#1237,.T.);
#787=FACE_OUTER_BOUND('',#1238,.T.);
#788=FACE_OUTER_BOUND('',#1239,.T.);
#789=FACE_OUTER_BOUND('',#1240,.T.);
#790=FACE_OUTER_BOUND('',#1241,.T.);
#791=FACE_OUTER_BOUND('',#1242,.T.);
#792=FACE_OUTER_BOUND('',#1243,.T.);
#793=FACE_OUTER_BOUND('',#1244,.T.);
#794=FACE_OUTER_BOUND('',#1245,.T.);
#795=FACE_OUTER_BOUND('',#1246,.T.);
#796=FACE_OUTER_BOUND('',#1247,.T.);
#797=FACE_OUTER_BOUND('',#1248,.T.);
#798=FACE_OUTER_BOUND('',#1249,.T.);
#799=FACE_OUTER_BOUND('',#1250,.T.);
#800=FACE_OUTER_BOUND('',#1251,.T.);
#801=FACE_OUTER_BOUND('',#1252,.T.);
#802=FACE_OUTER_BOUND('',#1253,.T.);
#803=FACE_OUTER_BOUND('',#1254,.T.);
#804=FACE_OUTER_BOUND('',#1255,.T.);
#805=FACE_OUTER_BOUND('',#1256,.T.);
#806=FACE_OUTER_BOUND('',#1257,.T.);
#807=FACE_OUTER_BOUND('',#1258,.T.);
#808=FACE_OUTER_BOUND('',#1259,.T.);
#809=FACE_OUTER_BOUND('',#1260,.T.);
#810=FACE_OUTER_BOUND('',#1261,.T.);
#811=FACE_OUTER_BOUND('',#1262,.T.);
#812=FACE_OUTER_BOUND('',#1265,.T.);
#813=FACE_OUTER_BOUND('',#1266,.T.);
#814=FACE_OUTER_BOUND('',#1267,.T.);
#815=FACE_OUTER_BOUND('',#1268,.T.);
#816=FACE_OUTER_BOUND('',#1269,.T.);
#817=FACE_OUTER_BOUND('',#1270,.T.);
#818=FACE_OUTER_BOUND('',#1271,.T.);
#819=FACE_OUTER_BOUND('',#1272,.T.);
#820=FACE_OUTER_BOUND('',#1273,.T.);
#821=FACE_OUTER_BOUND('',#1274,.T.);
#822=FACE_OUTER_BOUND('',#1275,.T.);
#823=FACE_OUTER_BOUND('',#1276,.T.);
#824=FACE_OUTER_BOUND('',#1277,.T.);
#825=FACE_OUTER_BOUND('',#1278,.T.);
#826=FACE_OUTER_BOUND('',#1279,.T.);
#827=FACE_OUTER_BOUND('',#1280,.T.);
#828=FACE_OUTER_BOUND('',#1281,.T.);
#829=FACE_OUTER_BOUND('',#1282,.T.);
#830=FACE_OUTER_BOUND('',#1283,.T.);
#831=FACE_OUTER_BOUND('',#1284,.T.);
#832=FACE_OUTER_BOUND('',#1285,.T.);
#833=FACE_OUTER_BOUND('',#1286,.T.);
#834=FACE_OUTER_BOUND('',#1287,.T.);
#835=FACE_OUTER_BOUND('',#1288,.T.);
#836=FACE_OUTER_BOUND('',#1289,.T.);
#837=FACE_OUTER_BOUND('',#1290,.T.);
#838=FACE_OUTER_BOUND('',#1291,.T.);
#839=FACE_OUTER_BOUND('',#1292,.T.);
#840=FACE_OUTER_BOUND('',#1293,.T.);
#841=FACE_OUTER_BOUND('',#1294,.T.);
#842=FACE_OUTER_BOUND('',#1295,.T.);
#843=FACE_OUTER_BOUND('',#1296,.T.);
#844=FACE_OUTER_BOUND('',#1297,.T.);
#845=FACE_OUTER_BOUND('',#1298,.T.);
#846=FACE_OUTER_BOUND('',#1299,.T.);
#847=FACE_OUTER_BOUND('',#1300,.T.);
#848=FACE_OUTER_BOUND('',#1301,.T.);
#849=FACE_OUTER_BOUND('',#1302,.T.);
#850=FACE_OUTER_BOUND('',#1303,.T.);
#851=FACE_OUTER_BOUND('',#1304,.T.);
#852=FACE_OUTER_BOUND('',#1305,.T.);
#853=FACE_OUTER_BOUND('',#1306,.T.);
#854=FACE_OUTER_BOUND('',#1307,.T.);
#855=FACE_OUTER_BOUND('',#1308,.T.);
#856=FACE_OUTER_BOUND('',#1309,.T.);
#857=FACE_OUTER_BOUND('',#1310,.T.);
#858=FACE_OUTER_BOUND('',#1311,.T.);
#859=FACE_OUTER_BOUND('',#1312,.T.);
#860=FACE_OUTER_BOUND('',#1313,.T.);
#861=FACE_OUTER_BOUND('',#1314,.T.);
#862=FACE_OUTER_BOUND('',#1315,.T.);
#863=FACE_OUTER_BOUND('',#1316,.T.);
#864=FACE_OUTER_BOUND('',#1317,.T.);
#865=FACE_OUTER_BOUND('',#1318,.T.);
#866=FACE_OUTER_BOUND('',#1319,.T.);
#867=FACE_OUTER_BOUND('',#1320,.T.);
#868=FACE_OUTER_BOUND('',#1321,.T.);
#869=FACE_OUTER_BOUND('',#1322,.T.);
#870=FACE_OUTER_BOUND('',#1323,.T.);
#871=FACE_OUTER_BOUND('',#1324,.T.);
#872=FACE_OUTER_BOUND('',#1325,.T.);
#873=FACE_OUTER_BOUND('',#1326,.T.);
#874=FACE_OUTER_BOUND('',#1327,.T.);
#875=FACE_OUTER_BOUND('',#1328,.T.);
#876=FACE_OUTER_BOUND('',#1329,.T.);
#877=FACE_OUTER_BOUND('',#1330,.T.);
#878=FACE_OUTER_BOUND('',#1331,.T.);
#879=FACE_OUTER_BOUND('',#1332,.T.);
#880=FACE_OUTER_BOUND('',#1333,.T.);
#881=FACE_OUTER_BOUND('',#1334,.T.);
#882=FACE_OUTER_BOUND('',#1335,.T.);
#883=FACE_OUTER_BOUND('',#1336,.T.);
#884=FACE_OUTER_BOUND('',#1337,.T.);
#885=FACE_OUTER_BOUND('',#1338,.T.);
#886=FACE_OUTER_BOUND('',#1339,.T.);
#887=FACE_OUTER_BOUND('',#1340,.T.);
#888=FACE_OUTER_BOUND('',#1341,.T.);
#889=FACE_OUTER_BOUND('',#1342,.T.);
#890=FACE_OUTER_BOUND('',#1343,.T.);
#891=FACE_OUTER_BOUND('',#1344,.T.);
#892=FACE_OUTER_BOUND('',#1345,.T.);
#893=FACE_OUTER_BOUND('',#1346,.T.);
#894=FACE_OUTER_BOUND('',#1347,.T.);
#895=FACE_OUTER_BOUND('',#1348,.T.);
#896=FACE_OUTER_BOUND('',#1349,.T.);
#897=FACE_OUTER_BOUND('',#1350,.T.);
#898=FACE_OUTER_BOUND('',#1351,.T.);
#899=FACE_OUTER_BOUND('',#1352,.T.);
#900=FACE_OUTER_BOUND('',#1353,.T.);
#901=FACE_OUTER_BOUND('',#1354,.T.);
#902=FACE_OUTER_BOUND('',#1355,.T.);
#903=FACE_OUTER_BOUND('',#1356,.T.);
#904=FACE_OUTER_BOUND('',#1357,.T.);
#905=EDGE_LOOP('',(#4696,#4697,#4698,#4699));
#906=EDGE_LOOP('',(#4700,#4701,#4702,#4703,#4704));
#907=EDGE_LOOP('',(#4705,#4706,#4707,#4708,#4709,#4710,#4711,#4712));
#908=EDGE_LOOP('',(#4713,#4714,#4715,#4716));
#909=EDGE_LOOP('',(#4717,#4718,#4719,#4720,#4721));
#910=EDGE_LOOP('',(#4722,#4723,#4724,#4725));
#911=EDGE_LOOP('',(#4726,#4727,#4728,#4729));
#912=EDGE_LOOP('',(#4730,#4731,#4732,#4733));
#913=EDGE_LOOP('',(#4734,#4735,#4736,#4737));
#914=EDGE_LOOP('',(#4738,#4739,#4740,#4741,#4742,#4743,#4744,#4745,#4746,
#4747));
#915=EDGE_LOOP('',(#4748,#4749,#4750,#4751));
#916=EDGE_LOOP('',(#4752,#4753,#4754,#4755));
#917=EDGE_LOOP('',(#4756,#4757,#4758,#4759));
#918=EDGE_LOOP('',(#4760,#4761,#4762,#4763));
#919=EDGE_LOOP('',(#4764,#4765,#4766,#4767,#4768,#4769,#4770,#4771,#4772,
#4773));
#920=EDGE_LOOP('',(#4774,#4775,#4776,#4777));
#921=EDGE_LOOP('',(#4778,#4779,#4780,#4781,#4782));
#922=EDGE_LOOP('',(#4783,#4784,#4785,#4786,#4787));
#923=EDGE_LOOP('',(#4788,#4789,#4790,#4791));
#924=EDGE_LOOP('',(#4792,#4793,#4794,#4795,#4796));
#925=EDGE_LOOP('',(#4797,#4798,#4799));
#926=EDGE_LOOP('',(#4800,#4801,#4802,#4803,#4804,#4805));
#927=EDGE_LOOP('',(#4806,#4807,#4808,#4809));
#928=EDGE_LOOP('',(#4810,#4811,#4812,#4813,#4814,#4815));
#929=EDGE_LOOP('',(#4816,#4817,#4818,#4819,#4820,#4821,#4822,#4823));
#930=EDGE_LOOP('',(#4824,#4825,#4826,#4827,#4828,#4829));
#931=EDGE_LOOP('',(#4830,#4831,#4832,#4833));
#932=EDGE_LOOP('',(#4834,#4835,#4836,#4837));
#933=EDGE_LOOP('',(#4838,#4839,#4840,#4841));
#934=EDGE_LOOP('',(#4842,#4843,#4844,#4845));
#935=EDGE_LOOP('',(#4846,#4847,#4848,#4849));
#936=EDGE_LOOP('',(#4850,#4851,#4852,#4853));
#937=EDGE_LOOP('',(#4854,#4855,#4856,#4857));
#938=EDGE_LOOP('',(#4858,#4859,#4860,#4861));
#939=EDGE_LOOP('',(#4862,#4863,#4864,#4865));
#940=EDGE_LOOP('',(#4866,#4867,#4868,#4869));
#941=EDGE_LOOP('',(#4870,#4871,#4872,#4873));
#942=EDGE_LOOP('',(#4874,#4875,#4876,#4877));
#943=EDGE_LOOP('',(#4878,#4879,#4880,#4881));
#944=EDGE_LOOP('',(#4882,#4883,#4884,#4885));
#945=EDGE_LOOP('',(#4886,#4887,#4888,#4889));
#946=EDGE_LOOP('',(#4890,#4891,#4892,#4893));
#947=EDGE_LOOP('',(#4894,#4895,#4896,#4897));
#948=EDGE_LOOP('',(#4898,#4899,#4900,#4901));
#949=EDGE_LOOP('',(#4902,#4903,#4904,#4905));
#950=EDGE_LOOP('',(#4906,#4907,#4908,#4909));
#951=EDGE_LOOP('',(#4910,#4911,#4912,#4913));
#952=EDGE_LOOP('',(#4914,#4915,#4916,#4917,#4918,#4919));
#953=EDGE_LOOP('',(#4920,#4921,#4922,#4923));
#954=EDGE_LOOP('',(#4924,#4925,#4926,#4927,#4928,#4929,#4930,#4931,#4932,
#4933));
#955=EDGE_LOOP('',(#4934,#4935,#4936,#4937));
#956=EDGE_LOOP('',(#4938,#4939,#4940,#4941,#4942,#4943,#4944,#4945,#4946,
#4947));
#957=EDGE_LOOP('',(#4948,#4949,#4950,#4951));
#958=EDGE_LOOP('',(#4952,#4953,#4954,#4955));
#959=EDGE_LOOP('',(#4956,#4957,#4958,#4959));
#960=EDGE_LOOP('',(#4960,#4961,#4962,#4963));
#961=EDGE_LOOP('',(#4964,#4965,#4966,#4967,#4968));
#962=EDGE_LOOP('',(#4969,#4970,#4971,#4972));
#963=EDGE_LOOP('',(#4973,#4974,#4975));
#964=EDGE_LOOP('',(#4976,#4977,#4978,#4979));
#965=EDGE_LOOP('',(#4980,#4981,#4982,#4983));
#966=EDGE_LOOP('',(#4984,#4985,#4986,#4987,#4988));
#967=EDGE_LOOP('',(#4989,#4990,#4991,#4992,#4993,#4994,#4995,#4996));
#968=EDGE_LOOP('',(#4997,#4998,#4999,#5000));
#969=EDGE_LOOP('',(#5001,#5002,#5003,#5004,#5005));
#970=EDGE_LOOP('',(#5006,#5007,#5008,#5009));
#971=EDGE_LOOP('',(#5010,#5011,#5012,#5013));
#972=EDGE_LOOP('',(#5014,#5015,#5016,#5017));
#973=EDGE_LOOP('',(#5018,#5019,#5020,#5021));
#974=EDGE_LOOP('',(#5022,#5023,#5024,#5025,#5026,#5027,#5028,#5029,#5030,
#5031));
#975=EDGE_LOOP('',(#5032,#5033,#5034,#5035));
#976=EDGE_LOOP('',(#5036,#5037,#5038,#5039));
#977=EDGE_LOOP('',(#5040,#5041,#5042,#5043));
#978=EDGE_LOOP('',(#5044,#5045,#5046,#5047));
#979=EDGE_LOOP('',(#5048,#5049,#5050,#5051,#5052,#5053,#5054,#5055,#5056,
#5057));
#980=EDGE_LOOP('',(#5058,#5059,#5060,#5061));
#981=EDGE_LOOP('',(#5062,#5063,#5064,#5065,#5066));
#982=EDGE_LOOP('',(#5067,#5068,#5069,#5070,#5071));
#983=EDGE_LOOP('',(#5072,#5073,#5074,#5075));
#984=EDGE_LOOP('',(#5076,#5077,#5078,#5079,#5080));
#985=EDGE_LOOP('',(#5081,#5082,#5083));
#986=EDGE_LOOP('',(#5084,#5085,#5086,#5087,#5088,#5089));
#987=EDGE_LOOP('',(#5090,#5091,#5092,#5093));
#988=EDGE_LOOP('',(#5094,#5095,#5096,#5097,#5098,#5099));
#989=EDGE_LOOP('',(#5100,#5101,#5102,#5103,#5104,#5105,#5106,#5107));
#990=EDGE_LOOP('',(#5108,#5109,#5110,#5111,#5112,#5113));
#991=EDGE_LOOP('',(#5114,#5115,#5116,#5117));
#992=EDGE_LOOP('',(#5118,#5119,#5120,#5121));
#993=EDGE_LOOP('',(#5122,#5123,#5124,#5125));
#994=EDGE_LOOP('',(#5126,#5127,#5128,#5129));
#995=EDGE_LOOP('',(#5130,#5131,#5132,#5133));
#996=EDGE_LOOP('',(#5134,#5135,#5136,#5137));
#997=EDGE_LOOP('',(#5138,#5139,#5140,#5141));
#998=EDGE_LOOP('',(#5142,#5143,#5144,#5145));
#999=EDGE_LOOP('',(#5146,#5147,#5148,#5149));
#1000=EDGE_LOOP('',(#5150,#5151,#5152,#5153));
#1001=EDGE_LOOP('',(#5154,#5155,#5156,#5157));
#1002=EDGE_LOOP('',(#5158,#5159,#5160,#5161));
#1003=EDGE_LOOP('',(#5162,#5163,#5164,#5165));
#1004=EDGE_LOOP('',(#5166,#5167,#5168,#5169));
#1005=EDGE_LOOP('',(#5170,#5171,#5172,#5173));
#1006=EDGE_LOOP('',(#5174,#5175,#5176,#5177));
#1007=EDGE_LOOP('',(#5178,#5179,#5180,#5181));
#1008=EDGE_LOOP('',(#5182,#5183,#5184,#5185));
#1009=EDGE_LOOP('',(#5186,#5187,#5188,#5189));
#1010=EDGE_LOOP('',(#5190,#5191,#5192,#5193));
#1011=EDGE_LOOP('',(#5194,#5195,#5196,#5197));
#1012=EDGE_LOOP('',(#5198,#5199,#5200,#5201,#5202,#5203));
#1013=EDGE_LOOP('',(#5204,#5205,#5206,#5207));
#1014=EDGE_LOOP('',(#5208,#5209,#5210,#5211,#5212,#5213,#5214,#5215,#5216,
#5217));
#1015=EDGE_LOOP('',(#5218,#5219,#5220,#5221));
#1016=EDGE_LOOP('',(#5222,#5223,#5224,#5225,#5226,#5227,#5228,#5229,#5230,
#5231));
#1017=EDGE_LOOP('',(#5232,#5233,#5234,#5235));
#1018=EDGE_LOOP('',(#5236,#5237,#5238,#5239));
#1019=EDGE_LOOP('',(#5240,#5241,#5242,#5243));
#1020=EDGE_LOOP('',(#5244,#5245,#5246,#5247));
#1021=EDGE_LOOP('',(#5248,#5249,#5250,#5251,#5252));
#1022=EDGE_LOOP('',(#5253,#5254,#5255,#5256));
#1023=EDGE_LOOP('',(#5257,#5258,#5259));
#1024=EDGE_LOOP('',(#5260,#5261,#5262,#5263));
#1025=EDGE_LOOP('',(#5264,#5265,#5266,#5267));
#1026=EDGE_LOOP('',(#5268,#5269,#5270,#5271,#5272));
#1027=EDGE_LOOP('',(#5273,#5274,#5275,#5276,#5277,#5278,#5279,#5280));
#1028=EDGE_LOOP('',(#5281,#5282,#5283,#5284));
#1029=EDGE_LOOP('',(#5285,#5286,#5287,#5288,#5289));
#1030=EDGE_LOOP('',(#5290,#5291,#5292,#5293));
#1031=EDGE_LOOP('',(#5294,#5295,#5296,#5297));
#1032=EDGE_LOOP('',(#5298,#5299,#5300,#5301));
#1033=EDGE_LOOP('',(#5302,#5303,#5304,#5305));
#1034=EDGE_LOOP('',(#5306,#5307,#5308,#5309,#5310,#5311,#5312,#5313,#5314,
#5315));
#1035=EDGE_LOOP('',(#5316,#5317,#5318,#5319));
#1036=EDGE_LOOP('',(#5320,#5321,#5322,#5323));
#1037=EDGE_LOOP('',(#5324,#5325,#5326,#5327));
#1038=EDGE_LOOP('',(#5328,#5329,#5330,#5331));
#1039=EDGE_LOOP('',(#5332,#5333,#5334,#5335,#5336,#5337,#5338,#5339,#5340,
#5341));
#1040=EDGE_LOOP('',(#5342,#5343,#5344,#5345));
#1041=EDGE_LOOP('',(#5346,#5347,#5348,#5349,#5350));
#1042=EDGE_LOOP('',(#5351,#5352,#5353,#5354,#5355));
#1043=EDGE_LOOP('',(#5356,#5357,#5358,#5359));
#1044=EDGE_LOOP('',(#5360,#5361,#5362,#5363,#5364));
#1045=EDGE_LOOP('',(#5365,#5366,#5367));
#1046=EDGE_LOOP('',(#5368,#5369,#5370,#5371,#5372,#5373));
#1047=EDGE_LOOP('',(#5374,#5375,#5376,#5377));
#1048=EDGE_LOOP('',(#5378,#5379,#5380,#5381,#5382,#5383));
#1049=EDGE_LOOP('',(#5384,#5385,#5386,#5387,#5388,#5389,#5390,#5391));
#1050=EDGE_LOOP('',(#5392,#5393,#5394,#5395,#5396,#5397));
#1051=EDGE_LOOP('',(#5398,#5399,#5400,#5401));
#1052=EDGE_LOOP('',(#5402,#5403,#5404,#5405));
#1053=EDGE_LOOP('',(#5406,#5407,#5408,#5409));
#1054=EDGE_LOOP('',(#5410,#5411,#5412,#5413));
#1055=EDGE_LOOP('',(#5414,#5415,#5416,#5417));
#1056=EDGE_LOOP('',(#5418,#5419,#5420,#5421));
#1057=EDGE_LOOP('',(#5422,#5423,#5424,#5425));
#1058=EDGE_LOOP('',(#5426,#5427,#5428,#5429));
#1059=EDGE_LOOP('',(#5430,#5431,#5432,#5433));
#1060=EDGE_LOOP('',(#5434,#5435,#5436,#5437));
#1061=EDGE_LOOP('',(#5438,#5439,#5440,#5441));
#1062=EDGE_LOOP('',(#5442,#5443,#5444,#5445));
#1063=EDGE_LOOP('',(#5446,#5447,#5448,#5449));
#1064=EDGE_LOOP('',(#5450,#5451,#5452,#5453));
#1065=EDGE_LOOP('',(#5454,#5455,#5456,#5457));
#1066=EDGE_LOOP('',(#5458,#5459,#5460,#5461));
#1067=EDGE_LOOP('',(#5462,#5463,#5464,#5465));
#1068=EDGE_LOOP('',(#5466,#5467,#5468,#5469));
#1069=EDGE_LOOP('',(#5470,#5471,#5472,#5473));
#1070=EDGE_LOOP('',(#5474,#5475,#5476,#5477));
#1071=EDGE_LOOP('',(#5478,#5479,#5480,#5481));
#1072=EDGE_LOOP('',(#5482,#5483,#5484,#5485,#5486,#5487));
#1073=EDGE_LOOP('',(#5488,#5489,#5490,#5491));
#1074=EDGE_LOOP('',(#5492,#5493,#5494,#5495,#5496,#5497,#5498,#5499,#5500,
#5501));
#1075=EDGE_LOOP('',(#5502,#5503,#5504,#5505));
#1076=EDGE_LOOP('',(#5506,#5507,#5508,#5509,#5510,#5511,#5512,#5513,#5514,
#5515));
#1077=EDGE_LOOP('',(#5516,#5517,#5518,#5519));
#1078=EDGE_LOOP('',(#5520,#5521,#5522,#5523));
#1079=EDGE_LOOP('',(#5524,#5525,#5526,#5527));
#1080=EDGE_LOOP('',(#5528,#5529,#5530,#5531));
#1081=EDGE_LOOP('',(#5532,#5533,#5534,#5535,#5536));
#1082=EDGE_LOOP('',(#5537,#5538,#5539,#5540));
#1083=EDGE_LOOP('',(#5541,#5542,#5543));
#1084=EDGE_LOOP('',(#5544,#5545,#5546,#5547));
#1085=EDGE_LOOP('',(#5548,#5549,#5550,#5551));
#1086=EDGE_LOOP('',(#5552,#5553,#5554,#5555,#5556));
#1087=EDGE_LOOP('',(#5557,#5558,#5559,#5560,#5561,#5562,#5563,#5564));
#1088=EDGE_LOOP('',(#5565,#5566,#5567,#5568));
#1089=EDGE_LOOP('',(#5569,#5570,#5571,#5572,#5573));
#1090=EDGE_LOOP('',(#5574,#5575,#5576,#5577));
#1091=EDGE_LOOP('',(#5578,#5579,#5580,#5581));
#1092=EDGE_LOOP('',(#5582,#5583,#5584,#5585));
#1093=EDGE_LOOP('',(#5586,#5587,#5588,#5589));
#1094=EDGE_LOOP('',(#5590,#5591,#5592,#5593,#5594,#5595,#5596,#5597,#5598,
#5599));
#1095=EDGE_LOOP('',(#5600,#5601,#5602,#5603));
#1096=EDGE_LOOP('',(#5604,#5605,#5606,#5607));
#1097=EDGE_LOOP('',(#5608,#5609,#5610,#5611));
#1098=EDGE_LOOP('',(#5612,#5613,#5614,#5615));
#1099=EDGE_LOOP('',(#5616,#5617,#5618,#5619,#5620,#5621,#5622,#5623,#5624,
#5625));
#1100=EDGE_LOOP('',(#5626,#5627,#5628,#5629));
#1101=EDGE_LOOP('',(#5630,#5631,#5632,#5633,#5634));
#1102=EDGE_LOOP('',(#5635,#5636,#5637,#5638,#5639));
#1103=EDGE_LOOP('',(#5640,#5641,#5642,#5643));
#1104=EDGE_LOOP('',(#5644,#5645,#5646,#5647,#5648));
#1105=EDGE_LOOP('',(#5649,#5650,#5651));
#1106=EDGE_LOOP('',(#5652,#5653,#5654,#5655,#5656,#5657));
#1107=EDGE_LOOP('',(#5658,#5659,#5660,#5661));
#1108=EDGE_LOOP('',(#5662,#5663,#5664,#5665,#5666,#5667));
#1109=EDGE_LOOP('',(#5668,#5669,#5670,#5671,#5672,#5673,#5674,#5675));
#1110=EDGE_LOOP('',(#5676,#5677,#5678,#5679,#5680,#5681));
#1111=EDGE_LOOP('',(#5682,#5683,#5684,#5685));
#1112=EDGE_LOOP('',(#5686,#5687,#5688,#5689));
#1113=EDGE_LOOP('',(#5690,#5691,#5692,#5693));
#1114=EDGE_LOOP('',(#5694,#5695,#5696,#5697));
#1115=EDGE_LOOP('',(#5698,#5699,#5700,#5701));
#1116=EDGE_LOOP('',(#5702,#5703,#5704,#5705));
#1117=EDGE_LOOP('',(#5706,#5707,#5708,#5709));
#1118=EDGE_LOOP('',(#5710,#5711,#5712,#5713));
#1119=EDGE_LOOP('',(#5714,#5715,#5716,#5717));
#1120=EDGE_LOOP('',(#5718,#5719,#5720,#5721));
#1121=EDGE_LOOP('',(#5722,#5723,#5724,#5725));
#1122=EDGE_LOOP('',(#5726,#5727,#5728,#5729));
#1123=EDGE_LOOP('',(#5730,#5731,#5732,#5733));
#1124=EDGE_LOOP('',(#5734,#5735,#5736,#5737));
#1125=EDGE_LOOP('',(#5738,#5739,#5740,#5741));
#1126=EDGE_LOOP('',(#5742,#5743,#5744,#5745));
#1127=EDGE_LOOP('',(#5746,#5747,#5748,#5749));
#1128=EDGE_LOOP('',(#5750,#5751,#5752,#5753));
#1129=EDGE_LOOP('',(#5754,#5755,#5756,#5757));
#1130=EDGE_LOOP('',(#5758,#5759,#5760,#5761));
#1131=EDGE_LOOP('',(#5762,#5763,#5764,#5765));
#1132=EDGE_LOOP('',(#5766,#5767,#5768,#5769,#5770,#5771));
#1133=EDGE_LOOP('',(#5772,#5773,#5774,#5775));
#1134=EDGE_LOOP('',(#5776,#5777,#5778,#5779,#5780,#5781,#5782,#5783,#5784,
#5785));
#1135=EDGE_LOOP('',(#5786,#5787,#5788,#5789));
#1136=EDGE_LOOP('',(#5790,#5791,#5792,#5793,#5794,#5795,#5796,#5797,#5798,
#5799));
#1137=EDGE_LOOP('',(#5800,#5801,#5802,#5803));
#1138=EDGE_LOOP('',(#5804,#5805,#5806,#5807));
#1139=EDGE_LOOP('',(#5808,#5809,#5810,#5811));
#1140=EDGE_LOOP('',(#5812,#5813,#5814,#5815));
#1141=EDGE_LOOP('',(#5816,#5817,#5818,#5819,#5820));
#1142=EDGE_LOOP('',(#5821,#5822,#5823,#5824));
#1143=EDGE_LOOP('',(#5825,#5826,#5827));
#1144=EDGE_LOOP('',(#5828,#5829,#5830,#5831));
#1145=EDGE_LOOP('',(#5832,#5833,#5834,#5835));
#1146=EDGE_LOOP('',(#5836,#5837,#5838,#5839,#5840));
#1147=EDGE_LOOP('',(#5841,#5842,#5843,#5844,#5845,#5846,#5847,#5848));
#1148=EDGE_LOOP('',(#5849,#5850,#5851,#5852));
#1149=EDGE_LOOP('',(#5853,#5854,#5855,#5856,#5857));
#1150=EDGE_LOOP('',(#5858,#5859,#5860,#5861));
#1151=EDGE_LOOP('',(#5862,#5863,#5864,#5865));
#1152=EDGE_LOOP('',(#5866,#5867,#5868,#5869));
#1153=EDGE_LOOP('',(#5870,#5871,#5872,#5873));
#1154=EDGE_LOOP('',(#5874,#5875,#5876,#5877,#5878,#5879,#5880,#5881,#5882,
#5883));
#1155=EDGE_LOOP('',(#5884,#5885,#5886,#5887));
#1156=EDGE_LOOP('',(#5888,#5889,#5890,#5891));
#1157=EDGE_LOOP('',(#5892,#5893,#5894,#5895));
#1158=EDGE_LOOP('',(#5896,#5897,#5898,#5899));
#1159=EDGE_LOOP('',(#5900,#5901,#5902,#5903,#5904,#5905,#5906,#5907,#5908,
#5909));
#1160=EDGE_LOOP('',(#5910,#5911,#5912,#5913));
#1161=EDGE_LOOP('',(#5914,#5915,#5916,#5917,#5918));
#1162=EDGE_LOOP('',(#5919,#5920,#5921,#5922,#5923));
#1163=EDGE_LOOP('',(#5924,#5925,#5926,#5927));
#1164=EDGE_LOOP('',(#5928,#5929,#5930,#5931,#5932));
#1165=EDGE_LOOP('',(#5933,#5934,#5935));
#1166=EDGE_LOOP('',(#5936,#5937,#5938,#5939,#5940,#5941));
#1167=EDGE_LOOP('',(#5942,#5943,#5944,#5945));
#1168=EDGE_LOOP('',(#5946,#5947,#5948,#5949,#5950,#5951));
#1169=EDGE_LOOP('',(#5952,#5953,#5954,#5955,#5956,#5957,#5958,#5959));
#1170=EDGE_LOOP('',(#5960,#5961,#5962,#5963,#5964,#5965));
#1171=EDGE_LOOP('',(#5966,#5967,#5968,#5969));
#1172=EDGE_LOOP('',(#5970,#5971,#5972,#5973));
#1173=EDGE_LOOP('',(#5974,#5975,#5976,#5977));
#1174=EDGE_LOOP('',(#5978,#5979,#5980,#5981));
#1175=EDGE_LOOP('',(#5982,#5983,#5984,#5985));
#1176=EDGE_LOOP('',(#5986,#5987,#5988,#5989));
#1177=EDGE_LOOP('',(#5990,#5991,#5992,#5993));
#1178=EDGE_LOOP('',(#5994,#5995,#5996,#5997));
#1179=EDGE_LOOP('',(#5998,#5999,#6000,#6001));
#1180=EDGE_LOOP('',(#6002,#6003,#6004,#6005));
#1181=EDGE_LOOP('',(#6006,#6007,#6008,#6009));
#1182=EDGE_LOOP('',(#6010,#6011,#6012,#6013));
#1183=EDGE_LOOP('',(#6014,#6015,#6016,#6017));
#1184=EDGE_LOOP('',(#6018,#6019,#6020,#6021));
#1185=EDGE_LOOP('',(#6022,#6023,#6024,#6025));
#1186=EDGE_LOOP('',(#6026,#6027,#6028,#6029));
#1187=EDGE_LOOP('',(#6030,#6031,#6032,#6033));
#1188=EDGE_LOOP('',(#6034,#6035,#6036,#6037));
#1189=EDGE_LOOP('',(#6038,#6039,#6040,#6041));
#1190=EDGE_LOOP('',(#6042,#6043,#6044,#6045));
#1191=EDGE_LOOP('',(#6046,#6047,#6048,#6049));
#1192=EDGE_LOOP('',(#6050,#6051,#6052,#6053,#6054,#6055));
#1193=EDGE_LOOP('',(#6056,#6057,#6058,#6059));
#1194=EDGE_LOOP('',(#6060,#6061,#6062,#6063,#6064,#6065,#6066,#6067,#6068,
#6069));
#1195=EDGE_LOOP('',(#6070,#6071,#6072,#6073));
#1196=EDGE_LOOP('',(#6074,#6075,#6076,#6077,#6078,#6079,#6080,#6081,#6082,
#6083));
#1197=EDGE_LOOP('',(#6084,#6085,#6086,#6087));
#1198=EDGE_LOOP('',(#6088,#6089,#6090,#6091));
#1199=EDGE_LOOP('',(#6092,#6093,#6094,#6095));
#1200=EDGE_LOOP('',(#6096,#6097,#6098,#6099));
#1201=EDGE_LOOP('',(#6100,#6101,#6102,#6103,#6104));
#1202=EDGE_LOOP('',(#6105,#6106,#6107,#6108));
#1203=EDGE_LOOP('',(#6109,#6110,#6111));
#1204=EDGE_LOOP('',(#6112,#6113,#6114,#6115));
#1205=EDGE_LOOP('',(#6116,#6117,#6118,#6119,#6120,#6121,#6122,#6123,#6124));
#1206=EDGE_LOOP('',(#6125,#6126,#6127,#6128));
#1207=EDGE_LOOP('',(#6129,#6130,#6131,#6132));
#1208=EDGE_LOOP('',(#6133,#6134,#6135,#6136));
#1209=EDGE_LOOP('',(#6137,#6138,#6139,#6140,#6141,#6142,#6143));
#1210=EDGE_LOOP('',(#6144,#6145,#6146));
#1211=EDGE_LOOP('',(#6147,#6148,#6149));
#1212=EDGE_LOOP('',(#6150,#6151,#6152,#6153));
#1213=EDGE_LOOP('',(#6154,#6155,#6156,#6157,#6158,#6159,#6160,#6161));
#1214=EDGE_LOOP('',(#6162,#6163,#6164));
#1215=EDGE_LOOP('',(#6165,#6166,#6167,#6168));
#1216=EDGE_LOOP('',(#6169,#6170,#6171,#6172));
#1217=EDGE_LOOP('',(#6173,#6174,#6175));
#1218=EDGE_LOOP('',(#6176,#6177,#6178,#6179));
#1219=EDGE_LOOP('',(#6180,#6181,#6182,#6183));
#1220=EDGE_LOOP('',(#6184,#6185,#6186,#6187));
#1221=EDGE_LOOP('',(#6188,#6189,#6190,#6191));
#1222=EDGE_LOOP('',(#6192,#6193,#6194,#6195,#6196));
#1223=EDGE_LOOP('',(#6197,#6198,#6199,#6200));
#1224=EDGE_LOOP('',(#6201,#6202,#6203,#6204));
#1225=EDGE_LOOP('',(#6205,#6206,#6207,#6208));
#1226=EDGE_LOOP('',(#6209,#6210,#6211,#6212));
#1227=EDGE_LOOP('',(#6213,#6214,#6215,#6216));
#1228=EDGE_LOOP('',(#6217,#6218,#6219,#6220));
#1229=EDGE_LOOP('',(#6221,#6222,#6223,#6224));
#1230=EDGE_LOOP('',(#6225,#6226,#6227,#6228));
#1231=EDGE_LOOP('',(#6229,#6230,#6231,#6232));
#1232=EDGE_LOOP('',(#6233,#6234,#6235,#6236));
#1233=EDGE_LOOP('',(#6237,#6238,#6239));
#1234=EDGE_LOOP('',(#6240,#6241,#6242,#6243));
#1235=EDGE_LOOP('',(#6244,#6245,#6246));
#1236=EDGE_LOOP('',(#6247,#6248,#6249));
#1237=EDGE_LOOP('',(#6250,#6251,#6252));
#1238=EDGE_LOOP('',(#6253,#6254,#6255,#6256));
#1239=EDGE_LOOP('',(#6257,#6258,#6259));
#1240=EDGE_LOOP('',(#6260,#6261,#6262));
#1241=EDGE_LOOP('',(#6263,#6264,#6265,#6266));
#1242=EDGE_LOOP('',(#6267,#6268,#6269));
#1243=EDGE_LOOP('',(#6270,#6271,#6272,#6273));
#1244=EDGE_LOOP('',(#6274,#6275,#6276,#6277));
#1245=EDGE_LOOP('',(#6278,#6279,#6280));
#1246=EDGE_LOOP('',(#6281,#6282,#6283,#6284));
#1247=EDGE_LOOP('',(#6285,#6286,#6287,#6288));
#1248=EDGE_LOOP('',(#6289,#6290,#6291,#6292));
#1249=EDGE_LOOP('',(#6293,#6294,#6295,#6296));
#1250=EDGE_LOOP('',(#6297,#6298,#6299,#6300));
#1251=EDGE_LOOP('',(#6301,#6302,#6303,#6304));
#1252=EDGE_LOOP('',(#6305,#6306,#6307,#6308));
#1253=EDGE_LOOP('',(#6309,#6310,#6311,#6312));
#1254=EDGE_LOOP('',(#6313,#6314,#6315,#6316));
#1255=EDGE_LOOP('',(#6317,#6318,#6319,#6320));
#1256=EDGE_LOOP('',(#6321,#6322,#6323,#6324));
#1257=EDGE_LOOP('',(#6325,#6326,#6327,#6328));
#1258=EDGE_LOOP('',(#6329,#6330,#6331,#6332));
#1259=EDGE_LOOP('',(#6333,#6334,#6335,#6336));
#1260=EDGE_LOOP('',(#6337,#6338,#6339,#6340));
#1261=EDGE_LOOP('',(#6341,#6342,#6343,#6344,#6345,#6346,#6347,#6348));
#1262=EDGE_LOOP('',(#6349,#6350,#6351,#6352));
#1263=EDGE_LOOP('',(#6353,#6354,#6355,#6356,#6357,#6358,#6359,#6360,#6361,
#6362,#6363));
#1264=EDGE_LOOP('',(#6364,#6365,#6366,#6367,#6368,#6369,#6370,#6371,#6372,
#6373,#6374,#6375,#6376,#6377,#6378,#6379,#6380,#6381,#6382,#6383,#6384,
#6385,#6386,#6387,#6388,#6389,#6390,#6391,#6392,#6393,#6394,#6395,#6396,
#6397,#6398,#6399,#6400,#6401,#6402,#6403,#6404,#6405,#6406,#6407));
#1265=EDGE_LOOP('',(#6408,#6409,#6410,#6411));
#1266=EDGE_LOOP('',(#6412,#6413,#6414,#6415,#6416,#6417,#6418,#6419));
#1267=EDGE_LOOP('',(#6420,#6421,#6422,#6423));
#1268=EDGE_LOOP('',(#6424,#6425,#6426,#6427));
#1269=EDGE_LOOP('',(#6428,#6429,#6430,#6431));
#1270=EDGE_LOOP('',(#6432,#6433,#6434,#6435));
#1271=EDGE_LOOP('',(#6436,#6437,#6438,#6439));
#1272=EDGE_LOOP('',(#6440,#6441,#6442,#6443));
#1273=EDGE_LOOP('',(#6444,#6445,#6446,#6447));
#1274=EDGE_LOOP('',(#6448,#6449,#6450,#6451));
#1275=EDGE_LOOP('',(#6452,#6453,#6454,#6455));
#1276=EDGE_LOOP('',(#6456,#6457,#6458,#6459));
#1277=EDGE_LOOP('',(#6460,#6461,#6462,#6463));
#1278=EDGE_LOOP('',(#6464,#6465,#6466,#6467));
#1279=EDGE_LOOP('',(#6468,#6469,#6470,#6471));
#1280=EDGE_LOOP('',(#6472,#6473,#6474,#6475));
#1281=EDGE_LOOP('',(#6476,#6477,#6478,#6479));
#1282=EDGE_LOOP('',(#6480,#6481,#6482,#6483));
#1283=EDGE_LOOP('',(#6484,#6485,#6486,#6487));
#1284=EDGE_LOOP('',(#6488,#6489,#6490,#6491));
#1285=EDGE_LOOP('',(#6492,#6493,#6494,#6495));
#1286=EDGE_LOOP('',(#6496,#6497,#6498,#6499));
#1287=EDGE_LOOP('',(#6500,#6501,#6502,#6503));
#1288=EDGE_LOOP('',(#6504,#6505,#6506,#6507));
#1289=EDGE_LOOP('',(#6508,#6509,#6510,#6511));
#1290=EDGE_LOOP('',(#6512,#6513,#6514,#6515));
#1291=EDGE_LOOP('',(#6516,#6517,#6518,#6519));
#1292=EDGE_LOOP('',(#6520,#6521,#6522,#6523));
#1293=EDGE_LOOP('',(#6524,#6525,#6526,#6527));
#1294=EDGE_LOOP('',(#6528,#6529,#6530,#6531));
#1295=EDGE_LOOP('',(#6532,#6533,#6534,#6535));
#1296=EDGE_LOOP('',(#6536,#6537,#6538,#6539,#6540));
#1297=EDGE_LOOP('',(#6541,#6542,#6543,#6544));
#1298=EDGE_LOOP('',(#6545,#6546,#6547,#6548,#6549));
#1299=EDGE_LOOP('',(#6550,#6551,#6552,#6553));
#1300=EDGE_LOOP('',(#6554,#6555,#6556,#6557));
#1301=EDGE_LOOP('',(#6558,#6559,#6560,#6561));
#1302=EDGE_LOOP('',(#6562,#6563,#6564,#6565));
#1303=EDGE_LOOP('',(#6566,#6567,#6568,#6569));
#1304=EDGE_LOOP('',(#6570,#6571,#6572,#6573));
#1305=EDGE_LOOP('',(#6574,#6575,#6576,#6577));
#1306=EDGE_LOOP('',(#6578,#6579,#6580,#6581));
#1307=EDGE_LOOP('',(#6582,#6583,#6584,#6585));
#1308=EDGE_LOOP('',(#6586,#6587,#6588,#6589));
#1309=EDGE_LOOP('',(#6590,#6591,#6592,#6593));
#1310=EDGE_LOOP('',(#6594,#6595,#6596,#6597));
#1311=EDGE_LOOP('',(#6598,#6599,#6600,#6601));
#1312=EDGE_LOOP('',(#6602,#6603,#6604,#6605));
#1313=EDGE_LOOP('',(#6606,#6607,#6608,#6609));
#1314=EDGE_LOOP('',(#6610,#6611,#6612,#6613));
#1315=EDGE_LOOP('',(#6614,#6615,#6616,#6617));
#1316=EDGE_LOOP('',(#6618,#6619,#6620,#6621));
#1317=EDGE_LOOP('',(#6622,#6623,#6624,#6625));
#1318=EDGE_LOOP('',(#6626,#6627,#6628,#6629));
#1319=EDGE_LOOP('',(#6630,#6631,#6632,#6633));
#1320=EDGE_LOOP('',(#6634,#6635,#6636,#6637));
#1321=EDGE_LOOP('',(#6638,#6639,#6640,#6641));
#1322=EDGE_LOOP('',(#6642,#6643,#6644,#6645));
#1323=EDGE_LOOP('',(#6646,#6647,#6648,#6649));
#1324=EDGE_LOOP('',(#6650,#6651,#6652,#6653));
#1325=EDGE_LOOP('',(#6654,#6655,#6656,#6657));
#1326=EDGE_LOOP('',(#6658,#6659,#6660,#6661));
#1327=EDGE_LOOP('',(#6662,#6663,#6664,#6665));
#1328=EDGE_LOOP('',(#6666,#6667,#6668,#6669));
#1329=EDGE_LOOP('',(#6670,#6671,#6672,#6673));
#1330=EDGE_LOOP('',(#6674,#6675,#6676,#6677));
#1331=EDGE_LOOP('',(#6678,#6679,#6680,#6681));
#1332=EDGE_LOOP('',(#6682,#6683,#6684,#6685));
#1333=EDGE_LOOP('',(#6686,#6687,#6688,#6689));
#1334=EDGE_LOOP('',(#6690,#6691,#6692,#6693));
#1335=EDGE_LOOP('',(#6694,#6695,#6696,#6697));
#1336=EDGE_LOOP('',(#6698,#6699,#6700,#6701));
#1337=EDGE_LOOP('',(#6702,#6703,#6704,#6705));
#1338=EDGE_LOOP('',(#6706,#6707,#6708,#6709));
#1339=EDGE_LOOP('',(#6710,#6711,#6712,#6713));
#1340=EDGE_LOOP('',(#6714,#6715,#6716,#6717));
#1341=EDGE_LOOP('',(#6718,#6719,#6720,#6721));
#1342=EDGE_LOOP('',(#6722,#6723,#6724,#6725));
#1343=EDGE_LOOP('',(#6726,#6727,#6728,#6729));
#1344=EDGE_LOOP('',(#6730,#6731,#6732,#6733));
#1345=EDGE_LOOP('',(#6734,#6735,#6736,#6737));
#1346=EDGE_LOOP('',(#6738,#6739,#6740,#6741));
#1347=EDGE_LOOP('',(#6742,#6743,#6744,#6745));
#1348=EDGE_LOOP('',(#6746,#6747,#6748,#6749));
#1349=EDGE_LOOP('',(#6750,#6751,#6752,#6753));
#1350=EDGE_LOOP('',(#6754,#6755,#6756,#6757));
#1351=EDGE_LOOP('',(#6758,#6759,#6760,#6761));
#1352=EDGE_LOOP('',(#6762,#6763,#6764,#6765));
#1353=EDGE_LOOP('',(#6766,#6767,#6768,#6769,#6770));
#1354=EDGE_LOOP('',(#6771,#6772,#6773,#6774,#6775));
#1355=EDGE_LOOP('',(#6776,#6777,#6778,#6779,#6780,#6781,#6782,#6783,#6784,
#6785,#6786,#6787,#6788,#6789,#6790,#6791,#6792,#6793,#6794,#6795,#6796,
#6797,#6798,#6799,#6800,#6801,#6802,#6803,#6804,#6805,#6806,#6807,#6808,
#6809,#6810,#6811,#6812,#6813,#6814,#6815,#6816,#6817,#6818,#6819));
#1356=EDGE_LOOP('',(#6820,#6821,#6822,#6823,#6824,#6825));
#1357=EDGE_LOOP('',(#6826,#6827,#6828,#6829));
#1358=LINE('',#10436,#2080);
#1359=LINE('',#10439,#2081);
#1360=LINE('',#10442,#2082);
#1361=LINE('',#10444,#2083);
#1362=LINE('',#10446,#2084);
#1363=LINE('',#10447,#2085);
#1364=LINE('',#10450,#2086);
#1365=LINE('',#10454,#2087);
#1366=LINE('',#10458,#2088);
#1367=LINE('',#10459,#2089);
#1368=LINE('',#10462,#2090);
#1369=LINE('',#10465,#2091);
#1370=LINE('',#10468,#2092);
#1371=LINE('',#10470,#2093);
#1372=LINE('',#10471,#2094);
#1373=LINE('',#10477,#2095);
#1374=LINE('',#10480,#2096);
#1375=LINE('',#10483,#2097);
#1376=LINE('',#10485,#2098);
#1377=LINE('',#10486,#2099);
#1378=LINE('',#10491,#2100);
#1379=LINE('',#10495,#2101);
#1380=LINE('',#10497,#2102);
#1381=LINE('',#10498,#2103);
#1382=LINE('',#10501,#2104);
#1383=LINE('',#10503,#2105);
#1384=LINE('',#10509,#2106);
#1385=LINE('',#10510,#2107);
#1386=LINE('',#10515,#2108);
#1387=LINE('',#10516,#2109);
#1388=LINE('',#10519,#2110);
#1389=LINE('',#10520,#2111);
#1390=LINE('',#10524,#2112);
#1391=LINE('',#10527,#2113);
#1392=LINE('',#10528,#2114);
#1393=LINE('',#10530,#2115);
#1394=LINE('',#10531,#2116);
#1395=LINE('',#10536,#2117);
#1396=LINE('',#10548,#2118);
#1397=LINE('',#10553,#2119);
#1398=LINE('',#10566,#2120);
#1399=LINE('',#10568,#2121);
#1400=LINE('',#10569,#2122);
#1401=LINE('',#10574,#2123);
#1402=LINE('',#10586,#2124);
#1403=LINE('',#10600,#2125);
#1404=LINE('',#10616,#2126);
#1405=LINE('',#10627,#2127);
#1406=LINE('',#10631,#2128);
#1407=LINE('',#10633,#2129);
#1408=LINE('',#10634,#2130);
#1409=LINE('',#10637,#2131);
#1410=LINE('',#10641,#2132);
#1411=LINE('',#10642,#2133);
#1412=LINE('',#10644,#2134);
#1413=LINE('',#10645,#2135);
#1414=LINE('',#10664,#2136);
#1415=LINE('',#10668,#2137);
#1416=LINE('',#10672,#2138);
#1417=LINE('',#10676,#2139);
#1418=LINE('',#10678,#2140);
#1419=LINE('',#10680,#2141);
#1420=LINE('',#10681,#2142);
#1421=LINE('',#10684,#2143);
#1422=LINE('',#10686,#2144);
#1423=LINE('',#10687,#2145);
#1424=LINE('',#10689,#2146);
#1425=LINE('',#10692,#2147);
#1426=LINE('',#10695,#2148);
#1427=LINE('',#10701,#2149);
#1428=LINE('',#10705,#2150);
#1429=LINE('',#10708,#2151);
#1430=LINE('',#10710,#2152);
#1431=LINE('',#10711,#2153);
#1432=LINE('',#10713,#2154);
#1433=LINE('',#10716,#2155);
#1434=LINE('',#10718,#2156);
#1435=LINE('',#10719,#2157);
#1436=LINE('',#10722,#2158);
#1437=LINE('',#10724,#2159);
#1438=LINE('',#10725,#2160);
#1439=LINE('',#10727,#2161);
#1440=LINE('',#10735,#2162);
#1441=LINE('',#10738,#2163);
#1442=LINE('',#10739,#2164);
#1443=LINE('',#10751,#2165);
#1444=LINE('',#10752,#2166);
#1445=LINE('',#10753,#2167);
#1446=LINE('',#10755,#2168);
#1447=LINE('',#10759,#2169);
#1448=LINE('',#10763,#2170);
#1449=LINE('',#10766,#2171);
#1450=LINE('',#10771,#2172);
#1451=LINE('',#10772,#2173);
#1452=LINE('',#10782,#2174);
#1453=LINE('',#10785,#2175);
#1454=LINE('',#10788,#2176);
#1455=LINE('',#10790,#2177);
#1456=LINE('',#10792,#2178);
#1457=LINE('',#10793,#2179);
#1458=LINE('',#10796,#2180);
#1459=LINE('',#10800,#2181);
#1460=LINE('',#10804,#2182);
#1461=LINE('',#10805,#2183);
#1462=LINE('',#10808,#2184);
#1463=LINE('',#10811,#2185);
#1464=LINE('',#10814,#2186);
#1465=LINE('',#10816,#2187);
#1466=LINE('',#10817,#2188);
#1467=LINE('',#10823,#2189);
#1468=LINE('',#10826,#2190);
#1469=LINE('',#10829,#2191);
#1470=LINE('',#10831,#2192);
#1471=LINE('',#10832,#2193);
#1472=LINE('',#10837,#2194);
#1473=LINE('',#10841,#2195);
#1474=LINE('',#10843,#2196);
#1475=LINE('',#10844,#2197);
#1476=LINE('',#10847,#2198);
#1477=LINE('',#10849,#2199);
#1478=LINE('',#10855,#2200);
#1479=LINE('',#10856,#2201);
#1480=LINE('',#10861,#2202);
#1481=LINE('',#10862,#2203);
#1482=LINE('',#10865,#2204);
#1483=LINE('',#10866,#2205);
#1484=LINE('',#10870,#2206);
#1485=LINE('',#10873,#2207);
#1486=LINE('',#10874,#2208);
#1487=LINE('',#10876,#2209);
#1488=LINE('',#10877,#2210);
#1489=LINE('',#10882,#2211);
#1490=LINE('',#10894,#2212);
#1491=LINE('',#10899,#2213);
#1492=LINE('',#10912,#2214);
#1493=LINE('',#10914,#2215);
#1494=LINE('',#10915,#2216);
#1495=LINE('',#10920,#2217);
#1496=LINE('',#10932,#2218);
#1497=LINE('',#10946,#2219);
#1498=LINE('',#10962,#2220);
#1499=LINE('',#10973,#2221);
#1500=LINE('',#10977,#2222);
#1501=LINE('',#10979,#2223);
#1502=LINE('',#10980,#2224);
#1503=LINE('',#10983,#2225);
#1504=LINE('',#10987,#2226);
#1505=LINE('',#10988,#2227);
#1506=LINE('',#10990,#2228);
#1507=LINE('',#10991,#2229);
#1508=LINE('',#11010,#2230);
#1509=LINE('',#11014,#2231);
#1510=LINE('',#11018,#2232);
#1511=LINE('',#11022,#2233);
#1512=LINE('',#11024,#2234);
#1513=LINE('',#11026,#2235);
#1514=LINE('',#11027,#2236);
#1515=LINE('',#11030,#2237);
#1516=LINE('',#11032,#2238);
#1517=LINE('',#11033,#2239);
#1518=LINE('',#11035,#2240);
#1519=LINE('',#11038,#2241);
#1520=LINE('',#11041,#2242);
#1521=LINE('',#11047,#2243);
#1522=LINE('',#11051,#2244);
#1523=LINE('',#11054,#2245);
#1524=LINE('',#11056,#2246);
#1525=LINE('',#11057,#2247);
#1526=LINE('',#11059,#2248);
#1527=LINE('',#11062,#2249);
#1528=LINE('',#11064,#2250);
#1529=LINE('',#11065,#2251);
#1530=LINE('',#11068,#2252);
#1531=LINE('',#11070,#2253);
#1532=LINE('',#11071,#2254);
#1533=LINE('',#11073,#2255);
#1534=LINE('',#11081,#2256);
#1535=LINE('',#11084,#2257);
#1536=LINE('',#11085,#2258);
#1537=LINE('',#11097,#2259);
#1538=LINE('',#11098,#2260);
#1539=LINE('',#11099,#2261);
#1540=LINE('',#11101,#2262);
#1541=LINE('',#11105,#2263);
#1542=LINE('',#11109,#2264);
#1543=LINE('',#11112,#2265);
#1544=LINE('',#11117,#2266);
#1545=LINE('',#11118,#2267);
#1546=LINE('',#11128,#2268);
#1547=LINE('',#11131,#2269);
#1548=LINE('',#11134,#2270);
#1549=LINE('',#11136,#2271);
#1550=LINE('',#11138,#2272);
#1551=LINE('',#11139,#2273);
#1552=LINE('',#11142,#2274);
#1553=LINE('',#11146,#2275);
#1554=LINE('',#11150,#2276);
#1555=LINE('',#11151,#2277);
#1556=LINE('',#11154,#2278);
#1557=LINE('',#11157,#2279);
#1558=LINE('',#11160,#2280);
#1559=LINE('',#11162,#2281);
#1560=LINE('',#11163,#2282);
#1561=LINE('',#11169,#2283);
#1562=LINE('',#11172,#2284);
#1563=LINE('',#11175,#2285);
#1564=LINE('',#11177,#2286);
#1565=LINE('',#11178,#2287);
#1566=LINE('',#11183,#2288);
#1567=LINE('',#11187,#2289);
#1568=LINE('',#11189,#2290);
#1569=LINE('',#11190,#2291);
#1570=LINE('',#11193,#2292);
#1571=LINE('',#11195,#2293);
#1572=LINE('',#11201,#2294);
#1573=LINE('',#11202,#2295);
#1574=LINE('',#11207,#2296);
#1575=LINE('',#11208,#2297);
#1576=LINE('',#11211,#2298);
#1577=LINE('',#11212,#2299);
#1578=LINE('',#11216,#2300);
#1579=LINE('',#11219,#2301);
#1580=LINE('',#11220,#2302);
#1581=LINE('',#11222,#2303);
#1582=LINE('',#11223,#2304);
#1583=LINE('',#11228,#2305);
#1584=LINE('',#11240,#2306);
#1585=LINE('',#11245,#2307);
#1586=LINE('',#11258,#2308);
#1587=LINE('',#11260,#2309);
#1588=LINE('',#11261,#2310);
#1589=LINE('',#11266,#2311);
#1590=LINE('',#11278,#2312);
#1591=LINE('',#11292,#2313);
#1592=LINE('',#11308,#2314);
#1593=LINE('',#11319,#2315);
#1594=LINE('',#11323,#2316);
#1595=LINE('',#11325,#2317);
#1596=LINE('',#11326,#2318);
#1597=LINE('',#11329,#2319);
#1598=LINE('',#11333,#2320);
#1599=LINE('',#11334,#2321);
#1600=LINE('',#11336,#2322);
#1601=LINE('',#11337,#2323);
#1602=LINE('',#11356,#2324);
#1603=LINE('',#11360,#2325);
#1604=LINE('',#11364,#2326);
#1605=LINE('',#11368,#2327);
#1606=LINE('',#11370,#2328);
#1607=LINE('',#11372,#2329);
#1608=LINE('',#11373,#2330);
#1609=LINE('',#11376,#2331);
#1610=LINE('',#11378,#2332);
#1611=LINE('',#11379,#2333);
#1612=LINE('',#11381,#2334);
#1613=LINE('',#11384,#2335);
#1614=LINE('',#11387,#2336);
#1615=LINE('',#11393,#2337);
#1616=LINE('',#11397,#2338);
#1617=LINE('',#11400,#2339);
#1618=LINE('',#11402,#2340);
#1619=LINE('',#11403,#2341);
#1620=LINE('',#11405,#2342);
#1621=LINE('',#11408,#2343);
#1622=LINE('',#11410,#2344);
#1623=LINE('',#11411,#2345);
#1624=LINE('',#11414,#2346);
#1625=LINE('',#11416,#2347);
#1626=LINE('',#11417,#2348);
#1627=LINE('',#11419,#2349);
#1628=LINE('',#11427,#2350);
#1629=LINE('',#11430,#2351);
#1630=LINE('',#11431,#2352);
#1631=LINE('',#11443,#2353);
#1632=LINE('',#11444,#2354);
#1633=LINE('',#11445,#2355);
#1634=LINE('',#11447,#2356);
#1635=LINE('',#11451,#2357);
#1636=LINE('',#11455,#2358);
#1637=LINE('',#11458,#2359);
#1638=LINE('',#11463,#2360);
#1639=LINE('',#11464,#2361);
#1640=LINE('',#11474,#2362);
#1641=LINE('',#11477,#2363);
#1642=LINE('',#11480,#2364);
#1643=LINE('',#11482,#2365);
#1644=LINE('',#11484,#2366);
#1645=LINE('',#11485,#2367);
#1646=LINE('',#11488,#2368);
#1647=LINE('',#11492,#2369);
#1648=LINE('',#11496,#2370);
#1649=LINE('',#11497,#2371);
#1650=LINE('',#11500,#2372);
#1651=LINE('',#11503,#2373);
#1652=LINE('',#11506,#2374);
#1653=LINE('',#11508,#2375);
#1654=LINE('',#11509,#2376);
#1655=LINE('',#11515,#2377);
#1656=LINE('',#11518,#2378);
#1657=LINE('',#11521,#2379);
#1658=LINE('',#11523,#2380);
#1659=LINE('',#11524,#2381);
#1660=LINE('',#11529,#2382);
#1661=LINE('',#11533,#2383);
#1662=LINE('',#11535,#2384);
#1663=LINE('',#11536,#2385);
#1664=LINE('',#11539,#2386);
#1665=LINE('',#11541,#2387);
#1666=LINE('',#11547,#2388);
#1667=LINE('',#11548,#2389);
#1668=LINE('',#11553,#2390);
#1669=LINE('',#11554,#2391);
#1670=LINE('',#11557,#2392);
#1671=LINE('',#11558,#2393);
#1672=LINE('',#11562,#2394);
#1673=LINE('',#11565,#2395);
#1674=LINE('',#11566,#2396);
#1675=LINE('',#11568,#2397);
#1676=LINE('',#11569,#2398);
#1677=LINE('',#11574,#2399);
#1678=LINE('',#11586,#2400);
#1679=LINE('',#11591,#2401);
#1680=LINE('',#11604,#2402);
#1681=LINE('',#11606,#2403);
#1682=LINE('',#11607,#2404);
#1683=LINE('',#11612,#2405);
#1684=LINE('',#11624,#2406);
#1685=LINE('',#11638,#2407);
#1686=LINE('',#11654,#2408);
#1687=LINE('',#11665,#2409);
#1688=LINE('',#11669,#2410);
#1689=LINE('',#11671,#2411);
#1690=LINE('',#11672,#2412);
#1691=LINE('',#11675,#2413);
#1692=LINE('',#11679,#2414);
#1693=LINE('',#11680,#2415);
#1694=LINE('',#11682,#2416);
#1695=LINE('',#11683,#2417);
#1696=LINE('',#11702,#2418);
#1697=LINE('',#11706,#2419);
#1698=LINE('',#11710,#2420);
#1699=LINE('',#11714,#2421);
#1700=LINE('',#11716,#2422);
#1701=LINE('',#11718,#2423);
#1702=LINE('',#11719,#2424);
#1703=LINE('',#11722,#2425);
#1704=LINE('',#11724,#2426);
#1705=LINE('',#11725,#2427);
#1706=LINE('',#11727,#2428);
#1707=LINE('',#11730,#2429);
#1708=LINE('',#11733,#2430);
#1709=LINE('',#11739,#2431);
#1710=LINE('',#11743,#2432);
#1711=LINE('',#11746,#2433);
#1712=LINE('',#11748,#2434);
#1713=LINE('',#11749,#2435);
#1714=LINE('',#11751,#2436);
#1715=LINE('',#11754,#2437);
#1716=LINE('',#11756,#2438);
#1717=LINE('',#11757,#2439);
#1718=LINE('',#11760,#2440);
#1719=LINE('',#11762,#2441);
#1720=LINE('',#11763,#2442);
#1721=LINE('',#11765,#2443);
#1722=LINE('',#11773,#2444);
#1723=LINE('',#11776,#2445);
#1724=LINE('',#11777,#2446);
#1725=LINE('',#11789,#2447);
#1726=LINE('',#11790,#2448);
#1727=LINE('',#11791,#2449);
#1728=LINE('',#11793,#2450);
#1729=LINE('',#11797,#2451);
#1730=LINE('',#11801,#2452);
#1731=LINE('',#11804,#2453);
#1732=LINE('',#11809,#2454);
#1733=LINE('',#11810,#2455);
#1734=LINE('',#11820,#2456);
#1735=LINE('',#11823,#2457);
#1736=LINE('',#11826,#2458);
#1737=LINE('',#11828,#2459);
#1738=LINE('',#11830,#2460);
#1739=LINE('',#11831,#2461);
#1740=LINE('',#11834,#2462);
#1741=LINE('',#11838,#2463);
#1742=LINE('',#11842,#2464);
#1743=LINE('',#11843,#2465);
#1744=LINE('',#11846,#2466);
#1745=LINE('',#11849,#2467);
#1746=LINE('',#11852,#2468);
#1747=LINE('',#11854,#2469);
#1748=LINE('',#11855,#2470);
#1749=LINE('',#11861,#2471);
#1750=LINE('',#11864,#2472);
#1751=LINE('',#11867,#2473);
#1752=LINE('',#11869,#2474);
#1753=LINE('',#11870,#2475);
#1754=LINE('',#11875,#2476);
#1755=LINE('',#11879,#2477);
#1756=LINE('',#11881,#2478);
#1757=LINE('',#11882,#2479);
#1758=LINE('',#11885,#2480);
#1759=LINE('',#11887,#2481);
#1760=LINE('',#11893,#2482);
#1761=LINE('',#11894,#2483);
#1762=LINE('',#11899,#2484);
#1763=LINE('',#11900,#2485);
#1764=LINE('',#11903,#2486);
#1765=LINE('',#11904,#2487);
#1766=LINE('',#11908,#2488);
#1767=LINE('',#11911,#2489);
#1768=LINE('',#11912,#2490);
#1769=LINE('',#11914,#2491);
#1770=LINE('',#11915,#2492);
#1771=LINE('',#11920,#2493);
#1772=LINE('',#11932,#2494);
#1773=LINE('',#11937,#2495);
#1774=LINE('',#11950,#2496);
#1775=LINE('',#11952,#2497);
#1776=LINE('',#11953,#2498);
#1777=LINE('',#11958,#2499);
#1778=LINE('',#11970,#2500);
#1779=LINE('',#11984,#2501);
#1780=LINE('',#12000,#2502);
#1781=LINE('',#12011,#2503);
#1782=LINE('',#12015,#2504);
#1783=LINE('',#12017,#2505);
#1784=LINE('',#12018,#2506);
#1785=LINE('',#12021,#2507);
#1786=LINE('',#12025,#2508);
#1787=LINE('',#12026,#2509);
#1788=LINE('',#12028,#2510);
#1789=LINE('',#12029,#2511);
#1790=LINE('',#12048,#2512);
#1791=LINE('',#12052,#2513);
#1792=LINE('',#12056,#2514);
#1793=LINE('',#12060,#2515);
#1794=LINE('',#12062,#2516);
#1795=LINE('',#12064,#2517);
#1796=LINE('',#12065,#2518);
#1797=LINE('',#12068,#2519);
#1798=LINE('',#12070,#2520);
#1799=LINE('',#12071,#2521);
#1800=LINE('',#12073,#2522);
#1801=LINE('',#12076,#2523);
#1802=LINE('',#12079,#2524);
#1803=LINE('',#12085,#2525);
#1804=LINE('',#12089,#2526);
#1805=LINE('',#12092,#2527);
#1806=LINE('',#12094,#2528);
#1807=LINE('',#12095,#2529);
#1808=LINE('',#12097,#2530);
#1809=LINE('',#12100,#2531);
#1810=LINE('',#12102,#2532);
#1811=LINE('',#12103,#2533);
#1812=LINE('',#12106,#2534);
#1813=LINE('',#12108,#2535);
#1814=LINE('',#12109,#2536);
#1815=LINE('',#12111,#2537);
#1816=LINE('',#12119,#2538);
#1817=LINE('',#12122,#2539);
#1818=LINE('',#12123,#2540);
#1819=LINE('',#12135,#2541);
#1820=LINE('',#12136,#2542);
#1821=LINE('',#12137,#2543);
#1822=LINE('',#12139,#2544);
#1823=LINE('',#12143,#2545);
#1824=LINE('',#12147,#2546);
#1825=LINE('',#12150,#2547);
#1826=LINE('',#12155,#2548);
#1827=LINE('',#12156,#2549);
#1828=LINE('',#12167,#2550);
#1829=LINE('',#12212,#2551);
#1830=LINE('',#12216,#2552);
#1831=LINE('',#12228,#2553);
#1832=LINE('',#12437,#2554);
#1833=LINE('',#12439,#2555);
#1834=LINE('',#12442,#2556);
#1835=LINE('',#12444,#2557);
#1836=LINE('',#12445,#2558);
#1837=LINE('',#12450,#2559);
#1838=LINE('',#12454,#2560);
#1839=LINE('',#12463,#2561);
#1840=LINE('',#12526,#2562);
#1841=LINE('',#12528,#2563);
#1842=LINE('',#12531,#2564);
#1843=LINE('',#12533,#2565);
#1844=LINE('',#12534,#2566);
#1845=LINE('',#12546,#2567);
#1846=LINE('',#12553,#2568);
#1847=LINE('',#12556,#2569);
#1848=LINE('',#12557,#2570);
#1849=LINE('',#12559,#2571);
#1850=LINE('',#12571,#2572);
#1851=LINE('',#12588,#2573);
#1852=LINE('',#12605,#2574);
#1853=LINE('',#12613,#2575);
#1854=LINE('',#12614,#2576);
#1855=LINE('',#12616,#2577);
#1856=LINE('',#12618,#2578);
#1857=LINE('',#12622,#2579);
#1858=LINE('',#12626,#2580);
#1859=LINE('',#12630,#2581);
#1860=LINE('',#12633,#2582);
#1861=LINE('',#12637,#2583);
#1862=LINE('',#12641,#2584);
#1863=LINE('',#12645,#2585);
#1864=LINE('',#12648,#2586);
#1865=LINE('',#12651,#2587);
#1866=LINE('',#12654,#2588);
#1867=LINE('',#12664,#2589);
#1868=LINE('',#12667,#2590);
#1869=LINE('',#12690,#2591);
#1870=LINE('',#12691,#2592);
#1871=LINE('',#12707,#2593);
#1872=LINE('',#12708,#2594);
#1873=LINE('',#12717,#2595);
#1874=LINE('',#12718,#2596);
#1875=LINE('',#12720,#2597);
#1876=LINE('',#12721,#2598);
#1877=LINE('',#12730,#2599);
#1878=LINE('',#12731,#2600);
#1879=LINE('',#12733,#2601);
#1880=LINE('',#12734,#2602);
#1881=LINE('',#12736,#2603);
#1882=LINE('',#12737,#2604);
#1883=LINE('',#12739,#2605);
#1884=LINE('',#12740,#2606);
#1885=LINE('',#12742,#2607);
#1886=LINE('',#12743,#2608);
#1887=LINE('',#12745,#2609);
#1888=LINE('',#12746,#2610);
#1889=LINE('',#12748,#2611);
#1890=LINE('',#12749,#2612);
#1891=LINE('',#12751,#2613);
#1892=LINE('',#12752,#2614);
#1893=LINE('',#12754,#2615);
#1894=LINE('',#12755,#2616);
#1895=LINE('',#12757,#2617);
#1896=LINE('',#12758,#2618);
#1897=LINE('',#12760,#2619);
#1898=LINE('',#12761,#2620);
#1899=LINE('',#12763,#2621);
#1900=LINE('',#12765,#2622);
#1901=LINE('',#12772,#2623);
#1902=LINE('',#12774,#2624);
#1903=LINE('',#12776,#2625);
#1904=LINE('',#12778,#2626);
#1905=LINE('',#12780,#2627);
#1906=LINE('',#12782,#2628);
#1907=LINE('',#12784,#2629);
#1908=LINE('',#12786,#2630);
#1909=LINE('',#12788,#2631);
#1910=LINE('',#12790,#2632);
#1911=LINE('',#12792,#2633);
#1912=LINE('',#12794,#2634);
#1913=LINE('',#12796,#2635);
#1914=LINE('',#12798,#2636);
#1915=LINE('',#12800,#2637);
#1916=LINE('',#12802,#2638);
#1917=LINE('',#12804,#2639);
#1918=LINE('',#12806,#2640);
#1919=LINE('',#12808,#2641);
#1920=LINE('',#12810,#2642);
#1921=LINE('',#12812,#2643);
#1922=LINE('',#12814,#2644);
#1923=LINE('',#12816,#2645);
#1924=LINE('',#12818,#2646);
#1925=LINE('',#12820,#2647);
#1926=LINE('',#12822,#2648);
#1927=LINE('',#12824,#2649);
#1928=LINE('',#12826,#2650);
#1929=LINE('',#12828,#2651);
#1930=LINE('',#12830,#2652);
#1931=LINE('',#12832,#2653);
#1932=LINE('',#12834,#2654);
#1933=LINE('',#12836,#2655);
#1934=LINE('',#12838,#2656);
#1935=LINE('',#12840,#2657);
#1936=LINE('',#12842,#2658);
#1937=LINE('',#12844,#2659);
#1938=LINE('',#12846,#2660);
#1939=LINE('',#12848,#2661);
#1940=LINE('',#12850,#2662);
#1941=LINE('',#12852,#2663);
#1942=LINE('',#12854,#2664);
#1943=LINE('',#12856,#2665);
#1944=LINE('',#12857,#2666);
#1945=LINE('',#12864,#2667);
#1946=LINE('',#12869,#2668);
#1947=LINE('',#12873,#2669);
#1948=LINE('',#12878,#2670);
#1949=LINE('',#12883,#2671);
#1950=LINE('',#12889,#2672);
#1951=LINE('',#12893,#2673);
#1952=LINE('',#12897,#2674);
#1953=LINE('',#12901,#2675);
#1954=LINE('',#12905,#2676);
#1955=LINE('',#12909,#2677);
#1956=LINE('',#12914,#2678);
#1957=LINE('',#12919,#2679);
#1958=LINE('',#12923,#2680);
#1959=LINE('',#12927,#2681);
#1960=LINE('',#12931,#2682);
#1961=LINE('',#12935,#2683);
#1962=LINE('',#12941,#2684);
#1963=LINE('',#12945,#2685);
#1964=LINE('',#12950,#2686);
#1965=LINE('',#12955,#2687);
#1966=LINE('',#12959,#2688);
#1967=LINE('',#12962,#2689);
#1968=LINE('',#12966,#2690);
#1969=LINE('',#12970,#2691);
#1970=LINE('',#12973,#2692);
#1971=LINE('',#12976,#2693);
#1972=LINE('',#12979,#2694);
#1973=LINE('',#12982,#2695);
#1974=LINE('',#12986,#2696);
#1975=LINE('',#12992,#2697);
#1976=LINE('',#12997,#2698);
#1977=LINE('',#13002,#2699);
#1978=LINE('',#13005,#2700);
#1979=LINE('',#13008,#2701);
#1980=LINE('',#13012,#2702);
#1981=LINE('',#13016,#2703);
#1982=LINE('',#13020,#2704);
#1983=LINE('',#13024,#2705);
#1984=LINE('',#13027,#2706);
#1985=LINE('',#13030,#2707);
#1986=LINE('',#13033,#2708);
#1987=LINE('',#13036,#2709);
#1988=LINE('',#13039,#2710);
#1989=LINE('',#13042,#2711);
#1990=LINE('',#13044,#2712);
#1991=LINE('',#13045,#2713);
#1992=LINE('',#13048,#2714);
#1993=LINE('',#13049,#2715);
#1994=LINE('',#13052,#2716);
#1995=LINE('',#13053,#2717);
#1996=LINE('',#13056,#2718);
#1997=LINE('',#13057,#2719);
#1998=LINE('',#13060,#2720);
#1999=LINE('',#13061,#2721);
#2000=LINE('',#13064,#2722);
#2001=LINE('',#13065,#2723);
#2002=LINE('',#13068,#2724);
#2003=LINE('',#13069,#2725);
#2004=LINE('',#13072,#2726);
#2005=LINE('',#13073,#2727);
#2006=LINE('',#13076,#2728);
#2007=LINE('',#13077,#2729);
#2008=LINE('',#13080,#2730);
#2009=LINE('',#13081,#2731);
#2010=LINE('',#13084,#2732);
#2011=LINE('',#13085,#2733);
#2012=LINE('',#13088,#2734);
#2013=LINE('',#13089,#2735);
#2014=LINE('',#13092,#2736);
#2015=LINE('',#13093,#2737);
#2016=LINE('',#13096,#2738);
#2017=LINE('',#13097,#2739);
#2018=LINE('',#13100,#2740);
#2019=LINE('',#13101,#2741);
#2020=LINE('',#13104,#2742);
#2021=LINE('',#13105,#2743);
#2022=LINE('',#13108,#2744);
#2023=LINE('',#13109,#2745);
#2024=LINE('',#13112,#2746);
#2025=LINE('',#13113,#2747);
#2026=LINE('',#13116,#2748);
#2027=LINE('',#13117,#2749);
#2028=LINE('',#13120,#2750);
#2029=LINE('',#13121,#2751);
#2030=LINE('',#13124,#2752);
#2031=LINE('',#13125,#2753);
#2032=LINE('',#13128,#2754);
#2033=LINE('',#13129,#2755);
#2034=LINE('',#13132,#2756);
#2035=LINE('',#13133,#2757);
#2036=LINE('',#13137,#2758);
#2037=LINE('',#13139,#2759);
#2038=LINE('',#13140,#2760);
#2039=LINE('',#13143,#2761);
#2040=LINE('',#13145,#2762);
#2041=LINE('',#13146,#2763);
#2042=LINE('',#13149,#2764);
#2043=LINE('',#13150,#2765);
#2044=LINE('',#13153,#2766);
#2045=LINE('',#13154,#2767);
#2046=LINE('',#13157,#2768);
#2047=LINE('',#13158,#2769);
#2048=LINE('',#13161,#2770);
#2049=LINE('',#13162,#2771);
#2050=LINE('',#13164,#2772);
#2051=LINE('',#13167,#2773);
#2052=LINE('',#13169,#2774);
#2053=LINE('',#13170,#2775);
#2054=LINE('',#13173,#2776);
#2055=LINE('',#13175,#2777);
#2056=LINE('',#13176,#2778);
#2057=LINE('',#13179,#2779);
#2058=LINE('',#13180,#2780);
#2059=LINE('',#13183,#2781);
#2060=LINE('',#13184,#2782);
#2061=LINE('',#13187,#2783);
#2062=LINE('',#13188,#2784);
#2063=LINE('',#13191,#2785);
#2064=LINE('',#13192,#2786);
#2065=LINE('',#13194,#2787);
#2066=LINE('',#13197,#2788);
#2067=LINE('',#13198,#2789);
#2068=LINE('',#13200,#2790);
#2069=LINE('',#13202,#2791);
#2070=LINE('',#13205,#2792);
#2071=LINE('',#13206,#2793);
#2072=LINE('',#13209,#2794);
#2073=LINE('',#13211,#2795);
#2074=LINE('',#13212,#2796);
#2075=LINE('',#13215,#2797);
#2076=LINE('',#13217,#2798);
#2077=LINE('',#13218,#2799);
#2078=LINE('',#13220,#2800);
#2079=LINE('',#13222,#2801);
#2080=VECTOR('',#8241,10.);
#2081=VECTOR('',#8244,10.);
#2082=VECTOR('',#8247,10.);
#2083=VECTOR('',#8248,10.);
#2084=VECTOR('',#8249,0.2);
#2085=VECTOR('',#8250,10.);
#2086=VECTOR('',#8253,10.);
#2087=VECTOR('',#8256,10.);
#2088=VECTOR('',#8259,10.);
#2089=VECTOR('',#8260,10.);
#2090=VECTOR('',#8263,10.);
#2091=VECTOR('',#8266,10.);
#2092=VECTOR('',#8269,10.);
#2093=VECTOR('',#8270,0.2);
#2094=VECTOR('',#8271,10.);
#2095=VECTOR('',#8276,0.2);
#2096=VECTOR('',#8279,0.2);
#2097=VECTOR('',#8282,10.);
#2098=VECTOR('',#8283,10.);
#2099=VECTOR('',#8284,10.);
#2100=VECTOR('',#8289,10.);
#2101=VECTOR('',#8294,10.);
#2102=VECTOR('',#8295,10.);
#2103=VECTOR('',#8296,10.);
#2104=VECTOR('',#8299,10.);
#2105=VECTOR('',#8300,10.);
#2106=VECTOR('',#8305,10.);
#2107=VECTOR('',#8306,10.);
#2108=VECTOR('',#8311,0.2);
#2109=VECTOR('',#8312,0.2);
#2110=VECTOR('',#8315,10.);
#2111=VECTOR('',#8316,10.);
#2112=VECTOR('',#8321,10.);
#2113=VECTOR('',#8324,10.);
#2114=VECTOR('',#8325,10.);
#2115=VECTOR('',#8328,10.);
#2116=VECTOR('',#8329,10.);
#2117=VECTOR('',#8334,10.);
#2118=VECTOR('',#8335,10.);
#2119=VECTOR('',#8340,0.2);
#2120=VECTOR('',#8343,10.);
#2121=VECTOR('',#8344,0.2);
#2122=VECTOR('',#8345,10.);
#2123=VECTOR('',#8350,10.);
#2124=VECTOR('',#8351,10.);
#2125=VECTOR('',#8354,0.2);
#2126=VECTOR('',#8363,0.2);
#2127=VECTOR('',#8366,0.2);
#2128=VECTOR('',#8371,10.);
#2129=VECTOR('',#8372,10.);
#2130=VECTOR('',#8373,10.);
#2131=VECTOR('',#8376,10.);
#2132=VECTOR('',#8379,10.);
#2133=VECTOR('',#8380,10.);
#2134=VECTOR('',#8383,10.);
#2135=VECTOR('',#8384,10.);
#2136=VECTOR('',#8389,0.2);
#2137=VECTOR('',#8392,10.);
#2138=VECTOR('',#8395,10.);
#2139=VECTOR('',#8400,10.);
#2140=VECTOR('',#8401,10.);
#2141=VECTOR('',#8402,10.);
#2142=VECTOR('',#8403,10.);
#2143=VECTOR('',#8406,10.);
#2144=VECTOR('',#8407,10.);
#2145=VECTOR('',#8408,10.);
#2146=VECTOR('',#8411,10.);
#2147=VECTOR('',#8414,10.);
#2148=VECTOR('',#8417,10.);
#2149=VECTOR('',#8424,10.);
#2150=VECTOR('',#8429,10.);
#2151=VECTOR('',#8432,10.);
#2152=VECTOR('',#8435,10.);
#2153=VECTOR('',#8436,10.);
#2154=VECTOR('',#8439,10.);
#2155=VECTOR('',#8442,10.);
#2156=VECTOR('',#8443,10.);
#2157=VECTOR('',#8444,10.);
#2158=VECTOR('',#8447,10.);
#2159=VECTOR('',#8448,10.);
#2160=VECTOR('',#8449,10.);
#2161=VECTOR('',#8452,10.);
#2162=VECTOR('',#8465,10.);
#2163=VECTOR('',#8470,10.);
#2164=VECTOR('',#8471,10.);
#2165=VECTOR('',#8492,10.);
#2166=VECTOR('',#8493,10.);
#2167=VECTOR('',#8494,10.);
#2168=VECTOR('',#8497,10.);
#2169=VECTOR('',#8504,10.);
#2170=VECTOR('',#8509,10.);
#2171=VECTOR('',#8512,10.);
#2172=VECTOR('',#8521,10.);
#2173=VECTOR('',#8522,10.);
#2174=VECTOR('',#8535,10.);
#2175=VECTOR('',#8538,10.);
#2176=VECTOR('',#8541,10.);
#2177=VECTOR('',#8542,10.);
#2178=VECTOR('',#8543,0.2);
#2179=VECTOR('',#8544,10.);
#2180=VECTOR('',#8547,10.);
#2181=VECTOR('',#8550,10.);
#2182=VECTOR('',#8553,10.);
#2183=VECTOR('',#8554,10.);
#2184=VECTOR('',#8557,10.);
#2185=VECTOR('',#8560,10.);
#2186=VECTOR('',#8563,10.);
#2187=VECTOR('',#8564,0.2);
#2188=VECTOR('',#8565,10.);
#2189=VECTOR('',#8570,0.2);
#2190=VECTOR('',#8573,0.2);
#2191=VECTOR('',#8576,10.);
#2192=VECTOR('',#8577,10.);
#2193=VECTOR('',#8578,10.);
#2194=VECTOR('',#8583,10.);
#2195=VECTOR('',#8588,10.);
#2196=VECTOR('',#8589,10.);
#2197=VECTOR('',#8590,10.);
#2198=VECTOR('',#8593,10.);
#2199=VECTOR('',#8594,10.);
#2200=VECTOR('',#8599,10.);
#2201=VECTOR('',#8600,10.);
#2202=VECTOR('',#8605,0.2);
#2203=VECTOR('',#8606,0.2);
#2204=VECTOR('',#8609,10.);
#2205=VECTOR('',#8610,10.);
#2206=VECTOR('',#8615,10.);
#2207=VECTOR('',#8618,10.);
#2208=VECTOR('',#8619,10.);
#2209=VECTOR('',#8622,10.);
#2210=VECTOR('',#8623,10.);
#2211=VECTOR('',#8628,10.);
#2212=VECTOR('',#8629,10.);
#2213=VECTOR('',#8634,0.2);
#2214=VECTOR('',#8637,10.);
#2215=VECTOR('',#8638,0.2);
#2216=VECTOR('',#8639,10.);
#2217=VECTOR('',#8644,10.);
#2218=VECTOR('',#8645,10.);
#2219=VECTOR('',#8648,0.2);
#2220=VECTOR('',#8657,0.2);
#2221=VECTOR('',#8660,0.2);
#2222=VECTOR('',#8665,10.);
#2223=VECTOR('',#8666,10.);
#2224=VECTOR('',#8667,10.);
#2225=VECTOR('',#8670,10.);
#2226=VECTOR('',#8673,10.);
#2227=VECTOR('',#8674,10.);
#2228=VECTOR('',#8677,10.);
#2229=VECTOR('',#8678,10.);
#2230=VECTOR('',#8683,0.2);
#2231=VECTOR('',#8686,10.);
#2232=VECTOR('',#8689,10.);
#2233=VECTOR('',#8694,10.);
#2234=VECTOR('',#8695,10.);
#2235=VECTOR('',#8696,10.);
#2236=VECTOR('',#8697,10.);
#2237=VECTOR('',#8700,10.);
#2238=VECTOR('',#8701,10.);
#2239=VECTOR('',#8702,10.);
#2240=VECTOR('',#8705,10.);
#2241=VECTOR('',#8708,10.);
#2242=VECTOR('',#8711,10.);
#2243=VECTOR('',#8718,10.);
#2244=VECTOR('',#8723,10.);
#2245=VECTOR('',#8726,10.);
#2246=VECTOR('',#8729,10.);
#2247=VECTOR('',#8730,10.);
#2248=VECTOR('',#8733,10.);
#2249=VECTOR('',#8736,10.);
#2250=VECTOR('',#8737,10.);
#2251=VECTOR('',#8738,10.);
#2252=VECTOR('',#8741,10.);
#2253=VECTOR('',#8742,10.);
#2254=VECTOR('',#8743,10.);
#2255=VECTOR('',#8746,10.);
#2256=VECTOR('',#8759,10.);
#2257=VECTOR('',#8764,10.);
#2258=VECTOR('',#8765,10.);
#2259=VECTOR('',#8786,10.);
#2260=VECTOR('',#8787,10.);
#2261=VECTOR('',#8788,10.);
#2262=VECTOR('',#8791,10.);
#2263=VECTOR('',#8798,10.);
#2264=VECTOR('',#8803,10.);
#2265=VECTOR('',#8806,10.);
#2266=VECTOR('',#8815,10.);
#2267=VECTOR('',#8816,10.);
#2268=VECTOR('',#8829,10.);
#2269=VECTOR('',#8832,10.);
#2270=VECTOR('',#8835,10.);
#2271=VECTOR('',#8836,10.);
#2272=VECTOR('',#8837,0.2);
#2273=VECTOR('',#8838,10.);
#2274=VECTOR('',#8841,10.);
#2275=VECTOR('',#8844,10.);
#2276=VECTOR('',#8847,10.);
#2277=VECTOR('',#8848,10.);
#2278=VECTOR('',#8851,10.);
#2279=VECTOR('',#8854,10.);
#2280=VECTOR('',#8857,10.);
#2281=VECTOR('',#8858,0.2);
#2282=VECTOR('',#8859,10.);
#2283=VECTOR('',#8864,0.2);
#2284=VECTOR('',#8867,0.2);
#2285=VECTOR('',#8870,10.);
#2286=VECTOR('',#8871,10.);
#2287=VECTOR('',#8872,10.);
#2288=VECTOR('',#8877,10.);
#2289=VECTOR('',#8882,10.);
#2290=VECTOR('',#8883,10.);
#2291=VECTOR('',#8884,10.);
#2292=VECTOR('',#8887,10.);
#2293=VECTOR('',#8888,10.);
#2294=VECTOR('',#8893,10.);
#2295=VECTOR('',#8894,10.);
#2296=VECTOR('',#8899,0.2);
#2297=VECTOR('',#8900,0.2);
#2298=VECTOR('',#8903,10.);
#2299=VECTOR('',#8904,10.);
#2300=VECTOR('',#8909,10.);
#2301=VECTOR('',#8912,10.);
#2302=VECTOR('',#8913,10.);
#2303=VECTOR('',#8916,10.);
#2304=VECTOR('',#8917,10.);
#2305=VECTOR('',#8922,10.);
#2306=VECTOR('',#8923,10.);
#2307=VECTOR('',#8928,0.2);
#2308=VECTOR('',#8931,10.);
#2309=VECTOR('',#8932,0.2);
#2310=VECTOR('',#8933,10.);
#2311=VECTOR('',#8938,10.);
#2312=VECTOR('',#8939,10.);
#2313=VECTOR('',#8942,0.2);
#2314=VECTOR('',#8951,0.2);
#2315=VECTOR('',#8954,0.2);
#2316=VECTOR('',#8959,10.);
#2317=VECTOR('',#8960,10.);
#2318=VECTOR('',#8961,10.);
#2319=VECTOR('',#8964,10.);
#2320=VECTOR('',#8967,10.);
#2321=VECTOR('',#8968,10.);
#2322=VECTOR('',#8971,10.);
#2323=VECTOR('',#8972,10.);
#2324=VECTOR('',#8977,0.2);
#2325=VECTOR('',#8980,10.);
#2326=VECTOR('',#8983,10.);
#2327=VECTOR('',#8988,10.);
#2328=VECTOR('',#8989,10.);
#2329=VECTOR('',#8990,10.);
#2330=VECTOR('',#8991,10.);
#2331=VECTOR('',#8994,10.);
#2332=VECTOR('',#8995,10.);
#2333=VECTOR('',#8996,10.);
#2334=VECTOR('',#8999,10.);
#2335=VECTOR('',#9002,10.);
#2336=VECTOR('',#9005,10.);
#2337=VECTOR('',#9012,10.);
#2338=VECTOR('',#9017,10.);
#2339=VECTOR('',#9020,10.);
#2340=VECTOR('',#9023,10.);
#2341=VECTOR('',#9024,10.);
#2342=VECTOR('',#9027,10.);
#2343=VECTOR('',#9030,10.);
#2344=VECTOR('',#9031,10.);
#2345=VECTOR('',#9032,10.);
#2346=VECTOR('',#9035,10.);
#2347=VECTOR('',#9036,10.);
#2348=VECTOR('',#9037,10.);
#2349=VECTOR('',#9040,10.);
#2350=VECTOR('',#9053,10.);
#2351=VECTOR('',#9058,10.);
#2352=VECTOR('',#9059,10.);
#2353=VECTOR('',#9080,10.);
#2354=VECTOR('',#9081,10.);
#2355=VECTOR('',#9082,10.);
#2356=VECTOR('',#9085,10.);
#2357=VECTOR('',#9092,10.);
#2358=VECTOR('',#9097,10.);
#2359=VECTOR('',#9100,10.);
#2360=VECTOR('',#9109,10.);
#2361=VECTOR('',#9110,10.);
#2362=VECTOR('',#9123,10.);
#2363=VECTOR('',#9126,10.);
#2364=VECTOR('',#9129,10.);
#2365=VECTOR('',#9130,10.);
#2366=VECTOR('',#9131,0.2);
#2367=VECTOR('',#9132,10.);
#2368=VECTOR('',#9135,10.);
#2369=VECTOR('',#9138,10.);
#2370=VECTOR('',#9141,10.);
#2371=VECTOR('',#9142,10.);
#2372=VECTOR('',#9145,10.);
#2373=VECTOR('',#9148,10.);
#2374=VECTOR('',#9151,10.);
#2375=VECTOR('',#9152,0.2);
#2376=VECTOR('',#9153,10.);
#2377=VECTOR('',#9158,0.2);
#2378=VECTOR('',#9161,0.2);
#2379=VECTOR('',#9164,10.);
#2380=VECTOR('',#9165,10.);
#2381=VECTOR('',#9166,10.);
#2382=VECTOR('',#9171,10.);
#2383=VECTOR('',#9176,10.);
#2384=VECTOR('',#9177,10.);
#2385=VECTOR('',#9178,10.);
#2386=VECTOR('',#9181,10.);
#2387=VECTOR('',#9182,10.);
#2388=VECTOR('',#9187,10.);
#2389=VECTOR('',#9188,10.);
#2390=VECTOR('',#9193,0.2);
#2391=VECTOR('',#9194,0.2);
#2392=VECTOR('',#9197,10.);
#2393=VECTOR('',#9198,10.);
#2394=VECTOR('',#9203,10.);
#2395=VECTOR('',#9206,10.);
#2396=VECTOR('',#9207,10.);
#2397=VECTOR('',#9210,10.);
#2398=VECTOR('',#9211,10.);
#2399=VECTOR('',#9216,10.);
#2400=VECTOR('',#9217,10.);
#2401=VECTOR('',#9222,0.2);
#2402=VECTOR('',#9225,10.);
#2403=VECTOR('',#9226,0.2);
#2404=VECTOR('',#9227,10.);
#2405=VECTOR('',#9232,10.);
#2406=VECTOR('',#9233,10.);
#2407=VECTOR('',#9236,0.2);
#2408=VECTOR('',#9245,0.2);
#2409=VECTOR('',#9248,0.2);
#2410=VECTOR('',#9253,10.);
#2411=VECTOR('',#9254,10.);
#2412=VECTOR('',#9255,10.);
#2413=VECTOR('',#9258,10.);
#2414=VECTOR('',#9261,10.);
#2415=VECTOR('',#9262,10.);
#2416=VECTOR('',#9265,10.);
#2417=VECTOR('',#9266,10.);
#2418=VECTOR('',#9271,0.2);
#2419=VECTOR('',#9274,10.);
#2420=VECTOR('',#9277,10.);
#2421=VECTOR('',#9282,10.);
#2422=VECTOR('',#9283,10.);
#2423=VECTOR('',#9284,10.);
#2424=VECTOR('',#9285,10.);
#2425=VECTOR('',#9288,10.);
#2426=VECTOR('',#9289,10.);
#2427=VECTOR('',#9290,10.);
#2428=VECTOR('',#9293,10.);
#2429=VECTOR('',#9296,10.);
#2430=VECTOR('',#9299,10.);
#2431=VECTOR('',#9306,10.);
#2432=VECTOR('',#9311,10.);
#2433=VECTOR('',#9314,10.);
#2434=VECTOR('',#9317,10.);
#2435=VECTOR('',#9318,10.);
#2436=VECTOR('',#9321,10.);
#2437=VECTOR('',#9324,10.);
#2438=VECTOR('',#9325,10.);
#2439=VECTOR('',#9326,10.);
#2440=VECTOR('',#9329,10.);
#2441=VECTOR('',#9330,10.);
#2442=VECTOR('',#9331,10.);
#2443=VECTOR('',#9334,10.);
#2444=VECTOR('',#9347,10.);
#2445=VECTOR('',#9352,10.);
#2446=VECTOR('',#9353,10.);
#2447=VECTOR('',#9374,10.);
#2448=VECTOR('',#9375,10.);
#2449=VECTOR('',#9376,10.);
#2450=VECTOR('',#9379,10.);
#2451=VECTOR('',#9386,10.);
#2452=VECTOR('',#9391,10.);
#2453=VECTOR('',#9394,10.);
#2454=VECTOR('',#9403,10.);
#2455=VECTOR('',#9404,10.);
#2456=VECTOR('',#9417,10.);
#2457=VECTOR('',#9420,10.);
#2458=VECTOR('',#9423,10.);
#2459=VECTOR('',#9424,10.);
#2460=VECTOR('',#9425,0.2);
#2461=VECTOR('',#9426,10.);
#2462=VECTOR('',#9429,10.);
#2463=VECTOR('',#9432,10.);
#2464=VECTOR('',#9435,10.);
#2465=VECTOR('',#9436,10.);
#2466=VECTOR('',#9439,10.);
#2467=VECTOR('',#9442,10.);
#2468=VECTOR('',#9445,10.);
#2469=VECTOR('',#9446,0.2);
#2470=VECTOR('',#9447,10.);
#2471=VECTOR('',#9452,0.2);
#2472=VECTOR('',#9455,0.2);
#2473=VECTOR('',#9458,10.);
#2474=VECTOR('',#9459,10.);
#2475=VECTOR('',#9460,10.);
#2476=VECTOR('',#9465,10.);
#2477=VECTOR('',#9470,10.);
#2478=VECTOR('',#9471,10.);
#2479=VECTOR('',#9472,10.);
#2480=VECTOR('',#9475,10.);
#2481=VECTOR('',#9476,10.);
#2482=VECTOR('',#9481,10.);
#2483=VECTOR('',#9482,10.);
#2484=VECTOR('',#9487,0.2);
#2485=VECTOR('',#9488,0.2);
#2486=VECTOR('',#9491,10.);
#2487=VECTOR('',#9492,10.);
#2488=VECTOR('',#9497,10.);
#2489=VECTOR('',#9500,10.);
#2490=VECTOR('',#9501,10.);
#2491=VECTOR('',#9504,10.);
#2492=VECTOR('',#9505,10.);
#2493=VECTOR('',#9510,10.);
#2494=VECTOR('',#9511,10.);
#2495=VECTOR('',#9516,0.2);
#2496=VECTOR('',#9519,10.);
#2497=VECTOR('',#9520,0.2);
#2498=VECTOR('',#9521,10.);
#2499=VECTOR('',#9526,10.);
#2500=VECTOR('',#9527,10.);
#2501=VECTOR('',#9530,0.2);
#2502=VECTOR('',#9539,0.2);
#2503=VECTOR('',#9542,0.2);
#2504=VECTOR('',#9547,10.);
#2505=VECTOR('',#9548,10.);
#2506=VECTOR('',#9549,10.);
#2507=VECTOR('',#9552,10.);
#2508=VECTOR('',#9555,10.);
#2509=VECTOR('',#9556,10.);
#2510=VECTOR('',#9559,10.);
#2511=VECTOR('',#9560,10.);
#2512=VECTOR('',#9565,0.2);
#2513=VECTOR('',#9568,10.);
#2514=VECTOR('',#9571,10.);
#2515=VECTOR('',#9576,10.);
#2516=VECTOR('',#9577,10.);
#2517=VECTOR('',#9578,10.);
#2518=VECTOR('',#9579,10.);
#2519=VECTOR('',#9582,10.);
#2520=VECTOR('',#9583,10.);
#2521=VECTOR('',#9584,10.);
#2522=VECTOR('',#9587,10.);
#2523=VECTOR('',#9590,10.);
#2524=VECTOR('',#9593,10.);
#2525=VECTOR('',#9600,10.);
#2526=VECTOR('',#9605,10.);
#2527=VECTOR('',#9608,10.);
#2528=VECTOR('',#9611,10.);
#2529=VECTOR('',#9612,10.);
#2530=VECTOR('',#9615,10.);
#2531=VECTOR('',#9618,10.);
#2532=VECTOR('',#9619,10.);
#2533=VECTOR('',#9620,10.);
#2534=VECTOR('',#9623,10.);
#2535=VECTOR('',#9624,10.);
#2536=VECTOR('',#9625,10.);
#2537=VECTOR('',#9628,10.);
#2538=VECTOR('',#9641,10.);
#2539=VECTOR('',#9646,10.);
#2540=VECTOR('',#9647,10.);
#2541=VECTOR('',#9668,10.);
#2542=VECTOR('',#9669,10.);
#2543=VECTOR('',#9670,10.);
#2544=VECTOR('',#9673,10.);
#2545=VECTOR('',#9680,10.);
#2546=VECTOR('',#9685,10.);
#2547=VECTOR('',#9688,10.);
#2548=VECTOR('',#9697,10.);
#2549=VECTOR('',#9698,10.);
#2550=VECTOR('',#9713,10.);
#2551=VECTOR('',#9714,10.);
#2552=VECTOR('',#9717,10.);
#2553=VECTOR('',#9722,10.);
#2554=VECTOR('',#9733,10.);
#2555=VECTOR('',#9736,10.);
#2556=VECTOR('',#9739,10.);
#2557=VECTOR('',#9740,10.);
#2558=VECTOR('',#9741,10.);
#2559=VECTOR('',#9746,10.);
#2560=VECTOR('',#9749,10.);
#2561=VECTOR('',#9752,10.);
#2562=VECTOR('',#9757,10.);
#2563=VECTOR('',#9760,10.);
#2564=VECTOR('',#9763,10.);
#2565=VECTOR('',#9764,10.);
#2566=VECTOR('',#9765,10.);
#2567=VECTOR('',#9766,10.);
#2568=VECTOR('',#9767,10.);
#2569=VECTOR('',#9770,10.);
#2570=VECTOR('',#9771,10.);
#2571=VECTOR('',#9774,10.);
#2572=VECTOR('',#9775,10.);
#2573=VECTOR('',#9776,10.);
#2574=VECTOR('',#9777,10.);
#2575=VECTOR('',#9780,10.);
#2576=VECTOR('',#9781,10.);
#2577=VECTOR('',#9784,10.);
#2578=VECTOR('',#9787,10.);
#2579=VECTOR('',#9790,10.);
#2580=VECTOR('',#9793,10.);
#2581=VECTOR('',#9798,10.);
#2582=VECTOR('',#9801,10.);
#2583=VECTOR('',#9804,10.);
#2584=VECTOR('',#9807,10.);
#2585=VECTOR('',#9812,10.);
#2586=VECTOR('',#9815,10.);
#2587=VECTOR('',#9818,10.);
#2588=VECTOR('',#9821,10.);
#2589=VECTOR('',#9832,10.);
#2590=VECTOR('',#9835,10.);
#2591=VECTOR('',#9862,10.);
#2592=VECTOR('',#9863,10.);
#2593=VECTOR('',#9882,10.);
#2594=VECTOR('',#9883,10.);
#2595=VECTOR('',#9894,10.);
#2596=VECTOR('',#9895,10.);
#2597=VECTOR('',#9898,10.);
#2598=VECTOR('',#9899,10.);
#2599=VECTOR('',#9910,10.);
#2600=VECTOR('',#9911,10.);
#2601=VECTOR('',#9914,10.);
#2602=VECTOR('',#9915,10.);
#2603=VECTOR('',#9918,10.);
#2604=VECTOR('',#9919,10.);
#2605=VECTOR('',#9922,10.);
#2606=VECTOR('',#9923,10.);
#2607=VECTOR('',#9926,10.);
#2608=VECTOR('',#9927,10.);
#2609=VECTOR('',#9930,10.);
#2610=VECTOR('',#9931,10.);
#2611=VECTOR('',#9934,10.);
#2612=VECTOR('',#9935,10.);
#2613=VECTOR('',#9938,10.);
#2614=VECTOR('',#9939,10.);
#2615=VECTOR('',#9942,10.);
#2616=VECTOR('',#9943,10.);
#2617=VECTOR('',#9946,10.);
#2618=VECTOR('',#9947,10.);
#2619=VECTOR('',#9950,10.);
#2620=VECTOR('',#9951,10.);
#2621=VECTOR('',#9954,10.);
#2622=VECTOR('',#9957,10.);
#2623=VECTOR('',#9966,10.);
#2624=VECTOR('',#9967,10.);
#2625=VECTOR('',#9968,10.);
#2626=VECTOR('',#9969,10.);
#2627=VECTOR('',#9970,10.);
#2628=VECTOR('',#9971,10.);
#2629=VECTOR('',#9972,10.);
#2630=VECTOR('',#9973,10.);
#2631=VECTOR('',#9974,10.);
#2632=VECTOR('',#9975,10.);
#2633=VECTOR('',#9976,10.);
#2634=VECTOR('',#9977,10.);
#2635=VECTOR('',#9978,10.);
#2636=VECTOR('',#9979,10.);
#2637=VECTOR('',#9980,10.);
#2638=VECTOR('',#9981,10.);
#2639=VECTOR('',#9982,10.);
#2640=VECTOR('',#9983,10.);
#2641=VECTOR('',#9984,10.);
#2642=VECTOR('',#9985,10.);
#2643=VECTOR('',#9986,10.);
#2644=VECTOR('',#9987,10.);
#2645=VECTOR('',#9988,10.);
#2646=VECTOR('',#9989,10.);
#2647=VECTOR('',#9990,10.);
#2648=VECTOR('',#9991,10.);
#2649=VECTOR('',#9992,10.);
#2650=VECTOR('',#9993,10.);
#2651=VECTOR('',#9994,10.);
#2652=VECTOR('',#9995,10.);
#2653=VECTOR('',#9996,10.);
#2654=VECTOR('',#9997,10.);
#2655=VECTOR('',#9998,10.);
#2656=VECTOR('',#9999,10.);
#2657=VECTOR('',#10000,10.);
#2658=VECTOR('',#10001,10.);
#2659=VECTOR('',#10002,10.);
#2660=VECTOR('',#10003,10.);
#2661=VECTOR('',#10004,10.);
#2662=VECTOR('',#10005,10.);
#2663=VECTOR('',#10006,10.);
#2664=VECTOR('',#10007,10.);
#2665=VECTOR('',#10008,10.);
#2666=VECTOR('',#10009,10.);
#2667=VECTOR('',#10018,10.);
#2668=VECTOR('',#10025,10.);
#2669=VECTOR('',#10030,10.);
#2670=VECTOR('',#10035,10.);
#2671=VECTOR('',#10040,10.);
#2672=VECTOR('',#10049,10.);
#2673=VECTOR('',#10054,10.);
#2674=VECTOR('',#10059,10.);
#2675=VECTOR('',#10064,10.);
#2676=VECTOR('',#10069,10.);
#2677=VECTOR('',#10074,10.);
#2678=VECTOR('',#10079,10.);
#2679=VECTOR('',#10086,10.);
#2680=VECTOR('',#10091,10.);
#2681=VECTOR('',#10096,10.);
#2682=VECTOR('',#10101,10.);
#2683=VECTOR('',#10104,10.);
#2684=VECTOR('',#10113,10.);
#2685=VECTOR('',#10118,10.);
#2686=VECTOR('',#10123,10.);
#2687=VECTOR('',#10130,10.);
#2688=VECTOR('',#10135,10.);
#2689=VECTOR('',#10138,10.);
#2690=VECTOR('',#10143,10.);
#2691=VECTOR('',#10148,10.);
#2692=VECTOR('',#10153,10.);
#2693=VECTOR('',#10156,10.);
#2694=VECTOR('',#10161,10.);
#2695=VECTOR('',#10164,10.);
#2696=VECTOR('',#10169,10.);
#2697=VECTOR('',#10176,10.);
#2698=VECTOR('',#10181,10.);
#2699=VECTOR('',#10188,10.);
#2700=VECTOR('',#10193,10.);
#2701=VECTOR('',#10196,10.);
#2702=VECTOR('',#10201,10.);
#2703=VECTOR('',#10206,10.);
#2704=VECTOR('',#10211,10.);
#2705=VECTOR('',#10216,10.);
#2706=VECTOR('',#10221,10.);
#2707=VECTOR('',#10224,10.);
#2708=VECTOR('',#10229,10.);
#2709=VECTOR('',#10232,10.);
#2710=VECTOR('',#10237,10.);
#2711=VECTOR('',#10240,10.);
#2712=VECTOR('',#10241,10.);
#2713=VECTOR('',#10242,10.);
#2714=VECTOR('',#10245,10.);
#2715=VECTOR('',#10246,10.);
#2716=VECTOR('',#10249,10.);
#2717=VECTOR('',#10250,10.);
#2718=VECTOR('',#10253,10.);
#2719=VECTOR('',#10254,10.);
#2720=VECTOR('',#10257,10.);
#2721=VECTOR('',#10258,10.);
#2722=VECTOR('',#10261,10.);
#2723=VECTOR('',#10262,10.);
#2724=VECTOR('',#10265,10.);
#2725=VECTOR('',#10266,10.);
#2726=VECTOR('',#10269,10.);
#2727=VECTOR('',#10270,10.);
#2728=VECTOR('',#10273,10.);
#2729=VECTOR('',#10274,10.);
#2730=VECTOR('',#10277,10.);
#2731=VECTOR('',#10278,10.);
#2732=VECTOR('',#10281,10.);
#2733=VECTOR('',#10282,10.);
#2734=VECTOR('',#10285,10.);
#2735=VECTOR('',#10286,10.);
#2736=VECTOR('',#10289,10.);
#2737=VECTOR('',#10290,10.);
#2738=VECTOR('',#10293,10.);
#2739=VECTOR('',#10294,10.);
#2740=VECTOR('',#10297,10.);
#2741=VECTOR('',#10298,10.);
#2742=VECTOR('',#10301,10.);
#2743=VECTOR('',#10302,10.);
#2744=VECTOR('',#10305,10.);
#2745=VECTOR('',#10306,10.);
#2746=VECTOR('',#10309,10.);
#2747=VECTOR('',#10310,10.);
#2748=VECTOR('',#10313,10.);
#2749=VECTOR('',#10314,10.);
#2750=VECTOR('',#10317,10.);
#2751=VECTOR('',#10318,10.);
#2752=VECTOR('',#10321,10.);
#2753=VECTOR('',#10322,10.);
#2754=VECTOR('',#10325,10.);
#2755=VECTOR('',#10326,10.);
#2756=VECTOR('',#10329,10.);
#2757=VECTOR('',#10330,10.);
#2758=VECTOR('',#10335,10.);
#2759=VECTOR('',#10336,10.);
#2760=VECTOR('',#10337,10.);
#2761=VECTOR('',#10340,10.);
#2762=VECTOR('',#10341,10.);
#2763=VECTOR('',#10342,10.);
#2764=VECTOR('',#10345,10.);
#2765=VECTOR('',#10346,10.);
#2766=VECTOR('',#10349,10.);
#2767=VECTOR('',#10350,10.);
#2768=VECTOR('',#10353,10.);
#2769=VECTOR('',#10354,10.);
#2770=VECTOR('',#10357,10.);
#2771=VECTOR('',#10358,10.);
#2772=VECTOR('',#10361,10.);
#2773=VECTOR('',#10364,10.);
#2774=VECTOR('',#10365,10.);
#2775=VECTOR('',#10366,10.);
#2776=VECTOR('',#10369,10.);
#2777=VECTOR('',#10370,10.);
#2778=VECTOR('',#10371,10.);
#2779=VECTOR('',#10374,10.);
#2780=VECTOR('',#10375,10.);
#2781=VECTOR('',#10378,10.);
#2782=VECTOR('',#10379,10.);
#2783=VECTOR('',#10382,10.);
#2784=VECTOR('',#10383,10.);
#2785=VECTOR('',#10386,10.);
#2786=VECTOR('',#10387,10.);
#2787=VECTOR('',#10390,10.);
#2788=VECTOR('',#10393,10.);
#2789=VECTOR('',#10394,10.);
#2790=VECTOR('',#10397,10.);
#2791=VECTOR('',#10400,10.);
#2792=VECTOR('',#10403,10.);
#2793=VECTOR('',#10404,10.);
#2794=VECTOR('',#10407,10.);
#2795=VECTOR('',#10408,10.);
#2796=VECTOR('',#10409,10.);
#2797=VECTOR('',#10412,10.);
#2798=VECTOR('',#10413,10.);
#2799=VECTOR('',#10414,10.);
#2800=VECTOR('',#10417,10.);
#2801=VECTOR('',#10420,10.);
#2802=CIRCLE('',#7499,0.2);
#2803=CIRCLE('',#7500,0.2);
#2804=CIRCLE('',#7503,0.15);
#2805=CIRCLE('',#7504,0.2);
#2806=CIRCLE('',#7506,0.2);
#2807=CIRCLE('',#7509,0.2);
#2808=CIRCLE('',#7510,0.2);
#2809=CIRCLE('',#7513,0.2);
#2810=CIRCLE('',#7514,0.2);
#2811=CIRCLE('',#7517,0.2);
#2812=CIRCLE('',#7518,0.2);
#2813=CIRCLE('',#7520,0.2);
#2814=CIRCLE('',#7523,0.2);
#2815=CIRCLE('',#7527,0.2);
#2816=CIRCLE('',#7532,0.2);
#2817=CIRCLE('',#7536,0.5);
#2818=CIRCLE('',#7547,0.250000000000001);
#2819=CIRCLE('',#7548,0.5);
#2820=CIRCLE('',#7552,0.25);
#2821=CIRCLE('',#7554,0.5);
#2822=CIRCLE('',#7556,0.25);
#2823=CIRCLE('',#7557,0.500000000000001);
#2824=CIRCLE('',#7559,0.250000000000001);
#2825=CIRCLE('',#7565,0.5);
#2826=CIRCLE('',#7568,0.499999999999999);
#2827=CIRCLE('',#7569,0.249999999999999);
#2828=CIRCLE('',#7571,0.499999999999999);
#2829=CIRCLE('',#7575,0.249999999999999);
#2830=CIRCLE('',#7577,0.499999999999999);
#2831=CIRCLE('',#7578,0.499999999999999);
#2832=CIRCLE('',#7580,0.249999999999999);
#2833=CIRCLE('',#7584,0.25);
#2834=CIRCLE('',#7586,0.5);
#2835=CIRCLE('',#7589,0.15);
#2836=CIRCLE('',#7599,0.2);
#2837=CIRCLE('',#7600,0.2);
#2838=CIRCLE('',#7603,0.15);
#2839=CIRCLE('',#7604,0.2);
#2840=CIRCLE('',#7606,0.2);
#2841=CIRCLE('',#7609,0.2);
#2842=CIRCLE('',#7610,0.2);
#2843=CIRCLE('',#7613,0.2);
#2844=CIRCLE('',#7614,0.2);
#2845=CIRCLE('',#7617,0.2);
#2846=CIRCLE('',#7618,0.2);
#2847=CIRCLE('',#7620,0.2);
#2848=CIRCLE('',#7623,0.2);
#2849=CIRCLE('',#7627,0.2);
#2850=CIRCLE('',#7632,0.2);
#2851=CIRCLE('',#7636,0.5);
#2852=CIRCLE('',#7647,0.250000000000001);
#2853=CIRCLE('',#7648,0.5);
#2854=CIRCLE('',#7652,0.25);
#2855=CIRCLE('',#7654,0.5);
#2856=CIRCLE('',#7656,0.25);
#2857=CIRCLE('',#7657,0.500000000000001);
#2858=CIRCLE('',#7659,0.250000000000001);
#2859=CIRCLE('',#7665,0.5);
#2860=CIRCLE('',#7668,0.499999999999999);
#2861=CIRCLE('',#7669,0.249999999999999);
#2862=CIRCLE('',#7671,0.499999999999999);
#2863=CIRCLE('',#7675,0.249999999999999);
#2864=CIRCLE('',#7677,0.499999999999999);
#2865=CIRCLE('',#7678,0.499999999999999);
#2866=CIRCLE('',#7680,0.249999999999999);
#2867=CIRCLE('',#7684,0.25);
#2868=CIRCLE('',#7686,0.5);
#2869=CIRCLE('',#7689,0.15);
#2870=CIRCLE('',#7699,0.2);
#2871=CIRCLE('',#7700,0.2);
#2872=CIRCLE('',#7703,0.15);
#2873=CIRCLE('',#7704,0.2);
#2874=CIRCLE('',#7706,0.2);
#2875=CIRCLE('',#7709,0.2);
#2876=CIRCLE('',#7710,0.2);
#2877=CIRCLE('',#7713,0.2);
#2878=CIRCLE('',#7714,0.2);
#2879=CIRCLE('',#7717,0.2);
#2880=CIRCLE('',#7718,0.2);
#2881=CIRCLE('',#7720,0.2);
#2882=CIRCLE('',#7723,0.2);
#2883=CIRCLE('',#7727,0.2);
#2884=CIRCLE('',#7732,0.2);
#2885=CIRCLE('',#7736,0.5);
#2886=CIRCLE('',#7747,0.250000000000001);
#2887=CIRCLE('',#7748,0.5);
#2888=CIRCLE('',#7752,0.25);
#2889=CIRCLE('',#7754,0.5);
#2890=CIRCLE('',#7756,0.25);
#2891=CIRCLE('',#7757,0.500000000000001);
#2892=CIRCLE('',#7759,0.250000000000001);
#2893=CIRCLE('',#7765,0.5);
#2894=CIRCLE('',#7768,0.499999999999999);
#2895=CIRCLE('',#7769,0.249999999999999);
#2896=CIRCLE('',#7771,0.499999999999999);
#2897=CIRCLE('',#7775,0.249999999999999);
#2898=CIRCLE('',#7777,0.499999999999999);
#2899=CIRCLE('',#7778,0.499999999999999);
#2900=CIRCLE('',#7780,0.249999999999999);
#2901=CIRCLE('',#7784,0.25);
#2902=CIRCLE('',#7786,0.5);
#2903=CIRCLE('',#7789,0.15);
#2904=CIRCLE('',#7799,0.2);
#2905=CIRCLE('',#7800,0.2);
#2906=CIRCLE('',#7803,0.15);
#2907=CIRCLE('',#7804,0.2);
#2908=CIRCLE('',#7806,0.2);
#2909=CIRCLE('',#7809,0.2);
#2910=CIRCLE('',#7810,0.2);
#2911=CIRCLE('',#7813,0.2);
#2912=CIRCLE('',#7814,0.2);
#2913=CIRCLE('',#7817,0.2);
#2914=CIRCLE('',#7818,0.2);
#2915=CIRCLE('',#7820,0.2);
#2916=CIRCLE('',#7823,0.2);
#2917=CIRCLE('',#7827,0.2);
#2918=CIRCLE('',#7832,0.2);
#2919=CIRCLE('',#7836,0.5);
#2920=CIRCLE('',#7847,0.250000000000001);
#2921=CIRCLE('',#7848,0.5);
#2922=CIRCLE('',#7852,0.25);
#2923=CIRCLE('',#7854,0.5);
#2924=CIRCLE('',#7856,0.25);
#2925=CIRCLE('',#7857,0.500000000000001);
#2926=CIRCLE('',#7859,0.250000000000001);
#2927=CIRCLE('',#7865,0.5);
#2928=CIRCLE('',#7868,0.499999999999999);
#2929=CIRCLE('',#7869,0.249999999999999);
#2930=CIRCLE('',#7871,0.499999999999999);
#2931=CIRCLE('',#7875,0.249999999999999);
#2932=CIRCLE('',#7877,0.499999999999999);
#2933=CIRCLE('',#7878,0.499999999999999);
#2934=CIRCLE('',#7880,0.249999999999999);
#2935=CIRCLE('',#7884,0.25);
#2936=CIRCLE('',#7886,0.5);
#2937=CIRCLE('',#7889,0.15);
#2938=CIRCLE('',#7899,0.2);
#2939=CIRCLE('',#7900,0.2);
#2940=CIRCLE('',#7903,0.15);
#2941=CIRCLE('',#7904,0.2);
#2942=CIRCLE('',#7906,0.2);
#2943=CIRCLE('',#7909,0.2);
#2944=CIRCLE('',#7910,0.2);
#2945=CIRCLE('',#7913,0.2);
#2946=CIRCLE('',#7914,0.2);
#2947=CIRCLE('',#7917,0.2);
#2948=CIRCLE('',#7918,0.2);
#2949=CIRCLE('',#7920,0.2);
#2950=CIRCLE('',#7923,0.2);
#2951=CIRCLE('',#7927,0.2);
#2952=CIRCLE('',#7932,0.2);
#2953=CIRCLE('',#7936,0.5);
#2954=CIRCLE('',#7947,0.250000000000001);
#2955=CIRCLE('',#7948,0.5);
#2956=CIRCLE('',#7952,0.25);
#2957=CIRCLE('',#7954,0.5);
#2958=CIRCLE('',#7956,0.25);
#2959=CIRCLE('',#7957,0.500000000000001);
#2960=CIRCLE('',#7959,0.250000000000001);
#2961=CIRCLE('',#7965,0.5);
#2962=CIRCLE('',#7968,0.499999999999999);
#2963=CIRCLE('',#7969,0.249999999999999);
#2964=CIRCLE('',#7971,0.499999999999999);
#2965=CIRCLE('',#7975,0.249999999999999);
#2966=CIRCLE('',#7977,0.499999999999999);
#2967=CIRCLE('',#7978,0.499999999999999);
#2968=CIRCLE('',#7980,0.249999999999999);
#2969=CIRCLE('',#7984,0.25);
#2970=CIRCLE('',#7986,0.5);
#2971=CIRCLE('',#7989,0.15);
#2972=CIRCLE('',#8005,0.0899999999999967);
#2973=CIRCLE('',#8006,0.0900000000000002);
#2974=CIRCLE('',#8007,0.0899999999999994);
#2975=CIRCLE('',#8037,0.1);
#2976=CIRCLE('',#8038,0.1);
#2977=CIRCLE('',#8039,0.1);
#2978=CIRCLE('',#8043,0.1);
#2979=CIRCLE('',#8044,0.1);
#2980=CIRCLE('',#8045,0.1);
#2981=CIRCLE('',#8047,0.1);
#2982=CIRCLE('',#8048,0.1);
#2983=CIRCLE('',#8049,0.1);
#2984=CIRCLE('',#8051,0.0999999999999998);
#2985=CIRCLE('',#8052,0.1);
#2986=CIRCLE('',#8053,0.1);
#2987=CIRCLE('',#8056,0.1);
#2988=CIRCLE('',#8057,0.1);
#2989=CIRCLE('',#8058,0.1);
#2990=CIRCLE('',#8060,0.1);
#2991=CIRCLE('',#8061,0.1);
#2992=CIRCLE('',#8062,0.1);
#2993=CIRCLE('',#8065,0.1);
#2994=CIRCLE('',#8066,0.1);
#2995=CIRCLE('',#8067,0.1);
#2996=CIRCLE('',#8071,0.1);
#2997=CIRCLE('',#8072,0.1);
#2998=CIRCLE('',#8073,0.1);
#2999=VERTEX_POINT('',#10432);
#3000=VERTEX_POINT('',#10433);
#3001=VERTEX_POINT('',#10435);
#3002=VERTEX_POINT('',#10437);
#3003=VERTEX_POINT('',#10441);
#3004=VERTEX_POINT('',#10443);
#3005=VERTEX_POINT('',#10445);
#3006=VERTEX_POINT('',#10449);
#3007=VERTEX_POINT('',#10451);
#3008=VERTEX_POINT('',#10453);
#3009=VERTEX_POINT('',#10455);
#3010=VERTEX_POINT('',#10457);
#3011=VERTEX_POINT('',#10461);
#3012=VERTEX_POINT('',#10463);
#3013=VERTEX_POINT('',#10467);
#3014=VERTEX_POINT('',#10469);
#3015=VERTEX_POINT('',#10473);
#3016=VERTEX_POINT('',#10474);
#3017=VERTEX_POINT('',#10476);
#3018=VERTEX_POINT('',#10478);
#3019=VERTEX_POINT('',#10482);
#3020=VERTEX_POINT('',#10484);
#3021=VERTEX_POINT('',#10488);
#3022=VERTEX_POINT('',#10490);
#3023=VERTEX_POINT('',#10494);
#3024=VERTEX_POINT('',#10496);
#3025=VERTEX_POINT('',#10500);
#3026=VERTEX_POINT('',#10502);
#3027=VERTEX_POINT('',#10504);
#3028=VERTEX_POINT('',#10506);
#3029=VERTEX_POINT('',#10508);
#3030=VERTEX_POINT('',#10512);
#3031=VERTEX_POINT('',#10513);
#3032=VERTEX_POINT('',#10518);
#3033=VERTEX_POINT('',#10522);
#3034=VERTEX_POINT('',#10526);
#3035=VERTEX_POINT('',#10533);
#3036=VERTEX_POINT('',#10535);
#3037=VERTEX_POINT('',#10537);
#3038=VERTEX_POINT('',#10550);
#3039=VERTEX_POINT('',#10552);
#3040=VERTEX_POINT('',#10565);
#3041=VERTEX_POINT('',#10567);
#3042=VERTEX_POINT('',#10571);
#3043=VERTEX_POINT('',#10573);
#3044=VERTEX_POINT('',#10575);
#3045=VERTEX_POINT('',#10588);
#3046=VERTEX_POINT('',#10589);
#3047=VERTEX_POINT('',#10605);
#3048=VERTEX_POINT('',#10606);
#3049=VERTEX_POINT('',#10615);
#3050=VERTEX_POINT('',#10617);
#3051=VERTEX_POINT('',#10624);
#3052=VERTEX_POINT('',#10626);
#3053=VERTEX_POINT('',#10630);
#3054=VERTEX_POINT('',#10632);
#3055=VERTEX_POINT('',#10636);
#3056=VERTEX_POINT('',#10638);
#3057=VERTEX_POINT('',#10640);
#3058=VERTEX_POINT('',#10653);
#3059=VERTEX_POINT('',#10662);
#3060=VERTEX_POINT('',#10666);
#3061=VERTEX_POINT('',#10667);
#3062=VERTEX_POINT('',#10669);
#3063=VERTEX_POINT('',#10671);
#3064=VERTEX_POINT('',#10675);
#3065=VERTEX_POINT('',#10677);
#3066=VERTEX_POINT('',#10679);
#3067=VERTEX_POINT('',#10683);
#3068=VERTEX_POINT('',#10685);
#3069=VERTEX_POINT('',#10690);
#3070=VERTEX_POINT('',#10694);
#3071=VERTEX_POINT('',#10698);
#3072=VERTEX_POINT('',#10700);
#3073=VERTEX_POINT('',#10704);
#3074=VERTEX_POINT('',#10706);
#3075=VERTEX_POINT('',#10715);
#3076=VERTEX_POINT('',#10717);
#3077=VERTEX_POINT('',#10721);
#3078=VERTEX_POINT('',#10723);
#3079=VERTEX_POINT('',#10734);
#3080=VERTEX_POINT('',#10750);
#3081=VERTEX_POINT('',#10762);
#3082=VERTEX_POINT('',#10764);
#3083=VERTEX_POINT('',#10778);
#3084=VERTEX_POINT('',#10779);
#3085=VERTEX_POINT('',#10781);
#3086=VERTEX_POINT('',#10783);
#3087=VERTEX_POINT('',#10787);
#3088=VERTEX_POINT('',#10789);
#3089=VERTEX_POINT('',#10791);
#3090=VERTEX_POINT('',#10795);
#3091=VERTEX_POINT('',#10797);
#3092=VERTEX_POINT('',#10799);
#3093=VERTEX_POINT('',#10801);
#3094=VERTEX_POINT('',#10803);
#3095=VERTEX_POINT('',#10807);
#3096=VERTEX_POINT('',#10809);
#3097=VERTEX_POINT('',#10813);
#3098=VERTEX_POINT('',#10815);
#3099=VERTEX_POINT('',#10819);
#3100=VERTEX_POINT('',#10820);
#3101=VERTEX_POINT('',#10822);
#3102=VERTEX_POINT('',#10824);
#3103=VERTEX_POINT('',#10828);
#3104=VERTEX_POINT('',#10830);
#3105=VERTEX_POINT('',#10834);
#3106=VERTEX_POINT('',#10836);
#3107=VERTEX_POINT('',#10840);
#3108=VERTEX_POINT('',#10842);
#3109=VERTEX_POINT('',#10846);
#3110=VERTEX_POINT('',#10848);
#3111=VERTEX_POINT('',#10850);
#3112=VERTEX_POINT('',#10852);
#3113=VERTEX_POINT('',#10854);
#3114=VERTEX_POINT('',#10858);
#3115=VERTEX_POINT('',#10859);
#3116=VERTEX_POINT('',#10864);
#3117=VERTEX_POINT('',#10868);
#3118=VERTEX_POINT('',#10872);
#3119=VERTEX_POINT('',#10879);
#3120=VERTEX_POINT('',#10881);
#3121=VERTEX_POINT('',#10883);
#3122=VERTEX_POINT('',#10896);
#3123=VERTEX_POINT('',#10898);
#3124=VERTEX_POINT('',#10911);
#3125=VERTEX_POINT('',#10913);
#3126=VERTEX_POINT('',#10917);
#3127=VERTEX_POINT('',#10919);
#3128=VERTEX_POINT('',#10921);
#3129=VERTEX_POINT('',#10934);
#3130=VERTEX_POINT('',#10935);
#3131=VERTEX_POINT('',#10951);
#3132=VERTEX_POINT('',#10952);
#3133=VERTEX_POINT('',#10961);
#3134=VERTEX_POINT('',#10963);
#3135=VERTEX_POINT('',#10970);
#3136=VERTEX_POINT('',#10972);
#3137=VERTEX_POINT('',#10976);
#3138=VERTEX_POINT('',#10978);
#3139=VERTEX_POINT('',#10982);
#3140=VERTEX_POINT('',#10984);
#3141=VERTEX_POINT('',#10986);
#3142=VERTEX_POINT('',#10999);
#3143=VERTEX_POINT('',#11008);
#3144=VERTEX_POINT('',#11012);
#3145=VERTEX_POINT('',#11013);
#3146=VERTEX_POINT('',#11015);
#3147=VERTEX_POINT('',#11017);
#3148=VERTEX_POINT('',#11021);
#3149=VERTEX_POINT('',#11023);
#3150=VERTEX_POINT('',#11025);
#3151=VERTEX_POINT('',#11029);
#3152=VERTEX_POINT('',#11031);
#3153=VERTEX_POINT('',#11036);
#3154=VERTEX_POINT('',#11040);
#3155=VERTEX_POINT('',#11044);
#3156=VERTEX_POINT('',#11046);
#3157=VERTEX_POINT('',#11050);
#3158=VERTEX_POINT('',#11052);
#3159=VERTEX_POINT('',#11061);
#3160=VERTEX_POINT('',#11063);
#3161=VERTEX_POINT('',#11067);
#3162=VERTEX_POINT('',#11069);
#3163=VERTEX_POINT('',#11080);
#3164=VERTEX_POINT('',#11096);
#3165=VERTEX_POINT('',#11108);
#3166=VERTEX_POINT('',#11110);
#3167=VERTEX_POINT('',#11124);
#3168=VERTEX_POINT('',#11125);
#3169=VERTEX_POINT('',#11127);
#3170=VERTEX_POINT('',#11129);
#3171=VERTEX_POINT('',#11133);
#3172=VERTEX_POINT('',#11135);
#3173=VERTEX_POINT('',#11137);
#3174=VERTEX_POINT('',#11141);
#3175=VERTEX_POINT('',#11143);
#3176=VERTEX_POINT('',#11145);
#3177=VERTEX_POINT('',#11147);
#3178=VERTEX_POINT('',#11149);
#3179=VERTEX_POINT('',#11153);
#3180=VERTEX_POINT('',#11155);
#3181=VERTEX_POINT('',#11159);
#3182=VERTEX_POINT('',#11161);
#3183=VERTEX_POINT('',#11165);
#3184=VERTEX_POINT('',#11166);
#3185=VERTEX_POINT('',#11168);
#3186=VERTEX_POINT('',#11170);
#3187=VERTEX_POINT('',#11174);
#3188=VERTEX_POINT('',#11176);
#3189=VERTEX_POINT('',#11180);
#3190=VERTEX_POINT('',#11182);
#3191=VERTEX_POINT('',#11186);
#3192=VERTEX_POINT('',#11188);
#3193=VERTEX_POINT('',#11192);
#3194=VERTEX_POINT('',#11194);
#3195=VERTEX_POINT('',#11196);
#3196=VERTEX_POINT('',#11198);
#3197=VERTEX_POINT('',#11200);
#3198=VERTEX_POINT('',#11204);
#3199=VERTEX_POINT('',#11205);
#3200=VERTEX_POINT('',#11210);
#3201=VERTEX_POINT('',#11214);
#3202=VERTEX_POINT('',#11218);
#3203=VERTEX_POINT('',#11225);
#3204=VERTEX_POINT('',#11227);
#3205=VERTEX_POINT('',#11229);
#3206=VERTEX_POINT('',#11242);
#3207=VERTEX_POINT('',#11244);
#3208=VERTEX_POINT('',#11257);
#3209=VERTEX_POINT('',#11259);
#3210=VERTEX_POINT('',#11263);
#3211=VERTEX_POINT('',#11265);
#3212=VERTEX_POINT('',#11267);
#3213=VERTEX_POINT('',#11280);
#3214=VERTEX_POINT('',#11281);
#3215=VERTEX_POINT('',#11297);
#3216=VERTEX_POINT('',#11298);
#3217=VERTEX_POINT('',#11307);
#3218=VERTEX_POINT('',#11309);
#3219=VERTEX_POINT('',#11316);
#3220=VERTEX_POINT('',#11318);
#3221=VERTEX_POINT('',#11322);
#3222=VERTEX_POINT('',#11324);
#3223=VERTEX_POINT('',#11328);
#3224=VERTEX_POINT('',#11330);
#3225=VERTEX_POINT('',#11332);
#3226=VERTEX_POINT('',#11345);
#3227=VERTEX_POINT('',#11354);
#3228=VERTEX_POINT('',#11358);
#3229=VERTEX_POINT('',#11359);
#3230=VERTEX_POINT('',#11361);
#3231=VERTEX_POINT('',#11363);
#3232=VERTEX_POINT('',#11367);
#3233=VERTEX_POINT('',#11369);
#3234=VERTEX_POINT('',#11371);
#3235=VERTEX_POINT('',#11375);
#3236=VERTEX_POINT('',#11377);
#3237=VERTEX_POINT('',#11382);
#3238=VERTEX_POINT('',#11386);
#3239=VERTEX_POINT('',#11390);
#3240=VERTEX_POINT('',#11392);
#3241=VERTEX_POINT('',#11396);
#3242=VERTEX_POINT('',#11398);
#3243=VERTEX_POINT('',#11407);
#3244=VERTEX_POINT('',#11409);
#3245=VERTEX_POINT('',#11413);
#3246=VERTEX_POINT('',#11415);
#3247=VERTEX_POINT('',#11426);
#3248=VERTEX_POINT('',#11442);
#3249=VERTEX_POINT('',#11454);
#3250=VERTEX_POINT('',#11456);
#3251=VERTEX_POINT('',#11470);
#3252=VERTEX_POINT('',#11471);
#3253=VERTEX_POINT('',#11473);
#3254=VERTEX_POINT('',#11475);
#3255=VERTEX_POINT('',#11479);
#3256=VERTEX_POINT('',#11481);
#3257=VERTEX_POINT('',#11483);
#3258=VERTEX_POINT('',#11487);
#3259=VERTEX_POINT('',#11489);
#3260=VERTEX_POINT('',#11491);
#3261=VERTEX_POINT('',#11493);
#3262=VERTEX_POINT('',#11495);
#3263=VERTEX_POINT('',#11499);
#3264=VERTEX_POINT('',#11501);
#3265=VERTEX_POINT('',#11505);
#3266=VERTEX_POINT('',#11507);
#3267=VERTEX_POINT('',#11511);
#3268=VERTEX_POINT('',#11512);
#3269=VERTEX_POINT('',#11514);
#3270=VERTEX_POINT('',#11516);
#3271=VERTEX_POINT('',#11520);
#3272=VERTEX_POINT('',#11522);
#3273=VERTEX_POINT('',#11526);
#3274=VERTEX_POINT('',#11528);
#3275=VERTEX_POINT('',#11532);
#3276=VERTEX_POINT('',#11534);
#3277=VERTEX_POINT('',#11538);
#3278=VERTEX_POINT('',#11540);
#3279=VERTEX_POINT('',#11542);
#3280=VERTEX_POINT('',#11544);
#3281=VERTEX_POINT('',#11546);
#3282=VERTEX_POINT('',#11550);
#3283=VERTEX_POINT('',#11551);
#3284=VERTEX_POINT('',#11556);
#3285=VERTEX_POINT('',#11560);
#3286=VERTEX_POINT('',#11564);
#3287=VERTEX_POINT('',#11571);
#3288=VERTEX_POINT('',#11573);
#3289=VERTEX_POINT('',#11575);
#3290=VERTEX_POINT('',#11588);
#3291=VERTEX_POINT('',#11590);
#3292=VERTEX_POINT('',#11603);
#3293=VERTEX_POINT('',#11605);
#3294=VERTEX_POINT('',#11609);
#3295=VERTEX_POINT('',#11611);
#3296=VERTEX_POINT('',#11613);
#3297=VERTEX_POINT('',#11626);
#3298=VERTEX_POINT('',#11627);
#3299=VERTEX_POINT('',#11643);
#3300=VERTEX_POINT('',#11644);
#3301=VERTEX_POINT('',#11653);
#3302=VERTEX_POINT('',#11655);
#3303=VERTEX_POINT('',#11662);
#3304=VERTEX_POINT('',#11664);
#3305=VERTEX_POINT('',#11668);
#3306=VERTEX_POINT('',#11670);
#3307=VERTEX_POINT('',#11674);
#3308=VERTEX_POINT('',#11676);
#3309=VERTEX_POINT('',#11678);
#3310=VERTEX_POINT('',#11691);
#3311=VERTEX_POINT('',#11700);
#3312=VERTEX_POINT('',#11704);
#3313=VERTEX_POINT('',#11705);
#3314=VERTEX_POINT('',#11707);
#3315=VERTEX_POINT('',#11709);
#3316=VERTEX_POINT('',#11713);
#3317=VERTEX_POINT('',#11715);
#3318=VERTEX_POINT('',#11717);
#3319=VERTEX_POINT('',#11721);
#3320=VERTEX_POINT('',#11723);
#3321=VERTEX_POINT('',#11728);
#3322=VERTEX_POINT('',#11732);
#3323=VERTEX_POINT('',#11736);
#3324=VERTEX_POINT('',#11738);
#3325=VERTEX_POINT('',#11742);
#3326=VERTEX_POINT('',#11744);
#3327=VERTEX_POINT('',#11753);
#3328=VERTEX_POINT('',#11755);
#3329=VERTEX_POINT('',#11759);
#3330=VERTEX_POINT('',#11761);
#3331=VERTEX_POINT('',#11772);
#3332=VERTEX_POINT('',#11788);
#3333=VERTEX_POINT('',#11800);
#3334=VERTEX_POINT('',#11802);
#3335=VERTEX_POINT('',#11816);
#3336=VERTEX_POINT('',#11817);
#3337=VERTEX_POINT('',#11819);
#3338=VERTEX_POINT('',#11821);
#3339=VERTEX_POINT('',#11825);
#3340=VERTEX_POINT('',#11827);
#3341=VERTEX_POINT('',#11829);
#3342=VERTEX_POINT('',#11833);
#3343=VERTEX_POINT('',#11835);
#3344=VERTEX_POINT('',#11837);
#3345=VERTEX_POINT('',#11839);
#3346=VERTEX_POINT('',#11841);
#3347=VERTEX_POINT('',#11845);
#3348=VERTEX_POINT('',#11847);
#3349=VERTEX_POINT('',#11851);
#3350=VERTEX_POINT('',#11853);
#3351=VERTEX_POINT('',#11857);
#3352=VERTEX_POINT('',#11858);
#3353=VERTEX_POINT('',#11860);
#3354=VERTEX_POINT('',#11862);
#3355=VERTEX_POINT('',#11866);
#3356=VERTEX_POINT('',#11868);
#3357=VERTEX_POINT('',#11872);
#3358=VERTEX_POINT('',#11874);
#3359=VERTEX_POINT('',#11878);
#3360=VERTEX_POINT('',#11880);
#3361=VERTEX_POINT('',#11884);
#3362=VERTEX_POINT('',#11886);
#3363=VERTEX_POINT('',#11888);
#3364=VERTEX_POINT('',#11890);
#3365=VERTEX_POINT('',#11892);
#3366=VERTEX_POINT('',#11896);
#3367=VERTEX_POINT('',#11897);
#3368=VERTEX_POINT('',#11902);
#3369=VERTEX_POINT('',#11906);
#3370=VERTEX_POINT('',#11910);
#3371=VERTEX_POINT('',#11917);
#3372=VERTEX_POINT('',#11919);
#3373=VERTEX_POINT('',#11921);
#3374=VERTEX_POINT('',#11934);
#3375=VERTEX_POINT('',#11936);
#3376=VERTEX_POINT('',#11949);
#3377=VERTEX_POINT('',#11951);
#3378=VERTEX_POINT('',#11955);
#3379=VERTEX_POINT('',#11957);
#3380=VERTEX_POINT('',#11959);
#3381=VERTEX_POINT('',#11972);
#3382=VERTEX_POINT('',#11973);
#3383=VERTEX_POINT('',#11989);
#3384=VERTEX_POINT('',#11990);
#3385=VERTEX_POINT('',#11999);
#3386=VERTEX_POINT('',#12001);
#3387=VERTEX_POINT('',#12008);
#3388=VERTEX_POINT('',#12010);
#3389=VERTEX_POINT('',#12014);
#3390=VERTEX_POINT('',#12016);
#3391=VERTEX_POINT('',#12020);
#3392=VERTEX_POINT('',#12022);
#3393=VERTEX_POINT('',#12024);
#3394=VERTEX_POINT('',#12037);
#3395=VERTEX_POINT('',#12046);
#3396=VERTEX_POINT('',#12050);
#3397=VERTEX_POINT('',#12051);
#3398=VERTEX_POINT('',#12053);
#3399=VERTEX_POINT('',#12055);
#3400=VERTEX_POINT('',#12059);
#3401=VERTEX_POINT('',#12061);
#3402=VERTEX_POINT('',#12063);
#3403=VERTEX_POINT('',#12067);
#3404=VERTEX_POINT('',#12069);
#3405=VERTEX_POINT('',#12074);
#3406=VERTEX_POINT('',#12078);
#3407=VERTEX_POINT('',#12082);
#3408=VERTEX_POINT('',#12084);
#3409=VERTEX_POINT('',#12088);
#3410=VERTEX_POINT('',#12090);
#3411=VERTEX_POINT('',#12099);
#3412=VERTEX_POINT('',#12101);
#3413=VERTEX_POINT('',#12105);
#3414=VERTEX_POINT('',#12107);
#3415=VERTEX_POINT('',#12118);
#3416=VERTEX_POINT('',#12134);
#3417=VERTEX_POINT('',#12146);
#3418=VERTEX_POINT('',#12148);
#3419=VERTEX_POINT('',#12163);
#3420=VERTEX_POINT('',#12164);
#3421=VERTEX_POINT('',#12166);
#3422=VERTEX_POINT('',#12168);
#3423=VERTEX_POINT('',#12179);
#3424=VERTEX_POINT('',#12188);
#3425=VERTEX_POINT('',#12211);
#3426=VERTEX_POINT('',#12213);
#3427=VERTEX_POINT('',#12215);
#3428=VERTEX_POINT('',#12219);
#3429=VERTEX_POINT('',#12227);
#3430=VERTEX_POINT('',#12260);
#3431=VERTEX_POINT('',#12277);
#3432=VERTEX_POINT('',#12333);
#3433=VERTEX_POINT('',#12335);
#3434=VERTEX_POINT('',#12350);
#3435=VERTEX_POINT('',#12352);
#3436=VERTEX_POINT('',#12441);
#3437=VERTEX_POINT('',#12443);
#3438=VERTEX_POINT('',#12447);
#3439=VERTEX_POINT('',#12449);
#3440=VERTEX_POINT('',#12451);
#3441=VERTEX_POINT('',#12453);
#3442=VERTEX_POINT('',#12494);
#3443=VERTEX_POINT('',#12524);
#3444=VERTEX_POINT('',#12530);
#3445=VERTEX_POINT('',#12532);
#3446=VERTEX_POINT('',#12545);
#3447=VERTEX_POINT('',#12547);
#3448=VERTEX_POINT('',#12555);
#3449=VERTEX_POINT('',#12570);
#3450=VERTEX_POINT('',#12587);
#3451=VERTEX_POINT('',#12604);
#3452=VERTEX_POINT('',#12612);
#3453=VERTEX_POINT('',#12620);
#3454=VERTEX_POINT('',#12621);
#3455=VERTEX_POINT('',#12623);
#3456=VERTEX_POINT('',#12625);
#3457=VERTEX_POINT('',#12629);
#3458=VERTEX_POINT('',#12631);
#3459=VERTEX_POINT('',#12635);
#3460=VERTEX_POINT('',#12636);
#3461=VERTEX_POINT('',#12638);
#3462=VERTEX_POINT('',#12640);
#3463=VERTEX_POINT('',#12644);
#3464=VERTEX_POINT('',#12646);
#3465=VERTEX_POINT('',#12650);
#3466=VERTEX_POINT('',#12652);
#3467=VERTEX_POINT('',#12656);
#3468=VERTEX_POINT('',#12657);
#3469=VERTEX_POINT('',#12659);
#3470=VERTEX_POINT('',#12663);
#3471=VERTEX_POINT('',#12665);
#3472=VERTEX_POINT('',#12669);
#3473=VERTEX_POINT('',#12670);
#3474=VERTEX_POINT('',#12672);
#3475=VERTEX_POINT('',#12676);
#3476=VERTEX_POINT('',#12677);
#3477=VERTEX_POINT('',#12679);
#3478=VERTEX_POINT('',#12683);
#3479=VERTEX_POINT('',#12684);
#3480=VERTEX_POINT('',#12686);
#3481=VERTEX_POINT('',#12693);
#3482=VERTEX_POINT('',#12694);
#3483=VERTEX_POINT('',#12696);
#3484=VERTEX_POINT('',#12700);
#3485=VERTEX_POINT('',#12701);
#3486=VERTEX_POINT('',#12703);
#3487=VERTEX_POINT('',#12710);
#3488=VERTEX_POINT('',#12711);
#3489=VERTEX_POINT('',#12713);
#3490=VERTEX_POINT('',#12723);
#3491=VERTEX_POINT('',#12724);
#3492=VERTEX_POINT('',#12726);
#3493=VERTEX_POINT('',#12770);
#3494=VERTEX_POINT('',#12771);
#3495=VERTEX_POINT('',#12773);
#3496=VERTEX_POINT('',#12775);
#3497=VERTEX_POINT('',#12777);
#3498=VERTEX_POINT('',#12779);
#3499=VERTEX_POINT('',#12781);
#3500=VERTEX_POINT('',#12783);
#3501=VERTEX_POINT('',#12785);
#3502=VERTEX_POINT('',#12787);
#3503=VERTEX_POINT('',#12789);
#3504=VERTEX_POINT('',#12791);
#3505=VERTEX_POINT('',#12793);
#3506=VERTEX_POINT('',#12795);
#3507=VERTEX_POINT('',#12797);
#3508=VERTEX_POINT('',#12799);
#3509=VERTEX_POINT('',#12801);
#3510=VERTEX_POINT('',#12803);
#3511=VERTEX_POINT('',#12805);
#3512=VERTEX_POINT('',#12807);
#3513=VERTEX_POINT('',#12809);
#3514=VERTEX_POINT('',#12811);
#3515=VERTEX_POINT('',#12813);
#3516=VERTEX_POINT('',#12815);
#3517=VERTEX_POINT('',#12817);
#3518=VERTEX_POINT('',#12819);
#3519=VERTEX_POINT('',#12821);
#3520=VERTEX_POINT('',#12823);
#3521=VERTEX_POINT('',#12825);
#3522=VERTEX_POINT('',#12827);
#3523=VERTEX_POINT('',#12829);
#3524=VERTEX_POINT('',#12831);
#3525=VERTEX_POINT('',#12833);
#3526=VERTEX_POINT('',#12835);
#3527=VERTEX_POINT('',#12837);
#3528=VERTEX_POINT('',#12839);
#3529=VERTEX_POINT('',#12841);
#3530=VERTEX_POINT('',#12843);
#3531=VERTEX_POINT('',#12845);
#3532=VERTEX_POINT('',#12847);
#3533=VERTEX_POINT('',#12849);
#3534=VERTEX_POINT('',#12851);
#3535=VERTEX_POINT('',#12853);
#3536=VERTEX_POINT('',#12855);
#3537=VERTEX_POINT('',#12861);
#3538=VERTEX_POINT('',#12863);
#3539=VERTEX_POINT('',#12867);
#3540=VERTEX_POINT('',#12871);
#3541=VERTEX_POINT('',#12875);
#3542=VERTEX_POINT('',#12877);
#3543=VERTEX_POINT('',#12881);
#3544=VERTEX_POINT('',#12882);
#3545=VERTEX_POINT('',#12887);
#3546=VERTEX_POINT('',#12891);
#3547=VERTEX_POINT('',#12895);
#3548=VERTEX_POINT('',#12899);
#3549=VERTEX_POINT('',#12903);
#3550=VERTEX_POINT('',#12907);
#3551=VERTEX_POINT('',#12911);
#3552=VERTEX_POINT('',#12913);
#3553=VERTEX_POINT('',#12917);
#3554=VERTEX_POINT('',#12921);
#3555=VERTEX_POINT('',#12925);
#3556=VERTEX_POINT('',#12929);
#3557=VERTEX_POINT('',#12933);
#3558=VERTEX_POINT('',#12934);
#3559=VERTEX_POINT('',#12939);
#3560=VERTEX_POINT('',#12943);
#3561=VERTEX_POINT('',#12947);
#3562=VERTEX_POINT('',#12949);
#3563=VERTEX_POINT('',#12953);
#3564=VERTEX_POINT('',#12957);
#3565=VERTEX_POINT('',#12961);
#3566=VERTEX_POINT('',#12965);
#3567=VERTEX_POINT('',#12969);
#3568=VERTEX_POINT('',#12975);
#3569=VERTEX_POINT('',#12981);
#3570=VERTEX_POINT('',#12985);
#3571=VERTEX_POINT('',#12987);
#3572=VERTEX_POINT('',#12991);
#3573=VERTEX_POINT('',#12995);
#3574=VERTEX_POINT('',#12996);
#3575=VERTEX_POINT('',#13001);
#3576=VERTEX_POINT('',#13007);
#3577=VERTEX_POINT('',#13011);
#3578=VERTEX_POINT('',#13015);
#3579=VERTEX_POINT('',#13019);
#3580=VERTEX_POINT('',#13023);
#3581=VERTEX_POINT('',#13029);
#3582=VERTEX_POINT('',#13035);
#3583=VERTEX_POINT('',#13041);
#3584=VERTEX_POINT('',#13043);
#3585=VERTEX_POINT('',#13047);
#3586=VERTEX_POINT('',#13051);
#3587=VERTEX_POINT('',#13055);
#3588=VERTEX_POINT('',#13059);
#3589=VERTEX_POINT('',#13063);
#3590=VERTEX_POINT('',#13067);
#3591=VERTEX_POINT('',#13071);
#3592=VERTEX_POINT('',#13075);
#3593=VERTEX_POINT('',#13079);
#3594=VERTEX_POINT('',#13083);
#3595=VERTEX_POINT('',#13087);
#3596=VERTEX_POINT('',#13091);
#3597=VERTEX_POINT('',#13095);
#3598=VERTEX_POINT('',#13099);
#3599=VERTEX_POINT('',#13103);
#3600=VERTEX_POINT('',#13107);
#3601=VERTEX_POINT('',#13111);
#3602=VERTEX_POINT('',#13115);
#3603=VERTEX_POINT('',#13119);
#3604=VERTEX_POINT('',#13123);
#3605=VERTEX_POINT('',#13127);
#3606=VERTEX_POINT('',#13131);
#3607=VERTEX_POINT('',#13136);
#3608=VERTEX_POINT('',#13138);
#3609=VERTEX_POINT('',#13142);
#3610=VERTEX_POINT('',#13144);
#3611=VERTEX_POINT('',#13148);
#3612=VERTEX_POINT('',#13152);
#3613=VERTEX_POINT('',#13156);
#3614=VERTEX_POINT('',#13160);
#3615=VERTEX_POINT('',#13166);
#3616=VERTEX_POINT('',#13168);
#3617=VERTEX_POINT('',#13172);
#3618=VERTEX_POINT('',#13174);
#3619=VERTEX_POINT('',#13178);
#3620=VERTEX_POINT('',#13182);
#3621=VERTEX_POINT('',#13186);
#3622=VERTEX_POINT('',#13190);
#3623=VERTEX_POINT('',#13196);
#3624=VERTEX_POINT('',#13204);
#3625=VERTEX_POINT('',#13208);
#3626=VERTEX_POINT('',#13210);
#3627=VERTEX_POINT('',#13214);
#3628=VERTEX_POINT('',#13216);
#3629=EDGE_CURVE('',#2999,#3000,#2802,.T.);
#3630=EDGE_CURVE('',#3000,#3001,#1358,.T.);
#3631=EDGE_CURVE('',#3001,#3002,#2803,.T.);
#3632=EDGE_CURVE('',#3002,#2999,#1359,.T.);
#3633=EDGE_CURVE('',#3003,#3002,#1360,.T.);
#3634=EDGE_CURVE('',#3004,#3003,#1361,.T.);
#3635=EDGE_CURVE('',#3005,#3004,#1362,.T.);
#3636=EDGE_CURVE('',#2999,#3005,#1363,.T.);
#3637=EDGE_CURVE('',#3001,#3006,#1364,.T.);
#3638=EDGE_CURVE('',#3006,#3007,#2804,.T.);
#3639=EDGE_CURVE('',#3007,#3008,#1365,.T.);
#3640=EDGE_CURVE('',#3009,#3008,#2805,.T.);
#3641=EDGE_CURVE('',#3009,#3010,#1366,.T.);
#3642=EDGE_CURVE('',#3003,#3010,#1367,.T.);
#3643=EDGE_CURVE('',#3008,#3011,#1368,.T.);
#3644=EDGE_CURVE('',#3011,#3012,#2806,.T.);
#3645=EDGE_CURVE('',#3012,#3009,#1369,.T.);
#3646=EDGE_CURVE('',#3013,#3012,#1370,.T.);
#3647=EDGE_CURVE('',#3014,#3013,#1371,.T.);
#3648=EDGE_CURVE('',#3010,#3014,#1372,.T.);
#3649=EDGE_CURVE('',#3015,#3016,#2807,.T.);
#3650=EDGE_CURVE('',#3016,#3017,#1373,.T.);
#3651=EDGE_CURVE('',#3018,#3017,#2808,.F.);
#3652=EDGE_CURVE('',#3018,#3015,#1374,.T.);
#3653=EDGE_CURVE('',#3019,#3018,#1375,.T.);
#3654=EDGE_CURVE('',#3020,#3019,#1376,.T.);
#3655=EDGE_CURVE('',#3015,#3020,#1377,.T.);
#3656=EDGE_CURVE('',#3016,#3021,#2809,.T.);
#3657=EDGE_CURVE('',#3021,#3022,#1378,.T.);
#3658=EDGE_CURVE('',#3022,#3017,#2810,.T.);
#3659=EDGE_CURVE('',#3023,#3021,#1379,.T.);
#3660=EDGE_CURVE('',#3023,#3024,#1380,.T.);
#3661=EDGE_CURVE('',#3022,#3024,#1381,.T.);
#3662=EDGE_CURVE('',#3025,#3020,#1382,.T.);
#3663=EDGE_CURVE('',#3025,#3026,#1383,.T.);
#3664=EDGE_CURVE('',#3027,#3026,#2811,.T.);
#3665=EDGE_CURVE('',#3028,#3027,#2812,.T.);
#3666=EDGE_CURVE('',#3028,#3029,#1384,.T.);
#3667=EDGE_CURVE('',#3029,#3023,#1385,.T.);
#3668=EDGE_CURVE('',#3030,#3031,#2813,.F.);
#3669=EDGE_CURVE('',#3030,#3027,#1386,.T.);
#3670=EDGE_CURVE('',#3026,#3031,#1387,.T.);
#3671=EDGE_CURVE('',#3032,#3025,#1388,.T.);
#3672=EDGE_CURVE('',#3031,#3032,#1389,.T.);
#3673=EDGE_CURVE('',#3030,#3033,#2814,.T.);
#3674=EDGE_CURVE('',#3033,#3028,#1390,.T.);
#3675=EDGE_CURVE('',#3034,#3033,#1391,.T.);
#3676=EDGE_CURVE('',#3034,#3029,#1392,.T.);
#3677=EDGE_CURVE('',#3024,#3034,#1393,.T.);
#3678=EDGE_CURVE('',#3019,#3032,#1394,.T.);
#3679=EDGE_CURVE('',#3035,#3004,#2815,.T.);
#3680=EDGE_CURVE('',#3004,#3036,#1395,.T.);
#3681=EDGE_CURVE('',#3036,#3037,#148,.T.);
#3682=EDGE_CURVE('',#3037,#3035,#1396,.T.);
#3683=EDGE_CURVE('',#3005,#3038,#57,.F.);
#3684=EDGE_CURVE('',#3035,#3039,#1397,.T.);
#3685=EDGE_CURVE('',#3039,#3038,#149,.T.);
#3686=EDGE_CURVE('',#3040,#3037,#1398,.T.);
#3687=EDGE_CURVE('',#3041,#3040,#1399,.T.);
#3688=EDGE_CURVE('',#3039,#3041,#1400,.T.);
#3689=EDGE_CURVE('',#3014,#3042,#2816,.T.);
#3690=EDGE_CURVE('',#3042,#3043,#1401,.T.);
#3691=EDGE_CURVE('',#3043,#3044,#150,.T.);
#3692=EDGE_CURVE('',#3044,#3014,#1402,.T.);
#3693=EDGE_CURVE('',#3045,#3046,#151,.F.);
#3694=EDGE_CURVE('',#3045,#3042,#1403,.T.);
#3695=EDGE_CURVE('',#3013,#3046,#58,.T.);
#3696=EDGE_CURVE('',#3010,#3044,#2817,.T.);
#3697=EDGE_CURVE('',#3047,#3048,#152,.T.);
#3698=EDGE_CURVE('',#3048,#3049,#1404,.T.);
#3699=EDGE_CURVE('',#3049,#3050,#153,.T.);
#3700=EDGE_CURVE('',#3050,#3051,#59,.T.);
#3701=EDGE_CURVE('',#3051,#3052,#1405,.T.);
#3702=EDGE_CURVE('',#3052,#3047,#60,.T.);
#3703=EDGE_CURVE('',#3053,#3051,#1406,.T.);
#3704=EDGE_CURVE('',#3054,#3053,#1407,.T.);
#3705=EDGE_CURVE('',#3052,#3054,#1408,.T.);
#3706=EDGE_CURVE('',#3050,#3055,#1409,.T.);
#3707=EDGE_CURVE('',#3056,#3055,#61,.T.);
#3708=EDGE_CURVE('',#3056,#3057,#1410,.T.);
#3709=EDGE_CURVE('',#3053,#3057,#1411,.T.);
#3710=EDGE_CURVE('',#3049,#3045,#1412,.T.);
#3711=EDGE_CURVE('',#3038,#3046,#1413,.T.);
#3712=EDGE_CURVE('',#3055,#3041,#154,.T.);
#3713=EDGE_CURVE('',#3040,#3058,#155,.T.);
#3714=EDGE_CURVE('',#3058,#3059,#62,.T.);
#3715=EDGE_CURVE('',#3059,#3056,#1414,.T.);
#3716=EDGE_CURVE('',#3060,#3061,#1415,.T.);
#3717=EDGE_CURVE('',#3062,#3061,#2818,.T.);
#3718=EDGE_CURVE('',#3063,#3062,#1416,.T.);
#3719=EDGE_CURVE('',#3060,#3063,#2819,.T.);
#3720=EDGE_CURVE('',#3064,#3060,#1417,.T.);
#3721=EDGE_CURVE('',#3064,#3065,#1418,.T.);
#3722=EDGE_CURVE('',#3065,#3066,#1419,.T.);
#3723=EDGE_CURVE('',#3066,#3060,#1420,.T.);
#3724=EDGE_CURVE('',#3067,#3064,#1421,.T.);
#3725=EDGE_CURVE('',#3068,#3067,#1422,.T.);
#3726=EDGE_CURVE('',#3068,#3065,#1423,.T.);
#3727=EDGE_CURVE('',#3061,#3067,#1424,.T.);
#3728=EDGE_CURVE('',#3067,#3069,#2820,.T.);
#3729=EDGE_CURVE('',#3069,#3062,#1425,.T.);
#3730=EDGE_CURVE('',#3063,#3070,#1426,.T.);
#3731=EDGE_CURVE('',#3070,#3064,#2821,.T.);
#3732=EDGE_CURVE('',#3071,#3068,#2822,.T.);
#3733=EDGE_CURVE('',#3071,#3072,#1427,.T.);
#3734=EDGE_CURVE('',#3065,#3072,#2823,.T.);
#3735=EDGE_CURVE('',#3073,#3068,#1428,.T.);
#3736=EDGE_CURVE('',#3073,#3074,#2824,.T.);
#3737=EDGE_CURVE('',#3074,#3071,#1429,.T.);
#3738=EDGE_CURVE('',#3066,#3073,#1430,.T.);
#3739=EDGE_CURVE('',#3061,#3073,#1431,.T.);
#3740=EDGE_CURVE('',#3069,#3070,#1432,.T.);
#3741=EDGE_CURVE('',#3074,#3075,#1433,.T.);
#3742=EDGE_CURVE('',#3075,#3076,#1434,.T.);
#3743=EDGE_CURVE('',#3076,#3071,#1435,.T.);
#3744=EDGE_CURVE('',#3077,#3074,#1436,.T.);
#3745=EDGE_CURVE('',#3078,#3077,#1437,.T.);
#3746=EDGE_CURVE('',#3078,#3075,#1438,.T.);
#3747=EDGE_CURVE('',#3072,#3077,#1439,.T.);
#3748=EDGE_CURVE('',#3077,#3066,#2825,.T.);
#3749=EDGE_CURVE('',#3032,#3078,#2826,.T.);
#3750=EDGE_CURVE('',#3075,#3025,#2827,.T.);
#3751=EDGE_CURVE('',#3079,#3078,#1440,.T.);
#3752=EDGE_CURVE('',#3079,#3019,#2828,.T.);
#3753=EDGE_CURVE('',#3076,#3079,#1441,.T.);
#3754=EDGE_CURVE('',#3072,#3079,#1442,.T.);
#3755=EDGE_CURVE('',#3020,#3076,#2829,.T.);
#3756=EDGE_CURVE('',#3024,#3053,#2830,.T.);
#3757=EDGE_CURVE('',#3057,#3034,#2831,.T.);
#3758=EDGE_CURVE('',#3054,#3023,#2832,.T.);
#3759=EDGE_CURVE('',#3080,#3054,#1443,.T.);
#3760=EDGE_CURVE('',#3080,#3059,#1444,.T.);
#3761=EDGE_CURVE('',#3058,#3047,#1445,.T.);
#3762=EDGE_CURVE('',#3057,#3080,#1446,.T.);
#3763=EDGE_CURVE('',#3029,#3080,#2833,.T.);
#3764=EDGE_CURVE('',#3036,#3003,#2834,.T.);
#3765=EDGE_CURVE('',#3043,#3048,#1447,.T.);
#3766=EDGE_CURVE('',#3011,#3081,#1448,.T.);
#3767=EDGE_CURVE('',#3081,#3082,#2835,.T.);
#3768=EDGE_CURVE('',#3082,#3000,#1449,.T.);
#3769=EDGE_CURVE('',#3081,#3007,#1450,.T.);
#3770=EDGE_CURVE('',#3082,#3006,#1451,.T.);
#3771=EDGE_CURVE('',#3083,#3084,#2836,.T.);
#3772=EDGE_CURVE('',#3084,#3085,#1452,.T.);
#3773=EDGE_CURVE('',#3085,#3086,#2837,.T.);
#3774=EDGE_CURVE('',#3086,#3083,#1453,.T.);
#3775=EDGE_CURVE('',#3087,#3086,#1454,.T.);
#3776=EDGE_CURVE('',#3088,#3087,#1455,.T.);
#3777=EDGE_CURVE('',#3089,#3088,#1456,.T.);
#3778=EDGE_CURVE('',#3083,#3089,#1457,.T.);
#3779=EDGE_CURVE('',#3085,#3090,#1458,.T.);
#3780=EDGE_CURVE('',#3090,#3091,#2838,.T.);
#3781=EDGE_CURVE('',#3091,#3092,#1459,.T.);
#3782=EDGE_CURVE('',#3093,#3092,#2839,.T.);
#3783=EDGE_CURVE('',#3093,#3094,#1460,.T.);
#3784=EDGE_CURVE('',#3087,#3094,#1461,.T.);
#3785=EDGE_CURVE('',#3092,#3095,#1462,.T.);
#3786=EDGE_CURVE('',#3095,#3096,#2840,.T.);
#3787=EDGE_CURVE('',#3096,#3093,#1463,.T.);
#3788=EDGE_CURVE('',#3097,#3096,#1464,.T.);
#3789=EDGE_CURVE('',#3098,#3097,#1465,.T.);
#3790=EDGE_CURVE('',#3094,#3098,#1466,.T.);
#3791=EDGE_CURVE('',#3099,#3100,#2841,.T.);
#3792=EDGE_CURVE('',#3100,#3101,#1467,.T.);
#3793=EDGE_CURVE('',#3102,#3101,#2842,.F.);
#3794=EDGE_CURVE('',#3102,#3099,#1468,.T.);
#3795=EDGE_CURVE('',#3103,#3102,#1469,.T.);
#3796=EDGE_CURVE('',#3104,#3103,#1470,.T.);
#3797=EDGE_CURVE('',#3099,#3104,#1471,.T.);
#3798=EDGE_CURVE('',#3100,#3105,#2843,.T.);
#3799=EDGE_CURVE('',#3105,#3106,#1472,.T.);
#3800=EDGE_CURVE('',#3106,#3101,#2844,.T.);
#3801=EDGE_CURVE('',#3107,#3105,#1473,.T.);
#3802=EDGE_CURVE('',#3107,#3108,#1474,.T.);
#3803=EDGE_CURVE('',#3106,#3108,#1475,.T.);
#3804=EDGE_CURVE('',#3109,#3104,#1476,.T.);
#3805=EDGE_CURVE('',#3109,#3110,#1477,.T.);
#3806=EDGE_CURVE('',#3111,#3110,#2845,.T.);
#3807=EDGE_CURVE('',#3112,#3111,#2846,.T.);
#3808=EDGE_CURVE('',#3112,#3113,#1478,.T.);
#3809=EDGE_CURVE('',#3113,#3107,#1479,.T.);
#3810=EDGE_CURVE('',#3114,#3115,#2847,.F.);
#3811=EDGE_CURVE('',#3114,#3111,#1480,.T.);
#3812=EDGE_CURVE('',#3110,#3115,#1481,.T.);
#3813=EDGE_CURVE('',#3116,#3109,#1482,.T.);
#3814=EDGE_CURVE('',#3115,#3116,#1483,.T.);
#3815=EDGE_CURVE('',#3114,#3117,#2848,.T.);
#3816=EDGE_CURVE('',#3117,#3112,#1484,.T.);
#3817=EDGE_CURVE('',#3118,#3117,#1485,.T.);
#3818=EDGE_CURVE('',#3118,#3113,#1486,.T.);
#3819=EDGE_CURVE('',#3108,#3118,#1487,.T.);
#3820=EDGE_CURVE('',#3103,#3116,#1488,.T.);
#3821=EDGE_CURVE('',#3119,#3088,#2849,.T.);
#3822=EDGE_CURVE('',#3088,#3120,#1489,.T.);
#3823=EDGE_CURVE('',#3120,#3121,#156,.T.);
#3824=EDGE_CURVE('',#3121,#3119,#1490,.T.);
#3825=EDGE_CURVE('',#3089,#3122,#63,.F.);
#3826=EDGE_CURVE('',#3119,#3123,#1491,.T.);
#3827=EDGE_CURVE('',#3123,#3122,#157,.T.);
#3828=EDGE_CURVE('',#3124,#3121,#1492,.T.);
#3829=EDGE_CURVE('',#3125,#3124,#1493,.T.);
#3830=EDGE_CURVE('',#3123,#3125,#1494,.T.);
#3831=EDGE_CURVE('',#3098,#3126,#2850,.T.);
#3832=EDGE_CURVE('',#3126,#3127,#1495,.T.);
#3833=EDGE_CURVE('',#3127,#3128,#158,.T.);
#3834=EDGE_CURVE('',#3128,#3098,#1496,.T.);
#3835=EDGE_CURVE('',#3129,#3130,#159,.F.);
#3836=EDGE_CURVE('',#3129,#3126,#1497,.T.);
#3837=EDGE_CURVE('',#3097,#3130,#64,.T.);
#3838=EDGE_CURVE('',#3094,#3128,#2851,.T.);
#3839=EDGE_CURVE('',#3131,#3132,#160,.T.);
#3840=EDGE_CURVE('',#3132,#3133,#1498,.T.);
#3841=EDGE_CURVE('',#3133,#3134,#161,.T.);
#3842=EDGE_CURVE('',#3134,#3135,#65,.T.);
#3843=EDGE_CURVE('',#3135,#3136,#1499,.T.);
#3844=EDGE_CURVE('',#3136,#3131,#66,.T.);
#3845=EDGE_CURVE('',#3137,#3135,#1500,.T.);
#3846=EDGE_CURVE('',#3138,#3137,#1501,.T.);
#3847=EDGE_CURVE('',#3136,#3138,#1502,.T.);
#3848=EDGE_CURVE('',#3134,#3139,#1503,.T.);
#3849=EDGE_CURVE('',#3140,#3139,#67,.T.);
#3850=EDGE_CURVE('',#3140,#3141,#1504,.T.);
#3851=EDGE_CURVE('',#3137,#3141,#1505,.T.);
#3852=EDGE_CURVE('',#3133,#3129,#1506,.T.);
#3853=EDGE_CURVE('',#3122,#3130,#1507,.T.);
#3854=EDGE_CURVE('',#3139,#3125,#162,.T.);
#3855=EDGE_CURVE('',#3124,#3142,#163,.T.);
#3856=EDGE_CURVE('',#3142,#3143,#68,.T.);
#3857=EDGE_CURVE('',#3143,#3140,#1508,.T.);
#3858=EDGE_CURVE('',#3144,#3145,#1509,.T.);
#3859=EDGE_CURVE('',#3146,#3145,#2852,.T.);
#3860=EDGE_CURVE('',#3147,#3146,#1510,.T.);
#3861=EDGE_CURVE('',#3144,#3147,#2853,.T.);
#3862=EDGE_CURVE('',#3148,#3144,#1511,.T.);
#3863=EDGE_CURVE('',#3148,#3149,#1512,.T.);
#3864=EDGE_CURVE('',#3149,#3150,#1513,.T.);
#3865=EDGE_CURVE('',#3150,#3144,#1514,.T.);
#3866=EDGE_CURVE('',#3151,#3148,#1515,.T.);
#3867=EDGE_CURVE('',#3152,#3151,#1516,.T.);
#3868=EDGE_CURVE('',#3152,#3149,#1517,.T.);
#3869=EDGE_CURVE('',#3145,#3151,#1518,.T.);
#3870=EDGE_CURVE('',#3151,#3153,#2854,.T.);
#3871=EDGE_CURVE('',#3153,#3146,#1519,.T.);
#3872=EDGE_CURVE('',#3147,#3154,#1520,.T.);
#3873=EDGE_CURVE('',#3154,#3148,#2855,.T.);
#3874=EDGE_CURVE('',#3155,#3152,#2856,.T.);
#3875=EDGE_CURVE('',#3155,#3156,#1521,.T.);
#3876=EDGE_CURVE('',#3149,#3156,#2857,.T.);
#3877=EDGE_CURVE('',#3157,#3152,#1522,.T.);
#3878=EDGE_CURVE('',#3157,#3158,#2858,.T.);
#3879=EDGE_CURVE('',#3158,#3155,#1523,.T.);
#3880=EDGE_CURVE('',#3150,#3157,#1524,.T.);
#3881=EDGE_CURVE('',#3145,#3157,#1525,.T.);
#3882=EDGE_CURVE('',#3153,#3154,#1526,.T.);
#3883=EDGE_CURVE('',#3158,#3159,#1527,.T.);
#3884=EDGE_CURVE('',#3159,#3160,#1528,.T.);
#3885=EDGE_CURVE('',#3160,#3155,#1529,.T.);
#3886=EDGE_CURVE('',#3161,#3158,#1530,.T.);
#3887=EDGE_CURVE('',#3162,#3161,#1531,.T.);
#3888=EDGE_CURVE('',#3162,#3159,#1532,.T.);
#3889=EDGE_CURVE('',#3156,#3161,#1533,.T.);
#3890=EDGE_CURVE('',#3161,#3150,#2859,.T.);
#3891=EDGE_CURVE('',#3116,#3162,#2860,.T.);
#3892=EDGE_CURVE('',#3159,#3109,#2861,.T.);
#3893=EDGE_CURVE('',#3163,#3162,#1534,.T.);
#3894=EDGE_CURVE('',#3163,#3103,#2862,.T.);
#3895=EDGE_CURVE('',#3160,#3163,#1535,.T.);
#3896=EDGE_CURVE('',#3156,#3163,#1536,.T.);
#3897=EDGE_CURVE('',#3104,#3160,#2863,.T.);
#3898=EDGE_CURVE('',#3108,#3137,#2864,.T.);
#3899=EDGE_CURVE('',#3141,#3118,#2865,.T.);
#3900=EDGE_CURVE('',#3138,#3107,#2866,.T.);
#3901=EDGE_CURVE('',#3164,#3138,#1537,.T.);
#3902=EDGE_CURVE('',#3164,#3143,#1538,.T.);
#3903=EDGE_CURVE('',#3142,#3131,#1539,.T.);
#3904=EDGE_CURVE('',#3141,#3164,#1540,.T.);
#3905=EDGE_CURVE('',#3113,#3164,#2867,.T.);
#3906=EDGE_CURVE('',#3120,#3087,#2868,.T.);
#3907=EDGE_CURVE('',#3127,#3132,#1541,.T.);
#3908=EDGE_CURVE('',#3095,#3165,#1542,.T.);
#3909=EDGE_CURVE('',#3165,#3166,#2869,.T.);
#3910=EDGE_CURVE('',#3166,#3084,#1543,.T.);
#3911=EDGE_CURVE('',#3165,#3091,#1544,.T.);
#3912=EDGE_CURVE('',#3166,#3090,#1545,.T.);
#3913=EDGE_CURVE('',#3167,#3168,#2870,.T.);
#3914=EDGE_CURVE('',#3168,#3169,#1546,.T.);
#3915=EDGE_CURVE('',#3169,#3170,#2871,.T.);
#3916=EDGE_CURVE('',#3170,#3167,#1547,.T.);
#3917=EDGE_CURVE('',#3171,#3170,#1548,.T.);
#3918=EDGE_CURVE('',#3172,#3171,#1549,.T.);
#3919=EDGE_CURVE('',#3173,#3172,#1550,.T.);
#3920=EDGE_CURVE('',#3167,#3173,#1551,.T.);
#3921=EDGE_CURVE('',#3169,#3174,#1552,.T.);
#3922=EDGE_CURVE('',#3174,#3175,#2872,.T.);
#3923=EDGE_CURVE('',#3175,#3176,#1553,.T.);
#3924=EDGE_CURVE('',#3177,#3176,#2873,.T.);
#3925=EDGE_CURVE('',#3177,#3178,#1554,.T.);
#3926=EDGE_CURVE('',#3171,#3178,#1555,.T.);
#3927=EDGE_CURVE('',#3176,#3179,#1556,.T.);
#3928=EDGE_CURVE('',#3179,#3180,#2874,.T.);
#3929=EDGE_CURVE('',#3180,#3177,#1557,.T.);
#3930=EDGE_CURVE('',#3181,#3180,#1558,.T.);
#3931=EDGE_CURVE('',#3182,#3181,#1559,.T.);
#3932=EDGE_CURVE('',#3178,#3182,#1560,.T.);
#3933=EDGE_CURVE('',#3183,#3184,#2875,.T.);
#3934=EDGE_CURVE('',#3184,#3185,#1561,.T.);
#3935=EDGE_CURVE('',#3186,#3185,#2876,.F.);
#3936=EDGE_CURVE('',#3186,#3183,#1562,.T.);
#3937=EDGE_CURVE('',#3187,#3186,#1563,.T.);
#3938=EDGE_CURVE('',#3188,#3187,#1564,.T.);
#3939=EDGE_CURVE('',#3183,#3188,#1565,.T.);
#3940=EDGE_CURVE('',#3184,#3189,#2877,.T.);
#3941=EDGE_CURVE('',#3189,#3190,#1566,.T.);
#3942=EDGE_CURVE('',#3190,#3185,#2878,.T.);
#3943=EDGE_CURVE('',#3191,#3189,#1567,.T.);
#3944=EDGE_CURVE('',#3191,#3192,#1568,.T.);
#3945=EDGE_CURVE('',#3190,#3192,#1569,.T.);
#3946=EDGE_CURVE('',#3193,#3188,#1570,.T.);
#3947=EDGE_CURVE('',#3193,#3194,#1571,.T.);
#3948=EDGE_CURVE('',#3195,#3194,#2879,.T.);
#3949=EDGE_CURVE('',#3196,#3195,#2880,.T.);
#3950=EDGE_CURVE('',#3196,#3197,#1572,.T.);
#3951=EDGE_CURVE('',#3197,#3191,#1573,.T.);
#3952=EDGE_CURVE('',#3198,#3199,#2881,.F.);
#3953=EDGE_CURVE('',#3198,#3195,#1574,.T.);
#3954=EDGE_CURVE('',#3194,#3199,#1575,.T.);
#3955=EDGE_CURVE('',#3200,#3193,#1576,.T.);
#3956=EDGE_CURVE('',#3199,#3200,#1577,.T.);
#3957=EDGE_CURVE('',#3198,#3201,#2882,.T.);
#3958=EDGE_CURVE('',#3201,#3196,#1578,.T.);
#3959=EDGE_CURVE('',#3202,#3201,#1579,.T.);
#3960=EDGE_CURVE('',#3202,#3197,#1580,.T.);
#3961=EDGE_CURVE('',#3192,#3202,#1581,.T.);
#3962=EDGE_CURVE('',#3187,#3200,#1582,.T.);
#3963=EDGE_CURVE('',#3203,#3172,#2883,.T.);
#3964=EDGE_CURVE('',#3172,#3204,#1583,.T.);
#3965=EDGE_CURVE('',#3204,#3205,#164,.T.);
#3966=EDGE_CURVE('',#3205,#3203,#1584,.T.);
#3967=EDGE_CURVE('',#3173,#3206,#69,.F.);
#3968=EDGE_CURVE('',#3203,#3207,#1585,.T.);
#3969=EDGE_CURVE('',#3207,#3206,#165,.T.);
#3970=EDGE_CURVE('',#3208,#3205,#1586,.T.);
#3971=EDGE_CURVE('',#3209,#3208,#1587,.T.);
#3972=EDGE_CURVE('',#3207,#3209,#1588,.T.);
#3973=EDGE_CURVE('',#3182,#3210,#2884,.T.);
#3974=EDGE_CURVE('',#3210,#3211,#1589,.T.);
#3975=EDGE_CURVE('',#3211,#3212,#166,.T.);
#3976=EDGE_CURVE('',#3212,#3182,#1590,.T.);
#3977=EDGE_CURVE('',#3213,#3214,#167,.F.);
#3978=EDGE_CURVE('',#3213,#3210,#1591,.T.);
#3979=EDGE_CURVE('',#3181,#3214,#70,.T.);
#3980=EDGE_CURVE('',#3178,#3212,#2885,.T.);
#3981=EDGE_CURVE('',#3215,#3216,#168,.T.);
#3982=EDGE_CURVE('',#3216,#3217,#1592,.T.);
#3983=EDGE_CURVE('',#3217,#3218,#169,.T.);
#3984=EDGE_CURVE('',#3218,#3219,#71,.T.);
#3985=EDGE_CURVE('',#3219,#3220,#1593,.T.);
#3986=EDGE_CURVE('',#3220,#3215,#72,.T.);
#3987=EDGE_CURVE('',#3221,#3219,#1594,.T.);
#3988=EDGE_CURVE('',#3222,#3221,#1595,.T.);
#3989=EDGE_CURVE('',#3220,#3222,#1596,.T.);
#3990=EDGE_CURVE('',#3218,#3223,#1597,.T.);
#3991=EDGE_CURVE('',#3224,#3223,#73,.T.);
#3992=EDGE_CURVE('',#3224,#3225,#1598,.T.);
#3993=EDGE_CURVE('',#3221,#3225,#1599,.T.);
#3994=EDGE_CURVE('',#3217,#3213,#1600,.T.);
#3995=EDGE_CURVE('',#3206,#3214,#1601,.T.);
#3996=EDGE_CURVE('',#3223,#3209,#170,.T.);
#3997=EDGE_CURVE('',#3208,#3226,#171,.T.);
#3998=EDGE_CURVE('',#3226,#3227,#74,.T.);
#3999=EDGE_CURVE('',#3227,#3224,#1602,.T.);
#4000=EDGE_CURVE('',#3228,#3229,#1603,.T.);
#4001=EDGE_CURVE('',#3230,#3229,#2886,.T.);
#4002=EDGE_CURVE('',#3231,#3230,#1604,.T.);
#4003=EDGE_CURVE('',#3228,#3231,#2887,.T.);
#4004=EDGE_CURVE('',#3232,#3228,#1605,.T.);
#4005=EDGE_CURVE('',#3232,#3233,#1606,.T.);
#4006=EDGE_CURVE('',#3233,#3234,#1607,.T.);
#4007=EDGE_CURVE('',#3234,#3228,#1608,.T.);
#4008=EDGE_CURVE('',#3235,#3232,#1609,.T.);
#4009=EDGE_CURVE('',#3236,#3235,#1610,.T.);
#4010=EDGE_CURVE('',#3236,#3233,#1611,.T.);
#4011=EDGE_CURVE('',#3229,#3235,#1612,.T.);
#4012=EDGE_CURVE('',#3235,#3237,#2888,.T.);
#4013=EDGE_CURVE('',#3237,#3230,#1613,.T.);
#4014=EDGE_CURVE('',#3231,#3238,#1614,.T.);
#4015=EDGE_CURVE('',#3238,#3232,#2889,.T.);
#4016=EDGE_CURVE('',#3239,#3236,#2890,.T.);
#4017=EDGE_CURVE('',#3239,#3240,#1615,.T.);
#4018=EDGE_CURVE('',#3233,#3240,#2891,.T.);
#4019=EDGE_CURVE('',#3241,#3236,#1616,.T.);
#4020=EDGE_CURVE('',#3241,#3242,#2892,.T.);
#4021=EDGE_CURVE('',#3242,#3239,#1617,.T.);
#4022=EDGE_CURVE('',#3234,#3241,#1618,.T.);
#4023=EDGE_CURVE('',#3229,#3241,#1619,.T.);
#4024=EDGE_CURVE('',#3237,#3238,#1620,.T.);
#4025=EDGE_CURVE('',#3242,#3243,#1621,.T.);
#4026=EDGE_CURVE('',#3243,#3244,#1622,.T.);
#4027=EDGE_CURVE('',#3244,#3239,#1623,.T.);
#4028=EDGE_CURVE('',#3245,#3242,#1624,.T.);
#4029=EDGE_CURVE('',#3246,#3245,#1625,.T.);
#4030=EDGE_CURVE('',#3246,#3243,#1626,.T.);
#4031=EDGE_CURVE('',#3240,#3245,#1627,.T.);
#4032=EDGE_CURVE('',#3245,#3234,#2893,.T.);
#4033=EDGE_CURVE('',#3200,#3246,#2894,.T.);
#4034=EDGE_CURVE('',#3243,#3193,#2895,.T.);
#4035=EDGE_CURVE('',#3247,#3246,#1628,.T.);
#4036=EDGE_CURVE('',#3247,#3187,#2896,.T.);
#4037=EDGE_CURVE('',#3244,#3247,#1629,.T.);
#4038=EDGE_CURVE('',#3240,#3247,#1630,.T.);
#4039=EDGE_CURVE('',#3188,#3244,#2897,.T.);
#4040=EDGE_CURVE('',#3192,#3221,#2898,.T.);
#4041=EDGE_CURVE('',#3225,#3202,#2899,.T.);
#4042=EDGE_CURVE('',#3222,#3191,#2900,.T.);
#4043=EDGE_CURVE('',#3248,#3222,#1631,.T.);
#4044=EDGE_CURVE('',#3248,#3227,#1632,.T.);
#4045=EDGE_CURVE('',#3226,#3215,#1633,.T.);
#4046=EDGE_CURVE('',#3225,#3248,#1634,.T.);
#4047=EDGE_CURVE('',#3197,#3248,#2901,.T.);
#4048=EDGE_CURVE('',#3204,#3171,#2902,.T.);
#4049=EDGE_CURVE('',#3211,#3216,#1635,.T.);
#4050=EDGE_CURVE('',#3179,#3249,#1636,.T.);
#4051=EDGE_CURVE('',#3249,#3250,#2903,.T.);
#4052=EDGE_CURVE('',#3250,#3168,#1637,.T.);
#4053=EDGE_CURVE('',#3249,#3175,#1638,.T.);
#4054=EDGE_CURVE('',#3250,#3174,#1639,.T.);
#4055=EDGE_CURVE('',#3251,#3252,#2904,.T.);
#4056=EDGE_CURVE('',#3252,#3253,#1640,.T.);
#4057=EDGE_CURVE('',#3253,#3254,#2905,.T.);
#4058=EDGE_CURVE('',#3254,#3251,#1641,.T.);
#4059=EDGE_CURVE('',#3255,#3254,#1642,.T.);
#4060=EDGE_CURVE('',#3256,#3255,#1643,.T.);
#4061=EDGE_CURVE('',#3257,#3256,#1644,.T.);
#4062=EDGE_CURVE('',#3251,#3257,#1645,.T.);
#4063=EDGE_CURVE('',#3253,#3258,#1646,.T.);
#4064=EDGE_CURVE('',#3258,#3259,#2906,.T.);
#4065=EDGE_CURVE('',#3259,#3260,#1647,.T.);
#4066=EDGE_CURVE('',#3261,#3260,#2907,.T.);
#4067=EDGE_CURVE('',#3261,#3262,#1648,.T.);
#4068=EDGE_CURVE('',#3255,#3262,#1649,.T.);
#4069=EDGE_CURVE('',#3260,#3263,#1650,.T.);
#4070=EDGE_CURVE('',#3263,#3264,#2908,.T.);
#4071=EDGE_CURVE('',#3264,#3261,#1651,.T.);
#4072=EDGE_CURVE('',#3265,#3264,#1652,.T.);
#4073=EDGE_CURVE('',#3266,#3265,#1653,.T.);
#4074=EDGE_CURVE('',#3262,#3266,#1654,.T.);
#4075=EDGE_CURVE('',#3267,#3268,#2909,.T.);
#4076=EDGE_CURVE('',#3268,#3269,#1655,.T.);
#4077=EDGE_CURVE('',#3270,#3269,#2910,.F.);
#4078=EDGE_CURVE('',#3270,#3267,#1656,.T.);
#4079=EDGE_CURVE('',#3271,#3270,#1657,.T.);
#4080=EDGE_CURVE('',#3272,#3271,#1658,.T.);
#4081=EDGE_CURVE('',#3267,#3272,#1659,.T.);
#4082=EDGE_CURVE('',#3268,#3273,#2911,.T.);
#4083=EDGE_CURVE('',#3273,#3274,#1660,.T.);
#4084=EDGE_CURVE('',#3274,#3269,#2912,.T.);
#4085=EDGE_CURVE('',#3275,#3273,#1661,.T.);
#4086=EDGE_CURVE('',#3275,#3276,#1662,.T.);
#4087=EDGE_CURVE('',#3274,#3276,#1663,.T.);
#4088=EDGE_CURVE('',#3277,#3272,#1664,.T.);
#4089=EDGE_CURVE('',#3277,#3278,#1665,.T.);
#4090=EDGE_CURVE('',#3279,#3278,#2913,.T.);
#4091=EDGE_CURVE('',#3280,#3279,#2914,.T.);
#4092=EDGE_CURVE('',#3280,#3281,#1666,.T.);
#4093=EDGE_CURVE('',#3281,#3275,#1667,.T.);
#4094=EDGE_CURVE('',#3282,#3283,#2915,.F.);
#4095=EDGE_CURVE('',#3282,#3279,#1668,.T.);
#4096=EDGE_CURVE('',#3278,#3283,#1669,.T.);
#4097=EDGE_CURVE('',#3284,#3277,#1670,.T.);
#4098=EDGE_CURVE('',#3283,#3284,#1671,.T.);
#4099=EDGE_CURVE('',#3282,#3285,#2916,.T.);
#4100=EDGE_CURVE('',#3285,#3280,#1672,.T.);
#4101=EDGE_CURVE('',#3286,#3285,#1673,.T.);
#4102=EDGE_CURVE('',#3286,#3281,#1674,.T.);
#4103=EDGE_CURVE('',#3276,#3286,#1675,.T.);
#4104=EDGE_CURVE('',#3271,#3284,#1676,.T.);
#4105=EDGE_CURVE('',#3287,#3256,#2917,.T.);
#4106=EDGE_CURVE('',#3256,#3288,#1677,.T.);
#4107=EDGE_CURVE('',#3288,#3289,#172,.T.);
#4108=EDGE_CURVE('',#3289,#3287,#1678,.T.);
#4109=EDGE_CURVE('',#3257,#3290,#75,.F.);
#4110=EDGE_CURVE('',#3287,#3291,#1679,.T.);
#4111=EDGE_CURVE('',#3291,#3290,#173,.T.);
#4112=EDGE_CURVE('',#3292,#3289,#1680,.T.);
#4113=EDGE_CURVE('',#3293,#3292,#1681,.T.);
#4114=EDGE_CURVE('',#3291,#3293,#1682,.T.);
#4115=EDGE_CURVE('',#3266,#3294,#2918,.T.);
#4116=EDGE_CURVE('',#3294,#3295,#1683,.T.);
#4117=EDGE_CURVE('',#3295,#3296,#174,.T.);
#4118=EDGE_CURVE('',#3296,#3266,#1684,.T.);
#4119=EDGE_CURVE('',#3297,#3298,#175,.F.);
#4120=EDGE_CURVE('',#3297,#3294,#1685,.T.);
#4121=EDGE_CURVE('',#3265,#3298,#76,.T.);
#4122=EDGE_CURVE('',#3262,#3296,#2919,.T.);
#4123=EDGE_CURVE('',#3299,#3300,#176,.T.);
#4124=EDGE_CURVE('',#3300,#3301,#1686,.T.);
#4125=EDGE_CURVE('',#3301,#3302,#177,.T.);
#4126=EDGE_CURVE('',#3302,#3303,#77,.T.);
#4127=EDGE_CURVE('',#3303,#3304,#1687,.T.);
#4128=EDGE_CURVE('',#3304,#3299,#78,.T.);
#4129=EDGE_CURVE('',#3305,#3303,#1688,.T.);
#4130=EDGE_CURVE('',#3306,#3305,#1689,.T.);
#4131=EDGE_CURVE('',#3304,#3306,#1690,.T.);
#4132=EDGE_CURVE('',#3302,#3307,#1691,.T.);
#4133=EDGE_CURVE('',#3308,#3307,#79,.T.);
#4134=EDGE_CURVE('',#3308,#3309,#1692,.T.);
#4135=EDGE_CURVE('',#3305,#3309,#1693,.T.);
#4136=EDGE_CURVE('',#3301,#3297,#1694,.T.);
#4137=EDGE_CURVE('',#3290,#3298,#1695,.T.);
#4138=EDGE_CURVE('',#3307,#3293,#178,.T.);
#4139=EDGE_CURVE('',#3292,#3310,#179,.T.);
#4140=EDGE_CURVE('',#3310,#3311,#80,.T.);
#4141=EDGE_CURVE('',#3311,#3308,#1696,.T.);
#4142=EDGE_CURVE('',#3312,#3313,#1697,.T.);
#4143=EDGE_CURVE('',#3314,#3313,#2920,.T.);
#4144=EDGE_CURVE('',#3315,#3314,#1698,.T.);
#4145=EDGE_CURVE('',#3312,#3315,#2921,.T.);
#4146=EDGE_CURVE('',#3316,#3312,#1699,.T.);
#4147=EDGE_CURVE('',#3316,#3317,#1700,.T.);
#4148=EDGE_CURVE('',#3317,#3318,#1701,.T.);
#4149=EDGE_CURVE('',#3318,#3312,#1702,.T.);
#4150=EDGE_CURVE('',#3319,#3316,#1703,.T.);
#4151=EDGE_CURVE('',#3320,#3319,#1704,.T.);
#4152=EDGE_CURVE('',#3320,#3317,#1705,.T.);
#4153=EDGE_CURVE('',#3313,#3319,#1706,.T.);
#4154=EDGE_CURVE('',#3319,#3321,#2922,.T.);
#4155=EDGE_CURVE('',#3321,#3314,#1707,.T.);
#4156=EDGE_CURVE('',#3315,#3322,#1708,.T.);
#4157=EDGE_CURVE('',#3322,#3316,#2923,.T.);
#4158=EDGE_CURVE('',#3323,#3320,#2924,.T.);
#4159=EDGE_CURVE('',#3323,#3324,#1709,.T.);
#4160=EDGE_CURVE('',#3317,#3324,#2925,.T.);
#4161=EDGE_CURVE('',#3325,#3320,#1710,.T.);
#4162=EDGE_CURVE('',#3325,#3326,#2926,.T.);
#4163=EDGE_CURVE('',#3326,#3323,#1711,.T.);
#4164=EDGE_CURVE('',#3318,#3325,#1712,.T.);
#4165=EDGE_CURVE('',#3313,#3325,#1713,.T.);
#4166=EDGE_CURVE('',#3321,#3322,#1714,.T.);
#4167=EDGE_CURVE('',#3326,#3327,#1715,.T.);
#4168=EDGE_CURVE('',#3327,#3328,#1716,.T.);
#4169=EDGE_CURVE('',#3328,#3323,#1717,.T.);
#4170=EDGE_CURVE('',#3329,#3326,#1718,.T.);
#4171=EDGE_CURVE('',#3330,#3329,#1719,.T.);
#4172=EDGE_CURVE('',#3330,#3327,#1720,.T.);
#4173=EDGE_CURVE('',#3324,#3329,#1721,.T.);
#4174=EDGE_CURVE('',#3329,#3318,#2927,.T.);
#4175=EDGE_CURVE('',#3284,#3330,#2928,.T.);
#4176=EDGE_CURVE('',#3327,#3277,#2929,.T.);
#4177=EDGE_CURVE('',#3331,#3330,#1722,.T.);
#4178=EDGE_CURVE('',#3331,#3271,#2930,.T.);
#4179=EDGE_CURVE('',#3328,#3331,#1723,.T.);
#4180=EDGE_CURVE('',#3324,#3331,#1724,.T.);
#4181=EDGE_CURVE('',#3272,#3328,#2931,.T.);
#4182=EDGE_CURVE('',#3276,#3305,#2932,.T.);
#4183=EDGE_CURVE('',#3309,#3286,#2933,.T.);
#4184=EDGE_CURVE('',#3306,#3275,#2934,.T.);
#4185=EDGE_CURVE('',#3332,#3306,#1725,.T.);
#4186=EDGE_CURVE('',#3332,#3311,#1726,.T.);
#4187=EDGE_CURVE('',#3310,#3299,#1727,.T.);
#4188=EDGE_CURVE('',#3309,#3332,#1728,.T.);
#4189=EDGE_CURVE('',#3281,#3332,#2935,.T.);
#4190=EDGE_CURVE('',#3288,#3255,#2936,.T.);
#4191=EDGE_CURVE('',#3295,#3300,#1729,.T.);
#4192=EDGE_CURVE('',#3263,#3333,#1730,.T.);
#4193=EDGE_CURVE('',#3333,#3334,#2937,.T.);
#4194=EDGE_CURVE('',#3334,#3252,#1731,.T.);
#4195=EDGE_CURVE('',#3333,#3259,#1732,.T.);
#4196=EDGE_CURVE('',#3334,#3258,#1733,.T.);
#4197=EDGE_CURVE('',#3335,#3336,#2938,.T.);
#4198=EDGE_CURVE('',#3336,#3337,#1734,.T.);
#4199=EDGE_CURVE('',#3337,#3338,#2939,.T.);
#4200=EDGE_CURVE('',#3338,#3335,#1735,.T.);
#4201=EDGE_CURVE('',#3339,#3338,#1736,.T.);
#4202=EDGE_CURVE('',#3340,#3339,#1737,.T.);
#4203=EDGE_CURVE('',#3341,#3340,#1738,.T.);
#4204=EDGE_CURVE('',#3335,#3341,#1739,.T.);
#4205=EDGE_CURVE('',#3337,#3342,#1740,.T.);
#4206=EDGE_CURVE('',#3342,#3343,#2940,.T.);
#4207=EDGE_CURVE('',#3343,#3344,#1741,.T.);
#4208=EDGE_CURVE('',#3345,#3344,#2941,.T.);
#4209=EDGE_CURVE('',#3345,#3346,#1742,.T.);
#4210=EDGE_CURVE('',#3339,#3346,#1743,.T.);
#4211=EDGE_CURVE('',#3344,#3347,#1744,.T.);
#4212=EDGE_CURVE('',#3347,#3348,#2942,.T.);
#4213=EDGE_CURVE('',#3348,#3345,#1745,.T.);
#4214=EDGE_CURVE('',#3349,#3348,#1746,.T.);
#4215=EDGE_CURVE('',#3350,#3349,#1747,.T.);
#4216=EDGE_CURVE('',#3346,#3350,#1748,.T.);
#4217=EDGE_CURVE('',#3351,#3352,#2943,.T.);
#4218=EDGE_CURVE('',#3352,#3353,#1749,.T.);
#4219=EDGE_CURVE('',#3354,#3353,#2944,.F.);
#4220=EDGE_CURVE('',#3354,#3351,#1750,.T.);
#4221=EDGE_CURVE('',#3355,#3354,#1751,.T.);
#4222=EDGE_CURVE('',#3356,#3355,#1752,.T.);
#4223=EDGE_CURVE('',#3351,#3356,#1753,.T.);
#4224=EDGE_CURVE('',#3352,#3357,#2945,.T.);
#4225=EDGE_CURVE('',#3357,#3358,#1754,.T.);
#4226=EDGE_CURVE('',#3358,#3353,#2946,.T.);
#4227=EDGE_CURVE('',#3359,#3357,#1755,.T.);
#4228=EDGE_CURVE('',#3359,#3360,#1756,.T.);
#4229=EDGE_CURVE('',#3358,#3360,#1757,.T.);
#4230=EDGE_CURVE('',#3361,#3356,#1758,.T.);
#4231=EDGE_CURVE('',#3361,#3362,#1759,.T.);
#4232=EDGE_CURVE('',#3363,#3362,#2947,.T.);
#4233=EDGE_CURVE('',#3364,#3363,#2948,.T.);
#4234=EDGE_CURVE('',#3364,#3365,#1760,.T.);
#4235=EDGE_CURVE('',#3365,#3359,#1761,.T.);
#4236=EDGE_CURVE('',#3366,#3367,#2949,.F.);
#4237=EDGE_CURVE('',#3366,#3363,#1762,.T.);
#4238=EDGE_CURVE('',#3362,#3367,#1763,.T.);
#4239=EDGE_CURVE('',#3368,#3361,#1764,.T.);
#4240=EDGE_CURVE('',#3367,#3368,#1765,.T.);
#4241=EDGE_CURVE('',#3366,#3369,#2950,.T.);
#4242=EDGE_CURVE('',#3369,#3364,#1766,.T.);
#4243=EDGE_CURVE('',#3370,#3369,#1767,.T.);
#4244=EDGE_CURVE('',#3370,#3365,#1768,.T.);
#4245=EDGE_CURVE('',#3360,#3370,#1769,.T.);
#4246=EDGE_CURVE('',#3355,#3368,#1770,.T.);
#4247=EDGE_CURVE('',#3371,#3340,#2951,.T.);
#4248=EDGE_CURVE('',#3340,#3372,#1771,.T.);
#4249=EDGE_CURVE('',#3372,#3373,#180,.T.);
#4250=EDGE_CURVE('',#3373,#3371,#1772,.T.);
#4251=EDGE_CURVE('',#3341,#3374,#81,.F.);
#4252=EDGE_CURVE('',#3371,#3375,#1773,.T.);
#4253=EDGE_CURVE('',#3375,#3374,#181,.T.);
#4254=EDGE_CURVE('',#3376,#3373,#1774,.T.);
#4255=EDGE_CURVE('',#3377,#3376,#1775,.T.);
#4256=EDGE_CURVE('',#3375,#3377,#1776,.T.);
#4257=EDGE_CURVE('',#3350,#3378,#2952,.T.);
#4258=EDGE_CURVE('',#3378,#3379,#1777,.T.);
#4259=EDGE_CURVE('',#3379,#3380,#182,.T.);
#4260=EDGE_CURVE('',#3380,#3350,#1778,.T.);
#4261=EDGE_CURVE('',#3381,#3382,#183,.F.);
#4262=EDGE_CURVE('',#3381,#3378,#1779,.T.);
#4263=EDGE_CURVE('',#3349,#3382,#82,.T.);
#4264=EDGE_CURVE('',#3346,#3380,#2953,.T.);
#4265=EDGE_CURVE('',#3383,#3384,#184,.T.);
#4266=EDGE_CURVE('',#3384,#3385,#1780,.T.);
#4267=EDGE_CURVE('',#3385,#3386,#185,.T.);
#4268=EDGE_CURVE('',#3386,#3387,#83,.T.);
#4269=EDGE_CURVE('',#3387,#3388,#1781,.T.);
#4270=EDGE_CURVE('',#3388,#3383,#84,.T.);
#4271=EDGE_CURVE('',#3389,#3387,#1782,.T.);
#4272=EDGE_CURVE('',#3390,#3389,#1783,.T.);
#4273=EDGE_CURVE('',#3388,#3390,#1784,.T.);
#4274=EDGE_CURVE('',#3386,#3391,#1785,.T.);
#4275=EDGE_CURVE('',#3392,#3391,#85,.T.);
#4276=EDGE_CURVE('',#3392,#3393,#1786,.T.);
#4277=EDGE_CURVE('',#3389,#3393,#1787,.T.);
#4278=EDGE_CURVE('',#3385,#3381,#1788,.T.);
#4279=EDGE_CURVE('',#3374,#3382,#1789,.T.);
#4280=EDGE_CURVE('',#3391,#3377,#186,.T.);
#4281=EDGE_CURVE('',#3376,#3394,#187,.T.);
#4282=EDGE_CURVE('',#3394,#3395,#86,.T.);
#4283=EDGE_CURVE('',#3395,#3392,#1790,.T.);
#4284=EDGE_CURVE('',#3396,#3397,#1791,.T.);
#4285=EDGE_CURVE('',#3398,#3397,#2954,.T.);
#4286=EDGE_CURVE('',#3399,#3398,#1792,.T.);
#4287=EDGE_CURVE('',#3396,#3399,#2955,.T.);
#4288=EDGE_CURVE('',#3400,#3396,#1793,.T.);
#4289=EDGE_CURVE('',#3400,#3401,#1794,.T.);
#4290=EDGE_CURVE('',#3401,#3402,#1795,.T.);
#4291=EDGE_CURVE('',#3402,#3396,#1796,.T.);
#4292=EDGE_CURVE('',#3403,#3400,#1797,.T.);
#4293=EDGE_CURVE('',#3404,#3403,#1798,.T.);
#4294=EDGE_CURVE('',#3404,#3401,#1799,.T.);
#4295=EDGE_CURVE('',#3397,#3403,#1800,.T.);
#4296=EDGE_CURVE('',#3403,#3405,#2956,.T.);
#4297=EDGE_CURVE('',#3405,#3398,#1801,.T.);
#4298=EDGE_CURVE('',#3399,#3406,#1802,.T.);
#4299=EDGE_CURVE('',#3406,#3400,#2957,.T.);
#4300=EDGE_CURVE('',#3407,#3404,#2958,.T.);
#4301=EDGE_CURVE('',#3407,#3408,#1803,.T.);
#4302=EDGE_CURVE('',#3401,#3408,#2959,.T.);
#4303=EDGE_CURVE('',#3409,#3404,#1804,.T.);
#4304=EDGE_CURVE('',#3409,#3410,#2960,.T.);
#4305=EDGE_CURVE('',#3410,#3407,#1805,.T.);
#4306=EDGE_CURVE('',#3402,#3409,#1806,.T.);
#4307=EDGE_CURVE('',#3397,#3409,#1807,.T.);
#4308=EDGE_CURVE('',#3405,#3406,#1808,.T.);
#4309=EDGE_CURVE('',#3410,#3411,#1809,.T.);
#4310=EDGE_CURVE('',#3411,#3412,#1810,.T.);
#4311=EDGE_CURVE('',#3412,#3407,#1811,.T.);
#4312=EDGE_CURVE('',#3413,#3410,#1812,.T.);
#4313=EDGE_CURVE('',#3414,#3413,#1813,.T.);
#4314=EDGE_CURVE('',#3414,#3411,#1814,.T.);
#4315=EDGE_CURVE('',#3408,#3413,#1815,.T.);
#4316=EDGE_CURVE('',#3413,#3402,#2961,.T.);
#4317=EDGE_CURVE('',#3368,#3414,#2962,.T.);
#4318=EDGE_CURVE('',#3411,#3361,#2963,.T.);
#4319=EDGE_CURVE('',#3415,#3414,#1816,.T.);
#4320=EDGE_CURVE('',#3415,#3355,#2964,.T.);
#4321=EDGE_CURVE('',#3412,#3415,#1817,.T.);
#4322=EDGE_CURVE('',#3408,#3415,#1818,.T.);
#4323=EDGE_CURVE('',#3356,#3412,#2965,.T.);
#4324=EDGE_CURVE('',#3360,#3389,#2966,.T.);
#4325=EDGE_CURVE('',#3393,#3370,#2967,.T.);
#4326=EDGE_CURVE('',#3390,#3359,#2968,.T.);
#4327=EDGE_CURVE('',#3416,#3390,#1819,.T.);
#4328=EDGE_CURVE('',#3416,#3395,#1820,.T.);
#4329=EDGE_CURVE('',#3394,#3383,#1821,.T.);
#4330=EDGE_CURVE('',#3393,#3416,#1822,.T.);
#4331=EDGE_CURVE('',#3365,#3416,#2969,.T.);
#4332=EDGE_CURVE('',#3372,#3339,#2970,.T.);
#4333=EDGE_CURVE('',#3379,#3384,#1823,.T.);
#4334=EDGE_CURVE('',#3347,#3417,#1824,.T.);
#4335=EDGE_CURVE('',#3417,#3418,#2971,.T.);
#4336=EDGE_CURVE('',#3418,#3336,#1825,.T.);
#4337=EDGE_CURVE('',#3417,#3343,#1826,.T.);
#4338=EDGE_CURVE('',#3418,#3342,#1827,.T.);
#4339=EDGE_CURVE('',#3419,#3420,#87,.T.);
#4340=EDGE_CURVE('',#3420,#3421,#1828,.T.);
#4341=EDGE_CURVE('',#3421,#3422,#188,.T.);
#4342=EDGE_CURVE('',#3422,#3423,#189,.T.);
#4343=EDGE_CURVE('',#3423,#3424,#190,.T.);
#4344=EDGE_CURVE('',#3424,#3425,#1829,.T.);
#4345=EDGE_CURVE('',#3425,#3426,#88,.T.);
#4346=EDGE_CURVE('',#3426,#3427,#1830,.T.);
#4347=EDGE_CURVE('',#3427,#3419,#89,.T.);
#4348=EDGE_CURVE('',#3428,#3424,#191,.T.);
#4349=EDGE_CURVE('',#3428,#3429,#1831,.T.);
#4350=EDGE_CURVE('',#3425,#3429,#90,.T.);
#4351=EDGE_CURVE('',#3423,#3430,#2972,.T.);
#4352=EDGE_CURVE('',#3430,#3428,#192,.T.);
#4353=EDGE_CURVE('',#3422,#3431,#193,.T.);
#4354=EDGE_CURVE('',#3431,#3430,#194,.T.);
#4355=EDGE_CURVE('',#3421,#3432,#2973,.T.);
#4356=EDGE_CURVE('',#3433,#3432,#195,.T.);
#4357=EDGE_CURVE('',#3434,#3433,#2974,.T.);
#4358=EDGE_CURVE('',#3434,#3435,#196,.T.);
#4359=EDGE_CURVE('',#3435,#3431,#197,.T.);
#4360=EDGE_CURVE('',#3432,#3420,#1832,.T.);
#4361=EDGE_CURVE('',#3429,#3426,#1833,.T.);
#4362=EDGE_CURVE('',#3436,#3426,#1834,.T.);
#4363=EDGE_CURVE('',#3437,#3436,#1835,.T.);
#4364=EDGE_CURVE('',#3437,#3427,#1836,.T.);
#4365=EDGE_CURVE('',#3419,#3438,#91,.T.);
#4366=EDGE_CURVE('',#3438,#3439,#1837,.T.);
#4367=EDGE_CURVE('',#3439,#3440,#92,.T.);
#4368=EDGE_CURVE('',#3440,#3441,#1838,.T.);
#4369=EDGE_CURVE('',#3441,#3433,#198,.T.);
#4370=EDGE_CURVE('',#3427,#3438,#1839,.T.);
#4371=EDGE_CURVE('',#3441,#3442,#199,.T.);
#4372=EDGE_CURVE('',#3442,#3434,#200,.T.);
#4373=EDGE_CURVE('',#3440,#3443,#93,.T.);
#4374=EDGE_CURVE('',#3443,#3442,#1840,.T.);
#4375=EDGE_CURVE('',#3439,#3443,#1841,.T.);
#4376=EDGE_CURVE('',#3444,#3438,#1842,.T.);
#4377=EDGE_CURVE('',#3445,#3444,#1843,.T.);
#4378=EDGE_CURVE('',#3445,#3439,#1844,.T.);
#4379=EDGE_CURVE('',#3446,#3430,#1845,.T.);
#4380=EDGE_CURVE('',#3447,#3446,#201,.T.);
#4381=EDGE_CURVE('',#3447,#3428,#1846,.T.);
#4382=EDGE_CURVE('',#3448,#3429,#1847,.T.);
#4383=EDGE_CURVE('',#3436,#3448,#1848,.T.);
#4384=EDGE_CURVE('',#3448,#3447,#1849,.T.);
#4385=EDGE_CURVE('',#3449,#3435,#1850,.T.);
#4386=EDGE_CURVE('',#3446,#3449,#202,.T.);
#4387=EDGE_CURVE('',#3450,#3434,#1851,.T.);
#4388=EDGE_CURVE('',#3449,#3450,#203,.T.);
#4389=EDGE_CURVE('',#3451,#3442,#1852,.T.);
#4390=EDGE_CURVE('',#3450,#3451,#204,.T.);
#4391=EDGE_CURVE('',#3452,#3443,#1853,.T.);
#4392=EDGE_CURVE('',#3451,#3452,#1854,.T.);
#4393=EDGE_CURVE('',#3452,#3445,#1855,.T.);
#4394=EDGE_CURVE('',#3444,#3437,#1856,.T.);
#4395=EDGE_CURVE('',#3453,#3454,#1857,.T.);
#4396=EDGE_CURVE('',#3454,#3455,#94,.T.);
#4397=EDGE_CURVE('',#3455,#3456,#1858,.T.);
#4398=EDGE_CURVE('',#3456,#3453,#95,.T.);
#4399=EDGE_CURVE('',#3454,#3457,#1859,.T.);
#4400=EDGE_CURVE('',#3457,#3458,#96,.T.);
#4401=EDGE_CURVE('',#3458,#3455,#1860,.T.);
#4402=EDGE_CURVE('',#3459,#3460,#1861,.T.);
#4403=EDGE_CURVE('',#3460,#3461,#97,.T.);
#4404=EDGE_CURVE('',#3461,#3462,#1862,.T.);
#4405=EDGE_CURVE('',#3462,#3459,#98,.T.);
#4406=EDGE_CURVE('',#3462,#3463,#1863,.T.);
#4407=EDGE_CURVE('',#3463,#3464,#99,.T.);
#4408=EDGE_CURVE('',#3464,#3459,#1864,.T.);
#4409=EDGE_CURVE('',#3456,#3465,#1865,.T.);
#4410=EDGE_CURVE('',#3465,#3466,#100,.T.);
#4411=EDGE_CURVE('',#3466,#3453,#1866,.T.);
#4412=EDGE_CURVE('',#3467,#3468,#2975,.F.);
#4413=EDGE_CURVE('',#3469,#3467,#2976,.F.);
#4414=EDGE_CURVE('',#3468,#3469,#2977,.F.);
#4415=EDGE_CURVE('',#3460,#3470,#1867,.T.);
#4416=EDGE_CURVE('',#3470,#3471,#101,.T.);
#4417=EDGE_CURVE('',#3471,#3461,#1868,.T.);
#4418=EDGE_CURVE('',#3472,#3473,#2978,.F.);
#4419=EDGE_CURVE('',#3474,#3472,#2979,.F.);
#4420=EDGE_CURVE('',#3473,#3474,#2980,.F.);
#4421=EDGE_CURVE('',#3475,#3476,#2981,.F.);
#4422=EDGE_CURVE('',#3477,#3475,#2982,.F.);
#4423=EDGE_CURVE('',#3476,#3477,#2983,.F.);
#4424=EDGE_CURVE('',#3478,#3479,#2984,.F.);
#4425=EDGE_CURVE('',#3480,#3478,#2985,.F.);
#4426=EDGE_CURVE('',#3479,#3480,#2986,.F.);
#4427=EDGE_CURVE('',#3478,#3469,#1869,.T.);
#4428=EDGE_CURVE('',#3467,#3480,#1870,.T.);
#4429=EDGE_CURVE('',#3481,#3482,#2987,.F.);
#4430=EDGE_CURVE('',#3483,#3481,#2988,.F.);
#4431=EDGE_CURVE('',#3482,#3483,#2989,.F.);
#4432=EDGE_CURVE('',#3484,#3485,#2990,.F.);
#4433=EDGE_CURVE('',#3486,#3484,#2991,.F.);
#4434=EDGE_CURVE('',#3485,#3486,#2992,.F.);
#4435=EDGE_CURVE('',#3484,#3474,#1871,.T.);
#4436=EDGE_CURVE('',#3472,#3486,#1872,.T.);
#4437=EDGE_CURVE('',#3487,#3488,#2993,.F.);
#4438=EDGE_CURVE('',#3489,#3487,#2994,.F.);
#4439=EDGE_CURVE('',#3488,#3489,#2995,.F.);
#4440=EDGE_CURVE('',#3475,#3489,#1873,.T.);
#4441=EDGE_CURVE('',#3487,#3477,#1874,.T.);
#4442=EDGE_CURVE('',#3479,#3488,#1875,.T.);
#4443=EDGE_CURVE('',#3489,#3478,#1876,.T.);
#4444=EDGE_CURVE('',#3490,#3491,#2996,.F.);
#4445=EDGE_CURVE('',#3492,#3490,#2997,.F.);
#4446=EDGE_CURVE('',#3491,#3492,#2998,.F.);
#4447=EDGE_CURVE('',#3490,#3483,#1877,.T.);
#4448=EDGE_CURVE('',#3481,#3492,#1878,.T.);
#4449=EDGE_CURVE('',#3488,#3491,#1879,.T.);
#4450=EDGE_CURVE('',#3492,#3487,#1880,.T.);
#4451=EDGE_CURVE('',#3491,#3485,#1881,.T.);
#4452=EDGE_CURVE('',#3486,#3490,#1882,.T.);
#4453=EDGE_CURVE('',#3485,#3479,#1883,.T.);
#4454=EDGE_CURVE('',#3480,#3484,#1884,.T.);
#4455=EDGE_CURVE('',#3470,#3482,#1885,.T.);
#4456=EDGE_CURVE('',#3483,#3471,#1886,.T.);
#4457=EDGE_CURVE('',#3482,#3476,#1887,.T.);
#4458=EDGE_CURVE('',#3477,#3481,#1888,.T.);
#4459=EDGE_CURVE('',#3465,#3475,#1889,.T.);
#4460=EDGE_CURVE('',#3476,#3466,#1890,.T.);
#4461=EDGE_CURVE('',#3468,#3473,#1891,.T.);
#4462=EDGE_CURVE('',#3474,#3467,#1892,.T.);
#4463=EDGE_CURVE('',#3463,#3472,#1893,.T.);
#4464=EDGE_CURVE('',#3473,#3464,#1894,.T.);
#4465=EDGE_CURVE('',#3457,#3468,#1895,.T.);
#4466=EDGE_CURVE('',#3469,#3458,#1896,.T.);
#4467=EDGE_CURVE('',#3453,#3460,#1897,.T.);
#4468=EDGE_CURVE('',#3470,#3466,#1898,.T.);
#4469=EDGE_CURVE('',#3459,#3454,#1899,.T.);
#4470=EDGE_CURVE('',#3457,#3464,#1900,.T.);
#4471=EDGE_CURVE('',#3493,#3494,#1901,.T.);
#4472=EDGE_CURVE('',#3495,#3493,#1902,.T.);
#4473=EDGE_CURVE('',#3496,#3495,#1903,.T.);
#4474=EDGE_CURVE('',#3497,#3496,#1904,.T.);
#4475=EDGE_CURVE('',#3498,#3497,#1905,.T.);
#4476=EDGE_CURVE('',#3499,#3498,#1906,.T.);
#4477=EDGE_CURVE('',#3500,#3499,#1907,.T.);
#4478=EDGE_CURVE('',#3501,#3500,#1908,.T.);
#4479=EDGE_CURVE('',#3502,#3501,#1909,.T.);
#4480=EDGE_CURVE('',#3503,#3502,#1910,.T.);
#4481=EDGE_CURVE('',#3504,#3503,#1911,.T.);
#4482=EDGE_CURVE('',#3505,#3504,#1912,.T.);
#4483=EDGE_CURVE('',#3506,#3505,#1913,.T.);
#4484=EDGE_CURVE('',#3507,#3506,#1914,.T.);
#4485=EDGE_CURVE('',#3508,#3507,#1915,.T.);
#4486=EDGE_CURVE('',#3509,#3508,#1916,.T.);
#4487=EDGE_CURVE('',#3510,#3509,#1917,.T.);
#4488=EDGE_CURVE('',#3511,#3510,#1918,.T.);
#4489=EDGE_CURVE('',#3512,#3511,#1919,.T.);
#4490=EDGE_CURVE('',#3513,#3512,#1920,.T.);
#4491=EDGE_CURVE('',#3514,#3513,#1921,.T.);
#4492=EDGE_CURVE('',#3515,#3514,#1922,.T.);
#4493=EDGE_CURVE('',#3516,#3515,#1923,.T.);
#4494=EDGE_CURVE('',#3517,#3516,#1924,.T.);
#4495=EDGE_CURVE('',#3518,#3517,#1925,.T.);
#4496=EDGE_CURVE('',#3519,#3518,#1926,.T.);
#4497=EDGE_CURVE('',#3520,#3519,#1927,.T.);
#4498=EDGE_CURVE('',#3521,#3520,#1928,.T.);
#4499=EDGE_CURVE('',#3522,#3521,#1929,.T.);
#4500=EDGE_CURVE('',#3523,#3522,#1930,.T.);
#4501=EDGE_CURVE('',#3524,#3523,#1931,.T.);
#4502=EDGE_CURVE('',#3525,#3524,#1932,.T.);
#4503=EDGE_CURVE('',#3526,#3525,#1933,.T.);
#4504=EDGE_CURVE('',#3527,#3526,#1934,.T.);
#4505=EDGE_CURVE('',#3528,#3527,#1935,.T.);
#4506=EDGE_CURVE('',#3529,#3528,#1936,.T.);
#4507=EDGE_CURVE('',#3530,#3529,#1937,.T.);
#4508=EDGE_CURVE('',#3531,#3530,#1938,.T.);
#4509=EDGE_CURVE('',#3532,#3531,#1939,.T.);
#4510=EDGE_CURVE('',#3533,#3532,#1940,.T.);
#4511=EDGE_CURVE('',#3534,#3533,#1941,.T.);
#4512=EDGE_CURVE('',#3535,#3534,#1942,.T.);
#4513=EDGE_CURVE('',#3536,#3535,#1943,.T.);
#4514=EDGE_CURVE('',#3494,#3536,#1944,.T.);
#4515=EDGE_CURVE('',#3513,#3537,#102,.T.);
#4516=EDGE_CURVE('',#3537,#3538,#1945,.T.);
#4517=EDGE_CURVE('',#3514,#3538,#103,.T.);
#4518=EDGE_CURVE('',#3512,#3539,#104,.T.);
#4519=EDGE_CURVE('',#3539,#3537,#1946,.T.);
#4520=EDGE_CURVE('',#3511,#3540,#105,.T.);
#4521=EDGE_CURVE('',#3540,#3539,#1947,.T.);
#4522=EDGE_CURVE('',#3509,#3541,#106,.T.);
#4523=EDGE_CURVE('',#3541,#3542,#1948,.T.);
#4524=EDGE_CURVE('',#3542,#3510,#107,.T.);
#4525=EDGE_CURVE('',#3543,#3544,#1949,.T.);
#4526=EDGE_CURVE('',#3544,#3518,#108,.T.);
#4527=EDGE_CURVE('',#3517,#3543,#109,.T.);
#4528=EDGE_CURVE('',#3508,#3545,#110,.T.);
#4529=EDGE_CURVE('',#3545,#3541,#1950,.T.);
#4530=EDGE_CURVE('',#3507,#3546,#111,.T.);
#4531=EDGE_CURVE('',#3546,#3545,#1951,.T.);
#4532=EDGE_CURVE('',#3506,#3547,#112,.T.);
#4533=EDGE_CURVE('',#3547,#3546,#1952,.T.);
#4534=EDGE_CURVE('',#3505,#3548,#113,.T.);
#4535=EDGE_CURVE('',#3548,#3547,#1953,.T.);
#4536=EDGE_CURVE('',#3504,#3549,#114,.T.);
#4537=EDGE_CURVE('',#3549,#3548,#1954,.T.);
#4538=EDGE_CURVE('',#3503,#3550,#115,.T.);
#4539=EDGE_CURVE('',#3550,#3549,#1955,.T.);
#4540=EDGE_CURVE('',#3501,#3551,#116,.T.);
#4541=EDGE_CURVE('',#3551,#3552,#1956,.T.);
#4542=EDGE_CURVE('',#3552,#3502,#117,.T.);
#4543=EDGE_CURVE('',#3500,#3553,#118,.T.);
#4544=EDGE_CURVE('',#3553,#3551,#1957,.T.);
#4545=EDGE_CURVE('',#3499,#3554,#119,.T.);
#4546=EDGE_CURVE('',#3554,#3553,#1958,.T.);
#4547=EDGE_CURVE('',#3498,#3555,#120,.T.);
#4548=EDGE_CURVE('',#3555,#3554,#1959,.T.);
#4549=EDGE_CURVE('',#3497,#3556,#121,.T.);
#4550=EDGE_CURVE('',#3556,#3555,#1960,.T.);
#4551=EDGE_CURVE('',#3557,#3558,#1961,.T.);
#4552=EDGE_CURVE('',#3558,#3530,#122,.T.);
#4553=EDGE_CURVE('',#3529,#3557,#123,.T.);
#4554=EDGE_CURVE('',#3496,#3559,#124,.T.);
#4555=EDGE_CURVE('',#3559,#3556,#1962,.T.);
#4556=EDGE_CURVE('',#3495,#3560,#125,.T.);
#4557=EDGE_CURVE('',#3560,#3559,#1963,.T.);
#4558=EDGE_CURVE('',#3494,#3561,#126,.T.);
#4559=EDGE_CURVE('',#3561,#3562,#1964,.T.);
#4560=EDGE_CURVE('',#3562,#3493,#127,.T.);
#4561=EDGE_CURVE('',#3536,#3563,#128,.T.);
#4562=EDGE_CURVE('',#3563,#3561,#1965,.T.);
#4563=EDGE_CURVE('',#3535,#3564,#129,.T.);
#4564=EDGE_CURVE('',#3564,#3563,#1966,.T.);
#4565=EDGE_CURVE('',#3565,#3564,#1967,.T.);
#4566=EDGE_CURVE('',#3534,#3565,#130,.T.);
#4567=EDGE_CURVE('',#3566,#3565,#1968,.T.);
#4568=EDGE_CURVE('',#3533,#3566,#131,.T.);
#4569=EDGE_CURVE('',#3567,#3566,#1969,.T.);
#4570=EDGE_CURVE('',#3532,#3567,#132,.T.);
#4571=EDGE_CURVE('',#3562,#3560,#1970,.T.);
#4572=EDGE_CURVE('',#3568,#3567,#1971,.T.);
#4573=EDGE_CURVE('',#3531,#3568,#133,.T.);
#4574=EDGE_CURVE('',#3558,#3568,#1972,.T.);
#4575=EDGE_CURVE('',#3569,#3557,#1973,.T.);
#4576=EDGE_CURVE('',#3528,#3569,#134,.T.);
#4577=EDGE_CURVE('',#3570,#3569,#1974,.T.);
#4578=EDGE_CURVE('',#3527,#3571,#135,.T.);
#4579=EDGE_CURVE('',#3571,#3570,#136,.T.);
#4580=EDGE_CURVE('',#3572,#3571,#1975,.T.);
#4581=EDGE_CURVE('',#3526,#3572,#137,.T.);
#4582=EDGE_CURVE('',#3573,#3574,#1976,.T.);
#4583=EDGE_CURVE('',#3574,#3572,#138,.T.);
#4584=EDGE_CURVE('',#3525,#3573,#139,.T.);
#4585=EDGE_CURVE('',#3575,#3573,#1977,.T.);
#4586=EDGE_CURVE('',#3524,#3575,#140,.T.);
#4587=EDGE_CURVE('',#3552,#3550,#1978,.T.);
#4588=EDGE_CURVE('',#3576,#3575,#1979,.T.);
#4589=EDGE_CURVE('',#3523,#3576,#141,.T.);
#4590=EDGE_CURVE('',#3577,#3576,#1980,.T.);
#4591=EDGE_CURVE('',#3522,#3577,#142,.T.);
#4592=EDGE_CURVE('',#3578,#3577,#1981,.T.);
#4593=EDGE_CURVE('',#3521,#3578,#143,.T.);
#4594=EDGE_CURVE('',#3579,#3578,#1982,.T.);
#4595=EDGE_CURVE('',#3520,#3579,#144,.T.);
#4596=EDGE_CURVE('',#3580,#3579,#1983,.T.);
#4597=EDGE_CURVE('',#3519,#3580,#145,.T.);
#4598=EDGE_CURVE('',#3544,#3580,#1984,.T.);
#4599=EDGE_CURVE('',#3581,#3543,#1985,.T.);
#4600=EDGE_CURVE('',#3516,#3581,#146,.T.);
#4601=EDGE_CURVE('',#3542,#3540,#1986,.T.);
#4602=EDGE_CURVE('',#3582,#3581,#1987,.T.);
#4603=EDGE_CURVE('',#3515,#3582,#147,.T.);
#4604=EDGE_CURVE('',#3538,#3582,#1988,.T.);
#4605=EDGE_CURVE('',#3582,#3583,#1989,.T.);
#4606=EDGE_CURVE('',#3583,#3584,#1990,.T.);
#4607=EDGE_CURVE('',#3581,#3584,#1991,.T.);
#4608=EDGE_CURVE('',#3538,#3585,#1992,.T.);
#4609=EDGE_CURVE('',#3585,#3583,#1993,.T.);
#4610=EDGE_CURVE('',#3537,#3586,#1994,.T.);
#4611=EDGE_CURVE('',#3586,#3585,#1995,.T.);
#4612=EDGE_CURVE('',#3539,#3587,#1996,.T.);
#4613=EDGE_CURVE('',#3587,#3586,#1997,.T.);
#4614=EDGE_CURVE('',#3540,#3588,#1998,.T.);
#4615=EDGE_CURVE('',#3588,#3587,#1999,.T.);
#4616=EDGE_CURVE('',#3542,#3589,#2000,.T.);
#4617=EDGE_CURVE('',#3589,#3588,#2001,.T.);
#4618=EDGE_CURVE('',#3590,#3541,#2002,.T.);
#4619=EDGE_CURVE('',#3590,#3589,#2003,.T.);
#4620=EDGE_CURVE('',#3545,#3591,#2004,.T.);
#4621=EDGE_CURVE('',#3590,#3591,#2005,.T.);
#4622=EDGE_CURVE('',#3546,#3592,#2006,.T.);
#4623=EDGE_CURVE('',#3592,#3591,#2007,.T.);
#4624=EDGE_CURVE('',#3547,#3593,#2008,.T.);
#4625=EDGE_CURVE('',#3593,#3592,#2009,.T.);
#4626=EDGE_CURVE('',#3548,#3594,#2010,.T.);
#4627=EDGE_CURVE('',#3594,#3593,#2011,.T.);
#4628=EDGE_CURVE('',#3549,#3595,#2012,.T.);
#4629=EDGE_CURVE('',#3595,#3594,#2013,.T.);
#4630=EDGE_CURVE('',#3550,#3596,#2014,.T.);
#4631=EDGE_CURVE('',#3596,#3595,#2015,.T.);
#4632=EDGE_CURVE('',#3552,#3597,#2016,.T.);
#4633=EDGE_CURVE('',#3597,#3596,#2017,.T.);
#4634=EDGE_CURVE('',#3598,#3551,#2018,.T.);
#4635=EDGE_CURVE('',#3598,#3597,#2019,.T.);
#4636=EDGE_CURVE('',#3553,#3599,#2020,.T.);
#4637=EDGE_CURVE('',#3598,#3599,#2021,.T.);
#4638=EDGE_CURVE('',#3554,#3600,#2022,.T.);
#4639=EDGE_CURVE('',#3600,#3599,#2023,.T.);
#4640=EDGE_CURVE('',#3555,#3601,#2024,.T.);
#4641=EDGE_CURVE('',#3601,#3600,#2025,.T.);
#4642=EDGE_CURVE('',#3556,#3602,#2026,.T.);
#4643=EDGE_CURVE('',#3602,#3601,#2027,.T.);
#4644=EDGE_CURVE('',#3559,#3603,#2028,.T.);
#4645=EDGE_CURVE('',#3603,#3602,#2029,.T.);
#4646=EDGE_CURVE('',#3560,#3604,#2030,.T.);
#4647=EDGE_CURVE('',#3604,#3603,#2031,.T.);
#4648=EDGE_CURVE('',#3562,#3605,#2032,.T.);
#4649=EDGE_CURVE('',#3605,#3604,#2033,.T.);
#4650=EDGE_CURVE('',#3606,#3561,#2034,.T.);
#4651=EDGE_CURVE('',#3606,#3605,#2035,.T.);
#4652=EDGE_CURVE('',#3607,#3557,#2036,.T.);
#4653=EDGE_CURVE('',#3607,#3608,#2037,.T.);
#4654=EDGE_CURVE('',#3558,#3608,#2038,.T.);
#4655=EDGE_CURVE('',#3564,#3609,#2039,.T.);
#4656=EDGE_CURVE('',#3609,#3610,#2040,.T.);
#4657=EDGE_CURVE('',#3563,#3610,#2041,.T.);
#4658=EDGE_CURVE('',#3565,#3611,#2042,.T.);
#4659=EDGE_CURVE('',#3611,#3609,#2043,.T.);
#4660=EDGE_CURVE('',#3566,#3612,#2044,.T.);
#4661=EDGE_CURVE('',#3612,#3611,#2045,.T.);
#4662=EDGE_CURVE('',#3567,#3613,#2046,.T.);
#4663=EDGE_CURVE('',#3613,#3612,#2047,.T.);
#4664=EDGE_CURVE('',#3568,#3614,#2048,.T.);
#4665=EDGE_CURVE('',#3614,#3613,#2049,.T.);
#4666=EDGE_CURVE('',#3608,#3614,#2050,.T.);
#4667=EDGE_CURVE('',#3615,#3543,#2051,.T.);
#4668=EDGE_CURVE('',#3615,#3616,#2052,.T.);
#4669=EDGE_CURVE('',#3544,#3616,#2053,.T.);
#4670=EDGE_CURVE('',#3576,#3617,#2054,.T.);
#4671=EDGE_CURVE('',#3617,#3618,#2055,.T.);
#4672=EDGE_CURVE('',#3575,#3618,#2056,.T.);
#4673=EDGE_CURVE('',#3577,#3619,#2057,.T.);
#4674=EDGE_CURVE('',#3619,#3617,#2058,.T.);
#4675=EDGE_CURVE('',#3578,#3620,#2059,.T.);
#4676=EDGE_CURVE('',#3620,#3619,#2060,.T.);
#4677=EDGE_CURVE('',#3579,#3621,#2061,.T.);
#4678=EDGE_CURVE('',#3621,#3620,#2062,.T.);
#4679=EDGE_CURVE('',#3580,#3622,#2063,.T.);
#4680=EDGE_CURVE('',#3622,#3621,#2064,.T.);
#4681=EDGE_CURVE('',#3616,#3622,#2065,.T.);
#4682=EDGE_CURVE('',#3623,#3569,#2066,.T.);
#4683=EDGE_CURVE('',#3607,#3623,#2067,.T.);
#4684=EDGE_CURVE('',#3606,#3610,#2068,.T.);
#4685=EDGE_CURVE('',#3615,#3584,#2069,.T.);
#4686=EDGE_CURVE('',#3624,#3618,#2070,.T.);
#4687=EDGE_CURVE('',#3624,#3573,#2071,.T.);
#4688=EDGE_CURVE('',#3625,#3624,#2072,.T.);
#4689=EDGE_CURVE('',#3626,#3625,#2073,.T.);
#4690=EDGE_CURVE('',#3574,#3626,#2074,.T.);
#4691=EDGE_CURVE('',#3627,#3570,#2075,.T.);
#4692=EDGE_CURVE('',#3628,#3627,#2076,.T.);
#4693=EDGE_CURVE('',#3623,#3628,#2077,.T.);
#4694=EDGE_CURVE('',#3628,#3625,#2078,.T.);
#4695=EDGE_CURVE('',#3627,#3626,#2079,.T.);
#4696=ORIENTED_EDGE('',*,*,#3629,.T.);
#4697=ORIENTED_EDGE('',*,*,#3630,.T.);
#4698=ORIENTED_EDGE('',*,*,#3631,.T.);
#4699=ORIENTED_EDGE('',*,*,#3632,.T.);
#4700=ORIENTED_EDGE('',*,*,#3632,.F.);
#4701=ORIENTED_EDGE('',*,*,#3633,.F.);
#4702=ORIENTED_EDGE('',*,*,#3634,.F.);
#4703=ORIENTED_EDGE('',*,*,#3635,.F.);
#4704=ORIENTED_EDGE('',*,*,#3636,.F.);
#4705=ORIENTED_EDGE('',*,*,#3631,.F.);
#4706=ORIENTED_EDGE('',*,*,#3637,.T.);
#4707=ORIENTED_EDGE('',*,*,#3638,.T.);
#4708=ORIENTED_EDGE('',*,*,#3639,.T.);
#4709=ORIENTED_EDGE('',*,*,#3640,.F.);
#4710=ORIENTED_EDGE('',*,*,#3641,.T.);
#4711=ORIENTED_EDGE('',*,*,#3642,.F.);
#4712=ORIENTED_EDGE('',*,*,#3633,.T.);
#4713=ORIENTED_EDGE('',*,*,#3640,.T.);
#4714=ORIENTED_EDGE('',*,*,#3643,.T.);
#4715=ORIENTED_EDGE('',*,*,#3644,.T.);
#4716=ORIENTED_EDGE('',*,*,#3645,.T.);
#4717=ORIENTED_EDGE('',*,*,#3645,.F.);
#4718=ORIENTED_EDGE('',*,*,#3646,.F.);
#4719=ORIENTED_EDGE('',*,*,#3647,.F.);
#4720=ORIENTED_EDGE('',*,*,#3648,.F.);
#4721=ORIENTED_EDGE('',*,*,#3641,.F.);
#4722=ORIENTED_EDGE('',*,*,#3649,.T.);
#4723=ORIENTED_EDGE('',*,*,#3650,.T.);
#4724=ORIENTED_EDGE('',*,*,#3651,.F.);
#4725=ORIENTED_EDGE('',*,*,#3652,.T.);
#4726=ORIENTED_EDGE('',*,*,#3652,.F.);
#4727=ORIENTED_EDGE('',*,*,#3653,.F.);
#4728=ORIENTED_EDGE('',*,*,#3654,.F.);
#4729=ORIENTED_EDGE('',*,*,#3655,.F.);
#4730=ORIENTED_EDGE('',*,*,#3650,.F.);
#4731=ORIENTED_EDGE('',*,*,#3656,.T.);
#4732=ORIENTED_EDGE('',*,*,#3657,.T.);
#4733=ORIENTED_EDGE('',*,*,#3658,.T.);
#4734=ORIENTED_EDGE('',*,*,#3657,.F.);
#4735=ORIENTED_EDGE('',*,*,#3659,.F.);
#4736=ORIENTED_EDGE('',*,*,#3660,.T.);
#4737=ORIENTED_EDGE('',*,*,#3661,.F.);
#4738=ORIENTED_EDGE('',*,*,#3649,.F.);
#4739=ORIENTED_EDGE('',*,*,#3655,.T.);
#4740=ORIENTED_EDGE('',*,*,#3662,.F.);
#4741=ORIENTED_EDGE('',*,*,#3663,.T.);
#4742=ORIENTED_EDGE('',*,*,#3664,.F.);
#4743=ORIENTED_EDGE('',*,*,#3665,.F.);
#4744=ORIENTED_EDGE('',*,*,#3666,.T.);
#4745=ORIENTED_EDGE('',*,*,#3667,.T.);
#4746=ORIENTED_EDGE('',*,*,#3659,.T.);
#4747=ORIENTED_EDGE('',*,*,#3656,.F.);
#4748=ORIENTED_EDGE('',*,*,#3668,.F.);
#4749=ORIENTED_EDGE('',*,*,#3669,.T.);
#4750=ORIENTED_EDGE('',*,*,#3664,.T.);
#4751=ORIENTED_EDGE('',*,*,#3670,.T.);
#4752=ORIENTED_EDGE('',*,*,#3670,.F.);
#4753=ORIENTED_EDGE('',*,*,#3663,.F.);
#4754=ORIENTED_EDGE('',*,*,#3671,.F.);
#4755=ORIENTED_EDGE('',*,*,#3672,.F.);
#4756=ORIENTED_EDGE('',*,*,#3669,.F.);
#4757=ORIENTED_EDGE('',*,*,#3673,.T.);
#4758=ORIENTED_EDGE('',*,*,#3674,.T.);
#4759=ORIENTED_EDGE('',*,*,#3665,.T.);
#4760=ORIENTED_EDGE('',*,*,#3674,.F.);
#4761=ORIENTED_EDGE('',*,*,#3675,.F.);
#4762=ORIENTED_EDGE('',*,*,#3676,.T.);
#4763=ORIENTED_EDGE('',*,*,#3666,.F.);
#4764=ORIENTED_EDGE('',*,*,#3658,.F.);
#4765=ORIENTED_EDGE('',*,*,#3661,.T.);
#4766=ORIENTED_EDGE('',*,*,#3677,.T.);
#4767=ORIENTED_EDGE('',*,*,#3675,.T.);
#4768=ORIENTED_EDGE('',*,*,#3673,.F.);
#4769=ORIENTED_EDGE('',*,*,#3668,.T.);
#4770=ORIENTED_EDGE('',*,*,#3672,.T.);
#4771=ORIENTED_EDGE('',*,*,#3678,.F.);
#4772=ORIENTED_EDGE('',*,*,#3653,.T.);
#4773=ORIENTED_EDGE('',*,*,#3651,.T.);
#4774=ORIENTED_EDGE('',*,*,#3679,.T.);
#4775=ORIENTED_EDGE('',*,*,#3680,.T.);
#4776=ORIENTED_EDGE('',*,*,#3681,.T.);
#4777=ORIENTED_EDGE('',*,*,#3682,.T.);
#4778=ORIENTED_EDGE('',*,*,#3683,.F.);
#4779=ORIENTED_EDGE('',*,*,#3635,.T.);
#4780=ORIENTED_EDGE('',*,*,#3679,.F.);
#4781=ORIENTED_EDGE('',*,*,#3684,.T.);
#4782=ORIENTED_EDGE('',*,*,#3685,.T.);
#4783=ORIENTED_EDGE('',*,*,#3684,.F.);
#4784=ORIENTED_EDGE('',*,*,#3682,.F.);
#4785=ORIENTED_EDGE('',*,*,#3686,.F.);
#4786=ORIENTED_EDGE('',*,*,#3687,.F.);
#4787=ORIENTED_EDGE('',*,*,#3688,.F.);
#4788=ORIENTED_EDGE('',*,*,#3689,.T.);
#4789=ORIENTED_EDGE('',*,*,#3690,.T.);
#4790=ORIENTED_EDGE('',*,*,#3691,.T.);
#4791=ORIENTED_EDGE('',*,*,#3692,.T.);
#4792=ORIENTED_EDGE('',*,*,#3693,.F.);
#4793=ORIENTED_EDGE('',*,*,#3694,.T.);
#4794=ORIENTED_EDGE('',*,*,#3689,.F.);
#4795=ORIENTED_EDGE('',*,*,#3647,.T.);
#4796=ORIENTED_EDGE('',*,*,#3695,.T.);
#4797=ORIENTED_EDGE('',*,*,#3692,.F.);
#4798=ORIENTED_EDGE('',*,*,#3696,.F.);
#4799=ORIENTED_EDGE('',*,*,#3648,.T.);
#4800=ORIENTED_EDGE('',*,*,#3697,.T.);
#4801=ORIENTED_EDGE('',*,*,#3698,.T.);
#4802=ORIENTED_EDGE('',*,*,#3699,.T.);
#4803=ORIENTED_EDGE('',*,*,#3700,.T.);
#4804=ORIENTED_EDGE('',*,*,#3701,.T.);
#4805=ORIENTED_EDGE('',*,*,#3702,.T.);
#4806=ORIENTED_EDGE('',*,*,#3701,.F.);
#4807=ORIENTED_EDGE('',*,*,#3703,.F.);
#4808=ORIENTED_EDGE('',*,*,#3704,.F.);
#4809=ORIENTED_EDGE('',*,*,#3705,.F.);
#4810=ORIENTED_EDGE('',*,*,#3700,.F.);
#4811=ORIENTED_EDGE('',*,*,#3706,.T.);
#4812=ORIENTED_EDGE('',*,*,#3707,.F.);
#4813=ORIENTED_EDGE('',*,*,#3708,.T.);
#4814=ORIENTED_EDGE('',*,*,#3709,.F.);
#4815=ORIENTED_EDGE('',*,*,#3703,.T.);
#4816=ORIENTED_EDGE('',*,*,#3699,.F.);
#4817=ORIENTED_EDGE('',*,*,#3710,.T.);
#4818=ORIENTED_EDGE('',*,*,#3693,.T.);
#4819=ORIENTED_EDGE('',*,*,#3711,.F.);
#4820=ORIENTED_EDGE('',*,*,#3685,.F.);
#4821=ORIENTED_EDGE('',*,*,#3688,.T.);
#4822=ORIENTED_EDGE('',*,*,#3712,.F.);
#4823=ORIENTED_EDGE('',*,*,#3706,.F.);
#4824=ORIENTED_EDGE('',*,*,#3712,.T.);
#4825=ORIENTED_EDGE('',*,*,#3687,.T.);
#4826=ORIENTED_EDGE('',*,*,#3713,.T.);
#4827=ORIENTED_EDGE('',*,*,#3714,.T.);
#4828=ORIENTED_EDGE('',*,*,#3715,.T.);
#4829=ORIENTED_EDGE('',*,*,#3707,.T.);
#4830=ORIENTED_EDGE('',*,*,#3716,.T.);
#4831=ORIENTED_EDGE('',*,*,#3717,.F.);
#4832=ORIENTED_EDGE('',*,*,#3718,.F.);
#4833=ORIENTED_EDGE('',*,*,#3719,.F.);
#4834=ORIENTED_EDGE('',*,*,#3720,.F.);
#4835=ORIENTED_EDGE('',*,*,#3721,.T.);
#4836=ORIENTED_EDGE('',*,*,#3722,.T.);
#4837=ORIENTED_EDGE('',*,*,#3723,.T.);
#4838=ORIENTED_EDGE('',*,*,#3724,.F.);
#4839=ORIENTED_EDGE('',*,*,#3725,.F.);
#4840=ORIENTED_EDGE('',*,*,#3726,.T.);
#4841=ORIENTED_EDGE('',*,*,#3721,.F.);
#4842=ORIENTED_EDGE('',*,*,#3727,.T.);
#4843=ORIENTED_EDGE('',*,*,#3728,.T.);
#4844=ORIENTED_EDGE('',*,*,#3729,.T.);
#4845=ORIENTED_EDGE('',*,*,#3717,.T.);
#4846=ORIENTED_EDGE('',*,*,#3720,.T.);
#4847=ORIENTED_EDGE('',*,*,#3719,.T.);
#4848=ORIENTED_EDGE('',*,*,#3730,.T.);
#4849=ORIENTED_EDGE('',*,*,#3731,.T.);
#4850=ORIENTED_EDGE('',*,*,#3726,.F.);
#4851=ORIENTED_EDGE('',*,*,#3732,.F.);
#4852=ORIENTED_EDGE('',*,*,#3733,.T.);
#4853=ORIENTED_EDGE('',*,*,#3734,.F.);
#4854=ORIENTED_EDGE('',*,*,#3735,.F.);
#4855=ORIENTED_EDGE('',*,*,#3736,.T.);
#4856=ORIENTED_EDGE('',*,*,#3737,.T.);
#4857=ORIENTED_EDGE('',*,*,#3732,.T.);
#4858=ORIENTED_EDGE('',*,*,#3716,.F.);
#4859=ORIENTED_EDGE('',*,*,#3723,.F.);
#4860=ORIENTED_EDGE('',*,*,#3738,.T.);
#4861=ORIENTED_EDGE('',*,*,#3739,.F.);
#4862=ORIENTED_EDGE('',*,*,#3724,.T.);
#4863=ORIENTED_EDGE('',*,*,#3731,.F.);
#4864=ORIENTED_EDGE('',*,*,#3740,.F.);
#4865=ORIENTED_EDGE('',*,*,#3728,.F.);
#4866=ORIENTED_EDGE('',*,*,#3737,.F.);
#4867=ORIENTED_EDGE('',*,*,#3741,.T.);
#4868=ORIENTED_EDGE('',*,*,#3742,.T.);
#4869=ORIENTED_EDGE('',*,*,#3743,.T.);
#4870=ORIENTED_EDGE('',*,*,#3744,.F.);
#4871=ORIENTED_EDGE('',*,*,#3745,.F.);
#4872=ORIENTED_EDGE('',*,*,#3746,.T.);
#4873=ORIENTED_EDGE('',*,*,#3741,.F.);
#4874=ORIENTED_EDGE('',*,*,#3722,.F.);
#4875=ORIENTED_EDGE('',*,*,#3734,.T.);
#4876=ORIENTED_EDGE('',*,*,#3747,.T.);
#4877=ORIENTED_EDGE('',*,*,#3748,.T.);
#4878=ORIENTED_EDGE('',*,*,#3727,.F.);
#4879=ORIENTED_EDGE('',*,*,#3739,.T.);
#4880=ORIENTED_EDGE('',*,*,#3735,.T.);
#4881=ORIENTED_EDGE('',*,*,#3725,.T.);
#4882=ORIENTED_EDGE('',*,*,#3746,.F.);
#4883=ORIENTED_EDGE('',*,*,#3749,.F.);
#4884=ORIENTED_EDGE('',*,*,#3671,.T.);
#4885=ORIENTED_EDGE('',*,*,#3750,.F.);
#4886=ORIENTED_EDGE('',*,*,#3751,.F.);
#4887=ORIENTED_EDGE('',*,*,#3752,.T.);
#4888=ORIENTED_EDGE('',*,*,#3678,.T.);
#4889=ORIENTED_EDGE('',*,*,#3749,.T.);
#4890=ORIENTED_EDGE('',*,*,#3733,.F.);
#4891=ORIENTED_EDGE('',*,*,#3743,.F.);
#4892=ORIENTED_EDGE('',*,*,#3753,.T.);
#4893=ORIENTED_EDGE('',*,*,#3754,.F.);
#4894=ORIENTED_EDGE('',*,*,#3738,.F.);
#4895=ORIENTED_EDGE('',*,*,#3748,.F.);
#4896=ORIENTED_EDGE('',*,*,#3744,.T.);
#4897=ORIENTED_EDGE('',*,*,#3736,.F.);
#4898=ORIENTED_EDGE('',*,*,#3742,.F.);
#4899=ORIENTED_EDGE('',*,*,#3750,.T.);
#4900=ORIENTED_EDGE('',*,*,#3662,.T.);
#4901=ORIENTED_EDGE('',*,*,#3755,.T.);
#4902=ORIENTED_EDGE('',*,*,#3677,.F.);
#4903=ORIENTED_EDGE('',*,*,#3756,.T.);
#4904=ORIENTED_EDGE('',*,*,#3709,.T.);
#4905=ORIENTED_EDGE('',*,*,#3757,.T.);
#4906=ORIENTED_EDGE('',*,*,#3660,.F.);
#4907=ORIENTED_EDGE('',*,*,#3758,.F.);
#4908=ORIENTED_EDGE('',*,*,#3704,.T.);
#4909=ORIENTED_EDGE('',*,*,#3756,.F.);
#4910=ORIENTED_EDGE('',*,*,#3747,.F.);
#4911=ORIENTED_EDGE('',*,*,#3754,.T.);
#4912=ORIENTED_EDGE('',*,*,#3751,.T.);
#4913=ORIENTED_EDGE('',*,*,#3745,.T.);
#4914=ORIENTED_EDGE('',*,*,#3702,.F.);
#4915=ORIENTED_EDGE('',*,*,#3705,.T.);
#4916=ORIENTED_EDGE('',*,*,#3759,.F.);
#4917=ORIENTED_EDGE('',*,*,#3760,.T.);
#4918=ORIENTED_EDGE('',*,*,#3714,.F.);
#4919=ORIENTED_EDGE('',*,*,#3761,.T.);
#4920=ORIENTED_EDGE('',*,*,#3676,.F.);
#4921=ORIENTED_EDGE('',*,*,#3757,.F.);
#4922=ORIENTED_EDGE('',*,*,#3762,.T.);
#4923=ORIENTED_EDGE('',*,*,#3763,.F.);
#4924=ORIENTED_EDGE('',*,*,#3697,.F.);
#4925=ORIENTED_EDGE('',*,*,#3761,.F.);
#4926=ORIENTED_EDGE('',*,*,#3713,.F.);
#4927=ORIENTED_EDGE('',*,*,#3686,.T.);
#4928=ORIENTED_EDGE('',*,*,#3681,.F.);
#4929=ORIENTED_EDGE('',*,*,#3764,.T.);
#4930=ORIENTED_EDGE('',*,*,#3642,.T.);
#4931=ORIENTED_EDGE('',*,*,#3696,.T.);
#4932=ORIENTED_EDGE('',*,*,#3691,.F.);
#4933=ORIENTED_EDGE('',*,*,#3765,.T.);
#4934=ORIENTED_EDGE('',*,*,#3667,.F.);
#4935=ORIENTED_EDGE('',*,*,#3763,.T.);
#4936=ORIENTED_EDGE('',*,*,#3759,.T.);
#4937=ORIENTED_EDGE('',*,*,#3758,.T.);
#4938=ORIENTED_EDGE('',*,*,#3629,.F.);
#4939=ORIENTED_EDGE('',*,*,#3636,.T.);
#4940=ORIENTED_EDGE('',*,*,#3683,.T.);
#4941=ORIENTED_EDGE('',*,*,#3711,.T.);
#4942=ORIENTED_EDGE('',*,*,#3695,.F.);
#4943=ORIENTED_EDGE('',*,*,#3646,.T.);
#4944=ORIENTED_EDGE('',*,*,#3644,.F.);
#4945=ORIENTED_EDGE('',*,*,#3766,.T.);
#4946=ORIENTED_EDGE('',*,*,#3767,.T.);
#4947=ORIENTED_EDGE('',*,*,#3768,.T.);
#4948=ORIENTED_EDGE('',*,*,#3753,.F.);
#4949=ORIENTED_EDGE('',*,*,#3755,.F.);
#4950=ORIENTED_EDGE('',*,*,#3654,.T.);
#4951=ORIENTED_EDGE('',*,*,#3752,.F.);
#4952=ORIENTED_EDGE('',*,*,#3715,.F.);
#4953=ORIENTED_EDGE('',*,*,#3760,.F.);
#4954=ORIENTED_EDGE('',*,*,#3762,.F.);
#4955=ORIENTED_EDGE('',*,*,#3708,.F.);
#4956=ORIENTED_EDGE('',*,*,#3718,.T.);
#4957=ORIENTED_EDGE('',*,*,#3729,.F.);
#4958=ORIENTED_EDGE('',*,*,#3740,.T.);
#4959=ORIENTED_EDGE('',*,*,#3730,.F.);
#4960=ORIENTED_EDGE('',*,*,#3767,.F.);
#4961=ORIENTED_EDGE('',*,*,#3769,.T.);
#4962=ORIENTED_EDGE('',*,*,#3638,.F.);
#4963=ORIENTED_EDGE('',*,*,#3770,.F.);
#4964=ORIENTED_EDGE('',*,*,#3694,.F.);
#4965=ORIENTED_EDGE('',*,*,#3710,.F.);
#4966=ORIENTED_EDGE('',*,*,#3698,.F.);
#4967=ORIENTED_EDGE('',*,*,#3765,.F.);
#4968=ORIENTED_EDGE('',*,*,#3690,.F.);
#4969=ORIENTED_EDGE('',*,*,#3630,.F.);
#4970=ORIENTED_EDGE('',*,*,#3768,.F.);
#4971=ORIENTED_EDGE('',*,*,#3770,.T.);
#4972=ORIENTED_EDGE('',*,*,#3637,.F.);
#4973=ORIENTED_EDGE('',*,*,#3680,.F.);
#4974=ORIENTED_EDGE('',*,*,#3634,.T.);
#4975=ORIENTED_EDGE('',*,*,#3764,.F.);
#4976=ORIENTED_EDGE('',*,*,#3643,.F.);
#4977=ORIENTED_EDGE('',*,*,#3639,.F.);
#4978=ORIENTED_EDGE('',*,*,#3769,.F.);
#4979=ORIENTED_EDGE('',*,*,#3766,.F.);
#4980=ORIENTED_EDGE('',*,*,#3771,.T.);
#4981=ORIENTED_EDGE('',*,*,#3772,.T.);
#4982=ORIENTED_EDGE('',*,*,#3773,.T.);
#4983=ORIENTED_EDGE('',*,*,#3774,.T.);
#4984=ORIENTED_EDGE('',*,*,#3774,.F.);
#4985=ORIENTED_EDGE('',*,*,#3775,.F.);
#4986=ORIENTED_EDGE('',*,*,#3776,.F.);
#4987=ORIENTED_EDGE('',*,*,#3777,.F.);
#4988=ORIENTED_EDGE('',*,*,#3778,.F.);
#4989=ORIENTED_EDGE('',*,*,#3773,.F.);
#4990=ORIENTED_EDGE('',*,*,#3779,.T.);
#4991=ORIENTED_EDGE('',*,*,#3780,.T.);
#4992=ORIENTED_EDGE('',*,*,#3781,.T.);
#4993=ORIENTED_EDGE('',*,*,#3782,.F.);
#4994=ORIENTED_EDGE('',*,*,#3783,.T.);
#4995=ORIENTED_EDGE('',*,*,#3784,.F.);
#4996=ORIENTED_EDGE('',*,*,#3775,.T.);
#4997=ORIENTED_EDGE('',*,*,#3782,.T.);
#4998=ORIENTED_EDGE('',*,*,#3785,.T.);
#4999=ORIENTED_EDGE('',*,*,#3786,.T.);
#5000=ORIENTED_EDGE('',*,*,#3787,.T.);
#5001=ORIENTED_EDGE('',*,*,#3787,.F.);
#5002=ORIENTED_EDGE('',*,*,#3788,.F.);
#5003=ORIENTED_EDGE('',*,*,#3789,.F.);
#5004=ORIENTED_EDGE('',*,*,#3790,.F.);
#5005=ORIENTED_EDGE('',*,*,#3783,.F.);
#5006=ORIENTED_EDGE('',*,*,#3791,.T.);
#5007=ORIENTED_EDGE('',*,*,#3792,.T.);
#5008=ORIENTED_EDGE('',*,*,#3793,.F.);
#5009=ORIENTED_EDGE('',*,*,#3794,.T.);
#5010=ORIENTED_EDGE('',*,*,#3794,.F.);
#5011=ORIENTED_EDGE('',*,*,#3795,.F.);
#5012=ORIENTED_EDGE('',*,*,#3796,.F.);
#5013=ORIENTED_EDGE('',*,*,#3797,.F.);
#5014=ORIENTED_EDGE('',*,*,#3792,.F.);
#5015=ORIENTED_EDGE('',*,*,#3798,.T.);
#5016=ORIENTED_EDGE('',*,*,#3799,.T.);
#5017=ORIENTED_EDGE('',*,*,#3800,.T.);
#5018=ORIENTED_EDGE('',*,*,#3799,.F.);
#5019=ORIENTED_EDGE('',*,*,#3801,.F.);
#5020=ORIENTED_EDGE('',*,*,#3802,.T.);
#5021=ORIENTED_EDGE('',*,*,#3803,.F.);
#5022=ORIENTED_EDGE('',*,*,#3791,.F.);
#5023=ORIENTED_EDGE('',*,*,#3797,.T.);
#5024=ORIENTED_EDGE('',*,*,#3804,.F.);
#5025=ORIENTED_EDGE('',*,*,#3805,.T.);
#5026=ORIENTED_EDGE('',*,*,#3806,.F.);
#5027=ORIENTED_EDGE('',*,*,#3807,.F.);
#5028=ORIENTED_EDGE('',*,*,#3808,.T.);
#5029=ORIENTED_EDGE('',*,*,#3809,.T.);
#5030=ORIENTED_EDGE('',*,*,#3801,.T.);
#5031=ORIENTED_EDGE('',*,*,#3798,.F.);
#5032=ORIENTED_EDGE('',*,*,#3810,.F.);
#5033=ORIENTED_EDGE('',*,*,#3811,.T.);
#5034=ORIENTED_EDGE('',*,*,#3806,.T.);
#5035=ORIENTED_EDGE('',*,*,#3812,.T.);
#5036=ORIENTED_EDGE('',*,*,#3812,.F.);
#5037=ORIENTED_EDGE('',*,*,#3805,.F.);
#5038=ORIENTED_EDGE('',*,*,#3813,.F.);
#5039=ORIENTED_EDGE('',*,*,#3814,.F.);
#5040=ORIENTED_EDGE('',*,*,#3811,.F.);
#5041=ORIENTED_EDGE('',*,*,#3815,.T.);
#5042=ORIENTED_EDGE('',*,*,#3816,.T.);
#5043=ORIENTED_EDGE('',*,*,#3807,.T.);
#5044=ORIENTED_EDGE('',*,*,#3816,.F.);
#5045=ORIENTED_EDGE('',*,*,#3817,.F.);
#5046=ORIENTED_EDGE('',*,*,#3818,.T.);
#5047=ORIENTED_EDGE('',*,*,#3808,.F.);
#5048=ORIENTED_EDGE('',*,*,#3800,.F.);
#5049=ORIENTED_EDGE('',*,*,#3803,.T.);
#5050=ORIENTED_EDGE('',*,*,#3819,.T.);
#5051=ORIENTED_EDGE('',*,*,#3817,.T.);
#5052=ORIENTED_EDGE('',*,*,#3815,.F.);
#5053=ORIENTED_EDGE('',*,*,#3810,.T.);
#5054=ORIENTED_EDGE('',*,*,#3814,.T.);
#5055=ORIENTED_EDGE('',*,*,#3820,.F.);
#5056=ORIENTED_EDGE('',*,*,#3795,.T.);
#5057=ORIENTED_EDGE('',*,*,#3793,.T.);
#5058=ORIENTED_EDGE('',*,*,#3821,.T.);
#5059=ORIENTED_EDGE('',*,*,#3822,.T.);
#5060=ORIENTED_EDGE('',*,*,#3823,.T.);
#5061=ORIENTED_EDGE('',*,*,#3824,.T.);
#5062=ORIENTED_EDGE('',*,*,#3825,.F.);
#5063=ORIENTED_EDGE('',*,*,#3777,.T.);
#5064=ORIENTED_EDGE('',*,*,#3821,.F.);
#5065=ORIENTED_EDGE('',*,*,#3826,.T.);
#5066=ORIENTED_EDGE('',*,*,#3827,.T.);
#5067=ORIENTED_EDGE('',*,*,#3826,.F.);
#5068=ORIENTED_EDGE('',*,*,#3824,.F.);
#5069=ORIENTED_EDGE('',*,*,#3828,.F.);
#5070=ORIENTED_EDGE('',*,*,#3829,.F.);
#5071=ORIENTED_EDGE('',*,*,#3830,.F.);
#5072=ORIENTED_EDGE('',*,*,#3831,.T.);
#5073=ORIENTED_EDGE('',*,*,#3832,.T.);
#5074=ORIENTED_EDGE('',*,*,#3833,.T.);
#5075=ORIENTED_EDGE('',*,*,#3834,.T.);
#5076=ORIENTED_EDGE('',*,*,#3835,.F.);
#5077=ORIENTED_EDGE('',*,*,#3836,.T.);
#5078=ORIENTED_EDGE('',*,*,#3831,.F.);
#5079=ORIENTED_EDGE('',*,*,#3789,.T.);
#5080=ORIENTED_EDGE('',*,*,#3837,.T.);
#5081=ORIENTED_EDGE('',*,*,#3834,.F.);
#5082=ORIENTED_EDGE('',*,*,#3838,.F.);
#5083=ORIENTED_EDGE('',*,*,#3790,.T.);
#5084=ORIENTED_EDGE('',*,*,#3839,.T.);
#5085=ORIENTED_EDGE('',*,*,#3840,.T.);
#5086=ORIENTED_EDGE('',*,*,#3841,.T.);
#5087=ORIENTED_EDGE('',*,*,#3842,.T.);
#5088=ORIENTED_EDGE('',*,*,#3843,.T.);
#5089=ORIENTED_EDGE('',*,*,#3844,.T.);
#5090=ORIENTED_EDGE('',*,*,#3843,.F.);
#5091=ORIENTED_EDGE('',*,*,#3845,.F.);
#5092=ORIENTED_EDGE('',*,*,#3846,.F.);
#5093=ORIENTED_EDGE('',*,*,#3847,.F.);
#5094=ORIENTED_EDGE('',*,*,#3842,.F.);
#5095=ORIENTED_EDGE('',*,*,#3848,.T.);
#5096=ORIENTED_EDGE('',*,*,#3849,.F.);
#5097=ORIENTED_EDGE('',*,*,#3850,.T.);
#5098=ORIENTED_EDGE('',*,*,#3851,.F.);
#5099=ORIENTED_EDGE('',*,*,#3845,.T.);
#5100=ORIENTED_EDGE('',*,*,#3841,.F.);
#5101=ORIENTED_EDGE('',*,*,#3852,.T.);
#5102=ORIENTED_EDGE('',*,*,#3835,.T.);
#5103=ORIENTED_EDGE('',*,*,#3853,.F.);
#5104=ORIENTED_EDGE('',*,*,#3827,.F.);
#5105=ORIENTED_EDGE('',*,*,#3830,.T.);
#5106=ORIENTED_EDGE('',*,*,#3854,.F.);
#5107=ORIENTED_EDGE('',*,*,#3848,.F.);
#5108=ORIENTED_EDGE('',*,*,#3854,.T.);
#5109=ORIENTED_EDGE('',*,*,#3829,.T.);
#5110=ORIENTED_EDGE('',*,*,#3855,.T.);
#5111=ORIENTED_EDGE('',*,*,#3856,.T.);
#5112=ORIENTED_EDGE('',*,*,#3857,.T.);
#5113=ORIENTED_EDGE('',*,*,#3849,.T.);
#5114=ORIENTED_EDGE('',*,*,#3858,.T.);
#5115=ORIENTED_EDGE('',*,*,#3859,.F.);
#5116=ORIENTED_EDGE('',*,*,#3860,.F.);
#5117=ORIENTED_EDGE('',*,*,#3861,.F.);
#5118=ORIENTED_EDGE('',*,*,#3862,.F.);
#5119=ORIENTED_EDGE('',*,*,#3863,.T.);
#5120=ORIENTED_EDGE('',*,*,#3864,.T.);
#5121=ORIENTED_EDGE('',*,*,#3865,.T.);
#5122=ORIENTED_EDGE('',*,*,#3866,.F.);
#5123=ORIENTED_EDGE('',*,*,#3867,.F.);
#5124=ORIENTED_EDGE('',*,*,#3868,.T.);
#5125=ORIENTED_EDGE('',*,*,#3863,.F.);
#5126=ORIENTED_EDGE('',*,*,#3869,.T.);
#5127=ORIENTED_EDGE('',*,*,#3870,.T.);
#5128=ORIENTED_EDGE('',*,*,#3871,.T.);
#5129=ORIENTED_EDGE('',*,*,#3859,.T.);
#5130=ORIENTED_EDGE('',*,*,#3862,.T.);
#5131=ORIENTED_EDGE('',*,*,#3861,.T.);
#5132=ORIENTED_EDGE('',*,*,#3872,.T.);
#5133=ORIENTED_EDGE('',*,*,#3873,.T.);
#5134=ORIENTED_EDGE('',*,*,#3868,.F.);
#5135=ORIENTED_EDGE('',*,*,#3874,.F.);
#5136=ORIENTED_EDGE('',*,*,#3875,.T.);
#5137=ORIENTED_EDGE('',*,*,#3876,.F.);
#5138=ORIENTED_EDGE('',*,*,#3877,.F.);
#5139=ORIENTED_EDGE('',*,*,#3878,.T.);
#5140=ORIENTED_EDGE('',*,*,#3879,.T.);
#5141=ORIENTED_EDGE('',*,*,#3874,.T.);
#5142=ORIENTED_EDGE('',*,*,#3858,.F.);
#5143=ORIENTED_EDGE('',*,*,#3865,.F.);
#5144=ORIENTED_EDGE('',*,*,#3880,.T.);
#5145=ORIENTED_EDGE('',*,*,#3881,.F.);
#5146=ORIENTED_EDGE('',*,*,#3866,.T.);
#5147=ORIENTED_EDGE('',*,*,#3873,.F.);
#5148=ORIENTED_EDGE('',*,*,#3882,.F.);
#5149=ORIENTED_EDGE('',*,*,#3870,.F.);
#5150=ORIENTED_EDGE('',*,*,#3879,.F.);
#5151=ORIENTED_EDGE('',*,*,#3883,.T.);
#5152=ORIENTED_EDGE('',*,*,#3884,.T.);
#5153=ORIENTED_EDGE('',*,*,#3885,.T.);
#5154=ORIENTED_EDGE('',*,*,#3886,.F.);
#5155=ORIENTED_EDGE('',*,*,#3887,.F.);
#5156=ORIENTED_EDGE('',*,*,#3888,.T.);
#5157=ORIENTED_EDGE('',*,*,#3883,.F.);
#5158=ORIENTED_EDGE('',*,*,#3864,.F.);
#5159=ORIENTED_EDGE('',*,*,#3876,.T.);
#5160=ORIENTED_EDGE('',*,*,#3889,.T.);
#5161=ORIENTED_EDGE('',*,*,#3890,.T.);
#5162=ORIENTED_EDGE('',*,*,#3869,.F.);
#5163=ORIENTED_EDGE('',*,*,#3881,.T.);
#5164=ORIENTED_EDGE('',*,*,#3877,.T.);
#5165=ORIENTED_EDGE('',*,*,#3867,.T.);
#5166=ORIENTED_EDGE('',*,*,#3888,.F.);
#5167=ORIENTED_EDGE('',*,*,#3891,.F.);
#5168=ORIENTED_EDGE('',*,*,#3813,.T.);
#5169=ORIENTED_EDGE('',*,*,#3892,.F.);
#5170=ORIENTED_EDGE('',*,*,#3893,.F.);
#5171=ORIENTED_EDGE('',*,*,#3894,.T.);
#5172=ORIENTED_EDGE('',*,*,#3820,.T.);
#5173=ORIENTED_EDGE('',*,*,#3891,.T.);
#5174=ORIENTED_EDGE('',*,*,#3875,.F.);
#5175=ORIENTED_EDGE('',*,*,#3885,.F.);
#5176=ORIENTED_EDGE('',*,*,#3895,.T.);
#5177=ORIENTED_EDGE('',*,*,#3896,.F.);
#5178=ORIENTED_EDGE('',*,*,#3880,.F.);
#5179=ORIENTED_EDGE('',*,*,#3890,.F.);
#5180=ORIENTED_EDGE('',*,*,#3886,.T.);
#5181=ORIENTED_EDGE('',*,*,#3878,.F.);
#5182=ORIENTED_EDGE('',*,*,#3884,.F.);
#5183=ORIENTED_EDGE('',*,*,#3892,.T.);
#5184=ORIENTED_EDGE('',*,*,#3804,.T.);
#5185=ORIENTED_EDGE('',*,*,#3897,.T.);
#5186=ORIENTED_EDGE('',*,*,#3819,.F.);
#5187=ORIENTED_EDGE('',*,*,#3898,.T.);
#5188=ORIENTED_EDGE('',*,*,#3851,.T.);
#5189=ORIENTED_EDGE('',*,*,#3899,.T.);
#5190=ORIENTED_EDGE('',*,*,#3802,.F.);
#5191=ORIENTED_EDGE('',*,*,#3900,.F.);
#5192=ORIENTED_EDGE('',*,*,#3846,.T.);
#5193=ORIENTED_EDGE('',*,*,#3898,.F.);
#5194=ORIENTED_EDGE('',*,*,#3889,.F.);
#5195=ORIENTED_EDGE('',*,*,#3896,.T.);
#5196=ORIENTED_EDGE('',*,*,#3893,.T.);
#5197=ORIENTED_EDGE('',*,*,#3887,.T.);
#5198=ORIENTED_EDGE('',*,*,#3844,.F.);
#5199=ORIENTED_EDGE('',*,*,#3847,.T.);
#5200=ORIENTED_EDGE('',*,*,#3901,.F.);
#5201=ORIENTED_EDGE('',*,*,#3902,.T.);
#5202=ORIENTED_EDGE('',*,*,#3856,.F.);
#5203=ORIENTED_EDGE('',*,*,#3903,.T.);
#5204=ORIENTED_EDGE('',*,*,#3818,.F.);
#5205=ORIENTED_EDGE('',*,*,#3899,.F.);
#5206=ORIENTED_EDGE('',*,*,#3904,.T.);
#5207=ORIENTED_EDGE('',*,*,#3905,.F.);
#5208=ORIENTED_EDGE('',*,*,#3839,.F.);
#5209=ORIENTED_EDGE('',*,*,#3903,.F.);
#5210=ORIENTED_EDGE('',*,*,#3855,.F.);
#5211=ORIENTED_EDGE('',*,*,#3828,.T.);
#5212=ORIENTED_EDGE('',*,*,#3823,.F.);
#5213=ORIENTED_EDGE('',*,*,#3906,.T.);
#5214=ORIENTED_EDGE('',*,*,#3784,.T.);
#5215=ORIENTED_EDGE('',*,*,#3838,.T.);
#5216=ORIENTED_EDGE('',*,*,#3833,.F.);
#5217=ORIENTED_EDGE('',*,*,#3907,.T.);
#5218=ORIENTED_EDGE('',*,*,#3809,.F.);
#5219=ORIENTED_EDGE('',*,*,#3905,.T.);
#5220=ORIENTED_EDGE('',*,*,#3901,.T.);
#5221=ORIENTED_EDGE('',*,*,#3900,.T.);
#5222=ORIENTED_EDGE('',*,*,#3771,.F.);
#5223=ORIENTED_EDGE('',*,*,#3778,.T.);
#5224=ORIENTED_EDGE('',*,*,#3825,.T.);
#5225=ORIENTED_EDGE('',*,*,#3853,.T.);
#5226=ORIENTED_EDGE('',*,*,#3837,.F.);
#5227=ORIENTED_EDGE('',*,*,#3788,.T.);
#5228=ORIENTED_EDGE('',*,*,#3786,.F.);
#5229=ORIENTED_EDGE('',*,*,#3908,.T.);
#5230=ORIENTED_EDGE('',*,*,#3909,.T.);
#5231=ORIENTED_EDGE('',*,*,#3910,.T.);
#5232=ORIENTED_EDGE('',*,*,#3895,.F.);
#5233=ORIENTED_EDGE('',*,*,#3897,.F.);
#5234=ORIENTED_EDGE('',*,*,#3796,.T.);
#5235=ORIENTED_EDGE('',*,*,#3894,.F.);
#5236=ORIENTED_EDGE('',*,*,#3857,.F.);
#5237=ORIENTED_EDGE('',*,*,#3902,.F.);
#5238=ORIENTED_EDGE('',*,*,#3904,.F.);
#5239=ORIENTED_EDGE('',*,*,#3850,.F.);
#5240=ORIENTED_EDGE('',*,*,#3860,.T.);
#5241=ORIENTED_EDGE('',*,*,#3871,.F.);
#5242=ORIENTED_EDGE('',*,*,#3882,.T.);
#5243=ORIENTED_EDGE('',*,*,#3872,.F.);
#5244=ORIENTED_EDGE('',*,*,#3909,.F.);
#5245=ORIENTED_EDGE('',*,*,#3911,.T.);
#5246=ORIENTED_EDGE('',*,*,#3780,.F.);
#5247=ORIENTED_EDGE('',*,*,#3912,.F.);
#5248=ORIENTED_EDGE('',*,*,#3836,.F.);
#5249=ORIENTED_EDGE('',*,*,#3852,.F.);
#5250=ORIENTED_EDGE('',*,*,#3840,.F.);
#5251=ORIENTED_EDGE('',*,*,#3907,.F.);
#5252=ORIENTED_EDGE('',*,*,#3832,.F.);
#5253=ORIENTED_EDGE('',*,*,#3772,.F.);
#5254=ORIENTED_EDGE('',*,*,#3910,.F.);
#5255=ORIENTED_EDGE('',*,*,#3912,.T.);
#5256=ORIENTED_EDGE('',*,*,#3779,.F.);
#5257=ORIENTED_EDGE('',*,*,#3822,.F.);
#5258=ORIENTED_EDGE('',*,*,#3776,.T.);
#5259=ORIENTED_EDGE('',*,*,#3906,.F.);
#5260=ORIENTED_EDGE('',*,*,#3785,.F.);
#5261=ORIENTED_EDGE('',*,*,#3781,.F.);
#5262=ORIENTED_EDGE('',*,*,#3911,.F.);
#5263=ORIENTED_EDGE('',*,*,#3908,.F.);
#5264=ORIENTED_EDGE('',*,*,#3913,.T.);
#5265=ORIENTED_EDGE('',*,*,#3914,.T.);
#5266=ORIENTED_EDGE('',*,*,#3915,.T.);
#5267=ORIENTED_EDGE('',*,*,#3916,.T.);
#5268=ORIENTED_EDGE('',*,*,#3916,.F.);
#5269=ORIENTED_EDGE('',*,*,#3917,.F.);
#5270=ORIENTED_EDGE('',*,*,#3918,.F.);
#5271=ORIENTED_EDGE('',*,*,#3919,.F.);
#5272=ORIENTED_EDGE('',*,*,#3920,.F.);
#5273=ORIENTED_EDGE('',*,*,#3915,.F.);
#5274=ORIENTED_EDGE('',*,*,#3921,.T.);
#5275=ORIENTED_EDGE('',*,*,#3922,.T.);
#5276=ORIENTED_EDGE('',*,*,#3923,.T.);
#5277=ORIENTED_EDGE('',*,*,#3924,.F.);
#5278=ORIENTED_EDGE('',*,*,#3925,.T.);
#5279=ORIENTED_EDGE('',*,*,#3926,.F.);
#5280=ORIENTED_EDGE('',*,*,#3917,.T.);
#5281=ORIENTED_EDGE('',*,*,#3924,.T.);
#5282=ORIENTED_EDGE('',*,*,#3927,.T.);
#5283=ORIENTED_EDGE('',*,*,#3928,.T.);
#5284=ORIENTED_EDGE('',*,*,#3929,.T.);
#5285=ORIENTED_EDGE('',*,*,#3929,.F.);
#5286=ORIENTED_EDGE('',*,*,#3930,.F.);
#5287=ORIENTED_EDGE('',*,*,#3931,.F.);
#5288=ORIENTED_EDGE('',*,*,#3932,.F.);
#5289=ORIENTED_EDGE('',*,*,#3925,.F.);
#5290=ORIENTED_EDGE('',*,*,#3933,.T.);
#5291=ORIENTED_EDGE('',*,*,#3934,.T.);
#5292=ORIENTED_EDGE('',*,*,#3935,.F.);
#5293=ORIENTED_EDGE('',*,*,#3936,.T.);
#5294=ORIENTED_EDGE('',*,*,#3936,.F.);
#5295=ORIENTED_EDGE('',*,*,#3937,.F.);
#5296=ORIENTED_EDGE('',*,*,#3938,.F.);
#5297=ORIENTED_EDGE('',*,*,#3939,.F.);
#5298=ORIENTED_EDGE('',*,*,#3934,.F.);
#5299=ORIENTED_EDGE('',*,*,#3940,.T.);
#5300=ORIENTED_EDGE('',*,*,#3941,.T.);
#5301=ORIENTED_EDGE('',*,*,#3942,.T.);
#5302=ORIENTED_EDGE('',*,*,#3941,.F.);
#5303=ORIENTED_EDGE('',*,*,#3943,.F.);
#5304=ORIENTED_EDGE('',*,*,#3944,.T.);
#5305=ORIENTED_EDGE('',*,*,#3945,.F.);
#5306=ORIENTED_EDGE('',*,*,#3933,.F.);
#5307=ORIENTED_EDGE('',*,*,#3939,.T.);
#5308=ORIENTED_EDGE('',*,*,#3946,.F.);
#5309=ORIENTED_EDGE('',*,*,#3947,.T.);
#5310=ORIENTED_EDGE('',*,*,#3948,.F.);
#5311=ORIENTED_EDGE('',*,*,#3949,.F.);
#5312=ORIENTED_EDGE('',*,*,#3950,.T.);
#5313=ORIENTED_EDGE('',*,*,#3951,.T.);
#5314=ORIENTED_EDGE('',*,*,#3943,.T.);
#5315=ORIENTED_EDGE('',*,*,#3940,.F.);
#5316=ORIENTED_EDGE('',*,*,#3952,.F.);
#5317=ORIENTED_EDGE('',*,*,#3953,.T.);
#5318=ORIENTED_EDGE('',*,*,#3948,.T.);
#5319=ORIENTED_EDGE('',*,*,#3954,.T.);
#5320=ORIENTED_EDGE('',*,*,#3954,.F.);
#5321=ORIENTED_EDGE('',*,*,#3947,.F.);
#5322=ORIENTED_EDGE('',*,*,#3955,.F.);
#5323=ORIENTED_EDGE('',*,*,#3956,.F.);
#5324=ORIENTED_EDGE('',*,*,#3953,.F.);
#5325=ORIENTED_EDGE('',*,*,#3957,.T.);
#5326=ORIENTED_EDGE('',*,*,#3958,.T.);
#5327=ORIENTED_EDGE('',*,*,#3949,.T.);
#5328=ORIENTED_EDGE('',*,*,#3958,.F.);
#5329=ORIENTED_EDGE('',*,*,#3959,.F.);
#5330=ORIENTED_EDGE('',*,*,#3960,.T.);
#5331=ORIENTED_EDGE('',*,*,#3950,.F.);
#5332=ORIENTED_EDGE('',*,*,#3942,.F.);
#5333=ORIENTED_EDGE('',*,*,#3945,.T.);
#5334=ORIENTED_EDGE('',*,*,#3961,.T.);
#5335=ORIENTED_EDGE('',*,*,#3959,.T.);
#5336=ORIENTED_EDGE('',*,*,#3957,.F.);
#5337=ORIENTED_EDGE('',*,*,#3952,.T.);
#5338=ORIENTED_EDGE('',*,*,#3956,.T.);
#5339=ORIENTED_EDGE('',*,*,#3962,.F.);
#5340=ORIENTED_EDGE('',*,*,#3937,.T.);
#5341=ORIENTED_EDGE('',*,*,#3935,.T.);
#5342=ORIENTED_EDGE('',*,*,#3963,.T.);
#5343=ORIENTED_EDGE('',*,*,#3964,.T.);
#5344=ORIENTED_EDGE('',*,*,#3965,.T.);
#5345=ORIENTED_EDGE('',*,*,#3966,.T.);
#5346=ORIENTED_EDGE('',*,*,#3967,.F.);
#5347=ORIENTED_EDGE('',*,*,#3919,.T.);
#5348=ORIENTED_EDGE('',*,*,#3963,.F.);
#5349=ORIENTED_EDGE('',*,*,#3968,.T.);
#5350=ORIENTED_EDGE('',*,*,#3969,.T.);
#5351=ORIENTED_EDGE('',*,*,#3968,.F.);
#5352=ORIENTED_EDGE('',*,*,#3966,.F.);
#5353=ORIENTED_EDGE('',*,*,#3970,.F.);
#5354=ORIENTED_EDGE('',*,*,#3971,.F.);
#5355=ORIENTED_EDGE('',*,*,#3972,.F.);
#5356=ORIENTED_EDGE('',*,*,#3973,.T.);
#5357=ORIENTED_EDGE('',*,*,#3974,.T.);
#5358=ORIENTED_EDGE('',*,*,#3975,.T.);
#5359=ORIENTED_EDGE('',*,*,#3976,.T.);
#5360=ORIENTED_EDGE('',*,*,#3977,.F.);
#5361=ORIENTED_EDGE('',*,*,#3978,.T.);
#5362=ORIENTED_EDGE('',*,*,#3973,.F.);
#5363=ORIENTED_EDGE('',*,*,#3931,.T.);
#5364=ORIENTED_EDGE('',*,*,#3979,.T.);
#5365=ORIENTED_EDGE('',*,*,#3976,.F.);
#5366=ORIENTED_EDGE('',*,*,#3980,.F.);
#5367=ORIENTED_EDGE('',*,*,#3932,.T.);
#5368=ORIENTED_EDGE('',*,*,#3981,.T.);
#5369=ORIENTED_EDGE('',*,*,#3982,.T.);
#5370=ORIENTED_EDGE('',*,*,#3983,.T.);
#5371=ORIENTED_EDGE('',*,*,#3984,.T.);
#5372=ORIENTED_EDGE('',*,*,#3985,.T.);
#5373=ORIENTED_EDGE('',*,*,#3986,.T.);
#5374=ORIENTED_EDGE('',*,*,#3985,.F.);
#5375=ORIENTED_EDGE('',*,*,#3987,.F.);
#5376=ORIENTED_EDGE('',*,*,#3988,.F.);
#5377=ORIENTED_EDGE('',*,*,#3989,.F.);
#5378=ORIENTED_EDGE('',*,*,#3984,.F.);
#5379=ORIENTED_EDGE('',*,*,#3990,.T.);
#5380=ORIENTED_EDGE('',*,*,#3991,.F.);
#5381=ORIENTED_EDGE('',*,*,#3992,.T.);
#5382=ORIENTED_EDGE('',*,*,#3993,.F.);
#5383=ORIENTED_EDGE('',*,*,#3987,.T.);
#5384=ORIENTED_EDGE('',*,*,#3983,.F.);
#5385=ORIENTED_EDGE('',*,*,#3994,.T.);
#5386=ORIENTED_EDGE('',*,*,#3977,.T.);
#5387=ORIENTED_EDGE('',*,*,#3995,.F.);
#5388=ORIENTED_EDGE('',*,*,#3969,.F.);
#5389=ORIENTED_EDGE('',*,*,#3972,.T.);
#5390=ORIENTED_EDGE('',*,*,#3996,.F.);
#5391=ORIENTED_EDGE('',*,*,#3990,.F.);
#5392=ORIENTED_EDGE('',*,*,#3996,.T.);
#5393=ORIENTED_EDGE('',*,*,#3971,.T.);
#5394=ORIENTED_EDGE('',*,*,#3997,.T.);
#5395=ORIENTED_EDGE('',*,*,#3998,.T.);
#5396=ORIENTED_EDGE('',*,*,#3999,.T.);
#5397=ORIENTED_EDGE('',*,*,#3991,.T.);
#5398=ORIENTED_EDGE('',*,*,#4000,.T.);
#5399=ORIENTED_EDGE('',*,*,#4001,.F.);
#5400=ORIENTED_EDGE('',*,*,#4002,.F.);
#5401=ORIENTED_EDGE('',*,*,#4003,.F.);
#5402=ORIENTED_EDGE('',*,*,#4004,.F.);
#5403=ORIENTED_EDGE('',*,*,#4005,.T.);
#5404=ORIENTED_EDGE('',*,*,#4006,.T.);
#5405=ORIENTED_EDGE('',*,*,#4007,.T.);
#5406=ORIENTED_EDGE('',*,*,#4008,.F.);
#5407=ORIENTED_EDGE('',*,*,#4009,.F.);
#5408=ORIENTED_EDGE('',*,*,#4010,.T.);
#5409=ORIENTED_EDGE('',*,*,#4005,.F.);
#5410=ORIENTED_EDGE('',*,*,#4011,.T.);
#5411=ORIENTED_EDGE('',*,*,#4012,.T.);
#5412=ORIENTED_EDGE('',*,*,#4013,.T.);
#5413=ORIENTED_EDGE('',*,*,#4001,.T.);
#5414=ORIENTED_EDGE('',*,*,#4004,.T.);
#5415=ORIENTED_EDGE('',*,*,#4003,.T.);
#5416=ORIENTED_EDGE('',*,*,#4014,.T.);
#5417=ORIENTED_EDGE('',*,*,#4015,.T.);
#5418=ORIENTED_EDGE('',*,*,#4010,.F.);
#5419=ORIENTED_EDGE('',*,*,#4016,.F.);
#5420=ORIENTED_EDGE('',*,*,#4017,.T.);
#5421=ORIENTED_EDGE('',*,*,#4018,.F.);
#5422=ORIENTED_EDGE('',*,*,#4019,.F.);
#5423=ORIENTED_EDGE('',*,*,#4020,.T.);
#5424=ORIENTED_EDGE('',*,*,#4021,.T.);
#5425=ORIENTED_EDGE('',*,*,#4016,.T.);
#5426=ORIENTED_EDGE('',*,*,#4000,.F.);
#5427=ORIENTED_EDGE('',*,*,#4007,.F.);
#5428=ORIENTED_EDGE('',*,*,#4022,.T.);
#5429=ORIENTED_EDGE('',*,*,#4023,.F.);
#5430=ORIENTED_EDGE('',*,*,#4008,.T.);
#5431=ORIENTED_EDGE('',*,*,#4015,.F.);
#5432=ORIENTED_EDGE('',*,*,#4024,.F.);
#5433=ORIENTED_EDGE('',*,*,#4012,.F.);
#5434=ORIENTED_EDGE('',*,*,#4021,.F.);
#5435=ORIENTED_EDGE('',*,*,#4025,.T.);
#5436=ORIENTED_EDGE('',*,*,#4026,.T.);
#5437=ORIENTED_EDGE('',*,*,#4027,.T.);
#5438=ORIENTED_EDGE('',*,*,#4028,.F.);
#5439=ORIENTED_EDGE('',*,*,#4029,.F.);
#5440=ORIENTED_EDGE('',*,*,#4030,.T.);
#5441=ORIENTED_EDGE('',*,*,#4025,.F.);
#5442=ORIENTED_EDGE('',*,*,#4006,.F.);
#5443=ORIENTED_EDGE('',*,*,#4018,.T.);
#5444=ORIENTED_EDGE('',*,*,#4031,.T.);
#5445=ORIENTED_EDGE('',*,*,#4032,.T.);
#5446=ORIENTED_EDGE('',*,*,#4011,.F.);
#5447=ORIENTED_EDGE('',*,*,#4023,.T.);
#5448=ORIENTED_EDGE('',*,*,#4019,.T.);
#5449=ORIENTED_EDGE('',*,*,#4009,.T.);
#5450=ORIENTED_EDGE('',*,*,#4030,.F.);
#5451=ORIENTED_EDGE('',*,*,#4033,.F.);
#5452=ORIENTED_EDGE('',*,*,#3955,.T.);
#5453=ORIENTED_EDGE('',*,*,#4034,.F.);
#5454=ORIENTED_EDGE('',*,*,#4035,.F.);
#5455=ORIENTED_EDGE('',*,*,#4036,.T.);
#5456=ORIENTED_EDGE('',*,*,#3962,.T.);
#5457=ORIENTED_EDGE('',*,*,#4033,.T.);
#5458=ORIENTED_EDGE('',*,*,#4017,.F.);
#5459=ORIENTED_EDGE('',*,*,#4027,.F.);
#5460=ORIENTED_EDGE('',*,*,#4037,.T.);
#5461=ORIENTED_EDGE('',*,*,#4038,.F.);
#5462=ORIENTED_EDGE('',*,*,#4022,.F.);
#5463=ORIENTED_EDGE('',*,*,#4032,.F.);
#5464=ORIENTED_EDGE('',*,*,#4028,.T.);
#5465=ORIENTED_EDGE('',*,*,#4020,.F.);
#5466=ORIENTED_EDGE('',*,*,#4026,.F.);
#5467=ORIENTED_EDGE('',*,*,#4034,.T.);
#5468=ORIENTED_EDGE('',*,*,#3946,.T.);
#5469=ORIENTED_EDGE('',*,*,#4039,.T.);
#5470=ORIENTED_EDGE('',*,*,#3961,.F.);
#5471=ORIENTED_EDGE('',*,*,#4040,.T.);
#5472=ORIENTED_EDGE('',*,*,#3993,.T.);
#5473=ORIENTED_EDGE('',*,*,#4041,.T.);
#5474=ORIENTED_EDGE('',*,*,#3944,.F.);
#5475=ORIENTED_EDGE('',*,*,#4042,.F.);
#5476=ORIENTED_EDGE('',*,*,#3988,.T.);
#5477=ORIENTED_EDGE('',*,*,#4040,.F.);
#5478=ORIENTED_EDGE('',*,*,#4031,.F.);
#5479=ORIENTED_EDGE('',*,*,#4038,.T.);
#5480=ORIENTED_EDGE('',*,*,#4035,.T.);
#5481=ORIENTED_EDGE('',*,*,#4029,.T.);
#5482=ORIENTED_EDGE('',*,*,#3986,.F.);
#5483=ORIENTED_EDGE('',*,*,#3989,.T.);
#5484=ORIENTED_EDGE('',*,*,#4043,.F.);
#5485=ORIENTED_EDGE('',*,*,#4044,.T.);
#5486=ORIENTED_EDGE('',*,*,#3998,.F.);
#5487=ORIENTED_EDGE('',*,*,#4045,.T.);
#5488=ORIENTED_EDGE('',*,*,#3960,.F.);
#5489=ORIENTED_EDGE('',*,*,#4041,.F.);
#5490=ORIENTED_EDGE('',*,*,#4046,.T.);
#5491=ORIENTED_EDGE('',*,*,#4047,.F.);
#5492=ORIENTED_EDGE('',*,*,#3981,.F.);
#5493=ORIENTED_EDGE('',*,*,#4045,.F.);
#5494=ORIENTED_EDGE('',*,*,#3997,.F.);
#5495=ORIENTED_EDGE('',*,*,#3970,.T.);
#5496=ORIENTED_EDGE('',*,*,#3965,.F.);
#5497=ORIENTED_EDGE('',*,*,#4048,.T.);
#5498=ORIENTED_EDGE('',*,*,#3926,.T.);
#5499=ORIENTED_EDGE('',*,*,#3980,.T.);
#5500=ORIENTED_EDGE('',*,*,#3975,.F.);
#5501=ORIENTED_EDGE('',*,*,#4049,.T.);
#5502=ORIENTED_EDGE('',*,*,#3951,.F.);
#5503=ORIENTED_EDGE('',*,*,#4047,.T.);
#5504=ORIENTED_EDGE('',*,*,#4043,.T.);
#5505=ORIENTED_EDGE('',*,*,#4042,.T.);
#5506=ORIENTED_EDGE('',*,*,#3913,.F.);
#5507=ORIENTED_EDGE('',*,*,#3920,.T.);
#5508=ORIENTED_EDGE('',*,*,#3967,.T.);
#5509=ORIENTED_EDGE('',*,*,#3995,.T.);
#5510=ORIENTED_EDGE('',*,*,#3979,.F.);
#5511=ORIENTED_EDGE('',*,*,#3930,.T.);
#5512=ORIENTED_EDGE('',*,*,#3928,.F.);
#5513=ORIENTED_EDGE('',*,*,#4050,.T.);
#5514=ORIENTED_EDGE('',*,*,#4051,.T.);
#5515=ORIENTED_EDGE('',*,*,#4052,.T.);
#5516=ORIENTED_EDGE('',*,*,#4037,.F.);
#5517=ORIENTED_EDGE('',*,*,#4039,.F.);
#5518=ORIENTED_EDGE('',*,*,#3938,.T.);
#5519=ORIENTED_EDGE('',*,*,#4036,.F.);
#5520=ORIENTED_EDGE('',*,*,#3999,.F.);
#5521=ORIENTED_EDGE('',*,*,#4044,.F.);
#5522=ORIENTED_EDGE('',*,*,#4046,.F.);
#5523=ORIENTED_EDGE('',*,*,#3992,.F.);
#5524=ORIENTED_EDGE('',*,*,#4002,.T.);
#5525=ORIENTED_EDGE('',*,*,#4013,.F.);
#5526=ORIENTED_EDGE('',*,*,#4024,.T.);
#5527=ORIENTED_EDGE('',*,*,#4014,.F.);
#5528=ORIENTED_EDGE('',*,*,#4051,.F.);
#5529=ORIENTED_EDGE('',*,*,#4053,.T.);
#5530=ORIENTED_EDGE('',*,*,#3922,.F.);
#5531=ORIENTED_EDGE('',*,*,#4054,.F.);
#5532=ORIENTED_EDGE('',*,*,#3978,.F.);
#5533=ORIENTED_EDGE('',*,*,#3994,.F.);
#5534=ORIENTED_EDGE('',*,*,#3982,.F.);
#5535=ORIENTED_EDGE('',*,*,#4049,.F.);
#5536=ORIENTED_EDGE('',*,*,#3974,.F.);
#5537=ORIENTED_EDGE('',*,*,#3914,.F.);
#5538=ORIENTED_EDGE('',*,*,#4052,.F.);
#5539=ORIENTED_EDGE('',*,*,#4054,.T.);
#5540=ORIENTED_EDGE('',*,*,#3921,.F.);
#5541=ORIENTED_EDGE('',*,*,#3964,.F.);
#5542=ORIENTED_EDGE('',*,*,#3918,.T.);
#5543=ORIENTED_EDGE('',*,*,#4048,.F.);
#5544=ORIENTED_EDGE('',*,*,#3927,.F.);
#5545=ORIENTED_EDGE('',*,*,#3923,.F.);
#5546=ORIENTED_EDGE('',*,*,#4053,.F.);
#5547=ORIENTED_EDGE('',*,*,#4050,.F.);
#5548=ORIENTED_EDGE('',*,*,#4055,.T.);
#5549=ORIENTED_EDGE('',*,*,#4056,.T.);
#5550=ORIENTED_EDGE('',*,*,#4057,.T.);
#5551=ORIENTED_EDGE('',*,*,#4058,.T.);
#5552=ORIENTED_EDGE('',*,*,#4058,.F.);
#5553=ORIENTED_EDGE('',*,*,#4059,.F.);
#5554=ORIENTED_EDGE('',*,*,#4060,.F.);
#5555=ORIENTED_EDGE('',*,*,#4061,.F.);
#5556=ORIENTED_EDGE('',*,*,#4062,.F.);
#5557=ORIENTED_EDGE('',*,*,#4057,.F.);
#5558=ORIENTED_EDGE('',*,*,#4063,.T.);
#5559=ORIENTED_EDGE('',*,*,#4064,.T.);
#5560=ORIENTED_EDGE('',*,*,#4065,.T.);
#5561=ORIENTED_EDGE('',*,*,#4066,.F.);
#5562=ORIENTED_EDGE('',*,*,#4067,.T.);
#5563=ORIENTED_EDGE('',*,*,#4068,.F.);
#5564=ORIENTED_EDGE('',*,*,#4059,.T.);
#5565=ORIENTED_EDGE('',*,*,#4066,.T.);
#5566=ORIENTED_EDGE('',*,*,#4069,.T.);
#5567=ORIENTED_EDGE('',*,*,#4070,.T.);
#5568=ORIENTED_EDGE('',*,*,#4071,.T.);
#5569=ORIENTED_EDGE('',*,*,#4071,.F.);
#5570=ORIENTED_EDGE('',*,*,#4072,.F.);
#5571=ORIENTED_EDGE('',*,*,#4073,.F.);
#5572=ORIENTED_EDGE('',*,*,#4074,.F.);
#5573=ORIENTED_EDGE('',*,*,#4067,.F.);
#5574=ORIENTED_EDGE('',*,*,#4075,.T.);
#5575=ORIENTED_EDGE('',*,*,#4076,.T.);
#5576=ORIENTED_EDGE('',*,*,#4077,.F.);
#5577=ORIENTED_EDGE('',*,*,#4078,.T.);
#5578=ORIENTED_EDGE('',*,*,#4078,.F.);
#5579=ORIENTED_EDGE('',*,*,#4079,.F.);
#5580=ORIENTED_EDGE('',*,*,#4080,.F.);
#5581=ORIENTED_EDGE('',*,*,#4081,.F.);
#5582=ORIENTED_EDGE('',*,*,#4076,.F.);
#5583=ORIENTED_EDGE('',*,*,#4082,.T.);
#5584=ORIENTED_EDGE('',*,*,#4083,.T.);
#5585=ORIENTED_EDGE('',*,*,#4084,.T.);
#5586=ORIENTED_EDGE('',*,*,#4083,.F.);
#5587=ORIENTED_EDGE('',*,*,#4085,.F.);
#5588=ORIENTED_EDGE('',*,*,#4086,.T.);
#5589=ORIENTED_EDGE('',*,*,#4087,.F.);
#5590=ORIENTED_EDGE('',*,*,#4075,.F.);
#5591=ORIENTED_EDGE('',*,*,#4081,.T.);
#5592=ORIENTED_EDGE('',*,*,#4088,.F.);
#5593=ORIENTED_EDGE('',*,*,#4089,.T.);
#5594=ORIENTED_EDGE('',*,*,#4090,.F.);
#5595=ORIENTED_EDGE('',*,*,#4091,.F.);
#5596=ORIENTED_EDGE('',*,*,#4092,.T.);
#5597=ORIENTED_EDGE('',*,*,#4093,.T.);
#5598=ORIENTED_EDGE('',*,*,#4085,.T.);
#5599=ORIENTED_EDGE('',*,*,#4082,.F.);
#5600=ORIENTED_EDGE('',*,*,#4094,.F.);
#5601=ORIENTED_EDGE('',*,*,#4095,.T.);
#5602=ORIENTED_EDGE('',*,*,#4090,.T.);
#5603=ORIENTED_EDGE('',*,*,#4096,.T.);
#5604=ORIENTED_EDGE('',*,*,#4096,.F.);
#5605=ORIENTED_EDGE('',*,*,#4089,.F.);
#5606=ORIENTED_EDGE('',*,*,#4097,.F.);
#5607=ORIENTED_EDGE('',*,*,#4098,.F.);
#5608=ORIENTED_EDGE('',*,*,#4095,.F.);
#5609=ORIENTED_EDGE('',*,*,#4099,.T.);
#5610=ORIENTED_EDGE('',*,*,#4100,.T.);
#5611=ORIENTED_EDGE('',*,*,#4091,.T.);
#5612=ORIENTED_EDGE('',*,*,#4100,.F.);
#5613=ORIENTED_EDGE('',*,*,#4101,.F.);
#5614=ORIENTED_EDGE('',*,*,#4102,.T.);
#5615=ORIENTED_EDGE('',*,*,#4092,.F.);
#5616=ORIENTED_EDGE('',*,*,#4084,.F.);
#5617=ORIENTED_EDGE('',*,*,#4087,.T.);
#5618=ORIENTED_EDGE('',*,*,#4103,.T.);
#5619=ORIENTED_EDGE('',*,*,#4101,.T.);
#5620=ORIENTED_EDGE('',*,*,#4099,.F.);
#5621=ORIENTED_EDGE('',*,*,#4094,.T.);
#5622=ORIENTED_EDGE('',*,*,#4098,.T.);
#5623=ORIENTED_EDGE('',*,*,#4104,.F.);
#5624=ORIENTED_EDGE('',*,*,#4079,.T.);
#5625=ORIENTED_EDGE('',*,*,#4077,.T.);
#5626=ORIENTED_EDGE('',*,*,#4105,.T.);
#5627=ORIENTED_EDGE('',*,*,#4106,.T.);
#5628=ORIENTED_EDGE('',*,*,#4107,.T.);
#5629=ORIENTED_EDGE('',*,*,#4108,.T.);
#5630=ORIENTED_EDGE('',*,*,#4109,.F.);
#5631=ORIENTED_EDGE('',*,*,#4061,.T.);
#5632=ORIENTED_EDGE('',*,*,#4105,.F.);
#5633=ORIENTED_EDGE('',*,*,#4110,.T.);
#5634=ORIENTED_EDGE('',*,*,#4111,.T.);
#5635=ORIENTED_EDGE('',*,*,#4110,.F.);
#5636=ORIENTED_EDGE('',*,*,#4108,.F.);
#5637=ORIENTED_EDGE('',*,*,#4112,.F.);
#5638=ORIENTED_EDGE('',*,*,#4113,.F.);
#5639=ORIENTED_EDGE('',*,*,#4114,.F.);
#5640=ORIENTED_EDGE('',*,*,#4115,.T.);
#5641=ORIENTED_EDGE('',*,*,#4116,.T.);
#5642=ORIENTED_EDGE('',*,*,#4117,.T.);
#5643=ORIENTED_EDGE('',*,*,#4118,.T.);
#5644=ORIENTED_EDGE('',*,*,#4119,.F.);
#5645=ORIENTED_EDGE('',*,*,#4120,.T.);
#5646=ORIENTED_EDGE('',*,*,#4115,.F.);
#5647=ORIENTED_EDGE('',*,*,#4073,.T.);
#5648=ORIENTED_EDGE('',*,*,#4121,.T.);
#5649=ORIENTED_EDGE('',*,*,#4118,.F.);
#5650=ORIENTED_EDGE('',*,*,#4122,.F.);
#5651=ORIENTED_EDGE('',*,*,#4074,.T.);
#5652=ORIENTED_EDGE('',*,*,#4123,.T.);
#5653=ORIENTED_EDGE('',*,*,#4124,.T.);
#5654=ORIENTED_EDGE('',*,*,#4125,.T.);
#5655=ORIENTED_EDGE('',*,*,#4126,.T.);
#5656=ORIENTED_EDGE('',*,*,#4127,.T.);
#5657=ORIENTED_EDGE('',*,*,#4128,.T.);
#5658=ORIENTED_EDGE('',*,*,#4127,.F.);
#5659=ORIENTED_EDGE('',*,*,#4129,.F.);
#5660=ORIENTED_EDGE('',*,*,#4130,.F.);
#5661=ORIENTED_EDGE('',*,*,#4131,.F.);
#5662=ORIENTED_EDGE('',*,*,#4126,.F.);
#5663=ORIENTED_EDGE('',*,*,#4132,.T.);
#5664=ORIENTED_EDGE('',*,*,#4133,.F.);
#5665=ORIENTED_EDGE('',*,*,#4134,.T.);
#5666=ORIENTED_EDGE('',*,*,#4135,.F.);
#5667=ORIENTED_EDGE('',*,*,#4129,.T.);
#5668=ORIENTED_EDGE('',*,*,#4125,.F.);
#5669=ORIENTED_EDGE('',*,*,#4136,.T.);
#5670=ORIENTED_EDGE('',*,*,#4119,.T.);
#5671=ORIENTED_EDGE('',*,*,#4137,.F.);
#5672=ORIENTED_EDGE('',*,*,#4111,.F.);
#5673=ORIENTED_EDGE('',*,*,#4114,.T.);
#5674=ORIENTED_EDGE('',*,*,#4138,.F.);
#5675=ORIENTED_EDGE('',*,*,#4132,.F.);
#5676=ORIENTED_EDGE('',*,*,#4138,.T.);
#5677=ORIENTED_EDGE('',*,*,#4113,.T.);
#5678=ORIENTED_EDGE('',*,*,#4139,.T.);
#5679=ORIENTED_EDGE('',*,*,#4140,.T.);
#5680=ORIENTED_EDGE('',*,*,#4141,.T.);
#5681=ORIENTED_EDGE('',*,*,#4133,.T.);
#5682=ORIENTED_EDGE('',*,*,#4142,.T.);
#5683=ORIENTED_EDGE('',*,*,#4143,.F.);
#5684=ORIENTED_EDGE('',*,*,#4144,.F.);
#5685=ORIENTED_EDGE('',*,*,#4145,.F.);
#5686=ORIENTED_EDGE('',*,*,#4146,.F.);
#5687=ORIENTED_EDGE('',*,*,#4147,.T.);
#5688=ORIENTED_EDGE('',*,*,#4148,.T.);
#5689=ORIENTED_EDGE('',*,*,#4149,.T.);
#5690=ORIENTED_EDGE('',*,*,#4150,.F.);
#5691=ORIENTED_EDGE('',*,*,#4151,.F.);
#5692=ORIENTED_EDGE('',*,*,#4152,.T.);
#5693=ORIENTED_EDGE('',*,*,#4147,.F.);
#5694=ORIENTED_EDGE('',*,*,#4153,.T.);
#5695=ORIENTED_EDGE('',*,*,#4154,.T.);
#5696=ORIENTED_EDGE('',*,*,#4155,.T.);
#5697=ORIENTED_EDGE('',*,*,#4143,.T.);
#5698=ORIENTED_EDGE('',*,*,#4146,.T.);
#5699=ORIENTED_EDGE('',*,*,#4145,.T.);
#5700=ORIENTED_EDGE('',*,*,#4156,.T.);
#5701=ORIENTED_EDGE('',*,*,#4157,.T.);
#5702=ORIENTED_EDGE('',*,*,#4152,.F.);
#5703=ORIENTED_EDGE('',*,*,#4158,.F.);
#5704=ORIENTED_EDGE('',*,*,#4159,.T.);
#5705=ORIENTED_EDGE('',*,*,#4160,.F.);
#5706=ORIENTED_EDGE('',*,*,#4161,.F.);
#5707=ORIENTED_EDGE('',*,*,#4162,.T.);
#5708=ORIENTED_EDGE('',*,*,#4163,.T.);
#5709=ORIENTED_EDGE('',*,*,#4158,.T.);
#5710=ORIENTED_EDGE('',*,*,#4142,.F.);
#5711=ORIENTED_EDGE('',*,*,#4149,.F.);
#5712=ORIENTED_EDGE('',*,*,#4164,.T.);
#5713=ORIENTED_EDGE('',*,*,#4165,.F.);
#5714=ORIENTED_EDGE('',*,*,#4150,.T.);
#5715=ORIENTED_EDGE('',*,*,#4157,.F.);
#5716=ORIENTED_EDGE('',*,*,#4166,.F.);
#5717=ORIENTED_EDGE('',*,*,#4154,.F.);
#5718=ORIENTED_EDGE('',*,*,#4163,.F.);
#5719=ORIENTED_EDGE('',*,*,#4167,.T.);
#5720=ORIENTED_EDGE('',*,*,#4168,.T.);
#5721=ORIENTED_EDGE('',*,*,#4169,.T.);
#5722=ORIENTED_EDGE('',*,*,#4170,.F.);
#5723=ORIENTED_EDGE('',*,*,#4171,.F.);
#5724=ORIENTED_EDGE('',*,*,#4172,.T.);
#5725=ORIENTED_EDGE('',*,*,#4167,.F.);
#5726=ORIENTED_EDGE('',*,*,#4148,.F.);
#5727=ORIENTED_EDGE('',*,*,#4160,.T.);
#5728=ORIENTED_EDGE('',*,*,#4173,.T.);
#5729=ORIENTED_EDGE('',*,*,#4174,.T.);
#5730=ORIENTED_EDGE('',*,*,#4153,.F.);
#5731=ORIENTED_EDGE('',*,*,#4165,.T.);
#5732=ORIENTED_EDGE('',*,*,#4161,.T.);
#5733=ORIENTED_EDGE('',*,*,#4151,.T.);
#5734=ORIENTED_EDGE('',*,*,#4172,.F.);
#5735=ORIENTED_EDGE('',*,*,#4175,.F.);
#5736=ORIENTED_EDGE('',*,*,#4097,.T.);
#5737=ORIENTED_EDGE('',*,*,#4176,.F.);
#5738=ORIENTED_EDGE('',*,*,#4177,.F.);
#5739=ORIENTED_EDGE('',*,*,#4178,.T.);
#5740=ORIENTED_EDGE('',*,*,#4104,.T.);
#5741=ORIENTED_EDGE('',*,*,#4175,.T.);
#5742=ORIENTED_EDGE('',*,*,#4159,.F.);
#5743=ORIENTED_EDGE('',*,*,#4169,.F.);
#5744=ORIENTED_EDGE('',*,*,#4179,.T.);
#5745=ORIENTED_EDGE('',*,*,#4180,.F.);
#5746=ORIENTED_EDGE('',*,*,#4164,.F.);
#5747=ORIENTED_EDGE('',*,*,#4174,.F.);
#5748=ORIENTED_EDGE('',*,*,#4170,.T.);
#5749=ORIENTED_EDGE('',*,*,#4162,.F.);
#5750=ORIENTED_EDGE('',*,*,#4168,.F.);
#5751=ORIENTED_EDGE('',*,*,#4176,.T.);
#5752=ORIENTED_EDGE('',*,*,#4088,.T.);
#5753=ORIENTED_EDGE('',*,*,#4181,.T.);
#5754=ORIENTED_EDGE('',*,*,#4103,.F.);
#5755=ORIENTED_EDGE('',*,*,#4182,.T.);
#5756=ORIENTED_EDGE('',*,*,#4135,.T.);
#5757=ORIENTED_EDGE('',*,*,#4183,.T.);
#5758=ORIENTED_EDGE('',*,*,#4086,.F.);
#5759=ORIENTED_EDGE('',*,*,#4184,.F.);
#5760=ORIENTED_EDGE('',*,*,#4130,.T.);
#5761=ORIENTED_EDGE('',*,*,#4182,.F.);
#5762=ORIENTED_EDGE('',*,*,#4173,.F.);
#5763=ORIENTED_EDGE('',*,*,#4180,.T.);
#5764=ORIENTED_EDGE('',*,*,#4177,.T.);
#5765=ORIENTED_EDGE('',*,*,#4171,.T.);
#5766=ORIENTED_EDGE('',*,*,#4128,.F.);
#5767=ORIENTED_EDGE('',*,*,#4131,.T.);
#5768=ORIENTED_EDGE('',*,*,#4185,.F.);
#5769=ORIENTED_EDGE('',*,*,#4186,.T.);
#5770=ORIENTED_EDGE('',*,*,#4140,.F.);
#5771=ORIENTED_EDGE('',*,*,#4187,.T.);
#5772=ORIENTED_EDGE('',*,*,#4102,.F.);
#5773=ORIENTED_EDGE('',*,*,#4183,.F.);
#5774=ORIENTED_EDGE('',*,*,#4188,.T.);
#5775=ORIENTED_EDGE('',*,*,#4189,.F.);
#5776=ORIENTED_EDGE('',*,*,#4123,.F.);
#5777=ORIENTED_EDGE('',*,*,#4187,.F.);
#5778=ORIENTED_EDGE('',*,*,#4139,.F.);
#5779=ORIENTED_EDGE('',*,*,#4112,.T.);
#5780=ORIENTED_EDGE('',*,*,#4107,.F.);
#5781=ORIENTED_EDGE('',*,*,#4190,.T.);
#5782=ORIENTED_EDGE('',*,*,#4068,.T.);
#5783=ORIENTED_EDGE('',*,*,#4122,.T.);
#5784=ORIENTED_EDGE('',*,*,#4117,.F.);
#5785=ORIENTED_EDGE('',*,*,#4191,.T.);
#5786=ORIENTED_EDGE('',*,*,#4093,.F.);
#5787=ORIENTED_EDGE('',*,*,#4189,.T.);
#5788=ORIENTED_EDGE('',*,*,#4185,.T.);
#5789=ORIENTED_EDGE('',*,*,#4184,.T.);
#5790=ORIENTED_EDGE('',*,*,#4055,.F.);
#5791=ORIENTED_EDGE('',*,*,#4062,.T.);
#5792=ORIENTED_EDGE('',*,*,#4109,.T.);
#5793=ORIENTED_EDGE('',*,*,#4137,.T.);
#5794=ORIENTED_EDGE('',*,*,#4121,.F.);
#5795=ORIENTED_EDGE('',*,*,#4072,.T.);
#5796=ORIENTED_EDGE('',*,*,#4070,.F.);
#5797=ORIENTED_EDGE('',*,*,#4192,.T.);
#5798=ORIENTED_EDGE('',*,*,#4193,.T.);
#5799=ORIENTED_EDGE('',*,*,#4194,.T.);
#5800=ORIENTED_EDGE('',*,*,#4179,.F.);
#5801=ORIENTED_EDGE('',*,*,#4181,.F.);
#5802=ORIENTED_EDGE('',*,*,#4080,.T.);
#5803=ORIENTED_EDGE('',*,*,#4178,.F.);
#5804=ORIENTED_EDGE('',*,*,#4141,.F.);
#5805=ORIENTED_EDGE('',*,*,#4186,.F.);
#5806=ORIENTED_EDGE('',*,*,#4188,.F.);
#5807=ORIENTED_EDGE('',*,*,#4134,.F.);
#5808=ORIENTED_EDGE('',*,*,#4144,.T.);
#5809=ORIENTED_EDGE('',*,*,#4155,.F.);
#5810=ORIENTED_EDGE('',*,*,#4166,.T.);
#5811=ORIENTED_EDGE('',*,*,#4156,.F.);
#5812=ORIENTED_EDGE('',*,*,#4193,.F.);
#5813=ORIENTED_EDGE('',*,*,#4195,.T.);
#5814=ORIENTED_EDGE('',*,*,#4064,.F.);
#5815=ORIENTED_EDGE('',*,*,#4196,.F.);
#5816=ORIENTED_EDGE('',*,*,#4120,.F.);
#5817=ORIENTED_EDGE('',*,*,#4136,.F.);
#5818=ORIENTED_EDGE('',*,*,#4124,.F.);
#5819=ORIENTED_EDGE('',*,*,#4191,.F.);
#5820=ORIENTED_EDGE('',*,*,#4116,.F.);
#5821=ORIENTED_EDGE('',*,*,#4056,.F.);
#5822=ORIENTED_EDGE('',*,*,#4194,.F.);
#5823=ORIENTED_EDGE('',*,*,#4196,.T.);
#5824=ORIENTED_EDGE('',*,*,#4063,.F.);
#5825=ORIENTED_EDGE('',*,*,#4106,.F.);
#5826=ORIENTED_EDGE('',*,*,#4060,.T.);
#5827=ORIENTED_EDGE('',*,*,#4190,.F.);
#5828=ORIENTED_EDGE('',*,*,#4069,.F.);
#5829=ORIENTED_EDGE('',*,*,#4065,.F.);
#5830=ORIENTED_EDGE('',*,*,#4195,.F.);
#5831=ORIENTED_EDGE('',*,*,#4192,.F.);
#5832=ORIENTED_EDGE('',*,*,#4197,.T.);
#5833=ORIENTED_EDGE('',*,*,#4198,.T.);
#5834=ORIENTED_EDGE('',*,*,#4199,.T.);
#5835=ORIENTED_EDGE('',*,*,#4200,.T.);
#5836=ORIENTED_EDGE('',*,*,#4200,.F.);
#5837=ORIENTED_EDGE('',*,*,#4201,.F.);
#5838=ORIENTED_EDGE('',*,*,#4202,.F.);
#5839=ORIENTED_EDGE('',*,*,#4203,.F.);
#5840=ORIENTED_EDGE('',*,*,#4204,.F.);
#5841=ORIENTED_EDGE('',*,*,#4199,.F.);
#5842=ORIENTED_EDGE('',*,*,#4205,.T.);
#5843=ORIENTED_EDGE('',*,*,#4206,.T.);
#5844=ORIENTED_EDGE('',*,*,#4207,.T.);
#5845=ORIENTED_EDGE('',*,*,#4208,.F.);
#5846=ORIENTED_EDGE('',*,*,#4209,.T.);
#5847=ORIENTED_EDGE('',*,*,#4210,.F.);
#5848=ORIENTED_EDGE('',*,*,#4201,.T.);
#5849=ORIENTED_EDGE('',*,*,#4208,.T.);
#5850=ORIENTED_EDGE('',*,*,#4211,.T.);
#5851=ORIENTED_EDGE('',*,*,#4212,.T.);
#5852=ORIENTED_EDGE('',*,*,#4213,.T.);
#5853=ORIENTED_EDGE('',*,*,#4213,.F.);
#5854=ORIENTED_EDGE('',*,*,#4214,.F.);
#5855=ORIENTED_EDGE('',*,*,#4215,.F.);
#5856=ORIENTED_EDGE('',*,*,#4216,.F.);
#5857=ORIENTED_EDGE('',*,*,#4209,.F.);
#5858=ORIENTED_EDGE('',*,*,#4217,.T.);
#5859=ORIENTED_EDGE('',*,*,#4218,.T.);
#5860=ORIENTED_EDGE('',*,*,#4219,.F.);
#5861=ORIENTED_EDGE('',*,*,#4220,.T.);
#5862=ORIENTED_EDGE('',*,*,#4220,.F.);
#5863=ORIENTED_EDGE('',*,*,#4221,.F.);
#5864=ORIENTED_EDGE('',*,*,#4222,.F.);
#5865=ORIENTED_EDGE('',*,*,#4223,.F.);
#5866=ORIENTED_EDGE('',*,*,#4218,.F.);
#5867=ORIENTED_EDGE('',*,*,#4224,.T.);
#5868=ORIENTED_EDGE('',*,*,#4225,.T.);
#5869=ORIENTED_EDGE('',*,*,#4226,.T.);
#5870=ORIENTED_EDGE('',*,*,#4225,.F.);
#5871=ORIENTED_EDGE('',*,*,#4227,.F.);
#5872=ORIENTED_EDGE('',*,*,#4228,.T.);
#5873=ORIENTED_EDGE('',*,*,#4229,.F.);
#5874=ORIENTED_EDGE('',*,*,#4217,.F.);
#5875=ORIENTED_EDGE('',*,*,#4223,.T.);
#5876=ORIENTED_EDGE('',*,*,#4230,.F.);
#5877=ORIENTED_EDGE('',*,*,#4231,.T.);
#5878=ORIENTED_EDGE('',*,*,#4232,.F.);
#5879=ORIENTED_EDGE('',*,*,#4233,.F.);
#5880=ORIENTED_EDGE('',*,*,#4234,.T.);
#5881=ORIENTED_EDGE('',*,*,#4235,.T.);
#5882=ORIENTED_EDGE('',*,*,#4227,.T.);
#5883=ORIENTED_EDGE('',*,*,#4224,.F.);
#5884=ORIENTED_EDGE('',*,*,#4236,.F.);
#5885=ORIENTED_EDGE('',*,*,#4237,.T.);
#5886=ORIENTED_EDGE('',*,*,#4232,.T.);
#5887=ORIENTED_EDGE('',*,*,#4238,.T.);
#5888=ORIENTED_EDGE('',*,*,#4238,.F.);
#5889=ORIENTED_EDGE('',*,*,#4231,.F.);
#5890=ORIENTED_EDGE('',*,*,#4239,.F.);
#5891=ORIENTED_EDGE('',*,*,#4240,.F.);
#5892=ORIENTED_EDGE('',*,*,#4237,.F.);
#5893=ORIENTED_EDGE('',*,*,#4241,.T.);
#5894=ORIENTED_EDGE('',*,*,#4242,.T.);
#5895=ORIENTED_EDGE('',*,*,#4233,.T.);
#5896=ORIENTED_EDGE('',*,*,#4242,.F.);
#5897=ORIENTED_EDGE('',*,*,#4243,.F.);
#5898=ORIENTED_EDGE('',*,*,#4244,.T.);
#5899=ORIENTED_EDGE('',*,*,#4234,.F.);
#5900=ORIENTED_EDGE('',*,*,#4226,.F.);
#5901=ORIENTED_EDGE('',*,*,#4229,.T.);
#5902=ORIENTED_EDGE('',*,*,#4245,.T.);
#5903=ORIENTED_EDGE('',*,*,#4243,.T.);
#5904=ORIENTED_EDGE('',*,*,#4241,.F.);
#5905=ORIENTED_EDGE('',*,*,#4236,.T.);
#5906=ORIENTED_EDGE('',*,*,#4240,.T.);
#5907=ORIENTED_EDGE('',*,*,#4246,.F.);
#5908=ORIENTED_EDGE('',*,*,#4221,.T.);
#5909=ORIENTED_EDGE('',*,*,#4219,.T.);
#5910=ORIENTED_EDGE('',*,*,#4247,.T.);
#5911=ORIENTED_EDGE('',*,*,#4248,.T.);
#5912=ORIENTED_EDGE('',*,*,#4249,.T.);
#5913=ORIENTED_EDGE('',*,*,#4250,.T.);
#5914=ORIENTED_EDGE('',*,*,#4251,.F.);
#5915=ORIENTED_EDGE('',*,*,#4203,.T.);
#5916=ORIENTED_EDGE('',*,*,#4247,.F.);
#5917=ORIENTED_EDGE('',*,*,#4252,.T.);
#5918=ORIENTED_EDGE('',*,*,#4253,.T.);
#5919=ORIENTED_EDGE('',*,*,#4252,.F.);
#5920=ORIENTED_EDGE('',*,*,#4250,.F.);
#5921=ORIENTED_EDGE('',*,*,#4254,.F.);
#5922=ORIENTED_EDGE('',*,*,#4255,.F.);
#5923=ORIENTED_EDGE('',*,*,#4256,.F.);
#5924=ORIENTED_EDGE('',*,*,#4257,.T.);
#5925=ORIENTED_EDGE('',*,*,#4258,.T.);
#5926=ORIENTED_EDGE('',*,*,#4259,.T.);
#5927=ORIENTED_EDGE('',*,*,#4260,.T.);
#5928=ORIENTED_EDGE('',*,*,#4261,.F.);
#5929=ORIENTED_EDGE('',*,*,#4262,.T.);
#5930=ORIENTED_EDGE('',*,*,#4257,.F.);
#5931=ORIENTED_EDGE('',*,*,#4215,.T.);
#5932=ORIENTED_EDGE('',*,*,#4263,.T.);
#5933=ORIENTED_EDGE('',*,*,#4260,.F.);
#5934=ORIENTED_EDGE('',*,*,#4264,.F.);
#5935=ORIENTED_EDGE('',*,*,#4216,.T.);
#5936=ORIENTED_EDGE('',*,*,#4265,.T.);
#5937=ORIENTED_EDGE('',*,*,#4266,.T.);
#5938=ORIENTED_EDGE('',*,*,#4267,.T.);
#5939=ORIENTED_EDGE('',*,*,#4268,.T.);
#5940=ORIENTED_EDGE('',*,*,#4269,.T.);
#5941=ORIENTED_EDGE('',*,*,#4270,.T.);
#5942=ORIENTED_EDGE('',*,*,#4269,.F.);
#5943=ORIENTED_EDGE('',*,*,#4271,.F.);
#5944=ORIENTED_EDGE('',*,*,#4272,.F.);
#5945=ORIENTED_EDGE('',*,*,#4273,.F.);
#5946=ORIENTED_EDGE('',*,*,#4268,.F.);
#5947=ORIENTED_EDGE('',*,*,#4274,.T.);
#5948=ORIENTED_EDGE('',*,*,#4275,.F.);
#5949=ORIENTED_EDGE('',*,*,#4276,.T.);
#5950=ORIENTED_EDGE('',*,*,#4277,.F.);
#5951=ORIENTED_EDGE('',*,*,#4271,.T.);
#5952=ORIENTED_EDGE('',*,*,#4267,.F.);
#5953=ORIENTED_EDGE('',*,*,#4278,.T.);
#5954=ORIENTED_EDGE('',*,*,#4261,.T.);
#5955=ORIENTED_EDGE('',*,*,#4279,.F.);
#5956=ORIENTED_EDGE('',*,*,#4253,.F.);
#5957=ORIENTED_EDGE('',*,*,#4256,.T.);
#5958=ORIENTED_EDGE('',*,*,#4280,.F.);
#5959=ORIENTED_EDGE('',*,*,#4274,.F.);
#5960=ORIENTED_EDGE('',*,*,#4280,.T.);
#5961=ORIENTED_EDGE('',*,*,#4255,.T.);
#5962=ORIENTED_EDGE('',*,*,#4281,.T.);
#5963=ORIENTED_EDGE('',*,*,#4282,.T.);
#5964=ORIENTED_EDGE('',*,*,#4283,.T.);
#5965=ORIENTED_EDGE('',*,*,#4275,.T.);
#5966=ORIENTED_EDGE('',*,*,#4284,.T.);
#5967=ORIENTED_EDGE('',*,*,#4285,.F.);
#5968=ORIENTED_EDGE('',*,*,#4286,.F.);
#5969=ORIENTED_EDGE('',*,*,#4287,.F.);
#5970=ORIENTED_EDGE('',*,*,#4288,.F.);
#5971=ORIENTED_EDGE('',*,*,#4289,.T.);
#5972=ORIENTED_EDGE('',*,*,#4290,.T.);
#5973=ORIENTED_EDGE('',*,*,#4291,.T.);
#5974=ORIENTED_EDGE('',*,*,#4292,.F.);
#5975=ORIENTED_EDGE('',*,*,#4293,.F.);
#5976=ORIENTED_EDGE('',*,*,#4294,.T.);
#5977=ORIENTED_EDGE('',*,*,#4289,.F.);
#5978=ORIENTED_EDGE('',*,*,#4295,.T.);
#5979=ORIENTED_EDGE('',*,*,#4296,.T.);
#5980=ORIENTED_EDGE('',*,*,#4297,.T.);
#5981=ORIENTED_EDGE('',*,*,#4285,.T.);
#5982=ORIENTED_EDGE('',*,*,#4288,.T.);
#5983=ORIENTED_EDGE('',*,*,#4287,.T.);
#5984=ORIENTED_EDGE('',*,*,#4298,.T.);
#5985=ORIENTED_EDGE('',*,*,#4299,.T.);
#5986=ORIENTED_EDGE('',*,*,#4294,.F.);
#5987=ORIENTED_EDGE('',*,*,#4300,.F.);
#5988=ORIENTED_EDGE('',*,*,#4301,.T.);
#5989=ORIENTED_EDGE('',*,*,#4302,.F.);
#5990=ORIENTED_EDGE('',*,*,#4303,.F.);
#5991=ORIENTED_EDGE('',*,*,#4304,.T.);
#5992=ORIENTED_EDGE('',*,*,#4305,.T.);
#5993=ORIENTED_EDGE('',*,*,#4300,.T.);
#5994=ORIENTED_EDGE('',*,*,#4284,.F.);
#5995=ORIENTED_EDGE('',*,*,#4291,.F.);
#5996=ORIENTED_EDGE('',*,*,#4306,.T.);
#5997=ORIENTED_EDGE('',*,*,#4307,.F.);
#5998=ORIENTED_EDGE('',*,*,#4292,.T.);
#5999=ORIENTED_EDGE('',*,*,#4299,.F.);
#6000=ORIENTED_EDGE('',*,*,#4308,.F.);
#6001=ORIENTED_EDGE('',*,*,#4296,.F.);
#6002=ORIENTED_EDGE('',*,*,#4305,.F.);
#6003=ORIENTED_EDGE('',*,*,#4309,.T.);
#6004=ORIENTED_EDGE('',*,*,#4310,.T.);
#6005=ORIENTED_EDGE('',*,*,#4311,.T.);
#6006=ORIENTED_EDGE('',*,*,#4312,.F.);
#6007=ORIENTED_EDGE('',*,*,#4313,.F.);
#6008=ORIENTED_EDGE('',*,*,#4314,.T.);
#6009=ORIENTED_EDGE('',*,*,#4309,.F.);
#6010=ORIENTED_EDGE('',*,*,#4290,.F.);
#6011=ORIENTED_EDGE('',*,*,#4302,.T.);
#6012=ORIENTED_EDGE('',*,*,#4315,.T.);
#6013=ORIENTED_EDGE('',*,*,#4316,.T.);
#6014=ORIENTED_EDGE('',*,*,#4295,.F.);
#6015=ORIENTED_EDGE('',*,*,#4307,.T.);
#6016=ORIENTED_EDGE('',*,*,#4303,.T.);
#6017=ORIENTED_EDGE('',*,*,#4293,.T.);
#6018=ORIENTED_EDGE('',*,*,#4314,.F.);
#6019=ORIENTED_EDGE('',*,*,#4317,.F.);
#6020=ORIENTED_EDGE('',*,*,#4239,.T.);
#6021=ORIENTED_EDGE('',*,*,#4318,.F.);
#6022=ORIENTED_EDGE('',*,*,#4319,.F.);
#6023=ORIENTED_EDGE('',*,*,#4320,.T.);
#6024=ORIENTED_EDGE('',*,*,#4246,.T.);
#6025=ORIENTED_EDGE('',*,*,#4317,.T.);
#6026=ORIENTED_EDGE('',*,*,#4301,.F.);
#6027=ORIENTED_EDGE('',*,*,#4311,.F.);
#6028=ORIENTED_EDGE('',*,*,#4321,.T.);
#6029=ORIENTED_EDGE('',*,*,#4322,.F.);
#6030=ORIENTED_EDGE('',*,*,#4306,.F.);
#6031=ORIENTED_EDGE('',*,*,#4316,.F.);
#6032=ORIENTED_EDGE('',*,*,#4312,.T.);
#6033=ORIENTED_EDGE('',*,*,#4304,.F.);
#6034=ORIENTED_EDGE('',*,*,#4310,.F.);
#6035=ORIENTED_EDGE('',*,*,#4318,.T.);
#6036=ORIENTED_EDGE('',*,*,#4230,.T.);
#6037=ORIENTED_EDGE('',*,*,#4323,.T.);
#6038=ORIENTED_EDGE('',*,*,#4245,.F.);
#6039=ORIENTED_EDGE('',*,*,#4324,.T.);
#6040=ORIENTED_EDGE('',*,*,#4277,.T.);
#6041=ORIENTED_EDGE('',*,*,#4325,.T.);
#6042=ORIENTED_EDGE('',*,*,#4228,.F.);
#6043=ORIENTED_EDGE('',*,*,#4326,.F.);
#6044=ORIENTED_EDGE('',*,*,#4272,.T.);
#6045=ORIENTED_EDGE('',*,*,#4324,.F.);
#6046=ORIENTED_EDGE('',*,*,#4315,.F.);
#6047=ORIENTED_EDGE('',*,*,#4322,.T.);
#6048=ORIENTED_EDGE('',*,*,#4319,.T.);
#6049=ORIENTED_EDGE('',*,*,#4313,.T.);
#6050=ORIENTED_EDGE('',*,*,#4270,.F.);
#6051=ORIENTED_EDGE('',*,*,#4273,.T.);
#6052=ORIENTED_EDGE('',*,*,#4327,.F.);
#6053=ORIENTED_EDGE('',*,*,#4328,.T.);
#6054=ORIENTED_EDGE('',*,*,#4282,.F.);
#6055=ORIENTED_EDGE('',*,*,#4329,.T.);
#6056=ORIENTED_EDGE('',*,*,#4244,.F.);
#6057=ORIENTED_EDGE('',*,*,#4325,.F.);
#6058=ORIENTED_EDGE('',*,*,#4330,.T.);
#6059=ORIENTED_EDGE('',*,*,#4331,.F.);
#6060=ORIENTED_EDGE('',*,*,#4265,.F.);
#6061=ORIENTED_EDGE('',*,*,#4329,.F.);
#6062=ORIENTED_EDGE('',*,*,#4281,.F.);
#6063=ORIENTED_EDGE('',*,*,#4254,.T.);
#6064=ORIENTED_EDGE('',*,*,#4249,.F.);
#6065=ORIENTED_EDGE('',*,*,#4332,.T.);
#6066=ORIENTED_EDGE('',*,*,#4210,.T.);
#6067=ORIENTED_EDGE('',*,*,#4264,.T.);
#6068=ORIENTED_EDGE('',*,*,#4259,.F.);
#6069=ORIENTED_EDGE('',*,*,#4333,.T.);
#6070=ORIENTED_EDGE('',*,*,#4235,.F.);
#6071=ORIENTED_EDGE('',*,*,#4331,.T.);
#6072=ORIENTED_EDGE('',*,*,#4327,.T.);
#6073=ORIENTED_EDGE('',*,*,#4326,.T.);
#6074=ORIENTED_EDGE('',*,*,#4197,.F.);
#6075=ORIENTED_EDGE('',*,*,#4204,.T.);
#6076=ORIENTED_EDGE('',*,*,#4251,.T.);
#6077=ORIENTED_EDGE('',*,*,#4279,.T.);
#6078=ORIENTED_EDGE('',*,*,#4263,.F.);
#6079=ORIENTED_EDGE('',*,*,#4214,.T.);
#6080=ORIENTED_EDGE('',*,*,#4212,.F.);
#6081=ORIENTED_EDGE('',*,*,#4334,.T.);
#6082=ORIENTED_EDGE('',*,*,#4335,.T.);
#6083=ORIENTED_EDGE('',*,*,#4336,.T.);
#6084=ORIENTED_EDGE('',*,*,#4321,.F.);
#6085=ORIENTED_EDGE('',*,*,#4323,.F.);
#6086=ORIENTED_EDGE('',*,*,#4222,.T.);
#6087=ORIENTED_EDGE('',*,*,#4320,.F.);
#6088=ORIENTED_EDGE('',*,*,#4283,.F.);
#6089=ORIENTED_EDGE('',*,*,#4328,.F.);
#6090=ORIENTED_EDGE('',*,*,#4330,.F.);
#6091=ORIENTED_EDGE('',*,*,#4276,.F.);
#6092=ORIENTED_EDGE('',*,*,#4286,.T.);
#6093=ORIENTED_EDGE('',*,*,#4297,.F.);
#6094=ORIENTED_EDGE('',*,*,#4308,.T.);
#6095=ORIENTED_EDGE('',*,*,#4298,.F.);
#6096=ORIENTED_EDGE('',*,*,#4335,.F.);
#6097=ORIENTED_EDGE('',*,*,#4337,.T.);
#6098=ORIENTED_EDGE('',*,*,#4206,.F.);
#6099=ORIENTED_EDGE('',*,*,#4338,.F.);
#6100=ORIENTED_EDGE('',*,*,#4262,.F.);
#6101=ORIENTED_EDGE('',*,*,#4278,.F.);
#6102=ORIENTED_EDGE('',*,*,#4266,.F.);
#6103=ORIENTED_EDGE('',*,*,#4333,.F.);
#6104=ORIENTED_EDGE('',*,*,#4258,.F.);
#6105=ORIENTED_EDGE('',*,*,#4198,.F.);
#6106=ORIENTED_EDGE('',*,*,#4336,.F.);
#6107=ORIENTED_EDGE('',*,*,#4338,.T.);
#6108=ORIENTED_EDGE('',*,*,#4205,.F.);
#6109=ORIENTED_EDGE('',*,*,#4248,.F.);
#6110=ORIENTED_EDGE('',*,*,#4202,.T.);
#6111=ORIENTED_EDGE('',*,*,#4332,.F.);
#6112=ORIENTED_EDGE('',*,*,#4211,.F.);
#6113=ORIENTED_EDGE('',*,*,#4207,.F.);
#6114=ORIENTED_EDGE('',*,*,#4337,.F.);
#6115=ORIENTED_EDGE('',*,*,#4334,.F.);
#6116=ORIENTED_EDGE('',*,*,#4339,.T.);
#6117=ORIENTED_EDGE('',*,*,#4340,.T.);
#6118=ORIENTED_EDGE('',*,*,#4341,.T.);
#6119=ORIENTED_EDGE('',*,*,#4342,.T.);
#6120=ORIENTED_EDGE('',*,*,#4343,.T.);
#6121=ORIENTED_EDGE('',*,*,#4344,.T.);
#6122=ORIENTED_EDGE('',*,*,#4345,.T.);
#6123=ORIENTED_EDGE('',*,*,#4346,.T.);
#6124=ORIENTED_EDGE('',*,*,#4347,.T.);
#6125=ORIENTED_EDGE('',*,*,#4344,.F.);
#6126=ORIENTED_EDGE('',*,*,#4348,.F.);
#6127=ORIENTED_EDGE('',*,*,#4349,.T.);
#6128=ORIENTED_EDGE('',*,*,#4350,.F.);
#6129=ORIENTED_EDGE('',*,*,#4343,.F.);
#6130=ORIENTED_EDGE('',*,*,#4351,.T.);
#6131=ORIENTED_EDGE('',*,*,#4352,.T.);
#6132=ORIENTED_EDGE('',*,*,#4348,.T.);
#6133=ORIENTED_EDGE('',*,*,#4342,.F.);
#6134=ORIENTED_EDGE('',*,*,#4353,.T.);
#6135=ORIENTED_EDGE('',*,*,#4354,.T.);
#6136=ORIENTED_EDGE('',*,*,#4351,.F.);
#6137=ORIENTED_EDGE('',*,*,#4341,.F.);
#6138=ORIENTED_EDGE('',*,*,#4355,.T.);
#6139=ORIENTED_EDGE('',*,*,#4356,.F.);
#6140=ORIENTED_EDGE('',*,*,#4357,.F.);
#6141=ORIENTED_EDGE('',*,*,#4358,.T.);
#6142=ORIENTED_EDGE('',*,*,#4359,.T.);
#6143=ORIENTED_EDGE('',*,*,#4353,.F.);
#6144=ORIENTED_EDGE('',*,*,#4340,.F.);
#6145=ORIENTED_EDGE('',*,*,#4360,.F.);
#6146=ORIENTED_EDGE('',*,*,#4355,.F.);
#6147=ORIENTED_EDGE('',*,*,#4345,.F.);
#6148=ORIENTED_EDGE('',*,*,#4350,.T.);
#6149=ORIENTED_EDGE('',*,*,#4361,.T.);
#6150=ORIENTED_EDGE('',*,*,#4346,.F.);
#6151=ORIENTED_EDGE('',*,*,#4362,.F.);
#6152=ORIENTED_EDGE('',*,*,#4363,.F.);
#6153=ORIENTED_EDGE('',*,*,#4364,.T.);
#6154=ORIENTED_EDGE('',*,*,#4339,.F.);
#6155=ORIENTED_EDGE('',*,*,#4365,.T.);
#6156=ORIENTED_EDGE('',*,*,#4366,.T.);
#6157=ORIENTED_EDGE('',*,*,#4367,.T.);
#6158=ORIENTED_EDGE('',*,*,#4368,.T.);
#6159=ORIENTED_EDGE('',*,*,#4369,.T.);
#6160=ORIENTED_EDGE('',*,*,#4356,.T.);
#6161=ORIENTED_EDGE('',*,*,#4360,.T.);
#6162=ORIENTED_EDGE('',*,*,#4347,.F.);
#6163=ORIENTED_EDGE('',*,*,#4370,.T.);
#6164=ORIENTED_EDGE('',*,*,#4365,.F.);
#6165=ORIENTED_EDGE('',*,*,#4369,.F.);
#6166=ORIENTED_EDGE('',*,*,#4371,.T.);
#6167=ORIENTED_EDGE('',*,*,#4372,.T.);
#6168=ORIENTED_EDGE('',*,*,#4357,.T.);
#6169=ORIENTED_EDGE('',*,*,#4368,.F.);
#6170=ORIENTED_EDGE('',*,*,#4373,.T.);
#6171=ORIENTED_EDGE('',*,*,#4374,.T.);
#6172=ORIENTED_EDGE('',*,*,#4371,.F.);
#6173=ORIENTED_EDGE('',*,*,#4367,.F.);
#6174=ORIENTED_EDGE('',*,*,#4375,.T.);
#6175=ORIENTED_EDGE('',*,*,#4373,.F.);
#6176=ORIENTED_EDGE('',*,*,#4366,.F.);
#6177=ORIENTED_EDGE('',*,*,#4376,.F.);
#6178=ORIENTED_EDGE('',*,*,#4377,.F.);
#6179=ORIENTED_EDGE('',*,*,#4378,.T.);
#6180=ORIENTED_EDGE('',*,*,#4352,.F.);
#6181=ORIENTED_EDGE('',*,*,#4379,.F.);
#6182=ORIENTED_EDGE('',*,*,#4380,.F.);
#6183=ORIENTED_EDGE('',*,*,#4381,.T.);
#6184=ORIENTED_EDGE('',*,*,#4361,.F.);
#6185=ORIENTED_EDGE('',*,*,#4382,.F.);
#6186=ORIENTED_EDGE('',*,*,#4383,.F.);
#6187=ORIENTED_EDGE('',*,*,#4362,.T.);
#6188=ORIENTED_EDGE('',*,*,#4349,.F.);
#6189=ORIENTED_EDGE('',*,*,#4381,.F.);
#6190=ORIENTED_EDGE('',*,*,#4384,.F.);
#6191=ORIENTED_EDGE('',*,*,#4382,.T.);
#6192=ORIENTED_EDGE('',*,*,#4354,.F.);
#6193=ORIENTED_EDGE('',*,*,#4359,.F.);
#6194=ORIENTED_EDGE('',*,*,#4385,.F.);
#6195=ORIENTED_EDGE('',*,*,#4386,.F.);
#6196=ORIENTED_EDGE('',*,*,#4379,.T.);
#6197=ORIENTED_EDGE('',*,*,#4358,.F.);
#6198=ORIENTED_EDGE('',*,*,#4387,.F.);
#6199=ORIENTED_EDGE('',*,*,#4388,.F.);
#6200=ORIENTED_EDGE('',*,*,#4385,.T.);
#6201=ORIENTED_EDGE('',*,*,#4372,.F.);
#6202=ORIENTED_EDGE('',*,*,#4389,.F.);
#6203=ORIENTED_EDGE('',*,*,#4390,.F.);
#6204=ORIENTED_EDGE('',*,*,#4387,.T.);
#6205=ORIENTED_EDGE('',*,*,#4374,.F.);
#6206=ORIENTED_EDGE('',*,*,#4391,.F.);
#6207=ORIENTED_EDGE('',*,*,#4392,.F.);
#6208=ORIENTED_EDGE('',*,*,#4389,.T.);
#6209=ORIENTED_EDGE('',*,*,#4375,.F.);
#6210=ORIENTED_EDGE('',*,*,#4378,.F.);
#6211=ORIENTED_EDGE('',*,*,#4393,.F.);
#6212=ORIENTED_EDGE('',*,*,#4391,.T.);
#6213=ORIENTED_EDGE('',*,*,#4370,.F.);
#6214=ORIENTED_EDGE('',*,*,#4364,.F.);
#6215=ORIENTED_EDGE('',*,*,#4394,.F.);
#6216=ORIENTED_EDGE('',*,*,#4376,.T.);
#6217=ORIENTED_EDGE('',*,*,#4395,.T.);
#6218=ORIENTED_EDGE('',*,*,#4396,.T.);
#6219=ORIENTED_EDGE('',*,*,#4397,.T.);
#6220=ORIENTED_EDGE('',*,*,#4398,.T.);
#6221=ORIENTED_EDGE('',*,*,#4399,.T.);
#6222=ORIENTED_EDGE('',*,*,#4400,.T.);
#6223=ORIENTED_EDGE('',*,*,#4401,.T.);
#6224=ORIENTED_EDGE('',*,*,#4396,.F.);
#6225=ORIENTED_EDGE('',*,*,#4402,.T.);
#6226=ORIENTED_EDGE('',*,*,#4403,.T.);
#6227=ORIENTED_EDGE('',*,*,#4404,.T.);
#6228=ORIENTED_EDGE('',*,*,#4405,.T.);
#6229=ORIENTED_EDGE('',*,*,#4406,.T.);
#6230=ORIENTED_EDGE('',*,*,#4407,.T.);
#6231=ORIENTED_EDGE('',*,*,#4408,.T.);
#6232=ORIENTED_EDGE('',*,*,#4405,.F.);
#6233=ORIENTED_EDGE('',*,*,#4409,.T.);
#6234=ORIENTED_EDGE('',*,*,#4410,.T.);
#6235=ORIENTED_EDGE('',*,*,#4411,.T.);
#6236=ORIENTED_EDGE('',*,*,#4398,.F.);
#6237=ORIENTED_EDGE('',*,*,#4412,.F.);
#6238=ORIENTED_EDGE('',*,*,#4413,.F.);
#6239=ORIENTED_EDGE('',*,*,#4414,.F.);
#6240=ORIENTED_EDGE('',*,*,#4415,.T.);
#6241=ORIENTED_EDGE('',*,*,#4416,.T.);
#6242=ORIENTED_EDGE('',*,*,#4417,.T.);
#6243=ORIENTED_EDGE('',*,*,#4403,.F.);
#6244=ORIENTED_EDGE('',*,*,#4418,.F.);
#6245=ORIENTED_EDGE('',*,*,#4419,.F.);
#6246=ORIENTED_EDGE('',*,*,#4420,.F.);
#6247=ORIENTED_EDGE('',*,*,#4421,.F.);
#6248=ORIENTED_EDGE('',*,*,#4422,.F.);
#6249=ORIENTED_EDGE('',*,*,#4423,.F.);
#6250=ORIENTED_EDGE('',*,*,#4424,.F.);
#6251=ORIENTED_EDGE('',*,*,#4425,.F.);
#6252=ORIENTED_EDGE('',*,*,#4426,.F.);
#6253=ORIENTED_EDGE('',*,*,#4425,.T.);
#6254=ORIENTED_EDGE('',*,*,#4427,.T.);
#6255=ORIENTED_EDGE('',*,*,#4413,.T.);
#6256=ORIENTED_EDGE('',*,*,#4428,.T.);
#6257=ORIENTED_EDGE('',*,*,#4429,.F.);
#6258=ORIENTED_EDGE('',*,*,#4430,.F.);
#6259=ORIENTED_EDGE('',*,*,#4431,.F.);
#6260=ORIENTED_EDGE('',*,*,#4432,.F.);
#6261=ORIENTED_EDGE('',*,*,#4433,.F.);
#6262=ORIENTED_EDGE('',*,*,#4434,.F.);
#6263=ORIENTED_EDGE('',*,*,#4433,.T.);
#6264=ORIENTED_EDGE('',*,*,#4435,.T.);
#6265=ORIENTED_EDGE('',*,*,#4419,.T.);
#6266=ORIENTED_EDGE('',*,*,#4436,.T.);
#6267=ORIENTED_EDGE('',*,*,#4437,.F.);
#6268=ORIENTED_EDGE('',*,*,#4438,.F.);
#6269=ORIENTED_EDGE('',*,*,#4439,.F.);
#6270=ORIENTED_EDGE('',*,*,#4422,.T.);
#6271=ORIENTED_EDGE('',*,*,#4440,.T.);
#6272=ORIENTED_EDGE('',*,*,#4438,.T.);
#6273=ORIENTED_EDGE('',*,*,#4441,.T.);
#6274=ORIENTED_EDGE('',*,*,#4424,.T.);
#6275=ORIENTED_EDGE('',*,*,#4442,.T.);
#6276=ORIENTED_EDGE('',*,*,#4439,.T.);
#6277=ORIENTED_EDGE('',*,*,#4443,.T.);
#6278=ORIENTED_EDGE('',*,*,#4444,.F.);
#6279=ORIENTED_EDGE('',*,*,#4445,.F.);
#6280=ORIENTED_EDGE('',*,*,#4446,.F.);
#6281=ORIENTED_EDGE('',*,*,#4445,.T.);
#6282=ORIENTED_EDGE('',*,*,#4447,.T.);
#6283=ORIENTED_EDGE('',*,*,#4430,.T.);
#6284=ORIENTED_EDGE('',*,*,#4448,.T.);
#6285=ORIENTED_EDGE('',*,*,#4437,.T.);
#6286=ORIENTED_EDGE('',*,*,#4449,.T.);
#6287=ORIENTED_EDGE('',*,*,#4446,.T.);
#6288=ORIENTED_EDGE('',*,*,#4450,.T.);
#6289=ORIENTED_EDGE('',*,*,#4444,.T.);
#6290=ORIENTED_EDGE('',*,*,#4451,.T.);
#6291=ORIENTED_EDGE('',*,*,#4434,.T.);
#6292=ORIENTED_EDGE('',*,*,#4452,.T.);
#6293=ORIENTED_EDGE('',*,*,#4432,.T.);
#6294=ORIENTED_EDGE('',*,*,#4453,.T.);
#6295=ORIENTED_EDGE('',*,*,#4426,.T.);
#6296=ORIENTED_EDGE('',*,*,#4454,.T.);
#6297=ORIENTED_EDGE('',*,*,#4455,.T.);
#6298=ORIENTED_EDGE('',*,*,#4431,.T.);
#6299=ORIENTED_EDGE('',*,*,#4456,.T.);
#6300=ORIENTED_EDGE('',*,*,#4416,.F.);
#6301=ORIENTED_EDGE('',*,*,#4429,.T.);
#6302=ORIENTED_EDGE('',*,*,#4457,.T.);
#6303=ORIENTED_EDGE('',*,*,#4423,.T.);
#6304=ORIENTED_EDGE('',*,*,#4458,.T.);
#6305=ORIENTED_EDGE('',*,*,#4459,.T.);
#6306=ORIENTED_EDGE('',*,*,#4421,.T.);
#6307=ORIENTED_EDGE('',*,*,#4460,.T.);
#6308=ORIENTED_EDGE('',*,*,#4410,.F.);
#6309=ORIENTED_EDGE('',*,*,#4412,.T.);
#6310=ORIENTED_EDGE('',*,*,#4461,.T.);
#6311=ORIENTED_EDGE('',*,*,#4420,.T.);
#6312=ORIENTED_EDGE('',*,*,#4462,.T.);
#6313=ORIENTED_EDGE('',*,*,#4463,.T.);
#6314=ORIENTED_EDGE('',*,*,#4418,.T.);
#6315=ORIENTED_EDGE('',*,*,#4464,.T.);
#6316=ORIENTED_EDGE('',*,*,#4407,.F.);
#6317=ORIENTED_EDGE('',*,*,#4465,.T.);
#6318=ORIENTED_EDGE('',*,*,#4414,.T.);
#6319=ORIENTED_EDGE('',*,*,#4466,.T.);
#6320=ORIENTED_EDGE('',*,*,#4400,.F.);
#6321=ORIENTED_EDGE('',*,*,#4415,.F.);
#6322=ORIENTED_EDGE('',*,*,#4467,.F.);
#6323=ORIENTED_EDGE('',*,*,#4411,.F.);
#6324=ORIENTED_EDGE('',*,*,#4468,.F.);
#6325=ORIENTED_EDGE('',*,*,#4402,.F.);
#6326=ORIENTED_EDGE('',*,*,#4469,.T.);
#6327=ORIENTED_EDGE('',*,*,#4395,.F.);
#6328=ORIENTED_EDGE('',*,*,#4467,.T.);
#6329=ORIENTED_EDGE('',*,*,#4408,.F.);
#6330=ORIENTED_EDGE('',*,*,#4470,.F.);
#6331=ORIENTED_EDGE('',*,*,#4399,.F.);
#6332=ORIENTED_EDGE('',*,*,#4469,.F.);
#6333=ORIENTED_EDGE('',*,*,#4464,.F.);
#6334=ORIENTED_EDGE('',*,*,#4461,.F.);
#6335=ORIENTED_EDGE('',*,*,#4465,.F.);
#6336=ORIENTED_EDGE('',*,*,#4470,.T.);
#6337=ORIENTED_EDGE('',*,*,#4435,.F.);
#6338=ORIENTED_EDGE('',*,*,#4454,.F.);
#6339=ORIENTED_EDGE('',*,*,#4428,.F.);
#6340=ORIENTED_EDGE('',*,*,#4462,.F.);
#6341=ORIENTED_EDGE('',*,*,#4440,.F.);
#6342=ORIENTED_EDGE('',*,*,#4459,.F.);
#6343=ORIENTED_EDGE('',*,*,#4409,.F.);
#6344=ORIENTED_EDGE('',*,*,#4397,.F.);
#6345=ORIENTED_EDGE('',*,*,#4401,.F.);
#6346=ORIENTED_EDGE('',*,*,#4466,.F.);
#6347=ORIENTED_EDGE('',*,*,#4427,.F.);
#6348=ORIENTED_EDGE('',*,*,#4443,.F.);
#6349=ORIENTED_EDGE('',*,*,#4442,.F.);
#6350=ORIENTED_EDGE('',*,*,#4453,.F.);
#6351=ORIENTED_EDGE('',*,*,#4451,.F.);
#6352=ORIENTED_EDGE('',*,*,#4449,.F.);
#6353=ORIENTED_EDGE('',*,*,#4383,.T.);
#6354=ORIENTED_EDGE('',*,*,#4384,.T.);
#6355=ORIENTED_EDGE('',*,*,#4380,.T.);
#6356=ORIENTED_EDGE('',*,*,#4386,.T.);
#6357=ORIENTED_EDGE('',*,*,#4388,.T.);
#6358=ORIENTED_EDGE('',*,*,#4390,.T.);
#6359=ORIENTED_EDGE('',*,*,#4392,.T.);
#6360=ORIENTED_EDGE('',*,*,#4393,.T.);
#6361=ORIENTED_EDGE('',*,*,#4377,.T.);
#6362=ORIENTED_EDGE('',*,*,#4394,.T.);
#6363=ORIENTED_EDGE('',*,*,#4363,.T.);
#6364=ORIENTED_EDGE('',*,*,#4471,.F.);
#6365=ORIENTED_EDGE('',*,*,#4472,.F.);
#6366=ORIENTED_EDGE('',*,*,#4473,.F.);
#6367=ORIENTED_EDGE('',*,*,#4474,.F.);
#6368=ORIENTED_EDGE('',*,*,#4475,.F.);
#6369=ORIENTED_EDGE('',*,*,#4476,.F.);
#6370=ORIENTED_EDGE('',*,*,#4477,.F.);
#6371=ORIENTED_EDGE('',*,*,#4478,.F.);
#6372=ORIENTED_EDGE('',*,*,#4479,.F.);
#6373=ORIENTED_EDGE('',*,*,#4480,.F.);
#6374=ORIENTED_EDGE('',*,*,#4481,.F.);
#6375=ORIENTED_EDGE('',*,*,#4482,.F.);
#6376=ORIENTED_EDGE('',*,*,#4483,.F.);
#6377=ORIENTED_EDGE('',*,*,#4484,.F.);
#6378=ORIENTED_EDGE('',*,*,#4485,.F.);
#6379=ORIENTED_EDGE('',*,*,#4486,.F.);
#6380=ORIENTED_EDGE('',*,*,#4487,.F.);
#6381=ORIENTED_EDGE('',*,*,#4488,.F.);
#6382=ORIENTED_EDGE('',*,*,#4489,.F.);
#6383=ORIENTED_EDGE('',*,*,#4490,.F.);
#6384=ORIENTED_EDGE('',*,*,#4491,.F.);
#6385=ORIENTED_EDGE('',*,*,#4492,.F.);
#6386=ORIENTED_EDGE('',*,*,#4493,.F.);
#6387=ORIENTED_EDGE('',*,*,#4494,.F.);
#6388=ORIENTED_EDGE('',*,*,#4495,.F.);
#6389=ORIENTED_EDGE('',*,*,#4496,.F.);
#6390=ORIENTED_EDGE('',*,*,#4497,.F.);
#6391=ORIENTED_EDGE('',*,*,#4498,.F.);
#6392=ORIENTED_EDGE('',*,*,#4499,.F.);
#6393=ORIENTED_EDGE('',*,*,#4500,.F.);
#6394=ORIENTED_EDGE('',*,*,#4501,.F.);
#6395=ORIENTED_EDGE('',*,*,#4502,.F.);
#6396=ORIENTED_EDGE('',*,*,#4503,.F.);
#6397=ORIENTED_EDGE('',*,*,#4504,.F.);
#6398=ORIENTED_EDGE('',*,*,#4505,.F.);
#6399=ORIENTED_EDGE('',*,*,#4506,.F.);
#6400=ORIENTED_EDGE('',*,*,#4507,.F.);
#6401=ORIENTED_EDGE('',*,*,#4508,.F.);
#6402=ORIENTED_EDGE('',*,*,#4509,.F.);
#6403=ORIENTED_EDGE('',*,*,#4510,.F.);
#6404=ORIENTED_EDGE('',*,*,#4511,.F.);
#6405=ORIENTED_EDGE('',*,*,#4512,.F.);
#6406=ORIENTED_EDGE('',*,*,#4513,.F.);
#6407=ORIENTED_EDGE('',*,*,#4514,.F.);
#6408=ORIENTED_EDGE('',*,*,#4448,.F.);
#6409=ORIENTED_EDGE('',*,*,#4458,.F.);
#6410=ORIENTED_EDGE('',*,*,#4441,.F.);
#6411=ORIENTED_EDGE('',*,*,#4450,.F.);
#6412=ORIENTED_EDGE('',*,*,#4447,.F.);
#6413=ORIENTED_EDGE('',*,*,#4452,.F.);
#6414=ORIENTED_EDGE('',*,*,#4436,.F.);
#6415=ORIENTED_EDGE('',*,*,#4463,.F.);
#6416=ORIENTED_EDGE('',*,*,#4406,.F.);
#6417=ORIENTED_EDGE('',*,*,#4404,.F.);
#6418=ORIENTED_EDGE('',*,*,#4417,.F.);
#6419=ORIENTED_EDGE('',*,*,#4456,.F.);
#6420=ORIENTED_EDGE('',*,*,#4491,.T.);
#6421=ORIENTED_EDGE('',*,*,#4515,.T.);
#6422=ORIENTED_EDGE('',*,*,#4516,.T.);
#6423=ORIENTED_EDGE('',*,*,#4517,.F.);
#6424=ORIENTED_EDGE('',*,*,#4490,.T.);
#6425=ORIENTED_EDGE('',*,*,#4518,.T.);
#6426=ORIENTED_EDGE('',*,*,#4519,.T.);
#6427=ORIENTED_EDGE('',*,*,#4515,.F.);
#6428=ORIENTED_EDGE('',*,*,#4489,.T.);
#6429=ORIENTED_EDGE('',*,*,#4520,.T.);
#6430=ORIENTED_EDGE('',*,*,#4521,.T.);
#6431=ORIENTED_EDGE('',*,*,#4518,.F.);
#6432=ORIENTED_EDGE('',*,*,#4487,.T.);
#6433=ORIENTED_EDGE('',*,*,#4522,.T.);
#6434=ORIENTED_EDGE('',*,*,#4523,.T.);
#6435=ORIENTED_EDGE('',*,*,#4524,.T.);
#6436=ORIENTED_EDGE('',*,*,#4525,.T.);
#6437=ORIENTED_EDGE('',*,*,#4526,.T.);
#6438=ORIENTED_EDGE('',*,*,#4495,.T.);
#6439=ORIENTED_EDGE('',*,*,#4527,.T.);
#6440=ORIENTED_EDGE('',*,*,#4486,.T.);
#6441=ORIENTED_EDGE('',*,*,#4528,.T.);
#6442=ORIENTED_EDGE('',*,*,#4529,.T.);
#6443=ORIENTED_EDGE('',*,*,#4522,.F.);
#6444=ORIENTED_EDGE('',*,*,#4485,.T.);
#6445=ORIENTED_EDGE('',*,*,#4530,.T.);
#6446=ORIENTED_EDGE('',*,*,#4531,.T.);
#6447=ORIENTED_EDGE('',*,*,#4528,.F.);
#6448=ORIENTED_EDGE('',*,*,#4484,.T.);
#6449=ORIENTED_EDGE('',*,*,#4532,.T.);
#6450=ORIENTED_EDGE('',*,*,#4533,.T.);
#6451=ORIENTED_EDGE('',*,*,#4530,.F.);
#6452=ORIENTED_EDGE('',*,*,#4483,.T.);
#6453=ORIENTED_EDGE('',*,*,#4534,.T.);
#6454=ORIENTED_EDGE('',*,*,#4535,.T.);
#6455=ORIENTED_EDGE('',*,*,#4532,.F.);
#6456=ORIENTED_EDGE('',*,*,#4482,.T.);
#6457=ORIENTED_EDGE('',*,*,#4536,.T.);
#6458=ORIENTED_EDGE('',*,*,#4537,.T.);
#6459=ORIENTED_EDGE('',*,*,#4534,.F.);
#6460=ORIENTED_EDGE('',*,*,#4481,.T.);
#6461=ORIENTED_EDGE('',*,*,#4538,.T.);
#6462=ORIENTED_EDGE('',*,*,#4539,.T.);
#6463=ORIENTED_EDGE('',*,*,#4536,.F.);
#6464=ORIENTED_EDGE('',*,*,#4479,.T.);
#6465=ORIENTED_EDGE('',*,*,#4540,.T.);
#6466=ORIENTED_EDGE('',*,*,#4541,.T.);
#6467=ORIENTED_EDGE('',*,*,#4542,.T.);
#6468=ORIENTED_EDGE('',*,*,#4478,.T.);
#6469=ORIENTED_EDGE('',*,*,#4543,.T.);
#6470=ORIENTED_EDGE('',*,*,#4544,.T.);
#6471=ORIENTED_EDGE('',*,*,#4540,.F.);
#6472=ORIENTED_EDGE('',*,*,#4477,.T.);
#6473=ORIENTED_EDGE('',*,*,#4545,.T.);
#6474=ORIENTED_EDGE('',*,*,#4546,.T.);
#6475=ORIENTED_EDGE('',*,*,#4543,.F.);
#6476=ORIENTED_EDGE('',*,*,#4476,.T.);
#6477=ORIENTED_EDGE('',*,*,#4547,.T.);
#6478=ORIENTED_EDGE('',*,*,#4548,.T.);
#6479=ORIENTED_EDGE('',*,*,#4545,.F.);
#6480=ORIENTED_EDGE('',*,*,#4475,.T.);
#6481=ORIENTED_EDGE('',*,*,#4549,.T.);
#6482=ORIENTED_EDGE('',*,*,#4550,.T.);
#6483=ORIENTED_EDGE('',*,*,#4547,.F.);
#6484=ORIENTED_EDGE('',*,*,#4551,.T.);
#6485=ORIENTED_EDGE('',*,*,#4552,.T.);
#6486=ORIENTED_EDGE('',*,*,#4507,.T.);
#6487=ORIENTED_EDGE('',*,*,#4553,.T.);
#6488=ORIENTED_EDGE('',*,*,#4474,.T.);
#6489=ORIENTED_EDGE('',*,*,#4554,.T.);
#6490=ORIENTED_EDGE('',*,*,#4555,.T.);
#6491=ORIENTED_EDGE('',*,*,#4549,.F.);
#6492=ORIENTED_EDGE('',*,*,#4473,.T.);
#6493=ORIENTED_EDGE('',*,*,#4556,.T.);
#6494=ORIENTED_EDGE('',*,*,#4557,.T.);
#6495=ORIENTED_EDGE('',*,*,#4554,.F.);
#6496=ORIENTED_EDGE('',*,*,#4471,.T.);
#6497=ORIENTED_EDGE('',*,*,#4558,.T.);
#6498=ORIENTED_EDGE('',*,*,#4559,.T.);
#6499=ORIENTED_EDGE('',*,*,#4560,.T.);
#6500=ORIENTED_EDGE('',*,*,#4514,.T.);
#6501=ORIENTED_EDGE('',*,*,#4561,.T.);
#6502=ORIENTED_EDGE('',*,*,#4562,.T.);
#6503=ORIENTED_EDGE('',*,*,#4558,.F.);
#6504=ORIENTED_EDGE('',*,*,#4513,.T.);
#6505=ORIENTED_EDGE('',*,*,#4563,.T.);
#6506=ORIENTED_EDGE('',*,*,#4564,.T.);
#6507=ORIENTED_EDGE('',*,*,#4561,.F.);
#6508=ORIENTED_EDGE('',*,*,#4565,.T.);
#6509=ORIENTED_EDGE('',*,*,#4563,.F.);
#6510=ORIENTED_EDGE('',*,*,#4512,.T.);
#6511=ORIENTED_EDGE('',*,*,#4566,.T.);
#6512=ORIENTED_EDGE('',*,*,#4567,.T.);
#6513=ORIENTED_EDGE('',*,*,#4566,.F.);
#6514=ORIENTED_EDGE('',*,*,#4511,.T.);
#6515=ORIENTED_EDGE('',*,*,#4568,.T.);
#6516=ORIENTED_EDGE('',*,*,#4569,.T.);
#6517=ORIENTED_EDGE('',*,*,#4568,.F.);
#6518=ORIENTED_EDGE('',*,*,#4510,.T.);
#6519=ORIENTED_EDGE('',*,*,#4570,.T.);
#6520=ORIENTED_EDGE('',*,*,#4472,.T.);
#6521=ORIENTED_EDGE('',*,*,#4560,.F.);
#6522=ORIENTED_EDGE('',*,*,#4571,.T.);
#6523=ORIENTED_EDGE('',*,*,#4556,.F.);
#6524=ORIENTED_EDGE('',*,*,#4572,.T.);
#6525=ORIENTED_EDGE('',*,*,#4570,.F.);
#6526=ORIENTED_EDGE('',*,*,#4509,.T.);
#6527=ORIENTED_EDGE('',*,*,#4573,.T.);
#6528=ORIENTED_EDGE('',*,*,#4574,.T.);
#6529=ORIENTED_EDGE('',*,*,#4573,.F.);
#6530=ORIENTED_EDGE('',*,*,#4508,.T.);
#6531=ORIENTED_EDGE('',*,*,#4552,.F.);
#6532=ORIENTED_EDGE('',*,*,#4575,.T.);
#6533=ORIENTED_EDGE('',*,*,#4553,.F.);
#6534=ORIENTED_EDGE('',*,*,#4506,.T.);
#6535=ORIENTED_EDGE('',*,*,#4576,.T.);
#6536=ORIENTED_EDGE('',*,*,#4577,.T.);
#6537=ORIENTED_EDGE('',*,*,#4576,.F.);
#6538=ORIENTED_EDGE('',*,*,#4505,.T.);
#6539=ORIENTED_EDGE('',*,*,#4578,.T.);
#6540=ORIENTED_EDGE('',*,*,#4579,.T.);
#6541=ORIENTED_EDGE('',*,*,#4580,.T.);
#6542=ORIENTED_EDGE('',*,*,#4578,.F.);
#6543=ORIENTED_EDGE('',*,*,#4504,.T.);
#6544=ORIENTED_EDGE('',*,*,#4581,.T.);
#6545=ORIENTED_EDGE('',*,*,#4582,.T.);
#6546=ORIENTED_EDGE('',*,*,#4583,.T.);
#6547=ORIENTED_EDGE('',*,*,#4581,.F.);
#6548=ORIENTED_EDGE('',*,*,#4503,.T.);
#6549=ORIENTED_EDGE('',*,*,#4584,.T.);
#6550=ORIENTED_EDGE('',*,*,#4585,.T.);
#6551=ORIENTED_EDGE('',*,*,#4584,.F.);
#6552=ORIENTED_EDGE('',*,*,#4502,.T.);
#6553=ORIENTED_EDGE('',*,*,#4586,.T.);
#6554=ORIENTED_EDGE('',*,*,#4480,.T.);
#6555=ORIENTED_EDGE('',*,*,#4542,.F.);
#6556=ORIENTED_EDGE('',*,*,#4587,.T.);
#6557=ORIENTED_EDGE('',*,*,#4538,.F.);
#6558=ORIENTED_EDGE('',*,*,#4588,.T.);
#6559=ORIENTED_EDGE('',*,*,#4586,.F.);
#6560=ORIENTED_EDGE('',*,*,#4501,.T.);
#6561=ORIENTED_EDGE('',*,*,#4589,.T.);
#6562=ORIENTED_EDGE('',*,*,#4590,.T.);
#6563=ORIENTED_EDGE('',*,*,#4589,.F.);
#6564=ORIENTED_EDGE('',*,*,#4500,.T.);
#6565=ORIENTED_EDGE('',*,*,#4591,.T.);
#6566=ORIENTED_EDGE('',*,*,#4592,.T.);
#6567=ORIENTED_EDGE('',*,*,#4591,.F.);
#6568=ORIENTED_EDGE('',*,*,#4499,.T.);
#6569=ORIENTED_EDGE('',*,*,#4593,.T.);
#6570=ORIENTED_EDGE('',*,*,#4594,.T.);
#6571=ORIENTED_EDGE('',*,*,#4593,.F.);
#6572=ORIENTED_EDGE('',*,*,#4498,.T.);
#6573=ORIENTED_EDGE('',*,*,#4595,.T.);
#6574=ORIENTED_EDGE('',*,*,#4596,.T.);
#6575=ORIENTED_EDGE('',*,*,#4595,.F.);
#6576=ORIENTED_EDGE('',*,*,#4497,.T.);
#6577=ORIENTED_EDGE('',*,*,#4597,.T.);
#6578=ORIENTED_EDGE('',*,*,#4598,.T.);
#6579=ORIENTED_EDGE('',*,*,#4597,.F.);
#6580=ORIENTED_EDGE('',*,*,#4496,.T.);
#6581=ORIENTED_EDGE('',*,*,#4526,.F.);
#6582=ORIENTED_EDGE('',*,*,#4599,.T.);
#6583=ORIENTED_EDGE('',*,*,#4527,.F.);
#6584=ORIENTED_EDGE('',*,*,#4494,.T.);
#6585=ORIENTED_EDGE('',*,*,#4600,.T.);
#6586=ORIENTED_EDGE('',*,*,#4488,.T.);
#6587=ORIENTED_EDGE('',*,*,#4524,.F.);
#6588=ORIENTED_EDGE('',*,*,#4601,.T.);
#6589=ORIENTED_EDGE('',*,*,#4520,.F.);
#6590=ORIENTED_EDGE('',*,*,#4602,.T.);
#6591=ORIENTED_EDGE('',*,*,#4600,.F.);
#6592=ORIENTED_EDGE('',*,*,#4493,.T.);
#6593=ORIENTED_EDGE('',*,*,#4603,.T.);
#6594=ORIENTED_EDGE('',*,*,#4604,.T.);
#6595=ORIENTED_EDGE('',*,*,#4603,.F.);
#6596=ORIENTED_EDGE('',*,*,#4492,.T.);
#6597=ORIENTED_EDGE('',*,*,#4517,.T.);
#6598=ORIENTED_EDGE('',*,*,#4602,.F.);
#6599=ORIENTED_EDGE('',*,*,#4605,.T.);
#6600=ORIENTED_EDGE('',*,*,#4606,.T.);
#6601=ORIENTED_EDGE('',*,*,#4607,.F.);
#6602=ORIENTED_EDGE('',*,*,#4604,.F.);
#6603=ORIENTED_EDGE('',*,*,#4608,.T.);
#6604=ORIENTED_EDGE('',*,*,#4609,.T.);
#6605=ORIENTED_EDGE('',*,*,#4605,.F.);
#6606=ORIENTED_EDGE('',*,*,#4516,.F.);
#6607=ORIENTED_EDGE('',*,*,#4610,.T.);
#6608=ORIENTED_EDGE('',*,*,#4611,.T.);
#6609=ORIENTED_EDGE('',*,*,#4608,.F.);
#6610=ORIENTED_EDGE('',*,*,#4519,.F.);
#6611=ORIENTED_EDGE('',*,*,#4612,.T.);
#6612=ORIENTED_EDGE('',*,*,#4613,.T.);
#6613=ORIENTED_EDGE('',*,*,#4610,.F.);
#6614=ORIENTED_EDGE('',*,*,#4521,.F.);
#6615=ORIENTED_EDGE('',*,*,#4614,.T.);
#6616=ORIENTED_EDGE('',*,*,#4615,.T.);
#6617=ORIENTED_EDGE('',*,*,#4612,.F.);
#6618=ORIENTED_EDGE('',*,*,#4601,.F.);
#6619=ORIENTED_EDGE('',*,*,#4616,.T.);
#6620=ORIENTED_EDGE('',*,*,#4617,.T.);
#6621=ORIENTED_EDGE('',*,*,#4614,.F.);
#6622=ORIENTED_EDGE('',*,*,#4523,.F.);
#6623=ORIENTED_EDGE('',*,*,#4618,.F.);
#6624=ORIENTED_EDGE('',*,*,#4619,.T.);
#6625=ORIENTED_EDGE('',*,*,#4616,.F.);
#6626=ORIENTED_EDGE('',*,*,#4529,.F.);
#6627=ORIENTED_EDGE('',*,*,#4620,.T.);
#6628=ORIENTED_EDGE('',*,*,#4621,.F.);
#6629=ORIENTED_EDGE('',*,*,#4618,.T.);
#6630=ORIENTED_EDGE('',*,*,#4531,.F.);
#6631=ORIENTED_EDGE('',*,*,#4622,.T.);
#6632=ORIENTED_EDGE('',*,*,#4623,.T.);
#6633=ORIENTED_EDGE('',*,*,#4620,.F.);
#6634=ORIENTED_EDGE('',*,*,#4533,.F.);
#6635=ORIENTED_EDGE('',*,*,#4624,.T.);
#6636=ORIENTED_EDGE('',*,*,#4625,.T.);
#6637=ORIENTED_EDGE('',*,*,#4622,.F.);
#6638=ORIENTED_EDGE('',*,*,#4535,.F.);
#6639=ORIENTED_EDGE('',*,*,#4626,.T.);
#6640=ORIENTED_EDGE('',*,*,#4627,.T.);
#6641=ORIENTED_EDGE('',*,*,#4624,.F.);
#6642=ORIENTED_EDGE('',*,*,#4537,.F.);
#6643=ORIENTED_EDGE('',*,*,#4628,.T.);
#6644=ORIENTED_EDGE('',*,*,#4629,.T.);
#6645=ORIENTED_EDGE('',*,*,#4626,.F.);
#6646=ORIENTED_EDGE('',*,*,#4539,.F.);
#6647=ORIENTED_EDGE('',*,*,#4630,.T.);
#6648=ORIENTED_EDGE('',*,*,#4631,.T.);
#6649=ORIENTED_EDGE('',*,*,#4628,.F.);
#6650=ORIENTED_EDGE('',*,*,#4587,.F.);
#6651=ORIENTED_EDGE('',*,*,#4632,.T.);
#6652=ORIENTED_EDGE('',*,*,#4633,.T.);
#6653=ORIENTED_EDGE('',*,*,#4630,.F.);
#6654=ORIENTED_EDGE('',*,*,#4541,.F.);
#6655=ORIENTED_EDGE('',*,*,#4634,.F.);
#6656=ORIENTED_EDGE('',*,*,#4635,.T.);
#6657=ORIENTED_EDGE('',*,*,#4632,.F.);
#6658=ORIENTED_EDGE('',*,*,#4544,.F.);
#6659=ORIENTED_EDGE('',*,*,#4636,.T.);
#6660=ORIENTED_EDGE('',*,*,#4637,.F.);
#6661=ORIENTED_EDGE('',*,*,#4634,.T.);
#6662=ORIENTED_EDGE('',*,*,#4546,.F.);
#6663=ORIENTED_EDGE('',*,*,#4638,.T.);
#6664=ORIENTED_EDGE('',*,*,#4639,.T.);
#6665=ORIENTED_EDGE('',*,*,#4636,.F.);
#6666=ORIENTED_EDGE('',*,*,#4548,.F.);
#6667=ORIENTED_EDGE('',*,*,#4640,.T.);
#6668=ORIENTED_EDGE('',*,*,#4641,.T.);
#6669=ORIENTED_EDGE('',*,*,#4638,.F.);
#6670=ORIENTED_EDGE('',*,*,#4550,.F.);
#6671=ORIENTED_EDGE('',*,*,#4642,.T.);
#6672=ORIENTED_EDGE('',*,*,#4643,.T.);
#6673=ORIENTED_EDGE('',*,*,#4640,.F.);
#6674=ORIENTED_EDGE('',*,*,#4555,.F.);
#6675=ORIENTED_EDGE('',*,*,#4644,.T.);
#6676=ORIENTED_EDGE('',*,*,#4645,.T.);
#6677=ORIENTED_EDGE('',*,*,#4642,.F.);
#6678=ORIENTED_EDGE('',*,*,#4557,.F.);
#6679=ORIENTED_EDGE('',*,*,#4646,.T.);
#6680=ORIENTED_EDGE('',*,*,#4647,.T.);
#6681=ORIENTED_EDGE('',*,*,#4644,.F.);
#6682=ORIENTED_EDGE('',*,*,#4571,.F.);
#6683=ORIENTED_EDGE('',*,*,#4648,.T.);
#6684=ORIENTED_EDGE('',*,*,#4649,.T.);
#6685=ORIENTED_EDGE('',*,*,#4646,.F.);
#6686=ORIENTED_EDGE('',*,*,#4559,.F.);
#6687=ORIENTED_EDGE('',*,*,#4650,.F.);
#6688=ORIENTED_EDGE('',*,*,#4651,.T.);
#6689=ORIENTED_EDGE('',*,*,#4648,.F.);
#6690=ORIENTED_EDGE('',*,*,#4455,.F.);
#6691=ORIENTED_EDGE('',*,*,#4468,.T.);
#6692=ORIENTED_EDGE('',*,*,#4460,.F.);
#6693=ORIENTED_EDGE('',*,*,#4457,.F.);
#6694=ORIENTED_EDGE('',*,*,#4551,.F.);
#6695=ORIENTED_EDGE('',*,*,#4652,.F.);
#6696=ORIENTED_EDGE('',*,*,#4653,.T.);
#6697=ORIENTED_EDGE('',*,*,#4654,.F.);
#6698=ORIENTED_EDGE('',*,*,#4564,.F.);
#6699=ORIENTED_EDGE('',*,*,#4655,.T.);
#6700=ORIENTED_EDGE('',*,*,#4656,.T.);
#6701=ORIENTED_EDGE('',*,*,#4657,.F.);
#6702=ORIENTED_EDGE('',*,*,#4565,.F.);
#6703=ORIENTED_EDGE('',*,*,#4658,.T.);
#6704=ORIENTED_EDGE('',*,*,#4659,.T.);
#6705=ORIENTED_EDGE('',*,*,#4655,.F.);
#6706=ORIENTED_EDGE('',*,*,#4567,.F.);
#6707=ORIENTED_EDGE('',*,*,#4660,.T.);
#6708=ORIENTED_EDGE('',*,*,#4661,.T.);
#6709=ORIENTED_EDGE('',*,*,#4658,.F.);
#6710=ORIENTED_EDGE('',*,*,#4569,.F.);
#6711=ORIENTED_EDGE('',*,*,#4662,.T.);
#6712=ORIENTED_EDGE('',*,*,#4663,.T.);
#6713=ORIENTED_EDGE('',*,*,#4660,.F.);
#6714=ORIENTED_EDGE('',*,*,#4572,.F.);
#6715=ORIENTED_EDGE('',*,*,#4664,.T.);
#6716=ORIENTED_EDGE('',*,*,#4665,.T.);
#6717=ORIENTED_EDGE('',*,*,#4662,.F.);
#6718=ORIENTED_EDGE('',*,*,#4574,.F.);
#6719=ORIENTED_EDGE('',*,*,#4654,.T.);
#6720=ORIENTED_EDGE('',*,*,#4666,.T.);
#6721=ORIENTED_EDGE('',*,*,#4664,.F.);
#6722=ORIENTED_EDGE('',*,*,#4525,.F.);
#6723=ORIENTED_EDGE('',*,*,#4667,.F.);
#6724=ORIENTED_EDGE('',*,*,#4668,.T.);
#6725=ORIENTED_EDGE('',*,*,#4669,.F.);
#6726=ORIENTED_EDGE('',*,*,#4588,.F.);
#6727=ORIENTED_EDGE('',*,*,#4670,.T.);
#6728=ORIENTED_EDGE('',*,*,#4671,.T.);
#6729=ORIENTED_EDGE('',*,*,#4672,.F.);
#6730=ORIENTED_EDGE('',*,*,#4590,.F.);
#6731=ORIENTED_EDGE('',*,*,#4673,.T.);
#6732=ORIENTED_EDGE('',*,*,#4674,.T.);
#6733=ORIENTED_EDGE('',*,*,#4670,.F.);
#6734=ORIENTED_EDGE('',*,*,#4592,.F.);
#6735=ORIENTED_EDGE('',*,*,#4675,.T.);
#6736=ORIENTED_EDGE('',*,*,#4676,.T.);
#6737=ORIENTED_EDGE('',*,*,#4673,.F.);
#6738=ORIENTED_EDGE('',*,*,#4594,.F.);
#6739=ORIENTED_EDGE('',*,*,#4677,.T.);
#6740=ORIENTED_EDGE('',*,*,#4678,.T.);
#6741=ORIENTED_EDGE('',*,*,#4675,.F.);
#6742=ORIENTED_EDGE('',*,*,#4596,.F.);
#6743=ORIENTED_EDGE('',*,*,#4679,.T.);
#6744=ORIENTED_EDGE('',*,*,#4680,.T.);
#6745=ORIENTED_EDGE('',*,*,#4677,.F.);
#6746=ORIENTED_EDGE('',*,*,#4598,.F.);
#6747=ORIENTED_EDGE('',*,*,#4669,.T.);
#6748=ORIENTED_EDGE('',*,*,#4681,.T.);
#6749=ORIENTED_EDGE('',*,*,#4679,.F.);
#6750=ORIENTED_EDGE('',*,*,#4575,.F.);
#6751=ORIENTED_EDGE('',*,*,#4682,.F.);
#6752=ORIENTED_EDGE('',*,*,#4683,.F.);
#6753=ORIENTED_EDGE('',*,*,#4652,.T.);
#6754=ORIENTED_EDGE('',*,*,#4562,.F.);
#6755=ORIENTED_EDGE('',*,*,#4657,.T.);
#6756=ORIENTED_EDGE('',*,*,#4684,.F.);
#6757=ORIENTED_EDGE('',*,*,#4650,.T.);
#6758=ORIENTED_EDGE('',*,*,#4599,.F.);
#6759=ORIENTED_EDGE('',*,*,#4607,.T.);
#6760=ORIENTED_EDGE('',*,*,#4685,.F.);
#6761=ORIENTED_EDGE('',*,*,#4667,.T.);
#6762=ORIENTED_EDGE('',*,*,#4585,.F.);
#6763=ORIENTED_EDGE('',*,*,#4672,.T.);
#6764=ORIENTED_EDGE('',*,*,#4686,.F.);
#6765=ORIENTED_EDGE('',*,*,#4687,.T.);
#6766=ORIENTED_EDGE('',*,*,#4582,.F.);
#6767=ORIENTED_EDGE('',*,*,#4687,.F.);
#6768=ORIENTED_EDGE('',*,*,#4688,.F.);
#6769=ORIENTED_EDGE('',*,*,#4689,.F.);
#6770=ORIENTED_EDGE('',*,*,#4690,.F.);
#6771=ORIENTED_EDGE('',*,*,#4577,.F.);
#6772=ORIENTED_EDGE('',*,*,#4691,.F.);
#6773=ORIENTED_EDGE('',*,*,#4692,.F.);
#6774=ORIENTED_EDGE('',*,*,#4693,.F.);
#6775=ORIENTED_EDGE('',*,*,#4682,.T.);
#6776=ORIENTED_EDGE('',*,*,#4688,.T.);
#6777=ORIENTED_EDGE('',*,*,#4686,.T.);
#6778=ORIENTED_EDGE('',*,*,#4671,.F.);
#6779=ORIENTED_EDGE('',*,*,#4674,.F.);
#6780=ORIENTED_EDGE('',*,*,#4676,.F.);
#6781=ORIENTED_EDGE('',*,*,#4678,.F.);
#6782=ORIENTED_EDGE('',*,*,#4680,.F.);
#6783=ORIENTED_EDGE('',*,*,#4681,.F.);
#6784=ORIENTED_EDGE('',*,*,#4668,.F.);
#6785=ORIENTED_EDGE('',*,*,#4685,.T.);
#6786=ORIENTED_EDGE('',*,*,#4606,.F.);
#6787=ORIENTED_EDGE('',*,*,#4609,.F.);
#6788=ORIENTED_EDGE('',*,*,#4611,.F.);
#6789=ORIENTED_EDGE('',*,*,#4613,.F.);
#6790=ORIENTED_EDGE('',*,*,#4615,.F.);
#6791=ORIENTED_EDGE('',*,*,#4617,.F.);
#6792=ORIENTED_EDGE('',*,*,#4619,.F.);
#6793=ORIENTED_EDGE('',*,*,#4621,.T.);
#6794=ORIENTED_EDGE('',*,*,#4623,.F.);
#6795=ORIENTED_EDGE('',*,*,#4625,.F.);
#6796=ORIENTED_EDGE('',*,*,#4627,.F.);
#6797=ORIENTED_EDGE('',*,*,#4629,.F.);
#6798=ORIENTED_EDGE('',*,*,#4631,.F.);
#6799=ORIENTED_EDGE('',*,*,#4633,.F.);
#6800=ORIENTED_EDGE('',*,*,#4635,.F.);
#6801=ORIENTED_EDGE('',*,*,#4637,.T.);
#6802=ORIENTED_EDGE('',*,*,#4639,.F.);
#6803=ORIENTED_EDGE('',*,*,#4641,.F.);
#6804=ORIENTED_EDGE('',*,*,#4643,.F.);
#6805=ORIENTED_EDGE('',*,*,#4645,.F.);
#6806=ORIENTED_EDGE('',*,*,#4647,.F.);
#6807=ORIENTED_EDGE('',*,*,#4649,.F.);
#6808=ORIENTED_EDGE('',*,*,#4651,.F.);
#6809=ORIENTED_EDGE('',*,*,#4684,.T.);
#6810=ORIENTED_EDGE('',*,*,#4656,.F.);
#6811=ORIENTED_EDGE('',*,*,#4659,.F.);
#6812=ORIENTED_EDGE('',*,*,#4661,.F.);
#6813=ORIENTED_EDGE('',*,*,#4663,.F.);
#6814=ORIENTED_EDGE('',*,*,#4665,.F.);
#6815=ORIENTED_EDGE('',*,*,#4666,.F.);
#6816=ORIENTED_EDGE('',*,*,#4653,.F.);
#6817=ORIENTED_EDGE('',*,*,#4683,.T.);
#6818=ORIENTED_EDGE('',*,*,#4693,.T.);
#6819=ORIENTED_EDGE('',*,*,#4694,.T.);
#6820=ORIENTED_EDGE('',*,*,#4580,.F.);
#6821=ORIENTED_EDGE('',*,*,#4583,.F.);
#6822=ORIENTED_EDGE('',*,*,#4690,.T.);
#6823=ORIENTED_EDGE('',*,*,#4695,.F.);
#6824=ORIENTED_EDGE('',*,*,#4691,.T.);
#6825=ORIENTED_EDGE('',*,*,#4579,.F.);
#6826=ORIENTED_EDGE('',*,*,#4689,.T.);
#6827=ORIENTED_EDGE('',*,*,#4694,.F.);
#6828=ORIENTED_EDGE('',*,*,#4692,.T.);
#6829=ORIENTED_EDGE('',*,*,#4695,.T.);
#6830=CYLINDRICAL_SURFACE('',#7498,0.2);
#6831=CYLINDRICAL_SURFACE('',#7505,0.2);
#6832=CYLINDRICAL_SURFACE('',#7508,0.2);
#6833=CYLINDRICAL_SURFACE('',#7512,0.2);
#6834=CYLINDRICAL_SURFACE('',#7519,0.2);
#6835=CYLINDRICAL_SURFACE('',#7522,0.2);
#6836=CYLINDRICAL_SURFACE('',#7526,0.2);
#6837=CYLINDRICAL_SURFACE('',#7528,0.2);
#6838=CYLINDRICAL_SURFACE('',#7531,0.2);
#6839=CYLINDRICAL_SURFACE('',#7533,0.2);
#6840=CYLINDRICAL_SURFACE('',#7537,0.2);
#6841=CYLINDRICAL_SURFACE('',#7543,0.25);
#6842=CYLINDRICAL_SURFACE('',#7544,0.2);
#6843=CYLINDRICAL_SURFACE('',#7551,0.25);
#6844=CYLINDRICAL_SURFACE('',#7553,0.5);
#6845=CYLINDRICAL_SURFACE('',#7558,0.250000000000001);
#6846=CYLINDRICAL_SURFACE('',#7564,0.500000000000001);
#6847=CYLINDRICAL_SURFACE('',#7570,0.499999999999999);
#6848=CYLINDRICAL_SURFACE('',#7574,0.25);
#6849=CYLINDRICAL_SURFACE('',#7576,0.499999999999999);
#6850=CYLINDRICAL_SURFACE('',#7585,0.5);
#6851=CYLINDRICAL_SURFACE('',#7587,0.249999999999999);
#6852=CYLINDRICAL_SURFACE('',#7593,0.15);
#6853=CYLINDRICAL_SURFACE('',#7598,0.2);
#6854=CYLINDRICAL_SURFACE('',#7605,0.2);
#6855=CYLINDRICAL_SURFACE('',#7608,0.2);
#6856=CYLINDRICAL_SURFACE('',#7612,0.2);
#6857=CYLINDRICAL_SURFACE('',#7619,0.2);
#6858=CYLINDRICAL_SURFACE('',#7622,0.2);
#6859=CYLINDRICAL_SURFACE('',#7626,0.2);
#6860=CYLINDRICAL_SURFACE('',#7628,0.2);
#6861=CYLINDRICAL_SURFACE('',#7631,0.2);
#6862=CYLINDRICAL_SURFACE('',#7633,0.2);
#6863=CYLINDRICAL_SURFACE('',#7637,0.2);
#6864=CYLINDRICAL_SURFACE('',#7643,0.25);
#6865=CYLINDRICAL_SURFACE('',#7644,0.2);
#6866=CYLINDRICAL_SURFACE('',#7651,0.25);
#6867=CYLINDRICAL_SURFACE('',#7653,0.5);
#6868=CYLINDRICAL_SURFACE('',#7658,0.250000000000001);
#6869=CYLINDRICAL_SURFACE('',#7664,0.500000000000001);
#6870=CYLINDRICAL_SURFACE('',#7670,0.499999999999999);
#6871=CYLINDRICAL_SURFACE('',#7674,0.25);
#6872=CYLINDRICAL_SURFACE('',#7676,0.499999999999999);
#6873=CYLINDRICAL_SURFACE('',#7685,0.5);
#6874=CYLINDRICAL_SURFACE('',#7687,0.249999999999999);
#6875=CYLINDRICAL_SURFACE('',#7693,0.15);
#6876=CYLINDRICAL_SURFACE('',#7698,0.2);
#6877=CYLINDRICAL_SURFACE('',#7705,0.2);
#6878=CYLINDRICAL_SURFACE('',#7708,0.2);
#6879=CYLINDRICAL_SURFACE('',#7712,0.2);
#6880=CYLINDRICAL_SURFACE('',#7719,0.2);
#6881=CYLINDRICAL_SURFACE('',#7722,0.2);
#6882=CYLINDRICAL_SURFACE('',#7726,0.2);
#6883=CYLINDRICAL_SURFACE('',#7728,0.2);
#6884=CYLINDRICAL_SURFACE('',#7731,0.2);
#6885=CYLINDRICAL_SURFACE('',#7733,0.2);
#6886=CYLINDRICAL_SURFACE('',#7737,0.2);
#6887=CYLINDRICAL_SURFACE('',#7743,0.25);
#6888=CYLINDRICAL_SURFACE('',#7744,0.2);
#6889=CYLINDRICAL_SURFACE('',#7751,0.25);
#6890=CYLINDRICAL_SURFACE('',#7753,0.5);
#6891=CYLINDRICAL_SURFACE('',#7758,0.250000000000001);
#6892=CYLINDRICAL_SURFACE('',#7764,0.500000000000001);
#6893=CYLINDRICAL_SURFACE('',#7770,0.499999999999999);
#6894=CYLINDRICAL_SURFACE('',#7774,0.25);
#6895=CYLINDRICAL_SURFACE('',#7776,0.499999999999999);
#6896=CYLINDRICAL_SURFACE('',#7785,0.5);
#6897=CYLINDRICAL_SURFACE('',#7787,0.249999999999999);
#6898=CYLINDRICAL_SURFACE('',#7793,0.15);
#6899=CYLINDRICAL_SURFACE('',#7798,0.2);
#6900=CYLINDRICAL_SURFACE('',#7805,0.2);
#6901=CYLINDRICAL_SURFACE('',#7808,0.2);
#6902=CYLINDRICAL_SURFACE('',#7812,0.2);
#6903=CYLINDRICAL_SURFACE('',#7819,0.2);
#6904=CYLINDRICAL_SURFACE('',#7822,0.2);
#6905=CYLINDRICAL_SURFACE('',#7826,0.2);
#6906=CYLINDRICAL_SURFACE('',#7828,0.2);
#6907=CYLINDRICAL_SURFACE('',#7831,0.2);
#6908=CYLINDRICAL_SURFACE('',#7833,0.2);
#6909=CYLINDRICAL_SURFACE('',#7837,0.2);
#6910=CYLINDRICAL_SURFACE('',#7843,0.25);
#6911=CYLINDRICAL_SURFACE('',#7844,0.2);
#6912=CYLINDRICAL_SURFACE('',#7851,0.25);
#6913=CYLINDRICAL_SURFACE('',#7853,0.5);
#6914=CYLINDRICAL_SURFACE('',#7858,0.250000000000001);
#6915=CYLINDRICAL_SURFACE('',#7864,0.500000000000001);
#6916=CYLINDRICAL_SURFACE('',#7870,0.499999999999999);
#6917=CYLINDRICAL_SURFACE('',#7874,0.25);
#6918=CYLINDRICAL_SURFACE('',#7876,0.499999999999999);
#6919=CYLINDRICAL_SURFACE('',#7885,0.5);
#6920=CYLINDRICAL_SURFACE('',#7887,0.249999999999999);
#6921=CYLINDRICAL_SURFACE('',#7893,0.15);
#6922=CYLINDRICAL_SURFACE('',#7898,0.2);
#6923=CYLINDRICAL_SURFACE('',#7905,0.2);
#6924=CYLINDRICAL_SURFACE('',#7908,0.2);
#6925=CYLINDRICAL_SURFACE('',#7912,0.2);
#6926=CYLINDRICAL_SURFACE('',#7919,0.2);
#6927=CYLINDRICAL_SURFACE('',#7922,0.2);
#6928=CYLINDRICAL_SURFACE('',#7926,0.2);
#6929=CYLINDRICAL_SURFACE('',#7928,0.2);
#6930=CYLINDRICAL_SURFACE('',#7931,0.2);
#6931=CYLINDRICAL_SURFACE('',#7933,0.2);
#6932=CYLINDRICAL_SURFACE('',#7937,0.2);
#6933=CYLINDRICAL_SURFACE('',#7943,0.25);
#6934=CYLINDRICAL_SURFACE('',#7944,0.2);
#6935=CYLINDRICAL_SURFACE('',#7951,0.25);
#6936=CYLINDRICAL_SURFACE('',#7953,0.5);
#6937=CYLINDRICAL_SURFACE('',#7958,0.250000000000001);
#6938=CYLINDRICAL_SURFACE('',#7964,0.500000000000001);
#6939=CYLINDRICAL_SURFACE('',#7970,0.499999999999999);
#6940=CYLINDRICAL_SURFACE('',#7974,0.25);
#6941=CYLINDRICAL_SURFACE('',#7976,0.499999999999999);
#6942=CYLINDRICAL_SURFACE('',#7985,0.5);
#6943=CYLINDRICAL_SURFACE('',#7987,0.249999999999999);
#6944=CYLINDRICAL_SURFACE('',#7993,0.15);
#6945=CYLINDRICAL_SURFACE('',#7999,0.09);
#6946=CYLINDRICAL_SURFACE('',#8003,0.09);
#6947=CYLINDRICAL_SURFACE('',#8009,0.09);
#6948=CYLINDRICAL_SURFACE('',#8011,0.09);
#6949=CYLINDRICAL_SURFACE('',#8014,0.09);
#6950=CYLINDRICAL_SURFACE('',#8015,0.09);
#6951=CYLINDRICAL_SURFACE('',#8017,0.09);
#6952=CYLINDRICAL_SURFACE('',#8024,0.1);
#6953=CYLINDRICAL_SURFACE('',#8027,0.1);
#6954=CYLINDRICAL_SURFACE('',#8029,0.1);
#6955=CYLINDRICAL_SURFACE('',#8032,0.1);
#6956=CYLINDRICAL_SURFACE('',#8034,0.1);
#6957=CYLINDRICAL_SURFACE('',#8040,0.1);
#6958=CYLINDRICAL_SURFACE('',#8054,0.1);
#6959=CYLINDRICAL_SURFACE('',#8063,0.1);
#6960=CYLINDRICAL_SURFACE('',#8068,0.1);
#6961=CYLINDRICAL_SURFACE('',#8069,0.1);
#6962=CYLINDRICAL_SURFACE('',#8074,0.1);
#6963=CYLINDRICAL_SURFACE('',#8075,0.1);
#6964=CYLINDRICAL_SURFACE('',#8076,0.1);
#6965=CYLINDRICAL_SURFACE('',#8077,0.1);
#6966=CYLINDRICAL_SURFACE('',#8078,0.1);
#6967=CYLINDRICAL_SURFACE('',#8079,0.1);
#6968=CYLINDRICAL_SURFACE('',#8080,0.1);
#6969=CYLINDRICAL_SURFACE('',#8081,0.1);
#6970=CYLINDRICAL_SURFACE('',#8082,0.1);
#6971=CYLINDRICAL_SURFACE('',#8083,0.1);
#6972=CYLINDRICAL_SURFACE('',#8093,0.1);
#6973=CYLINDRICAL_SURFACE('',#8096,0.1);
#6974=CYLINDRICAL_SURFACE('',#8098,0.1);
#6975=CYLINDRICAL_SURFACE('',#8100,0.1);
#6976=CYLINDRICAL_SURFACE('',#8103,0.1);
#6977=CYLINDRICAL_SURFACE('',#8106,0.1);
#6978=CYLINDRICAL_SURFACE('',#8108,0.1);
#6979=CYLINDRICAL_SURFACE('',#8110,0.1);
#6980=CYLINDRICAL_SURFACE('',#8112,0.1);
#6981=CYLINDRICAL_SURFACE('',#8114,0.1);
#6982=CYLINDRICAL_SURFACE('',#8116,0.1);
#6983=CYLINDRICAL_SURFACE('',#8118,0.1);
#6984=CYLINDRICAL_SURFACE('',#8121,0.1);
#6985=CYLINDRICAL_SURFACE('',#8123,0.1);
#6986=CYLINDRICAL_SURFACE('',#8125,0.1);
#6987=CYLINDRICAL_SURFACE('',#8127,0.1);
#6988=CYLINDRICAL_SURFACE('',#8129,0.1);
#6989=CYLINDRICAL_SURFACE('',#8132,0.1);
#6990=CYLINDRICAL_SURFACE('',#8134,0.1);
#6991=CYLINDRICAL_SURFACE('',#8136,0.1);
#6992=CYLINDRICAL_SURFACE('',#8139,0.1);
#6993=CYLINDRICAL_SURFACE('',#8141,0.1);
#6994=CYLINDRICAL_SURFACE('',#8143,0.1);
#6995=CYLINDRICAL_SURFACE('',#8145,0.1);
#6996=CYLINDRICAL_SURFACE('',#8147,0.1);
#6997=CYLINDRICAL_SURFACE('',#8149,0.1);
#6998=CYLINDRICAL_SURFACE('',#8150,0.1);
#6999=CYLINDRICAL_SURFACE('',#8152,0.1);
#7000=CYLINDRICAL_SURFACE('',#8153,0.1);
#7001=CYLINDRICAL_SURFACE('',#8155,0.1);
#7002=CYLINDRICAL_SURFACE('',#8158,0.1);
#7003=CYLINDRICAL_SURFACE('',#8160,0.1);
#7004=CYLINDRICAL_SURFACE('',#8163,0.1);
#7005=CYLINDRICAL_SURFACE('',#8165,0.1);
#7006=CYLINDRICAL_SURFACE('',#8166,0.1);
#7007=CYLINDRICAL_SURFACE('',#8168,0.1);
#7008=CYLINDRICAL_SURFACE('',#8170,0.1);
#7009=CYLINDRICAL_SURFACE('',#8172,0.1);
#7010=CYLINDRICAL_SURFACE('',#8174,0.1);
#7011=CYLINDRICAL_SURFACE('',#8176,0.1);
#7012=CYLINDRICAL_SURFACE('',#8177,0.1);
#7013=CYLINDRICAL_SURFACE('',#8179,0.1);
#7014=CYLINDRICAL_SURFACE('',#8180,0.1);
#7015=CYLINDRICAL_SURFACE('',#8182,0.1);
#7016=ADVANCED_FACE('',(#454),#6830,.T.);
#7017=ADVANCED_FACE('',(#455),#205,.F.);
#7018=ADVANCED_FACE('',(#456),#206,.T.);
#7019=ADVANCED_FACE('',(#457),#6831,.T.);
#7020=ADVANCED_FACE('',(#458),#207,.F.);
#7021=ADVANCED_FACE('',(#459),#6832,.F.);
#7022=ADVANCED_FACE('',(#460),#208,.F.);
#7023=ADVANCED_FACE('',(#461),#6833,.T.);
#7024=ADVANCED_FACE('',(#462),#209,.T.);
#7025=ADVANCED_FACE('',(#463),#210,.T.);
#7026=ADVANCED_FACE('',(#464),#6834,.F.);
#7027=ADVANCED_FACE('',(#465),#211,.F.);
#7028=ADVANCED_FACE('',(#466),#6835,.T.);
#7029=ADVANCED_FACE('',(#467),#212,.T.);
#7030=ADVANCED_FACE('',(#468),#213,.T.);
#7031=ADVANCED_FACE('',(#469),#6836,.F.);
#7032=ADVANCED_FACE('',(#470),#6837,.F.);
#7033=ADVANCED_FACE('',(#471),#214,.F.);
#7034=ADVANCED_FACE('',(#472),#6838,.F.);
#7035=ADVANCED_FACE('',(#473),#6839,.F.);
#7036=ADVANCED_FACE('',(#474),#215,.F.);
#7037=ADVANCED_FACE('',(#475),#6840,.T.);
#7038=ADVANCED_FACE('',(#476),#216,.T.);
#7039=ADVANCED_FACE('',(#477),#217,.T.);
#7040=ADVANCED_FACE('',(#478),#6841,.F.);
#7041=ADVANCED_FACE('',(#479),#6842,.T.);
#7042=ADVANCED_FACE('',(#480),#218,.F.);
#7043=ADVANCED_FACE('',(#481),#219,.T.);
#7044=ADVANCED_FACE('',(#482),#220,.F.);
#7045=ADVANCED_FACE('',(#483),#6843,.F.);
#7046=ADVANCED_FACE('',(#484),#6844,.T.);
#7047=ADVANCED_FACE('',(#485),#221,.F.);
#7048=ADVANCED_FACE('',(#486),#6845,.F.);
#7049=ADVANCED_FACE('',(#487),#222,.F.);
#7050=ADVANCED_FACE('',(#488),#223,.F.);
#7051=ADVANCED_FACE('',(#489),#224,.T.);
#7052=ADVANCED_FACE('',(#490),#225,.F.);
#7053=ADVANCED_FACE('',(#491),#6846,.T.);
#7054=ADVANCED_FACE('',(#492),#226,.T.);
#7055=ADVANCED_FACE('',(#493),#227,.F.);
#7056=ADVANCED_FACE('',(#494),#6847,.T.);
#7057=ADVANCED_FACE('',(#495),#228,.F.);
#7058=ADVANCED_FACE('',(#496),#229,.F.);
#7059=ADVANCED_FACE('',(#497),#6848,.F.);
#7060=ADVANCED_FACE('',(#498),#6849,.T.);
#7061=ADVANCED_FACE('',(#499),#230,.T.);
#7062=ADVANCED_FACE('',(#500),#231,.T.);
#7063=ADVANCED_FACE('',(#501),#232,.T.);
#7064=ADVANCED_FACE('',(#502),#233,.T.);
#7065=ADVANCED_FACE('',(#503),#6850,.T.);
#7066=ADVANCED_FACE('',(#504),#6851,.F.);
#7067=ADVANCED_FACE('',(#505),#234,.T.);
#7068=ADVANCED_FACE('',(#506),#235,.F.);
#7069=ADVANCED_FACE('',(#507),#236,.T.);
#7070=ADVANCED_FACE('',(#508),#237,.T.);
#7071=ADVANCED_FACE('',(#509),#6852,.T.);
#7072=ADVANCED_FACE('',(#510),#238,.F.);
#7073=ADVANCED_FACE('',(#511),#239,.F.);
#7074=ADVANCED_FACE('',(#512),#240,.F.);
#7075=ADVANCED_FACE('',(#513),#241,.F.);
#7076=ADVANCED_FACE('',(#514),#6853,.T.);
#7077=ADVANCED_FACE('',(#515),#242,.F.);
#7078=ADVANCED_FACE('',(#516),#243,.T.);
#7079=ADVANCED_FACE('',(#517),#6854,.T.);
#7080=ADVANCED_FACE('',(#518),#244,.F.);
#7081=ADVANCED_FACE('',(#519),#6855,.F.);
#7082=ADVANCED_FACE('',(#520),#245,.F.);
#7083=ADVANCED_FACE('',(#521),#6856,.T.);
#7084=ADVANCED_FACE('',(#522),#246,.T.);
#7085=ADVANCED_FACE('',(#523),#247,.T.);
#7086=ADVANCED_FACE('',(#524),#6857,.F.);
#7087=ADVANCED_FACE('',(#525),#248,.F.);
#7088=ADVANCED_FACE('',(#526),#6858,.T.);
#7089=ADVANCED_FACE('',(#527),#249,.T.);
#7090=ADVANCED_FACE('',(#528),#250,.T.);
#7091=ADVANCED_FACE('',(#529),#6859,.F.);
#7092=ADVANCED_FACE('',(#530),#6860,.F.);
#7093=ADVANCED_FACE('',(#531),#251,.F.);
#7094=ADVANCED_FACE('',(#532),#6861,.F.);
#7095=ADVANCED_FACE('',(#533),#6862,.F.);
#7096=ADVANCED_FACE('',(#534),#252,.F.);
#7097=ADVANCED_FACE('',(#535),#6863,.T.);
#7098=ADVANCED_FACE('',(#536),#253,.T.);
#7099=ADVANCED_FACE('',(#537),#254,.T.);
#7100=ADVANCED_FACE('',(#538),#6864,.F.);
#7101=ADVANCED_FACE('',(#539),#6865,.T.);
#7102=ADVANCED_FACE('',(#540),#255,.F.);
#7103=ADVANCED_FACE('',(#541),#256,.T.);
#7104=ADVANCED_FACE('',(#542),#257,.F.);
#7105=ADVANCED_FACE('',(#543),#6866,.F.);
#7106=ADVANCED_FACE('',(#544),#6867,.T.);
#7107=ADVANCED_FACE('',(#545),#258,.F.);
#7108=ADVANCED_FACE('',(#546),#6868,.F.);
#7109=ADVANCED_FACE('',(#547),#259,.F.);
#7110=ADVANCED_FACE('',(#548),#260,.F.);
#7111=ADVANCED_FACE('',(#549),#261,.T.);
#7112=ADVANCED_FACE('',(#550),#262,.F.);
#7113=ADVANCED_FACE('',(#551),#6869,.T.);
#7114=ADVANCED_FACE('',(#552),#263,.T.);
#7115=ADVANCED_FACE('',(#553),#264,.F.);
#7116=ADVANCED_FACE('',(#554),#6870,.T.);
#7117=ADVANCED_FACE('',(#555),#265,.F.);
#7118=ADVANCED_FACE('',(#556),#266,.F.);
#7119=ADVANCED_FACE('',(#557),#6871,.F.);
#7120=ADVANCED_FACE('',(#558),#6872,.T.);
#7121=ADVANCED_FACE('',(#559),#267,.T.);
#7122=ADVANCED_FACE('',(#560),#268,.T.);
#7123=ADVANCED_FACE('',(#561),#269,.T.);
#7124=ADVANCED_FACE('',(#562),#270,.T.);
#7125=ADVANCED_FACE('',(#563),#6873,.T.);
#7126=ADVANCED_FACE('',(#564),#6874,.F.);
#7127=ADVANCED_FACE('',(#565),#271,.T.);
#7128=ADVANCED_FACE('',(#566),#272,.F.);
#7129=ADVANCED_FACE('',(#567),#273,.T.);
#7130=ADVANCED_FACE('',(#568),#274,.T.);
#7131=ADVANCED_FACE('',(#569),#6875,.T.);
#7132=ADVANCED_FACE('',(#570),#275,.F.);
#7133=ADVANCED_FACE('',(#571),#276,.F.);
#7134=ADVANCED_FACE('',(#572),#277,.F.);
#7135=ADVANCED_FACE('',(#573),#278,.F.);
#7136=ADVANCED_FACE('',(#574),#6876,.T.);
#7137=ADVANCED_FACE('',(#575),#279,.F.);
#7138=ADVANCED_FACE('',(#576),#280,.T.);
#7139=ADVANCED_FACE('',(#577),#6877,.T.);
#7140=ADVANCED_FACE('',(#578),#281,.F.);
#7141=ADVANCED_FACE('',(#579),#6878,.F.);
#7142=ADVANCED_FACE('',(#580),#282,.F.);
#7143=ADVANCED_FACE('',(#581),#6879,.T.);
#7144=ADVANCED_FACE('',(#582),#283,.T.);
#7145=ADVANCED_FACE('',(#583),#284,.T.);
#7146=ADVANCED_FACE('',(#584),#6880,.F.);
#7147=ADVANCED_FACE('',(#585),#285,.F.);
#7148=ADVANCED_FACE('',(#586),#6881,.T.);
#7149=ADVANCED_FACE('',(#587),#286,.T.);
#7150=ADVANCED_FACE('',(#588),#287,.T.);
#7151=ADVANCED_FACE('',(#589),#6882,.F.);
#7152=ADVANCED_FACE('',(#590),#6883,.F.);
#7153=ADVANCED_FACE('',(#591),#288,.F.);
#7154=ADVANCED_FACE('',(#592),#6884,.F.);
#7155=ADVANCED_FACE('',(#593),#6885,.F.);
#7156=ADVANCED_FACE('',(#594),#289,.F.);
#7157=ADVANCED_FACE('',(#595),#6886,.T.);
#7158=ADVANCED_FACE('',(#596),#290,.T.);
#7159=ADVANCED_FACE('',(#597),#291,.T.);
#7160=ADVANCED_FACE('',(#598),#6887,.F.);
#7161=ADVANCED_FACE('',(#599),#6888,.T.);
#7162=ADVANCED_FACE('',(#600),#292,.F.);
#7163=ADVANCED_FACE('',(#601),#293,.T.);
#7164=ADVANCED_FACE('',(#602),#294,.F.);
#7165=ADVANCED_FACE('',(#603),#6889,.F.);
#7166=ADVANCED_FACE('',(#604),#6890,.T.);
#7167=ADVANCED_FACE('',(#605),#295,.F.);
#7168=ADVANCED_FACE('',(#606),#6891,.F.);
#7169=ADVANCED_FACE('',(#607),#296,.F.);
#7170=ADVANCED_FACE('',(#608),#297,.F.);
#7171=ADVANCED_FACE('',(#609),#298,.T.);
#7172=ADVANCED_FACE('',(#610),#299,.F.);
#7173=ADVANCED_FACE('',(#611),#6892,.T.);
#7174=ADVANCED_FACE('',(#612),#300,.T.);
#7175=ADVANCED_FACE('',(#613),#301,.F.);
#7176=ADVANCED_FACE('',(#614),#6893,.T.);
#7177=ADVANCED_FACE('',(#615),#302,.F.);
#7178=ADVANCED_FACE('',(#616),#303,.F.);
#7179=ADVANCED_FACE('',(#617),#6894,.F.);
#7180=ADVANCED_FACE('',(#618),#6895,.T.);
#7181=ADVANCED_FACE('',(#619),#304,.T.);
#7182=ADVANCED_FACE('',(#620),#305,.T.);
#7183=ADVANCED_FACE('',(#621),#306,.T.);
#7184=ADVANCED_FACE('',(#622),#307,.T.);
#7185=ADVANCED_FACE('',(#623),#6896,.T.);
#7186=ADVANCED_FACE('',(#624),#6897,.F.);
#7187=ADVANCED_FACE('',(#625),#308,.T.);
#7188=ADVANCED_FACE('',(#626),#309,.F.);
#7189=ADVANCED_FACE('',(#627),#310,.T.);
#7190=ADVANCED_FACE('',(#628),#311,.T.);
#7191=ADVANCED_FACE('',(#629),#6898,.T.);
#7192=ADVANCED_FACE('',(#630),#312,.F.);
#7193=ADVANCED_FACE('',(#631),#313,.F.);
#7194=ADVANCED_FACE('',(#632),#314,.F.);
#7195=ADVANCED_FACE('',(#633),#315,.F.);
#7196=ADVANCED_FACE('',(#634),#6899,.T.);
#7197=ADVANCED_FACE('',(#635),#316,.F.);
#7198=ADVANCED_FACE('',(#636),#317,.T.);
#7199=ADVANCED_FACE('',(#637),#6900,.T.);
#7200=ADVANCED_FACE('',(#638),#318,.F.);
#7201=ADVANCED_FACE('',(#639),#6901,.F.);
#7202=ADVANCED_FACE('',(#640),#319,.F.);
#7203=ADVANCED_FACE('',(#641),#6902,.T.);
#7204=ADVANCED_FACE('',(#642),#320,.T.);
#7205=ADVANCED_FACE('',(#643),#321,.T.);
#7206=ADVANCED_FACE('',(#644),#6903,.F.);
#7207=ADVANCED_FACE('',(#645),#322,.F.);
#7208=ADVANCED_FACE('',(#646),#6904,.T.);
#7209=ADVANCED_FACE('',(#647),#323,.T.);
#7210=ADVANCED_FACE('',(#648),#324,.T.);
#7211=ADVANCED_FACE('',(#649),#6905,.F.);
#7212=ADVANCED_FACE('',(#650),#6906,.F.);
#7213=ADVANCED_FACE('',(#651),#325,.F.);
#7214=ADVANCED_FACE('',(#652),#6907,.F.);
#7215=ADVANCED_FACE('',(#653),#6908,.F.);
#7216=ADVANCED_FACE('',(#654),#326,.F.);
#7217=ADVANCED_FACE('',(#655),#6909,.T.);
#7218=ADVANCED_FACE('',(#656),#327,.T.);
#7219=ADVANCED_FACE('',(#657),#328,.T.);
#7220=ADVANCED_FACE('',(#658),#6910,.F.);
#7221=ADVANCED_FACE('',(#659),#6911,.T.);
#7222=ADVANCED_FACE('',(#660),#329,.F.);
#7223=ADVANCED_FACE('',(#661),#330,.T.);
#7224=ADVANCED_FACE('',(#662),#331,.F.);
#7225=ADVANCED_FACE('',(#663),#6912,.F.);
#7226=ADVANCED_FACE('',(#664),#6913,.T.);
#7227=ADVANCED_FACE('',(#665),#332,.F.);
#7228=ADVANCED_FACE('',(#666),#6914,.F.);
#7229=ADVANCED_FACE('',(#667),#333,.F.);
#7230=ADVANCED_FACE('',(#668),#334,.F.);
#7231=ADVANCED_FACE('',(#669),#335,.T.);
#7232=ADVANCED_FACE('',(#670),#336,.F.);
#7233=ADVANCED_FACE('',(#671),#6915,.T.);
#7234=ADVANCED_FACE('',(#672),#337,.T.);
#7235=ADVANCED_FACE('',(#673),#338,.F.);
#7236=ADVANCED_FACE('',(#674),#6916,.T.);
#7237=ADVANCED_FACE('',(#675),#339,.F.);
#7238=ADVANCED_FACE('',(#676),#340,.F.);
#7239=ADVANCED_FACE('',(#677),#6917,.F.);
#7240=ADVANCED_FACE('',(#678),#6918,.T.);
#7241=ADVANCED_FACE('',(#679),#341,.T.);
#7242=ADVANCED_FACE('',(#680),#342,.T.);
#7243=ADVANCED_FACE('',(#681),#343,.T.);
#7244=ADVANCED_FACE('',(#682),#344,.T.);
#7245=ADVANCED_FACE('',(#683),#6919,.T.);
#7246=ADVANCED_FACE('',(#684),#6920,.F.);
#7247=ADVANCED_FACE('',(#685),#345,.T.);
#7248=ADVANCED_FACE('',(#686),#346,.F.);
#7249=ADVANCED_FACE('',(#687),#347,.T.);
#7250=ADVANCED_FACE('',(#688),#348,.T.);
#7251=ADVANCED_FACE('',(#689),#6921,.T.);
#7252=ADVANCED_FACE('',(#690),#349,.F.);
#7253=ADVANCED_FACE('',(#691),#350,.F.);
#7254=ADVANCED_FACE('',(#692),#351,.F.);
#7255=ADVANCED_FACE('',(#693),#352,.F.);
#7256=ADVANCED_FACE('',(#694),#6922,.T.);
#7257=ADVANCED_FACE('',(#695),#353,.F.);
#7258=ADVANCED_FACE('',(#696),#354,.T.);
#7259=ADVANCED_FACE('',(#697),#6923,.T.);
#7260=ADVANCED_FACE('',(#698),#355,.F.);
#7261=ADVANCED_FACE('',(#699),#6924,.F.);
#7262=ADVANCED_FACE('',(#700),#356,.F.);
#7263=ADVANCED_FACE('',(#701),#6925,.T.);
#7264=ADVANCED_FACE('',(#702),#357,.T.);
#7265=ADVANCED_FACE('',(#703),#358,.T.);
#7266=ADVANCED_FACE('',(#704),#6926,.F.);
#7267=ADVANCED_FACE('',(#705),#359,.F.);
#7268=ADVANCED_FACE('',(#706),#6927,.T.);
#7269=ADVANCED_FACE('',(#707),#360,.T.);
#7270=ADVANCED_FACE('',(#708),#361,.T.);
#7271=ADVANCED_FACE('',(#709),#6928,.F.);
#7272=ADVANCED_FACE('',(#710),#6929,.F.);
#7273=ADVANCED_FACE('',(#711),#362,.F.);
#7274=ADVANCED_FACE('',(#712),#6930,.F.);
#7275=ADVANCED_FACE('',(#713),#6931,.F.);
#7276=ADVANCED_FACE('',(#714),#363,.F.);
#7277=ADVANCED_FACE('',(#715),#6932,.T.);
#7278=ADVANCED_FACE('',(#716),#364,.T.);
#7279=ADVANCED_FACE('',(#717),#365,.T.);
#7280=ADVANCED_FACE('',(#718),#6933,.F.);
#7281=ADVANCED_FACE('',(#719),#6934,.T.);
#7282=ADVANCED_FACE('',(#720),#366,.F.);
#7283=ADVANCED_FACE('',(#721),#367,.T.);
#7284=ADVANCED_FACE('',(#722),#368,.F.);
#7285=ADVANCED_FACE('',(#723),#6935,.F.);
#7286=ADVANCED_FACE('',(#724),#6936,.T.);
#7287=ADVANCED_FACE('',(#725),#369,.F.);
#7288=ADVANCED_FACE('',(#726),#6937,.F.);
#7289=ADVANCED_FACE('',(#727),#370,.F.);
#7290=ADVANCED_FACE('',(#728),#371,.F.);
#7291=ADVANCED_FACE('',(#729),#372,.T.);
#7292=ADVANCED_FACE('',(#730),#373,.F.);
#7293=ADVANCED_FACE('',(#731),#6938,.T.);
#7294=ADVANCED_FACE('',(#732),#374,.T.);
#7295=ADVANCED_FACE('',(#733),#375,.F.);
#7296=ADVANCED_FACE('',(#734),#6939,.T.);
#7297=ADVANCED_FACE('',(#735),#376,.F.);
#7298=ADVANCED_FACE('',(#736),#377,.F.);
#7299=ADVANCED_FACE('',(#737),#6940,.F.);
#7300=ADVANCED_FACE('',(#738),#6941,.T.);
#7301=ADVANCED_FACE('',(#739),#378,.T.);
#7302=ADVANCED_FACE('',(#740),#379,.T.);
#7303=ADVANCED_FACE('',(#741),#380,.T.);
#7304=ADVANCED_FACE('',(#742),#381,.T.);
#7305=ADVANCED_FACE('',(#743),#6942,.T.);
#7306=ADVANCED_FACE('',(#744),#6943,.F.);
#7307=ADVANCED_FACE('',(#745),#382,.T.);
#7308=ADVANCED_FACE('',(#746),#383,.F.);
#7309=ADVANCED_FACE('',(#747),#384,.T.);
#7310=ADVANCED_FACE('',(#748),#385,.T.);
#7311=ADVANCED_FACE('',(#749),#6944,.T.);
#7312=ADVANCED_FACE('',(#750),#386,.F.);
#7313=ADVANCED_FACE('',(#751),#387,.F.);
#7314=ADVANCED_FACE('',(#752),#388,.F.);
#7315=ADVANCED_FACE('',(#753),#389,.F.);
#7316=ADVANCED_FACE('',(#754),#6945,.T.);
#7317=ADVANCED_FACE('',(#755),#6946,.T.);
#7318=ADVANCED_FACE('',(#756),#34,.F.);
#7319=ADVANCED_FACE('',(#757),#32,.T.);
#7320=ADVANCED_FACE('',(#758),#33,.T.);
#7321=ADVANCED_FACE('',(#759),#390,.T.);
#7322=ADVANCED_FACE('',(#760),#6947,.T.);
#7323=ADVANCED_FACE('',(#761),#391,.T.);
#7324=ADVANCED_FACE('',(#762),#6948,.T.);
#7325=ADVANCED_FACE('',(#763),#6949,.T.);
#7326=ADVANCED_FACE('',(#764),#35,.F.);
#7327=ADVANCED_FACE('',(#765),#6950,.T.);
#7328=ADVANCED_FACE('',(#766),#6951,.T.);
#7329=ADVANCED_FACE('',(#767),#392,.T.);
#7330=ADVANCED_FACE('',(#768),#36,.T.);
#7331=ADVANCED_FACE('',(#769),#393,.T.);
#7332=ADVANCED_FACE('',(#770),#394,.T.);
#7333=ADVANCED_FACE('',(#771),#37,.T.);
#7334=ADVANCED_FACE('',(#772),#38,.T.);
#7335=ADVANCED_FACE('',(#773),#39,.T.);
#7336=ADVANCED_FACE('',(#774),#395,.T.);
#7337=ADVANCED_FACE('',(#775),#396,.T.);
#7338=ADVANCED_FACE('',(#776),#397,.T.);
#7339=ADVANCED_FACE('',(#777),#6952,.T.);
#7340=ADVANCED_FACE('',(#778),#6953,.T.);
#7341=ADVANCED_FACE('',(#779),#6954,.T.);
#7342=ADVANCED_FACE('',(#780),#6955,.T.);
#7343=ADVANCED_FACE('',(#781),#6956,.T.);
#7344=ADVANCED_FACE('',(#782),#24,.T.);
#7345=ADVANCED_FACE('',(#783),#6957,.T.);
#7346=ADVANCED_FACE('',(#784),#25,.T.);
#7347=ADVANCED_FACE('',(#785),#26,.T.);
#7348=ADVANCED_FACE('',(#786),#27,.T.);
#7349=ADVANCED_FACE('',(#787),#6958,.T.);
#7350=ADVANCED_FACE('',(#788),#28,.T.);
#7351=ADVANCED_FACE('',(#789),#29,.T.);
#7352=ADVANCED_FACE('',(#790),#6959,.T.);
#7353=ADVANCED_FACE('',(#791),#30,.T.);
#7354=ADVANCED_FACE('',(#792),#6960,.T.);
#7355=ADVANCED_FACE('',(#793),#6961,.T.);
#7356=ADVANCED_FACE('',(#794),#31,.T.);
#7357=ADVANCED_FACE('',(#795),#6962,.T.);
#7358=ADVANCED_FACE('',(#796),#6963,.T.);
#7359=ADVANCED_FACE('',(#797),#6964,.T.);
#7360=ADVANCED_FACE('',(#798),#6965,.T.);
#7361=ADVANCED_FACE('',(#799),#6966,.T.);
#7362=ADVANCED_FACE('',(#800),#6967,.T.);
#7363=ADVANCED_FACE('',(#801),#6968,.T.);
#7364=ADVANCED_FACE('',(#802),#6969,.T.);
#7365=ADVANCED_FACE('',(#803),#6970,.T.);
#7366=ADVANCED_FACE('',(#804),#6971,.T.);
#7367=ADVANCED_FACE('',(#805),#398,.T.);
#7368=ADVANCED_FACE('',(#806),#399,.F.);
#7369=ADVANCED_FACE('',(#807),#400,.T.);
#7370=ADVANCED_FACE('',(#808),#401,.T.);
#7371=ADVANCED_FACE('',(#809),#402,.T.);
#7372=ADVANCED_FACE('',(#810),#403,.T.);
#7373=ADVANCED_FACE('',(#811,#22,#23),#404,.T.);
#7374=ADVANCED_FACE('',(#812),#405,.T.);
#7375=ADVANCED_FACE('',(#813),#406,.T.);
#7376=ADVANCED_FACE('',(#814),#6972,.T.);
#7377=ADVANCED_FACE('',(#815),#6973,.T.);
#7378=ADVANCED_FACE('',(#816),#6974,.T.);
#7379=ADVANCED_FACE('',(#817),#6975,.T.);
#7380=ADVANCED_FACE('',(#818),#6976,.T.);
#7381=ADVANCED_FACE('',(#819),#6977,.T.);
#7382=ADVANCED_FACE('',(#820),#6978,.T.);
#7383=ADVANCED_FACE('',(#821),#6979,.T.);
#7384=ADVANCED_FACE('',(#822),#6980,.T.);
#7385=ADVANCED_FACE('',(#823),#6981,.T.);
#7386=ADVANCED_FACE('',(#824),#6982,.T.);
#7387=ADVANCED_FACE('',(#825),#6983,.T.);
#7388=ADVANCED_FACE('',(#826),#6984,.T.);
#7389=ADVANCED_FACE('',(#827),#6985,.T.);
#7390=ADVANCED_FACE('',(#828),#6986,.T.);
#7391=ADVANCED_FACE('',(#829),#6987,.T.);
#7392=ADVANCED_FACE('',(#830),#6988,.T.);
#7393=ADVANCED_FACE('',(#831),#6989,.T.);
#7394=ADVANCED_FACE('',(#832),#6990,.T.);
#7395=ADVANCED_FACE('',(#833),#6991,.T.);
#7396=ADVANCED_FACE('',(#834),#6992,.T.);
#7397=ADVANCED_FACE('',(#835),#6993,.T.);
#7398=ADVANCED_FACE('',(#836),#6994,.T.);
#7399=ADVANCED_FACE('',(#837),#6995,.T.);
#7400=ADVANCED_FACE('',(#838),#6996,.T.);
#7401=ADVANCED_FACE('',(#839),#6997,.T.);
#7402=ADVANCED_FACE('',(#840),#6998,.T.);
#7403=ADVANCED_FACE('',(#841),#6999,.T.);
#7404=ADVANCED_FACE('',(#842),#7000,.T.);
#7405=ADVANCED_FACE('',(#843),#7001,.T.);
#7406=ADVANCED_FACE('',(#844),#7002,.T.);
#7407=ADVANCED_FACE('',(#845),#7003,.T.);
#7408=ADVANCED_FACE('',(#846),#7004,.T.);
#7409=ADVANCED_FACE('',(#847),#7005,.T.);
#7410=ADVANCED_FACE('',(#848),#7006,.T.);
#7411=ADVANCED_FACE('',(#849),#7007,.T.);
#7412=ADVANCED_FACE('',(#850),#7008,.T.);
#7413=ADVANCED_FACE('',(#851),#7009,.T.);
#7414=ADVANCED_FACE('',(#852),#7010,.T.);
#7415=ADVANCED_FACE('',(#853),#7011,.T.);
#7416=ADVANCED_FACE('',(#854),#7012,.T.);
#7417=ADVANCED_FACE('',(#855),#7013,.T.);
#7418=ADVANCED_FACE('',(#856),#7014,.T.);
#7419=ADVANCED_FACE('',(#857),#7015,.T.);
#7420=ADVANCED_FACE('',(#858),#407,.F.);
#7421=ADVANCED_FACE('',(#859),#408,.F.);
#7422=ADVANCED_FACE('',(#860),#409,.F.);
#7423=ADVANCED_FACE('',(#861),#410,.F.);
#7424=ADVANCED_FACE('',(#862),#411,.F.);
#7425=ADVANCED_FACE('',(#863),#412,.F.);
#7426=ADVANCED_FACE('',(#864),#413,.F.);
#7427=ADVANCED_FACE('',(#865),#414,.T.);
#7428=ADVANCED_FACE('',(#866),#415,.F.);
#7429=ADVANCED_FACE('',(#867),#416,.F.);
#7430=ADVANCED_FACE('',(#868),#417,.F.);
#7431=ADVANCED_FACE('',(#869),#418,.F.);
#7432=ADVANCED_FACE('',(#870),#419,.F.);
#7433=ADVANCED_FACE('',(#871),#420,.F.);
#7434=ADVANCED_FACE('',(#872),#421,.F.);
#7435=ADVANCED_FACE('',(#873),#422,.T.);
#7436=ADVANCED_FACE('',(#874),#423,.F.);
#7437=ADVANCED_FACE('',(#875),#424,.F.);
#7438=ADVANCED_FACE('',(#876),#425,.F.);
#7439=ADVANCED_FACE('',(#877),#426,.F.);
#7440=ADVANCED_FACE('',(#878),#427,.F.);
#7441=ADVANCED_FACE('',(#879),#428,.F.);
#7442=ADVANCED_FACE('',(#880),#429,.F.);
#7443=ADVANCED_FACE('',(#881),#430,.T.);
#7444=ADVANCED_FACE('',(#882),#431,.F.);
#7445=ADVANCED_FACE('',(#883),#432,.F.);
#7446=ADVANCED_FACE('',(#884),#433,.F.);
#7447=ADVANCED_FACE('',(#885),#434,.F.);
#7448=ADVANCED_FACE('',(#886),#435,.F.);
#7449=ADVANCED_FACE('',(#887),#436,.F.);
#7450=ADVANCED_FACE('',(#888),#437,.F.);
#7451=ADVANCED_FACE('',(#889),#438,.F.);
#7452=ADVANCED_FACE('',(#890),#439,.F.);
#7453=ADVANCED_FACE('',(#891),#440,.F.);
#7454=ADVANCED_FACE('',(#892),#441,.F.);
#7455=ADVANCED_FACE('',(#893),#442,.F.);
#7456=ADVANCED_FACE('',(#894),#443,.F.);
#7457=ADVANCED_FACE('',(#895),#444,.F.);
#7458=ADVANCED_FACE('',(#896),#445,.T.);
#7459=ADVANCED_FACE('',(#897),#446,.T.);
#7460=ADVANCED_FACE('',(#898),#447,.T.);
#7461=ADVANCED_FACE('',(#899),#448,.T.);
#7462=ADVANCED_FACE('',(#900),#449,.T.);
#7463=ADVANCED_FACE('',(#901),#450,.T.);
#7464=ADVANCED_FACE('',(#902),#451,.T.);
#7465=ADVANCED_FACE('',(#903),#452,.T.);
#7466=ADVANCED_FACE('',(#904),#453,.T.);
#7467=CLOSED_SHELL('',(#7016,#7017,#7018,#7019,#7020,#7021,#7022,#7023,
#7024,#7025,#7026,#7027,#7028,#7029,#7030,#7031,#7032,#7033,#7034,#7035,
#7036,#7037,#7038,#7039,#7040,#7041,#7042,#7043,#7044,#7045,#7046,#7047,
#7048,#7049,#7050,#7051,#7052,#7053,#7054,#7055,#7056,#7057,#7058,#7059,
#7060,#7061,#7062,#7063,#7064,#7065,#7066,#7067,#7068,#7069,#7070,#7071,
#7072,#7073,#7074,#7075));
#7468=CLOSED_SHELL('',(#7076,#7077,#7078,#7079,#7080,#7081,#7082,#7083,
#7084,#7085,#7086,#7087,#7088,#7089,#7090,#7091,#7092,#7093,#7094,#7095,
#7096,#7097,#7098,#7099,#7100,#7101,#7102,#7103,#7104,#7105,#7106,#7107,
#7108,#7109,#7110,#7111,#7112,#7113,#7114,#7115,#7116,#7117,#7118,#7119,
#7120,#7121,#7122,#7123,#7124,#7125,#7126,#7127,#7128,#7129,#7130,#7131,
#7132,#7133,#7134,#7135));
#7469=CLOSED_SHELL('',(#7136,#7137,#7138,#7139,#7140,#7141,#7142,#7143,
#7144,#7145,#7146,#7147,#7148,#7149,#7150,#7151,#7152,#7153,#7154,#7155,
#7156,#7157,#7158,#7159,#7160,#7161,#7162,#7163,#7164,#7165,#7166,#7167,
#7168,#7169,#7170,#7171,#7172,#7173,#7174,#7175,#7176,#7177,#7178,#7179,
#7180,#7181,#7182,#7183,#7184,#7185,#7186,#7187,#7188,#7189,#7190,#7191,
#7192,#7193,#7194,#7195));
#7470=CLOSED_SHELL('',(#7196,#7197,#7198,#7199,#7200,#7201,#7202,#7203,
#7204,#7205,#7206,#7207,#7208,#7209,#7210,#7211,#7212,#7213,#7214,#7215,
#7216,#7217,#7218,#7219,#7220,#7221,#7222,#7223,#7224,#7225,#7226,#7227,
#7228,#7229,#7230,#7231,#7232,#7233,#7234,#7235,#7236,#7237,#7238,#7239,
#7240,#7241,#7242,#7243,#7244,#7245,#7246,#7247,#7248,#7249,#7250,#7251,
#7252,#7253,#7254,#7255));
#7471=CLOSED_SHELL('',(#7256,#7257,#7258,#7259,#7260,#7261,#7262,#7263,
#7264,#7265,#7266,#7267,#7268,#7269,#7270,#7271,#7272,#7273,#7274,#7275,
#7276,#7277,#7278,#7279,#7280,#7281,#7282,#7283,#7284,#7285,#7286,#7287,
#7288,#7289,#7290,#7291,#7292,#7293,#7294,#7295,#7296,#7297,#7298,#7299,
#7300,#7301,#7302,#7303,#7304,#7305,#7306,#7307,#7308,#7309,#7310,#7311,
#7312,#7313,#7314,#7315));
#7472=CLOSED_SHELL('',(#7316,#7317,#7318,#7319,#7320,#7321,#7322,#7323,
#7324,#7325,#7326,#7327,#7328,#7329,#7330,#7331,#7332,#7333,#7334,#7335,
#7336,#7337,#7338,#7339,#7340,#7341,#7342,#7343,#7344,#7345,#7346,#7347,
#7348,#7349,#7350,#7351,#7352,#7353,#7354,#7355,#7356,#7357,#7358,#7359,
#7360,#7361,#7362,#7363,#7364,#7365,#7366,#7367,#7368,#7369,#7370,#7371,
#7372,#7373,#7374,#7375,#7376,#7377,#7378,#7379,#7380,#7381,#7382,#7383,
#7384,#7385,#7386,#7387,#7388,#7389,#7390,#7391,#7392,#7393,#7394,#7395,
#7396,#7397,#7398,#7399,#7400,#7401,#7402,#7403,#7404,#7405,#7406,#7407,
#7408,#7409,#7410,#7411,#7412,#7413,#7414,#7415,#7416,#7417,#7418,#7419,
#7420,#7421,#7422,#7423,#7424,#7425,#7426,#7427,#7428,#7429,#7430,#7431,
#7432,#7433,#7434,#7435,#7436,#7437,#7438,#7439,#7440,#7441,#7442,#7443,
#7444,#7445,#7446,#7447,#7448,#7449,#7450,#7451,#7452,#7453,#7454,#7455,
#7456,#7457,#7458,#7459,#7460,#7461,#7462,#7463,#7464,#7465,#7466));
#7473=DERIVED_UNIT_ELEMENT(#7477,1.);
#7474=DERIVED_UNIT_ELEMENT(#13236,-3.);
#7475=DERIVED_UNIT_ELEMENT(#7477,1.);
#7476=DERIVED_UNIT_ELEMENT(#13236,-3.);
#7477=(
MASS_UNIT()
NAMED_UNIT(*)
SI_UNIT(.KILO.,.GRAM.)
);
#7478=DERIVED_UNIT((#7473,#7474));
#7479=DERIVED_UNIT((#7475,#7476));
#7480=MEASURE_REPRESENTATION_ITEM('density measure',
POSITIVE_RATIO_MEASURE(7850.),#7478);
#7481=MEASURE_REPRESENTATION_ITEM('density measure',
POSITIVE_RATIO_MEASURE(7850.),#7479);
#7482=PROPERTY_DEFINITION_REPRESENTATION(#7492,#7486);
#7483=PROPERTY_DEFINITION_REPRESENTATION(#7493,#7487);
#7484=PROPERTY_DEFINITION_REPRESENTATION(#7494,#7488);
#7485=PROPERTY_DEFINITION_REPRESENTATION(#7495,#7489);
#7486=REPRESENTATION('material name',(#7490),#13232);
#7487=REPRESENTATION('density',(#7480),#13232);
#7488=REPRESENTATION('material name',(#7491),#13233);
#7489=REPRESENTATION('density',(#7481),#13233);
#7490=DESCRIPTIVE_REPRESENTATION_ITEM('Steel','Steel');
#7491=DESCRIPTIVE_REPRESENTATION_ITEM('Steel','Steel');
#7492=PROPERTY_DEFINITION('material property','material name',#13252);
#7493=PROPERTY_DEFINITION('material property','density of part',#13252);
#7494=PROPERTY_DEFINITION('material property','material name',#13253);
#7495=PROPERTY_DEFINITION('material property','density of part',#13253);
#7496=AXIS2_PLACEMENT_3D('',#10429,#8233,#8234);
#7497=AXIS2_PLACEMENT_3D('',#10430,#8235,#8236);
#7498=AXIS2_PLACEMENT_3D('',#10431,#8237,#8238);
#7499=AXIS2_PLACEMENT_3D('',#10434,#8239,#8240);
#7500=AXIS2_PLACEMENT_3D('',#10438,#8242,#8243);
#7501=AXIS2_PLACEMENT_3D('',#10440,#8245,#8246);
#7502=AXIS2_PLACEMENT_3D('',#10448,#8251,#8252);
#7503=AXIS2_PLACEMENT_3D('',#10452,#8254,#8255);
#7504=AXIS2_PLACEMENT_3D('',#10456,#8257,#8258);
#7505=AXIS2_PLACEMENT_3D('',#10460,#8261,#8262);
#7506=AXIS2_PLACEMENT_3D('',#10464,#8264,#8265);
#7507=AXIS2_PLACEMENT_3D('',#10466,#8267,#8268);
#7508=AXIS2_PLACEMENT_3D('',#10472,#8272,#8273);
#7509=AXIS2_PLACEMENT_3D('',#10475,#8274,#8275);
#7510=AXIS2_PLACEMENT_3D('',#10479,#8277,#8278);
#7511=AXIS2_PLACEMENT_3D('',#10481,#8280,#8281);
#7512=AXIS2_PLACEMENT_3D('',#10487,#8285,#8286);
#7513=AXIS2_PLACEMENT_3D('',#10489,#8287,#8288);
#7514=AXIS2_PLACEMENT_3D('',#10492,#8290,#8291);
#7515=AXIS2_PLACEMENT_3D('',#10493,#8292,#8293);
#7516=AXIS2_PLACEMENT_3D('',#10499,#8297,#8298);
#7517=AXIS2_PLACEMENT_3D('',#10505,#8301,#8302);
#7518=AXIS2_PLACEMENT_3D('',#10507,#8303,#8304);
#7519=AXIS2_PLACEMENT_3D('',#10511,#8307,#8308);
#7520=AXIS2_PLACEMENT_3D('',#10514,#8309,#8310);
#7521=AXIS2_PLACEMENT_3D('',#10517,#8313,#8314);
#7522=AXIS2_PLACEMENT_3D('',#10521,#8317,#8318);
#7523=AXIS2_PLACEMENT_3D('',#10523,#8319,#8320);
#7524=AXIS2_PLACEMENT_3D('',#10525,#8322,#8323);
#7525=AXIS2_PLACEMENT_3D('',#10529,#8326,#8327);
#7526=AXIS2_PLACEMENT_3D('',#10532,#8330,#8331);
#7527=AXIS2_PLACEMENT_3D('',#10534,#8332,#8333);
#7528=AXIS2_PLACEMENT_3D('',#10549,#8336,#8337);
#7529=AXIS2_PLACEMENT_3D('',#10551,#8338,#8339);
#7530=AXIS2_PLACEMENT_3D('',#10564,#8341,#8342);
#7531=AXIS2_PLACEMENT_3D('',#10570,#8346,#8347);
#7532=AXIS2_PLACEMENT_3D('',#10572,#8348,#8349);
#7533=AXIS2_PLACEMENT_3D('',#10587,#8352,#8353);
#7534=AXIS2_PLACEMENT_3D('',#10601,#8355,#8356);
#7535=AXIS2_PLACEMENT_3D('',#10602,#8357,#8358);
#7536=AXIS2_PLACEMENT_3D('',#10603,#8359,#8360);
#7537=AXIS2_PLACEMENT_3D('',#10604,#8361,#8362);
#7538=AXIS2_PLACEMENT_3D('',#10625,#8364,#8365);
#7539=AXIS2_PLACEMENT_3D('',#10628,#8367,#8368);
#7540=AXIS2_PLACEMENT_3D('',#10629,#8369,#8370);
#7541=AXIS2_PLACEMENT_3D('',#10635,#8374,#8375);
#7542=AXIS2_PLACEMENT_3D('',#10639,#8377,#8378);
#7543=AXIS2_PLACEMENT_3D('',#10643,#8381,#8382);
#7544=AXIS2_PLACEMENT_3D('',#10652,#8385,#8386);
#7545=AXIS2_PLACEMENT_3D('',#10663,#8387,#8388);
#7546=AXIS2_PLACEMENT_3D('',#10665,#8390,#8391);
#7547=AXIS2_PLACEMENT_3D('',#10670,#8393,#8394);
#7548=AXIS2_PLACEMENT_3D('',#10673,#8396,#8397);
#7549=AXIS2_PLACEMENT_3D('',#10674,#8398,#8399);
#7550=AXIS2_PLACEMENT_3D('',#10682,#8404,#8405);
#7551=AXIS2_PLACEMENT_3D('',#10688,#8409,#8410);
#7552=AXIS2_PLACEMENT_3D('',#10691,#8412,#8413);
#7553=AXIS2_PLACEMENT_3D('',#10693,#8415,#8416);
#7554=AXIS2_PLACEMENT_3D('',#10696,#8418,#8419);
#7555=AXIS2_PLACEMENT_3D('',#10697,#8420,#8421);
#7556=AXIS2_PLACEMENT_3D('',#10699,#8422,#8423);
#7557=AXIS2_PLACEMENT_3D('',#10702,#8425,#8426);
#7558=AXIS2_PLACEMENT_3D('',#10703,#8427,#8428);
#7559=AXIS2_PLACEMENT_3D('',#10707,#8430,#8431);
#7560=AXIS2_PLACEMENT_3D('',#10709,#8433,#8434);
#7561=AXIS2_PLACEMENT_3D('',#10712,#8437,#8438);
#7562=AXIS2_PLACEMENT_3D('',#10714,#8440,#8441);
#7563=AXIS2_PLACEMENT_3D('',#10720,#8445,#8446);
#7564=AXIS2_PLACEMENT_3D('',#10726,#8450,#8451);
#7565=AXIS2_PLACEMENT_3D('',#10728,#8453,#8454);
#7566=AXIS2_PLACEMENT_3D('',#10729,#8455,#8456);
#7567=AXIS2_PLACEMENT_3D('',#10730,#8457,#8458);
#7568=AXIS2_PLACEMENT_3D('',#10731,#8459,#8460);
#7569=AXIS2_PLACEMENT_3D('',#10732,#8461,#8462);
#7570=AXIS2_PLACEMENT_3D('',#10733,#8463,#8464);
#7571=AXIS2_PLACEMENT_3D('',#10736,#8466,#8467);
#7572=AXIS2_PLACEMENT_3D('',#10737,#8468,#8469);
#7573=AXIS2_PLACEMENT_3D('',#10740,#8472,#8473);
#7574=AXIS2_PLACEMENT_3D('',#10741,#8474,#8475);
#7575=AXIS2_PLACEMENT_3D('',#10742,#8476,#8477);
#7576=AXIS2_PLACEMENT_3D('',#10743,#8478,#8479);
#7577=AXIS2_PLACEMENT_3D('',#10744,#8480,#8481);
#7578=AXIS2_PLACEMENT_3D('',#10745,#8482,#8483);
#7579=AXIS2_PLACEMENT_3D('',#10746,#8484,#8485);
#7580=AXIS2_PLACEMENT_3D('',#10747,#8486,#8487);
#7581=AXIS2_PLACEMENT_3D('',#10748,#8488,#8489);
#7582=AXIS2_PLACEMENT_3D('',#10749,#8490,#8491);
#7583=AXIS2_PLACEMENT_3D('',#10754,#8495,#8496);
#7584=AXIS2_PLACEMENT_3D('',#10756,#8498,#8499);
#7585=AXIS2_PLACEMENT_3D('',#10757,#8500,#8501);
#7586=AXIS2_PLACEMENT_3D('',#10758,#8502,#8503);
#7587=AXIS2_PLACEMENT_3D('',#10760,#8505,#8506);
#7588=AXIS2_PLACEMENT_3D('',#10761,#8507,#8508);
#7589=AXIS2_PLACEMENT_3D('',#10765,#8510,#8511);
#7590=AXIS2_PLACEMENT_3D('',#10767,#8513,#8514);
#7591=AXIS2_PLACEMENT_3D('',#10768,#8515,#8516);
#7592=AXIS2_PLACEMENT_3D('',#10769,#8517,#8518);
#7593=AXIS2_PLACEMENT_3D('',#10770,#8519,#8520);
#7594=AXIS2_PLACEMENT_3D('',#10773,#8523,#8524);
#7595=AXIS2_PLACEMENT_3D('',#10774,#8525,#8526);
#7596=AXIS2_PLACEMENT_3D('',#10775,#8527,#8528);
#7597=AXIS2_PLACEMENT_3D('',#10776,#8529,#8530);
#7598=AXIS2_PLACEMENT_3D('',#10777,#8531,#8532);
#7599=AXIS2_PLACEMENT_3D('',#10780,#8533,#8534);
#7600=AXIS2_PLACEMENT_3D('',#10784,#8536,#8537);
#7601=AXIS2_PLACEMENT_3D('',#10786,#8539,#8540);
#7602=AXIS2_PLACEMENT_3D('',#10794,#8545,#8546);
#7603=AXIS2_PLACEMENT_3D('',#10798,#8548,#8549);
#7604=AXIS2_PLACEMENT_3D('',#10802,#8551,#8552);
#7605=AXIS2_PLACEMENT_3D('',#10806,#8555,#8556);
#7606=AXIS2_PLACEMENT_3D('',#10810,#8558,#8559);
#7607=AXIS2_PLACEMENT_3D('',#10812,#8561,#8562);
#7608=AXIS2_PLACEMENT_3D('',#10818,#8566,#8567);
#7609=AXIS2_PLACEMENT_3D('',#10821,#8568,#8569);
#7610=AXIS2_PLACEMENT_3D('',#10825,#8571,#8572);
#7611=AXIS2_PLACEMENT_3D('',#10827,#8574,#8575);
#7612=AXIS2_PLACEMENT_3D('',#10833,#8579,#8580);
#7613=AXIS2_PLACEMENT_3D('',#10835,#8581,#8582);
#7614=AXIS2_PLACEMENT_3D('',#10838,#8584,#8585);
#7615=AXIS2_PLACEMENT_3D('',#10839,#8586,#8587);
#7616=AXIS2_PLACEMENT_3D('',#10845,#8591,#8592);
#7617=AXIS2_PLACEMENT_3D('',#10851,#8595,#8596);
#7618=AXIS2_PLACEMENT_3D('',#10853,#8597,#8598);
#7619=AXIS2_PLACEMENT_3D('',#10857,#8601,#8602);
#7620=AXIS2_PLACEMENT_3D('',#10860,#8603,#8604);
#7621=AXIS2_PLACEMENT_3D('',#10863,#8607,#8608);
#7622=AXIS2_PLACEMENT_3D('',#10867,#8611,#8612);
#7623=AXIS2_PLACEMENT_3D('',#10869,#8613,#8614);
#7624=AXIS2_PLACEMENT_3D('',#10871,#8616,#8617);
#7625=AXIS2_PLACEMENT_3D('',#10875,#8620,#8621);
#7626=AXIS2_PLACEMENT_3D('',#10878,#8624,#8625);
#7627=AXIS2_PLACEMENT_3D('',#10880,#8626,#8627);
#7628=AXIS2_PLACEMENT_3D('',#10895,#8630,#8631);
#7629=AXIS2_PLACEMENT_3D('',#10897,#8632,#8633);
#7630=AXIS2_PLACEMENT_3D('',#10910,#8635,#8636);
#7631=AXIS2_PLACEMENT_3D('',#10916,#8640,#8641);
#7632=AXIS2_PLACEMENT_3D('',#10918,#8642,#8643);
#7633=AXIS2_PLACEMENT_3D('',#10933,#8646,#8647);
#7634=AXIS2_PLACEMENT_3D('',#10947,#8649,#8650);
#7635=AXIS2_PLACEMENT_3D('',#10948,#8651,#8652);
#7636=AXIS2_PLACEMENT_3D('',#10949,#8653,#8654);
#7637=AXIS2_PLACEMENT_3D('',#10950,#8655,#8656);
#7638=AXIS2_PLACEMENT_3D('',#10971,#8658,#8659);
#7639=AXIS2_PLACEMENT_3D('',#10974,#8661,#8662);
#7640=AXIS2_PLACEMENT_3D('',#10975,#8663,#8664);
#7641=AXIS2_PLACEMENT_3D('',#10981,#8668,#8669);
#7642=AXIS2_PLACEMENT_3D('',#10985,#8671,#8672);
#7643=AXIS2_PLACEMENT_3D('',#10989,#8675,#8676);
#7644=AXIS2_PLACEMENT_3D('',#10998,#8679,#8680);
#7645=AXIS2_PLACEMENT_3D('',#11009,#8681,#8682);
#7646=AXIS2_PLACEMENT_3D('',#11011,#8684,#8685);
#7647=AXIS2_PLACEMENT_3D('',#11016,#8687,#8688);
#7648=AXIS2_PLACEMENT_3D('',#11019,#8690,#8691);
#7649=AXIS2_PLACEMENT_3D('',#11020,#8692,#8693);
#7650=AXIS2_PLACEMENT_3D('',#11028,#8698,#8699);
#7651=AXIS2_PLACEMENT_3D('',#11034,#8703,#8704);
#7652=AXIS2_PLACEMENT_3D('',#11037,#8706,#8707);
#7653=AXIS2_PLACEMENT_3D('',#11039,#8709,#8710);
#7654=AXIS2_PLACEMENT_3D('',#11042,#8712,#8713);
#7655=AXIS2_PLACEMENT_3D('',#11043,#8714,#8715);
#7656=AXIS2_PLACEMENT_3D('',#11045,#8716,#8717);
#7657=AXIS2_PLACEMENT_3D('',#11048,#8719,#8720);
#7658=AXIS2_PLACEMENT_3D('',#11049,#8721,#8722);
#7659=AXIS2_PLACEMENT_3D('',#11053,#8724,#8725);
#7660=AXIS2_PLACEMENT_3D('',#11055,#8727,#8728);
#7661=AXIS2_PLACEMENT_3D('',#11058,#8731,#8732);
#7662=AXIS2_PLACEMENT_3D('',#11060,#8734,#8735);
#7663=AXIS2_PLACEMENT_3D('',#11066,#8739,#8740);
#7664=AXIS2_PLACEMENT_3D('',#11072,#8744,#8745);
#7665=AXIS2_PLACEMENT_3D('',#11074,#8747,#8748);
#7666=AXIS2_PLACEMENT_3D('',#11075,#8749,#8750);
#7667=AXIS2_PLACEMENT_3D('',#11076,#8751,#8752);
#7668=AXIS2_PLACEMENT_3D('',#11077,#8753,#8754);
#7669=AXIS2_PLACEMENT_3D('',#11078,#8755,#8756);
#7670=AXIS2_PLACEMENT_3D('',#11079,#8757,#8758);
#7671=AXIS2_PLACEMENT_3D('',#11082,#8760,#8761);
#7672=AXIS2_PLACEMENT_3D('',#11083,#8762,#8763);
#7673=AXIS2_PLACEMENT_3D('',#11086,#8766,#8767);
#7674=AXIS2_PLACEMENT_3D('',#11087,#8768,#8769);
#7675=AXIS2_PLACEMENT_3D('',#11088,#8770,#8771);
#7676=AXIS2_PLACEMENT_3D('',#11089,#8772,#8773);
#7677=AXIS2_PLACEMENT_3D('',#11090,#8774,#8775);
#7678=AXIS2_PLACEMENT_3D('',#11091,#8776,#8777);
#7679=AXIS2_PLACEMENT_3D('',#11092,#8778,#8779);
#7680=AXIS2_PLACEMENT_3D('',#11093,#8780,#8781);
#7681=AXIS2_PLACEMENT_3D('',#11094,#8782,#8783);
#7682=AXIS2_PLACEMENT_3D('',#11095,#8784,#8785);
#7683=AXIS2_PLACEMENT_3D('',#11100,#8789,#8790);
#7684=AXIS2_PLACEMENT_3D('',#11102,#8792,#8793);
#7685=AXIS2_PLACEMENT_3D('',#11103,#8794,#8795);
#7686=AXIS2_PLACEMENT_3D('',#11104,#8796,#8797);
#7687=AXIS2_PLACEMENT_3D('',#11106,#8799,#8800);
#7688=AXIS2_PLACEMENT_3D('',#11107,#8801,#8802);
#7689=AXIS2_PLACEMENT_3D('',#11111,#8804,#8805);
#7690=AXIS2_PLACEMENT_3D('',#11113,#8807,#8808);
#7691=AXIS2_PLACEMENT_3D('',#11114,#8809,#8810);
#7692=AXIS2_PLACEMENT_3D('',#11115,#8811,#8812);
#7693=AXIS2_PLACEMENT_3D('',#11116,#8813,#8814);
#7694=AXIS2_PLACEMENT_3D('',#11119,#8817,#8818);
#7695=AXIS2_PLACEMENT_3D('',#11120,#8819,#8820);
#7696=AXIS2_PLACEMENT_3D('',#11121,#8821,#8822);
#7697=AXIS2_PLACEMENT_3D('',#11122,#8823,#8824);
#7698=AXIS2_PLACEMENT_3D('',#11123,#8825,#8826);
#7699=AXIS2_PLACEMENT_3D('',#11126,#8827,#8828);
#7700=AXIS2_PLACEMENT_3D('',#11130,#8830,#8831);
#7701=AXIS2_PLACEMENT_3D('',#11132,#8833,#8834);
#7702=AXIS2_PLACEMENT_3D('',#11140,#8839,#8840);
#7703=AXIS2_PLACEMENT_3D('',#11144,#8842,#8843);
#7704=AXIS2_PLACEMENT_3D('',#11148,#8845,#8846);
#7705=AXIS2_PLACEMENT_3D('',#11152,#8849,#8850);
#7706=AXIS2_PLACEMENT_3D('',#11156,#8852,#8853);
#7707=AXIS2_PLACEMENT_3D('',#11158,#8855,#8856);
#7708=AXIS2_PLACEMENT_3D('',#11164,#8860,#8861);
#7709=AXIS2_PLACEMENT_3D('',#11167,#8862,#8863);
#7710=AXIS2_PLACEMENT_3D('',#11171,#8865,#8866);
#7711=AXIS2_PLACEMENT_3D('',#11173,#8868,#8869);
#7712=AXIS2_PLACEMENT_3D('',#11179,#8873,#8874);
#7713=AXIS2_PLACEMENT_3D('',#11181,#8875,#8876);
#7714=AXIS2_PLACEMENT_3D('',#11184,#8878,#8879);
#7715=AXIS2_PLACEMENT_3D('',#11185,#8880,#8881);
#7716=AXIS2_PLACEMENT_3D('',#11191,#8885,#8886);
#7717=AXIS2_PLACEMENT_3D('',#11197,#8889,#8890);
#7718=AXIS2_PLACEMENT_3D('',#11199,#8891,#8892);
#7719=AXIS2_PLACEMENT_3D('',#11203,#8895,#8896);
#7720=AXIS2_PLACEMENT_3D('',#11206,#8897,#8898);
#7721=AXIS2_PLACEMENT_3D('',#11209,#8901,#8902);
#7722=AXIS2_PLACEMENT_3D('',#11213,#8905,#8906);
#7723=AXIS2_PLACEMENT_3D('',#11215,#8907,#8908);
#7724=AXIS2_PLACEMENT_3D('',#11217,#8910,#8911);
#7725=AXIS2_PLACEMENT_3D('',#11221,#8914,#8915);
#7726=AXIS2_PLACEMENT_3D('',#11224,#8918,#8919);
#7727=AXIS2_PLACEMENT_3D('',#11226,#8920,#8921);
#7728=AXIS2_PLACEMENT_3D('',#11241,#8924,#8925);
#7729=AXIS2_PLACEMENT_3D('',#11243,#8926,#8927);
#7730=AXIS2_PLACEMENT_3D('',#11256,#8929,#8930);
#7731=AXIS2_PLACEMENT_3D('',#11262,#8934,#8935);
#7732=AXIS2_PLACEMENT_3D('',#11264,#8936,#8937);
#7733=AXIS2_PLACEMENT_3D('',#11279,#8940,#8941);
#7734=AXIS2_PLACEMENT_3D('',#11293,#8943,#8944);
#7735=AXIS2_PLACEMENT_3D('',#11294,#8945,#8946);
#7736=AXIS2_PLACEMENT_3D('',#11295,#8947,#8948);
#7737=AXIS2_PLACEMENT_3D('',#11296,#8949,#8950);
#7738=AXIS2_PLACEMENT_3D('',#11317,#8952,#8953);
#7739=AXIS2_PLACEMENT_3D('',#11320,#8955,#8956);
#7740=AXIS2_PLACEMENT_3D('',#11321,#8957,#8958);
#7741=AXIS2_PLACEMENT_3D('',#11327,#8962,#8963);
#7742=AXIS2_PLACEMENT_3D('',#11331,#8965,#8966);
#7743=AXIS2_PLACEMENT_3D('',#11335,#8969,#8970);
#7744=AXIS2_PLACEMENT_3D('',#11344,#8973,#8974);
#7745=AXIS2_PLACEMENT_3D('',#11355,#8975,#8976);
#7746=AXIS2_PLACEMENT_3D('',#11357,#8978,#8979);
#7747=AXIS2_PLACEMENT_3D('',#11362,#8981,#8982);
#7748=AXIS2_PLACEMENT_3D('',#11365,#8984,#8985);
#7749=AXIS2_PLACEMENT_3D('',#11366,#8986,#8987);
#7750=AXIS2_PLACEMENT_3D('',#11374,#8992,#8993);
#7751=AXIS2_PLACEMENT_3D('',#11380,#8997,#8998);
#7752=AXIS2_PLACEMENT_3D('',#11383,#9000,#9001);
#7753=AXIS2_PLACEMENT_3D('',#11385,#9003,#9004);
#7754=AXIS2_PLACEMENT_3D('',#11388,#9006,#9007);
#7755=AXIS2_PLACEMENT_3D('',#11389,#9008,#9009);
#7756=AXIS2_PLACEMENT_3D('',#11391,#9010,#9011);
#7757=AXIS2_PLACEMENT_3D('',#11394,#9013,#9014);
#7758=AXIS2_PLACEMENT_3D('',#11395,#9015,#9016);
#7759=AXIS2_PLACEMENT_3D('',#11399,#9018,#9019);
#7760=AXIS2_PLACEMENT_3D('',#11401,#9021,#9022);
#7761=AXIS2_PLACEMENT_3D('',#11404,#9025,#9026);
#7762=AXIS2_PLACEMENT_3D('',#11406,#9028,#9029);
#7763=AXIS2_PLACEMENT_3D('',#11412,#9033,#9034);
#7764=AXIS2_PLACEMENT_3D('',#11418,#9038,#9039);
#7765=AXIS2_PLACEMENT_3D('',#11420,#9041,#9042);
#7766=AXIS2_PLACEMENT_3D('',#11421,#9043,#9044);
#7767=AXIS2_PLACEMENT_3D('',#11422,#9045,#9046);
#7768=AXIS2_PLACEMENT_3D('',#11423,#9047,#9048);
#7769=AXIS2_PLACEMENT_3D('',#11424,#9049,#9050);
#7770=AXIS2_PLACEMENT_3D('',#11425,#9051,#9052);
#7771=AXIS2_PLACEMENT_3D('',#11428,#9054,#9055);
#7772=AXIS2_PLACEMENT_3D('',#11429,#9056,#9057);
#7773=AXIS2_PLACEMENT_3D('',#11432,#9060,#9061);
#7774=AXIS2_PLACEMENT_3D('',#11433,#9062,#9063);
#7775=AXIS2_PLACEMENT_3D('',#11434,#9064,#9065);
#7776=AXIS2_PLACEMENT_3D('',#11435,#9066,#9067);
#7777=AXIS2_PLACEMENT_3D('',#11436,#9068,#9069);
#7778=AXIS2_PLACEMENT_3D('',#11437,#9070,#9071);
#7779=AXIS2_PLACEMENT_3D('',#11438,#9072,#9073);
#7780=AXIS2_PLACEMENT_3D('',#11439,#9074,#9075);
#7781=AXIS2_PLACEMENT_3D('',#11440,#9076,#9077);
#7782=AXIS2_PLACEMENT_3D('',#11441,#9078,#9079);
#7783=AXIS2_PLACEMENT_3D('',#11446,#9083,#9084);
#7784=AXIS2_PLACEMENT_3D('',#11448,#9086,#9087);
#7785=AXIS2_PLACEMENT_3D('',#11449,#9088,#9089);
#7786=AXIS2_PLACEMENT_3D('',#11450,#9090,#9091);
#7787=AXIS2_PLACEMENT_3D('',#11452,#9093,#9094);
#7788=AXIS2_PLACEMENT_3D('',#11453,#9095,#9096);
#7789=AXIS2_PLACEMENT_3D('',#11457,#9098,#9099);
#7790=AXIS2_PLACEMENT_3D('',#11459,#9101,#9102);
#7791=AXIS2_PLACEMENT_3D('',#11460,#9103,#9104);
#7792=AXIS2_PLACEMENT_3D('',#11461,#9105,#9106);
#7793=AXIS2_PLACEMENT_3D('',#11462,#9107,#9108);
#7794=AXIS2_PLACEMENT_3D('',#11465,#9111,#9112);
#7795=AXIS2_PLACEMENT_3D('',#11466,#9113,#9114);
#7796=AXIS2_PLACEMENT_3D('',#11467,#9115,#9116);
#7797=AXIS2_PLACEMENT_3D('',#11468,#9117,#9118);
#7798=AXIS2_PLACEMENT_3D('',#11469,#9119,#9120);
#7799=AXIS2_PLACEMENT_3D('',#11472,#9121,#9122);
#7800=AXIS2_PLACEMENT_3D('',#11476,#9124,#9125);
#7801=AXIS2_PLACEMENT_3D('',#11478,#9127,#9128);
#7802=AXIS2_PLACEMENT_3D('',#11486,#9133,#9134);
#7803=AXIS2_PLACEMENT_3D('',#11490,#9136,#9137);
#7804=AXIS2_PLACEMENT_3D('',#11494,#9139,#9140);
#7805=AXIS2_PLACEMENT_3D('',#11498,#9143,#9144);
#7806=AXIS2_PLACEMENT_3D('',#11502,#9146,#9147);
#7807=AXIS2_PLACEMENT_3D('',#11504,#9149,#9150);
#7808=AXIS2_PLACEMENT_3D('',#11510,#9154,#9155);
#7809=AXIS2_PLACEMENT_3D('',#11513,#9156,#9157);
#7810=AXIS2_PLACEMENT_3D('',#11517,#9159,#9160);
#7811=AXIS2_PLACEMENT_3D('',#11519,#9162,#9163);
#7812=AXIS2_PLACEMENT_3D('',#11525,#9167,#9168);
#7813=AXIS2_PLACEMENT_3D('',#11527,#9169,#9170);
#7814=AXIS2_PLACEMENT_3D('',#11530,#9172,#9173);
#7815=AXIS2_PLACEMENT_3D('',#11531,#9174,#9175);
#7816=AXIS2_PLACEMENT_3D('',#11537,#9179,#9180);
#7817=AXIS2_PLACEMENT_3D('',#11543,#9183,#9184);
#7818=AXIS2_PLACEMENT_3D('',#11545,#9185,#9186);
#7819=AXIS2_PLACEMENT_3D('',#11549,#9189,#9190);
#7820=AXIS2_PLACEMENT_3D('',#11552,#9191,#9192);
#7821=AXIS2_PLACEMENT_3D('',#11555,#9195,#9196);
#7822=AXIS2_PLACEMENT_3D('',#11559,#9199,#9200);
#7823=AXIS2_PLACEMENT_3D('',#11561,#9201,#9202);
#7824=AXIS2_PLACEMENT_3D('',#11563,#9204,#9205);
#7825=AXIS2_PLACEMENT_3D('',#11567,#9208,#9209);
#7826=AXIS2_PLACEMENT_3D('',#11570,#9212,#9213);
#7827=AXIS2_PLACEMENT_3D('',#11572,#9214,#9215);
#7828=AXIS2_PLACEMENT_3D('',#11587,#9218,#9219);
#7829=AXIS2_PLACEMENT_3D('',#11589,#9220,#9221);
#7830=AXIS2_PLACEMENT_3D('',#11602,#9223,#9224);
#7831=AXIS2_PLACEMENT_3D('',#11608,#9228,#9229);
#7832=AXIS2_PLACEMENT_3D('',#11610,#9230,#9231);
#7833=AXIS2_PLACEMENT_3D('',#11625,#9234,#9235);
#7834=AXIS2_PLACEMENT_3D('',#11639,#9237,#9238);
#7835=AXIS2_PLACEMENT_3D('',#11640,#9239,#9240);
#7836=AXIS2_PLACEMENT_3D('',#11641,#9241,#9242);
#7837=AXIS2_PLACEMENT_3D('',#11642,#9243,#9244);
#7838=AXIS2_PLACEMENT_3D('',#11663,#9246,#9247);
#7839=AXIS2_PLACEMENT_3D('',#11666,#9249,#9250);
#7840=AXIS2_PLACEMENT_3D('',#11667,#9251,#9252);
#7841=AXIS2_PLACEMENT_3D('',#11673,#9256,#9257);
#7842=AXIS2_PLACEMENT_3D('',#11677,#9259,#9260);
#7843=AXIS2_PLACEMENT_3D('',#11681,#9263,#9264);
#7844=AXIS2_PLACEMENT_3D('',#11690,#9267,#9268);
#7845=AXIS2_PLACEMENT_3D('',#11701,#9269,#9270);
#7846=AXIS2_PLACEMENT_3D('',#11703,#9272,#9273);
#7847=AXIS2_PLACEMENT_3D('',#11708,#9275,#9276);
#7848=AXIS2_PLACEMENT_3D('',#11711,#9278,#9279);
#7849=AXIS2_PLACEMENT_3D('',#11712,#9280,#9281);
#7850=AXIS2_PLACEMENT_3D('',#11720,#9286,#9287);
#7851=AXIS2_PLACEMENT_3D('',#11726,#9291,#9292);
#7852=AXIS2_PLACEMENT_3D('',#11729,#9294,#9295);
#7853=AXIS2_PLACEMENT_3D('',#11731,#9297,#9298);
#7854=AXIS2_PLACEMENT_3D('',#11734,#9300,#9301);
#7855=AXIS2_PLACEMENT_3D('',#11735,#9302,#9303);
#7856=AXIS2_PLACEMENT_3D('',#11737,#9304,#9305);
#7857=AXIS2_PLACEMENT_3D('',#11740,#9307,#9308);
#7858=AXIS2_PLACEMENT_3D('',#11741,#9309,#9310);
#7859=AXIS2_PLACEMENT_3D('',#11745,#9312,#9313);
#7860=AXIS2_PLACEMENT_3D('',#11747,#9315,#9316);
#7861=AXIS2_PLACEMENT_3D('',#11750,#9319,#9320);
#7862=AXIS2_PLACEMENT_3D('',#11752,#9322,#9323);
#7863=AXIS2_PLACEMENT_3D('',#11758,#9327,#9328);
#7864=AXIS2_PLACEMENT_3D('',#11764,#9332,#9333);
#7865=AXIS2_PLACEMENT_3D('',#11766,#9335,#9336);
#7866=AXIS2_PLACEMENT_3D('',#11767,#9337,#9338);
#7867=AXIS2_PLACEMENT_3D('',#11768,#9339,#9340);
#7868=AXIS2_PLACEMENT_3D('',#11769,#9341,#9342);
#7869=AXIS2_PLACEMENT_3D('',#11770,#9343,#9344);
#7870=AXIS2_PLACEMENT_3D('',#11771,#9345,#9346);
#7871=AXIS2_PLACEMENT_3D('',#11774,#9348,#9349);
#7872=AXIS2_PLACEMENT_3D('',#11775,#9350,#9351);
#7873=AXIS2_PLACEMENT_3D('',#11778,#9354,#9355);
#7874=AXIS2_PLACEMENT_3D('',#11779,#9356,#9357);
#7875=AXIS2_PLACEMENT_3D('',#11780,#9358,#9359);
#7876=AXIS2_PLACEMENT_3D('',#11781,#9360,#9361);
#7877=AXIS2_PLACEMENT_3D('',#11782,#9362,#9363);
#7878=AXIS2_PLACEMENT_3D('',#11783,#9364,#9365);
#7879=AXIS2_PLACEMENT_3D('',#11784,#9366,#9367);
#7880=AXIS2_PLACEMENT_3D('',#11785,#9368,#9369);
#7881=AXIS2_PLACEMENT_3D('',#11786,#9370,#9371);
#7882=AXIS2_PLACEMENT_3D('',#11787,#9372,#9373);
#7883=AXIS2_PLACEMENT_3D('',#11792,#9377,#9378);
#7884=AXIS2_PLACEMENT_3D('',#11794,#9380,#9381);
#7885=AXIS2_PLACEMENT_3D('',#11795,#9382,#9383);
#7886=AXIS2_PLACEMENT_3D('',#11796,#9384,#9385);
#7887=AXIS2_PLACEMENT_3D('',#11798,#9387,#9388);
#7888=AXIS2_PLACEMENT_3D('',#11799,#9389,#9390);
#7889=AXIS2_PLACEMENT_3D('',#11803,#9392,#9393);
#7890=AXIS2_PLACEMENT_3D('',#11805,#9395,#9396);
#7891=AXIS2_PLACEMENT_3D('',#11806,#9397,#9398);
#7892=AXIS2_PLACEMENT_3D('',#11807,#9399,#9400);
#7893=AXIS2_PLACEMENT_3D('',#11808,#9401,#9402);
#7894=AXIS2_PLACEMENT_3D('',#11811,#9405,#9406);
#7895=AXIS2_PLACEMENT_3D('',#11812,#9407,#9408);
#7896=AXIS2_PLACEMENT_3D('',#11813,#9409,#9410);
#7897=AXIS2_PLACEMENT_3D('',#11814,#9411,#9412);
#7898=AXIS2_PLACEMENT_3D('',#11815,#9413,#9414);
#7899=AXIS2_PLACEMENT_3D('',#11818,#9415,#9416);
#7900=AXIS2_PLACEMENT_3D('',#11822,#9418,#9419);
#7901=AXIS2_PLACEMENT_3D('',#11824,#9421,#9422);
#7902=AXIS2_PLACEMENT_3D('',#11832,#9427,#9428);
#7903=AXIS2_PLACEMENT_3D('',#11836,#9430,#9431);
#7904=AXIS2_PLACEMENT_3D('',#11840,#9433,#9434);
#7905=AXIS2_PLACEMENT_3D('',#11844,#9437,#9438);
#7906=AXIS2_PLACEMENT_3D('',#11848,#9440,#9441);
#7907=AXIS2_PLACEMENT_3D('',#11850,#9443,#9444);
#7908=AXIS2_PLACEMENT_3D('',#11856,#9448,#9449);
#7909=AXIS2_PLACEMENT_3D('',#11859,#9450,#9451);
#7910=AXIS2_PLACEMENT_3D('',#11863,#9453,#9454);
#7911=AXIS2_PLACEMENT_3D('',#11865,#9456,#9457);
#7912=AXIS2_PLACEMENT_3D('',#11871,#9461,#9462);
#7913=AXIS2_PLACEMENT_3D('',#11873,#9463,#9464);
#7914=AXIS2_PLACEMENT_3D('',#11876,#9466,#9467);
#7915=AXIS2_PLACEMENT_3D('',#11877,#9468,#9469);
#7916=AXIS2_PLACEMENT_3D('',#11883,#9473,#9474);
#7917=AXIS2_PLACEMENT_3D('',#11889,#9477,#9478);
#7918=AXIS2_PLACEMENT_3D('',#11891,#9479,#9480);
#7919=AXIS2_PLACEMENT_3D('',#11895,#9483,#9484);
#7920=AXIS2_PLACEMENT_3D('',#11898,#9485,#9486);
#7921=AXIS2_PLACEMENT_3D('',#11901,#9489,#9490);
#7922=AXIS2_PLACEMENT_3D('',#11905,#9493,#9494);
#7923=AXIS2_PLACEMENT_3D('',#11907,#9495,#9496);
#7924=AXIS2_PLACEMENT_3D('',#11909,#9498,#9499);
#7925=AXIS2_PLACEMENT_3D('',#11913,#9502,#9503);
#7926=AXIS2_PLACEMENT_3D('',#11916,#9506,#9507);
#7927=AXIS2_PLACEMENT_3D('',#11918,#9508,#9509);
#7928=AXIS2_PLACEMENT_3D('',#11933,#9512,#9513);
#7929=AXIS2_PLACEMENT_3D('',#11935,#9514,#9515);
#7930=AXIS2_PLACEMENT_3D('',#11948,#9517,#9518);
#7931=AXIS2_PLACEMENT_3D('',#11954,#9522,#9523);
#7932=AXIS2_PLACEMENT_3D('',#11956,#9524,#9525);
#7933=AXIS2_PLACEMENT_3D('',#11971,#9528,#9529);
#7934=AXIS2_PLACEMENT_3D('',#11985,#9531,#9532);
#7935=AXIS2_PLACEMENT_3D('',#11986,#9533,#9534);
#7936=AXIS2_PLACEMENT_3D('',#11987,#9535,#9536);
#7937=AXIS2_PLACEMENT_3D('',#11988,#9537,#9538);
#7938=AXIS2_PLACEMENT_3D('',#12009,#9540,#9541);
#7939=AXIS2_PLACEMENT_3D('',#12012,#9543,#9544);
#7940=AXIS2_PLACEMENT_3D('',#12013,#9545,#9546);
#7941=AXIS2_PLACEMENT_3D('',#12019,#9550,#9551);
#7942=AXIS2_PLACEMENT_3D('',#12023,#9553,#9554);
#7943=AXIS2_PLACEMENT_3D('',#12027,#9557,#9558);
#7944=AXIS2_PLACEMENT_3D('',#12036,#9561,#9562);
#7945=AXIS2_PLACEMENT_3D('',#12047,#9563,#9564);
#7946=AXIS2_PLACEMENT_3D('',#12049,#9566,#9567);
#7947=AXIS2_PLACEMENT_3D('',#12054,#9569,#9570);
#7948=AXIS2_PLACEMENT_3D('',#12057,#9572,#9573);
#7949=AXIS2_PLACEMENT_3D('',#12058,#9574,#9575);
#7950=AXIS2_PLACEMENT_3D('',#12066,#9580,#9581);
#7951=AXIS2_PLACEMENT_3D('',#12072,#9585,#9586);
#7952=AXIS2_PLACEMENT_3D('',#12075,#9588,#9589);
#7953=AXIS2_PLACEMENT_3D('',#12077,#9591,#9592);
#7954=AXIS2_PLACEMENT_3D('',#12080,#9594,#9595);
#7955=AXIS2_PLACEMENT_3D('',#12081,#9596,#9597);
#7956=AXIS2_PLACEMENT_3D('',#12083,#9598,#9599);
#7957=AXIS2_PLACEMENT_3D('',#12086,#9601,#9602);
#7958=AXIS2_PLACEMENT_3D('',#12087,#9603,#9604);
#7959=AXIS2_PLACEMENT_3D('',#12091,#9606,#9607);
#7960=AXIS2_PLACEMENT_3D('',#12093,#9609,#9610);
#7961=AXIS2_PLACEMENT_3D('',#12096,#9613,#9614);
#7962=AXIS2_PLACEMENT_3D('',#12098,#9616,#9617);
#7963=AXIS2_PLACEMENT_3D('',#12104,#9621,#9622);
#7964=AXIS2_PLACEMENT_3D('',#12110,#9626,#9627);
#7965=AXIS2_PLACEMENT_3D('',#12112,#9629,#9630);
#7966=AXIS2_PLACEMENT_3D('',#12113,#9631,#9632);
#7967=AXIS2_PLACEMENT_3D('',#12114,#9633,#9634);
#7968=AXIS2_PLACEMENT_3D('',#12115,#9635,#9636);
#7969=AXIS2_PLACEMENT_3D('',#12116,#9637,#9638);
#7970=AXIS2_PLACEMENT_3D('',#12117,#9639,#9640);
#7971=AXIS2_PLACEMENT_3D('',#12120,#9642,#9643);
#7972=AXIS2_PLACEMENT_3D('',#12121,#9644,#9645);
#7973=AXIS2_PLACEMENT_3D('',#12124,#9648,#9649);
#7974=AXIS2_PLACEMENT_3D('',#12125,#9650,#9651);
#7975=AXIS2_PLACEMENT_3D('',#12126,#9652,#9653);
#7976=AXIS2_PLACEMENT_3D('',#12127,#9654,#9655);
#7977=AXIS2_PLACEMENT_3D('',#12128,#9656,#9657);
#7978=AXIS2_PLACEMENT_3D('',#12129,#9658,#9659);
#7979=AXIS2_PLACEMENT_3D('',#12130,#9660,#9661);
#7980=AXIS2_PLACEMENT_3D('',#12131,#9662,#9663);
#7981=AXIS2_PLACEMENT_3D('',#12132,#9664,#9665);
#7982=AXIS2_PLACEMENT_3D('',#12133,#9666,#9667);
#7983=AXIS2_PLACEMENT_3D('',#12138,#9671,#9672);
#7984=AXIS2_PLACEMENT_3D('',#12140,#9674,#9675);
#7985=AXIS2_PLACEMENT_3D('',#12141,#9676,#9677);
#7986=AXIS2_PLACEMENT_3D('',#12142,#9678,#9679);
#7987=AXIS2_PLACEMENT_3D('',#12144,#9681,#9682);
#7988=AXIS2_PLACEMENT_3D('',#12145,#9683,#9684);
#7989=AXIS2_PLACEMENT_3D('',#12149,#9686,#9687);
#7990=AXIS2_PLACEMENT_3D('',#12151,#9689,#9690);
#7991=AXIS2_PLACEMENT_3D('',#12152,#9691,#9692);
#7992=AXIS2_PLACEMENT_3D('',#12153,#9693,#9694);
#7993=AXIS2_PLACEMENT_3D('',#12154,#9695,#9696);
#7994=AXIS2_PLACEMENT_3D('',#12157,#9699,#9700);
#7995=AXIS2_PLACEMENT_3D('',#12158,#9701,#9702);
#7996=AXIS2_PLACEMENT_3D('',#12159,#9703,#9704);
#7997=AXIS2_PLACEMENT_3D('',#12160,#9705,#9706);
#7998=AXIS2_PLACEMENT_3D('',#12161,#9707,#9708);
#7999=AXIS2_PLACEMENT_3D('',#12162,#9709,#9710);
#8000=AXIS2_PLACEMENT_3D('',#12165,#9711,#9712);
#8001=AXIS2_PLACEMENT_3D('',#12214,#9715,#9716);
#8002=AXIS2_PLACEMENT_3D('',#12217,#9718,#9719);
#8003=AXIS2_PLACEMENT_3D('',#12218,#9720,#9721);
#8004=AXIS2_PLACEMENT_3D('',#12229,#9723,#9724);
#8005=AXIS2_PLACEMENT_3D('',#12261,#9725,#9726);
#8006=AXIS2_PLACEMENT_3D('',#12334,#9727,#9728);
#8007=AXIS2_PLACEMENT_3D('',#12351,#9729,#9730);
#8008=AXIS2_PLACEMENT_3D('',#12436,#9731,#9732);
#8009=AXIS2_PLACEMENT_3D('',#12438,#9734,#9735);
#8010=AXIS2_PLACEMENT_3D('',#12440,#9737,#9738);
#8011=AXIS2_PLACEMENT_3D('',#12446,#9742,#9743);
#8012=AXIS2_PLACEMENT_3D('',#12448,#9744,#9745);
#8013=AXIS2_PLACEMENT_3D('',#12452,#9747,#9748);
#8014=AXIS2_PLACEMENT_3D('',#12462,#9750,#9751);
#8015=AXIS2_PLACEMENT_3D('',#12523,#9753,#9754);
#8016=AXIS2_PLACEMENT_3D('',#12525,#9755,#9756);
#8017=AXIS2_PLACEMENT_3D('',#12527,#9758,#9759);
#8018=AXIS2_PLACEMENT_3D('',#12529,#9761,#9762);
#8019=AXIS2_PLACEMENT_3D('',#12554,#9768,#9769);
#8020=AXIS2_PLACEMENT_3D('',#12558,#9772,#9773);
#8021=AXIS2_PLACEMENT_3D('',#12611,#9778,#9779);
#8022=AXIS2_PLACEMENT_3D('',#12615,#9782,#9783);
#8023=AXIS2_PLACEMENT_3D('',#12617,#9785,#9786);
#8024=AXIS2_PLACEMENT_3D('',#12619,#9788,#9789);
#8025=AXIS2_PLACEMENT_3D('',#12624,#9791,#9792);
#8026=AXIS2_PLACEMENT_3D('',#12627,#9794,#9795);
#8027=AXIS2_PLACEMENT_3D('',#12628,#9796,#9797);
#8028=AXIS2_PLACEMENT_3D('',#12632,#9799,#9800);
#8029=AXIS2_PLACEMENT_3D('',#12634,#9802,#9803);
#8030=AXIS2_PLACEMENT_3D('',#12639,#9805,#9806);
#8031=AXIS2_PLACEMENT_3D('',#12642,#9808,#9809);
#8032=AXIS2_PLACEMENT_3D('',#12643,#9810,#9811);
#8033=AXIS2_PLACEMENT_3D('',#12647,#9813,#9814);
#8034=AXIS2_PLACEMENT_3D('',#12649,#9816,#9817);
#8035=AXIS2_PLACEMENT_3D('',#12653,#9819,#9820);
#8036=AXIS2_PLACEMENT_3D('',#12655,#9822,#9823);
#8037=AXIS2_PLACEMENT_3D('',#12658,#9824,#9825);
#8038=AXIS2_PLACEMENT_3D('',#12660,#9826,#9827);
#8039=AXIS2_PLACEMENT_3D('',#12661,#9828,#9829);
#8040=AXIS2_PLACEMENT_3D('',#12662,#9830,#9831);
#8041=AXIS2_PLACEMENT_3D('',#12666,#9833,#9834);
#8042=AXIS2_PLACEMENT_3D('',#12668,#9836,#9837);
#8043=AXIS2_PLACEMENT_3D('',#12671,#9838,#9839);
#8044=AXIS2_PLACEMENT_3D('',#12673,#9840,#9841);
#8045=AXIS2_PLACEMENT_3D('',#12674,#9842,#9843);
#8046=AXIS2_PLACEMENT_3D('',#12675,#9844,#9845);
#8047=AXIS2_PLACEMENT_3D('',#12678,#9846,#9847);
#8048=AXIS2_PLACEMENT_3D('',#12680,#9848,#9849);
#8049=AXIS2_PLACEMENT_3D('',#12681,#9850,#9851);
#8050=AXIS2_PLACEMENT_3D('',#12682,#9852,#9853);
#8051=AXIS2_PLACEMENT_3D('',#12685,#9854,#9855);
#8052=AXIS2_PLACEMENT_3D('',#12687,#9856,#9857);
#8053=AXIS2_PLACEMENT_3D('',#12688,#9858,#9859);
#8054=AXIS2_PLACEMENT_3D('',#12689,#9860,#9861);
#8055=AXIS2_PLACEMENT_3D('',#12692,#9864,#9865);
#8056=AXIS2_PLACEMENT_3D('',#12695,#9866,#9867);
#8057=AXIS2_PLACEMENT_3D('',#12697,#9868,#9869);
#8058=AXIS2_PLACEMENT_3D('',#12698,#9870,#9871);
#8059=AXIS2_PLACEMENT_3D('',#12699,#9872,#9873);
#8060=AXIS2_PLACEMENT_3D('',#12702,#9874,#9875);
#8061=AXIS2_PLACEMENT_3D('',#12704,#9876,#9877);
#8062=AXIS2_PLACEMENT_3D('',#12705,#9878,#9879);
#8063=AXIS2_PLACEMENT_3D('',#12706,#9880,#9881);
#8064=AXIS2_PLACEMENT_3D('',#12709,#9884,#9885);
#8065=AXIS2_PLACEMENT_3D('',#12712,#9886,#9887);
#8066=AXIS2_PLACEMENT_3D('',#12714,#9888,#9889);
#8067=AXIS2_PLACEMENT_3D('',#12715,#9890,#9891);
#8068=AXIS2_PLACEMENT_3D('',#12716,#9892,#9893);
#8069=AXIS2_PLACEMENT_3D('',#12719,#9896,#9897);
#8070=AXIS2_PLACEMENT_3D('',#12722,#9900,#9901);
#8071=AXIS2_PLACEMENT_3D('',#12725,#9902,#9903);
#8072=AXIS2_PLACEMENT_3D('',#12727,#9904,#9905);
#8073=AXIS2_PLACEMENT_3D('',#12728,#9906,#9907);
#8074=AXIS2_PLACEMENT_3D('',#12729,#9908,#9909);
#8075=AXIS2_PLACEMENT_3D('',#12732,#9912,#9913);
#8076=AXIS2_PLACEMENT_3D('',#12735,#9916,#9917);
#8077=AXIS2_PLACEMENT_3D('',#12738,#9920,#9921);
#8078=AXIS2_PLACEMENT_3D('',#12741,#9924,#9925);
#8079=AXIS2_PLACEMENT_3D('',#12744,#9928,#9929);
#8080=AXIS2_PLACEMENT_3D('',#12747,#9932,#9933);
#8081=AXIS2_PLACEMENT_3D('',#12750,#9936,#9937);
#8082=AXIS2_PLACEMENT_3D('',#12753,#9940,#9941);
#8083=AXIS2_PLACEMENT_3D('',#12756,#9944,#9945);
#8084=AXIS2_PLACEMENT_3D('',#12759,#9948,#9949);
#8085=AXIS2_PLACEMENT_3D('',#12762,#9952,#9953);
#8086=AXIS2_PLACEMENT_3D('',#12764,#9955,#9956);
#8087=AXIS2_PLACEMENT_3D('',#12766,#9958,#9959);
#8088=AXIS2_PLACEMENT_3D('',#12767,#9960,#9961);
#8089=AXIS2_PLACEMENT_3D('',#12768,#9962,#9963);
#8090=AXIS2_PLACEMENT_3D('',#12769,#9964,#9965);
#8091=AXIS2_PLACEMENT_3D('',#12858,#10010,#10011);
#8092=AXIS2_PLACEMENT_3D('',#12859,#10012,#10013);
#8093=AXIS2_PLACEMENT_3D('',#12860,#10014,#10015);
#8094=AXIS2_PLACEMENT_3D('',#12862,#10016,#10017);
#8095=AXIS2_PLACEMENT_3D('',#12865,#10019,#10020);
#8096=AXIS2_PLACEMENT_3D('',#12866,#10021,#10022);
#8097=AXIS2_PLACEMENT_3D('',#12868,#10023,#10024);
#8098=AXIS2_PLACEMENT_3D('',#12870,#10026,#10027);
#8099=AXIS2_PLACEMENT_3D('',#12872,#10028,#10029);
#8100=AXIS2_PLACEMENT_3D('',#12874,#10031,#10032);
#8101=AXIS2_PLACEMENT_3D('',#12876,#10033,#10034);
#8102=AXIS2_PLACEMENT_3D('',#12879,#10036,#10037);
#8103=AXIS2_PLACEMENT_3D('',#12880,#10038,#10039);
#8104=AXIS2_PLACEMENT_3D('',#12884,#10041,#10042);
#8105=AXIS2_PLACEMENT_3D('',#12885,#10043,#10044);
#8106=AXIS2_PLACEMENT_3D('',#12886,#10045,#10046);
#8107=AXIS2_PLACEMENT_3D('',#12888,#10047,#10048);
#8108=AXIS2_PLACEMENT_3D('',#12890,#10050,#10051);
#8109=AXIS2_PLACEMENT_3D('',#12892,#10052,#10053);
#8110=AXIS2_PLACEMENT_3D('',#12894,#10055,#10056);
#8111=AXIS2_PLACEMENT_3D('',#12896,#10057,#10058);
#8112=AXIS2_PLACEMENT_3D('',#12898,#10060,#10061);
#8113=AXIS2_PLACEMENT_3D('',#12900,#10062,#10063);
#8114=AXIS2_PLACEMENT_3D('',#12902,#10065,#10066);
#8115=AXIS2_PLACEMENT_3D('',#12904,#10067,#10068);
#8116=AXIS2_PLACEMENT_3D('',#12906,#10070,#10071);
#8117=AXIS2_PLACEMENT_3D('',#12908,#10072,#10073);
#8118=AXIS2_PLACEMENT_3D('',#12910,#10075,#10076);
#8119=AXIS2_PLACEMENT_3D('',#12912,#10077,#10078);
#8120=AXIS2_PLACEMENT_3D('',#12915,#10080,#10081);
#8121=AXIS2_PLACEMENT_3D('',#12916,#10082,#10083);
#8122=AXIS2_PLACEMENT_3D('',#12918,#10084,#10085);
#8123=AXIS2_PLACEMENT_3D('',#12920,#10087,#10088);
#8124=AXIS2_PLACEMENT_3D('',#12922,#10089,#10090);
#8125=AXIS2_PLACEMENT_3D('',#12924,#10092,#10093);
#8126=AXIS2_PLACEMENT_3D('',#12926,#10094,#10095);
#8127=AXIS2_PLACEMENT_3D('',#12928,#10097,#10098);
#8128=AXIS2_PLACEMENT_3D('',#12930,#10099,#10100);
#8129=AXIS2_PLACEMENT_3D('',#12932,#10102,#10103);
#8130=AXIS2_PLACEMENT_3D('',#12936,#10105,#10106);
#8131=AXIS2_PLACEMENT_3D('',#12937,#10107,#10108);
#8132=AXIS2_PLACEMENT_3D('',#12938,#10109,#10110);
#8133=AXIS2_PLACEMENT_3D('',#12940,#10111,#10112);
#8134=AXIS2_PLACEMENT_3D('',#12942,#10114,#10115);
#8135=AXIS2_PLACEMENT_3D('',#12944,#10116,#10117);
#8136=AXIS2_PLACEMENT_3D('',#12946,#10119,#10120);
#8137=AXIS2_PLACEMENT_3D('',#12948,#10121,#10122);
#8138=AXIS2_PLACEMENT_3D('',#12951,#10124,#10125);
#8139=AXIS2_PLACEMENT_3D('',#12952,#10126,#10127);
#8140=AXIS2_PLACEMENT_3D('',#12954,#10128,#10129);
#8141=AXIS2_PLACEMENT_3D('',#12956,#10131,#10132);
#8142=AXIS2_PLACEMENT_3D('',#12958,#10133,#10134);
#8143=AXIS2_PLACEMENT_3D('',#12960,#10136,#10137);
#8144=AXIS2_PLACEMENT_3D('',#12963,#10139,#10140);
#8145=AXIS2_PLACEMENT_3D('',#12964,#10141,#10142);
#8146=AXIS2_PLACEMENT_3D('',#12967,#10144,#10145);
#8147=AXIS2_PLACEMENT_3D('',#12968,#10146,#10147);
#8148=AXIS2_PLACEMENT_3D('',#12971,#10149,#10150);
#8149=AXIS2_PLACEMENT_3D('',#12972,#10151,#10152);
#8150=AXIS2_PLACEMENT_3D('',#12974,#10154,#10155);
#8151=AXIS2_PLACEMENT_3D('',#12977,#10157,#10158);
#8152=AXIS2_PLACEMENT_3D('',#12978,#10159,#10160);
#8153=AXIS2_PLACEMENT_3D('',#12980,#10162,#10163);
#8154=AXIS2_PLACEMENT_3D('',#12983,#10165,#10166);
#8155=AXIS2_PLACEMENT_3D('',#12984,#10167,#10168);
#8156=AXIS2_PLACEMENT_3D('',#12988,#10170,#10171);
#8157=AXIS2_PLACEMENT_3D('',#12989,#10172,#10173);
#8158=AXIS2_PLACEMENT_3D('',#12990,#10174,#10175);
#8159=AXIS2_PLACEMENT_3D('',#12993,#10177,#10178);
#8160=AXIS2_PLACEMENT_3D('',#12994,#10179,#10180);
#8161=AXIS2_PLACEMENT_3D('',#12998,#10182,#10183);
#8162=AXIS2_PLACEMENT_3D('',#12999,#10184,#10185);
#8163=AXIS2_PLACEMENT_3D('',#13000,#10186,#10187);
#8164=AXIS2_PLACEMENT_3D('',#13003,#10189,#10190);
#8165=AXIS2_PLACEMENT_3D('',#13004,#10191,#10192);
#8166=AXIS2_PLACEMENT_3D('',#13006,#10194,#10195);
#8167=AXIS2_PLACEMENT_3D('',#13009,#10197,#10198);
#8168=AXIS2_PLACEMENT_3D('',#13010,#10199,#10200);
#8169=AXIS2_PLACEMENT_3D('',#13013,#10202,#10203);
#8170=AXIS2_PLACEMENT_3D('',#13014,#10204,#10205);
#8171=AXIS2_PLACEMENT_3D('',#13017,#10207,#10208);
#8172=AXIS2_PLACEMENT_3D('',#13018,#10209,#10210);
#8173=AXIS2_PLACEMENT_3D('',#13021,#10212,#10213);
#8174=AXIS2_PLACEMENT_3D('',#13022,#10214,#10215);
#8175=AXIS2_PLACEMENT_3D('',#13025,#10217,#10218);
#8176=AXIS2_PLACEMENT_3D('',#13026,#10219,#10220);
#8177=AXIS2_PLACEMENT_3D('',#13028,#10222,#10223);
#8178=AXIS2_PLACEMENT_3D('',#13031,#10225,#10226);
#8179=AXIS2_PLACEMENT_3D('',#13032,#10227,#10228);
#8180=AXIS2_PLACEMENT_3D('',#13034,#10230,#10231);
#8181=AXIS2_PLACEMENT_3D('',#13037,#10233,#10234);
#8182=AXIS2_PLACEMENT_3D('',#13038,#10235,#10236);
#8183=AXIS2_PLACEMENT_3D('',#13040,#10238,#10239);
#8184=AXIS2_PLACEMENT_3D('',#13046,#10243,#10244);
#8185=AXIS2_PLACEMENT_3D('',#13050,#10247,#10248);
#8186=AXIS2_PLACEMENT_3D('',#13054,#10251,#10252);
#8187=AXIS2_PLACEMENT_3D('',#13058,#10255,#10256);
#8188=AXIS2_PLACEMENT_3D('',#13062,#10259,#10260);
#8189=AXIS2_PLACEMENT_3D('',#13066,#10263,#10264);
#8190=AXIS2_PLACEMENT_3D('',#13070,#10267,#10268);
#8191=AXIS2_PLACEMENT_3D('',#13074,#10271,#10272);
#8192=AXIS2_PLACEMENT_3D('',#13078,#10275,#10276);
#8193=AXIS2_PLACEMENT_3D('',#13082,#10279,#10280);
#8194=AXIS2_PLACEMENT_3D('',#13086,#10283,#10284);
#8195=AXIS2_PLACEMENT_3D('',#13090,#10287,#10288);
#8196=AXIS2_PLACEMENT_3D('',#13094,#10291,#10292);
#8197=AXIS2_PLACEMENT_3D('',#13098,#10295,#10296);
#8198=AXIS2_PLACEMENT_3D('',#13102,#10299,#10300);
#8199=AXIS2_PLACEMENT_3D('',#13106,#10303,#10304);
#8200=AXIS2_PLACEMENT_3D('',#13110,#10307,#10308);
#8201=AXIS2_PLACEMENT_3D('',#13114,#10311,#10312);
#8202=AXIS2_PLACEMENT_3D('',#13118,#10315,#10316);
#8203=AXIS2_PLACEMENT_3D('',#13122,#10319,#10320);
#8204=AXIS2_PLACEMENT_3D('',#13126,#10323,#10324);
#8205=AXIS2_PLACEMENT_3D('',#13130,#10327,#10328);
#8206=AXIS2_PLACEMENT_3D('',#13134,#10331,#10332);
#8207=AXIS2_PLACEMENT_3D('',#13135,#10333,#10334);
#8208=AXIS2_PLACEMENT_3D('',#13141,#10338,#10339);
#8209=AXIS2_PLACEMENT_3D('',#13147,#10343,#10344);
#8210=AXIS2_PLACEMENT_3D('',#13151,#10347,#10348);
#8211=AXIS2_PLACEMENT_3D('',#13155,#10351,#10352);
#8212=AXIS2_PLACEMENT_3D('',#13159,#10355,#10356);
#8213=AXIS2_PLACEMENT_3D('',#13163,#10359,#10360);
#8214=AXIS2_PLACEMENT_3D('',#13165,#10362,#10363);
#8215=AXIS2_PLACEMENT_3D('',#13171,#10367,#10368);
#8216=AXIS2_PLACEMENT_3D('',#13177,#10372,#10373);
#8217=AXIS2_PLACEMENT_3D('',#13181,#10376,#10377);
#8218=AXIS2_PLACEMENT_3D('',#13185,#10380,#10381);
#8219=AXIS2_PLACEMENT_3D('',#13189,#10384,#10385);
#8220=AXIS2_PLACEMENT_3D('',#13193,#10388,#10389);
#8221=AXIS2_PLACEMENT_3D('',#13195,#10391,#10392);
#8222=AXIS2_PLACEMENT_3D('',#13199,#10395,#10396);
#8223=AXIS2_PLACEMENT_3D('',#13201,#10398,#10399);
#8224=AXIS2_PLACEMENT_3D('',#13203,#10401,#10402);
#8225=AXIS2_PLACEMENT_3D('',#13207,#10405,#10406);
#8226=AXIS2_PLACEMENT_3D('',#13213,#10410,#10411);
#8227=AXIS2_PLACEMENT_3D('',#13219,#10415,#10416);
#8228=AXIS2_PLACEMENT_3D('',#13221,#10418,#10419);
#8229=AXIS2_PLACEMENT_3D('',#13223,#10421,#10422);
#8230=AXIS2_PLACEMENT_3D('',#13224,#10423,#10424);
#8231=AXIS2_PLACEMENT_3D('',#13225,#10425,#10426);
#8232=AXIS2_PLACEMENT_3D('',#13226,#10427,#10428);
#8233=DIRECTION('axis',(0.,0.,1.));
#8234=DIRECTION('refdir',(1.,0.,0.));
#8235=DIRECTION('axis',(0.,0.,1.));
#8236=DIRECTION('refdir',(1.,0.,0.));
#8237=DIRECTION('center_axis',(0.,0.,-1.));
#8238=DIRECTION('ref_axis',(-0.991718536173164,-0.128430311883752,0.));
#8239=DIRECTION('center_axis',(0.,0.,1.));
#8240=DIRECTION('ref_axis',(-0.991718536173164,-0.128430311883752,0.));
#8241=DIRECTION('',(0.,0.,1.));
#8242=DIRECTION('center_axis',(0.,0.,-1.));
#8243=DIRECTION('ref_axis',(-0.991718536173164,-0.128430311883752,0.));
#8244=DIRECTION('',(0.,0.,-1.));
#8245=DIRECTION('center_axis',(1.,1.82602471155453E-16,0.));
#8246=DIRECTION('ref_axis',(-1.82602471155453E-16,1.,0.));
#8247=DIRECTION('',(1.82602471155453E-16,-1.,0.));
#8248=DIRECTION('',(0.,0.,1.));
#8249=DIRECTION('',(-1.12915854128446E-16,0.61836980306974,0.785887260776946));
#8250=DIRECTION('',(-1.82602471155453E-16,1.,0.));
#8251=DIRECTION('center_axis',(0.,0.,1.));
#8252=DIRECTION('ref_axis',(1.,0.,0.));
#8253=DIRECTION('',(0.254733441803237,-0.967011309978884,0.));
#8254=DIRECTION('center_axis',(0.,0.,1.));
#8255=DIRECTION('ref_axis',(1.,0.,0.));
#8256=DIRECTION('',(0.254733441806295,0.967011309978078,0.));
#8257=DIRECTION('center_axis',(0.,0.,-1.));
#8258=DIRECTION('ref_axis',(0.991718536172938,-0.128430311885494,0.));
#8259=DIRECTION('',(3.43310906019368E-13,1.,0.));
#8260=DIRECTION('',(1.,0.,0.));
#8261=DIRECTION('center_axis',(0.,0.,1.));
#8262=DIRECTION('ref_axis',(0.991718536172938,-0.128430311885494,0.));
#8263=DIRECTION('',(0.,0.,-1.));
#8264=DIRECTION('center_axis',(0.,0.,1.));
#8265=DIRECTION('ref_axis',(0.991718536172938,-0.128430311885494,0.));
#8266=DIRECTION('',(0.,0.,1.));
#8267=DIRECTION('center_axis',(-1.,3.43310906019368E-13,0.));
#8268=DIRECTION('ref_axis',(-3.43310906019368E-13,-1.,0.));
#8269=DIRECTION('',(-3.43310906019368E-13,-1.,0.));
#8270=DIRECTION('',(-2.12293097346891E-13,-0.61836980306974,-0.785887260776946));
#8271=DIRECTION('',(0.,0.,-1.));
#8272=DIRECTION('center_axis',(0.,6.99374767375487E-16,1.));
#8273=DIRECTION('ref_axis',(1.,0.,0.));
#8274=DIRECTION('center_axis',(0.,7.21644966006352E-16,1.));
#8275=DIRECTION('ref_axis',(1.,0.,0.));
#8276=DIRECTION('',(0.,-6.99374767375487E-16,-1.));
#8277=DIRECTION('center_axis',(0.,-7.21644966006352E-16,-1.));
#8278=DIRECTION('ref_axis',(1.,0.,0.));
#8279=DIRECTION('',(0.,6.99374767375487E-16,1.));
#8280=DIRECTION('center_axis',(-1.,3.46944695195362E-17,-2.46519032881566E-32));
#8281=DIRECTION('ref_axis',(3.46944695195362E-17,1.,-7.21644966006352E-16));
#8282=DIRECTION('',(-3.46944695195362E-17,-1.,7.21644966006352E-16));
#8283=DIRECTION('',(-2.37522202235403E-33,-7.79003849454793E-16,-1.));
#8284=DIRECTION('',(3.46944695195362E-17,1.,-7.21644966006352E-16));
#8285=DIRECTION('center_axis',(0.,7.21644966006352E-16,1.));
#8286=DIRECTION('ref_axis',(0.707106781186547,0.707106781186548,0.));
#8287=DIRECTION('center_axis',(0.,-7.21644966006352E-16,-1.));
#8288=DIRECTION('ref_axis',(0.707106781186547,0.707106781186548,0.));
#8289=DIRECTION('',(0.,-7.21644966006352E-16,-1.));
#8290=DIRECTION('center_axis',(0.,7.21644966006352E-16,1.));
#8291=DIRECTION('ref_axis',(0.707106781186547,0.707106781186548,0.));
#8292=DIRECTION('center_axis',(1.,0.,0.));
#8293=DIRECTION('ref_axis',(0.,1.,-7.21644966006352E-16));
#8294=DIRECTION('',(0.,1.,-7.21644966006352E-16));
#8295=DIRECTION('',(0.,-6.66133814775094E-16,-1.));
#8296=DIRECTION('',(0.,-1.,7.21644966006352E-16));
#8297=DIRECTION('center_axis',(0.,7.21644966006352E-16,1.));
#8298=DIRECTION('ref_axis',(1.,0.,0.));
#8299=DIRECTION('',(1.,0.,0.));
#8300=DIRECTION('',(-6.93889390390723E-17,-1.,7.21644966006352E-16));
#8301=DIRECTION('center_axis',(0.,7.21644966006352E-16,1.));
#8302=DIRECTION('ref_axis',(-1.,0.,0.));
#8303=DIRECTION('center_axis',(0.,-7.21644966006352E-16,-1.));
#8304=DIRECTION('ref_axis',(-0.707106781186547,0.707106781186548,0.));
#8305=DIRECTION('',(1.30104260698261E-16,-1.,7.21644966006352E-16));
#8306=DIRECTION('',(1.,0.,0.));
#8307=DIRECTION('center_axis',(0.,-6.99374767375041E-16,-1.));
#8308=DIRECTION('ref_axis',(-1.,0.,0.));
#8309=DIRECTION('center_axis',(0.,-7.21644966006352E-16,-1.));
#8310=DIRECTION('ref_axis',(-1.,0.,0.));
#8311=DIRECTION('',(0.,6.99374767375041E-16,1.));
#8312=DIRECTION('',(0.,-6.99374767375041E-16,-1.));
#8313=DIRECTION('center_axis',(1.,-6.93889390390723E-17,4.93038065763132E-32));
#8314=DIRECTION('ref_axis',(-6.93889390390723E-17,-1.,7.21644966006352E-16));
#8315=DIRECTION('',(4.75044404470806E-33,7.79003849454793E-16,1.));
#8316=DIRECTION('',(6.93889390390723E-17,1.,-7.21644966006352E-16));
#8317=DIRECTION('center_axis',(7.60742328032958E-33,-7.21644966006352E-16,
-1.));
#8318=DIRECTION('ref_axis',(-0.707106781186547,0.707106781186548,0.));
#8319=DIRECTION('center_axis',(0.,7.21644966006352E-16,1.));
#8320=DIRECTION('ref_axis',(-0.707106781186547,0.707106781186548,0.));
#8321=DIRECTION('',(-7.60742328032958E-33,7.21644966006352E-16,1.));
#8322=DIRECTION('center_axis',(-1.,-1.30104260698261E-16,8.62816615085482E-32));
#8323=DIRECTION('ref_axis',(1.30104260698261E-16,-1.,7.21644966006352E-16));
#8324=DIRECTION('',(-1.30104260698261E-16,1.,-7.21644966006352E-16));
#8325=DIRECTION('',(0.,6.66133814775094E-16,1.));
#8326=DIRECTION('center_axis',(0.,-7.21644966006352E-16,-1.));
#8327=DIRECTION('ref_axis',(-1.,0.,0.));
#8328=DIRECTION('',(-1.,0.,0.));
#8329=DIRECTION('',(-1.,0.,0.));
#8330=DIRECTION('center_axis',(0.,0.61836980306974,0.785887260776946));
#8331=DIRECTION('ref_axis',(0.707106781186547,0.555706211343499,-0.437253481031603));
#8332=DIRECTION('center_axis',(0.,-0.61836980306974,-0.785887260776946));
#8333=DIRECTION('ref_axis',(0.,0.785887260776946,-0.61836980306974));
#8334=DIRECTION('',(0.,0.61836980306974,0.785887260776946));
#8335=DIRECTION('',(0.,-0.61836980306974,-0.785887260776946));
#8336=DIRECTION('center_axis',(1.12915854128446E-16,-0.61836980306974,-0.785887260776946));
#8337=DIRECTION('ref_axis',(0.,0.785887260776946,-0.61836980306974));
#8338=DIRECTION('center_axis',(0.,0.,-1.));
#8339=DIRECTION('ref_axis',(-6.98237544808583E-17,1.,0.));
#8340=DIRECTION('',(1.12915854128446E-16,-0.61836980306974,-0.785887260776946));
#8341=DIRECTION('center_axis',(0.,0.785887260776946,-0.61836980306974));
#8342=DIRECTION('ref_axis',(-1.,0.,0.));
#8343=DIRECTION('',(1.,0.,0.));
#8344=DIRECTION('',(2.99366686888974E-17,0.61836980306974,0.785887260776946));
#8345=DIRECTION('',(-1.,0.,0.));
#8346=DIRECTION('center_axis',(0.,0.61836980306974,0.785887260776946));
#8347=DIRECTION('ref_axis',(-0.707106781186547,0.555706211343499,-0.437253481031603));
#8348=DIRECTION('center_axis',(8.77174577295335E-17,-0.61836980306974,-0.785887260776946));
#8349=DIRECTION('ref_axis',(-1.,-8.67361737988404E-17,-4.33680868994202E-17));
#8350=DIRECTION('',(0.,0.61836980306974,0.785887260776946));
#8351=DIRECTION('',(0.,-0.61836980306974,-0.785887260776946));
#8352=DIRECTION('center_axis',(-2.12293097346891E-13,-0.61836980306974,
-0.785887260776946));
#8353=DIRECTION('ref_axis',(-1.,3.4330177589581E-13,0.));
#8354=DIRECTION('',(2.12293097346891E-13,0.61836980306974,0.785887260776946));
#8355=DIRECTION('center_axis',(0.,0.,-1.));
#8356=DIRECTION('ref_axis',(3.43305267083534E-13,1.,0.));
#8357=DIRECTION('center_axis',(-1.,0.,0.));
#8358=DIRECTION('ref_axis',(0.,0.,1.));
#8359=DIRECTION('center_axis',(-1.,0.,0.));
#8360=DIRECTION('ref_axis',(0.,0.,1.));
#8361=DIRECTION('center_axis',(0.,-0.61836980306974,-0.785887260776946));
#8362=DIRECTION('ref_axis',(1.,0.,0.));
#8363=DIRECTION('',(0.,-0.61836980306974,-0.785887260776946));
#8364=DIRECTION('center_axis',(0.,0.782608156852414,0.62251463663762));
#8365=DIRECTION('ref_axis',(0.,-0.62251463663762,0.782608156852414));
#8366=DIRECTION('',(0.,0.61836980306974,0.785887260776946));
#8367=DIRECTION('center_axis',(0.,-0.782608156852414,-0.62251463663762));
#8368=DIRECTION('ref_axis',(0.,-0.62251463663762,0.782608156852414));
#8369=DIRECTION('center_axis',(1.,0.,0.));
#8370=DIRECTION('ref_axis',(0.,0.62251463663762,-0.782608156852414));
#8371=DIRECTION('',(0.,-0.62251463663762,0.782608156852414));
#8372=DIRECTION('',(0.,-0.782608156852414,-0.62251463663762));
#8373=DIRECTION('',(0.,0.62251463663762,-0.782608156852414));
#8374=DIRECTION('center_axis',(0.,-0.782608156852414,-0.62251463663762));
#8375=DIRECTION('ref_axis',(-1.,0.,0.));
#8376=DIRECTION('',(-1.,0.,0.));
#8377=DIRECTION('center_axis',(0.,0.782608156852414,0.62251463663762));
#8378=DIRECTION('ref_axis',(6.88835344345333E-18,-0.62251463663762,0.782608156852414));
#8379=DIRECTION('',(-1.30104260698261E-16,0.62251463663762,-0.782608156852414));
#8380=DIRECTION('',(-1.,0.,0.));
#8381=DIRECTION('center_axis',(-1.,0.,0.));
#8382=DIRECTION('ref_axis',(0.,0.,1.));
#8383=DIRECTION('',(-1.,0.,0.));
#8384=DIRECTION('',(1.,0.,0.));
#8385=DIRECTION('center_axis',(2.99366686888974E-17,0.61836980306974,0.785887260776946));
#8386=DIRECTION('ref_axis',(-1.,0.,0.));
#8387=DIRECTION('center_axis',(0.,-0.782608156852414,-0.62251463663762));
#8388=DIRECTION('ref_axis',(6.88835344345333E-18,-0.62251463663762,0.782608156852414));
#8389=DIRECTION('',(-2.99366686888974E-17,-0.61836980306974,-0.785887260776946));
#8390=DIRECTION('center_axis',(1.,0.,0.));
#8391=DIRECTION('ref_axis',(0.,0.,-1.));
#8392=DIRECTION('',(0.,0.642787609686537,-0.76604444311898));
#8393=DIRECTION('center_axis',(-1.,0.,0.));
#8394=DIRECTION('ref_axis',(0.,-0.997405699449614,-0.0719852117134294));
#8395=DIRECTION('',(0.,0.997405699449614,0.0719852117134258));
#8396=DIRECTION('center_axis',(1.,0.,0.));
#8397=DIRECTION('ref_axis',(0.,-0.642787609686539,0.766044443118978));
#8398=DIRECTION('center_axis',(0.,-0.642787609686537,0.76604444311898));
#8399=DIRECTION('ref_axis',(-1.,0.,0.));
#8400=DIRECTION('',(-1.,0.,0.));
#8401=DIRECTION('',(-3.46944695195361E-17,0.76604444311898,0.642787609686537));
#8402=DIRECTION('',(-1.,0.,0.));
#8403=DIRECTION('',(6.93889390390723E-17,-0.76604444311898,-0.642787609686537));
#8404=DIRECTION('center_axis',(-1.,-2.65775055824015E-17,-2.23011751318051E-17));
#8405=DIRECTION('ref_axis',(3.46944695195361E-17,-0.76604444311898,-0.642787609686537));
#8406=DIRECTION('',(0.,-0.642787609686537,0.76604444311898));
#8407=DIRECTION('',(3.46944695195361E-17,-0.76604444311898,-0.642787609686537));
#8408=DIRECTION('',(0.,-0.642787609686537,0.76604444311898));
#8409=DIRECTION('center_axis',(1.,0.,0.));
#8410=DIRECTION('ref_axis',(0.,-0.642787609686537,0.76604444311898));
#8411=DIRECTION('',(1.,0.,0.));
#8412=DIRECTION('center_axis',(1.,0.,0.));
#8413=DIRECTION('ref_axis',(0.,-0.64278760968654,0.766044443118977));
#8414=DIRECTION('',(-1.,-1.0655951930236E-16,1.47645702989509E-15));
#8415=DIRECTION('center_axis',(1.,0.,0.));
#8416=DIRECTION('ref_axis',(0.,-0.642787609686537,0.76604444311898));
#8417=DIRECTION('',(1.,1.06559519302352E-16,-1.47645702989509E-15));
#8418=DIRECTION('center_axis',(-1.,0.,0.));
#8419=DIRECTION('ref_axis',(0.,-0.997405699449613,-0.0719852117134302));
#8420=DIRECTION('center_axis',(-1.,0.,0.));
#8421=DIRECTION('ref_axis',(0.,0.,1.));
#8422=DIRECTION('center_axis',(1.,0.,0.));
#8423=DIRECTION('ref_axis',(0.,0.34202014332567,0.939692620785908));
#8424=DIRECTION('',(0.,0.342020143325672,0.939692620785907));
#8425=DIRECTION('center_axis',(-1.,0.,0.));
#8426=DIRECTION('ref_axis',(0.,-0.642787609686536,0.766044443118981));
#8427=DIRECTION('center_axis',(1.,0.,0.));
#8428=DIRECTION('ref_axis',(0.,0.342020143325672,0.939692620785907));
#8429=DIRECTION('',(1.,0.,0.));
#8430=DIRECTION('center_axis',(-1.,0.,0.));
#8431=DIRECTION('ref_axis',(0.,-0.642787609686537,0.76604444311898));
#8432=DIRECTION('',(1.,0.,0.));
#8433=DIRECTION('center_axis',(1.,5.3155011164803E-17,4.46023502636101E-17));
#8434=DIRECTION('ref_axis',(-6.93889390390723E-17,0.76604444311898,0.642787609686537));
#8435=DIRECTION('',(0.,0.642787609686537,-0.76604444311898));
#8436=DIRECTION('',(-6.93889390390723E-17,0.76604444311898,0.642787609686537));
#8437=DIRECTION('center_axis',(-1.,0.,0.));
#8438=DIRECTION('ref_axis',(0.,0.,1.));
#8439=DIRECTION('',(0.,-0.997405699449613,-0.0719852117134392));
#8440=DIRECTION('center_axis',(0.,-0.342020143325672,-0.939692620785907));
#8441=DIRECTION('ref_axis',(1.,0.,0.));
#8442=DIRECTION('',(-6.93889390390723E-17,0.939692620785907,-0.342020143325672));
#8443=DIRECTION('',(1.,0.,0.));
#8444=DIRECTION('',(3.46944695195362E-17,-0.939692620785907,0.342020143325672));
#8445=DIRECTION('center_axis',(1.,6.52042739791794E-17,-2.37324148753599E-17));
#8446=DIRECTION('ref_axis',(-6.93889390390723E-17,0.939692620785907,-0.342020143325672));
#8447=DIRECTION('',(0.,-0.342020143325672,-0.939692620785907));
#8448=DIRECTION('',(6.93889390390723E-17,-0.939692620785907,0.342020143325672));
#8449=DIRECTION('',(4.75044404470806E-33,-0.342020143325672,-0.939692620785907));
#8450=DIRECTION('center_axis',(1.,0.,0.));
#8451=DIRECTION('ref_axis',(0.,0.342020143325672,0.939692620785907));
#8452=DIRECTION('',(-1.,0.,0.));
#8453=DIRECTION('center_axis',(1.,0.,0.));
#8454=DIRECTION('ref_axis',(0.,0.342020143325671,0.939692620785908));
#8455=DIRECTION('center_axis',(0.,0.642787609686537,-0.76604444311898));
#8456=DIRECTION('ref_axis',(1.,0.,0.));
#8457=DIRECTION('center_axis',(1.,0.,0.));
#8458=DIRECTION('ref_axis',(0.,0.,-1.));
#8459=DIRECTION('center_axis',(1.,0.,0.));
#8460=DIRECTION('ref_axis',(0.,-4.44089209850064E-15,-1.));
#8461=DIRECTION('center_axis',(-1.,0.,0.));
#8462=DIRECTION('ref_axis',(0.,0.342020143325674,0.939692620785907));
#8463=DIRECTION('center_axis',(1.,0.,0.));
#8464=DIRECTION('ref_axis',(0.,-7.21644966006352E-16,-1.));
#8465=DIRECTION('',(-1.,0.,0.));
#8466=DIRECTION('center_axis',(-1.,0.,0.));
#8467=DIRECTION('ref_axis',(0.,0.342020143325673,0.939692620785907));
#8468=DIRECTION('center_axis',(-1.,-3.26021369895897E-17,1.18662074376799E-17));
#8469=DIRECTION('ref_axis',(3.46944695195362E-17,-0.939692620785907,0.342020143325672));
#8470=DIRECTION('',(-2.37522202235403E-33,0.342020143325672,0.939692620785907));
#8471=DIRECTION('',(-3.46944695195362E-17,0.939692620785907,-0.342020143325672));
#8472=DIRECTION('center_axis',(1.,0.,0.));
#8473=DIRECTION('ref_axis',(0.,0.,-1.));
#8474=DIRECTION('center_axis',(1.,0.,0.));
#8475=DIRECTION('ref_axis',(0.,-7.21644966006352E-16,-1.));
#8476=DIRECTION('center_axis',(1.,0.,0.));
#8477=DIRECTION('ref_axis',(0.,-4.44089209850065E-15,-1.));
#8478=DIRECTION('center_axis',(1.,0.,0.));
#8479=DIRECTION('ref_axis',(0.,-0.782608156852414,-0.62251463663762));
#8480=DIRECTION('center_axis',(-1.,0.,0.));
#8481=DIRECTION('ref_axis',(0.,9.99200722162642E-15,-1.));
#8482=DIRECTION('center_axis',(1.,0.,0.));
#8483=DIRECTION('ref_axis',(0.,-0.782608156852413,-0.62251463663762));
#8484=DIRECTION('center_axis',(1.,0.,0.));
#8485=DIRECTION('ref_axis',(0.,0.,-1.));
#8486=DIRECTION('center_axis',(1.,0.,0.));
#8487=DIRECTION('ref_axis',(0.,-0.782608156852413,-0.62251463663762));
#8488=DIRECTION('center_axis',(0.,0.342020143325672,0.939692620785907));
#8489=DIRECTION('ref_axis',(-1.,0.,0.));
#8490=DIRECTION('center_axis',(0.,0.782608156852414,0.62251463663762));
#8491=DIRECTION('ref_axis',(1.,0.,0.));
#8492=DIRECTION('',(1.,0.,0.));
#8493=DIRECTION('',(1.30104260698261E-16,-0.62251463663762,0.782608156852414));
#8494=DIRECTION('',(1.,0.,0.));
#8495=DIRECTION('center_axis',(-1.,0.,0.));
#8496=DIRECTION('ref_axis',(0.,0.,1.));
#8497=DIRECTION('',(0.,0.782608156852414,0.62251463663762));
#8498=DIRECTION('center_axis',(-1.,0.,0.));
#8499=DIRECTION('ref_axis',(0.,5.55111512312579E-15,-1.));
#8500=DIRECTION('center_axis',(-1.,0.,0.));
#8501=DIRECTION('ref_axis',(0.,0.,1.));
#8502=DIRECTION('center_axis',(1.,0.,0.));
#8503=DIRECTION('ref_axis',(0.,0.61836980306974,0.785887260776946));
#8504=DIRECTION('',(1.,0.,0.));
#8505=DIRECTION('center_axis',(1.,0.,0.));
#8506=DIRECTION('ref_axis',(0.,-0.782608156852414,-0.62251463663762));
#8507=DIRECTION('center_axis',(0.,0.,-1.));
#8508=DIRECTION('ref_axis',(-1.,0.,0.));
#8509=DIRECTION('',(-0.254733441806295,-0.967011309978078,0.));
#8510=DIRECTION('center_axis',(0.,0.,-1.));
#8511=DIRECTION('ref_axis',(1.,0.,0.));
#8512=DIRECTION('',(-0.254733441803237,0.967011309978884,0.));
#8513=DIRECTION('center_axis',(-1.,0.,0.));
#8514=DIRECTION('ref_axis',(0.,0.,1.));
#8515=DIRECTION('center_axis',(-1.,-8.09918065735838E-17,1.01820655663712E-16));
#8516=DIRECTION('ref_axis',(1.30104260698261E-16,-0.62251463663762,0.782608156852414));
#8517=DIRECTION('center_axis',(-2.05596856412067E-15,0.0719852117134373,
-0.997405699449613));
#8518=DIRECTION('ref_axis',(-1.,-1.47999332364398E-16,2.05063476374319E-15));
#8519=DIRECTION('center_axis',(0.,0.,1.));
#8520=DIRECTION('ref_axis',(1.,0.,0.));
#8521=DIRECTION('',(0.,0.,1.));
#8522=DIRECTION('',(0.,0.,1.));
#8523=DIRECTION('center_axis',(0.,0.785887260776946,-0.61836980306974));
#8524=DIRECTION('ref_axis',(-1.,0.,0.));
#8525=DIRECTION('center_axis',(0.967011309978884,0.254733441803237,0.));
#8526=DIRECTION('ref_axis',(-0.254733441803237,0.967011309978884,0.));
#8527=DIRECTION('center_axis',(1.,0.,0.));
#8528=DIRECTION('ref_axis',(0.,0.,-1.));
#8529=DIRECTION('center_axis',(-0.967011309978078,0.254733441806295,0.));
#8530=DIRECTION('ref_axis',(-0.254733441806295,-0.967011309978078,0.));
#8531=DIRECTION('center_axis',(0.,0.,-1.));
#8532=DIRECTION('ref_axis',(-0.991718536173164,-0.128430311883752,0.));
#8533=DIRECTION('center_axis',(0.,0.,1.));
#8534=DIRECTION('ref_axis',(-0.991718536173164,-0.128430311883752,0.));
#8535=DIRECTION('',(0.,0.,1.));
#8536=DIRECTION('center_axis',(0.,0.,-1.));
#8537=DIRECTION('ref_axis',(-0.991718536173164,-0.128430311883752,0.));
#8538=DIRECTION('',(0.,0.,-1.));
#8539=DIRECTION('center_axis',(1.,1.82602471155453E-16,0.));
#8540=DIRECTION('ref_axis',(-1.82602471155453E-16,1.,0.));
#8541=DIRECTION('',(1.82602471155453E-16,-1.,0.));
#8542=DIRECTION('',(0.,0.,1.));
#8543=DIRECTION('',(-1.12915854128446E-16,0.61836980306974,0.785887260776946));
#8544=DIRECTION('',(-1.82602471155453E-16,1.,0.));
#8545=DIRECTION('center_axis',(0.,0.,1.));
#8546=DIRECTION('ref_axis',(1.,0.,0.));
#8547=DIRECTION('',(0.254733441803237,-0.967011309978884,0.));
#8548=DIRECTION('center_axis',(0.,0.,1.));
#8549=DIRECTION('ref_axis',(1.,0.,0.));
#8550=DIRECTION('',(0.254733441806295,0.967011309978078,0.));
#8551=DIRECTION('center_axis',(0.,0.,-1.));
#8552=DIRECTION('ref_axis',(0.991718536172938,-0.128430311885494,0.));
#8553=DIRECTION('',(3.43310906019368E-13,1.,0.));
#8554=DIRECTION('',(1.,0.,0.));
#8555=DIRECTION('center_axis',(0.,0.,1.));
#8556=DIRECTION('ref_axis',(0.991718536172938,-0.128430311885494,0.));
#8557=DIRECTION('',(0.,0.,-1.));
#8558=DIRECTION('center_axis',(0.,0.,1.));
#8559=DIRECTION('ref_axis',(0.991718536172938,-0.128430311885494,0.));
#8560=DIRECTION('',(0.,0.,1.));
#8561=DIRECTION('center_axis',(-1.,3.43310906019368E-13,0.));
#8562=DIRECTION('ref_axis',(-3.43310906019368E-13,-1.,0.));
#8563=DIRECTION('',(-3.43310906019368E-13,-1.,0.));
#8564=DIRECTION('',(-2.12293097346891E-13,-0.61836980306974,-0.785887260776946));
#8565=DIRECTION('',(0.,0.,-1.));
#8566=DIRECTION('center_axis',(0.,6.99374767375487E-16,1.));
#8567=DIRECTION('ref_axis',(1.,0.,0.));
#8568=DIRECTION('center_axis',(0.,7.21644966006352E-16,1.));
#8569=DIRECTION('ref_axis',(1.,0.,0.));
#8570=DIRECTION('',(0.,-6.99374767375487E-16,-1.));
#8571=DIRECTION('center_axis',(0.,-7.21644966006352E-16,-1.));
#8572=DIRECTION('ref_axis',(1.,0.,0.));
#8573=DIRECTION('',(0.,6.99374767375487E-16,1.));
#8574=DIRECTION('center_axis',(-1.,3.46944695195362E-17,-2.46519032881566E-32));
#8575=DIRECTION('ref_axis',(3.46944695195362E-17,1.,-7.21644966006352E-16));
#8576=DIRECTION('',(-3.46944695195362E-17,-1.,7.21644966006352E-16));
#8577=DIRECTION('',(-2.37522202235403E-33,-7.79003849454793E-16,-1.));
#8578=DIRECTION('',(3.46944695195362E-17,1.,-7.21644966006352E-16));
#8579=DIRECTION('center_axis',(0.,7.21644966006352E-16,1.));
#8580=DIRECTION('ref_axis',(0.707106781186547,0.707106781186548,0.));
#8581=DIRECTION('center_axis',(0.,-7.21644966006352E-16,-1.));
#8582=DIRECTION('ref_axis',(0.707106781186547,0.707106781186548,0.));
#8583=DIRECTION('',(0.,-7.21644966006352E-16,-1.));
#8584=DIRECTION('center_axis',(0.,7.21644966006352E-16,1.));
#8585=DIRECTION('ref_axis',(0.707106781186547,0.707106781186548,0.));
#8586=DIRECTION('center_axis',(1.,0.,0.));
#8587=DIRECTION('ref_axis',(0.,1.,-7.21644966006352E-16));
#8588=DIRECTION('',(0.,1.,-7.21644966006352E-16));
#8589=DIRECTION('',(0.,-6.66133814775094E-16,-1.));
#8590=DIRECTION('',(0.,-1.,7.21644966006352E-16));
#8591=DIRECTION('center_axis',(0.,7.21644966006352E-16,1.));
#8592=DIRECTION('ref_axis',(1.,0.,0.));
#8593=DIRECTION('',(1.,0.,0.));
#8594=DIRECTION('',(-6.93889390390723E-17,-1.,7.21644966006352E-16));
#8595=DIRECTION('center_axis',(0.,7.21644966006352E-16,1.));
#8596=DIRECTION('ref_axis',(-1.,0.,0.));
#8597=DIRECTION('center_axis',(0.,-7.21644966006352E-16,-1.));
#8598=DIRECTION('ref_axis',(-0.707106781186547,0.707106781186548,0.));
#8599=DIRECTION('',(1.30104260698261E-16,-1.,7.21644966006352E-16));
#8600=DIRECTION('',(1.,0.,0.));
#8601=DIRECTION('center_axis',(0.,-6.99374767375041E-16,-1.));
#8602=DIRECTION('ref_axis',(-1.,0.,0.));
#8603=DIRECTION('center_axis',(0.,-7.21644966006352E-16,-1.));
#8604=DIRECTION('ref_axis',(-1.,0.,0.));
#8605=DIRECTION('',(0.,6.99374767375041E-16,1.));
#8606=DIRECTION('',(0.,-6.99374767375041E-16,-1.));
#8607=DIRECTION('center_axis',(1.,-6.93889390390723E-17,4.93038065763132E-32));
#8608=DIRECTION('ref_axis',(-6.93889390390723E-17,-1.,7.21644966006352E-16));
#8609=DIRECTION('',(4.75044404470806E-33,7.79003849454793E-16,1.));
#8610=DIRECTION('',(6.93889390390723E-17,1.,-7.21644966006352E-16));
#8611=DIRECTION('center_axis',(7.60742328032958E-33,-7.21644966006352E-16,
-1.));
#8612=DIRECTION('ref_axis',(-0.707106781186547,0.707106781186548,0.));
#8613=DIRECTION('center_axis',(0.,7.21644966006352E-16,1.));
#8614=DIRECTION('ref_axis',(-0.707106781186547,0.707106781186548,0.));
#8615=DIRECTION('',(-7.60742328032958E-33,7.21644966006352E-16,1.));
#8616=DIRECTION('center_axis',(-1.,-1.30104260698261E-16,8.62816615085482E-32));
#8617=DIRECTION('ref_axis',(1.30104260698261E-16,-1.,7.21644966006352E-16));
#8618=DIRECTION('',(-1.30104260698261E-16,1.,-7.21644966006352E-16));
#8619=DIRECTION('',(0.,6.66133814775094E-16,1.));
#8620=DIRECTION('center_axis',(0.,-7.21644966006352E-16,-1.));
#8621=DIRECTION('ref_axis',(-1.,0.,0.));
#8622=DIRECTION('',(-1.,0.,0.));
#8623=DIRECTION('',(-1.,0.,0.));
#8624=DIRECTION('center_axis',(0.,0.61836980306974,0.785887260776946));
#8625=DIRECTION('ref_axis',(0.707106781186547,0.555706211343499,-0.437253481031603));
#8626=DIRECTION('center_axis',(0.,-0.61836980306974,-0.785887260776946));
#8627=DIRECTION('ref_axis',(0.,0.785887260776946,-0.61836980306974));
#8628=DIRECTION('',(0.,0.61836980306974,0.785887260776946));
#8629=DIRECTION('',(0.,-0.61836980306974,-0.785887260776946));
#8630=DIRECTION('center_axis',(1.12915854128446E-16,-0.61836980306974,-0.785887260776946));
#8631=DIRECTION('ref_axis',(0.,0.785887260776946,-0.61836980306974));
#8632=DIRECTION('center_axis',(0.,0.,-1.));
#8633=DIRECTION('ref_axis',(-6.98237544808583E-17,1.,0.));
#8634=DIRECTION('',(1.12915854128446E-16,-0.61836980306974,-0.785887260776946));
#8635=DIRECTION('center_axis',(0.,0.785887260776946,-0.61836980306974));
#8636=DIRECTION('ref_axis',(-1.,0.,0.));
#8637=DIRECTION('',(1.,0.,0.));
#8638=DIRECTION('',(2.99366686888974E-17,0.61836980306974,0.785887260776946));
#8639=DIRECTION('',(-1.,0.,0.));
#8640=DIRECTION('center_axis',(0.,0.61836980306974,0.785887260776946));
#8641=DIRECTION('ref_axis',(-0.707106781186547,0.555706211343499,-0.437253481031603));
#8642=DIRECTION('center_axis',(8.77174577295335E-17,-0.61836980306974,-0.785887260776946));
#8643=DIRECTION('ref_axis',(-1.,-8.67361737988404E-17,-4.33680868994202E-17));
#8644=DIRECTION('',(0.,0.61836980306974,0.785887260776946));
#8645=DIRECTION('',(0.,-0.61836980306974,-0.785887260776946));
#8646=DIRECTION('center_axis',(-2.12293097346891E-13,-0.61836980306974,
-0.785887260776946));
#8647=DIRECTION('ref_axis',(-1.,3.4330177589581E-13,0.));
#8648=DIRECTION('',(2.12293097346891E-13,0.61836980306974,0.785887260776946));
#8649=DIRECTION('center_axis',(0.,0.,-1.));
#8650=DIRECTION('ref_axis',(3.43305267083534E-13,1.,0.));
#8651=DIRECTION('center_axis',(-1.,0.,0.));
#8652=DIRECTION('ref_axis',(0.,0.,1.));
#8653=DIRECTION('center_axis',(-1.,0.,0.));
#8654=DIRECTION('ref_axis',(0.,0.,1.));
#8655=DIRECTION('center_axis',(0.,-0.61836980306974,-0.785887260776946));
#8656=DIRECTION('ref_axis',(1.,0.,0.));
#8657=DIRECTION('',(0.,-0.61836980306974,-0.785887260776946));
#8658=DIRECTION('center_axis',(0.,0.782608156852414,0.62251463663762));
#8659=DIRECTION('ref_axis',(0.,-0.62251463663762,0.782608156852414));
#8660=DIRECTION('',(0.,0.61836980306974,0.785887260776946));
#8661=DIRECTION('center_axis',(0.,-0.782608156852414,-0.62251463663762));
#8662=DIRECTION('ref_axis',(0.,-0.62251463663762,0.782608156852414));
#8663=DIRECTION('center_axis',(1.,0.,0.));
#8664=DIRECTION('ref_axis',(0.,0.62251463663762,-0.782608156852414));
#8665=DIRECTION('',(0.,-0.62251463663762,0.782608156852414));
#8666=DIRECTION('',(0.,-0.782608156852414,-0.62251463663762));
#8667=DIRECTION('',(0.,0.62251463663762,-0.782608156852414));
#8668=DIRECTION('center_axis',(0.,-0.782608156852414,-0.62251463663762));
#8669=DIRECTION('ref_axis',(-1.,0.,0.));
#8670=DIRECTION('',(-1.,0.,0.));
#8671=DIRECTION('center_axis',(0.,0.782608156852414,0.62251463663762));
#8672=DIRECTION('ref_axis',(6.88835344345333E-18,-0.62251463663762,0.782608156852414));
#8673=DIRECTION('',(-1.30104260698261E-16,0.62251463663762,-0.782608156852414));
#8674=DIRECTION('',(-1.,0.,0.));
#8675=DIRECTION('center_axis',(-1.,0.,0.));
#8676=DIRECTION('ref_axis',(0.,0.,1.));
#8677=DIRECTION('',(-1.,0.,0.));
#8678=DIRECTION('',(1.,0.,0.));
#8679=DIRECTION('center_axis',(2.99366686888974E-17,0.61836980306974,0.785887260776946));
#8680=DIRECTION('ref_axis',(-1.,0.,0.));
#8681=DIRECTION('center_axis',(0.,-0.782608156852414,-0.62251463663762));
#8682=DIRECTION('ref_axis',(6.88835344345333E-18,-0.62251463663762,0.782608156852414));
#8683=DIRECTION('',(-2.99366686888974E-17,-0.61836980306974,-0.785887260776946));
#8684=DIRECTION('center_axis',(1.,0.,0.));
#8685=DIRECTION('ref_axis',(0.,0.,-1.));
#8686=DIRECTION('',(0.,0.642787609686537,-0.76604444311898));
#8687=DIRECTION('center_axis',(-1.,0.,0.));
#8688=DIRECTION('ref_axis',(0.,-0.997405699449614,-0.0719852117134294));
#8689=DIRECTION('',(0.,0.997405699449614,0.0719852117134258));
#8690=DIRECTION('center_axis',(1.,0.,0.));
#8691=DIRECTION('ref_axis',(0.,-0.642787609686539,0.766044443118978));
#8692=DIRECTION('center_axis',(0.,-0.642787609686537,0.76604444311898));
#8693=DIRECTION('ref_axis',(-1.,0.,0.));
#8694=DIRECTION('',(-1.,0.,0.));
#8695=DIRECTION('',(-3.46944695195361E-17,0.76604444311898,0.642787609686537));
#8696=DIRECTION('',(-1.,0.,0.));
#8697=DIRECTION('',(6.93889390390723E-17,-0.76604444311898,-0.642787609686537));
#8698=DIRECTION('center_axis',(-1.,-2.65775055824015E-17,-2.23011751318051E-17));
#8699=DIRECTION('ref_axis',(3.46944695195361E-17,-0.76604444311898,-0.642787609686537));
#8700=DIRECTION('',(0.,-0.642787609686537,0.76604444311898));
#8701=DIRECTION('',(3.46944695195361E-17,-0.76604444311898,-0.642787609686537));
#8702=DIRECTION('',(0.,-0.642787609686537,0.76604444311898));
#8703=DIRECTION('center_axis',(1.,0.,0.));
#8704=DIRECTION('ref_axis',(0.,-0.642787609686537,0.76604444311898));
#8705=DIRECTION('',(1.,0.,0.));
#8706=DIRECTION('center_axis',(1.,0.,0.));
#8707=DIRECTION('ref_axis',(0.,-0.64278760968654,0.766044443118977));
#8708=DIRECTION('',(-1.,-1.0655951930236E-16,1.47645702989509E-15));
#8709=DIRECTION('center_axis',(1.,0.,0.));
#8710=DIRECTION('ref_axis',(0.,-0.642787609686537,0.76604444311898));
#8711=DIRECTION('',(1.,1.06559519302352E-16,-1.47645702989509E-15));
#8712=DIRECTION('center_axis',(-1.,0.,0.));
#8713=DIRECTION('ref_axis',(0.,-0.997405699449613,-0.0719852117134302));
#8714=DIRECTION('center_axis',(-1.,0.,0.));
#8715=DIRECTION('ref_axis',(0.,0.,1.));
#8716=DIRECTION('center_axis',(1.,0.,0.));
#8717=DIRECTION('ref_axis',(0.,0.34202014332567,0.939692620785908));
#8718=DIRECTION('',(0.,0.342020143325672,0.939692620785907));
#8719=DIRECTION('center_axis',(-1.,0.,0.));
#8720=DIRECTION('ref_axis',(0.,-0.642787609686536,0.766044443118981));
#8721=DIRECTION('center_axis',(1.,0.,0.));
#8722=DIRECTION('ref_axis',(0.,0.342020143325672,0.939692620785907));
#8723=DIRECTION('',(1.,0.,0.));
#8724=DIRECTION('center_axis',(-1.,0.,0.));
#8725=DIRECTION('ref_axis',(0.,-0.642787609686537,0.76604444311898));
#8726=DIRECTION('',(1.,0.,0.));
#8727=DIRECTION('center_axis',(1.,5.3155011164803E-17,4.46023502636101E-17));
#8728=DIRECTION('ref_axis',(-6.93889390390723E-17,0.76604444311898,0.642787609686537));
#8729=DIRECTION('',(0.,0.642787609686537,-0.76604444311898));
#8730=DIRECTION('',(-6.93889390390723E-17,0.76604444311898,0.642787609686537));
#8731=DIRECTION('center_axis',(-1.,0.,0.));
#8732=DIRECTION('ref_axis',(0.,0.,1.));
#8733=DIRECTION('',(0.,-0.997405699449613,-0.0719852117134392));
#8734=DIRECTION('center_axis',(0.,-0.342020143325672,-0.939692620785907));
#8735=DIRECTION('ref_axis',(1.,0.,0.));
#8736=DIRECTION('',(-6.93889390390723E-17,0.939692620785907,-0.342020143325672));
#8737=DIRECTION('',(1.,0.,0.));
#8738=DIRECTION('',(3.46944695195362E-17,-0.939692620785907,0.342020143325672));
#8739=DIRECTION('center_axis',(1.,6.52042739791794E-17,-2.37324148753599E-17));
#8740=DIRECTION('ref_axis',(-6.93889390390723E-17,0.939692620785907,-0.342020143325672));
#8741=DIRECTION('',(0.,-0.342020143325672,-0.939692620785907));
#8742=DIRECTION('',(6.93889390390723E-17,-0.939692620785907,0.342020143325672));
#8743=DIRECTION('',(4.75044404470806E-33,-0.342020143325672,-0.939692620785907));
#8744=DIRECTION('center_axis',(1.,0.,0.));
#8745=DIRECTION('ref_axis',(0.,0.342020143325672,0.939692620785907));
#8746=DIRECTION('',(-1.,0.,0.));
#8747=DIRECTION('center_axis',(1.,0.,0.));
#8748=DIRECTION('ref_axis',(0.,0.342020143325671,0.939692620785908));
#8749=DIRECTION('center_axis',(0.,0.642787609686537,-0.76604444311898));
#8750=DIRECTION('ref_axis',(1.,0.,0.));
#8751=DIRECTION('center_axis',(1.,0.,0.));
#8752=DIRECTION('ref_axis',(0.,0.,-1.));
#8753=DIRECTION('center_axis',(1.,0.,0.));
#8754=DIRECTION('ref_axis',(0.,-4.44089209850064E-15,-1.));
#8755=DIRECTION('center_axis',(-1.,0.,0.));
#8756=DIRECTION('ref_axis',(0.,0.342020143325674,0.939692620785907));
#8757=DIRECTION('center_axis',(1.,0.,0.));
#8758=DIRECTION('ref_axis',(0.,-7.21644966006352E-16,-1.));
#8759=DIRECTION('',(-1.,0.,0.));
#8760=DIRECTION('center_axis',(-1.,0.,0.));
#8761=DIRECTION('ref_axis',(0.,0.342020143325673,0.939692620785907));
#8762=DIRECTION('center_axis',(-1.,-3.26021369895897E-17,1.18662074376799E-17));
#8763=DIRECTION('ref_axis',(3.46944695195362E-17,-0.939692620785907,0.342020143325672));
#8764=DIRECTION('',(-2.37522202235403E-33,0.342020143325672,0.939692620785907));
#8765=DIRECTION('',(-3.46944695195362E-17,0.939692620785907,-0.342020143325672));
#8766=DIRECTION('center_axis',(1.,0.,0.));
#8767=DIRECTION('ref_axis',(0.,0.,-1.));
#8768=DIRECTION('center_axis',(1.,0.,0.));
#8769=DIRECTION('ref_axis',(0.,-7.21644966006352E-16,-1.));
#8770=DIRECTION('center_axis',(1.,0.,0.));
#8771=DIRECTION('ref_axis',(0.,-4.44089209850065E-15,-1.));
#8772=DIRECTION('center_axis',(1.,0.,0.));
#8773=DIRECTION('ref_axis',(0.,-0.782608156852414,-0.62251463663762));
#8774=DIRECTION('center_axis',(-1.,0.,0.));
#8775=DIRECTION('ref_axis',(0.,9.99200722162642E-15,-1.));
#8776=DIRECTION('center_axis',(1.,0.,0.));
#8777=DIRECTION('ref_axis',(0.,-0.782608156852413,-0.62251463663762));
#8778=DIRECTION('center_axis',(1.,0.,0.));
#8779=DIRECTION('ref_axis',(0.,0.,-1.));
#8780=DIRECTION('center_axis',(1.,0.,0.));
#8781=DIRECTION('ref_axis',(0.,-0.782608156852413,-0.62251463663762));
#8782=DIRECTION('center_axis',(0.,0.342020143325672,0.939692620785907));
#8783=DIRECTION('ref_axis',(-1.,0.,0.));
#8784=DIRECTION('center_axis',(0.,0.782608156852414,0.62251463663762));
#8785=DIRECTION('ref_axis',(1.,0.,0.));
#8786=DIRECTION('',(1.,0.,0.));
#8787=DIRECTION('',(1.30104260698261E-16,-0.62251463663762,0.782608156852414));
#8788=DIRECTION('',(1.,0.,0.));
#8789=DIRECTION('center_axis',(-1.,0.,0.));
#8790=DIRECTION('ref_axis',(0.,0.,1.));
#8791=DIRECTION('',(0.,0.782608156852414,0.62251463663762));
#8792=DIRECTION('center_axis',(-1.,0.,0.));
#8793=DIRECTION('ref_axis',(0.,5.55111512312579E-15,-1.));
#8794=DIRECTION('center_axis',(-1.,0.,0.));
#8795=DIRECTION('ref_axis',(0.,0.,1.));
#8796=DIRECTION('center_axis',(1.,0.,0.));
#8797=DIRECTION('ref_axis',(0.,0.61836980306974,0.785887260776946));
#8798=DIRECTION('',(1.,0.,0.));
#8799=DIRECTION('center_axis',(1.,0.,0.));
#8800=DIRECTION('ref_axis',(0.,-0.782608156852414,-0.62251463663762));
#8801=DIRECTION('center_axis',(0.,0.,-1.));
#8802=DIRECTION('ref_axis',(-1.,0.,0.));
#8803=DIRECTION('',(-0.254733441806295,-0.967011309978078,0.));
#8804=DIRECTION('center_axis',(0.,0.,-1.));
#8805=DIRECTION('ref_axis',(1.,0.,0.));
#8806=DIRECTION('',(-0.254733441803237,0.967011309978884,0.));
#8807=DIRECTION('center_axis',(-1.,0.,0.));
#8808=DIRECTION('ref_axis',(0.,0.,1.));
#8809=DIRECTION('center_axis',(-1.,-8.09918065735838E-17,1.01820655663712E-16));
#8810=DIRECTION('ref_axis',(1.30104260698261E-16,-0.62251463663762,0.782608156852414));
#8811=DIRECTION('center_axis',(-2.05596856412067E-15,0.0719852117134373,
-0.997405699449613));
#8812=DIRECTION('ref_axis',(-1.,-1.47999332364398E-16,2.05063476374319E-15));
#8813=DIRECTION('center_axis',(0.,0.,1.));
#8814=DIRECTION('ref_axis',(1.,0.,0.));
#8815=DIRECTION('',(0.,0.,1.));
#8816=DIRECTION('',(0.,0.,1.));
#8817=DIRECTION('center_axis',(0.,0.785887260776946,-0.61836980306974));
#8818=DIRECTION('ref_axis',(-1.,0.,0.));
#8819=DIRECTION('center_axis',(0.967011309978884,0.254733441803237,0.));
#8820=DIRECTION('ref_axis',(-0.254733441803237,0.967011309978884,0.));
#8821=DIRECTION('center_axis',(1.,0.,0.));
#8822=DIRECTION('ref_axis',(0.,0.,-1.));
#8823=DIRECTION('center_axis',(-0.967011309978078,0.254733441806295,0.));
#8824=DIRECTION('ref_axis',(-0.254733441806295,-0.967011309978078,0.));
#8825=DIRECTION('center_axis',(0.,0.,-1.));
#8826=DIRECTION('ref_axis',(-0.991718536173164,-0.128430311883752,0.));
#8827=DIRECTION('center_axis',(0.,0.,1.));
#8828=DIRECTION('ref_axis',(-0.991718536173164,-0.128430311883752,0.));
#8829=DIRECTION('',(0.,0.,1.));
#8830=DIRECTION('center_axis',(0.,0.,-1.));
#8831=DIRECTION('ref_axis',(-0.991718536173164,-0.128430311883752,0.));
#8832=DIRECTION('',(0.,0.,-1.));
#8833=DIRECTION('center_axis',(1.,1.82602471155453E-16,0.));
#8834=DIRECTION('ref_axis',(-1.82602471155453E-16,1.,0.));
#8835=DIRECTION('',(1.82602471155453E-16,-1.,0.));
#8836=DIRECTION('',(0.,0.,1.));
#8837=DIRECTION('',(-1.12915854128446E-16,0.61836980306974,0.785887260776946));
#8838=DIRECTION('',(-1.82602471155453E-16,1.,0.));
#8839=DIRECTION('center_axis',(0.,0.,1.));
#8840=DIRECTION('ref_axis',(1.,0.,0.));
#8841=DIRECTION('',(0.254733441803237,-0.967011309978884,0.));
#8842=DIRECTION('center_axis',(0.,0.,1.));
#8843=DIRECTION('ref_axis',(1.,0.,0.));
#8844=DIRECTION('',(0.254733441806295,0.967011309978078,0.));
#8845=DIRECTION('center_axis',(0.,0.,-1.));
#8846=DIRECTION('ref_axis',(0.991718536172938,-0.128430311885494,0.));
#8847=DIRECTION('',(3.43310906019368E-13,1.,0.));
#8848=DIRECTION('',(1.,0.,0.));
#8849=DIRECTION('center_axis',(0.,0.,1.));
#8850=DIRECTION('ref_axis',(0.991718536172938,-0.128430311885494,0.));
#8851=DIRECTION('',(0.,0.,-1.));
#8852=DIRECTION('center_axis',(0.,0.,1.));
#8853=DIRECTION('ref_axis',(0.991718536172938,-0.128430311885494,0.));
#8854=DIRECTION('',(0.,0.,1.));
#8855=DIRECTION('center_axis',(-1.,3.43310906019368E-13,0.));
#8856=DIRECTION('ref_axis',(-3.43310906019368E-13,-1.,0.));
#8857=DIRECTION('',(-3.43310906019368E-13,-1.,0.));
#8858=DIRECTION('',(-2.12293097346891E-13,-0.61836980306974,-0.785887260776946));
#8859=DIRECTION('',(0.,0.,-1.));
#8860=DIRECTION('center_axis',(0.,6.99374767375487E-16,1.));
#8861=DIRECTION('ref_axis',(1.,0.,0.));
#8862=DIRECTION('center_axis',(0.,7.21644966006352E-16,1.));
#8863=DIRECTION('ref_axis',(1.,0.,0.));
#8864=DIRECTION('',(0.,-6.99374767375487E-16,-1.));
#8865=DIRECTION('center_axis',(0.,-7.21644966006352E-16,-1.));
#8866=DIRECTION('ref_axis',(1.,0.,0.));
#8867=DIRECTION('',(0.,6.99374767375487E-16,1.));
#8868=DIRECTION('center_axis',(-1.,3.46944695195362E-17,-2.46519032881566E-32));
#8869=DIRECTION('ref_axis',(3.46944695195362E-17,1.,-7.21644966006352E-16));
#8870=DIRECTION('',(-3.46944695195362E-17,-1.,7.21644966006352E-16));
#8871=DIRECTION('',(-2.37522202235403E-33,-7.79003849454793E-16,-1.));
#8872=DIRECTION('',(3.46944695195362E-17,1.,-7.21644966006352E-16));
#8873=DIRECTION('center_axis',(0.,7.21644966006352E-16,1.));
#8874=DIRECTION('ref_axis',(0.707106781186547,0.707106781186548,0.));
#8875=DIRECTION('center_axis',(0.,-7.21644966006352E-16,-1.));
#8876=DIRECTION('ref_axis',(0.707106781186547,0.707106781186548,0.));
#8877=DIRECTION('',(0.,-7.21644966006352E-16,-1.));
#8878=DIRECTION('center_axis',(0.,7.21644966006352E-16,1.));
#8879=DIRECTION('ref_axis',(0.707106781186547,0.707106781186548,0.));
#8880=DIRECTION('center_axis',(1.,0.,0.));
#8881=DIRECTION('ref_axis',(0.,1.,-7.21644966006352E-16));
#8882=DIRECTION('',(0.,1.,-7.21644966006352E-16));
#8883=DIRECTION('',(0.,-6.66133814775094E-16,-1.));
#8884=DIRECTION('',(0.,-1.,7.21644966006352E-16));
#8885=DIRECTION('center_axis',(0.,7.21644966006352E-16,1.));
#8886=DIRECTION('ref_axis',(1.,0.,0.));
#8887=DIRECTION('',(1.,0.,0.));
#8888=DIRECTION('',(-6.93889390390723E-17,-1.,7.21644966006352E-16));
#8889=DIRECTION('center_axis',(0.,7.21644966006352E-16,1.));
#8890=DIRECTION('ref_axis',(-1.,0.,0.));
#8891=DIRECTION('center_axis',(0.,-7.21644966006352E-16,-1.));
#8892=DIRECTION('ref_axis',(-0.707106781186547,0.707106781186548,0.));
#8893=DIRECTION('',(1.30104260698261E-16,-1.,7.21644966006352E-16));
#8894=DIRECTION('',(1.,0.,0.));
#8895=DIRECTION('center_axis',(0.,-6.99374767375041E-16,-1.));
#8896=DIRECTION('ref_axis',(-1.,0.,0.));
#8897=DIRECTION('center_axis',(0.,-7.21644966006352E-16,-1.));
#8898=DIRECTION('ref_axis',(-1.,0.,0.));
#8899=DIRECTION('',(0.,6.99374767375041E-16,1.));
#8900=DIRECTION('',(0.,-6.99374767375041E-16,-1.));
#8901=DIRECTION('center_axis',(1.,-6.93889390390723E-17,4.93038065763132E-32));
#8902=DIRECTION('ref_axis',(-6.93889390390723E-17,-1.,7.21644966006352E-16));
#8903=DIRECTION('',(4.75044404470806E-33,7.79003849454793E-16,1.));
#8904=DIRECTION('',(6.93889390390723E-17,1.,-7.21644966006352E-16));
#8905=DIRECTION('center_axis',(7.60742328032958E-33,-7.21644966006352E-16,
-1.));
#8906=DIRECTION('ref_axis',(-0.707106781186547,0.707106781186548,0.));
#8907=DIRECTION('center_axis',(0.,7.21644966006352E-16,1.));
#8908=DIRECTION('ref_axis',(-0.707106781186547,0.707106781186548,0.));
#8909=DIRECTION('',(-7.60742328032958E-33,7.21644966006352E-16,1.));
#8910=DIRECTION('center_axis',(-1.,-1.30104260698261E-16,8.62816615085482E-32));
#8911=DIRECTION('ref_axis',(1.30104260698261E-16,-1.,7.21644966006352E-16));
#8912=DIRECTION('',(-1.30104260698261E-16,1.,-7.21644966006352E-16));
#8913=DIRECTION('',(0.,6.66133814775094E-16,1.));
#8914=DIRECTION('center_axis',(0.,-7.21644966006352E-16,-1.));
#8915=DIRECTION('ref_axis',(-1.,0.,0.));
#8916=DIRECTION('',(-1.,0.,0.));
#8917=DIRECTION('',(-1.,0.,0.));
#8918=DIRECTION('center_axis',(0.,0.61836980306974,0.785887260776946));
#8919=DIRECTION('ref_axis',(0.707106781186547,0.555706211343499,-0.437253481031603));
#8920=DIRECTION('center_axis',(0.,-0.61836980306974,-0.785887260776946));
#8921=DIRECTION('ref_axis',(0.,0.785887260776946,-0.61836980306974));
#8922=DIRECTION('',(0.,0.61836980306974,0.785887260776946));
#8923=DIRECTION('',(0.,-0.61836980306974,-0.785887260776946));
#8924=DIRECTION('center_axis',(1.12915854128446E-16,-0.61836980306974,-0.785887260776946));
#8925=DIRECTION('ref_axis',(0.,0.785887260776946,-0.61836980306974));
#8926=DIRECTION('center_axis',(0.,0.,-1.));
#8927=DIRECTION('ref_axis',(-6.98237544808583E-17,1.,0.));
#8928=DIRECTION('',(1.12915854128446E-16,-0.61836980306974,-0.785887260776946));
#8929=DIRECTION('center_axis',(0.,0.785887260776946,-0.61836980306974));
#8930=DIRECTION('ref_axis',(-1.,0.,0.));
#8931=DIRECTION('',(1.,0.,0.));
#8932=DIRECTION('',(2.99366686888974E-17,0.61836980306974,0.785887260776946));
#8933=DIRECTION('',(-1.,0.,0.));
#8934=DIRECTION('center_axis',(0.,0.61836980306974,0.785887260776946));
#8935=DIRECTION('ref_axis',(-0.707106781186547,0.555706211343499,-0.437253481031603));
#8936=DIRECTION('center_axis',(8.77174577295335E-17,-0.61836980306974,-0.785887260776946));
#8937=DIRECTION('ref_axis',(-1.,-8.67361737988404E-17,-4.33680868994202E-17));
#8938=DIRECTION('',(0.,0.61836980306974,0.785887260776946));
#8939=DIRECTION('',(0.,-0.61836980306974,-0.785887260776946));
#8940=DIRECTION('center_axis',(-2.12293097346891E-13,-0.61836980306974,
-0.785887260776946));
#8941=DIRECTION('ref_axis',(-1.,3.4330177589581E-13,0.));
#8942=DIRECTION('',(2.12293097346891E-13,0.61836980306974,0.785887260776946));
#8943=DIRECTION('center_axis',(0.,0.,-1.));
#8944=DIRECTION('ref_axis',(3.43305267083534E-13,1.,0.));
#8945=DIRECTION('center_axis',(-1.,0.,0.));
#8946=DIRECTION('ref_axis',(0.,0.,1.));
#8947=DIRECTION('center_axis',(-1.,0.,0.));
#8948=DIRECTION('ref_axis',(0.,0.,1.));
#8949=DIRECTION('center_axis',(0.,-0.61836980306974,-0.785887260776946));
#8950=DIRECTION('ref_axis',(1.,0.,0.));
#8951=DIRECTION('',(0.,-0.61836980306974,-0.785887260776946));
#8952=DIRECTION('center_axis',(0.,0.782608156852414,0.62251463663762));
#8953=DIRECTION('ref_axis',(0.,-0.62251463663762,0.782608156852414));
#8954=DIRECTION('',(0.,0.61836980306974,0.785887260776946));
#8955=DIRECTION('center_axis',(0.,-0.782608156852414,-0.62251463663762));
#8956=DIRECTION('ref_axis',(0.,-0.62251463663762,0.782608156852414));
#8957=DIRECTION('center_axis',(1.,0.,0.));
#8958=DIRECTION('ref_axis',(0.,0.62251463663762,-0.782608156852414));
#8959=DIRECTION('',(0.,-0.62251463663762,0.782608156852414));
#8960=DIRECTION('',(0.,-0.782608156852414,-0.62251463663762));
#8961=DIRECTION('',(0.,0.62251463663762,-0.782608156852414));
#8962=DIRECTION('center_axis',(0.,-0.782608156852414,-0.62251463663762));
#8963=DIRECTION('ref_axis',(-1.,0.,0.));
#8964=DIRECTION('',(-1.,0.,0.));
#8965=DIRECTION('center_axis',(0.,0.782608156852414,0.62251463663762));
#8966=DIRECTION('ref_axis',(6.88835344345333E-18,-0.62251463663762,0.782608156852414));
#8967=DIRECTION('',(-1.30104260698261E-16,0.62251463663762,-0.782608156852414));
#8968=DIRECTION('',(-1.,0.,0.));
#8969=DIRECTION('center_axis',(-1.,0.,0.));
#8970=DIRECTION('ref_axis',(0.,0.,1.));
#8971=DIRECTION('',(-1.,0.,0.));
#8972=DIRECTION('',(1.,0.,0.));
#8973=DIRECTION('center_axis',(2.99366686888974E-17,0.61836980306974,0.785887260776946));
#8974=DIRECTION('ref_axis',(-1.,0.,0.));
#8975=DIRECTION('center_axis',(0.,-0.782608156852414,-0.62251463663762));
#8976=DIRECTION('ref_axis',(6.88835344345333E-18,-0.62251463663762,0.782608156852414));
#8977=DIRECTION('',(-2.99366686888974E-17,-0.61836980306974,-0.785887260776946));
#8978=DIRECTION('center_axis',(1.,0.,0.));
#8979=DIRECTION('ref_axis',(0.,0.,-1.));
#8980=DIRECTION('',(0.,0.642787609686537,-0.76604444311898));
#8981=DIRECTION('center_axis',(-1.,0.,0.));
#8982=DIRECTION('ref_axis',(0.,-0.997405699449614,-0.0719852117134294));
#8983=DIRECTION('',(0.,0.997405699449614,0.0719852117134258));
#8984=DIRECTION('center_axis',(1.,0.,0.));
#8985=DIRECTION('ref_axis',(0.,-0.642787609686539,0.766044443118978));
#8986=DIRECTION('center_axis',(0.,-0.642787609686537,0.76604444311898));
#8987=DIRECTION('ref_axis',(-1.,0.,0.));
#8988=DIRECTION('',(-1.,0.,0.));
#8989=DIRECTION('',(-3.46944695195361E-17,0.76604444311898,0.642787609686537));
#8990=DIRECTION('',(-1.,0.,0.));
#8991=DIRECTION('',(6.93889390390723E-17,-0.76604444311898,-0.642787609686537));
#8992=DIRECTION('center_axis',(-1.,-2.65775055824015E-17,-2.23011751318051E-17));
#8993=DIRECTION('ref_axis',(3.46944695195361E-17,-0.76604444311898,-0.642787609686537));
#8994=DIRECTION('',(0.,-0.642787609686537,0.76604444311898));
#8995=DIRECTION('',(3.46944695195361E-17,-0.76604444311898,-0.642787609686537));
#8996=DIRECTION('',(0.,-0.642787609686537,0.76604444311898));
#8997=DIRECTION('center_axis',(1.,0.,0.));
#8998=DIRECTION('ref_axis',(0.,-0.642787609686537,0.76604444311898));
#8999=DIRECTION('',(1.,0.,0.));
#9000=DIRECTION('center_axis',(1.,0.,0.));
#9001=DIRECTION('ref_axis',(0.,-0.64278760968654,0.766044443118977));
#9002=DIRECTION('',(-1.,-1.0655951930236E-16,1.47645702989509E-15));
#9003=DIRECTION('center_axis',(1.,0.,0.));
#9004=DIRECTION('ref_axis',(0.,-0.642787609686537,0.76604444311898));
#9005=DIRECTION('',(1.,1.06559519302352E-16,-1.47645702989509E-15));
#9006=DIRECTION('center_axis',(-1.,0.,0.));
#9007=DIRECTION('ref_axis',(0.,-0.997405699449613,-0.0719852117134302));
#9008=DIRECTION('center_axis',(-1.,0.,0.));
#9009=DIRECTION('ref_axis',(0.,0.,1.));
#9010=DIRECTION('center_axis',(1.,0.,0.));
#9011=DIRECTION('ref_axis',(0.,0.34202014332567,0.939692620785908));
#9012=DIRECTION('',(0.,0.342020143325672,0.939692620785907));
#9013=DIRECTION('center_axis',(-1.,0.,0.));
#9014=DIRECTION('ref_axis',(0.,-0.642787609686536,0.766044443118981));
#9015=DIRECTION('center_axis',(1.,0.,0.));
#9016=DIRECTION('ref_axis',(0.,0.342020143325672,0.939692620785907));
#9017=DIRECTION('',(1.,0.,0.));
#9018=DIRECTION('center_axis',(-1.,0.,0.));
#9019=DIRECTION('ref_axis',(0.,-0.642787609686537,0.76604444311898));
#9020=DIRECTION('',(1.,0.,0.));
#9021=DIRECTION('center_axis',(1.,5.3155011164803E-17,4.46023502636101E-17));
#9022=DIRECTION('ref_axis',(-6.93889390390723E-17,0.76604444311898,0.642787609686537));
#9023=DIRECTION('',(0.,0.642787609686537,-0.76604444311898));
#9024=DIRECTION('',(-6.93889390390723E-17,0.76604444311898,0.642787609686537));
#9025=DIRECTION('center_axis',(-1.,0.,0.));
#9026=DIRECTION('ref_axis',(0.,0.,1.));
#9027=DIRECTION('',(0.,-0.997405699449613,-0.0719852117134392));
#9028=DIRECTION('center_axis',(0.,-0.342020143325672,-0.939692620785907));
#9029=DIRECTION('ref_axis',(1.,0.,0.));
#9030=DIRECTION('',(-6.93889390390723E-17,0.939692620785907,-0.342020143325672));
#9031=DIRECTION('',(1.,0.,0.));
#9032=DIRECTION('',(3.46944695195362E-17,-0.939692620785907,0.342020143325672));
#9033=DIRECTION('center_axis',(1.,6.52042739791794E-17,-2.37324148753599E-17));
#9034=DIRECTION('ref_axis',(-6.93889390390723E-17,0.939692620785907,-0.342020143325672));
#9035=DIRECTION('',(0.,-0.342020143325672,-0.939692620785907));
#9036=DIRECTION('',(6.93889390390723E-17,-0.939692620785907,0.342020143325672));
#9037=DIRECTION('',(4.75044404470806E-33,-0.342020143325672,-0.939692620785907));
#9038=DIRECTION('center_axis',(1.,0.,0.));
#9039=DIRECTION('ref_axis',(0.,0.342020143325672,0.939692620785907));
#9040=DIRECTION('',(-1.,0.,0.));
#9041=DIRECTION('center_axis',(1.,0.,0.));
#9042=DIRECTION('ref_axis',(0.,0.342020143325671,0.939692620785908));
#9043=DIRECTION('center_axis',(0.,0.642787609686537,-0.76604444311898));
#9044=DIRECTION('ref_axis',(1.,0.,0.));
#9045=DIRECTION('center_axis',(1.,0.,0.));
#9046=DIRECTION('ref_axis',(0.,0.,-1.));
#9047=DIRECTION('center_axis',(1.,0.,0.));
#9048=DIRECTION('ref_axis',(0.,-4.44089209850064E-15,-1.));
#9049=DIRECTION('center_axis',(-1.,0.,0.));
#9050=DIRECTION('ref_axis',(0.,0.342020143325674,0.939692620785907));
#9051=DIRECTION('center_axis',(1.,0.,0.));
#9052=DIRECTION('ref_axis',(0.,-7.21644966006352E-16,-1.));
#9053=DIRECTION('',(-1.,0.,0.));
#9054=DIRECTION('center_axis',(-1.,0.,0.));
#9055=DIRECTION('ref_axis',(0.,0.342020143325673,0.939692620785907));
#9056=DIRECTION('center_axis',(-1.,-3.26021369895897E-17,1.18662074376799E-17));
#9057=DIRECTION('ref_axis',(3.46944695195362E-17,-0.939692620785907,0.342020143325672));
#9058=DIRECTION('',(-2.37522202235403E-33,0.342020143325672,0.939692620785907));
#9059=DIRECTION('',(-3.46944695195362E-17,0.939692620785907,-0.342020143325672));
#9060=DIRECTION('center_axis',(1.,0.,0.));
#9061=DIRECTION('ref_axis',(0.,0.,-1.));
#9062=DIRECTION('center_axis',(1.,0.,0.));
#9063=DIRECTION('ref_axis',(0.,-7.21644966006352E-16,-1.));
#9064=DIRECTION('center_axis',(1.,0.,0.));
#9065=DIRECTION('ref_axis',(0.,-4.44089209850065E-15,-1.));
#9066=DIRECTION('center_axis',(1.,0.,0.));
#9067=DIRECTION('ref_axis',(0.,-0.782608156852414,-0.62251463663762));
#9068=DIRECTION('center_axis',(-1.,0.,0.));
#9069=DIRECTION('ref_axis',(0.,9.99200722162642E-15,-1.));
#9070=DIRECTION('center_axis',(1.,0.,0.));
#9071=DIRECTION('ref_axis',(0.,-0.782608156852413,-0.62251463663762));
#9072=DIRECTION('center_axis',(1.,0.,0.));
#9073=DIRECTION('ref_axis',(0.,0.,-1.));
#9074=DIRECTION('center_axis',(1.,0.,0.));
#9075=DIRECTION('ref_axis',(0.,-0.782608156852413,-0.62251463663762));
#9076=DIRECTION('center_axis',(0.,0.342020143325672,0.939692620785907));
#9077=DIRECTION('ref_axis',(-1.,0.,0.));
#9078=DIRECTION('center_axis',(0.,0.782608156852414,0.62251463663762));
#9079=DIRECTION('ref_axis',(1.,0.,0.));
#9080=DIRECTION('',(1.,0.,0.));
#9081=DIRECTION('',(1.30104260698261E-16,-0.62251463663762,0.782608156852414));
#9082=DIRECTION('',(1.,0.,0.));
#9083=DIRECTION('center_axis',(-1.,0.,0.));
#9084=DIRECTION('ref_axis',(0.,0.,1.));
#9085=DIRECTION('',(0.,0.782608156852414,0.62251463663762));
#9086=DIRECTION('center_axis',(-1.,0.,0.));
#9087=DIRECTION('ref_axis',(0.,5.55111512312579E-15,-1.));
#9088=DIRECTION('center_axis',(-1.,0.,0.));
#9089=DIRECTION('ref_axis',(0.,0.,1.));
#9090=DIRECTION('center_axis',(1.,0.,0.));
#9091=DIRECTION('ref_axis',(0.,0.61836980306974,0.785887260776946));
#9092=DIRECTION('',(1.,0.,0.));
#9093=DIRECTION('center_axis',(1.,0.,0.));
#9094=DIRECTION('ref_axis',(0.,-0.782608156852414,-0.62251463663762));
#9095=DIRECTION('center_axis',(0.,0.,-1.));
#9096=DIRECTION('ref_axis',(-1.,0.,0.));
#9097=DIRECTION('',(-0.254733441806295,-0.967011309978078,0.));
#9098=DIRECTION('center_axis',(0.,0.,-1.));
#9099=DIRECTION('ref_axis',(1.,0.,0.));
#9100=DIRECTION('',(-0.254733441803237,0.967011309978884,0.));
#9101=DIRECTION('center_axis',(-1.,0.,0.));
#9102=DIRECTION('ref_axis',(0.,0.,1.));
#9103=DIRECTION('center_axis',(-1.,-8.09918065735838E-17,1.01820655663712E-16));
#9104=DIRECTION('ref_axis',(1.30104260698261E-16,-0.62251463663762,0.782608156852414));
#9105=DIRECTION('center_axis',(-2.05596856412067E-15,0.0719852117134373,
-0.997405699449613));
#9106=DIRECTION('ref_axis',(-1.,-1.47999332364398E-16,2.05063476374319E-15));
#9107=DIRECTION('center_axis',(0.,0.,1.));
#9108=DIRECTION('ref_axis',(1.,0.,0.));
#9109=DIRECTION('',(0.,0.,1.));
#9110=DIRECTION('',(0.,0.,1.));
#9111=DIRECTION('center_axis',(0.,0.785887260776946,-0.61836980306974));
#9112=DIRECTION('ref_axis',(-1.,0.,0.));
#9113=DIRECTION('center_axis',(0.967011309978884,0.254733441803237,0.));
#9114=DIRECTION('ref_axis',(-0.254733441803237,0.967011309978884,0.));
#9115=DIRECTION('center_axis',(1.,0.,0.));
#9116=DIRECTION('ref_axis',(0.,0.,-1.));
#9117=DIRECTION('center_axis',(-0.967011309978078,0.254733441806295,0.));
#9118=DIRECTION('ref_axis',(-0.254733441806295,-0.967011309978078,0.));
#9119=DIRECTION('center_axis',(0.,0.,-1.));
#9120=DIRECTION('ref_axis',(-0.991718536173164,-0.128430311883752,0.));
#9121=DIRECTION('center_axis',(0.,0.,1.));
#9122=DIRECTION('ref_axis',(-0.991718536173164,-0.128430311883752,0.));
#9123=DIRECTION('',(0.,0.,1.));
#9124=DIRECTION('center_axis',(0.,0.,-1.));
#9125=DIRECTION('ref_axis',(-0.991718536173164,-0.128430311883752,0.));
#9126=DIRECTION('',(0.,0.,-1.));
#9127=DIRECTION('center_axis',(1.,1.82602471155453E-16,0.));
#9128=DIRECTION('ref_axis',(-1.82602471155453E-16,1.,0.));
#9129=DIRECTION('',(1.82602471155453E-16,-1.,0.));
#9130=DIRECTION('',(0.,0.,1.));
#9131=DIRECTION('',(-1.12915854128446E-16,0.61836980306974,0.785887260776946));
#9132=DIRECTION('',(-1.82602471155453E-16,1.,0.));
#9133=DIRECTION('center_axis',(0.,0.,1.));
#9134=DIRECTION('ref_axis',(1.,0.,0.));
#9135=DIRECTION('',(0.254733441803237,-0.967011309978884,0.));
#9136=DIRECTION('center_axis',(0.,0.,1.));
#9137=DIRECTION('ref_axis',(1.,0.,0.));
#9138=DIRECTION('',(0.254733441806295,0.967011309978078,0.));
#9139=DIRECTION('center_axis',(0.,0.,-1.));
#9140=DIRECTION('ref_axis',(0.991718536172938,-0.128430311885494,0.));
#9141=DIRECTION('',(3.43310906019368E-13,1.,0.));
#9142=DIRECTION('',(1.,0.,0.));
#9143=DIRECTION('center_axis',(0.,0.,1.));
#9144=DIRECTION('ref_axis',(0.991718536172938,-0.128430311885494,0.));
#9145=DIRECTION('',(0.,0.,-1.));
#9146=DIRECTION('center_axis',(0.,0.,1.));
#9147=DIRECTION('ref_axis',(0.991718536172938,-0.128430311885494,0.));
#9148=DIRECTION('',(0.,0.,1.));
#9149=DIRECTION('center_axis',(-1.,3.43310906019368E-13,0.));
#9150=DIRECTION('ref_axis',(-3.43310906019368E-13,-1.,0.));
#9151=DIRECTION('',(-3.43310906019368E-13,-1.,0.));
#9152=DIRECTION('',(-2.12293097346891E-13,-0.61836980306974,-0.785887260776946));
#9153=DIRECTION('',(0.,0.,-1.));
#9154=DIRECTION('center_axis',(0.,6.99374767375487E-16,1.));
#9155=DIRECTION('ref_axis',(1.,0.,0.));
#9156=DIRECTION('center_axis',(0.,7.21644966006352E-16,1.));
#9157=DIRECTION('ref_axis',(1.,0.,0.));
#9158=DIRECTION('',(0.,-6.99374767375487E-16,-1.));
#9159=DIRECTION('center_axis',(0.,-7.21644966006352E-16,-1.));
#9160=DIRECTION('ref_axis',(1.,0.,0.));
#9161=DIRECTION('',(0.,6.99374767375487E-16,1.));
#9162=DIRECTION('center_axis',(-1.,3.46944695195362E-17,-2.46519032881566E-32));
#9163=DIRECTION('ref_axis',(3.46944695195362E-17,1.,-7.21644966006352E-16));
#9164=DIRECTION('',(-3.46944695195362E-17,-1.,7.21644966006352E-16));
#9165=DIRECTION('',(-2.37522202235403E-33,-7.79003849454793E-16,-1.));
#9166=DIRECTION('',(3.46944695195362E-17,1.,-7.21644966006352E-16));
#9167=DIRECTION('center_axis',(0.,7.21644966006352E-16,1.));
#9168=DIRECTION('ref_axis',(0.707106781186547,0.707106781186548,0.));
#9169=DIRECTION('center_axis',(0.,-7.21644966006352E-16,-1.));
#9170=DIRECTION('ref_axis',(0.707106781186547,0.707106781186548,0.));
#9171=DIRECTION('',(0.,-7.21644966006352E-16,-1.));
#9172=DIRECTION('center_axis',(0.,7.21644966006352E-16,1.));
#9173=DIRECTION('ref_axis',(0.707106781186547,0.707106781186548,0.));
#9174=DIRECTION('center_axis',(1.,0.,0.));
#9175=DIRECTION('ref_axis',(0.,1.,-7.21644966006352E-16));
#9176=DIRECTION('',(0.,1.,-7.21644966006352E-16));
#9177=DIRECTION('',(0.,-6.66133814775094E-16,-1.));
#9178=DIRECTION('',(0.,-1.,7.21644966006352E-16));
#9179=DIRECTION('center_axis',(0.,7.21644966006352E-16,1.));
#9180=DIRECTION('ref_axis',(1.,0.,0.));
#9181=DIRECTION('',(1.,0.,0.));
#9182=DIRECTION('',(-6.93889390390723E-17,-1.,7.21644966006352E-16));
#9183=DIRECTION('center_axis',(0.,7.21644966006352E-16,1.));
#9184=DIRECTION('ref_axis',(-1.,0.,0.));
#9185=DIRECTION('center_axis',(0.,-7.21644966006352E-16,-1.));
#9186=DIRECTION('ref_axis',(-0.707106781186547,0.707106781186548,0.));
#9187=DIRECTION('',(1.30104260698261E-16,-1.,7.21644966006352E-16));
#9188=DIRECTION('',(1.,0.,0.));
#9189=DIRECTION('center_axis',(0.,-6.99374767375041E-16,-1.));
#9190=DIRECTION('ref_axis',(-1.,0.,0.));
#9191=DIRECTION('center_axis',(0.,-7.21644966006352E-16,-1.));
#9192=DIRECTION('ref_axis',(-1.,0.,0.));
#9193=DIRECTION('',(0.,6.99374767375041E-16,1.));
#9194=DIRECTION('',(0.,-6.99374767375041E-16,-1.));
#9195=DIRECTION('center_axis',(1.,-6.93889390390723E-17,4.93038065763132E-32));
#9196=DIRECTION('ref_axis',(-6.93889390390723E-17,-1.,7.21644966006352E-16));
#9197=DIRECTION('',(4.75044404470806E-33,7.79003849454793E-16,1.));
#9198=DIRECTION('',(6.93889390390723E-17,1.,-7.21644966006352E-16));
#9199=DIRECTION('center_axis',(7.60742328032958E-33,-7.21644966006352E-16,
-1.));
#9200=DIRECTION('ref_axis',(-0.707106781186547,0.707106781186548,0.));
#9201=DIRECTION('center_axis',(0.,7.21644966006352E-16,1.));
#9202=DIRECTION('ref_axis',(-0.707106781186547,0.707106781186548,0.));
#9203=DIRECTION('',(-7.60742328032958E-33,7.21644966006352E-16,1.));
#9204=DIRECTION('center_axis',(-1.,-1.30104260698261E-16,8.62816615085482E-32));
#9205=DIRECTION('ref_axis',(1.30104260698261E-16,-1.,7.21644966006352E-16));
#9206=DIRECTION('',(-1.30104260698261E-16,1.,-7.21644966006352E-16));
#9207=DIRECTION('',(0.,6.66133814775094E-16,1.));
#9208=DIRECTION('center_axis',(0.,-7.21644966006352E-16,-1.));
#9209=DIRECTION('ref_axis',(-1.,0.,0.));
#9210=DIRECTION('',(-1.,0.,0.));
#9211=DIRECTION('',(-1.,0.,0.));
#9212=DIRECTION('center_axis',(0.,0.61836980306974,0.785887260776946));
#9213=DIRECTION('ref_axis',(0.707106781186547,0.555706211343499,-0.437253481031603));
#9214=DIRECTION('center_axis',(0.,-0.61836980306974,-0.785887260776946));
#9215=DIRECTION('ref_axis',(0.,0.785887260776946,-0.61836980306974));
#9216=DIRECTION('',(0.,0.61836980306974,0.785887260776946));
#9217=DIRECTION('',(0.,-0.61836980306974,-0.785887260776946));
#9218=DIRECTION('center_axis',(1.12915854128446E-16,-0.61836980306974,-0.785887260776946));
#9219=DIRECTION('ref_axis',(0.,0.785887260776946,-0.61836980306974));
#9220=DIRECTION('center_axis',(0.,0.,-1.));
#9221=DIRECTION('ref_axis',(-6.98237544808583E-17,1.,0.));
#9222=DIRECTION('',(1.12915854128446E-16,-0.61836980306974,-0.785887260776946));
#9223=DIRECTION('center_axis',(0.,0.785887260776946,-0.61836980306974));
#9224=DIRECTION('ref_axis',(-1.,0.,0.));
#9225=DIRECTION('',(1.,0.,0.));
#9226=DIRECTION('',(2.99366686888974E-17,0.61836980306974,0.785887260776946));
#9227=DIRECTION('',(-1.,0.,0.));
#9228=DIRECTION('center_axis',(0.,0.61836980306974,0.785887260776946));
#9229=DIRECTION('ref_axis',(-0.707106781186547,0.555706211343499,-0.437253481031603));
#9230=DIRECTION('center_axis',(8.77174577295335E-17,-0.61836980306974,-0.785887260776946));
#9231=DIRECTION('ref_axis',(-1.,-8.67361737988404E-17,-4.33680868994202E-17));
#9232=DIRECTION('',(0.,0.61836980306974,0.785887260776946));
#9233=DIRECTION('',(0.,-0.61836980306974,-0.785887260776946));
#9234=DIRECTION('center_axis',(-2.12293097346891E-13,-0.61836980306974,
-0.785887260776946));
#9235=DIRECTION('ref_axis',(-1.,3.4330177589581E-13,0.));
#9236=DIRECTION('',(2.12293097346891E-13,0.61836980306974,0.785887260776946));
#9237=DIRECTION('center_axis',(0.,0.,-1.));
#9238=DIRECTION('ref_axis',(3.43305267083534E-13,1.,0.));
#9239=DIRECTION('center_axis',(-1.,0.,0.));
#9240=DIRECTION('ref_axis',(0.,0.,1.));
#9241=DIRECTION('center_axis',(-1.,0.,0.));
#9242=DIRECTION('ref_axis',(0.,0.,1.));
#9243=DIRECTION('center_axis',(0.,-0.61836980306974,-0.785887260776946));
#9244=DIRECTION('ref_axis',(1.,0.,0.));
#9245=DIRECTION('',(0.,-0.61836980306974,-0.785887260776946));
#9246=DIRECTION('center_axis',(0.,0.782608156852414,0.62251463663762));
#9247=DIRECTION('ref_axis',(0.,-0.62251463663762,0.782608156852414));
#9248=DIRECTION('',(0.,0.61836980306974,0.785887260776946));
#9249=DIRECTION('center_axis',(0.,-0.782608156852414,-0.62251463663762));
#9250=DIRECTION('ref_axis',(0.,-0.62251463663762,0.782608156852414));
#9251=DIRECTION('center_axis',(1.,0.,0.));
#9252=DIRECTION('ref_axis',(0.,0.62251463663762,-0.782608156852414));
#9253=DIRECTION('',(0.,-0.62251463663762,0.782608156852414));
#9254=DIRECTION('',(0.,-0.782608156852414,-0.62251463663762));
#9255=DIRECTION('',(0.,0.62251463663762,-0.782608156852414));
#9256=DIRECTION('center_axis',(0.,-0.782608156852414,-0.62251463663762));
#9257=DIRECTION('ref_axis',(-1.,0.,0.));
#9258=DIRECTION('',(-1.,0.,0.));
#9259=DIRECTION('center_axis',(0.,0.782608156852414,0.62251463663762));
#9260=DIRECTION('ref_axis',(6.88835344345333E-18,-0.62251463663762,0.782608156852414));
#9261=DIRECTION('',(-1.30104260698261E-16,0.62251463663762,-0.782608156852414));
#9262=DIRECTION('',(-1.,0.,0.));
#9263=DIRECTION('center_axis',(-1.,0.,0.));
#9264=DIRECTION('ref_axis',(0.,0.,1.));
#9265=DIRECTION('',(-1.,0.,0.));
#9266=DIRECTION('',(1.,0.,0.));
#9267=DIRECTION('center_axis',(2.99366686888974E-17,0.61836980306974,0.785887260776946));
#9268=DIRECTION('ref_axis',(-1.,0.,0.));
#9269=DIRECTION('center_axis',(0.,-0.782608156852414,-0.62251463663762));
#9270=DIRECTION('ref_axis',(6.88835344345333E-18,-0.62251463663762,0.782608156852414));
#9271=DIRECTION('',(-2.99366686888974E-17,-0.61836980306974,-0.785887260776946));
#9272=DIRECTION('center_axis',(1.,0.,0.));
#9273=DIRECTION('ref_axis',(0.,0.,-1.));
#9274=DIRECTION('',(0.,0.642787609686537,-0.76604444311898));
#9275=DIRECTION('center_axis',(-1.,0.,0.));
#9276=DIRECTION('ref_axis',(0.,-0.997405699449614,-0.0719852117134294));
#9277=DIRECTION('',(0.,0.997405699449614,0.0719852117134258));
#9278=DIRECTION('center_axis',(1.,0.,0.));
#9279=DIRECTION('ref_axis',(0.,-0.642787609686539,0.766044443118978));
#9280=DIRECTION('center_axis',(0.,-0.642787609686537,0.76604444311898));
#9281=DIRECTION('ref_axis',(-1.,0.,0.));
#9282=DIRECTION('',(-1.,0.,0.));
#9283=DIRECTION('',(-3.46944695195361E-17,0.76604444311898,0.642787609686537));
#9284=DIRECTION('',(-1.,0.,0.));
#9285=DIRECTION('',(6.93889390390723E-17,-0.76604444311898,-0.642787609686537));
#9286=DIRECTION('center_axis',(-1.,-2.65775055824015E-17,-2.23011751318051E-17));
#9287=DIRECTION('ref_axis',(3.46944695195361E-17,-0.76604444311898,-0.642787609686537));
#9288=DIRECTION('',(0.,-0.642787609686537,0.76604444311898));
#9289=DIRECTION('',(3.46944695195361E-17,-0.76604444311898,-0.642787609686537));
#9290=DIRECTION('',(0.,-0.642787609686537,0.76604444311898));
#9291=DIRECTION('center_axis',(1.,0.,0.));
#9292=DIRECTION('ref_axis',(0.,-0.642787609686537,0.76604444311898));
#9293=DIRECTION('',(1.,0.,0.));
#9294=DIRECTION('center_axis',(1.,0.,0.));
#9295=DIRECTION('ref_axis',(0.,-0.64278760968654,0.766044443118977));
#9296=DIRECTION('',(-1.,-1.0655951930236E-16,1.47645702989509E-15));
#9297=DIRECTION('center_axis',(1.,0.,0.));
#9298=DIRECTION('ref_axis',(0.,-0.642787609686537,0.76604444311898));
#9299=DIRECTION('',(1.,1.06559519302352E-16,-1.47645702989509E-15));
#9300=DIRECTION('center_axis',(-1.,0.,0.));
#9301=DIRECTION('ref_axis',(0.,-0.997405699449613,-0.0719852117134302));
#9302=DIRECTION('center_axis',(-1.,0.,0.));
#9303=DIRECTION('ref_axis',(0.,0.,1.));
#9304=DIRECTION('center_axis',(1.,0.,0.));
#9305=DIRECTION('ref_axis',(0.,0.34202014332567,0.939692620785908));
#9306=DIRECTION('',(0.,0.342020143325672,0.939692620785907));
#9307=DIRECTION('center_axis',(-1.,0.,0.));
#9308=DIRECTION('ref_axis',(0.,-0.642787609686536,0.766044443118981));
#9309=DIRECTION('center_axis',(1.,0.,0.));
#9310=DIRECTION('ref_axis',(0.,0.342020143325672,0.939692620785907));
#9311=DIRECTION('',(1.,0.,0.));
#9312=DIRECTION('center_axis',(-1.,0.,0.));
#9313=DIRECTION('ref_axis',(0.,-0.642787609686537,0.76604444311898));
#9314=DIRECTION('',(1.,0.,0.));
#9315=DIRECTION('center_axis',(1.,5.3155011164803E-17,4.46023502636101E-17));
#9316=DIRECTION('ref_axis',(-6.93889390390723E-17,0.76604444311898,0.642787609686537));
#9317=DIRECTION('',(0.,0.642787609686537,-0.76604444311898));
#9318=DIRECTION('',(-6.93889390390723E-17,0.76604444311898,0.642787609686537));
#9319=DIRECTION('center_axis',(-1.,0.,0.));
#9320=DIRECTION('ref_axis',(0.,0.,1.));
#9321=DIRECTION('',(0.,-0.997405699449613,-0.0719852117134392));
#9322=DIRECTION('center_axis',(0.,-0.342020143325672,-0.939692620785907));
#9323=DIRECTION('ref_axis',(1.,0.,0.));
#9324=DIRECTION('',(-6.93889390390723E-17,0.939692620785907,-0.342020143325672));
#9325=DIRECTION('',(1.,0.,0.));
#9326=DIRECTION('',(3.46944695195362E-17,-0.939692620785907,0.342020143325672));
#9327=DIRECTION('center_axis',(1.,6.52042739791794E-17,-2.37324148753599E-17));
#9328=DIRECTION('ref_axis',(-6.93889390390723E-17,0.939692620785907,-0.342020143325672));
#9329=DIRECTION('',(0.,-0.342020143325672,-0.939692620785907));
#9330=DIRECTION('',(6.93889390390723E-17,-0.939692620785907,0.342020143325672));
#9331=DIRECTION('',(4.75044404470806E-33,-0.342020143325672,-0.939692620785907));
#9332=DIRECTION('center_axis',(1.,0.,0.));
#9333=DIRECTION('ref_axis',(0.,0.342020143325672,0.939692620785907));
#9334=DIRECTION('',(-1.,0.,0.));
#9335=DIRECTION('center_axis',(1.,0.,0.));
#9336=DIRECTION('ref_axis',(0.,0.342020143325671,0.939692620785908));
#9337=DIRECTION('center_axis',(0.,0.642787609686537,-0.76604444311898));
#9338=DIRECTION('ref_axis',(1.,0.,0.));
#9339=DIRECTION('center_axis',(1.,0.,0.));
#9340=DIRECTION('ref_axis',(0.,0.,-1.));
#9341=DIRECTION('center_axis',(1.,0.,0.));
#9342=DIRECTION('ref_axis',(0.,-4.44089209850064E-15,-1.));
#9343=DIRECTION('center_axis',(-1.,0.,0.));
#9344=DIRECTION('ref_axis',(0.,0.342020143325674,0.939692620785907));
#9345=DIRECTION('center_axis',(1.,0.,0.));
#9346=DIRECTION('ref_axis',(0.,-7.21644966006352E-16,-1.));
#9347=DIRECTION('',(-1.,0.,0.));
#9348=DIRECTION('center_axis',(-1.,0.,0.));
#9349=DIRECTION('ref_axis',(0.,0.342020143325673,0.939692620785907));
#9350=DIRECTION('center_axis',(-1.,-3.26021369895897E-17,1.18662074376799E-17));
#9351=DIRECTION('ref_axis',(3.46944695195362E-17,-0.939692620785907,0.342020143325672));
#9352=DIRECTION('',(-2.37522202235403E-33,0.342020143325672,0.939692620785907));
#9353=DIRECTION('',(-3.46944695195362E-17,0.939692620785907,-0.342020143325672));
#9354=DIRECTION('center_axis',(1.,0.,0.));
#9355=DIRECTION('ref_axis',(0.,0.,-1.));
#9356=DIRECTION('center_axis',(1.,0.,0.));
#9357=DIRECTION('ref_axis',(0.,-7.21644966006352E-16,-1.));
#9358=DIRECTION('center_axis',(1.,0.,0.));
#9359=DIRECTION('ref_axis',(0.,-4.44089209850065E-15,-1.));
#9360=DIRECTION('center_axis',(1.,0.,0.));
#9361=DIRECTION('ref_axis',(0.,-0.782608156852414,-0.62251463663762));
#9362=DIRECTION('center_axis',(-1.,0.,0.));
#9363=DIRECTION('ref_axis',(0.,9.99200722162642E-15,-1.));
#9364=DIRECTION('center_axis',(1.,0.,0.));
#9365=DIRECTION('ref_axis',(0.,-0.782608156852413,-0.62251463663762));
#9366=DIRECTION('center_axis',(1.,0.,0.));
#9367=DIRECTION('ref_axis',(0.,0.,-1.));
#9368=DIRECTION('center_axis',(1.,0.,0.));
#9369=DIRECTION('ref_axis',(0.,-0.782608156852413,-0.62251463663762));
#9370=DIRECTION('center_axis',(0.,0.342020143325672,0.939692620785907));
#9371=DIRECTION('ref_axis',(-1.,0.,0.));
#9372=DIRECTION('center_axis',(0.,0.782608156852414,0.62251463663762));
#9373=DIRECTION('ref_axis',(1.,0.,0.));
#9374=DIRECTION('',(1.,0.,0.));
#9375=DIRECTION('',(1.30104260698261E-16,-0.62251463663762,0.782608156852414));
#9376=DIRECTION('',(1.,0.,0.));
#9377=DIRECTION('center_axis',(-1.,0.,0.));
#9378=DIRECTION('ref_axis',(0.,0.,1.));
#9379=DIRECTION('',(0.,0.782608156852414,0.62251463663762));
#9380=DIRECTION('center_axis',(-1.,0.,0.));
#9381=DIRECTION('ref_axis',(0.,5.55111512312579E-15,-1.));
#9382=DIRECTION('center_axis',(-1.,0.,0.));
#9383=DIRECTION('ref_axis',(0.,0.,1.));
#9384=DIRECTION('center_axis',(1.,0.,0.));
#9385=DIRECTION('ref_axis',(0.,0.61836980306974,0.785887260776946));
#9386=DIRECTION('',(1.,0.,0.));
#9387=DIRECTION('center_axis',(1.,0.,0.));
#9388=DIRECTION('ref_axis',(0.,-0.782608156852414,-0.62251463663762));
#9389=DIRECTION('center_axis',(0.,0.,-1.));
#9390=DIRECTION('ref_axis',(-1.,0.,0.));
#9391=DIRECTION('',(-0.254733441806295,-0.967011309978078,0.));
#9392=DIRECTION('center_axis',(0.,0.,-1.));
#9393=DIRECTION('ref_axis',(1.,0.,0.));
#9394=DIRECTION('',(-0.254733441803237,0.967011309978884,0.));
#9395=DIRECTION('center_axis',(-1.,0.,0.));
#9396=DIRECTION('ref_axis',(0.,0.,1.));
#9397=DIRECTION('center_axis',(-1.,-8.09918065735838E-17,1.01820655663712E-16));
#9398=DIRECTION('ref_axis',(1.30104260698261E-16,-0.62251463663762,0.782608156852414));
#9399=DIRECTION('center_axis',(-2.05596856412067E-15,0.0719852117134373,
-0.997405699449613));
#9400=DIRECTION('ref_axis',(-1.,-1.47999332364398E-16,2.05063476374319E-15));
#9401=DIRECTION('center_axis',(0.,0.,1.));
#9402=DIRECTION('ref_axis',(1.,0.,0.));
#9403=DIRECTION('',(0.,0.,1.));
#9404=DIRECTION('',(0.,0.,1.));
#9405=DIRECTION('center_axis',(0.,0.785887260776946,-0.61836980306974));
#9406=DIRECTION('ref_axis',(-1.,0.,0.));
#9407=DIRECTION('center_axis',(0.967011309978884,0.254733441803237,0.));
#9408=DIRECTION('ref_axis',(-0.254733441803237,0.967011309978884,0.));
#9409=DIRECTION('center_axis',(1.,0.,0.));
#9410=DIRECTION('ref_axis',(0.,0.,-1.));
#9411=DIRECTION('center_axis',(-0.967011309978078,0.254733441806295,0.));
#9412=DIRECTION('ref_axis',(-0.254733441806295,-0.967011309978078,0.));
#9413=DIRECTION('center_axis',(0.,0.,-1.));
#9414=DIRECTION('ref_axis',(-0.991718536173164,-0.128430311883752,0.));
#9415=DIRECTION('center_axis',(0.,0.,1.));
#9416=DIRECTION('ref_axis',(-0.991718536173164,-0.128430311883752,0.));
#9417=DIRECTION('',(0.,0.,1.));
#9418=DIRECTION('center_axis',(0.,0.,-1.));
#9419=DIRECTION('ref_axis',(-0.991718536173164,-0.128430311883752,0.));
#9420=DIRECTION('',(0.,0.,-1.));
#9421=DIRECTION('center_axis',(1.,1.82602471155453E-16,0.));
#9422=DIRECTION('ref_axis',(-1.82602471155453E-16,1.,0.));
#9423=DIRECTION('',(1.82602471155453E-16,-1.,0.));
#9424=DIRECTION('',(0.,0.,1.));
#9425=DIRECTION('',(-1.12915854128446E-16,0.61836980306974,0.785887260776946));
#9426=DIRECTION('',(-1.82602471155453E-16,1.,0.));
#9427=DIRECTION('center_axis',(0.,0.,1.));
#9428=DIRECTION('ref_axis',(1.,0.,0.));
#9429=DIRECTION('',(0.254733441803237,-0.967011309978884,0.));
#9430=DIRECTION('center_axis',(0.,0.,1.));
#9431=DIRECTION('ref_axis',(1.,0.,0.));
#9432=DIRECTION('',(0.254733441806295,0.967011309978078,0.));
#9433=DIRECTION('center_axis',(0.,0.,-1.));
#9434=DIRECTION('ref_axis',(0.991718536172938,-0.128430311885494,0.));
#9435=DIRECTION('',(3.43310906019368E-13,1.,0.));
#9436=DIRECTION('',(1.,0.,0.));
#9437=DIRECTION('center_axis',(0.,0.,1.));
#9438=DIRECTION('ref_axis',(0.991718536172938,-0.128430311885494,0.));
#9439=DIRECTION('',(0.,0.,-1.));
#9440=DIRECTION('center_axis',(0.,0.,1.));
#9441=DIRECTION('ref_axis',(0.991718536172938,-0.128430311885494,0.));
#9442=DIRECTION('',(0.,0.,1.));
#9443=DIRECTION('center_axis',(-1.,3.43310906019368E-13,0.));
#9444=DIRECTION('ref_axis',(-3.43310906019368E-13,-1.,0.));
#9445=DIRECTION('',(-3.43310906019368E-13,-1.,0.));
#9446=DIRECTION('',(-2.12293097346891E-13,-0.61836980306974,-0.785887260776946));
#9447=DIRECTION('',(0.,0.,-1.));
#9448=DIRECTION('center_axis',(0.,6.99374767375487E-16,1.));
#9449=DIRECTION('ref_axis',(1.,0.,0.));
#9450=DIRECTION('center_axis',(0.,7.21644966006352E-16,1.));
#9451=DIRECTION('ref_axis',(1.,0.,0.));
#9452=DIRECTION('',(0.,-6.99374767375487E-16,-1.));
#9453=DIRECTION('center_axis',(0.,-7.21644966006352E-16,-1.));
#9454=DIRECTION('ref_axis',(1.,0.,0.));
#9455=DIRECTION('',(0.,6.99374767375487E-16,1.));
#9456=DIRECTION('center_axis',(-1.,3.46944695195362E-17,-2.46519032881566E-32));
#9457=DIRECTION('ref_axis',(3.46944695195362E-17,1.,-7.21644966006352E-16));
#9458=DIRECTION('',(-3.46944695195362E-17,-1.,7.21644966006352E-16));
#9459=DIRECTION('',(-2.37522202235403E-33,-7.79003849454793E-16,-1.));
#9460=DIRECTION('',(3.46944695195362E-17,1.,-7.21644966006352E-16));
#9461=DIRECTION('center_axis',(0.,7.21644966006352E-16,1.));
#9462=DIRECTION('ref_axis',(0.707106781186547,0.707106781186548,0.));
#9463=DIRECTION('center_axis',(0.,-7.21644966006352E-16,-1.));
#9464=DIRECTION('ref_axis',(0.707106781186547,0.707106781186548,0.));
#9465=DIRECTION('',(0.,-7.21644966006352E-16,-1.));
#9466=DIRECTION('center_axis',(0.,7.21644966006352E-16,1.));
#9467=DIRECTION('ref_axis',(0.707106781186547,0.707106781186548,0.));
#9468=DIRECTION('center_axis',(1.,0.,0.));
#9469=DIRECTION('ref_axis',(0.,1.,-7.21644966006352E-16));
#9470=DIRECTION('',(0.,1.,-7.21644966006352E-16));
#9471=DIRECTION('',(0.,-6.66133814775094E-16,-1.));
#9472=DIRECTION('',(0.,-1.,7.21644966006352E-16));
#9473=DIRECTION('center_axis',(0.,7.21644966006352E-16,1.));
#9474=DIRECTION('ref_axis',(1.,0.,0.));
#9475=DIRECTION('',(1.,0.,0.));
#9476=DIRECTION('',(-6.93889390390723E-17,-1.,7.21644966006352E-16));
#9477=DIRECTION('center_axis',(0.,7.21644966006352E-16,1.));
#9478=DIRECTION('ref_axis',(-1.,0.,0.));
#9479=DIRECTION('center_axis',(0.,-7.21644966006352E-16,-1.));
#9480=DIRECTION('ref_axis',(-0.707106781186547,0.707106781186548,0.));
#9481=DIRECTION('',(1.30104260698261E-16,-1.,7.21644966006352E-16));
#9482=DIRECTION('',(1.,0.,0.));
#9483=DIRECTION('center_axis',(0.,-6.99374767375041E-16,-1.));
#9484=DIRECTION('ref_axis',(-1.,0.,0.));
#9485=DIRECTION('center_axis',(0.,-7.21644966006352E-16,-1.));
#9486=DIRECTION('ref_axis',(-1.,0.,0.));
#9487=DIRECTION('',(0.,6.99374767375041E-16,1.));
#9488=DIRECTION('',(0.,-6.99374767375041E-16,-1.));
#9489=DIRECTION('center_axis',(1.,-6.93889390390723E-17,4.93038065763132E-32));
#9490=DIRECTION('ref_axis',(-6.93889390390723E-17,-1.,7.21644966006352E-16));
#9491=DIRECTION('',(4.75044404470806E-33,7.79003849454793E-16,1.));
#9492=DIRECTION('',(6.93889390390723E-17,1.,-7.21644966006352E-16));
#9493=DIRECTION('center_axis',(7.60742328032958E-33,-7.21644966006352E-16,
-1.));
#9494=DIRECTION('ref_axis',(-0.707106781186547,0.707106781186548,0.));
#9495=DIRECTION('center_axis',(0.,7.21644966006352E-16,1.));
#9496=DIRECTION('ref_axis',(-0.707106781186547,0.707106781186548,0.));
#9497=DIRECTION('',(-7.60742328032958E-33,7.21644966006352E-16,1.));
#9498=DIRECTION('center_axis',(-1.,-1.30104260698261E-16,8.62816615085482E-32));
#9499=DIRECTION('ref_axis',(1.30104260698261E-16,-1.,7.21644966006352E-16));
#9500=DIRECTION('',(-1.30104260698261E-16,1.,-7.21644966006352E-16));
#9501=DIRECTION('',(0.,6.66133814775094E-16,1.));
#9502=DIRECTION('center_axis',(0.,-7.21644966006352E-16,-1.));
#9503=DIRECTION('ref_axis',(-1.,0.,0.));
#9504=DIRECTION('',(-1.,0.,0.));
#9505=DIRECTION('',(-1.,0.,0.));
#9506=DIRECTION('center_axis',(0.,0.61836980306974,0.785887260776946));
#9507=DIRECTION('ref_axis',(0.707106781186547,0.555706211343499,-0.437253481031603));
#9508=DIRECTION('center_axis',(0.,-0.61836980306974,-0.785887260776946));
#9509=DIRECTION('ref_axis',(0.,0.785887260776946,-0.61836980306974));
#9510=DIRECTION('',(0.,0.61836980306974,0.785887260776946));
#9511=DIRECTION('',(0.,-0.61836980306974,-0.785887260776946));
#9512=DIRECTION('center_axis',(1.12915854128446E-16,-0.61836980306974,-0.785887260776946));
#9513=DIRECTION('ref_axis',(0.,0.785887260776946,-0.61836980306974));
#9514=DIRECTION('center_axis',(0.,0.,-1.));
#9515=DIRECTION('ref_axis',(-6.98237544808583E-17,1.,0.));
#9516=DIRECTION('',(1.12915854128446E-16,-0.61836980306974,-0.785887260776946));
#9517=DIRECTION('center_axis',(0.,0.785887260776946,-0.61836980306974));
#9518=DIRECTION('ref_axis',(-1.,0.,0.));
#9519=DIRECTION('',(1.,0.,0.));
#9520=DIRECTION('',(2.99366686888974E-17,0.61836980306974,0.785887260776946));
#9521=DIRECTION('',(-1.,0.,0.));
#9522=DIRECTION('center_axis',(0.,0.61836980306974,0.785887260776946));
#9523=DIRECTION('ref_axis',(-0.707106781186547,0.555706211343499,-0.437253481031603));
#9524=DIRECTION('center_axis',(8.77174577295335E-17,-0.61836980306974,-0.785887260776946));
#9525=DIRECTION('ref_axis',(-1.,-8.67361737988404E-17,-4.33680868994202E-17));
#9526=DIRECTION('',(0.,0.61836980306974,0.785887260776946));
#9527=DIRECTION('',(0.,-0.61836980306974,-0.785887260776946));
#9528=DIRECTION('center_axis',(-2.12293097346891E-13,-0.61836980306974,
-0.785887260776946));
#9529=DIRECTION('ref_axis',(-1.,3.4330177589581E-13,0.));
#9530=DIRECTION('',(2.12293097346891E-13,0.61836980306974,0.785887260776946));
#9531=DIRECTION('center_axis',(0.,0.,-1.));
#9532=DIRECTION('ref_axis',(3.43305267083534E-13,1.,0.));
#9533=DIRECTION('center_axis',(-1.,0.,0.));
#9534=DIRECTION('ref_axis',(0.,0.,1.));
#9535=DIRECTION('center_axis',(-1.,0.,0.));
#9536=DIRECTION('ref_axis',(0.,0.,1.));
#9537=DIRECTION('center_axis',(0.,-0.61836980306974,-0.785887260776946));
#9538=DIRECTION('ref_axis',(1.,0.,0.));
#9539=DIRECTION('',(0.,-0.61836980306974,-0.785887260776946));
#9540=DIRECTION('center_axis',(0.,0.782608156852414,0.62251463663762));
#9541=DIRECTION('ref_axis',(0.,-0.62251463663762,0.782608156852414));
#9542=DIRECTION('',(0.,0.61836980306974,0.785887260776946));
#9543=DIRECTION('center_axis',(0.,-0.782608156852414,-0.62251463663762));
#9544=DIRECTION('ref_axis',(0.,-0.62251463663762,0.782608156852414));
#9545=DIRECTION('center_axis',(1.,0.,0.));
#9546=DIRECTION('ref_axis',(0.,0.62251463663762,-0.782608156852414));
#9547=DIRECTION('',(0.,-0.62251463663762,0.782608156852414));
#9548=DIRECTION('',(0.,-0.782608156852414,-0.62251463663762));
#9549=DIRECTION('',(0.,0.62251463663762,-0.782608156852414));
#9550=DIRECTION('center_axis',(0.,-0.782608156852414,-0.62251463663762));
#9551=DIRECTION('ref_axis',(-1.,0.,0.));
#9552=DIRECTION('',(-1.,0.,0.));
#9553=DIRECTION('center_axis',(0.,0.782608156852414,0.62251463663762));
#9554=DIRECTION('ref_axis',(6.88835344345333E-18,-0.62251463663762,0.782608156852414));
#9555=DIRECTION('',(-1.30104260698261E-16,0.62251463663762,-0.782608156852414));
#9556=DIRECTION('',(-1.,0.,0.));
#9557=DIRECTION('center_axis',(-1.,0.,0.));
#9558=DIRECTION('ref_axis',(0.,0.,1.));
#9559=DIRECTION('',(-1.,0.,0.));
#9560=DIRECTION('',(1.,0.,0.));
#9561=DIRECTION('center_axis',(2.99366686888974E-17,0.61836980306974,0.785887260776946));
#9562=DIRECTION('ref_axis',(-1.,0.,0.));
#9563=DIRECTION('center_axis',(0.,-0.782608156852414,-0.62251463663762));
#9564=DIRECTION('ref_axis',(6.88835344345333E-18,-0.62251463663762,0.782608156852414));
#9565=DIRECTION('',(-2.99366686888974E-17,-0.61836980306974,-0.785887260776946));
#9566=DIRECTION('center_axis',(1.,0.,0.));
#9567=DIRECTION('ref_axis',(0.,0.,-1.));
#9568=DIRECTION('',(0.,0.642787609686537,-0.76604444311898));
#9569=DIRECTION('center_axis',(-1.,0.,0.));
#9570=DIRECTION('ref_axis',(0.,-0.997405699449614,-0.0719852117134294));
#9571=DIRECTION('',(0.,0.997405699449614,0.0719852117134258));
#9572=DIRECTION('center_axis',(1.,0.,0.));
#9573=DIRECTION('ref_axis',(0.,-0.642787609686539,0.766044443118978));
#9574=DIRECTION('center_axis',(0.,-0.642787609686537,0.76604444311898));
#9575=DIRECTION('ref_axis',(-1.,0.,0.));
#9576=DIRECTION('',(-1.,0.,0.));
#9577=DIRECTION('',(-3.46944695195361E-17,0.76604444311898,0.642787609686537));
#9578=DIRECTION('',(-1.,0.,0.));
#9579=DIRECTION('',(6.93889390390723E-17,-0.76604444311898,-0.642787609686537));
#9580=DIRECTION('center_axis',(-1.,-2.65775055824015E-17,-2.23011751318051E-17));
#9581=DIRECTION('ref_axis',(3.46944695195361E-17,-0.76604444311898,-0.642787609686537));
#9582=DIRECTION('',(0.,-0.642787609686537,0.76604444311898));
#9583=DIRECTION('',(3.46944695195361E-17,-0.76604444311898,-0.642787609686537));
#9584=DIRECTION('',(0.,-0.642787609686537,0.76604444311898));
#9585=DIRECTION('center_axis',(1.,0.,0.));
#9586=DIRECTION('ref_axis',(0.,-0.642787609686537,0.76604444311898));
#9587=DIRECTION('',(1.,0.,0.));
#9588=DIRECTION('center_axis',(1.,0.,0.));
#9589=DIRECTION('ref_axis',(0.,-0.64278760968654,0.766044443118977));
#9590=DIRECTION('',(-1.,-1.0655951930236E-16,1.47645702989509E-15));
#9591=DIRECTION('center_axis',(1.,0.,0.));
#9592=DIRECTION('ref_axis',(0.,-0.642787609686537,0.76604444311898));
#9593=DIRECTION('',(1.,1.06559519302352E-16,-1.47645702989509E-15));
#9594=DIRECTION('center_axis',(-1.,0.,0.));
#9595=DIRECTION('ref_axis',(0.,-0.997405699449613,-0.0719852117134302));
#9596=DIRECTION('center_axis',(-1.,0.,0.));
#9597=DIRECTION('ref_axis',(0.,0.,1.));
#9598=DIRECTION('center_axis',(1.,0.,0.));
#9599=DIRECTION('ref_axis',(0.,0.34202014332567,0.939692620785908));
#9600=DIRECTION('',(0.,0.342020143325672,0.939692620785907));
#9601=DIRECTION('center_axis',(-1.,0.,0.));
#9602=DIRECTION('ref_axis',(0.,-0.642787609686536,0.766044443118981));
#9603=DIRECTION('center_axis',(1.,0.,0.));
#9604=DIRECTION('ref_axis',(0.,0.342020143325672,0.939692620785907));
#9605=DIRECTION('',(1.,0.,0.));
#9606=DIRECTION('center_axis',(-1.,0.,0.));
#9607=DIRECTION('ref_axis',(0.,-0.642787609686537,0.76604444311898));
#9608=DIRECTION('',(1.,0.,0.));
#9609=DIRECTION('center_axis',(1.,5.3155011164803E-17,4.46023502636101E-17));
#9610=DIRECTION('ref_axis',(-6.93889390390723E-17,0.76604444311898,0.642787609686537));
#9611=DIRECTION('',(0.,0.642787609686537,-0.76604444311898));
#9612=DIRECTION('',(-6.93889390390723E-17,0.76604444311898,0.642787609686537));
#9613=DIRECTION('center_axis',(-1.,0.,0.));
#9614=DIRECTION('ref_axis',(0.,0.,1.));
#9615=DIRECTION('',(0.,-0.997405699449613,-0.0719852117134392));
#9616=DIRECTION('center_axis',(0.,-0.342020143325672,-0.939692620785907));
#9617=DIRECTION('ref_axis',(1.,0.,0.));
#9618=DIRECTION('',(-6.93889390390723E-17,0.939692620785907,-0.342020143325672));
#9619=DIRECTION('',(1.,0.,0.));
#9620=DIRECTION('',(3.46944695195362E-17,-0.939692620785907,0.342020143325672));
#9621=DIRECTION('center_axis',(1.,6.52042739791794E-17,-2.37324148753599E-17));
#9622=DIRECTION('ref_axis',(-6.93889390390723E-17,0.939692620785907,-0.342020143325672));
#9623=DIRECTION('',(0.,-0.342020143325672,-0.939692620785907));
#9624=DIRECTION('',(6.93889390390723E-17,-0.939692620785907,0.342020143325672));
#9625=DIRECTION('',(4.75044404470806E-33,-0.342020143325672,-0.939692620785907));
#9626=DIRECTION('center_axis',(1.,0.,0.));
#9627=DIRECTION('ref_axis',(0.,0.342020143325672,0.939692620785907));
#9628=DIRECTION('',(-1.,0.,0.));
#9629=DIRECTION('center_axis',(1.,0.,0.));
#9630=DIRECTION('ref_axis',(0.,0.342020143325671,0.939692620785908));
#9631=DIRECTION('center_axis',(0.,0.642787609686537,-0.76604444311898));
#9632=DIRECTION('ref_axis',(1.,0.,0.));
#9633=DIRECTION('center_axis',(1.,0.,0.));
#9634=DIRECTION('ref_axis',(0.,0.,-1.));
#9635=DIRECTION('center_axis',(1.,0.,0.));
#9636=DIRECTION('ref_axis',(0.,-4.44089209850064E-15,-1.));
#9637=DIRECTION('center_axis',(-1.,0.,0.));
#9638=DIRECTION('ref_axis',(0.,0.342020143325674,0.939692620785907));
#9639=DIRECTION('center_axis',(1.,0.,0.));
#9640=DIRECTION('ref_axis',(0.,-7.21644966006352E-16,-1.));
#9641=DIRECTION('',(-1.,0.,0.));
#9642=DIRECTION('center_axis',(-1.,0.,0.));
#9643=DIRECTION('ref_axis',(0.,0.342020143325673,0.939692620785907));
#9644=DIRECTION('center_axis',(-1.,-3.26021369895897E-17,1.18662074376799E-17));
#9645=DIRECTION('ref_axis',(3.46944695195362E-17,-0.939692620785907,0.342020143325672));
#9646=DIRECTION('',(-2.37522202235403E-33,0.342020143325672,0.939692620785907));
#9647=DIRECTION('',(-3.46944695195362E-17,0.939692620785907,-0.342020143325672));
#9648=DIRECTION('center_axis',(1.,0.,0.));
#9649=DIRECTION('ref_axis',(0.,0.,-1.));
#9650=DIRECTION('center_axis',(1.,0.,0.));
#9651=DIRECTION('ref_axis',(0.,-7.21644966006352E-16,-1.));
#9652=DIRECTION('center_axis',(1.,0.,0.));
#9653=DIRECTION('ref_axis',(0.,-4.44089209850065E-15,-1.));
#9654=DIRECTION('center_axis',(1.,0.,0.));
#9655=DIRECTION('ref_axis',(0.,-0.782608156852414,-0.62251463663762));
#9656=DIRECTION('center_axis',(-1.,0.,0.));
#9657=DIRECTION('ref_axis',(0.,9.99200722162642E-15,-1.));
#9658=DIRECTION('center_axis',(1.,0.,0.));
#9659=DIRECTION('ref_axis',(0.,-0.782608156852413,-0.62251463663762));
#9660=DIRECTION('center_axis',(1.,0.,0.));
#9661=DIRECTION('ref_axis',(0.,0.,-1.));
#9662=DIRECTION('center_axis',(1.,0.,0.));
#9663=DIRECTION('ref_axis',(0.,-0.782608156852413,-0.62251463663762));
#9664=DIRECTION('center_axis',(0.,0.342020143325672,0.939692620785907));
#9665=DIRECTION('ref_axis',(-1.,0.,0.));
#9666=DIRECTION('center_axis',(0.,0.782608156852414,0.62251463663762));
#9667=DIRECTION('ref_axis',(1.,0.,0.));
#9668=DIRECTION('',(1.,0.,0.));
#9669=DIRECTION('',(1.30104260698261E-16,-0.62251463663762,0.782608156852414));
#9670=DIRECTION('',(1.,0.,0.));
#9671=DIRECTION('center_axis',(-1.,0.,0.));
#9672=DIRECTION('ref_axis',(0.,0.,1.));
#9673=DIRECTION('',(0.,0.782608156852414,0.62251463663762));
#9674=DIRECTION('center_axis',(-1.,0.,0.));
#9675=DIRECTION('ref_axis',(0.,5.55111512312579E-15,-1.));
#9676=DIRECTION('center_axis',(-1.,0.,0.));
#9677=DIRECTION('ref_axis',(0.,0.,1.));
#9678=DIRECTION('center_axis',(1.,0.,0.));
#9679=DIRECTION('ref_axis',(0.,0.61836980306974,0.785887260776946));
#9680=DIRECTION('',(1.,0.,0.));
#9681=DIRECTION('center_axis',(1.,0.,0.));
#9682=DIRECTION('ref_axis',(0.,-0.782608156852414,-0.62251463663762));
#9683=DIRECTION('center_axis',(0.,0.,-1.));
#9684=DIRECTION('ref_axis',(-1.,0.,0.));
#9685=DIRECTION('',(-0.254733441806295,-0.967011309978078,0.));
#9686=DIRECTION('center_axis',(0.,0.,-1.));
#9687=DIRECTION('ref_axis',(1.,0.,0.));
#9688=DIRECTION('',(-0.254733441803237,0.967011309978884,0.));
#9689=DIRECTION('center_axis',(-1.,0.,0.));
#9690=DIRECTION('ref_axis',(0.,0.,1.));
#9691=DIRECTION('center_axis',(-1.,-8.09918065735838E-17,1.01820655663712E-16));
#9692=DIRECTION('ref_axis',(1.30104260698261E-16,-0.62251463663762,0.782608156852414));
#9693=DIRECTION('center_axis',(-2.05596856412067E-15,0.0719852117134373,
-0.997405699449613));
#9694=DIRECTION('ref_axis',(-1.,-1.47999332364398E-16,2.05063476374319E-15));
#9695=DIRECTION('center_axis',(0.,0.,1.));
#9696=DIRECTION('ref_axis',(1.,0.,0.));
#9697=DIRECTION('',(0.,0.,1.));
#9698=DIRECTION('',(0.,0.,1.));
#9699=DIRECTION('center_axis',(0.,0.785887260776946,-0.61836980306974));
#9700=DIRECTION('ref_axis',(-1.,0.,0.));
#9701=DIRECTION('center_axis',(0.967011309978884,0.254733441803237,0.));
#9702=DIRECTION('ref_axis',(-0.254733441803237,0.967011309978884,0.));
#9703=DIRECTION('center_axis',(1.,0.,0.));
#9704=DIRECTION('ref_axis',(0.,0.,-1.));
#9705=DIRECTION('center_axis',(-0.967011309978078,0.254733441806295,0.));
#9706=DIRECTION('ref_axis',(-0.254733441806295,-0.967011309978078,0.));
#9707=DIRECTION('axis',(0.,0.,1.));
#9708=DIRECTION('refdir',(1.,0.,0.));
#9709=DIRECTION('center_axis',(0.,0.,-1.));
#9710=DIRECTION('ref_axis',(0.707106781186547,0.707106781186547,0.));
#9711=DIRECTION('center_axis',(0.900271431792644,0.,0.435329012469905));
#9712=DIRECTION('ref_axis',(0.435329012469905,0.,-0.900271431792644));
#9713=DIRECTION('',(0.,0.,1.));
#9714=DIRECTION('',(0.,0.,1.));
#9715=DIRECTION('center_axis',(0.707106781186552,0.,-0.707106781186543));
#9716=DIRECTION('ref_axis',(0.707106781186543,0.,0.707106781186552));
#9717=DIRECTION('',(0.,0.,-1.));
#9718=DIRECTION('center_axis',(0.707106781186552,0.,0.707106781186543));
#9719=DIRECTION('ref_axis',(0.707106781186543,0.,-0.707106781186552));
#9720=DIRECTION('center_axis',(0.,0.,1.));
#9721=DIRECTION('ref_axis',(-0.707106781186547,0.707106781186547,0.));
#9722=DIRECTION('',(0.,0.,1.));
#9723=DIRECTION('center_axis',(0.707106781186547,0.,0.707106781186548));
#9724=DIRECTION('ref_axis',(-0.707106781186548,0.,0.707106781186547));
#9725=DIRECTION('center_axis',(-0.0287925798969411,7.32738226461608E-14,
0.999585407728063));
#9726=DIRECTION('ref_axis',(-2.46716227694488E-14,1.,-7.40148683083464E-14));
#9727=DIRECTION('center_axis',(0.,1.,0.));
#9728=DIRECTION('ref_axis',(0.646276518848063,0.,0.763103309641381));
#9729=DIRECTION('center_axis',(-0.763103309641512,-2.07526258696544E-13,
0.646276518847909));
#9730=DIRECTION('ref_axis',(0.646276518847908,0.,0.763103309641512));
#9731=DIRECTION('center_axis',(0.,1.,0.));
#9732=DIRECTION('ref_axis',(-1.,0.,0.));
#9733=DIRECTION('',(0.783828546714322,0.,-0.62097730180395));
#9734=DIRECTION('center_axis',(1.,0.,0.));
#9735=DIRECTION('ref_axis',(0.,0.707106781186544,0.707106781186551));
#9736=DIRECTION('',(1.,0.,0.));
#9737=DIRECTION('center_axis',(1.,0.,0.));
#9738=DIRECTION('ref_axis',(0.,0.,-1.));
#9739=DIRECTION('',(0.,1.,0.));
#9740=DIRECTION('',(0.,0.,1.));
#9741=DIRECTION('',(0.,1.,0.));
#9742=DIRECTION('center_axis',(-0.783828546714322,0.,0.62097730180395));
#9743=DIRECTION('ref_axis',(-0.439097261068499,0.707106781186547,-0.554250480669294));
#9744=DIRECTION('center_axis',(-0.944412131093814,0.,0.328763937564387));
#9745=DIRECTION('ref_axis',(-0.328763937564387,0.,-0.944412131093814));
#9746=DIRECTION('',(-0.783828546714322,0.,0.62097730180395));
#9747=DIRECTION('center_axis',(0.12084146651689,0.,-0.992671818865655));
#9748=DIRECTION('ref_axis',(-0.992671818865655,6.85356149473969E-17,-0.12084146651689));
#9749=DIRECTION('',(0.789378256459281,0.0030263803758336,-0.613899673604024));
#9750=DIRECTION('center_axis',(-1.,0.,0.));
#9751=DIRECTION('ref_axis',(0.,0.707106781186543,-0.707106781186552));
#9752=DIRECTION('',(-1.,0.,0.));
#9753=DIRECTION('center_axis',(0.794871341119618,0.,-0.606778008061186));
#9754=DIRECTION('ref_axis',(0.429056844174937,0.707106781186543,0.562058915476527));
#9755=DIRECTION('center_axis',(0.991544829106302,4.00187912962452E-16,0.129764601770103));
#9756=DIRECTION('ref_axis',(-0.129764601770103,4.02810337917535E-16,0.991544829106302));
#9757=DIRECTION('',(0.794871341119618,0.,-0.606778008061186));
#9758=DIRECTION('center_axis',(0.611956778096095,0.,0.790891207273318));
#9759=DIRECTION('ref_axis',(-0.559244535843788,0.70710678118654,0.432718787584819));
#9760=DIRECTION('',(0.611956778096095,0.,0.790891207273318));
#9761=DIRECTION('center_axis',(-0.62097730180395,0.,-0.783828546714322));
#9762=DIRECTION('ref_axis',(-0.783828546714322,0.,0.62097730180395));
#9763=DIRECTION('',(0.,1.,0.));
#9764=DIRECTION('',(0.783828546714322,0.,-0.62097730180395));
#9765=DIRECTION('',(0.,1.,0.));
#9766=DIRECTION('',(0.,1.,0.));
#9767=DIRECTION('',(0.,1.,0.));
#9768=DIRECTION('center_axis',(0.,0.,1.));
#9769=DIRECTION('ref_axis',(1.,0.,0.));
#9770=DIRECTION('',(0.,1.,0.));
#9771=DIRECTION('',(-1.,0.,0.));
#9772=DIRECTION('center_axis',(-1.,0.,0.));
#9773=DIRECTION('ref_axis',(0.,0.,1.));
#9774=DIRECTION('',(0.,0.,-1.));
#9775=DIRECTION('',(0.,1.,0.));
#9776=DIRECTION('',(0.,1.,0.));
#9777=DIRECTION('',(0.,1.,0.));
#9778=DIRECTION('center_axis',(0.606778008061186,0.,0.794871341119618));
#9779=DIRECTION('ref_axis',(0.794871341119618,0.,-0.606778008061186));
#9780=DIRECTION('',(0.,1.,0.));
#9781=DIRECTION('',(-0.794871341119618,0.,0.606778008061186));
#9782=DIRECTION('center_axis',(-0.790891207273318,0.,0.611956778096095));
#9783=DIRECTION('ref_axis',(0.611956778096095,0.,0.790891207273318));
#9784=DIRECTION('',(-0.611956778096095,0.,-0.790891207273318));
#9785=DIRECTION('center_axis',(0.,0.,-1.));
#9786=DIRECTION('ref_axis',(-1.,0.,0.));
#9787=DIRECTION('',(1.,0.,0.));
#9788=DIRECTION('center_axis',(1.,0.,0.));
#9789=DIRECTION('ref_axis',(0.,-0.707106781186548,-0.707106781186548));
#9790=DIRECTION('',(-1.,0.,0.));
#9791=DIRECTION('center_axis',(0.707106781186551,0.707106781186544,0.));
#9792=DIRECTION('ref_axis',(-0.707106781186544,0.707106781186551,0.));
#9793=DIRECTION('',(1.,0.,0.));
#9794=DIRECTION('center_axis',(-0.707106781186551,0.707106781186544,0.));
#9795=DIRECTION('ref_axis',(-0.707106781186544,-0.707106781186551,0.));
#9796=DIRECTION('center_axis',(0.,-1.,0.));
#9797=DIRECTION('ref_axis',(0.70710678118654,0.,-0.707106781186555));
#9798=DIRECTION('',(0.,-1.,0.));
#9799=DIRECTION('center_axis',(0.707106781186551,0.707106781186544,0.));
#9800=DIRECTION('ref_axis',(-0.707106781186544,0.707106781186551,0.));
#9801=DIRECTION('',(0.,1.,0.));
#9802=DIRECTION('center_axis',(-1.,0.,0.));
#9803=DIRECTION('ref_axis',(0.,-0.707106781186548,0.707106781186548));
#9804=DIRECTION('',(1.,0.,0.));
#9805=DIRECTION('center_axis',(-0.707106781186551,0.707106781186544,0.));
#9806=DIRECTION('ref_axis',(0.707106781186544,0.707106781186551,0.));
#9807=DIRECTION('',(-1.,0.,0.));
#9808=DIRECTION('center_axis',(0.707106781186551,0.707106781186544,0.));
#9809=DIRECTION('ref_axis',(0.707106781186544,-0.707106781186551,0.));
#9810=DIRECTION('center_axis',(0.,-1.,0.));
#9811=DIRECTION('ref_axis',(0.70710678118654,0.,0.707106781186555));
#9812=DIRECTION('',(0.,-1.,0.));
#9813=DIRECTION('center_axis',(0.707106781186551,0.707106781186544,0.));
#9814=DIRECTION('ref_axis',(-0.707106781186544,0.707106781186551,0.));
#9815=DIRECTION('',(0.,1.,0.));
#9816=DIRECTION('center_axis',(0.,-1.,0.));
#9817=DIRECTION('ref_axis',(-0.70710678118654,0.,-0.707106781186555));
#9818=DIRECTION('',(0.,-1.,0.));
#9819=DIRECTION('center_axis',(-0.707106781186551,0.707106781186544,0.));
#9820=DIRECTION('ref_axis',(0.707106781186544,0.707106781186551,0.));
#9821=DIRECTION('',(0.,1.,0.));
#9822=DIRECTION('center_axis',(0.40824829046386,-0.816496580927727,0.408248290463864));
#9823=DIRECTION('ref_axis',(-0.577350269189623,-0.577350269189627,-0.577350269189628));
#9824=DIRECTION('center_axis',(0.,0.,-1.));
#9825=DIRECTION('ref_axis',(-1.,0.,0.));
#9826=DIRECTION('center_axis',(0.,-1.,0.));
#9827=DIRECTION('ref_axis',(0.,0.,-1.));
#9828=DIRECTION('center_axis',(-1.,0.,0.));
#9829=DIRECTION('ref_axis',(0.,-1.,0.));
#9830=DIRECTION('center_axis',(0.,-1.,0.));
#9831=DIRECTION('ref_axis',(-0.70710678118654,0.,0.707106781186555));
#9832=DIRECTION('',(0.,-1.,0.));
#9833=DIRECTION('center_axis',(-0.707106781186551,0.707106781186544,0.));
#9834=DIRECTION('ref_axis',(0.707106781186544,0.707106781186551,0.));
#9835=DIRECTION('',(0.,1.,0.));
#9836=DIRECTION('center_axis',(0.40824829046386,-0.816496580927727,-0.408248290463864));
#9837=DIRECTION('ref_axis',(-0.577350269189623,-0.577350269189627,0.577350269189628));
#9838=DIRECTION('center_axis',(-1.,0.,0.));
#9839=DIRECTION('ref_axis',(0.,0.,1.));
#9840=DIRECTION('center_axis',(0.,-1.,0.));
#9841=DIRECTION('ref_axis',(-1.,0.,0.));
#9842=DIRECTION('center_axis',(0.,0.,1.));
#9843=DIRECTION('ref_axis',(0.,-1.,0.));
#9844=DIRECTION('center_axis',(-0.40824829046386,-0.816496580927727,0.408248290463864));
#9845=DIRECTION('ref_axis',(0.577350269189623,-0.577350269189627,-0.577350269189628));
#9846=DIRECTION('center_axis',(1.,0.,0.));
#9847=DIRECTION('ref_axis',(0.,0.,-1.));
#9848=DIRECTION('center_axis',(0.,-1.,0.));
#9849=DIRECTION('ref_axis',(1.,0.,0.));
#9850=DIRECTION('center_axis',(0.,0.,-1.));
#9851=DIRECTION('ref_axis',(0.,-1.,0.));
#9852=DIRECTION('center_axis',(-0.408248290463859,-0.816496580927726,-0.408248290463867));
#9853=DIRECTION('ref_axis',(-0.57735026918962,0.577350269189629,-0.577350269189629));
#9854=DIRECTION('center_axis',(-1.,0.,0.));
#9855=DIRECTION('ref_axis',(0.,0.,-1.));
#9856=DIRECTION('center_axis',(0.,1.,0.));
#9857=DIRECTION('ref_axis',(-1.,0.,0.));
#9858=DIRECTION('center_axis',(0.,0.,-1.));
#9859=DIRECTION('ref_axis',(0.,1.,0.));
#9860=DIRECTION('center_axis',(0.,1.,0.));
#9861=DIRECTION('ref_axis',(-0.707106781186548,0.,-0.707106781186548));
#9862=DIRECTION('',(0.,-1.,0.));
#9863=DIRECTION('',(0.,1.,0.));
#9864=DIRECTION('center_axis',(-0.40824829046386,-0.816496580927727,-0.408248290463864));
#9865=DIRECTION('ref_axis',(0.577350269189623,-0.577350269189627,0.577350269189628));
#9866=DIRECTION('center_axis',(0.,0.,1.));
#9867=DIRECTION('ref_axis',(1.,0.,0.));
#9868=DIRECTION('center_axis',(0.,-1.,0.));
#9869=DIRECTION('ref_axis',(0.,0.,1.));
#9870=DIRECTION('center_axis',(1.,0.,0.));
#9871=DIRECTION('ref_axis',(0.,-1.,0.));
#9872=DIRECTION('center_axis',(-0.816496580927722,-0.40824829046387,-0.408248290463865));
#9873=DIRECTION('ref_axis',(-0.577350269189625,0.577350269189625,0.577350269189627));
#9874=DIRECTION('center_axis',(0.,0.,1.));
#9875=DIRECTION('ref_axis',(-1.,0.,0.));
#9876=DIRECTION('center_axis',(0.,1.,0.));
#9877=DIRECTION('ref_axis',(0.,0.,1.));
#9878=DIRECTION('center_axis',(-1.,0.,0.));
#9879=DIRECTION('ref_axis',(0.,1.,0.));
#9880=DIRECTION('center_axis',(0.,1.,0.));
#9881=DIRECTION('ref_axis',(-0.707106781186548,0.,0.707106781186548));
#9882=DIRECTION('',(0.,-1.,0.));
#9883=DIRECTION('',(0.,1.,0.));
#9884=DIRECTION('center_axis',(0.408248290463859,-0.816496580927728,-0.408248290463864));
#9885=DIRECTION('ref_axis',(0.577350269189624,0.577350269189624,-0.577350269189629));
#9886=DIRECTION('center_axis',(0.,-5.55111512312578E-15,-1.));
#9887=DIRECTION('ref_axis',(1.,0.,0.));
#9888=DIRECTION('center_axis',(0.,1.,0.));
#9889=DIRECTION('ref_axis',(0.,0.,-1.));
#9890=DIRECTION('center_axis',(1.,0.,0.));
#9891=DIRECTION('ref_axis',(0.,1.,0.));
#9892=DIRECTION('center_axis',(0.,-1.,0.));
#9893=DIRECTION('ref_axis',(0.707106781186548,0.,-0.707106781186548));
#9894=DIRECTION('',(0.,1.,0.));
#9895=DIRECTION('',(0.,-1.,0.));
#9896=DIRECTION('center_axis',(-1.,0.,0.));
#9897=DIRECTION('ref_axis',(0.,0.707106781186548,-0.707106781186548));
#9898=DIRECTION('',(1.,0.,0.));
#9899=DIRECTION('',(-1.,0.,0.));
#9900=DIRECTION('center_axis',(0.40824829046386,0.40824829046386,-0.816496580927729));
#9901=DIRECTION('ref_axis',(0.577350269189625,0.577350269189625,0.577350269189627));
#9902=DIRECTION('center_axis',(1.,0.,0.));
#9903=DIRECTION('ref_axis',(0.,0.,1.));
#9904=DIRECTION('center_axis',(0.,1.,0.));
#9905=DIRECTION('ref_axis',(1.,0.,0.));
#9906=DIRECTION('center_axis',(0.,0.,1.));
#9907=DIRECTION('ref_axis',(0.,1.,0.));
#9908=DIRECTION('center_axis',(0.,1.,0.));
#9909=DIRECTION('ref_axis',(0.707106781186548,0.,0.707106781186548));
#9910=DIRECTION('',(0.,-1.,0.));
#9911=DIRECTION('',(0.,1.,0.));
#9912=DIRECTION('center_axis',(0.,0.,-1.));
#9913=DIRECTION('ref_axis',(0.707106781186548,0.707106781186548,0.));
#9914=DIRECTION('',(0.,0.,1.));
#9915=DIRECTION('',(0.,0.,-1.));
#9916=DIRECTION('center_axis',(1.,0.,0.));
#9917=DIRECTION('ref_axis',(0.,0.707106781186548,0.707106781186548));
#9918=DIRECTION('',(-1.,0.,0.));
#9919=DIRECTION('',(1.,0.,0.));
#9920=DIRECTION('center_axis',(0.,0.,1.));
#9921=DIRECTION('ref_axis',(-0.707106781186548,0.707106781186548,0.));
#9922=DIRECTION('',(0.,0.,-1.));
#9923=DIRECTION('',(0.,0.,1.));
#9924=DIRECTION('center_axis',(-1.,0.,0.));
#9925=DIRECTION('ref_axis',(0.,-0.707106781186548,0.707106781186548));
#9926=DIRECTION('',(1.,0.,0.));
#9927=DIRECTION('',(-1.,0.,0.));
#9928=DIRECTION('center_axis',(0.,0.,1.));
#9929=DIRECTION('ref_axis',(0.707106781186548,-0.707106781186548,0.));
#9930=DIRECTION('',(0.,0.,-1.));
#9931=DIRECTION('',(0.,0.,1.));
#9932=DIRECTION('center_axis',(1.,0.,0.));
#9933=DIRECTION('ref_axis',(0.,-0.707106781186548,-0.707106781186548));
#9934=DIRECTION('',(1.,0.,0.));
#9935=DIRECTION('',(-1.,0.,0.));
#9936=DIRECTION('center_axis',(0.,0.,-1.));
#9937=DIRECTION('ref_axis',(-0.707106781186548,-0.707106781186548,0.));
#9938=DIRECTION('',(0.,0.,1.));
#9939=DIRECTION('',(0.,0.,-1.));
#9940=DIRECTION('center_axis',(-1.,0.,0.));
#9941=DIRECTION('ref_axis',(0.,-0.707106781186548,0.707106781186548));
#9942=DIRECTION('',(-1.,0.,0.));
#9943=DIRECTION('',(1.,0.,0.));
#9944=DIRECTION('center_axis',(1.,0.,0.));
#9945=DIRECTION('ref_axis',(0.,-0.707106781186548,-0.707106781186548));
#9946=DIRECTION('',(-1.,0.,0.));
#9947=DIRECTION('',(1.,0.,0.));
#9948=DIRECTION('center_axis',(-1.,0.,0.));
#9949=DIRECTION('ref_axis',(0.,0.,-1.));
#9950=DIRECTION('',(0.,0.,1.));
#9951=DIRECTION('',(0.,0.,-1.));
#9952=DIRECTION('center_axis',(0.,1.,0.));
#9953=DIRECTION('ref_axis',(-1.,0.,0.));
#9954=DIRECTION('',(0.,0.,-1.));
#9955=DIRECTION('center_axis',(1.,0.,0.));
#9956=DIRECTION('ref_axis',(0.,0.,1.));
#9957=DIRECTION('',(0.,0.,1.));
#9958=DIRECTION('center_axis',(0.,-1.,0.));
#9959=DIRECTION('ref_axis',(0.,0.,-1.));
#9960=DIRECTION('center_axis',(-1.,0.,0.));
#9961=DIRECTION('ref_axis',(0.,0.,1.));
#9962=DIRECTION('center_axis',(0.,0.,-1.));
#9963=DIRECTION('ref_axis',(-1.,0.,0.));
#9964=DIRECTION('center_axis',(0.,1.,0.));
#9965=DIRECTION('ref_axis',(0.,0.,1.));
#9966=DIRECTION('',(-2.44902137784961E-16,0.,1.));
#9967=DIRECTION('',(1.,0.,0.));
#9968=DIRECTION('',(0.,0.,1.));
#9969=DIRECTION('',(-1.,0.,0.));
#9970=DIRECTION('',(0.,0.,-1.));
#9971=DIRECTION('',(1.,0.,0.));
#9972=DIRECTION('',(0.,0.,-1.));
#9973=DIRECTION('',(-1.,0.,0.));
#9974=DIRECTION('',(-2.44902137784961E-16,0.,1.));
#9975=DIRECTION('',(1.,0.,0.));
#9976=DIRECTION('',(0.,0.,1.));
#9977=DIRECTION('',(-1.,0.,0.));
#9978=DIRECTION('',(0.,0.,-1.));
#9979=DIRECTION('',(1.,0.,0.));
#9980=DIRECTION('',(0.,0.,-1.));
#9981=DIRECTION('',(-1.,0.,0.));
#9982=DIRECTION('',(-2.44902137784961E-16,0.,1.));
#9983=DIRECTION('',(1.,0.,0.));
#9984=DIRECTION('',(0.,0.,1.));
#9985=DIRECTION('',(-1.,0.,0.));
#9986=DIRECTION('',(0.,0.,-1.));
#9987=DIRECTION('',(1.,0.,0.));
#9988=DIRECTION('',(0.,0.,-1.));
#9989=DIRECTION('',(-1.,0.,0.));
#9990=DIRECTION('',(-2.44902137784961E-16,0.,1.));
#9991=DIRECTION('',(1.,0.,0.));
#9992=DIRECTION('',(0.,0.,1.));
#9993=DIRECTION('',(-1.,0.,0.));
#9994=DIRECTION('',(0.,0.,-1.));
#9995=DIRECTION('',(1.,0.,0.));
#9996=DIRECTION('',(0.,0.,-1.));
#9997=DIRECTION('',(-1.,0.,0.));
#9998=DIRECTION('',(1.1686558153949E-15,0.,-1.));
#9999=DIRECTION('',(1.,0.,0.));
#10000=DIRECTION('',(0.,0.,1.));
#10001=DIRECTION('',(-1.,0.,0.));
#10002=DIRECTION('',(-2.44902137784961E-16,0.,1.));
#10003=DIRECTION('',(1.,0.,0.));
#10004=DIRECTION('',(0.,0.,1.));
#10005=DIRECTION('',(-1.,0.,0.));
#10006=DIRECTION('',(0.,0.,-1.));
#10007=DIRECTION('',(1.,0.,0.));
#10008=DIRECTION('',(0.,0.,-1.));
#10009=DIRECTION('',(-1.,0.,0.));
#10010=DIRECTION('center_axis',(1.,0.,0.));
#10011=DIRECTION('ref_axis',(0.,0.,-1.));
#10012=DIRECTION('center_axis',(0.,0.,1.));
#10013=DIRECTION('ref_axis',(1.,0.,0.));
#10014=DIRECTION('center_axis',(0.,0.,1.));
#10015=DIRECTION('ref_axis',(-0.707106781186548,0.707106781186548,0.));
#10016=DIRECTION('center_axis',(0.707106781186548,3.92523114670943E-15,
0.707106781186548));
#10017=DIRECTION('ref_axis',(0.707106781186547,3.92523114670943E-15,-0.707106781186547));
#10018=DIRECTION('',(0.,0.,1.));
#10019=DIRECTION('center_axis',(-0.707106781186548,0.,0.707106781186548));
#10020=DIRECTION('ref_axis',(0.707106781186547,0.,0.707106781186547));
#10021=DIRECTION('center_axis',(1.,0.,0.));
#10022=DIRECTION('ref_axis',(0.,0.707106781186548,0.707106781186548));
#10023=DIRECTION('center_axis',(0.707106781186548,0.,-0.707106781186548));
#10024=DIRECTION('ref_axis',(-0.707106781186547,0.,-0.707106781186547));
#10025=DIRECTION('',(1.,0.,0.));
#10026=DIRECTION('center_axis',(0.,0.,-1.));
#10027=DIRECTION('ref_axis',(0.707106781186548,0.707106781186548,0.));
#10028=DIRECTION('center_axis',(-0.707106781186548,0.,-0.707106781186548));
#10029=DIRECTION('ref_axis',(-0.707106781186547,0.,0.707106781186547));
#10030=DIRECTION('',(0.,0.,-1.));
#10031=DIRECTION('center_axis',(2.44902137784961E-16,0.,-1.));
#10032=DIRECTION('ref_axis',(0.707106781186548,0.707106781186548,0.));
#10033=DIRECTION('center_axis',(0.70710678118655,-1.96261557335473E-15,
-0.707106781186545));
#10034=DIRECTION('ref_axis',(0.707106781186545,-1.96261557335471E-15,0.70710678118655));
#10035=DIRECTION('',(2.44902137784961E-16,0.,-1.));
#10036=DIRECTION('center_axis',(0.707106781186548,0.,0.707106781186547));
#10037=DIRECTION('ref_axis',(-0.707106781186547,0.,0.707106781186548));
#10038=DIRECTION('center_axis',(2.44902137784961E-16,0.,-1.));
#10039=DIRECTION('ref_axis',(0.707106781186548,0.707106781186548,0.));
#10040=DIRECTION('',(2.44902137784961E-16,0.,-1.));
#10041=DIRECTION('center_axis',(0.707106781186548,0.,0.707106781186548));
#10042=DIRECTION('ref_axis',(-0.707106781186547,0.,0.707106781186547));
#10043=DIRECTION('center_axis',(0.707106781186548,0.,-0.707106781186548));
#10044=DIRECTION('ref_axis',(0.707106781186547,0.,0.707106781186547));
#10045=DIRECTION('center_axis',(1.,0.,0.));
#10046=DIRECTION('ref_axis',(0.,0.707106781186548,0.707106781186548));
#10047=DIRECTION('center_axis',(0.70710678118655,-4.90653893338681E-16,
0.707106781186546));
#10048=DIRECTION('ref_axis',(-0.707106781186546,-4.90653893338683E-16,0.70710678118655));
#10049=DIRECTION('',(1.,0.,0.));
#10050=DIRECTION('center_axis',(0.,0.,1.));
#10051=DIRECTION('ref_axis',(-0.707106781186547,0.707106781186548,0.));
#10052=DIRECTION('center_axis',(-0.707106781186548,0.,0.707106781186547));
#10053=DIRECTION('ref_axis',(-0.707106781186547,0.,-0.707106781186548));
#10054=DIRECTION('',(0.,0.,1.));
#10055=DIRECTION('center_axis',(-1.,0.,0.));
#10056=DIRECTION('ref_axis',(0.,0.707106781186548,-0.707106781186548));
#10057=DIRECTION('center_axis',(-0.707106781186548,0.,0.707106781186547));
#10058=DIRECTION('ref_axis',(0.707106781186547,0.,0.707106781186548));
#10059=DIRECTION('',(-1.,0.,0.));
#10060=DIRECTION('center_axis',(0.,0.,1.));
#10061=DIRECTION('ref_axis',(-0.707106781186548,0.707106781186548,0.));
#10062=DIRECTION('center_axis',(0.707106781186548,0.,0.707106781186547));
#10063=DIRECTION('ref_axis',(0.707106781186547,0.,-0.707106781186548));
#10064=DIRECTION('',(0.,0.,1.));
#10065=DIRECTION('center_axis',(1.,0.,0.));
#10066=DIRECTION('ref_axis',(0.,0.707106781186548,0.707106781186548));
#10067=DIRECTION('center_axis',(0.707106781186548,0.,-0.707106781186547));
#10068=DIRECTION('ref_axis',(-0.707106781186547,0.,-0.707106781186548));
#10069=DIRECTION('',(1.,0.,0.));
#10070=DIRECTION('center_axis',(0.,0.,-1.));
#10071=DIRECTION('ref_axis',(0.707106781186548,0.707106781186548,0.));
#10072=DIRECTION('center_axis',(-0.707106781186548,0.,-0.707106781186547));
#10073=DIRECTION('ref_axis',(-0.707106781186547,0.,0.707106781186548));
#10074=DIRECTION('',(0.,0.,-1.));
#10075=DIRECTION('center_axis',(2.44902137784961E-16,0.,-1.));
#10076=DIRECTION('ref_axis',(0.707106781186548,0.707106781186548,0.));
#10077=DIRECTION('center_axis',(0.707106781186549,-4.90653893338681E-16,
-0.707106781186546));
#10078=DIRECTION('ref_axis',(0.707106781186546,-4.90653893338678E-16,0.707106781186549));
#10079=DIRECTION('',(2.44902137784961E-16,0.,-1.));
#10080=DIRECTION('center_axis',(0.707106781186547,-9.8130778667736E-16,
0.707106781186548));
#10081=DIRECTION('ref_axis',(-0.707106781186548,9.81307786677361E-16,0.707106781186547));
#10082=DIRECTION('center_axis',(1.,0.,0.));
#10083=DIRECTION('ref_axis',(0.,0.707106781186548,0.707106781186548));
#10084=DIRECTION('center_axis',(0.70710678118655,0.,0.707106781186546));
#10085=DIRECTION('ref_axis',(-0.707106781186546,0.,0.70710678118655));
#10086=DIRECTION('',(1.,0.,0.));
#10087=DIRECTION('center_axis',(0.,0.,1.));
#10088=DIRECTION('ref_axis',(-0.707106781186548,0.707106781186548,0.));
#10089=DIRECTION('center_axis',(-0.707106781186548,0.,0.707106781186548));
#10090=DIRECTION('ref_axis',(-0.707106781186547,0.,-0.707106781186547));
#10091=DIRECTION('',(0.,0.,1.));
#10092=DIRECTION('center_axis',(-1.,0.,0.));
#10093=DIRECTION('ref_axis',(0.,0.707106781186548,-0.707106781186548));
#10094=DIRECTION('center_axis',(-0.707106781186548,0.,0.707106781186548));
#10095=DIRECTION('ref_axis',(0.707106781186547,0.,0.707106781186547));
#10096=DIRECTION('',(-1.,0.,0.));
#10097=DIRECTION('center_axis',(0.,0.,1.));
#10098=DIRECTION('ref_axis',(-0.707106781186548,0.707106781186548,0.));
#10099=DIRECTION('center_axis',(0.707106781186548,0.,0.707106781186548));
#10100=DIRECTION('ref_axis',(0.707106781186547,0.,-0.707106781186547));
#10101=DIRECTION('',(0.,0.,1.));
#10102=DIRECTION('center_axis',(2.44902137784961E-16,0.,-1.));
#10103=DIRECTION('ref_axis',(0.707106781186548,0.707106781186548,0.));
#10104=DIRECTION('',(2.44902137784961E-16,0.,-1.));
#10105=DIRECTION('center_axis',(0.707106781186543,-9.81307786677365E-16,
0.707106781186552));
#10106=DIRECTION('ref_axis',(-0.707106781186552,9.81307786677376E-16,0.707106781186543));
#10107=DIRECTION('center_axis',(0.707106781186548,0.,-0.707106781186548));
#10108=DIRECTION('ref_axis',(0.707106781186547,0.,0.707106781186547));
#10109=DIRECTION('center_axis',(1.,0.,0.));
#10110=DIRECTION('ref_axis',(0.,0.707106781186548,0.707106781186548));
#10111=DIRECTION('center_axis',(0.707106781186548,0.,-0.707106781186548));
#10112=DIRECTION('ref_axis',(-0.707106781186547,0.,-0.707106781186547));
#10113=DIRECTION('',(1.,0.,0.));
#10114=DIRECTION('center_axis',(0.,0.,-1.));
#10115=DIRECTION('ref_axis',(0.707106781186548,0.707106781186548,0.));
#10116=DIRECTION('center_axis',(-0.707106781186548,0.,-0.707106781186548));
#10117=DIRECTION('ref_axis',(-0.707106781186547,0.,0.707106781186547));
#10118=DIRECTION('',(0.,0.,-1.));
#10119=DIRECTION('center_axis',(2.44902137784961E-16,0.,-1.));
#10120=DIRECTION('ref_axis',(0.707106781186548,0.707106781186548,0.));
#10121=DIRECTION('center_axis',(0.707106781186548,0.,-0.707106781186548));
#10122=DIRECTION('ref_axis',(0.707106781186547,0.,0.707106781186547));
#10123=DIRECTION('',(2.44902137784961E-16,0.,-1.));
#10124=DIRECTION('center_axis',(0.707106781186546,9.81307786677361E-16,
0.707106781186549));
#10125=DIRECTION('ref_axis',(-0.707106781186549,-9.81307786677364E-16,0.707106781186546));
#10126=DIRECTION('center_axis',(1.,0.,0.));
#10127=DIRECTION('ref_axis',(0.,0.707106781186548,0.707106781186548));
#10128=DIRECTION('center_axis',(0.707106781186548,0.,0.707106781186548));
#10129=DIRECTION('ref_axis',(-0.707106781186547,0.,0.707106781186547));
#10130=DIRECTION('',(1.,0.,0.));
#10131=DIRECTION('center_axis',(0.,0.,1.));
#10132=DIRECTION('ref_axis',(-0.707106781186548,0.707106781186548,0.));
#10133=DIRECTION('center_axis',(-0.707106781186548,0.,0.707106781186548));
#10134=DIRECTION('ref_axis',(-0.707106781186547,0.,-0.707106781186547));
#10135=DIRECTION('',(0.,0.,1.));
#10136=DIRECTION('center_axis',(-1.,0.,0.));
#10137=DIRECTION('ref_axis',(0.,0.707106781186548,-0.707106781186548));
#10138=DIRECTION('',(-1.,0.,0.));
#10139=DIRECTION('center_axis',(-0.707106781186548,0.,0.707106781186548));
#10140=DIRECTION('ref_axis',(0.707106781186547,0.,0.707106781186547));
#10141=DIRECTION('center_axis',(0.,0.,1.));
#10142=DIRECTION('ref_axis',(-0.707106781186548,0.707106781186548,0.));
#10143=DIRECTION('',(0.,0.,1.));
#10144=DIRECTION('center_axis',(0.707106781186548,0.,0.707106781186548));
#10145=DIRECTION('ref_axis',(0.707106781186547,0.,-0.707106781186547));
#10146=DIRECTION('center_axis',(1.,0.,0.));
#10147=DIRECTION('ref_axis',(0.,0.707106781186548,0.707106781186548));
#10148=DIRECTION('',(1.,0.,0.));
#10149=DIRECTION('center_axis',(0.707106781186548,0.,-0.707106781186548));
#10150=DIRECTION('ref_axis',(-0.707106781186547,0.,-0.707106781186547));
#10151=DIRECTION('center_axis',(-1.,0.,0.));
#10152=DIRECTION('ref_axis',(0.,0.707106781186548,-0.707106781186548));
#10153=DIRECTION('',(-1.,0.,0.));
#10154=DIRECTION('center_axis',(0.,0.,-1.));
#10155=DIRECTION('ref_axis',(0.707106781186548,0.707106781186548,0.));
#10156=DIRECTION('',(0.,0.,-1.));
#10157=DIRECTION('center_axis',(-0.707106781186548,0.,-0.707106781186548));
#10158=DIRECTION('ref_axis',(-0.707106781186547,0.,0.707106781186547));
#10159=DIRECTION('center_axis',(-1.,0.,0.));
#10160=DIRECTION('ref_axis',(0.,0.707106781186548,-0.707106781186548));
#10161=DIRECTION('',(-1.,0.,0.));
#10162=DIRECTION('center_axis',(1.,0.,0.));
#10163=DIRECTION('ref_axis',(0.,0.707106781186548,0.707106781186548));
#10164=DIRECTION('',(1.,0.,0.));
#10165=DIRECTION('center_axis',(0.707106781186548,0.,-0.707106781186548));
#10166=DIRECTION('ref_axis',(-0.707106781186547,0.,-0.707106781186547));
#10167=DIRECTION('center_axis',(0.,0.,-1.));
#10168=DIRECTION('ref_axis',(0.707106781186548,0.707106781186548,0.));
#10169=DIRECTION('',(0.,0.,-1.));
#10170=DIRECTION('center_axis',(-0.707106781186546,0.,-0.707106781186549));
#10171=DIRECTION('ref_axis',(-0.707106781186549,0.,0.707106781186547));
#10172=DIRECTION('center_axis',(0.,0.258819045102521,-0.965925826289068));
#10173=DIRECTION('ref_axis',(0.,0.965925826289068,0.258819045102521));
#10174=DIRECTION('center_axis',(-1.,0.,0.));
#10175=DIRECTION('ref_axis',(0.,0.793353340291234,-0.608761429008722));
#10176=DIRECTION('',(-1.,0.,0.));
#10177=DIRECTION('center_axis',(-0.707106781186548,-7.85046229341887E-15,
0.707106781186547));
#10178=DIRECTION('ref_axis',(0.707106781186547,-7.85046229341887E-15,0.707106781186548));
#10179=DIRECTION('center_axis',(-1.1686558153949E-15,0.,1.));
#10180=DIRECTION('ref_axis',(-0.707106781186548,0.707106781186548,-1.96261557335472E-15));
#10181=DIRECTION('',(-1.1686558153949E-15,0.,1.));
#10182=DIRECTION('center_axis',(0.,0.258819045102521,-0.965925826289068));
#10183=DIRECTION('ref_axis',(-4.85928120005623E-15,0.965925826289068,0.258819045102521));
#10184=DIRECTION('center_axis',(0.707106781186548,0.,0.707106781186548));
#10185=DIRECTION('ref_axis',(0.707106781186547,0.,-0.707106781186547));
#10186=DIRECTION('center_axis',(1.,0.,0.));
#10187=DIRECTION('ref_axis',(0.,0.707106781186548,0.707106781186548));
#10188=DIRECTION('',(1.,0.,0.));
#10189=DIRECTION('center_axis',(0.707106781186548,0.,0.707106781186548));
#10190=DIRECTION('ref_axis',(-0.707106781186547,0.,0.707106781186547));
#10191=DIRECTION('center_axis',(-1.,0.,0.));
#10192=DIRECTION('ref_axis',(0.,0.707106781186548,-0.707106781186548));
#10193=DIRECTION('',(-1.,0.,0.));
#10194=DIRECTION('center_axis',(0.,0.,1.));
#10195=DIRECTION('ref_axis',(-0.707106781186548,0.707106781186548,0.));
#10196=DIRECTION('',(0.,0.,1.));
#10197=DIRECTION('center_axis',(-0.707106781186548,0.,0.707106781186548));
#10198=DIRECTION('ref_axis',(-0.707106781186547,0.,-0.707106781186547));
#10199=DIRECTION('center_axis',(-1.,0.,0.));
#10200=DIRECTION('ref_axis',(0.,0.707106781186548,-0.707106781186548));
#10201=DIRECTION('',(-1.,0.,0.));
#10202=DIRECTION('center_axis',(-0.707106781186548,0.,0.707106781186548));
#10203=DIRECTION('ref_axis',(0.707106781186547,0.,0.707106781186547));
#10204=DIRECTION('center_axis',(0.,0.,1.));
#10205=DIRECTION('ref_axis',(-0.707106781186548,0.707106781186548,0.));
#10206=DIRECTION('',(0.,0.,1.));
#10207=DIRECTION('center_axis',(0.707106781186548,0.,0.707106781186548));
#10208=DIRECTION('ref_axis',(0.707106781186547,0.,-0.707106781186547));
#10209=DIRECTION('center_axis',(1.,0.,0.));
#10210=DIRECTION('ref_axis',(0.,0.707106781186548,0.707106781186548));
#10211=DIRECTION('',(1.,0.,0.));
#10212=DIRECTION('center_axis',(0.707106781186548,0.,-0.707106781186548));
#10213=DIRECTION('ref_axis',(-0.707106781186547,0.,-0.707106781186547));
#10214=DIRECTION('center_axis',(0.,0.,-1.));
#10215=DIRECTION('ref_axis',(0.707106781186548,0.707106781186548,0.));
#10216=DIRECTION('',(0.,0.,-1.));
#10217=DIRECTION('center_axis',(-0.707106781186548,0.,-0.707106781186548));
#10218=DIRECTION('ref_axis',(-0.707106781186547,0.,0.707106781186547));
#10219=DIRECTION('center_axis',(-1.,0.,0.));
#10220=DIRECTION('ref_axis',(0.,0.707106781186548,-0.707106781186548));
#10221=DIRECTION('',(-1.,0.,0.));
#10222=DIRECTION('center_axis',(1.,0.,0.));
#10223=DIRECTION('ref_axis',(0.,0.707106781186548,0.707106781186548));
#10224=DIRECTION('',(1.,0.,0.));
#10225=DIRECTION('center_axis',(0.707106781186551,-3.92523114670946E-15,
0.707106781186544));
#10226=DIRECTION('ref_axis',(-0.707106781186544,-3.9252311467095E-15,0.707106781186551));
#10227=DIRECTION('center_axis',(-1.,0.,0.));
#10228=DIRECTION('ref_axis',(0.,0.707106781186548,-0.707106781186548));
#10229=DIRECTION('',(-1.,0.,0.));
#10230=DIRECTION('center_axis',(0.,0.,1.));
#10231=DIRECTION('ref_axis',(-0.707106781186548,0.707106781186548,0.));
#10232=DIRECTION('',(0.,0.,1.));
#10233=DIRECTION('center_axis',(-0.707106781186548,0.,0.707106781186548));
#10234=DIRECTION('ref_axis',(-0.707106781186547,0.,-0.707106781186547));
#10235=DIRECTION('center_axis',(-1.,0.,0.));
#10236=DIRECTION('ref_axis',(0.,0.707106781186548,-0.707106781186548));
#10237=DIRECTION('',(-1.,0.,0.));
#10238=DIRECTION('center_axis',(1.,0.,0.));
#10239=DIRECTION('ref_axis',(0.,0.,1.));
#10240=DIRECTION('',(0.,-1.,0.));
#10241=DIRECTION('',(0.,0.,1.));
#10242=DIRECTION('',(0.,-1.,0.));
#10243=DIRECTION('center_axis',(0.,0.,1.));
#10244=DIRECTION('ref_axis',(-1.,0.,0.));
#10245=DIRECTION('',(0.,-1.,0.));
#10246=DIRECTION('',(-1.,0.,0.));
#10247=DIRECTION('center_axis',(1.,0.,0.));
#10248=DIRECTION('ref_axis',(0.,0.,1.));
#10249=DIRECTION('',(0.,-1.,0.));
#10250=DIRECTION('',(0.,0.,1.));
#10251=DIRECTION('center_axis',(0.,0.,-1.));
#10252=DIRECTION('ref_axis',(1.,0.,0.));
#10253=DIRECTION('',(0.,-1.,0.));
#10254=DIRECTION('',(1.,0.,0.));
#10255=DIRECTION('center_axis',(-1.,0.,0.));
#10256=DIRECTION('ref_axis',(0.,0.,-1.));
#10257=DIRECTION('',(0.,-1.,0.));
#10258=DIRECTION('',(0.,0.,-1.));
#10259=DIRECTION('center_axis',(0.,0.,1.));
#10260=DIRECTION('ref_axis',(-1.,0.,0.));
#10261=DIRECTION('',(0.,-1.,0.));
#10262=DIRECTION('',(-1.,0.,0.));
#10263=DIRECTION('center_axis',(-1.,0.,-2.44902137784961E-16));
#10264=DIRECTION('ref_axis',(2.44902137784961E-16,0.,-1.));
#10265=DIRECTION('',(0.,1.,0.));
#10266=DIRECTION('',(2.44902137784961E-16,0.,-1.));
#10267=DIRECTION('center_axis',(0.,0.,1.));
#10268=DIRECTION('ref_axis',(1.,0.,0.));
#10269=DIRECTION('',(0.,-1.,0.));
#10270=DIRECTION('',(-1.,0.,0.));
#10271=DIRECTION('center_axis',(1.,0.,0.));
#10272=DIRECTION('ref_axis',(0.,0.,1.));
#10273=DIRECTION('',(0.,-1.,0.));
#10274=DIRECTION('',(0.,0.,1.));
#10275=DIRECTION('center_axis',(0.,0.,1.));
#10276=DIRECTION('ref_axis',(-1.,0.,0.));
#10277=DIRECTION('',(0.,-1.,0.));
#10278=DIRECTION('',(-1.,0.,0.));
#10279=DIRECTION('center_axis',(1.,0.,0.));
#10280=DIRECTION('ref_axis',(0.,0.,1.));
#10281=DIRECTION('',(0.,-1.,0.));
#10282=DIRECTION('',(0.,0.,1.));
#10283=DIRECTION('center_axis',(0.,0.,-1.));
#10284=DIRECTION('ref_axis',(1.,0.,0.));
#10285=DIRECTION('',(0.,-1.,0.));
#10286=DIRECTION('',(1.,0.,0.));
#10287=DIRECTION('center_axis',(-1.,0.,0.));
#10288=DIRECTION('ref_axis',(0.,0.,-1.));
#10289=DIRECTION('',(0.,-1.,0.));
#10290=DIRECTION('',(0.,0.,-1.));
#10291=DIRECTION('center_axis',(0.,0.,1.));
#10292=DIRECTION('ref_axis',(-1.,0.,0.));
#10293=DIRECTION('',(0.,-1.,0.));
#10294=DIRECTION('',(-1.,0.,0.));
#10295=DIRECTION('center_axis',(-1.,0.,-2.44902137784961E-16));
#10296=DIRECTION('ref_axis',(2.44902137784961E-16,0.,-1.));
#10297=DIRECTION('',(0.,1.,0.));
#10298=DIRECTION('',(2.44902137784961E-16,0.,-1.));
#10299=DIRECTION('center_axis',(0.,0.,1.));
#10300=DIRECTION('ref_axis',(1.,0.,0.));
#10301=DIRECTION('',(0.,-1.,0.));
#10302=DIRECTION('',(-1.,0.,0.));
#10303=DIRECTION('center_axis',(1.,0.,0.));
#10304=DIRECTION('ref_axis',(0.,0.,1.));
#10305=DIRECTION('',(0.,-1.,0.));
#10306=DIRECTION('',(0.,0.,1.));
#10307=DIRECTION('center_axis',(0.,0.,1.));
#10308=DIRECTION('ref_axis',(-1.,0.,0.));
#10309=DIRECTION('',(0.,-1.,0.));
#10310=DIRECTION('',(-1.,0.,0.));
#10311=DIRECTION('center_axis',(1.,0.,0.));
#10312=DIRECTION('ref_axis',(0.,0.,1.));
#10313=DIRECTION('',(0.,-1.,0.));
#10314=DIRECTION('',(0.,0.,1.));
#10315=DIRECTION('center_axis',(0.,0.,-1.));
#10316=DIRECTION('ref_axis',(1.,0.,0.));
#10317=DIRECTION('',(0.,-1.,0.));
#10318=DIRECTION('',(1.,0.,0.));
#10319=DIRECTION('center_axis',(-1.,0.,0.));
#10320=DIRECTION('ref_axis',(0.,0.,-1.));
#10321=DIRECTION('',(0.,-1.,0.));
#10322=DIRECTION('',(0.,0.,-1.));
#10323=DIRECTION('center_axis',(0.,0.,1.));
#10324=DIRECTION('ref_axis',(-1.,0.,0.));
#10325=DIRECTION('',(0.,-1.,0.));
#10326=DIRECTION('',(-1.,0.,0.));
#10327=DIRECTION('center_axis',(-1.,0.,-2.44902137784961E-16));
#10328=DIRECTION('ref_axis',(2.44902137784961E-16,0.,-1.));
#10329=DIRECTION('',(0.,1.,0.));
#10330=DIRECTION('',(2.44902137784961E-16,0.,-1.));
#10331=DIRECTION('center_axis',(0.,-1.,0.));
#10332=DIRECTION('ref_axis',(0.,0.,-1.));
#10333=DIRECTION('center_axis',(-1.,0.,-2.44902137784961E-16));
#10334=DIRECTION('ref_axis',(2.44902137784961E-16,0.,-1.));
#10335=DIRECTION('',(0.,1.,0.));
#10336=DIRECTION('',(2.44902137784961E-16,0.,-1.));
#10337=DIRECTION('',(0.,-1.,0.));
#10338=DIRECTION('center_axis',(1.,0.,0.));
#10339=DIRECTION('ref_axis',(0.,0.,1.));
#10340=DIRECTION('',(0.,-1.,0.));
#10341=DIRECTION('',(0.,0.,1.));
#10342=DIRECTION('',(0.,-1.,0.));
#10343=DIRECTION('center_axis',(0.,0.,1.));
#10344=DIRECTION('ref_axis',(-1.,0.,0.));
#10345=DIRECTION('',(0.,-1.,0.));
#10346=DIRECTION('',(-1.,0.,0.));
#10347=DIRECTION('center_axis',(1.,0.,0.));
#10348=DIRECTION('ref_axis',(0.,0.,1.));
#10349=DIRECTION('',(0.,-1.,0.));
#10350=DIRECTION('',(0.,0.,1.));
#10351=DIRECTION('center_axis',(0.,0.,-1.));
#10352=DIRECTION('ref_axis',(1.,0.,0.));
#10353=DIRECTION('',(0.,-1.,0.));
#10354=DIRECTION('',(1.,0.,0.));
#10355=DIRECTION('center_axis',(-1.,0.,0.));
#10356=DIRECTION('ref_axis',(0.,0.,-1.));
#10357=DIRECTION('',(0.,-1.,0.));
#10358=DIRECTION('',(0.,0.,-1.));
#10359=DIRECTION('center_axis',(0.,0.,1.));
#10360=DIRECTION('ref_axis',(-1.,0.,0.));
#10361=DIRECTION('',(-1.,0.,0.));
#10362=DIRECTION('center_axis',(-1.,0.,-2.44902137784961E-16));
#10363=DIRECTION('ref_axis',(2.44902137784961E-16,0.,-1.));
#10364=DIRECTION('',(0.,1.,0.));
#10365=DIRECTION('',(2.44902137784961E-16,0.,-1.));
#10366=DIRECTION('',(0.,-1.,0.));
#10367=DIRECTION('center_axis',(1.,0.,0.));
#10368=DIRECTION('ref_axis',(0.,0.,1.));
#10369=DIRECTION('',(0.,-1.,0.));
#10370=DIRECTION('',(0.,0.,1.));
#10371=DIRECTION('',(0.,-1.,0.));
#10372=DIRECTION('center_axis',(0.,0.,1.));
#10373=DIRECTION('ref_axis',(-1.,0.,0.));
#10374=DIRECTION('',(0.,-1.,0.));
#10375=DIRECTION('',(-1.,0.,0.));
#10376=DIRECTION('center_axis',(1.,0.,0.));
#10377=DIRECTION('ref_axis',(0.,0.,1.));
#10378=DIRECTION('',(0.,-1.,0.));
#10379=DIRECTION('',(0.,0.,1.));
#10380=DIRECTION('center_axis',(0.,0.,-1.));
#10381=DIRECTION('ref_axis',(1.,0.,0.));
#10382=DIRECTION('',(0.,-1.,0.));
#10383=DIRECTION('',(1.,0.,0.));
#10384=DIRECTION('center_axis',(-1.,0.,0.));
#10385=DIRECTION('ref_axis',(0.,0.,-1.));
#10386=DIRECTION('',(0.,-1.,0.));
#10387=DIRECTION('',(0.,0.,-1.));
#10388=DIRECTION('center_axis',(0.,0.,1.));
#10389=DIRECTION('ref_axis',(-1.,0.,0.));
#10390=DIRECTION('',(-1.,0.,0.));
#10391=DIRECTION('center_axis',(0.,0.,1.));
#10392=DIRECTION('ref_axis',(1.,0.,0.));
#10393=DIRECTION('',(0.,1.,0.));
#10394=DIRECTION('',(-1.,0.,0.));
#10395=DIRECTION('center_axis',(0.,0.,1.));
#10396=DIRECTION('ref_axis',(1.,0.,0.));
#10397=DIRECTION('',(-1.,0.,0.));
#10398=DIRECTION('center_axis',(0.,0.,1.));
#10399=DIRECTION('ref_axis',(1.,0.,0.));
#10400=DIRECTION('',(-1.,0.,0.));
#10401=DIRECTION('center_axis',(0.,0.,1.));
#10402=DIRECTION('ref_axis',(1.,0.,0.));
#10403=DIRECTION('',(-1.,0.,0.));
#10404=DIRECTION('',(0.,1.,0.));
#10405=DIRECTION('center_axis',(-1.,0.,-1.1686558153949E-15));
#10406=DIRECTION('ref_axis',(-1.1686558153949E-15,0.,1.));
#10407=DIRECTION('',(1.1686558153949E-15,0.,-1.));
#10408=DIRECTION('',(0.,-1.,0.));
#10409=DIRECTION('',(3.02470382194016E-16,-0.965925826289068,-0.258819045102521));
#10410=DIRECTION('center_axis',(1.,0.,0.));
#10411=DIRECTION('ref_axis',(0.,0.,-1.));
#10412=DIRECTION('',(0.,0.965925826289068,0.258819045102521));
#10413=DIRECTION('',(0.,1.,0.));
#10414=DIRECTION('',(0.,0.,1.));
#10415=DIRECTION('center_axis',(0.,1.,0.));
#10416=DIRECTION('ref_axis',(0.,0.,1.));
#10417=DIRECTION('',(1.,0.,0.));
#10418=DIRECTION('center_axis',(0.,0.258819045102521,-0.965925826289068));
#10419=DIRECTION('ref_axis',(0.,0.965925826289068,0.258819045102521));
#10420=DIRECTION('',(1.,0.,0.));
#10421=DIRECTION('center_axis',(0.,0.,-1.));
#10422=DIRECTION('ref_axis',(0.,1.,0.));
#10423=DIRECTION('',(0.,-1.,-2.28983287070702E-16));
#10424=DIRECTION('',(1.,0.,0.));
#10425=DIRECTION('',(0.,-1.,-2.28983287070702E-16));
#10426=DIRECTION('',(1.,0.,0.));
#10427=DIRECTION('center_axis',(0.,0.,1.));
#10428=DIRECTION('ref_axis',(1.,0.,0.));
#10429=CARTESIAN_POINT('',(0.,0.,0.));
#10430=CARTESIAN_POINT('',(0.,0.,0.));
#10431=CARTESIAN_POINT('Origin',(-0.0999999999986799,-2.83409944309578,
0.));
#10432=CARTESIAN_POINT('',(-0.29999999999868,-2.83409944309578,-0.125));
#10433=CARTESIAN_POINT('',(-0.293402261994457,-2.88504613145643,-0.125));
#10434=CARTESIAN_POINT('Origin',(-0.0999999999986799,-2.83409944309578,
-0.125));
#10435=CARTESIAN_POINT('',(-0.293402261994457,-2.88504613145643,0.125));
#10436=CARTESIAN_POINT('',(-0.293402261994457,-2.88504613145643,0.));
#10437=CARTESIAN_POINT('',(-0.29999999999868,-2.83409944309578,0.125));
#10438=CARTESIAN_POINT('Origin',(-0.0999999999986799,-2.83409944309578,
0.125));
#10439=CARTESIAN_POINT('',(-0.29999999999868,-2.83409944309578,0.));
#10440=CARTESIAN_POINT('Origin',(-0.29999999999868,-2.86,0.));
#10441=CARTESIAN_POINT('',(-0.29999999999868,0.,0.125));
#10442=CARTESIAN_POINT('',(-0.299999999998681,1.74,0.125));
#10443=CARTESIAN_POINT('',(-0.29999999999868,0.,-0.0515689414212163));
#10444=CARTESIAN_POINT('',(-0.29999999999868,0.,0.));
#10445=CARTESIAN_POINT('',(-0.29999999999868,-0.0577787063091903,-0.125));
#10446=CARTESIAN_POINT('',(-0.29999999999868,0.0747112239957633,0.0433816834053026));
#10447=CARTESIAN_POINT('',(-0.299999999998681,1.74,-0.125));
#10448=CARTESIAN_POINT('Origin',(-8.32667268468867E-16,6.34,0.125));
#10449=CARTESIAN_POINT('',(-0.145051696496717,-3.44821001627092,0.125));
#10450=CARTESIAN_POINT('',(-1.34591102785797,1.1104554926613,0.125));
#10451=CARTESIAN_POINT('',(0.145051696496714,-3.44821001627093,0.125));
#10452=CARTESIAN_POINT('Origin',(0.,-3.41,0.125));
#10453=CARTESIAN_POINT('',(0.29340226199588,-2.88504613145826,0.125));
#10454=CARTESIAN_POINT('',(1.42338517962299,1.40456050078893,0.125));
#10455=CARTESIAN_POINT('',(0.300000000000264,-2.83409944309707,0.125));
#10456=CARTESIAN_POINT('Origin',(0.100000000000264,-2.834099443097,0.125));
#10457=CARTESIAN_POINT('',(0.300000000001237,0.,0.125));
#10458=CARTESIAN_POINT('',(0.300000000002367,3.28999999999995,0.125));
#10459=CARTESIAN_POINT('',(-4.16333634234434E-16,0.,0.125));
#10460=CARTESIAN_POINT('Origin',(0.100000000000264,-2.834099443097,0.));
#10461=CARTESIAN_POINT('',(0.29340226199588,-2.88504613145826,-0.125));
#10462=CARTESIAN_POINT('',(0.29340226199588,-2.88504613145826,0.));
#10463=CARTESIAN_POINT('',(0.300000000000264,-2.83409944309707,-0.125));
#10464=CARTESIAN_POINT('Origin',(0.100000000000264,-2.834099443097,-0.125));
#10465=CARTESIAN_POINT('',(0.300000000000264,-2.83409944309707,0.));
#10466=CARTESIAN_POINT('Origin',(0.300000000001319,0.240000000000001,0.));
#10467=CARTESIAN_POINT('',(0.300000000001217,-0.0577787063091212,-0.125));
#10468=CARTESIAN_POINT('',(0.300000000002367,3.28999999999995,-0.125));
#10469=CARTESIAN_POINT('',(0.300000000001237,0.,-0.0515689414212163));
#10470=CARTESIAN_POINT('',(0.300000000001277,0.116832395553917,0.0969135537718221));
#10471=CARTESIAN_POINT('',(0.300000000001237,0.,0.));
#10472=CARTESIAN_POINT('Origin',(0.600000000001001,6.14636774355145,-1.17518297618447));
#10473=CARTESIAN_POINT('',(0.400000000001,6.14636774355145,-1.05018297618447));
#10474=CARTESIAN_POINT('',(0.5750000000005,5.94793639522167,-1.05018297618447));
#10475=CARTESIAN_POINT('Origin',(0.600000000001001,6.14636774355145,-1.05018297618447));
#10476=CARTESIAN_POINT('',(0.5750000000005,5.94793639522167,-1.30018297618447));
#10477=CARTESIAN_POINT('',(0.5750000000005,5.94793639522167,-1.17518297618447));
#10478=CARTESIAN_POINT('',(0.400000000001,6.14636774355145,-1.30018297618447));
#10479=CARTESIAN_POINT('Origin',(0.600000000001001,6.14636774355145,-1.30018297618447));
#10480=CARTESIAN_POINT('',(0.400000000001,6.14636774355145,-1.17518297618447));
#10481=CARTESIAN_POINT('Origin',(0.400000000001,5.94950504689189,-1.17518297618447));
#10482=CARTESIAN_POINT('',(0.400000000001,6.228060075051,-1.30018297618447));
#10483=CARTESIAN_POINT('',(0.400000000001,5.89950504689189,-1.30018297618447));
#10484=CARTESIAN_POINT('',(0.400000000001,6.228060075051,-1.05018297618447));
#10485=CARTESIAN_POINT('',(0.400000000001,6.228060075051,-0.587591488092239));
#10486=CARTESIAN_POINT('',(0.400000000001,5.89950504689189,-1.05018297618447));
#10487=CARTESIAN_POINT('Origin',(0.549999999999999,5.74950504689189,-1.17518297618447));
#10488=CARTESIAN_POINT('',(0.749999999999999,5.74950504689189,-1.05018297618447));
#10489=CARTESIAN_POINT('Origin',(0.549999999999999,5.74950504689189,-1.05018297618447));
#10490=CARTESIAN_POINT('',(0.749999999999999,5.74950504689189,-1.30018297618447));
#10491=CARTESIAN_POINT('',(0.749999999999999,5.74950504689189,-1.17518297618447));
#10492=CARTESIAN_POINT('Origin',(0.549999999999999,5.74950504689189,-1.30018297618447));
#10493=CARTESIAN_POINT('Origin',(0.749999999999999,-0.25049495310811,-1.17518297618447));
#10494=CARTESIAN_POINT('',(0.749999999999999,1.2965398035269,-1.05018297618447));
#10495=CARTESIAN_POINT('',(0.749999999999999,11.9495050468919,-1.05018297618448));
#10496=CARTESIAN_POINT('',(0.749999999999999,1.2965398035269,-1.30018297618447));
#10497=CARTESIAN_POINT('',(0.749999999999999,1.2965398035269,-1.24596148181492));
#10498=CARTESIAN_POINT('',(0.749999999999999,11.9495050468919,-1.30018297618448));
#10499=CARTESIAN_POINT('Origin',(-8.32667268468867E-16,5.84950504689189,
-1.05018297618447));
#10500=CARTESIAN_POINT('',(-0.399999999998999,6.228060075051,-1.05018297618447));
#10501=CARTESIAN_POINT('',(-4.16333634234434E-16,6.228060075051,-1.05018297618447));
#10502=CARTESIAN_POINT('',(-0.399999999998999,6.14636774355171,-1.05018297618447));
#10503=CARTESIAN_POINT('',(-0.399999999998999,8.89950504689189,-1.05018297618448));
#10504=CARTESIAN_POINT('',(-0.5749999999995,5.9479363952218,-1.05018297618447));
#10505=CARTESIAN_POINT('Origin',(-0.599999999998999,6.14636774355171,-1.05018297618447));
#10506=CARTESIAN_POINT('',(-0.75,5.74950504689189,-1.05018297618447));
#10507=CARTESIAN_POINT('Origin',(-0.55,5.74950504689189,-1.05018297618447));
#10508=CARTESIAN_POINT('',(-0.75,1.2965398035269,-1.05018297618447));
#10509=CARTESIAN_POINT('',(-0.749999999999999,-4.05049495310811,-1.05018297618447));
#10510=CARTESIAN_POINT('',(-4.16333634234434E-16,1.2965398035269,-1.05018297618447));
#10511=CARTESIAN_POINT('Origin',(-0.599999999998999,6.14636774355171,-1.17518297618447));
#10512=CARTESIAN_POINT('',(-0.5749999999995,5.9479363952218,-1.30018297618447));
#10513=CARTESIAN_POINT('',(-0.399999999998999,6.14636774355171,-1.30018297618447));
#10514=CARTESIAN_POINT('Origin',(-0.599999999998999,6.14636774355171,-1.30018297618447));
#10515=CARTESIAN_POINT('',(-0.5749999999995,5.9479363952218,-1.17518297618447));
#10516=CARTESIAN_POINT('',(-0.399999999998999,6.14636774355171,-1.17518297618447));
#10517=CARTESIAN_POINT('Origin',(-0.399999999998999,11.9495050468919,-1.17518297618448));
#10518=CARTESIAN_POINT('',(-0.399999999998999,6.228060075051,-1.30018297618447));
#10519=CARTESIAN_POINT('',(-0.399999999998999,6.228060075051,-0.587591488092239));
#10520=CARTESIAN_POINT('',(-0.399999999998999,8.89950504689189,-1.30018297618448));
#10521=CARTESIAN_POINT('Origin',(-0.55,5.74950504689189,-1.17518297618447));
#10522=CARTESIAN_POINT('',(-0.75,5.74950504689189,-1.30018297618447));
#10523=CARTESIAN_POINT('Origin',(-0.55,5.74950504689189,-1.30018297618447));
#10524=CARTESIAN_POINT('',(-0.75,5.74950504689189,-1.17518297618447));
#10525=CARTESIAN_POINT('Origin',(-0.750000000000001,11.9495050468919,-1.17518297618448));
#10526=CARTESIAN_POINT('',(-0.75,1.2965398035269,-1.30018297618447));
#10527=CARTESIAN_POINT('',(-0.749999999999999,-4.05049495310811,-1.30018297618447));
#10528=CARTESIAN_POINT('',(-0.75,1.2965398035269,-1.24596148181492));
#10529=CARTESIAN_POINT('Origin',(-8.32667268468867E-16,5.84950504689189,
-1.30018297618447));
#10530=CARTESIAN_POINT('',(-4.16333634234434E-16,1.2965398035269,-1.30018297618447));
#10531=CARTESIAN_POINT('',(-4.16333634234434E-16,6.228060075051,-1.30018297618447));
#10532=CARTESIAN_POINT('Origin',(-0.49999999999868,0.0195130047553942,-0.0267698296589383));
#10533=CARTESIAN_POINT('',(-0.49999999999868,0.157177452155389,-0.175242902035164));
#10534=CARTESIAN_POINT('Origin',(-0.49999999999868,0.,-0.0515689414212163));
#10535=CARTESIAN_POINT('',(-0.29999999999868,0.126195190848813,0.108812746635133));
#10536=CARTESIAN_POINT('',(-0.29999999999868,0.0195130047553942,-0.0267698296589383));
#10537=CARTESIAN_POINT('',(-0.49999999999868,0.30918490153487,0.0179436303884728));
#10538=CARTESIAN_POINT('Ctrl Pts',(-0.29999999999868,0.126195190848813,
0.108812746635133));
#10539=CARTESIAN_POINT('Ctrl Pts',(-0.29999999999868,0.151383862171032,
0.10224266511735));
#10540=CARTESIAN_POINT('Ctrl Pts',(-0.304574804364109,0.17773821250827,
0.0930448161641343));
#10541=CARTESIAN_POINT('Ctrl Pts',(-0.324674439310044,0.224662176886992,
0.0724189606258286));
#10542=CARTESIAN_POINT('Ctrl Pts',(-0.34023535554882,0.245265571061995,
0.0611031512879882));
#10543=CARTESIAN_POINT('Ctrl Pts',(-0.376293474510523,0.276233587542781,
0.042148879491826));
#10544=CARTESIAN_POINT('Ctrl Pts',(-0.398766299825533,0.288828420478888,
0.0332496524984008));
#10545=CARTESIAN_POINT('Ctrl Pts',(-0.448050231534819,0.305289819281615,
0.0211294793552149));
#10546=CARTESIAN_POINT('Ctrl Pts',(-0.474860434041568,0.30918490153487,
0.0179436303884728));
#10547=CARTESIAN_POINT('Ctrl Pts',(-0.49999999999868,0.30918490153487,0.0179436303884728));
#10548=CARTESIAN_POINT('',(-0.49999999999868,0.176690456910783,-0.150443790272886));
#10549=CARTESIAN_POINT('Origin',(-0.49999999999868,0.0747112239957633,0.0433816834053026));
#10550=CARTESIAN_POINT('',(-0.305222809807423,9.16193053004646E-9,-0.125));
#10551=CARTESIAN_POINT('Origin',(-0.49999999999868,-0.0577787063091901,
-0.125));
#10552=CARTESIAN_POINT('',(-0.49999999999868,0.154592450767435,-0.178528184805764));
#10553=CARTESIAN_POINT('',(-0.49999999999868,0.231888676151152,-0.0802922772086454));
#10554=CARTESIAN_POINT('Ctrl Pts',(-0.49999999999868,0.154592450767435,
-0.178528184805764));
#10555=CARTESIAN_POINT('Ctrl Pts',(-0.470318997331652,0.154592450767435,
-0.178528184805764));
#10556=CARTESIAN_POINT('Ctrl Pts',(-0.439103176991601,0.149260520334961,
-0.173977151160185));
#10557=CARTESIAN_POINT('Ctrl Pts',(-0.383674756811149,0.126325072602148,
-0.158826754699935));
#10558=CARTESIAN_POINT('Ctrl Pts',(-0.359486189946618,0.108484816935687,
-0.148500013585692));
#10559=CARTESIAN_POINT('Ctrl Pts',(-0.332753976076118,0.0744020225565533,
-0.136006024136919));
#10560=CARTESIAN_POINT('Ctrl Pts',(-0.324511473847452,0.0603261048027311,
-0.131889673485126));
#10561=CARTESIAN_POINT('Ctrl Pts',(-0.312163118070806,0.0304758853799385,
-0.126423868631803));
#10562=CARTESIAN_POINT('Ctrl Pts',(-0.30792829356791,0.0147670894170115,
-0.12500000054118));
#10563=CARTESIAN_POINT('Ctrl Pts',(-0.305222809807423,9.16192847368197E-9,
-0.125));
#10564=CARTESIAN_POINT('Origin',(-0.29999999999868,0.231888676151152,-0.0802922772086454));
#10565=CARTESIAN_POINT('',(-0.549999999999999,0.30918490153487,0.0179436303884728));
#10566=CARTESIAN_POINT('',(-0.149999999999341,0.30918490153487,0.0179436303884728));
#10567=CARTESIAN_POINT('',(-0.549999999999999,0.154592450767435,-0.178528184805764));
#10568=CARTESIAN_POINT('',(-0.549999999999999,-1.49832209846496,-2.2792201670889));
#10569=CARTESIAN_POINT('',(-0.149999999999341,0.154592450767435,-0.178528184805764));
#10570=CARTESIAN_POINT('Origin',(0.500000000001237,0.0802591235906014,0.0504325186724981));
#10571=CARTESIAN_POINT('',(0.500000000001237,0.157177452155389,-0.175242902035164));
#10572=CARTESIAN_POINT('Origin',(0.500000000001237,1.73472347597681E-17,
-0.0515689414212163));
#10573=CARTESIAN_POINT('',(0.500000000001237,0.30918490153487,0.0179436303884728));
#10574=CARTESIAN_POINT('',(0.500000000001237,0.237436575745991,-0.07324144194145));
#10575=CARTESIAN_POINT('',(0.300000000001237,0.126195190848813,0.108812746635133));
#10576=CARTESIAN_POINT('Ctrl Pts',(0.500000000001237,0.30918490153487,0.0179436303884729));
#10577=CARTESIAN_POINT('Ctrl Pts',(0.474860434044124,0.30918490153487,0.0179436303884729));
#10578=CARTESIAN_POINT('Ctrl Pts',(0.448050231537376,0.305289819281615,
0.0211294793552149));
#10579=CARTESIAN_POINT('Ctrl Pts',(0.39876629982809,0.288828420478887,0.0332496524984009));
#10580=CARTESIAN_POINT('Ctrl Pts',(0.376293474513079,0.27623358754278,0.042148879491826));
#10581=CARTESIAN_POINT('Ctrl Pts',(0.340235355551376,0.245265571061995,
0.0611031512879883));
#10582=CARTESIAN_POINT('Ctrl Pts',(0.324674439312601,0.224662176886992,
0.0724189606258287));
#10583=CARTESIAN_POINT('Ctrl Pts',(0.304574804366666,0.17773821250827,0.0930448161641343));
#10584=CARTESIAN_POINT('Ctrl Pts',(0.300000000001237,0.151383862171032,
0.10224266511735));
#10585=CARTESIAN_POINT('Ctrl Pts',(0.300000000001237,0.126195190848813,
0.108812746635133));
#10586=CARTESIAN_POINT('',(0.300000000001237,0.0802591235906014,0.0504325186724981));
#10587=CARTESIAN_POINT('Origin',(0.500000000001277,0.116832395553849,0.0969135537718221));
#10588=CARTESIAN_POINT('',(0.500000000001236,0.154592450767435,-0.178528184805764));
#10589=CARTESIAN_POINT('',(0.305222809809968,9.16193042962892E-9,-0.125));
#10590=CARTESIAN_POINT('Ctrl Pts',(0.305222809809967,9.16192838323634E-9,
-0.125));
#10591=CARTESIAN_POINT('Ctrl Pts',(0.307928293570456,0.0147670894170112,
-0.12500000054118));
#10592=CARTESIAN_POINT('Ctrl Pts',(0.312163118073354,0.0304758853799378,
-0.126423868631803));
#10593=CARTESIAN_POINT('Ctrl Pts',(0.324511473850002,0.0603261048027304,
-0.131889673485125));
#10594=CARTESIAN_POINT('Ctrl Pts',(0.33275397607867,0.074402022556553,-0.136006024136919));
#10595=CARTESIAN_POINT('Ctrl Pts',(0.359486189949173,0.108484816935686,
-0.148500013585692));
#10596=CARTESIAN_POINT('Ctrl Pts',(0.383674756813704,0.126325072602147,
-0.158826754699935));
#10597=CARTESIAN_POINT('Ctrl Pts',(0.439103176994157,0.149260520334961,
-0.173977151160185));
#10598=CARTESIAN_POINT('Ctrl Pts',(0.470318997334207,0.154592450767435,
-0.178528184805764));
#10599=CARTESIAN_POINT('Ctrl Pts',(0.500000000001236,0.154592450767435,
-0.178528184805764));
#10600=CARTESIAN_POINT('',(0.500000000001277,0.274009847709238,-0.0267604068421259));
#10601=CARTESIAN_POINT('Origin',(0.500000000001217,-0.0577787063091901,
-0.125));
#10602=CARTESIAN_POINT('Origin',(0.300000000001237,-2.26378460416455E-30,
0.125));
#10603=CARTESIAN_POINT('Origin',(0.300000000001237,0.,-0.375));
#10604=CARTESIAN_POINT('Origin',(0.549999999999999,0.394736778578878,-0.196759398505364));
#10605=CARTESIAN_POINT('',(0.731061557073307,0.391304078426207,-0.0637426816811904));
#10606=CARTESIAN_POINT('',(0.549999999999999,0.30918490153487,0.0179436303884728));
#10607=CARTESIAN_POINT('Ctrl Pts',(0.731061557073307,0.391304078426207,
-0.0637426816811904));
#10608=CARTESIAN_POINT('Ctrl Pts',(0.721169359709048,0.37781720576798,-0.0467873589762199));
#10609=CARTESIAN_POINT('Ctrl Pts',(0.707308489777909,0.364418417005577,
-0.0322827244120916));
#10610=CARTESIAN_POINT('Ctrl Pts',(0.673706525488157,0.340462287691003,
-0.00838901651989515));
#10611=CARTESIAN_POINT('Ctrl Pts',(0.651233700173146,0.328850013747211,
0.00175894640984053));
#10612=CARTESIAN_POINT('Ctrl Pts',(0.60194976846386,0.313197618590737,0.014907283697453));
#10613=CARTESIAN_POINT('Ctrl Pts',(0.575139565957112,0.30918490153487,0.0179436303884729));
#10614=CARTESIAN_POINT('Ctrl Pts',(0.549999999999999,0.30918490153487,0.0179436303884729));
#10615=CARTESIAN_POINT('',(0.549999999999999,0.154592450767435,-0.178528184805764));
#10616=CARTESIAN_POINT('',(0.549999999999999,0.237559326423489,-0.0730854378914163));
#10617=CARTESIAN_POINT('',(0.690359175801558,0.195652039213104,-0.219371340840595));
#10618=CARTESIAN_POINT('Ctrl Pts',(0.549999999999999,0.154592450767435,
-0.178528184805764));
#10619=CARTESIAN_POINT('Ctrl Pts',(0.579681002667028,0.154592450767435,
-0.178528184805764));
#10620=CARTESIAN_POINT('Ctrl Pts',(0.610896823007078,0.160270043233908,
-0.182639915969711));
#10621=CARTESIAN_POINT('Ctrl Pts',(0.657897411497999,0.177331262861453,
-0.198520249108021));
#10622=CARTESIAN_POINT('Ctrl Pts',(0.67555673590541,0.186323889603893,-0.207644249551724));
#10623=CARTESIAN_POINT('Ctrl Pts',(0.690359175801558,0.195652039213104,
-0.219371340840595));
#10624=CARTESIAN_POINT('',(0.749999999999999,0.286790667334897,-0.333948299476791));
#10625=CARTESIAN_POINT('Origin',(0.549999999999999,0.286790667334898,-0.33394829947679));
#10626=CARTESIAN_POINT('',(0.749999999999999,0.445645580745343,-0.132059313078448));
#10627=CARTESIAN_POINT('',(0.749999999999999,0.394736778578878,-0.196759398505364));
#10628=CARTESIAN_POINT('Origin',(0.549999999999999,0.445645580745342,-0.132059313078447));
#10629=CARTESIAN_POINT('Origin',(0.749999999999999,0.241445768463759,-0.076143457176152));
#10630=CARTESIAN_POINT('',(0.749999999999999,0.905235725100693,-1.11144029450328));
#10631=CARTESIAN_POINT('',(0.749999999999999,7.73829831583617,-9.7017773003553));
#10632=CARTESIAN_POINT('',(0.749999999999999,1.1008877643138,-0.955811635343876));
#10633=CARTESIAN_POINT('',(0.749999999999999,0.947669908871033,-1.07768662063787));
#10634=CARTESIAN_POINT('',(0.749999999999999,7.93395035504927,-9.5461486411959));
#10635=CARTESIAN_POINT('Origin',(-8.32667268468867E-16,3.94095903234669,
-4.92786754355558));
#10636=CARTESIAN_POINT('',(-0.690359175801559,0.195652039213104,-0.219371340840595));
#10637=CARTESIAN_POINT('',(-4.16333634234434E-16,0.195652039213104,-0.219371340840595));
#10638=CARTESIAN_POINT('',(-0.749999999999999,0.286790667334897,-0.33394829947679));
#10639=CARTESIAN_POINT('Origin',(-0.549999999999999,0.286790667334897,-0.333948299476791));
#10640=CARTESIAN_POINT('',(-0.75,0.905235725100693,-1.11144029450328));
#10641=CARTESIAN_POINT('',(-0.749999999999999,-2.22193587036575,2.81995320928332));
#10642=CARTESIAN_POINT('',(-4.16333634234434E-16,0.905235725100692,-1.11144029450328));
#10643=CARTESIAN_POINT('Origin',(0.,0.,-0.375));
#10644=CARTESIAN_POINT('',(0.374999999999999,0.154592450767435,-0.178528184805764));
#10645=CARTESIAN_POINT('',(0.,0.,-0.125));
#10646=CARTESIAN_POINT('Ctrl Pts',(-0.690359175801559,0.195652039213104,
-0.219371340840595));
#10647=CARTESIAN_POINT('Ctrl Pts',(-0.675556735905411,0.186323889603893,
-0.207644249551724));
#10648=CARTESIAN_POINT('Ctrl Pts',(-0.657897411498,0.177331262861452,-0.19852024910802));
#10649=CARTESIAN_POINT('Ctrl Pts',(-0.610896823007078,0.160270043233908,
-0.18263991596971));
#10650=CARTESIAN_POINT('Ctrl Pts',(-0.579681002667028,0.154592450767434,
-0.178528184805763));
#10651=CARTESIAN_POINT('Ctrl Pts',(-0.549999999999999,0.154592450767434,
-0.178528184805763));
#10652=CARTESIAN_POINT('Origin',(-0.549999999999999,-1.34114464630957,-2.40289412770285));
#10653=CARTESIAN_POINT('',(-0.731061557073307,0.391304078426207,-0.0637426816811903));
#10654=CARTESIAN_POINT('Ctrl Pts',(-0.549999999999999,0.309184901534869,
0.0179436303884734));
#10655=CARTESIAN_POINT('Ctrl Pts',(-0.575139565957112,0.309184901534869,
0.0179436303884734));
#10656=CARTESIAN_POINT('Ctrl Pts',(-0.60194976846386,0.313197618590736,
0.0149072836974534));
#10657=CARTESIAN_POINT('Ctrl Pts',(-0.651233700173146,0.328850013747211,
0.00175894640984097));
#10658=CARTESIAN_POINT('Ctrl Pts',(-0.673706525488157,0.340462287691003,
-0.00838901651989442));
#10659=CARTESIAN_POINT('Ctrl Pts',(-0.707308489763693,0.364418416995441,
-0.0322827244019816));
#10660=CARTESIAN_POINT('Ctrl Pts',(-0.721169359756931,0.377817205833262,
-0.0467873590582905));
#10661=CARTESIAN_POINT('Ctrl Pts',(-0.731061557073307,0.391304078426207,
-0.0637426816811903));
#10662=CARTESIAN_POINT('',(-0.749999999999999,0.445645580745342,-0.132059313078448));
#10663=CARTESIAN_POINT('Origin',(-0.549999999999999,0.445645580745341,-0.132059313078447));
#10664=CARTESIAN_POINT('',(-0.75,-1.34114464630957,-2.40289412770285));
#10665=CARTESIAN_POINT('Origin',(-0.399999999998999,2.23808016369604,0.444207508575955));
#10666=CARTESIAN_POINT('',(-0.399999999998999,2.23808016369604,0.444207508575955));
#10667=CARTESIAN_POINT('',(-0.399999999998999,2.39877706611767,0.25269639779621));
#10668=CARTESIAN_POINT('',(-0.399999999998999,1.92525873344998,0.817013571912155));
#10669=CARTESIAN_POINT('',(-0.399999999998999,2.3101225436769,0.043188984088108));
#10670=CARTESIAN_POINT('Origin',(-0.399999999998999,2.5594739685393,0.061185287016465));
#10671=CARTESIAN_POINT('',(-0.399999999998999,2.0607711188145,0.0251926811597519));
#10672=CARTESIAN_POINT('',(-0.399999999998999,2.1854468312457,0.0341908326239301));
#10673=CARTESIAN_POINT('Origin',(-0.399999999998999,2.5594739685393,0.061185287016465));
#10674=CARTESIAN_POINT('Origin',(-8.32667268468867E-16,6.65042232852042,
4.14660219170803));
#10675=CARTESIAN_POINT('',(0.400000000001001,2.23808016369604,0.444207508575954));
#10676=CARTESIAN_POINT('',(-4.16333634234434E-16,2.23808016369604,0.444207508575955));
#10677=CARTESIAN_POINT('',(0.400000000001001,2.63197905105383,0.774727919679016));
#10678=CARTESIAN_POINT('',(0.400000000001,6.61212010636447,4.11446281122371));
#10679=CARTESIAN_POINT('',(-0.399999999998999,2.63197905105383,0.774727919679016));
#10680=CARTESIAN_POINT('',(-4.16333634234434E-16,2.63197905105383,0.774727919679016));
#10681=CARTESIAN_POINT('',(-0.399999999998999,4.31398677700753,2.1860999821641));
#10682=CARTESIAN_POINT('Origin',(0.400000000001,6.65416633541934,3.98656787534951));
#10683=CARTESIAN_POINT('',(0.400000000001001,2.39877706611767,0.25269639779621));
#10684=CARTESIAN_POINT('',(0.400000000001001,1.92525873344998,0.817013571912155));
#10685=CARTESIAN_POINT('',(0.400000000001001,2.79267595347546,0.583216808899269));
#10686=CARTESIAN_POINT('',(0.400000000001,6.77281700878611,3.92295170044396));
#10687=CARTESIAN_POINT('',(0.400000000001001,3.27579382297045,0.00745935228215477));
#10688=CARTESIAN_POINT('Origin',(4.47084869126257E-9,2.5594739685393,0.061185287016465));
#10689=CARTESIAN_POINT('',(-4.16333634234434E-16,2.39877706611767,0.252696397796209));
#10690=CARTESIAN_POINT('',(0.400000000001001,2.3101225436769,0.043188984088108));
#10691=CARTESIAN_POINT('Origin',(0.400000000001001,2.5594739685393,0.061185287016465));
#10692=CARTESIAN_POINT('',(-0.750000000000001,2.3101225436769,0.0431889840881081));
#10693=CARTESIAN_POINT('Origin',(4.47084869126257E-9,2.5594739685393,0.061185287016465));
#10694=CARTESIAN_POINT('',(0.400000000001001,2.0607711188145,0.0251926811597519));
#10695=CARTESIAN_POINT('',(-0.750000000000001,2.0607711188145,0.0251926811597514));
#10696=CARTESIAN_POINT('Origin',(0.400000000001001,2.5594739685393,0.061185287016465));
#10697=CARTESIAN_POINT('Origin',(0.400000000001001,2.79267595347546,0.583216808899269));
#10698=CARTESIAN_POINT('',(0.400000000001001,3.03887789172851,0.626628853316002));
#10699=CARTESIAN_POINT('Origin',(0.400000000001001,2.9533728558971,0.391705698119525));
#10700=CARTESIAN_POINT('',(0.400000000001001,3.12438292755993,0.861552008512479));
#10701=CARTESIAN_POINT('',(0.400000000001001,2.78181624262727,-0.0796422229974283));
#10702=CARTESIAN_POINT('Origin',(0.400000000001001,2.9533728558971,0.391705698119525));
#10703=CARTESIAN_POINT('Origin',(-8.32667268468867E-16,2.9533728558971,
0.391705698119525));
#10704=CARTESIAN_POINT('',(-0.399999999998999,2.79267595347546,0.58321680889927));
#10705=CARTESIAN_POINT('',(-4.16333634234434E-16,2.79267595347546,0.583216808899271));
#10706=CARTESIAN_POINT('',(-0.399999999998999,3.03887789172851,0.626628853316003));
#10707=CARTESIAN_POINT('Origin',(-0.399999999998999,2.9533728558971,0.391705698119525));
#10708=CARTESIAN_POINT('',(-4.16333634234434E-16,3.03887789172851,0.626628853316003));
#10709=CARTESIAN_POINT('Origin',(-0.399999999998999,2.05789967670546,0.12984221723029));
#10710=CARTESIAN_POINT('',(-0.399999999998999,3.27579382297045,0.00745935228215533));
#10711=CARTESIAN_POINT('',(-0.399999999998999,4.47468367942917,1.99458887138435));
#10712=CARTESIAN_POINT('Origin',(0.400000000001001,2.39877706611767,0.25269639779621));
#10713=CARTESIAN_POINT('',(0.400000000001001,2.1854468312457,0.0341908326239254));
#10714=CARTESIAN_POINT('Origin',(-8.32667268468867E-16,7.61397253631488,
-1.03856941626416));
#10715=CARTESIAN_POINT('',(-0.399999999998999,6.31356511088242,-0.565259820987999));
#10716=CARTESIAN_POINT('',(-0.399999999998999,4.74791004291786,0.00459202087913613));
#10717=CARTESIAN_POINT('',(0.400000000001001,6.31356511088242,-0.565259820987999));
#10718=CARTESIAN_POINT('',(-4.16333634234434E-16,6.31356511088242,-0.565259820987998));
#10719=CARTESIAN_POINT('',(0.400000000001,7.56698790527558,-1.02146840909788));
#10720=CARTESIAN_POINT('Origin',(-0.399999999998999,1.92460006743655,1.16521503562068));
#10721=CARTESIAN_POINT('',(-0.399999999998999,3.12438292755993,0.861552008512479));
#10722=CARTESIAN_POINT('',(-0.399999999998999,2.78181624262727,-0.0796422229974279));
#10723=CARTESIAN_POINT('',(-0.399999999998999,6.39907014671384,-0.330336665791522));
#10724=CARTESIAN_POINT('',(-0.399999999998999,4.83341507874928,0.239515176075613));
#10725=CARTESIAN_POINT('',(-0.399999999998999,6.15534950382388,-0.999953628786643));
#10726=CARTESIAN_POINT('Origin',(-8.32667268468867E-16,2.9533728558971,
0.391705698119525));
#10727=CARTESIAN_POINT('',(-4.16333634234434E-16,3.12438292755993,0.861552008512479));
#10728=CARTESIAN_POINT('Origin',(-0.399999999998999,2.9533728558971,0.391705698119525));
#10729=CARTESIAN_POINT('Origin',(-8.32667268468867E-16,6.81111923094206,
3.95509108092829));
#10730=CARTESIAN_POINT('Origin',(-0.399999999998999,6.39907014671384,-0.330336665791522));
#10731=CARTESIAN_POINT('Origin',(-0.399999999998999,6.228060075051,-0.800182976184475));
#10732=CARTESIAN_POINT('Origin',(-0.399999999998999,6.228060075051,-0.800182976184475));
#10733=CARTESIAN_POINT('Origin',(-4.16333634234434E-16,6.228060075051,-0.800182976184475));
#10734=CARTESIAN_POINT('',(0.400000000001001,6.39907014671384,-0.330336665791522));
#10735=CARTESIAN_POINT('',(-4.16333634234434E-16,6.39907014671384,-0.330336665791522));
#10736=CARTESIAN_POINT('Origin',(0.400000000001001,6.228060075051,-0.800182976184475));
#10737=CARTESIAN_POINT('Origin',(0.400000000001,7.56275579215199,-0.886905824333358));
#10738=CARTESIAN_POINT('',(0.400000000001001,6.15534950382388,-0.999953628786643));
#10739=CARTESIAN_POINT('',(0.400000000001,7.652492941107,-0.786545253901403));
#10740=CARTESIAN_POINT('Origin',(-0.399999999998999,2.63197905105383,0.774727919679015));
#10741=CARTESIAN_POINT('Origin',(-4.16333634234434E-16,6.228060075051,-0.800182976184475));
#10742=CARTESIAN_POINT('Origin',(0.400000000001,6.228060075051,-0.800182976184475));
#10743=CARTESIAN_POINT('Origin',(2.77555756156289E-16,1.2965398035269,-0.800182976184471));
#10744=CARTESIAN_POINT('Origin',(0.749999999999999,1.2965398035269,-0.800182976184471));
#10745=CARTESIAN_POINT('Origin',(-0.75,1.2965398035269,-0.800182976184471));
#10746=CARTESIAN_POINT('Origin',(0.749999999999999,1.2965398035269,-1.05018297618447));
#10747=CARTESIAN_POINT('Origin',(0.749999999999999,1.2965398035269,-0.800182976184471));
#10748=CARTESIAN_POINT('Origin',(-8.32667268468867E-16,7.69947757214629,
-0.803646261067687));
#10749=CARTESIAN_POINT('Origin',(-8.32667268468867E-16,4.13661107155979,
-4.77223888439617));
#10750=CARTESIAN_POINT('',(-0.75,1.1008877643138,-0.955811635343877));
#10751=CARTESIAN_POINT('',(-4.16333634234434E-16,1.1008877643138,-0.955811635343876));
#10752=CARTESIAN_POINT('',(-0.749999999999999,-2.02628383115264,2.97558186844272));
#10753=CARTESIAN_POINT('',(-4.16333634234434E-16,0.391304078426207,-0.0637426816811904));
#10754=CARTESIAN_POINT('Origin',(-0.75,1.2965398035269,-1.30018297618447));
#10755=CARTESIAN_POINT('',(-0.75,0.947669908871033,-1.07768662063787));
#10756=CARTESIAN_POINT('Origin',(-0.75,1.2965398035269,-0.800182976184471));
#10757=CARTESIAN_POINT('Origin',(0.,0.,-0.375));
#10758=CARTESIAN_POINT('Origin',(-0.29999999999868,0.,-0.375));
#10759=CARTESIAN_POINT('',(0.374999999999999,0.30918490153487,0.0179436303884728));
#10760=CARTESIAN_POINT('Origin',(2.77555756156289E-16,1.2965398035269,-0.800182976184471));
#10761=CARTESIAN_POINT('Origin',(-8.32667268468867E-16,6.34,-0.125));
#10762=CARTESIAN_POINT('',(0.145051696496714,-3.44821001627093,-0.125));
#10763=CARTESIAN_POINT('',(1.42338517962299,1.40456050078893,-0.125));
#10764=CARTESIAN_POINT('',(-0.145051696496717,-3.44821001627092,-0.125));
#10765=CARTESIAN_POINT('Origin',(0.,-3.41,-0.125));
#10766=CARTESIAN_POINT('',(-1.34591102785797,1.1104554926613,-0.125));
#10767=CARTESIAN_POINT('Origin',(0.400000000001001,6.31356511088242,-0.565259820988));
#10768=CARTESIAN_POINT('Origin',(-0.750000000000001,7.83612433544272,-9.6239629707756));
#10769=CARTESIAN_POINT('Origin',(0.749999999999999,2.1854468312457,0.0341908326239251));
#10770=CARTESIAN_POINT('Origin',(0.,-3.41,0.));
#10771=CARTESIAN_POINT('',(0.145051696496714,-3.44821001627093,0.));
#10772=CARTESIAN_POINT('',(-0.145051696496717,-3.44821001627092,0.));
#10773=CARTESIAN_POINT('Origin',(0.749999999999999,0.231888676151152,-0.0802922772086454));
#10774=CARTESIAN_POINT('Origin',(-0.145051696496717,-3.44821001627092,0.));
#10775=CARTESIAN_POINT('Origin',(-0.29999999999868,-2.31553211611622E-34,
-0.125));
#10776=CARTESIAN_POINT('Origin',(0.30000000000004,-2.86,0.));
#10777=CARTESIAN_POINT('Origin',(-2.63999999999868,-2.83409944309578,0.));
#10778=CARTESIAN_POINT('',(-2.83999999999868,-2.83409944309578,-0.125));
#10779=CARTESIAN_POINT('',(-2.83340226199446,-2.88504613145643,-0.125));
#10780=CARTESIAN_POINT('Origin',(-2.63999999999868,-2.83409944309578,-0.125));
#10781=CARTESIAN_POINT('',(-2.83340226199446,-2.88504613145643,0.125));
#10782=CARTESIAN_POINT('',(-2.83340226199446,-2.88504613145643,0.));
#10783=CARTESIAN_POINT('',(-2.83999999999868,-2.83409944309578,0.125));
#10784=CARTESIAN_POINT('Origin',(-2.63999999999868,-2.83409944309578,0.125));
#10785=CARTESIAN_POINT('',(-2.83999999999868,-2.83409944309578,0.));
#10786=CARTESIAN_POINT('Origin',(-2.83999999999868,-2.86,0.));
#10787=CARTESIAN_POINT('',(-2.83999999999868,0.,0.125));
#10788=CARTESIAN_POINT('',(-2.83999999999868,1.74,0.125));
#10789=CARTESIAN_POINT('',(-2.83999999999868,0.,-0.0515689414212163));
#10790=CARTESIAN_POINT('',(-2.83999999999868,0.,0.));
#10791=CARTESIAN_POINT('',(-2.83999999999868,-0.0577787063091903,-0.125));
#10792=CARTESIAN_POINT('',(-2.83999999999868,0.0747112239957633,0.0433816834053026));
#10793=CARTESIAN_POINT('',(-2.83999999999868,1.74,-0.125));
#10794=CARTESIAN_POINT('Origin',(-2.54,6.34,0.125));
#10795=CARTESIAN_POINT('',(-2.68505169649672,-3.44821001627092,0.125));
#10796=CARTESIAN_POINT('',(-3.88591102785797,1.1104554926613,0.125));
#10797=CARTESIAN_POINT('',(-2.39494830350329,-3.44821001627093,0.125));
#10798=CARTESIAN_POINT('Origin',(-2.54,-3.41,0.125));
#10799=CARTESIAN_POINT('',(-2.24659773800412,-2.88504613145826,0.125));
#10800=CARTESIAN_POINT('',(-1.11661482037701,1.40456050078893,0.125));
#10801=CARTESIAN_POINT('',(-2.23999999999974,-2.83409944309707,0.125));
#10802=CARTESIAN_POINT('Origin',(-2.43999999999974,-2.834099443097,0.125));
#10803=CARTESIAN_POINT('',(-2.23999999999876,0.,0.125));
#10804=CARTESIAN_POINT('',(-2.23999999999763,3.28999999999995,0.125));
#10805=CARTESIAN_POINT('',(-2.54,0.,0.125));
#10806=CARTESIAN_POINT('Origin',(-2.43999999999974,-2.834099443097,0.));
#10807=CARTESIAN_POINT('',(-2.24659773800412,-2.88504613145826,-0.125));
#10808=CARTESIAN_POINT('',(-2.24659773800412,-2.88504613145826,0.));
#10809=CARTESIAN_POINT('',(-2.23999999999974,-2.83409944309707,-0.125));
#10810=CARTESIAN_POINT('Origin',(-2.43999999999974,-2.834099443097,-0.125));
#10811=CARTESIAN_POINT('',(-2.23999999999974,-2.83409944309707,0.));
#10812=CARTESIAN_POINT('Origin',(-2.23999999999868,0.240000000000001,0.));
#10813=CARTESIAN_POINT('',(-2.23999999999878,-0.0577787063091212,-0.125));
#10814=CARTESIAN_POINT('',(-2.23999999999763,3.28999999999995,-0.125));
#10815=CARTESIAN_POINT('',(-2.23999999999876,0.,-0.0515689414212163));
#10816=CARTESIAN_POINT('',(-2.23999999999872,0.116832395553917,0.0969135537718221));
#10817=CARTESIAN_POINT('',(-2.23999999999876,0.,0.));
#10818=CARTESIAN_POINT('Origin',(-1.939999999999,6.14636774355145,-1.17518297618447));
#10819=CARTESIAN_POINT('',(-2.139999999999,6.14636774355145,-1.05018297618447));
#10820=CARTESIAN_POINT('',(-1.9649999999995,5.94793639522167,-1.05018297618447));
#10821=CARTESIAN_POINT('Origin',(-1.939999999999,6.14636774355145,-1.05018297618447));
#10822=CARTESIAN_POINT('',(-1.9649999999995,5.94793639522167,-1.30018297618447));
#10823=CARTESIAN_POINT('',(-1.9649999999995,5.94793639522167,-1.17518297618447));
#10824=CARTESIAN_POINT('',(-2.139999999999,6.14636774355145,-1.30018297618447));
#10825=CARTESIAN_POINT('Origin',(-1.939999999999,6.14636774355145,-1.30018297618447));
#10826=CARTESIAN_POINT('',(-2.139999999999,6.14636774355145,-1.17518297618447));
#10827=CARTESIAN_POINT('Origin',(-2.139999999999,5.94950504689189,-1.17518297618447));
#10828=CARTESIAN_POINT('',(-2.139999999999,6.228060075051,-1.30018297618447));
#10829=CARTESIAN_POINT('',(-2.139999999999,5.89950504689189,-1.30018297618447));
#10830=CARTESIAN_POINT('',(-2.139999999999,6.228060075051,-1.05018297618447));
#10831=CARTESIAN_POINT('',(-2.139999999999,6.228060075051,-0.587591488092239));
#10832=CARTESIAN_POINT('',(-2.139999999999,5.89950504689189,-1.05018297618447));
#10833=CARTESIAN_POINT('Origin',(-1.99,5.74950504689189,-1.17518297618447));
#10834=CARTESIAN_POINT('',(-1.79,5.74950504689189,-1.05018297618447));
#10835=CARTESIAN_POINT('Origin',(-1.99,5.74950504689189,-1.05018297618447));
#10836=CARTESIAN_POINT('',(-1.79,5.74950504689189,-1.30018297618447));
#10837=CARTESIAN_POINT('',(-1.79,5.74950504689189,-1.17518297618447));
#10838=CARTESIAN_POINT('Origin',(-1.99,5.74950504689189,-1.30018297618447));
#10839=CARTESIAN_POINT('Origin',(-1.79,-0.25049495310811,-1.17518297618447));
#10840=CARTESIAN_POINT('',(-1.79,1.2965398035269,-1.05018297618447));
#10841=CARTESIAN_POINT('',(-1.79,11.9495050468919,-1.05018297618448));
#10842=CARTESIAN_POINT('',(-1.79,1.2965398035269,-1.30018297618447));
#10843=CARTESIAN_POINT('',(-1.79,1.2965398035269,-1.24596148181492));
#10844=CARTESIAN_POINT('',(-1.79,11.9495050468919,-1.30018297618448));
#10845=CARTESIAN_POINT('Origin',(-2.54,5.84950504689189,-1.05018297618447));
#10846=CARTESIAN_POINT('',(-2.939999999999,6.228060075051,-1.05018297618447));
#10847=CARTESIAN_POINT('',(-2.54,6.228060075051,-1.05018297618447));
#10848=CARTESIAN_POINT('',(-2.939999999999,6.14636774355171,-1.05018297618447));
#10849=CARTESIAN_POINT('',(-2.939999999999,8.89950504689189,-1.05018297618448));
#10850=CARTESIAN_POINT('',(-3.1149999999995,5.9479363952218,-1.05018297618447));
#10851=CARTESIAN_POINT('Origin',(-3.139999999999,6.14636774355171,-1.05018297618447));
#10852=CARTESIAN_POINT('',(-3.29,5.74950504689189,-1.05018297618447));
#10853=CARTESIAN_POINT('Origin',(-3.09,5.74950504689189,-1.05018297618447));
#10854=CARTESIAN_POINT('',(-3.29,1.2965398035269,-1.05018297618447));
#10855=CARTESIAN_POINT('',(-3.29,-4.05049495310811,-1.05018297618447));
#10856=CARTESIAN_POINT('',(-2.54,1.2965398035269,-1.05018297618447));
#10857=CARTESIAN_POINT('Origin',(-3.139999999999,6.14636774355171,-1.17518297618447));
#10858=CARTESIAN_POINT('',(-3.1149999999995,5.9479363952218,-1.30018297618447));
#10859=CARTESIAN_POINT('',(-2.939999999999,6.14636774355171,-1.30018297618447));
#10860=CARTESIAN_POINT('Origin',(-3.139999999999,6.14636774355171,-1.30018297618447));
#10861=CARTESIAN_POINT('',(-3.1149999999995,5.9479363952218,-1.17518297618447));
#10862=CARTESIAN_POINT('',(-2.939999999999,6.14636774355171,-1.17518297618447));
#10863=CARTESIAN_POINT('Origin',(-2.939999999999,11.9495050468919,-1.17518297618448));
#10864=CARTESIAN_POINT('',(-2.939999999999,6.228060075051,-1.30018297618447));
#10865=CARTESIAN_POINT('',(-2.939999999999,6.228060075051,-0.587591488092239));
#10866=CARTESIAN_POINT('',(-2.939999999999,8.89950504689189,-1.30018297618448));
#10867=CARTESIAN_POINT('Origin',(-3.09,5.74950504689189,-1.17518297618447));
#10868=CARTESIAN_POINT('',(-3.29,5.74950504689189,-1.30018297618447));
#10869=CARTESIAN_POINT('Origin',(-3.09,5.74950504689189,-1.30018297618447));
#10870=CARTESIAN_POINT('',(-3.29,5.74950504689189,-1.17518297618447));
#10871=CARTESIAN_POINT('Origin',(-3.29,11.9495050468919,-1.17518297618448));
#10872=CARTESIAN_POINT('',(-3.29,1.2965398035269,-1.30018297618447));
#10873=CARTESIAN_POINT('',(-3.29,-4.05049495310811,-1.30018297618447));
#10874=CARTESIAN_POINT('',(-3.29,1.2965398035269,-1.24596148181492));
#10875=CARTESIAN_POINT('Origin',(-2.54,5.84950504689189,-1.30018297618447));
#10876=CARTESIAN_POINT('',(-2.54,1.2965398035269,-1.30018297618447));
#10877=CARTESIAN_POINT('',(-2.54,6.228060075051,-1.30018297618447));
#10878=CARTESIAN_POINT('Origin',(-3.03999999999868,0.0195130047553942,-0.0267698296589383));
#10879=CARTESIAN_POINT('',(-3.03999999999868,0.157177452155389,-0.175242902035164));
#10880=CARTESIAN_POINT('Origin',(-3.03999999999868,0.,-0.0515689414212163));
#10881=CARTESIAN_POINT('',(-2.83999999999868,0.126195190848813,0.108812746635133));
#10882=CARTESIAN_POINT('',(-2.83999999999868,0.0195130047553942,-0.0267698296589383));
#10883=CARTESIAN_POINT('',(-3.03999999999868,0.30918490153487,0.0179436303884728));
#10884=CARTESIAN_POINT('Ctrl Pts',(-2.83999999999868,0.126195190848813,
0.108812746635133));
#10885=CARTESIAN_POINT('Ctrl Pts',(-2.83999999999868,0.151383862171032,
0.10224266511735));
#10886=CARTESIAN_POINT('Ctrl Pts',(-2.84457480436411,0.17773821250827,0.0930448161641343));
#10887=CARTESIAN_POINT('Ctrl Pts',(-2.86467443931004,0.224662176886992,
0.0724189606258286));
#10888=CARTESIAN_POINT('Ctrl Pts',(-2.88023535554882,0.245265571061995,
0.0611031512879882));
#10889=CARTESIAN_POINT('Ctrl Pts',(-2.91629347451052,0.276233587542781,
0.042148879491826));
#10890=CARTESIAN_POINT('Ctrl Pts',(-2.93876629982553,0.288828420478888,
0.0332496524984008));
#10891=CARTESIAN_POINT('Ctrl Pts',(-2.98805023153482,0.305289819281615,
0.0211294793552149));
#10892=CARTESIAN_POINT('Ctrl Pts',(-3.01486043404157,0.30918490153487,0.0179436303884728));
#10893=CARTESIAN_POINT('Ctrl Pts',(-3.03999999999868,0.30918490153487,0.0179436303884728));
#10894=CARTESIAN_POINT('',(-3.03999999999868,0.176690456910783,-0.150443790272886));
#10895=CARTESIAN_POINT('Origin',(-3.03999999999868,0.0747112239957633,0.0433816834053026));
#10896=CARTESIAN_POINT('',(-2.84522280980742,9.16193053004646E-9,-0.125));
#10897=CARTESIAN_POINT('Origin',(-3.03999999999868,-0.0577787063091901,
-0.125));
#10898=CARTESIAN_POINT('',(-3.03999999999868,0.154592450767435,-0.178528184805764));
#10899=CARTESIAN_POINT('',(-3.03999999999868,0.231888676151152,-0.0802922772086454));
#10900=CARTESIAN_POINT('Ctrl Pts',(-3.03999999999868,0.154592450767435,
-0.178528184805764));
#10901=CARTESIAN_POINT('Ctrl Pts',(-3.01031899733165,0.154592450767435,
-0.178528184805764));
#10902=CARTESIAN_POINT('Ctrl Pts',(-2.9791031769916,0.149260520334961,-0.173977151160185));
#10903=CARTESIAN_POINT('Ctrl Pts',(-2.92367475681115,0.126325072602148,
-0.158826754699935));
#10904=CARTESIAN_POINT('Ctrl Pts',(-2.89948618994662,0.108484816935687,
-0.148500013585692));
#10905=CARTESIAN_POINT('Ctrl Pts',(-2.87275397607612,0.0744020225565533,
-0.136006024136919));
#10906=CARTESIAN_POINT('Ctrl Pts',(-2.86451147384745,0.0603261048027311,
-0.131889673485126));
#10907=CARTESIAN_POINT('Ctrl Pts',(-2.85216311807081,0.0304758853799385,
-0.126423868631803));
#10908=CARTESIAN_POINT('Ctrl Pts',(-2.84792829356791,0.0147670894170115,
-0.12500000054118));
#10909=CARTESIAN_POINT('Ctrl Pts',(-2.84522280980742,9.16192847468862E-9,
-0.125));
#10910=CARTESIAN_POINT('Origin',(-2.83999999999868,0.231888676151152,-0.0802922772086454));
#10911=CARTESIAN_POINT('',(-3.09,0.30918490153487,0.0179436303884728));
#10912=CARTESIAN_POINT('',(-2.68999999999934,0.30918490153487,0.0179436303884728));
#10913=CARTESIAN_POINT('',(-3.09,0.154592450767435,-0.178528184805764));
#10914=CARTESIAN_POINT('',(-3.09,-1.49832209846496,-2.2792201670889));
#10915=CARTESIAN_POINT('',(-2.68999999999934,0.154592450767435,-0.178528184805764));
#10916=CARTESIAN_POINT('Origin',(-2.03999999999876,0.0802591235906014,0.0504325186724981));
#10917=CARTESIAN_POINT('',(-2.03999999999876,0.157177452155389,-0.175242902035164));
#10918=CARTESIAN_POINT('Origin',(-2.03999999999876,1.73472347597681E-17,
-0.0515689414212163));
#10919=CARTESIAN_POINT('',(-2.03999999999876,0.30918490153487,0.0179436303884728));
#10920=CARTESIAN_POINT('',(-2.03999999999876,0.237436575745991,-0.07324144194145));
#10921=CARTESIAN_POINT('',(-2.23999999999876,0.126195190848813,0.108812746635133));
#10922=CARTESIAN_POINT('Ctrl Pts',(-2.03999999999876,0.30918490153487,0.0179436303884729));
#10923=CARTESIAN_POINT('Ctrl Pts',(-2.06513956595588,0.30918490153487,0.0179436303884729));
#10924=CARTESIAN_POINT('Ctrl Pts',(-2.09194976846262,0.305289819281615,
0.0211294793552149));
#10925=CARTESIAN_POINT('Ctrl Pts',(-2.14123370017191,0.288828420478887,
0.0332496524984009));
#10926=CARTESIAN_POINT('Ctrl Pts',(-2.16370652548692,0.27623358754278,0.042148879491826));
#10927=CARTESIAN_POINT('Ctrl Pts',(-2.19976464444862,0.245265571061995,
0.0611031512879883));
#10928=CARTESIAN_POINT('Ctrl Pts',(-2.2153255606874,0.224662176886992,0.0724189606258287));
#10929=CARTESIAN_POINT('Ctrl Pts',(-2.23542519563333,0.17773821250827,0.0930448161641343));
#10930=CARTESIAN_POINT('Ctrl Pts',(-2.23999999999876,0.151383862171032,
0.10224266511735));
#10931=CARTESIAN_POINT('Ctrl Pts',(-2.23999999999876,0.126195190848813,
0.108812746635133));
#10932=CARTESIAN_POINT('',(-2.23999999999876,0.0802591235906014,0.0504325186724981));
#10933=CARTESIAN_POINT('Origin',(-2.03999999999872,0.116832395553849,0.0969135537718221));
#10934=CARTESIAN_POINT('',(-2.03999999999876,0.154592450767435,-0.178528184805764));
#10935=CARTESIAN_POINT('',(-2.23477719019003,9.16193042962892E-9,-0.125));
#10936=CARTESIAN_POINT('Ctrl Pts',(-2.23477719019003,9.16192838316174E-9,
-0.125));
#10937=CARTESIAN_POINT('Ctrl Pts',(-2.23207170642954,0.0147670894170112,
-0.12500000054118));
#10938=CARTESIAN_POINT('Ctrl Pts',(-2.22783688192665,0.0304758853799378,
-0.126423868631803));
#10939=CARTESIAN_POINT('Ctrl Pts',(-2.21548852615,0.0603261048027304,-0.131889673485125));
#10940=CARTESIAN_POINT('Ctrl Pts',(-2.20724602392133,0.074402022556553,
-0.136006024136919));
#10941=CARTESIAN_POINT('Ctrl Pts',(-2.18051381005083,0.108484816935686,
-0.148500013585692));
#10942=CARTESIAN_POINT('Ctrl Pts',(-2.1563252431863,0.126325072602147,-0.158826754699935));
#10943=CARTESIAN_POINT('Ctrl Pts',(-2.10089682300584,0.149260520334961,
-0.173977151160185));
#10944=CARTESIAN_POINT('Ctrl Pts',(-2.06968100266579,0.154592450767435,
-0.178528184805764));
#10945=CARTESIAN_POINT('Ctrl Pts',(-2.03999999999876,0.154592450767435,
-0.178528184805764));
#10946=CARTESIAN_POINT('',(-2.03999999999872,0.274009847709238,-0.0267604068421259));
#10947=CARTESIAN_POINT('Origin',(-2.03999999999878,-0.0577787063091901,
-0.125));
#10948=CARTESIAN_POINT('Origin',(-2.23999999999876,-2.26378460416455E-30,
0.125));
#10949=CARTESIAN_POINT('Origin',(-2.23999999999876,0.,-0.375));
#10950=CARTESIAN_POINT('Origin',(-1.99,0.394736778578878,-0.196759398505364));
#10951=CARTESIAN_POINT('',(-1.80893844292669,0.391304078426207,-0.0637426816811904));
#10952=CARTESIAN_POINT('',(-1.99,0.30918490153487,0.0179436303884728));
#10953=CARTESIAN_POINT('Ctrl Pts',(-1.80893844292669,0.391304078426207,
-0.0637426816811904));
#10954=CARTESIAN_POINT('Ctrl Pts',(-1.81883064029095,0.37781720576798,-0.0467873589762199));
#10955=CARTESIAN_POINT('Ctrl Pts',(-1.83269151022209,0.364418417005577,
-0.0322827244120916));
#10956=CARTESIAN_POINT('Ctrl Pts',(-1.86629347451184,0.340462287691003,
-0.00838901651989515));
#10957=CARTESIAN_POINT('Ctrl Pts',(-1.88876629982685,0.328850013747211,
0.00175894640984053));
#10958=CARTESIAN_POINT('Ctrl Pts',(-1.93805023153614,0.313197618590737,
0.014907283697453));
#10959=CARTESIAN_POINT('Ctrl Pts',(-1.96486043404289,0.30918490153487,0.0179436303884729));
#10960=CARTESIAN_POINT('Ctrl Pts',(-1.99,0.30918490153487,0.0179436303884729));
#10961=CARTESIAN_POINT('',(-1.99,0.154592450767435,-0.178528184805764));
#10962=CARTESIAN_POINT('',(-1.99,0.237559326423489,-0.0730854378914163));
#10963=CARTESIAN_POINT('',(-1.84964082419844,0.195652039213104,-0.219371340840595));
#10964=CARTESIAN_POINT('Ctrl Pts',(-1.99,0.154592450767435,-0.178528184805764));
#10965=CARTESIAN_POINT('Ctrl Pts',(-1.96031899733297,0.154592450767435,
-0.178528184805764));
#10966=CARTESIAN_POINT('Ctrl Pts',(-1.92910317699292,0.160270043233908,
-0.182639915969711));
#10967=CARTESIAN_POINT('Ctrl Pts',(-1.882102588502,0.177331262861453,-0.198520249108021));
#10968=CARTESIAN_POINT('Ctrl Pts',(-1.86444326409459,0.186323889603893,
-0.207644249551724));
#10969=CARTESIAN_POINT('Ctrl Pts',(-1.84964082419844,0.195652039213104,
-0.219371340840595));
#10970=CARTESIAN_POINT('',(-1.79,0.286790667334897,-0.333948299476791));
#10971=CARTESIAN_POINT('Origin',(-1.99,0.286790667334898,-0.33394829947679));
#10972=CARTESIAN_POINT('',(-1.79,0.445645580745343,-0.132059313078448));
#10973=CARTESIAN_POINT('',(-1.79,0.394736778578878,-0.196759398505364));
#10974=CARTESIAN_POINT('Origin',(-1.99,0.445645580745342,-0.132059313078447));
#10975=CARTESIAN_POINT('Origin',(-1.79,0.241445768463759,-0.076143457176152));
#10976=CARTESIAN_POINT('',(-1.79,0.905235725100693,-1.11144029450328));
#10977=CARTESIAN_POINT('',(-1.79,7.73829831583617,-9.7017773003553));
#10978=CARTESIAN_POINT('',(-1.79,1.1008877643138,-0.955811635343876));
#10979=CARTESIAN_POINT('',(-1.79,0.947669908871033,-1.07768662063787));
#10980=CARTESIAN_POINT('',(-1.79,7.93395035504927,-9.5461486411959));
#10981=CARTESIAN_POINT('Origin',(-2.54,3.94095903234669,-4.92786754355558));
#10982=CARTESIAN_POINT('',(-3.23035917580156,0.195652039213104,-0.219371340840595));
#10983=CARTESIAN_POINT('',(-2.54,0.195652039213104,-0.219371340840595));
#10984=CARTESIAN_POINT('',(-3.29,0.286790667334897,-0.33394829947679));
#10985=CARTESIAN_POINT('Origin',(-3.09,0.286790667334897,-0.333948299476791));
#10986=CARTESIAN_POINT('',(-3.29,0.905235725100693,-1.11144029450328));
#10987=CARTESIAN_POINT('',(-3.29,-2.22193587036575,2.81995320928332));
#10988=CARTESIAN_POINT('',(-2.54,0.905235725100692,-1.11144029450328));
#10989=CARTESIAN_POINT('Origin',(-2.54,0.,-0.375));
#10990=CARTESIAN_POINT('',(-2.165,0.154592450767435,-0.178528184805764));
#10991=CARTESIAN_POINT('',(-2.54,0.,-0.125));
#10992=CARTESIAN_POINT('Ctrl Pts',(-3.23035917580156,0.195652039213104,
-0.219371340840595));
#10993=CARTESIAN_POINT('Ctrl Pts',(-3.21555673590541,0.186323889603893,
-0.207644249551724));
#10994=CARTESIAN_POINT('Ctrl Pts',(-3.197897411498,0.177331262861452,-0.19852024910802));
#10995=CARTESIAN_POINT('Ctrl Pts',(-3.15089682300708,0.160270043233908,
-0.18263991596971));
#10996=CARTESIAN_POINT('Ctrl Pts',(-3.11968100266703,0.154592450767434,
-0.178528184805763));
#10997=CARTESIAN_POINT('Ctrl Pts',(-3.09,0.154592450767434,-0.178528184805763));
#10998=CARTESIAN_POINT('Origin',(-3.09,-1.34114464630957,-2.40289412770285));
#10999=CARTESIAN_POINT('',(-3.27106155707331,0.391304078426207,-0.0637426816811903));
#11000=CARTESIAN_POINT('Ctrl Pts',(-3.09,0.309184901534869,0.0179436303884734));
#11001=CARTESIAN_POINT('Ctrl Pts',(-3.11513956595711,0.309184901534869,
0.0179436303884734));
#11002=CARTESIAN_POINT('Ctrl Pts',(-3.14194976846386,0.313197618590736,
0.0149072836974534));
#11003=CARTESIAN_POINT('Ctrl Pts',(-3.19123370017315,0.328850013747211,
0.00175894640984097));
#11004=CARTESIAN_POINT('Ctrl Pts',(-3.21370652548816,0.340462287691003,
-0.00838901651989442));
#11005=CARTESIAN_POINT('Ctrl Pts',(-3.24730848976369,0.364418416995441,
-0.0322827244019816));
#11006=CARTESIAN_POINT('Ctrl Pts',(-3.26116935975693,0.377817205833262,
-0.0467873590582905));
#11007=CARTESIAN_POINT('Ctrl Pts',(-3.27106155707331,0.391304078426207,
-0.0637426816811903));
#11008=CARTESIAN_POINT('',(-3.29,0.445645580745342,-0.132059313078448));
#11009=CARTESIAN_POINT('Origin',(-3.09,0.445645580745341,-0.132059313078447));
#11010=CARTESIAN_POINT('',(-3.29,-1.34114464630957,-2.40289412770285));
#11011=CARTESIAN_POINT('Origin',(-2.939999999999,2.23808016369604,0.444207508575955));
#11012=CARTESIAN_POINT('',(-2.939999999999,2.23808016369604,0.444207508575955));
#11013=CARTESIAN_POINT('',(-2.939999999999,2.39877706611767,0.25269639779621));
#11014=CARTESIAN_POINT('',(-2.939999999999,1.92525873344998,0.817013571912155));
#11015=CARTESIAN_POINT('',(-2.939999999999,2.3101225436769,0.043188984088108));
#11016=CARTESIAN_POINT('Origin',(-2.939999999999,2.5594739685393,0.061185287016465));
#11017=CARTESIAN_POINT('',(-2.939999999999,2.0607711188145,0.0251926811597519));
#11018=CARTESIAN_POINT('',(-2.939999999999,2.1854468312457,0.0341908326239301));
#11019=CARTESIAN_POINT('Origin',(-2.939999999999,2.5594739685393,0.061185287016465));
#11020=CARTESIAN_POINT('Origin',(-2.54,6.65042232852042,4.14660219170803));
#11021=CARTESIAN_POINT('',(-2.139999999999,2.23808016369604,0.444207508575954));
#11022=CARTESIAN_POINT('',(-2.54,2.23808016369604,0.444207508575955));
#11023=CARTESIAN_POINT('',(-2.139999999999,2.63197905105383,0.774727919679016));
#11024=CARTESIAN_POINT('',(-2.139999999999,6.61212010636447,4.11446281122371));
#11025=CARTESIAN_POINT('',(-2.939999999999,2.63197905105383,0.774727919679016));
#11026=CARTESIAN_POINT('',(-2.54,2.63197905105383,0.774727919679016));
#11027=CARTESIAN_POINT('',(-2.939999999999,4.31398677700753,2.1860999821641));
#11028=CARTESIAN_POINT('Origin',(-2.139999999999,6.65416633541934,3.98656787534951));
#11029=CARTESIAN_POINT('',(-2.139999999999,2.39877706611767,0.25269639779621));
#11030=CARTESIAN_POINT('',(-2.139999999999,1.92525873344998,0.817013571912155));
#11031=CARTESIAN_POINT('',(-2.139999999999,2.79267595347546,0.583216808899269));
#11032=CARTESIAN_POINT('',(-2.139999999999,6.77281700878611,3.92295170044396));
#11033=CARTESIAN_POINT('',(-2.139999999999,3.27579382297045,0.00745935228215477));
#11034=CARTESIAN_POINT('Origin',(-2.53999999552915,2.5594739685393,0.061185287016465));
#11035=CARTESIAN_POINT('',(-2.54,2.39877706611767,0.252696397796209));
#11036=CARTESIAN_POINT('',(-2.139999999999,2.3101225436769,0.043188984088108));
#11037=CARTESIAN_POINT('Origin',(-2.139999999999,2.5594739685393,0.061185287016465));
#11038=CARTESIAN_POINT('',(-3.29,2.3101225436769,0.0431889840881081));
#11039=CARTESIAN_POINT('Origin',(-2.53999999552915,2.5594739685393,0.061185287016465));
#11040=CARTESIAN_POINT('',(-2.139999999999,2.0607711188145,0.0251926811597519));
#11041=CARTESIAN_POINT('',(-3.29,2.0607711188145,0.0251926811597514));
#11042=CARTESIAN_POINT('Origin',(-2.139999999999,2.5594739685393,0.061185287016465));
#11043=CARTESIAN_POINT('Origin',(-2.139999999999,2.79267595347546,0.583216808899269));
#11044=CARTESIAN_POINT('',(-2.139999999999,3.03887789172851,0.626628853316002));
#11045=CARTESIAN_POINT('Origin',(-2.139999999999,2.9533728558971,0.391705698119525));
#11046=CARTESIAN_POINT('',(-2.139999999999,3.12438292755993,0.861552008512479));
#11047=CARTESIAN_POINT('',(-2.139999999999,2.78181624262727,-0.0796422229974283));
#11048=CARTESIAN_POINT('Origin',(-2.139999999999,2.9533728558971,0.391705698119525));
#11049=CARTESIAN_POINT('Origin',(-2.54,2.9533728558971,0.391705698119525));
#11050=CARTESIAN_POINT('',(-2.939999999999,2.79267595347546,0.58321680889927));
#11051=CARTESIAN_POINT('',(-2.54,2.79267595347546,0.583216808899271));
#11052=CARTESIAN_POINT('',(-2.939999999999,3.03887789172851,0.626628853316003));
#11053=CARTESIAN_POINT('Origin',(-2.939999999999,2.9533728558971,0.391705698119525));
#11054=CARTESIAN_POINT('',(-2.54,3.03887789172851,0.626628853316003));
#11055=CARTESIAN_POINT('Origin',(-2.939999999999,2.05789967670546,0.12984221723029));
#11056=CARTESIAN_POINT('',(-2.939999999999,3.27579382297045,0.00745935228215533));
#11057=CARTESIAN_POINT('',(-2.939999999999,4.47468367942917,1.99458887138435));
#11058=CARTESIAN_POINT('Origin',(-2.139999999999,2.39877706611767,0.25269639779621));
#11059=CARTESIAN_POINT('',(-2.139999999999,2.1854468312457,0.0341908326239254));
#11060=CARTESIAN_POINT('Origin',(-2.54,7.61397253631488,-1.03856941626416));
#11061=CARTESIAN_POINT('',(-2.939999999999,6.31356511088242,-0.565259820987999));
#11062=CARTESIAN_POINT('',(-2.939999999999,4.74791004291786,0.00459202087913613));
#11063=CARTESIAN_POINT('',(-2.139999999999,6.31356511088242,-0.565259820987999));
#11064=CARTESIAN_POINT('',(-2.54,6.31356511088242,-0.565259820987998));
#11065=CARTESIAN_POINT('',(-2.139999999999,7.56698790527558,-1.02146840909788));
#11066=CARTESIAN_POINT('Origin',(-2.939999999999,1.92460006743655,1.16521503562068));
#11067=CARTESIAN_POINT('',(-2.939999999999,3.12438292755993,0.861552008512479));
#11068=CARTESIAN_POINT('',(-2.939999999999,2.78181624262727,-0.0796422229974279));
#11069=CARTESIAN_POINT('',(-2.939999999999,6.39907014671384,-0.330336665791522));
#11070=CARTESIAN_POINT('',(-2.939999999999,4.83341507874928,0.239515176075613));
#11071=CARTESIAN_POINT('',(-2.939999999999,6.15534950382388,-0.999953628786643));
#11072=CARTESIAN_POINT('Origin',(-2.54,2.9533728558971,0.391705698119525));
#11073=CARTESIAN_POINT('',(-2.54,3.12438292755993,0.861552008512479));
#11074=CARTESIAN_POINT('Origin',(-2.939999999999,2.9533728558971,0.391705698119525));
#11075=CARTESIAN_POINT('Origin',(-2.54,6.81111923094206,3.95509108092829));
#11076=CARTESIAN_POINT('Origin',(-2.939999999999,6.39907014671384,-0.330336665791522));
#11077=CARTESIAN_POINT('Origin',(-2.939999999999,6.228060075051,-0.800182976184475));
#11078=CARTESIAN_POINT('Origin',(-2.939999999999,6.228060075051,-0.800182976184475));
#11079=CARTESIAN_POINT('Origin',(-2.54,6.228060075051,-0.800182976184475));
#11080=CARTESIAN_POINT('',(-2.139999999999,6.39907014671384,-0.330336665791522));
#11081=CARTESIAN_POINT('',(-2.54,6.39907014671384,-0.330336665791522));
#11082=CARTESIAN_POINT('Origin',(-2.139999999999,6.228060075051,-0.800182976184475));
#11083=CARTESIAN_POINT('Origin',(-2.139999999999,7.56275579215199,-0.886905824333358));
#11084=CARTESIAN_POINT('',(-2.139999999999,6.15534950382388,-0.999953628786643));
#11085=CARTESIAN_POINT('',(-2.139999999999,7.652492941107,-0.786545253901403));
#11086=CARTESIAN_POINT('Origin',(-2.939999999999,2.63197905105383,0.774727919679015));
#11087=CARTESIAN_POINT('Origin',(-2.54,6.228060075051,-0.800182976184475));
#11088=CARTESIAN_POINT('Origin',(-2.139999999999,6.228060075051,-0.800182976184475));
#11089=CARTESIAN_POINT('Origin',(-2.54,1.2965398035269,-0.800182976184471));
#11090=CARTESIAN_POINT('Origin',(-1.79,1.2965398035269,-0.800182976184471));
#11091=CARTESIAN_POINT('Origin',(-3.29,1.2965398035269,-0.800182976184471));
#11092=CARTESIAN_POINT('Origin',(-1.79,1.2965398035269,-1.05018297618447));
#11093=CARTESIAN_POINT('Origin',(-1.79,1.2965398035269,-0.800182976184471));
#11094=CARTESIAN_POINT('Origin',(-2.54,7.69947757214629,-0.803646261067687));
#11095=CARTESIAN_POINT('Origin',(-2.54,4.13661107155979,-4.77223888439617));
#11096=CARTESIAN_POINT('',(-3.29,1.1008877643138,-0.955811635343877));
#11097=CARTESIAN_POINT('',(-2.54,1.1008877643138,-0.955811635343876));
#11098=CARTESIAN_POINT('',(-3.29,-2.02628383115264,2.97558186844272));
#11099=CARTESIAN_POINT('',(-2.54,0.391304078426207,-0.0637426816811904));
#11100=CARTESIAN_POINT('Origin',(-3.29,1.2965398035269,-1.30018297618447));
#11101=CARTESIAN_POINT('',(-3.29,0.947669908871033,-1.07768662063787));
#11102=CARTESIAN_POINT('Origin',(-3.29,1.2965398035269,-0.800182976184471));
#11103=CARTESIAN_POINT('Origin',(-2.54,0.,-0.375));
#11104=CARTESIAN_POINT('Origin',(-2.83999999999868,0.,-0.375));
#11105=CARTESIAN_POINT('',(-2.165,0.30918490153487,0.0179436303884728));
#11106=CARTESIAN_POINT('Origin',(-2.54,1.2965398035269,-0.800182976184471));
#11107=CARTESIAN_POINT('Origin',(-2.54,6.34,-0.125));
#11108=CARTESIAN_POINT('',(-2.39494830350329,-3.44821001627093,-0.125));
#11109=CARTESIAN_POINT('',(-1.11661482037701,1.40456050078893,-0.125));
#11110=CARTESIAN_POINT('',(-2.68505169649672,-3.44821001627092,-0.125));
#11111=CARTESIAN_POINT('Origin',(-2.54,-3.41,-0.125));
#11112=CARTESIAN_POINT('',(-3.88591102785797,1.1104554926613,-0.125));
#11113=CARTESIAN_POINT('Origin',(-2.139999999999,6.31356511088242,-0.565259820988));
#11114=CARTESIAN_POINT('Origin',(-3.29,7.83612433544272,-9.6239629707756));
#11115=CARTESIAN_POINT('Origin',(-1.79,2.1854468312457,0.0341908326239251));
#11116=CARTESIAN_POINT('Origin',(-2.54,-3.41,0.));
#11117=CARTESIAN_POINT('',(-2.39494830350329,-3.44821001627093,0.));
#11118=CARTESIAN_POINT('',(-2.68505169649672,-3.44821001627092,0.));
#11119=CARTESIAN_POINT('Origin',(-1.79,0.231888676151152,-0.0802922772086454));
#11120=CARTESIAN_POINT('Origin',(-2.68505169649672,-3.44821001627092,0.));
#11121=CARTESIAN_POINT('Origin',(-2.83999999999868,-2.31553211611622E-34,
-0.125));
#11122=CARTESIAN_POINT('Origin',(-2.23999999999996,-2.86,0.));
#11123=CARTESIAN_POINT('Origin',(2.44000000000132,-2.83409944309578,0.));
#11124=CARTESIAN_POINT('',(2.24000000000132,-2.83409944309578,-0.125));
#11125=CARTESIAN_POINT('',(2.24659773800554,-2.88504613145643,-0.125));
#11126=CARTESIAN_POINT('Origin',(2.44000000000132,-2.83409944309578,-0.125));
#11127=CARTESIAN_POINT('',(2.24659773800554,-2.88504613145643,0.125));
#11128=CARTESIAN_POINT('',(2.24659773800554,-2.88504613145643,0.));
#11129=CARTESIAN_POINT('',(2.24000000000132,-2.83409944309578,0.125));
#11130=CARTESIAN_POINT('Origin',(2.44000000000132,-2.83409944309578,0.125));
#11131=CARTESIAN_POINT('',(2.24000000000132,-2.83409944309578,0.));
#11132=CARTESIAN_POINT('Origin',(2.24000000000132,-2.86,0.));
#11133=CARTESIAN_POINT('',(2.24000000000132,0.,0.125));
#11134=CARTESIAN_POINT('',(2.24000000000132,1.74,0.125));
#11135=CARTESIAN_POINT('',(2.24000000000132,0.,-0.0515689414212163));
#11136=CARTESIAN_POINT('',(2.24000000000132,0.,0.));
#11137=CARTESIAN_POINT('',(2.24000000000132,-0.0577787063091903,-0.125));
#11138=CARTESIAN_POINT('',(2.24000000000132,0.0747112239957633,0.0433816834053026));
#11139=CARTESIAN_POINT('',(2.24000000000132,1.74,-0.125));
#11140=CARTESIAN_POINT('Origin',(2.54,6.34,0.125));
#11141=CARTESIAN_POINT('',(2.39494830350328,-3.44821001627092,0.125));
#11142=CARTESIAN_POINT('',(1.19408897214203,1.1104554926613,0.125));
#11143=CARTESIAN_POINT('',(2.68505169649671,-3.44821001627093,0.125));
#11144=CARTESIAN_POINT('Origin',(2.54,-3.41,0.125));
#11145=CARTESIAN_POINT('',(2.83340226199588,-2.88504613145826,0.125));
#11146=CARTESIAN_POINT('',(3.96338517962299,1.40456050078893,0.125));
#11147=CARTESIAN_POINT('',(2.84000000000026,-2.83409944309707,0.125));
#11148=CARTESIAN_POINT('Origin',(2.64000000000026,-2.834099443097,0.125));
#11149=CARTESIAN_POINT('',(2.84000000000124,0.,0.125));
#11150=CARTESIAN_POINT('',(2.84000000000237,3.28999999999995,0.125));
#11151=CARTESIAN_POINT('',(2.54,0.,0.125));
#11152=CARTESIAN_POINT('Origin',(2.64000000000026,-2.834099443097,0.));
#11153=CARTESIAN_POINT('',(2.83340226199588,-2.88504613145826,-0.125));
#11154=CARTESIAN_POINT('',(2.83340226199588,-2.88504613145826,0.));
#11155=CARTESIAN_POINT('',(2.84000000000026,-2.83409944309707,-0.125));
#11156=CARTESIAN_POINT('Origin',(2.64000000000026,-2.834099443097,-0.125));
#11157=CARTESIAN_POINT('',(2.84000000000026,-2.83409944309707,0.));
#11158=CARTESIAN_POINT('Origin',(2.84000000000132,0.240000000000001,0.));
#11159=CARTESIAN_POINT('',(2.84000000000122,-0.0577787063091212,-0.125));
#11160=CARTESIAN_POINT('',(2.84000000000237,3.28999999999995,-0.125));
#11161=CARTESIAN_POINT('',(2.84000000000124,0.,-0.0515689414212163));
#11162=CARTESIAN_POINT('',(2.84000000000128,0.116832395553917,0.0969135537718221));
#11163=CARTESIAN_POINT('',(2.84000000000124,0.,0.));
#11164=CARTESIAN_POINT('Origin',(3.140000000001,6.14636774355145,-1.17518297618447));
#11165=CARTESIAN_POINT('',(2.940000000001,6.14636774355145,-1.05018297618447));
#11166=CARTESIAN_POINT('',(3.1150000000005,5.94793639522167,-1.05018297618447));
#11167=CARTESIAN_POINT('Origin',(3.140000000001,6.14636774355145,-1.05018297618447));
#11168=CARTESIAN_POINT('',(3.1150000000005,5.94793639522167,-1.30018297618447));
#11169=CARTESIAN_POINT('',(3.1150000000005,5.94793639522167,-1.17518297618447));
#11170=CARTESIAN_POINT('',(2.940000000001,6.14636774355145,-1.30018297618447));
#11171=CARTESIAN_POINT('Origin',(3.140000000001,6.14636774355145,-1.30018297618447));
#11172=CARTESIAN_POINT('',(2.940000000001,6.14636774355145,-1.17518297618447));
#11173=CARTESIAN_POINT('Origin',(2.940000000001,5.94950504689189,-1.17518297618447));
#11174=CARTESIAN_POINT('',(2.940000000001,6.228060075051,-1.30018297618447));
#11175=CARTESIAN_POINT('',(2.940000000001,5.89950504689189,-1.30018297618447));
#11176=CARTESIAN_POINT('',(2.940000000001,6.228060075051,-1.05018297618447));
#11177=CARTESIAN_POINT('',(2.940000000001,6.228060075051,-0.587591488092239));
#11178=CARTESIAN_POINT('',(2.940000000001,5.89950504689189,-1.05018297618447));
#11179=CARTESIAN_POINT('Origin',(3.09,5.74950504689189,-1.17518297618447));
#11180=CARTESIAN_POINT('',(3.29,5.74950504689189,-1.05018297618447));
#11181=CARTESIAN_POINT('Origin',(3.09,5.74950504689189,-1.05018297618447));
#11182=CARTESIAN_POINT('',(3.29,5.74950504689189,-1.30018297618447));
#11183=CARTESIAN_POINT('',(3.29,5.74950504689189,-1.17518297618447));
#11184=CARTESIAN_POINT('Origin',(3.09,5.74950504689189,-1.30018297618447));
#11185=CARTESIAN_POINT('Origin',(3.29,-0.25049495310811,-1.17518297618447));
#11186=CARTESIAN_POINT('',(3.29,1.2965398035269,-1.05018297618447));
#11187=CARTESIAN_POINT('',(3.29,11.9495050468919,-1.05018297618448));
#11188=CARTESIAN_POINT('',(3.29,1.2965398035269,-1.30018297618447));
#11189=CARTESIAN_POINT('',(3.29,1.2965398035269,-1.24596148181492));
#11190=CARTESIAN_POINT('',(3.29,11.9495050468919,-1.30018297618448));
#11191=CARTESIAN_POINT('Origin',(2.54,5.84950504689189,-1.05018297618447));
#11192=CARTESIAN_POINT('',(2.140000000001,6.228060075051,-1.05018297618447));
#11193=CARTESIAN_POINT('',(2.54,6.228060075051,-1.05018297618447));
#11194=CARTESIAN_POINT('',(2.140000000001,6.14636774355171,-1.05018297618447));
#11195=CARTESIAN_POINT('',(2.140000000001,8.89950504689189,-1.05018297618448));
#11196=CARTESIAN_POINT('',(1.9650000000005,5.9479363952218,-1.05018297618447));
#11197=CARTESIAN_POINT('Origin',(1.940000000001,6.14636774355171,-1.05018297618447));
#11198=CARTESIAN_POINT('',(1.79,5.74950504689189,-1.05018297618447));
#11199=CARTESIAN_POINT('Origin',(1.99,5.74950504689189,-1.05018297618447));
#11200=CARTESIAN_POINT('',(1.79,1.2965398035269,-1.05018297618447));
#11201=CARTESIAN_POINT('',(1.79,-4.05049495310811,-1.05018297618447));
#11202=CARTESIAN_POINT('',(2.54,1.2965398035269,-1.05018297618447));
#11203=CARTESIAN_POINT('Origin',(1.940000000001,6.14636774355171,-1.17518297618447));
#11204=CARTESIAN_POINT('',(1.9650000000005,5.9479363952218,-1.30018297618447));
#11205=CARTESIAN_POINT('',(2.140000000001,6.14636774355171,-1.30018297618447));
#11206=CARTESIAN_POINT('Origin',(1.940000000001,6.14636774355171,-1.30018297618447));
#11207=CARTESIAN_POINT('',(1.9650000000005,5.9479363952218,-1.17518297618447));
#11208=CARTESIAN_POINT('',(2.140000000001,6.14636774355171,-1.17518297618447));
#11209=CARTESIAN_POINT('Origin',(2.140000000001,11.9495050468919,-1.17518297618448));
#11210=CARTESIAN_POINT('',(2.140000000001,6.228060075051,-1.30018297618447));
#11211=CARTESIAN_POINT('',(2.140000000001,6.228060075051,-0.587591488092239));
#11212=CARTESIAN_POINT('',(2.140000000001,8.89950504689189,-1.30018297618448));
#11213=CARTESIAN_POINT('Origin',(1.99,5.74950504689189,-1.17518297618447));
#11214=CARTESIAN_POINT('',(1.79,5.74950504689189,-1.30018297618447));
#11215=CARTESIAN_POINT('Origin',(1.99,5.74950504689189,-1.30018297618447));
#11216=CARTESIAN_POINT('',(1.79,5.74950504689189,-1.17518297618447));
#11217=CARTESIAN_POINT('Origin',(1.79,11.9495050468919,-1.17518297618448));
#11218=CARTESIAN_POINT('',(1.79,1.2965398035269,-1.30018297618447));
#11219=CARTESIAN_POINT('',(1.79,-4.05049495310811,-1.30018297618447));
#11220=CARTESIAN_POINT('',(1.79,1.2965398035269,-1.24596148181492));
#11221=CARTESIAN_POINT('Origin',(2.54,5.84950504689189,-1.30018297618447));
#11222=CARTESIAN_POINT('',(2.54,1.2965398035269,-1.30018297618447));
#11223=CARTESIAN_POINT('',(2.54,6.228060075051,-1.30018297618447));
#11224=CARTESIAN_POINT('Origin',(2.04000000000132,0.0195130047553942,-0.0267698296589383));
#11225=CARTESIAN_POINT('',(2.04000000000132,0.157177452155389,-0.175242902035164));
#11226=CARTESIAN_POINT('Origin',(2.04000000000132,0.,-0.0515689414212163));
#11227=CARTESIAN_POINT('',(2.24000000000132,0.126195190848813,0.108812746635133));
#11228=CARTESIAN_POINT('',(2.24000000000132,0.0195130047553942,-0.0267698296589383));
#11229=CARTESIAN_POINT('',(2.04000000000132,0.30918490153487,0.0179436303884728));
#11230=CARTESIAN_POINT('Ctrl Pts',(2.24000000000132,0.126195190848813,0.108812746635133));
#11231=CARTESIAN_POINT('Ctrl Pts',(2.24000000000132,0.151383862171032,0.10224266511735));
#11232=CARTESIAN_POINT('Ctrl Pts',(2.23542519563589,0.17773821250827,0.0930448161641343));
#11233=CARTESIAN_POINT('Ctrl Pts',(2.21532556068996,0.224662176886992,0.0724189606258286));
#11234=CARTESIAN_POINT('Ctrl Pts',(2.19976464445118,0.245265571061995,0.0611031512879882));
#11235=CARTESIAN_POINT('Ctrl Pts',(2.16370652548948,0.276233587542781,0.042148879491826));
#11236=CARTESIAN_POINT('Ctrl Pts',(2.14123370017447,0.288828420478888,0.0332496524984008));
#11237=CARTESIAN_POINT('Ctrl Pts',(2.09194976846518,0.305289819281615,0.0211294793552149));
#11238=CARTESIAN_POINT('Ctrl Pts',(2.06513956595843,0.30918490153487,0.0179436303884728));
#11239=CARTESIAN_POINT('Ctrl Pts',(2.04000000000132,0.30918490153487,0.0179436303884728));
#11240=CARTESIAN_POINT('',(2.04000000000132,0.176690456910783,-0.150443790272886));
#11241=CARTESIAN_POINT('Origin',(2.04000000000132,0.0747112239957633,0.0433816834053026));
#11242=CARTESIAN_POINT('',(2.23477719019258,9.16193053004646E-9,-0.125));
#11243=CARTESIAN_POINT('Origin',(2.04000000000132,-0.0577787063091901,-0.125));
#11244=CARTESIAN_POINT('',(2.04000000000132,0.154592450767435,-0.178528184805764));
#11245=CARTESIAN_POINT('',(2.04000000000132,0.231888676151152,-0.0802922772086454));
#11246=CARTESIAN_POINT('Ctrl Pts',(2.04000000000132,0.154592450767435,-0.178528184805764));
#11247=CARTESIAN_POINT('Ctrl Pts',(2.06968100266835,0.154592450767435,-0.178528184805764));
#11248=CARTESIAN_POINT('Ctrl Pts',(2.1008968230084,0.149260520334961,-0.173977151160185));
#11249=CARTESIAN_POINT('Ctrl Pts',(2.15632524318885,0.126325072602148,-0.158826754699935));
#11250=CARTESIAN_POINT('Ctrl Pts',(2.18051381005338,0.108484816935687,-0.148500013585692));
#11251=CARTESIAN_POINT('Ctrl Pts',(2.20724602392388,0.0744020225565533,
-0.136006024136919));
#11252=CARTESIAN_POINT('Ctrl Pts',(2.21548852615255,0.0603261048027311,
-0.131889673485126));
#11253=CARTESIAN_POINT('Ctrl Pts',(2.22783688192919,0.0304758853799385,
-0.126423868631803));
#11254=CARTESIAN_POINT('Ctrl Pts',(2.23207170643209,0.0147670894170115,
-0.12500000054118));
#11255=CARTESIAN_POINT('Ctrl Pts',(2.23477719019258,9.16192847468862E-9,
-0.125));
#11256=CARTESIAN_POINT('Origin',(2.24000000000132,0.231888676151152,-0.0802922772086454));
#11257=CARTESIAN_POINT('',(1.99,0.30918490153487,0.0179436303884728));
#11258=CARTESIAN_POINT('',(2.39000000000066,0.30918490153487,0.0179436303884728));
#11259=CARTESIAN_POINT('',(1.99,0.154592450767435,-0.178528184805764));
#11260=CARTESIAN_POINT('',(1.99,-1.49832209846496,-2.2792201670889));
#11261=CARTESIAN_POINT('',(2.39000000000066,0.154592450767435,-0.178528184805764));
#11262=CARTESIAN_POINT('Origin',(3.04000000000124,0.0802591235906014,0.0504325186724981));
#11263=CARTESIAN_POINT('',(3.04000000000124,0.157177452155389,-0.175242902035164));
#11264=CARTESIAN_POINT('Origin',(3.04000000000124,1.73472347597681E-17,
-0.0515689414212163));
#11265=CARTESIAN_POINT('',(3.04000000000124,0.30918490153487,0.0179436303884728));
#11266=CARTESIAN_POINT('',(3.04000000000124,0.237436575745991,-0.07324144194145));
#11267=CARTESIAN_POINT('',(2.84000000000124,0.126195190848813,0.108812746635133));
#11268=CARTESIAN_POINT('Ctrl Pts',(3.04000000000124,0.30918490153487,0.0179436303884729));
#11269=CARTESIAN_POINT('Ctrl Pts',(3.01486043404412,0.30918490153487,0.0179436303884729));
#11270=CARTESIAN_POINT('Ctrl Pts',(2.98805023153738,0.305289819281615,0.0211294793552149));
#11271=CARTESIAN_POINT('Ctrl Pts',(2.93876629982809,0.288828420478887,0.0332496524984009));
#11272=CARTESIAN_POINT('Ctrl Pts',(2.91629347451308,0.27623358754278,0.042148879491826));
#11273=CARTESIAN_POINT('Ctrl Pts',(2.88023535555138,0.245265571061995,0.0611031512879883));
#11274=CARTESIAN_POINT('Ctrl Pts',(2.8646744393126,0.224662176886992,0.0724189606258287));
#11275=CARTESIAN_POINT('Ctrl Pts',(2.84457480436667,0.17773821250827,0.0930448161641343));
#11276=CARTESIAN_POINT('Ctrl Pts',(2.84000000000124,0.151383862171032,0.10224266511735));
#11277=CARTESIAN_POINT('Ctrl Pts',(2.84000000000124,0.126195190848813,0.108812746635133));
#11278=CARTESIAN_POINT('',(2.84000000000124,0.0802591235906014,0.0504325186724981));
#11279=CARTESIAN_POINT('Origin',(3.04000000000128,0.116832395553849,0.0969135537718221));
#11280=CARTESIAN_POINT('',(3.04000000000124,0.154592450767435,-0.178528184805764));
#11281=CARTESIAN_POINT('',(2.84522280980997,9.16193042962892E-9,-0.125));
#11282=CARTESIAN_POINT('Ctrl Pts',(2.84522280980997,9.16192838438383E-9,
-0.125));
#11283=CARTESIAN_POINT('Ctrl Pts',(2.84792829357046,0.0147670894170112,
-0.12500000054118));
#11284=CARTESIAN_POINT('Ctrl Pts',(2.85216311807335,0.0304758853799378,
-0.126423868631803));
#11285=CARTESIAN_POINT('Ctrl Pts',(2.86451147385,0.0603261048027304,-0.131889673485125));
#11286=CARTESIAN_POINT('Ctrl Pts',(2.87275397607867,0.074402022556553,-0.136006024136919));
#11287=CARTESIAN_POINT('Ctrl Pts',(2.89948618994917,0.108484816935686,-0.148500013585692));
#11288=CARTESIAN_POINT('Ctrl Pts',(2.9236747568137,0.126325072602147,-0.158826754699935));
#11289=CARTESIAN_POINT('Ctrl Pts',(2.97910317699416,0.149260520334961,-0.173977151160185));
#11290=CARTESIAN_POINT('Ctrl Pts',(3.01031899733421,0.154592450767435,-0.178528184805764));
#11291=CARTESIAN_POINT('Ctrl Pts',(3.04000000000124,0.154592450767435,-0.178528184805764));
#11292=CARTESIAN_POINT('',(3.04000000000128,0.274009847709238,-0.0267604068421259));
#11293=CARTESIAN_POINT('Origin',(3.04000000000122,-0.0577787063091901,-0.125));
#11294=CARTESIAN_POINT('Origin',(2.84000000000124,-2.26378460416455E-30,
0.125));
#11295=CARTESIAN_POINT('Origin',(2.84000000000124,0.,-0.375));
#11296=CARTESIAN_POINT('Origin',(3.09,0.394736778578878,-0.196759398505364));
#11297=CARTESIAN_POINT('',(3.27106155707331,0.391304078426207,-0.0637426816811904));
#11298=CARTESIAN_POINT('',(3.09,0.30918490153487,0.0179436303884728));
#11299=CARTESIAN_POINT('Ctrl Pts',(3.27106155707331,0.391304078426207,-0.0637426816811904));
#11300=CARTESIAN_POINT('Ctrl Pts',(3.26116935970905,0.37781720576798,-0.0467873589762199));
#11301=CARTESIAN_POINT('Ctrl Pts',(3.24730848977791,0.364418417005577,-0.0322827244120916));
#11302=CARTESIAN_POINT('Ctrl Pts',(3.21370652548816,0.340462287691003,-0.00838901651989515));
#11303=CARTESIAN_POINT('Ctrl Pts',(3.19123370017315,0.328850013747211,0.00175894640984053));
#11304=CARTESIAN_POINT('Ctrl Pts',(3.14194976846386,0.313197618590737,0.014907283697453));
#11305=CARTESIAN_POINT('Ctrl Pts',(3.11513956595711,0.30918490153487,0.0179436303884729));
#11306=CARTESIAN_POINT('Ctrl Pts',(3.09,0.30918490153487,0.0179436303884729));
#11307=CARTESIAN_POINT('',(3.09,0.154592450767435,-0.178528184805764));
#11308=CARTESIAN_POINT('',(3.09,0.237559326423489,-0.0730854378914163));
#11309=CARTESIAN_POINT('',(3.23035917580156,0.195652039213104,-0.219371340840595));
#11310=CARTESIAN_POINT('Ctrl Pts',(3.09,0.154592450767435,-0.178528184805764));
#11311=CARTESIAN_POINT('Ctrl Pts',(3.11968100266703,0.154592450767435,-0.178528184805764));
#11312=CARTESIAN_POINT('Ctrl Pts',(3.15089682300708,0.160270043233908,-0.182639915969711));
#11313=CARTESIAN_POINT('Ctrl Pts',(3.197897411498,0.177331262861453,-0.198520249108021));
#11314=CARTESIAN_POINT('Ctrl Pts',(3.21555673590541,0.186323889603893,-0.207644249551724));
#11315=CARTESIAN_POINT('Ctrl Pts',(3.23035917580156,0.195652039213104,-0.219371340840595));
#11316=CARTESIAN_POINT('',(3.29,0.286790667334897,-0.333948299476791));
#11317=CARTESIAN_POINT('Origin',(3.09,0.286790667334898,-0.33394829947679));
#11318=CARTESIAN_POINT('',(3.29,0.445645580745343,-0.132059313078448));
#11319=CARTESIAN_POINT('',(3.29,0.394736778578878,-0.196759398505364));
#11320=CARTESIAN_POINT('Origin',(3.09,0.445645580745342,-0.132059313078447));
#11321=CARTESIAN_POINT('Origin',(3.29,0.241445768463759,-0.076143457176152));
#11322=CARTESIAN_POINT('',(3.29,0.905235725100693,-1.11144029450328));
#11323=CARTESIAN_POINT('',(3.29,7.73829831583617,-9.7017773003553));
#11324=CARTESIAN_POINT('',(3.29,1.1008877643138,-0.955811635343876));
#11325=CARTESIAN_POINT('',(3.29,0.947669908871033,-1.07768662063787));
#11326=CARTESIAN_POINT('',(3.29,7.93395035504927,-9.5461486411959));
#11327=CARTESIAN_POINT('Origin',(2.54,3.94095903234669,-4.92786754355558));
#11328=CARTESIAN_POINT('',(1.84964082419844,0.195652039213104,-0.219371340840595));
#11329=CARTESIAN_POINT('',(2.54,0.195652039213104,-0.219371340840595));
#11330=CARTESIAN_POINT('',(1.79,0.286790667334897,-0.33394829947679));
#11331=CARTESIAN_POINT('Origin',(1.99,0.286790667334897,-0.333948299476791));
#11332=CARTESIAN_POINT('',(1.79,0.905235725100693,-1.11144029450328));
#11333=CARTESIAN_POINT('',(1.79,-2.22193587036575,2.81995320928332));
#11334=CARTESIAN_POINT('',(2.54,0.905235725100692,-1.11144029450328));
#11335=CARTESIAN_POINT('Origin',(2.54,0.,-0.375));
#11336=CARTESIAN_POINT('',(2.915,0.154592450767435,-0.178528184805764));
#11337=CARTESIAN_POINT('',(2.54,0.,-0.125));
#11338=CARTESIAN_POINT('Ctrl Pts',(1.84964082419844,0.195652039213104,-0.219371340840595));
#11339=CARTESIAN_POINT('Ctrl Pts',(1.86444326409459,0.186323889603893,-0.207644249551724));
#11340=CARTESIAN_POINT('Ctrl Pts',(1.882102588502,0.177331262861452,-0.19852024910802));
#11341=CARTESIAN_POINT('Ctrl Pts',(1.92910317699292,0.160270043233908,-0.18263991596971));
#11342=CARTESIAN_POINT('Ctrl Pts',(1.96031899733297,0.154592450767434,-0.178528184805763));
#11343=CARTESIAN_POINT('Ctrl Pts',(1.99,0.154592450767434,-0.178528184805763));
#11344=CARTESIAN_POINT('Origin',(1.99,-1.34114464630957,-2.40289412770285));
#11345=CARTESIAN_POINT('',(1.80893844292669,0.391304078426207,-0.0637426816811903));
#11346=CARTESIAN_POINT('Ctrl Pts',(1.99,0.309184901534869,0.0179436303884734));
#11347=CARTESIAN_POINT('Ctrl Pts',(1.96486043404289,0.309184901534869,0.0179436303884734));
#11348=CARTESIAN_POINT('Ctrl Pts',(1.93805023153614,0.313197618590736,0.0149072836974534));
#11349=CARTESIAN_POINT('Ctrl Pts',(1.88876629982685,0.328850013747211,0.00175894640984097));
#11350=CARTESIAN_POINT('Ctrl Pts',(1.86629347451184,0.340462287691003,-0.00838901651989442));
#11351=CARTESIAN_POINT('Ctrl Pts',(1.83269151023631,0.364418416995441,-0.0322827244019816));
#11352=CARTESIAN_POINT('Ctrl Pts',(1.81883064024307,0.377817205833262,-0.0467873590582905));
#11353=CARTESIAN_POINT('Ctrl Pts',(1.80893844292669,0.391304078426207,-0.0637426816811903));
#11354=CARTESIAN_POINT('',(1.79,0.445645580745342,-0.132059313078448));
#11355=CARTESIAN_POINT('Origin',(1.99,0.445645580745341,-0.132059313078447));
#11356=CARTESIAN_POINT('',(1.79,-1.34114464630957,-2.40289412770285));
#11357=CARTESIAN_POINT('Origin',(2.140000000001,2.23808016369604,0.444207508575955));
#11358=CARTESIAN_POINT('',(2.140000000001,2.23808016369604,0.444207508575955));
#11359=CARTESIAN_POINT('',(2.140000000001,2.39877706611767,0.25269639779621));
#11360=CARTESIAN_POINT('',(2.140000000001,1.92525873344998,0.817013571912155));
#11361=CARTESIAN_POINT('',(2.140000000001,2.3101225436769,0.043188984088108));
#11362=CARTESIAN_POINT('Origin',(2.140000000001,2.5594739685393,0.061185287016465));
#11363=CARTESIAN_POINT('',(2.140000000001,2.0607711188145,0.0251926811597519));
#11364=CARTESIAN_POINT('',(2.140000000001,2.1854468312457,0.0341908326239301));
#11365=CARTESIAN_POINT('Origin',(2.140000000001,2.5594739685393,0.061185287016465));
#11366=CARTESIAN_POINT('Origin',(2.54,6.65042232852042,4.14660219170803));
#11367=CARTESIAN_POINT('',(2.940000000001,2.23808016369604,0.444207508575954));
#11368=CARTESIAN_POINT('',(2.54,2.23808016369604,0.444207508575955));
#11369=CARTESIAN_POINT('',(2.940000000001,2.63197905105383,0.774727919679016));
#11370=CARTESIAN_POINT('',(2.940000000001,6.61212010636447,4.11446281122371));
#11371=CARTESIAN_POINT('',(2.140000000001,2.63197905105383,0.774727919679016));
#11372=CARTESIAN_POINT('',(2.54,2.63197905105383,0.774727919679016));
#11373=CARTESIAN_POINT('',(2.140000000001,4.31398677700753,2.1860999821641));
#11374=CARTESIAN_POINT('Origin',(2.940000000001,6.65416633541934,3.98656787534951));
#11375=CARTESIAN_POINT('',(2.940000000001,2.39877706611767,0.25269639779621));
#11376=CARTESIAN_POINT('',(2.940000000001,1.92525873344998,0.817013571912155));
#11377=CARTESIAN_POINT('',(2.940000000001,2.79267595347546,0.583216808899269));
#11378=CARTESIAN_POINT('',(2.940000000001,6.77281700878611,3.92295170044396));
#11379=CARTESIAN_POINT('',(2.940000000001,3.27579382297045,0.00745935228215477));
#11380=CARTESIAN_POINT('Origin',(2.54000000447085,2.5594739685393,0.061185287016465));
#11381=CARTESIAN_POINT('',(2.54,2.39877706611767,0.252696397796209));
#11382=CARTESIAN_POINT('',(2.940000000001,2.3101225436769,0.043188984088108));
#11383=CARTESIAN_POINT('Origin',(2.940000000001,2.5594739685393,0.061185287016465));
#11384=CARTESIAN_POINT('',(1.79,2.3101225436769,0.0431889840881081));
#11385=CARTESIAN_POINT('Origin',(2.54000000447085,2.5594739685393,0.061185287016465));
#11386=CARTESIAN_POINT('',(2.940000000001,2.0607711188145,0.0251926811597519));
#11387=CARTESIAN_POINT('',(1.79,2.0607711188145,0.0251926811597514));
#11388=CARTESIAN_POINT('Origin',(2.940000000001,2.5594739685393,0.061185287016465));
#11389=CARTESIAN_POINT('Origin',(2.940000000001,2.79267595347546,0.583216808899269));
#11390=CARTESIAN_POINT('',(2.940000000001,3.03887789172851,0.626628853316002));
#11391=CARTESIAN_POINT('Origin',(2.940000000001,2.9533728558971,0.391705698119525));
#11392=CARTESIAN_POINT('',(2.940000000001,3.12438292755993,0.861552008512479));
#11393=CARTESIAN_POINT('',(2.940000000001,2.78181624262727,-0.0796422229974283));
#11394=CARTESIAN_POINT('Origin',(2.940000000001,2.9533728558971,0.391705698119525));
#11395=CARTESIAN_POINT('Origin',(2.54,2.9533728558971,0.391705698119525));
#11396=CARTESIAN_POINT('',(2.140000000001,2.79267595347546,0.58321680889927));
#11397=CARTESIAN_POINT('',(2.54,2.79267595347546,0.583216808899271));
#11398=CARTESIAN_POINT('',(2.140000000001,3.03887789172851,0.626628853316003));
#11399=CARTESIAN_POINT('Origin',(2.140000000001,2.9533728558971,0.391705698119525));
#11400=CARTESIAN_POINT('',(2.54,3.03887789172851,0.626628853316003));
#11401=CARTESIAN_POINT('Origin',(2.140000000001,2.05789967670546,0.12984221723029));
#11402=CARTESIAN_POINT('',(2.140000000001,3.27579382297045,0.00745935228215533));
#11403=CARTESIAN_POINT('',(2.140000000001,4.47468367942917,1.99458887138435));
#11404=CARTESIAN_POINT('Origin',(2.940000000001,2.39877706611767,0.25269639779621));
#11405=CARTESIAN_POINT('',(2.940000000001,2.1854468312457,0.0341908326239254));
#11406=CARTESIAN_POINT('Origin',(2.54,7.61397253631488,-1.03856941626416));
#11407=CARTESIAN_POINT('',(2.140000000001,6.31356511088242,-0.565259820987999));
#11408=CARTESIAN_POINT('',(2.140000000001,4.74791004291786,0.00459202087913613));
#11409=CARTESIAN_POINT('',(2.940000000001,6.31356511088242,-0.565259820987999));
#11410=CARTESIAN_POINT('',(2.54,6.31356511088242,-0.565259820987998));
#11411=CARTESIAN_POINT('',(2.940000000001,7.56698790527558,-1.02146840909788));
#11412=CARTESIAN_POINT('Origin',(2.140000000001,1.92460006743655,1.16521503562068));
#11413=CARTESIAN_POINT('',(2.140000000001,3.12438292755993,0.861552008512479));
#11414=CARTESIAN_POINT('',(2.140000000001,2.78181624262727,-0.0796422229974279));
#11415=CARTESIAN_POINT('',(2.140000000001,6.39907014671384,-0.330336665791522));
#11416=CARTESIAN_POINT('',(2.140000000001,4.83341507874928,0.239515176075613));
#11417=CARTESIAN_POINT('',(2.140000000001,6.15534950382388,-0.999953628786643));
#11418=CARTESIAN_POINT('Origin',(2.54,2.9533728558971,0.391705698119525));
#11419=CARTESIAN_POINT('',(2.54,3.12438292755993,0.861552008512479));
#11420=CARTESIAN_POINT('Origin',(2.140000000001,2.9533728558971,0.391705698119525));
#11421=CARTESIAN_POINT('Origin',(2.54,6.81111923094206,3.95509108092829));
#11422=CARTESIAN_POINT('Origin',(2.140000000001,6.39907014671384,-0.330336665791522));
#11423=CARTESIAN_POINT('Origin',(2.140000000001,6.228060075051,-0.800182976184475));
#11424=CARTESIAN_POINT('Origin',(2.140000000001,6.228060075051,-0.800182976184475));
#11425=CARTESIAN_POINT('Origin',(2.54,6.228060075051,-0.800182976184475));
#11426=CARTESIAN_POINT('',(2.940000000001,6.39907014671384,-0.330336665791522));
#11427=CARTESIAN_POINT('',(2.54,6.39907014671384,-0.330336665791522));
#11428=CARTESIAN_POINT('Origin',(2.940000000001,6.228060075051,-0.800182976184475));
#11429=CARTESIAN_POINT('Origin',(2.940000000001,7.56275579215199,-0.886905824333358));
#11430=CARTESIAN_POINT('',(2.940000000001,6.15534950382388,-0.999953628786643));
#11431=CARTESIAN_POINT('',(2.940000000001,7.652492941107,-0.786545253901403));
#11432=CARTESIAN_POINT('Origin',(2.140000000001,2.63197905105383,0.774727919679015));
#11433=CARTESIAN_POINT('Origin',(2.54,6.228060075051,-0.800182976184475));
#11434=CARTESIAN_POINT('Origin',(2.940000000001,6.228060075051,-0.800182976184475));
#11435=CARTESIAN_POINT('Origin',(2.54,1.2965398035269,-0.800182976184471));
#11436=CARTESIAN_POINT('Origin',(3.29,1.2965398035269,-0.800182976184471));
#11437=CARTESIAN_POINT('Origin',(1.79,1.2965398035269,-0.800182976184471));
#11438=CARTESIAN_POINT('Origin',(3.29,1.2965398035269,-1.05018297618447));
#11439=CARTESIAN_POINT('Origin',(3.29,1.2965398035269,-0.800182976184471));
#11440=CARTESIAN_POINT('Origin',(2.54,7.69947757214629,-0.803646261067687));
#11441=CARTESIAN_POINT('Origin',(2.54,4.13661107155979,-4.77223888439617));
#11442=CARTESIAN_POINT('',(1.79,1.1008877643138,-0.955811635343877));
#11443=CARTESIAN_POINT('',(2.54,1.1008877643138,-0.955811635343876));
#11444=CARTESIAN_POINT('',(1.79,-2.02628383115264,2.97558186844272));
#11445=CARTESIAN_POINT('',(2.54,0.391304078426207,-0.0637426816811904));
#11446=CARTESIAN_POINT('Origin',(1.79,1.2965398035269,-1.30018297618447));
#11447=CARTESIAN_POINT('',(1.79,0.947669908871033,-1.07768662063787));
#11448=CARTESIAN_POINT('Origin',(1.79,1.2965398035269,-0.800182976184471));
#11449=CARTESIAN_POINT('Origin',(2.54,0.,-0.375));
#11450=CARTESIAN_POINT('Origin',(2.24000000000132,0.,-0.375));
#11451=CARTESIAN_POINT('',(2.915,0.30918490153487,0.0179436303884728));
#11452=CARTESIAN_POINT('Origin',(2.54,1.2965398035269,-0.800182976184471));
#11453=CARTESIAN_POINT('Origin',(2.54,6.34,-0.125));
#11454=CARTESIAN_POINT('',(2.68505169649671,-3.44821001627093,-0.125));
#11455=CARTESIAN_POINT('',(3.96338517962299,1.40456050078893,-0.125));
#11456=CARTESIAN_POINT('',(2.39494830350328,-3.44821001627092,-0.125));
#11457=CARTESIAN_POINT('Origin',(2.54,-3.41,-0.125));
#11458=CARTESIAN_POINT('',(1.19408897214203,1.1104554926613,-0.125));
#11459=CARTESIAN_POINT('Origin',(2.940000000001,6.31356511088242,-0.565259820988));
#11460=CARTESIAN_POINT('Origin',(1.79,7.83612433544272,-9.6239629707756));
#11461=CARTESIAN_POINT('Origin',(3.29,2.1854468312457,0.0341908326239251));
#11462=CARTESIAN_POINT('Origin',(2.54,-3.41,0.));
#11463=CARTESIAN_POINT('',(2.68505169649671,-3.44821001627093,0.));
#11464=CARTESIAN_POINT('',(2.39494830350328,-3.44821001627092,0.));
#11465=CARTESIAN_POINT('Origin',(3.29,0.231888676151152,-0.0802922772086454));
#11466=CARTESIAN_POINT('Origin',(2.39494830350328,-3.44821001627092,0.));
#11467=CARTESIAN_POINT('Origin',(2.24000000000132,-2.31553211611622E-34,
-0.125));
#11468=CARTESIAN_POINT('Origin',(2.84000000000004,-2.86,0.));
#11469=CARTESIAN_POINT('Origin',(-5.17999999999868,-2.83409944309578,0.));
#11470=CARTESIAN_POINT('',(-5.37999999999868,-2.83409944309578,-0.125));
#11471=CARTESIAN_POINT('',(-5.37340226199446,-2.88504613145643,-0.125));
#11472=CARTESIAN_POINT('Origin',(-5.17999999999868,-2.83409944309578,-0.125));
#11473=CARTESIAN_POINT('',(-5.37340226199446,-2.88504613145643,0.125));
#11474=CARTESIAN_POINT('',(-5.37340226199446,-2.88504613145643,0.));
#11475=CARTESIAN_POINT('',(-5.37999999999868,-2.83409944309578,0.125));
#11476=CARTESIAN_POINT('Origin',(-5.17999999999868,-2.83409944309578,0.125));
#11477=CARTESIAN_POINT('',(-5.37999999999868,-2.83409944309578,0.));
#11478=CARTESIAN_POINT('Origin',(-5.37999999999868,-2.86,0.));
#11479=CARTESIAN_POINT('',(-5.37999999999868,0.,0.125));
#11480=CARTESIAN_POINT('',(-5.37999999999868,1.74,0.125));
#11481=CARTESIAN_POINT('',(-5.37999999999868,0.,-0.0515689414212163));
#11482=CARTESIAN_POINT('',(-5.37999999999868,0.,0.));
#11483=CARTESIAN_POINT('',(-5.37999999999868,-0.0577787063091903,-0.125));
#11484=CARTESIAN_POINT('',(-5.37999999999868,0.0747112239957633,0.0433816834053026));
#11485=CARTESIAN_POINT('',(-5.37999999999868,1.74,-0.125));
#11486=CARTESIAN_POINT('Origin',(-5.08,6.34,0.125));
#11487=CARTESIAN_POINT('',(-5.22505169649672,-3.44821001627092,0.125));
#11488=CARTESIAN_POINT('',(-6.42591102785797,1.1104554926613,0.125));
#11489=CARTESIAN_POINT('',(-4.93494830350329,-3.44821001627093,0.125));
#11490=CARTESIAN_POINT('Origin',(-5.08,-3.41,0.125));
#11491=CARTESIAN_POINT('',(-4.78659773800412,-2.88504613145826,0.125));
#11492=CARTESIAN_POINT('',(-3.65661482037701,1.40456050078893,0.125));
#11493=CARTESIAN_POINT('',(-4.77999999999974,-2.83409944309707,0.125));
#11494=CARTESIAN_POINT('Origin',(-4.97999999999974,-2.834099443097,0.125));
#11495=CARTESIAN_POINT('',(-4.77999999999876,0.,0.125));
#11496=CARTESIAN_POINT('',(-4.77999999999763,3.28999999999995,0.125));
#11497=CARTESIAN_POINT('',(-5.08,0.,0.125));
#11498=CARTESIAN_POINT('Origin',(-4.97999999999974,-2.834099443097,0.));
#11499=CARTESIAN_POINT('',(-4.78659773800412,-2.88504613145826,-0.125));
#11500=CARTESIAN_POINT('',(-4.78659773800412,-2.88504613145826,0.));
#11501=CARTESIAN_POINT('',(-4.77999999999974,-2.83409944309707,-0.125));
#11502=CARTESIAN_POINT('Origin',(-4.97999999999974,-2.834099443097,-0.125));
#11503=CARTESIAN_POINT('',(-4.77999999999974,-2.83409944309707,0.));
#11504=CARTESIAN_POINT('Origin',(-4.77999999999868,0.240000000000001,0.));
#11505=CARTESIAN_POINT('',(-4.77999999999878,-0.0577787063091212,-0.125));
#11506=CARTESIAN_POINT('',(-4.77999999999763,3.28999999999995,-0.125));
#11507=CARTESIAN_POINT('',(-4.77999999999876,0.,-0.0515689414212163));
#11508=CARTESIAN_POINT('',(-4.77999999999872,0.116832395553917,0.0969135537718221));
#11509=CARTESIAN_POINT('',(-4.77999999999876,0.,0.));
#11510=CARTESIAN_POINT('Origin',(-4.479999999999,6.14636774355145,-1.17518297618447));
#11511=CARTESIAN_POINT('',(-4.679999999999,6.14636774355145,-1.05018297618447));
#11512=CARTESIAN_POINT('',(-4.5049999999995,5.94793639522167,-1.05018297618447));
#11513=CARTESIAN_POINT('Origin',(-4.479999999999,6.14636774355145,-1.05018297618447));
#11514=CARTESIAN_POINT('',(-4.5049999999995,5.94793639522167,-1.30018297618447));
#11515=CARTESIAN_POINT('',(-4.5049999999995,5.94793639522167,-1.17518297618447));
#11516=CARTESIAN_POINT('',(-4.679999999999,6.14636774355145,-1.30018297618447));
#11517=CARTESIAN_POINT('Origin',(-4.479999999999,6.14636774355145,-1.30018297618447));
#11518=CARTESIAN_POINT('',(-4.679999999999,6.14636774355145,-1.17518297618447));
#11519=CARTESIAN_POINT('Origin',(-4.679999999999,5.94950504689189,-1.17518297618447));
#11520=CARTESIAN_POINT('',(-4.679999999999,6.228060075051,-1.30018297618447));
#11521=CARTESIAN_POINT('',(-4.679999999999,5.89950504689189,-1.30018297618447));
#11522=CARTESIAN_POINT('',(-4.679999999999,6.228060075051,-1.05018297618447));
#11523=CARTESIAN_POINT('',(-4.679999999999,6.228060075051,-0.587591488092239));
#11524=CARTESIAN_POINT('',(-4.679999999999,5.89950504689189,-1.05018297618447));
#11525=CARTESIAN_POINT('Origin',(-4.53,5.74950504689189,-1.17518297618447));
#11526=CARTESIAN_POINT('',(-4.33,5.74950504689189,-1.05018297618447));
#11527=CARTESIAN_POINT('Origin',(-4.53,5.74950504689189,-1.05018297618447));
#11528=CARTESIAN_POINT('',(-4.33,5.74950504689189,-1.30018297618447));
#11529=CARTESIAN_POINT('',(-4.33,5.74950504689189,-1.17518297618447));
#11530=CARTESIAN_POINT('Origin',(-4.53,5.74950504689189,-1.30018297618447));
#11531=CARTESIAN_POINT('Origin',(-4.33,-0.25049495310811,-1.17518297618447));
#11532=CARTESIAN_POINT('',(-4.33,1.2965398035269,-1.05018297618447));
#11533=CARTESIAN_POINT('',(-4.33,11.9495050468919,-1.05018297618448));
#11534=CARTESIAN_POINT('',(-4.33,1.2965398035269,-1.30018297618447));
#11535=CARTESIAN_POINT('',(-4.33,1.2965398035269,-1.24596148181492));
#11536=CARTESIAN_POINT('',(-4.33,11.9495050468919,-1.30018297618448));
#11537=CARTESIAN_POINT('Origin',(-5.08,5.84950504689189,-1.05018297618447));
#11538=CARTESIAN_POINT('',(-5.479999999999,6.228060075051,-1.05018297618447));
#11539=CARTESIAN_POINT('',(-5.08,6.228060075051,-1.05018297618447));
#11540=CARTESIAN_POINT('',(-5.479999999999,6.14636774355171,-1.05018297618447));
#11541=CARTESIAN_POINT('',(-5.479999999999,8.89950504689189,-1.05018297618448));
#11542=CARTESIAN_POINT('',(-5.6549999999995,5.9479363952218,-1.05018297618447));
#11543=CARTESIAN_POINT('Origin',(-5.679999999999,6.14636774355171,-1.05018297618447));
#11544=CARTESIAN_POINT('',(-5.83,5.74950504689189,-1.05018297618447));
#11545=CARTESIAN_POINT('Origin',(-5.63,5.74950504689189,-1.05018297618447));
#11546=CARTESIAN_POINT('',(-5.83,1.2965398035269,-1.05018297618447));
#11547=CARTESIAN_POINT('',(-5.83,-4.05049495310811,-1.05018297618447));
#11548=CARTESIAN_POINT('',(-5.08,1.2965398035269,-1.05018297618447));
#11549=CARTESIAN_POINT('Origin',(-5.679999999999,6.14636774355171,-1.17518297618447));
#11550=CARTESIAN_POINT('',(-5.6549999999995,5.9479363952218,-1.30018297618447));
#11551=CARTESIAN_POINT('',(-5.479999999999,6.14636774355171,-1.30018297618447));
#11552=CARTESIAN_POINT('Origin',(-5.679999999999,6.14636774355171,-1.30018297618447));
#11553=CARTESIAN_POINT('',(-5.6549999999995,5.9479363952218,-1.17518297618447));
#11554=CARTESIAN_POINT('',(-5.479999999999,6.14636774355171,-1.17518297618447));
#11555=CARTESIAN_POINT('Origin',(-5.479999999999,11.9495050468919,-1.17518297618448));
#11556=CARTESIAN_POINT('',(-5.479999999999,6.228060075051,-1.30018297618447));
#11557=CARTESIAN_POINT('',(-5.479999999999,6.228060075051,-0.587591488092239));
#11558=CARTESIAN_POINT('',(-5.479999999999,8.89950504689189,-1.30018297618448));
#11559=CARTESIAN_POINT('Origin',(-5.63,5.74950504689189,-1.17518297618447));
#11560=CARTESIAN_POINT('',(-5.83,5.74950504689189,-1.30018297618447));
#11561=CARTESIAN_POINT('Origin',(-5.63,5.74950504689189,-1.30018297618447));
#11562=CARTESIAN_POINT('',(-5.83,5.74950504689189,-1.17518297618447));
#11563=CARTESIAN_POINT('Origin',(-5.83,11.9495050468919,-1.17518297618448));
#11564=CARTESIAN_POINT('',(-5.83,1.2965398035269,-1.30018297618447));
#11565=CARTESIAN_POINT('',(-5.83,-4.05049495310811,-1.30018297618447));
#11566=CARTESIAN_POINT('',(-5.83,1.2965398035269,-1.24596148181492));
#11567=CARTESIAN_POINT('Origin',(-5.08,5.84950504689189,-1.30018297618447));
#11568=CARTESIAN_POINT('',(-5.08,1.2965398035269,-1.30018297618447));
#11569=CARTESIAN_POINT('',(-5.08,6.228060075051,-1.30018297618447));
#11570=CARTESIAN_POINT('Origin',(-5.57999999999868,0.0195130047553942,-0.0267698296589383));
#11571=CARTESIAN_POINT('',(-5.57999999999868,0.157177452155389,-0.175242902035164));
#11572=CARTESIAN_POINT('Origin',(-5.57999999999868,0.,-0.0515689414212163));
#11573=CARTESIAN_POINT('',(-5.37999999999868,0.126195190848813,0.108812746635133));
#11574=CARTESIAN_POINT('',(-5.37999999999868,0.0195130047553942,-0.0267698296589383));
#11575=CARTESIAN_POINT('',(-5.57999999999868,0.30918490153487,0.0179436303884728));
#11576=CARTESIAN_POINT('Ctrl Pts',(-5.37999999999868,0.126195190848813,
0.108812746635133));
#11577=CARTESIAN_POINT('Ctrl Pts',(-5.37999999999868,0.151383862171032,
0.10224266511735));
#11578=CARTESIAN_POINT('Ctrl Pts',(-5.38457480436411,0.17773821250827,0.0930448161641343));
#11579=CARTESIAN_POINT('Ctrl Pts',(-5.40467443931004,0.224662176886992,
0.0724189606258286));
#11580=CARTESIAN_POINT('Ctrl Pts',(-5.42023535554882,0.245265571061995,
0.0611031512879882));
#11581=CARTESIAN_POINT('Ctrl Pts',(-5.45629347451052,0.276233587542781,
0.042148879491826));
#11582=CARTESIAN_POINT('Ctrl Pts',(-5.47876629982553,0.288828420478888,
0.0332496524984008));
#11583=CARTESIAN_POINT('Ctrl Pts',(-5.52805023153482,0.305289819281615,
0.0211294793552149));
#11584=CARTESIAN_POINT('Ctrl Pts',(-5.55486043404157,0.30918490153487,0.0179436303884728));
#11585=CARTESIAN_POINT('Ctrl Pts',(-5.57999999999868,0.30918490153487,0.0179436303884728));
#11586=CARTESIAN_POINT('',(-5.57999999999868,0.176690456910783,-0.150443790272886));
#11587=CARTESIAN_POINT('Origin',(-5.57999999999868,0.0747112239957633,0.0433816834053026));
#11588=CARTESIAN_POINT('',(-5.38522280980742,9.16193053004646E-9,-0.125));
#11589=CARTESIAN_POINT('Origin',(-5.57999999999868,-0.0577787063091901,
-0.125));
#11590=CARTESIAN_POINT('',(-5.57999999999868,0.154592450767435,-0.178528184805764));
#11591=CARTESIAN_POINT('',(-5.57999999999868,0.231888676151152,-0.0802922772086454));
#11592=CARTESIAN_POINT('Ctrl Pts',(-5.57999999999868,0.154592450767435,
-0.178528184805764));
#11593=CARTESIAN_POINT('Ctrl Pts',(-5.55031899733165,0.154592450767435,
-0.178528184805764));
#11594=CARTESIAN_POINT('Ctrl Pts',(-5.5191031769916,0.149260520334961,-0.173977151160185));
#11595=CARTESIAN_POINT('Ctrl Pts',(-5.46367475681115,0.126325072602148,
-0.158826754699935));
#11596=CARTESIAN_POINT('Ctrl Pts',(-5.43948618994662,0.108484816935687,
-0.148500013585692));
#11597=CARTESIAN_POINT('Ctrl Pts',(-5.41275397607612,0.0744020225565533,
-0.136006024136919));
#11598=CARTESIAN_POINT('Ctrl Pts',(-5.40451147384745,0.0603261048027311,
-0.131889673485126));
#11599=CARTESIAN_POINT('Ctrl Pts',(-5.3921631180708,0.0304758853799385,
-0.126423868631803));
#11600=CARTESIAN_POINT('Ctrl Pts',(-5.38792829356791,0.0147670894170114,
-0.12500000054118));
#11601=CARTESIAN_POINT('Ctrl Pts',(-5.38522280980742,9.16192847468862E-9,
-0.125));
#11602=CARTESIAN_POINT('Origin',(-5.37999999999868,0.231888676151152,-0.0802922772086454));
#11603=CARTESIAN_POINT('',(-5.63,0.30918490153487,0.0179436303884728));
#11604=CARTESIAN_POINT('',(-5.22999999999934,0.30918490153487,0.0179436303884728));
#11605=CARTESIAN_POINT('',(-5.63,0.154592450767435,-0.178528184805764));
#11606=CARTESIAN_POINT('',(-5.63,-1.49832209846496,-2.2792201670889));
#11607=CARTESIAN_POINT('',(-5.22999999999934,0.154592450767435,-0.178528184805764));
#11608=CARTESIAN_POINT('Origin',(-4.57999999999876,0.0802591235906014,0.0504325186724981));
#11609=CARTESIAN_POINT('',(-4.57999999999876,0.157177452155389,-0.175242902035164));
#11610=CARTESIAN_POINT('Origin',(-4.57999999999876,1.73472347597681E-17,
-0.0515689414212163));
#11611=CARTESIAN_POINT('',(-4.57999999999876,0.30918490153487,0.0179436303884728));
#11612=CARTESIAN_POINT('',(-4.57999999999876,0.237436575745991,-0.07324144194145));
#11613=CARTESIAN_POINT('',(-4.77999999999876,0.126195190848813,0.108812746635133));
#11614=CARTESIAN_POINT('Ctrl Pts',(-4.57999999999876,0.30918490153487,0.0179436303884729));
#11615=CARTESIAN_POINT('Ctrl Pts',(-4.60513956595588,0.30918490153487,0.0179436303884729));
#11616=CARTESIAN_POINT('Ctrl Pts',(-4.63194976846262,0.305289819281615,
0.0211294793552149));
#11617=CARTESIAN_POINT('Ctrl Pts',(-4.68123370017191,0.288828420478887,
0.0332496524984009));
#11618=CARTESIAN_POINT('Ctrl Pts',(-4.70370652548692,0.27623358754278,0.042148879491826));
#11619=CARTESIAN_POINT('Ctrl Pts',(-4.73976464444862,0.245265571061995,
0.0611031512879883));
#11620=CARTESIAN_POINT('Ctrl Pts',(-4.7553255606874,0.224662176886992,0.0724189606258287));
#11621=CARTESIAN_POINT('Ctrl Pts',(-4.77542519563333,0.17773821250827,0.0930448161641343));
#11622=CARTESIAN_POINT('Ctrl Pts',(-4.77999999999876,0.151383862171032,
0.10224266511735));
#11623=CARTESIAN_POINT('Ctrl Pts',(-4.77999999999876,0.126195190848813,
0.108812746635133));
#11624=CARTESIAN_POINT('',(-4.77999999999876,0.0802591235906014,0.0504325186724981));
#11625=CARTESIAN_POINT('Origin',(-4.57999999999872,0.116832395553849,0.0969135537718221));
#11626=CARTESIAN_POINT('',(-4.57999999999876,0.154592450767435,-0.178528184805764));
#11627=CARTESIAN_POINT('',(-4.77477719019003,9.16193042962892E-9,-0.125));
#11628=CARTESIAN_POINT('Ctrl Pts',(-4.77477719019003,9.16192838438383E-9,
-0.125));
#11629=CARTESIAN_POINT('Ctrl Pts',(-4.77207170642954,0.0147670894170112,
-0.12500000054118));
#11630=CARTESIAN_POINT('Ctrl Pts',(-4.76783688192665,0.0304758853799378,
-0.126423868631803));
#11631=CARTESIAN_POINT('Ctrl Pts',(-4.75548852615,0.0603261048027304,-0.131889673485125));
#11632=CARTESIAN_POINT('Ctrl Pts',(-4.74724602392133,0.074402022556553,
-0.136006024136919));
#11633=CARTESIAN_POINT('Ctrl Pts',(-4.72051381005083,0.108484816935686,
-0.148500013585692));
#11634=CARTESIAN_POINT('Ctrl Pts',(-4.6963252431863,0.126325072602147,-0.158826754699935));
#11635=CARTESIAN_POINT('Ctrl Pts',(-4.64089682300584,0.149260520334961,
-0.173977151160185));
#11636=CARTESIAN_POINT('Ctrl Pts',(-4.60968100266579,0.154592450767435,
-0.178528184805764));
#11637=CARTESIAN_POINT('Ctrl Pts',(-4.57999999999876,0.154592450767435,
-0.178528184805764));
#11638=CARTESIAN_POINT('',(-4.57999999999872,0.274009847709238,-0.0267604068421259));
#11639=CARTESIAN_POINT('Origin',(-4.57999999999878,-0.0577787063091901,
-0.125));
#11640=CARTESIAN_POINT('Origin',(-4.77999999999876,-2.26378460416455E-30,
0.125));
#11641=CARTESIAN_POINT('Origin',(-4.77999999999876,0.,-0.375));
#11642=CARTESIAN_POINT('Origin',(-4.53,0.394736778578878,-0.196759398505364));
#11643=CARTESIAN_POINT('',(-4.34893844292669,0.391304078426207,-0.0637426816811904));
#11644=CARTESIAN_POINT('',(-4.53,0.30918490153487,0.0179436303884728));
#11645=CARTESIAN_POINT('Ctrl Pts',(-4.34893844292669,0.391304078426207,
-0.0637426816811904));
#11646=CARTESIAN_POINT('Ctrl Pts',(-4.35883064029095,0.37781720576798,-0.0467873589762199));
#11647=CARTESIAN_POINT('Ctrl Pts',(-4.37269151022209,0.364418417005577,
-0.0322827244120916));
#11648=CARTESIAN_POINT('Ctrl Pts',(-4.40629347451184,0.340462287691003,
-0.00838901651989515));
#11649=CARTESIAN_POINT('Ctrl Pts',(-4.42876629982685,0.328850013747211,
0.00175894640984053));
#11650=CARTESIAN_POINT('Ctrl Pts',(-4.47805023153614,0.313197618590737,
0.014907283697453));
#11651=CARTESIAN_POINT('Ctrl Pts',(-4.50486043404289,0.30918490153487,0.0179436303884729));
#11652=CARTESIAN_POINT('Ctrl Pts',(-4.53,0.30918490153487,0.0179436303884729));
#11653=CARTESIAN_POINT('',(-4.53,0.154592450767435,-0.178528184805764));
#11654=CARTESIAN_POINT('',(-4.53,0.237559326423489,-0.0730854378914163));
#11655=CARTESIAN_POINT('',(-4.38964082419844,0.195652039213104,-0.219371340840595));
#11656=CARTESIAN_POINT('Ctrl Pts',(-4.53,0.154592450767435,-0.178528184805764));
#11657=CARTESIAN_POINT('Ctrl Pts',(-4.50031899733297,0.154592450767435,
-0.178528184805764));
#11658=CARTESIAN_POINT('Ctrl Pts',(-4.46910317699292,0.160270043233908,
-0.182639915969711));
#11659=CARTESIAN_POINT('Ctrl Pts',(-4.422102588502,0.177331262861453,-0.198520249108021));
#11660=CARTESIAN_POINT('Ctrl Pts',(-4.40444326409459,0.186323889603893,
-0.207644249551724));
#11661=CARTESIAN_POINT('Ctrl Pts',(-4.38964082419844,0.195652039213104,
-0.219371340840595));
#11662=CARTESIAN_POINT('',(-4.33,0.286790667334897,-0.333948299476791));
#11663=CARTESIAN_POINT('Origin',(-4.53,0.286790667334898,-0.33394829947679));
#11664=CARTESIAN_POINT('',(-4.33,0.445645580745343,-0.132059313078448));
#11665=CARTESIAN_POINT('',(-4.33,0.394736778578878,-0.196759398505364));
#11666=CARTESIAN_POINT('Origin',(-4.53,0.445645580745342,-0.132059313078447));
#11667=CARTESIAN_POINT('Origin',(-4.33,0.241445768463759,-0.076143457176152));
#11668=CARTESIAN_POINT('',(-4.33,0.905235725100693,-1.11144029450328));
#11669=CARTESIAN_POINT('',(-4.33,7.73829831583617,-9.7017773003553));
#11670=CARTESIAN_POINT('',(-4.33,1.1008877643138,-0.955811635343876));
#11671=CARTESIAN_POINT('',(-4.33,0.947669908871033,-1.07768662063787));
#11672=CARTESIAN_POINT('',(-4.33,7.93395035504927,-9.5461486411959));
#11673=CARTESIAN_POINT('Origin',(-5.08,3.94095903234669,-4.92786754355558));
#11674=CARTESIAN_POINT('',(-5.77035917580156,0.195652039213104,-0.219371340840595));
#11675=CARTESIAN_POINT('',(-5.08,0.195652039213104,-0.219371340840595));
#11676=CARTESIAN_POINT('',(-5.83,0.286790667334897,-0.33394829947679));
#11677=CARTESIAN_POINT('Origin',(-5.63,0.286790667334897,-0.333948299476791));
#11678=CARTESIAN_POINT('',(-5.83,0.905235725100693,-1.11144029450328));
#11679=CARTESIAN_POINT('',(-5.83,-2.22193587036575,2.81995320928332));
#11680=CARTESIAN_POINT('',(-5.08,0.905235725100692,-1.11144029450328));
#11681=CARTESIAN_POINT('Origin',(-5.08,0.,-0.375));
#11682=CARTESIAN_POINT('',(-4.705,0.154592450767435,-0.178528184805764));
#11683=CARTESIAN_POINT('',(-5.08,0.,-0.125));
#11684=CARTESIAN_POINT('Ctrl Pts',(-5.77035917580156,0.195652039213104,
-0.219371340840595));
#11685=CARTESIAN_POINT('Ctrl Pts',(-5.75555673590541,0.186323889603893,
-0.207644249551724));
#11686=CARTESIAN_POINT('Ctrl Pts',(-5.737897411498,0.177331262861452,-0.19852024910802));
#11687=CARTESIAN_POINT('Ctrl Pts',(-5.69089682300708,0.160270043233908,
-0.18263991596971));
#11688=CARTESIAN_POINT('Ctrl Pts',(-5.65968100266703,0.154592450767434,
-0.178528184805763));
#11689=CARTESIAN_POINT('Ctrl Pts',(-5.63,0.154592450767434,-0.178528184805763));
#11690=CARTESIAN_POINT('Origin',(-5.63,-1.34114464630957,-2.40289412770285));
#11691=CARTESIAN_POINT('',(-5.81106155707331,0.391304078426207,-0.0637426816811903));
#11692=CARTESIAN_POINT('Ctrl Pts',(-5.63,0.309184901534869,0.0179436303884734));
#11693=CARTESIAN_POINT('Ctrl Pts',(-5.65513956595711,0.309184901534869,
0.0179436303884734));
#11694=CARTESIAN_POINT('Ctrl Pts',(-5.68194976846386,0.313197618590736,
0.0149072836974534));
#11695=CARTESIAN_POINT('Ctrl Pts',(-5.73123370017315,0.328850013747211,
0.00175894640984097));
#11696=CARTESIAN_POINT('Ctrl Pts',(-5.75370652548816,0.340462287691003,
-0.00838901651989442));
#11697=CARTESIAN_POINT('Ctrl Pts',(-5.78730848976369,0.364418416995441,
-0.0322827244019816));
#11698=CARTESIAN_POINT('Ctrl Pts',(-5.80116935975693,0.377817205833262,
-0.0467873590582903));
#11699=CARTESIAN_POINT('Ctrl Pts',(-5.81106155707331,0.391304078426207,
-0.0637426816811903));
#11700=CARTESIAN_POINT('',(-5.83,0.445645580745342,-0.132059313078448));
#11701=CARTESIAN_POINT('Origin',(-5.63,0.445645580745341,-0.132059313078447));
#11702=CARTESIAN_POINT('',(-5.83,-1.34114464630957,-2.40289412770285));
#11703=CARTESIAN_POINT('Origin',(-5.479999999999,2.23808016369604,0.444207508575955));
#11704=CARTESIAN_POINT('',(-5.479999999999,2.23808016369604,0.444207508575955));
#11705=CARTESIAN_POINT('',(-5.479999999999,2.39877706611767,0.25269639779621));
#11706=CARTESIAN_POINT('',(-5.479999999999,1.92525873344998,0.817013571912155));
#11707=CARTESIAN_POINT('',(-5.479999999999,2.3101225436769,0.043188984088108));
#11708=CARTESIAN_POINT('Origin',(-5.479999999999,2.5594739685393,0.061185287016465));
#11709=CARTESIAN_POINT('',(-5.479999999999,2.0607711188145,0.0251926811597519));
#11710=CARTESIAN_POINT('',(-5.479999999999,2.1854468312457,0.0341908326239301));
#11711=CARTESIAN_POINT('Origin',(-5.479999999999,2.5594739685393,0.061185287016465));
#11712=CARTESIAN_POINT('Origin',(-5.08,6.65042232852042,4.14660219170803));
#11713=CARTESIAN_POINT('',(-4.679999999999,2.23808016369604,0.444207508575954));
#11714=CARTESIAN_POINT('',(-5.08,2.23808016369604,0.444207508575955));
#11715=CARTESIAN_POINT('',(-4.679999999999,2.63197905105383,0.774727919679016));
#11716=CARTESIAN_POINT('',(-4.679999999999,6.61212010636447,4.11446281122371));
#11717=CARTESIAN_POINT('',(-5.479999999999,2.63197905105383,0.774727919679016));
#11718=CARTESIAN_POINT('',(-5.08,2.63197905105383,0.774727919679016));
#11719=CARTESIAN_POINT('',(-5.479999999999,4.31398677700753,2.1860999821641));
#11720=CARTESIAN_POINT('Origin',(-4.679999999999,6.65416633541934,3.98656787534951));
#11721=CARTESIAN_POINT('',(-4.679999999999,2.39877706611767,0.25269639779621));
#11722=CARTESIAN_POINT('',(-4.679999999999,1.92525873344998,0.817013571912155));
#11723=CARTESIAN_POINT('',(-4.679999999999,2.79267595347546,0.583216808899269));
#11724=CARTESIAN_POINT('',(-4.679999999999,6.77281700878611,3.92295170044396));
#11725=CARTESIAN_POINT('',(-4.679999999999,3.27579382297045,0.00745935228215477));
#11726=CARTESIAN_POINT('Origin',(-5.07999999552915,2.5594739685393,0.061185287016465));
#11727=CARTESIAN_POINT('',(-5.08,2.39877706611767,0.252696397796209));
#11728=CARTESIAN_POINT('',(-4.679999999999,2.3101225436769,0.043188984088108));
#11729=CARTESIAN_POINT('Origin',(-4.679999999999,2.5594739685393,0.061185287016465));
#11730=CARTESIAN_POINT('',(-5.83,2.3101225436769,0.0431889840881081));
#11731=CARTESIAN_POINT('Origin',(-5.07999999552915,2.5594739685393,0.061185287016465));
#11732=CARTESIAN_POINT('',(-4.679999999999,2.0607711188145,0.0251926811597519));
#11733=CARTESIAN_POINT('',(-5.83,2.0607711188145,0.0251926811597514));
#11734=CARTESIAN_POINT('Origin',(-4.679999999999,2.5594739685393,0.061185287016465));
#11735=CARTESIAN_POINT('Origin',(-4.679999999999,2.79267595347546,0.583216808899269));
#11736=CARTESIAN_POINT('',(-4.679999999999,3.03887789172851,0.626628853316002));
#11737=CARTESIAN_POINT('Origin',(-4.679999999999,2.9533728558971,0.391705698119525));
#11738=CARTESIAN_POINT('',(-4.679999999999,3.12438292755993,0.861552008512479));
#11739=CARTESIAN_POINT('',(-4.679999999999,2.78181624262727,-0.0796422229974283));
#11740=CARTESIAN_POINT('Origin',(-4.679999999999,2.9533728558971,0.391705698119525));
#11741=CARTESIAN_POINT('Origin',(-5.08,2.9533728558971,0.391705698119525));
#11742=CARTESIAN_POINT('',(-5.479999999999,2.79267595347546,0.58321680889927));
#11743=CARTESIAN_POINT('',(-5.08,2.79267595347546,0.583216808899271));
#11744=CARTESIAN_POINT('',(-5.479999999999,3.03887789172851,0.626628853316003));
#11745=CARTESIAN_POINT('Origin',(-5.479999999999,2.9533728558971,0.391705698119525));
#11746=CARTESIAN_POINT('',(-5.08,3.03887789172851,0.626628853316003));
#11747=CARTESIAN_POINT('Origin',(-5.479999999999,2.05789967670546,0.12984221723029));
#11748=CARTESIAN_POINT('',(-5.479999999999,3.27579382297045,0.00745935228215533));
#11749=CARTESIAN_POINT('',(-5.479999999999,4.47468367942917,1.99458887138435));
#11750=CARTESIAN_POINT('Origin',(-4.679999999999,2.39877706611767,0.25269639779621));
#11751=CARTESIAN_POINT('',(-4.679999999999,2.1854468312457,0.0341908326239254));
#11752=CARTESIAN_POINT('Origin',(-5.08,7.61397253631488,-1.03856941626416));
#11753=CARTESIAN_POINT('',(-5.479999999999,6.31356511088242,-0.565259820987999));
#11754=CARTESIAN_POINT('',(-5.479999999999,4.74791004291786,0.00459202087913613));
#11755=CARTESIAN_POINT('',(-4.679999999999,6.31356511088242,-0.565259820987999));
#11756=CARTESIAN_POINT('',(-5.08,6.31356511088242,-0.565259820987998));
#11757=CARTESIAN_POINT('',(-4.679999999999,7.56698790527558,-1.02146840909788));
#11758=CARTESIAN_POINT('Origin',(-5.479999999999,1.92460006743655,1.16521503562068));
#11759=CARTESIAN_POINT('',(-5.479999999999,3.12438292755993,0.861552008512479));
#11760=CARTESIAN_POINT('',(-5.479999999999,2.78181624262727,-0.0796422229974279));
#11761=CARTESIAN_POINT('',(-5.479999999999,6.39907014671384,-0.330336665791522));
#11762=CARTESIAN_POINT('',(-5.479999999999,4.83341507874928,0.239515176075613));
#11763=CARTESIAN_POINT('',(-5.479999999999,6.15534950382388,-0.999953628786643));
#11764=CARTESIAN_POINT('Origin',(-5.08,2.9533728558971,0.391705698119525));
#11765=CARTESIAN_POINT('',(-5.08,3.12438292755993,0.861552008512479));
#11766=CARTESIAN_POINT('Origin',(-5.479999999999,2.9533728558971,0.391705698119525));
#11767=CARTESIAN_POINT('Origin',(-5.08,6.81111923094206,3.95509108092829));
#11768=CARTESIAN_POINT('Origin',(-5.479999999999,6.39907014671384,-0.330336665791522));
#11769=CARTESIAN_POINT('Origin',(-5.479999999999,6.228060075051,-0.800182976184475));
#11770=CARTESIAN_POINT('Origin',(-5.479999999999,6.228060075051,-0.800182976184475));
#11771=CARTESIAN_POINT('Origin',(-5.08,6.228060075051,-0.800182976184475));
#11772=CARTESIAN_POINT('',(-4.679999999999,6.39907014671384,-0.330336665791522));
#11773=CARTESIAN_POINT('',(-5.08,6.39907014671384,-0.330336665791522));
#11774=CARTESIAN_POINT('Origin',(-4.679999999999,6.228060075051,-0.800182976184475));
#11775=CARTESIAN_POINT('Origin',(-4.679999999999,7.56275579215199,-0.886905824333358));
#11776=CARTESIAN_POINT('',(-4.679999999999,6.15534950382388,-0.999953628786643));
#11777=CARTESIAN_POINT('',(-4.679999999999,7.652492941107,-0.786545253901403));
#11778=CARTESIAN_POINT('Origin',(-5.479999999999,2.63197905105383,0.774727919679015));
#11779=CARTESIAN_POINT('Origin',(-5.08,6.228060075051,-0.800182976184475));
#11780=CARTESIAN_POINT('Origin',(-4.679999999999,6.228060075051,-0.800182976184475));
#11781=CARTESIAN_POINT('Origin',(-5.08,1.2965398035269,-0.800182976184471));
#11782=CARTESIAN_POINT('Origin',(-4.33,1.2965398035269,-0.800182976184471));
#11783=CARTESIAN_POINT('Origin',(-5.83,1.2965398035269,-0.800182976184471));
#11784=CARTESIAN_POINT('Origin',(-4.33,1.2965398035269,-1.05018297618447));
#11785=CARTESIAN_POINT('Origin',(-4.33,1.2965398035269,-0.800182976184471));
#11786=CARTESIAN_POINT('Origin',(-5.08,7.69947757214629,-0.803646261067687));
#11787=CARTESIAN_POINT('Origin',(-5.08,4.13661107155979,-4.77223888439617));
#11788=CARTESIAN_POINT('',(-5.83,1.1008877643138,-0.955811635343877));
#11789=CARTESIAN_POINT('',(-5.08,1.1008877643138,-0.955811635343876));
#11790=CARTESIAN_POINT('',(-5.83,-2.02628383115264,2.97558186844272));
#11791=CARTESIAN_POINT('',(-5.08,0.391304078426207,-0.0637426816811904));
#11792=CARTESIAN_POINT('Origin',(-5.83,1.2965398035269,-1.30018297618447));
#11793=CARTESIAN_POINT('',(-5.83,0.947669908871033,-1.07768662063787));
#11794=CARTESIAN_POINT('Origin',(-5.83,1.2965398035269,-0.800182976184471));
#11795=CARTESIAN_POINT('Origin',(-5.08,0.,-0.375));
#11796=CARTESIAN_POINT('Origin',(-5.37999999999868,0.,-0.375));
#11797=CARTESIAN_POINT('',(-4.705,0.30918490153487,0.0179436303884728));
#11798=CARTESIAN_POINT('Origin',(-5.08,1.2965398035269,-0.800182976184471));
#11799=CARTESIAN_POINT('Origin',(-5.08,6.34,-0.125));
#11800=CARTESIAN_POINT('',(-4.93494830350329,-3.44821001627093,-0.125));
#11801=CARTESIAN_POINT('',(-3.65661482037701,1.40456050078893,-0.125));
#11802=CARTESIAN_POINT('',(-5.22505169649672,-3.44821001627092,-0.125));
#11803=CARTESIAN_POINT('Origin',(-5.08,-3.41,-0.125));
#11804=CARTESIAN_POINT('',(-6.42591102785797,1.1104554926613,-0.125));
#11805=CARTESIAN_POINT('Origin',(-4.679999999999,6.31356511088242,-0.565259820988));
#11806=CARTESIAN_POINT('Origin',(-5.83,7.83612433544272,-9.6239629707756));
#11807=CARTESIAN_POINT('Origin',(-4.33,2.1854468312457,0.0341908326239251));
#11808=CARTESIAN_POINT('Origin',(-5.08,-3.41,0.));
#11809=CARTESIAN_POINT('',(-4.93494830350329,-3.44821001627093,0.));
#11810=CARTESIAN_POINT('',(-5.22505169649672,-3.44821001627092,0.));
#11811=CARTESIAN_POINT('Origin',(-4.33,0.231888676151152,-0.0802922772086454));
#11812=CARTESIAN_POINT('Origin',(-5.22505169649672,-3.44821001627092,0.));
#11813=CARTESIAN_POINT('Origin',(-5.37999999999868,-2.31553211611622E-34,
-0.125));
#11814=CARTESIAN_POINT('Origin',(-4.77999999999996,-2.86,0.));
#11815=CARTESIAN_POINT('Origin',(4.98000000000132,-2.83409944309578,0.));
#11816=CARTESIAN_POINT('',(4.78000000000132,-2.83409944309578,-0.125));
#11817=CARTESIAN_POINT('',(4.78659773800554,-2.88504613145643,-0.125));
#11818=CARTESIAN_POINT('Origin',(4.98000000000132,-2.83409944309578,-0.125));
#11819=CARTESIAN_POINT('',(4.78659773800554,-2.88504613145643,0.125));
#11820=CARTESIAN_POINT('',(4.78659773800554,-2.88504613145643,0.));
#11821=CARTESIAN_POINT('',(4.78000000000132,-2.83409944309578,0.125));
#11822=CARTESIAN_POINT('Origin',(4.98000000000132,-2.83409944309578,0.125));
#11823=CARTESIAN_POINT('',(4.78000000000132,-2.83409944309578,0.));
#11824=CARTESIAN_POINT('Origin',(4.78000000000132,-2.86,0.));
#11825=CARTESIAN_POINT('',(4.78000000000132,0.,0.125));
#11826=CARTESIAN_POINT('',(4.78000000000132,1.74,0.125));
#11827=CARTESIAN_POINT('',(4.78000000000132,0.,-0.0515689414212163));
#11828=CARTESIAN_POINT('',(4.78000000000132,0.,0.));
#11829=CARTESIAN_POINT('',(4.78000000000132,-0.0577787063091903,-0.125));
#11830=CARTESIAN_POINT('',(4.78000000000132,0.0747112239957633,0.0433816834053026));
#11831=CARTESIAN_POINT('',(4.78000000000132,1.74,-0.125));
#11832=CARTESIAN_POINT('Origin',(5.08,6.34,0.125));
#11833=CARTESIAN_POINT('',(4.93494830350328,-3.44821001627092,0.125));
#11834=CARTESIAN_POINT('',(3.73408897214203,1.1104554926613,0.125));
#11835=CARTESIAN_POINT('',(5.22505169649671,-3.44821001627093,0.125));
#11836=CARTESIAN_POINT('Origin',(5.08,-3.41,0.125));
#11837=CARTESIAN_POINT('',(5.37340226199588,-2.88504613145826,0.125));
#11838=CARTESIAN_POINT('',(6.50338517962299,1.40456050078893,0.125));
#11839=CARTESIAN_POINT('',(5.38000000000026,-2.83409944309707,0.125));
#11840=CARTESIAN_POINT('Origin',(5.18000000000026,-2.834099443097,0.125));
#11841=CARTESIAN_POINT('',(5.38000000000124,0.,0.125));
#11842=CARTESIAN_POINT('',(5.38000000000237,3.28999999999995,0.125));
#11843=CARTESIAN_POINT('',(5.08,0.,0.125));
#11844=CARTESIAN_POINT('Origin',(5.18000000000026,-2.834099443097,0.));
#11845=CARTESIAN_POINT('',(5.37340226199588,-2.88504613145826,-0.125));
#11846=CARTESIAN_POINT('',(5.37340226199588,-2.88504613145826,0.));
#11847=CARTESIAN_POINT('',(5.38000000000026,-2.83409944309707,-0.125));
#11848=CARTESIAN_POINT('Origin',(5.18000000000026,-2.834099443097,-0.125));
#11849=CARTESIAN_POINT('',(5.38000000000026,-2.83409944309707,0.));
#11850=CARTESIAN_POINT('Origin',(5.38000000000132,0.240000000000001,0.));
#11851=CARTESIAN_POINT('',(5.38000000000122,-0.0577787063091212,-0.125));
#11852=CARTESIAN_POINT('',(5.38000000000237,3.28999999999995,-0.125));
#11853=CARTESIAN_POINT('',(5.38000000000124,0.,-0.0515689414212163));
#11854=CARTESIAN_POINT('',(5.38000000000128,0.116832395553917,0.0969135537718221));
#11855=CARTESIAN_POINT('',(5.38000000000124,0.,0.));
#11856=CARTESIAN_POINT('Origin',(5.680000000001,6.14636774355145,-1.17518297618447));
#11857=CARTESIAN_POINT('',(5.480000000001,6.14636774355145,-1.05018297618447));
#11858=CARTESIAN_POINT('',(5.6550000000005,5.94793639522167,-1.05018297618447));
#11859=CARTESIAN_POINT('Origin',(5.680000000001,6.14636774355145,-1.05018297618447));
#11860=CARTESIAN_POINT('',(5.6550000000005,5.94793639522167,-1.30018297618447));
#11861=CARTESIAN_POINT('',(5.6550000000005,5.94793639522167,-1.17518297618447));
#11862=CARTESIAN_POINT('',(5.480000000001,6.14636774355145,-1.30018297618447));
#11863=CARTESIAN_POINT('Origin',(5.680000000001,6.14636774355145,-1.30018297618447));
#11864=CARTESIAN_POINT('',(5.480000000001,6.14636774355145,-1.17518297618447));
#11865=CARTESIAN_POINT('Origin',(5.480000000001,5.94950504689189,-1.17518297618447));
#11866=CARTESIAN_POINT('',(5.480000000001,6.228060075051,-1.30018297618447));
#11867=CARTESIAN_POINT('',(5.480000000001,5.89950504689189,-1.30018297618447));
#11868=CARTESIAN_POINT('',(5.480000000001,6.228060075051,-1.05018297618447));
#11869=CARTESIAN_POINT('',(5.480000000001,6.228060075051,-0.587591488092239));
#11870=CARTESIAN_POINT('',(5.480000000001,5.89950504689189,-1.05018297618447));
#11871=CARTESIAN_POINT('Origin',(5.63,5.74950504689189,-1.17518297618447));
#11872=CARTESIAN_POINT('',(5.83,5.74950504689189,-1.05018297618447));
#11873=CARTESIAN_POINT('Origin',(5.63,5.74950504689189,-1.05018297618447));
#11874=CARTESIAN_POINT('',(5.83,5.74950504689189,-1.30018297618447));
#11875=CARTESIAN_POINT('',(5.83,5.74950504689189,-1.17518297618447));
#11876=CARTESIAN_POINT('Origin',(5.63,5.74950504689189,-1.30018297618447));
#11877=CARTESIAN_POINT('Origin',(5.83,-0.25049495310811,-1.17518297618447));
#11878=CARTESIAN_POINT('',(5.83,1.2965398035269,-1.05018297618447));
#11879=CARTESIAN_POINT('',(5.83,11.9495050468919,-1.05018297618448));
#11880=CARTESIAN_POINT('',(5.83,1.2965398035269,-1.30018297618447));
#11881=CARTESIAN_POINT('',(5.83,1.2965398035269,-1.24596148181492));
#11882=CARTESIAN_POINT('',(5.83,11.9495050468919,-1.30018297618448));
#11883=CARTESIAN_POINT('Origin',(5.08,5.84950504689189,-1.05018297618447));
#11884=CARTESIAN_POINT('',(4.680000000001,6.228060075051,-1.05018297618447));
#11885=CARTESIAN_POINT('',(5.08,6.228060075051,-1.05018297618447));
#11886=CARTESIAN_POINT('',(4.680000000001,6.14636774355171,-1.05018297618447));
#11887=CARTESIAN_POINT('',(4.680000000001,8.89950504689189,-1.05018297618448));
#11888=CARTESIAN_POINT('',(4.5050000000005,5.9479363952218,-1.05018297618447));
#11889=CARTESIAN_POINT('Origin',(4.480000000001,6.14636774355171,-1.05018297618447));
#11890=CARTESIAN_POINT('',(4.33,5.74950504689189,-1.05018297618447));
#11891=CARTESIAN_POINT('Origin',(4.53,5.74950504689189,-1.05018297618447));
#11892=CARTESIAN_POINT('',(4.33,1.2965398035269,-1.05018297618447));
#11893=CARTESIAN_POINT('',(4.33,-4.05049495310811,-1.05018297618447));
#11894=CARTESIAN_POINT('',(5.08,1.2965398035269,-1.05018297618447));
#11895=CARTESIAN_POINT('Origin',(4.480000000001,6.14636774355171,-1.17518297618447));
#11896=CARTESIAN_POINT('',(4.5050000000005,5.9479363952218,-1.30018297618447));
#11897=CARTESIAN_POINT('',(4.680000000001,6.14636774355171,-1.30018297618447));
#11898=CARTESIAN_POINT('Origin',(4.480000000001,6.14636774355171,-1.30018297618447));
#11899=CARTESIAN_POINT('',(4.5050000000005,5.9479363952218,-1.17518297618447));
#11900=CARTESIAN_POINT('',(4.680000000001,6.14636774355171,-1.17518297618447));
#11901=CARTESIAN_POINT('Origin',(4.680000000001,11.9495050468919,-1.17518297618448));
#11902=CARTESIAN_POINT('',(4.680000000001,6.228060075051,-1.30018297618447));
#11903=CARTESIAN_POINT('',(4.680000000001,6.228060075051,-0.587591488092239));
#11904=CARTESIAN_POINT('',(4.680000000001,8.89950504689189,-1.30018297618448));
#11905=CARTESIAN_POINT('Origin',(4.53,5.74950504689189,-1.17518297618447));
#11906=CARTESIAN_POINT('',(4.33,5.74950504689189,-1.30018297618447));
#11907=CARTESIAN_POINT('Origin',(4.53,5.74950504689189,-1.30018297618447));
#11908=CARTESIAN_POINT('',(4.33,5.74950504689189,-1.17518297618447));
#11909=CARTESIAN_POINT('Origin',(4.33,11.9495050468919,-1.17518297618448));
#11910=CARTESIAN_POINT('',(4.33,1.2965398035269,-1.30018297618447));
#11911=CARTESIAN_POINT('',(4.33,-4.05049495310811,-1.30018297618447));
#11912=CARTESIAN_POINT('',(4.33,1.2965398035269,-1.24596148181492));
#11913=CARTESIAN_POINT('Origin',(5.08,5.84950504689189,-1.30018297618447));
#11914=CARTESIAN_POINT('',(5.08,1.2965398035269,-1.30018297618447));
#11915=CARTESIAN_POINT('',(5.08,6.228060075051,-1.30018297618447));
#11916=CARTESIAN_POINT('Origin',(4.58000000000132,0.0195130047553942,-0.0267698296589383));
#11917=CARTESIAN_POINT('',(4.58000000000132,0.157177452155389,-0.175242902035164));
#11918=CARTESIAN_POINT('Origin',(4.58000000000132,0.,-0.0515689414212163));
#11919=CARTESIAN_POINT('',(4.78000000000132,0.126195190848813,0.108812746635133));
#11920=CARTESIAN_POINT('',(4.78000000000132,0.0195130047553942,-0.0267698296589383));
#11921=CARTESIAN_POINT('',(4.58000000000132,0.30918490153487,0.0179436303884728));
#11922=CARTESIAN_POINT('Ctrl Pts',(4.78000000000132,0.126195190848813,0.108812746635133));
#11923=CARTESIAN_POINT('Ctrl Pts',(4.78000000000132,0.151383862171032,0.10224266511735));
#11924=CARTESIAN_POINT('Ctrl Pts',(4.77542519563589,0.17773821250827,0.0930448161641343));
#11925=CARTESIAN_POINT('Ctrl Pts',(4.75532556068996,0.224662176886992,0.0724189606258286));
#11926=CARTESIAN_POINT('Ctrl Pts',(4.73976464445118,0.245265571061995,0.0611031512879882));
#11927=CARTESIAN_POINT('Ctrl Pts',(4.70370652548948,0.276233587542781,0.042148879491826));
#11928=CARTESIAN_POINT('Ctrl Pts',(4.68123370017447,0.288828420478888,0.0332496524984008));
#11929=CARTESIAN_POINT('Ctrl Pts',(4.63194976846518,0.305289819281615,0.0211294793552149));
#11930=CARTESIAN_POINT('Ctrl Pts',(4.60513956595843,0.30918490153487,0.0179436303884728));
#11931=CARTESIAN_POINT('Ctrl Pts',(4.58000000000132,0.30918490153487,0.0179436303884728));
#11932=CARTESIAN_POINT('',(4.58000000000132,0.176690456910783,-0.150443790272886));
#11933=CARTESIAN_POINT('Origin',(4.58000000000132,0.0747112239957633,0.0433816834053026));
#11934=CARTESIAN_POINT('',(4.77477719019258,9.16193053004646E-9,-0.125));
#11935=CARTESIAN_POINT('Origin',(4.58000000000132,-0.0577787063091901,-0.125));
#11936=CARTESIAN_POINT('',(4.58000000000132,0.154592450767435,-0.178528184805764));
#11937=CARTESIAN_POINT('',(4.58000000000132,0.231888676151152,-0.0802922772086454));
#11938=CARTESIAN_POINT('Ctrl Pts',(4.58000000000132,0.154592450767435,-0.178528184805764));
#11939=CARTESIAN_POINT('Ctrl Pts',(4.60968100266835,0.154592450767435,-0.178528184805764));
#11940=CARTESIAN_POINT('Ctrl Pts',(4.6408968230084,0.149260520334961,-0.173977151160185));
#11941=CARTESIAN_POINT('Ctrl Pts',(4.69632524318885,0.126325072602148,-0.158826754699935));
#11942=CARTESIAN_POINT('Ctrl Pts',(4.72051381005338,0.108484816935687,-0.148500013585692));
#11943=CARTESIAN_POINT('Ctrl Pts',(4.74724602392388,0.0744020225565533,
-0.136006024136919));
#11944=CARTESIAN_POINT('Ctrl Pts',(4.75548852615255,0.0603261048027311,
-0.131889673485126));
#11945=CARTESIAN_POINT('Ctrl Pts',(4.76783688192919,0.0304758853799385,
-0.126423868631803));
#11946=CARTESIAN_POINT('Ctrl Pts',(4.77207170643209,0.0147670894170115,
-0.12500000054118));
#11947=CARTESIAN_POINT('Ctrl Pts',(4.77477719019258,9.16192847468862E-9,
-0.125));
#11948=CARTESIAN_POINT('Origin',(4.78000000000132,0.231888676151152,-0.0802922772086454));
#11949=CARTESIAN_POINT('',(4.53,0.30918490153487,0.0179436303884728));
#11950=CARTESIAN_POINT('',(4.93000000000066,0.30918490153487,0.0179436303884728));
#11951=CARTESIAN_POINT('',(4.53,0.154592450767435,-0.178528184805764));
#11952=CARTESIAN_POINT('',(4.53,-1.49832209846496,-2.2792201670889));
#11953=CARTESIAN_POINT('',(4.93000000000066,0.154592450767435,-0.178528184805764));
#11954=CARTESIAN_POINT('Origin',(5.58000000000124,0.0802591235906014,0.0504325186724981));
#11955=CARTESIAN_POINT('',(5.58000000000124,0.157177452155389,-0.175242902035164));
#11956=CARTESIAN_POINT('Origin',(5.58000000000124,1.73472347597681E-17,
-0.0515689414212163));
#11957=CARTESIAN_POINT('',(5.58000000000124,0.30918490153487,0.0179436303884728));
#11958=CARTESIAN_POINT('',(5.58000000000124,0.237436575745991,-0.07324144194145));
#11959=CARTESIAN_POINT('',(5.38000000000124,0.126195190848813,0.108812746635133));
#11960=CARTESIAN_POINT('Ctrl Pts',(5.58000000000124,0.30918490153487,0.0179436303884729));
#11961=CARTESIAN_POINT('Ctrl Pts',(5.55486043404412,0.30918490153487,0.0179436303884729));
#11962=CARTESIAN_POINT('Ctrl Pts',(5.52805023153738,0.305289819281615,0.0211294793552149));
#11963=CARTESIAN_POINT('Ctrl Pts',(5.47876629982809,0.288828420478887,0.0332496524984009));
#11964=CARTESIAN_POINT('Ctrl Pts',(5.45629347451308,0.27623358754278,0.042148879491826));
#11965=CARTESIAN_POINT('Ctrl Pts',(5.42023535555138,0.245265571061995,0.0611031512879883));
#11966=CARTESIAN_POINT('Ctrl Pts',(5.4046744393126,0.224662176886992,0.0724189606258287));
#11967=CARTESIAN_POINT('Ctrl Pts',(5.38457480436667,0.17773821250827,0.0930448161641343));
#11968=CARTESIAN_POINT('Ctrl Pts',(5.38000000000124,0.151383862171032,0.10224266511735));
#11969=CARTESIAN_POINT('Ctrl Pts',(5.38000000000124,0.126195190848813,0.108812746635133));
#11970=CARTESIAN_POINT('',(5.38000000000124,0.0802591235906014,0.0504325186724981));
#11971=CARTESIAN_POINT('Origin',(5.58000000000128,0.116832395553849,0.0969135537718221));
#11972=CARTESIAN_POINT('',(5.58000000000124,0.154592450767435,-0.178528184805764));
#11973=CARTESIAN_POINT('',(5.38522280980997,9.16193042962892E-9,-0.125));
#11974=CARTESIAN_POINT('Ctrl Pts',(5.38522280980997,9.16192838438383E-9,
-0.125));
#11975=CARTESIAN_POINT('Ctrl Pts',(5.38792829357046,0.0147670894170112,
-0.12500000054118));
#11976=CARTESIAN_POINT('Ctrl Pts',(5.39216311807335,0.0304758853799378,
-0.126423868631803));
#11977=CARTESIAN_POINT('Ctrl Pts',(5.40451147385,0.0603261048027304,-0.131889673485125));
#11978=CARTESIAN_POINT('Ctrl Pts',(5.41275397607867,0.074402022556553,-0.136006024136919));
#11979=CARTESIAN_POINT('Ctrl Pts',(5.43948618994917,0.108484816935686,-0.148500013585692));
#11980=CARTESIAN_POINT('Ctrl Pts',(5.4636747568137,0.126325072602147,-0.158826754699935));
#11981=CARTESIAN_POINT('Ctrl Pts',(5.51910317699416,0.149260520334961,-0.173977151160185));
#11982=CARTESIAN_POINT('Ctrl Pts',(5.55031899733421,0.154592450767435,-0.178528184805764));
#11983=CARTESIAN_POINT('Ctrl Pts',(5.58000000000124,0.154592450767435,-0.178528184805764));
#11984=CARTESIAN_POINT('',(5.58000000000128,0.274009847709238,-0.0267604068421259));
#11985=CARTESIAN_POINT('Origin',(5.58000000000122,-0.0577787063091901,-0.125));
#11986=CARTESIAN_POINT('Origin',(5.38000000000124,-2.26378460416455E-30,
0.125));
#11987=CARTESIAN_POINT('Origin',(5.38000000000124,0.,-0.375));
#11988=CARTESIAN_POINT('Origin',(5.63,0.394736778578878,-0.196759398505364));
#11989=CARTESIAN_POINT('',(5.81106155707331,0.391304078426207,-0.0637426816811904));
#11990=CARTESIAN_POINT('',(5.63,0.30918490153487,0.0179436303884728));
#11991=CARTESIAN_POINT('Ctrl Pts',(5.81106155707331,0.391304078426207,-0.0637426816811904));
#11992=CARTESIAN_POINT('Ctrl Pts',(5.80116935970905,0.37781720576798,-0.0467873589762199));
#11993=CARTESIAN_POINT('Ctrl Pts',(5.78730848977791,0.364418417005577,-0.0322827244120916));
#11994=CARTESIAN_POINT('Ctrl Pts',(5.75370652548816,0.340462287691003,-0.00838901651989515));
#11995=CARTESIAN_POINT('Ctrl Pts',(5.73123370017315,0.328850013747211,0.00175894640984053));
#11996=CARTESIAN_POINT('Ctrl Pts',(5.68194976846386,0.313197618590737,0.014907283697453));
#11997=CARTESIAN_POINT('Ctrl Pts',(5.65513956595711,0.30918490153487,0.0179436303884729));
#11998=CARTESIAN_POINT('Ctrl Pts',(5.63,0.30918490153487,0.0179436303884729));
#11999=CARTESIAN_POINT('',(5.63,0.154592450767435,-0.178528184805764));
#12000=CARTESIAN_POINT('',(5.63,0.237559326423489,-0.0730854378914163));
#12001=CARTESIAN_POINT('',(5.77035917580156,0.195652039213104,-0.219371340840595));
#12002=CARTESIAN_POINT('Ctrl Pts',(5.63,0.154592450767435,-0.178528184805764));
#12003=CARTESIAN_POINT('Ctrl Pts',(5.65968100266703,0.154592450767435,-0.178528184805764));
#12004=CARTESIAN_POINT('Ctrl Pts',(5.69089682300708,0.160270043233908,-0.182639915969711));
#12005=CARTESIAN_POINT('Ctrl Pts',(5.737897411498,0.177331262861453,-0.198520249108021));
#12006=CARTESIAN_POINT('Ctrl Pts',(5.75555673590541,0.186323889603893,-0.207644249551724));
#12007=CARTESIAN_POINT('Ctrl Pts',(5.77035917580156,0.195652039213104,-0.219371340840595));
#12008=CARTESIAN_POINT('',(5.83,0.286790667334897,-0.333948299476791));
#12009=CARTESIAN_POINT('Origin',(5.63,0.286790667334898,-0.33394829947679));
#12010=CARTESIAN_POINT('',(5.83,0.445645580745343,-0.132059313078448));
#12011=CARTESIAN_POINT('',(5.83,0.394736778578878,-0.196759398505364));
#12012=CARTESIAN_POINT('Origin',(5.63,0.445645580745342,-0.132059313078447));
#12013=CARTESIAN_POINT('Origin',(5.83,0.241445768463759,-0.076143457176152));
#12014=CARTESIAN_POINT('',(5.83,0.905235725100693,-1.11144029450328));
#12015=CARTESIAN_POINT('',(5.83,7.73829831583617,-9.7017773003553));
#12016=CARTESIAN_POINT('',(5.83,1.1008877643138,-0.955811635343876));
#12017=CARTESIAN_POINT('',(5.83,0.947669908871033,-1.07768662063787));
#12018=CARTESIAN_POINT('',(5.83,7.93395035504927,-9.5461486411959));
#12019=CARTESIAN_POINT('Origin',(5.08,3.94095903234669,-4.92786754355558));
#12020=CARTESIAN_POINT('',(4.38964082419844,0.195652039213104,-0.219371340840595));
#12021=CARTESIAN_POINT('',(5.08,0.195652039213104,-0.219371340840595));
#12022=CARTESIAN_POINT('',(4.33,0.286790667334897,-0.33394829947679));
#12023=CARTESIAN_POINT('Origin',(4.53,0.286790667334897,-0.333948299476791));
#12024=CARTESIAN_POINT('',(4.33,0.905235725100693,-1.11144029450328));
#12025=CARTESIAN_POINT('',(4.33,-2.22193587036575,2.81995320928332));
#12026=CARTESIAN_POINT('',(5.08,0.905235725100692,-1.11144029450328));
#12027=CARTESIAN_POINT('Origin',(5.08,0.,-0.375));
#12028=CARTESIAN_POINT('',(5.455,0.154592450767435,-0.178528184805764));
#12029=CARTESIAN_POINT('',(5.08,0.,-0.125));
#12030=CARTESIAN_POINT('Ctrl Pts',(4.38964082419844,0.195652039213104,-0.219371340840595));
#12031=CARTESIAN_POINT('Ctrl Pts',(4.40444326409459,0.186323889603893,-0.207644249551724));
#12032=CARTESIAN_POINT('Ctrl Pts',(4.422102588502,0.177331262861452,-0.19852024910802));
#12033=CARTESIAN_POINT('Ctrl Pts',(4.46910317699292,0.160270043233908,-0.18263991596971));
#12034=CARTESIAN_POINT('Ctrl Pts',(4.50031899733297,0.154592450767434,-0.178528184805763));
#12035=CARTESIAN_POINT('Ctrl Pts',(4.53,0.154592450767434,-0.178528184805763));
#12036=CARTESIAN_POINT('Origin',(4.53,-1.34114464630957,-2.40289412770285));
#12037=CARTESIAN_POINT('',(4.34893844292669,0.391304078426207,-0.0637426816811903));
#12038=CARTESIAN_POINT('Ctrl Pts',(4.53,0.309184901534869,0.0179436303884734));
#12039=CARTESIAN_POINT('Ctrl Pts',(4.50486043404289,0.309184901534869,0.0179436303884734));
#12040=CARTESIAN_POINT('Ctrl Pts',(4.47805023153614,0.313197618590736,0.0149072836974534));
#12041=CARTESIAN_POINT('Ctrl Pts',(4.42876629982685,0.328850013747211,0.00175894640984097));
#12042=CARTESIAN_POINT('Ctrl Pts',(4.40629347451184,0.340462287691003,-0.00838901651989442));
#12043=CARTESIAN_POINT('Ctrl Pts',(4.37269151023631,0.364418416995441,-0.0322827244019816));
#12044=CARTESIAN_POINT('Ctrl Pts',(4.35883064024307,0.377817205833262,-0.0467873590582905));
#12045=CARTESIAN_POINT('Ctrl Pts',(4.34893844292669,0.391304078426207,-0.0637426816811903));
#12046=CARTESIAN_POINT('',(4.33,0.445645580745342,-0.132059313078448));
#12047=CARTESIAN_POINT('Origin',(4.53,0.445645580745341,-0.132059313078447));
#12048=CARTESIAN_POINT('',(4.33,-1.34114464630957,-2.40289412770285));
#12049=CARTESIAN_POINT('Origin',(4.680000000001,2.23808016369604,0.444207508575955));
#12050=CARTESIAN_POINT('',(4.680000000001,2.23808016369604,0.444207508575955));
#12051=CARTESIAN_POINT('',(4.680000000001,2.39877706611767,0.25269639779621));
#12052=CARTESIAN_POINT('',(4.680000000001,1.92525873344998,0.817013571912155));
#12053=CARTESIAN_POINT('',(4.680000000001,2.3101225436769,0.043188984088108));
#12054=CARTESIAN_POINT('Origin',(4.680000000001,2.5594739685393,0.061185287016465));
#12055=CARTESIAN_POINT('',(4.680000000001,2.0607711188145,0.0251926811597519));
#12056=CARTESIAN_POINT('',(4.680000000001,2.1854468312457,0.0341908326239301));
#12057=CARTESIAN_POINT('Origin',(4.680000000001,2.5594739685393,0.061185287016465));
#12058=CARTESIAN_POINT('Origin',(5.08,6.65042232852042,4.14660219170803));
#12059=CARTESIAN_POINT('',(5.480000000001,2.23808016369604,0.444207508575954));
#12060=CARTESIAN_POINT('',(5.08,2.23808016369604,0.444207508575955));
#12061=CARTESIAN_POINT('',(5.480000000001,2.63197905105383,0.774727919679016));
#12062=CARTESIAN_POINT('',(5.480000000001,6.61212010636447,4.11446281122371));
#12063=CARTESIAN_POINT('',(4.680000000001,2.63197905105383,0.774727919679016));
#12064=CARTESIAN_POINT('',(5.08,2.63197905105383,0.774727919679016));
#12065=CARTESIAN_POINT('',(4.680000000001,4.31398677700753,2.1860999821641));
#12066=CARTESIAN_POINT('Origin',(5.480000000001,6.65416633541934,3.98656787534951));
#12067=CARTESIAN_POINT('',(5.480000000001,2.39877706611767,0.25269639779621));
#12068=CARTESIAN_POINT('',(5.480000000001,1.92525873344998,0.817013571912155));
#12069=CARTESIAN_POINT('',(5.480000000001,2.79267595347546,0.583216808899269));
#12070=CARTESIAN_POINT('',(5.480000000001,6.77281700878611,3.92295170044396));
#12071=CARTESIAN_POINT('',(5.480000000001,3.27579382297045,0.00745935228215477));
#12072=CARTESIAN_POINT('Origin',(5.08000000447085,2.5594739685393,0.061185287016465));
#12073=CARTESIAN_POINT('',(5.08,2.39877706611767,0.252696397796209));
#12074=CARTESIAN_POINT('',(5.480000000001,2.3101225436769,0.043188984088108));
#12075=CARTESIAN_POINT('Origin',(5.480000000001,2.5594739685393,0.061185287016465));
#12076=CARTESIAN_POINT('',(4.33,2.3101225436769,0.0431889840881081));
#12077=CARTESIAN_POINT('Origin',(5.08000000447085,2.5594739685393,0.061185287016465));
#12078=CARTESIAN_POINT('',(5.480000000001,2.0607711188145,0.0251926811597519));
#12079=CARTESIAN_POINT('',(4.33,2.0607711188145,0.0251926811597514));
#12080=CARTESIAN_POINT('Origin',(5.480000000001,2.5594739685393,0.061185287016465));
#12081=CARTESIAN_POINT('Origin',(5.480000000001,2.79267595347546,0.583216808899269));
#12082=CARTESIAN_POINT('',(5.480000000001,3.03887789172851,0.626628853316002));
#12083=CARTESIAN_POINT('Origin',(5.480000000001,2.9533728558971,0.391705698119525));
#12084=CARTESIAN_POINT('',(5.480000000001,3.12438292755993,0.861552008512479));
#12085=CARTESIAN_POINT('',(5.480000000001,2.78181624262727,-0.0796422229974283));
#12086=CARTESIAN_POINT('Origin',(5.480000000001,2.9533728558971,0.391705698119525));
#12087=CARTESIAN_POINT('Origin',(5.08,2.9533728558971,0.391705698119525));
#12088=CARTESIAN_POINT('',(4.680000000001,2.79267595347546,0.58321680889927));
#12089=CARTESIAN_POINT('',(5.08,2.79267595347546,0.583216808899271));
#12090=CARTESIAN_POINT('',(4.680000000001,3.03887789172851,0.626628853316003));
#12091=CARTESIAN_POINT('Origin',(4.680000000001,2.9533728558971,0.391705698119525));
#12092=CARTESIAN_POINT('',(5.08,3.03887789172851,0.626628853316003));
#12093=CARTESIAN_POINT('Origin',(4.680000000001,2.05789967670546,0.12984221723029));
#12094=CARTESIAN_POINT('',(4.680000000001,3.27579382297045,0.00745935228215533));
#12095=CARTESIAN_POINT('',(4.680000000001,4.47468367942917,1.99458887138435));
#12096=CARTESIAN_POINT('Origin',(5.480000000001,2.39877706611767,0.25269639779621));
#12097=CARTESIAN_POINT('',(5.480000000001,2.1854468312457,0.0341908326239254));
#12098=CARTESIAN_POINT('Origin',(5.08,7.61397253631488,-1.03856941626416));
#12099=CARTESIAN_POINT('',(4.680000000001,6.31356511088242,-0.565259820987999));
#12100=CARTESIAN_POINT('',(4.680000000001,4.74791004291786,0.00459202087913613));
#12101=CARTESIAN_POINT('',(5.480000000001,6.31356511088242,-0.565259820987999));
#12102=CARTESIAN_POINT('',(5.08,6.31356511088242,-0.565259820987998));
#12103=CARTESIAN_POINT('',(5.480000000001,7.56698790527558,-1.02146840909788));
#12104=CARTESIAN_POINT('Origin',(4.680000000001,1.92460006743655,1.16521503562068));
#12105=CARTESIAN_POINT('',(4.680000000001,3.12438292755993,0.861552008512479));
#12106=CARTESIAN_POINT('',(4.680000000001,2.78181624262727,-0.0796422229974279));
#12107=CARTESIAN_POINT('',(4.680000000001,6.39907014671384,-0.330336665791522));
#12108=CARTESIAN_POINT('',(4.680000000001,4.83341507874928,0.239515176075613));
#12109=CARTESIAN_POINT('',(4.680000000001,6.15534950382388,-0.999953628786643));
#12110=CARTESIAN_POINT('Origin',(5.08,2.9533728558971,0.391705698119525));
#12111=CARTESIAN_POINT('',(5.08,3.12438292755993,0.861552008512479));
#12112=CARTESIAN_POINT('Origin',(4.680000000001,2.9533728558971,0.391705698119525));
#12113=CARTESIAN_POINT('Origin',(5.08,6.81111923094206,3.95509108092829));
#12114=CARTESIAN_POINT('Origin',(4.680000000001,6.39907014671384,-0.330336665791522));
#12115=CARTESIAN_POINT('Origin',(4.680000000001,6.228060075051,-0.800182976184475));
#12116=CARTESIAN_POINT('Origin',(4.680000000001,6.228060075051,-0.800182976184475));
#12117=CARTESIAN_POINT('Origin',(5.08,6.228060075051,-0.800182976184475));
#12118=CARTESIAN_POINT('',(5.480000000001,6.39907014671384,-0.330336665791522));
#12119=CARTESIAN_POINT('',(5.08,6.39907014671384,-0.330336665791522));
#12120=CARTESIAN_POINT('Origin',(5.480000000001,6.228060075051,-0.800182976184475));
#12121=CARTESIAN_POINT('Origin',(5.480000000001,7.56275579215199,-0.886905824333358));
#12122=CARTESIAN_POINT('',(5.480000000001,6.15534950382388,-0.999953628786643));
#12123=CARTESIAN_POINT('',(5.480000000001,7.652492941107,-0.786545253901403));
#12124=CARTESIAN_POINT('Origin',(4.680000000001,2.63197905105383,0.774727919679015));
#12125=CARTESIAN_POINT('Origin',(5.08,6.228060075051,-0.800182976184475));
#12126=CARTESIAN_POINT('Origin',(5.480000000001,6.228060075051,-0.800182976184475));
#12127=CARTESIAN_POINT('Origin',(5.08,1.2965398035269,-0.800182976184471));
#12128=CARTESIAN_POINT('Origin',(5.83,1.2965398035269,-0.800182976184471));
#12129=CARTESIAN_POINT('Origin',(4.33,1.2965398035269,-0.800182976184471));
#12130=CARTESIAN_POINT('Origin',(5.83,1.2965398035269,-1.05018297618447));
#12131=CARTESIAN_POINT('Origin',(5.83,1.2965398035269,-0.800182976184471));
#12132=CARTESIAN_POINT('Origin',(5.08,7.69947757214629,-0.803646261067687));
#12133=CARTESIAN_POINT('Origin',(5.08,4.13661107155979,-4.77223888439617));
#12134=CARTESIAN_POINT('',(4.33,1.1008877643138,-0.955811635343877));
#12135=CARTESIAN_POINT('',(5.08,1.1008877643138,-0.955811635343876));
#12136=CARTESIAN_POINT('',(4.33,-2.02628383115264,2.97558186844272));
#12137=CARTESIAN_POINT('',(5.08,0.391304078426207,-0.0637426816811904));
#12138=CARTESIAN_POINT('Origin',(4.33,1.2965398035269,-1.30018297618447));
#12139=CARTESIAN_POINT('',(4.33,0.947669908871033,-1.07768662063787));
#12140=CARTESIAN_POINT('Origin',(4.33,1.2965398035269,-0.800182976184471));
#12141=CARTESIAN_POINT('Origin',(5.08,0.,-0.375));
#12142=CARTESIAN_POINT('Origin',(4.78000000000132,0.,-0.375));
#12143=CARTESIAN_POINT('',(5.455,0.30918490153487,0.0179436303884728));
#12144=CARTESIAN_POINT('Origin',(5.08,1.2965398035269,-0.800182976184471));
#12145=CARTESIAN_POINT('Origin',(5.08,6.34,-0.125));
#12146=CARTESIAN_POINT('',(5.22505169649671,-3.44821001627093,-0.125));
#12147=CARTESIAN_POINT('',(6.50338517962299,1.40456050078893,-0.125));
#12148=CARTESIAN_POINT('',(4.93494830350328,-3.44821001627092,-0.125));
#12149=CARTESIAN_POINT('Origin',(5.08,-3.41,-0.125));
#12150=CARTESIAN_POINT('',(3.73408897214203,1.1104554926613,-0.125));
#12151=CARTESIAN_POINT('Origin',(5.480000000001,6.31356511088242,-0.565259820988));
#12152=CARTESIAN_POINT('Origin',(4.33,7.83612433544272,-9.6239629707756));
#12153=CARTESIAN_POINT('Origin',(5.83,2.1854468312457,0.0341908326239251));
#12154=CARTESIAN_POINT('Origin',(5.08,-3.41,0.));
#12155=CARTESIAN_POINT('',(5.22505169649671,-3.44821001627093,0.));
#12156=CARTESIAN_POINT('',(4.93494830350328,-3.44821001627092,0.));
#12157=CARTESIAN_POINT('Origin',(5.83,0.231888676151152,-0.0802922772086454));
#12158=CARTESIAN_POINT('Origin',(4.93494830350328,-3.44821001627092,0.));
#12159=CARTESIAN_POINT('Origin',(4.78000000000132,-2.31553211611622E-34,
-0.125));
#12160=CARTESIAN_POINT('Origin',(5.38000000000004,-2.86,0.));
#12161=CARTESIAN_POINT('',(0.,0.,0.));
#12162=CARTESIAN_POINT('Origin',(-8.03957019122409,7.03,-0.829226212810801));
#12163=CARTESIAN_POINT('',(-8.03723560186663,7.11996971541876,-1.48889900029363));
#12164=CARTESIAN_POINT('',(-8.03957019122409,7.12,-1.48407101032906));
#12165=CARTESIAN_POINT('Origin',(-8.03957019122409,7.03,-1.48407101032906));
#12166=CARTESIAN_POINT('',(-8.03957019122409,7.12,-1.45455025877504));
#12167=CARTESIAN_POINT('',(-8.03957019122409,7.12,-0.829226212810801));
#12168=CARTESIAN_POINT('',(-8.0283638739259,7.11929959939719,-1.41206884869905));
#12169=CARTESIAN_POINT('Ctrl Pts',(-8.03957019122409,7.12,-1.45455025877504));
#12170=CARTESIAN_POINT('Ctrl Pts',(-8.03938357269624,7.12,-1.45408458411979));
#12171=CARTESIAN_POINT('Ctrl Pts',(-8.03919876231687,7.11999941957604,-1.45361818785304));
#12172=CARTESIAN_POINT('Ctrl Pts',(-8.03842441021193,7.11999464938801,-1.45164142365826));
#12173=CARTESIAN_POINT('Ctrl Pts',(-8.03785218968294,7.1199852976236,-1.45012438966263));
#12174=CARTESIAN_POINT('Ctrl Pts',(-8.03403361991721,7.11988893796476,-1.43958701474699));
#12175=CARTESIAN_POINT('Ctrl Pts',(-8.03147149857231,7.11965187642729,-1.43034515639824));
#12176=CARTESIAN_POINT('Ctrl Pts',(-8.02919669599231,7.11940181844056,-1.41796899948539));
#12177=CARTESIAN_POINT('Ctrl Pts',(-8.02873870282683,7.11934663714074,-1.4150240235648));
#12178=CARTESIAN_POINT('Ctrl Pts',(-8.02836387392095,7.11929959939721,-1.41206884869968));
#12179=CARTESIAN_POINT('',(-8.02116898240628,7.11809878270467,-1.36457161283131));
#12180=CARTESIAN_POINT('Ctrl Pts',(-8.02836387392094,7.1192995993972,-1.41206884870063));
#12181=CARTESIAN_POINT('Ctrl Pts',(-8.02758780743377,7.11920220985277,-1.40962346425543));
#12182=CARTESIAN_POINT('Ctrl Pts',(-8.0268687573199,7.11910172791278,-1.40716030977711));
#12183=CARTESIAN_POINT('Ctrl Pts',(-8.02424119595522,7.11870729197164,-1.39727290515579));
#12184=CARTESIAN_POINT('Ctrl Pts',(-8.02281779963813,7.1184311370946,-1.38975420694491));
#12185=CARTESIAN_POINT('Ctrl Pts',(-8.02136081123499,7.11814098339679,-1.37628865650114));
#12186=CARTESIAN_POINT('Ctrl Pts',(-8.02108446807966,7.11808113018184,-1.37044095885275));
#12187=CARTESIAN_POINT('Ctrl Pts',(-8.02116898240628,7.11809878270467,-1.36457161283131));
#12188=CARTESIAN_POINT('',(-8.02184124872357,7.11823652640207,-1.27191912633878));
#12189=CARTESIAN_POINT('Ctrl Pts',(-8.02116891641552,7.11809865775152,-1.36457161093048));
#12190=CARTESIAN_POINT('Ctrl Pts',(-8.02118797406898,7.11810264470625,-1.36324830897186));
#12191=CARTESIAN_POINT('Ctrl Pts',(-8.0212718739384,7.11811994871253,-1.35760058491248));
#12192=CARTESIAN_POINT('Ctrl Pts',(-8.02137555345897,7.11814003987452,-1.35026588070594));
#12193=CARTESIAN_POINT('Ctrl Pts',(-8.02146073723837,7.11815654690602,-1.34423963924884));
#12194=CARTESIAN_POINT('Ctrl Pts',(-8.02155459056725,7.11817492396711,-1.33707254454954));
#12195=CARTESIAN_POINT('Ctrl Pts',(-8.02162088320041,7.11818959008829,-1.33024545815687));
#12196=CARTESIAN_POINT('Ctrl Pts',(-8.02164213445612,7.11819429156832,-1.32805691696107));
#12197=CARTESIAN_POINT('Ctrl Pts',(-8.02166079642014,7.11819861411174,-1.32590355822156));
#12198=CARTESIAN_POINT('Ctrl Pts',(-8.0216768564411,7.11820237945445,-1.32383487355226));
#12199=CARTESIAN_POINT('Ctrl Pts',(-8.02169219966004,7.11820597673976,-1.32185851985474));
#12200=CARTESIAN_POINT('Ctrl Pts',(-8.02170516950639,7.11820906555724,-1.31996251083811));
#12201=CARTESIAN_POINT('Ctrl Pts',(-8.02171721608126,7.11821149114398,-1.31818934157042));
#12202=CARTESIAN_POINT('Ctrl Pts',(-8.02175251129117,7.11821859786054,-1.31299414026033));
#12203=CARTESIAN_POINT('Ctrl Pts',(-8.0217905365407,7.11822370315467,-1.30636758130728));
#12204=CARTESIAN_POINT('Ctrl Pts',(-8.02180997254479,7.118227373668,-1.29976015295558));
#12205=CARTESIAN_POINT('Ctrl Pts',(-8.02183605788082,7.11823229991587,-1.29089222989662));
#12206=CARTESIAN_POINT('Ctrl Pts',(-8.02183639244749,7.11823464125606,-1.28206020525557));
#12207=CARTESIAN_POINT('Ctrl Pts',(-8.02183871236001,7.11823571975893,-1.27671192539938));
#12208=CARTESIAN_POINT('Ctrl Pts',(-8.02183975622276,7.11823620503971,-1.27430542512354));
#12209=CARTESIAN_POINT('Ctrl Pts',(-8.02184078900416,7.11823643419917,-1.2726034547756));
#12210=CARTESIAN_POINT('Ctrl Pts',(-8.02184124873047,7.11823652637038,-1.27191912634241));
#12211=CARTESIAN_POINT('',(-8.02184125142263,7.11823652698014,-0.652384540300892));
#12212=CARTESIAN_POINT('',(-8.02184125142263,7.11823652698014,-0.829226212810801));
#12213=CARTESIAN_POINT('',(-7.94957019122409,7.03,-0.580113480102347));
#12214=CARTESIAN_POINT('Origin',(-8.03957019122409,7.03,-0.670113480102347));
#12215=CARTESIAN_POINT('',(-7.94957019122409,7.03,-1.57656441093616));
#12216=CARTESIAN_POINT('',(-7.94957019122409,7.03,-0.829226212810801));
#12217=CARTESIAN_POINT('Origin',(-8.03957019122409,7.03,-1.48656441093616));
#12218=CARTESIAN_POINT('Origin',(-8.00411231162118,7.03,-1.17515115649633));
#12219=CARTESIAN_POINT('',(-8.09411231162118,7.03,-1.27196336747341));
#12220=CARTESIAN_POINT('Ctrl Pts',(-8.09411231162118,7.03,-1.27196336747353));
#12221=CARTESIAN_POINT('Ctrl Pts',(-8.09411230149567,7.04764657385237,-1.2719709090704));
#12222=CARTESIAN_POINT('Ctrl Pts',(-8.08878526654434,7.06531542370055,-1.27197129858428));
#12223=CARTESIAN_POINT('Ctrl Pts',(-8.07898691671765,7.07995374021225,-1.27196568486381));
#12224=CARTESIAN_POINT('Ctrl Pts',(-8.06592245031076,7.09947149551835,-1.27195819990319));
#12225=CARTESIAN_POINT('Ctrl Pts',(-8.04490897940396,7.11360163602768,-1.27194004259794));
#12226=CARTESIAN_POINT('Ctrl Pts',(-8.02184124871771,7.11823652637294,-1.27191912633879));
#12227=CARTESIAN_POINT('',(-8.09411231162118,7.03,-0.580113480102347));
#12228=CARTESIAN_POINT('',(-8.09411231162118,7.03,-1.17515115649633));
#12229=CARTESIAN_POINT('Origin',(-8.00411231162118,7.03,-0.670113480102347));
#12230=CARTESIAN_POINT('Ctrl Pts',(-8.09273808928298,7.03,-1.36663312674695));
#12231=CARTESIAN_POINT('Ctrl Pts',(-8.09312697305293,7.03,-1.35313233789308));
#12232=CARTESIAN_POINT('Ctrl Pts',(-8.09353041889119,7.03,-1.33928941832696));
#12233=CARTESIAN_POINT('Ctrl Pts',(-8.09407279660324,7.03,-1.30686354321172));
#12234=CARTESIAN_POINT('Ctrl Pts',(-8.09408917627589,7.03,-1.28919484051551));
#12235=CARTESIAN_POINT('Ctrl Pts',(-8.09411231162118,7.03,-1.27196336747341));
#12236=CARTESIAN_POINT('Ctrl Pts',(-8.09273808928298,7.04764657385237,-1.36663312674695));
#12237=CARTESIAN_POINT('Ctrl Pts',(-8.09312697305293,7.04764657385237,-1.35313233789308));
#12238=CARTESIAN_POINT('Ctrl Pts',(-8.09353041889119,7.04764657385237,-1.33928941832696));
#12239=CARTESIAN_POINT('Ctrl Pts',(-8.09407279660324,7.04764657385237,-1.30686354321172));
#12240=CARTESIAN_POINT('Ctrl Pts',(-8.09408917627589,7.04764657385237,-1.28919484051551));
#12241=CARTESIAN_POINT('Ctrl Pts',(-8.09411231162118,7.04764657385237,-1.27196336747341));
#12242=CARTESIAN_POINT('Ctrl Pts',(-8.08031350673753,7.0888738901648,-1.36627524258532));
#12243=CARTESIAN_POINT('Ctrl Pts',(-8.08070235444515,7.0888738901648,-1.35277444151924));
#12244=CARTESIAN_POINT('Ctrl Pts',(-8.0811041339195,7.0888738901648,-1.33897875251596));
#12245=CARTESIAN_POINT('Ctrl Pts',(-8.08164260769619,7.0888738901648,-1.30678656977661));
#12246=CARTESIAN_POINT('Ctrl Pts',(-8.08165940442278,7.0888738901648,-1.28917816555693));
#12247=CARTESIAN_POINT('Ctrl Pts',(-8.08168258700643,7.0888738901648,-1.27194667905855));
#12248=CARTESIAN_POINT('Ctrl Pts',(-8.04355517022794,7.11360163608971,-1.36521643627157));
#12249=CARTESIAN_POINT('Ctrl Pts',(-8.043943824551,7.11360163608971,-1.35171556971748));
#12250=CARTESIAN_POINT('Ctrl Pts',(-8.04434075742247,7.11360163608971,-1.3380596360054));
#12251=CARTESIAN_POINT('Ctrl Pts',(-8.04486765194229,7.11360163608971,-1.30655884777673));
#12252=CARTESIAN_POINT('Ctrl Pts',(-8.04488560169855,7.11360163608971,-1.28912886476016));
#12253=CARTESIAN_POINT('Ctrl Pts',(-8.04490903759828,7.11360163608971,-1.2718973061024));
#12254=CARTESIAN_POINT('Ctrl Pts',(-8.02049699497639,7.11823652640346,-1.36455225655459));
#12255=CARTESIAN_POINT('Ctrl Pts',(-8.02088587874634,7.11823652640346,-1.35105146770071));
#12256=CARTESIAN_POINT('Ctrl Pts',(-8.0212794341078,7.11823652640346,-1.33748310867494));
#12257=CARTESIAN_POINT('Ctrl Pts',(-8.02179918400731,7.11823652640346,-1.30641597875492));
#12258=CARTESIAN_POINT('Ctrl Pts',(-8.02181818408644,7.11823652640346,-1.28909780793134));
#12259=CARTESIAN_POINT('Ctrl Pts',(-8.02184131943173,7.11823652640346,-1.27186633488924));
#12260=CARTESIAN_POINT('',(-8.09273808928298,7.03,-1.36663312674694));
#12261=CARTESIAN_POINT('Origin',(-8.00277540258745,7.03,-1.36404179455621));
#12262=CARTESIAN_POINT('Ctrl Pts',(-8.09273808928298,7.03,-1.36663312674695));
#12263=CARTESIAN_POINT('Ctrl Pts',(-8.09312697305293,7.03,-1.35313233789308));
#12264=CARTESIAN_POINT('Ctrl Pts',(-8.09353041889119,7.03,-1.33928941832696));
#12265=CARTESIAN_POINT('Ctrl Pts',(-8.09407279660324,7.03,-1.30686354321172));
#12266=CARTESIAN_POINT('Ctrl Pts',(-8.09408917627589,7.03,-1.28919484051551));
#12267=CARTESIAN_POINT('Ctrl Pts',(-8.09411231162118,7.03,-1.27196336747341));
#12268=CARTESIAN_POINT('Ctrl Pts',(-8.09273808928298,7.03,-1.36663312674694));
#12269=CARTESIAN_POINT('Ctrl Pts',(-8.09273808928298,7.03,-1.36663312674694));
#12270=CARTESIAN_POINT('Ctrl Pts',(-8.09273808928298,7.03,-1.36663312674694));
#12271=CARTESIAN_POINT('Ctrl Pts',(-8.09273808928298,7.10941168258968,-1.36663312674694));
#12272=CARTESIAN_POINT('Ctrl Pts',(-8.09273808928298,7.10941168258968,-1.36663312674694));
#12273=CARTESIAN_POINT('Ctrl Pts',(-8.09273808928298,7.10941168258968,-1.36663312674694));
#12274=CARTESIAN_POINT('Ctrl Pts',(-8.01397707383805,7.1192995993972,-1.36436445334252));
#12275=CARTESIAN_POINT('Ctrl Pts',(-8.01173731205557,7.1192995993972,-1.44212175062444));
#12276=CARTESIAN_POINT('Ctrl Pts',(-8.08945948921255,7.1192995993972,-1.44535856872417));
#12277=CARTESIAN_POINT('',(-8.09203255020225,7.08120134819262,-1.38260119316865));
#12278=CARTESIAN_POINT('Ctrl Pts',(-8.02836387392598,7.11929959939657,-1.41206884869905));
#12279=CARTESIAN_POINT('Ctrl Pts',(-8.03367820939711,7.11857675493055,-1.40960922424904));
#12280=CARTESIAN_POINT('Ctrl Pts',(-8.03892569692401,7.11729953379938,-1.40718053891437));
#12281=CARTESIAN_POINT('Ctrl Pts',(-8.05384504277841,7.11203403083185,-1.40027544456326));
#12282=CARTESIAN_POINT('Ctrl Pts',(-8.06169241316839,7.10716924296183,-1.39664346005902));
#12283=CARTESIAN_POINT('Ctrl Pts',(-8.07509464365927,7.09727327314377,-1.39044052951802));
#12284=CARTESIAN_POINT('Ctrl Pts',(-8.0808304038546,7.09147127305001,-1.38778585781115));
#12285=CARTESIAN_POINT('Ctrl Pts',(-8.08790814848526,7.08464443228743,-1.384510077831));
#12286=CARTESIAN_POINT('Ctrl Pts',(-8.0900397478734,7.08266052271694,-1.38352351347121));
#12287=CARTESIAN_POINT('Ctrl Pts',(-8.09203255105808,7.08120135268433,-1.38260118791165));
#12288=CARTESIAN_POINT('Ctrl Pts',(-8.09203255051045,7.08120135212137,-1.38260118749764));
#12289=CARTESIAN_POINT('Ctrl Pts',(-8.09208144538694,7.0797648579019,-1.38160867311326));
#12290=CARTESIAN_POINT('Ctrl Pts',(-8.09212692016414,7.07829843481609,-1.38065717180444));
#12291=CARTESIAN_POINT('Ctrl Pts',(-8.09232219911938,7.07143520795412,-1.37648304946892));
#12292=CARTESIAN_POINT('Ctrl Pts',(-8.09243720997225,7.06573888513637,-1.37378816370686));
#12293=CARTESIAN_POINT('Ctrl Pts',(-8.09258660316482,7.05569550814142,-1.37026598381878));
#12294=CARTESIAN_POINT('Ctrl Pts',(-8.09263423762889,7.05148348678489,-1.36912406566885));
#12295=CARTESIAN_POINT('Ctrl Pts',(-8.09269066167218,7.04453471115209,-1.36777188583045));
#12296=CARTESIAN_POINT('Ctrl Pts',(-8.09270725401694,7.04184192102294,-1.36737347176572));
#12297=CARTESIAN_POINT('Ctrl Pts',(-8.09272507956507,7.03764382329748,-1.36694551363752));
#12298=CARTESIAN_POINT('Ctrl Pts',(-8.09272985964373,7.03614886102393,-1.36683073434599));
#12299=CARTESIAN_POINT('Ctrl Pts',(-8.09273474447006,7.0338805966328,-1.36671344187148));
#12300=CARTESIAN_POINT('Ctrl Pts',(-8.09273599211872,7.03310898248058,-1.36668348350859));
#12301=CARTESIAN_POINT('Ctrl Pts',(-8.0927372468954,7.03194809338381,-1.36665335402626));
#12302=CARTESIAN_POINT('Ctrl Pts',(-8.09273756236651,7.03155904700797,-1.36664577898274));
#12303=CARTESIAN_POINT('Ctrl Pts',(-8.09273779919902,7.03112124624677,-1.36664009219775));
#12304=CARTESIAN_POINT('Ctrl Pts',(-8.09273782390711,7.03107252825101,-1.36663949891078));
#12305=CARTESIAN_POINT('Ctrl Pts',(-8.09273792772198,7.03085321925281,-1.36663700612458));
#12306=CARTESIAN_POINT('Ctrl Pts',(-8.09273798829173,7.03068262353436,-1.36663555173313));
#12307=CARTESIAN_POINT('Ctrl Pts',(-8.09273804887825,7.03042669281625,-1.36663409693892));
#12308=CARTESIAN_POINT('Ctrl Pts',(-8.09273806402905,7.03034136027425,-1.3666337331404));
#12309=CARTESIAN_POINT('Ctrl Pts',(-8.09273807918089,7.03021335681481,-1.36663336931668));
#12310=CARTESIAN_POINT('Ctrl Pts',(-8.09273808296911,7.03017068620485,-1.36663327835449));
#12311=CARTESIAN_POINT('Ctrl Pts',(-8.0927380867574,7.03010667970743,-1.36663318739073));
#12312=CARTESIAN_POINT('Ctrl Pts',(-8.09273808770449,7.03008534385895,-1.3666331646494));
#12313=CARTESIAN_POINT('Ctrl Pts',(-8.09273808865158,7.03005334001569,-1.36663314190797));
#12314=CARTESIAN_POINT('Ctrl Pts',(-8.09273808888836,7.03004267202296,-1.36663313622259));
#12315=CARTESIAN_POINT('Ctrl Pts',(-8.09273808920405,7.03002133601873,-1.36663312864207));
#12316=CARTESIAN_POINT('Ctrl Pts',(-8.09273808928298,7.03001066800895,-1.36663312674694));
#12317=CARTESIAN_POINT('Ctrl Pts',(-8.09273808928298,7.03,-1.36663312674694));
#12318=CARTESIAN_POINT('Ctrl Pts',(-8.10466244550513,7.03,-1.3923972344511));
#12319=CARTESIAN_POINT('Ctrl Pts',(-8.10466244550513,7.03,-1.3923972344511));
#12320=CARTESIAN_POINT('Ctrl Pts',(-8.10466244550513,7.03,-1.3923972344511));
#12321=CARTESIAN_POINT('Ctrl Pts',(-8.10466244550513,7.03,-1.3923972344511));
#12322=CARTESIAN_POINT('Ctrl Pts',(-8.10466244550513,7.03,-1.3923972344511));
#12323=CARTESIAN_POINT('Ctrl Pts',(-8.10466244550513,7.12,-1.3923972344511));
#12324=CARTESIAN_POINT('Ctrl Pts',(-8.10466244550513,7.12,-1.3923972344511));
#12325=CARTESIAN_POINT('Ctrl Pts',(-8.10466244550513,7.12,-1.3923972344511));
#12326=CARTESIAN_POINT('Ctrl Pts',(-8.10466244550513,7.12,-1.3923972344511));
#12327=CARTESIAN_POINT('Ctrl Pts',(-8.10466244550513,7.12,-1.3923972344511));
#12328=CARTESIAN_POINT('Ctrl Pts',(-8.03354657519534,7.12,-1.33723807392375));
#12329=CARTESIAN_POINT('Ctrl Pts',(-7.98385512582009,7.12,-1.40130450705092));
#12330=CARTESIAN_POINT('Ctrl Pts',(-8.04240553473602,7.12,-1.45739013453631));
#12331=CARTESIAN_POINT('Ctrl Pts',(-8.10095594365194,7.12,-1.5134757620217));
#12332=CARTESIAN_POINT('Ctrl Pts',(-8.16282733220218,7.12,-1.46107653231822));
#12333=CARTESIAN_POINT('',(-8.05808189762029,7.12,-1.46940536751994));
#12334=CARTESIAN_POINT('Origin',(-8.10466244550513,7.12,-1.3923972344511));
#12335=CARTESIAN_POINT('',(-8.14391346507804,7.11510879397488,-1.43874362344919));
#12336=CARTESIAN_POINT('Ctrl Pts',(-8.14391346507804,7.11510879397488,-1.43874362344919));
#12337=CARTESIAN_POINT('Ctrl Pts',(-8.14340170415442,7.11510507405824,-1.43916286039428));
#12338=CARTESIAN_POINT('Ctrl Pts',(-8.1428861796431,7.11510320785218,-1.43957819501752));
#12339=CARTESIAN_POINT('Ctrl Pts',(-8.13771077481947,7.11510320785218,-1.44367833775484));
#12340=CARTESIAN_POINT('Ctrl Pts',(-8.13281939660727,7.11525637817717,-1.44699856430921));
#12341=CARTESIAN_POINT('Ctrl Pts',(-8.12092674600759,7.11590534714679,-1.45389029731454));
#12342=CARTESIAN_POINT('Ctrl Pts',(-8.11385779978354,7.11648849428412,-1.45714260602749));
#12343=CARTESIAN_POINT('Ctrl Pts',(-8.09387118885026,7.11822693331719,-1.46441384191679));
#12344=CARTESIAN_POINT('Ctrl Pts',(-8.08061904086058,7.11945512815467,-1.46720178584974));
#12345=CARTESIAN_POINT('Ctrl Pts',(-8.0644792429325,7.11993948155557,-1.46892333483079));
#12346=CARTESIAN_POINT('Ctrl Pts',(-8.06182392977277,7.11998754265409,-1.46915333146458));
#12347=CARTESIAN_POINT('Ctrl Pts',(-8.05880384905572,7.11999929048281,-1.46935893051868));
#12348=CARTESIAN_POINT('Ctrl Pts',(-8.05844290203032,7.12,-1.46938259588822));
#12349=CARTESIAN_POINT('Ctrl Pts',(-8.05808189762029,7.12,-1.46940536751994));
#12350=CARTESIAN_POINT('',(-8.10466244550515,7.03,-1.39239723445109));
#12351=CARTESIAN_POINT('Origin',(-8.16282733220146,7.03,-1.46107653231883));
#12352=CARTESIAN_POINT('',(-8.08868035407828,7.10239649747306,-1.42524863244228));
#12353=CARTESIAN_POINT('Ctrl Pts',(-8.10466244550513,7.03,-1.3923972344511));
#12354=CARTESIAN_POINT('Ctrl Pts',(-8.10466244550513,7.03047443028643,-1.3923972344511));
#12355=CARTESIAN_POINT('Ctrl Pts',(-8.10465969999383,7.03094885315721,-1.39239979085126));
#12356=CARTESIAN_POINT('Ctrl Pts',(-8.10465420922976,7.03142322411955,-1.39240490341295));
#12357=CARTESIAN_POINT('Ctrl Pts',(-8.10464876037934,7.03189397397943,-1.39240997694798));
#12358=CARTESIAN_POINT('Ctrl Pts',(-8.10464060819425,7.03236465817203,-1.39241756760973));
#12359=CARTESIAN_POINT('Ctrl Pts',(-8.10462975344551,7.03283523322675,-1.39242767471659));
#12360=CARTESIAN_POINT('Ctrl Pts',(-8.10460859250486,7.03375260230118,-1.39244737815639));
#12361=CARTESIAN_POINT('Ctrl Pts',(-8.10457716245961,7.03466947541041,-1.39247664323528));
#12362=CARTESIAN_POINT('Ctrl Pts',(-8.10453547537585,7.03558553076435,-1.39251546079399));
#12363=CARTESIAN_POINT('Ctrl Pts',(-8.10445897790174,7.03726652915498,-1.39258669257429));
#12364=CARTESIAN_POINT('Ctrl Pts',(-8.10434795911727,7.03894426202163,-1.39269006369723));
#12365=CARTESIAN_POINT('Ctrl Pts',(-8.10420259550837,7.04061674711108,-1.39282550063568));
#12366=CARTESIAN_POINT('Ctrl Pts',(-8.10418447646321,7.04082521629455,-1.39284238235746));
#12367=CARTESIAN_POINT('Ctrl Pts',(-8.1041658242547,7.04103360010327,-1.39285976209541));
#12368=CARTESIAN_POINT('Ctrl Pts',(-8.10414663977145,7.04124189088393,-1.39287763942969));
#12369=CARTESIAN_POINT('Ctrl Pts',(-8.10412654813191,7.04146003088965,-1.39289636211052));
#12370=CARTESIAN_POINT('Ctrl Pts',(-8.10410587242424,7.04167807172429,-1.39291563080459));
#12371=CARTESIAN_POINT('Ctrl Pts',(-8.1040846137587,7.04189600460463,-1.39293544503336));
#12372=CARTESIAN_POINT('Ctrl Pts',(-8.10406237818773,7.04212395221596,-1.39295616979096));
#12373=CARTESIAN_POINT('Ctrl Pts',(-8.10403950452907,7.04235178499813,-1.39297749167109));
#12374=CARTESIAN_POINT('Ctrl Pts',(-8.10401599416651,7.0425794929106,-1.39299941013717));
#12375=CARTESIAN_POINT('Ctrl Pts',(-8.10389823312877,7.04372005890608,-1.3931091975258));
#12376=CARTESIAN_POINT('Ctrl Pts',(-8.10376450041308,7.0448574285207,-1.39323394191923));
#12377=CARTESIAN_POINT('Ctrl Pts',(-8.10361494582939,7.04599097268118,-1.39337365548652));
#12378=CARTESIAN_POINT('Ctrl Pts',(-8.10315081029556,7.04950887304282,-1.39380724989426));
#12379=CARTESIAN_POINT('Ctrl Pts',(-8.10253409939249,7.05298530084917,-1.39438360476945));
#12380=CARTESIAN_POINT('Ctrl Pts',(-8.1017759051471,7.05640191054997,-1.39510773948633));
#12381=CARTESIAN_POINT('Ctrl Pts',(-8.10099052714374,7.05994101694838,-1.39585783681505));
#12382=CARTESIAN_POINT('Ctrl Pts',(-8.10005669737632,7.06339863934704,-1.39676095017925));
#12383=CARTESIAN_POINT('Ctrl Pts',(-8.09900957164968,7.06675725270042,-1.39784088272451));
#12384=CARTESIAN_POINT('Ctrl Pts',(-8.09865837247496,7.06788370982768,-1.39820308509334));
#12385=CARTESIAN_POINT('Ctrl Pts',(-8.09829478311379,7.06899902954549,-1.3985853389228));
#12386=CARTESIAN_POINT('Ctrl Pts',(-8.0979214326046,7.07010255066863,-1.39898913518586));
#12387=CARTESIAN_POINT('Ctrl Pts',(-8.09689507108025,7.07313619223125,-1.40009919379801));
#12388=CARTESIAN_POINT('Ctrl Pts',(-8.09580679946658,7.0760302765248,-1.40135343318025));
#12389=CARTESIAN_POINT('Ctrl Pts',(-8.09474300814204,7.07878223218421,-1.40279244681492));
#12390=CARTESIAN_POINT('Ctrl Pts',(-8.0938049255182,7.08120898800196,-1.40406141155926));
#12391=CARTESIAN_POINT('Ctrl Pts',(-8.09288575768123,7.08352522127463,-1.40547400570369));
#12392=CARTESIAN_POINT('Ctrl Pts',(-8.09208656440655,7.08572916873681,-1.40707709988606));
#12393=CARTESIAN_POINT('Ctrl Pts',(-8.09197946771208,7.08602451092183,-1.40729192412608));
#12394=CARTESIAN_POINT('Ctrl Pts',(-8.09187459567703,7.08631783672225,-1.40751020124484));
#12395=CARTESIAN_POINT('Ctrl Pts',(-8.09177225967846,7.08660914189491,-1.40773207506777));
#12396=CARTESIAN_POINT('Ctrl Pts',(-8.09170056464152,7.08681322584785,-1.40788751647797));
#12397=CARTESIAN_POINT('Ctrl Pts',(-8.09160366769551,7.08709655374963,-1.40810124507294));
#12398=CARTESIAN_POINT('Ctrl Pts',(-8.09148560943173,7.08745215216924,-1.40837932587795));
#12399=CARTESIAN_POINT('Ctrl Pts',(-8.09122378161355,7.08824079292491,-1.40899604924934));
#12400=CARTESIAN_POINT('Ctrl Pts',(-8.09085466377212,7.0893849012267,-1.40992783389851));
#12401=CARTESIAN_POINT('Ctrl Pts',(-8.09047001587027,7.09080840860281,-1.41126254289316));
#12402=CARTESIAN_POINT('Ctrl Pts',(-8.09011638339027,7.09211713391054,-1.41248962992416));
#12403=CARTESIAN_POINT('Ctrl Pts',(-8.08975526497679,7.09366201714135,-1.41405985016509));
#12404=CARTESIAN_POINT('Ctrl Pts',(-8.08946359812437,7.09538394692481,-1.41604404406052));
#12405=CARTESIAN_POINT('Ctrl Pts',(-8.08926839811213,7.09653636007017,-1.41737197923534));
#12406=CARTESIAN_POINT('Ctrl Pts',(-8.08910499763935,7.09776807318245,-1.41888565002721));
#12407=CARTESIAN_POINT('Ctrl Pts',(-8.08897226632839,7.09906136684887,-1.42059527992598));
#12408=CARTESIAN_POINT('Ctrl Pts',(-8.08886217314172,7.10013408149324,-1.4220133221514));
#12409=CARTESIAN_POINT('Ctrl Pts',(-8.08877347328269,7.10124916216185,-1.42356631344999));
#12410=CARTESIAN_POINT('Ctrl Pts',(-8.08868035407828,7.10239649747307,-1.42524863244228));
#12411=CARTESIAN_POINT('Ctrl Pts',(-8.08868035407828,7.10239649747307,-1.42524863244228));
#12412=CARTESIAN_POINT('Ctrl Pts',(-8.08921172447674,7.09866143493214,-1.41988300345833));
#12413=CARTESIAN_POINT('Ctrl Pts',(-8.08967206036572,7.09462319363997,-1.41518029569341));
#12414=CARTESIAN_POINT('Ctrl Pts',(-8.09003389180244,7.09101197788169,-1.41123013224821));
#12415=CARTESIAN_POINT('Ctrl Pts',(-8.09019531278674,7.08940093488466,-1.40946787721237));
#12416=CARTESIAN_POINT('Ctrl Pts',(-8.09033795973927,7.08787488059687,-1.40785545649163));
#12417=CARTESIAN_POINT('Ctrl Pts',(-8.09046246508156,7.08649864941307,-1.40640104677039));
#12418=CARTESIAN_POINT('Ctrl Pts',(-8.0906934295038,7.08394566305622,-1.40370303482349));
#12419=CARTESIAN_POINT('Ctrl Pts',(-8.09087821435419,7.08175142233857,-1.40136704324125));
#12420=CARTESIAN_POINT('Ctrl Pts',(-8.09103652568625,7.0801015663746,-1.39921153546505));
#12421=CARTESIAN_POINT('Ctrl Pts',(-8.09106112487859,7.07984520365151,-1.39887660207981));
#12422=CARTESIAN_POINT('Ctrl Pts',(-8.09108507495407,7.07960198481017,-1.39854602567235));
#12423=CARTESIAN_POINT('Ctrl Pts',(-8.09110845824877,7.07937260631035,-1.398219125774));
#12424=CARTESIAN_POINT('Ctrl Pts',(-8.09119104221603,7.07856249863467,-1.39706459683148));
#12425=CARTESIAN_POINT('Ctrl Pts',(-8.09127944289469,7.07779684609523,-1.39577298419352));
#12426=CARTESIAN_POINT('Ctrl Pts',(-8.09136683702633,7.07732825295732,-1.39442350119257));
#12427=CARTESIAN_POINT('Ctrl Pts',(-8.09143111679265,7.07698359529165,-1.39343093509773));
#12428=CARTESIAN_POINT('Ctrl Pts',(-8.09149412047297,7.0768017550194,-1.39242051897816));
#12429=CARTESIAN_POINT('Ctrl Pts',(-8.09155720325264,7.07683372670402,-1.39136822033471));
#12430=CARTESIAN_POINT('Ctrl Pts',(-8.09162925579841,7.07687024445549,-1.39016629491914));
#12431=CARTESIAN_POINT('Ctrl Pts',(-8.09169445826042,7.07718293514036,-1.38902594889567));
#12432=CARTESIAN_POINT('Ctrl Pts',(-8.09175499515112,7.07766580111712,-1.38792936368053));
#12433=CARTESIAN_POINT('Ctrl Pts',(-8.09184825082681,7.07840964495193,-1.38624009959717));
#12434=CARTESIAN_POINT('Ctrl Pts',(-8.09193890176351,7.07962378011301,-1.38450215779625));
#12435=CARTESIAN_POINT('Ctrl Pts',(-8.09203254995157,7.08120134426401,-1.38260119884229));
#12436=CARTESIAN_POINT('Origin',(-8.14412527917044,7.12,-1.07833894551925));
#12437=CARTESIAN_POINT('',(-8.15657934836734,7.12,-1.39137212739892));
#12438=CARTESIAN_POINT('Origin',(-8.11911879539581,7.03,-0.670113480102347));
#12439=CARTESIAN_POINT('',(-8.11911879539581,7.03,-0.580113480102347));
#12440=CARTESIAN_POINT('Origin',(-7.94957019122409,6.92,-0.580113480102347));
#12441=CARTESIAN_POINT('',(-7.94957019122409,6.92,-0.580113480102347));
#12442=CARTESIAN_POINT('',(-7.94957019122409,6.92,-0.580113480102347));
#12443=CARTESIAN_POINT('',(-7.94957019122409,6.92,-1.57656441093616));
#12444=CARTESIAN_POINT('',(-7.94957019122409,6.92,0.534943259948827));
#12445=CARTESIAN_POINT('',(-7.94957019122409,6.92,-1.57656441093616));
#12446=CARTESIAN_POINT('Origin',(-8.15657934836734,7.03,-1.39137212739892));
#12447=CARTESIAN_POINT('',(-8.06775323780345,7.03,-1.57656441093616));
#12448=CARTESIAN_POINT('Origin',(-8.03642289651852,7.03,-1.48656441093616));
#12449=CARTESIAN_POINT('',(-8.3386803671168,7.03,-1.36192614794903));
#12450=CARTESIAN_POINT('',(-8.2124673055297,7.03,-1.46191669660321));
#12451=CARTESIAN_POINT('',(-8.25350573214002,7.11520613759785,-1.3515575370899));
#12452=CARTESIAN_POINT('Origin',(-8.21305144342154,7.03,-1.3466328928291));
#12453=CARTESIAN_POINT('',(-8.19045669262409,7.11544709769145,-1.40059081843071));
#12454=CARTESIAN_POINT('',(-8.22895681426792,7.11529621439046,-1.37064923684942));
#12455=CARTESIAN_POINT('Ctrl Pts',(-8.19045668985471,7.11544711042374,-1.40059081518582));
#12456=CARTESIAN_POINT('Ctrl Pts',(-8.18287351964,7.11539205050026,-1.40681083361403));
#12457=CARTESIAN_POINT('Ctrl Pts',(-8.1753422431408,7.11533685049348,-1.41298811197948));
#12458=CARTESIAN_POINT('Ctrl Pts',(-8.16780621787667,7.1152819613614,-1.41916598648151));
#12459=CARTESIAN_POINT('Ctrl Pts',(-8.15896592850703,7.11521757253655,-1.42641306917738));
#12460=CARTESIAN_POINT('Ctrl Pts',(-8.15167271868568,7.11516503788476,-1.4323873400308));
#12461=CARTESIAN_POINT('Ctrl Pts',(-8.14391356362295,7.11510856306031,-1.43874373980799));
#12462=CARTESIAN_POINT('Origin',(-8.04684773519727,7.03,-1.48656441093616));
#12463=CARTESIAN_POINT('',(-8.04684773519727,7.03,-1.57656441093616));
#12464=CARTESIAN_POINT('Ctrl Pts',(-8.1517213928895,7.03,-1.35249073268108));
#12465=CARTESIAN_POINT('Ctrl Pts',(-8.14300303385617,7.03,-1.35989295943506));
#12466=CARTESIAN_POINT('Ctrl Pts',(-8.13430047496494,7.03,-1.36728175296363));
#12467=CARTESIAN_POINT('Ctrl Pts',(-8.11864123913016,7.03,-1.38055850270287));
#12468=CARTESIAN_POINT('Ctrl Pts',(-8.11165818820481,7.03,-1.38647250030098));
#12469=CARTESIAN_POINT('Ctrl Pts',(-8.10466244550515,7.03,-1.39239723445109));
#12470=CARTESIAN_POINT('Ctrl Pts',(-8.1517213928895,7.04608890437879,-1.35249073268108));
#12471=CARTESIAN_POINT('Ctrl Pts',(-8.14300303385617,7.04608890437879,-1.35989295943505));
#12472=CARTESIAN_POINT('Ctrl Pts',(-8.13430047496494,7.04608890437879,-1.36728175296363));
#12473=CARTESIAN_POINT('Ctrl Pts',(-8.11864123913016,7.04608890437879,-1.38055850270287));
#12474=CARTESIAN_POINT('Ctrl Pts',(-8.11165818820481,7.04608890437878,-1.38647250030098));
#12475=CARTESIAN_POINT('Ctrl Pts',(-8.10466244550515,7.04608890437878,-1.39239723445109));
#12476=CARTESIAN_POINT('Ctrl Pts',(-8.15837624089329,7.08366385565929,-1.36032882737037));
#12477=CARTESIAN_POINT('Ctrl Pts',(-8.14965788192451,7.08366385565929,-1.36773105419526));
#12478=CARTESIAN_POINT('Ctrl Pts',(-8.14095351728698,7.0836638556593,-1.37512138182211));
#12479=CARTESIAN_POINT('Ctrl Pts',(-8.12528780473923,7.0836638556593,-1.38840362287427));
#12480=CARTESIAN_POINT('Ctrl Pts',(-8.11830330418375,7.08366385565929,-1.39431884757074));
#12481=CARTESIAN_POINT('Ctrl Pts',(-8.11130756143776,7.08366385565929,-1.40024358166199));
#12482=CARTESIAN_POINT('Ctrl Pts',(-8.17849728820103,7.10871053205739,-1.38402744136664));
#12483=CARTESIAN_POINT('Ctrl Pts',(-8.16977892948076,7.10871053205739,-1.39142966846458));
#12484=CARTESIAN_POINT('Ctrl Pts',(-8.16106910509909,7.10871053205739,-1.39882463442126));
#12485=CARTESIAN_POINT('Ctrl Pts',(-8.14538381008631,7.10871053205739,-1.41212347853976));
#12486=CARTESIAN_POINT('Ctrl Pts',(-8.13839492658537,7.10871053205739,-1.41804241343454));
#12487=CARTESIAN_POINT('Ctrl Pts',(-8.13139918366105,7.10871053205739,-1.42396714729916));
#12488=CARTESIAN_POINT('Ctrl Pts',(-8.19167906743631,7.11544711042374,-1.39955297008804));
#12489=CARTESIAN_POINT('Ctrl Pts',(-8.18296070840298,7.11544711042374,-1.40695519684201));
#12490=CARTESIAN_POINT('Ctrl Pts',(-8.17424730756183,7.11544711042375,-1.41435320185973));
#12491=CARTESIAN_POINT('Ctrl Pts',(-8.15854918371536,7.11544711042375,-1.42766292315712));
#12492=CARTESIAN_POINT('Ctrl Pts',(-8.15155742851953,7.11544711042375,-1.43358428828707));
#12493=CARTESIAN_POINT('Ctrl Pts',(-8.14456168581987,7.11544711042375,-1.43950902243718));
#12494=CARTESIAN_POINT('',(-8.15172139288949,7.03,-1.35249073268108));
#12495=CARTESIAN_POINT('Ctrl Pts',(-8.19045668985472,7.11544711042374,-1.40059081518581));
#12496=CARTESIAN_POINT('Ctrl Pts',(-8.18896976907957,7.114663235434,-1.39874440878708));
#12497=CARTESIAN_POINT('Ctrl Pts',(-8.18750315452846,7.11377587020777,-1.39692311125591));
#12498=CARTESIAN_POINT('Ctrl Pts',(-8.1860599606923,7.11278877219716,-1.39513084983377));
#12499=CARTESIAN_POINT('Ctrl Pts',(-8.18182666234086,7.1098933327376,-1.38987363688457));
#12500=CARTESIAN_POINT('Ctrl Pts',(-8.17784473400647,7.10617834078241,-1.38492825504263));
#12501=CARTESIAN_POINT('Ctrl Pts',(-8.17418539886204,7.10176520068497,-1.3803840358139));
#12502=CARTESIAN_POINT('Ctrl Pts',(-8.17200744491036,7.09913859898407,-1.37767941876303));
#12503=CARTESIAN_POINT('Ctrl Pts',(-8.16994395956558,7.09626365410556,-1.37511713708807));
#12504=CARTESIAN_POINT('Ctrl Pts',(-8.16801337464843,7.09315900817577,-1.37272004833161));
#12505=CARTESIAN_POINT('Ctrl Pts',(-8.16479302491033,7.08798024311959,-1.36872153778669));
#12506=CARTESIAN_POINT('Ctrl Pts',(-8.16197916485544,7.08222523013751,-1.36522834148291));
#12507=CARTESIAN_POINT('Ctrl Pts',(-8.15964875721246,7.07599489376327,-1.3623346641924));
#12508=CARTESIAN_POINT('Ctrl Pts',(-8.1582360931553,7.07221814153438,-1.36058055309788));
#12509=CARTESIAN_POINT('Ctrl Pts',(-8.15700149935142,7.06826589506798,-1.35904723707365));
#12510=CARTESIAN_POINT('Ctrl Pts',(-8.15595151929853,7.06417327725084,-1.35774321592771));
#12511=CARTESIAN_POINT('Ctrl Pts',(-8.15421158922663,7.05739136859151,-1.35558231239439));
#12512=CARTESIAN_POINT('Ctrl Pts',(-8.15299752935774,7.05030551118104,-1.35407467420175));
#12513=CARTESIAN_POINT('Ctrl Pts',(-8.15232773160692,7.04308369471744,-1.35324323041639));
#12514=CARTESIAN_POINT('Ctrl Pts',(-8.15192673706768,7.03876013740229,-1.35274546162396));
#12515=CARTESIAN_POINT('Ctrl Pts',(-8.15172139288949,7.03438731642126,-1.35249073268108));
#12516=CARTESIAN_POINT('Ctrl Pts',(-8.15172139288949,7.03,-1.35249073268108));
#12517=CARTESIAN_POINT('Ctrl Pts',(-8.1517213928895,7.03,-1.35249073268108));
#12518=CARTESIAN_POINT('Ctrl Pts',(-8.14300303385617,7.03,-1.35989295943506));
#12519=CARTESIAN_POINT('Ctrl Pts',(-8.13430047496494,7.03,-1.36728175296363));
#12520=CARTESIAN_POINT('Ctrl Pts',(-8.11864123913016,7.03,-1.38055850270287));
#12521=CARTESIAN_POINT('Ctrl Pts',(-8.11165818820481,7.03,-1.38647250030098));
#12522=CARTESIAN_POINT('Ctrl Pts',(-8.10466244550515,7.03,-1.39239723445109));
#12523=CARTESIAN_POINT('Origin',(-8.32651775507602,7.03,-1.33228294856188));
#12524=CARTESIAN_POINT('',(-8.2646671842234,7.03,-1.26627171994381));
#12525=CARTESIAN_POINT('Origin',(-8.24820452239345,7.03,-1.39206463255747));
#12526=CARTESIAN_POINT('',(-8.27190773435052,7.03,-1.26074452786111));
#12527=CARTESIAN_POINT('Origin',(-8.16244372401288,7.03,-1.28122761955965));
#12528=CARTESIAN_POINT('',(-8.23362393266748,7.03,-1.226151509531));
#12529=CARTESIAN_POINT('Origin',(-8.06775323780345,6.92,-1.57656441093616));
#12530=CARTESIAN_POINT('',(-8.06775323780345,6.92,-1.57656441093616));
#12531=CARTESIAN_POINT('',(-8.06775323780345,6.92,-1.57656441093616));
#12532=CARTESIAN_POINT('',(-8.3386803671168,6.92,-1.36192614794903));
#12533=CARTESIAN_POINT('',(-6.3746396693189,6.92,-2.91791016800564));
#12534=CARTESIAN_POINT('',(-8.3386803671168,6.92,-1.36192614794903));
#12535=CARTESIAN_POINT('Ctrl Pts',(-8.09273808928298,6.92,-1.36663312674694));
#12536=CARTESIAN_POINT('Ctrl Pts',(-8.09273808928298,7.12,-1.36663312674694));
#12537=CARTESIAN_POINT('Ctrl Pts',(-8.09313740838128,6.92,-1.35277005698658));
#12538=CARTESIAN_POINT('Ctrl Pts',(-8.09313740838128,7.12,-1.35277005698658));
#12539=CARTESIAN_POINT('Ctrl Pts',(-8.09404617792138,6.92,-1.32122051281495));
#12540=CARTESIAN_POINT('Ctrl Pts',(-8.09404617792138,7.12,-1.32122051281495));
#12541=CARTESIAN_POINT('Ctrl Pts',(-8.09408855519199,6.92,-1.28965743100108));
#12542=CARTESIAN_POINT('Ctrl Pts',(-8.09408855519199,7.12,-1.28965743100108));
#12543=CARTESIAN_POINT('Ctrl Pts',(-8.09411231162118,6.92,-1.27196336747341));
#12544=CARTESIAN_POINT('Ctrl Pts',(-8.09411231162118,7.12,-1.27196336747341));
#12545=CARTESIAN_POINT('',(-8.09273808928298,6.92,-1.36663312674694));
#12546=CARTESIAN_POINT('',(-8.09273808928298,6.92,-1.36663312674694));
#12547=CARTESIAN_POINT('',(-8.09411231162118,6.92,-1.27196336747341));
#12548=CARTESIAN_POINT('Ctrl Pts',(-8.09411231162118,6.92,-1.27196336747341));
#12549=CARTESIAN_POINT('Ctrl Pts',(-8.09408855519199,6.92,-1.28965743100108));
#12550=CARTESIAN_POINT('Ctrl Pts',(-8.09404617792138,6.92,-1.32122051281495));
#12551=CARTESIAN_POINT('Ctrl Pts',(-8.09313740838128,6.92,-1.35277005698658));
#12552=CARTESIAN_POINT('Ctrl Pts',(-8.09273808928298,6.92,-1.36663312674694));
#12553=CARTESIAN_POINT('',(-8.09411231162118,6.92,-1.27196336747341));
#12554=CARTESIAN_POINT('Origin',(-8.09411231162118,6.92,-0.580113480102347));
#12555=CARTESIAN_POINT('',(-8.09411231162118,6.92,-0.580113480102347));
#12556=CARTESIAN_POINT('',(-8.09411231162118,6.92,-0.580113480102347));
#12557=CARTESIAN_POINT('',(-4.04705615581059,6.92,-0.580113480102347));
#12558=CARTESIAN_POINT('Origin',(-8.09411231162118,6.92,-1.27196336747341));
#12559=CARTESIAN_POINT('',(-8.09411231162118,6.92,0.189018316263295));
#12560=CARTESIAN_POINT('Ctrl Pts',(-8.08868035407828,6.92,-1.42524863244228));
#12561=CARTESIAN_POINT('Ctrl Pts',(-8.08868035407828,7.12,-1.42524863244228));
#12562=CARTESIAN_POINT('Ctrl Pts',(-8.08953933841533,6.92,-1.41657484995641));
#12563=CARTESIAN_POINT('Ctrl Pts',(-8.08953933841533,7.12,-1.41657484995641));
#12564=CARTESIAN_POINT('Ctrl Pts',(-8.0914701952893,6.92,-1.39707759975763));
#12565=CARTESIAN_POINT('Ctrl Pts',(-8.0914701952893,7.12,-1.39707759975763));
#12566=CARTESIAN_POINT('Ctrl Pts',(-8.0922854941385,6.92,-1.37750077083199));
#12567=CARTESIAN_POINT('Ctrl Pts',(-8.0922854941385,7.12,-1.37750077083199));
#12568=CARTESIAN_POINT('Ctrl Pts',(-8.09273808928298,6.92,-1.36663312674694));
#12569=CARTESIAN_POINT('Ctrl Pts',(-8.09273808928298,7.12,-1.36663312674694));
#12570=CARTESIAN_POINT('',(-8.08868035407828,6.92,-1.42524863244228));
#12571=CARTESIAN_POINT('',(-8.08868035407828,6.92,-1.42524863244228));
#12572=CARTESIAN_POINT('Ctrl Pts',(-8.09273808928298,6.92,-1.36663312674694));
#12573=CARTESIAN_POINT('Ctrl Pts',(-8.0922854941385,6.92,-1.37750077083199));
#12574=CARTESIAN_POINT('Ctrl Pts',(-8.0914701952893,6.92,-1.39707759975763));
#12575=CARTESIAN_POINT('Ctrl Pts',(-8.08953933841533,6.92,-1.41657484995641));
#12576=CARTESIAN_POINT('Ctrl Pts',(-8.08868035407828,6.92,-1.42524863244228));
#12577=CARTESIAN_POINT('Ctrl Pts',(-8.10466244550513,6.92,-1.3923972344511));
#12578=CARTESIAN_POINT('Ctrl Pts',(-8.10466244550513,7.12,-1.3923972344511));
#12579=CARTESIAN_POINT('Ctrl Pts',(-8.09937739983561,6.92,-1.3973182465599));
#12580=CARTESIAN_POINT('Ctrl Pts',(-8.09937739983561,7.12,-1.3973182465599));
#12581=CARTESIAN_POINT('Ctrl Pts',(-8.0897290829189,6.92,-1.40630198811022));
#12582=CARTESIAN_POINT('Ctrl Pts',(-8.0897290829189,7.12,-1.40630198811022));
#12583=CARTESIAN_POINT('Ctrl Pts',(-8.08900693293165,6.92,-1.41934856262309));
#12584=CARTESIAN_POINT('Ctrl Pts',(-8.08900693293165,7.12,-1.41934856262309));
#12585=CARTESIAN_POINT('Ctrl Pts',(-8.08868035407828,6.92,-1.42524863244228));
#12586=CARTESIAN_POINT('Ctrl Pts',(-8.08868035407828,7.12,-1.42524863244228));
#12587=CARTESIAN_POINT('',(-8.10466244550513,6.92,-1.3923972344511));
#12588=CARTESIAN_POINT('',(-8.10466244550513,6.92,-1.3923972344511));
#12589=CARTESIAN_POINT('Ctrl Pts',(-8.08868035407828,6.92,-1.42524863244228));
#12590=CARTESIAN_POINT('Ctrl Pts',(-8.08900693293165,6.92,-1.41934856262309));
#12591=CARTESIAN_POINT('Ctrl Pts',(-8.0897290829189,6.92,-1.40630198811022));
#12592=CARTESIAN_POINT('Ctrl Pts',(-8.09937739983561,6.92,-1.3973182465599));
#12593=CARTESIAN_POINT('Ctrl Pts',(-8.10466244550513,6.92,-1.3923972344511));
#12594=CARTESIAN_POINT('Ctrl Pts',(-8.15172139288949,6.92,-1.35249073268108));
#12595=CARTESIAN_POINT('Ctrl Pts',(-8.15172139288949,7.12,-1.35249073268108));
#12596=CARTESIAN_POINT('Ctrl Pts',(-8.14301878595692,6.92,-1.35987958528733));
#12597=CARTESIAN_POINT('Ctrl Pts',(-8.14301878595692,7.12,-1.35987958528733));
#12598=CARTESIAN_POINT('Ctrl Pts',(-8.12734042059008,6.92,-1.3731911287938));
#12599=CARTESIAN_POINT('Ctrl Pts',(-8.12734042059008,7.12,-1.3731911287938));
#12600=CARTESIAN_POINT('Ctrl Pts',(-8.11164554833268,6.92,-1.38648320508034));
#12601=CARTESIAN_POINT('Ctrl Pts',(-8.11164554833268,7.12,-1.38648320508034));
#12602=CARTESIAN_POINT('Ctrl Pts',(-8.10466244550513,6.92,-1.3923972344511));
#12603=CARTESIAN_POINT('Ctrl Pts',(-8.10466244550513,7.12,-1.3923972344511));
#12604=CARTESIAN_POINT('',(-8.15172139288949,6.92,-1.35249073268108));
#12605=CARTESIAN_POINT('',(-8.15172139288949,6.92,-1.35249073268108));
#12606=CARTESIAN_POINT('Ctrl Pts',(-8.10466244550513,6.92,-1.3923972344511));
#12607=CARTESIAN_POINT('Ctrl Pts',(-8.11164554833268,6.92,-1.38648320508034));
#12608=CARTESIAN_POINT('Ctrl Pts',(-8.12734042059008,6.92,-1.3731911287938));
#12609=CARTESIAN_POINT('Ctrl Pts',(-8.14301878595692,6.92,-1.35987958528733));
#12610=CARTESIAN_POINT('Ctrl Pts',(-8.15172139288949,6.92,-1.35249073268108));
#12611=CARTESIAN_POINT('Origin',(-8.2646671842234,6.92,-1.26627171994381));
#12612=CARTESIAN_POINT('',(-8.2646671842234,6.92,-1.26627171994381));
#12613=CARTESIAN_POINT('',(-8.2646671842234,6.92,-1.26627171994381));
#12614=CARTESIAN_POINT('',(-6.35704848028228,6.92,-2.72248358397612));
#12615=CARTESIAN_POINT('Origin',(-8.3386803671168,6.92,-1.36192614794903));
#12616=CARTESIAN_POINT('',(-6.04842665468708,6.92,1.59799126520741));
#12617=CARTESIAN_POINT('Origin',(-7.94957019122409,6.92,-1.57656441093616));
#12618=CARTESIAN_POINT('',(-3.97478509561204,6.92,-1.57656441093616));
#12619=CARTESIAN_POINT('Origin',(3.425,1.45,-1.9));
#12620=CARTESIAN_POINT('',(7.6,1.35,-1.9));
#12621=CARTESIAN_POINT('',(-7.6,1.35,-1.9));
#12622=CARTESIAN_POINT('',(3.425,1.35,-1.9));
#12623=CARTESIAN_POINT('',(-7.7,1.45,-2.));
#12624=CARTESIAN_POINT('Origin',(-7.7,1.45,-1.9));
#12625=CARTESIAN_POINT('',(7.7,1.45,-2.));
#12626=CARTESIAN_POINT('',(3.425,1.45,-2.));
#12627=CARTESIAN_POINT('Origin',(7.7,1.45,-1.9));
#12628=CARTESIAN_POINT('Origin',(-7.7,1.35,-1.9));
#12629=CARTESIAN_POINT('',(-7.6,-0.00999999999999973,-1.9));
#12630=CARTESIAN_POINT('',(-7.6,1.35,-1.9));
#12631=CARTESIAN_POINT('',(-7.7,0.0900000000000004,-2.));
#12632=CARTESIAN_POINT('Origin',(-7.7,0.0900000000000004,-1.9));
#12633=CARTESIAN_POINT('',(-7.7,1.35,-2.));
#12634=CARTESIAN_POINT('Origin',(-4.925,1.45,1.9));
#12635=CARTESIAN_POINT('',(-7.6,1.35,1.9));
#12636=CARTESIAN_POINT('',(7.6,1.35,1.9));
#12637=CARTESIAN_POINT('',(-4.925,1.35,1.9));
#12638=CARTESIAN_POINT('',(7.7,1.45,2.));
#12639=CARTESIAN_POINT('Origin',(7.7,1.45,1.9));
#12640=CARTESIAN_POINT('',(-7.7,1.45,2.));
#12641=CARTESIAN_POINT('',(-4.925,1.45,2.));
#12642=CARTESIAN_POINT('Origin',(-7.7,1.45,1.9));
#12643=CARTESIAN_POINT('Origin',(-7.7,1.35,1.9));
#12644=CARTESIAN_POINT('',(-7.7,0.0900000000000004,2.));
#12645=CARTESIAN_POINT('',(-7.7,1.35,2.));
#12646=CARTESIAN_POINT('',(-7.6,-0.00999999999999973,1.9));
#12647=CARTESIAN_POINT('Origin',(-7.7,0.0900000000000004,1.9));
#12648=CARTESIAN_POINT('',(-7.6,1.35,1.9));
#12649=CARTESIAN_POINT('Origin',(7.7,1.35,-1.9));
#12650=CARTESIAN_POINT('',(7.7,0.0900000000000004,-2.));
#12651=CARTESIAN_POINT('',(7.7,1.35,-2.));
#12652=CARTESIAN_POINT('',(7.6,-0.00999999999999973,-1.9));
#12653=CARTESIAN_POINT('Origin',(7.7,0.0900000000000004,-1.9));
#12654=CARTESIAN_POINT('',(7.6,1.35,-1.9));
#12655=CARTESIAN_POINT('Origin',(-9.,0.0900000000000004,-1.9));
#12656=CARTESIAN_POINT('',(-9.1,0.0900000000000004,-1.9));
#12657=CARTESIAN_POINT('',(-9.,-0.00999999999999973,-1.9));
#12658=CARTESIAN_POINT('Origin',(-9.,0.0900000000000004,-1.9));
#12659=CARTESIAN_POINT('',(-9.,0.0900000000000004,-2.));
#12660=CARTESIAN_POINT('Origin',(-9.,0.0900000000000004,-1.9));
#12661=CARTESIAN_POINT('Origin',(-9.,0.0900000000000004,-1.9));
#12662=CARTESIAN_POINT('Origin',(7.7,1.35,1.9));
#12663=CARTESIAN_POINT('',(7.6,-0.00999999999999973,1.9));
#12664=CARTESIAN_POINT('',(7.6,1.35,1.9));
#12665=CARTESIAN_POINT('',(7.7,0.0900000000000004,2.));
#12666=CARTESIAN_POINT('Origin',(7.7,0.0900000000000004,1.9));
#12667=CARTESIAN_POINT('',(7.7,1.35,2.));
#12668=CARTESIAN_POINT('Origin',(-9.,0.0900000000000004,1.9));
#12669=CARTESIAN_POINT('',(-9.,0.0900000000000004,2.));
#12670=CARTESIAN_POINT('',(-9.,-0.00999999999999973,1.9));
#12671=CARTESIAN_POINT('Origin',(-9.,0.0900000000000004,1.9));
#12672=CARTESIAN_POINT('',(-9.1,0.0900000000000004,1.9));
#12673=CARTESIAN_POINT('Origin',(-9.,0.0900000000000004,1.9));
#12674=CARTESIAN_POINT('Origin',(-9.,0.0900000000000004,1.9));
#12675=CARTESIAN_POINT('Origin',(9.,0.0900000000000004,-1.9));
#12676=CARTESIAN_POINT('',(9.,0.0900000000000004,-2.));
#12677=CARTESIAN_POINT('',(9.,-0.00999999999999973,-1.9));
#12678=CARTESIAN_POINT('Origin',(9.,0.0900000000000004,-1.9));
#12679=CARTESIAN_POINT('',(9.1,0.0900000000000004,-1.9));
#12680=CARTESIAN_POINT('Origin',(9.,0.0900000000000004,-1.9));
#12681=CARTESIAN_POINT('Origin',(9.,0.0900000000000004,-1.9));
#12682=CARTESIAN_POINT('Origin',(-9.,6.82,-1.9));
#12683=CARTESIAN_POINT('',(-9.,6.82,-2.));
#12684=CARTESIAN_POINT('',(-9.,6.92,-1.9));
#12685=CARTESIAN_POINT('Origin',(-9.,6.82,-1.9));
#12686=CARTESIAN_POINT('',(-9.1,6.82,-1.9));
#12687=CARTESIAN_POINT('Origin',(-9.,6.82,-1.9));
#12688=CARTESIAN_POINT('Origin',(-9.,6.82,-1.9));
#12689=CARTESIAN_POINT('Origin',(-9.,1.35,-1.9));
#12690=CARTESIAN_POINT('',(-9.,1.35,-2.));
#12691=CARTESIAN_POINT('',(-9.1,1.35,-1.9));
#12692=CARTESIAN_POINT('Origin',(9.,0.0900000000000004,1.9));
#12693=CARTESIAN_POINT('',(9.1,0.0900000000000004,1.9));
#12694=CARTESIAN_POINT('',(9.,-0.00999999999999973,1.9));
#12695=CARTESIAN_POINT('Origin',(9.,0.0900000000000004,1.9));
#12696=CARTESIAN_POINT('',(9.,0.0900000000000004,2.));
#12697=CARTESIAN_POINT('Origin',(9.,0.0900000000000004,1.9));
#12698=CARTESIAN_POINT('Origin',(9.,0.0900000000000004,1.9));
#12699=CARTESIAN_POINT('Origin',(-9.,6.82,1.9));
#12700=CARTESIAN_POINT('',(-9.1,6.82,1.9));
#12701=CARTESIAN_POINT('',(-9.,6.92,1.9));
#12702=CARTESIAN_POINT('Origin',(-9.,6.82,1.9));
#12703=CARTESIAN_POINT('',(-9.,6.82,2.));
#12704=CARTESIAN_POINT('Origin',(-9.,6.82,1.9));
#12705=CARTESIAN_POINT('Origin',(-9.,6.82,1.9));
#12706=CARTESIAN_POINT('Origin',(-9.,1.35,1.9));
#12707=CARTESIAN_POINT('',(-9.1,1.35,1.9));
#12708=CARTESIAN_POINT('',(-9.,1.35,2.));
#12709=CARTESIAN_POINT('Origin',(9.,6.82,-1.9));
#12710=CARTESIAN_POINT('',(9.1,6.82,-1.9));
#12711=CARTESIAN_POINT('',(9.,6.92,-1.9));
#12712=CARTESIAN_POINT('Origin',(9.,6.82,-1.9));
#12713=CARTESIAN_POINT('',(9.,6.82,-2.));
#12714=CARTESIAN_POINT('Origin',(9.,6.82,-1.9));
#12715=CARTESIAN_POINT('Origin',(9.,6.82,-1.9));
#12716=CARTESIAN_POINT('Origin',(9.,1.35,-1.9));
#12717=CARTESIAN_POINT('',(9.,1.35,-2.));
#12718=CARTESIAN_POINT('',(9.1,1.35,-1.9));
#12719=CARTESIAN_POINT('Origin',(3.8,6.82,-1.9));
#12720=CARTESIAN_POINT('',(3.8,6.92,-1.9));
#12721=CARTESIAN_POINT('',(3.8,6.82,-2.));
#12722=CARTESIAN_POINT('Origin',(9.,6.82,1.9));
#12723=CARTESIAN_POINT('',(9.,6.82,2.));
#12724=CARTESIAN_POINT('',(9.,6.92,1.9));
#12725=CARTESIAN_POINT('Origin',(9.,6.82,1.9));
#12726=CARTESIAN_POINT('',(9.1,6.82,1.9));
#12727=CARTESIAN_POINT('Origin',(9.,6.82,1.9));
#12728=CARTESIAN_POINT('Origin',(9.,6.82,1.9));
#12729=CARTESIAN_POINT('Origin',(9.,1.35,1.9));
#12730=CARTESIAN_POINT('',(9.,1.35,2.));
#12731=CARTESIAN_POINT('',(9.1,1.35,1.9));
#12732=CARTESIAN_POINT('Origin',(9.,6.82,1.825));
#12733=CARTESIAN_POINT('',(9.,6.92,1.825));
#12734=CARTESIAN_POINT('',(9.1,6.82,1.825));
#12735=CARTESIAN_POINT('Origin',(-4.55,6.82,1.9));
#12736=CARTESIAN_POINT('',(-4.55,6.92,1.9));
#12737=CARTESIAN_POINT('',(-4.55,6.82,2.));
#12738=CARTESIAN_POINT('Origin',(-9.,6.82,-0.175));
#12739=CARTESIAN_POINT('',(-9.,6.92,-0.175));
#12740=CARTESIAN_POINT('',(-9.1,6.82,-0.175));
#12741=CARTESIAN_POINT('Origin',(-0.375,0.0900000000000004,1.9));
#12742=CARTESIAN_POINT('',(-0.375,-0.00999999999999973,1.9));
#12743=CARTESIAN_POINT('',(-0.375,0.0900000000000004,2.));
#12744=CARTESIAN_POINT('Origin',(9.,0.0900000000000004,1.));
#12745=CARTESIAN_POINT('',(9.,-0.00999999999999973,1.));
#12746=CARTESIAN_POINT('',(9.1,0.0900000000000004,1.));
#12747=CARTESIAN_POINT('Origin',(7.975,0.0900000000000004,-1.9));
#12748=CARTESIAN_POINT('',(7.975,0.0900000000000004,-2.));
#12749=CARTESIAN_POINT('',(7.975,-0.00999999999999973,-1.9));
#12750=CARTESIAN_POINT('Origin',(-9.,0.0900000000000004,-1.));
#12751=CARTESIAN_POINT('',(-9.,-0.00999999999999973,-1.));
#12752=CARTESIAN_POINT('',(-9.1,0.0900000000000004,-1.));
#12753=CARTESIAN_POINT('Origin',(-8.725,0.0900000000000004,1.9));
#12754=CARTESIAN_POINT('',(-8.725,0.0900000000000004,2.));
#12755=CARTESIAN_POINT('',(-8.725,-0.00999999999999973,1.9));
#12756=CARTESIAN_POINT('Origin',(-0.375,0.0900000000000004,-1.9));
#12757=CARTESIAN_POINT('',(-0.375,-0.00999999999999973,-1.9));
#12758=CARTESIAN_POINT('',(-0.375,0.0900000000000004,-2.));
#12759=CARTESIAN_POINT('Origin',(7.6,1.35,2.));
#12760=CARTESIAN_POINT('',(7.6,1.35,1.));
#12761=CARTESIAN_POINT('',(7.6,-0.00999999999999973,2.));
#12762=CARTESIAN_POINT('Origin',(-0.75,1.35,0.));
#12763=CARTESIAN_POINT('',(-7.6,1.35,-1.));
#12764=CARTESIAN_POINT('Origin',(-7.6,1.35,-2.));
#12765=CARTESIAN_POINT('',(-7.6,-0.00999999999999973,2.));
#12766=CARTESIAN_POINT('Origin',(-8.35,-0.00999999999999973,0.));
#12767=CARTESIAN_POINT('Origin',(-9.1,1.35,-2.));
#12768=CARTESIAN_POINT('Origin',(7.6,1.35,-2.));
#12769=CARTESIAN_POINT('Origin',(0.,6.92,1.65));
#12770=CARTESIAN_POINT('',(-3.14,6.92,-0.649999999999999));
#12771=CARTESIAN_POINT('',(-3.14,6.92,5.55111512312578E-16));
#12772=CARTESIAN_POINT('',(-3.14,6.92,0.875));
#12773=CARTESIAN_POINT('',(-3.54,6.92,-0.649999999999999));
#12774=CARTESIAN_POINT('',(-1.52,6.92,-0.649999999999999));
#12775=CARTESIAN_POINT('',(-3.54,6.92,-1.4));
#12776=CARTESIAN_POINT('',(-3.54,6.92,0.45));
#12777=CARTESIAN_POINT('',(-1.54,6.92,-1.4));
#12778=CARTESIAN_POINT('',(-1.72,6.92,-1.4));
#12779=CARTESIAN_POINT('',(-1.54,6.92,-0.649999999999999));
#12780=CARTESIAN_POINT('',(-1.54,6.92,0.175));
#12781=CARTESIAN_POINT('',(-1.94,6.92,-0.649999999999999));
#12782=CARTESIAN_POINT('',(-0.82,6.92,-0.649999999999999));
#12783=CARTESIAN_POINT('',(-1.94,6.92,5.55111512312578E-16));
#12784=CARTESIAN_POINT('',(-1.94,6.92,0.45));
#12785=CARTESIAN_POINT('',(-0.6,6.92,5.55111512312578E-16));
#12786=CARTESIAN_POINT('',(-3.825,6.92,5.55111512312578E-16));
#12787=CARTESIAN_POINT('',(-0.6,6.92,-0.65));
#12788=CARTESIAN_POINT('',(-0.6,6.92,0.875));
#12789=CARTESIAN_POINT('',(-1.,6.92,-0.649999999999999));
#12790=CARTESIAN_POINT('',(-0.25,6.92,-0.649999999999999));
#12791=CARTESIAN_POINT('',(-1.,6.92,-1.4));
#12792=CARTESIAN_POINT('',(-1.,6.92,0.45));
#12793=CARTESIAN_POINT('',(1.,6.92,-1.4));
#12794=CARTESIAN_POINT('',(-0.45,6.92,-1.4));
#12795=CARTESIAN_POINT('',(1.,6.92,-0.649999999999999));
#12796=CARTESIAN_POINT('',(1.,6.92,0.175));
#12797=CARTESIAN_POINT('',(0.6,6.92,-0.649999999999999));
#12798=CARTESIAN_POINT('',(0.45,6.92,-0.649999999999999));
#12799=CARTESIAN_POINT('',(0.6,6.92,5.55111512312578E-16));
#12800=CARTESIAN_POINT('',(0.6,6.92,0.45));
#12801=CARTESIAN_POINT('',(1.94,6.92,5.55111512312578E-16));
#12802=CARTESIAN_POINT('',(-3.825,6.92,5.55111512312578E-16));
#12803=CARTESIAN_POINT('',(1.94,6.92,-0.649999999999999));
#12804=CARTESIAN_POINT('',(1.94,6.92,0.875));
#12805=CARTESIAN_POINT('',(1.54,6.92,-0.649999999999999));
#12806=CARTESIAN_POINT('',(1.02,6.92,-0.649999999999999));
#12807=CARTESIAN_POINT('',(1.54,6.92,-1.4));
#12808=CARTESIAN_POINT('',(1.54,6.92,0.45));
#12809=CARTESIAN_POINT('',(3.54,6.92,-1.4));
#12810=CARTESIAN_POINT('',(0.82,6.92,-1.4));
#12811=CARTESIAN_POINT('',(3.54,6.92,-0.649999999999999));
#12812=CARTESIAN_POINT('',(3.54,6.92,0.175));
#12813=CARTESIAN_POINT('',(3.14,6.92,-0.649999999999999));
#12814=CARTESIAN_POINT('',(1.72,6.92,-0.649999999999999));
#12815=CARTESIAN_POINT('',(3.14,6.92,5.55111512312578E-16));
#12816=CARTESIAN_POINT('',(3.14,6.92,0.45));
#12817=CARTESIAN_POINT('',(4.48,6.92,5.55111512312578E-16));
#12818=CARTESIAN_POINT('',(-3.825,6.92,5.55111512312578E-16));
#12819=CARTESIAN_POINT('',(4.48,6.92,-0.649999999999999));
#12820=CARTESIAN_POINT('',(4.48,6.92,0.875000000000001));
#12821=CARTESIAN_POINT('',(4.08,6.92,-0.649999999999999));
#12822=CARTESIAN_POINT('',(2.29,6.92,-0.649999999999999));
#12823=CARTESIAN_POINT('',(4.08,6.92,-1.4));
#12824=CARTESIAN_POINT('',(4.08,6.92,0.45));
#12825=CARTESIAN_POINT('',(6.08,6.92,-1.4));
#12826=CARTESIAN_POINT('',(2.09,6.92,-1.4));
#12827=CARTESIAN_POINT('',(6.08,6.92,-0.649999999999999));
#12828=CARTESIAN_POINT('',(6.08,6.92,0.175));
#12829=CARTESIAN_POINT('',(5.68,6.92,-0.649999999999999));
#12830=CARTESIAN_POINT('',(2.99,6.92,-0.649999999999999));
#12831=CARTESIAN_POINT('',(5.68,6.92,5.55111512312578E-16));
#12832=CARTESIAN_POINT('',(5.68,6.92,0.45));
#12833=CARTESIAN_POINT('',(7.75,6.92,5.55111512312578E-16));
#12834=CARTESIAN_POINT('',(-3.825,6.92,5.55111512312578E-16));
#12835=CARTESIAN_POINT('',(7.75,6.92,1.3767326987979));
#12836=CARTESIAN_POINT('',(7.75,6.92,0.875000000000005));
#12837=CARTESIAN_POINT('',(-7.75,6.92,1.3767326987979));
#12838=CARTESIAN_POINT('',(-4.55,6.92,1.3767326987979));
#12839=CARTESIAN_POINT('',(-7.75,6.92,5.55111512312578E-16));
#12840=CARTESIAN_POINT('',(-7.75,6.92,1.825));
#12841=CARTESIAN_POINT('',(-5.68,6.92,5.55111512312578E-16));
#12842=CARTESIAN_POINT('',(-3.825,6.92,5.55111512312578E-16));
#12843=CARTESIAN_POINT('',(-5.68,6.92,-0.65));
#12844=CARTESIAN_POINT('',(-5.68,6.92,0.875));
#12845=CARTESIAN_POINT('',(-6.08,6.92,-0.649999999999999));
#12846=CARTESIAN_POINT('',(-2.79,6.92,-0.649999999999999));
#12847=CARTESIAN_POINT('',(-6.08,6.92,-1.4));
#12848=CARTESIAN_POINT('',(-6.08,6.92,0.45));
#12849=CARTESIAN_POINT('',(-4.08,6.92,-1.4));
#12850=CARTESIAN_POINT('',(-2.99,6.92,-1.4));
#12851=CARTESIAN_POINT('',(-4.08,6.92,-0.649999999999999));
#12852=CARTESIAN_POINT('',(-4.08,6.92,0.175));
#12853=CARTESIAN_POINT('',(-4.48,6.92,-0.649999999999999));
#12854=CARTESIAN_POINT('',(-2.09,6.92,-0.649999999999999));
#12855=CARTESIAN_POINT('',(-4.48,6.92,5.55111512312578E-16));
#12856=CARTESIAN_POINT('',(-4.48,6.92,0.45));
#12857=CARTESIAN_POINT('',(-3.825,6.92,5.55111512312578E-16));
#12858=CARTESIAN_POINT('Origin',(9.1,1.35,2.));
#12859=CARTESIAN_POINT('Origin',(-9.1,1.35,2.));
#12860=CARTESIAN_POINT('Origin',(3.54,6.82,0.175));
#12861=CARTESIAN_POINT('',(3.44,6.82,-1.3));
#12862=CARTESIAN_POINT('Origin',(3.54,6.82,-1.4));
#12863=CARTESIAN_POINT('',(3.44,6.82,-0.75));
#12864=CARTESIAN_POINT('',(3.44,6.82,0.175));
#12865=CARTESIAN_POINT('Origin',(3.54,6.82,-0.649999999999999));
#12866=CARTESIAN_POINT('Origin',(0.82,6.82,-1.4));
#12867=CARTESIAN_POINT('',(1.64,6.82,-1.3));
#12868=CARTESIAN_POINT('Origin',(1.54,6.82,-1.4));
#12869=CARTESIAN_POINT('',(0.82,6.82,-1.3));
#12870=CARTESIAN_POINT('Origin',(1.54,6.82,0.45));
#12871=CARTESIAN_POINT('',(1.64,6.82,-0.75));
#12872=CARTESIAN_POINT('Origin',(1.54,6.82,-0.649999999999999));
#12873=CARTESIAN_POINT('',(1.64,6.82,0.45));
#12874=CARTESIAN_POINT('Origin',(1.94,6.82,0.875));
#12875=CARTESIAN_POINT('',(2.04,6.82,0.100000000000001));
#12876=CARTESIAN_POINT('Origin',(1.94,6.82,5.55111512312578E-16));
#12877=CARTESIAN_POINT('',(2.04,6.82,-0.75));
#12878=CARTESIAN_POINT('',(2.04,6.82,0.875));
#12879=CARTESIAN_POINT('Origin',(1.94,6.82,-0.649999999999999));
#12880=CARTESIAN_POINT('Origin',(4.48,6.82,0.875000000000001));
#12881=CARTESIAN_POINT('',(4.58,6.82,0.100000000000001));
#12882=CARTESIAN_POINT('',(4.58,6.82,-0.75));
#12883=CARTESIAN_POINT('',(4.58,6.82,0.875000000000001));
#12884=CARTESIAN_POINT('Origin',(4.48,6.82,-0.649999999999999));
#12885=CARTESIAN_POINT('Origin',(4.48,6.82,5.55111512312578E-16));
#12886=CARTESIAN_POINT('Origin',(-3.825,6.82,5.55111512312578E-16));
#12887=CARTESIAN_POINT('',(0.5,6.82,0.100000000000001));
#12888=CARTESIAN_POINT('Origin',(0.6,6.82,5.55111512312578E-16));
#12889=CARTESIAN_POINT('',(-3.825,6.82,0.100000000000001));
#12890=CARTESIAN_POINT('Origin',(0.6,6.82,0.45));
#12891=CARTESIAN_POINT('',(0.5,6.82,-0.75));
#12892=CARTESIAN_POINT('Origin',(0.6,6.82,-0.649999999999999));
#12893=CARTESIAN_POINT('',(0.5,6.82,0.45));
#12894=CARTESIAN_POINT('Origin',(0.45,6.82,-0.649999999999999));
#12895=CARTESIAN_POINT('',(0.9,6.82,-0.75));
#12896=CARTESIAN_POINT('Origin',(1.,6.82,-0.649999999999999));
#12897=CARTESIAN_POINT('',(0.45,6.82,-0.75));
#12898=CARTESIAN_POINT('Origin',(1.,6.82,0.175));
#12899=CARTESIAN_POINT('',(0.9,6.82,-1.3));
#12900=CARTESIAN_POINT('Origin',(1.,6.82,-1.4));
#12901=CARTESIAN_POINT('',(0.9,6.82,0.175));
#12902=CARTESIAN_POINT('Origin',(-0.45,6.82,-1.4));
#12903=CARTESIAN_POINT('',(-0.9,6.82,-1.3));
#12904=CARTESIAN_POINT('Origin',(-1.,6.82,-1.4));
#12905=CARTESIAN_POINT('',(-0.45,6.82,-1.3));
#12906=CARTESIAN_POINT('Origin',(-1.,6.82,0.45));
#12907=CARTESIAN_POINT('',(-0.9,6.82,-0.75));
#12908=CARTESIAN_POINT('Origin',(-1.,6.82,-0.649999999999999));
#12909=CARTESIAN_POINT('',(-0.9,6.82,0.45));
#12910=CARTESIAN_POINT('Origin',(-0.6,6.82,0.875));
#12911=CARTESIAN_POINT('',(-0.5,6.82,0.100000000000001));
#12912=CARTESIAN_POINT('Origin',(-0.6,6.82,5.55111512312578E-16));
#12913=CARTESIAN_POINT('',(-0.5,6.82,-0.75));
#12914=CARTESIAN_POINT('',(-0.5,6.82,0.875));
#12915=CARTESIAN_POINT('Origin',(-0.6,6.82,-0.65));
#12916=CARTESIAN_POINT('Origin',(-3.825,6.82,5.55111512312578E-16));
#12917=CARTESIAN_POINT('',(-2.04,6.82,0.100000000000001));
#12918=CARTESIAN_POINT('Origin',(-1.94,6.82,5.55111512312578E-16));
#12919=CARTESIAN_POINT('',(-3.825,6.82,0.100000000000001));
#12920=CARTESIAN_POINT('Origin',(-1.94,6.82,0.45));
#12921=CARTESIAN_POINT('',(-2.04,6.82,-0.75));
#12922=CARTESIAN_POINT('Origin',(-1.94,6.82,-0.649999999999999));
#12923=CARTESIAN_POINT('',(-2.04,6.82,0.45));
#12924=CARTESIAN_POINT('Origin',(-0.82,6.82,-0.649999999999999));
#12925=CARTESIAN_POINT('',(-1.64,6.82,-0.75));
#12926=CARTESIAN_POINT('Origin',(-1.54,6.82,-0.649999999999999));
#12927=CARTESIAN_POINT('',(-0.82,6.82,-0.75));
#12928=CARTESIAN_POINT('Origin',(-1.54,6.82,0.175));
#12929=CARTESIAN_POINT('',(-1.64,6.82,-1.3));
#12930=CARTESIAN_POINT('Origin',(-1.54,6.82,-1.4));
#12931=CARTESIAN_POINT('',(-1.64,6.82,0.175));
#12932=CARTESIAN_POINT('Origin',(-5.68,6.82,0.875));
#12933=CARTESIAN_POINT('',(-5.58,6.82,0.100000000000001));
#12934=CARTESIAN_POINT('',(-5.58,6.82,-0.75));
#12935=CARTESIAN_POINT('',(-5.58,6.82,0.875));
#12936=CARTESIAN_POINT('Origin',(-5.68,6.82,-0.65));
#12937=CARTESIAN_POINT('Origin',(-5.68,6.82,5.55111512312578E-16));
#12938=CARTESIAN_POINT('Origin',(-1.72,6.82,-1.4));
#12939=CARTESIAN_POINT('',(-3.44,6.82,-1.3));
#12940=CARTESIAN_POINT('Origin',(-3.54,6.82,-1.4));
#12941=CARTESIAN_POINT('',(-1.72,6.82,-1.3));
#12942=CARTESIAN_POINT('Origin',(-3.54,6.82,0.45));
#12943=CARTESIAN_POINT('',(-3.44,6.82,-0.75));
#12944=CARTESIAN_POINT('Origin',(-3.54,6.82,-0.649999999999999));
#12945=CARTESIAN_POINT('',(-3.44,6.82,0.45));
#12946=CARTESIAN_POINT('Origin',(-3.14,6.82,0.875));
#12947=CARTESIAN_POINT('',(-3.04,6.82,0.100000000000001));
#12948=CARTESIAN_POINT('Origin',(-3.14,6.82,5.55111512312578E-16));
#12949=CARTESIAN_POINT('',(-3.04,6.82,-0.75));
#12950=CARTESIAN_POINT('',(-3.04,6.82,0.875));
#12951=CARTESIAN_POINT('Origin',(-3.14,6.82,-0.649999999999999));
#12952=CARTESIAN_POINT('Origin',(-3.825,6.82,5.55111512312578E-16));
#12953=CARTESIAN_POINT('',(-4.58,6.82,0.100000000000001));
#12954=CARTESIAN_POINT('Origin',(-4.48,6.82,5.55111512312578E-16));
#12955=CARTESIAN_POINT('',(-3.825,6.82,0.100000000000001));
#12956=CARTESIAN_POINT('Origin',(-4.48,6.82,0.45));
#12957=CARTESIAN_POINT('',(-4.58,6.82,-0.75));
#12958=CARTESIAN_POINT('Origin',(-4.48,6.82,-0.649999999999999));
#12959=CARTESIAN_POINT('',(-4.58,6.82,0.45));
#12960=CARTESIAN_POINT('Origin',(-2.09,6.82,-0.649999999999999));
#12961=CARTESIAN_POINT('',(-4.18,6.82,-0.75));
#12962=CARTESIAN_POINT('',(-2.09,6.82,-0.75));
#12963=CARTESIAN_POINT('Origin',(-4.08,6.82,-0.649999999999999));
#12964=CARTESIAN_POINT('Origin',(-4.08,6.82,0.175));
#12965=CARTESIAN_POINT('',(-4.18,6.82,-1.3));
#12966=CARTESIAN_POINT('',(-4.18,6.82,0.175));
#12967=CARTESIAN_POINT('Origin',(-4.08,6.82,-1.4));
#12968=CARTESIAN_POINT('Origin',(-2.99,6.82,-1.4));
#12969=CARTESIAN_POINT('',(-5.98,6.82,-1.3));
#12970=CARTESIAN_POINT('',(-2.99,6.82,-1.3));
#12971=CARTESIAN_POINT('Origin',(-6.08,6.82,-1.4));
#12972=CARTESIAN_POINT('Origin',(-1.52,6.82,-0.649999999999999));
#12973=CARTESIAN_POINT('',(-1.52,6.82,-0.75));
#12974=CARTESIAN_POINT('Origin',(-6.08,6.82,0.45));
#12975=CARTESIAN_POINT('',(-5.98,6.82,-0.75));
#12976=CARTESIAN_POINT('',(-5.98,6.82,0.45));
#12977=CARTESIAN_POINT('Origin',(-6.08,6.82,-0.649999999999999));
#12978=CARTESIAN_POINT('Origin',(-2.79,6.82,-0.649999999999999));
#12979=CARTESIAN_POINT('',(-2.79,6.82,-0.75));
#12980=CARTESIAN_POINT('Origin',(-3.825,6.82,5.55111512312578E-16));
#12981=CARTESIAN_POINT('',(-7.65,6.82,0.100000000000001));
#12982=CARTESIAN_POINT('',(-3.825,6.82,0.100000000000001));
#12983=CARTESIAN_POINT('Origin',(-7.75,6.82,5.55111512312578E-16));
#12984=CARTESIAN_POINT('Origin',(-7.75,6.82,1.825));
#12985=CARTESIAN_POINT('',(-7.65,6.82,1.27320508075689));
#12986=CARTESIAN_POINT('',(-7.65,6.82,1.825));
#12987=CARTESIAN_POINT('',(-7.65340741737109,6.84588190451025,1.28014011616899));
#12988=CARTESIAN_POINT('Origin',(-7.75,6.82,1.3767326987979));
#12989=CARTESIAN_POINT('Origin',(-7.75,6.82,1.27320508075689));
#12990=CARTESIAN_POINT('Origin',(-4.55,6.82,1.3767326987979));
#12991=CARTESIAN_POINT('',(7.65340741737109,6.84588190451025,1.28014011616899));
#12992=CARTESIAN_POINT('',(-4.55,6.84588190451025,1.28014011616899));
#12993=CARTESIAN_POINT('Origin',(7.75,6.82,1.3767326987979));
#12994=CARTESIAN_POINT('Origin',(7.75,6.82,0.875000000000005));
#12995=CARTESIAN_POINT('',(7.65,6.82,0.100000000000001));
#12996=CARTESIAN_POINT('',(7.65,6.82,1.27320508075689));
#12997=CARTESIAN_POINT('',(7.65,6.82,0.875000000000005));
#12998=CARTESIAN_POINT('Origin',(7.75,6.82,1.27320508075689));
#12999=CARTESIAN_POINT('Origin',(7.75,6.82,5.55111512312578E-16));
#13000=CARTESIAN_POINT('Origin',(-3.825,6.82,5.55111512312578E-16));
#13001=CARTESIAN_POINT('',(5.58,6.82,0.100000000000001));
#13002=CARTESIAN_POINT('',(-3.825,6.82,0.100000000000001));
#13003=CARTESIAN_POINT('Origin',(5.68,6.82,5.55111512312578E-16));
#13004=CARTESIAN_POINT('Origin',(-0.25,6.82,-0.649999999999999));
#13005=CARTESIAN_POINT('',(-0.25,6.82,-0.75));
#13006=CARTESIAN_POINT('Origin',(5.68,6.82,0.45));
#13007=CARTESIAN_POINT('',(5.58,6.82,-0.75));
#13008=CARTESIAN_POINT('',(5.58,6.82,0.45));
#13009=CARTESIAN_POINT('Origin',(5.68,6.82,-0.649999999999999));
#13010=CARTESIAN_POINT('Origin',(2.99,6.82,-0.649999999999999));
#13011=CARTESIAN_POINT('',(5.98,6.82,-0.75));
#13012=CARTESIAN_POINT('',(2.99,6.82,-0.75));
#13013=CARTESIAN_POINT('Origin',(6.08,6.82,-0.649999999999999));
#13014=CARTESIAN_POINT('Origin',(6.08,6.82,0.175));
#13015=CARTESIAN_POINT('',(5.98,6.82,-1.3));
#13016=CARTESIAN_POINT('',(5.98,6.82,0.175));
#13017=CARTESIAN_POINT('Origin',(6.08,6.82,-1.4));
#13018=CARTESIAN_POINT('Origin',(2.09,6.82,-1.4));
#13019=CARTESIAN_POINT('',(4.18,6.82,-1.3));
#13020=CARTESIAN_POINT('',(2.09,6.82,-1.3));
#13021=CARTESIAN_POINT('Origin',(4.08,6.82,-1.4));
#13022=CARTESIAN_POINT('Origin',(4.08,6.82,0.45));
#13023=CARTESIAN_POINT('',(4.18,6.82,-0.75));
#13024=CARTESIAN_POINT('',(4.18,6.82,0.45));
#13025=CARTESIAN_POINT('Origin',(4.08,6.82,-0.649999999999999));
#13026=CARTESIAN_POINT('Origin',(2.29,6.82,-0.649999999999999));
#13027=CARTESIAN_POINT('',(2.29,6.82,-0.75));
#13028=CARTESIAN_POINT('Origin',(-3.825,6.82,5.55111512312578E-16));
#13029=CARTESIAN_POINT('',(3.04,6.82,0.100000000000001));
#13030=CARTESIAN_POINT('',(-3.825,6.82,0.100000000000001));
#13031=CARTESIAN_POINT('Origin',(3.14,6.82,5.55111512312578E-16));
#13032=CARTESIAN_POINT('Origin',(1.02,6.82,-0.649999999999999));
#13033=CARTESIAN_POINT('',(1.02,6.82,-0.75));
#13034=CARTESIAN_POINT('Origin',(3.14,6.82,0.45));
#13035=CARTESIAN_POINT('',(3.04,6.82,-0.75));
#13036=CARTESIAN_POINT('',(3.04,6.82,0.45));
#13037=CARTESIAN_POINT('Origin',(3.14,6.82,-0.649999999999999));
#13038=CARTESIAN_POINT('Origin',(1.72,6.82,-0.649999999999999));
#13039=CARTESIAN_POINT('',(1.72,6.82,-0.75));
#13040=CARTESIAN_POINT('Origin',(3.04,6.92,-0.75));
#13041=CARTESIAN_POINT('',(3.04,2.05,-0.75));
#13042=CARTESIAN_POINT('',(3.04,6.92,-0.75));
#13043=CARTESIAN_POINT('',(3.04,2.05,0.100000000000001));
#13044=CARTESIAN_POINT('',(3.04,2.05,-0.75));
#13045=CARTESIAN_POINT('',(3.04,4.485,0.100000000000001));
#13046=CARTESIAN_POINT('Origin',(3.44,6.92,-0.75));
#13047=CARTESIAN_POINT('',(3.44,2.05,-0.75));
#13048=CARTESIAN_POINT('',(3.44,6.92,-0.75));
#13049=CARTESIAN_POINT('',(3.44,2.05,-0.75));
#13050=CARTESIAN_POINT('Origin',(3.44,6.92,-1.3));
#13051=CARTESIAN_POINT('',(3.44,2.05,-1.3));
#13052=CARTESIAN_POINT('',(3.44,6.92,-1.3));
#13053=CARTESIAN_POINT('',(3.44,2.05,-1.3));
#13054=CARTESIAN_POINT('Origin',(1.64,6.92,-1.3));
#13055=CARTESIAN_POINT('',(1.64,2.05,-1.3));
#13056=CARTESIAN_POINT('',(1.64,6.92,-1.3));
#13057=CARTESIAN_POINT('',(1.64,2.05,-1.3));
#13058=CARTESIAN_POINT('Origin',(1.64,6.92,-0.75));
#13059=CARTESIAN_POINT('',(1.64,2.05,-0.75));
#13060=CARTESIAN_POINT('',(1.64,6.92,-0.75));
#13061=CARTESIAN_POINT('',(1.64,2.05,-0.75));
#13062=CARTESIAN_POINT('Origin',(2.04,6.92,-0.75));
#13063=CARTESIAN_POINT('',(2.04,2.05,-0.75));
#13064=CARTESIAN_POINT('',(2.04,6.92,-0.75));
#13065=CARTESIAN_POINT('',(3.44,2.05,-0.75));
#13066=CARTESIAN_POINT('Origin',(2.04,6.92,0.100000000000001));
#13067=CARTESIAN_POINT('',(2.04,2.05,0.100000000000001));
#13068=CARTESIAN_POINT('',(2.04,4.485,0.100000000000001));
#13069=CARTESIAN_POINT('',(2.04,2.05,0.100000000000001));
#13070=CARTESIAN_POINT('Origin',(-7.65,2.05,0.100000000000001));
#13071=CARTESIAN_POINT('',(0.5,2.05,0.100000000000001));
#13072=CARTESIAN_POINT('',(0.5,4.485,0.100000000000001));
#13073=CARTESIAN_POINT('',(-4.2,2.05,0.100000000000001));
#13074=CARTESIAN_POINT('Origin',(0.5,6.92,-0.75));
#13075=CARTESIAN_POINT('',(0.5,2.05,-0.75));
#13076=CARTESIAN_POINT('',(0.5,6.92,-0.75));
#13077=CARTESIAN_POINT('',(0.5,2.05,-0.75));
#13078=CARTESIAN_POINT('Origin',(0.9,6.92,-0.75));
#13079=CARTESIAN_POINT('',(0.9,2.05,-0.75));
#13080=CARTESIAN_POINT('',(0.9,6.92,-0.75));
#13081=CARTESIAN_POINT('',(0.9,2.05,-0.75));
#13082=CARTESIAN_POINT('Origin',(0.9,6.92,-1.3));
#13083=CARTESIAN_POINT('',(0.9,2.05,-1.3));
#13084=CARTESIAN_POINT('',(0.9,6.92,-1.3));
#13085=CARTESIAN_POINT('',(0.9,2.05,-1.3));
#13086=CARTESIAN_POINT('Origin',(-0.9,6.92,-1.3));
#13087=CARTESIAN_POINT('',(-0.9,2.05,-1.3));
#13088=CARTESIAN_POINT('',(-0.9,6.92,-1.3));
#13089=CARTESIAN_POINT('',(-0.9,2.05,-1.3));
#13090=CARTESIAN_POINT('Origin',(-0.9,6.92,-0.75));
#13091=CARTESIAN_POINT('',(-0.9,2.05,-0.75));
#13092=CARTESIAN_POINT('',(-0.9,6.92,-0.75));
#13093=CARTESIAN_POINT('',(-0.9,2.05,-0.75));
#13094=CARTESIAN_POINT('Origin',(-0.5,6.92,-0.75));
#13095=CARTESIAN_POINT('',(-0.5,2.05,-0.75));
#13096=CARTESIAN_POINT('',(-0.5,6.92,-0.75));
#13097=CARTESIAN_POINT('',(0.9,2.05,-0.75));
#13098=CARTESIAN_POINT('Origin',(-0.5,6.92,0.100000000000001));
#13099=CARTESIAN_POINT('',(-0.5,2.05,0.100000000000001));
#13100=CARTESIAN_POINT('',(-0.5,4.485,0.100000000000001));
#13101=CARTESIAN_POINT('',(-0.5,2.05,0.100000000000001));
#13102=CARTESIAN_POINT('Origin',(-7.65,2.05,0.100000000000001));
#13103=CARTESIAN_POINT('',(-2.04,2.05,0.100000000000001));
#13104=CARTESIAN_POINT('',(-2.04,4.485,0.100000000000001));
#13105=CARTESIAN_POINT('',(-4.2,2.05,0.100000000000001));
#13106=CARTESIAN_POINT('Origin',(-2.04,6.92,-0.75));
#13107=CARTESIAN_POINT('',(-2.04,2.05,-0.75));
#13108=CARTESIAN_POINT('',(-2.04,6.92,-0.75));
#13109=CARTESIAN_POINT('',(-2.04,2.05,-0.75));
#13110=CARTESIAN_POINT('Origin',(-1.64,6.92,-0.75));
#13111=CARTESIAN_POINT('',(-1.64,2.05,-0.75));
#13112=CARTESIAN_POINT('',(-1.64,6.92,-0.75));
#13113=CARTESIAN_POINT('',(-1.64,2.05,-0.75));
#13114=CARTESIAN_POINT('Origin',(-1.64,6.92,-1.3));
#13115=CARTESIAN_POINT('',(-1.64,2.05,-1.3));
#13116=CARTESIAN_POINT('',(-1.64,6.92,-1.3));
#13117=CARTESIAN_POINT('',(-1.64,2.05,-1.3));
#13118=CARTESIAN_POINT('Origin',(-3.44,6.92,-1.3));
#13119=CARTESIAN_POINT('',(-3.44,2.05,-1.3));
#13120=CARTESIAN_POINT('',(-3.44,6.92,-1.3));
#13121=CARTESIAN_POINT('',(-3.44,2.05,-1.3));
#13122=CARTESIAN_POINT('Origin',(-3.44,6.92,-0.75));
#13123=CARTESIAN_POINT('',(-3.44,2.05,-0.75));
#13124=CARTESIAN_POINT('',(-3.44,6.92,-0.75));
#13125=CARTESIAN_POINT('',(-3.44,2.05,-0.75));
#13126=CARTESIAN_POINT('Origin',(-3.04,6.92,-0.75));
#13127=CARTESIAN_POINT('',(-3.04,2.05,-0.75));
#13128=CARTESIAN_POINT('',(-3.04,6.92,-0.75));
#13129=CARTESIAN_POINT('',(-1.64,2.05,-0.75));
#13130=CARTESIAN_POINT('Origin',(-3.04,6.92,0.100000000000001));
#13131=CARTESIAN_POINT('',(-3.04,2.05,0.100000000000001));
#13132=CARTESIAN_POINT('',(-3.04,4.485,0.100000000000001));
#13133=CARTESIAN_POINT('',(-3.04,2.05,0.100000000000001));
#13134=CARTESIAN_POINT('Origin',(8.35,-0.00999999999999973,0.));
#13135=CARTESIAN_POINT('Origin',(-5.58,6.92,0.100000000000001));
#13136=CARTESIAN_POINT('',(-5.58,2.05,0.100000000000001));
#13137=CARTESIAN_POINT('',(-5.58,4.485,0.100000000000001));
#13138=CARTESIAN_POINT('',(-5.58,2.05,-0.75));
#13139=CARTESIAN_POINT('',(-5.58,2.05,0.100000000000001));
#13140=CARTESIAN_POINT('',(-5.58,6.92,-0.75));
#13141=CARTESIAN_POINT('Origin',(-4.58,6.92,-0.75));
#13142=CARTESIAN_POINT('',(-4.58,2.05,-0.75));
#13143=CARTESIAN_POINT('',(-4.58,6.92,-0.75));
#13144=CARTESIAN_POINT('',(-4.58,2.05,0.100000000000001));
#13145=CARTESIAN_POINT('',(-4.58,2.05,-0.75));
#13146=CARTESIAN_POINT('',(-4.58,4.485,0.100000000000001));
#13147=CARTESIAN_POINT('Origin',(-4.18,6.92,-0.75));
#13148=CARTESIAN_POINT('',(-4.18,2.05,-0.75));
#13149=CARTESIAN_POINT('',(-4.18,6.92,-0.75));
#13150=CARTESIAN_POINT('',(-4.18,2.05,-0.75));
#13151=CARTESIAN_POINT('Origin',(-4.18,6.92,-1.3));
#13152=CARTESIAN_POINT('',(-4.18,2.05,-1.3));
#13153=CARTESIAN_POINT('',(-4.18,6.92,-1.3));
#13154=CARTESIAN_POINT('',(-4.18,2.05,-1.3));
#13155=CARTESIAN_POINT('Origin',(-5.98,6.92,-1.3));
#13156=CARTESIAN_POINT('',(-5.98,2.05,-1.3));
#13157=CARTESIAN_POINT('',(-5.98,6.92,-1.3));
#13158=CARTESIAN_POINT('',(-5.98,2.05,-1.3));
#13159=CARTESIAN_POINT('Origin',(-5.98,6.92,-0.75));
#13160=CARTESIAN_POINT('',(-5.98,2.05,-0.75));
#13161=CARTESIAN_POINT('',(-5.98,6.92,-0.75));
#13162=CARTESIAN_POINT('',(-5.98,2.05,-0.75));
#13163=CARTESIAN_POINT('Origin',(-5.58,6.92,-0.75));
#13164=CARTESIAN_POINT('',(-4.18,2.05,-0.75));
#13165=CARTESIAN_POINT('Origin',(4.58,6.92,0.100000000000001));
#13166=CARTESIAN_POINT('',(4.58,2.05,0.100000000000001));
#13167=CARTESIAN_POINT('',(4.58,4.485,0.100000000000001));
#13168=CARTESIAN_POINT('',(4.58,2.05,-0.75));
#13169=CARTESIAN_POINT('',(4.58,2.05,0.100000000000001));
#13170=CARTESIAN_POINT('',(4.58,6.92,-0.75));
#13171=CARTESIAN_POINT('Origin',(5.58,6.92,-0.75));
#13172=CARTESIAN_POINT('',(5.58,2.05,-0.75));
#13173=CARTESIAN_POINT('',(5.58,6.92,-0.75));
#13174=CARTESIAN_POINT('',(5.58,2.05,0.100000000000001));
#13175=CARTESIAN_POINT('',(5.58,2.05,-0.75));
#13176=CARTESIAN_POINT('',(5.58,4.485,0.100000000000001));
#13177=CARTESIAN_POINT('Origin',(5.98,6.92,-0.75));
#13178=CARTESIAN_POINT('',(5.98,2.05,-0.75));
#13179=CARTESIAN_POINT('',(5.98,6.92,-0.75));
#13180=CARTESIAN_POINT('',(5.98,2.05,-0.75));
#13181=CARTESIAN_POINT('Origin',(5.98,6.92,-1.3));
#13182=CARTESIAN_POINT('',(5.98,2.05,-1.3));
#13183=CARTESIAN_POINT('',(5.98,6.92,-1.3));
#13184=CARTESIAN_POINT('',(5.98,2.05,-1.3));
#13185=CARTESIAN_POINT('Origin',(4.18,6.92,-1.3));
#13186=CARTESIAN_POINT('',(4.18,2.05,-1.3));
#13187=CARTESIAN_POINT('',(4.18,6.92,-1.3));
#13188=CARTESIAN_POINT('',(4.18,2.05,-1.3));
#13189=CARTESIAN_POINT('Origin',(4.18,6.92,-0.75));
#13190=CARTESIAN_POINT('',(4.18,2.05,-0.75));
#13191=CARTESIAN_POINT('',(4.18,6.92,-0.75));
#13192=CARTESIAN_POINT('',(4.18,2.05,-0.75));
#13193=CARTESIAN_POINT('Origin',(4.58,6.92,-0.75));
#13194=CARTESIAN_POINT('',(5.98,2.05,-0.75));
#13195=CARTESIAN_POINT('Origin',(-7.65,2.05,0.100000000000001));
#13196=CARTESIAN_POINT('',(-7.65,2.05,0.100000000000001));
#13197=CARTESIAN_POINT('',(-7.65,2.05,0.100000000000001));
#13198=CARTESIAN_POINT('',(-4.2,2.05,0.100000000000001));
#13199=CARTESIAN_POINT('Origin',(-7.65,2.05,0.100000000000001));
#13200=CARTESIAN_POINT('',(-4.2,2.05,0.100000000000001));
#13201=CARTESIAN_POINT('Origin',(-7.65,2.05,0.100000000000001));
#13202=CARTESIAN_POINT('',(-4.2,2.05,0.100000000000001));
#13203=CARTESIAN_POINT('Origin',(-7.65,2.05,0.100000000000001));
#13204=CARTESIAN_POINT('',(7.65,2.05,0.100000000000001));
#13205=CARTESIAN_POINT('',(-4.2,2.05,0.100000000000001));
#13206=CARTESIAN_POINT('',(7.65,2.05,0.100000000000001));
#13207=CARTESIAN_POINT('Origin',(7.65,2.05,0.100000000000001));
#13208=CARTESIAN_POINT('',(7.65,2.05,0.911771432346219));
#13209=CARTESIAN_POINT('',(7.65,2.05,0.0500000000000052));
#13210=CARTESIAN_POINT('',(7.65,5.4711112605664,0.911771432346219));
#13211=CARTESIAN_POINT('',(7.65,2.04999997708946,0.911771432346219));
#13212=CARTESIAN_POINT('',(7.65,3.77366970117565,0.456943337308442));
#13213=CARTESIAN_POINT('Origin',(-7.65,2.05,2.));
#13214=CARTESIAN_POINT('',(-7.65,5.4711112605664,0.911771432346219));
#13215=CARTESIAN_POINT('',(-7.65,4.01116970117564,0.520581270510832));
#13216=CARTESIAN_POINT('',(-7.65,2.05,0.911771432346219));
#13217=CARTESIAN_POINT('',(-7.65,2.04999997708946,0.911771432346219));
#13218=CARTESIAN_POINT('',(-7.65,2.05,1.));
#13219=CARTESIAN_POINT('Origin',(-0.75,2.05,0.));
#13220=CARTESIAN_POINT('',(-4.925,2.05,0.911771432346219));
#13221=CARTESIAN_POINT('Origin',(-9.1,5.4711112605664,0.911771432346219));
#13222=CARTESIAN_POINT('',(-9.1,5.4711112605664,0.911771432346219));
#13223=CARTESIAN_POINT('Origin',(-9.1,2.04999995417893,0.911771432346219));
#13224=CARTESIAN_POINT('',(0.,0.000559240290487206,0.00914588606493183));
#13225=CARTESIAN_POINT('',(0.,0.000559240290487206,0.00914588606493183));
#13226=CARTESIAN_POINT('Origin',(0.,0.,0.));
#13227=UNCERTAINTY_MEASURE_WITH_UNIT(LENGTH_MEASURE(0.01),#13235,
'DISTANCE_ACCURACY_VALUE',
'Maximum model space distance between geometric entities at asserted c
onnectivities');
#13228=UNCERTAINTY_MEASURE_WITH_UNIT(LENGTH_MEASURE(0.01),#13235,
'DISTANCE_ACCURACY_VALUE',
'Maximum model space distance between geometric entities at asserted c
onnectivities');
#13229=UNCERTAINTY_MEASURE_WITH_UNIT(LENGTH_MEASURE(0.01),#13235,
'DISTANCE_ACCURACY_VALUE',
'Maximum model space distance between geometric entities at asserted c
onnectivities');
#13230=UNCERTAINTY_MEASURE_WITH_UNIT(LENGTH_MEASURE(0.01),#13235,
'DISTANCE_ACCURACY_VALUE',
'Maximum model space distance between geometric entities at asserted c
onnectivities');
#13231=(
GEOMETRIC_REPRESENTATION_CONTEXT(3)
GLOBAL_UNCERTAINTY_ASSIGNED_CONTEXT((#13227))
GLOBAL_UNIT_ASSIGNED_CONTEXT((#13235,#13237,#13238))
REPRESENTATION_CONTEXT('','3D')
);
#13232=(
GEOMETRIC_REPRESENTATION_CONTEXT(3)
GLOBAL_UNCERTAINTY_ASSIGNED_CONTEXT((#13228))
GLOBAL_UNIT_ASSIGNED_CONTEXT((#13235,#13237,#13238))
REPRESENTATION_CONTEXT('','3D')
);
#13233=(
GEOMETRIC_REPRESENTATION_CONTEXT(3)
GLOBAL_UNCERTAINTY_ASSIGNED_CONTEXT((#13229))
GLOBAL_UNIT_ASSIGNED_CONTEXT((#13235,#13237,#13238))
REPRESENTATION_CONTEXT('','3D')
);
#13234=(
GEOMETRIC_REPRESENTATION_CONTEXT(3)
GLOBAL_UNCERTAINTY_ASSIGNED_CONTEXT((#13230))
GLOBAL_UNIT_ASSIGNED_CONTEXT((#13235,#13237,#13238))
REPRESENTATION_CONTEXT('','3D')
);
#13235=(
LENGTH_UNIT()
NAMED_UNIT(*)
SI_UNIT(.MILLI.,.METRE.)
);
#13236=(
LENGTH_UNIT()
NAMED_UNIT(*)
SI_UNIT($,.METRE.)
);
#13237=(
NAMED_UNIT(*)
PLANE_ANGLE_UNIT()
SI_UNIT($,.RADIAN.)
);
#13238=(
NAMED_UNIT(*)
SI_UNIT($,.STERADIAN.)
SOLID_ANGLE_UNIT()
);
#13239=SHAPE_DEFINITION_REPRESENTATION(#13242,#13247);
#13240=SHAPE_DEFINITION_REPRESENTATION(#13243,#13248);
#13241=SHAPE_DEFINITION_REPRESENTATION(#13244,#13249);
#13242=PRODUCT_DEFINITION_SHAPE('',$,#13251);
#13243=PRODUCT_DEFINITION_SHAPE('',$,#13252);
#13244=PRODUCT_DEFINITION_SHAPE('',$,#13253);
#13245=PRODUCT_DEFINITION_SHAPE($,$,#20);
#13246=PRODUCT_DEFINITION_SHAPE($,$,#21);
#13247=SHAPE_REPRESENTATION('',(#7496,#8230,#8231),#13231);
#13248=SHAPE_REPRESENTATION('',(#7497),#13232);
#13249=SHAPE_REPRESENTATION('',(#7998),#13233);
#13250=PRODUCT_DEFINITION_CONTEXT('part definition',#13261,'design');
#13251=PRODUCT_DEFINITION('CONN-TH_5P-P2.54_520315-5',
'CONN-TH_5P-P2.54_520315-5 v8',#13254,#13250);
#13252=PRODUCT_DEFINITION('Pins','Pins',#13255,#13250);
#13253=PRODUCT_DEFINITION('Connector Body','Connector Body',#13256,#13250);
#13254=PRODUCT_DEFINITION_FORMATION('',$,#13263);
#13255=PRODUCT_DEFINITION_FORMATION('',$,#13264);
#13256=PRODUCT_DEFINITION_FORMATION('',$,#13265);
#13257=PRODUCT_RELATED_PRODUCT_CATEGORY('CONN-TH_5P-P2.54_520315-5 v8',
'CONN-TH_5P-P2.54_520315-5 v8',(#13263));
#13258=PRODUCT_RELATED_PRODUCT_CATEGORY('Pins','Pins',(#13264));
#13259=PRODUCT_RELATED_PRODUCT_CATEGORY('Connector Body',
'Connector Body',(#13265));
#13260=APPLICATION_PROTOCOL_DEFINITION('international standard',
'automotive_design',2009,#13261);
#13261=APPLICATION_CONTEXT(
'Core Data for Automotive Mechanical Design Process');
#13262=PRODUCT_CONTEXT('part definition',#13261,'mechanical');
#13263=PRODUCT('CONN-TH_5P-P2.54_520315-5',
'CONN-TH_5P-P2.54_520315-5 v8',$,(#13262));
#13264=PRODUCT('Pins','Pins',$,(#13262));
#13265=PRODUCT('Connector Body','Connector Body',$,(#13262));
#13266=PRESENTATION_STYLE_ASSIGNMENT((#13270));
#13267=PRESENTATION_STYLE_ASSIGNMENT((#13271));
#13268=PRESENTATION_STYLE_ASSIGNMENT((#13272));
#13269=PRESENTATION_STYLE_ASSIGNMENT((NULL_STYLE(.NULL.)));
#13270=SURFACE_STYLE_USAGE(.BOTH.,#13273);
#13271=SURFACE_STYLE_USAGE(.BOTH.,#13274);
#13272=SURFACE_STYLE_USAGE(.BOTH.,#13275);
#13273=SURFACE_SIDE_STYLE('',(#13276));
#13274=SURFACE_SIDE_STYLE('',(#13277));
#13275=SURFACE_SIDE_STYLE('',(#13278));
#13276=SURFACE_STYLE_FILL_AREA(#13279);
#13277=SURFACE_STYLE_FILL_AREA(#13280);
#13278=SURFACE_STYLE_FILL_AREA(#13281);
#13279=FILL_AREA_STYLE('Steel - Satin',(#13282));
#13280=FILL_AREA_STYLE('Aluminum - Satin',(#13283));
#13281=FILL_AREA_STYLE(
'PEKK - Polyetherketoneketone Reinforced With Carbon Fibers - HT-23 (w
ith EOS P 810 3D Printer)',(#13284));
#13282=FILL_AREA_STYLE_COLOUR('Steel - Satin',#13285);
#13283=FILL_AREA_STYLE_COLOUR('Aluminum - Satin',#13286);
#13284=FILL_AREA_STYLE_COLOUR(
'PEKK - Polyetherketoneketone Reinforced With Carbon Fibers - HT-23 (w
ith EOS P 810 3D Printer)',#13287);
#13285=COLOUR_RGB('Steel - Satin',0.627450980392157,0.627450980392157,0.627450980392157);
#13286=COLOUR_RGB('Aluminum - Satin',0.96078431372549,0.96078431372549,
0.964705882352941);
#13287=COLOUR_RGB(
'PEKK - Polyetherketoneketone Reinforced With Carbon Fibers - HT-23 (w
ith EOS P 810 3D Printer)',0.352941176470588,0.352941176470588,0.352941176470588);
ENDSEC;
END-ISO-10303-21;
