ISO-10303-21;
HEADER;
FILE_DESCRIPTION (( 'STEP AP214' ),
    '1' );
FILE_NAME ('CP 13x5x0.5x12.70.STEP',
    '2026-02-18T20:36:15',
    ( '' ),
    ( '' ),
    'SwSTEP 2.0',
    'SolidWorks 2026',
    '' );
FILE_SCHEMA (( 'AUTOMOTIVE_DESIGN' ));
ENDSEC;

DATA;
#1 = CIRCLE ( 'NONE', #2727, 3.009999999999998899 ) ;
#2 = DIRECTION ( 'NONE',  ( 0.000000000000000000, 0.000000000000000000, 1.000000000000000000 ) ) ;
#3 = ORIENTED_EDGE ( 'NONE', *, *, #1448, .F. ) ;
#4 = CARTESIAN_POINT ( 'NONE',  ( 3.874382620068649086, -3.620999999999999996, -3.523695033696481658E-14 ) ) ;
#5 = CARTESIAN_POINT ( 'NONE',  ( -0.9841960236940396900, -3.620999999999999996, -3.794707603699265519E-16 ) ) ;
#6 = EDGE_CURVE ( 'NONE', #856, #505, #607, .T. ) ;
#7 = PRESENTATION_STYLE_ASSIGNMENT (( #1074 ) ) ;
#8 = AXIS2_PLACEMENT_3D ( 'NONE', #4400, #2668, #706 ) ;
#9 = CARTESIAN_POINT ( 'NONE',  ( -15.04615972289522396, 3.989999999999997993, 0.000000000000000000 ) ) ;
#10 = MECHANICAL_DESIGN_GEOMETRIC_PRESENTATION_REPRESENTATION (  '', ( #1514 ), #524 ) ;
#11 = PRESENTATION_STYLE_ASSIGNMENT (( #4097 ) ) ;
#12 = CARTESIAN_POINT ( 'NONE',  ( 6.000000000000001776, 3.547474939451053189, -0.2057446705199530157 ) ) ;
#13 = VERTEX_POINT ( 'NONE', #2202 ) ;
#14 = FILL_AREA_STYLE_COLOUR ( '', #3522 ) ;
#15 = CARTESIAN_POINT ( 'NONE',  ( -15.04615972289522396, 3.999999999999997335, 0.000000000000000000 ) ) ;
#16 =( LENGTH_UNIT ( ) NAMED_UNIT ( * ) SI_UNIT ( .MILLI., .METRE. ) );
#17 = STYLED_ITEM ( 'NONE', ( #2671 ), #1846 ) ;
#18 = ORIENTED_EDGE ( 'NONE', *, *, #1640, .F. ) ;
#19 = ORIENTED_EDGE ( 'NONE', *, *, #3051, .F. ) ;
#20 = SURFACE_STYLE_USAGE ( .BOTH. , #4082 ) ;
#21 = PRODUCT_DEFINITION ( 'UNKNOWN', '', #2048, #3869 ) ;
#22 = AXIS2_PLACEMENT_3D ( 'NONE', #1046, #745, #1720 ) ;
#23 = DIRECTION ( 'NONE',  ( 1.000000000000000000, 0.000000000000000000, 0.000000000000000000 ) ) ;
#24 = CARTESIAN_POINT ( 'NONE',  ( -2.078637944876504662, -3.620999999999999996, -1.505000000000002336 ) ) ;
#25 = ORIENTED_EDGE ( 'NONE', *, *, #1204, .T. ) ;
#26 = CARTESIAN_POINT ( 'NONE',  ( -1.937216588639194992, 6.606736465391153779, -1.505000000000002336 ) ) ;
#27 = TOROIDAL_SURFACE ( 'NONE', #2095, 2.999999999999997335, 0.5000000000000002220 ) ;
#28 = CARTESIAN_POINT ( 'NONE',  ( 6.000000000000000888, 3.613877126967904641, 0.2315535471783157218 ) ) ;
#29 = CIRCLE ( 'NONE', #4258, 2.999999999999997335 ) ;
#30 = DIRECTION ( 'NONE',  ( 0.000000000000000000, 0.000000000000000000, -1.000000000000000000 ) ) ;
#31 = ORIENTED_EDGE ( 'NONE', *, *, #2926, .F. ) ;
#32 = SURFACE_STYLE_USAGE ( .BOTH. , #3759 ) ;
#33 =( NAMED_UNIT ( * ) SI_UNIT ( $, .STERADIAN. ) SOLID_ANGLE_UNIT ( ) );
#34 = FACE_OUTER_BOUND ( 'NONE', #316, .T. ) ;
#35 = PRESENTATION_STYLE_ASSIGNMENT (( #1764 ) ) ;
#36 = AXIS2_PLACEMENT_3D ( 'NONE', #1537, #2569, #2073 ) ;
#37 = PRESENTATION_LAYER_ASSIGNMENT (  '', '', ( #2164 ) ) ;
#38 = EDGE_CURVE ( 'NONE', #382, #1718, #322, .T. ) ;
#39 = STYLED_ITEM ( 'NONE', ( #1288 ), #112 ) ;
#40 = MECHANICAL_DESIGN_GEOMETRIC_PRESENTATION_REPRESENTATION (  '', ( #1467 ), #686 ) ;
#41 = MECHANICAL_DESIGN_GEOMETRIC_PRESENTATION_REPRESENTATION (  '', ( #4050 ), #1254 ) ;
#42 = DIRECTION ( 'NONE',  ( -1.314184451497581752E-16, -1.000000000000000000, 0.000000000000000000 ) ) ;
#43 = ORIENTED_EDGE ( 'NONE', *, *, #144, .T. ) ;
#44 = DIRECTION ( 'NONE',  ( 0.000000000000000000, 0.000000000000000000, 1.000000000000000000 ) ) ;
#45 =( GEOMETRIC_REPRESENTATION_CONTEXT ( 3 ) GLOBAL_UNCERTAINTY_ASSIGNED_CONTEXT ( ( #3004 ) ) GLOBAL_UNIT_ASSIGNED_CONTEXT ( ( #3265, #3964, #3987 ) ) REPRESENTATION_CONTEXT ( 'NONE', 'WORKASPACE' ) );
#46 = PRESENTATION_LAYER_ASSIGNMENT (  '', '', ( #1410 ) ) ;
#47 = FILL_AREA_STYLE_COLOUR ( '', #1794 ) ;
#48 = DIRECTION ( 'NONE',  ( 0.000000000000000000, 0.000000000000000000, 1.000000000000000000 ) ) ;
#49 = TOROIDAL_SURFACE ( 'NONE', #553, 2.699999999999997513, 0.3000000000000000444 ) ;
#50 = ORIENTED_EDGE ( 'NONE', *, *, #3111, .T. ) ;
#51 = DIRECTION ( 'NONE',  ( 0.000000000000000000, 0.000000000000000000, 1.000000000000000000 ) ) ;
#52 = CARTESIAN_POINT ( 'NONE',  ( 6.135082693581744628, 3.687684971927254640, -0.2506976325417995533 ) ) ;
#53 = AXIS2_PLACEMENT_3D ( 'NONE', #1232, #1193, #2510 ) ;
#54 = CARTESIAN_POINT ( 'NONE',  ( 5.700000000000000178, 3.999999999999997335, 0.000000000000000000 ) ) ;
#55 = PLANE ( 'NONE',  #3531 ) ;
#56 = CARTESIAN_POINT ( 'NONE',  ( -4.500000000000000888, 3.999999999999997335, 0.000000000000000000 ) ) ;
#57 = PRESENTATION_LAYER_ASSIGNMENT (  '', '', ( #4345 ) ) ;
#58 =( NAMED_UNIT ( * ) SI_UNIT ( $, .STERADIAN. ) SOLID_ANGLE_UNIT ( ) );
#59 =( LENGTH_UNIT ( ) NAMED_UNIT ( * ) SI_UNIT ( .MILLI., .METRE. ) );
#60 = AXIS2_PLACEMENT_3D ( 'NONE', #3472, #62, #1442 ) ;
#61 = ORIENTED_EDGE ( 'NONE', *, *, #658, .F. ) ;
#62 = DIRECTION ( 'NONE',  ( -0.000000000000000000, 0.000000000000000000, -1.000000000000000000 ) ) ;
#63 = ADVANCED_FACE ( 'NONE', ( #418 ), #1584, .F. ) ;
#64 = CARTESIAN_POINT ( 'NONE',  ( -5.999999999999999112, 4.021036501499960281, -0.1525438535153974540 ) ) ;
#65 = CARTESIAN_POINT ( 'NONE',  ( -15.04615972289522396, 3.999999999999997335, 0.000000000000000000 ) ) ;
#66 = DIRECTION ( 'NONE',  ( 1.314184451497581752E-16, -1.000000000000000000, 0.000000000000000000 ) ) ;
#67 =( LENGTH_UNIT ( ) NAMED_UNIT ( * ) SI_UNIT ( .MILLI., .METRE. ) );
#68 = PRESENTATION_STYLE_ASSIGNMENT (( #3132 ) ) ;
#69 = ADVANCED_FACE ( 'NONE', ( #755 ), #3905, .T. ) ;
#70 = DIRECTION ( 'NONE',  ( -0.7071067811865436870, 0.000000000000000000, -0.7071067811865513475 ) ) ;
#71 = ORIENTED_EDGE ( 'NONE', *, *, #1190, .F. ) ;
#72 = SURFACE_STYLE_USAGE ( .BOTH. , #1420 ) ;
#73 = SURFACE_STYLE_USAGE ( .BOTH. , #3525 ) ;
#74 = ORIENTED_EDGE ( 'NONE', *, *, #2887, .T. ) ;
#75 = TOROIDAL_SURFACE ( 'NONE', #3505, 2.699999999999997513, 0.3000000000000000444 ) ;
#76 = EDGE_CURVE ( 'NONE', #474, #3258, #29, .T. ) ;
#77 = CARTESIAN_POINT ( 'NONE',  ( -1.932884385206877775, 6.599232868937662033, 1.500667796567688006 ) ) ;
#78 = ORIENTED_EDGE ( 'NONE', *, *, #857, .F. ) ;
#79 = PLANE ( 'NONE',  #3883 ) ;
#80 = FILL_AREA_STYLE ('',( #127 ) ) ;
#81 = SURFACE_STYLE_FILL_AREA ( #1606 ) ;
#82 = EDGE_CURVE ( 'NONE', #2518, #2956, #1083, .T. ) ;
#83 = CARTESIAN_POINT ( 'NONE',  ( -15.04615972289522396, 6.987830240515343405, -0.3646511399433742251 ) ) ;
#84 =( NAMED_UNIT ( * ) SI_UNIT ( $, .STERADIAN. ) SOLID_ANGLE_UNIT ( ) );
#85 = AXIS2_PLACEMENT_3D ( 'NONE', #2742, #4137, #4111 ) ;
#86 = DIRECTION ( 'NONE',  ( 0.000000000000000000, 0.000000000000000000, 1.000000000000000000 ) ) ;
#88 = ORIENTED_EDGE ( 'NONE', *, *, #728, .F. ) ;
#87 = COLOUR_RGB ( '',0.2509803921568627416, 0.2509803921568627416, 0.2509803921568627416 ) ;
#89 = SURFACE_STYLE_USAGE ( .BOTH. , #3156 ) ;
#90 = CARTESIAN_POINT ( 'NONE',  ( 6.199999999999999289, 3.676097560989631141, 0.2347066466731357604 ) ) ;
#91 = EDGE_CURVE ( 'NONE', #2494, #2810, #408, .T. ) ;
#92 = CIRCLE ( 'NONE', #3534, 0.2999999999999999334 ) ;
#93 = CARTESIAN_POINT ( 'NONE',  ( 5.699999999999998401, 6.606736465391154667, -1.505000000000001892 ) ) ;
#94 = CARTESIAN_POINT ( 'NONE',  ( -1.673832645399492725, 6.919931966787402189, 0.6896366217054362702 ) ) ;
#95 = EDGE_LOOP ( 'NONE', ( #1518, #2029, #4293, #1026 ) ) ;
#96 = ORIENTED_EDGE ( 'NONE', *, *, #4184, .T. ) ;
#97 = FILL_AREA_STYLE ('',( #823 ) ) ;
#98 = AXIS2_PLACEMENT_3D ( 'NONE', #855, #2867, #2132 ) ;
#99 =( NAMED_UNIT ( * ) PLANE_ANGLE_UNIT ( ) SI_UNIT ( $, .RADIAN. ) );
#100 =( NAMED_UNIT ( * ) SI_UNIT ( $, .STERADIAN. ) SOLID_ANGLE_UNIT ( ) );
#101 =( LENGTH_UNIT ( ) NAMED_UNIT ( * ) SI_UNIT ( .MILLI., .METRE. ) );
#102 = CARTESIAN_POINT ( 'NONE',  ( -1.573832645399493302, 6.998342837990123577, -0.2646511399433393308 ) ) ;
#103 = CARTESIAN_POINT ( 'NONE',  ( 6.200000000000000178, 3.792652607955413480, -0.1972329052813830141 ) ) ;
#104 = LINE ( 'NONE', #2841, #3769 ) ;
#105 = CARTESIAN_POINT ( 'NONE',  ( -4.954242157334610042, 6.438944043407918372, 1.408125000000000959 ) ) ;
#106 = PRESENTATION_LAYER_ASSIGNMENT (  '', '', ( #4397 ) ) ;
#107 = VECTOR ( 'NONE', #1153, 1000.000000000000000 ) ;
#108 = ORIENTED_EDGE ( 'NONE', *, *, #1231, .F. ) ;
#109 = FILL_AREA_STYLE ('',( #4253 ) ) ;
#110 = CIRCLE ( 'NONE', #4334, 0.2999999999999999334 ) ;
#111 = AXIS2_PLACEMENT_3D ( 'NONE', #2373, #2010, #3778 ) ;
#112 = ADVANCED_FACE ( 'NONE', ( #2469 ), #1451, .F. ) ;
#113 = ORIENTED_EDGE ( 'NONE', *, *, #3051, .T. ) ;
#114 = FILL_AREA_STYLE_COLOUR ( '', #751 ) ;
#115 = VECTOR ( 'NONE', #410, 1000.000000000000000 ) ;
#116 = ORIENTED_EDGE ( 'NONE', *, *, #3226, .F. ) ;
#117 = CIRCLE ( 'NONE', #2753, 3.009999999999998899 ) ;
#118 =( NAMED_UNIT ( * ) PLANE_ANGLE_UNIT ( ) SI_UNIT ( $, .RADIAN. ) );
#119 = AXIS2_PLACEMENT_3D ( 'NONE', #1109, #3470, #30 ) ;
#120 = SURFACE_SIDE_STYLE ('',( #1807 ) ) ;
#121 = EDGE_LOOP ( 'NONE', ( #3453, #2498, #3892, #344 ) ) ;
#122 = AXIS2_PLACEMENT_3D ( 'NONE', #986, #4395, #592 ) ;
#123 = DIRECTION ( 'NONE',  ( -1.000000000000000000, -0.000000000000000000, -0.000000000000000000 ) ) ;
#124 = FILL_AREA_STYLE ('',( #3166 ) ) ;
#125 = ORIENTED_EDGE ( 'NONE', *, *, #1524, .F. ) ;
#126 = SURFACE_SIDE_STYLE ('',( #1487 ) ) ;
#127 = FILL_AREA_STYLE_COLOUR ( '', #602 ) ;
#128 = LINE ( 'NONE', #4273, #3333 ) ;
#129 =( BOUNDED_CURVE ( )  B_SPLINE_CURVE ( 3, ( #3576, #194, #513, #1861 ),
 .UNSPECIFIED., .F., .T. ) 
 B_SPLINE_CURVE_WITH_KNOTS ( ( 4, 4 ),
 ( 1.421331723736965147, 1.570796326794896558 ),
 .UNSPECIFIED. ) 
 CURVE ( )  GEOMETRIC_REPRESENTATION_ITEM ( )  RATIONAL_B_SPLINE_CURVE ( ( 1.000000000000000000, 0.9981392272996881809, 0.9981392272996881809, 1.000000000000000000 ) ) 
 REPRESENTATION_ITEM ( '' )  );
#130 = LINE ( 'NONE', #1510, #3502 ) ;
#131 = ORIENTED_EDGE ( 'NONE', *, *, #2588, .T. ) ;
#132 = CARTESIAN_POINT ( 'NONE',  ( 3.067115614793085143, 6.599232868937662033, 1.500667796567688006 ) ) ;
#133 = EDGE_CURVE ( 'NONE', #1942, #2518, #2534, .T. ) ;
#134 =( NAMED_UNIT ( * ) SI_UNIT ( $, .STERADIAN. ) SOLID_ANGLE_UNIT ( ) );
#135 = FILL_AREA_STYLE ('',( #3293 ) ) ;
#136 = ORIENTED_EDGE ( 'NONE', *, *, #3337, .T. ) ;
#137 = VERTEX_POINT ( 'NONE', #1998 ) ;
#138 = DIRECTION ( 'NONE',  ( -0.000000000000000000, 0.000000000000000000, -1.000000000000000000 ) ) ;
#139 = CARTESIAN_POINT ( 'NONE',  ( -4.500000000000000888, 6.173723763498934147, -1.255000000000001226 ) ) ;
#140 = DIRECTION ( 'NONE',  ( 0.000000000000000000, 0.000000000000000000, -1.000000000000000000 ) ) ;
#141 = VERTEX_POINT ( 'NONE', #4072 ) ;
#142 = LINE ( 'NONE', #2167, #1981 ) ;
#143 = SURFACE_STYLE_FILL_AREA ( #2171 ) ;
#144 = EDGE_CURVE ( 'NONE', #137, #3278, #145, .T. ) ;
#145 =( BOUNDED_CURVE ( )  B_SPLINE_CURVE ( 3, ( #1333, #2615, #2276, #3307 ),
 .UNSPECIFIED., .F., .T. ) 
 B_SPLINE_CURVE_WITH_KNOTS ( ( 4, 4 ),
 ( 1.339627765264890025, 1.570796326794908326 ),
 .UNSPECIFIED. ) 
 CURVE ( )  GEOMETRIC_REPRESENTATION_ITEM ( )  RATIONAL_B_SPLINE_CURVE ( ( 1.000000000000000000, 0.9955517136470730666, 0.9955517136470730666, 1.000000000000000000 ) ) 
 REPRESENTATION_ITEM ( '' )  );
#146 = CARTESIAN_POINT ( 'NONE',  ( -3.758380151290433790, 3.999999999999997335, 0.000000000000000000 ) ) ;
#147 = STYLED_ITEM ( 'NONE', ( #4126 ), #901 ) ;
#148 = SURFACE_STYLE_USAGE ( .BOTH. , #3290 ) ;
#149 = ORIENTED_EDGE ( 'NONE', *, *, #1495, .F. ) ;
#150 = MECHANICAL_DESIGN_GEOMETRIC_PRESENTATION_REPRESENTATION (  '', ( #586 ), #1659 ) ;
#151 = CARTESIAN_POINT ( 'NONE',  ( -1.105073650413318509, 7.009999999999997122, -0.5314357055368277294 ) ) ;
#152 = DIRECTION ( 'NONE',  ( 1.000000000000000000, 0.000000000000000000, 0.000000000000000000 ) ) ;
#153 = AXIS2_PLACEMENT_3D ( 'NONE', #4153, #1479, #3527 ) ;
#154 = CARTESIAN_POINT ( 'NONE',  ( 2.612549941312441781, 3.989999999999997993, 0.000000000000000000 ) ) ;
#155 = ORIENTED_EDGE ( 'NONE', *, *, #3767, .F. ) ;
#156 = ORIENTED_EDGE ( 'NONE', *, *, #1125, .T. ) ;
#157 =( NAMED_UNIT ( * ) PLANE_ANGLE_UNIT ( ) SI_UNIT ( $, .RADIAN. ) );
#158 = FILL_AREA_STYLE_COLOUR ( '', #1073 ) ;
#159 = CARTESIAN_POINT ( 'NONE',  ( 6.000000000000000000, 6.338268590217977838, -1.350000000000000977 ) ) ;
#160 = ORIENTED_EDGE ( 'NONE', *, *, #1730, .F. ) ;
#161 = AXIS2_PLACEMENT_3D ( 'NONE', #1077, #42, #668 ) ;
#162 = DIRECTION ( 'NONE',  ( 0.000000000000000000, 0.000000000000000000, 1.000000000000000000 ) ) ;
#163 = CARTESIAN_POINT ( 'NONE',  ( -4.954242157334610042, 6.438944043407918372, -1.408125000000001403 ) ) ;
#164 = CYLINDRICAL_SURFACE ( 'NONE', #36, 0.2500000000000002220 ) ;
#165 = AXIS2_PLACEMENT_3D ( 'NONE', #1408, #3076, #2068 ) ;
#166 = PLANE ( 'NONE',  #2551 ) ;
#167 =( LENGTH_UNIT ( ) NAMED_UNIT ( * ) SI_UNIT ( .MILLI., .METRE. ) );
#168 = AXIS2_PLACEMENT_3D ( 'NONE', #923, #3403, #2672 ) ;
#170 = VERTEX_POINT ( 'NONE', #1632 ) ;
#169 = CIRCLE ( 'NONE', #3679, 2.509999999999997122 ) ;
#171 = ADVANCED_FACE ( 'NONE', ( #3648 ), #2468, .T. ) ;
#172 = ORIENTED_EDGE ( 'NONE', *, *, #1697, .F. ) ;
#173 = CARTESIAN_POINT ( 'NONE',  ( 6.000000000000000000, 3.999999999999997335, 0.000000000000000000 ) ) ;
#174 = VECTOR ( 'NONE', #4294, 1000.000000000000000 ) ;
#175 = ORIENTED_EDGE ( 'NONE', *, *, #2098, .F. ) ;
#176 = AXIS2_PLACEMENT_3D ( 'NONE', #2983, #577, #1935 ) ;
#177 = STYLED_ITEM ( 'NONE', ( #587 ), #2349 ) ;
#178 = SURFACE_STYLE_USAGE ( .BOTH. , #546 ) ;
#179 = FACE_OUTER_BOUND ( 'NONE', #1698, .T. ) ;
#180 =( GEOMETRIC_REPRESENTATION_CONTEXT ( 3 ) GLOBAL_UNCERTAINTY_ASSIGNED_CONTEXT ( ( #3315 ) ) GLOBAL_UNIT_ASSIGNED_CONTEXT ( ( #331, #2643, #663 ) ) REPRESENTATION_CONTEXT ( 'NONE', 'WORKASPACE' ) );
#181 = CARTESIAN_POINT ( 'NONE',  ( 5.999999999999856115, 3.682499999999892193, 0.2432976572020445760 ) ) ;
#182 = PRESENTATION_LAYER_ASSIGNMENT (  '', '', ( #476 ) ) ;
#183 = ORIENTED_EDGE ( 'NONE', *, *, #4218, .F. ) ;
#184 = UNCERTAINTY_MEASURE_WITH_UNIT (LENGTH_MEASURE( 1.000000000000000082E-05 ), #334, 'distance_accuracy_value', 'NONE');
#185 = PRESENTATION_STYLE_ASSIGNMENT (( #1262 ) ) ;
#186 = LINE ( 'NONE', #488, #3617 ) ;
#187 = COLOUR_RGB ( '',0.2509803921568627416, 0.2509803921568627416, 0.2509803921568627416 ) ;
#188 = EDGE_CURVE ( 'NONE', #317, #3573, #3973, .T. ) ;
#189 = FACE_OUTER_BOUND ( 'NONE', #311, .T. ) ;
#190 = ORIENTED_EDGE ( 'NONE', *, *, #744, .T. ) ;
#191 = CARTESIAN_POINT ( 'NONE',  ( -0.4322165886391755030, 7.009999999999996234, -4.269046054161673709E-16 ) ) ;
#192 = CARTESIAN_POINT ( 'NONE',  ( 3.426167354600507586, 6.966441344256806723, -0.4482152654681659243 ) ) ;
#193 = AXIS2_PLACEMENT_3D ( 'NONE', #757, #2122, #441 ) ;
#194 = CARTESIAN_POINT ( 'NONE',  ( -1.425403571444625372, 6.998792927604572611, -0.2997861915132674637 ) ) ;
#195 = EDGE_CURVE ( 'NONE', #3301, #3777, #2893, .T. ) ;
#196 = STYLED_ITEM ( 'NONE', ( #2636 ), #4163 ) ;
#197 =( LENGTH_UNIT ( ) NAMED_UNIT ( * ) SI_UNIT ( .MILLI., .METRE. ) );
#198 = SURFACE_STYLE_USAGE ( .BOTH. , #4006 ) ;
#199 = PRESENTATION_STYLE_ASSIGNMENT (( #1867 ) ) ;
#200 =( GEOMETRIC_REPRESENTATION_CONTEXT ( 3 ) GLOBAL_UNCERTAINTY_ASSIGNED_CONTEXT ( ( #4090 ) ) GLOBAL_UNIT_ASSIGNED_CONTEXT ( ( #16, #2550, #2843 ) ) REPRESENTATION_CONTEXT ( 'NONE', 'WORKASPACE' ) );
#201 = ORIENTED_EDGE ( 'NONE', *, *, #1398, .T. ) ;
#202 = PRODUCT ( 'CP 13x5x0.5x12.70', 'CP 13x5x0.5x12.70', '', ( #764 ) ) ;
#203 = CARTESIAN_POINT ( 'NONE',  ( -5.700000000000000178, 6.338268590217977838, -1.350000000000001421 ) ) ;
#204 = CIRCLE ( 'NONE', #3056, 2.999999999999997335 ) ;
#205 =( NAMED_UNIT ( * ) PLANE_ANGLE_UNIT ( ) SI_UNIT ( $, .RADIAN. ) );
#206 = DIRECTION ( 'NONE',  ( 0.000000000000000000, 0.000000000000000000, 1.000000000000000000 ) ) ;
#207 =( LENGTH_UNIT ( ) NAMED_UNIT ( * ) SI_UNIT ( .MILLI., .METRE. ) );
#208 = ADVANCED_FACE ( 'NONE', ( #241 ), #1670, .T. ) ;
#209 = COLOUR_RGB ( '',0.2509803921568627416, 0.2509803921568627416, 0.2509803921568627416 ) ;
#210 = ORIENTED_EDGE ( 'NONE', *, *, #2961, .F. ) ;
#211 = ORIENTED_EDGE ( 'NONE', *, *, #4203, .F. ) ;
#212 = DIRECTION ( 'NONE',  ( 1.000000000000000000, 0.000000000000000000, 0.000000000000000000 ) ) ;
#213 = PRESENTATION_STYLE_ASSIGNMENT (( #232 ) ) ;
#214 = ORIENTED_EDGE ( 'NONE', *, *, #857, .T. ) ;
#215 = SURFACE_STYLE_FILL_AREA ( #2216 ) ;
#216 = PRESENTATION_STYLE_ASSIGNMENT (( #2952 ) ) ;
#217 = DIRECTION ( 'NONE',  ( 0.000000000000000000, 0.000000000000000000, 1.000000000000000000 ) ) ;
#218 = FILL_AREA_STYLE_COLOUR ( '', #335 ) ;
#219 = SURFACE_STYLE_FILL_AREA ( #2291 ) ;
#220 = SURFACE_SIDE_STYLE ('',( #1979 ) ) ;
#221 = DIRECTION ( 'NONE',  ( 0.000000000000000000, -1.700144270475608887E-14, 1.000000000000000000 ) ) ;
#222 = PRODUCT_RELATED_PRODUCT_CATEGORY ( 'part', '', ( #202 ) ) ;
#223 = SURFACE_SIDE_STYLE ('',( #2576 ) ) ;
#224 =( NAMED_UNIT ( * ) SI_UNIT ( $, .STERADIAN. ) SOLID_ANGLE_UNIT ( ) );
#225 = SURFACE_STYLE_FILL_AREA ( #2180 ) ;
#226 =( NAMED_UNIT ( * ) SI_UNIT ( $, .STERADIAN. ) SOLID_ANGLE_UNIT ( ) );
#227 = SURFACE_STYLE_FILL_AREA ( #135 ) ;
#228 = ORIENTED_EDGE ( 'NONE', *, *, #3252, .F. ) ;
#229 = CARTESIAN_POINT ( 'NONE',  ( -15.04615972289522396, 6.977830240515343618, -0.3646511399433742251 ) ) ;
#230 = ADVANCED_FACE ( 'NONE', ( #4161 ), #1114, .T. ) ;
#231 = MECHANICAL_DESIGN_GEOMETRIC_PRESENTATION_REPRESENTATION (  '', ( #4317 ), #1663 ) ;
#232 = SURFACE_STYLE_USAGE ( .BOTH. , #3572 ) ;
#233 = EDGE_LOOP ( 'NONE', ( #1732, #4032, #190, #3608, #2683, #1156 ) ) ;
#234 =( LENGTH_UNIT ( ) NAMED_UNIT ( * ) SI_UNIT ( .MILLI., .METRE. ) );
#235 = VERTEX_POINT ( 'NONE', #2817 ) ;
#236 = SURFACE_STYLE_USAGE ( .BOTH. , #1649 ) ;
#237 =( GEOMETRIC_REPRESENTATION_CONTEXT ( 3 ) GLOBAL_UNCERTAINTY_ASSIGNED_CONTEXT ( ( #640 ) ) GLOBAL_UNIT_ASSIGNED_CONTEXT ( ( #3674, #2028, #932 ) ) REPRESENTATION_CONTEXT ( 'NONE', 'WORKASPACE' ) );
#238 =( NAMED_UNIT ( * ) PLANE_ANGLE_UNIT ( ) SI_UNIT ( $, .RADIAN. ) );
#239 = VECTOR ( 'NONE', #2114, 1000.000000000000000 ) ;
#240 = SURFACE_STYLE_FILL_AREA ( #3989 ) ;
#241 = FACE_OUTER_BOUND ( 'NONE', #273, .T. ) ;
#242 = AXIS2_PLACEMENT_3D ( 'NONE', #2388, #1669, #1358 ) ;
#243 = ADVANCED_FACE ( 'NONE', ( #3077 ), #2417, .T. ) ;
#244 = LINE ( 'NONE', #1608, #1959 ) ;
#245 = EDGE_CURVE ( 'NONE', #1922, #1870, #128, .T. ) ;
#246 = MECHANICAL_DESIGN_GEOMETRIC_PRESENTATION_REPRESENTATION (  '', ( #2241 ), #4410 ) ;
#247 = STYLED_ITEM ( 'NONE', ( #1579 ), #2059 ) ;
#248 = LINE ( 'NONE', #1589, #3684 ) ;
#249 = MECHANICAL_DESIGN_GEOMETRIC_PRESENTATION_REPRESENTATION (  '', ( #4185 ), #1248 ) ;
#250 =( GEOMETRIC_REPRESENTATION_CONTEXT ( 3 ) GLOBAL_UNCERTAINTY_ASSIGNED_CONTEXT ( ( #4075 ) ) GLOBAL_UNIT_ASSIGNED_CONTEXT ( ( #3248, #4257, #224 ) ) REPRESENTATION_CONTEXT ( 'NONE', 'WORKASPACE' ) );
#251 = DIRECTION ( 'NONE',  ( -0.000000000000000000, 1.000000000000000000, -0.000000000000000000 ) ) ;
#252 = B_SPLINE_CURVE_WITH_KNOTS ( 'NONE', 3,
 ( #2361, #2722, #64, #689, #711, #4115, #3445, #994, #724, #3738, #667, #3101 ),
 .UNSPECIFIED., .F., .F.,
 ( 4, 2, 2, 2, 2, 4 ),
 ( 0.0008932421599701963070, 0.001126635283849836827, 0.001360028407729478323, 0.001593421531609120036, 0.001710118093548941218, 0.001826814655488762616 ),
 .UNSPECIFIED. ) ;
#253 = ORIENTED_EDGE ( 'NONE', *, *, #1648, .F. ) ;
#254 = PRESENTATION_STYLE_ASSIGNMENT (( #936 ) ) ;
#255 = COLOUR_RGB ( '',0.2509803921568627416, 0.2509803921568627416, 0.2509803921568627416 ) ;
#256 = SURFACE_SIDE_STYLE ('',( #2211 ) ) ;
#257 = FILL_AREA_STYLE ('',( #1370 ) ) ;
#258 = ORIENTED_EDGE ( 'NONE', *, *, #777, .T. ) ;
#259 = VECTOR ( 'NONE', #2631, 1000.000000000000000 ) ;
#260 = PRESENTATION_LAYER_ASSIGNMENT (  '', '', ( #1039 ) ) ;
#261 = SURFACE_STYLE_USAGE ( .BOTH. , #1373 ) ;
#262 = EDGE_CURVE ( 'NONE', #4081, #2907, #3195, .T. ) ;
#263 = CARTESIAN_POINT ( 'NONE',  ( -4.500000000000000888, 6.598076211353309795, 1.500000000000001776 ) ) ;
#264 = AXIS2_PLACEMENT_3D ( 'NONE', #3558, #1142, #2505 ) ;
#265 = COLOUR_RGB ( '',0.8980392156862745390, 0.9176470588235293713, 0.9294117647058823817 ) ;
#266 = DIRECTION ( 'NONE',  ( -1.000000000000000000, -0.000000000000000000, -0.000000000000000000 ) ) ;
#267 = PRESENTATION_LAYER_ASSIGNMENT (  '', '', ( #3413 ) ) ;
#268 = ADVANCED_FACE ( 'NONE', ( #2521 ), #3873, .T. ) ;
#269 = PLANE ( 'NONE',  #3830 ) ;
#270 = DIRECTION ( 'NONE',  ( -0.000000000000000000, 0.000000000000000000, 1.000000000000000000 ) ) ;
#271 = STYLED_ITEM ( 'NONE', ( #1422 ), #3849 ) ;
#272 = FACE_OUTER_BOUND ( 'NONE', #2756, .T. ) ;
#273 = EDGE_LOOP ( 'NONE', ( #2507, #2840, #1418, #2714 ) ) ;
#274 = VECTOR ( 'NONE', #583, 1000.000000000000000 ) ;
#275 =( BOUNDED_CURVE ( )  B_SPLINE_CURVE ( 3, ( #1478, #1571, #547, #523 ),
 .UNSPECIFIED., .F., .T. ) 
 B_SPLINE_CURVE_WITH_KNOTS ( ( 4, 4 ),
 ( 1.421331723736953379, 1.570796326794884790 ),
 .UNSPECIFIED. ) 
 CURVE ( )  GEOMETRIC_REPRESENTATION_ITEM ( )  RATIONAL_B_SPLINE_CURVE ( ( 1.000000000000000000, 0.9981392272996881809, 0.9981392272996881809, 1.000000000000000000 ) ) 
 REPRESENTATION_ITEM ( '' )  );
#276 = EDGE_CURVE ( 'NONE', #4027, #2810, #3961, .T. ) ;
#277 = UNCERTAINTY_MEASURE_WITH_UNIT (LENGTH_MEASURE( 1.000000000000000082E-05 ), #1489, 'distance_accuracy_value', 'NONE');
#278 = LINE ( 'NONE', #1961, #859 ) ;
#279 = DIRECTION ( 'NONE',  ( 0.000000000000000000, 0.000000000000000000, 1.000000000000000000 ) ) ;
#280 =( NAMED_UNIT ( * ) PLANE_ANGLE_UNIT ( ) SI_UNIT ( $, .RADIAN. ) );
#281 = ORIENTED_EDGE ( 'NONE', *, *, #4203, .T. ) ;
#282 = ORIENTED_EDGE ( 'NONE', *, *, #981, .T. ) ;
#283 = UNCERTAINTY_MEASURE_WITH_UNIT (LENGTH_MEASURE( 1.000000000000000082E-05 ), #1939, 'distance_accuracy_value', 'NONE');
#284 = CARTESIAN_POINT ( 'NONE',  ( 3.062783411360770369, 6.606736465391155555, -1.505000000000002558 ) ) ;
#285 = LINE ( 'NONE', #1884, #1389 ) ;
#286 = FILL_AREA_STYLE_COLOUR ( '', #1124 ) ;
#287 = CARTESIAN_POINT ( 'NONE',  ( 3.067115614793085143, 6.599232868937662033, 1.500667796567688006 ) ) ;
#288 = FILL_AREA_STYLE_COLOUR ( '', #4234 ) ;
#289 = CYLINDRICAL_SURFACE ( 'NONE', #2962, 3.009999999999998899 ) ;
#290 = EDGE_CURVE ( 'NONE', #2449, #1705, #142, .T. ) ;
#291 = LINE ( 'NONE', #1721, #3330 ) ;
#292 = FILL_AREA_STYLE_COLOUR ( '', #1964 ) ;
#293 = VERTEX_POINT ( 'NONE', #2933 ) ;
#294 = DIRECTION ( 'NONE',  ( -1.000000000000000000, 0.000000000000000000, 0.000000000000000000 ) ) ;
#295 = LINE ( 'NONE', #912, #2993 ) ;
#296 = ORIENTED_EDGE ( 'NONE', *, *, #2278, .T. ) ;
#297 =( BOUNDED_CURVE ( )  B_SPLINE_CURVE ( 3, ( #2644, #4094, #4382, #1014 ),
 .UNSPECIFIED., .F., .T. ) 
 B_SPLINE_CURVE_WITH_KNOTS ( ( 4, 4 ),
 ( 4.712388980384689674, 4.943557541914708864 ),
 .UNSPECIFIED. ) 
 CURVE ( )  GEOMETRIC_REPRESENTATION_ITEM ( )  RATIONAL_B_SPLINE_CURVE ( ( 1.000000000000000000, 0.9955517136470730666, 0.9955517136470730666, 1.000000000000000000 ) ) 
 REPRESENTATION_ITEM ( '' )  );
#298 = DIRECTION ( 'NONE',  ( -0.7071067811865515695, 0.000000000000000000, -0.7071067811865435759 ) ) ;
#299 = VERTEX_POINT ( 'NONE', #4248 ) ;
#300 =( LENGTH_UNIT ( ) NAMED_UNIT ( * ) SI_UNIT ( .MILLI., .METRE. ) );
#301 = PRESENTATION_STYLE_ASSIGNMENT (( #1011 ) ) ;
#302 = STYLED_ITEM ( 'NONE', ( #1072 ), #1256 ) ;
#303 = DIRECTION ( 'NONE',  ( -1.000000000000000000, -0.000000000000000000, -0.000000000000000000 ) ) ;
#304 = CARTESIAN_POINT ( 'NONE',  ( -3.758380151290433790, 3.999999999999997335, 0.000000000000000000 ) ) ;
#305 = FILL_AREA_STYLE_COLOUR ( '', #1230 ) ;
#306 = FILL_AREA_STYLE ('',( #2441 ) ) ;
#307 = DIRECTION ( 'NONE',  ( -1.000000000000000000, 0.000000000000000000, -0.000000000000000000 ) ) ;
#308 = CARTESIAN_POINT ( 'NONE',  ( 2.925694258555775473, 6.599232868937662033, 1.500667796567688006 ) ) ;
#309 = COLOUR_RGB ( '',1.000000000000000000, 1.000000000000000000, 1.000000000000000000 ) ;
#310 = DIRECTION ( 'NONE',  ( -1.000000000000000000, -0.000000000000000000, -0.000000000000000000 ) ) ;
#311 = EDGE_LOOP ( 'NONE', ( #3458, #282, #2301, #867, #1842, #526 ) ) ;
#312 = PRESENTATION_STYLE_ASSIGNMENT (( #1748 ) ) ;
#313 = CIRCLE ( 'NONE', #2821, 0.2500000000000000555 ) ;
#314 = DIRECTION ( 'NONE',  ( 0.000000000000000000, 0.000000000000000000, 1.000000000000000000 ) ) ;
#315 = SURFACE_SIDE_STYLE ('',( #1963 ) ) ;
#316 = EDGE_LOOP ( 'NONE', ( #31, #2787, #1392, #884 ) ) ;
#317 = VERTEX_POINT ( 'NONE', #1560 ) ;
#318 = SURFACE_STYLE_FILL_AREA ( #1319 ) ;
#319 = UNCERTAINTY_MEASURE_WITH_UNIT (LENGTH_MEASURE( 1.000000000000000082E-05 ), #2143, 'distance_accuracy_value', 'NONE');
#320 = DIRECTION ( 'NONE',  ( -1.000000000000000000, -0.000000000000000000, -0.000000000000000000 ) ) ;
#321 = ORIENTED_EDGE ( 'NONE', *, *, #511, .T. ) ;
#322 = CIRCLE ( 'NONE', #2897, 0.3100000000000003864 ) ;
#323 = PRESENTATION_LAYER_ASSIGNMENT (  '', '', ( #3686 ) ) ;
#324 = CARTESIAN_POINT ( 'NONE',  ( -2.078637944876504662, 6.606736465391153779, -1.505000000000002336 ) ) ;
#325 = STYLED_ITEM ( 'NONE', ( #301 ), #2197 ) ;
#326 = FACE_OUTER_BOUND ( 'NONE', #2805, .T. ) ;
#327 =( BOUNDED_CURVE ( )  B_SPLINE_CURVE ( 3, ( #2309, #3261, #3685, #192 ),
 .UNSPECIFIED., .F., .T. ) 
 B_SPLINE_CURVE_WITH_KNOTS ( ( 4, 4 ),
 ( 4.712388980384701220, 4.861853583442632853 ),
 .UNSPECIFIED. ) 
 CURVE ( )  GEOMETRIC_REPRESENTATION_ITEM ( )  RATIONAL_B_SPLINE_CURVE ( ( 1.000000000000000000, 0.9981392272996881809, 0.9981392272996881809, 1.000000000000000000 ) ) 
 REPRESENTATION_ITEM ( '' )  );
#328 = ORIENTED_EDGE ( 'NONE', *, *, #3889, .F. ) ;
#329 = CARTESIAN_POINT ( 'NONE',  ( -1.125617379931350914, 6.999999999999994671, -3.221369485334804121E-16 ) ) ;
#330 = PRESENTATION_LAYER_ASSIGNMENT (  '', '', ( #616 ) ) ;
#331 =( LENGTH_UNIT ( ) NAMED_UNIT ( * ) SI_UNIT ( .MILLI., .METRE. ) );
#332 = DIRECTION ( 'NONE',  ( 0.000000000000000000, 0.000000000000000000, 1.000000000000000000 ) ) ;
#333 =( NAMED_UNIT ( * ) SI_UNIT ( $, .STERADIAN. ) SOLID_ANGLE_UNIT ( ) );
#334 =( LENGTH_UNIT ( ) NAMED_UNIT ( * ) SI_UNIT ( .MILLI., .METRE. ) );
#335 = COLOUR_RGB ( '',0.2509803921568627416, 0.2509803921568627416, 0.2509803921568627416 ) ;
#336 = COLOUR_RGB ( '',0.8980392156862745390, 0.9176470588235293713, 0.9294117647058823817 ) ;
#337 = CARTESIAN_POINT ( 'NONE',  ( 3.326167354600507498, 6.919931966787391531, -0.6896366217054715753 ) ) ;
#338 = VERTEX_POINT ( 'NONE', #3924 ) ;
#339 = VECTOR ( 'NONE', #2560, 1000.000000000000000 ) ;
#340 = CARTESIAN_POINT ( 'NONE',  ( -0.9841960236940396900, 6.999999999999996447, -3.794707603699265519E-16 ) ) ;
#341 = PRESENTATION_STYLE_ASSIGNMENT (( #2368 ) ) ;
#342 = AXIS2_PLACEMENT_3D ( 'NONE', #892, #3229, #152 ) ;
#343 = CARTESIAN_POINT ( 'NONE',  ( -1.447559096977124371, 6.983191403280872400, -0.4633630732830720800 ) ) ;
#344 = ORIENTED_EDGE ( 'NONE', *, *, #1044, .F. ) ;
#345 = AXIS2_PLACEMENT_3D ( 'NONE', #1013, #1975, #332 ) ;
#346 = SURFACE_STYLE_FILL_AREA ( #1007 ) ;
#347 = EDGE_CURVE ( 'NONE', #1235, #1947, #2195, .T. ) ;
#348 = PRESENTATION_STYLE_ASSIGNMENT (( #2690 ) ) ;
#349 = ORIENTED_EDGE ( 'NONE', *, *, #3129, .F. ) ;
#350 =( LENGTH_UNIT ( ) NAMED_UNIT ( * ) SI_UNIT ( .MILLI., .METRE. ) );
#351 = CARTESIAN_POINT ( 'NONE',  ( -1.573832645399491525, 3.999999999999997335, 0.000000000000000000 ) ) ;
#352 = CARTESIAN_POINT ( 'NONE',  ( 3.426167354600507586, -3.620999999999999996, 0.2646511399433038592 ) ) ;
#353 = AXIS2_PLACEMENT_3D ( 'NONE', #4155, #2105, #1783 ) ;
#354 = ORIENTED_EDGE ( 'NONE', *, *, #385, .T. ) ;
#355 = DIRECTION ( 'NONE',  ( 0.000000000000000000, 0.000000000000000000, 1.000000000000000000 ) ) ;
#356 = LINE ( 'NONE', #3075, #1372 ) ;
#357 = ORIENTED_EDGE ( 'NONE', *, *, #2721, .F. ) ;
#358 = DIRECTION ( 'NONE',  ( -1.000000000000000000, -0.000000000000000000, -0.000000000000000000 ) ) ;
#359 = ORIENTED_EDGE ( 'NONE', *, *, #3375, .F. ) ;
#360 = FACE_OUTER_BOUND ( 'NONE', #1904, .T. ) ;
#361 = EDGE_LOOP ( 'NONE', ( #2414, #3704, #496, #3683 ) ) ;
#362 = ORIENTED_EDGE ( 'NONE', *, *, #4149, .T. ) ;
#363 = FACE_BOUND ( 'NONE', #2813, .T. ) ;
#364 = DIRECTION ( 'NONE',  ( 0.000000000000000000, 0.000000000000000000, 1.000000000000000000 ) ) ;
#365 = EDGE_LOOP ( 'NONE', ( #1585, #3, #1809, #2922 ) ) ;
#366 = ORIENTED_EDGE ( 'NONE', *, *, #195, .T. ) ;
#367 =( NAMED_UNIT ( * ) PLANE_ANGLE_UNIT ( ) SI_UNIT ( $, .RADIAN. ) );
#368 = DIRECTION ( 'NONE',  ( 0.7071067811865435759, 0.000000000000000000, -0.7071067811865515695 ) ) ;
#369 = DIRECTION ( 'NONE',  ( -1.000000000000000000, -0.000000000000000000, -0.000000000000000000 ) ) ;
#370 = EDGE_LOOP ( 'NONE', ( #961, #3862, #4102, #1005 ) ) ;
#371 = CARTESIAN_POINT ( 'NONE',  ( 3.326167354600507498, -3.620999999999999996, -0.3646511399433742251 ) ) ;
#372 = EDGE_CURVE ( 'NONE', #933, #3947, #129, .T. ) ;
#373 = UNCERTAINTY_MEASURE_WITH_UNIT (LENGTH_MEASURE( 1.000000000000000082E-05 ), #59, 'distance_accuracy_value', 'NONE');
#374 = CARTESIAN_POINT ( 'NONE',  ( -6.000000000000000000, 3.999999999999997335, 2.699999999999995293 ) ) ;
#375 = COLOUR_RGB ( '',0.8941176470588234615, 0.8941176470588234615, 0.8941176470588234615 ) ;
#376 = PRESENTATION_STYLE_ASSIGNMENT (( #2108 ) ) ;
#377 = ORIENTED_EDGE ( 'NONE', *, *, #3914, .F. ) ;
#378 = LINE ( 'NONE', #3518, #3235 ) ;
#379 = CIRCLE ( 'NONE', #3661, 3.009999999999998899 ) ;
#380 = DIRECTION ( 'NONE',  ( -1.000000000000000000, -0.000000000000000000, -0.000000000000000000 ) ) ;
#381 = AXIS2_PLACEMENT_3D ( 'NONE', #464, #3942, #556 ) ;
#382 = VERTEX_POINT ( 'NONE', #163 ) ;
#383 = FILL_AREA_STYLE ('',( #3406 ) ) ;
#384 = PRESENTATION_STYLE_ASSIGNMENT (( #2218 ) ) ;
#385 = EDGE_CURVE ( 'NONE', #849, #1347, #1909, .T. ) ;
#386 = PRESENTATION_LAYER_ASSIGNMENT (  '', '', ( #1516 ) ) ;
#387 =( NAMED_UNIT ( * ) SI_UNIT ( $, .STERADIAN. ) SOLID_ANGLE_UNIT ( ) );
#388 = EDGE_LOOP ( 'NONE', ( #3460, #2378, #489, #2704 ) ) ;
#389 = LINE ( 'NONE', #2784, #1035 ) ;
#390 = FILL_AREA_STYLE_COLOUR ( '', #1202 ) ;
#391 = STYLED_ITEM ( 'NONE', ( #4278 ), #1779 ) ;
#392 = EDGE_LOOP ( 'NONE', ( #1059, #1259, #573, #211 ) ) ;
#393 = ORIENTED_EDGE ( 'NONE', *, *, #2577, .T. ) ;
#394 = EDGE_CURVE ( 'NONE', #759, #4080, #2903, .T. ) ;
#395 = PRESENTATION_STYLE_ASSIGNMENT (( #73 ) ) ;
#396 = MECHANICAL_DESIGN_GEOMETRIC_PRESENTATION_REPRESENTATION (  '', ( #2153 ), #3611 ) ;
#397 = DIRECTION ( 'NONE',  ( 1.000000000000000000, 0.000000000000000000, 0.000000000000000000 ) ) ;
#398 = CARTESIAN_POINT ( 'NONE',  ( 5.999999999999999112, 3.374165738682331384, 0.03504663411179797378 ) ) ;
#399 = ORIENTED_EDGE ( 'NONE', *, *, #3692, .F. ) ;
#400 = CARTESIAN_POINT ( 'NONE',  ( -2.487450058687556975, 6.987830240515346958, -0.3646511399433393086 ) ) ;
#401 = CARTESIAN_POINT ( 'NONE',  ( 2.512549941312443025, -3.620999999999999996, -0.3646511399433742251 ) ) ;
#402 =( GEOMETRIC_REPRESENTATION_CONTEXT ( 3 ) GLOBAL_UNCERTAINTY_ASSIGNED_CONTEXT ( ( #926 ) ) GLOBAL_UNIT_ASSIGNED_CONTEXT ( ( #2706, #1082, #4414 ) ) REPRESENTATION_CONTEXT ( 'NONE', 'WORKASPACE' ) );
#403 =( NAMED_UNIT ( * ) SI_UNIT ( $, .STERADIAN. ) SOLID_ANGLE_UNIT ( ) );
#404 = ADVANCED_FACE ( 'NONE', ( #2217 ), #3119, .F. ) ;
#405 = DIRECTION ( 'NONE',  ( 1.000000000000000000, 0.000000000000000000, 0.000000000000000000 ) ) ;
#406 = FILL_AREA_STYLE_COLOUR ( '', #4249 ) ;
#407 = FILL_AREA_STYLE_COLOUR ( '', #466 ) ;
#408 = CIRCLE ( 'NONE', #3483, 0.2500000000000000555 ) ;
#409 = PRESENTATION_LAYER_ASSIGNMENT (  '', '', ( #39 ) ) ;
#410 = DIRECTION ( 'NONE',  ( -1.000000000000000000, -1.638721260625972273E-15, 9.461161609491706349E-16 ) ) ;
#411 = ADVANCED_FACE ( 'NONE', ( #3870 ), #2189, .F. ) ;
#412 = MECHANICAL_DESIGN_GEOMETRIC_PRESENTATION_REPRESENTATION (  '', ( #616 ), #3547 ) ;
#413 = PRESENTATION_LAYER_ASSIGNMENT (  '', '', ( #4266 ) ) ;
#414 = CIRCLE ( 'NONE', #2984, 0.5000000000000004441 ) ;
#415 = LINE ( 'NONE', #2426, #3157 ) ;
#416 = ORIENTED_EDGE ( 'NONE', *, *, #4191, .F. ) ;
#417 = MECHANICAL_DESIGN_GEOMETRIC_PRESENTATION_REPRESENTATION (  '', ( #2838 ), #3336 ) ;
#418 = FACE_OUTER_BOUND ( 'NONE', #3073, .T. ) ;
#419 = EDGE_LOOP ( 'NONE', ( #4329, #1137, #3910, #1070 ) ) ;
#420 = ADVANCED_FACE ( 'NONE', ( #4201 ), #740, .T. ) ;
#421 =( NAMED_UNIT ( * ) SI_UNIT ( $, .STERADIAN. ) SOLID_ANGLE_UNIT ( ) );
#422 = VERTEX_POINT ( 'NONE', #1502 ) ;
#423 = DIRECTION ( 'NONE',  ( 0.000000000000000000, 0.000000000000000000, 1.000000000000000000 ) ) ;
#424 = CARTESIAN_POINT ( 'NONE',  ( -6.000000000000000000, 4.067707825203129346, 1.765858194361268982E-20 ) ) ;
#425 = EDGE_LOOP ( 'NONE', ( #1633, #3512, #3639, #2127 ) ) ;
#426 = DIRECTION ( 'NONE',  ( 0.000000000000000000, 0.000000000000000000, 1.000000000000000000 ) ) ;
#427 = AXIS2_PLACEMENT_3D ( 'NONE', #808, #4127, #717 ) ;
#428 = UNCERTAINTY_MEASURE_WITH_UNIT (LENGTH_MEASURE( 1.000000000000000082E-05 ), #3090, 'distance_accuracy_value', 'NONE');
#429 = AXIS2_PLACEMENT_3D ( 'NONE', #1536, #3171, #1464 ) ;
#430 =( NAMED_UNIT ( * ) PLANE_ANGLE_UNIT ( ) SI_UNIT ( $, .RADIAN. ) );
#431 = ORIENTED_EDGE ( 'NONE', *, *, #3503, .F. ) ;
#432 = PRESENTATION_STYLE_ASSIGNMENT (( #3499 ) ) ;
#433 =( NAMED_UNIT ( * ) SI_UNIT ( $, .STERADIAN. ) SOLID_ANGLE_UNIT ( ) );
#434 = CARTESIAN_POINT ( 'NONE',  ( 4.015803976305994283, 7.009999999999997122, 0.000000000000000000 ) ) ;
#435 = EDGE_CURVE ( 'NONE', #2532, #3967, #4425, .T. ) ;
#436 = VECTOR ( 'NONE', #1217, 1000.000000000000000 ) ;
#437 = ORIENTED_EDGE ( 'NONE', *, *, #1999, .F. ) ;
#438 = DIRECTION ( 'NONE',  ( 1.000000000000000000, 0.000000000000000000, 0.000000000000000000 ) ) ;
#439 = DIRECTION ( 'NONE',  ( 1.000000000000000000, 0.000000000000000000, 0.000000000000000000 ) ) ;
#440 =( NAMED_UNIT ( * ) SI_UNIT ( $, .STERADIAN. ) SOLID_ANGLE_UNIT ( ) );
#441 = DIRECTION ( 'NONE',  ( 0.000000000000000000, 0.000000000000000000, 1.000000000000000000 ) ) ;
#442 = DIRECTION ( 'NONE',  ( 0.000000000000000000, 0.000000000000000000, 1.000000000000000000 ) ) ;
#443 = VERTEX_POINT ( 'NONE', #77 ) ;
#444 = ORIENTED_EDGE ( 'NONE', *, *, #3741, .T. ) ;
#445 = PRESENTATION_STYLE_ASSIGNMENT (( #3516 ) ) ;
#446 = ORIENTED_EDGE ( 'NONE', *, *, #2394, .T. ) ;
#447 = DIRECTION ( 'NONE',  ( 1.000000000000000000, 0.000000000000000000, 0.000000000000000000 ) ) ;
#448 = CARTESIAN_POINT ( 'NONE',  ( -15.04615972289522396, 6.988342837990121126, -0.2646511399433742473 ) ) ;
#449 = MECHANICAL_DESIGN_GEOMETRIC_PRESENTATION_REPRESENTATION (  '', ( #4306 ), #3303 ) ;
#450 = ADVANCED_FACE ( 'NONE', ( #508 ), #2583, .T. ) ;
#451 = STYLED_ITEM ( 'NONE', ( #432 ), #1195 ) ;
#452 = PLANE ( 'NONE',  #98 ) ;
#453 = ORIENTED_EDGE ( 'NONE', *, *, #2445, .F. ) ;
#454 =( NAMED_UNIT ( * ) PLANE_ANGLE_UNIT ( ) SI_UNIT ( $, .RADIAN. ) );
#455 = AXIS2_PLACEMENT_3D ( 'NONE', #1104, #2433, #2475 ) ;
#456 = FACE_OUTER_BOUND ( 'NONE', #4123, .T. ) ;
#457 = SURFACE_STYLE_FILL_AREA ( #722 ) ;
#458 = CARTESIAN_POINT ( 'NONE',  ( -5.241619848709567542, 6.598076211353309795, -1.500000000000001776 ) ) ;
#459 = EDGE_LOOP ( 'NONE', ( #1711, #4289, #4176, #25 ) ) ;
#460 = ORIENTED_EDGE ( 'NONE', *, *, #1231, .T. ) ;
#461 = PRESENTATION_STYLE_ASSIGNMENT (( #1856 ) ) ;
#462 = FILL_AREA_STYLE ('',( #2834 ) ) ;
#463 =( NAMED_UNIT ( * ) PLANE_ANGLE_UNIT ( ) SI_UNIT ( $, .RADIAN. ) );
#464 = CARTESIAN_POINT ( 'NONE',  ( 3.326167354600508386, 3.989999999999997993, 0.000000000000000000 ) ) ;
#465 = DIRECTION ( 'NONE',  ( -1.000000000000000000, 0.000000000000000000, 1.181278933872158003E-15 ) ) ;
#466 = COLOUR_RGB ( '',0.2509803921568627416, 0.2509803921568627416, 0.2509803921568627416 ) ;
#467 = SURFACE_STYLE_FILL_AREA ( #3537 ) ;
#468 = CARTESIAN_POINT ( 'NONE',  ( -5.350000000000000533, 2.999999999999997335, -3.061616997868383634E-17 ) ) ;
#469 = MECHANICAL_DESIGN_GEOMETRIC_PRESENTATION_REPRESENTATION (  '', ( #2975 ), #1395 ) ;
#470 = COLOUR_RGB ( '',0.2509803921568627416, 0.2509803921568627416, 0.2509803921568627416 ) ;
#471 = PLANE ( 'NONE',  #1945 ) ;
#472 = COLOUR_RGB ( '',0.8980392156862745390, 0.9176470588235293713, 0.9294117647058823817 ) ;
#473 =( GEOMETRIC_REPRESENTATION_CONTEXT ( 3 ) GLOBAL_UNCERTAINTY_ASSIGNED_CONTEXT ( ( #3911 ) ) GLOBAL_UNIT_ASSIGNED_CONTEXT ( ( #4000, #3655, #569 ) ) REPRESENTATION_CONTEXT ( 'NONE', 'WORKASPACE' ) );
#474 = VERTEX_POINT ( 'NONE', #552 ) ;
#475 = AXIS2_PLACEMENT_3D ( 'NONE', #146, #2942, #885 ) ;
#476 = STYLED_ITEM ( 'NONE', ( #3138 ), #2464 ) ;
#477 = ORIENTED_EDGE ( 'NONE', *, *, #3354, .T. ) ;
#478 = PRESENTATION_STYLE_ASSIGNMENT (( #796 ) ) ;
#479 = MECHANICAL_DESIGN_GEOMETRIC_PRESENTATION_REPRESENTATION (  '', ( #4406 ), #3408 ) ;
#480 = PRESENTATION_LAYER_ASSIGNMENT (  '', '', ( #2408 ) ) ;
#481 = CARTESIAN_POINT ( 'NONE',  ( 6.199999999999999289, 3.735042139686436613, 0.2212464979378737928 ) ) ;
#482 = AXIS2_PLACEMENT_3D ( 'NONE', #1177, #2191, #4333 ) ;
#483 = ORIENTED_EDGE ( 'NONE', *, *, #3172, .F. ) ;
#484 = ORIENTED_EDGE ( 'NONE', *, *, #3226, .T. ) ;
#485 = SURFACE_STYLE_USAGE ( .BOTH. , #4217 ) ;
#486 = AXIS2_PLACEMENT_3D ( 'NONE', #24, #1731, #3806 ) ;
#487 = EDGE_CURVE ( 'NONE', #2718, #4233, #3695, .T. ) ;
#488 = CARTESIAN_POINT ( 'NONE',  ( 4.015803976305960532, -3.620999999999999996, -3.529428414880126010E-14 ) ) ;
#489 = ORIENTED_EDGE ( 'NONE', *, *, #1789, .F. ) ;
#490 =( NAMED_UNIT ( * ) PLANE_ANGLE_UNIT ( ) SI_UNIT ( $, .RADIAN. ) );
#491 = MECHANICAL_DESIGN_GEOMETRIC_PRESENTATION_REPRESENTATION (  '', ( #3272 ), #200 ) ;
#492 = CARTESIAN_POINT ( 'NONE',  ( -1.573832645399492414, -3.620999999999999996, -0.4482152654681310078 ) ) ;
#493 = CARTESIAN_POINT ( 'NONE',  ( -6.599999999999999645, 2.999999999999997335, 3.061616997868383634E-17 ) ) ;
#494 =( GEOMETRIC_REPRESENTATION_CONTEXT ( 3 ) GLOBAL_UNCERTAINTY_ASSIGNED_CONTEXT ( ( #3377 ) ) GLOBAL_UNIT_ASSIGNED_CONTEXT ( ( #1719, #2066, #1737 ) ) REPRESENTATION_CONTEXT ( 'NONE', 'WORKASPACE' ) );
#495 = DIRECTION ( 'NONE',  ( -1.000000000000000000, -0.000000000000000000, -0.000000000000000000 ) ) ;
#496 = ORIENTED_EDGE ( 'NONE', *, *, #2648, .F. ) ;
#497 = LINE ( 'NONE', #3509, #814 ) ;
#498 = AXIS2_PLACEMENT_3D ( 'NONE', #1967, #1300, #1684 ) ;
#499 = EDGE_LOOP ( 'NONE', ( #3155, #1152, #2232, #2302, #2771, #3887, #3086 ) ) ;
#500 = CARTESIAN_POINT ( 'NONE',  ( -1.125617379931350914, -3.620999999999999996, -3.221369485334804121E-16 ) ) ;
#501 = UNCERTAINTY_MEASURE_WITH_UNIT (LENGTH_MEASURE( 1.000000000000000082E-05 ), #1661, 'distance_accuracy_value', 'NONE');
#502 = CYLINDRICAL_SURFACE ( 'NONE', #3952, 3.009999999999998899 ) ;
#503 = CARTESIAN_POINT ( 'NONE',  ( -4.963512405443478492, 6.435696448143726656, 1.406250000000000888 ) ) ;
#504 = CYLINDRICAL_SURFACE ( 'NONE', #3965, 2.699999999999997513 ) ;
#505 = VERTEX_POINT ( 'NONE', #4291 ) ;
#506 = ORIENTED_EDGE ( 'NONE', *, *, #853, .F. ) ;
#507 = UNCERTAINTY_MEASURE_WITH_UNIT (LENGTH_MEASURE( 1.000000000000000082E-05 ), #4059, 'distance_accuracy_value', 'NONE');
#508 = FACE_OUTER_BOUND ( 'NONE', #1989, .T. ) ;
#509 = DIRECTION ( 'NONE',  ( 0.000000000000000000, -1.000000000000000000, 0.000000000000000000 ) ) ;
#510 = DIRECTION ( 'NONE',  ( -0.4472135954999627017, 0.7745966692414807397, -0.4472135954999575946 ) ) ;
#511 = EDGE_CURVE ( 'NONE', #2056, #1146, #1946, .T. ) ;
#512 = SURFACE_SIDE_STYLE ('',( #3147 ) ) ;
#513 = CARTESIAN_POINT ( 'NONE',  ( -1.275719955769513136, 7.009999999999996234, -0.1501025758381584474 ) ) ;
#514 = VERTEX_POINT ( 'NONE', #3619 ) ;
#515 = CARTESIAN_POINT ( 'NONE',  ( -3.758380151290433790, 3.999999999999997335, 0.000000000000000000 ) ) ;
#516 = CARTESIAN_POINT ( 'NONE',  ( 3.574596428555375294, 6.988792927604575489, 0.2997861915132327137 ) ) ;
#517 = DIRECTION ( 'NONE',  ( 0.4472135954999627017, -0.7745966692414807397, 0.4472135954999575946 ) ) ;
#518 = FILL_AREA_STYLE_COLOUR ( '', #470 ) ;
#519 = PRESENTATION_STYLE_ASSIGNMENT (( #1868 ) ) ;
#520 = AXIS2_PLACEMENT_3D ( 'NONE', #3634, #3934, #206 ) ;
#521 =( NAMED_UNIT ( * ) SI_UNIT ( $, .STERADIAN. ) SOLID_ANGLE_UNIT ( ) );
#522 = MECHANICAL_DESIGN_GEOMETRIC_PRESENTATION_REPRESENTATION (  '', ( #451 ), #1865 ) ;
#523 = CARTESIAN_POINT ( 'NONE',  ( 3.874382620068649086, 7.009999999999996234, -3.523657060577889411E-14 ) ) ;
#524 =( GEOMETRIC_REPRESENTATION_CONTEXT ( 3 ) GLOBAL_UNCERTAINTY_ASSIGNED_CONTEXT ( ( #845 ) ) GLOBAL_UNIT_ASSIGNED_CONTEXT ( ( #1792, #3142, #2829 ) ) REPRESENTATION_CONTEXT ( 'NONE', 'WORKASPACE' ) );
#525 = DIRECTION ( 'NONE',  ( -1.000000000000000000, -0.000000000000000000, -0.000000000000000000 ) ) ;
#526 = ORIENTED_EDGE ( 'NONE', *, *, #735, .F. ) ;
#527 =( NAMED_UNIT ( * ) PLANE_ANGLE_UNIT ( ) SI_UNIT ( $, .RADIAN. ) );
#528 = EDGE_CURVE ( 'NONE', #1342, #2660, #2603, .T. ) ;
#529 = DIRECTION ( 'NONE',  ( 0.000000000000000000, 0.000000000000000000, -1.000000000000000000 ) ) ;
#530 = FILL_AREA_STYLE_COLOUR ( '', #1549 ) ;
#531 = ORIENTED_EDGE ( 'NONE', *, *, #2200, .T. ) ;
#532 = FILL_AREA_STYLE ('',( #1906 ) ) ;
#533 = AXIS2_PLACEMENT_3D ( 'NONE', #3581, #3267, #1848 ) ;
#534 = FILL_AREA_STYLE_COLOUR ( '', #3478 ) ;
#535 = FILL_AREA_STYLE_COLOUR ( '', #1703 ) ;
#536 =( NAMED_UNIT ( * ) PLANE_ANGLE_UNIT ( ) SI_UNIT ( $, .RADIAN. ) );
#537 =( NAMED_UNIT ( * ) SI_UNIT ( $, .STERADIAN. ) SOLID_ANGLE_UNIT ( ) );
#538 = SURFACE_STYLE_FILL_AREA ( #882 ) ;
#539 = COLOUR_RGB ( '',0.2509803921568627416, 0.2509803921568627416, 0.2509803921568627416 ) ;
#540 = ORIENTED_EDGE ( 'NONE', *, *, #3925, .F. ) ;
#541 = ORIENTED_EDGE ( 'NONE', *, *, #2313, .F. ) ;
#542 = ADVANCED_FACE ( 'NONE', ( #1199 ), #3656, .T. ) ;
#543 = DIRECTION ( 'NONE',  ( -0.000000000000000000, 1.000000000000000000, -0.000000000000000000 ) ) ;
#544 = CYLINDRICAL_SURFACE ( 'NONE', #3409, 2.999999999999997335 ) ;
#545 = TOROIDAL_SURFACE ( 'NONE', #2031, 1.000000000000000000, 0.2500000000000000555 ) ;
#546 = SURFACE_SIDE_STYLE ('',( #1212 ) ) ;
#547 = CARTESIAN_POINT ( 'NONE',  ( 3.724280044230486642, 7.009999999999994458, -0.1501025758381938635 ) ) ;
#548 = EDGE_CURVE ( 'NONE', #3185, #3947, #571, .T. ) ;
#549 = STYLED_ITEM ( 'NONE', ( #2978 ), #3474 ) ;
#550 = SURFACE_STYLE_USAGE ( .BOTH. , #3546 ) ;
#551 = ORIENTED_EDGE ( 'NONE', *, *, #2781, .F. ) ;
#552 = CARTESIAN_POINT ( 'NONE',  ( 5.699999999999998401, 3.999999999999997335, -2.999999999999997335 ) ) ;
#553 = AXIS2_PLACEMENT_3D ( 'NONE', #761, #3120, #2161 ) ;
#554 =( NAMED_UNIT ( * ) PLANE_ANGLE_UNIT ( ) SI_UNIT ( $, .RADIAN. ) );
#555 = ORIENTED_EDGE ( 'NONE', *, *, #2866, .T. ) ;
#556 = DIRECTION ( 'NONE',  ( 0.000000000000000000, 1.959488311734600019E-14, 1.000000000000000000 ) ) ;
#557 = CARTESIAN_POINT ( 'NONE',  ( 6.199999999999999289, 3.999999999999997335, -0.3999999999999975242 ) ) ;
#558 = VECTOR ( 'NONE', #2738, 1000.000000000000000 ) ;
#559 = DIRECTION ( 'NONE',  ( -1.000000000000000000, -0.000000000000000000, -0.000000000000000000 ) ) ;
#560 = SURFACE_STYLE_USAGE ( .BOTH. , #3241 ) ;
#561 = MECHANICAL_DESIGN_GEOMETRIC_PRESENTATION_REPRESENTATION (  '', ( #4415 ), #2698 ) ;
#562 = CARTESIAN_POINT ( 'NONE',  ( 5.699999999999998401, 3.999999999999997335, 0.000000000000000000 ) ) ;
#563 = MECHANICAL_DESIGN_GEOMETRIC_PRESENTATION_REPRESENTATION (  '', ( #1206 ), #494 ) ;
#564 = FILL_AREA_STYLE_COLOUR ( '', #1759 ) ;
#565 = ADVANCED_FACE ( 'NONE', ( #2640 ), #75, .T. ) ;
#566 =( NAMED_UNIT ( * ) SI_UNIT ( $, .STERADIAN. ) SOLID_ANGLE_UNIT ( ) );
#567 = VERTEX_POINT ( 'NONE', #4016 ) ;
#568 = ORIENTED_EDGE ( 'NONE', *, *, #3680, .F. ) ;
#569 =( NAMED_UNIT ( * ) SI_UNIT ( $, .STERADIAN. ) SOLID_ANGLE_UNIT ( ) );
#570 = ORIENTED_EDGE ( 'NONE', *, *, #1890, .T. ) ;
#571 = LINE ( 'NONE', #3297, #1917 ) ;
#572 = STYLED_ITEM ( 'NONE', ( #2994 ), #542 ) ;
#573 = ORIENTED_EDGE ( 'NONE', *, *, #735, .T. ) ;
#574 = CARTESIAN_POINT ( 'NONE',  ( 3.326167354600507498, -3.620999999999999996, 0.3646511399433039480 ) ) ;
#575 = SURFACE_SIDE_STYLE ('',( #2611 ) ) ;
#576 = ORIENTED_EDGE ( 'NONE', *, *, #1562, .T. ) ;
#577 = DIRECTION ( 'NONE',  ( -1.000000000000000000, 0.000000000000000000, 0.000000000000000000 ) ) ;
#578 = VERTEX_POINT ( 'NONE', #985 ) ;
#579 = UNCERTAINTY_MEASURE_WITH_UNIT (LENGTH_MEASURE( 1.000000000000000082E-05 ), #4250, 'distance_accuracy_value', 'NONE');
#580 = CARTESIAN_POINT ( 'NONE',  ( -1.618401123403499176, 6.872454318159570086, -1.044763178527002623 ) ) ;
#581 = AXIS2_PLACEMENT_3D ( 'NONE', #2261, #3363, #1364 ) ;
#582 = EDGE_CURVE ( 'NONE', #849, #141, #3999, .T. ) ;
#583 = DIRECTION ( 'NONE',  ( -0.000000000000000000, 1.000000000000000000, -0.000000000000000000 ) ) ;
#584 = CARTESIAN_POINT ( 'NONE',  ( -0.9841960236940412443, 7.009999999999996234, 0.000000000000000000 ) ) ;
#585 = ORIENTED_EDGE ( 'NONE', *, *, #1954, .F. ) ;
#586 = STYLED_ITEM ( 'NONE', ( #3714 ), #1107 ) ;
#587 = PRESENTATION_STYLE_ASSIGNMENT (( #1214 ) ) ;
#588 = UNCERTAINTY_MEASURE_WITH_UNIT (LENGTH_MEASURE( 1.000000000000000082E-05 ), #1883, 'distance_accuracy_value', 'NONE');
#589 = PRESENTATION_LAYER_ASSIGNMENT (  '', '', ( #2457 ) ) ;
#590 = EDGE_CURVE ( 'NONE', #299, #637, #641, .T. ) ;
#591 = COLOUR_RGB ( '',0.2509803921568627416, 0.2509803921568627416, 0.2509803921568627416 ) ;
#592 = DIRECTION ( 'NONE',  ( 1.000000000000000000, 0.000000000000000000, 0.000000000000000000 ) ) ;
#593 = ORIENTED_EDGE ( 'NONE', *, *, #744, .F. ) ;
#594 = CARTESIAN_POINT ( 'NONE',  ( -1.673832645399492502, 6.929931966787401088, -0.6896366217054367143 ) ) ;
#595 = VERTEX_POINT ( 'NONE', #2033 ) ;
#596 =( LENGTH_UNIT ( ) NAMED_UNIT ( * ) SI_UNIT ( .MILLI., .METRE. ) );
#597 =( NAMED_UNIT ( * ) SI_UNIT ( $, .STERADIAN. ) SOLID_ANGLE_UNIT ( ) );
#598 = MECHANICAL_DESIGN_GEOMETRIC_PRESENTATION_REPRESENTATION (  '', ( #1022 ), #673 ) ;
#599 = EDGE_CURVE ( 'NONE', #3301, #3730, #3864, .T. ) ;
#600 = FACE_OUTER_BOUND ( 'NONE', #4060, .T. ) ;
#601 = EDGE_LOOP ( 'NONE', ( #3206, #2262, #477, #444 ) ) ;
#602 = COLOUR_RGB ( '',1.000000000000000000, 1.000000000000000000, 1.000000000000000000 ) ;
#603 = CARTESIAN_POINT ( 'NONE',  ( 3.062783411360770369, 6.606736465391155555, -1.505000000000002558 ) ) ;
#604 = ADVANCED_FACE ( 'NONE', ( #1322 ), #2058, .F. ) ;
#605 = PRESENTATION_LAYER_ASSIGNMENT (  '', '', ( #738 ) ) ;
#606 = DIRECTION ( 'NONE',  ( 0.000000000000000000, 0.5000000000000009992, 0.8660254037844380415 ) ) ;
#607 = CIRCLE ( 'NONE', #1674, 3.009999999999998899 ) ;
#608 = AXIS2_PLACEMENT_3D ( 'NONE', #1385, #2297, #3003 ) ;
#609 = CARTESIAN_POINT ( 'NONE',  ( -6.599999999999999645, 2.999999999999997335, 3.061616997868381785E-17 ) ) ;
#610 = ORIENTED_EDGE ( 'NONE', *, *, #245, .F. ) ;
#611 = CARTESIAN_POINT ( 'NONE',  ( 3.523020232833776522, 6.872454318159569198, 1.044763178527002401 ) ) ;
#612 = MECHANICAL_DESIGN_GEOMETRIC_PRESENTATION_REPRESENTATION (  '', ( #3542 ), #3621 ) ;
#613 = VECTOR ( 'NONE', #3032, 1000.000000000000000 ) ;
#614 =( BOUNDED_CURVE ( )  B_SPLINE_CURVE ( 3, ( #340, #2320, #3698, #1700 ),
 .UNSPECIFIED., .F., .T. ) 
 B_SPLINE_CURVE_WITH_KNOTS ( ( 4, 4 ),
 ( 4.712388980384689674, 4.943557541914708864 ),
 .UNSPECIFIED. ) 
 CURVE ( )  GEOMETRIC_REPRESENTATION_ITEM ( )  RATIONAL_B_SPLINE_CURVE ( ( 1.000000000000000000, 0.9955517136470730666, 0.9955517136470730666, 1.000000000000000000 ) ) 
 REPRESENTATION_ITEM ( '' )  );
#615 =( NAMED_UNIT ( * ) SI_UNIT ( $, .STERADIAN. ) SOLID_ANGLE_UNIT ( ) );
#616 = STYLED_ITEM ( 'NONE', ( #639 ), #2443 ) ;
#617 = CARTESIAN_POINT ( 'NONE',  ( 6.000000000000000000, 3.999999999999997335, 2.699999999999995293 ) ) ;
#618 = EDGE_CURVE ( 'NONE', #3308, #733, #2500, .T. ) ;
#619 = AXIS2_PLACEMENT_3D ( 'NONE', #4004, #2382, #1330 ) ;
#620 = STYLED_ITEM ( 'NONE', ( #384 ), #2807 ) ;
#621 = SURFACE_STYLE_USAGE ( .BOTH. , #1650 ) ;
#622 = FACE_OUTER_BOUND ( 'NONE', #956, .T. ) ;
#623 = MECHANICAL_DESIGN_GEOMETRIC_PRESENTATION_REPRESENTATION (  '', ( #693 ), #2768 ) ;
#624 = SURFACE_STYLE_USAGE ( .BOTH. , #648 ) ;
#625 = DIRECTION ( 'NONE',  ( 0.7071067811865390240, 0.000000000000000000, -0.7071067811865561215 ) ) ;
#626 =( NAMED_UNIT ( * ) SI_UNIT ( $, .STERADIAN. ) SOLID_ANGLE_UNIT ( ) );
#627 = CIRCLE ( 'NONE', #1058, 2.499999999999996891 ) ;
#628 = CARTESIAN_POINT ( 'NONE',  ( 3.384876479594830734, 6.863325806012412933, 1.041485575528638297 ) ) ;
#629 = VECTOR ( 'NONE', #2987, 1000.000000000000000 ) ;
#630 = SURFACE_STYLE_FILL_AREA ( #4053 ) ;
#631 = UNCERTAINTY_MEASURE_WITH_UNIT (LENGTH_MEASURE( 1.000000000000000082E-05 ), #3400, 'distance_accuracy_value', 'NONE');
#632 = FILL_AREA_STYLE ('',( #3023 ) ) ;
#633 = DIRECTION ( 'NONE',  ( 0.000000000000000000, 0.000000000000000000, 1.000000000000000000 ) ) ;
#634 = COLOUR_RGB ( '',0.2509803921568627416, 0.2509803921568627416, 0.2509803921568627416 ) ;
#635 = FACE_OUTER_BOUND ( 'NONE', #655, .T. ) ;
#636 = DIRECTION ( 'NONE',  ( 0.7071067811865560104, 0.000000000000000000, -0.7071067811865391350 ) ) ;
#637 = VERTEX_POINT ( 'NONE', #284 ) ;
#638 = VERTEX_POINT ( 'NONE', #1729 ) ;
#639 = PRESENTATION_STYLE_ASSIGNMENT (( #20 ) ) ;
#640 = UNCERTAINTY_MEASURE_WITH_UNIT (LENGTH_MEASURE( 1.000000000000000082E-05 ), #3674, 'distance_accuracy_value', 'NONE');
#641 = LINE ( 'NONE', #2712, #3210 ) ;
#642 = DIRECTION ( 'NONE',  ( -1.000000000000000000, 0.000000000000000000, 0.000000000000000000 ) ) ;
#643 = COLOUR_RGB ( '',0.2509803921568627416, 0.2509803921568627416, 0.2509803921568627416 ) ;
#644 = FILL_AREA_STYLE_COLOUR ( '', #2298 ) ;
#645 = DIRECTION ( 'NONE',  ( -1.000000000000000000, -0.000000000000000000, -0.000000000000000000 ) ) ;
#646 = CARTESIAN_POINT ( 'NONE',  ( -1.103348612629293291, 6.999999999999996447, -0.5297106677528027330 ) ) ;
#647 = LINE ( 'NONE', #4, #1634 ) ;
#648 = SURFACE_SIDE_STYLE ('',( #665 ) ) ;
#649 = FILL_AREA_STYLE ('',( #971 ) ) ;
#650 = SURFACE_STYLE_FILL_AREA ( #2697 ) ;
#651 = CARTESIAN_POINT ( 'NONE',  ( 4.426362055123480133, 6.999999999999996447, -7.398425687810394468E-16 ) ) ;
#652 = DIRECTION ( 'NONE',  ( -1.000000000000000000, -0.000000000000000000, -0.000000000000000000 ) ) ;
#653 = DIRECTION ( 'NONE',  ( -0.000000000000000000, 0.5000000000000008882, -0.8660254037844381525 ) ) ;
#654 = CARTESIAN_POINT ( 'NONE',  ( -5.241619848709567542, 3.999999999999997335, 0.000000000000000000 ) ) ;
#655 = EDGE_LOOP ( 'NONE', ( #2638, #2214, #3176, #4417 ) ) ;
#656 = CARTESIAN_POINT ( 'NONE',  ( -6.000000000000000000, 3.808589044762780595, 0.2540652183588656965 ) ) ;
#657 = DIRECTION ( 'NONE',  ( -0.000000000000000000, 1.000000000000000000, -0.000000000000000000 ) ) ;
#658 = EDGE_CURVE ( 'NONE', #3390, #2233, #3049, .T. ) ;
#659 = ORIENTED_EDGE ( 'NONE', *, *, #3792, .T. ) ;
#660 = AXIS2_PLACEMENT_3D ( 'NONE', #1386, #2092, #715 ) ;
#661 = CARTESIAN_POINT ( 'NONE',  ( -15.04615972289522396, 3.999999999999997335, -2.999999999999997335 ) ) ;
#662 = CIRCLE ( 'NONE', #1799, 0.3999999999999971356 ) ;
#663 =( NAMED_UNIT ( * ) SI_UNIT ( $, .STERADIAN. ) SOLID_ANGLE_UNIT ( ) );
#664 = DIRECTION ( 'NONE',  ( 0.000000000000000000, 0.000000000000000000, 1.000000000000000000 ) ) ;
#665 = SURFACE_STYLE_FILL_AREA ( #946 ) ;
#666 = AXIS2_PLACEMENT_3D ( 'NONE', #1436, #3492, #397 ) ;
#667 = CARTESIAN_POINT ( 'NONE',  ( -6.000000000000000888, 3.374165738671897508, -0.03904294565689347962 ) ) ;
#668 = DIRECTION ( 'NONE',  ( 1.000000000000000000, 0.000000000000000000, 0.000000000000000000 ) ) ;
#669 =( LENGTH_UNIT ( ) NAMED_UNIT ( * ) SI_UNIT ( .MILLI., .METRE. ) );
#670 = ADVANCED_FACE ( 'NONE', ( #3681 ), #3489, .T. ) ;
#671 = UNCERTAINTY_MEASURE_WITH_UNIT (LENGTH_MEASURE( 1.000000000000000082E-05 ), #1701, 'distance_accuracy_value', 'NONE');
#672 =( NAMED_UNIT ( * ) PLANE_ANGLE_UNIT ( ) SI_UNIT ( $, .RADIAN. ) );
#673 =( GEOMETRIC_REPRESENTATION_CONTEXT ( 3 ) GLOBAL_UNCERTAINTY_ASSIGNED_CONTEXT ( ( #3371 ) ) GLOBAL_UNIT_ASSIGNED_CONTEXT ( ( #947, #1631, #2613 ) ) REPRESENTATION_CONTEXT ( 'NONE', 'WORKASPACE' ) );
#674 = FILL_AREA_STYLE ('',( #3008 ) ) ;
#675 = ORIENTED_EDGE ( 'NONE', *, *, #4052, .F. ) ;
#676 = VERTEX_POINT ( 'NONE', #2806 ) ;
#677 = DIRECTION ( 'NONE',  ( 0.000000000000000000, 0.000000000000000000, 1.000000000000000000 ) ) ;
#678 = CARTESIAN_POINT ( 'NONE',  ( -0.4322165886391755030, 6.999999999999996447, -4.269046054161673709E-16 ) ) ;
#679 = VERTEX_POINT ( 'NONE', #774 ) ;
#680 = COLOUR_RGB ( '',0.2509803921568627416, 0.2509803921568627416, 0.2509803921568627416 ) ;
#681 = SURFACE_STYLE_USAGE ( .BOTH. , #1010 ) ;
#682 = CARTESIAN_POINT ( 'NONE',  ( 6.000000000000000000, 3.999999999999997335, 0.000000000000000000 ) ) ;
#683 = UNCERTAINTY_MEASURE_WITH_UNIT (LENGTH_MEASURE( 1.000000000000000082E-05 ), #904, 'distance_accuracy_value', 'NONE');
#684 = DIRECTION ( 'NONE',  ( 0.000000000000000000, 0.000000000000000000, 1.000000000000000000 ) ) ;
#685 = B_SPLINE_CURVE_WITH_KNOTS ( 'NONE', 3,
 ( #181, #2580, #1853, #1572 ),
 .UNSPECIFIED., .F., .F.,
 ( 4, 4 ),
 ( 2.017602544990100549E-07, 0.0002011954475611967496 ),
 .UNSPECIFIED. ) ;
#686 =( GEOMETRIC_REPRESENTATION_CONTEXT ( 3 ) GLOBAL_UNCERTAINTY_ASSIGNED_CONTEXT ( ( #1699 ) ) GLOBAL_UNIT_ASSIGNED_CONTEXT ( ( #996, #1315, #3795 ) ) REPRESENTATION_CONTEXT ( 'NONE', 'WORKASPACE' ) );
#687 = AXIS2_PLACEMENT_3D ( 'NONE', #701, #4440, #2758 ) ;
#688 = VERTEX_POINT ( 'NONE', #3115 ) ;
#689 = CARTESIAN_POINT ( 'NONE',  ( -6.000000000000000000, 3.889986468206308334, -0.2387432916345506584 ) ) ;
#690 = COLOUR_RGB ( '',0.2509803921568627416, 0.2509803921568627416, 0.2509803921568627416 ) ;
#691 = MECHANICAL_DESIGN_GEOMETRIC_PRESENTATION_REPRESENTATION (  '', ( #1410 ), #1619 ) ;
#692 = ORIENTED_EDGE ( 'NONE', *, *, #3141, .T. ) ;
#693 = STYLED_ITEM ( 'NONE', ( #376 ), #3586 ) ;
#694 = CARTESIAN_POINT ( 'NONE',  ( -15.04615972289522396, 6.998342837990123577, -0.2646511399433393308 ) ) ;
#695 = STYLED_ITEM ( 'NONE', ( #1548 ), #3970 ) ;
#696 = DIRECTION ( 'NONE',  ( 1.000000000000000000, 0.000000000000000000, 0.000000000000000000 ) ) ;
#697 = CIRCLE ( 'NONE', #2924, 2.812499999999997335 ) ;
#698 = ADVANCED_FACE ( 'NONE', ( #1421 ), #1777, .T. ) ;
#699 = VERTEX_POINT ( 'NONE', #3158 ) ;
#700 = ORIENTED_EDGE ( 'NONE', *, *, #1656, .T. ) ;
#701 = CARTESIAN_POINT ( 'NONE',  ( -0.4322165886391755030, -3.620999999999999996, -4.269046054161673709E-16 ) ) ;
#702 = VECTOR ( 'NONE', #1224, 1000.000000000000000 ) ;
#703 = SURFACE_SIDE_STYLE ('',( #457 ) ) ;
#704 = ORIENTED_EDGE ( 'NONE', *, *, #1999, .T. ) ;
#705 = CARTESIAN_POINT ( 'NONE',  ( 3.062783411360771257, 6.606736465391158220, 1.505000000000002780 ) ) ;
#706 = DIRECTION ( 'NONE',  ( 0.000000000000000000, 0.000000000000000000, -1.000000000000000000 ) ) ;
#707 = PRESENTATION_LAYER_ASSIGNMENT (  '', '', ( #3137 ) ) ;
#708 =( NAMED_UNIT ( * ) SI_UNIT ( $, .STERADIAN. ) SOLID_ANGLE_UNIT ( ) );
#709 = DIRECTION ( 'NONE',  ( -1.000000000000000000, -0.000000000000000000, -0.000000000000000000 ) ) ;
#710 = LINE ( 'NONE', #2067, #4166 ) ;
#711 = CARTESIAN_POINT ( 'NONE',  ( -5.999999999999999112, 3.808624829144787061, -0.2540973636240356770 ) ) ;
#712 = FILL_AREA_STYLE ('',( #407 ) ) ;
#713 = DIRECTION ( 'NONE',  ( 1.000000000000000000, 0.000000000000000000, 0.000000000000000000 ) ) ;
#714 = EDGE_LOOP ( 'NONE', ( #4308, #906, #2849, #3162 ) ) ;
#715 = DIRECTION ( 'NONE',  ( 1.000000000000000000, 0.000000000000000000, -2.665140039478574920E-16 ) ) ;
#716 =( NAMED_UNIT ( * ) PLANE_ANGLE_UNIT ( ) SI_UNIT ( $, .RADIAN. ) );
#717 = DIRECTION ( 'NONE',  ( 0.000000000000000000, 0.000000000000000000, 1.000000000000000000 ) ) ;
#718 = ORIENTED_EDGE ( 'NONE', *, *, #1545, .T. ) ;
#719 = ORIENTED_EDGE ( 'NONE', *, *, #1913, .T. ) ;
#720 = CARTESIAN_POINT ( 'NONE',  ( 6.000000000000000000, 3.999999999999997335, 0.000000000000000000 ) ) ;
#721 =( LENGTH_UNIT ( ) NAMED_UNIT ( * ) SI_UNIT ( .MILLI., .METRE. ) );
#722 = FILL_AREA_STYLE ('',( #4174 ) ) ;
#723 = EDGE_CURVE ( 'NONE', #293, #759, #1976, .T. ) ;
#724 = CARTESIAN_POINT ( 'NONE',  ( -6.000000000000001776, 3.444998495972782848, -0.1356188238485240838 ) ) ;
#725 = CARTESIAN_POINT ( 'NONE',  ( -2.387450058687557330, -3.620999999999999996, -0.2646511399433393308 ) ) ;
#726 = AXIS2_PLACEMENT_3D ( 'NONE', #5, #3059, #992 ) ;
#727 = COLOUR_RGB ( '',0.2509803921568627416, 0.2509803921568627416, 0.2509803921568627416 ) ;
#728 = EDGE_CURVE ( 'NONE', #2685, #1148, #4430, .T. ) ;
#729 = SURFACE_SIDE_STYLE ('',( #2911 ) ) ;
#730 = AXIS2_PLACEMENT_3D ( 'NONE', #154, #1196, #3276 ) ;
#731 =( NAMED_UNIT ( * ) PLANE_ANGLE_UNIT ( ) SI_UNIT ( $, .RADIAN. ) );
#732 =( LENGTH_UNIT ( ) NAMED_UNIT ( * ) SI_UNIT ( .MILLI., .METRE. ) );
#733 = VERTEX_POINT ( 'NONE', #1131 ) ;
#734 = ORIENTED_EDGE ( 'NONE', *, *, #4255, .F. ) ;
#735 = EDGE_CURVE ( 'NONE', #4080, #4179, #749, .T. ) ;
#736 =( NAMED_UNIT ( * ) PLANE_ANGLE_UNIT ( ) SI_UNIT ( $, .RADIAN. ) );
#737 = CARTESIAN_POINT ( 'NONE',  ( -4.500000000000000888, 3.999999999999997335, -2.499999999999996891 ) ) ;
#738 = STYLED_ITEM ( 'NONE', ( #1304 ), #2084 ) ;
#739 = DIRECTION ( 'NONE',  ( 0.000000000000000000, 0.000000000000000000, 1.000000000000000000 ) ) ;
#740 = PLANE ( 'NONE',  #3797 ) ;
#741 = CARTESIAN_POINT ( 'NONE',  ( -6.349999999999999645, 2.999999999999997335, 0.000000000000000000 ) ) ;
#742 = ORIENTED_EDGE ( 'NONE', *, *, #2847, .F. ) ;
#743 = VECTOR ( 'NONE', #1880, 1000.000000000000000 ) ;
#744 = EDGE_CURVE ( 'NONE', #1597, #2660, #2135, .T. ) ;
#745 = DIRECTION ( 'NONE',  ( 0.7071067811865435759, 0.000000000000000000, -0.7071067811865515695 ) ) ;
#746 = DIRECTION ( 'NONE',  ( -1.000000000000000000, -0.000000000000000000, -0.000000000000000000 ) ) ;
#747 =( GEOMETRIC_REPRESENTATION_CONTEXT ( 3 ) GLOBAL_UNCERTAINTY_ASSIGNED_CONTEXT ( ( #1708 ) ) GLOBAL_UNIT_ASSIGNED_CONTEXT ( ( #760, #157, #2539 ) ) REPRESENTATION_CONTEXT ( 'NONE', 'WORKASPACE' ) );
#748 =( BOUNDED_CURVE ( )  B_SPLINE_CURVE ( 3, ( #94, #2511, #1399, #4175 ),
 .UNSPECIFIED., .F., .F. ) 
 B_SPLINE_CURVE_WITH_KNOTS ( ( 4, 4 ),
 ( 1.339627765264877590, 1.570796326794896780 ),
 .UNSPECIFIED. ) 
 CURVE ( )  GEOMETRIC_REPRESENTATION_ITEM ( )  RATIONAL_B_SPLINE_CURVE ( ( 1.000000000000000000, 0.9955517136470730666, 0.9955517136470730666, 1.000000000000000000 ) ) 
 REPRESENTATION_ITEM ( '' )  );
#749 = B_SPLINE_CURVE_WITH_KNOTS ( 'NONE', 3,
 ( #3462, #52, #1755, #3822 ),
 .UNSPECIFIED., .F., .F.,
 ( 4, 4 ),
 ( 2.069505294021618963E-07, 0.0002017198352006864678 ),
 .UNSPECIFIED. ) ;
#750 = VECTOR ( 'NONE', #1335, 1000.000000000000000 ) ;
#751 = COLOUR_RGB ( '',0.2509803921568627416, 0.2509803921568627416, 0.2509803921568627416 ) ;
#752 =( NAMED_UNIT ( * ) SI_UNIT ( $, .STERADIAN. ) SOLID_ANGLE_UNIT ( ) );
#753 = AXIS2_PLACEMENT_3D ( 'NONE', #741, #3193, #2480 ) ;
#754 = STYLED_ITEM ( 'NONE', ( #348 ), #3825 ) ;
#755 = FACE_OUTER_BOUND ( 'NONE', #3956, .T. ) ;
#756 =( GEOMETRIC_REPRESENTATION_CONTEXT ( 3 ) GLOBAL_UNCERTAINTY_ASSIGNED_CONTEXT ( ( #2139 ) ) GLOBAL_UNIT_ASSIGNED_CONTEXT ( ( #207, #3726, #226 ) ) REPRESENTATION_CONTEXT ( 'NONE', 'WORKASPACE' ) );
#757 = CARTESIAN_POINT ( 'NONE',  ( -4.500000000000000888, 3.999999999999997335, 0.000000000000000000 ) ) ;
#758 = DIRECTION ( 'NONE',  ( -1.000000000000000000, -0.000000000000000000, -0.000000000000000000 ) ) ;
#759 = VERTEX_POINT ( 'NONE', #2895 ) ;
#760 =( LENGTH_UNIT ( ) NAMED_UNIT ( * ) SI_UNIT ( .MILLI., .METRE. ) );
#761 = CARTESIAN_POINT ( 'NONE',  ( -5.241619848709567542, 3.999999999999997335, 0.000000000000000000 ) ) ;
#762 =( GEOMETRIC_REPRESENTATION_CONTEXT ( 3 ) GLOBAL_UNCERTAINTY_ASSIGNED_CONTEXT ( ( #3426 ) ) GLOBAL_UNIT_ASSIGNED_CONTEXT ( ( #197, #238, #537 ) ) REPRESENTATION_CONTEXT ( 'NONE', 'WORKASPACE' ) );
#763 = ORIENTED_EDGE ( 'NONE', *, *, #3860, .F. ) ;
#764 = PRODUCT_CONTEXT ( 'NONE', #1787, 'mechanical' ) ;
#765 = DIRECTION ( 'NONE',  ( -1.000000000000000000, 0.000000000000000000, 0.000000000000000000 ) ) ;
#766 = CARTESIAN_POINT ( 'NONE',  ( 4.567783411360789358, 6.999999999999996447, -5.230021342839385600E-16 ) ) ;
#767 =( LENGTH_UNIT ( ) NAMED_UNIT ( * ) SI_UNIT ( .MILLI., .METRE. ) );
#768 = MECHANICAL_DESIGN_GEOMETRIC_PRESENTATION_REPRESENTATION (  '', ( #2701 ), #1345 ) ;
#769 = ADVANCED_FACE ( 'NONE', ( #3612 ), #1934, .F. ) ;
#770 = LINE ( 'NONE', #2953, #1047 ) ;
#771 = FILL_AREA_STYLE ('',( #1447 ) ) ;
#772 = DIRECTION ( 'NONE',  ( -0.000000000000000000, 1.000000000000000000, -0.000000000000000000 ) ) ;
#773 = SURFACE_STYLE_FILL_AREA ( #3541 ) ;
#774 = CARTESIAN_POINT ( 'NONE',  ( -5.699999999999998401, 3.999999999999997335, -2.999999999999997335 ) ) ;
#775 = EDGE_CURVE ( 'NONE', #2599, #3931, #1, .T. ) ;
#776 = SURFACE_SIDE_STYLE ('',( #3823 ) ) ;
#777 = EDGE_CURVE ( 'NONE', #1870, #1341, #3387, .T. ) ;
#778 = DIRECTION ( 'NONE',  ( 1.000000000000000000, -0.000000000000000000, -0.000000000000000000 ) ) ;
#779 = ORIENTED_EDGE ( 'NONE', *, *, #1789, .T. ) ;
#780 = SURFACE_STYLE_FILL_AREA ( #2478 ) ;
#781 = EDGE_CURVE ( 'NONE', #2991, #3782, #2873, .T. ) ;
#782 = FILL_AREA_STYLE_COLOUR ( '', #2692 ) ;
#783 = ORIENTED_EDGE ( 'NONE', *, *, #2785, .F. ) ;
#784 = CARTESIAN_POINT ( 'NONE',  ( -5.241619848709567542, 6.606736465391154667, -1.505000000000001892 ) ) ;
#785 = ADVANCED_FACE ( 'NONE', ( #1570, #2207 ), #502, .T. ) ;
#786 = DIRECTION ( 'NONE',  ( -0.000000000000000000, 1.000000000000000000, -0.000000000000000000 ) ) ;
#787 = VECTOR ( 'NONE', #1762, 1000.000000000000000 ) ;
#788 = FACE_OUTER_BOUND ( 'NONE', #4014, .T. ) ;
#789 = COLOUR_RGB ( '',0.2509803921568627416, 0.2509803921568627416, 0.2509803921568627416 ) ;
#790 = ORIENTED_EDGE ( 'NONE', *, *, #4037, .T. ) ;
#791 = TOROIDAL_SURFACE ( 'NONE', #3383, 2.999999999999997335, 0.5000000000000002220 ) ;
#792 = DIRECTION ( 'NONE',  ( -0.000000000000000000, -0.000000000000000000, -1.000000000000000000 ) ) ;
#793 = EDGE_CURVE ( 'NONE', #1251, #3808, #928, .T. ) ;
#795 = ORIENTED_EDGE ( 'NONE', *, *, #4419, .F. ) ;
#794 = PRESENTATION_LAYER_ASSIGNMENT (  '', '', ( #2300 ) ) ;
#796 = SURFACE_STYLE_USAGE ( .BOTH. , #3882 ) ;
#797 = FILL_AREA_STYLE_COLOUR ( '', #209 ) ;
#798 = CARTESIAN_POINT ( 'NONE',  ( 3.326167354600508386, 6.987830240515343405, -0.3646511399433742251 ) ) ;
#799 = ORIENTED_EDGE ( 'NONE', *, *, #2118, .T. ) ;
#800 = PRESENTATION_LAYER_ASSIGNMENT (  '', '', ( #2749 ) ) ;
#801 = PRESENTATION_LAYER_ASSIGNMENT (  '', '', ( #3646 ) ) ;
#802 = ORIENTED_EDGE ( 'NONE', *, *, #372, .F. ) ;
#803 = SHAPE_DEFINITION_REPRESENTATION ( #864, #3789 ) ;
#804 = AXIS2_PLACEMENT_3D ( 'NONE', #351, #1758, #1036 ) ;
#805 = CARTESIAN_POINT ( 'NONE',  ( -5.700000000000000178, 3.999999999999997335, 0.000000000000000000 ) ) ;
#806 = SURFACE_STYLE_FILL_AREA ( #3897 ) ;
#807 = STYLED_ITEM ( 'NONE', ( #2891 ), #2628 ) ;
#808 = CARTESIAN_POINT ( 'NONE',  ( 6.000000000000000000, 3.999999999999997335, 0.000000000000000000 ) ) ;
#809 = SURFACE_SIDE_STYLE ('',( #3204 ) ) ;
#810 = AXIS2_PLACEMENT_3D ( 'NONE', #876, #2245, #2935 ) ;
#811 =( GEOMETRIC_REPRESENTATION_CONTEXT ( 3 ) GLOBAL_UNCERTAINTY_ASSIGNED_CONTEXT ( ( #3593 ) ) GLOBAL_UNIT_ASSIGNED_CONTEXT ( ( #1482, #2811, #3888 ) ) REPRESENTATION_CONTEXT ( 'NONE', 'WORKASPACE' ) );
#812 = ORIENTED_EDGE ( 'NONE', *, *, #1080, .T. ) ;
#813 =( NAMED_UNIT ( * ) SI_UNIT ( $, .STERADIAN. ) SOLID_ANGLE_UNIT ( ) );
#814 = VECTOR ( 'NONE', #438, 1000.000000000000000 ) ;
#815 = MECHANICAL_DESIGN_GEOMETRIC_PRESENTATION_REPRESENTATION (  '', ( #1039 ), #250 ) ;
#816 = STYLED_ITEM ( 'NONE', ( #2591 ), #3545 ) ;
#817 = EDGE_LOOP ( 'NONE', ( #4263, #253, #3186, #1646 ) ) ;
#818 = CIRCLE ( 'NONE', #3325, 0.3999999999999975797 ) ;
#819 = EDGE_CURVE ( 'NONE', #1838, #1347, #2452, .T. ) ;
#820 = VECTOR ( 'NONE', #510, 1000.000000000000341 ) ;
#821 = DIRECTION ( 'NONE',  ( 1.000000000000000000, 0.000000000000000000, 0.000000000000000000 ) ) ;
#822 = ORIENTED_EDGE ( 'NONE', *, *, #1080, .F. ) ;
#823 = FILL_AREA_STYLE_COLOUR ( '', #2317 ) ;
#824 = VECTOR ( 'NONE', #3851, 1000.000000000000000 ) ;
#825 = SURFACE_STYLE_USAGE ( .BOTH. , #3189 ) ;
#826 = SURFACE_STYLE_FILL_AREA ( #2212 ) ;
#827 = CARTESIAN_POINT ( 'NONE',  ( 3.326167354600508386, 6.929931966787409081, 0.6896366217054012981 ) ) ;
#828 = ORIENTED_EDGE ( 'NONE', *, *, #2641, .T. ) ;
#829 = CIRCLE ( 'NONE', #2844, 0.2999999999999999334 ) ;
#830 = CARTESIAN_POINT ( 'NONE',  ( -0.4322165886391755030, 7.009999999999996234, -4.269046054161673709E-16 ) ) ;
#831 = DIRECTION ( 'NONE',  ( -1.000000000000000000, -0.000000000000000000, -0.000000000000000000 ) ) ;
#832 = FILL_AREA_STYLE ('',( #3107 ) ) ;
#833 = AXIS2_PLACEMENT_3D ( 'NONE', #945, #2311, #3688 ) ;
#834 = EDGE_CURVE ( 'NONE', #676, #1318, #3300, .T. ) ;
#835 = DIRECTION ( 'NONE',  ( 0.000000000000000000, 0.000000000000000000, 1.000000000000000000 ) ) ;
#836 = DIRECTION ( 'NONE',  ( -0.000000000000000000, 1.000000000000000000, -0.000000000000000000 ) ) ;
#837 = AXIS2_PLACEMENT_3D ( 'NONE', #1795, #138, #3165 ) ;
#838 = ADVANCED_FACE ( 'NONE', ( #1983 ), #1228, .F. ) ;
#839 = DIRECTION ( 'NONE',  ( -1.000000000000000000, 0.000000000000000000, 0.000000000000000000 ) ) ;
#841 = MANIFOLD_SOLID_BREP ( 'CuttingExtrusion1', #2023 ) ;
#840 = DIRECTION ( 'NONE',  ( -1.000000000000000000, 0.000000000000000000, 0.000000000000000000 ) ) ;
#842 = SURFACE_STYLE_USAGE ( .BOTH. , #2945 ) ;
#843 = DIRECTION ( 'NONE',  ( -1.000000000000000000, 0.000000000000000000, -0.000000000000000000 ) ) ;
#844 = ORIENTED_EDGE ( 'NONE', *, *, #2785, .T. ) ;
#845 = UNCERTAINTY_MEASURE_WITH_UNIT (LENGTH_MEASURE( 1.000000000000000082E-05 ), #1792, 'distance_accuracy_value', 'NONE');
#846 = CARTESIAN_POINT ( 'NONE',  ( 3.426167354600507586, -3.620999999999999996, -0.4482152654681659243 ) ) ;
#847 = SURFACE_SIDE_STYLE ('',( #3941 ) ) ;
#848 =( NAMED_UNIT ( * ) PLANE_ANGLE_UNIT ( ) SI_UNIT ( $, .RADIAN. ) );
#849 = VERTEX_POINT ( 'NONE', #4413 ) ;
#850 = CARTESIAN_POINT ( 'NONE',  ( 1.321089644098734528, 9.378489587236687797, 3.105272411024710966 ) ) ;
#851 = CARTESIAN_POINT ( 'NONE',  ( -4.500000000000000888, 3.999999999999997335, 0.000000000000000000 ) ) ;
#852 = CARTESIAN_POINT ( 'NONE',  ( 6.200000000000000178, 3.735078677559814153, -0.2212381544198858963 ) ) ;
#853 = EDGE_CURVE ( 'NONE', #3368, #2429, #278, .T. ) ;
#854 =( NAMED_UNIT ( * ) SI_UNIT ( $, .STERADIAN. ) SOLID_ANGLE_UNIT ( ) );
#855 = CARTESIAN_POINT ( 'NONE',  ( -1.673832645399492502, -3.620999999999999996, 0.3646511399433388090 ) ) ;
#856 = VERTEX_POINT ( 'NONE', #4368 ) ;
#857 = EDGE_CURVE ( 'NONE', #2056, #1827, #614, .T. ) ;
#858 =( NAMED_UNIT ( * ) PLANE_ANGLE_UNIT ( ) SI_UNIT ( $, .RADIAN. ) );
#859 = VECTOR ( 'NONE', #3410, 1000.000000000000000 ) ;
#860 = COLOUR_RGB ( '',0.2509803921568627416, 0.2509803921568627416, 0.2509803921568627416 ) ;
#861 = SURFACE_SIDE_STYLE ('',( #4346 ) ) ;
#862 = MECHANICAL_DESIGN_GEOMETRIC_PRESENTATION_REPRESENTATION (  '', ( #302 ), #1015 ) ;
#863 = FACE_OUTER_BOUND ( 'NONE', #4444, .T. ) ;
#864 = PRODUCT_DEFINITION_SHAPE ( 'NONE', 'NONE',  #21 ) ;
#865 = CIRCLE ( 'NONE', #1446, 2.812499999999997335 ) ;
#866 = DIRECTION ( 'NONE',  ( -0.000000000000000000, -0.5000000000000009992, -0.8660254037844380415 ) ) ;
#867 = ORIENTED_EDGE ( 'NONE', *, *, #3907, .F. ) ;
#868 = DIRECTION ( 'NONE',  ( -1.000000000000000000, -0.000000000000000000, -0.000000000000000000 ) ) ;
#869 = AXIS2_PLACEMENT_3D ( 'NONE', #3183, #778, #2083 ) ;
#870 =( LENGTH_UNIT ( ) NAMED_UNIT ( * ) SI_UNIT ( .MILLI., .METRE. ) );
#871 = ORIENTED_EDGE ( 'NONE', *, *, #3980, .F. ) ;
#872 = FACE_OUTER_BOUND ( 'NONE', #2205, .T. ) ;
#873 = MECHANICAL_DESIGN_GEOMETRIC_PRESENTATION_REPRESENTATION (  '', ( #391 ), #2089 ) ;
#874 = ORIENTED_EDGE ( 'NONE', *, *, #1130, .T. ) ;
#875 = LINE ( 'NONE', #2243, #4035 ) ;
#876 = CARTESIAN_POINT ( 'NONE',  ( 5.700000000000000178, 6.338268590217977838, 1.350000000000001865 ) ) ;
#877 = STYLED_ITEM ( 'NONE', ( #2568 ), #2050 ) ;
#878 = DIRECTION ( 'NONE',  ( 0.000000000000000000, 0.000000000000000000, 1.000000000000000000 ) ) ;
#879 = CARTESIAN_POINT ( 'NONE',  ( -3.758380151290433790, 6.338268590217977838, 1.350000000000001865 ) ) ;
#880 = EDGE_CURVE ( 'NONE', #235, #13, #1508, .T. ) ;
#881 = DIRECTION ( 'NONE',  ( -1.000000000000000000, -0.000000000000000000, -0.000000000000000000 ) ) ;
#882 = FILL_AREA_STYLE ('',( #2823 ) ) ;
#883 = ORIENTED_EDGE ( 'NONE', *, *, #582, .T. ) ;
#884 = ORIENTED_EDGE ( 'NONE', *, *, #4435, .F. ) ;
#885 = DIRECTION ( 'NONE',  ( 0.000000000000000000, 0.000000000000000000, 1.000000000000000000 ) ) ;
#886 = COLOUR_RGB ( '',0.2509803921568627416, 0.2509803921568627416, 0.2509803921568627416 ) ;
#887 = STYLED_ITEM ( 'NONE', ( #1857 ), #2989 ) ;
#888 = MECHANICAL_DESIGN_GEOMETRIC_PRESENTATION_REPRESENTATION (  '', ( #2545 ), #747 ) ;
#889 = FILL_AREA_STYLE ('',( #3971 ) ) ;
#890 = COLOUR_RGB ( '',0.2509803921568627416, 0.2509803921568627416, 0.2509803921568627416 ) ;
#891 = CARTESIAN_POINT ( 'NONE',  ( -0.4322165886391755030, 6.999999999999996447, -4.269046054161673709E-16 ) ) ;
#892 = CARTESIAN_POINT ( 'NONE',  ( -6.349999999999999645, 2.999999999999997335, 0.000000000000000000 ) ) ;
#893 = FACE_OUTER_BOUND ( 'NONE', #1110, .T. ) ;
#894 = PRESENTATION_LAYER_ASSIGNMENT (  '', '', ( #807 ) ) ;
#895 = ORIENTED_EDGE ( 'NONE', *, *, #2531, .F. ) ;
#896 = ORIENTED_EDGE ( 'NONE', *, *, #775, .T. ) ;
#897 = CARTESIAN_POINT ( 'NONE',  ( 4.567783411360789358, 7.009999999999996234, -5.230021342839385600E-16 ) ) ;
#898 =( NAMED_UNIT ( * ) SI_UNIT ( $, .STERADIAN. ) SOLID_ANGLE_UNIT ( ) );
#899 = EDGE_LOOP ( 'NONE', ( #3319, #4061, #3081, #1371 ) ) ;
#900 = FILL_AREA_STYLE ('',( #1507 ) ) ;
#901 = ADVANCED_FACE ( 'NONE', ( #2729 ), #4099, .T. ) ;
#902 = FILL_AREA_STYLE ('',( #534 ) ) ;
#903 = AXIS2_PLACEMENT_3D ( 'NONE', #2655, #954, #1255 ) ;
#904 =( LENGTH_UNIT ( ) NAMED_UNIT ( * ) SI_UNIT ( .MILLI., .METRE. ) );
#905 = DIRECTION ( 'NONE',  ( 0.000000000000000000, 0.000000000000000000, 1.000000000000000000 ) ) ;
#906 = ORIENTED_EDGE ( 'NONE', *, *, #1656, .F. ) ;
#907 = CARTESIAN_POINT ( 'NONE',  ( 2.512549941312443025, -3.620999999999999996, -0.3646511399433742251 ) ) ;
#908 = PRESENTATION_LAYER_ASSIGNMENT (  '', '', ( #2852 ) ) ;
#909 = DIRECTION ( 'NONE',  ( -0.000000000000000000, 0.000000000000000000, -1.000000000000000000 ) ) ;
#910 =( GEOMETRIC_REPRESENTATION_CONTEXT ( 3 ) GLOBAL_UNCERTAINTY_ASSIGNED_CONTEXT ( ( #1261 ) ) GLOBAL_UNIT_ASSIGNED_CONTEXT ( ( #2688, #3346, #615 ) ) REPRESENTATION_CONTEXT ( 'NONE', 'WORKASPACE' ) );
#911 = CARTESIAN_POINT ( 'NONE',  ( -0.9619272563919853969, 6.999999999999996447, -0.5297106677528027330 ) ) ;
#912 = CARTESIAN_POINT ( 'NONE',  ( 3.326167354600507498, -3.620999999999999996, -0.6896366217054715753 ) ) ;
#913 =( BOUNDED_CURVE ( )  B_SPLINE_CURVE ( 3, ( #287, #3353, #1043, #1406 ),
 .UNSPECIFIED., .F., .T. ) 
 B_SPLINE_CURVE_WITH_KNOTS ( ( 4, 4 ),
 ( 1.048858681528644698, 1.570796326794896780 ),
 .UNSPECIFIED. ) 
 CURVE ( )  GEOMETRIC_REPRESENTATION_ITEM ( )  RATIONAL_B_SPLINE_CURVE ( ( 1.000000000000000000, 0.9774269727874189684, 0.9774269727874189684, 1.000000000000000000 ) ) 
 REPRESENTATION_ITEM ( '' )  );
#914 = DIRECTION ( 'NONE',  ( -1.000000000000000000, -1.638721260625972470E-15, -9.461161609491704377E-16 ) ) ;
#915 = ORIENTED_EDGE ( 'NONE', *, *, #4122, .F. ) ;
#916 = FILL_AREA_STYLE_COLOUR ( '', #2977 ) ;
#917 = CARTESIAN_POINT ( 'NONE',  ( -2.074305741444191220, 6.599232868937662033, 1.500667796567688006 ) ) ;
#918 = SURFACE_STYLE_USAGE ( .BOTH. , #2973 ) ;
#919 =( NAMED_UNIT ( * ) SI_UNIT ( $, .STERADIAN. ) SOLID_ANGLE_UNIT ( ) );
#920 = EDGE_CURVE ( 'NONE', #4215, #1105, #4280, .T. ) ;
#921 = CARTESIAN_POINT ( 'NONE',  ( -15.04615972289522396, 6.599232868937662033, 1.500667796567688006 ) ) ;
#922 = CARTESIAN_POINT ( 'NONE',  ( -1.573832645399492414, 6.998342837990121801, 0.2646511399433387757 ) ) ;
#923 = CARTESIAN_POINT ( 'NONE',  ( 6.349999999999999645, 2.999999999999997335, 0.000000000000000000 ) ) ;
#924 = CARTESIAN_POINT ( 'NONE',  ( 3.874382620068649086, 6.999999999999994671, -3.523695033696481658E-14 ) ) ;
#925 = DIRECTION ( 'NONE',  ( 0.000000000000000000, 0.000000000000000000, 1.000000000000000000 ) ) ;
#926 = UNCERTAINTY_MEASURE_WITH_UNIT (LENGTH_MEASURE( 1.000000000000000082E-05 ), #2706, 'distance_accuracy_value', 'NONE');
#927 = SURFACE_STYLE_USAGE ( .BOTH. , #4055 ) ;
#928 = CIRCLE ( 'NONE', #581, 3.009999999999998899 ) ;
#929 = DIRECTION ( 'NONE',  ( -1.000000000000000000, -0.000000000000000000, -0.000000000000000000 ) ) ;
#930 = LINE ( 'NONE', #2963, #629 ) ;
#931 = EDGE_CURVE ( 'NONE', #3258, #4170, #415, .T. ) ;
#932 =( NAMED_UNIT ( * ) SI_UNIT ( $, .STERADIAN. ) SOLID_ANGLE_UNIT ( ) );
#933 = VERTEX_POINT ( 'NONE', #2448 ) ;
#935 = ORIENTED_EDGE ( 'NONE', *, *, #394, .T. ) ;
#934 = CIRCLE ( 'NONE', #85, 1.250000000000000222 ) ;
#936 = SURFACE_STYLE_USAGE ( .BOTH. , #3320 ) ;
#937 = UNCERTAINTY_MEASURE_WITH_UNIT (LENGTH_MEASURE( 1.000000000000000082E-05 ), #2663, 'distance_accuracy_value', 'NONE');
#938 = FILL_AREA_STYLE_COLOUR ( '', #1714 ) ;
#939 = TOROIDAL_SURFACE ( 'NONE', #4169, 2.999999999999997335, 0.5000000000000002220 ) ;
#940 = LINE ( 'NONE', #2288, #1472 ) ;
#941 = SURFACE_STYLE_FILL_AREA ( #4398 ) ;
#942 = DIRECTION ( 'NONE',  ( -1.000000000000000000, -0.000000000000000000, -0.000000000000000000 ) ) ;
#943 = CIRCLE ( 'NONE', #3464, 0.5000000000000004441 ) ;
#944 = PRESENTATION_STYLE_ASSIGNMENT (( #967 ) ) ;
#945 = CARTESIAN_POINT ( 'NONE',  ( -6.000000000000000000, 3.999999999999997335, 0.000000000000000000 ) ) ;
#946 = FILL_AREA_STYLE ('',( #288 ) ) ;
#947 =( LENGTH_UNIT ( ) NAMED_UNIT ( * ) SI_UNIT ( .MILLI., .METRE. ) );
#948 = APPLICATION_CONTEXT ( 'automotive_design' ) ;
#949 = CARTESIAN_POINT ( 'NONE',  ( -1.673832645399492502, -3.620999999999999996, 0.6896366217054362702 ) ) ;
#950 = CIRCLE ( 'NONE', #1534, 2.699999999999995293 ) ;
#951 = CARTESIAN_POINT ( 'NONE',  ( 6.000000000000000888, 3.390005206427596285, -0.06881363047335532779 ) ) ;
#952 = ORIENTED_EDGE ( 'NONE', *, *, #4375, .F. ) ;
#953 = DIRECTION ( 'NONE',  ( -1.000000000000000000, 0.000000000000000000, 0.000000000000000000 ) ) ;
#954 = DIRECTION ( 'NONE',  ( -1.000000000000000000, -0.000000000000000000, -0.000000000000000000 ) ) ;
#955 = VERTEX_POINT ( 'NONE', #2074 ) ;
#956 = EDGE_LOOP ( 'NONE', ( #3046, #541, #2284, #2259 ) ) ;
#957 = CARTESIAN_POINT ( 'NONE',  ( -6.000000000000001776, 4.067707825203129346, 0.07919866071604694802 ) ) ;
#958 = COLOUR_RGB ( '',0.2509803921568627416, 0.2509803921568627416, 0.2509803921568627416 ) ;
#959 = CIRCLE ( 'NONE', #3180, 2.699999999999995293 ) ;
#960 = CARTESIAN_POINT ( 'NONE',  ( -1.673832645399492502, 6.987830240515346958, 0.3646511399433388090 ) ) ;
#961 = ORIENTED_EDGE ( 'NONE', *, *, #3559, .T. ) ;
#962 = PRESENTATION_STYLE_ASSIGNMENT (( #261 ) ) ;
#963 =( GEOMETRIC_REPRESENTATION_CONTEXT ( 3 ) GLOBAL_UNCERTAINTY_ASSIGNED_CONTEXT ( ( #4441 ) ) GLOBAL_UNIT_ASSIGNED_CONTEXT ( ( #4001, #2303, #898 ) ) REPRESENTATION_CONTEXT ( 'NONE', 'WORKASPACE' ) );
#964 = LINE ( 'NONE', #2358, #1757 ) ;
#965 = AXIS2_PLACEMENT_3D ( 'NONE', #4411, #652, #925 ) ;
#966 = DIRECTION ( 'NONE',  ( 0.000000000000000000, 0.000000000000000000, 1.000000000000000000 ) ) ;
#967 = SURFACE_STYLE_USAGE ( .BOTH. , #4403 ) ;
#968 = SURFACE_STYLE_FILL_AREA ( #4045 ) ;
#969 =( GEOMETRIC_REPRESENTATION_CONTEXT ( 3 ) GLOBAL_UNCERTAINTY_ASSIGNED_CONTEXT ( ( #2338 ) ) GLOBAL_UNIT_ASSIGNED_CONTEXT ( ( #1265, #554, #1881 ) ) REPRESENTATION_CONTEXT ( 'NONE', 'WORKASPACE' ) );
#970 = SURFACE_SIDE_STYLE ('',( #1045 ) ) ;
#971 = FILL_AREA_STYLE_COLOUR ( '', #2746 ) ;
#972 = DIRECTION ( 'NONE',  ( -0.000000000000000000, 1.000000000000000000, 1.224646799147353207E-16 ) ) ;
#973 = ADVANCED_FACE ( 'NONE', ( #2783 ), #3455, .T. ) ;
#974 = AXIS2_PLACEMENT_3D ( 'NONE', #2620, #1940, #314 ) ;
#975 = PRESENTATION_STYLE_ASSIGNMENT (( #3745 ) ) ;
#976 = EDGE_CURVE ( 'NONE', #2940, #338, #1356, .T. ) ;
#977 = PLANE ( 'NONE',  #2607 ) ;
#978 = FILL_AREA_STYLE ('',( #3025 ) ) ;
#979 = MECHANICAL_DESIGN_GEOMETRIC_PRESENTATION_REPRESENTATION (  '', ( #2852 ), #1339 ) ;
#980 = DIRECTION ( 'NONE',  ( 0.7071067811865391350, 0.000000000000000000, 0.7071067811865560104 ) ) ;
#981 = EDGE_CURVE ( 'NONE', #759, #317, #934, .T. ) ;
#982 = VERTEX_POINT ( 'NONE', #400 ) ;
#983 = EDGE_LOOP ( 'NONE', ( #822, #1296, #3810, #2362 ) ) ;
#984 = UNCERTAINTY_MEASURE_WITH_UNIT (LENGTH_MEASURE( 1.000000000000000082E-05 ), #300, 'distance_accuracy_value', 'NONE');
#985 = CARTESIAN_POINT ( 'NONE',  ( -5.241619848709567542, 6.606736465391154667, 1.505000000000002336 ) ) ;
#986 = CARTESIAN_POINT ( 'NONE',  ( 5.700000000000000178, 6.338268590217977838, -1.350000000000001421 ) ) ;
#987 = ORIENTED_EDGE ( 'NONE', *, *, #1382, .F. ) ;
#988 = FACE_OUTER_BOUND ( 'NONE', #419, .T. ) ;
#989 = FILL_AREA_STYLE_COLOUR ( '', #2825 ) ;
#990 = CARTESIAN_POINT ( 'NONE',  ( 4.426362055123480133, 7.009999999999996234, -7.398425687810394468E-16 ) ) ;
#991 = DIRECTION ( 'NONE',  ( 0.000000000000000000, 0.000000000000000000, 1.000000000000000000 ) ) ;
#992 = DIRECTION ( 'NONE',  ( 0.7071067811865556774, 0.000000000000000000, -0.7071067811865392461 ) ) ;
#993 = EDGE_CURVE ( 'NONE', #3127, #1526, #3456, .T. ) ;
#994 = CARTESIAN_POINT ( 'NONE',  ( -6.000000000000000000, 3.476564360267878850, -0.1597590172319203750 ) ) ;
#995 = FILL_AREA_STYLE ('',( #4365 ) ) ;
#996 =( LENGTH_UNIT ( ) NAMED_UNIT ( * ) SI_UNIT ( .MILLI., .METRE. ) );
#997 = CYLINDRICAL_SURFACE ( 'NONE', #161, 0.2500000000000002220 ) ;
#998 = CARTESIAN_POINT ( 'NONE',  ( -5.699999999999998401, 3.999999999999997335, 0.000000000000000000 ) ) ;
#999 = ORIENTED_EDGE ( 'NONE', *, *, #4238, .F. ) ;
#1000 = DIRECTION ( 'NONE',  ( 0.000000000000000000, 0.000000000000000000, 1.000000000000000000 ) ) ;
#1001 = FACE_OUTER_BOUND ( 'NONE', #95, .T. ) ;
#1002 =( NAMED_UNIT ( * ) SI_UNIT ( $, .STERADIAN. ) SOLID_ANGLE_UNIT ( ) );
#1003 =( NAMED_UNIT ( * ) PLANE_ANGLE_UNIT ( ) SI_UNIT ( $, .RADIAN. ) );
#1004 = CARTESIAN_POINT ( 'NONE',  ( 3.426167354600507586, 3.989999999999997993, 0.000000000000000000 ) ) ;
#1005 = ORIENTED_EDGE ( 'NONE', *, *, #4184, .F. ) ;
#1006 =( GEOMETRIC_REPRESENTATION_CONTEXT ( 3 ) GLOBAL_UNCERTAINTY_ASSIGNED_CONTEXT ( ( #1966 ) ) GLOBAL_UNIT_ASSIGNED_CONTEXT ( ( #2281, #2578, #566 ) ) REPRESENTATION_CONTEXT ( 'NONE', 'WORKASPACE' ) );
#1007 = FILL_AREA_STYLE ('',( #1065 ) ) ;
#1008 = ORIENTED_EDGE ( 'NONE', *, *, #2656, .T. ) ;
#1009 = AXIS2_PLACEMENT_3D ( 'NONE', #1308, #1378, #2360 ) ;
#1010 = SURFACE_SIDE_STYLE ('',( #4088 ) ) ;
#1011 = SURFACE_STYLE_USAGE ( .BOTH. , #4423 ) ;
#1012 = CARTESIAN_POINT ( 'NONE',  ( 2.612549941312445334, 6.988342837990121126, -0.2646511399433742473 ) ) ;
#1013 = CARTESIAN_POINT ( 'NONE',  ( -6.009999999999999787, 3.999999999999997335, 0.000000000000000000 ) ) ;
#1014 = CARTESIAN_POINT ( 'NONE',  ( -1.673832645399492725, 6.929931966787401976, 0.6896366217054362702 ) ) ;
#1015 =( GEOMETRIC_REPRESENTATION_CONTEXT ( 3 ) GLOBAL_UNCERTAINTY_ASSIGNED_CONTEXT ( ( #1299 ) ) GLOBAL_UNIT_ASSIGNED_CONTEXT ( ( #3811, #3123, #2796 ) ) REPRESENTATION_CONTEXT ( 'NONE', 'WORKASPACE' ) );
#1016 = CARTESIAN_POINT ( 'NONE',  ( -1.573832645399492192, -3.620999999999999996, 0.4482152654681304527 ) ) ;
#1017 = DIRECTION ( 'NONE',  ( 0.000000000000000000, 0.000000000000000000, 1.000000000000000000 ) ) ;
#1018 = EDGE_CURVE ( 'NONE', #3653, #1993, #2730, .T. ) ;
#1019 =( GEOMETRIC_REPRESENTATION_CONTEXT ( 3 ) GLOBAL_UNCERTAINTY_ASSIGNED_CONTEXT ( ( #2686 ) ) GLOBAL_UNIT_ASSIGNED_CONTEXT ( ( #1277, #3727, #4371 ) ) REPRESENTATION_CONTEXT ( 'NONE', 'WORKASPACE' ) );
#1020 = PRESENTATION_STYLE_ASSIGNMENT (( #1360 ) ) ;
#1021 = DIRECTION ( 'NONE',  ( 1.000000000000000000, 0.000000000000000000, 0.000000000000000000 ) ) ;
#1022 = STYLED_ITEM ( 'NONE', ( #2954 ), #1850 ) ;
#1023 = UNCERTAINTY_MEASURE_WITH_UNIT (LENGTH_MEASURE( 1.000000000000000082E-05 ), #1168, 'distance_accuracy_value', 'NONE');
#1024 = CARTESIAN_POINT ( 'NONE',  ( -5.699999999999998401, 3.999999999999997335, 0.000000000000000000 ) ) ;
#1025 = CIRCLE ( 'NONE', #165, 0.2500000000000000555 ) ;
#1026 = ORIENTED_EDGE ( 'NONE', *, *, #1640, .T. ) ;
#1027 = ORIENTED_EDGE ( 'NONE', *, *, #1784, .F. ) ;
#1028 = CARTESIAN_POINT ( 'NONE',  ( -4.500000000000000888, 3.999999999999997335, -2.999999999999997335 ) ) ;
#1029 = PRESENTATION_LAYER_ASSIGNMENT (  '', '', ( #3834 ) ) ;
#1030 = UNCERTAINTY_MEASURE_WITH_UNIT (LENGTH_MEASURE( 1.000000000000000082E-05 ), #1094, 'distance_accuracy_value', 'NONE');
#1031 = EDGE_CURVE ( 'NONE', #2356, #4013, #662, .T. ) ;
#1032 = COLOUR_RGB ( '',0.8980392156862745390, 0.9176470588235293713, 0.9294117647058823817 ) ;
#1033 = ORIENTED_EDGE ( 'NONE', *, *, #2458, .T. ) ;
#1034 = EDGE_CURVE ( 'NONE', #2553, #2622, #379, .T. ) ;
#1035 = VECTOR ( 'NONE', #4148, 1000.000000000000000 ) ;
#1036 = DIRECTION ( 'NONE',  ( 1.152640183373294164E-15, 0.000000000000000000, 1.000000000000000000 ) ) ;
#1037 = SURFACE_STYLE_USAGE ( .BOTH. , #1329 ) ;
#1038 = VECTOR ( 'NONE', #836, 1000.000000000000000 ) ;
#1039 = STYLED_ITEM ( 'NONE', ( #2257 ), #2559 ) ;
#1040 = CARTESIAN_POINT ( 'NONE',  ( -4.963512405443478492, 3.999999999999997335, 0.000000000000000000 ) ) ;
#1041 = VERTEX_POINT ( 'NONE', #1012 ) ;
#1042 =( BOUNDED_CURVE ( )  B_SPLINE_CURVE ( 3, ( #329, #1306, #4379, #3757 ),
 .UNSPECIFIED., .F., .T. ) 
 B_SPLINE_CURVE_WITH_KNOTS ( ( 4, 4 ),
 ( 4.712388980384689674, 4.861853583442621307 ),
 .UNSPECIFIED. ) 
 CURVE ( )  GEOMETRIC_REPRESENTATION_ITEM ( )  RATIONAL_B_SPLINE_CURVE ( ( 1.000000000000000000, 0.9981392272996881809, 0.9981392272996881809, 1.000000000000000000 ) ) 
 REPRESENTATION_ITEM ( '' )  );
#1043 = CARTESIAN_POINT ( 'NONE',  ( 4.038072743607981963, 6.999999999999996447, 0.5297106677528026220 ) ) ;
#1044 = EDGE_CURVE ( 'NONE', #679, #1838, #1733, .T. ) ;
#1045 = SURFACE_STYLE_FILL_AREA ( #1977 ) ;
#1046 = CARTESIAN_POINT ( 'NONE',  ( -1.937216588639194992, -3.620999999999999996, -1.505000000000002336 ) ) ;
#1047 = VECTOR ( 'NONE', #3927, 1000.000000000000000 ) ;
#1048 = ORIENTED_EDGE ( 'NONE', *, *, #2721, .T. ) ;
#1049 = DIRECTION ( 'NONE',  ( 0.000000000000000000, 0.000000000000000000, 1.000000000000000000 ) ) ;
#1050 = TOROIDAL_SURFACE ( 'NONE', #3556, 1.000000000000000000, 0.2500000000000000555 ) ;
#1051 = DIRECTION ( 'NONE',  ( 0.000000000000000000, -3.025680481354897284E-14, 1.000000000000000000 ) ) ;
#1052 =( LENGTH_UNIT ( ) NAMED_UNIT ( * ) SI_UNIT ( .MILLI., .METRE. ) );
#1053 = STYLED_ITEM ( 'NONE', ( #2081 ), #3840 ) ;
#1054 = ORIENTED_EDGE ( 'NONE', *, *, #4375, .T. ) ;
#1055 = ORIENTED_EDGE ( 'NONE', *, *, #2093, .T. ) ;
#1056 = DIRECTION ( 'NONE',  ( 0.000000000000000000, 0.000000000000000000, -1.000000000000000000 ) ) ;
#1057 = DIRECTION ( 'NONE',  ( 0.000000000000000000, 0.000000000000000000, 1.000000000000000000 ) ) ;
#1058 = AXIS2_PLACEMENT_3D ( 'NONE', #3212, #2925, #1523 ) ;
#1059 = ORIENTED_EDGE ( 'NONE', *, *, #1944, .F. ) ;
#1060 = EDGE_CURVE ( 'NONE', #3185, #1225, #1042, .T. ) ;
#1061 = ORIENTED_EDGE ( 'NONE', *, *, #1765, .F. ) ;
#1062 = ORIENTED_EDGE ( 'NONE', *, *, #4178, .F. ) ;
#1063 = CARTESIAN_POINT ( 'NONE',  ( -6.000000000000000000, 3.374165738668204906, 1.805364005208966930E-11 ) ) ;
#1064 = COLOUR_RGB ( '',1.000000000000000000, 1.000000000000000000, 1.000000000000000000 ) ;
#1065 = FILL_AREA_STYLE_COLOUR ( '', #643 ) ;
#1066 = CARTESIAN_POINT ( 'NONE',  ( 6.000000000000000000, 3.999999999999997335, -2.699999999999995293 ) ) ;
#1067 = DIRECTION ( 'NONE',  ( 0.000000000000000000, 0.000000000000000000, 1.000000000000000000 ) ) ;
#1068 = EDGE_CURVE ( 'NONE', #1342, #1922, #1521, .T. ) ;
#1069 = CARTESIAN_POINT ( 'NONE',  ( 3.384876479594829846, 6.863325806012412933, -1.041485575528638297 ) ) ;
#1070 = ORIENTED_EDGE ( 'NONE', *, *, #3412, .F. ) ;
#1071 = APPLICATION_PROTOCOL_DEFINITION ( 'draft international standard', 'automotive_design', 1998, #1787 ) ;
#1072 = PRESENTATION_STYLE_ASSIGNMENT (( #4140 ) ) ;
#1073 = COLOUR_RGB ( '',0.2509803921568627416, 0.2509803921568627416, 0.2509803921568627416 ) ;
#1074 = SURFACE_STYLE_USAGE ( .BOTH. , #1380 ) ;
#1075 = DIRECTION ( 'NONE',  ( -1.000000000000000000, 0.000000000000000000, 0.000000000000000000 ) ) ;
#1076 = SURFACE_SIDE_STYLE ('',( #467 ) ) ;
#1077 = CARTESIAN_POINT ( 'NONE',  ( 6.349999999999999645, 2.999999999999997335, 0.000000000000000000 ) ) ;
#1078 = EDGE_LOOP ( 'NONE', ( #2892, #1226, #4010, #2327 ) ) ;
#1079 = CARTESIAN_POINT ( 'NONE',  ( -3.758380151290433790, 6.338268590217977838, -1.350000000000001421 ) ) ;
#1080 = EDGE_CURVE ( 'NONE', #679, #1139, #2082, .T. ) ;
#1081 = VERTEX_POINT ( 'NONE', #374 ) ;
#1082 =( NAMED_UNIT ( * ) PLANE_ANGLE_UNIT ( ) SI_UNIT ( $, .RADIAN. ) );
#1083 = LINE ( 'NONE', #2450, #2315 ) ;
#1084 = ORIENTED_EDGE ( 'NONE', *, *, #1068, .F. ) ;
#1085 =( NAMED_UNIT ( * ) PLANE_ANGLE_UNIT ( ) SI_UNIT ( $, .RADIAN. ) );
#1086 = EDGE_CURVE ( 'NONE', #4422, #676, #1996, .T. ) ;
#1087 = CARTESIAN_POINT ( 'NONE',  ( 3.326167354600504833, 6.977830240515351612, 0.3646511399433076117 ) ) ;
#1088 = CARTESIAN_POINT ( 'NONE',  ( 3.783346912977586296, 7.009999999999998899, 0.2324570633283339349 ) ) ;
#1089 = UNCERTAINTY_MEASURE_WITH_UNIT (LENGTH_MEASURE( 1.000000000000000082E-05 ), #3044, 'distance_accuracy_value', 'NONE');
#1090 = FILL_AREA_STYLE_COLOUR ( '', #4142 ) ;
#1091 = FILL_AREA_STYLE_COLOUR ( '', #2920 ) ;
#1092 = EDGE_LOOP ( 'NONE', ( #883, #2710, #2334, #1494 ) ) ;
#1093 = DIRECTION ( 'NONE',  ( 0.000000000000000000, -3.457920550119882689E-15, 1.000000000000000000 ) ) ;
#1094 =( LENGTH_UNIT ( ) NAMED_UNIT ( * ) SI_UNIT ( .MILLI., .METRE. ) );
#1095 = VECTOR ( 'NONE', #447, 1000.000000000000000 ) ;
#1096 = PRESENTATION_LAYER_ASSIGNMENT (  '', '', ( #4317 ) ) ;
#1097 =( NAMED_UNIT ( * ) PLANE_ANGLE_UNIT ( ) SI_UNIT ( $, .RADIAN. ) );
#1098 = VECTOR ( 'NONE', #3253, 1000.000000000000000 ) ;
#1099 = CARTESIAN_POINT ( 'NONE',  ( 3.894926349586647074, 7.009999999999996234, 0.5314357055368282845 ) ) ;
#1100 = DIRECTION ( 'NONE',  ( 0.000000000000000000, -1.000000000000000000, 0.000000000000000000 ) ) ;
#1101 = MECHANICAL_DESIGN_GEOMETRIC_PRESENTATION_REPRESENTATION (  '', ( #1522 ), #1242 ) ;
#1102 = ORIENTED_EDGE ( 'NONE', *, *, #4066, .F. ) ;
#1103 = STYLED_ITEM ( 'NONE', ( #1566 ), #1864 ) ;
#1104 = CARTESIAN_POINT ( 'NONE',  ( -5.241619848709567542, 6.338268590217977838, 1.350000000000001865 ) ) ;
#1105 = VERTEX_POINT ( 'NONE', #990 ) ;
#1106 = FILL_AREA_STYLE ('',( #4199 ) ) ;
#1107 = ADVANCED_FACE ( 'NONE', ( #3735 ), #3160, .T. ) ;
#1108 = EDGE_LOOP ( 'NONE', ( #3908, #2492 ) ) ;
#1109 = CARTESIAN_POINT ( 'NONE',  ( 6.199999999999999289, 3.600000000000000089, 0.000000000000000000 ) ) ;
#1110 = EDGE_LOOP ( 'NONE', ( #4150, #2045, #2270, #1441 ) ) ;
#1111 = STYLED_ITEM ( 'NONE', ( #341 ), #3037 ) ;
#1112 = CARTESIAN_POINT ( 'NONE',  ( 3.426167354600507586, 6.976441344256818944, 0.4482152654680955361 ) ) ;
#1113 = DIRECTION ( 'NONE',  ( 1.000000000000000000, 0.000000000000000000, 0.000000000000000000 ) ) ;
#1114 = CYLINDRICAL_SURFACE ( 'NONE', #3991, 2.999999999999997335 ) ;
#1115 = MECHANICAL_DESIGN_GEOMETRIC_PRESENTATION_REPRESENTATION (  '', ( #39 ), #1466 ) ;
#1116 = VECTOR ( 'NONE', #772, 1000.000000000000000 ) ;
#1117 = COLOUR_RGB ( '',0.2509803921568627416, 0.2509803921568627416, 0.2509803921568627416 ) ;
#1118 = DIRECTION ( 'NONE',  ( -1.000000000000000000, -0.000000000000000000, -0.000000000000000000 ) ) ;
#1119 = PRESENTATION_LAYER_ASSIGNMENT (  '', '', ( #549 ) ) ;
#1120 = CIRCLE ( 'NONE', #3906, 0.2999999999999999334 ) ;
#1121 = SURFACE_STYLE_USAGE ( .BOTH. , #3861 ) ;
#1122 = AXIS2_PLACEMENT_3D ( 'NONE', #3446, #465, #2839 ) ;
#1123 = ADVANCED_FACE ( 'NONE', ( #3355 ), #4069, .F. ) ;
#1124 = COLOUR_RGB ( '',0.2509803921568627416, 0.2509803921568627416, 0.2509803921568627416 ) ;
#1125 = EDGE_CURVE ( 'NONE', #1146, #1251, #297, .T. ) ;
#1126 = SURFACE_STYLE_FILL_AREA ( #109 ) ;
#1127 =( GEOMETRIC_REPRESENTATION_CONTEXT ( 3 ) GLOBAL_UNCERTAINTY_ASSIGNED_CONTEXT ( ( #3094 ) ) GLOBAL_UNIT_ASSIGNED_CONTEXT ( ( #1710, #3347, #3394 ) ) REPRESENTATION_CONTEXT ( 'NONE', 'WORKASPACE' ) );
#1128 = DIRECTION ( 'NONE',  ( 0.000000000000000000, 0.000000000000000000, 1.000000000000000000 ) ) ;
#1129 =( NAMED_UNIT ( * ) PLANE_ANGLE_UNIT ( ) SI_UNIT ( $, .RADIAN. ) );
#1130 = EDGE_CURVE ( 'NONE', #1827, #1318, #356, .T. ) ;
#1131 = CARTESIAN_POINT ( 'NONE',  ( 3.426167354600507586, 6.998342837990125354, 0.2646511399433038592 ) ) ;
#1132 = VECTOR ( 'NONE', #696, 1000.000000000000000 ) ;
#1133 = CARTESIAN_POINT ( 'NONE',  ( -2.078637944876504218, 6.606736465391153779, 1.505000000000002114 ) ) ;
#1134 = VERTEX_POINT ( 'NONE', #4114 ) ;
#1135 = SURFACE_STYLE_FILL_AREA ( #97 ) ;
#1136 = AXIS2_PLACEMENT_3D ( 'NONE', #3893, #1506, #4139 ) ;
#1137 = ORIENTED_EDGE ( 'NONE', *, *, #3692, .T. ) ;
#1138 =( NAMED_UNIT ( * ) PLANE_ANGLE_UNIT ( ) SI_UNIT ( $, .RADIAN. ) );
#1139 = VERTEX_POINT ( 'NONE', #2720 ) ;
#1140 = FACE_OUTER_BOUND ( 'NONE', #1278, .T. ) ;
#1141 = SURFACE_STYLE_USAGE ( .BOTH. , #4205 ) ;
#1142 = DIRECTION ( 'NONE',  ( 0.000000000000000000, -0.5000000000000008882, 0.8660254037844381525 ) ) ;
#1143 = EDGE_CURVE ( 'NONE', #3573, #2718, #710, .T. ) ;
#1144 = MECHANICAL_DESIGN_GEOMETRIC_PRESENTATION_REPRESENTATION (  '', ( #3137 ), #910 ) ;
#1145 = CARTESIAN_POINT ( 'NONE',  ( 5.699999999999998401, 6.606736465391154667, 1.505000000000002336 ) ) ;
#1146 = VERTEX_POINT ( 'NONE', #2043 ) ;
#1147 = CARTESIAN_POINT ( 'NONE',  ( -15.04615972289522396, 3.989999999999997993, 0.000000000000000000 ) ) ;
#1148 = VERTEX_POINT ( 'NONE', #2312 ) ;
#1149 = SURFACE_STYLE_FILL_AREA ( #2850 ) ;
#1150 = SURFACE_STYLE_USAGE ( .BOTH. , #3950 ) ;
#1151 = CARTESIAN_POINT ( 'NONE',  ( 3.326167354600508386, 6.929931966787409081, 0.6896366217054012981 ) ) ;
#1152 = ORIENTED_EDGE ( 'NONE', *, *, #1034, .F. ) ;
#1153 = DIRECTION ( 'NONE',  ( -0.000000000000000000, 1.000000000000000000, -0.000000000000000000 ) ) ;
#1154 =( NAMED_UNIT ( * ) PLANE_ANGLE_UNIT ( ) SI_UNIT ( $, .RADIAN. ) );
#1155 = CARTESIAN_POINT ( 'NONE',  ( -4.500000000000000888, 3.999999999999997335, -2.999999999999997335 ) ) ;
#1156 = ORIENTED_EDGE ( 'NONE', *, *, #3382, .T. ) ;
#1157 =( NAMED_UNIT ( * ) PLANE_ANGLE_UNIT ( ) SI_UNIT ( $, .RADIAN. ) );
#1158 = FILL_AREA_STYLE_COLOUR ( '', #1297 ) ;
#1159 = CARTESIAN_POINT ( 'NONE',  ( 4.038072743607981074, 6.999999999999996447, -0.5297106677528027330 ) ) ;
#1160 = CARTESIAN_POINT ( 'NONE',  ( 6.349999999999998757, -3.600000000000000089, 0.000000000000000000 ) ) ;
#1161 = SURFACE_SIDE_STYLE ('',( #3875 ) ) ;
#1162 = FILL_AREA_STYLE_COLOUR ( '', #3857 ) ;
#1163 = EDGE_CURVE ( 'NONE', #2950, #3308, #3533, .T. ) ;
#1164 = ORIENTED_EDGE ( 'NONE', *, *, #1643, .T. ) ;
#1165 = CIRCLE ( 'NONE', #381, 3.009999999999998899 ) ;
#1167 = ORIENTED_EDGE ( 'NONE', *, *, #3972, .F. ) ;
#1166 = PRESENTATION_LAYER_ASSIGNMENT (  '', '', ( #1305 ) ) ;
#1168 =( LENGTH_UNIT ( ) NAMED_UNIT ( * ) SI_UNIT ( .MILLI., .METRE. ) );
#1169 =( NAMED_UNIT ( * ) SI_UNIT ( $, .STERADIAN. ) SOLID_ANGLE_UNIT ( ) );
#1170 = FILL_AREA_STYLE ('',( #2537 ) ) ;
#1171 =( NAMED_UNIT ( * ) PLANE_ANGLE_UNIT ( ) SI_UNIT ( $, .RADIAN. ) );
#1172 = ORIENTED_EDGE ( 'NONE', *, *, #4404, .T. ) ;
#1173 = VECTOR ( 'NONE', #3124, 1000.000000000000000 ) ;
#1174 = UNCERTAINTY_MEASURE_WITH_UNIT (LENGTH_MEASURE( 1.000000000000000082E-05 ), #2344, 'distance_accuracy_value', 'NONE');
#1175 = CARTESIAN_POINT ( 'NONE',  ( 2.921362055123460699, -3.620999999999999996, -1.505000000000002558 ) ) ;
#1176 = CARTESIAN_POINT ( 'NONE',  ( 2.921362055123460699, 6.606736465391156443, -1.505000000000002558 ) ) ;
#1177 = CARTESIAN_POINT ( 'NONE',  ( -3.758380151290433790, 3.999999999999997335, 2.699999999999997513 ) ) ;
#1178 = AXIS2_PLACEMENT_3D ( 'NONE', #263, #4362, #1285 ) ;
#1179 =( NAMED_UNIT ( * ) SI_UNIT ( $, .STERADIAN. ) SOLID_ANGLE_UNIT ( ) );
#1180 = CARTESIAN_POINT ( 'NONE',  ( -1.573832645399492414, -3.620999999999999996, -0.2646511399433393308 ) ) ;
#1181 = ORIENTED_EDGE ( 'NONE', *, *, #1765, .T. ) ;
#1182 = AXIS2_PLACEMENT_3D ( 'NONE', #1191, #909, #839 ) ;
#1183 = EDGE_CURVE ( 'NONE', #2940, #595, #378, .T. ) ;
#1184 = LINE ( 'NONE', #1564, #1469 ) ;
#1185 =( NAMED_UNIT ( * ) SI_UNIT ( $, .STERADIAN. ) SOLID_ANGLE_UNIT ( ) );
#1186 = VERTEX_POINT ( 'NONE', #2861 ) ;
#1187 = SURFACE_SIDE_STYLE ('',( #1126 ) ) ;
#1188 = CIRCLE ( 'NONE', #2614, 2.999999999999997335 ) ;
#1189 = CIRCLE ( 'NONE', #2830, 1.250000000000000222 ) ;
#1190 = EDGE_CURVE ( 'NONE', #2604, #3368, #4312, .T. ) ;
#1191 = CARTESIAN_POINT ( 'NONE',  ( 3.426167354600507586, -3.620999999999999996, -0.2646511399433742473 ) ) ;
#1192 = MECHANICAL_DESIGN_GEOMETRIC_PRESENTATION_REPRESENTATION (  '', ( #620 ), #2158 ) ;
#1193 = DIRECTION ( 'NONE',  ( -0.000000000000000000, -0.000000000000000000, -1.000000000000000000 ) ) ;
#1194 = AXIS2_PLACEMENT_3D ( 'NONE', #401, #1440, #2438 ) ;
#1195 = ADVANCED_FACE ( 'NONE', ( #2165 ), #79, .T. ) ;
#1196 = DIRECTION ( 'NONE',  ( 1.000000000000000000, -0.000000000000000000, -0.000000000000000000 ) ) ;
#1197 = ORIENTED_EDGE ( 'NONE', *, *, #3958, .T. ) ;
#1198 = CARTESIAN_POINT ( 'NONE',  ( -5.241619848709567542, 3.999999999999997335, -2.999999999999997335 ) ) ;
#1199 = FACE_OUTER_BOUND ( 'NONE', #2497, .T. ) ;
#1200 = PRESENTATION_STYLE_ASSIGNMENT (( #4268 ) ) ;
#1201 = VERTEX_POINT ( 'NONE', #3872 ) ;
#1202 = COLOUR_RGB ( '',0.2509803921568627416, 0.2509803921568627416, 0.2509803921568627416 ) ;
#1203 = CARTESIAN_POINT ( 'NONE',  ( -4.500000000000000888, 6.598076211353309795, -1.500000000000001776 ) ) ;
#1204 = EDGE_CURVE ( 'NONE', #1148, #2874, #4378, .T. ) ;
#1205 = DIRECTION ( 'NONE',  ( 0.000000000000000000, -8.932961421143029129E-15, 1.000000000000000000 ) ) ;
#1206 = STYLED_ITEM ( 'NONE', ( #3017 ), #4390 ) ;
#1207 = CARTESIAN_POINT ( 'NONE',  ( 3.874382620068649086, 6.999999999999994671, -3.523695033696481658E-14 ) ) ;
#1208 = CARTESIAN_POINT ( 'NONE',  ( 2.612549941312443114, -3.620999999999999996, -0.2646511399433742473 ) ) ;
#1209 = ORIENTED_EDGE ( 'NONE', *, *, #2793, .T. ) ;
#1210 = DIRECTION ( 'NONE',  ( 0.000000000000000000, 0.000000000000000000, 1.000000000000000000 ) ) ;
#1211 =( BOUNDED_CURVE ( )  B_SPLINE_CURVE ( 3, ( #2355, #4443, #4038, #678 ),
 .UNSPECIFIED., .F., .T. ) 
 B_SPLINE_CURVE_WITH_KNOTS ( ( 4, 4 ),
 ( 1.048858681528644476, 1.570796326794896780 ),
 .UNSPECIFIED. ) 
 CURVE ( )  GEOMETRIC_REPRESENTATION_ITEM ( )  RATIONAL_B_SPLINE_CURVE ( ( 1.000000000000000000, 0.9774269727874189684, 0.9774269727874189684, 1.000000000000000000 ) ) 
 REPRESENTATION_ITEM ( '' )  );
#1212 = SURFACE_STYLE_FILL_AREA ( #3292 ) ;
#1213 = ORIENTED_EDGE ( 'NONE', *, *, #590, .F. ) ;
#1214 = SURFACE_STYLE_USAGE ( .BOTH. , #2623 ) ;
#1215 = UNCERTAINTY_MEASURE_WITH_UNIT (LENGTH_MEASURE( 1.000000000000000082E-05 ), #1740, 'distance_accuracy_value', 'NONE');
#1216 = EDGE_CURVE ( 'NONE', #2748, #3127, #1463, .T. ) ;
#1217 = DIRECTION ( 'NONE',  ( 1.000000000000000000, 0.000000000000000000, 0.000000000000000000 ) ) ;
#1218 = CARTESIAN_POINT ( 'NONE',  ( 6.000000000000000000, 3.999999999999997335, -0.3999999999999971356 ) ) ;
#1219 = ORIENTED_EDGE ( 'NONE', *, *, #4084, .T. ) ;
#1220 = DIRECTION ( 'NONE',  ( -0.000000000000000000, 0.000000000000000000, -1.000000000000000000 ) ) ;
#1221 = DIRECTION ( 'NONE',  ( -1.000000000000000000, -0.000000000000000000, -0.000000000000000000 ) ) ;
#1222 = CARTESIAN_POINT ( 'NONE',  ( 6.199999999999999289, 3.916515138991167433, -0.06129202177726213174 ) ) ;
#1223 = CARTESIAN_POINT ( 'NONE',  ( -15.04615972289522396, 3.999999999999997335, 2.999999999999997335 ) ) ;
#1224 = DIRECTION ( 'NONE',  ( -0.000000000000000000, 1.000000000000000000, -0.000000000000000000 ) ) ;
#1225 = VERTEX_POINT ( 'NONE', #2128 ) ;
#1226 = ORIENTED_EDGE ( 'NONE', *, *, #188, .F. ) ;
#1227 = EDGE_CURVE ( 'NONE', #638, #3091, #4159, .T. ) ;
#1228 = TOROIDAL_SURFACE ( 'NONE', #2293, 2.999999999999997335, 0.4900000000000004352 ) ;
#1229 = SURFACE_STYLE_FILL_AREA ( #2943 ) ;
#1230 = COLOUR_RGB ( '',0.2509803921568627416, 0.2509803921568627416, 0.2509803921568627416 ) ;
#1231 = EDGE_CURVE ( 'NONE', #1947, #933, #3082, .T. ) ;
#1232 = CARTESIAN_POINT ( 'NONE',  ( 5.350000000000000533, 2.999999999999997335, 3.061616997868383634E-17 ) ) ;
#1233 = AXIS2_PLACEMENT_3D ( 'NONE', #2409, #4377, #1688 ) ;
#1234 = CARTESIAN_POINT ( 'NONE',  ( 6.009999999999999787, 6.338268590217977838, -1.350000000000000977 ) ) ;
#1235 = VERTEX_POINT ( 'NONE', #3219 ) ;
#1236 = DIRECTION ( 'NONE',  ( 0.000000000000000000, 0.000000000000000000, 1.000000000000000000 ) ) ;
#1237 = AXIS2_PLACEMENT_3D ( 'NONE', #2400, #3600, #2752 ) ;
#1238 = DIRECTION ( 'NONE',  ( 0.000000000000000000, 0.000000000000000000, 1.000000000000000000 ) ) ;
#1239 =( NAMED_UNIT ( * ) SI_UNIT ( $, .STERADIAN. ) SOLID_ANGLE_UNIT ( ) );
#1240 = ORIENTED_EDGE ( 'NONE', *, *, #1677, .T. ) ;
#1241 = PLANE ( 'NONE',  #1233 ) ;
#1242 =( GEOMETRIC_REPRESENTATION_CONTEXT ( 3 ) GLOBAL_UNCERTAINTY_ASSIGNED_CONTEXT ( ( #4311 ) ) GLOBAL_UNIT_ASSIGNED_CONTEXT ( ( #67, #1097, #4186 ) ) REPRESENTATION_CONTEXT ( 'NONE', 'WORKASPACE' ) );
#1243 =( NAMED_UNIT ( * ) PLANE_ANGLE_UNIT ( ) SI_UNIT ( $, .RADIAN. ) );
#1244 = VECTOR ( 'NONE', #1818, 1000.000000000000000 ) ;
#1245 = CARTESIAN_POINT ( 'NONE',  ( -5.700000000000000178, 3.999999999999997335, 0.000000000000000000 ) ) ;
#1246 =( NAMED_UNIT ( * ) PLANE_ANGLE_UNIT ( ) SI_UNIT ( $, .RADIAN. ) );
#1247 =( LENGTH_UNIT ( ) NAMED_UNIT ( * ) SI_UNIT ( .MILLI., .METRE. ) );
#1248 =( GEOMETRIC_REPRESENTATION_CONTEXT ( 3 ) GLOBAL_UNCERTAINTY_ASSIGNED_CONTEXT ( ( #1623 ) ) GLOBAL_UNIT_ASSIGNED_CONTEXT ( ( #3511, #3268, #2493 ) ) REPRESENTATION_CONTEXT ( 'NONE', 'WORKASPACE' ) );
#1249 = MECHANICAL_DESIGN_GEOMETRIC_PRESENTATION_REPRESENTATION (  '', ( #887 ), #402 ) ;
#1250 = STYLED_ITEM ( 'NONE', ( #4154 ), #2254 ) ;
#1251 = VERTEX_POINT ( 'NONE', #1407 ) ;
#1252 = DIRECTION ( 'NONE',  ( 0.000000000000000000, -1.000000000000000000, 0.000000000000000000 ) ) ;
#1253 = VECTOR ( 'NONE', #1568, 1000.000000000000000 ) ;
#1254 =( GEOMETRIC_REPRESENTATION_CONTEXT ( 3 ) GLOBAL_UNCERTAINTY_ASSIGNED_CONTEXT ( ( #4433 ) ) GLOBAL_UNIT_ASSIGNED_CONTEXT ( ( #3909, #1085, #421 ) ) REPRESENTATION_CONTEXT ( 'NONE', 'WORKASPACE' ) );
#1255 = DIRECTION ( 'NONE',  ( 0.000000000000000000, 0.000000000000000000, 1.000000000000000000 ) ) ;
#1256 = ADVANCED_FACE ( 'NONE', ( #1140 ), #791, .F. ) ;
#1257 = AXIS2_PLACEMENT_3D ( 'NONE', #2522, #1118, #3126 ) ;
#1258 =( NAMED_UNIT ( * ) SI_UNIT ( $, .STERADIAN. ) SOLID_ANGLE_UNIT ( ) );
#1259 = ORIENTED_EDGE ( 'NONE', *, *, #2337, .T. ) ;
#1260 =( NAMED_UNIT ( * ) SI_UNIT ( $, .STERADIAN. ) SOLID_ANGLE_UNIT ( ) );
#1261 = UNCERTAINTY_MEASURE_WITH_UNIT (LENGTH_MEASURE( 1.000000000000000082E-05 ), #2688, 'distance_accuracy_value', 'NONE');
#1262 = SURFACE_STYLE_USAGE ( .BOTH. , #256 ) ;
#1263 =( GEOMETRIC_REPRESENTATION_CONTEXT ( 3 ) GLOBAL_UNCERTAINTY_ASSIGNED_CONTEXT ( ( #1293 ) ) GLOBAL_UNIT_ASSIGNED_CONTEXT ( ( #3328, #463, #2836 ) ) REPRESENTATION_CONTEXT ( 'NONE', 'WORKASPACE' ) );
#1264 = EDGE_CURVE ( 'NONE', #3829, #137, #1165, .T. ) ;
#1265 =( LENGTH_UNIT ( ) NAMED_UNIT ( * ) SI_UNIT ( .MILLI., .METRE. ) );
#1266 = ORIENTED_EDGE ( 'NONE', *, *, #1806, .F. ) ;
#1267 = STYLED_ITEM ( 'NONE', ( #2485 ), #243 ) ;
#1268 = PRESENTATION_LAYER_ASSIGNMENT (  '', '', ( #3272 ) ) ;
#1269 = DIRECTION ( 'NONE',  ( 0.000000000000000000, 0.000000000000000000, 1.000000000000000000 ) ) ;
#1270 = AXIS2_PLACEMENT_3D ( 'NONE', #4068, #3098, #991 ) ;
#1271 = EDGE_CURVE ( 'NONE', #443, #2447, #2909, .T. ) ;
#1272 = CARTESIAN_POINT ( 'NONE',  ( 5.699999999999998401, 3.999999999999997335, 2.999999999999997335 ) ) ;
#1273 = FILL_AREA_STYLE ('',( #4076 ) ) ;
#1274 =( NAMED_UNIT ( * ) SI_UNIT ( $, .STERADIAN. ) SOLID_ANGLE_UNIT ( ) );
#1275 = SURFACE_SIDE_STYLE ('',( #4389 ) ) ;
#1276 = PRESENTATION_LAYER_ASSIGNMENT (  '', '', ( #572 ) ) ;
#1277 =( LENGTH_UNIT ( ) NAMED_UNIT ( * ) SI_UNIT ( .MILLI., .METRE. ) );
#1278 = EDGE_LOOP ( 'NONE', ( #2470, #2923, #125, #987 ) ) ;
#1279 = VERTEX_POINT ( 'NONE', #3957 ) ;
#1280 = DIRECTION ( 'NONE',  ( -0.000000000000000000, 1.000000000000000000, -0.000000000000000000 ) ) ;
#1281 =( GEOMETRIC_REPRESENTATION_CONTEXT ( 3 ) GLOBAL_UNCERTAINTY_ASSIGNED_CONTEXT ( ( #2057 ) ) GLOBAL_UNIT_ASSIGNED_CONTEXT ( ( #721, #4152, #4172 ) ) REPRESENTATION_CONTEXT ( 'NONE', 'WORKASPACE' ) );
#1282 = DIRECTION ( 'NONE',  ( 0.000000000000000000, 0.000000000000000000, 1.000000000000000000 ) ) ;
#1283 = ORIENTED_EDGE ( 'NONE', *, *, #1291, .T. ) ;
#1284 =( NAMED_UNIT ( * ) SI_UNIT ( $, .STERADIAN. ) SOLID_ANGLE_UNIT ( ) );
#1285 = DIRECTION ( 'NONE',  ( 1.000000000000000000, 0.000000000000000000, 0.000000000000000000 ) ) ;
#1286 = FILL_AREA_STYLE ('',( #2571 ) ) ;
#1287 = DIRECTION ( 'NONE',  ( -1.000000000000000000, 0.000000000000000000, 0.000000000000000000 ) ) ;
#1288 = PRESENTATION_STYLE_ASSIGNMENT (( #4023 ) ) ;
#1289 = ORIENTED_EDGE ( 'NONE', *, *, #1031, .F. ) ;
#1290 = CARTESIAN_POINT ( 'NONE',  ( 4.567783411360789358, 7.009999999999996234, -5.230021342839385600E-16 ) ) ;
#1291 = EDGE_CURVE ( 'NONE', #1312, #2447, #1835, .T. ) ;
#1292 = CARTESIAN_POINT ( 'NONE',  ( 6.199999999999999289, 3.999999999999997335, 0.000000000000000000 ) ) ;
#1293 = UNCERTAINTY_MEASURE_WITH_UNIT (LENGTH_MEASURE( 1.000000000000000082E-05 ), #3328, 'distance_accuracy_value', 'NONE');
#1294 = COLOUR_RGB ( '',1.000000000000000000, 1.000000000000000000, 1.000000000000000000 ) ;
#1295 = CARTESIAN_POINT ( 'NONE',  ( -3.758380151290433790, 6.606736465391154667, 1.505000000000002336 ) ) ;
#1296 = ORIENTED_EDGE ( 'NONE', *, *, #1044, .T. ) ;
#1297 = COLOUR_RGB ( '',0.2509803921568627416, 0.2509803921568627416, 0.2509803921568627416 ) ;
#1298 = DIRECTION ( 'NONE',  ( 0.000000000000000000, 0.000000000000000000, 1.000000000000000000 ) ) ;
#1299 = UNCERTAINTY_MEASURE_WITH_UNIT (LENGTH_MEASURE( 1.000000000000000082E-05 ), #3811, 'distance_accuracy_value', 'NONE');
#1300 = DIRECTION ( 'NONE',  ( -1.000000000000000000, -0.000000000000000000, -0.000000000000000000 ) ) ;
#1301 = AXIS2_PLACEMENT_3D ( 'NONE', #2666, #1994, #4018 ) ;
#1302 = CARTESIAN_POINT ( 'NONE',  ( 4.015803976305994283, 7.009999999999997122, 0.000000000000000000 ) ) ;
#1303 =( GEOMETRIC_REPRESENTATION_CONTEXT ( 3 ) GLOBAL_UNCERTAINTY_ASSIGNED_CONTEXT ( ( #2736 ) ) GLOBAL_UNIT_ASSIGNED_CONTEXT ( ( #2509, #118, #2155 ) ) REPRESENTATION_CONTEXT ( 'NONE', 'WORKASPACE' ) );
#1304 = PRESENTATION_STYLE_ASSIGNMENT (( #2272 ) ) ;
#1305 = STYLED_ITEM ( 'NONE', ( #3213 ), #1601 ) ;
#1306 = CARTESIAN_POINT ( 'NONE',  ( -1.275719955769512470, 6.999999999999997335, -0.1501025758381579756 ) ) ;
#1307 = MECHANICAL_DESIGN_GEOMETRIC_PRESENTATION_REPRESENTATION (  '', ( #3392 ), #3607 ) ;
#1308 = CARTESIAN_POINT ( 'NONE',  ( -5.350000000000000533, 2.999999999999997335, 0.000000000000000000 ) ) ;
#1309 = DIRECTION ( 'NONE',  ( 0.000000000000000000, 0.000000000000000000, 1.000000000000000000 ) ) ;
#1310 = EDGE_CURVE ( 'NONE', #4215, #638, #2585, .T. ) ;
#1311 = DIRECTION ( 'NONE',  ( -1.000000000000000000, -0.000000000000000000, -0.000000000000000000 ) ) ;
#1312 = VERTEX_POINT ( 'NONE', #830 ) ;
#1313 = ADVANCED_FACE ( 'NONE', ( #872 ), #1859, .T. ) ;
#1314 =( GEOMETRIC_REPRESENTATION_CONTEXT ( 3 ) GLOBAL_UNCERTAINTY_ASSIGNED_CONTEXT ( ( #2563 ) ) GLOBAL_UNIT_ASSIGNED_CONTEXT ( ( #3018, #2250, #3430 ) ) REPRESENTATION_CONTEXT ( 'NONE', 'WORKASPACE' ) );
#1315 =( NAMED_UNIT ( * ) PLANE_ANGLE_UNIT ( ) SI_UNIT ( $, .RADIAN. ) );
#1316 = CARTESIAN_POINT ( 'NONE',  ( 6.000000000000000000, 3.433056096185057804, -0.1239349241165817045 ) ) ;
#1317 = DIRECTION ( 'NONE',  ( -0.7071067811865560104, 0.000000000000000000, -0.7071067811865391350 ) ) ;
#1318 = VERTEX_POINT ( 'NONE', #594 ) ;
#1319 = FILL_AREA_STYLE ('',( #3087 ) ) ;
#1320 = MECHANICAL_DESIGN_GEOMETRIC_PRESENTATION_REPRESENTATION (  '', ( #3915 ), #2981 ) ;
#1321 = COLOUR_RGB ( '',1.000000000000000000, 1.000000000000000000, 1.000000000000000000 ) ;
#1322 = FACE_OUTER_BOUND ( 'NONE', #899, .T. ) ;
#1323 = ADVANCED_FACE ( 'NONE', ( #4246 ), #1241, .F. ) ;
#1324 = SURFACE_SIDE_STYLE ('',( #3421 ) ) ;
#1325 = VERTEX_POINT ( 'NONE', #617 ) ;
#1326 = AXIS2_PLACEMENT_3D ( 'NONE', #500, #3933, #1871 ) ;
#1327 = CARTESIAN_POINT ( 'NONE',  ( -15.04615972289522396, 6.977830240515348059, -0.3646511399433393086 ) ) ;
#1328 = MECHANICAL_DESIGN_GEOMETRIC_PRESENTATION_REPRESENTATION (  '', ( #3413 ), #1263 ) ;
#1329 = SURFACE_SIDE_STYLE ('',( #3427 ) ) ;
#1330 = DIRECTION ( 'NONE',  ( 0.000000000000000000, 0.000000000000000000, 1.000000000000000000 ) ) ;
#1331 = ADVANCED_FACE ( 'NONE', ( #988 ), #939, .F. ) ;
#1332 = CARTESIAN_POINT ( 'NONE',  ( -15.04615972289522396, 3.999999999999997335, 0.000000000000000000 ) ) ;
#1333 = CARTESIAN_POINT ( 'NONE',  ( 3.326167354600508386, 6.919931966787409294, 0.6896366217054012981 ) ) ;
#1334 = AXIS2_PLACEMENT_3D ( 'NONE', #468, #1823, #3203 ) ;
#1335 = DIRECTION ( 'NONE',  ( 1.000000000000000000, 0.000000000000000000, 0.000000000000000000 ) ) ;
#1336 = CARTESIAN_POINT ( 'NONE',  ( 6.000000000000000000, 3.374165738668204906, 1.805370128454810384E-11 ) ) ;
#1337 = DIRECTION ( 'NONE',  ( -1.000000000000000000, -0.000000000000000000, -0.000000000000000000 ) ) ;
#1338 = CARTESIAN_POINT ( 'NONE',  ( -0.9841960236940396900, -3.620999999999999996, -3.794707603699265519E-16 ) ) ;
#1339 =( GEOMETRIC_REPRESENTATION_CONTEXT ( 3 ) GLOBAL_UNCERTAINTY_ASSIGNED_CONTEXT ( ( #2639 ) ) GLOBAL_UNIT_ASSIGNED_CONTEXT ( ( #1910, #1138, #58 ) ) REPRESENTATION_CONTEXT ( 'NONE', 'WORKASPACE' ) );
#1340 = PRESENTATION_STYLE_ASSIGNMENT (( #4416 ) ) ;
#1341 = VERTEX_POINT ( 'NONE', #324 ) ;
#1342 = VERTEX_POINT ( 'NONE', #3755 ) ;
#1343 = CARTESIAN_POINT ( 'NONE',  ( -6.000000000000000000, 4.067707825203129346, 1.765858194361268982E-20 ) ) ;
#1344 = UNCERTAINTY_MEASURE_WITH_UNIT (LENGTH_MEASURE( 1.000000000000000082E-05 ), #2951, 'distance_accuracy_value', 'NONE');
#1345 =( GEOMETRIC_REPRESENTATION_CONTEXT ( 3 ) GLOBAL_UNCERTAINTY_ASSIGNED_CONTEXT ( ( #4083 ) ) GLOBAL_UNIT_ASSIGNED_CONTEXT ( ( #2857, #1154, #2794 ) ) REPRESENTATION_CONTEXT ( 'NONE', 'WORKASPACE' ) );
#1346 = FACE_OUTER_BOUND ( 'NONE', #3344, .T. ) ;
#1347 = VERTEX_POINT ( 'NONE', #3350 ) ;
#1348 = FILL_AREA_STYLE_COLOUR ( '', #591 ) ;
#1349 = FILL_AREA_STYLE_COLOUR ( '', #1956 ) ;
#1350 = ADVANCED_FACE ( 'NONE', ( #3733 ), #3710, .F. ) ;
#1351 = AXIS2_PLACEMENT_3D ( 'NONE', #846, #3981, #3642 ) ;
#1352 = UNCERTAINTY_MEASURE_WITH_UNIT (LENGTH_MEASURE( 1.000000000000000082E-05 ), #3884, 'distance_accuracy_value', 'NONE');
#1353 = DIRECTION ( 'NONE',  ( 0.000000000000000000, 0.000000000000000000, 1.000000000000000000 ) ) ;
#1354 =( NAMED_UNIT ( * ) PLANE_ANGLE_UNIT ( ) SI_UNIT ( $, .RADIAN. ) );
#1355 = ORIENTED_EDGE ( 'NONE', *, *, #4191, .T. ) ;
#1356 =( BOUNDED_CURVE ( )  B_SPLINE_CURVE ( 3, ( #4067, #1069, #2695, #4424 ),
 .UNSPECIFIED., .F., .T. ) 
 B_SPLINE_CURVE_WITH_KNOTS ( ( 4, 4 ),
 ( 1.048858681528644476, 1.570796326794896780 ),
 .UNSPECIFIED. ) 
 CURVE ( )  GEOMETRIC_REPRESENTATION_ITEM ( )  RATIONAL_B_SPLINE_CURVE ( ( 1.000000000000000000, 0.9774269727874189684, 0.9774269727874189684, 1.000000000000000000 ) ) 
 REPRESENTATION_ITEM ( '' )  );
#1357 = CARTESIAN_POINT ( 'NONE',  ( -1.573832645399491081, 6.966441344256814716, 0.4482152654681304527 ) ) ;
#1358 = DIRECTION ( 'NONE',  ( 1.000000000000000000, 0.000000000000000000, 0.000000000000000000 ) ) ;
#1359 = ORIENTED_EDGE ( 'NONE', *, *, #1143, .T. ) ;
#1360 = SURFACE_STYLE_USAGE ( .BOTH. , #4026 ) ;
#1361 = CARTESIAN_POINT ( 'NONE',  ( -1.673832645399492725, 3.989999999999997993, 0.000000000000000000 ) ) ;
#1362 = CARTESIAN_POINT ( 'NONE',  ( -15.04615972289522396, 3.999999999999997335, 0.000000000000000000 ) ) ;
#1363 = ADVANCED_FACE ( 'NONE', ( #3374, #3396 ), #4109, .T. ) ;
#1364 = DIRECTION ( 'NONE',  ( 0.000000000000000000, 0.000000000000000000, 1.000000000000000000 ) ) ;
#1365 = PLANE ( 'NONE',  #2696 ) ;
#1366 = VERTEX_POINT ( 'NONE', #458 ) ;
#1367 = EDGE_LOOP ( 'NONE', ( #2203, #2561, #1882, #2992 ) ) ;
#1368 = AXIS2_PLACEMENT_3D ( 'NONE', #3228, #3587, #3996 ) ;
#1369 = SURFACE_SIDE_STYLE ('',( #346 ) ) ;
#1370 = FILL_AREA_STYLE_COLOUR ( '', #3202 ) ;
#1371 = ORIENTED_EDGE ( 'NONE', *, *, #3220, .F. ) ;
#1372 = VECTOR ( 'NONE', #2747, 1000.000000000000000 ) ;
#1373 = SURFACE_SIDE_STYLE ('',( #1647 ) ) ;
#1374 = SURFACE_STYLE_FILL_AREA ( #4134 ) ;
#1375 = STYLED_ITEM ( 'NONE', ( #962 ), #1350 ) ;
#1376 = FILL_AREA_STYLE ('',( #2359 ) ) ;
#1377 = ORIENTED_EDGE ( 'NONE', *, *, #3240, .T. ) ;
#1378 = DIRECTION ( 'NONE',  ( 0.000000000000000000, 0.000000000000000000, 1.000000000000000000 ) ) ;
#1379 =( GEOMETRIC_REPRESENTATION_CONTEXT ( 3 ) GLOBAL_UNCERTAINTY_ASSIGNED_CONTEXT ( ( #2374 ) ) GLOBAL_UNIT_ASSIGNED_CONTEXT ( ( #1525, #1171, #1258 ) ) REPRESENTATION_CONTEXT ( 'NONE', 'WORKASPACE' ) );
#1380 = SURFACE_SIDE_STYLE ('',( #2088 ) ) ;
#1381 =( BOUNDED_CURVE ( )  B_SPLINE_CURVE ( 3, ( #1685, #3323, #4358, #1302 ),
 .UNSPECIFIED., .F., .T. ) 
 B_SPLINE_CURVE_WITH_KNOTS ( ( 4, 4 ),
 ( 1.339627765264865600, 1.570796326794896558 ),
 .UNSPECIFIED. ) 
 CURVE ( )  GEOMETRIC_REPRESENTATION_ITEM ( )  RATIONAL_B_SPLINE_CURVE ( ( 1.000000000000000000, 0.9955517136470726225, 0.9955517136470726225, 1.000000000000000000 ) ) 
 REPRESENTATION_ITEM ( '' )  );
#1382 = EDGE_CURVE ( 'NONE', #3653, #3967, #865, .T. ) ;
#1383 =( NAMED_UNIT ( * ) PLANE_ANGLE_UNIT ( ) SI_UNIT ( $, .RADIAN. ) );
#1384 = PRESENTATION_LAYER_ASSIGNMENT (  '', '', ( #247 ) ) ;
#1385 = CARTESIAN_POINT ( 'NONE',  ( 5.700000000000000178, 3.999999999999997335, 0.000000000000000000 ) ) ;
#1386 = CARTESIAN_POINT ( 'NONE',  ( -1.573832645399492414, -3.620999999999999996, 0.2646511399433387757 ) ) ;
#1387 = DIRECTION ( 'NONE',  ( 1.000000000000000000, 0.000000000000000000, 0.000000000000000000 ) ) ;
#1388 = AXIS2_PLACEMENT_3D ( 'NONE', #949, #307, #270 ) ;
#1389 = VECTOR ( 'NONE', #2642, 1000.000000000000000 ) ;
#1390 = LINE ( 'NONE', #3929, #1132 ) ;
#1391 = ORIENTED_EDGE ( 'NONE', *, *, #2337, .F. ) ;
#1392 = ORIENTED_EDGE ( 'NONE', *, *, #385, .F. ) ;
#1393 = EDGE_CURVE ( 'NONE', #1465, #2991, #3022, .T. ) ;
#1394 = CARTESIAN_POINT ( 'NONE',  ( -4.045757842665390847, 3.999999999999997335, 0.000000000000000000 ) ) ;
#1395 =( GEOMETRIC_REPRESENTATION_CONTEXT ( 3 ) GLOBAL_UNCERTAINTY_ASSIGNED_CONTEXT ( ( #3641 ) ) GLOBAL_UNIT_ASSIGNED_CONTEXT ( ( #3865, #2917, #3946 ) ) REPRESENTATION_CONTEXT ( 'NONE', 'WORKASPACE' ) );
#1396 = CIRCLE ( 'NONE', #3552, 2.999999999999997335 ) ;
#1397 = DIRECTION ( 'NONE',  ( -1.000000000000000000, 0.000000000000000000, 0.000000000000000000 ) ) ;
#1398 = EDGE_CURVE ( 'NONE', #3777, #2266, #2012, .T. ) ;
#1399 = CARTESIAN_POINT ( 'NONE',  ( -1.216653087022414592, 6.999999999999997335, 0.2324570633283696841 ) ) ;
#1400 = CIRCLE ( 'NONE', #3844, 3.009999999999998899 ) ;
#1401 = LINE ( 'NONE', #371, #3902 ) ;
#1402 = PRESENTATION_STYLE_ASSIGNMENT (( #1037 ) ) ;
#1403 = VECTOR ( 'NONE', #543, 1000.000000000000000 ) ;
#1404 = CIRCLE ( 'NONE', #3114, 0.5000000000000004441 ) ;
#1405 = ORIENTED_EDGE ( 'NONE', *, *, #3311, .T. ) ;
#1406 = CARTESIAN_POINT ( 'NONE',  ( 4.567783411360789358, 6.999999999999996447, -5.230021342839385600E-16 ) ) ;
#1407 = CARTESIAN_POINT ( 'NONE',  ( -1.673832645399492725, 6.929931966787401976, 0.6896366217054362702 ) ) ;
#1408 = CARTESIAN_POINT ( 'NONE',  ( 6.349999999999998757, -3.600000000000000089, 0.000000000000000000 ) ) ;
#1409 = MECHANICAL_DESIGN_GEOMETRIC_PRESENTATION_REPRESENTATION (  '', ( #816 ), #45 ) ;
#1410 = STYLED_ITEM ( 'NONE', ( #2488 ), #2773 ) ;
#1411 = DIRECTION ( 'NONE',  ( -0.000000000000000000, 0.5000000000000009992, 0.8660254037844380415 ) ) ;
#1412 = CARTESIAN_POINT ( 'NONE',  ( -1.673832645399492725, 6.919931966787402189, 0.6896366217054362702 ) ) ;
#1413 = SURFACE_STYLE_USAGE ( .BOTH. , #729 ) ;
#1414 = EDGE_CURVE ( 'NONE', #1706, #3696, #4158, .T. ) ;
#1415 =( LENGTH_UNIT ( ) NAMED_UNIT ( * ) SI_UNIT ( .MILLI., .METRE. ) );
#1416 = VECTOR ( 'NONE', #251, 1000.000000000000000 ) ;
#1417 = VERTEX_POINT ( 'NONE', #1066 ) ;
#1418 = ORIENTED_EDGE ( 'NONE', *, *, #4229, .F. ) ;
#1419 = EDGE_LOOP ( 'NONE', ( #2353, #4130, #1805, #3145 ) ) ;
#1420 = SURFACE_SIDE_STYLE ('',( #1434 ) ) ;
#1421 = FACE_OUTER_BOUND ( 'NONE', #1837, .T. ) ;
#1422 = PRESENTATION_STYLE_ASSIGNMENT (( #3781 ) ) ;
#1423 = CARTESIAN_POINT ( 'NONE',  ( 4.567783411360789358, 7.009999999999996234, -5.230021342839385600E-16 ) ) ;
#1424 = SURFACE_SIDE_STYLE ('',( #3496 ) ) ;
#1425 = ORIENTED_EDGE ( 'NONE', *, *, #2440, .F. ) ;
#1426 = SURFACE_SIDE_STYLE ('',( #2020 ) ) ;
#1427 = SURFACE_STYLE_FILL_AREA ( #712 ) ;
#1428 =( NAMED_UNIT ( * ) PLANE_ANGLE_UNIT ( ) SI_UNIT ( $, .RADIAN. ) );
#1429 = DIRECTION ( 'NONE',  ( 1.000000000000000000, 0.000000000000000000, 0.000000000000000000 ) ) ;
#1430 = FILL_AREA_STYLE_COLOUR ( '', #265 ) ;
#1431 = EDGE_LOOP ( 'NONE', ( #131, #3284, #3852, #2651, #1164, #156, #1666 ) ) ;
#1432 =( GEOMETRIC_REPRESENTATION_CONTEXT ( 3 ) GLOBAL_UNCERTAINTY_ASSIGNED_CONTEXT ( ( #937 ) ) GLOBAL_UNIT_ASSIGNED_CONTEXT ( ( #2663, #4394, #2761 ) ) REPRESENTATION_CONTEXT ( 'NONE', 'WORKASPACE' ) );
#1433 = VERTEX_POINT ( 'NONE', #1423 ) ;
#1434 = SURFACE_STYLE_FILL_AREA ( #1453 ) ;
#1435 =( LENGTH_UNIT ( ) NAMED_UNIT ( * ) SI_UNIT ( .MILLI., .METRE. ) );
#1436 = CARTESIAN_POINT ( 'NONE',  ( -5.700000000000000178, 6.338268590217977838, -1.350000000000001421 ) ) ;
#1437 = ORIENTED_EDGE ( 'NONE', *, *, #2377, .F. ) ;
#1438 = CARTESIAN_POINT ( 'NONE',  ( -6.009999999999999787, 6.338268590217977838, -1.350000000000000977 ) ) ;
#1439 = STYLED_ITEM ( 'NONE', ( #3435 ), #841 ) ;
#1440 = DIRECTION ( 'NONE',  ( -1.000000000000000000, 0.000000000000000000, 0.000000000000000000 ) ) ;
#1441 = ORIENTED_EDGE ( 'NONE', *, *, #1414, .F. ) ;
#1442 = DIRECTION ( 'NONE',  ( -1.000000000000000000, 0.000000000000000000, 0.000000000000000000 ) ) ;
#1443 = CARTESIAN_POINT ( 'NONE',  ( -4.500000000000000888, 6.598076211353309795, -1.500000000000001776 ) ) ;
#1444 = CARTESIAN_POINT ( 'NONE',  ( 3.526297835832139516, 6.863325806012412933, -1.041485575528638297 ) ) ;
#1445 = EDGE_CURVE ( 'NONE', #578, #1718, #3164, .T. ) ;
#1446 = AXIS2_PLACEMENT_3D ( 'NONE', #2101, #758, #442 ) ;
#1447 = FILL_AREA_STYLE_COLOUR ( '', #1600 ) ;
#1448 = EDGE_CURVE ( 'NONE', #1761, #2056, #748, .T. ) ;
#1449 = CARTESIAN_POINT ( 'NONE',  ( 3.326167354600508386, 3.989999999999997993, 0.000000000000000000 ) ) ;
#1450 =( GEOMETRIC_REPRESENTATION_CONTEXT ( 3 ) GLOBAL_UNCERTAINTY_ASSIGNED_CONTEXT ( ( #2329 ) ) GLOBAL_UNIT_ASSIGNED_CONTEXT ( ( #4320, #3716, #4341 ) ) REPRESENTATION_CONTEXT ( 'NONE', 'WORKASPACE' ) );
#1451 = PLANE ( 'NONE',  #1388 ) ;
#1452 = ORIENTED_EDGE ( 'NONE', *, *, #91, .T. ) ;
#1453 = FILL_AREA_STYLE ('',( #1753 ) ) ;
#1454 = AXIS2_PLACEMENT_3D ( 'NONE', #3923, #831, #1860 ) ;
#1455 = LINE ( 'NONE', #3116, #824 ) ;
#1456 = CARTESIAN_POINT ( 'NONE',  ( -0.5736379448764857836, 7.009999999999996234, -4.336808689942017736E-16 ) ) ;
#1457 = ORIENTED_EDGE ( 'NONE', *, *, #76, .F. ) ;
#1458 = CYLINDRICAL_SURFACE ( 'NONE', #1541, 2.999999999999997335 ) ;
#1459 = EDGE_CURVE ( 'NONE', #1790, #578, #1801, .T. ) ;
#1460 = CARTESIAN_POINT ( 'NONE',  ( -6.349999999999998757, -3.600000000000000089, 0.000000000000000000 ) ) ;
#1461 = CIRCLE ( 'NONE', #3763, 2.812499999999997335 ) ;
#1462 = AXIS2_PLACEMENT_3D ( 'NONE', #2875, #3232, #426 ) ;
#1463 = LINE ( 'NONE', #4181, #787 ) ;
#1464 = DIRECTION ( 'NONE',  ( 1.000000000000000000, 0.000000000000000000, 0.000000000000000000 ) ) ;
#1465 = VERTEX_POINT ( 'NONE', #737 ) ;
#1466 =( GEOMETRIC_REPRESENTATION_CONTEXT ( 3 ) GLOBAL_UNCERTAINTY_ASSIGNED_CONTEXT ( ( #1662 ) ) GLOBAL_UNIT_ASSIGNED_CONTEXT ( ( #2982, #2314, #3331 ) ) REPRESENTATION_CONTEXT ( 'NONE', 'WORKASPACE' ) );
#1467 = STYLED_ITEM ( 'NONE', ( #4408 ), #3273 ) ;
#1468 = CIRCLE ( 'NONE', #3983, 2.699999999999995293 ) ;
#1469 = VECTOR ( 'NONE', #2549, 1000.000000000000000 ) ;
#1470 = VECTOR ( 'NONE', #2425, 1000.000000000000341 ) ;
#1471 = EDGE_LOOP ( 'NONE', ( #999, #1933, #3109, #3705 ) ) ;
#1472 = VECTOR ( 'NONE', #657, 1000.000000000000000 ) ;
#1473 = ORIENTED_EDGE ( 'NONE', *, *, #3174, .F. ) ;
#1474 = B_SPLINE_CURVE_WITH_KNOTS ( 'NONE', 3,
 ( #3369, #3438, #4418, #4062, #3731, #4393, #2030, #656, #3391, #3804, #957, #1343 ),
 .UNSPECIFIED., .F., .F.,
 ( 4, 2, 2, 2, 2, 4 ),
 ( 0.001826814655488762616, 0.001943952042180147706, 0.002061089428871532795, 0.002295364202254303841, 0.002529638975637074454, 0.002763913749019844632 ),
 .UNSPECIFIED. ) ;
#1475 = DIRECTION ( 'NONE',  ( 1.000000000000000000, 0.000000000000000000, 0.000000000000000000 ) ) ;
#1476 = DIRECTION ( 'NONE',  ( -1.000000000000000000, -0.000000000000000000, -0.000000000000000000 ) ) ;
#1477 = PRESENTATION_LAYER_ASSIGNMENT (  '', '', ( #196 ) ) ;
#1478 = CARTESIAN_POINT ( 'NONE',  ( 3.426167354600507586, 6.976441344256808286, -0.4482152654681659243 ) ) ;
#1479 = DIRECTION ( 'NONE',  ( -1.000000000000000000, 0.000000000000000000, -0.000000000000000000 ) ) ;
#1480 = ORIENTED_EDGE ( 'NONE', *, *, #2833, .T. ) ;
#1481 = VERTEX_POINT ( 'NONE', #424 ) ;
#1482 =( LENGTH_UNIT ( ) NAMED_UNIT ( * ) SI_UNIT ( .MILLI., .METRE. ) );
#1483 = CIRCLE ( 'NONE', #833, 2.699999999999995293 ) ;
#1484 = DIRECTION ( 'NONE',  ( 0.000000000000000000, 0.000000000000000000, 1.000000000000000000 ) ) ;
#1485 = SURFACE_SIDE_STYLE ('',( #2126 ) ) ;
#1486 = APPLICATION_PROTOCOL_DEFINITION ( 'draft international standard', 'automotive_design', 1998, #948 ) ;
#1487 = SURFACE_STYLE_FILL_AREA ( #1817 ) ;
#1488 = EDGE_CURVE ( 'NONE', #3370, #4194, #2957, .T. ) ;
#1489 =( LENGTH_UNIT ( ) NAMED_UNIT ( * ) SI_UNIT ( .MILLI., .METRE. ) );
#1490 = SURFACE_STYLE_USAGE ( .BOTH. , #809 ) ;
#1491 = VERTEX_POINT ( 'NONE', #26 ) ;
#1492 =( BOUNDED_CURVE ( )  B_SPLINE_CURVE ( 3, ( #2198, #516, #1887, #1207 ),
 .UNSPECIFIED., .F., .T. ) 
 B_SPLINE_CURVE_WITH_KNOTS ( ( 4, 4 ),
 ( 1.421331723736976693, 1.570796326794908326 ),
 .UNSPECIFIED. ) 
 CURVE ( )  GEOMETRIC_REPRESENTATION_ITEM ( )  RATIONAL_B_SPLINE_CURVE ( ( 1.000000000000000000, 0.9981392272996881809, 0.9981392272996881809, 1.000000000000000000 ) ) 
 REPRESENTATION_ITEM ( '' )  );
#1493 = ORIENTED_EDGE ( 'NONE', *, *, #2656, .F. ) ;
#1494 = ORIENTED_EDGE ( 'NONE', *, *, #4435, .T. ) ;
#1495 = EDGE_CURVE ( 'NONE', #3209, #1870, #4303, .T. ) ;
#1496 = FILL_AREA_STYLE_COLOUR ( '', #789 ) ;
#1497 = FILL_AREA_STYLE ('',( #1919 ) ) ;
#1498 = CARTESIAN_POINT ( 'NONE',  ( 3.326167354600507498, -3.620999999999999996, 0.6896366217054012981 ) ) ;
#1499 = ORIENTED_EDGE ( 'NONE', *, *, #2612, .F. ) ;
#1500 =( LENGTH_UNIT ( ) NAMED_UNIT ( * ) SI_UNIT ( .MILLI., .METRE. ) );
#1501 = ADVANCED_FACE ( 'NONE', ( #2496 ), #55, .F. ) ;
#1502 = CARTESIAN_POINT ( 'NONE',  ( -2.487450058687556975, 6.987830240515347846, 0.3646511399433389755 ) ) ;
#1503 = DIRECTION ( 'NONE',  ( -1.000000000000000000, -0.000000000000000000, -0.000000000000000000 ) ) ;
#1504 = CYLINDRICAL_SURFACE ( 'NONE', #1553, 2.999999999999997335 ) ;
#1505 = EDGE_LOOP ( 'NONE', ( #3976, #3874, #1197, #3582 ) ) ;
#1506 = DIRECTION ( 'NONE',  ( 0.000000000000000000, 0.000000000000000000, 1.000000000000000000 ) ) ;
#1507 = FILL_AREA_STYLE_COLOUR ( '', #1590 ) ;
#1508 = CIRCLE ( 'NONE', #4017, 3.009999999999998899 ) ;
#1509 = SURFACE_STYLE_FILL_AREA ( #4318 ) ;
#1510 = CARTESIAN_POINT ( 'NONE',  ( -2.387450058687557330, -3.620999999999999996, -0.2646511399433393308 ) ) ;
#1511 = AXIS2_PLACEMENT_3D ( 'NONE', #2340, #303, #684 ) ;
#1512 = EDGE_LOOP ( 'NONE', ( #568, #593, #4190, #4216 ) ) ;
#1513 = ADVANCED_FACE ( 'NONE', ( #3230 ), #504, .F. ) ;
#1514 = STYLED_ITEM ( 'NONE', ( #2037 ), #1363 ) ;
#1515 = FILL_AREA_STYLE_COLOUR ( '', #472 ) ;
#1516 = STYLED_ITEM ( 'NONE', ( #3886 ), #1501 ) ;
#1517 = CARTESIAN_POINT ( 'NONE',  ( -4.045757842665390847, 6.438944043407918372, 1.408125000000000959 ) ) ;
#1518 = ORIENTED_EDGE ( 'NONE', *, *, #2453, .T. ) ;
#1519 = UNCERTAINTY_MEASURE_WITH_UNIT (LENGTH_MEASURE( 1.000000000000000082E-05 ), #2533, 'distance_accuracy_value', 'NONE');
#1520 = CARTESIAN_POINT ( 'NONE',  ( -1.473702164167826956, 6.863325806012412933, -1.041485575528638297 ) ) ;
#1521 =( BOUNDED_CURVE ( )  B_SPLINE_CURVE ( 3, ( #2039, #3095, #646, #3055 ),
 .UNSPECIFIED., .F., .T. ) 
 B_SPLINE_CURVE_WITH_KNOTS ( ( 4, 4 ),
 ( 1.048858681528644476, 1.570796326794896780 ),
 .UNSPECIFIED. ) 
 CURVE ( )  GEOMETRIC_REPRESENTATION_ITEM ( )  RATIONAL_B_SPLINE_CURVE ( ( 1.000000000000000000, 0.9774269727874189684, 0.9774269727874189684, 1.000000000000000000 ) ) 
 REPRESENTATION_ITEM ( '' )  );
#1522 = STYLED_ITEM ( 'NONE', ( #11 ), #1778 ) ;
#1523 = DIRECTION ( 'NONE',  ( 0.000000000000000000, 0.000000000000000000, 1.000000000000000000 ) ) ;
#1524 = EDGE_CURVE ( 'NONE', #3967, #3782, #943, .T. ) ;
#1525 =( LENGTH_UNIT ( ) NAMED_UNIT ( * ) SI_UNIT ( .MILLI., .METRE. ) );
#1526 = VERTEX_POINT ( 'NONE', #1234 ) ;
#1527 = EDGE_LOOP ( 'NONE', ( #3143, #210, #3314, #2142, #1533, #2439, #4157 ) ) ;
#1528 = COLOUR_RGB ( '',0.2509803921568627416, 0.2509803921568627416, 0.2509803921568627416 ) ;
#1529 = UNCERTAINTY_MEASURE_WITH_UNIT (LENGTH_MEASURE( 1.000000000000000082E-05 ), #1550, 'distance_accuracy_value', 'NONE');
#1530 = SURFACE_STYLE_USAGE ( .BOTH. , #1595 ) ;
#1531 = CARTESIAN_POINT ( 'NONE',  ( 3.426167354600507586, 6.966441344256806723, -0.4482152654681659243 ) ) ;
#1532 = SURFACE_STYLE_FILL_AREA ( #1858 ) ;
#1533 = ORIENTED_EDGE ( 'NONE', *, *, #3939, .F. ) ;
#1534 = AXIS2_PLACEMENT_3D ( 'NONE', #1559, #942, #3960 ) ;
#1535 = DIRECTION ( 'NONE',  ( -1.000000000000000000, 0.000000000000000000, 0.000000000000000000 ) ) ;
#1536 = CARTESIAN_POINT ( 'NONE',  ( -5.700000000000000178, 6.338268590217977838, 1.350000000000001865 ) ) ;
#1537 = CARTESIAN_POINT ( 'NONE',  ( -6.349999999999999645, 2.999999999999997335, 0.000000000000000000 ) ) ;
#1538 = MECHANICAL_DESIGN_GEOMETRIC_PRESENTATION_REPRESENTATION (  '', ( #4397 ), #1676 ) ;
#1539 = EDGE_CURVE ( 'NONE', #4194, #235, #2598, .T. ) ;
#1540 = DIRECTION ( 'NONE',  ( -1.000000000000000000, -0.000000000000000000, -0.000000000000000000 ) ) ;
#1541 = AXIS2_PLACEMENT_3D ( 'NONE', #4330, #3640, #1236 ) ;
#1542 = ORIENTED_EDGE ( 'NONE', *, *, #548, .T. ) ;
#1543 = VERTEX_POINT ( 'NONE', #798 ) ;
#1544 = LINE ( 'NONE', #2294, #259 ) ;
#1545 = EDGE_CURVE ( 'NONE', #2874, #382, #3668, .T. ) ;
#1546 = ORIENTED_EDGE ( 'NONE', *, *, #38, .F. ) ;
#1547 = SURFACE_STYLE_USAGE ( .BOTH. , #2960 ) ;
#1548 = PRESENTATION_STYLE_ASSIGNMENT (( #842 ) ) ;
#1549 = COLOUR_RGB ( '',0.2509803921568627416, 0.2509803921568627416, 0.2509803921568627416 ) ;
#1550 =( LENGTH_UNIT ( ) NAMED_UNIT ( * ) SI_UNIT ( .MILLI., .METRE. ) );
#1551 = ORIENTED_EDGE ( 'NONE', *, *, #3700, .T. ) ;
#1552 = FILL_AREA_STYLE ('',( #3616 ) ) ;
#1553 = AXIS2_PLACEMENT_3D ( 'NONE', #1665, #320, #1282 ) ;
#1554 = FILL_AREA_STYLE ('',( #3322 ) ) ;
#1555 = FACE_OUTER_BOUND ( 'NONE', #2619, .T. ) ;
#1556 = ORIENTED_EDGE ( 'NONE', *, *, #2200, .F. ) ;
#1557 = MECHANICAL_DESIGN_GEOMETRIC_PRESENTATION_REPRESENTATION (  '', ( #4345 ), #756 ) ;
#1558 = CARTESIAN_POINT ( 'NONE',  ( -1.937216588639192327, 6.606736465391147561, 1.505000000000001004 ) ) ;
#1559 = CARTESIAN_POINT ( 'NONE',  ( 6.000000000000000000, 3.999999999999997335, 0.000000000000000000 ) ) ;
#1560 = CARTESIAN_POINT ( 'NONE',  ( 6.599999999999999645, 2.999999999999997335, 0.000000000000000000 ) ) ;
#1561 = DIRECTION ( 'NONE',  ( 0.000000000000000000, 0.000000000000000000, 1.000000000000000000 ) ) ;
#1562 = EDGE_CURVE ( 'NONE', #2356, #293, #685, .T. ) ;
#1563 = PRESENTATION_LAYER_ASSIGNMENT (  '', '', ( #1206 ) ) ;
#1564 = CARTESIAN_POINT ( 'NONE',  ( 6.599999999999999645, 2.999999999999997335, 0.000000000000000000 ) ) ;
#1565 = DIRECTION ( 'NONE',  ( 0.000000000000000000, 0.000000000000000000, 1.000000000000000000 ) ) ;
#1566 = PRESENTATION_STYLE_ASSIGNMENT (( #3287 ) ) ;
#1567 = CARTESIAN_POINT ( 'NONE',  ( 4.426362055123480133, -3.620999999999999996, -7.398425687810394468E-16 ) ) ;
#1568 = DIRECTION ( 'NONE',  ( 1.000000000000000000, 0.000000000000000000, 0.000000000000000000 ) ) ;
#1569 = AXIS2_PLACEMENT_3D ( 'NONE', #1645, #4085, #23 ) ;
#1570 = FACE_BOUND ( 'NONE', #1431, .T. ) ;
#1571 = CARTESIAN_POINT ( 'NONE',  ( 3.574596428555374850, 6.998792927604568170, -0.2997861915133027133 ) ) ;
#1572 = CARTESIAN_POINT ( 'NONE',  ( 6.199999999999999289, 3.676097560989631141, 0.2347066466731357604 ) ) ;
#1573 = EDGE_LOOP ( 'NONE', ( #3638, #172, #874, #2162 ) ) ;
#1574 = VERTEX_POINT ( 'NONE', #1898 ) ;
#1575 = CARTESIAN_POINT ( 'NONE',  ( 5.999999999999856115, 3.682499999999892193, 0.2432976572020445760 ) ) ;
#1576 = UNCERTAINTY_MEASURE_WITH_UNIT (LENGTH_MEASURE( 1.000000000000000082E-05 ), #4147, 'distance_accuracy_value', 'NONE');
#1577 = ORIENTED_EDGE ( 'NONE', *, *, #262, .F. ) ;
#1578 = DIRECTION ( 'NONE',  ( -1.000000000000000000, -0.000000000000000000, -0.000000000000000000 ) ) ;
#1579 = PRESENTATION_STYLE_ASSIGNMENT (( #236 ) ) ;
#1580 = SURFACE_SIDE_STYLE ('',( #3262 ) ) ;
#1581 = SURFACE_STYLE_FILL_AREA ( #2570 ) ;
#1582 = SURFACE_STYLE_USAGE ( .BOTH. , #3663 ) ;
#1583 = EDGE_CURVE ( 'NONE', #1041, #514, #2657, .T. ) ;
#1584 = PLANE ( 'NONE',  #3762 ) ;
#1585 = ORIENTED_EDGE ( 'NONE', *, *, #511, .F. ) ;
#1586 = PRESENTATION_LAYER_ASSIGNMENT (  '', '', ( #1439 ) ) ;
#1587 = LINE ( 'NONE', #907, #1038 ) ;
#1588 = PRESENTATION_LAYER_ASSIGNMENT (  '', '', ( #451 ) ) ;
#1589 = CARTESIAN_POINT ( 'NONE',  ( -15.04615972289522396, 6.987830240515347846, 0.3646511399433414735 ) ) ;
#1590 = COLOUR_RGB ( '',0.2509803921568627416, 0.2509803921568627416, 0.2509803921568627416 ) ;
#1591 = DIRECTION ( 'NONE',  ( 0.7071067811865391350, 0.000000000000000000, -0.7071067811865560104 ) ) ;
#1592 = COLOUR_RGB ( '',1.000000000000000000, 1.000000000000000000, 1.000000000000000000 ) ;
#1593 = SURFACE_SIDE_STYLE ('',( #227 ) ) ;
#1594 = EDGE_LOOP ( 'NONE', ( #3879, #1181, #3027, #3061, #871, #4354, #3247, #1055, #2606, #4165, #2077, #4210, #692, #354, #50, #2041, #4396, #1907, #1855, #2919, #570, #2744, #1480, #4151, #416, #3433 ) ) ;
#1595 = SURFACE_SIDE_STYLE ('',( #3282 ) ) ;
#1596 = CARTESIAN_POINT ( 'NONE',  ( -4.963512405443478492, 3.999999999999997335, 2.812499999999997335 ) ) ;
#1597 = VERTEX_POINT ( 'NONE', #3975 ) ;
#1598 =( NAMED_UNIT ( * ) SI_UNIT ( $, .STERADIAN. ) SOLID_ANGLE_UNIT ( ) );
#1599 = ORIENTED_EDGE ( 'NONE', *, *, #1393, .F. ) ;
#1600 = COLOUR_RGB ( '',0.2509803921568627416, 0.2509803921568627416, 0.2509803921568627416 ) ;
#1601 = ADVANCED_FACE ( 'NONE', ( #893 ), #3637, .F. ) ;
#1602 = MECHANICAL_DESIGN_GEOMETRIC_PRESENTATION_REPRESENTATION (  '', ( #3834 ), #4108 ) ;
#1603 =( GEOMETRIC_REPRESENTATION_CONTEXT ( 3 ) GLOBAL_UNCERTAINTY_ASSIGNED_CONTEXT ( ( #184 ) ) GLOBAL_UNIT_ASSIGNED_CONTEXT ( ( #334, #3858, #433 ) ) REPRESENTATION_CONTEXT ( 'NONE', 'WORKASPACE' ) );
#1604 = CARTESIAN_POINT ( 'NONE',  ( -15.04615972289522396, 6.987830240515347846, -0.3646511399433393086 ) ) ;
#1605 = FILL_AREA_STYLE_COLOUR ( '', #309 ) ;
#1606 = FILL_AREA_STYLE ('',( #2345 ) ) ;
#1607 = ORIENTED_EDGE ( 'NONE', *, *, #1987, .T. ) ;
#1608 = CARTESIAN_POINT ( 'NONE',  ( -15.04615972289522396, 6.998342837990122689, 0.2646511399433423839 ) ) ;
#1609 = PRESENTATION_LAYER_ASSIGNMENT (  '', '', ( #4185 ) ) ;
#1610 =( GEOMETRIC_REPRESENTATION_CONTEXT ( 3 ) GLOBAL_UNCERTAINTY_ASSIGNED_CONTEXT ( ( #2634 ) ) GLOBAL_UNIT_ASSIGNED_CONTEXT ( ( #4349, #2160, #1274 ) ) REPRESENTATION_CONTEXT ( 'NONE', 'WORKASPACE' ) );
#1611 = STYLED_ITEM ( 'NONE', ( #254 ), #2387 ) ;
#1612 = DIRECTION ( 'NONE',  ( 1.000000000000000000, 0.000000000000000000, 0.000000000000000000 ) ) ;
#1613 = CIRCLE ( 'NONE', #4120, 0.2999999999999999334 ) ;
#1614 = PRESENTATION_LAYER_ASSIGNMENT (  '', '', ( #1611 ) ) ;
#1615 = FILL_AREA_STYLE_COLOUR ( '', #3256 ) ;
#1616 = DIRECTION ( 'NONE',  ( 0.000000000000000000, 0.000000000000000000, 1.000000000000000000 ) ) ;
#1617 = MECHANICAL_DESIGN_GEOMETRIC_PRESENTATION_REPRESENTATION (  '', ( #549 ), #4124 ) ;
#1618 = DIRECTION ( 'NONE',  ( 0.000000000000000000, 0.000000000000000000, 1.000000000000000000 ) ) ;
#1619 =( GEOMETRIC_REPRESENTATION_CONTEXT ( 3 ) GLOBAL_UNCERTAINTY_ASSIGNED_CONTEXT ( ( #3768 ) ) GLOBAL_UNIT_ASSIGNED_CONTEXT ( ( #1052, #4145, #84 ) ) REPRESENTATION_CONTEXT ( 'NONE', 'WORKASPACE' ) );
#1620 = ORIENTED_EDGE ( 'NONE', *, *, #1018, .T. ) ;
#1621 = ORIENTED_EDGE ( 'NONE', *, *, #347, .F. ) ;
#1622 =( NAMED_UNIT ( * ) PLANE_ANGLE_UNIT ( ) SI_UNIT ( $, .RADIAN. ) );
#1623 = UNCERTAINTY_MEASURE_WITH_UNIT (LENGTH_MEASURE( 1.000000000000000082E-05 ), #3511, 'distance_accuracy_value', 'NONE');
#1624 = CARTESIAN_POINT ( 'NONE',  ( 6.349999999999999645, 2.999999999999997335, 0.000000000000000000 ) ) ;
#1625 = CIRCLE ( 'NONE', #1690, 2.812499999999997335 ) ;
#1626 =( GEOMETRIC_REPRESENTATION_CONTEXT ( 3 ) GLOBAL_UNCERTAINTY_ASSIGNED_CONTEXT ( ( #2792 ) ) GLOBAL_UNIT_ASSIGNED_CONTEXT ( ( #3013, #4133, #3465 ) ) REPRESENTATION_CONTEXT ( 'NONE', 'WORKASPACE' ) );
#1627 = CARTESIAN_POINT ( 'NONE',  ( -5.241619848709567542, 3.999999999999997335, 0.000000000000000000 ) ) ;
#1628 = FACE_OUTER_BOUND ( 'NONE', #3841, .T. ) ;
#1629 = ADVANCED_FACE ( 'NONE', ( #3318 ), #2015, .T. ) ;
#1630 = PRESENTATION_LAYER_ASSIGNMENT (  '', '', ( #2421 ) ) ;
#1631 =( NAMED_UNIT ( * ) PLANE_ANGLE_UNIT ( ) SI_UNIT ( $, .RADIAN. ) );
#1632 = CARTESIAN_POINT ( 'NONE',  ( -1.573832645399491081, 6.976441344256813615, 0.4482152654681304527 ) ) ;
#1633 = ORIENTED_EDGE ( 'NONE', *, *, #3141, .F. ) ;
#1634 = VECTOR ( 'NONE', #3401, 1000.000000000000000 ) ;
#1635 = PLANE ( 'NONE',  #2675 ) ;
#1636 = DIRECTION ( 'NONE',  ( -1.000000000000000000, -0.000000000000000000, -0.000000000000000000 ) ) ;
#1637 =( LENGTH_UNIT ( ) NAMED_UNIT ( * ) SI_UNIT ( .MILLI., .METRE. ) );
#1638 = CARTESIAN_POINT ( 'NONE',  ( 3.874382620068649086, 7.009999999999996234, -3.523657060577889411E-14 ) ) ;
#1639 = LINE ( 'NONE', #3007, #274 ) ;
#1640 = EDGE_CURVE ( 'NONE', #1186, #3294, #92, .T. ) ;
#1641 = ORIENTED_EDGE ( 'NONE', *, *, #1414, .T. ) ;
#1642 = ORIENTED_EDGE ( 'NONE', *, *, #2633, .T. ) ;
#1643 = EDGE_CURVE ( 'NONE', #1318, #1146, #1668, .T. ) ;
#1644 = CARTESIAN_POINT ( 'NONE',  ( -5.350000000000000533, 2.999999999999997335, 0.000000000000000000 ) ) ;
#1645 = CARTESIAN_POINT ( 'NONE',  ( -5.700000000000000178, 6.338268590217977838, 1.350000000000001865 ) ) ;
#1646 = ORIENTED_EDGE ( 'NONE', *, *, #3442, .T. ) ;
#1647 = SURFACE_STYLE_FILL_AREA ( #3030 ) ;
#1648 = EDGE_CURVE ( 'NONE', #578, #3301, #4437, .T. ) ;
#1649 = SURFACE_SIDE_STYLE ('',( #215 ) ) ;
#1650 = SURFACE_SIDE_STYLE ('',( #2413 ) ) ;
#1651 = FILL_AREA_STYLE_COLOUR ( '', #3280 ) ;
#1652 = FILL_AREA_STYLE_COLOUR ( '', #4322 ) ;
#1653 = DIRECTION ( 'NONE',  ( 0.000000000000000000, 0.000000000000000000, 1.000000000000000000 ) ) ;
#1654 = ADVANCED_FACE ( 'NONE', ( #4353 ), #1657, .F. ) ;
#1655 = DIRECTION ( 'NONE',  ( 0.000000000000000000, 0.000000000000000000, 1.000000000000000000 ) ) ;
#1656 = EDGE_CURVE ( 'NONE', #2429, #1761, #4319, .T. ) ;
#1657 = CYLINDRICAL_SURFACE ( 'NONE', #1237, 2.699999999999997513 ) ;
#1658 = EDGE_LOOP ( 'NONE', ( #1167, #1048, #790, #3937 ) ) ;
#1660 = ORIENTED_EDGE ( 'NONE', *, *, #1562, .F. ) ;
#1659 =( GEOMETRIC_REPRESENTATION_CONTEXT ( 3 ) GLOBAL_UNCERTAINTY_ASSIGNED_CONTEXT ( ( #1174 ) ) GLOBAL_UNIT_ASSIGNED_CONTEXT ( ( #2344, #3760, #333 ) ) REPRESENTATION_CONTEXT ( 'NONE', 'WORKASPACE' ) );
#1661 =( LENGTH_UNIT ( ) NAMED_UNIT ( * ) SI_UNIT ( .MILLI., .METRE. ) );
#1662 = UNCERTAINTY_MEASURE_WITH_UNIT (LENGTH_MEASURE( 1.000000000000000082E-05 ), #2982, 'distance_accuracy_value', 'NONE');
#1663 =( GEOMETRIC_REPRESENTATION_CONTEXT ( 3 ) GLOBAL_UNCERTAINTY_ASSIGNED_CONTEXT ( ( #3918 ) ) GLOBAL_UNIT_ASSIGNED_CONTEXT ( ( #350, #1712, #1284 ) ) REPRESENTATION_CONTEXT ( 'NONE', 'WORKASPACE' ) );
#1664 = EDGE_CURVE ( 'NONE', #3696, #4427, #1941, .T. ) ;
#1665 = CARTESIAN_POINT ( 'NONE',  ( -15.04615972289522396, 3.999999999999997335, 0.000000000000000000 ) ) ;
#1666 = ORIENTED_EDGE ( 'NONE', *, *, #793, .T. ) ;
#1667 = LINE ( 'NONE', #661, #613 ) ;
#1668 =( BOUNDED_CURVE ( )  B_SPLINE_CURVE ( 3, ( #1986, #343, #3366, #584 ),
 .UNSPECIFIED., .F., .T. ) 
 B_SPLINE_CURVE_WITH_KNOTS ( ( 4, 4 ),
 ( 1.339627765264877812, 1.570796326794896558 ),
 .UNSPECIFIED. ) 
 CURVE ( )  GEOMETRIC_REPRESENTATION_ITEM ( )  RATIONAL_B_SPLINE_CURVE ( ( 1.000000000000000000, 0.9955517136470730666, 0.9955517136470730666, 1.000000000000000000 ) ) 
 REPRESENTATION_ITEM ( '' )  );
#1669 = DIRECTION ( 'NONE',  ( -0.000000000000000000, 0.5000000000000008882, -0.8660254037844381525 ) ) ;
#1670 = PLANE ( 'NONE',  #2392 ) ;
#1671 = AXIS2_PLACEMENT_3D ( 'NONE', #2166, #1535, #2883 ) ;
#1672 = FILL_AREA_STYLE ('',( #2000 ) ) ;
#1673 =( NAMED_UNIT ( * ) PLANE_ANGLE_UNIT ( ) SI_UNIT ( $, .RADIAN. ) );
#1674 = AXIS2_PLACEMENT_3D ( 'NONE', #1004, #439, #221 ) ;
#1675 = EDGE_LOOP ( 'NONE', ( #3562, #71, #2144, #2528 ) ) ;
#1676 =( GEOMETRIC_REPRESENTATION_CONTEXT ( 3 ) GLOBAL_UNCERTAINTY_ASSIGNED_CONTEXT ( ( #2678 ) ) GLOBAL_UNIT_ASSIGNED_CONTEXT ( ( #1415, #716, #4056 ) ) REPRESENTATION_CONTEXT ( 'NONE', 'WORKASPACE' ) );
#1677 = EDGE_CURVE ( 'NONE', #13, #1947, #3105, .T. ) ;
#1678 = SURFACE_STYLE_USAGE ( .BOTH. , #315 ) ;
#1679 = ORIENTED_EDGE ( 'NONE', *, *, #2515, .T. ) ;
#1680 = ORIENTED_EDGE ( 'NONE', *, *, #3454, .F. ) ;
#1681 = FACE_OUTER_BOUND ( 'NONE', #4432, .T. ) ;
#1682 = PRESENTATION_LAYER_ASSIGNMENT (  '', '', ( #3915 ) ) ;
#1683 = COLOUR_RGB ( '',0.8980392156862745390, 0.9176470588235293713, 0.9294117647058823817 ) ;
#1684 = DIRECTION ( 'NONE',  ( 0.000000000000000000, 0.000000000000000000, 1.000000000000000000 ) ) ;
#1685 = CARTESIAN_POINT ( 'NONE',  ( 3.326167354600507498, 6.929931966787391318, -0.6896366217054715753 ) ) ;
#1686 = ORIENTED_EDGE ( 'NONE', *, *, #4316, .F. ) ;
#1687 =( GEOMETRIC_REPRESENTATION_CONTEXT ( 3 ) GLOBAL_UNCERTAINTY_ASSIGNED_CONTEXT ( ( #4387 ) ) GLOBAL_UNIT_ASSIGNED_CONTEXT ( ( #2558, #1673, #4098 ) ) REPRESENTATION_CONTEXT ( 'NONE', 'WORKASPACE' ) );
#1688 = DIRECTION ( 'NONE',  ( 0.000000000000000000, 0.000000000000000000, 1.000000000000000000 ) ) ;
#1689 = CARTESIAN_POINT ( 'NONE',  ( -4.036487594556522396, 3.999999999999997335, 0.000000000000000000 ) ) ;
#1690 = AXIS2_PLACEMENT_3D ( 'NONE', #1040, #4020, #2 ) ;
#1691 = CARTESIAN_POINT ( 'NONE',  ( -5.700000000000000178, 3.999999999999997335, -2.699999999999997513 ) ) ;
#1692 = FACE_OUTER_BOUND ( 'NONE', #3776, .T. ) ;
#1693 = MECHANICAL_DESIGN_GEOMETRIC_PRESENTATION_REPRESENTATION (  '', ( #1973 ), #1127 ) ;
#1694 = FACE_OUTER_BOUND ( 'NONE', #1970, .T. ) ;
#1695 = AXIS2_PLACEMENT_3D ( 'NONE', #3876, #4436, #1057 ) ;
#1696 = FACE_OUTER_BOUND ( 'NONE', #3548, .T. ) ;
#1697 = EDGE_CURVE ( 'NONE', #1827, #4422, #2147, .T. ) ;
#1698 = EDGE_LOOP ( 'NONE', ( #4138, #1219, #3110, #437 ) ) ;
#1699 = UNCERTAINTY_MEASURE_WITH_UNIT (LENGTH_MEASURE( 1.000000000000000082E-05 ), #996, 'distance_accuracy_value', 'NONE');
#1700 = CARTESIAN_POINT ( 'NONE',  ( -1.673832645399492502, 6.919931966787401301, -0.6896366217054367143 ) ) ;
#1701 =( LENGTH_UNIT ( ) NAMED_UNIT ( * ) SI_UNIT ( .MILLI., .METRE. ) );
#1702 = SURFACE_SIDE_STYLE ('',( #3457 ) ) ;
#1703 = COLOUR_RGB ( '',0.2509803921568627416, 0.2509803921568627416, 0.2509803921568627416 ) ;
#1704 = CARTESIAN_POINT ( 'NONE',  ( 4.015803976305960532, -3.620999999999999996, -3.529428414880126010E-14 ) ) ;
#1705 = VERTEX_POINT ( 'NONE', #3837 ) ;
#1706 = VERTEX_POINT ( 'NONE', #434 ) ;
#1707 =( NAMED_UNIT ( * ) SI_UNIT ( $, .STERADIAN. ) SOLID_ANGLE_UNIT ( ) );
#1708 = UNCERTAINTY_MEASURE_WITH_UNIT (LENGTH_MEASURE( 1.000000000000000082E-05 ), #760, 'distance_accuracy_value', 'NONE');
#1709 = SURFACE_SIDE_STYLE ('',( #4063 ) ) ;
#1710 =( LENGTH_UNIT ( ) NAMED_UNIT ( * ) SI_UNIT ( .MILLI., .METRE. ) );
#1711 = ORIENTED_EDGE ( 'NONE', *, *, #2140, .F. ) ;
#1712 =( NAMED_UNIT ( * ) PLANE_ANGLE_UNIT ( ) SI_UNIT ( $, .RADIAN. ) );
#1713 = CARTESIAN_POINT ( 'NONE',  ( 6.000000000000000000, 3.460166254275071296, 0.1469710842088365887 ) ) ;
#1714 = COLOUR_RGB ( '',0.2509803921568627416, 0.2509803921568627416, 0.2509803921568627416 ) ;
#1715 = UNCERTAINTY_MEASURE_WITH_UNIT (LENGTH_MEASURE( 1.000000000000000082E-05 ), #2999, 'distance_accuracy_value', 'NONE');
#1716 = DIRECTION ( 'NONE',  ( -0.000000000000000000, 1.000000000000000000, 1.224646799147353207E-16 ) ) ;
#1717 = DIRECTION ( 'NONE',  ( 2.665140039478574920E-16, 0.000000000000000000, 1.000000000000000000 ) ) ;
#1718 = VERTEX_POINT ( 'NONE', #2072 ) ;
#1719 =( LENGTH_UNIT ( ) NAMED_UNIT ( * ) SI_UNIT ( .MILLI., .METRE. ) );
#1720 = DIRECTION ( 'NONE',  ( -0.7071067811865515695, 0.000000000000000000, -0.7071067811865435759 ) ) ;
#1721 = CARTESIAN_POINT ( 'NONE',  ( 4.426362055123480133, -3.620999999999999996, -7.398425687810394468E-16 ) ) ;
#1722 = DIRECTION ( 'NONE',  ( 1.000000000000000000, -0.000000000000000000, -0.000000000000000000 ) ) ;
#1723 =( NAMED_UNIT ( * ) SI_UNIT ( $, .STERADIAN. ) SOLID_ANGLE_UNIT ( ) );
#1724 = EDGE_LOOP ( 'NONE', ( #1599, #3277, #3481, #399 ) ) ;
#1725 = EDGE_CURVE ( 'NONE', #3931, #1543, #3079, .T. ) ;
#1726 = FILL_AREA_STYLE_COLOUR ( '', #255 ) ;
#1727 = ORIENTED_EDGE ( 'NONE', *, *, #3629, .F. ) ;
#1728 = STYLED_ITEM ( 'NONE', ( #2299 ), #838 ) ;
#1729 = CARTESIAN_POINT ( 'NONE',  ( 2.925694258555775473, 6.599232868937662033, 1.500667796567688006 ) ) ;
#1730 = EDGE_CURVE ( 'NONE', #1341, #2685, #3451, .T. ) ;
#1731 = DIRECTION ( 'NONE',  ( -0.7071067811865435759, 0.000000000000000000, 0.7071067811865515695 ) ) ;
#1732 = ORIENTED_EDGE ( 'NONE', *, *, #3523, .T. ) ;
#1733 = CIRCLE ( 'NONE', #4019, 2.999999999999997335 ) ;
#1734 = LINE ( 'NONE', #1327, #1816 ) ;
#1735 =( NAMED_UNIT ( * ) PLANE_ANGLE_UNIT ( ) SI_UNIT ( $, .RADIAN. ) );
#1736 = EDGE_LOOP ( 'NONE', ( #895, #2419, #718, #3334 ) ) ;
#1737 =( NAMED_UNIT ( * ) SI_UNIT ( $, .STERADIAN. ) SOLID_ANGLE_UNIT ( ) );
#1738 = ADVANCED_FACE ( 'NONE', ( #3744 ), #997, .T. ) ;
#1739 = COLOUR_RGB ( '',0.2509803921568627416, 0.2509803921568627416, 0.2509803921568627416 ) ;
#1740 =( LENGTH_UNIT ( ) NAMED_UNIT ( * ) SI_UNIT ( .MILLI., .METRE. ) );
#1741 = SURFACE_STYLE_USAGE ( .BOTH. , #3148 ) ;
#1742 = ORIENTED_EDGE ( 'NONE', *, *, #4302, .F. ) ;
#1743 = DIRECTION ( 'NONE',  ( -1.000000000000000000, 0.000000000000000000, -0.000000000000000000 ) ) ;
#1744 = PRESENTATION_STYLE_ASSIGNMENT (( #2022 ) ) ;
#1745 = CARTESIAN_POINT ( 'NONE',  ( -6.599999999999998757, -3.600000000000000089, 3.061616997868381785E-17 ) ) ;
#1746 = SURFACE_SIDE_STYLE ('',( #3131 ) ) ;
#1747 = EDGE_LOOP ( 'NONE', ( #446, #2795, #1752, #734 ) ) ;
#1748 = SURFACE_STYLE_USAGE ( .BOTH. , #4100 ) ;
#1749 = AXIS2_PLACEMENT_3D ( 'NONE', #3285, #1908, #3985 ) ;
#1750 = SURFACE_STYLE_USAGE ( .BOTH. , #1702 ) ;
#1751 = EDGE_LOOP ( 'NONE', ( #675, #4281, #2267, #3615 ) ) ;
#1752 = ORIENTED_EDGE ( 'NONE', *, *, #3603, .F. ) ;
#1753 = FILL_AREA_STYLE_COLOUR ( '', #2616 ) ;
#1754 = AXIS2_PLACEMENT_3D ( 'NONE', #1962, #929, #633 ) ;
#1755 = CARTESIAN_POINT ( 'NONE',  ( 6.066223133706102999, 3.692019575478113769, -0.2557205684993372197 ) ) ;
#1756 = DIRECTION ( 'NONE',  ( -1.000000000000000000, -0.000000000000000000, -0.000000000000000000 ) ) ;
#1757 = VECTOR ( 'NONE', #2335, 1000.000000000000000 ) ;
#1758 = DIRECTION ( 'NONE',  ( -1.000000000000000000, 0.000000000000000000, 1.181278933872158003E-15 ) ) ;
#1759 = COLOUR_RGB ( '',0.2509803921568627416, 0.2509803921568627416, 0.2509803921568627416 ) ;
#1760 = AXIS2_PLACEMENT_3D ( 'NONE', #3949, #4284, #1612 ) ;
#1761 = VERTEX_POINT ( 'NONE', #1412 ) ;
#1762 = DIRECTION ( 'NONE',  ( 1.000000000000000000, 0.000000000000000000, 0.000000000000000000 ) ) ;
#1763 = FILL_AREA_STYLE ('',( #406 ) ) ;
#1764 = SURFACE_STYLE_USAGE ( .BOTH. , #4141 ) ;
#1765 = EDGE_CURVE ( 'NONE', #4215, #2447, #2047, .T. ) ;
#1766 = FILL_AREA_STYLE_COLOUR ( '', #2912 ) ;
#1767 = FACE_OUTER_BOUND ( 'NONE', #1471, .T. ) ;
#1768 = AXIS2_PLACEMENT_3D ( 'NONE', #54, #369, #423 ) ;
#1769 = ORIENTED_EDGE ( 'NONE', *, *, #4301, .T. ) ;
#1770 = FILL_AREA_STYLE ('',( #14 ) ) ;
#1771 = CARTESIAN_POINT ( 'NONE',  ( -2.487450058687556975, -3.620999999999999996, 0.3646511399433389755 ) ) ;
#1772 = CIRCLE ( 'NONE', #2181, 0.2999999999999999334 ) ;
#1773 = VECTOR ( 'NONE', #3238, 1000.000000000000000 ) ;
#1774 = ORIENTED_EDGE ( 'NONE', *, *, #1583, .T. ) ;
#1775 = CARTESIAN_POINT ( 'NONE',  ( -1.125617379931350914, 7.009999999999996234, -3.659182332138577465E-16 ) ) ;
#1776 = VERTEX_POINT ( 'NONE', #337 ) ;
#1777 = PLANE ( 'NONE',  #2436 ) ;
#1778 = ADVANCED_FACE ( 'NONE', ( #2444 ), #3173, .F. ) ;
#1779 = ADVANCED_FACE ( 'NONE', ( #2364 ), #452, .F. ) ;
#1780 = CARTESIAN_POINT ( 'NONE',  ( -1.618401123403500508, 6.872454318159569198, 1.044763178527003067 ) ) ;
#1781 = ORIENTED_EDGE ( 'NONE', *, *, #4052, .T. ) ;
#1782 = CARTESIAN_POINT ( 'NONE',  ( 5.699999999999998401, 3.999999999999997335, 0.000000000000000000 ) ) ;
#1783 = DIRECTION ( 'NONE',  ( 1.000000000000000000, 0.000000000000000000, 0.000000000000000000 ) ) ;
#1784 = EDGE_CURVE ( 'NONE', #2855, #2013, #2019, .T. ) ;
#1785 = SURFACE_STYLE_FILL_AREA ( #2723 ) ;
#1786 = FACE_OUTER_BOUND ( 'NONE', #1813, .T. ) ;
#1787 = APPLICATION_CONTEXT ( 'automotive_design' ) ;
#1788 = SURFACE_STYLE_FILL_AREA ( #2149 ) ;
#1789 = EDGE_CURVE ( 'NONE', #2967, #2940, #1802, .T. ) ;
#1790 = VERTEX_POINT ( 'NONE', #105 ) ;
#1791 = CARTESIAN_POINT ( 'NONE',  ( -1.573832645399491081, 6.976441344256813615, 0.4482152654681304527 ) ) ;
#1792 =( LENGTH_UNIT ( ) NAMED_UNIT ( * ) SI_UNIT ( .MILLI., .METRE. ) );
#1793 = ORIENTED_EDGE ( 'NONE', *, *, #1031, .T. ) ;
#1794 = COLOUR_RGB ( '',0.2509803921568627416, 0.2509803921568627416, 0.2509803921568627416 ) ;
#1795 = CARTESIAN_POINT ( 'NONE',  ( -1.673832645399492502, -3.620999999999999996, -0.3646511399433393086 ) ) ;
#1796 = MECHANICAL_DESIGN_GEOMETRIC_PRESENTATION_REPRESENTATION (  '', ( #1439 ), #4309 ) ;
#1797 = DIRECTION ( 'NONE',  ( 0.000000000000000000, 0.000000000000000000, 1.000000000000000000 ) ) ;
#1798 = CARTESIAN_POINT ( 'NONE',  ( 6.199999999999999289, 3.676097560982547918, -0.2347066466859114575 ) ) ;
#1799 = AXIS2_PLACEMENT_3D ( 'NONE', #2412, #3786, #966 ) ;
#1800 = FILL_AREA_STYLE_COLOUR ( '', #690 ) ;
#1801 = CIRCLE ( 'NONE', #455, 0.3100000000000003864 ) ;
#1802 = LINE ( 'NONE', #2487, #2229 ) ;
#1803 = ORIENTED_EDGE ( 'NONE', *, *, #91, .F. ) ;
#1804 = FILL_AREA_STYLE_COLOUR ( '', #1683 ) ;
#1805 = ORIENTED_EDGE ( 'NONE', *, *, #4066, .T. ) ;
#1806 = EDGE_CURVE ( 'NONE', #3209, #2966, #4209, .T. ) ;
#1807 = SURFACE_STYLE_FILL_AREA ( #3466 ) ;
#1808 = ORIENTED_EDGE ( 'NONE', *, *, #2687, .F. ) ;
#1809 = ORIENTED_EDGE ( 'NONE', *, *, #2123, .T. ) ;
#1810 = CARTESIAN_POINT ( 'NONE',  ( 6.199999999999999289, 3.999999999999997335, 0.3999999999999975242 ) ) ;
#1811 = SURFACE_STYLE_FILL_AREA ( #462 ) ;
#1812 = PLANE ( 'NONE',  #119 ) ;
#1813 = EDGE_LOOP ( 'NONE', ( #3676, #2109, #1213, #155, #3644, #18, #3214, #551, #357, #1577, #3357, #1680, #116, #1062, #2192, #4232, #1546, #4221, #2868, #88, #160, #1899, #3009, #2223, #2665, #779 ) ) ;
#1814 = MECHANICAL_DESIGN_GEOMETRIC_PRESENTATION_REPRESENTATION (  '', ( #1111 ), #2247 ) ;
#1815 = SURFACE_STYLE_USAGE ( .BOTH. , #2342 ) ;
#1816 = VECTOR ( 'NONE', #645, 1000.000000000000000 ) ;
#1817 = FILL_AREA_STYLE ('',( #2502 ) ) ;
#1818 = DIRECTION ( 'NONE',  ( -1.000000000000000000, -0.000000000000000000, -0.000000000000000000 ) ) ;
#1819 =( NAMED_UNIT ( * ) PLANE_ANGLE_UNIT ( ) SI_UNIT ( $, .RADIAN. ) );
#1820 = CIRCLE ( 'NONE', #2319, 0.3999999999999971356 ) ;
#1821 = TOROIDAL_SURFACE ( 'NONE', #4121, 1.000000000000000000, 0.2500000000000000555 ) ;
#1822 = CARTESIAN_POINT ( 'NONE',  ( -1.103348612629294623, 6.999999999999996447, 0.5297106677528026220 ) ) ;
#1823 = DIRECTION ( 'NONE',  ( 0.000000000000000000, 0.000000000000000000, 1.000000000000000000 ) ) ;
#1824 = CIRCLE ( 'NONE', #264, 0.5000000000000004441 ) ;
#1825 = AXIS2_PLACEMENT_3D ( 'NONE', #2446, #4274, #2467 ) ;
#1826 = FILL_AREA_STYLE ('',( #2916 ) ) ;
#1827 = VERTEX_POINT ( 'NONE', #3877 ) ;
#1828 = AXIS2_PLACEMENT_3D ( 'NONE', #3922, #4292, #140 ) ;
#1829 = FACE_OUTER_BOUND ( 'NONE', #233, .T. ) ;
#1830 = ADVANCED_FACE ( 'NONE', ( #788 ), #471, .T. ) ;
#1831 = TOROIDAL_SURFACE ( 'NONE', #1768, 2.699999999999997513, 0.3099999999999999423 ) ;
#1832 = ORIENTED_EDGE ( 'NONE', *, *, #2215, .T. ) ;
#1833 = CARTESIAN_POINT ( 'NONE',  ( 2.612549941312443114, 6.998342837990120024, -0.2646511399433742473 ) ) ;
#1834 = AXIS2_PLACEMENT_3D ( 'NONE', #1338, #1591, #1317 ) ;
#1835 =( BOUNDED_CURVE ( )  B_SPLINE_CURVE ( 3, ( #191, #4336, #2605, #1558 ),
 .UNSPECIFIED., .F., .T. ) 
 B_SPLINE_CURVE_WITH_KNOTS ( ( 4, 4 ),
 ( 4.712388980384689674, 5.235987755982990599 ),
 .UNSPECIFIED. ) 
 CURVE ( )  GEOMETRIC_REPRESENTATION_ITEM ( )  RATIONAL_B_SPLINE_CURVE ( ( 1.000000000000000000, 0.9772838841927119491, 0.9772838841927119491, 1.000000000000000000 ) ) 
 REPRESENTATION_ITEM ( '' )  );
#1836 = DIRECTION ( 'NONE',  ( 0.000000000000000000, 0.000000000000000000, 1.000000000000000000 ) ) ;
#1837 = EDGE_LOOP ( 'NONE', ( #3903, #3295, #3139, #2326 ) ) ;
#1838 = VERTEX_POINT ( 'NONE', #3628 ) ;
#1839 = PRESENTATION_STYLE_ASSIGNMENT (( #485 ) ) ;
#1840 = DIRECTION ( 'NONE',  ( 0.000000000000000000, 0.000000000000000000, 1.000000000000000000 ) ) ;
#1841 = CARTESIAN_POINT ( 'NONE',  ( -4.500000000000000888, 6.165063509461090163, -1.250000000000001110 ) ) ;
#1842 = ORIENTED_EDGE ( 'NONE', *, *, #2641, .F. ) ;
#1843 = DIRECTION ( 'NONE',  ( -0.000000000000000000, -0.5000000000000009992, -0.8660254037844380415 ) ) ;
#1844 =( NAMED_UNIT ( * ) PLANE_ANGLE_UNIT ( ) SI_UNIT ( $, .RADIAN. ) );
#1845 = DIRECTION ( 'NONE',  ( 1.000000000000000000, 0.000000000000000000, 0.000000000000000000 ) ) ;
#1846 = ADVANCED_FACE ( 'NONE', ( #3306 ), #289, .T. ) ;
#1847 = SURFACE_STYLE_USAGE ( .BOTH. , #3560 ) ;
#1848 = DIRECTION ( 'NONE',  ( 0.000000000000000000, 0.000000000000000000, 1.000000000000000000 ) ) ;
#1849 = ORIENTED_EDGE ( 'NONE', *, *, #1664, .T. ) ;
#1850 = ADVANCED_FACE ( 'NONE', ( #600 ), #269, .T. ) ;
#1851 = CARTESIAN_POINT ( 'NONE',  ( -1.573832645399491081, 6.966441344256814716, 0.4482152654681304527 ) ) ;
#1852 = CYLINDRICAL_SURFACE ( 'NONE', #342, 0.2500000000000002220 ) ;
#1853 = CARTESIAN_POINT ( 'NONE',  ( 6.134983310215529784, 3.687702711345545836, 0.2507221134869890844 ) ) ;
#1854 = ORIENTED_EDGE ( 'NONE', *, *, #2113, .F. ) ;
#1855 = ORIENTED_EDGE ( 'NONE', *, *, #4024, .T. ) ;
#1856 = SURFACE_STYLE_USAGE ( .BOTH. , #3144 ) ;
#1857 = PRESENTATION_STYLE_ASSIGNMENT (( #2654 ) ) ;
#1858 = FILL_AREA_STYLE ('',( #530 ) ) ;
#1859 = PLANE ( 'NONE',  #4237 ) ;
#1860 = DIRECTION ( 'NONE',  ( 0.000000000000000000, 0.000000000000000000, 1.000000000000000000 ) ) ;
#1861 = CARTESIAN_POINT ( 'NONE',  ( -1.125617379931350914, 7.009999999999996234, -3.659182332138577465E-16 ) ) ;
#1862 = MECHANICAL_DESIGN_GEOMETRIC_PRESENTATION_REPRESENTATION (  '', ( #147 ), #2590 ) ;
#1863 = CARTESIAN_POINT ( 'NONE',  ( -6.099999999999999645, 2.999999999999997335, 0.000000000000000000 ) ) ;
#1864 = ADVANCED_FACE ( 'NONE', ( #4383 ), #3690, .F. ) ;
#1865 =( GEOMETRIC_REPRESENTATION_CONTEXT ( 3 ) GLOBAL_UNCERTAINTY_ASSIGNED_CONTEXT ( ( #1878 ) ) GLOBAL_UNIT_ASSIGNED_CONTEXT ( ( #101, #2775, #3894 ) ) REPRESENTATION_CONTEXT ( 'NONE', 'WORKASPACE' ) );
#1866 = DIRECTION ( 'NONE',  ( -1.000000000000000000, 0.000000000000000000, 0.000000000000000000 ) ) ;
#1867 = SURFACE_STYLE_USAGE ( .BOTH. , #1915 ) ;
#1868 = SURFACE_STYLE_USAGE ( .BOTH. , #223 ) ;
#1870 = VERTEX_POINT ( 'NONE', #3832 ) ;
#1869 = STYLED_ITEM ( 'NONE', ( #4031 ), #1629 ) ;
#1871 = DIRECTION ( 'NONE',  ( 0.7071067811865556774, 0.000000000000000000, -0.7071067811865392461 ) ) ;
#1872 = MECHANICAL_DESIGN_GEOMETRIC_PRESENTATION_REPRESENTATION (  '', ( #3312 ), #2818 ) ;
#1873 = DIRECTION ( 'NONE',  ( -1.000000000000000000, -0.000000000000000000, -0.000000000000000000 ) ) ;
#1874 = EDGE_CURVE ( 'NONE', #2622, #170, #3380, .T. ) ;
#1875 = ORIENTED_EDGE ( 'NONE', *, *, #2230, .T. ) ;
#1876 = ORIENTED_EDGE ( 'NONE', *, *, #3167, .T. ) ;
#1877 = AXIS2_PLACEMENT_3D ( 'NONE', #1332, #3475, #4405 ) ;
#1878 = UNCERTAINTY_MEASURE_WITH_UNIT (LENGTH_MEASURE( 1.000000000000000082E-05 ), #101, 'distance_accuracy_value', 'NONE');
#1879 = DIRECTION ( 'NONE',  ( 1.000000000000000000, 0.000000000000000000, 0.000000000000000000 ) ) ;
#1880 = DIRECTION ( 'NONE',  ( 1.000000000000000000, 0.000000000000000000, 0.000000000000000000 ) ) ;
#1881 =( NAMED_UNIT ( * ) SI_UNIT ( $, .STERADIAN. ) SOLID_ANGLE_UNIT ( ) );
#1882 = ORIENTED_EDGE ( 'NONE', *, *, #3104, .F. ) ;
#1883 =( LENGTH_UNIT ( ) NAMED_UNIT ( * ) SI_UNIT ( .MILLI., .METRE. ) );
#1884 = CARTESIAN_POINT ( 'NONE',  ( -15.04615972289522396, 6.987830240515351399, 0.3646511399433076117 ) ) ;
#1885 = FILL_AREA_STYLE ('',( #535 ) ) ;
#1886 = DIRECTION ( 'NONE',  ( 1.000000000000000000, -0.000000000000000000, -0.000000000000000000 ) ) ;
#1887 = CARTESIAN_POINT ( 'NONE',  ( 3.724280044230487974, 6.999999999999999112, 0.1501025758381232811 ) ) ;
#1888 = MECHANICAL_DESIGN_GEOMETRIC_PRESENTATION_REPRESENTATION (  '', ( #325 ), #2908 ) ;
#1889 = ORIENTED_EDGE ( 'NONE', *, *, #1034, .T. ) ;
#1890 = EDGE_CURVE ( 'NONE', #1705, #2748, #2968, .T. ) ;
#1891 = EDGE_LOOP ( 'NONE', ( #742, #3497, #3630, #3868 ) ) ;
#1892 = DIRECTION ( 'NONE',  ( 1.000000000000000000, 0.000000000000000000, 0.000000000000000000 ) ) ;
#1893 =( GEOMETRIC_REPRESENTATION_CONTEXT ( 3 ) GLOBAL_UNCERTAINTY_ASSIGNED_CONTEXT ( ( #2280 ) ) GLOBAL_UNIT_ASSIGNED_CONTEXT ( ( #2391, #2649, #3765 ) ) REPRESENTATION_CONTEXT ( 'NONE', 'WORKASPACE' ) );
#1894 = FILL_AREA_STYLE_COLOUR ( '', #4338 ) ;
#1895 = PRESENTATION_LAYER_ASSIGNMENT (  '', '', ( #2838 ) ) ;
#1896 = CARTESIAN_POINT ( 'NONE',  ( -2.078637944876504662, 6.606736465391153779, -1.505000000000002336 ) ) ;
#1897 =( NAMED_UNIT ( * ) PLANE_ANGLE_UNIT ( ) SI_UNIT ( $, .RADIAN. ) );
#1898 = CARTESIAN_POINT ( 'NONE',  ( -4.963512405443478492, 3.999999999999997335, -2.812499999999997335 ) ) ;
#1899 = ORIENTED_EDGE ( 'NONE', *, *, #3463, .T. ) ;
#1900 = COLOUR_RGB ( '',0.2509803921568627416, 0.2509803921568627416, 0.2509803921568627416 ) ;
#1901 = ADVANCED_FACE ( 'NONE', ( #1694 ), #4071, .T. ) ;
#1902 = CARTESIAN_POINT ( 'NONE',  ( -15.04615972289522396, 6.599232868937661145, -1.500667796567688006 ) ) ;
#1903 = CARTESIAN_POINT ( 'NONE',  ( -1.476979767166191948, 6.872454318159569198, -1.044763178527003289 ) ) ;
#1904 = EDGE_LOOP ( 'NONE', ( #1499, #1832, #3951, #4240 ) ) ;
#1905 =( GEOMETRIC_REPRESENTATION_CONTEXT ( 3 ) GLOBAL_UNCERTAINTY_ASSIGNED_CONTEXT ( ( #3827 ) ) GLOBAL_UNIT_ASSIGNED_CONTEXT ( ( #3196, #490, #100 ) ) REPRESENTATION_CONTEXT ( 'NONE', 'WORKASPACE' ) );
#1906 = FILL_AREA_STYLE_COLOUR ( '', #727 ) ;
#1907 = ORIENTED_EDGE ( 'NONE', *, *, #3412, .T. ) ;
#1908 = DIRECTION ( 'NONE',  ( -1.000000000000000000, -0.000000000000000000, -0.000000000000000000 ) ) ;
#1909 = CIRCLE ( 'NONE', #429, 0.2999999999999999334 ) ;
#1910 =( LENGTH_UNIT ( ) NAMED_UNIT ( * ) SI_UNIT ( .MILLI., .METRE. ) );
#1911 = LINE ( 'NONE', #1223, #174 ) ;
#1912 = EDGE_CURVE ( 'NONE', #4233, #2718, #1025, .T. ) ;
#1913 = EDGE_CURVE ( 'NONE', #1481, #2401, #252, .T. ) ;
#1914 = CARTESIAN_POINT ( 'NONE',  ( -5.700000000000000178, 3.999999999999997335, 0.000000000000000000 ) ) ;
#1915 = SURFACE_SIDE_STYLE ('',( #3966 ) ) ;
#1916 = CARTESIAN_POINT ( 'NONE',  ( -1.125617379931350914, 6.999999999999994671, -3.221369485334804121E-16 ) ) ;
#1917 = VECTOR ( 'NONE', #1280, 1000.000000000000000 ) ;
#1918 = FILL_AREA_STYLE_COLOUR ( '', #860 ) ;
#1919 = FILL_AREA_STYLE_COLOUR ( '', #3561 ) ;
#1920 = ADVANCED_FACE ( 'NONE', ( #34 ), #4323, .T. ) ;
#1921 = CARTESIAN_POINT ( 'NONE',  ( -15.04615972289522396, 3.999999999999997335, 0.000000000000000000 ) ) ;
#1922 = VERTEX_POINT ( 'NONE', #2776 ) ;
#1923 = CARTESIAN_POINT ( 'NONE',  ( -5.700000000000000178, 6.338268590217977838, 1.350000000000001865 ) ) ;
#1924 =( BOUNDED_CURVE ( )  B_SPLINE_CURVE ( 3, ( #603, #2958, #2277, #1290 ),
 .UNSPECIFIED., .F., .F. ) 
 B_SPLINE_CURVE_WITH_KNOTS ( ( 4, 4 ),
 ( 1.047197551196596743, 1.570796326794896558 ),
 .UNSPECIFIED. ) 
 CURVE ( )  GEOMETRIC_REPRESENTATION_ITEM ( )  RATIONAL_B_SPLINE_CURVE ( ( 1.000000000000000000, 0.9772838841927120601, 0.9772838841927120601, 1.000000000000000000 ) ) 
 REPRESENTATION_ITEM ( '' )  );
#1925 = UNCERTAINTY_MEASURE_WITH_UNIT (LENGTH_MEASURE( 1.000000000000000082E-05 ), #3378, 'distance_accuracy_value', 'NONE');
#1926 = CARTESIAN_POINT ( 'NONE',  ( -0.9636522941760106153, 7.009999999999996234, -0.5314357055368280625 ) ) ;
#1927 = ORIENTED_EDGE ( 'NONE', *, *, #993, .F. ) ;
#1928 = CARTESIAN_POINT ( 'NONE',  ( -2.565773270911368531, 7.695428574523474730, 2.133556682272170768 ) ) ;
#1929 = ORIENTED_EDGE ( 'NONE', *, *, #3939, .T. ) ;
#1930 = DIRECTION ( 'NONE',  ( 1.998855029608932176E-16, 0.000000000000000000, 1.000000000000000000 ) ) ;
#1931 = DIRECTION ( 'NONE',  ( 0.000000000000000000, 0.000000000000000000, 1.000000000000000000 ) ) ;
#1932 = DIRECTION ( 'NONE',  ( 0.000000000000000000, 0.000000000000000000, 1.000000000000000000 ) ) ;
#1933 = ORIENTED_EDGE ( 'NONE', *, *, #3129, .T. ) ;
#1934 = TOROIDAL_SURFACE ( 'NONE', #1368, 2.999999999999997335, 0.5000000000000002220 ) ;
#1935 = DIRECTION ( 'NONE',  ( 0.000000000000000000, 0.000000000000000000, 1.000000000000000000 ) ) ;
#1936 = STYLED_ITEM ( 'NONE', ( #3791 ), #1123 ) ;
#1937 = STYLED_ITEM ( 'NONE', ( #2536 ), #769 ) ;
#1938 = STYLED_ITEM ( 'NONE', ( #4003 ), #1323 ) ;
#1939 =( LENGTH_UNIT ( ) NAMED_UNIT ( * ) SI_UNIT ( .MILLI., .METRE. ) );
#1940 = DIRECTION ( 'NONE',  ( -6.123233995736766036E-17, -1.000000000000000000, 0.000000000000000000 ) ) ;
#1941 = CIRCLE ( 'NONE', #2380, 3.009999999999998899 ) ;
#1942 = VERTEX_POINT ( 'NONE', #3519 ) ;
#1943 = DIRECTION ( 'NONE',  ( 0.000000000000000000, -0.5000000000000008882, 0.8660254037844381525 ) ) ;
#1944 = EDGE_CURVE ( 'NONE', #2125, #3719, #2910, .T. ) ;
#1945 = AXIS2_PLACEMENT_3D ( 'NONE', #1208, #1287, #1309 ) ;
#1946 = LINE ( 'NONE', #2268, #1985 ) ;
#1947 = VERTEX_POINT ( 'NONE', #102 ) ;
#1948 = STYLED_ITEM ( 'NONE', ( #3402 ), #1920 ) ;
#1949 = AXIS2_PLACEMENT_3D ( 'NONE', #1689, #3467, #1067 ) ;
#1950 = DIRECTION ( 'NONE',  ( 1.000000000000000000, 0.000000000000000000, 0.000000000000000000 ) ) ;
#1951 = LINE ( 'NONE', #1604, #3208 ) ;
#1952 = AXIS2_PLACEMENT_3D ( 'NONE', #2939, #2955, #1128 ) ;
#1953 = MECHANICAL_DESIGN_GEOMETRIC_PRESENTATION_REPRESENTATION (  '', ( #2408 ), #2540 ) ;
#1954 = EDGE_CURVE ( 'NONE', #2013, #1041, #3237, .T. ) ;
#1955 = PRESENTATION_LAYER_ASSIGNMENT (  '', '', ( #3542 ) ) ;
#1956 = COLOUR_RGB ( '',0.2509803921568627416, 0.2509803921568627416, 0.2509803921568627416 ) ;
#1957 = CARTESIAN_POINT ( 'NONE',  ( 6.000000000000000000, 6.338268590217977838, 1.350000000000001865 ) ) ;
#1958 = UNCERTAINTY_MEASURE_WITH_UNIT (LENGTH_MEASURE( 1.000000000000000082E-05 ), #732, 'distance_accuracy_value', 'NONE');
#1959 = VECTOR ( 'NONE', #4344, 1000.000000000000000 ) ;
#1960 = STYLED_ITEM ( 'NONE', ( #478 ), #2523 ) ;
#1961 = CARTESIAN_POINT ( 'NONE',  ( -15.04615972289522396, 6.977830240515348059, 0.3646511399433414735 ) ) ;
#1962 = CARTESIAN_POINT ( 'NONE',  ( -6.000000000000000000, 3.999999999999997335, 0.000000000000000000 ) ) ;
#1963 = SURFACE_STYLE_FILL_AREA ( #674 ) ;
#1964 = COLOUR_RGB ( '',0.2509803921568627416, 0.2509803921568627416, 0.2509803921568627416 ) ;
#1965 = ORIENTED_EDGE ( 'NONE', *, *, #976, .T. ) ;
#1966 = UNCERTAINTY_MEASURE_WITH_UNIT (LENGTH_MEASURE( 1.000000000000000082E-05 ), #2281, 'distance_accuracy_value', 'NONE');
#1967 = CARTESIAN_POINT ( 'NONE',  ( 3.426167354600507586, 3.999999999999997335, 0.000000000000000000 ) ) ;
#1968 =( GEOMETRIC_REPRESENTATION_CONTEXT ( 3 ) GLOBAL_UNCERTAINTY_ASSIGNED_CONTEXT ( ( #631 ) ) GLOBAL_UNIT_ASSIGNED_CONTEXT ( ( #3400, #1354, #708 ) ) REPRESENTATION_CONTEXT ( 'NONE', 'WORKASPACE' ) );
#1969 = FILL_AREA_STYLE_COLOUR ( '', #2115 ) ;
#1970 = EDGE_LOOP ( 'NONE', ( #3729, #228, #3539, #3654, #802, #108, #2009 ) ) ;
#1971 = SURFACE_STYLE_USAGE ( .BOTH. , #4445 ) ;
#1972 = EDGE_CURVE ( 'NONE', #567, #595, #3242, .T. ) ;
#1973 = STYLED_ITEM ( 'NONE', ( #1992 ), #3805 ) ;
#1974 = CIRCLE ( 'NONE', #2341, 0.2999999999999999334 ) ;
#1975 = DIRECTION ( 'NONE',  ( -1.000000000000000000, -0.000000000000000000, -0.000000000000000000 ) ) ;
#1976 = B_SPLINE_CURVE_WITH_KNOTS ( 'NONE', 3,
 ( #90, #481, #2454, #3211, #4196, #3140 ),
 .UNSPECIFIED., .F., .F.,
 ( 4, 2, 4 ),
 ( 0.003801836011932583238, 0.003981856245874477659, 0.004161876479816371648 ),
 .UNSPECIFIED. ) ;
#1977 = FILL_AREA_STYLE ('',( #305 ) ) ;
#1978 = EDGE_CURVE ( 'NONE', #422, #982, #3610, .T. ) ;
#1979 = SURFACE_STYLE_FILL_AREA ( #649 ) ;
#1980 = TOROIDAL_SURFACE ( 'NONE', #2491, 2.699999999999997513, 0.3000000000000000444 ) ;
#1981 = VECTOR ( 'NONE', #3222, 1000.000000000000000 ) ;
#1982 = CARTESIAN_POINT ( 'NONE',  ( 6.099999999999998757, -3.600000000000000089, 3.061616997868392262E-17 ) ) ;
#1983 = FACE_OUTER_BOUND ( 'NONE', #459, .T. ) ;
#1984 = DIRECTION ( 'NONE',  ( 0.000000000000000000, 0.000000000000000000, 1.000000000000000000 ) ) ;
#1985 = VECTOR ( 'NONE', #3954, 1000.000000000000000 ) ;
#1986 = CARTESIAN_POINT ( 'NONE',  ( -1.673832645399492502, 6.929931966787401088, -0.6896366217054367143 ) ) ;
#1987 = EDGE_CURVE ( 'NONE', #2451, #3218, #4180, .T. ) ;
#1988 = ORIENTED_EDGE ( 'NONE', *, *, #2278, .F. ) ;
#1989 = EDGE_LOOP ( 'NONE', ( #783, #1359, #3856, #3590 ) ) ;
#1990 = DIRECTION ( 'NONE',  ( -0.000000000000000000, 1.000000000000000000, 1.224646799147353207E-16 ) ) ;
#1991 = PRESENTATION_STYLE_ASSIGNMENT (( #2737 ) ) ;
#1992 = PRESENTATION_STYLE_ASSIGNMENT (( #2713 ) ) ;
#1993 = VERTEX_POINT ( 'NONE', #2129 ) ;
#1994 = DIRECTION ( 'NONE',  ( -0.7071067811865439090, 0.000000000000000000, -0.7071067811865512365 ) ) ;
#1995 = EDGE_CURVE ( 'NONE', #514, #856, #3896, .T. ) ;
#1996 = LINE ( 'NONE', #2717, #2295 ) ;
#1997 = DIRECTION ( 'NONE',  ( 1.000000000000000000, 0.000000000000000000, -2.665140039478574920E-16 ) ) ;
#1998 = CARTESIAN_POINT ( 'NONE',  ( 3.326167354600508386, 6.919931966787409294, 0.6896366217054012981 ) ) ;
#1999 = EDGE_CURVE ( 'NONE', #2810, #2494, #313, .T. ) ;
#2000 = FILL_AREA_STYLE_COLOUR ( '', #3182 ) ;
#2001 = CARTESIAN_POINT ( 'NONE',  ( 1.434226729088580621, 9.427479382092354143, -3.133556682272174321 ) ) ;
#2002 = UNCERTAINTY_MEASURE_WITH_UNIT (LENGTH_MEASURE( 1.000000000000000082E-05 ), #4211, 'distance_accuracy_value', 'NONE');
#2003 =( NAMED_UNIT ( * ) PLANE_ANGLE_UNIT ( ) SI_UNIT ( $, .RADIAN. ) );
#2004 = SURFACE_STYLE_FILL_AREA ( #3364 ) ;
#2005 = CARTESIAN_POINT ( 'NONE',  ( -4.036487594556522396, 3.999999999999997335, 0.000000000000000000 ) ) ;
#2006 = FILL_AREA_STYLE_COLOUR ( '', #4242 ) ;
#2007 = ORIENTED_EDGE ( 'NONE', *, *, #1291, .F. ) ;
#2009 = ORIENTED_EDGE ( 'NONE', *, *, #1677, .F. ) ;
#2008 = AXIS2_PLACEMENT_3D ( 'NONE', #2837, #765, #1797 ) ;
#2010 = DIRECTION ( 'NONE',  ( -1.000000000000000000, -0.000000000000000000, -0.000000000000000000 ) ) ;
#2011 = CARTESIAN_POINT ( 'NONE',  ( -6.000000000000000000, 3.999999999999997335, 0.000000000000000000 ) ) ;
#2012 = CIRCLE ( 'NONE', #666, 0.3099999999999994982 ) ;
#2013 = VERTEX_POINT ( 'NONE', #3575 ) ;
#2014 = SURFACE_STYLE_FILL_AREA ( #3734 ) ;
#2015 = TOROIDAL_SURFACE ( 'NONE', #3604, 2.699999999999997513, 0.3000000000000000444 ) ;
#2016 =( NAMED_UNIT ( * ) SI_UNIT ( $, .STERADIAN. ) SOLID_ANGLE_UNIT ( ) );
#2017 = DIRECTION ( 'NONE',  ( 0.000000000000000000, 0.000000000000000000, 1.000000000000000000 ) ) ;
#2018 = DIRECTION ( 'NONE',  ( 0.000000000000000000, 0.000000000000000000, 1.000000000000000000 ) ) ;
#2019 = CIRCLE ( 'NONE', #2662, 3.009999999999998899 ) ;
#2020 = SURFACE_STYLE_FILL_AREA ( #1763 ) ;
#2021 = CARTESIAN_POINT ( 'NONE',  ( 5.700000000000000178, 3.999999999999997335, 0.000000000000000000 ) ) ;
#2022 = SURFACE_STYLE_USAGE ( .BOTH. , #2700 ) ;
#2023 = CLOSED_SHELL ( 'NONE', ( #2254, #3722, #1107, #769, #1256, #1778, #450, #2807, #3037, #171, #3728, #4390, #4163, #2773, #2084, #1331, #3643, #1629, #230, #2304, #69, #3474, #670, #2059, #2246, #785, #3033, #4275, #3586, #1363, #1920, #2989, #565, #3849, #4340, #2628, #2707, #3970, #2483, #420, #1738, #3038, #268, #1513, #3840, #2948, #2050, #838, #3564, #2387, #4296, #1654, #2349, #3449, #1350, #2443, #3825, #1864, #3080, #63, #2197, #604, #404, #2464, #1123, #112, #1779, #3245, #411, #3805, #3993, #2523, #243, #901, #208, #1313, #1195, #1850, #3327, #1901, #1601, #1501, #3545, #3583, #4442, #1323, #4244, #698, #3273, #3569, #1830, #2559, #542, #973, #3373, #1846 ) ) ;
#2024 =( NAMED_UNIT ( * ) PLANE_ANGLE_UNIT ( ) SI_UNIT ( $, .RADIAN. ) );
#2025 = FILL_AREA_STYLE ('',( #2351 ) ) ;
#2026 = VECTOR ( 'NONE', #123, 1000.000000000000000 ) ;
#2027 = VECTOR ( 'NONE', #3824, 1000.000000000000000 ) ;
#2028 =( NAMED_UNIT ( * ) PLANE_ANGLE_UNIT ( ) SI_UNIT ( $, .RADIAN. ) );
#2029 = ORIENTED_EDGE ( 'NONE', *, *, #3288, .T. ) ;
#2030 = CARTESIAN_POINT ( 'NONE',  ( -6.000000000000001776, 3.654096507276967554, 0.2440735182344788146 ) ) ;
#2031 = AXIS2_PLACEMENT_3D ( 'NONE', #3563, #792, #2094 ) ;
#2032 = AXIS2_PLACEMENT_3D ( 'NONE', #3866, #3112, #51 ) ;
#2033 = CARTESIAN_POINT ( 'NONE',  ( 3.067115614793085143, 6.599232868937661145, -1.500667796567688006 ) ) ;
#2034 = FILL_AREA_STYLE ('',( #1969 ) ) ;
#2035 = ORIENTED_EDGE ( 'NONE', *, *, #1583, .F. ) ;
#2036 = CIRCLE ( 'NONE', #2325, 2.999999999999997335 ) ;
#2037 = PRESENTATION_STYLE_ASSIGNMENT (( #681 ) ) ;
#2038 = DIRECTION ( 'NONE',  ( 0.000000000000000000, 0.000000000000000000, 1.000000000000000000 ) ) ;
#2039 = CARTESIAN_POINT ( 'NONE',  ( -2.074305741444189444, 6.599232868937661145, -1.500667796567688006 ) ) ;
#2040 = FACE_OUTER_BOUND ( 'NONE', #3029, .T. ) ;
#2041 = ORIENTED_EDGE ( 'NONE', *, *, #435, .T. ) ;
#2042 = CARTESIAN_POINT ( 'NONE',  ( 3.326167354600507498, 6.987830240515350511, 0.3646511399433039480 ) ) ;
#2043 = CARTESIAN_POINT ( 'NONE',  ( -0.9841960236940412443, 7.009999999999996234, 0.000000000000000000 ) ) ;
#2044 =( NAMED_UNIT ( * ) PLANE_ANGLE_UNIT ( ) SI_UNIT ( $, .RADIAN. ) );
#2045 = ORIENTED_EDGE ( 'NONE', *, *, #144, .F. ) ;
#2046 = DIRECTION ( 'NONE',  ( 0.000000000000000000, 0.000000000000000000, 1.000000000000000000 ) ) ;
#2047 = LINE ( 'NONE', #4431, #4385 ) ;
#2048 = PRODUCT_DEFINITION_FORMATION_WITH_SPECIFIED_SOURCE ( 'ANY', '', #202, .NOT_KNOWN. ) ;
#2049 = DIRECTION ( 'NONE',  ( -1.000000000000000000, -0.000000000000000000, -0.000000000000000000 ) ) ;
#2050 = ADVANCED_FACE ( 'NONE', ( #3198 ), #3473, .T. ) ;
#2051 =( NAMED_UNIT ( * ) SI_UNIT ( $, .STERADIAN. ) SOLID_ANGLE_UNIT ( ) );
#2052 = CARTESIAN_POINT ( 'NONE',  ( 1.434226729088583951, 9.427479382092354143, 3.133556682272172988 ) ) ;
#2053 = ORIENTED_EDGE ( 'NONE', *, *, #290, .F. ) ;
#2054 = ORIENTED_EDGE ( 'NONE', *, *, #262, .T. ) ;
#2055 = CARTESIAN_POINT ( 'NONE',  ( -3.758380151290433790, 6.598076211353309795, 1.500000000000001776 ) ) ;
#2056 = VERTEX_POINT ( 'NONE', #2520 ) ;
#2057 = UNCERTAINTY_MEASURE_WITH_UNIT (LENGTH_MEASURE( 1.000000000000000082E-05 ), #721, 'distance_accuracy_value', 'NONE');
#2058 = PLANE ( 'NONE',  #4359 ) ;
#2059 = ADVANCED_FACE ( 'NONE', ( #3302 ), #3599, .T. ) ;
#2060 = SURFACE_STYLE_USAGE ( .BOTH. , #703 ) ;
#2061 = ORIENTED_EDGE ( 'NONE', *, *, #3070, .T. ) ;
#2062 = FILL_AREA_STYLE_COLOUR ( '', #3026 ) ;
#2063 = CARTESIAN_POINT ( 'NONE',  ( 6.000000000000000000, 3.374165738668204906, 1.805370128454810384E-11 ) ) ;
#2064 = DIRECTION ( 'NONE',  ( 0.000000000000000000, 0.000000000000000000, 1.000000000000000000 ) ) ;
#2065 = CARTESIAN_POINT ( 'NONE',  ( -4.036487594556522396, 3.999999999999997335, -2.812499999999996447 ) ) ;
#2066 =( NAMED_UNIT ( * ) PLANE_ANGLE_UNIT ( ) SI_UNIT ( $, .RADIAN. ) );
#2067 = CARTESIAN_POINT ( 'NONE',  ( 6.099999999999999645, 2.999999999999997335, 3.061616997868383634E-17 ) ) ;
#2068 = DIRECTION ( 'NONE',  ( 0.000000000000000000, 0.000000000000000000, 1.000000000000000000 ) ) ;
#2069 =( NAMED_UNIT ( * ) SI_UNIT ( $, .STERADIAN. ) SOLID_ANGLE_UNIT ( ) );
#2070 =( BOUNDED_CURVE ( )  B_SPLINE_CURVE ( 3, ( #651, #3103, #628, #308 ),
 .UNSPECIFIED., .F., .T. ) 
 B_SPLINE_CURVE_WITH_KNOTS ( ( 4, 4 ),
 ( 4.712388980384689674, 5.234326625650941978 ),
 .UNSPECIFIED. ) 
 CURVE ( )  GEOMETRIC_REPRESENTATION_ITEM ( )  RATIONAL_B_SPLINE_CURVE ( ( 1.000000000000000000, 0.9774269727874189684, 0.9774269727874189684, 1.000000000000000000 ) ) 
 REPRESENTATION_ITEM ( '' )  );
#2071 = CARTESIAN_POINT ( 'NONE',  ( 3.426167354600507586, -3.620999999999999996, 0.4482152654680955361 ) ) ;
#2072 = CARTESIAN_POINT ( 'NONE',  ( -5.241619848709567542, 6.606736465391154667, -1.505000000000001892 ) ) ;
#2073 = DIRECTION ( 'NONE',  ( 1.000000000000000000, 0.000000000000000000, 0.000000000000000000 ) ) ;
#2074 = CARTESIAN_POINT ( 'NONE',  ( -3.758380151290433790, 3.999999999999997335, -2.999999999999997335 ) ) ;
#2075 = DIRECTION ( 'NONE',  ( -1.000000000000000000, -0.000000000000000000, -0.000000000000000000 ) ) ;
#2076 = FACE_OUTER_BOUND ( 'NONE', #3447, .T. ) ;
#2077 = ORIENTED_EDGE ( 'NONE', *, *, #1648, .T. ) ;
#2078 = ORIENTED_EDGE ( 'NONE', *, *, #2238, .T. ) ;
#2079 =( NAMED_UNIT ( * ) SI_UNIT ( $, .STERADIAN. ) SOLID_ANGLE_UNIT ( ) );
#2080 = DIRECTION ( 'NONE',  ( 0.7071067811865558994, 0.000000000000000000, -0.7071067811865392461 ) ) ;
#2081 = PRESENTATION_STYLE_ASSIGNMENT (( #2060 ) ) ;
#2082 = CIRCLE ( 'NONE', #2516, 0.2999999999999999334 ) ;
#2083 = DIRECTION ( 'NONE',  ( 0.000000000000000000, 6.339521008553117803E-15, 1.000000000000000000 ) ) ;
#2084 = ADVANCED_FACE ( 'NONE', ( #2586 ), #27, .F. ) ;
#2085 = ORIENTED_EDGE ( 'NONE', *, *, #3914, .T. ) ;
#2086 = DIRECTION ( 'NONE',  ( 1.000000000000000000, 0.000000000000000000, 0.000000000000000000 ) ) ;
#2087 = AXIS2_PLACEMENT_3D ( 'NONE', #2265, #866, #2621 ) ;
#2088 = SURFACE_STYLE_FILL_AREA ( #306 ) ;
#2089 =( GEOMETRIC_REPRESENTATION_CONTEXT ( 3 ) GLOBAL_UNCERTAINTY_ASSIGNED_CONTEXT ( ( #4036 ) ) GLOBAL_UNIT_ASSIGNED_CONTEXT ( ( #2572, #4251, #2201 ) ) REPRESENTATION_CONTEXT ( 'NONE', 'WORKASPACE' ) );
#2090 = FILL_AREA_STYLE_COLOUR ( '', #2527 ) ;
#2091 = CARTESIAN_POINT ( 'NONE',  ( 5.699999999999998401, 6.598076211353309795, -1.500000000000001776 ) ) ;
#2092 = DIRECTION ( 'NONE',  ( 2.665140039478574920E-16, 0.000000000000000000, 1.000000000000000000 ) ) ;
#2093 = EDGE_CURVE ( 'NONE', #2584, #2383, #2535, .T. ) ;
#2094 = DIRECTION ( 'NONE',  ( -1.000000000000000000, 0.000000000000000000, 0.000000000000000000 ) ) ;
#2095 = AXIS2_PLACEMENT_3D ( 'NONE', #851, #1221, #2997 ) ;
#2096 = DIRECTION ( 'NONE',  ( 1.000000000000000000, 0.000000000000000000, 0.000000000000000000 ) ) ;
#2097 = PRESENTATION_LAYER_ASSIGNMENT (  '', '', ( #2975 ) ) ;
#2098 = EDGE_CURVE ( 'NONE', #4427, #2599, #285, .T. ) ;
#2099 = SURFACE_STYLE_FILL_AREA ( #3181 ) ;
#2100 = MECHANICAL_DESIGN_GEOMETRIC_PRESENTATION_REPRESENTATION (  '', ( #3485 ), #1893 ) ;
#2101 = CARTESIAN_POINT ( 'NONE',  ( -4.963512405443478492, 3.999999999999997335, 0.000000000000000000 ) ) ;
#2102 = AXIS2_PLACEMENT_3D ( 'NONE', #4310, #868, #2234 ) ;
#2103 = CARTESIAN_POINT ( 'NONE',  ( -4.036487594556522396, 6.435696448143726656, -1.406250000000001332 ) ) ;
#2104 = UNCERTAINTY_MEASURE_WITH_UNIT (LENGTH_MEASURE( 1.000000000000000082E-05 ), #3554, 'distance_accuracy_value', 'NONE');
#2105 = DIRECTION ( 'NONE',  ( -0.000000000000000000, 0.5000000000000008882, -0.8660254037844381525 ) ) ;
#2106 = AXIS2_PLACEMENT_3D ( 'NONE', #1627, #266, #2017 ) ;
#2107 = VECTOR ( 'NONE', #2328, 1000.000000000000000 ) ;
#2108 = SURFACE_STYLE_USAGE ( .BOTH. , #1424 ) ;
#2109 = ORIENTED_EDGE ( 'NONE', *, *, #2750, .T. ) ;
#2110 = SURFACE_SIDE_STYLE ('',( #3146 ) ) ;
#2111 = CARTESIAN_POINT ( 'NONE',  ( 3.067115614793085143, 6.599232868937661145, -1.500667796567688006 ) ) ;
#2112 = CARTESIAN_POINT ( 'NONE',  ( -0.5736379448764857836, 6.999999999999994671, -4.336808689942017736E-16 ) ) ;
#2113 = EDGE_CURVE ( 'NONE', #3269, #2855, #327, .T. ) ;
#2114 = DIRECTION ( 'NONE',  ( -1.000000000000000000, 0.000000000000000000, 0.000000000000000000 ) ) ;
#2115 = COLOUR_RGB ( '',0.2509803921568627416, 0.2509803921568627416, 0.2509803921568627416 ) ;
#2116 = FILL_AREA_STYLE_COLOUR ( '', #2395 ) ;
#2117 = ORIENTED_EDGE ( 'NONE', *, *, #3233, .T. ) ;
#2118 = EDGE_CURVE ( 'NONE', #2748, #3294, #950, .T. ) ;
#2119 = PLANE ( 'NONE',  #1326 ) ;
#2120 = MECHANICAL_DESIGN_GEOMETRIC_PRESENTATION_REPRESENTATION (  '', ( #3275 ), #4350 ) ;
#2121 = SURFACE_SIDE_STYLE ('',( #2099 ) ) ;
#2122 = DIRECTION ( 'NONE',  ( -1.000000000000000000, -0.000000000000000000, -0.000000000000000000 ) ) ;
#2123 = EDGE_CURVE ( 'NONE', #1761, #1251, #875, .T. ) ;
#2124 = CARTESIAN_POINT ( 'NONE',  ( -1.105073650413319619, 7.009999999999996234, 0.5314357055368279514 ) ) ;
#2125 = VERTEX_POINT ( 'NONE', #557 ) ;
#2126 = SURFACE_STYLE_FILL_AREA ( #124 ) ;
#2127 = ORIENTED_EDGE ( 'NONE', *, *, #582, .F. ) ;
#2128 = CARTESIAN_POINT ( 'NONE',  ( -1.573832645399492414, 6.966441344256812052, -0.4482152654681310078 ) ) ;
#2129 = CARTESIAN_POINT ( 'NONE',  ( -5.241619848709567542, 3.999999999999997335, 2.999999999999997335 ) ) ;
#2130 = PRESENTATION_STYLE_ASSIGNMENT (( #3520 ) ) ;
#2131 = FACE_BOUND ( 'NONE', #3833, .T. ) ;
#2132 = DIRECTION ( 'NONE',  ( 1.000000000000000000, 0.000000000000000000, -1.998855029608931929E-16 ) ) ;
#2133 = EDGE_CURVE ( 'NONE', #2801, #2356, #3356, .T. ) ;
#2134 = PRESENTATION_STYLE_ASSIGNMENT (( #3850 ) ) ;
#2135 =( BOUNDED_CURVE ( )  B_SPLINE_CURVE ( 3, ( #891, #911, #1520, #2596 ),
 .UNSPECIFIED., .F., .T. ) 
 B_SPLINE_CURVE_WITH_KNOTS ( ( 4, 4 ),
 ( 4.712388980384689674, 5.234326625650941978 ),
 .UNSPECIFIED. ) 
 CURVE ( )  GEOMETRIC_REPRESENTATION_ITEM ( )  RATIONAL_B_SPLINE_CURVE ( ( 1.000000000000000000, 0.9774269727874189684, 0.9774269727874189684, 1.000000000000000000 ) ) 
 REPRESENTATION_ITEM ( '' )  );
#2136 = CARTESIAN_POINT ( 'NONE',  ( -4.500000000000000888, 3.999999999999997335, 0.000000000000000000 ) ) ;
#2137 = ORIENTED_EDGE ( 'NONE', *, *, #775, .F. ) ;
#2138 = STYLED_ITEM ( 'NONE', ( #4325 ), #785 ) ;
#2139 = UNCERTAINTY_MEASURE_WITH_UNIT (LENGTH_MEASURE( 1.000000000000000082E-05 ), #207, 'distance_accuracy_value', 'NONE');
#2140 = EDGE_CURVE ( 'NONE', #2383, #2874, #169, .T. ) ;
#2141 = FACE_OUTER_BOUND ( 'NONE', #3244, .T. ) ;
#2142 = ORIENTED_EDGE ( 'NONE', *, *, #1163, .F. ) ;
#2143 =( LENGTH_UNIT ( ) NAMED_UNIT ( * ) SI_UNIT ( .MILLI., .METRE. ) );
#2144 = ORIENTED_EDGE ( 'NONE', *, *, #3172, .T. ) ;
#2145 = LINE ( 'NONE', #784, #115 ) ;
#2146 = MECHANICAL_DESIGN_GEOMETRIC_PRESENTATION_REPRESENTATION (  '', ( #2525 ), #4025 ) ;
#2147 = CIRCLE ( 'NONE', #2888, 3.009999999999998899 ) ;
#2148 = EDGE_LOOP ( 'NONE', ( #460, #2209, #1875, #2296 ) ) ;
#2149 = FILL_AREA_STYLE ('',( #1515 ) ) ;
#2150 = EDGE_CURVE ( 'NONE', #2941, #1543, #1401, .T. ) ;
#2151 = PRESENTATION_LAYER_ASSIGNMENT (  '', '', ( #391 ) ) ;
#2152 = FACE_OUTER_BOUND ( 'NONE', #2460, .T. ) ;
#2153 = STYLED_ITEM ( 'NONE', ( #35 ), #208 ) ;
#2154 = VECTOR ( 'NONE', #3535, 1000.000000000000000 ) ;
#2155 =( NAMED_UNIT ( * ) SI_UNIT ( $, .STERADIAN. ) SOLID_ANGLE_UNIT ( ) );
#2156 = PRESENTATION_STYLE_ASSIGNMENT (( #550 ) ) ;
#2157 = ORIENTED_EDGE ( 'NONE', *, *, #2765, .T. ) ;
#2158 =( GEOMETRIC_REPRESENTATION_CONTEXT ( 3 ) GLOBAL_UNCERTAINTY_ASSIGNED_CONTEXT ( ( #3723 ) ) GLOBAL_UNIT_ASSIGNED_CONTEXT ( ( #3839, #536, #3926 ) ) REPRESENTATION_CONTEXT ( 'NONE', 'WORKASPACE' ) );
#2159 = ORIENTED_EDGE ( 'NONE', *, *, #1912, .F. ) ;
#2160 =( NAMED_UNIT ( * ) PLANE_ANGLE_UNIT ( ) SI_UNIT ( $, .RADIAN. ) );
#2161 = DIRECTION ( 'NONE',  ( 0.000000000000000000, 0.000000000000000000, 1.000000000000000000 ) ) ;
#2162 = ORIENTED_EDGE ( 'NONE', *, *, #834, .F. ) ;
#2163 = CIRCLE ( 'NONE', #1754, 2.699999999999995293 ) ;
#2164 = STYLED_ITEM ( 'NONE', ( #1839 ), #2304 ) ;
#2165 = FACE_OUTER_BOUND ( 'NONE', #2148, .T. ) ;
#2166 = CARTESIAN_POINT ( 'NONE',  ( -2.487450058687556975, 3.999999999999997335, 0.000000000000000000 ) ) ;
#2167 = CARTESIAN_POINT ( 'NONE',  ( 5.699999999999998401, 6.598076211353309795, 1.500000000000001776 ) ) ;
#2168 = EDGE_CURVE ( 'NONE', #170, #4347, #2669, .T. ) ;
#2169 = COLOUR_RGB ( '',0.2509803921568627416, 0.2509803921568627416, 0.2509803921568627416 ) ;
#2170 = SURFACE_STYLE_USAGE ( .BOTH. , #1161 ) ;
#2171 = FILL_AREA_STYLE ('',( #1162 ) ) ;
#2172 = STYLED_ITEM ( 'NONE', ( #3521 ), #3373 ) ;
#2173 = VECTOR ( 'NONE', #3482, 1000.000000000000000 ) ;
#2174 = ORIENTED_EDGE ( 'NONE', *, *, #487, .F. ) ;
#2175 = MECHANICAL_DESIGN_GEOMETRIC_PRESENTATION_REPRESENTATION (  '', ( #3491 ), #2988 ) ;
#2176 = CARTESIAN_POINT ( 'NONE',  ( -3.758380151290433790, 3.999999999999997335, 0.000000000000000000 ) ) ;
#2177 = PRESENTATION_LAYER_ASSIGNMENT (  '', '', ( #1053 ) ) ;
#2178 = ORIENTED_EDGE ( 'NONE', *, *, #2113, .T. ) ;
#2179 = UNCERTAINTY_MEASURE_WITH_UNIT (LENGTH_MEASURE( 1.000000000000000082E-05 ), #3677, 'distance_accuracy_value', 'NONE');
#2180 = FILL_AREA_STYLE ('',( #2944 ) ) ;
#2181 = AXIS2_PLACEMENT_3D ( 'NONE', #4326, #653, #3386 ) ;
#2182 = LINE ( 'NONE', #2896, #4135 ) ;
#2183 =( NAMED_UNIT ( * ) PLANE_ANGLE_UNIT ( ) SI_UNIT ( $, .RADIAN. ) );
#2184 = ORIENTED_EDGE ( 'NONE', *, *, #2800, .T. ) ;
#2185 = SURFACE_STYLE_USAGE ( .BOTH. , #3853 ) ;
#2186 = PRESENTATION_LAYER_ASSIGNMENT (  '', '', ( #3275 ) ) ;
#2187 = UNCERTAINTY_MEASURE_WITH_UNIT (LENGTH_MEASURE( 1.000000000000000082E-05 ), #2902, 'distance_accuracy_value', 'NONE');
#2188 = EDGE_CURVE ( 'NONE', #3620, #1279, #3321, .T. ) ;
#2189 = PLANE ( 'NONE',  #837 ) ;
#2190 = CARTESIAN_POINT ( 'NONE',  ( 2.925694258555775473, 6.599232868937661145, -1.500667796567688006 ) ) ;
#2191 = DIRECTION ( 'NONE',  ( 0.000000000000000000, -1.000000000000000000, 0.000000000000000000 ) ) ;
#2192 = ORIENTED_EDGE ( 'NONE', *, *, #1398, .F. ) ;
#2193 = STYLED_ITEM ( 'NONE', ( #3828 ), #411 ) ;
#2194 = DIRECTION ( 'NONE',  ( 0.000000000000000000, 0.000000000000000000, 1.000000000000000000 ) ) ;
#2195 = LINE ( 'NONE', #1180, #1773 ) ;
#2196 = DIRECTION ( 'NONE',  ( -0.000000000000000000, -0.5000000000000009992, -0.8660254037844380415 ) ) ;
#2197 = ADVANCED_FACE ( 'NONE', ( #326 ), #4041, .F. ) ;
#2198 = CARTESIAN_POINT ( 'NONE',  ( 3.426167354600507586, 6.966441344256819157, 0.4482152654680955361 ) ) ;
#2199 = PRESENTATION_STYLE_ASSIGNMENT (( #1582 ) ) ;
#2200 = EDGE_CURVE ( 'NONE', #3829, #4427, #964, .T. ) ;
#2201 =( NAMED_UNIT ( * ) SI_UNIT ( $, .STERADIAN. ) SOLID_ANGLE_UNIT ( ) );
#2202 = CARTESIAN_POINT ( 'NONE',  ( -2.387450058687557330, 6.998342837990123577, -0.2646511399433393308 ) ) ;
#2203 = ORIENTED_EDGE ( 'NONE', *, *, #2428, .T. ) ;
#2204 = DIRECTION ( 'NONE',  ( -0.000000000000000000, -0.5000000000000009992, -0.8660254037844380415 ) ) ;
#2205 = EDGE_LOOP ( 'NONE', ( #1240, #1621, #3348, #3471 ) ) ;
#2206 = LINE ( 'NONE', #4009, #3694 ) ;
#2207 = FACE_OUTER_BOUND ( 'NONE', #3224, .T. ) ;
#2208 = DIRECTION ( 'NONE',  ( 0.4472135954999623131, -0.7745966692414810728, -0.4472135954999575946 ) ) ;
#2209 = ORIENTED_EDGE ( 'NONE', *, *, #3240, .F. ) ;
#2210 = CARTESIAN_POINT ( 'NONE',  ( 3.062783411360771257, 6.606736465391158220, 1.505000000000002780 ) ) ;
#2211 = SURFACE_STYLE_FILL_AREA ( #1554 ) ;
#2212 = FILL_AREA_STYLE ('',( #1615 ) ) ;
#2213 = CARTESIAN_POINT ( 'NONE',  ( 2.921362055123460699, 6.606736465391156443, -1.505000000000002558 ) ) ;
#2214 = ORIENTED_EDGE ( 'NONE', *, *, #4238, .T. ) ;
#2215 = EDGE_CURVE ( 'NONE', #1325, #2748, #959, .T. ) ;
#2216 = FILL_AREA_STYLE ('',( #4315 ) ) ;
#2217 = FACE_OUTER_BOUND ( 'NONE', #388, .T. ) ;
#2218 = SURFACE_STYLE_USAGE ( .BOTH. , #3263 ) ;
#2219 = COLOUR_RGB ( '',1.000000000000000000, 1.000000000000000000, 1.000000000000000000 ) ;
#2220 = SURFACE_STYLE_USAGE ( .BOTH. , #2609 ) ;
#2221 = PRESENTATION_LAYER_ASSIGNMENT (  '', '', ( #1936 ) ) ;
#2222 = DIRECTION ( 'NONE',  ( -1.000000000000000000, -0.000000000000000000, -0.000000000000000000 ) ) ;
#2223 = ORIENTED_EDGE ( 'NONE', *, *, #3680, .T. ) ;
#2224 = STYLED_ITEM ( 'NONE', ( #3622 ), #1313 ) ;
#2225 = DIRECTION ( 'NONE',  ( -0.000000000000000000, -0.5000000000000009992, -0.8660254037844380415 ) ) ;
#2226 = MECHANICAL_DESIGN_GEOMETRIC_PRESENTATION_REPRESENTATION (  '', ( #2300 ), #2595 ) ;
#2227 = DIRECTION ( 'NONE',  ( -0.000000000000000000, 1.000000000000000000, -0.000000000000000000 ) ) ;
#2228 = DIRECTION ( 'NONE',  ( 0.000000000000000000, 0.000000000000000000, 1.000000000000000000 ) ) ;
#2229 = VECTOR ( 'NONE', #517, 1000.000000000000341 ) ;
#2230 = EDGE_CURVE ( 'NONE', #1225, #1235, #1400, .T. ) ;
#2231 = SURFACE_STYLE_FILL_AREA ( #4287 ) ;
#2232 = ORIENTED_EDGE ( 'NONE', *, *, #3354, .F. ) ;
#2233 = VERTEX_POINT ( 'NONE', #705 ) ;
#2234 = DIRECTION ( 'NONE',  ( 0.000000000000000000, 0.000000000000000000, 1.000000000000000000 ) ) ;
#2235 = EDGE_CURVE ( 'NONE', #4422, #2604, #1734, .T. ) ;
#2236 = AXIS2_PLACEMENT_3D ( 'NONE', #2816, #2484, #4223 ) ;
#2237 = UNCERTAINTY_MEASURE_WITH_UNIT (LENGTH_MEASURE( 1.000000000000000082E-05 ), #1500, 'distance_accuracy_value', 'NONE');
#2238 = EDGE_CURVE ( 'NONE', #474, #955, #1667, .T. ) ;
#2239 = CARTESIAN_POINT ( 'NONE',  ( 4.426362055123480133, 7.009999999999996234, -7.398425687810394468E-16 ) ) ;
#2240 = ORIENTED_EDGE ( 'NONE', *, *, #1130, .F. ) ;
#2241 = STYLED_ITEM ( 'NONE', ( #2130 ), #230 ) ;
#2242 = DIRECTION ( 'NONE',  ( -0.4472135954999622576, 0.7745966692414810728, 0.4472135954999576501 ) ) ;
#2243 = CARTESIAN_POINT ( 'NONE',  ( -1.673832645399492502, -3.620999999999999996, 0.6896366217054362702 ) ) ;
#2244 = DIRECTION ( 'NONE',  ( 0.000000000000000000, 0.5000000000000009992, 0.8660254037844380415 ) ) ;
#2245 = DIRECTION ( 'NONE',  ( 0.000000000000000000, -0.5000000000000008882, 0.8660254037844381525 ) ) ;
#2246 = ADVANCED_FACE ( 'NONE', ( #2693 ), #4065, .T. ) ;
#2247 =( GEOMETRIC_REPRESENTATION_CONTEXT ( 3 ) GLOBAL_UNCERTAINTY_ASSIGNED_CONTEXT ( ( #671 ) ) GLOBAL_UNIT_ASSIGNED_CONTEXT ( ( #1701, #672, #2051 ) ) REPRESENTATION_CONTEXT ( 'NONE', 'WORKASPACE' ) );
#2248 = CARTESIAN_POINT ( 'NONE',  ( -2.678910355901217510, 7.646438779667811048, -2.105272411024708745 ) ) ;
#2249 = FACE_OUTER_BOUND ( 'NONE', #3395, .T. ) ;
#2250 =( NAMED_UNIT ( * ) PLANE_ANGLE_UNIT ( ) SI_UNIT ( $, .RADIAN. ) );
#2251 = CIRCLE ( 'NONE', #2474, 3.009999999999998899 ) ;
#2252 = DIRECTION ( 'NONE',  ( 1.000000000000000000, 0.000000000000000000, 0.000000000000000000 ) ) ;
#2253 = VERTEX_POINT ( 'NONE', #1810 ) ;
#2254 = ADVANCED_FACE ( 'NONE', ( #2791 ), #3543, .F. ) ;
#2255 = CARTESIAN_POINT ( 'NONE',  ( -5.241619848709567542, 6.338268590217977838, -1.350000000000001421 ) ) ;
#2256 = VECTOR ( 'NONE', #1950, 1000.000000000000000 ) ;
#2257 = PRESENTATION_STYLE_ASSIGNMENT (( #2279 ) ) ;
#2258 = AXIS2_PLACEMENT_3D ( 'NONE', #3871, #3855, #3532 ) ;
#2259 = ORIENTED_EDGE ( 'NONE', *, *, #1725, .F. ) ;
#2260 = COLOUR_RGB ( '',0.2509803921568627416, 0.2509803921568627416, 0.2509803921568627416 ) ;
#2261 = CARTESIAN_POINT ( 'NONE',  ( -1.673832645399492725, 3.999999999999997335, 0.000000000000000000 ) ) ;
#2262 = ORIENTED_EDGE ( 'NONE', *, *, #1539, .F. ) ;
#2263 = CARTESIAN_POINT ( 'NONE',  ( 2.512549941312443025, 6.987830240515343405, -0.3646511399433742251 ) ) ;
#2264 = MECHANICAL_DESIGN_GEOMETRIC_PRESENTATION_REPRESENTATION (  '', ( #754 ), #1626 ) ;
#2265 = CARTESIAN_POINT ( 'NONE',  ( -4.500000000000000888, 6.598076211353309795, -1.500000000000001776 ) ) ;
#2266 = VERTEX_POINT ( 'NONE', #1438 ) ;
#2267 = ORIENTED_EDGE ( 'NONE', *, *, #993, .T. ) ;
#2268 = CARTESIAN_POINT ( 'NONE',  ( -0.9841960236940396900, -3.620999999999999996, -3.794707603699265519E-16 ) ) ;
#2269 = CARTESIAN_POINT ( 'NONE',  ( 5.350000000000000533, 2.999999999999997335, 0.000000000000000000 ) ) ;
#2270 = ORIENTED_EDGE ( 'NONE', *, *, #2289, .T. ) ;
#2271 = SURFACE_STYLE_FILL_AREA ( #900 ) ;
#2272 = SURFACE_STYLE_USAGE ( .BOTH. , #2974 ) ;
#2273 =( NAMED_UNIT ( * ) PLANE_ANGLE_UNIT ( ) SI_UNIT ( $, .RADIAN. ) );
#2274 = AXIS2_PLACEMENT_3D ( 'NONE', #1175, #2877, #3495 ) ;
#2275 = CARTESIAN_POINT ( 'NONE',  ( -15.04615972289522396, 3.999999999999997335, 0.000000000000000000 ) ) ;
#2276 = CARTESIAN_POINT ( 'NONE',  ( 3.783346912977586296, 7.000000000000000000, 0.2324570633283340182 ) ) ;
#2277 = CARTESIAN_POINT ( 'NONE',  ( 4.036347705823955856, 7.009999999999996234, -0.5314357055368282845 ) ) ;
#2278 = EDGE_CURVE ( 'NONE', #1041, #2518, #4177, .T. ) ;
#2279 = SURFACE_STYLE_USAGE ( .BOTH. , #861 ) ;
#2280 = UNCERTAINTY_MEASURE_WITH_UNIT (LENGTH_MEASURE( 1.000000000000000082E-05 ), #2391, 'distance_accuracy_value', 'NONE');
#2281 =( LENGTH_UNIT ( ) NAMED_UNIT ( * ) SI_UNIT ( .MILLI., .METRE. ) );
#2282 = DIRECTION ( 'NONE',  ( -0.000000000000000000, 1.000000000000000000, 1.224646799147353207E-16 ) ) ;
#2283 = VERTEX_POINT ( 'NONE', #2103 ) ;
#2284 = ORIENTED_EDGE ( 'NONE', *, *, #2150, .T. ) ;
#2285 = ORIENTED_EDGE ( 'NONE', *, *, #1697, .T. ) ;
#2286 = UNCERTAINTY_MEASURE_WITH_UNIT (LENGTH_MEASURE( 1.000000000000000082E-05 ), #3444, 'distance_accuracy_value', 'NONE');
#2287 = DIRECTION ( 'NONE',  ( -6.123233995736766036E-17, 1.000000000000000000, -0.000000000000000000 ) ) ;
#2288 = CARTESIAN_POINT ( 'NONE',  ( -1.573832645399492414, -3.620999999999999996, 0.2646511399433387757 ) ) ;
#2289 = EDGE_CURVE ( 'NONE', #137, #3696, #3530, .T. ) ;
#2290 = EDGE_CURVE ( 'NONE', #3258, #1705, #3912, .T. ) ;
#2291 = FILL_AREA_STYLE ('',( #4021 ) ) ;
#2292 =( LENGTH_UNIT ( ) NAMED_UNIT ( * ) SI_UNIT ( .MILLI., .METRE. ) );
#2293 = AXIS2_PLACEMENT_3D ( 'NONE', #2705, #2350, #3724 ) ;
#2294 = CARTESIAN_POINT ( 'NONE',  ( -1.573832645399492414, -3.620999999999999996, -0.4482152654681310078 ) ) ;
#2295 = VECTOR ( 'NONE', #3071, 1000.000000000000000 ) ;
#2296 = ORIENTED_EDGE ( 'NONE', *, *, #347, .T. ) ;
#2297 = DIRECTION ( 'NONE',  ( -1.000000000000000000, -0.000000000000000000, -0.000000000000000000 ) ) ;
#2298 = COLOUR_RGB ( '',0.2509803921568627416, 0.2509803921568627416, 0.2509803921568627416 ) ;
#2299 = PRESENTATION_STYLE_ASSIGNMENT (( #927 ) ) ;
#2300 = STYLED_ITEM ( 'NONE', ( #1340 ), #1654 ) ;
#2301 = ORIENTED_EDGE ( 'NONE', *, *, #188, .T. ) ;
#2302 = ORIENTED_EDGE ( 'NONE', *, *, #1488, .F. ) ;
#2303 =( NAMED_UNIT ( * ) PLANE_ANGLE_UNIT ( ) SI_UNIT ( $, .RADIAN. ) );
#2304 = ADVANCED_FACE ( 'NONE', ( #3163 ), #1458, .T. ) ;
#2305 = DIRECTION ( 'NONE',  ( 0.000000000000000000, 0.000000000000000000, 1.000000000000000000 ) ) ;
#2306 = EDGE_LOOP ( 'NONE', ( #4077, #1033, #1808, #4372 ) ) ;
#2307 = FILL_AREA_STYLE_COLOUR ( '', #87 ) ;
#2308 = PRESENTATION_LAYER_ASSIGNMENT (  '', '', ( #877 ) ) ;
#2309 = CARTESIAN_POINT ( 'NONE',  ( 3.874382620068649086, 6.999999999999994671, -3.523695033696481658E-14 ) ) ;
#2310 = FACE_OUTER_BOUND ( 'NONE', #4288, .T. ) ;
#2311 = DIRECTION ( 'NONE',  ( -1.000000000000000000, -0.000000000000000000, -0.000000000000000000 ) ) ;
#2312 = CARTESIAN_POINT ( 'NONE',  ( -4.045757842665390847, 6.438944043407918372, -1.408125000000001403 ) ) ;
#2313 = EDGE_CURVE ( 'NONE', #2941, #2451, #2601, .T. ) ;
#2314 =( NAMED_UNIT ( * ) PLANE_ANGLE_UNIT ( ) SI_UNIT ( $, .RADIAN. ) );
#2315 = VECTOR ( 'NONE', #2096, 1000.000000000000000 ) ;
#2316 = AXIS2_PLACEMENT_3D ( 'NONE', #203, #2204, #1892 ) ;
#2317 = COLOUR_RGB ( '',1.000000000000000000, 1.000000000000000000, 1.000000000000000000 ) ;
#2318 = EDGE_LOOP ( 'NONE', ( #483, #2846, #4313, #1742 ) ) ;
#2319 = AXIS2_PLACEMENT_3D ( 'NONE', #173, #3932, #3289 ) ;
#2320 = CARTESIAN_POINT ( 'NONE',  ( -1.216653087022416146, 6.999999999999997335, -0.2324570633283696564 ) ) ;
#2321 =( GEOMETRIC_REPRESENTATION_CONTEXT ( 3 ) GLOBAL_UNCERTAINTY_ASSIGNED_CONTEXT ( ( #3779 ) ) GLOBAL_UNIT_ASSIGNED_CONTEXT ( ( #767, #3060, #2389 ) ) REPRESENTATION_CONTEXT ( 'NONE', 'WORKASPACE' ) );
#2322 = DIRECTION ( 'NONE',  ( -0.000000000000000000, 1.000000000000000000, -0.000000000000000000 ) ) ;
#2323 = PRESENTATION_LAYER_ASSIGNMENT (  '', '', ( #2172 ) ) ;
#2324 = DIRECTION ( 'NONE',  ( -0.000000000000000000, -0.5000000000000009992, -0.8660254037844380415 ) ) ;
#2325 = AXIS2_PLACEMENT_3D ( 'NONE', #998, #2365, #3434 ) ;
#2326 = ORIENTED_EDGE ( 'NONE', *, *, #4367, .T. ) ;
#2327 = ORIENTED_EDGE ( 'NONE', *, *, #1912, .T. ) ;
#2328 = DIRECTION ( 'NONE',  ( -1.000000000000000000, -0.000000000000000000, -0.000000000000000000 ) ) ;
#2329 = UNCERTAINTY_MEASURE_WITH_UNIT (LENGTH_MEASURE( 1.000000000000000082E-05 ), #4320, 'distance_accuracy_value', 'NONE');
#2330 = ORIENTED_EDGE ( 'NONE', *, *, #2845, .F. ) ;
#2331 = DIRECTION ( 'NONE',  ( -1.000000000000000000, -0.000000000000000000, -0.000000000000000000 ) ) ;
#2332 = PRESENTATION_LAYER_ASSIGNMENT (  '', '', ( #693 ) ) ;
#2333 = CARTESIAN_POINT ( 'NONE',  ( -15.04615972289522396, 6.977830240515351612, 0.3646511399433076117 ) ) ;
#2334 = ORIENTED_EDGE ( 'NONE', *, *, #2937, .T. ) ;
#2335 = DIRECTION ( 'NONE',  ( -0.000000000000000000, 1.000000000000000000, -0.000000000000000000 ) ) ;
#2336 = MECHANICAL_DESIGN_GEOMETRIC_PRESENTATION_REPRESENTATION (  '', ( #1053 ), #2486 ) ;
#2337 = EDGE_CURVE ( 'NONE', #2125, #4080, #4043, .T. ) ;
#2338 = UNCERTAINTY_MEASURE_WITH_UNIT (LENGTH_MEASURE( 1.000000000000000082E-05 ), #1265, 'distance_accuracy_value', 'NONE');
#2339 = MECHANICAL_DESIGN_GEOMETRIC_PRESENTATION_REPRESENTATION (  '', ( #2421 ), #3790 ) ;
#2340 = CARTESIAN_POINT ( 'NONE',  ( 6.009999999999999787, 3.999999999999997335, 0.000000000000000000 ) ) ;
#2341 = AXIS2_PLACEMENT_3D ( 'NONE', #3411, #3066, #364 ) ;
#2342 = SURFACE_SIDE_STYLE ('',( #968 ) ) ;
#2343 = AXIS2_PLACEMENT_3D ( 'NONE', #1160, #3624, #2863 ) ;
#2344 =( LENGTH_UNIT ( ) NAMED_UNIT ( * ) SI_UNIT ( .MILLI., .METRE. ) );
#2345 = FILL_AREA_STYLE_COLOUR ( '', #539 ) ;
#2346 = COLOUR_RGB ( '',0.2509803921568627416, 0.2509803921568627416, 0.2509803921568627416 ) ;
#2347 = SURFACE_STYLE_FILL_AREA ( #1672 ) ;
#2348 = DIRECTION ( 'NONE',  ( 0.000000000000000000, 0.000000000000000000, 1.000000000000000000 ) ) ;
#2349 = ADVANCED_FACE ( 'NONE', ( #3977 ), #3279, .T. ) ;
#2350 = DIRECTION ( 'NONE',  ( -1.000000000000000000, -0.000000000000000000, -0.000000000000000000 ) ) ;
#2351 = FILL_AREA_STYLE_COLOUR ( '', #680 ) ;
#2352 = AXIS2_PLACEMENT_3D ( 'NONE', #2929, #2287, #1238 ) ;
#2353 = ORIENTED_EDGE ( 'NONE', *, *, #2150, .F. ) ;
#2354 = ORIENTED_EDGE ( 'NONE', *, *, #2235, .T. ) ;
#2355 = CARTESIAN_POINT ( 'NONE',  ( -1.932884385206877775, 6.599232868937662033, 1.500667796567688006 ) ) ;
#2356 = VERTEX_POINT ( 'NONE', #1575 ) ;
#2357 = CARTESIAN_POINT ( 'NONE',  ( -4.500000000000000888, 3.999999999999997335, 0.000000000000000000 ) ) ;
#2358 = CARTESIAN_POINT ( 'NONE',  ( 3.326167354600507498, -3.620999999999999996, 0.3646511399433039480 ) ) ;
#2359 = FILL_AREA_STYLE_COLOUR ( '', #3693 ) ;
#2360 = DIRECTION ( 'NONE',  ( 1.000000000000000000, 0.000000000000000000, 0.000000000000000000 ) ) ;
#2361 = CARTESIAN_POINT ( 'NONE',  ( -6.000000000000000000, 4.067707825203129346, 1.765858194361268982E-20 ) ) ;
#2362 = ORIENTED_EDGE ( 'NONE', *, *, #2937, .F. ) ;
#2363 = PRESENTATION_LAYER_ASSIGNMENT (  '', '', ( #4306 ) ) ;
#2364 = FACE_OUTER_BOUND ( 'NONE', #3529, .T. ) ;
#2365 = DIRECTION ( 'NONE',  ( -1.000000000000000000, -0.000000000000000000, -0.000000000000000000 ) ) ;
#2366 =( LENGTH_UNIT ( ) NAMED_UNIT ( * ) SI_UNIT ( .MILLI., .METRE. ) );
#2367 = AXIS2_PLACEMENT_3D ( 'NONE', #2461, #4222, #1093 ) ;
#2368 = SURFACE_STYLE_USAGE ( .BOTH. , #3385 ) ;
#2369 = CARTESIAN_POINT ( 'NONE',  ( -5.241619848709567542, 3.999999999999997335, -2.699999999999997513 ) ) ;
#2370 = AXIS2_PLACEMENT_3D ( 'NONE', #3544, #1476, #2473 ) ;
#2371 = VERTEX_POINT ( 'NONE', #3343 ) ;
#2372 = VERTEX_POINT ( 'NONE', #1198 ) ;
#2373 = CARTESIAN_POINT ( 'NONE',  ( -15.04615972289522396, 3.999999999999997335, 0.000000000000000000 ) ) ;
#2374 = UNCERTAINTY_MEASURE_WITH_UNIT (LENGTH_MEASURE( 1.000000000000000082E-05 ), #1525, 'distance_accuracy_value', 'NONE');
#2375 = PRESENTATION_LAYER_ASSIGNMENT (  '', '', ( #2224 ) ) ;
#2376 = PLANE ( 'NONE',  #4058 ) ;
#2377 = EDGE_CURVE ( 'NONE', #1433, #2233, #2610, .T. ) ;
#2378 = ORIENTED_EDGE ( 'NONE', *, *, #976, .F. ) ;
#2379 = CARTESIAN_POINT ( 'NONE',  ( 5.999999999999999112, 3.547620701445904690, 0.2058260997109225832 ) ) ;
#2380 = AXIS2_PLACEMENT_3D ( 'NONE', #4144, #358, #3432 ) ;
#2381 = ORIENTED_EDGE ( 'NONE', *, *, #4255, .T. ) ;
#2382 = DIRECTION ( 'NONE',  ( -1.000000000000000000, -0.000000000000000000, -0.000000000000000000 ) ) ;
#2383 = VERTEX_POINT ( 'NONE', #4015 ) ;
#2384 = CARTESIAN_POINT ( 'NONE',  ( -1.673832645399492725, 6.977830240515348059, -0.3646511399433393086 ) ) ;
#2385 = PRESENTATION_LAYER_ASSIGNMENT (  '', '', ( #1522 ) ) ;
#2387 = ADVANCED_FACE ( 'NONE', ( #2947 ), #3938, .T. ) ;
#2386 = DIRECTION ( 'NONE',  ( -1.314184451497581752E-16, -1.000000000000000000, 0.000000000000000000 ) ) ;
#2388 = CARTESIAN_POINT ( 'NONE',  ( 5.700000000000000178, 6.338268590217977838, 1.350000000000001865 ) ) ;
#2389 =( NAMED_UNIT ( * ) SI_UNIT ( $, .STERADIAN. ) SOLID_ANGLE_UNIT ( ) );
#2390 = MECHANICAL_DESIGN_GEOMETRIC_PRESENTATION_REPRESENTATION (  '', ( #2749 ), #2466 ) ;
#2391 =( LENGTH_UNIT ( ) NAMED_UNIT ( * ) SI_UNIT ( .MILLI., .METRE. ) );
#2392 = AXIS2_PLACEMENT_3D ( 'NONE', #725, #1075, #3501 ) ;
#2393 = SURFACE_SIDE_STYLE ('',( #630 ) ) ;
#2394 = EDGE_CURVE ( 'NONE', #2401, #1481, #1474, .T. ) ;
#2395 = COLOUR_RGB ( '',0.2509803921568627416, 0.2509803921568627416, 0.2509803921568627416 ) ;
#2396 = DIRECTION ( 'NONE',  ( 0.000000000000000000, 0.000000000000000000, 1.000000000000000000 ) ) ;
#2397 = AXIS2_PLACEMENT_3D ( 'NONE', #3625, #559, #217 ) ;
#2398 =( GEOMETRIC_REPRESENTATION_CONTEXT ( 3 ) GLOBAL_UNCERTAINTY_ASSIGNED_CONTEXT ( ( #2237 ) ) GLOBAL_UNIT_ASSIGNED_CONTEXT ( ( #1500, #1622, #1260 ) ) REPRESENTATION_CONTEXT ( 'NONE', 'WORKASPACE' ) );
#2399 = CARTESIAN_POINT ( 'NONE',  ( 4.015803976305960532, -3.620999999999999996, -3.529428414880126010E-14 ) ) ;
#2400 = CARTESIAN_POINT ( 'NONE',  ( -15.04615972289522396, 3.999999999999997335, 0.000000000000000000 ) ) ;
#2401 = VERTEX_POINT ( 'NONE', #1063 ) ;
#2402 = ORIENTED_EDGE ( 'NONE', *, *, #931, .T. ) ;
#2403 = CARTESIAN_POINT ( 'NONE',  ( -1.937216588639192327, 6.606736465391147561, 1.505000000000001004 ) ) ;
#2404 = AXIS2_PLACEMENT_3D ( 'NONE', #1394, #2684, #677 ) ;
#2405 = FILL_AREA_STYLE ('',( #2789 ) ) ;
#2406 = ORIENTED_EDGE ( 'NONE', *, *, #1216, .F. ) ;
#2407 = PRESENTATION_LAYER_ASSIGNMENT (  '', '', ( #4406 ) ) ;
#2408 = STYLED_ITEM ( 'NONE', ( #975 ), #2707 ) ;
#2409 = CARTESIAN_POINT ( 'NONE',  ( 3.326167354600507498, -3.620999999999999996, -0.6896366217054715753 ) ) ;
#2410 = DIRECTION ( 'NONE',  ( 1.000000000000000000, -0.000000000000000000, -0.000000000000000000 ) ) ;
#2411 = CIRCLE ( 'NONE', #482, 0.2999999999999999334 ) ;
#2412 = CARTESIAN_POINT ( 'NONE',  ( 6.000000000000000000, 3.999999999999997335, 0.000000000000000000 ) ) ;
#2413 = SURFACE_STYLE_FILL_AREA ( #3687 ) ;
#2414 = ORIENTED_EDGE ( 'NONE', *, *, #2118, .F. ) ;
#2415 = AXIS2_PLACEMENT_3D ( 'NONE', #2579, #1873, #3251 ) ;
#2416 =( NAMED_UNIT ( * ) PLANE_ANGLE_UNIT ( ) SI_UNIT ( $, .RADIAN. ) );
#2417 = PLANE ( 'NONE',  #1122 ) ;
#2418 = PRESENTATION_LAYER_ASSIGNMENT (  '', '', ( #1267 ) ) ;
#2419 = ORIENTED_EDGE ( 'NONE', *, *, #2140, .T. ) ;
#2420 = CIRCLE ( 'NONE', #974, 0.2500000000000000555 ) ;
#2421 = STYLED_ITEM ( 'NONE', ( #4224 ), #268 ) ;
#2422 = SURFACE_STYLE_FILL_AREA ( #383 ) ;
#2423 = PRESENTATION_LAYER_ASSIGNMENT (  '', '', ( #4207 ) ) ;
#2424 = ORIENTED_EDGE ( 'NONE', *, *, #6, .T. ) ;
#2425 = DIRECTION ( 'NONE',  ( -0.4472135954999627017, 0.7745966692414807397, -0.4472135954999575946 ) ) ;
#2426 = CARTESIAN_POINT ( 'NONE',  ( -15.04615972289522396, 3.999999999999997335, 2.999999999999997335 ) ) ;
#2427 = CARTESIAN_POINT ( 'NONE',  ( 6.599999999999998757, -3.600000000000000089, 0.000000000000000000 ) ) ;
#2428 = EDGE_CURVE ( 'NONE', #1574, #1465, #1404, .T. ) ;
#2429 = VERTEX_POINT ( 'NONE', #3417 ) ;
#2430 = ORIENTED_EDGE ( 'NONE', *, *, #3907, .T. ) ;
#2431 = DIRECTION ( 'NONE',  ( 1.000000000000000000, 0.000000000000000000, 0.000000000000000000 ) ) ;
#2432 = PRESENTATION_LAYER_ASSIGNMENT (  '', '', ( #2632 ) ) ;
#2433 = DIRECTION ( 'NONE',  ( 0.000000000000000000, -0.5000000000000008882, 0.8660254037844381525 ) ) ;
#2434 = CARTESIAN_POINT ( 'NONE',  ( 4.567783411360789358, -3.620999999999999996, -5.230021342839385600E-16 ) ) ;
#2435 = UNCERTAINTY_MEASURE_WITH_UNIT (LENGTH_MEASURE( 1.000000000000000082E-05 ), #1435, 'distance_accuracy_value', 'NONE');
#2436 = AXIS2_PLACEMENT_3D ( 'NONE', #2826, #3514, #2080 ) ;
#2437 = DIRECTION ( 'NONE',  ( 1.000000000000000000, -0.000000000000000000, -1.181278933872158003E-15 ) ) ;
#2438 = DIRECTION ( 'NONE',  ( 0.000000000000000000, 0.000000000000000000, 1.000000000000000000 ) ) ;
#2439 = ORIENTED_EDGE ( 'NONE', *, *, #2765, .F. ) ;
#2440 = EDGE_CURVE ( 'NONE', #2584, #1148, #3184, .T. ) ;
#2441 = FILL_AREA_STYLE_COLOUR ( '', #3673 ) ;
#2442 =( NAMED_UNIT ( * ) PLANE_ANGLE_UNIT ( ) SI_UNIT ( $, .RADIAN. ) );
#2443 = ADVANCED_FACE ( 'NONE', ( #1681 ), #2735, .F. ) ;
#2444 = FACE_OUTER_BOUND ( 'NONE', #1367, .T. ) ;
#2445 = EDGE_CURVE ( 'NONE', #1481, #4027, #1189, .T. ) ;
#2446 = CARTESIAN_POINT ( 'NONE',  ( 6.349999999999999645, 2.999999999999997335, 0.000000000000000000 ) ) ;
#2447 = VERTEX_POINT ( 'NONE', #2403 ) ;
#2448 = CARTESIAN_POINT ( 'NONE',  ( -1.573832645399493302, 6.976441344256813615, -0.4482152654681310078 ) ) ;
#2449 = VERTEX_POINT ( 'NONE', #2055 ) ;
#2450 = CARTESIAN_POINT ( 'NONE',  ( -15.04615972289522396, 6.998342837990120024, -0.2646511399433742473 ) ) ;
#2451 = VERTEX_POINT ( 'NONE', #4131 ) ;
#2452 = CIRCLE ( 'NONE', #3591, 2.999999999999997335 ) ;
#2453 = EDGE_CURVE ( 'NONE', #3294, #1417, #1468, .T. ) ;
#2454 = CARTESIAN_POINT ( 'NONE',  ( 6.200000000000001066, 3.792332237373599924, 0.1975500168509234100 ) ) ;
#2455 = AXIS2_PLACEMENT_3D ( 'NONE', #1443, #1843, #2086 ) ;
#2456 = CARTESIAN_POINT ( 'NONE',  ( 3.552440903022878516, 6.983191403280876841, 0.4633630732830359977 ) ) ;
#2457 = STYLED_ITEM ( 'NONE', ( #395 ), #698 ) ;
#2458 = EDGE_CURVE ( 'NONE', #2372, #679, #2661, .T. ) ;
#2459 = DIRECTION ( 'NONE',  ( -6.123233995736766036E-17, -1.000000000000000000, 0.000000000000000000 ) ) ;
#2460 = EDGE_LOOP ( 'NONE', ( #453, #719, #2381, #3047 ) ) ;
#2461 = CARTESIAN_POINT ( 'NONE',  ( -2.487450058687556975, 3.989999999999997993, 0.000000000000000000 ) ) ;
#2462 = MECHANICAL_DESIGN_GEOMETRIC_PRESENTATION_REPRESENTATION (  '', ( #1869 ), #1019 ) ;
#2463 = FACE_OUTER_BOUND ( 'NONE', #3443, .T. ) ;
#2464 = ADVANCED_FACE ( 'NONE', ( #3461 ), #2508, .T. ) ;
#2465 =( LENGTH_UNIT ( ) NAMED_UNIT ( * ) SI_UNIT ( .MILLI., .METRE. ) );
#2466 =( GEOMETRIC_REPRESENTATION_CONTEXT ( 3 ) GLOBAL_UNCERTAINTY_ASSIGNED_CONTEXT ( ( #1215 ) ) GLOBAL_UNIT_ASSIGNED_CONTEXT ( ( #1740, #3761, #2797 ) ) REPRESENTATION_CONTEXT ( 'NONE', 'WORKASPACE' ) );
#2467 = DIRECTION ( 'NONE',  ( 0.000000000000000000, 0.000000000000000000, 1.000000000000000000 ) ) ;
#2468 = TOROIDAL_SURFACE ( 'NONE', #3477, 2.699999999999997513, 0.2999999999999999334 ) ;
#2469 = FACE_OUTER_BOUND ( 'NONE', #714, .T. ) ;
#2470 = ORIENTED_EDGE ( 'NONE', *, *, #3104, .T. ) ;
#2471 = AXIS2_PLACEMENT_3D ( 'NONE', #1155, #2878, #279 ) ;
#2472 = MECHANICAL_DESIGN_GEOMETRIC_PRESENTATION_REPRESENTATION (  '', ( #177 ), #473 ) ;
#2473 = DIRECTION ( 'NONE',  ( 0.000000000000000000, 0.000000000000000000, 1.000000000000000000 ) ) ;
#2474 = AXIS2_PLACEMENT_3D ( 'NONE', #2176, #2490, #2822 ) ;
#2475 = DIRECTION ( 'NONE',  ( 1.000000000000000000, 0.000000000000000000, 0.000000000000000000 ) ) ;
#2476 = VECTOR ( 'NONE', #4290, 1000.000000000000000 ) ;
#2477 = ORIENTED_EDGE ( 'NONE', *, *, #4008, .T. ) ;
#2478 = FILL_AREA_STYLE ('',( #1090 ) ) ;
#2479 = MECHANICAL_DESIGN_GEOMETRIC_PRESENTATION_REPRESENTATION (  '', ( #1611 ), #4335 ) ;
#2480 = DIRECTION ( 'NONE',  ( 0.000000000000000000, 0.000000000000000000, 1.000000000000000000 ) ) ;
#2481 = ORIENTED_EDGE ( 'NONE', *, *, #1382, .T. ) ;
#2482 = AXIS2_PLACEMENT_3D ( 'NONE', #1624, #3594, #1879 ) ;
#2483 = ADVANCED_FACE ( 'NONE', ( #2152 ), #1821, .T. ) ;
#2484 = DIRECTION ( 'NONE',  ( 1.000000000000000000, -0.000000000000000000, -0.000000000000000000 ) ) ;
#2485 = PRESENTATION_STYLE_ASSIGNMENT (( #1741 ) ) ;
#2486 =( GEOMETRIC_REPRESENTATION_CONTEXT ( 3 ) GLOBAL_UNCERTAINTY_ASSIGNED_CONTEXT ( ( #428 ) ) GLOBAL_UNIT_ASSIGNED_CONTEXT ( ( #3090, #2762, #3490 ) ) REPRESENTATION_CONTEXT ( 'NONE', 'WORKASPACE' ) );
#2487 = CARTESIAN_POINT ( 'NONE',  ( 1.321089644098733640, 9.378489587236689573, -3.105272411024711854 ) ) ;
#2488 = PRESENTATION_STYLE_ASSIGNMENT (( #1413 ) ) ;
#2489 = PRESENTATION_LAYER_ASSIGNMENT (  '', '', ( #4415 ) ) ;
#2490 = DIRECTION ( 'NONE',  ( -1.000000000000000000, -0.000000000000000000, -0.000000000000000000 ) ) ;
#2491 = AXIS2_PLACEMENT_3D ( 'NONE', #304, #709, #664 ) ;
#2492 = ORIENTED_EDGE ( 'NONE', *, *, #1913, .F. ) ;
#2493 =( NAMED_UNIT ( * ) SI_UNIT ( $, .STERADIAN. ) SOLID_ANGLE_UNIT ( ) );
#2494 = VERTEX_POINT ( 'NONE', #3846 ) ;
#2495 = FACE_OUTER_BOUND ( 'NONE', #1751, .T. ) ;
#2496 = FACE_OUTER_BOUND ( 'NONE', #3254, .T. ) ;
#2497 = EDGE_LOOP ( 'NONE', ( #2157, #2594, #4107, #3215 ) ) ;
#2498 = ORIENTED_EDGE ( 'NONE', *, *, #2845, .T. ) ;
#2499 = DIRECTION ( 'NONE',  ( -1.000000000000000000, -0.000000000000000000, -0.000000000000000000 ) ) ;
#2500 = CIRCLE ( 'NONE', #498, 3.009999999999998899 ) ;
#2501 = ORIENTED_EDGE ( 'NONE', *, *, #2648, .T. ) ;
#2502 = FILL_AREA_STYLE_COLOUR ( '', #3596 ) ;
#2503 = SURFACE_STYLE_USAGE ( .BOTH. , #512 ) ;
#2504 = AXIS2_PLACEMENT_3D ( 'NONE', #2871, #2788, #2431 ) ;
#2505 = DIRECTION ( 'NONE',  ( 1.000000000000000000, 0.000000000000000000, 0.000000000000000000 ) ) ;
#2506 = CARTESIAN_POINT ( 'NONE',  ( -3.758380151290433790, 3.999999999999997335, 0.000000000000000000 ) ) ;
#2507 = ORIENTED_EDGE ( 'NONE', *, *, #1539, .T. ) ;
#2508 = CYLINDRICAL_SURFACE ( 'NONE', #2032, 3.009999999999998899 ) ;
#2509 =( LENGTH_UNIT ( ) NAMED_UNIT ( * ) SI_UNIT ( .MILLI., .METRE. ) );
#2510 = DIRECTION ( 'NONE',  ( -1.000000000000000000, 0.000000000000000000, 0.000000000000000000 ) ) ;
#2511 = CARTESIAN_POINT ( 'NONE',  ( -1.447559096977122373, 6.973191403280872613, 0.4633630732830723020 ) ) ;
#2512 = ORIENTED_EDGE ( 'NONE', *, *, #3752, .F. ) ;
#2513 = MECHANICAL_DESIGN_GEOMETRIC_PRESENTATION_REPRESENTATION (  '', ( #2138 ), #2647 ) ;
#2514 =( LENGTH_UNIT ( ) NAMED_UNIT ( * ) SI_UNIT ( .MILLI., .METRE. ) );
#2515 = EDGE_CURVE ( 'NONE', #3947, #170, #4079, .T. ) ;
#2516 = AXIS2_PLACEMENT_3D ( 'NONE', #1691, #1716, #1353 ) ;
#2517 = FACE_OUTER_BOUND ( 'NONE', #2739, .T. ) ;
#2518 = VERTEX_POINT ( 'NONE', #1833 ) ;
#2519 = PRESENTATION_LAYER_ASSIGNMENT (  '', '', ( #1937 ) ) ;
#2520 = CARTESIAN_POINT ( 'NONE',  ( -0.9841960236940396900, 6.999999999999996447, -3.794707603699265519E-16 ) ) ;
#2521 = FACE_OUTER_BOUND ( 'NONE', #3749, .T. ) ;
#2522 = CARTESIAN_POINT ( 'NONE',  ( -15.04615972289522396, 3.989999999999997993, 0.000000000000000000 ) ) ;
#2523 = ADVANCED_FACE ( 'NONE', ( #456 ), #2119, .T. ) ;
#2524 = CARTESIAN_POINT ( 'NONE',  ( -2.387450058687557775, 6.988342837990123790, 0.2646511399433389977 ) ) ;
#2525 = STYLED_ITEM ( 'NONE', ( #2156 ), #1513 ) ;
#2526 = PRESENTATION_STYLE_ASSIGNMENT (( #1490 ) ) ;
#2527 = COLOUR_RGB ( '',0.2509803921568627416, 0.2509803921568627416, 0.2509803921568627416 ) ;
#2528 = ORIENTED_EDGE ( 'NONE', *, *, #1978, .F. ) ;
#2529 = DIRECTION ( 'NONE',  ( -0.000000000000000000, 1.000000000000000000, -0.000000000000000000 ) ) ;
#2530 = VECTOR ( 'NONE', #1113, 1000.000000000000000 ) ;
#2531 = EDGE_CURVE ( 'NONE', #2383, #1790, #3848, .T. ) ;
#2532 = VERTEX_POINT ( 'NONE', #3313 ) ;
#2533 =( LENGTH_UNIT ( ) NAMED_UNIT ( * ) SI_UNIT ( .MILLI., .METRE. ) );
#2534 = CIRCLE ( 'NONE', #3102, 3.009999999999998899 ) ;
#2535 = CIRCLE ( 'NONE', #1178, 0.4900000000000008793 ) ;
#2536 = PRESENTATION_STYLE_ASSIGNMENT (( #178 ) ) ;
#2537 = FILL_AREA_STYLE_COLOUR ( '', #3050 ) ;
#2538 = EDGE_LOOP ( 'NONE', ( #1929, #3753, #2178, #362 ) ) ;
#2539 =( NAMED_UNIT ( * ) SI_UNIT ( $, .STERADIAN. ) SOLID_ANGLE_UNIT ( ) );
#2540 =( GEOMETRIC_REPRESENTATION_CONTEXT ( 3 ) GLOBAL_UNCERTAINTY_ASSIGNED_CONTEXT ( ( #3042 ) ) GLOBAL_UNIT_ASSIGNED_CONTEXT ( ( #669, #3697, #1723 ) ) REPRESENTATION_CONTEXT ( 'NONE', 'WORKASPACE' ) );
#2541 = PRESENTATION_LAYER_ASSIGNMENT (  '', '', ( #3540 ) ) ;
#2542 =( NAMED_UNIT ( * ) PLANE_ANGLE_UNIT ( ) SI_UNIT ( $, .RADIAN. ) );
#2543 = FILL_AREA_STYLE ('',( #2859 ) ) ;
#2544 = CARTESIAN_POINT ( 'NONE',  ( -2.565773270911369863, 7.695428574523476506, -2.133556682272171212 ) ) ;
#2545 = STYLED_ITEM ( 'NONE', ( #461 ), #2246 ) ;
#2546 = DIRECTION ( 'NONE',  ( -0.000000000000000000, 1.000000000000000000, -0.000000000000000000 ) ) ;
#2547 = MECHANICAL_DESIGN_GEOMETRIC_PRESENTATION_REPRESENTATION (  '', ( #3843 ), #2759 ) ;
#2548 =( GEOMETRIC_REPRESENTATION_CONTEXT ( 3 ) GLOBAL_UNCERTAINTY_ASSIGNED_CONTEXT ( ( #1023 ) ) GLOBAL_UNIT_ASSIGNED_CONTEXT ( ( #1168, #205, #521 ) ) REPRESENTATION_CONTEXT ( 'NONE', 'WORKASPACE' ) );
#2549 = DIRECTION ( 'NONE',  ( -1.314184451497581752E-16, -1.000000000000000000, 0.000000000000000000 ) ) ;
#2550 =( NAMED_UNIT ( * ) PLANE_ANGLE_UNIT ( ) SI_UNIT ( $, .RADIAN. ) );
#2551 = AXIS2_PLACEMENT_3D ( 'NONE', #574, #1930, #3304 ) ;
#2552 = TOROIDAL_SURFACE ( 'NONE', #2915, 2.699999999999997513, 0.3000000000000000444 ) ;
#2553 = VERTEX_POINT ( 'NONE', #3565 ) ;
#2554 = MECHANICAL_DESIGN_GEOMETRIC_PRESENTATION_REPRESENTATION (  '', ( #2618 ), #1968 ) ;
#2555 = SURFACE_STYLE_USAGE ( .BOTH. , #1187 ) ;
#2556 = AXIS2_PLACEMENT_3D ( 'NONE', #1203, #2244, #1845 ) ;
#2557 = EDGE_LOOP ( 'NONE', ( #2872, #3121, #61, #1781, #3416 ) ) ;
#2558 =( LENGTH_UNIT ( ) NAMED_UNIT ( * ) SI_UNIT ( .MILLI., .METRE. ) );
#2559 = ADVANCED_FACE ( 'NONE', ( #2985 ), #3227, .T. ) ;
#2560 = DIRECTION ( 'NONE',  ( -0.000000000000000000, 1.000000000000000000, -0.000000000000000000 ) ) ;
#2561 = ORIENTED_EDGE ( 'NONE', *, *, #1393, .T. ) ;
#2562 =( GEOMETRIC_REPRESENTATION_CONTEXT ( 3 ) GLOBAL_UNCERTAINTY_ASSIGNED_CONTEXT ( ( #2104 ) ) GLOBAL_UNIT_ASSIGNED_CONTEXT ( ( #3554, #1157, #403 ) ) REPRESENTATION_CONTEXT ( 'NONE', 'WORKASPACE' ) );
#2563 = UNCERTAINTY_MEASURE_WITH_UNIT (LENGTH_MEASURE( 1.000000000000000082E-05 ), #3018, 'distance_accuracy_value', 'NONE');
#2564 = CARTESIAN_POINT ( 'NONE',  ( -15.04615972289522396, 6.998342837990126242, 0.2646511399433087997 ) ) ;
#2565 = DIRECTION ( 'NONE',  ( -0.000000000000000000, -0.000000000000000000, -1.000000000000000000 ) ) ;
#2566 = AXIS2_PLACEMENT_3D ( 'NONE', #2011, #3012, #3707 ) ;
#2567 = PRESENTATION_LAYER_ASSIGNMENT (  '', '', ( #2193 ) ) ;
#2568 = PRESENTATION_STYLE_ASSIGNMENT (( #2503 ) ) ;
#2569 = DIRECTION ( 'NONE',  ( 1.314184451497581752E-16, -1.000000000000000000, 0.000000000000000000 ) ) ;
#2570 = FILL_AREA_STYLE ('',( #218 ) ) ;
#2571 = FILL_AREA_STYLE_COLOUR ( '', #1064 ) ;
#2572 =( LENGTH_UNIT ( ) NAMED_UNIT ( * ) SI_UNIT ( .MILLI., .METRE. ) );
#2573 = DIRECTION ( 'NONE',  ( -0.7071067811865513475, 0.000000000000000000, 0.7071067811865436870 ) ) ;
#2574 = ORIENTED_EDGE ( 'NONE', *, *, #3752, .T. ) ;
#2575 = ORIENTED_EDGE ( 'NONE', *, *, #1495, .T. ) ;
#2576 = SURFACE_STYLE_FILL_AREA ( #3584 ) ;
#2577 = EDGE_CURVE ( 'NONE', #514, #1942, #2206, .T. ) ;
#2578 =( NAMED_UNIT ( * ) PLANE_ANGLE_UNIT ( ) SI_UNIT ( $, .RADIAN. ) );
#2579 = CARTESIAN_POINT ( 'NONE',  ( -4.954242157334610042, 3.999999999999997335, 0.000000000000000000 ) ) ;
#2580 = CARTESIAN_POINT ( 'NONE',  ( 6.066414357037443139, 3.692047063824153597, 0.2557564404021234750 ) ) ;
#2581 = ORIENTED_EDGE ( 'NONE', *, *, #981, .F. ) ;
#2582 = EDGE_LOOP ( 'NONE', ( #3528, #3019, #2053, #3553 ) ) ;
#2583 = CYLINDRICAL_SURFACE ( 'NONE', #2482, 0.2500000000000002220 ) ;
#2584 = VERTEX_POINT ( 'NONE', #1517 ) ;
#2585 = LINE ( 'NONE', #850, #3665 ) ;
#2586 = FACE_OUTER_BOUND ( 'NONE', #1724, .T. ) ;
#2587 = CARTESIAN_POINT ( 'NONE',  ( 6.200000000000001066, 3.883932055730659805, -0.1185473181996588438 ) ) ;
#2588 = EDGE_CURVE ( 'NONE', #3808, #422, #248, .T. ) ;
#2589 = LINE ( 'NONE', #3963, #2976 ) ;
#2590 =( GEOMETRIC_REPRESENTATION_CONTEXT ( 3 ) GLOBAL_UNCERTAINTY_ASSIGNED_CONTEXT ( ( #1576 ) ) GLOBAL_UNIT_ASSIGNED_CONTEXT ( ( #4147, #731, #387 ) ) REPRESENTATION_CONTEXT ( 'NONE', 'WORKASPACE' ) );
#2591 = PRESENTATION_STYLE_ASSIGNMENT (( #2220 ) ) ;
#2592 = DIRECTION ( 'NONE',  ( 0.000000000000000000, -0.5000000000000008882, 0.8660254037844381525 ) ) ;
#2593 = EDGE_LOOP ( 'NONE', ( #4269, #3440, #2711, #296 ) ) ;
#2594 = ORIENTED_EDGE ( 'NONE', *, *, #4149, .F. ) ;
#2595 =( GEOMETRIC_REPRESENTATION_CONTEXT ( 3 ) GLOBAL_UNCERTAINTY_ASSIGNED_CONTEXT ( ( #507 ) ) GLOBAL_UNIT_ASSIGNED_CONTEXT ( ( #4059, #1003, #3775 ) ) REPRESENTATION_CONTEXT ( 'NONE', 'WORKASPACE' ) );
#2596 = CARTESIAN_POINT ( 'NONE',  ( -1.932884385206879552, 6.599232868937661145, -1.500667796567688006 ) ) ;
#2597 = CARTESIAN_POINT ( 'NONE',  ( -1.125617379931350914, 7.009999999999996234, -3.659182332138577465E-16 ) ) ;
#2598 = LINE ( 'NONE', #3589, #1098 ) ;
#2599 = VERTEX_POINT ( 'NONE', #4324 ) ;
#2600 = ORIENTED_EDGE ( 'NONE', *, *, #133, .T. ) ;
#2601 = LINE ( 'NONE', #229, #2476 ) ;
#2602 = MECHANICAL_DESIGN_GEOMETRIC_PRESENTATION_REPRESENTATION (  '', ( #1948 ), #1603 ) ;
#2603 = LINE ( 'NONE', #1902, #436 ) ;
#2604 = VERTEX_POINT ( 'NONE', #3274 ) ;
#2605 = CARTESIAN_POINT ( 'NONE',  ( -1.476979767166189506, 6.872454318159569198, 1.044763178527003955 ) ) ;
#2606 = ORIENTED_EDGE ( 'NONE', *, *, #2531, .T. ) ;
#2607 = AXIS2_PLACEMENT_3D ( 'NONE', #3725, #1387, #1056 ) ;
#2608 = AXIS2_PLACEMENT_3D ( 'NONE', #1782, #3187, #3549 ) ;
#2609 = SURFACE_SIDE_STYLE ('',( #1581 ) ) ;
#2610 =( BOUNDED_CURVE ( )  B_SPLINE_CURVE ( 3, ( #897, #3296, #611, #2210 ),
 .UNSPECIFIED., .F., .T. ) 
 B_SPLINE_CURVE_WITH_KNOTS ( ( 4, 4 ),
 ( 4.712388980384689674, 5.235987755982989711 ),
 .UNSPECIFIED. ) 
 CURVE ( )  GEOMETRIC_REPRESENTATION_ITEM ( )  RATIONAL_B_SPLINE_CURVE ( ( 1.000000000000000000, 0.9772838841927120601, 0.9772838841927120601, 1.000000000000000000 ) ) 
 REPRESENTATION_ITEM ( '' )  );
#2611 = SURFACE_STYLE_FILL_AREA ( #1286 ) ;
#2612 = EDGE_CURVE ( 'NONE', #1325, #3258, #1120, .T. ) ;
#2613 =( NAMED_UNIT ( * ) SI_UNIT ( $, .STERADIAN. ) SOLID_ANGLE_UNIT ( ) );
#2614 = AXIS2_PLACEMENT_3D ( 'NONE', #3631, #3246, #1210 ) ;
#2615 = CARTESIAN_POINT ( 'NONE',  ( 3.552440903022878516, 6.973191403280877942, 0.4633630732830359977 ) ) ;
#2616 = COLOUR_RGB ( '',0.2509803921568627416, 0.2509803921568627416, 0.2509803921568627416 ) ;
#2617 = CIRCLE ( 'NONE', #3192, 0.2999999999999999334 ) ;
#2618 = STYLED_ITEM ( 'NONE', ( #2998 ), #3569 ) ;
#2619 = EDGE_LOOP ( 'NONE', ( #3361, #2078, #183, #2184 ) ) ;
#2620 = CARTESIAN_POINT ( 'NONE',  ( -6.349999999999999645, 2.999999999999997335, 0.000000000000000000 ) ) ;
#2621 = DIRECTION ( 'NONE',  ( 1.000000000000000000, 0.000000000000000000, 0.000000000000000000 ) ) ;
#2622 = VERTEX_POINT ( 'NONE', #1851 ) ;
#2623 = SURFACE_SIDE_STYLE ('',( #3255 ) ) ;
#2624 = VECTOR ( 'NONE', #495, 1000.000000000000000 ) ;
#2625 = SURFACE_STYLE_FILL_AREA ( #3597 ) ;
#2626 = ORIENTED_EDGE ( 'NONE', *, *, #6, .F. ) ;
#2627 = MECHANICAL_DESIGN_GEOMETRIC_PRESENTATION_REPRESENTATION (  '', ( #4207 ), #762 ) ;
#2628 = ADVANCED_FACE ( 'NONE', ( #3995 ), #544, .T. ) ;
#2629 = CARTESIAN_POINT ( 'NONE',  ( 3.426167354600507586, -3.620999999999999996, 0.2646511399433038592 ) ) ;
#2630 = FILL_AREA_STYLE ('',( #1652 ) ) ;
#2631 = DIRECTION ( 'NONE',  ( -0.000000000000000000, 1.000000000000000000, -0.000000000000000000 ) ) ;
#2632 = STYLED_ITEM ( 'NONE', ( #3732 ), #565 ) ;
#2633 = EDGE_CURVE ( 'NONE', #4170, #2449, #1396, .T. ) ;
#2634 = UNCERTAINTY_MEASURE_WITH_UNIT (LENGTH_MEASURE( 1.000000000000000082E-05 ), #4349, 'distance_accuracy_value', 'NONE');
#2635 = DIRECTION ( 'NONE',  ( 0.000000000000000000, 0.000000000000000000, 1.000000000000000000 ) ) ;
#2636 = PRESENTATION_STYLE_ASSIGNMENT (( #4057 ) ) ;
#2637 = SURFACE_SIDE_STYLE ('',( #3703 ) ) ;
#2638 = ORIENTED_EDGE ( 'NONE', *, *, #4218, .T. ) ;
#2639 = UNCERTAINTY_MEASURE_WITH_UNIT (LENGTH_MEASURE( 1.000000000000000082E-05 ), #1910, 'distance_accuracy_value', 'NONE');
#2640 = FACE_OUTER_BOUND ( 'NONE', #4298, .T. ) ;
#2641 = EDGE_CURVE ( 'NONE', #4179, #2801, #3664, .T. ) ;
#2642 = DIRECTION ( 'NONE',  ( -1.000000000000000000, -0.000000000000000000, -0.000000000000000000 ) ) ;
#2643 =( NAMED_UNIT ( * ) PLANE_ANGLE_UNIT ( ) SI_UNIT ( $, .RADIAN. ) );
#2644 = CARTESIAN_POINT ( 'NONE',  ( -0.9841960236940412443, 7.009999999999996234, 0.000000000000000000 ) ) ;
#2645 = SURFACE_SIDE_STYLE ('',( #3717 ) ) ;
#2646 = EDGE_LOOP ( 'NONE', ( #1008, #96, #1289, #576 ) ) ;
#2647 =( GEOMETRIC_REPRESENTATION_CONTEXT ( 3 ) GLOBAL_UNCERTAINTY_ASSIGNED_CONTEXT ( ( #283 ) ) GLOBAL_UNIT_ASSIGNED_CONTEXT ( ( #1939, #4305, #1169 ) ) REPRESENTATION_CONTEXT ( 'NONE', 'WORKASPACE' ) );
#2648 = EDGE_CURVE ( 'NONE', #1417, #1325, #4267, .T. ) ;
#2649 =( NAMED_UNIT ( * ) PLANE_ANGLE_UNIT ( ) SI_UNIT ( $, .RADIAN. ) );
#2650 = MECHANICAL_DESIGN_GEOMETRIC_PRESENTATION_REPRESENTATION (  '', ( #1936 ), #3524 ) ;
#2651 = ORIENTED_EDGE ( 'NONE', *, *, #834, .T. ) ;
#2652 = CARTESIAN_POINT ( 'NONE',  ( -1.932884385206879552, 6.599232868937661145, -1.500667796567688006 ) ) ;
#2653 = VECTOR ( 'NONE', #2242, 999.9999999999998863 ) ;
#2654 = SURFACE_STYLE_USAGE ( .BOTH. , #847 ) ;
#2655 = CARTESIAN_POINT ( 'NONE',  ( 5.699999999999998401, 3.999999999999997335, 0.000000000000000000 ) ) ;
#2656 = EDGE_CURVE ( 'NONE', #293, #2253, #818, .T. ) ;
#2657 = CIRCLE ( 'NONE', #730, 3.009999999999998899 ) ;
#2658 = CARTESIAN_POINT ( 'NONE',  ( 5.700000000000000178, 6.338268590217977838, -1.350000000000001421 ) ) ;
#2659 = ORIENTED_EDGE ( 'NONE', *, *, #435, .F. ) ;
#2660 = VERTEX_POINT ( 'NONE', #2652 ) ;
#2661 = LINE ( 'NONE', #4034, #2107 ) ;
#2662 = AXIS2_PLACEMENT_3D ( 'NONE', #3901, #2820, #3605 ) ;
#2663 =( LENGTH_UNIT ( ) NAMED_UNIT ( * ) SI_UNIT ( .MILLI., .METRE. ) );
#2664 = LINE ( 'NONE', #2333, #4277 ) ;
#2665 = ORIENTED_EDGE ( 'NONE', *, *, #3878, .F. ) ;
#2666 = CARTESIAN_POINT ( 'NONE',  ( -0.5736379448764857836, -3.620999999999999996, -4.336808689942017736E-16 ) ) ;
#2667 =( GEOMETRIC_REPRESENTATION_CONTEXT ( 3 ) GLOBAL_UNCERTAINTY_ASSIGNED_CONTEXT ( ( #1344 ) ) GLOBAL_UNIT_ASSIGNED_CONTEXT ( ( #2951, #1243, #3660 ) ) REPRESENTATION_CONTEXT ( 'NONE', 'WORKASPACE' ) );
#2668 = DIRECTION ( 'NONE',  ( 0.000000000000000000, -1.000000000000000000, 0.000000000000000000 ) ) ;
#2669 = CIRCLE ( 'NONE', #804, 3.009999999999998899 ) ;
#2670 = FILL_AREA_STYLE_COLOUR ( '', #634 ) ;
#2671 = PRESENTATION_STYLE_ASSIGNMENT (( #2980 ) ) ;
#2672 = DIRECTION ( 'NONE',  ( 0.000000000000000000, 0.000000000000000000, 1.000000000000000000 ) ) ;
#2673 = CIRCLE ( 'NONE', #2397, 2.999999999999997335 ) ;
#2674 = CARTESIAN_POINT ( 'NONE',  ( 4.015803976305960532, 6.999999999999994671, -3.529428414880126010E-14 ) ) ;
#2675 = AXIS2_PLACEMENT_3D ( 'NONE', #2071, #1743, #4095 ) ;
#2676 = AXIS2_PLACEMENT_3D ( 'NONE', #2434, #2767, #2740 ) ;
#2677 = CARTESIAN_POINT ( 'NONE',  ( -3.758380151290433790, 6.606736465391154667, -1.505000000000001892 ) ) ;
#2678 = UNCERTAINTY_MEASURE_WITH_UNIT (LENGTH_MEASURE( 1.000000000000000082E-05 ), #1415, 'distance_accuracy_value', 'NONE');
#2679 = COLOUR_RGB ( '',0.2509803921568627416, 0.2509803921568627416, 0.2509803921568627416 ) ;
#2680 = SURFACE_SIDE_STYLE ('',( #4388 ) ) ;
#2681 = CARTESIAN_POINT ( 'NONE',  ( 3.426167354600507586, -3.620999999999999996, -0.4482152654681659243 ) ) ;
#2682 = ORIENTED_EDGE ( 'NONE', *, *, #3980, .T. ) ;
#2683 = ORIENTED_EDGE ( 'NONE', *, *, #1068, .T. ) ;
#2684 = DIRECTION ( 'NONE',  ( -1.000000000000000000, -0.000000000000000000, -0.000000000000000000 ) ) ;
#2685 = VERTEX_POINT ( 'NONE', #2677 ) ;
#2686 = UNCERTAINTY_MEASURE_WITH_UNIT (LENGTH_MEASURE( 1.000000000000000082E-05 ), #1277, 'distance_accuracy_value', 'NONE');
#2687 = EDGE_CURVE ( 'NONE', #1134, #679, #2036, .T. ) ;
#2688 =( LENGTH_UNIT ( ) NAMED_UNIT ( * ) SI_UNIT ( .MILLI., .METRE. ) );
#2689 = CIRCLE ( 'NONE', #3854, 2.699999999999995293 ) ;
#2690 = SURFACE_STYLE_USAGE ( .BOTH. , #1324 ) ;
#2691 = ORIENTED_EDGE ( 'NONE', *, *, #4024, .F. ) ;
#2692 = COLOUR_RGB ( '',0.8980392156862745390, 0.9176470588235293713, 0.9294117647058823817 ) ;
#2693 = FACE_OUTER_BOUND ( 'NONE', #2557, .T. ) ;
#2694 = CIRCLE ( 'NONE', #1334, 0.7499999999999997780 ) ;
#2695 = CARTESIAN_POINT ( 'NONE',  ( 3.896651387370671848, 6.999999999999996447, -0.5297106677528028440 ) ) ;
#2696 = AXIS2_PLACEMENT_3D ( 'NONE', #2399, #3538, #3084 ) ;
#2697 = FILL_AREA_STYLE ('',( #518 ) ) ;
#2698 =( GEOMETRIC_REPRESENTATION_CONTEXT ( 3 ) GLOBAL_UNCERTAINTY_ASSIGNED_CONTEXT ( ( #683 ) ) GLOBAL_UNIT_ASSIGNED_CONTEXT ( ( #904, #1246, #854 ) ) REPRESENTATION_CONTEXT ( 'NONE', 'WORKASPACE' ) );
#2699 = CARTESIAN_POINT ( 'NONE',  ( -2.487450058687556975, 6.977830240515348059, 0.3646511399433389755 ) ) ;
#2700 = SURFACE_SIDE_STYLE ('',( #2422 ) ) ;
#2701 = STYLED_ITEM ( 'NONE', ( #3216 ), #420 ) ;
#2702 = ORIENTED_EDGE ( 'NONE', *, *, #1310, .T. ) ;
#2703 = DIRECTION ( 'NONE',  ( 0.000000000000000000, 0.000000000000000000, 1.000000000000000000 ) ) ;
#2704 = ORIENTED_EDGE ( 'NONE', *, *, #3700, .F. ) ;
#2705 = CARTESIAN_POINT ( 'NONE',  ( -4.500000000000000888, 3.999999999999997335, 0.000000000000000000 ) ) ;
#2706 =( LENGTH_UNIT ( ) NAMED_UNIT ( * ) SI_UNIT ( .MILLI., .METRE. ) );
#2707 = ADVANCED_FACE ( 'NONE', ( #360 ), #3106, .T. ) ;
#2708 = CARTESIAN_POINT ( 'NONE',  ( 6.199999999999999289, 3.676097560982547918, -0.2347066466859114575 ) ) ;
#2709 = MECHANICAL_DESIGN_GEOMETRIC_PRESENTATION_REPRESENTATION (  '', ( #572 ), #2858 ) ;
#2710 = ORIENTED_EDGE ( 'NONE', *, *, #3925, .T. ) ;
#2711 = ORIENTED_EDGE ( 'NONE', *, *, #1954, .T. ) ;
#2712 = CARTESIAN_POINT ( 'NONE',  ( 5.699999999999998401, 6.606736465391154667, -1.505000000000001892 ) ) ;
#2713 = SURFACE_STYLE_USAGE ( .BOTH. , #3657 ) ;
#2714 = ORIENTED_EDGE ( 'NONE', *, *, #1488, .T. ) ;
#2715 = FILL_AREA_STYLE ('',( #1348 ) ) ;
#2716 = CARTESIAN_POINT ( 'NONE',  ( 6.000000000000000888, 3.433347179965991813, 0.1242671959535006643 ) ) ;
#2717 = CARTESIAN_POINT ( 'NONE',  ( -1.673832645399492502, -3.620999999999999996, -0.3646511399433393086 ) ) ;
#2718 = VERTEX_POINT ( 'NONE', #1982 ) ;
#2719 = CARTESIAN_POINT ( 'NONE',  ( -1.275719955769511582, 6.999999999999996447, 0.1501025758381570874 ) ) ;
#2720 = CARTESIAN_POINT ( 'NONE',  ( -6.000000000000000000, 3.999999999999997335, -2.699999999999995293 ) ) ;
#2721 = EDGE_CURVE ( 'NONE', #2907, #2283, #414, .T. ) ;
#2722 = CARTESIAN_POINT ( 'NONE',  ( -6.000000000000000000, 4.067707825203128458, -0.07890061129800476913 ) ) ;
#2723 = FILL_AREA_STYLE ('',( #3476 ) ) ;
#2724 = ORIENTED_EDGE ( 'NONE', *, *, #3792, .F. ) ;
#2725 = FILL_AREA_STYLE ('',( #3020 ) ) ;
#2726 =( BOUNDED_CURVE ( )  B_SPLINE_CURVE ( 3, ( #1357, #4113, #2719, #4093 ),
 .UNSPECIFIED., .F., .T. ) 
 B_SPLINE_CURVE_WITH_KNOTS ( ( 4, 4 ),
 ( 1.421331723736966035, 1.570796326794896780 ),
 .UNSPECIFIED. ) 
 CURVE ( )  GEOMETRIC_REPRESENTATION_ITEM ( )  RATIONAL_B_SPLINE_CURVE ( ( 1.000000000000000000, 0.9981392272996881809, 0.9981392272996881809, 1.000000000000000000 ) ) 
 REPRESENTATION_ITEM ( '' )  );
#2727 = AXIS2_PLACEMENT_3D ( 'NONE', #3650, #840, #2228 ) ;
#2728 = FILL_AREA_STYLE ('',( #2090 ) ) ;
#2729 = FACE_OUTER_BOUND ( 'NONE', #601, .T. ) ;
#2730 = CIRCLE ( 'NONE', #8, 0.2999999999999999334 ) ;
#2731 = CARTESIAN_POINT ( 'NONE',  ( -4.500000000000000888, 3.999999999999997335, 2.499999999999996891 ) ) ;
#2732 = DIRECTION ( 'NONE',  ( -1.000000000000000000, -0.000000000000000000, -0.000000000000000000 ) ) ;
#2733 = ORIENTED_EDGE ( 'NONE', *, *, #2168, .T. ) ;
#2734 =( GEOMETRIC_REPRESENTATION_CONTEXT ( 3 ) GLOBAL_UNCERTAINTY_ASSIGNED_CONTEXT ( ( #984 ) ) GLOBAL_UNIT_ASSIGNED_CONTEXT ( ( #300, #2996, #4361 ) ) REPRESENTATION_CONTEXT ( 'NONE', 'WORKASPACE' ) );
#2735 = PLANE ( 'NONE',  #687 ) ;
#2736 = UNCERTAINTY_MEASURE_WITH_UNIT (LENGTH_MEASURE( 1.000000000000000082E-05 ), #2509, 'distance_accuracy_value', 'NONE');
#2737 = SURFACE_STYLE_USAGE ( .BOTH. , #1369 ) ;
#2738 = DIRECTION ( 'NONE',  ( -1.000000000000000000, 0.000000000000000000, 0.000000000000000000 ) ) ;
#2739 = EDGE_LOOP ( 'NONE', ( #4146, #2971, #1473, #1876 ) ) ;
#2740 = DIRECTION ( 'NONE',  ( 0.7071067811865512365, 0.000000000000000000, -0.7071067811865439090 ) ) ;
#2741 = PRESENTATION_LAYER_ASSIGNMENT (  '', '', ( #3312 ) ) ;
#2742 = CARTESIAN_POINT ( 'NONE',  ( 5.350000000000000533, 2.999999999999997335, 0.000000000000000000 ) ) ;
#2743 = PLANE ( 'NONE',  #1194 ) ;
#2744 = ORIENTED_EDGE ( 'NONE', *, *, #1216, .T. ) ;
#2745 = CYLINDRICAL_SURFACE ( 'NONE', #1270, 2.999999999999997335 ) ;
#2746 = COLOUR_RGB ( '',0.2509803921568627416, 0.2509803921568627416, 0.2509803921568627416 ) ;
#2747 = DIRECTION ( 'NONE',  ( -0.000000000000000000, 1.000000000000000000, -0.000000000000000000 ) ) ;
#2748 = VERTEX_POINT ( 'NONE', #1957 ) ;
#2749 = STYLED_ITEM ( 'NONE', ( #7 ), #1901 ) ;
#2750 = EDGE_CURVE ( 'NONE', #595, #637, #3335, .T. ) ;
#2751 = FACE_BOUND ( 'NONE', #499, .T. ) ;
#2752 = DIRECTION ( 'NONE',  ( 0.000000000000000000, 0.000000000000000000, 1.000000000000000000 ) ) ;
#2753 = AXIS2_PLACEMENT_3D ( 'NONE', #3151, #3452, #1561 ) ;
#2754 = AXIS2_PLACEMENT_3D ( 'NONE', #3799, #2075, #86 ) ;
#2755 = CARTESIAN_POINT ( 'NONE',  ( -15.04615972289522396, 3.999999999999997335, 0.3999999999999973577 ) ) ;
#2756 = EDGE_LOOP ( 'NONE', ( #3801, #4392, #2424, #2477 ) ) ;
#2757 = EDGE_LOOP ( 'NONE', ( #2733, #2918, #1889, #4376 ) ) ;
#2758 = DIRECTION ( 'NONE',  ( 0.7071067811865512365, 0.000000000000000000, -0.7071067811865439090 ) ) ;
#2759 =( GEOMETRIC_REPRESENTATION_CONTEXT ( 3 ) GLOBAL_UNCERTAINTY_ASSIGNED_CONTEXT ( ( #1958 ) ) GLOBAL_UNIT_ASSIGNED_CONTEXT ( ( #732, #3842, #813 ) ) REPRESENTATION_CONTEXT ( 'NONE', 'WORKASPACE' ) );
#2760 =( GEOMETRIC_REPRESENTATION_CONTEXT ( 3 ) GLOBAL_UNCERTAINTY_ASSIGNED_CONTEXT ( ( #1519 ) ) GLOBAL_UNIT_ASSIGNED_CONTEXT ( ( #2533, #1129, #440 ) ) REPRESENTATION_CONTEXT ( 'NONE', 'WORKASPACE' ) );
#2761 =( NAMED_UNIT ( * ) SI_UNIT ( $, .STERADIAN. ) SOLID_ANGLE_UNIT ( ) );
#2762 =( NAMED_UNIT ( * ) PLANE_ANGLE_UNIT ( ) SI_UNIT ( $, .RADIAN. ) );
#2763 = VECTOR ( 'NONE', #3627, 1000.000000000000227 ) ;
#2764 = PRESENTATION_LAYER_ASSIGNMENT (  '', '', ( #620 ) ) ;
#2765 = EDGE_CURVE ( 'NONE', #2956, #688, #117, .T. ) ;
#2766 = DIRECTION ( 'NONE',  ( 0.000000000000000000, 0.000000000000000000, 1.000000000000000000 ) ) ;
#2767 = DIRECTION ( 'NONE',  ( 0.7071067811865439090, 0.000000000000000000, 0.7071067811865512365 ) ) ;
#2769 = ORIENTED_EDGE ( 'NONE', *, *, #1183, .F. ) ;
#2768 =( GEOMETRIC_REPRESENTATION_CONTEXT ( 3 ) GLOBAL_UNCERTAINTY_ASSIGNED_CONTEXT ( ( #3362 ) ) GLOBAL_UNIT_ASSIGNED_CONTEXT ( ( #4156, #430, #3891 ) ) REPRESENTATION_CONTEXT ( 'NONE', 'WORKASPACE' ) );
#2770 = DIRECTION ( 'NONE',  ( -0.7071067811865561215, 0.000000000000000000, -0.7071067811865390240 ) ) ;
#2771 = ORIENTED_EDGE ( 'NONE', *, *, #3001, .F. ) ;
#2772 = DIRECTION ( 'NONE',  ( -1.000000000000000000, 0.000000000000000000, 0.000000000000000000 ) ) ;
#2773 = ADVANCED_FACE ( 'NONE', ( #1767 ), #2552, .T. ) ;
#2774 = TOROIDAL_SURFACE ( 'NONE', #193, 2.999999999999997335, 0.5000000000000002220 ) ;
#2775 =( NAMED_UNIT ( * ) PLANE_ANGLE_UNIT ( ) SI_UNIT ( $, .RADIAN. ) );
#2776 = CARTESIAN_POINT ( 'NONE',  ( -0.5736379448764857836, 6.999999999999994671, -4.336808689942017736E-16 ) ) ;
#2777 =( NAMED_UNIT ( * ) SI_UNIT ( $, .STERADIAN. ) SOLID_ANGLE_UNIT ( ) );
#2778 = CIRCLE ( 'NONE', #903, 3.009999999999998899 ) ;
#2779 = PRESENTATION_STYLE_ASSIGNMENT (( #3201 ) ) ;
#2780 = DIRECTION ( 'NONE',  ( -1.000000000000000000, 0.000000000000000000, 0.000000000000000000 ) ) ;
#2781 = EDGE_CURVE ( 'NONE', #2283, #2371, #2617, .T. ) ;
#2782 = DIRECTION ( 'NONE',  ( -1.000000000000000000, -0.000000000000000000, -0.000000000000000000 ) ) ;
#2783 = FACE_OUTER_BOUND ( 'NONE', #2538, .T. ) ;
#2784 = CARTESIAN_POINT ( 'NONE',  ( -15.04615972289522396, 6.988342837990123790, -0.2646511399433393308 ) ) ;
#2785 = EDGE_CURVE ( 'NONE', #3573, #317, #3770, .T. ) ;
#2786 = ORIENTED_EDGE ( 'NONE', *, *, #2961, .T. ) ;
#2787 = ORIENTED_EDGE ( 'NONE', *, *, #819, .T. ) ;
#2788 = DIRECTION ( 'NONE',  ( 0.000000000000000000, 0.5000000000000009992, 0.8660254037844380415 ) ) ;
#2789 = FILL_AREA_STYLE_COLOUR ( '', #4132 ) ;
#2790 = DIRECTION ( 'NONE',  ( -1.000000000000000000, -0.000000000000000000, -0.000000000000000000 ) ) ;
#2791 = FACE_OUTER_BOUND ( 'NONE', #1736, .T. ) ;
#2792 = UNCERTAINTY_MEASURE_WITH_UNIT (LENGTH_MEASURE( 1.000000000000000082E-05 ), #3013, 'distance_accuracy_value', 'NONE');
#2793 = EDGE_CURVE ( 'NONE', #1776, #2941, #3117, .T. ) ;
#2794 =( NAMED_UNIT ( * ) SI_UNIT ( $, .STERADIAN. ) SOLID_ANGLE_UNIT ( ) );
#2795 = ORIENTED_EDGE ( 'NONE', *, *, #2445, .T. ) ;
#2796 =( NAMED_UNIT ( * ) SI_UNIT ( $, .STERADIAN. ) SOLID_ANGLE_UNIT ( ) );
#2797 =( NAMED_UNIT ( * ) SI_UNIT ( $, .STERADIAN. ) SOLID_ANGLE_UNIT ( ) );
#2798 =( NAMED_UNIT ( * ) SI_UNIT ( $, .STERADIAN. ) SOLID_ANGLE_UNIT ( ) );
#2799 = FACE_OUTER_BOUND ( 'NONE', #3367, .T. ) ;
#2800 = EDGE_CURVE ( 'NONE', #2371, #1186, #3815, .T. ) ;
#2801 = VERTEX_POINT ( 'NONE', #4189 ) ;
#2802 = CARTESIAN_POINT ( 'NONE',  ( 2.921362055123461143, 6.606736465391153779, 1.505000000000001892 ) ) ;
#2803 = DIRECTION ( 'NONE',  ( -6.123233995736766036E-17, -1.000000000000000000, 0.000000000000000000 ) ) ;
#2804 = ORIENTED_EDGE ( 'NONE', *, *, #3463, .F. ) ;
#2805 = EDGE_LOOP ( 'NONE', ( #3136, #952, #1355, #1437 ) ) ;
#2806 = CARTESIAN_POINT ( 'NONE',  ( -1.673832645399492725, 6.987830240515347846, -0.3646511399433393086 ) ) ;
#2807 = ADVANCED_FACE ( 'NONE', ( #2799 ), #164, .T. ) ;
#2808 =( NAMED_UNIT ( * ) SI_UNIT ( $, .STERADIAN. ) SOLID_ANGLE_UNIT ( ) );
#2809 = PRESENTATION_LAYER_ASSIGNMENT (  '', '', ( #302 ) ) ;
#2810 = VERTEX_POINT ( 'NONE', #1745 ) ;
#2811 =( NAMED_UNIT ( * ) PLANE_ANGLE_UNIT ( ) SI_UNIT ( $, .RADIAN. ) );
#2812 = PRESENTATION_LAYER_ASSIGNMENT (  '', '', ( #1514 ) ) ;
#2813 = EDGE_LOOP ( 'NONE', ( #1793, #2117, #281, #828, #4103 ) ) ;
#2814 = DIRECTION ( 'NONE',  ( 0.000000000000000000, 0.000000000000000000, 1.000000000000000000 ) ) ;
#2815 = AXIS2_PLACEMENT_3D ( 'NONE', #1704, #980, #636 ) ;
#2816 = CARTESIAN_POINT ( 'NONE',  ( 2.512549941312442137, 3.989999999999997993, 0.000000000000000000 ) ) ;
#2817 = CARTESIAN_POINT ( 'NONE',  ( -2.387450058687557775, 6.998342837990123577, 0.2646511399433389977 ) ) ;
#2818 =( GEOMETRIC_REPRESENTATION_CONTEXT ( 3 ) GLOBAL_UNCERTAINTY_ASSIGNED_CONTEXT ( ( #2928 ) ) GLOBAL_UNIT_ASSIGNED_CONTEXT ( ( #2465, #1383, #752 ) ) REPRESENTATION_CONTEXT ( 'NONE', 'WORKASPACE' ) );
#2819 = CYLINDRICAL_SURFACE ( 'NONE', #1257, 3.009999999999998899 ) ;
#2820 = DIRECTION ( 'NONE',  ( 1.000000000000000000, -0.000000000000000000, -0.000000000000000000 ) ) ;
#2821 = AXIS2_PLACEMENT_3D ( 'NONE', #3500, #4271, #2194 ) ;
#2822 = DIRECTION ( 'NONE',  ( 0.000000000000000000, 0.000000000000000000, 1.000000000000000000 ) ) ;
#2823 = FILL_AREA_STYLE_COLOUR ( '', #886 ) ;
#2824 = MECHANICAL_DESIGN_GEOMETRIC_PRESENTATION_REPRESENTATION (  '', ( #3686 ), #1610 ) ;
#2825 = COLOUR_RGB ( '',1.000000000000000000, 1.000000000000000000, 1.000000000000000000 ) ;
#2826 = CARTESIAN_POINT ( 'NONE',  ( 3.874382620068649086, -3.620999999999999996, -3.523695033696481658E-14 ) ) ;
#2827 = FACE_OUTER_BOUND ( 'NONE', #1658, .T. ) ;
#2828 = VECTOR ( 'NONE', #2529, 1000.000000000000000 ) ;
#2829 =( NAMED_UNIT ( * ) SI_UNIT ( $, .STERADIAN. ) SOLID_ANGLE_UNIT ( ) );
#2830 = AXIS2_PLACEMENT_3D ( 'NONE', #1644, #4104, #3010 ) ;
#2831 = ORIENTED_EDGE ( 'NONE', *, *, #276, .T. ) ;
#2832 = CARTESIAN_POINT ( 'NONE',  ( -4.500000000000000888, 3.999999999999997335, 0.000000000000000000 ) ) ;
#2833 = EDGE_CURVE ( 'NONE', #3127, #3390, #4259, .T. ) ;
#2834 = FILL_AREA_STYLE_COLOUR ( '', #3064 ) ;
#2835 = MECHANICAL_DESIGN_GEOMETRIC_PRESENTATION_REPRESENTATION (  '', ( #807 ), #1687 ) ;
#2836 =( NAMED_UNIT ( * ) SI_UNIT ( $, .STERADIAN. ) SOLID_ANGLE_UNIT ( ) );
#2837 = CARTESIAN_POINT ( 'NONE',  ( -1.573832645399493302, 3.999999999999997335, 0.000000000000000000 ) ) ;
#2838 = STYLED_ITEM ( 'NONE', ( #445 ), #3643 ) ;
#2839 = DIRECTION ( 'NONE',  ( 1.181278933872158003E-15, 0.000000000000000000, 1.000000000000000000 ) ) ;
#2840 = ORIENTED_EDGE ( 'NONE', *, *, #880, .T. ) ;
#2841 = CARTESIAN_POINT ( 'NONE',  ( -6.099999999999999645, 2.999999999999997335, 0.000000000000000000 ) ) ;
#2842 = MECHANICAL_DESIGN_GEOMETRIC_PRESENTATION_REPRESENTATION (  '', ( #271 ), #4343 ) ;
#2843 =( NAMED_UNIT ( * ) SI_UNIT ( $, .STERADIAN. ) SOLID_ANGLE_UNIT ( ) );
#2844 = AXIS2_PLACEMENT_3D ( 'NONE', #2369, #2282, #3701 ) ;
#2845 = EDGE_CURVE ( 'NONE', #2372, #1993, #2673, .T. ) ;
#2846 = ORIENTED_EDGE ( 'NONE', *, *, #2235, .F. ) ;
#2847 = EDGE_CURVE ( 'NONE', #1993, #1838, #1911, .T. ) ;
#2848 = CIRCLE ( 'NONE', #4064, 3.009999999999998899 ) ;
#2849 = ORIENTED_EDGE ( 'NONE', *, *, #3860, .T. ) ;
#2850 = FILL_AREA_STYLE ('',( #114 ) ) ;
#2851 = EDGE_CURVE ( 'NONE', #567, #1433, #2589, .T. ) ;
#2852 = STYLED_ITEM ( 'NONE', ( #216 ), #404 ) ;
#2853 = CARTESIAN_POINT ( 'NONE',  ( 4.015803976305960532, 6.999999999999994671, -3.529428414880126010E-14 ) ) ;
#2854 = SURFACE_STYLE_USAGE ( .BOTH. , #120 ) ;
#2855 = VERTEX_POINT ( 'NONE', #1531 ) ;
#2856 = SURFACE_STYLE_FILL_AREA ( #1106 ) ;
#2857 =( LENGTH_UNIT ( ) NAMED_UNIT ( * ) SI_UNIT ( .MILLI., .METRE. ) );
#2858 =( GEOMETRIC_REPRESENTATION_CONTEXT ( 3 ) GLOBAL_UNCERTAINTY_ASSIGNED_CONTEXT ( ( #2187 ) ) GLOBAL_UNIT_ASSIGNED_CONTEXT ( ( #2902, #4357, #3940 ) ) REPRESENTATION_CONTEXT ( 'NONE', 'WORKASPACE' ) );
#2859 = FILL_AREA_STYLE_COLOUR ( '', #4331 ) ;
#2860 = PRESENTATION_STYLE_ASSIGNMENT (( #1815 ) ) ;
#2861 = CARTESIAN_POINT ( 'NONE',  ( 5.699999999999998401, 6.598076211353309795, -1.500000000000001776 ) ) ;
#2862 = CARTESIAN_POINT ( 'NONE',  ( -15.04615972289522396, 3.999999999999997335, -0.3999999999999973577 ) ) ;
#2863 = DIRECTION ( 'NONE',  ( 0.000000000000000000, 0.000000000000000000, 1.000000000000000000 ) ) ;
#2864 =( NAMED_UNIT ( * ) SI_UNIT ( $, .STERADIAN. ) SOLID_ANGLE_UNIT ( ) );
#2865 = FACE_OUTER_BOUND ( 'NONE', #392, .T. ) ;
#2866 = EDGE_CURVE ( 'NONE', #3278, #1706, #186, .T. ) ;
#2867 = DIRECTION ( 'NONE',  ( 1.998855029608931929E-16, 0.000000000000000000, 1.000000000000000000 ) ) ;
#2868 = ORIENTED_EDGE ( 'NONE', *, *, #1204, .F. ) ;
#2869 = LINE ( 'NONE', #4230, #2828 ) ;
#2870 = ORIENTED_EDGE ( 'NONE', *, *, #1264, .F. ) ;
#2871 = CARTESIAN_POINT ( 'NONE',  ( -3.758380151290433790, 6.338268590217977838, -1.350000000000001421 ) ) ;
#2872 = ORIENTED_EDGE ( 'NONE', *, *, #3220, .T. ) ;
#2874 = VERTEX_POINT ( 'NONE', #139 ) ;
#2873 = CIRCLE ( 'NONE', #520, 2.499999999999996891 ) ;
#2875 = CARTESIAN_POINT ( 'NONE',  ( -15.04615972289522396, 3.999999999999997335, 0.000000000000000000 ) ) ;
#2876 = UNCERTAINTY_MEASURE_WITH_UNIT (LENGTH_MEASURE( 1.000000000000000082E-05 ), #234, 'distance_accuracy_value', 'NONE');
#2877 = DIRECTION ( 'NONE',  ( -0.7071067811865435759, 0.000000000000000000, 0.7071067811865515695 ) ) ;
#2878 = DIRECTION ( 'NONE',  ( -0.000000000000000000, 1.000000000000000000, 1.224646799147353207E-16 ) ) ;
#2879 = PRESENTATION_LAYER_ASSIGNMENT (  '', '', ( #586 ) ) ;
#2880 = CARTESIAN_POINT ( 'NONE',  ( -0.4322165886391755030, 7.009999999999996234, -4.269046054161673709E-16 ) ) ;
#2881 = ORIENTED_EDGE ( 'NONE', *, *, #548, .F. ) ;
#2882 = SURFACE_STYLE_USAGE ( .BOTH. , #3645 ) ;
#2883 = DIRECTION ( 'NONE',  ( 0.000000000000000000, 0.000000000000000000, 1.000000000000000000 ) ) ;
#2884 = FILL_AREA_STYLE_COLOUR ( '', #3264 ) ;
#2885 = PRESENTATION_STYLE_ASSIGNMENT (( #1750 ) ) ;
#2886 =( NAMED_UNIT ( * ) PLANE_ANGLE_UNIT ( ) SI_UNIT ( $, .RADIAN. ) );
#2887 = EDGE_CURVE ( 'NONE', #3294, #1526, #3571, .T. ) ;
#2888 = AXIS2_PLACEMENT_3D ( 'NONE', #3506, #1722, #3150 ) ;
#2889 = ORIENTED_EDGE ( 'NONE', *, *, #3559, .F. ) ;
#2890 = SURFACE_SIDE_STYLE ('',( #1788 ) ) ;
#2891 = PRESENTATION_STYLE_ASSIGNMENT (( #148 ) ) ;
#2892 = ORIENTED_EDGE ( 'NONE', *, *, #1143, .F. ) ;
#2893 = CIRCLE ( 'NONE', #3249, 3.009999999999996234 ) ;
#2894 =( GEOMETRIC_REPRESENTATION_CONTEXT ( 3 ) GLOBAL_UNCERTAINTY_ASSIGNED_CONTEXT ( ( #3418 ) ) GLOBAL_UNIT_ASSIGNED_CONTEXT ( ( #596, #3326, #919 ) ) REPRESENTATION_CONTEXT ( 'NONE', 'WORKASPACE' ) );
#2895 = CARTESIAN_POINT ( 'NONE',  ( 6.199999999999999289, 3.916515138991167433, 0.000000000000000000 ) ) ;
#2896 = CARTESIAN_POINT ( 'NONE',  ( -2.678910355901216622, 7.646438779667810159, 2.105272411024708301 ) ) ;
#2897 = AXIS2_PLACEMENT_3D ( 'NONE', #3486, #3845, #2252 ) ;
#2898 = ORIENTED_EDGE ( 'NONE', *, *, #3099, .T. ) ;
#2899 = FILL_AREA_STYLE ('',( #916 ) ) ;
#2900 = CIRCLE ( 'NONE', #3179, 0.2999999999999999334 ) ;
#2901 = EDGE_CURVE ( 'NONE', #1279, #699, #1461, .T. ) ;
#2902 =( LENGTH_UNIT ( ) NAMED_UNIT ( * ) SI_UNIT ( .MILLI., .METRE. ) );
#2903 = B_SPLINE_CURVE_WITH_KNOTS ( 'NONE', 3,
 ( #3944, #1222, #2587, #103, #852, #1798 ),
 .UNSPECIFIED., .F., .F.,
 ( 4, 2, 4 ),
 ( 0.000000000000000000, 0.0001808562198007972644, 0.0003617124396015945287 ),
 .UNSPECIFIED. ) ;
#2904 = CARTESIAN_POINT ( 'NONE',  ( -4.036487594556522396, 3.999999999999997335, 0.000000000000000000 ) ) ;
#2905 =( BOUNDED_CURVE ( )  B_SPLINE_CURVE ( 3, ( #3283, #1903, #1926, #2880 ),
 .UNSPECIFIED., .F., .T. ) 
 B_SPLINE_CURVE_WITH_KNOTS ( ( 4, 4 ),
 ( 1.047197551196596521, 1.570796326794896780 ),
 .UNSPECIFIED. ) 
 CURVE ( )  GEOMETRIC_REPRESENTATION_ITEM ( )  RATIONAL_B_SPLINE_CURVE ( ( 1.000000000000000000, 0.9772838841927120601, 0.9772838841927120601, 1.000000000000000000 ) ) 
 REPRESENTATION_ITEM ( '' )  );
#2906 = DIRECTION ( 'NONE',  ( -1.000000000000000000, 0.000000000000000000, 0.000000000000000000 ) ) ;
#2907 = VERTEX_POINT ( 'NONE', #1841 ) ;
#2908 =( GEOMETRIC_REPRESENTATION_CONTEXT ( 3 ) GLOBAL_UNCERTAINTY_ASSIGNED_CONTEXT ( ( #3953 ) ) GLOBAL_UNIT_ASSIGNED_CONTEXT ( ( #3376, #3424, #3069 ) ) REPRESENTATION_CONTEXT ( 'NONE', 'WORKASPACE' ) );
#2909 = LINE ( 'NONE', #1928, #2653 ) ;
#2910 = LINE ( 'NONE', #2862, #2154 ) ;
#2911 = SURFACE_STYLE_FILL_AREA ( #832 ) ;
#2912 = COLOUR_RGB ( '',1.000000000000000000, 1.000000000000000000, 1.000000000000000000 ) ;
#2913 = MECHANICAL_DESIGN_GEOMETRIC_PRESENTATION_REPRESENTATION (  '', ( #1960 ), #2548 ) ;
#2914 = MECHANICAL_DESIGN_GEOMETRIC_PRESENTATION_REPRESENTATION (  '', ( #4266 ), #180 ) ;
#2915 = AXIS2_PLACEMENT_3D ( 'NONE', #515, #2782, #44 ) ;
#2916 = FILL_AREA_STYLE_COLOUR ( '', #3895 ) ;
#2917 =( NAMED_UNIT ( * ) PLANE_ANGLE_UNIT ( ) SI_UNIT ( $, .RADIAN. ) );
#2918 = ORIENTED_EDGE ( 'NONE', *, *, #3741, .F. ) ;
#2919 = ORIENTED_EDGE ( 'NONE', *, *, #290, .T. ) ;
#2920 = COLOUR_RGB ( '',0.2509803921568627416, 0.2509803921568627416, 0.2509803921568627416 ) ;
#2921 = CARTESIAN_POINT ( 'NONE',  ( -2.487450058687556975, -3.620999999999999996, -0.3646511399433393086 ) ) ;
#2922 = ORIENTED_EDGE ( 'NONE', *, *, #1125, .F. ) ;
#2923 = ORIENTED_EDGE ( 'NONE', *, *, #781, .T. ) ;
#2924 = AXIS2_PLACEMENT_3D ( 'NONE', #2005, #4030, #1616 ) ;
#2925 = DIRECTION ( 'NONE',  ( -1.000000000000000000, -0.000000000000000000, -0.000000000000000000 ) ) ;
#2926 = EDGE_CURVE ( 'NONE', #1838, #1081, #2900, .T. ) ;
#2927 = ORIENTED_EDGE ( 'NONE', *, *, #853, .T. ) ;
#2928 = UNCERTAINTY_MEASURE_WITH_UNIT (LENGTH_MEASURE( 1.000000000000000082E-05 ), #2465, 'distance_accuracy_value', 'NONE');
#2929 = CARTESIAN_POINT ( 'NONE',  ( 6.349999999999998757, -3.600000000000000089, 0.000000000000000000 ) ) ;
#2930 = SURFACE_SIDE_STYLE ('',( #1532 ) ) ;
#2931 = PRESENTATION_LAYER_ASSIGNMENT (  '', '', ( #2701 ) ) ;
#2932 =( NAMED_UNIT ( * ) PLANE_ANGLE_UNIT ( ) SI_UNIT ( $, .RADIAN. ) );
#2933 = CARTESIAN_POINT ( 'NONE',  ( 6.199999999999999289, 3.676097560989631141, 0.2347066466731357604 ) ) ;
#2934 = EDGE_CURVE ( 'NONE', #1465, #3620, #3978, .T. ) ;
#2935 = DIRECTION ( 'NONE',  ( 1.000000000000000000, 0.000000000000000000, 0.000000000000000000 ) ) ;
#2936 = LINE ( 'NONE', #2629, #702 ) ;
#2937 = EDGE_CURVE ( 'NONE', #1139, #1081, #2163, .T. ) ;
#2938 = SURFACE_SIDE_STYLE ('',( #240 ) ) ;
#2939 = CARTESIAN_POINT ( 'NONE',  ( -5.700000000000000178, 3.999999999999997335, 0.000000000000000000 ) ) ;
#2940 = VERTEX_POINT ( 'NONE', #2190 ) ;
#2941 = VERTEX_POINT ( 'NONE', #3006 ) ;
#2942 = DIRECTION ( 'NONE',  ( -1.000000000000000000, -0.000000000000000000, -0.000000000000000000 ) ) ;
#2943 = FILL_AREA_STYLE ('',( #1894 ) ) ;
#2944 = FILL_AREA_STYLE_COLOUR ( '', #1294 ) ;
#2945 = SURFACE_SIDE_STYLE ('',( #3566 ) ) ;
#2946 = EDGE_LOOP ( 'NONE', ( #1452, #704 ) ) ;
#2947 = FACE_OUTER_BOUND ( 'NONE', #817, .T. ) ;
#2948 = ADVANCED_FACE ( 'NONE', ( #4265, #4243 ), #3339, .T. ) ;
#2949 = DIRECTION ( 'NONE',  ( -1.000000000000000000, 0.000000000000000000, 0.000000000000000000 ) ) ;
#2950 = VERTEX_POINT ( 'NONE', #1638 ) ;
#2951 =( LENGTH_UNIT ( ) NAMED_UNIT ( * ) SI_UNIT ( .MILLI., .METRE. ) );
#2952 = SURFACE_STYLE_USAGE ( .BOTH. , #1580 ) ;
#2953 = CARTESIAN_POINT ( 'NONE',  ( -5.241619848709567542, 6.598076211353309795, -1.500000000000001776 ) ) ;
#2954 = PRESENTATION_STYLE_ASSIGNMENT (( #198 ) ) ;
#2955 = DIRECTION ( 'NONE',  ( -1.000000000000000000, -0.000000000000000000, -0.000000000000000000 ) ) ;
#2956 = VERTEX_POINT ( 'NONE', #3551 ) ;
#2957 = CIRCLE ( 'NONE', #869, 3.009999999999998899 ) ;
#2958 = CARTESIAN_POINT ( 'NONE',  ( 3.523020232833775189, 6.872454318159569198, -1.044763178527002845 ) ) ;
#2959 = PRESENTATION_LAYER_ASSIGNMENT (  '', '', ( #2525 ) ) ;
#2960 = SURFACE_SIDE_STYLE ('',( #225 ) ) ;
#2961 = EDGE_CURVE ( 'NONE', #733, #1942, #4369, .T. ) ;
#2962 = AXIS2_PLACEMENT_3D ( 'NONE', #2275, #881, #1269 ) ;
#2963 = CARTESIAN_POINT ( 'NONE',  ( 3.426167354600507586, -3.620999999999999996, 0.4482152654680955361 ) ) ;
#2964 = SURFACE_STYLE_USAGE ( .BOTH. , #1593 ) ;
#2965 = ORIENTED_EDGE ( 'NONE', *, *, #2133, .F. ) ;
#2966 = VERTEX_POINT ( 'NONE', #1295 ) ;
#2967 = VERTEX_POINT ( 'NONE', #1176 ) ;
#2968 = CIRCLE ( 'NONE', #242, 0.2999999999999999334 ) ;
#2969 = UNCERTAINTY_MEASURE_WITH_UNIT (LENGTH_MEASURE( 1.000000000000000082E-05 ), #2514, 'distance_accuracy_value', 'NONE');
#2970 = FILL_AREA_STYLE ('',( #158 ) ) ;
#2971 = ORIENTED_EDGE ( 'NONE', *, *, #4122, .T. ) ;
#2972 = PRESENTATION_LAYER_ASSIGNMENT (  '', '', ( #2241 ) ) ;
#2973 = SURFACE_SIDE_STYLE ('',( #3984 ) ) ;
#2974 = SURFACE_SIDE_STYLE ('',( #3015 ) ) ;
#2975 = STYLED_ITEM ( 'NONE', ( #199 ), #69 ) ;
#2976 = VECTOR ( 'NONE', #3286, 1000.000000000000000 ) ;
#2977 = COLOUR_RGB ( '',1.000000000000000000, 1.000000000000000000, 1.000000000000000000 ) ;
#2978 = PRESENTATION_STYLE_ASSIGNMENT (( #560 ) ) ;
#2979 = SURFACE_STYLE_USAGE ( .BOTH. , #575 ) ;
#2980 = SURFACE_STYLE_USAGE ( .BOTH. , #2938 ) ;
#2981 =( GEOMETRIC_REPRESENTATION_CONTEXT ( 3 ) GLOBAL_UNCERTAINTY_ASSIGNED_CONTEXT ( ( #3407 ) ) GLOBAL_UNIT_ASSIGNED_CONTEXT ( ( #1247, #858, #3969 ) ) REPRESENTATION_CONTEXT ( 'NONE', 'WORKASPACE' ) );
#2982 =( LENGTH_UNIT ( ) NAMED_UNIT ( * ) SI_UNIT ( .MILLI., .METRE. ) );
#2983 = CARTESIAN_POINT ( 'NONE',  ( -2.487450058687556975, -3.620999999999999996, -0.3646511399433393086 ) ) ;
#2984 = AXIS2_PLACEMENT_3D ( 'NONE', #3670, #606, #3360 ) ;
#2985 = FACE_OUTER_BOUND ( 'NONE', #2593, .T. ) ;
#2986 = SURFACE_SIDE_STYLE ('',( #826 ) ) ;
#2987 = DIRECTION ( 'NONE',  ( -0.000000000000000000, 1.000000000000000000, -0.000000000000000000 ) ) ;
#2988 =( GEOMETRIC_REPRESENTATION_CONTEXT ( 3 ) GLOBAL_UNCERTAINTY_ASSIGNED_CONTEXT ( ( #4136 ) ) GLOBAL_UNIT_ASSIGNED_CONTEXT ( ( #870, #848, #1239 ) ) REPRESENTATION_CONTEXT ( 'NONE', 'WORKASPACE' ) );
#2989 = ADVANCED_FACE ( 'NONE', ( #4011 ), #3672, .T. ) ;
#2990 = MECHANICAL_DESIGN_GEOMETRIC_PRESENTATION_REPRESENTATION (  '', ( #1267 ), #2321 ) ;
#2991 = VERTEX_POINT ( 'NONE', #2731 ) ;
#2992 = ORIENTED_EDGE ( 'NONE', *, *, #3577, .F. ) ;
#2993 = VECTOR ( 'NONE', #2322, 1000.000000000000000 ) ;
#2994 = PRESENTATION_STYLE_ASSIGNMENT (( #1530 ) ) ;
#2995 = STYLED_ITEM ( 'NONE', ( #2860 ), #4442 ) ;
#2996 =( NAMED_UNIT ( * ) PLANE_ANGLE_UNIT ( ) SI_UNIT ( $, .RADIAN. ) );
#2997 = DIRECTION ( 'NONE',  ( 0.000000000000000000, 0.000000000000000000, 1.000000000000000000 ) ) ;
#2998 = PRESENTATION_STYLE_ASSIGNMENT (( #3379 ) ) ;
#2999 =( LENGTH_UNIT ( ) NAMED_UNIT ( * ) SI_UNIT ( .MILLI., .METRE. ) );
#3000 = CARTESIAN_POINT ( 'NONE',  ( -1.125617379931350914, -3.620999999999999996, -3.221369485334804121E-16 ) ) ;
#3001 = EDGE_CURVE ( 'NONE', #1235, #3370, #389, .T. ) ;
#3002 = PLANE ( 'NONE',  #176 ) ;
#3003 = DIRECTION ( 'NONE',  ( 0.000000000000000000, 0.000000000000000000, 1.000000000000000000 ) ) ;
#3004 = UNCERTAINTY_MEASURE_WITH_UNIT (LENGTH_MEASURE( 1.000000000000000082E-05 ), #3265, 'distance_accuracy_value', 'NONE');
#3005 = SURFACE_STYLE_FILL_AREA ( #1273 ) ;
#3006 = CARTESIAN_POINT ( 'NONE',  ( 3.326167354600508386, 6.977830240515343618, -0.3646511399433742251 ) ) ;
#3007 = CARTESIAN_POINT ( 'NONE',  ( 3.426167354600507586, -3.620999999999999996, -0.2646511399433742473 ) ) ;
#3008 = FILL_AREA_STYLE_COLOUR ( '', #1739 ) ;
#3009 = ORIENTED_EDGE ( 'NONE', *, *, #528, .T. ) ;
#3010 = DIRECTION ( 'NONE',  ( 1.000000000000000000, 0.000000000000000000, 0.000000000000000000 ) ) ;
#3011 = UNCERTAINTY_MEASURE_WITH_UNIT (LENGTH_MEASURE( 1.000000000000000082E-05 ), #2366, 'distance_accuracy_value', 'NONE');
#3012 = DIRECTION ( 'NONE',  ( -1.000000000000000000, -0.000000000000000000, -0.000000000000000000 ) ) ;
#3013 =( LENGTH_UNIT ( ) NAMED_UNIT ( * ) SI_UNIT ( .MILLI., .METRE. ) );
#3014 = ORIENTED_EDGE ( 'NONE', *, *, #2577, .F. ) ;
#3015 = SURFACE_STYLE_FILL_AREA ( #902 ) ;
#3016 = FILL_AREA_STYLE ('',( #47 ) ) ;
#3017 = PRESENTATION_STYLE_ASSIGNMENT (( #32 ) ) ;
#3018 =( LENGTH_UNIT ( ) NAMED_UNIT ( * ) SI_UNIT ( .MILLI., .METRE. ) );
#3019 = ORIENTED_EDGE ( 'NONE', *, *, #2290, .T. ) ;
#3020 = FILL_AREA_STYLE_COLOUR ( '', #958 ) ;
#3021 = CARTESIAN_POINT ( 'NONE',  ( 5.999999999999996447, 3.682500000000000995, -0.2432976572020371930 ) ) ;
#3022 = CIRCLE ( 'NONE', #3962, 2.499999999999996891 ) ;
#3023 = FILL_AREA_STYLE_COLOUR ( '', #375 ) ;
#3024 = FACE_OUTER_BOUND ( 'NONE', #361, .T. ) ;
#3025 = FILL_AREA_STYLE_COLOUR ( '', #1900 ) ;
#3026 = COLOUR_RGB ( '',0.2509803921568627416, 0.2509803921568627416, 0.2509803921568627416 ) ;
#3027 = ORIENTED_EDGE ( 'NONE', *, *, #1271, .F. ) ;
#3028 = FACE_OUTER_BOUND ( 'NONE', #1573, .T. ) ;
#3029 = EDGE_LOOP ( 'NONE', ( #2786, #3014, #4116, #1769 ) ) ;
#3030 = FILL_AREA_STYLE ('',( #644 ) ) ;
#3031 = AXIS2_PLACEMENT_3D ( 'NONE', #805, #3943, #162 ) ;
#3032 = DIRECTION ( 'NONE',  ( -1.000000000000000000, -0.000000000000000000, -0.000000000000000000 ) ) ;
#3033 = ADVANCED_FACE ( 'NONE', ( #3024, #363 ), #977, .T. ) ;
#3034 = DIRECTION ( 'NONE',  ( 0.7071067811865390240, 0.000000000000000000, -0.7071067811865561215 ) ) ;
#3035 = SURFACE_STYLE_FILL_AREA ( #4363 ) ;
#3036 = FILL_AREA_STYLE ('',( #1651 ) ) ;
#3037 = ADVANCED_FACE ( 'NONE', ( #1001 ), #4117, .T. ) ;
#3038 = ADVANCED_FACE ( 'NONE', ( #4078 ), #545, .T. ) ;
#3039 = LINE ( 'NONE', #3448, #750 ) ;
#3040 = AXIS2_PLACEMENT_3D ( 'NONE', #1147, #3880, #3207 ) ;
#3041 = CARTESIAN_POINT ( 'NONE',  ( 6.000000000000000888, 3.460132101429888252, -0.1469397519400959251 ) ) ;
#3042 = UNCERTAINTY_MEASURE_WITH_UNIT (LENGTH_MEASURE( 1.000000000000000082E-05 ), #669, 'distance_accuracy_value', 'NONE');
#3043 = MECHANICAL_DESIGN_GEOMETRIC_PRESENTATION_REPRESENTATION (  '', ( #476 ), #2760 ) ;
#3044 =( LENGTH_UNIT ( ) NAMED_UNIT ( * ) SI_UNIT ( .MILLI., .METRE. ) );
#3045 = MECHANICAL_DESIGN_GEOMETRIC_PRESENTATION_REPRESENTATION (  '', ( #3118 ), #969 ) ;
#3046 = ORIENTED_EDGE ( 'NONE', *, *, #3188, .F. ) ;
#3047 = ORIENTED_EDGE ( 'NONE', *, *, #4084, .F. ) ;
#3048 = UNCERTAINTY_MEASURE_WITH_UNIT (LENGTH_MEASURE( 1.000000000000000082E-05 ), #3170, 'distance_accuracy_value', 'NONE');
#3049 = LINE ( 'NONE', #4420, #4070 ) ;
#3050 = COLOUR_RGB ( '',0.8980392156862745390, 0.9176470588235293713, 0.9294117647058823817 ) ;
#3051 = EDGE_CURVE ( 'NONE', #2966, #2685, #2251, .T. ) ;
#3052 = SURFACE_STYLE_FILL_AREA ( #257 ) ;
#3053 = ORIENTED_EDGE ( 'NONE', *, *, #1730, .T. ) ;
#3054 = CARTESIAN_POINT ( 'NONE',  ( 5.999999999999856115, 3.682499999999892193, 0.2432976572020445760 ) ) ;
#3055 = CARTESIAN_POINT ( 'NONE',  ( -0.5736379448764857836, 6.999999999999994671, -4.336808689942017736E-16 ) ) ;
#3056 = AXIS2_PLACEMENT_3D ( 'NONE', #3788, #3074, #2018 ) ;
#3057 = ORIENTED_EDGE ( 'NONE', *, *, #2428, .F. ) ;
#3058 = SURFACE_STYLE_FILL_AREA ( #3036 ) ;
#3059 = DIRECTION ( 'NONE',  ( 0.7071067811865393571, 0.000000000000000000, 0.7071067811865557884 ) ) ;
#3060 =( NAMED_UNIT ( * ) PLANE_ANGLE_UNIT ( ) SI_UNIT ( $, .RADIAN. ) );
#3061 = ORIENTED_EDGE ( 'NONE', *, *, #3523, .F. ) ;
#3062 = CARTESIAN_POINT ( 'NONE',  ( 3.426167354600507586, 6.976441344256818944, 0.4482152654680955361 ) ) ;
#3063 = SURFACE_SIDE_STYLE ('',( #3479 ) ) ;
#3064 = COLOUR_RGB ( '',0.8980392156862745390, 0.9176470588235293713, 0.9294117647058823817 ) ;
#3065 = CARTESIAN_POINT ( 'NONE',  ( -2.387450058687557775, 3.999999999999997335, 0.000000000000000000 ) ) ;
#3066 = DIRECTION ( 'NONE',  ( -0.000000000000000000, 1.000000000000000000, 1.224646799147353207E-16 ) ) ;
#3067 = ORIENTED_EDGE ( 'NONE', *, *, #1060, .T. ) ;
#3068 = ORIENTED_EDGE ( 'NONE', *, *, #1448, .T. ) ;
#3069 =( NAMED_UNIT ( * ) SI_UNIT ( $, .STERADIAN. ) SOLID_ANGLE_UNIT ( ) );
#3070 = EDGE_CURVE ( 'NONE', #3368, #422, #4192, .T. ) ;
#3071 = DIRECTION ( 'NONE',  ( -0.000000000000000000, 1.000000000000000000, -0.000000000000000000 ) ) ;
#3072 = CARTESIAN_POINT ( 'NONE',  ( 6.099999999999999645, 2.999999999999997335, 3.061616997868381785E-17 ) ) ;
#3073 = EDGE_LOOP ( 'NONE', ( #2702, #4438, #1405, #4228 ) ) ;
#3074 = DIRECTION ( 'NONE',  ( -1.000000000000000000, -0.000000000000000000, -0.000000000000000000 ) ) ;
#3075 = CARTESIAN_POINT ( 'NONE',  ( -1.673832645399492502, -3.620999999999999996, -0.6896366217054367143 ) ) ;
#3076 = DIRECTION ( 'NONE',  ( -6.123233995736766036E-17, 1.000000000000000000, -0.000000000000000000 ) ) ;
#3077 = FACE_OUTER_BOUND ( 'NONE', #2757, .T. ) ;
#3078 = MECHANICAL_DESIGN_GEOMETRIC_PRESENTATION_REPRESENTATION (  '', ( #1937 ), #1006 ) ;
#3079 = LINE ( 'NONE', #83, #3968 ) ;
#3080 = ADVANCED_FACE ( 'NONE', ( #1829 ), #3177, .T. ) ;
#3081 = ORIENTED_EDGE ( 'NONE', *, *, #2851, .T. ) ;
#3082 = CIRCLE ( 'NONE', #2008, 3.009999999999998899 ) ;
#3083 = DIRECTION ( 'NONE',  ( -1.000000000000000000, -0.000000000000000000, -0.000000000000000000 ) ) ;
#3084 = DIRECTION ( 'NONE',  ( -0.7071067811865561215, 0.000000000000000000, -0.7071067811865388020 ) ) ;
#3085 = EDGE_LOOP ( 'NONE', ( #3422, #896, #3508, #3515, #2574, #1641, #1849 ) ) ;
#3086 = ORIENTED_EDGE ( 'NONE', *, *, #1060, .F. ) ;
#3087 = FILL_AREA_STYLE_COLOUR ( '', #1117 ) ;
#3088 = ORIENTED_EDGE ( 'NONE', *, *, #728, .T. ) ;
#3089 = DIRECTION ( 'NONE',  ( 0.000000000000000000, 0.000000000000000000, 1.000000000000000000 ) ) ;
#3090 =( LENGTH_UNIT ( ) NAMED_UNIT ( * ) SI_UNIT ( .MILLI., .METRE. ) );
#3091 = VERTEX_POINT ( 'NONE', #132 ) ;
#3092 = DIRECTION ( 'NONE',  ( 0.000000000000000000, 0.000000000000000000, 1.000000000000000000 ) ) ;
#3093 = PRESENTATION_LAYER_ASSIGNMENT (  '', '', ( #17 ) ) ;
#3094 = UNCERTAINTY_MEASURE_WITH_UNIT (LENGTH_MEASURE( 1.000000000000000082E-05 ), #1710, 'distance_accuracy_value', 'NONE');
#3095 = CARTESIAN_POINT ( 'NONE',  ( -1.615123520405134627, 6.863325806012412933, -1.041485575528638297 ) ) ;
#3096 = FILL_AREA_STYLE ('',( #1091 ) ) ;
#3097 = ORIENTED_EDGE ( 'NONE', *, *, #3577, .T. ) ;
#3098 = DIRECTION ( 'NONE',  ( -1.000000000000000000, -0.000000000000000000, -0.000000000000000000 ) ) ;
#3099 = EDGE_CURVE ( 'NONE', #3218, #2599, #2869, .T. ) ;
#3100 = PRESENTATION_LAYER_ASSIGNMENT (  '', '', ( #1103 ) ) ;
#3101 = CARTESIAN_POINT ( 'NONE',  ( -6.000000000000000000, 3.374165738668204906, 1.805364005208966930E-11 ) ) ;
#3102 = AXIS2_PLACEMENT_3D ( 'NONE', #4321, #4342, #1653 ) ;
#3103 = CARTESIAN_POINT ( 'NONE',  ( 3.896651387370672293, 6.999999999999996447, 0.5297106677528026220 ) ) ;
#3104 = EDGE_CURVE ( 'NONE', #3653, #2991, #4401, .T. ) ;
#3105 = LINE ( 'NONE', #694, #3169 ) ;
#3106 = TOROIDAL_SURFACE ( 'NONE', #608, 2.699999999999997513, 0.2999999999999999334 ) ;
#3107 = FILL_AREA_STYLE_COLOUR ( '', #3921 ) ;
#3108 = CARTESIAN_POINT ( 'NONE',  ( 4.426362055123480133, 7.009999999999996234, -7.398425687810394468E-16 ) ) ;
#3109 = ORIENTED_EDGE ( 'NONE', *, *, #3715, .T. ) ;
#3110 = ORIENTED_EDGE ( 'NONE', *, *, #3375, .T. ) ;
#3111 = EDGE_CURVE ( 'NONE', #1347, #2532, #497, .T. ) ;
#3112 = DIRECTION ( 'NONE',  ( -1.000000000000000000, -0.000000000000000000, -0.000000000000000000 ) ) ;
#3113 = AXIS2_PLACEMENT_3D ( 'NONE', #4167, #1100, #3904 ) ;
#3114 = AXIS2_PLACEMENT_3D ( 'NONE', #1028, #1990, #3706 ) ;
#3115 = CARTESIAN_POINT ( 'NONE',  ( 3.426167354600507586, 6.976441344256808286, -0.4482152654681659243 ) ) ;
#3116 = CARTESIAN_POINT ( 'NONE',  ( -1.673832645399492502, -3.620999999999999996, 0.3646511399433388090 ) ) ;
#3117 = CIRCLE ( 'NONE', #4125, 3.009999999999998899 ) ;
#3118 = STYLED_ITEM ( 'NONE', ( #213 ), #3722 ) ;
#3119 = PLANE ( 'NONE',  #2274 ) ;
#3120 = DIRECTION ( 'NONE',  ( -1.000000000000000000, -0.000000000000000000, -0.000000000000000000 ) ) ;
#3121 = ORIENTED_EDGE ( 'NONE', *, *, #2377, .T. ) ;
#3122 = PRESENTATION_LAYER_ASSIGNMENT (  '', '', ( #271 ) ) ;
#3123 =( NAMED_UNIT ( * ) PLANE_ANGLE_UNIT ( ) SI_UNIT ( $, .RADIAN. ) );
#3124 = DIRECTION ( 'NONE',  ( -0.000000000000000000, 1.000000000000000000, -0.000000000000000000 ) ) ;
#3125 = AXIS2_PLACEMENT_3D ( 'NONE', #4012, #4351, #1984 ) ;
#3126 = DIRECTION ( 'NONE',  ( 0.000000000000000000, 0.000000000000000000, 1.000000000000000000 ) ) ;
#3127 = VERTEX_POINT ( 'NONE', #3225 ) ;
#3128 = TOROIDAL_SURFACE ( 'NONE', #4283, 2.699999999999997513, 0.3099999999999994982 ) ;
#3129 = EDGE_CURVE ( 'NONE', #955, #4170, #3404, .T. ) ;
#3130 = ORIENTED_EDGE ( 'NONE', *, *, #2238, .F. ) ;
#3131 = SURFACE_STYLE_FILL_AREA ( #1770 ) ;
#3132 = SURFACE_STYLE_USAGE ( .BOTH. , #2890 ) ;
#3133 =( BOUNDED_CURVE ( )  B_SPLINE_CURVE ( 3, ( #2112, #1822, #3835, #3504 ),
 .UNSPECIFIED., .F., .T. ) 
 B_SPLINE_CURVE_WITH_KNOTS ( ( 4, 4 ),
 ( 4.712388980384689674, 5.234326625650941978 ),
 .UNSPECIFIED. ) 
 CURVE ( )  GEOMETRIC_REPRESENTATION_ITEM ( )  RATIONAL_B_SPLINE_CURVE ( ( 1.000000000000000000, 0.9774269727874189684, 0.9774269727874189684, 1.000000000000000000 ) ) 
 REPRESENTATION_ITEM ( '' )  );
#3134 =( GEOMETRIC_REPRESENTATION_CONTEXT ( 3 ) GLOBAL_UNCERTAINTY_ASSIGNED_CONTEXT ( ( #2969 ) ) GLOBAL_UNIT_ASSIGNED_CONTEXT ( ( #2514, #2542, #3550 ) ) REPRESENTATION_CONTEXT ( 'NONE', 'WORKASPACE' ) );
#3135 = CARTESIAN_POINT ( 'NONE',  ( -6.349999999999998757, -3.600000000000000089, 0.000000000000000000 ) ) ;
#3136 = ORIENTED_EDGE ( 'NONE', *, *, #2851, .F. ) ;
#3137 = STYLED_ITEM ( 'NONE', ( #1991 ), #604 ) ;
#3138 = PRESENTATION_STYLE_ASSIGNMENT (( #72 ) ) ;
#3139 = ORIENTED_EDGE ( 'NONE', *, *, #3503, .T. ) ;
#3140 = CARTESIAN_POINT ( 'NONE',  ( 6.199999999999999289, 3.916515138991167433, 0.000000000000000000 ) ) ;
#3141 = EDGE_CURVE ( 'NONE', #3730, #849, #4282, .T. ) ;
#3142 =( NAMED_UNIT ( * ) PLANE_ANGLE_UNIT ( ) SI_UNIT ( $, .RADIAN. ) );
#3143 = ORIENTED_EDGE ( 'NONE', *, *, #133, .F. ) ;
#3144 = SURFACE_SIDE_STYLE ('',( #2014 ) ) ;
#3145 = ORIENTED_EDGE ( 'NONE', *, *, #4428, .F. ) ;
#3146 = SURFACE_STYLE_FILL_AREA ( #3168 ) ;
#3147 = SURFACE_STYLE_FILL_AREA ( #80 ) ;
#3148 = SURFACE_SIDE_STYLE ('',( #1785 ) ) ;
#3149 = DIRECTION ( 'NONE',  ( 1.000000000000000000, 0.000000000000000000, 0.000000000000000000 ) ) ;
#3150 = DIRECTION ( 'NONE',  ( 0.000000000000000000, 0.000000000000000000, 1.000000000000000000 ) ) ;
#3151 = CARTESIAN_POINT ( 'NONE',  ( 3.426167354600507586, 3.999999999999997335, 0.000000000000000000 ) ) ;
#3152 = ORIENTED_EDGE ( 'NONE', *, *, #2612, .T. ) ;
#3153 =( NAMED_UNIT ( * ) SI_UNIT ( $, .STERADIAN. ) SOLID_ANGLE_UNIT ( ) );
#3154 = SURFACE_SIDE_STYLE ('',( #538 ) ) ;
#3155 = ORIENTED_EDGE ( 'NONE', *, *, #4404, .F. ) ;
#3156 = SURFACE_SIDE_STYLE ('',( #773 ) ) ;
#3157 = VECTOR ( 'NONE', #3798, 1000.000000000000000 ) ;
#3158 = CARTESIAN_POINT ( 'NONE',  ( -4.036487594556522396, 6.435696448143726656, 1.406250000000000888 ) ) ;
#3159 = LINE ( 'NONE', #93, #558 ) ;
#3160 = TOROIDAL_SURFACE ( 'NONE', #1009, 1.000000000000000000, 0.2500000000000000555 ) ;
#3161 = CARTESIAN_POINT ( 'NONE',  ( 4.015803976305994283, 7.009999999999997122, 0.000000000000000000 ) ) ;
#3162 = ORIENTED_EDGE ( 'NONE', *, *, #793, .F. ) ;
#3163 = FACE_OUTER_BOUND ( 'NONE', #121, .T. ) ;
#3164 = CIRCLE ( 'NONE', #3746, 3.009999999999998899 ) ;
#3165 = DIRECTION ( 'NONE',  ( -1.000000000000000000, 0.000000000000000000, 0.000000000000000000 ) ) ;
#3166 = FILL_AREA_STYLE_COLOUR ( '', #187 ) ;
#3167 = EDGE_CURVE ( 'NONE', #1366, #4081, #110, .T. ) ;
#3168 = FILL_AREA_STYLE ('',( #1158 ) ) ;
#3169 = VECTOR ( 'NONE', #713, 1000.000000000000000 ) ;
#3170 =( LENGTH_UNIT ( ) NAMED_UNIT ( * ) SI_UNIT ( .MILLI., .METRE. ) );
#3171 = DIRECTION ( 'NONE',  ( -0.000000000000000000, 0.5000000000000008882, -0.8660254037844381525 ) ) ;
#3172 = EDGE_CURVE ( 'NONE', #2604, #982, #4366, .T. ) ;
#3173 = TOROIDAL_SURFACE ( 'NONE', #533, 2.999999999999997335, 0.5000000000000002220 ) ;
#3174 = EDGE_CURVE ( 'NONE', #1366, #2372, #1188, .T. ) ;
#3175 = PRESENTATION_LAYER_ASSIGNMENT (  '', '', ( #1948 ) ) ;
#3176 = ORIENTED_EDGE ( 'NONE', *, *, #4037, .F. ) ;
#3177 = CYLINDRICAL_SURFACE ( 'NONE', #3040, 3.009999999999998899 ) ;
#3178 = DIRECTION ( 'NONE',  ( 0.000000000000000000, 0.000000000000000000, 1.000000000000000000 ) ) ;
#3179 = AXIS2_PLACEMENT_3D ( 'NONE', #3595, #509, #529 ) ;
#3180 = AXIS2_PLACEMENT_3D ( 'NONE', #682, #3711, #2038 ) ;
#3181 = FILL_AREA_STYLE ('',( #797 ) ) ;
#3182 = COLOUR_RGB ( '',0.2509803921568627416, 0.2509803921568627416, 0.2509803921568627416 ) ;
#3183 = CARTESIAN_POINT ( 'NONE',  ( -2.387450058687557775, 3.989999999999997993, 0.000000000000000000 ) ) ;
#3184 = CIRCLE ( 'NONE', #2404, 2.816249999999996589 ) ;
#3185 = VERTEX_POINT ( 'NONE', #1916 ) ;
#3186 = ORIENTED_EDGE ( 'NONE', *, *, #1445, .T. ) ;
#3187 = DIRECTION ( 'NONE',  ( -1.000000000000000000, -0.000000000000000000, -0.000000000000000000 ) ) ;
#3188 = EDGE_CURVE ( 'NONE', #2451, #3931, #1587, .T. ) ;
#3189 = SURFACE_SIDE_STYLE ('',( #780 ) ) ;
#3190 = DIRECTION ( 'NONE',  ( -1.000000000000000000, -0.000000000000000000, -0.000000000000000000 ) ) ;
#3191 = AXIS2_PLACEMENT_3D ( 'NONE', #9, #380, #1049 ) ;
#3192 = AXIS2_PLACEMENT_3D ( 'NONE', #1079, #2196, #3578 ) ;
#3193 = DIRECTION ( 'NONE',  ( -6.123233995736766036E-17, -1.000000000000000000, 0.000000000000000000 ) ) ;
#3194 = ORIENTED_EDGE ( 'NONE', *, *, #599, .F. ) ;
#3195 = CIRCLE ( 'NONE', #2556, 0.5000000000000004441 ) ;
#3196 =( LENGTH_UNIT ( ) NAMED_UNIT ( * ) SI_UNIT ( .MILLI., .METRE. ) );
#3197 = CARTESIAN_POINT ( 'NONE',  ( -15.04615972289522396, 6.599232868937662033, 1.500667796567688006 ) ) ;
#3198 = FACE_OUTER_BOUND ( 'NONE', #3487, .T. ) ;
#3199 = CIRCLE ( 'NONE', #2258, 2.812499999999997335 ) ;
#3200 = DIRECTION ( 'NONE',  ( 1.314184451497581752E-16, -1.000000000000000000, 0.000000000000000000 ) ) ;
#3201 = SURFACE_STYLE_USAGE ( .BOTH. , #1076 ) ;
#3202 = COLOUR_RGB ( '',0.2509803921568627416, 0.2509803921568627416, 0.2509803921568627416 ) ;
#3203 = DIRECTION ( 'NONE',  ( 1.000000000000000000, 0.000000000000000000, 0.000000000000000000 ) ) ;
#3204 = SURFACE_STYLE_FILL_AREA ( #1826 ) ;
#3205 = CIRCLE ( 'NONE', #427, 0.3999999999999971356 ) ;
#3206 = ORIENTED_EDGE ( 'NONE', *, *, #3252, .T. ) ;
#3207 = DIRECTION ( 'NONE',  ( 0.000000000000000000, 0.000000000000000000, 1.000000000000000000 ) ) ;
#3208 = VECTOR ( 'NONE', #4339, 1000.000000000000000 ) ;
#3209 = VERTEX_POINT ( 'NONE', #4300 ) ;
#3210 = VECTOR ( 'NONE', #3419, 1000.000000000000000 ) ;
#3211 = CARTESIAN_POINT ( 'NONE',  ( 6.200000000000000178, 3.884465345931636282, 0.1180465689137511764 ) ) ;
#3212 = CARTESIAN_POINT ( 'NONE',  ( -4.500000000000000888, 3.999999999999997335, 0.000000000000000000 ) ) ;
#3213 = PRESENTATION_STYLE_ASSIGNMENT (( #2964 ) ) ;
#3214 = ORIENTED_EDGE ( 'NONE', *, *, #2800, .F. ) ;
#3215 = ORIENTED_EDGE ( 'NONE', *, *, #4047, .T. ) ;
#3216 = PRESENTATION_STYLE_ASSIGNMENT (( #3570 ) ) ;
#3217 = CARTESIAN_POINT ( 'NONE',  ( -15.04615972289522396, 3.999999999999997335, 0.000000000000000000 ) ) ;
#3218 = VERTEX_POINT ( 'NONE', #3609 ) ;
#3219 = CARTESIAN_POINT ( 'NONE',  ( -1.573832645399493302, 6.988342837990123790, -0.2646511399433393308 ) ) ;
#3220 = EDGE_CURVE ( 'NONE', #637, #1433, #1924, .T. ) ;
#3221 =( NAMED_UNIT ( * ) SI_UNIT ( $, .STERADIAN. ) SOLID_ANGLE_UNIT ( ) );
#3222 = DIRECTION ( 'NONE',  ( 1.000000000000000000, 0.000000000000000000, 0.000000000000000000 ) ) ;
#3223 = CARTESIAN_POINT ( 'NONE',  ( 5.999999999999996447, 3.682500000000000995, -0.2432976572020371930 ) ) ;
#3224 = EDGE_LOOP ( 'NONE', ( #2575, #258, #3053, #19, #1266 ) ) ;
#3225 = CARTESIAN_POINT ( 'NONE',  ( 6.009999999999999787, 6.338268590217977838, 1.350000000000001865 ) ) ;
#3226 = EDGE_CURVE ( 'NONE', #141, #1134, #3691, .T. ) ;
#3227 = PLANE ( 'NONE',  #1182 ) ;
#3228 = CARTESIAN_POINT ( 'NONE',  ( -4.500000000000000888, 3.999999999999997335, 0.000000000000000000 ) ) ;
#3229 = DIRECTION ( 'NONE',  ( 1.314184451497581752E-16, -1.000000000000000000, 0.000000000000000000 ) ) ;
#3230 = FACE_OUTER_BOUND ( 'NONE', #3959, .T. ) ;
#3231 = EDGE_LOOP ( 'NONE', ( #915, #3097, #1620, #2330 ) ) ;
#3232 = DIRECTION ( 'NONE',  ( -1.000000000000000000, -0.000000000000000000, -0.000000000000000000 ) ) ;
#3233 = EDGE_CURVE ( 'NONE', #4013, #3719, #1820, .T. ) ;
#3234 = UNCERTAINTY_MEASURE_WITH_UNIT (LENGTH_MEASURE( 1.000000000000000082E-05 ), #1637, 'distance_accuracy_value', 'NONE');
#3235 = VECTOR ( 'NONE', #405, 1000.000000000000000 ) ;
#3236 = CARTESIAN_POINT ( 'NONE',  ( -1.573832645399492414, -3.620999999999999996, -0.2646511399433393308 ) ) ;
#3237 = LINE ( 'NONE', #448, #1244 ) ;
#3238 = DIRECTION ( 'NONE',  ( -0.000000000000000000, 1.000000000000000000, -0.000000000000000000 ) ) ;
#3239 = MECHANICAL_DESIGN_GEOMETRIC_PRESENTATION_REPRESENTATION (  '', ( #2224 ), #3885 ) ;
#3240 = EDGE_CURVE ( 'NONE', #1225, #933, #1544, .T. ) ;
#3241 = SURFACE_SIDE_STYLE ('',( #1509 ) ) ;
#3242 =( BOUNDED_CURVE ( )  B_SPLINE_CURVE ( 3, ( #766, #1159, #1444, #2111 ),
 .UNSPECIFIED., .F., .F. ) 
 B_SPLINE_CURVE_WITH_KNOTS ( ( 4, 4 ),
 ( 4.712388980384689674, 5.234326625650941978 ),
 .UNSPECIFIED. ) 
 CURVE ( )  GEOMETRIC_REPRESENTATION_ITEM ( )  RATIONAL_B_SPLINE_CURVE ( ( 1.000000000000000000, 0.9774269727874189684, 0.9774269727874189684, 1.000000000000000000 ) ) 
 REPRESENTATION_ITEM ( '' )  );
#3243 = MECHANICAL_DESIGN_GEOMETRIC_PRESENTATION_REPRESENTATION (  '', ( #17 ), #1450 ) ;
#3244 = EDGE_LOOP ( 'NONE', ( #1493, #4348, #935, #1391, #2889 ) ) ;
#3245 = ADVANCED_FACE ( 'NONE', ( #3271 ), #3002, .F. ) ;
#3246 = DIRECTION ( 'NONE',  ( -1.000000000000000000, -0.000000000000000000, -0.000000000000000000 ) ) ;
#3247 = ORIENTED_EDGE ( 'NONE', *, *, #4316, .T. ) ;
#3248 =( LENGTH_UNIT ( ) NAMED_UNIT ( * ) SI_UNIT ( .MILLI., .METRE. ) );
#3249 = AXIS2_PLACEMENT_3D ( 'NONE', #3666, #4049, #905 ) ;
#3250 = CARTESIAN_POINT ( 'NONE',  ( -15.04615972289522396, 3.999999999999997335, 0.000000000000000000 ) ) ;
#3251 = DIRECTION ( 'NONE',  ( 0.000000000000000000, 0.000000000000000000, 1.000000000000000000 ) ) ;
#3252 = EDGE_CURVE ( 'NONE', #4347, #235, #244, .T. ) ;
#3253 = DIRECTION ( 'NONE',  ( -0.000000000000000000, 1.000000000000000000, -0.000000000000000000 ) ) ;
#3254 = EDGE_LOOP ( 'NONE', ( #3708, #2870, #531, #3437 ) ) ;
#3255 = SURFACE_STYLE_FILL_AREA ( #1552 ) ;
#3256 = COLOUR_RGB ( '',1.000000000000000000, 1.000000000000000000, 1.000000000000000000 ) ;
#3257 = LINE ( 'NONE', #2544, #820 ) ;
#3258 = VERTEX_POINT ( 'NONE', #1272 ) ;
#3259 = PRESENTATION_LAYER_ASSIGNMENT (  '', '', ( #3843 ) ) ;
#3260 = MECHANICAL_DESIGN_GEOMETRIC_PRESENTATION_REPRESENTATION (  '', ( #2164 ), #2398 ) ;
#3261 = CARTESIAN_POINT ( 'NONE',  ( 3.724280044230487974, 6.999999999999995559, -0.1501025758381926978 ) ) ;
#3262 = SURFACE_STYLE_FILL_AREA ( #1885 ) ;
#3263 = SURFACE_SIDE_STYLE ('',( #3601 ) ) ;
#3264 = COLOUR_RGB ( '',0.2509803921568627416, 0.2509803921568627416, 0.2509803921568627416 ) ;
#3265 =( LENGTH_UNIT ( ) NAMED_UNIT ( * ) SI_UNIT ( .MILLI., .METRE. ) );
#3266 = DIRECTION ( 'NONE',  ( -1.000000000000000000, -0.000000000000000000, -0.000000000000000000 ) ) ;
#3267 = DIRECTION ( 'NONE',  ( -1.000000000000000000, -0.000000000000000000, -0.000000000000000000 ) ) ;
#3268 =( NAMED_UNIT ( * ) PLANE_ANGLE_UNIT ( ) SI_UNIT ( $, .RADIAN. ) );
#3269 = VERTEX_POINT ( 'NONE', #924 ) ;
#3270 = CIRCLE ( 'NONE', #2415, 2.816249999999996589 ) ;
#3271 = FACE_OUTER_BOUND ( 'NONE', #1675, .T. ) ;
#3272 = STYLED_ITEM ( 'NONE', ( #2885 ), #4244 ) ;
#3273 = ADVANCED_FACE ( 'NONE', ( #272 ), #1635, .T. ) ;
#3274 = CARTESIAN_POINT ( 'NONE',  ( -2.487450058687556975, 6.977830240515348059, -0.3646511399433393086 ) ) ;
#3275 = STYLED_ITEM ( 'NONE', ( #2199 ), #4340 ) ;
#3276 = DIRECTION ( 'NONE',  ( 0.000000000000000000, 0.000000000000000000, 1.000000000000000000 ) ) ;
#3277 = ORIENTED_EDGE ( 'NONE', *, *, #2934, .T. ) ;
#3278 = VERTEX_POINT ( 'NONE', #2674 ) ;
#3279 = PLANE ( 'NONE',  #4188 ) ;
#3280 = COLOUR_RGB ( '',0.2509803921568627416, 0.2509803921568627416, 0.2509803921568627416 ) ;
#3281 = UNCERTAINTY_MEASURE_WITH_UNIT (LENGTH_MEASURE( 1.000000000000000082E-05 ), #3812, 'distance_accuracy_value', 'NONE');
#3282 = SURFACE_STYLE_FILL_AREA ( #2970 ) ;
#3283 = CARTESIAN_POINT ( 'NONE',  ( -1.937216588639194992, 6.606736465391153779, -1.505000000000002336 ) ) ;
#3284 = ORIENTED_EDGE ( 'NONE', *, *, #1978, .T. ) ;
#3285 = CARTESIAN_POINT ( 'NONE',  ( -15.04615972289522396, 3.999999999999997335, 0.000000000000000000 ) ) ;
#3286 = DIRECTION ( 'NONE',  ( -0.000000000000000000, 1.000000000000000000, -0.000000000000000000 ) ) ;
#3287 = SURFACE_STYLE_USAGE ( .BOTH. , #220 ) ;
#3288 = EDGE_CURVE ( 'NONE', #1417, #474, #1613, .T. ) ;
#3289 = DIRECTION ( 'NONE',  ( 0.000000000000000000, 0.000000000000000000, 1.000000000000000000 ) ) ;
#3290 = SURFACE_SIDE_STYLE ('',( #1229 ) ) ;
#3291 = ORIENTED_EDGE ( 'NONE', *, *, #2313, .T. ) ;
#3292 = FILL_AREA_STYLE ('',( #1918 ) ) ;
#3293 = FILL_AREA_STYLE_COLOUR ( '', #3388 ) ;
#3294 = VERTEX_POINT ( 'NONE', #4051 ) ;
#3295 = ORIENTED_EDGE ( 'NONE', *, *, #4008, .F. ) ;
#3296 = CARTESIAN_POINT ( 'NONE',  ( 4.036347705823956744, 7.009999999999996234, 0.5314357055368277294 ) ) ;
#3297 = CARTESIAN_POINT ( 'NONE',  ( -1.125617379931350914, -3.620999999999999996, -3.221369485334804121E-16 ) ) ;
#3298 = CARTESIAN_POINT ( 'NONE',  ( 3.381598876596465519, 6.872454318159569198, -1.044763178527002623 ) ) ;
#3299 = ORIENTED_EDGE ( 'NONE', *, *, #3288, .F. ) ;
#3300 = CIRCLE ( 'NONE', #3450, 3.009999999999998899 ) ;
#3301 = VERTEX_POINT ( 'NONE', #3718 ) ;
#3302 = FACE_OUTER_BOUND ( 'NONE', #2646, .T. ) ;
#3303 =( GEOMETRIC_REPRESENTATION_CONTEXT ( 3 ) GLOBAL_UNCERTAINTY_ASSIGNED_CONTEXT ( ( #1925 ) ) GLOBAL_UNIT_ASSIGNED_CONTEXT ( ( #3378, #1735, #2016 ) ) REPRESENTATION_CONTEXT ( 'NONE', 'WORKASPACE' ) );
#3304 = DIRECTION ( 'NONE',  ( 1.000000000000000000, 0.000000000000000000, -1.998855029608932176E-16 ) ) ;
#3305 = PRESENTATION_LAYER_ASSIGNMENT (  '', '', ( #1938 ) ) ;
#3306 = FACE_OUTER_BOUND ( 'NONE', #1527, .T. ) ;
#3307 = CARTESIAN_POINT ( 'NONE',  ( 4.015803976305960532, 6.999999999999994671, -3.529428414880126010E-14 ) ) ;
#3308 = VERTEX_POINT ( 'NONE', #3062 ) ;
#3309 = AXIS2_PLACEMENT_3D ( 'NONE', #1361, #1429, #1051 ) ;
#3310 = DIRECTION ( 'NONE',  ( 1.000000000000000000, 0.000000000000000000, 0.000000000000000000 ) ) ;
#3311 = EDGE_CURVE ( 'NONE', #338, #1105, #291, .T. ) ;
#3312 = STYLED_ITEM ( 'NONE', ( #1744 ), #1738 ) ;
#3313 = CARTESIAN_POINT ( 'NONE',  ( -5.241619848709567542, 6.598076211353309795, 1.500000000000001776 ) ) ;
#3314 = ORIENTED_EDGE ( 'NONE', *, *, #618, .F. ) ;
#3315 = UNCERTAINTY_MEASURE_WITH_UNIT (LENGTH_MEASURE( 1.000000000000000082E-05 ), #331, 'distance_accuracy_value', 'NONE');
#3316 = DIRECTION ( 'NONE',  ( -1.000000000000000000, -0.000000000000000000, -0.000000000000000000 ) ) ;
#3317 = LINE ( 'NONE', #2681, #1416 ) ;
#3318 = FACE_OUTER_BOUND ( 'NONE', #3231, .T. ) ;
#3319 = ORIENTED_EDGE ( 'NONE', *, *, #2750, .F. ) ;
#3320 = SURFACE_SIDE_STYLE ('',( #3592 ) ) ;
#3321 = CIRCLE ( 'NONE', #1949, 2.812499999999997335 ) ;
#3322 = FILL_AREA_STYLE_COLOUR ( '', #1032 ) ;
#3323 = CARTESIAN_POINT ( 'NONE',  ( 3.552440903022887397, 6.983191403280870624, -0.4633630732830963939 ) ) ;
#3324 = ORIENTED_EDGE ( 'NONE', *, *, #1874, .F. ) ;
#3325 = AXIS2_PLACEMENT_3D ( 'NONE', #1292, #1636, #2703 ) ;
#3326 =( NAMED_UNIT ( * ) PLANE_ANGLE_UNIT ( ) SI_UNIT ( $, .RADIAN. ) );
#3327 = ADVANCED_FACE ( 'NONE', ( #1696, #2751 ), #3431, .T. ) ;
#3328 =( LENGTH_UNIT ( ) NAMED_UNIT ( * ) SI_UNIT ( .MILLI., .METRE. ) );
#3329 = SURFACE_STYLE_FILL_AREA ( #2630 ) ;
#3330 = VECTOR ( 'NONE', #3742, 1000.000000000000000 ) ;
#3331 =( NAMED_UNIT ( * ) SI_UNIT ( $, .STERADIAN. ) SOLID_ANGLE_UNIT ( ) );
#3332 = PRESENTATION_LAYER_ASSIGNMENT (  '', '', ( #816 ) ) ;
#3333 = VECTOR ( 'NONE', #2546, 1000.000000000000000 ) ;
#3334 = ORIENTED_EDGE ( 'NONE', *, *, #3958, .F. ) ;
#3335 = LINE ( 'NONE', #2001, #1470 ) ;
#3336 =( GEOMETRIC_REPRESENTATION_CONTEXT ( 3 ) GLOBAL_UNCERTAINTY_ASSIGNED_CONTEXT ( ( #373 ) ) GLOBAL_UNIT_ASSIGNED_CONTEXT ( ( #59, #99, #4220 ) ) REPRESENTATION_CONTEXT ( 'NONE', 'WORKASPACE' ) );
#3337 = EDGE_CURVE ( 'NONE', #338, #638, #2070, .T. ) ;
#3338 = CARTESIAN_POINT ( 'NONE',  ( -1.673832645399492725, 3.999999999999997335, 0.000000000000000000 ) ) ;
#3339 = CYLINDRICAL_SURFACE ( 'NONE', #4254, 3.009999999999998899 ) ;
#3340 = DIRECTION ( 'NONE',  ( 1.000000000000000000, 0.000000000000000000, 0.000000000000000000 ) ) ;
#3341 = EDGE_LOOP ( 'NONE', ( #3389, #1054, #3998, #2769, #1965, #136 ) ) ;
#3342 = ORIENTED_EDGE ( 'NONE', *, *, #4092, .F. ) ;
#3343 = CARTESIAN_POINT ( 'NONE',  ( -3.758380151290433790, 6.598076211353309795, -1.500000000000001776 ) ) ;
#3344 = EDGE_LOOP ( 'NONE', ( #610, #1084, #2804, #3614 ) ) ;
#3345 = VECTOR ( 'NONE', #3773, 1000.000000000000227 ) ;
#3346 =( NAMED_UNIT ( * ) PLANE_ANGLE_UNIT ( ) SI_UNIT ( $, .RADIAN. ) );
#3347 =( NAMED_UNIT ( * ) PLANE_ANGLE_UNIT ( ) SI_UNIT ( $, .RADIAN. ) );
#3348 = ORIENTED_EDGE ( 'NONE', *, *, #3001, .T. ) ;
#3349 = CIRCLE ( 'NONE', #345, 2.699999999999997513 ) ;
#3350 = CARTESIAN_POINT ( 'NONE',  ( -5.699999999999998401, 6.598076211353309795, 1.500000000000001776 ) ) ;
#3351 = VECTOR ( 'NONE', #3200, 1000.000000000000000 ) ;
#3352 = FACE_OUTER_BOUND ( 'NONE', #1505, .T. ) ;
#3353 = CARTESIAN_POINT ( 'NONE',  ( 3.526297835832140848, 6.863325806012412933, 1.041485575528638075 ) ) ;
#3354 = EDGE_CURVE ( 'NONE', #4194, #2553, #3039, .T. ) ;
#3355 = FACE_OUTER_BOUND ( 'NONE', #365, .T. ) ;
#3356 = B_SPLINE_CURVE_WITH_KNOTS ( 'NONE', 3,
 ( #2063, #398, #3441, #2716, #1713, #2379, #28, #3054 ),
 .UNSPECIFIED., .F., .F.,
 ( 4, 2, 2, 4 ),
 ( 0.001826814655488762616, 0.001931566528988797656, 0.002036318402488832696, 0.002245822149488902342 ),
 .UNSPECIFIED. ) ;
#3357 = ORIENTED_EDGE ( 'NONE', *, *, #3167, .F. ) ;
#3358 = SURFACE_STYLE_FILL_AREA ( #2725 ) ;
#3359 =( BOUNDED_CURVE ( )  B_SPLINE_CURVE ( 3, ( #2239, #4245, #3298, #2213 ),
 .UNSPECIFIED., .F., .T. ) 
 B_SPLINE_CURVE_WITH_KNOTS ( ( 4, 4 ),
 ( 4.712388980384689674, 5.235987755982989711 ),
 .UNSPECIFIED. ) 
 CURVE ( )  GEOMETRIC_REPRESENTATION_ITEM ( )  RATIONAL_B_SPLINE_CURVE ( ( 1.000000000000000000, 0.9772838841927120601, 0.9772838841927120601, 1.000000000000000000 ) ) 
 REPRESENTATION_ITEM ( '' )  );
#3360 = DIRECTION ( 'NONE',  ( 1.000000000000000000, 0.000000000000000000, 0.000000000000000000 ) ) ;
#3361 = ORIENTED_EDGE ( 'NONE', *, *, #4352, .T. ) ;
#3362 = UNCERTAINTY_MEASURE_WITH_UNIT (LENGTH_MEASURE( 1.000000000000000082E-05 ), #4156, 'distance_accuracy_value', 'NONE');
#3363 = DIRECTION ( 'NONE',  ( -1.000000000000000000, -0.000000000000000000, -0.000000000000000000 ) ) ;
#3364 = FILL_AREA_STYLE ('',( #1726 ) ) ;
#3365 = CARTESIAN_POINT ( 'NONE',  ( -3.758380151290433790, 3.999999999999997335, 2.999999999999997335 ) ) ;
#3366 = CARTESIAN_POINT ( 'NONE',  ( -1.216653087022416591, 7.009999999999996234, -0.2324570633283699339 ) ) ;
#3367 = EDGE_LOOP ( 'NONE', ( #3917, #2831, #1803, #359 ) ) ;
#3368 = VERTEX_POINT ( 'NONE', #2699 ) ;
#3369 = CARTESIAN_POINT ( 'NONE',  ( -6.000000000000000000, 3.374165738668204906, 1.805364005208966930E-11 ) ) ;
#3370 = VERTEX_POINT ( 'NONE', #4225 ) ;
#3371 = UNCERTAINTY_MEASURE_WITH_UNIT (LENGTH_MEASURE( 1.000000000000000082E-05 ), #947, 'distance_accuracy_value', 'NONE');
#3372 = PLANE ( 'NONE',  #486 ) ;
#3373 = ADVANCED_FACE ( 'NONE', ( #2463, #2131 ), #2819, .T. ) ;
#3374 = FACE_OUTER_BOUND ( 'NONE', #1092, .T. ) ;
#3375 = EDGE_CURVE ( 'NONE', #3510, #2494, #104, .T. ) ;
#3376 =( LENGTH_UNIT ( ) NAMED_UNIT ( * ) SI_UNIT ( .MILLI., .METRE. ) );
#3377 = UNCERTAINTY_MEASURE_WITH_UNIT (LENGTH_MEASURE( 1.000000000000000082E-05 ), #1719, 'distance_accuracy_value', 'NONE');
#3378 =( LENGTH_UNIT ( ) NAMED_UNIT ( * ) SI_UNIT ( .MILLI., .METRE. ) );
#3379 = SURFACE_STYLE_USAGE ( .BOTH. , #4044 ) ;
#3380 = LINE ( 'NONE', #1016, #1173 ) ;
#3381 = MECHANICAL_DESIGN_GEOMETRIC_PRESENTATION_REPRESENTATION (  '', ( #2457 ), #1281 ) ;
#3382 = EDGE_CURVE ( 'NONE', #1922, #3802, #3133, .T. ) ;
#3383 = AXIS2_PLACEMENT_3D ( 'NONE', #3574, #1578, #4314 ) ;
#3384 =( BOUNDED_CURVE ( )  B_SPLINE_CURVE ( 3, ( #2853, #3588, #4236, #3935 ),
 .UNSPECIFIED., .F., .F. ) 
 B_SPLINE_CURVE_WITH_KNOTS ( ( 4, 4 ),
 ( 4.712388980384701220, 4.943557541914720410 ),
 .UNSPECIFIED. ) 
 CURVE ( )  GEOMETRIC_REPRESENTATION_ITEM ( )  RATIONAL_B_SPLINE_CURVE ( ( 1.000000000000000000, 0.9955517136470730666, 0.9955517136470730666, 1.000000000000000000 ) ) 
 REPRESENTATION_ITEM ( '' )  );
#3385 = SURFACE_SIDE_STYLE ('',( #3772 ) ) ;
#3386 = DIRECTION ( 'NONE',  ( 1.000000000000000000, 0.000000000000000000, 0.000000000000000000 ) ) ;
#3387 =( BOUNDED_CURVE ( )  B_SPLINE_CURVE ( 3, ( #3974, #151, #580, #1896 ),
 .UNSPECIFIED., .F., .T. ) 
 B_SPLINE_CURVE_WITH_KNOTS ( ( 4, 4 ),
 ( 4.712388980384689674, 5.235987755982989711 ),
 .UNSPECIFIED. ) 
 CURVE ( )  GEOMETRIC_REPRESENTATION_ITEM ( )  RATIONAL_B_SPLINE_CURVE ( ( 1.000000000000000000, 0.9772838841927120601, 0.9772838841927120601, 1.000000000000000000 ) ) 
 REPRESENTATION_ITEM ( '' )  );
#3388 = COLOUR_RGB ( '',0.2509803921568627416, 0.2509803921568627416, 0.2509803921568627416 ) ;
#3389 = ORIENTED_EDGE ( 'NONE', *, *, #1227, .T. ) ;
#3390 = VERTEX_POINT ( 'NONE', #4208 ) ;
#3391 = CARTESIAN_POINT ( 'NONE',  ( -6.000000000000000888, 3.890314759042780679, 0.2385449895762143391 ) ) ;
#3392 = STYLED_ITEM ( 'NONE', ( #2526 ), #1830 ) ;
#3393 = CARTESIAN_POINT ( 'NONE',  ( 3.062783411360770369, -3.620999999999999996, -1.505000000000002558 ) ) ;
#3394 =( NAMED_UNIT ( * ) SI_UNIT ( $, .STERADIAN. ) SOLID_ANGLE_UNIT ( ) );
#3395 = EDGE_LOOP ( 'NONE', ( #4241, #1642, #2691, #4206 ) ) ;
#3396 = FACE_BOUND ( 'NONE', #1108, .T. ) ;
#3397 =( GEOMETRIC_REPRESENTATION_CONTEXT ( 3 ) GLOBAL_UNCERTAINTY_ASSIGNED_CONTEXT ( ( #3048 ) ) GLOBAL_UNIT_ASSIGNED_CONTEXT ( ( #3170, #1844, #3221 ) ) REPRESENTATION_CONTEXT ( 'NONE', 'WORKASPACE' ) );
#3398 = DIRECTION ( 'NONE',  ( -0.000000000000000000, 1.000000000000000000, -0.000000000000000000 ) ) ;
#3399 = CARTESIAN_POINT ( 'NONE',  ( -1.573832645399491525, 3.989999999999997993, 0.000000000000000000 ) ) ;
#3400 =( LENGTH_UNIT ( ) NAMED_UNIT ( * ) SI_UNIT ( .MILLI., .METRE. ) );
#3401 = DIRECTION ( 'NONE',  ( -0.000000000000000000, 1.000000000000000000, -0.000000000000000000 ) ) ;
#3402 = PRESENTATION_STYLE_ASSIGNMENT (( #4160 ) ) ;
#3403 = DIRECTION ( 'NONE',  ( -6.123233995736766036E-17, 1.000000000000000000, -0.000000000000000000 ) ) ;
#3404 = CIRCLE ( 'NONE', #475, 2.999999999999997335 ) ;
#3405 = PRESENTATION_LAYER_ASSIGNMENT (  '', '', ( #1960 ) ) ;
#3406 = FILL_AREA_STYLE_COLOUR ( '', #3468 ) ;
#3407 = UNCERTAINTY_MEASURE_WITH_UNIT (LENGTH_MEASURE( 1.000000000000000082E-05 ), #1247, 'distance_accuracy_value', 'NONE');
#3408 =( GEOMETRIC_REPRESENTATION_CONTEXT ( 3 ) GLOBAL_UNCERTAINTY_ASSIGNED_CONTEXT ( ( #277 ) ) GLOBAL_UNIT_ASSIGNED_CONTEXT ( ( #1489, #1428, #2798 ) ) REPRESENTATION_CONTEXT ( 'NONE', 'WORKASPACE' ) );
#3409 = AXIS2_PLACEMENT_3D ( 'NONE', #1362, #310, #2348 ) ;
#3410 = DIRECTION ( 'NONE',  ( 1.000000000000000000, 0.000000000000000000, 0.000000000000000000 ) ) ;
#3411 = CARTESIAN_POINT ( 'NONE',  ( -3.758380151290433790, 3.999999999999997335, -2.699999999999997513 ) ) ;
#3412 = EDGE_CURVE ( 'NONE', #3782, #699, #1824, .T. ) ;
#3413 = STYLED_ITEM ( 'NONE', ( #4112 ), #3583 ) ;
#3414 = DIRECTION ( 'NONE',  ( -1.000000000000000000, -0.000000000000000000, -0.000000000000000000 ) ) ;
#3415 = EDGE_LOOP ( 'NONE', ( #1061, #4087, #1551, #4360, #4256, #1283 ) ) ;
#3416 = ORIENTED_EDGE ( 'NONE', *, *, #590, .T. ) ;
#3417 = CARTESIAN_POINT ( 'NONE',  ( -1.673832645399492725, 6.977830240515348059, 0.3646511399433414735 ) ) ;
#3418 = UNCERTAINTY_MEASURE_WITH_UNIT (LENGTH_MEASURE( 1.000000000000000082E-05 ), #596, 'distance_accuracy_value', 'NONE');
#3419 = DIRECTION ( 'NONE',  ( -1.000000000000000000, 0.000000000000000000, 0.000000000000000000 ) ) ;
#3420 = PRESENTATION_LAYER_ASSIGNMENT (  '', '', ( #695 ) ) ;
#3421 = SURFACE_STYLE_FILL_AREA ( #2034 ) ;
#3422 = ORIENTED_EDGE ( 'NONE', *, *, #2098, .T. ) ;
#3423 = DIRECTION ( 'NONE',  ( -1.000000000000000000, -0.000000000000000000, -0.000000000000000000 ) ) ;
#3424 =( NAMED_UNIT ( * ) PLANE_ANGLE_UNIT ( ) SI_UNIT ( $, .RADIAN. ) );
#3425 = CIRCLE ( 'NONE', #3125, 2.999999999999997335 ) ;
#3426 = UNCERTAINTY_MEASURE_WITH_UNIT (LENGTH_MEASURE( 1.000000000000000082E-05 ), #197, 'distance_accuracy_value', 'NONE');
#3427 = SURFACE_STYLE_FILL_AREA ( #3016 ) ;
#3428 = ORIENTED_EDGE ( 'NONE', *, *, #1987, .F. ) ;
#3429 = CARTESIAN_POINT ( 'NONE',  ( 3.326167354600508386, 3.999999999999997335, 0.000000000000000000 ) ) ;
#3430 =( NAMED_UNIT ( * ) SI_UNIT ( $, .STERADIAN. ) SOLID_ANGLE_UNIT ( ) );
#3431 = CYLINDRICAL_SURFACE ( 'NONE', #3191, 3.009999999999998899 ) ;
#3432 = DIRECTION ( 'NONE',  ( 0.000000000000000000, 0.000000000000000000, 1.000000000000000000 ) ) ;
#3433 = ORIENTED_EDGE ( 'NONE', *, *, #1227, .F. ) ;
#3434 = DIRECTION ( 'NONE',  ( 0.000000000000000000, 0.000000000000000000, 1.000000000000000000 ) ) ;
#3435 = PRESENTATION_STYLE_ASSIGNMENT (( #3771 ) ) ;
#3436 = LINE ( 'NONE', #2052, #3345 ) ;
#3437 = ORIENTED_EDGE ( 'NONE', *, *, #1664, .F. ) ;
#3438 = CARTESIAN_POINT ( 'NONE',  ( -6.000000000000000000, 3.374165738682915805, 0.03919043158656473208 ) ) ;
#3439 = FILL_AREA_STYLE ('',( #938 ) ) ;
#3440 = ORIENTED_EDGE ( 'NONE', *, *, #4047, .F. ) ;
#3441 = CARTESIAN_POINT ( 'NONE',  ( 6.000000000000000888, 3.389923730879913943, 0.06874954103619559942 ) ) ;
#3442 = EDGE_CURVE ( 'NONE', #1718, #3777, #2145, .T. ) ;
#3443 = EDGE_LOOP ( 'NONE', ( #3598, #43, #2085, #1209, #3291, #1607, #659 ) ) ;
#3444 =( LENGTH_UNIT ( ) NAMED_UNIT ( * ) SI_UNIT ( .MILLI., .METRE. ) );
#3445 = CARTESIAN_POINT ( 'NONE',  ( -6.000000000000000888, 3.577423626278673385, -0.2199125246551641710 ) ) ;
#3446 = CARTESIAN_POINT ( 'NONE',  ( -1.573832645399492192, -3.620999999999999996, 0.4482152654681304527 ) ) ;
#3447 = EDGE_LOOP ( 'NONE', ( #1102, #377, #555, #2512 ) ) ;
#3448 = CARTESIAN_POINT ( 'NONE',  ( -15.04615972289522396, 6.988342837990122902, 0.2646511399433423839 ) ) ;
#3449 = ADVANCED_FACE ( 'NONE', ( #1786 ), #3813, .F. ) ;
#3450 = AXIS2_PLACEMENT_3D ( 'NONE', #3338, #953, #2396 ) ;
#3451 = LINE ( 'NONE', #3796, #239 ) ;
#3452 = DIRECTION ( 'NONE',  ( -1.000000000000000000, 0.000000000000000000, 0.000000000000000000 ) ) ;
#3453 = ORIENTED_EDGE ( 'NONE', *, *, #2458, .F. ) ;
#3454 = EDGE_CURVE ( 'NONE', #1134, #1366, #770, .T. ) ;
#3455 = PLANE ( 'NONE',  #3743 ) ;
#3456 = CIRCLE ( 'NONE', #1511, 2.699999999999997513 ) ;
#3457 = SURFACE_STYLE_FILL_AREA ( #3800 ) ;
#3458 = ORIENTED_EDGE ( 'NONE', *, *, #394, .F. ) ;
#3460 = ORIENTED_EDGE ( 'NONE', *, *, #3311, .F. ) ;
#3459 = MECHANICAL_DESIGN_GEOMETRIC_PRESENTATION_REPRESENTATION (  '', ( #1375 ), #2734 ) ;
#3461 = FACE_OUTER_BOUND ( 'NONE', #3341, .T. ) ;
#3462 = CARTESIAN_POINT ( 'NONE',  ( 6.199999999999999289, 3.676097560982547918, -0.2347066466859114575 ) ) ;
#3463 = EDGE_CURVE ( 'NONE', #1341, #1342, #3662, .T. ) ;
#3464 = AXIS2_PLACEMENT_3D ( 'NONE', #4262, #4327, #821 ) ;
#3465 =( NAMED_UNIT ( * ) SI_UNIT ( $, .STERADIAN. ) SOLID_ANGLE_UNIT ( ) );
#3466 = FILL_AREA_STYLE ('',( #2062 ) ) ;
#3467 = DIRECTION ( 'NONE',  ( -1.000000000000000000, -0.000000000000000000, -0.000000000000000000 ) ) ;
#3468 = COLOUR_RGB ( '',0.8980392156862745390, 0.9176470588235293713, 0.9294117647058823817 ) ;
#3469 = CARTESIAN_POINT ( 'NONE',  ( 3.874382620068649086, -3.620999999999999996, -3.523695033696481658E-14 ) ) ;
#3470 = DIRECTION ( 'NONE',  ( 1.000000000000000000, 0.000000000000000000, 0.000000000000000000 ) ) ;
#3471 = ORIENTED_EDGE ( 'NONE', *, *, #4229, .T. ) ;
#3472 = CARTESIAN_POINT ( 'NONE',  ( 3.326167354600507498, -3.620999999999999996, -0.3646511399433742251 ) ) ;
#3473 = TOROIDAL_SURFACE ( 'NONE', #1454, 2.699999999999997513, 0.3100000000000002753 ) ;
#3474 = ADVANCED_FACE ( 'NONE', ( #4276 ), #3626, .T. ) ;
#3475 = DIRECTION ( 'NONE',  ( -1.000000000000000000, -0.000000000000000000, -0.000000000000000000 ) ) ;
#3476 = FILL_AREA_STYLE_COLOUR ( '', #2260 ) ;
#3477 = AXIS2_PLACEMENT_3D ( 'NONE', #2021, #1311, #1932 ) ;
#3478 = COLOUR_RGB ( '',0.2509803921568627416, 0.2509803921568627416, 0.2509803921568627416 ) ;
#3479 = SURFACE_STYLE_FILL_AREA ( #2728 ) ;
#3480 = AXIS2_PLACEMENT_3D ( 'NONE', #15, #3083, #48 ) ;
#3481 = ORIENTED_EDGE ( 'NONE', *, *, #2188, .T. ) ;
#3482 = DIRECTION ( 'NONE',  ( 1.000000000000000000, 0.000000000000000000, 0.000000000000000000 ) ) ;
#3483 = AXIS2_PLACEMENT_3D ( 'NONE', #3135, #2803, #4168 ) ;
#3484 = SURFACE_STYLE_USAGE ( .BOTH. , #1746 ) ;
#3485 = STYLED_ITEM ( 'NONE', ( #1020 ), #3327 ) ;
#3486 = CARTESIAN_POINT ( 'NONE',  ( -5.241619848709567542, 6.338268590217977838, -1.350000000000001421 ) ) ;
#3487 = EDGE_LOOP ( 'NONE', ( #1425, #1686, #113, #3088 ) ) ;
#3488 = AXIS2_PLACEMENT_3D ( 'NONE', #3899, #1411, #3149 ) ;
#3489 = CYLINDRICAL_SURFACE ( 'NONE', #2370, 0.3999999999999973577 ) ;
#3490 =( NAMED_UNIT ( * ) SI_UNIT ( $, .STERADIAN. ) SOLID_ANGLE_UNIT ( ) );
#3491 = STYLED_ITEM ( 'NONE', ( #1200 ), #3728 ) ;
#3492 = DIRECTION ( 'NONE',  ( 0.000000000000000000, 0.5000000000000009992, 0.8660254037844380415 ) ) ;
#3493 = CARTESIAN_POINT ( 'NONE',  ( 3.326167354600507498, -3.620999999999999996, 0.6896366217054012981 ) ) ;
#3494 = PRESENTATION_LAYER_ASSIGNMENT (  '', '', ( #3118 ) ) ;
#3495 = DIRECTION ( 'NONE',  ( 0.7071067811865515695, 0.000000000000000000, 0.7071067811865435759 ) ) ;
#3496 = SURFACE_STYLE_FILL_AREA ( #3096 ) ;
#3497 = ORIENTED_EDGE ( 'NONE', *, *, #4092, .T. ) ;
#3498 = CIRCLE ( 'NONE', #122, 0.3099999999999994982 ) ;
#3499 = SURFACE_STYLE_USAGE ( .BOTH. , #2110 ) ;
#3500 = CARTESIAN_POINT ( 'NONE',  ( -6.349999999999998757, -3.600000000000000089, 0.000000000000000000 ) ) ;
#3501 = DIRECTION ( 'NONE',  ( 0.000000000000000000, 0.000000000000000000, 1.000000000000000000 ) ) ;
#3502 = VECTOR ( 'NONE', #786, 1000.000000000000000 ) ;
#3503 = EDGE_CURVE ( 'NONE', #505, #3269, #1492, .T. ) ;
#3504 = CARTESIAN_POINT ( 'NONE',  ( -2.074305741444191220, 6.599232868937662033, 1.500667796567688006 ) ) ;
#3505 = AXIS2_PLACEMENT_3D ( 'NONE', #3750, #2331, #3089 ) ;
#3506 = CARTESIAN_POINT ( 'NONE',  ( -1.673832645399492725, 3.989999999999997993, 0.000000000000000000 ) ) ;
#3507 = AXIS2_PLACEMENT_3D ( 'NONE', #879, #2592, #4005 ) ;
#3508 = ORIENTED_EDGE ( 'NONE', *, *, #1725, .T. ) ;
#3509 = CARTESIAN_POINT ( 'NONE',  ( -5.241619848709567542, 6.598076211353309795, 1.500000000000001776 ) ) ;
#3510 = VERTEX_POINT ( 'NONE', #1863 ) ;
#3511 =( LENGTH_UNIT ( ) NAMED_UNIT ( * ) SI_UNIT ( .MILLI., .METRE. ) );
#3512 = ORIENTED_EDGE ( 'NONE', *, *, #4419, .T. ) ;
#3513 = CARTESIAN_POINT ( 'NONE',  ( -1.425403571444623152, 6.998792927604571723, 0.2997861915132655208 ) ) ;
#3514 = DIRECTION ( 'NONE',  ( 0.7071067811865392461, 0.000000000000000000, 0.7071067811865558994 ) ) ;
#3515 = ORIENTED_EDGE ( 'NONE', *, *, #4428, .T. ) ;
#3516 = SURFACE_STYLE_USAGE ( .BOTH. , #1485 ) ;
#3517 = EDGE_CURVE ( 'NONE', #317, #4233, #1184, .T. ) ;
#3518 = CARTESIAN_POINT ( 'NONE',  ( -15.04615972289522396, 6.599232868937661145, -1.500667796567688006 ) ) ;
#3519 = CARTESIAN_POINT ( 'NONE',  ( 2.612549941312441781, 6.998342837990126242, 0.2646511399433040812 ) ) ;
#3520 = SURFACE_STYLE_USAGE ( .BOTH. , #3793 ) ;
#3521 = PRESENTATION_STYLE_ASSIGNMENT (( #2170 ) ) ;
#3522 = COLOUR_RGB ( '',0.2509803921568627416, 0.2509803921568627416, 0.2509803921568627416 ) ;
#3523 = EDGE_CURVE ( 'NONE', #3802, #443, #3945, .T. ) ;
#3524 =( GEOMETRIC_REPRESENTATION_CONTEXT ( 3 ) GLOBAL_UNCERTAINTY_ASSIGNED_CONTEXT ( ( #2286 ) ) GLOBAL_UNIT_ASSIGNED_CONTEXT ( ( #3444, #2416, #33 ) ) REPRESENTATION_CONTEXT ( 'NONE', 'WORKASPACE' ) );
#3525 = SURFACE_SIDE_STYLE ('',( #4235 ) ) ;
#3526 = PRESENTATION_LAYER_ASSIGNMENT (  '', '', ( #1375 ) ) ;
#3527 = DIRECTION ( 'NONE',  ( -0.000000000000000000, 0.000000000000000000, 1.000000000000000000 ) ) ;
#3528 = ORIENTED_EDGE ( 'NONE', *, *, #931, .F. ) ;
#3529 = EDGE_LOOP ( 'NONE', ( #763, #506, #2061, #3567 ) ) ;
#3530 = LINE ( 'NONE', #3493, #107 ) ;
#3531 = AXIS2_PLACEMENT_3D ( 'NONE', #1498, #843, #3936 ) ;
#3532 = DIRECTION ( 'NONE',  ( 0.000000000000000000, 0.000000000000000000, 1.000000000000000000 ) ) ;
#3533 =( BOUNDED_CURVE ( )  B_SPLINE_CURVE ( 3, ( #4022, #3689, #3555, #1112 ),
 .UNSPECIFIED., .F., .F. ) 
 B_SPLINE_CURVE_WITH_KNOTS ( ( 4, 4 ),
 ( 4.712388980384678128, 4.861853583442609761 ),
 .UNSPECIFIED. ) 
 CURVE ( )  GEOMETRIC_REPRESENTATION_ITEM ( )  RATIONAL_B_SPLINE_CURVE ( ( 1.000000000000000000, 0.9981392272996881809, 0.9981392272996881809, 1.000000000000000000 ) ) 
 REPRESENTATION_ITEM ( '' )  );
#3534 = AXIS2_PLACEMENT_3D ( 'NONE', #2658, #2324, #3340 ) ;
#3535 = DIRECTION ( 'NONE',  ( -1.000000000000000000, -0.000000000000000000, -0.000000000000000000 ) ) ;
#3536 = PRESENTATION_LAYER_ASSIGNMENT (  '', '', ( #1022 ) ) ;
#3537 = FILL_AREA_STYLE ('',( #1766 ) ) ;
#3538 = DIRECTION ( 'NONE',  ( 0.7071067811865389130, 0.000000000000000000, -0.7071067811865562325 ) ) ;
#3539 = ORIENTED_EDGE ( 'NONE', *, *, #2168, .F. ) ;
#3540 = STYLED_ITEM ( 'NONE', ( #185 ), #450 ) ;
#3541 = FILL_AREA_STYLE ('',( #1804 ) ) ;
#3542 = STYLED_ITEM ( 'NONE', ( #68 ), #3038 ) ;
#3543 = TOROIDAL_SURFACE ( 'NONE', #3764, 2.999999999999997335, 0.4900000000000004352 ) ;
#3544 = CARTESIAN_POINT ( 'NONE',  ( -15.04615972289522396, 3.999999999999997335, 0.000000000000000000 ) ) ;
#3545 = ADVANCED_FACE ( 'NONE', ( #3579 ), #166, .F. ) ;
#3546 = SURFACE_SIDE_STYLE ('',( #2231 ) ) ;
#3547 =( GEOMETRIC_REPRESENTATION_CONTEXT ( 3 ) GLOBAL_UNCERTAINTY_ASSIGNED_CONTEXT ( ( #501 ) ) GLOBAL_UNIT_ASSIGNED_CONTEXT ( ( #1661, #367, #1707 ) ) REPRESENTATION_CONTEXT ( 'NONE', 'WORKASPACE' ) );
#3548 = EDGE_LOOP ( 'NONE', ( #700, #3068, #214, #2285, #2354, #3758, #2927 ) ) ;
#3549 = DIRECTION ( 'NONE',  ( 0.000000000000000000, 0.000000000000000000, 1.000000000000000000 ) ) ;
#3550 =( NAMED_UNIT ( * ) SI_UNIT ( $, .STERADIAN. ) SOLID_ANGLE_UNIT ( ) );
#3551 = CARTESIAN_POINT ( 'NONE',  ( 3.426167354600507586, 6.998342837990120024, -0.2646511399433742473 ) ) ;
#3552 = AXIS2_PLACEMENT_3D ( 'NONE', #3721, #2049, #1655 ) ;
#3553 = ORIENTED_EDGE ( 'NONE', *, *, #2633, .F. ) ;
#3554 =( LENGTH_UNIT ( ) NAMED_UNIT ( * ) SI_UNIT ( .MILLI., .METRE. ) );
#3555 = CARTESIAN_POINT ( 'NONE',  ( 3.574596428555375294, 6.998792927604575276, 0.2997861915132326027 ) ) ;
#3556 = AXIS2_PLACEMENT_3D ( 'NONE', #2269, #2565, #2906 ) ;
#3557 =( NAMED_UNIT ( * ) SI_UNIT ( $, .STERADIAN. ) SOLID_ANGLE_UNIT ( ) );
#3558 = CARTESIAN_POINT ( 'NONE',  ( -4.500000000000000888, 6.598076211353309795, 1.500000000000001776 ) ) ;
#3559 = EDGE_CURVE ( 'NONE', #2253, #2125, #3986, .T. ) ;
#3560 = SURFACE_SIDE_STYLE ('',( #143 ) ) ;
#3561 = COLOUR_RGB ( '',0.2509803921568627416, 0.2509803921568627416, 0.2509803921568627416 ) ;
#3562 = ORIENTED_EDGE ( 'NONE', *, *, #3070, .F. ) ;
#3563 = CARTESIAN_POINT ( 'NONE',  ( 5.350000000000000533, 2.999999999999997335, 0.000000000000000000 ) ) ;
#3564 = ADVANCED_FACE ( 'NONE', ( #3352 ), #4048, .T. ) ;
#3565 = CARTESIAN_POINT ( 'NONE',  ( -1.573832645399491525, 6.988342837990122902, 0.2646511399433423839 ) ) ;
#3566 = SURFACE_STYLE_FILL_AREA ( #1170 ) ;
#3567 = ORIENTED_EDGE ( 'NONE', *, *, #2588, .F. ) ;
#3568 = CARTESIAN_POINT ( 'NONE',  ( 2.612549941312443114, -3.620999999999999996, -0.2646511399433742473 ) ) ;
#3569 = ADVANCED_FACE ( 'NONE', ( #2040 ), #4380, .T. ) ;
#3570 = SURFACE_STYLE_USAGE ( .BOTH. , #3919 ) ;
#3571 = LINE ( 'NONE', #159, #743 ) ;
#3572 = SURFACE_SIDE_STYLE ('',( #2625 ) ) ;
#3573 = VERTEX_POINT ( 'NONE', #3072 ) ;
#3574 = CARTESIAN_POINT ( 'NONE',  ( -4.500000000000000888, 3.999999999999997335, 0.000000000000000000 ) ) ;
#3575 = CARTESIAN_POINT ( 'NONE',  ( 3.426167354600507586, 6.988342837990121126, -0.2646511399433742473 ) ) ;
#3576 = CARTESIAN_POINT ( 'NONE',  ( -1.573832645399493302, 6.976441344256813615, -0.4482152654681310078 ) ) ;
#3577 = EDGE_CURVE ( 'NONE', #1574, #3653, #1625, .T. ) ;
#3578 = DIRECTION ( 'NONE',  ( 1.000000000000000000, 0.000000000000000000, 0.000000000000000000 ) ) ;
#3579 = FACE_OUTER_BOUND ( 'NONE', #4373, .T. ) ;
#3580 =( NAMED_UNIT ( * ) PLANE_ANGLE_UNIT ( ) SI_UNIT ( $, .RADIAN. ) );
#3581 = CARTESIAN_POINT ( 'NONE',  ( -4.500000000000000888, 3.999999999999997335, 0.000000000000000000 ) ) ;
#3582 = ORIENTED_EDGE ( 'NONE', *, *, #38, .T. ) ;
#3583 = ADVANCED_FACE ( 'NONE', ( #2310 ), #2743, .F. ) ;
#3584 = FILL_AREA_STYLE ('',( #564 ) ) ;
#3585 = DIRECTION ( 'NONE',  ( -1.000000000000000000, -0.000000000000000000, -0.000000000000000000 ) ) ;
#3586 = ADVANCED_FACE ( 'NONE', ( #2141 ), #1812, .T. ) ;
#3587 = DIRECTION ( 'NONE',  ( -1.000000000000000000, -0.000000000000000000, -0.000000000000000000 ) ) ;
#3588 = CARTESIAN_POINT ( 'NONE',  ( 3.783346912977585408, 6.999999999999995559, -0.2324570633284043786 ) ) ;
#3589 = CARTESIAN_POINT ( 'NONE',  ( -2.387450058687557330, -3.620999999999999996, 0.2646511399433389977 ) ) ;
#3590 = ORIENTED_EDGE ( 'NONE', *, *, #3517, .F. ) ;
#3591 = AXIS2_PLACEMENT_3D ( 'NONE', #1024, #1337, #1000 ) ;
#3592 = SURFACE_STYLE_FILL_AREA ( #2899 ) ;
#3593 = UNCERTAINTY_MEASURE_WITH_UNIT (LENGTH_MEASURE( 1.000000000000000082E-05 ), #1482, 'distance_accuracy_value', 'NONE');
#3594 = DIRECTION ( 'NONE',  ( -1.314184451497581752E-16, -1.000000000000000000, 0.000000000000000000 ) ) ;
#3595 = CARTESIAN_POINT ( 'NONE',  ( -5.700000000000000178, 3.999999999999997335, 2.699999999999997513 ) ) ;
#3596 = COLOUR_RGB ( '',0.2509803921568627416, 0.2509803921568627416, 0.2509803921568627416 ) ;
#3597 = FILL_AREA_STYLE ('',( #3955 ) ) ;
#3598 = ORIENTED_EDGE ( 'NONE', *, *, #1264, .T. ) ;
#3599 = CYLINDRICAL_SURFACE ( 'NONE', #1749, 0.3999999999999973577 ) ;
#3600 = DIRECTION ( 'NONE',  ( -1.000000000000000000, -0.000000000000000000, -0.000000000000000000 ) ) ;
#3601 = SURFACE_STYLE_FILL_AREA ( #4164 ) ;
#3602 = CARTESIAN_POINT ( 'NONE',  ( -15.04615972289522396, 3.999999999999997335, 0.000000000000000000 ) ) ;
#3603 = EDGE_CURVE ( 'NONE', #3510, #4027, #4197, .T. ) ;
#3604 = AXIS2_PLACEMENT_3D ( 'NONE', #654, #3414, #1618 ) ;
#3605 = DIRECTION ( 'NONE',  ( 0.000000000000000000, 0.000000000000000000, 1.000000000000000000 ) ) ;
#3606 = FILL_AREA_STYLE ('',( #2116 ) ) ;
#3607 =( GEOMETRIC_REPRESENTATION_CONTEXT ( 3 ) GLOBAL_UNCERTAINTY_ASSIGNED_CONTEXT ( ( #4264 ) ) GLOBAL_UNIT_ASSIGNED_CONTEXT ( ( #167, #2886, #1185 ) ) REPRESENTATION_CONTEXT ( 'NONE', 'WORKASPACE' ) );
#3608 = ORIENTED_EDGE ( 'NONE', *, *, #528, .F. ) ;
#3609 = CARTESIAN_POINT ( 'NONE',  ( 2.512549941312442137, 6.977830240515353388, 0.3646511399433040590 ) ) ;
#3610 = CIRCLE ( 'NONE', #1671, 3.009999999999998899 ) ;
#3611 =( GEOMETRIC_REPRESENTATION_CONTEXT ( 3 ) GLOBAL_UNCERTAINTY_ASSIGNED_CONTEXT ( ( #1030 ) ) GLOBAL_UNIT_ASSIGNED_CONTEXT ( ( #1094, #2044, #2777 ) ) REPRESENTATION_CONTEXT ( 'NONE', 'WORKASPACE' ) );
#3612 = FACE_OUTER_BOUND ( 'NONE', #4332, .T. ) ;
#3613 = PRESENTATION_STYLE_ASSIGNMENT (( #1150 ) ) ;
#3614 = ORIENTED_EDGE ( 'NONE', *, *, #777, .F. ) ;
#3615 = ORIENTED_EDGE ( 'NONE', *, *, #3767, .T. ) ;
#3616 = FILL_AREA_STYLE_COLOUR ( '', #1321 ) ;
#3617 = VECTOR ( 'NONE', #4219, 1000.000000000000000 ) ;
#3618 = MECHANICAL_DESIGN_GEOMETRIC_PRESENTATION_REPRESENTATION (  '', ( #1250 ), #811 ) ;
#3619 = CARTESIAN_POINT ( 'NONE',  ( 2.612549941312441781, 6.988342837990126455, 0.2646511399433040812 ) ) ;
#3620 = VERTEX_POINT ( 'NONE', #2065 ) ;
#3621 =( GEOMETRIC_REPRESENTATION_CONTEXT ( 3 ) GLOBAL_UNCERTAINTY_ASSIGNED_CONTEXT ( ( #2002 ) ) GLOBAL_UNIT_ASSIGNED_CONTEXT ( ( #4211, #454, #3153 ) ) REPRESENTATION_CONTEXT ( 'NONE', 'WORKASPACE' ) );
#3622 = PRESENTATION_STYLE_ASSIGNMENT (( #918 ) ) ;
#3623 = DIRECTION ( 'NONE',  ( -0.000000000000000000, 1.000000000000000000, -0.000000000000000000 ) ) ;
#3624 = DIRECTION ( 'NONE',  ( 6.123233995736766036E-17, -1.000000000000000000, 0.000000000000000000 ) ) ;
#3625 = CARTESIAN_POINT ( 'NONE',  ( -5.241619848709567542, 3.999999999999997335, 0.000000000000000000 ) ) ;
#3626 = TOROIDAL_SURFACE ( 'NONE', #4195, 2.699999999999997513, 0.2999999999999999334 ) ;
#3627 = DIRECTION ( 'NONE',  ( 0.4472135954999627017, -0.7745966692414808508, 0.4472135954999575946 ) ) ;
#3628 = CARTESIAN_POINT ( 'NONE',  ( -5.699999999999998401, 3.999999999999997335, 2.999999999999997335 ) ) ;
#3629 = EDGE_CURVE ( 'NONE', #4081, #1574, #3199, .T. ) ;
#3630 = ORIENTED_EDGE ( 'NONE', *, *, #3111, .F. ) ;
#3631 = CARTESIAN_POINT ( 'NONE',  ( -5.241619848709567542, 3.999999999999997335, 0.000000000000000000 ) ) ;
#3632 = TOROIDAL_SURFACE ( 'NONE', #4279, 2.699999999999997513, 0.3000000000000000444 ) ;
#3633 = ORIENTED_EDGE ( 'NONE', *, *, #245, .T. ) ;
#3634 = CARTESIAN_POINT ( 'NONE',  ( -4.500000000000000888, 3.999999999999997335, 0.000000000000000000 ) ) ;
#3635 = CIRCLE ( 'NONE', #3507, 0.3100000000000003864 ) ;
#3636 = PLANE ( 'NONE',  #1834 ) ;
#3637 = PLANE ( 'NONE',  #2815 ) ;
#3638 = ORIENTED_EDGE ( 'NONE', *, *, #1086, .F. ) ;
#3639 = ORIENTED_EDGE ( 'NONE', *, *, #4178, .T. ) ;
#3640 = DIRECTION ( 'NONE',  ( -1.000000000000000000, -0.000000000000000000, -0.000000000000000000 ) ) ;
#3641 = UNCERTAINTY_MEASURE_WITH_UNIT (LENGTH_MEASURE( 1.000000000000000082E-05 ), #3865, 'distance_accuracy_value', 'NONE');
#3642 = DIRECTION ( 'NONE',  ( 0.000000000000000000, 0.000000000000000000, 1.000000000000000000 ) ) ;
#3643 = ADVANCED_FACE ( 'NONE', ( #2517 ), #49, .T. ) ;
#3644 = ORIENTED_EDGE ( 'NONE', *, *, #2887, .F. ) ;
#3645 = SURFACE_SIDE_STYLE ('',( #2271 ) ) ;
#3646 = STYLED_ITEM ( 'NONE', ( #2134 ), #670 ) ;
#3647 = DIRECTION ( 'NONE',  ( -1.000000000000000000, -0.000000000000000000, -0.000000000000000000 ) ) ;
#3648 = FACE_OUTER_BOUND ( 'NONE', #4299, .T. ) ;
#3649 = CARTESIAN_POINT ( 'NONE',  ( 5.700000000000000178, 3.999999999999997335, 2.699999999999997513 ) ) ;
#3650 = CARTESIAN_POINT ( 'NONE',  ( 2.512549941312442137, 3.999999999999997335, 0.000000000000000000 ) ) ;
#3651 = CARTESIAN_POINT ( 'NONE',  ( 6.000000000000000000, 3.999999999999997335, 0.3999999999999971356 ) ) ;
#3652 = EDGE_CURVE ( 'NONE', #1491, #1312, #2905, .T. ) ;
#3653 = VERTEX_POINT ( 'NONE', #1596 ) ;
#3654 = ORIENTED_EDGE ( 'NONE', *, *, #2515, .F. ) ;
#3655 =( NAMED_UNIT ( * ) PLANE_ANGLE_UNIT ( ) SI_UNIT ( $, .RADIAN. ) );
#3656 = PLANE ( 'NONE',  #1351 ) ;
#3657 = SURFACE_SIDE_STYLE ('',( #3052 ) ) ;
#3658 = PRESENTATION_LAYER_ASSIGNMENT (  '', '', ( #2138 ) ) ;
#3659 =( NAMED_UNIT ( * ) PLANE_ANGLE_UNIT ( ) SI_UNIT ( $, .RADIAN. ) );
#3660 =( NAMED_UNIT ( * ) SI_UNIT ( $, .STERADIAN. ) SOLID_ANGLE_UNIT ( ) );
#3661 = AXIS2_PLACEMENT_3D ( 'NONE', #3399, #2437, #3809 ) ;
#3662 = LINE ( 'NONE', #2248, #2763 ) ;
#3663 = SURFACE_SIDE_STYLE ('',( #219 ) ) ;
#3664 = B_SPLINE_CURVE_WITH_KNOTS ( 'NONE', 3,
 ( #3021, #4386, #12, #3041, #1316, #951, #4074, #1336 ),
 .UNSPECIFIED., .F., .F.,
 ( 4, 2, 2, 4 ),
 ( 0.001409170083565384817, 0.001617992369527074259, 0.001722403512507918438, 0.001826814655488762616 ),
 .UNSPECIFIED. ) ;
#3665 = VECTOR ( 'NONE', #4270, 1000.000000000000227 ) ;
#3666 = CARTESIAN_POINT ( 'NONE',  ( -5.699999999999998401, 3.999999999999997335, 0.000000000000000000 ) ) ;
#3667 = ORIENTED_EDGE ( 'NONE', *, *, #1995, .F. ) ;
#3668 = CIRCLE ( 'NONE', #2087, 0.4900000000000008793 ) ;
#3669 = CARTESIAN_POINT ( 'NONE',  ( -6.000000000000000000, 6.338268590217977838, 1.350000000000001865 ) ) ;
#3670 = CARTESIAN_POINT ( 'NONE',  ( -4.500000000000000888, 6.598076211353309795, -1.500000000000001776 ) ) ;
#3671 =( NAMED_UNIT ( * ) SI_UNIT ( $, .STERADIAN. ) SOLID_ANGLE_UNIT ( ) );
#3672 = CYLINDRICAL_SURFACE ( 'NONE', #3480, 2.999999999999997335 ) ;
#3673 = COLOUR_RGB ( '',1.000000000000000000, 1.000000000000000000, 1.000000000000000000 ) ;
#3674 =( LENGTH_UNIT ( ) NAMED_UNIT ( * ) SI_UNIT ( .MILLI., .METRE. ) );
#3675 = ORIENTED_EDGE ( 'NONE', *, *, #1271, .T. ) ;
#3676 = ORIENTED_EDGE ( 'NONE', *, *, #1183, .T. ) ;
#3677 =( LENGTH_UNIT ( ) NAMED_UNIT ( * ) SI_UNIT ( .MILLI., .METRE. ) );
#3678 = PRESENTATION_LAYER_ASSIGNMENT (  '', '', ( #2153 ) ) ;
#3679 = AXIS2_PLACEMENT_3D ( 'NONE', #56, #4089, #3807 ) ;
#3680 = EDGE_CURVE ( 'NONE', #2660, #1491, #3257, .T. ) ;
#3681 = FACE_OUTER_BOUND ( 'NONE', #370, .T. ) ;
#3682 = CARTESIAN_POINT ( 'NONE',  ( -4.500000000000000888, 6.165063509461090163, 1.250000000000001110 ) ) ;
#3683 = ORIENTED_EDGE ( 'NONE', *, *, #2453, .F. ) ;
#3684 = VECTOR ( 'NONE', #3585, 1000.000000000000000 ) ;
#3685 = CARTESIAN_POINT ( 'NONE',  ( 3.574596428555375294, 6.988792927604568384, -0.2997861915133019362 ) ) ;
#3686 = STYLED_ITEM ( 'NONE', ( #3699 ), #2948 ) ;
#3687 = FILL_AREA_STYLE ('',( #286 ) ) ;
#3688 = DIRECTION ( 'NONE',  ( 0.000000000000000000, 0.000000000000000000, 1.000000000000000000 ) ) ;
#3689 = CARTESIAN_POINT ( 'NONE',  ( 3.724280044230487974, 7.009999999999998010, 0.1501025758381231978 ) ) ;
#3690 = PLANE ( 'NONE',  #22 ) ;
#3691 = CIRCLE ( 'NONE', #2316, 0.2999999999999999334 ) ;
#3692 = EDGE_CURVE ( 'NONE', #2991, #1279, #3774, .T. ) ;
#3693 = COLOUR_RGB ( '',1.000000000000000000, 1.000000000000000000, 1.000000000000000000 ) ;
#3694 = VECTOR ( 'NONE', #2227, 1000.000000000000000 ) ;
#3695 = CIRCLE ( 'NONE', #2352, 0.2500000000000000555 ) ;
#3696 = VERTEX_POINT ( 'NONE', #827 ) ;
#3697 =( NAMED_UNIT ( * ) PLANE_ANGLE_UNIT ( ) SI_UNIT ( $, .RADIAN. ) );
#3698 = CARTESIAN_POINT ( 'NONE',  ( -1.447559096977124371, 6.973191403280873502, -0.4633630732830721910 ) ) ;
#3699 = PRESENTATION_STYLE_ASSIGNMENT (( #3920 ) ) ;
#3700 = EDGE_CURVE ( 'NONE', #1105, #2967, #3359, .T. ) ;
#3701 = DIRECTION ( 'NONE',  ( 0.000000000000000000, 0.000000000000000000, 1.000000000000000000 ) ) ;
#3702 = MECHANICAL_DESIGN_GEOMETRIC_PRESENTATION_REPRESENTATION (  '', ( #695 ), #3928 ) ;
#3703 = SURFACE_STYLE_FILL_AREA ( #4391 ) ;
#3704 = ORIENTED_EDGE ( 'NONE', *, *, #2215, .F. ) ;
#3705 = ORIENTED_EDGE ( 'NONE', *, *, #2188, .F. ) ;
#3706 = DIRECTION ( 'NONE',  ( 0.000000000000000000, 0.000000000000000000, 1.000000000000000000 ) ) ;
#3707 = DIRECTION ( 'NONE',  ( 0.000000000000000000, 0.000000000000000000, 1.000000000000000000 ) ) ;
#3708 = ORIENTED_EDGE ( 'NONE', *, *, #2289, .F. ) ;
#3709 = AXIS2_PLACEMENT_3D ( 'NONE', #3602, #1540, #1565 ) ;
#3710 = PLANE ( 'NONE',  #1301 ) ;
#3711 = DIRECTION ( 'NONE',  ( -1.000000000000000000, -0.000000000000000000, -0.000000000000000000 ) ) ;
#3712 = CARTESIAN_POINT ( 'NONE',  ( -5.699999999999998401, 3.999999999999997335, 0.000000000000000000 ) ) ;
#3713 = FILL_AREA_STYLE_COLOUR ( '', #2679 ) ;
#3714 = PRESENTATION_STYLE_ASSIGNMENT (( #624 ) ) ;
#3715 = EDGE_CURVE ( 'NONE', #4170, #1279, #2411, .T. ) ;
#3716 =( NAMED_UNIT ( * ) PLANE_ANGLE_UNIT ( ) SI_UNIT ( $, .RADIAN. ) );
#3717 = SURFACE_STYLE_FILL_AREA ( #995 ) ;
#3718 = CARTESIAN_POINT ( 'NONE',  ( -5.699999999999998401, 6.606736465391152890, 1.505000000000000782 ) ) ;
#3719 = VERTEX_POINT ( 'NONE', #1218 ) ;
#3720 = MECHANICAL_DESIGN_GEOMETRIC_PRESENTATION_REPRESENTATION (  '', ( #2632 ), #1432 ) ;
#3721 = CARTESIAN_POINT ( 'NONE',  ( -3.758380151290433790, 3.999999999999997335, 0.000000000000000000 ) ) ;
#3722 = ADVANCED_FACE ( 'NONE', ( #189 ), #1050, .T. ) ;
#3723 = UNCERTAINTY_MEASURE_WITH_UNIT (LENGTH_MEASURE( 1.000000000000000082E-05 ), #3839, 'distance_accuracy_value', 'NONE');
#3724 = DIRECTION ( 'NONE',  ( 0.000000000000000000, 0.000000000000000000, 1.000000000000000000 ) ) ;
#3725 = CARTESIAN_POINT ( 'NONE',  ( 6.000000000000000000, 3.600000000000000533, 0.000000000000000000 ) ) ;
#3726 =( NAMED_UNIT ( * ) PLANE_ANGLE_UNIT ( ) SI_UNIT ( $, .RADIAN. ) );
#3727 =( NAMED_UNIT ( * ) PLANE_ANGLE_UNIT ( ) SI_UNIT ( $, .RADIAN. ) );
#3728 = ADVANCED_FACE ( 'NONE', ( #1555 ), #1504, .T. ) ;
#3729 = ORIENTED_EDGE ( 'NONE', *, *, #880, .F. ) ;
#3730 = VERTEX_POINT ( 'NONE', #3751 ) ;
#3731 = CARTESIAN_POINT ( 'NONE',  ( -6.000000000000001776, 3.476737960102163960, 0.1598832176971433094 ) ) ;
#3732 = PRESENTATION_STYLE_ASSIGNMENT (( #4105 ) ) ;
#3733 = FACE_OUTER_BOUND ( 'NONE', #3803, .T. ) ;
#3734 = FILL_AREA_STYLE ('',( #989 ) ) ;
#3735 = FACE_OUTER_BOUND ( 'NONE', #1747, .T. ) ;
#3736 = SURFACE_STYLE_FILL_AREA ( #1376 ) ;
#3737 =( NAMED_UNIT ( * ) SI_UNIT ( $, .STERADIAN. ) SOLID_ANGLE_UNIT ( ) );
#3738 = CARTESIAN_POINT ( 'NONE',  ( -6.000000000000000888, 3.393759506886119937, -0.07623156687671039933 ) ) ;
#3739 =( NAMED_UNIT ( * ) PLANE_ANGLE_UNIT ( ) SI_UNIT ( $, .RADIAN. ) );
#3740 = PRESENTATION_LAYER_ASSIGNMENT (  '', '', ( #1728 ) ) ;
#3741 = EDGE_CURVE ( 'NONE', #2553, #4347, #940, .T. ) ;
#3742 = DIRECTION ( 'NONE',  ( -0.000000000000000000, 1.000000000000000000, -0.000000000000000000 ) ) ;
#3743 = AXIS2_PLACEMENT_3D ( 'NONE', #3469, #3034, #2770 ) ;
#3744 = FACE_OUTER_BOUND ( 'NONE', #1078, .T. ) ;
#3745 = SURFACE_STYLE_USAGE ( .BOTH. , #2393 ) ;
#3746 = AXIS2_PLACEMENT_3D ( 'NONE', #4214, #1756, #3092 ) ;
#3747 =( NAMED_UNIT ( * ) SI_UNIT ( $, .STERADIAN. ) SOLID_ANGLE_UNIT ( ) );
#3748 = MECHANICAL_DESIGN_GEOMETRIC_PRESENTATION_REPRESENTATION (  '', ( #1516 ), #1379 ) ;
#3749 = EDGE_LOOP ( 'NONE', ( #2159, #2174 ) ) ;
#3750 = CARTESIAN_POINT ( 'NONE',  ( -5.241619848709567542, 3.999999999999997335, 0.000000000000000000 ) ) ;
#3751 = CARTESIAN_POINT ( 'NONE',  ( -6.009999999999999787, 6.338268590217977838, 1.350000000000001865 ) ) ;
#3752 = EDGE_CURVE ( 'NONE', #1201, #1706, #1381, .T. ) ;
#3753 = ORIENTED_EDGE ( 'NONE', *, *, #4367, .F. ) ;
#3754 = MECHANICAL_DESIGN_GEOMETRIC_PRESENTATION_REPRESENTATION (  '', ( #3646 ), #1303 ) ;
#3755 = CARTESIAN_POINT ( 'NONE',  ( -2.074305741444189444, 6.599232868937661145, -1.500667796567688006 ) ) ;
#3756 = MECHANICAL_DESIGN_GEOMETRIC_PRESENTATION_REPRESENTATION (  '', ( #877 ), #3397 ) ;
#3757 = CARTESIAN_POINT ( 'NONE',  ( -1.573832645399492414, 6.966441344256812052, -0.4482152654681310078 ) ) ;
#3758 = ORIENTED_EDGE ( 'NONE', *, *, #1190, .T. ) ;
#3759 = SURFACE_SIDE_STYLE ('',( #3058 ) ) ;
#3760 =( NAMED_UNIT ( * ) PLANE_ANGLE_UNIT ( ) SI_UNIT ( $, .RADIAN. ) );
#3761 =( NAMED_UNIT ( * ) PLANE_ANGLE_UNIT ( ) SI_UNIT ( $, .RADIAN. ) );
#3762 = AXIS2_PLACEMENT_3D ( 'NONE', #1567, #70, #2573 ) ;
#3763 = AXIS2_PLACEMENT_3D ( 'NONE', #2904, #1503, #2635 ) ;
#3764 = AXIS2_PLACEMENT_3D ( 'NONE', #2832, #2499, #739 ) ;
#3765 =( NAMED_UNIT ( * ) SI_UNIT ( $, .STERADIAN. ) SOLID_ANGLE_UNIT ( ) );
#3766 = PRESENTATION_LAYER_ASSIGNMENT (  '', '', ( #4050 ) ) ;
#3767 = EDGE_CURVE ( 'NONE', #1526, #299, #3498, .T. ) ;
#3768 = UNCERTAINTY_MEASURE_WITH_UNIT (LENGTH_MEASURE( 1.000000000000000082E-05 ), #1052, 'distance_accuracy_value', 'NONE');
#3769 = VECTOR ( 'NONE', #66, 1000.000000000000000 ) ;
#3770 = CIRCLE ( 'NONE', #1825, 0.2500000000000000555 ) ;
#3771 = SURFACE_STYLE_USAGE ( .BOTH. , #2680 ) ;
#3772 = SURFACE_STYLE_FILL_AREA ( #2025 ) ;
#3773 = DIRECTION ( 'NONE',  ( -0.4472135954999623131, 0.7745966692414810728, 0.4472135954999575946 ) ) ;
#3774 = CIRCLE ( 'NONE', #1828, 0.5000000000000004441 ) ;
#3775 =( NAMED_UNIT ( * ) SI_UNIT ( $, .STERADIAN. ) SOLID_ANGLE_UNIT ( ) );
#3776 = EDGE_LOOP ( 'NONE', ( #3130, #4033, #2402, #349 ) ) ;
#3777 = VERTEX_POINT ( 'NONE', #4086 ) ;
#3778 = DIRECTION ( 'NONE',  ( 0.000000000000000000, 0.000000000000000000, 1.000000000000000000 ) ) ;
#3779 = UNCERTAINTY_MEASURE_WITH_UNIT (LENGTH_MEASURE( 1.000000000000000082E-05 ), #767, 'distance_accuracy_value', 'NONE');
#3780 = PRESENTATION_LAYER_ASSIGNMENT (  '', '', ( #1973 ) ) ;
#3781 = SURFACE_STYLE_USAGE ( .BOTH. , #776 ) ;
#3782 = VERTEX_POINT ( 'NONE', #3682 ) ;
#3783 = PRESENTATION_STYLE_ASSIGNMENT (( #1971 ) ) ;
#3784 = DIRECTION ( 'NONE',  ( 0.000000000000000000, -1.700144270475608887E-14, 1.000000000000000000 ) ) ;
#3785 = EDGE_CURVE ( 'NONE', #443, #1597, #1211, .T. ) ;
#3786 = DIRECTION ( 'NONE',  ( -1.000000000000000000, -0.000000000000000000, -0.000000000000000000 ) ) ;
#3787 = PRESENTATION_LAYER_ASSIGNMENT (  '', '', ( #2995 ) ) ;
#3788 = CARTESIAN_POINT ( 'NONE',  ( 5.699999999999998401, 3.999999999999997335, 0.000000000000000000 ) ) ;
#3789 = ADVANCED_BREP_SHAPE_REPRESENTATION ( 'CP 13x5x0.5x12.70', ( #841, #1136 ), #2562 ) ;
#3790 =( GEOMETRIC_REPRESENTATION_CONTEXT ( 3 ) GLOBAL_UNCERTAINTY_ASSIGNED_CONTEXT ( ( #319 ) ) GLOBAL_UNIT_ASSIGNED_CONTEXT ( ( #2143, #1819, #3557 ) ) REPRESENTATION_CONTEXT ( 'NONE', 'WORKASPACE' ) );
#3791 = PRESENTATION_STYLE_ASSIGNMENT (( #4046 ) ) ;
#3792 = EDGE_CURVE ( 'NONE', #3218, #3829, #2664, .T. ) ;
#3793 = SURFACE_SIDE_STYLE ('',( #1427 ) ) ;
#3794 = MECHANICAL_DESIGN_GEOMETRIC_PRESENTATION_REPRESENTATION (  '', ( #2193 ), #3134 ) ;
#3795 =( NAMED_UNIT ( * ) SI_UNIT ( $, .STERADIAN. ) SOLID_ANGLE_UNIT ( ) );
#3796 = CARTESIAN_POINT ( 'NONE',  ( 5.699999999999998401, 6.606736465391154667, -1.505000000000001892 ) ) ;
#3797 = AXIS2_PLACEMENT_3D ( 'NONE', #1460, #2459, #1840 ) ;
#3798 = DIRECTION ( 'NONE',  ( -1.000000000000000000, -0.000000000000000000, -0.000000000000000000 ) ) ;
#3799 = CARTESIAN_POINT ( 'NONE',  ( 5.700000000000000178, 3.999999999999997335, 0.000000000000000000 ) ) ;
#3800 = FILL_AREA_STYLE ('',( #390 ) ) ;
#3801 = ORIENTED_EDGE ( 'NONE', *, *, #618, .T. ) ;
#3802 = VERTEX_POINT ( 'NONE', #917 ) ;
#3803 = EDGE_LOOP ( 'NONE', ( #2682, #4426, #3633, #149 ) ) ;
#3804 = CARTESIAN_POINT ( 'NONE',  ( -6.000000000000000888, 4.020799481222163685, 0.1526821091363524951 ) ) ;
#3805 = ADVANCED_FACE ( 'NONE', ( #3028 ), #2376, .F. ) ;
#3806 = DIRECTION ( 'NONE',  ( 0.7071067811865515695, 0.000000000000000000, 0.7071067811865435759 ) ) ;
#3807 = DIRECTION ( 'NONE',  ( 0.000000000000000000, 0.000000000000000000, 1.000000000000000000 ) ) ;
#3808 = VERTEX_POINT ( 'NONE', #960 ) ;
#3809 = DIRECTION ( 'NONE',  ( 1.152640183373294164E-15, 1.786592284228605826E-14, 1.000000000000000000 ) ) ;
#3810 = ORIENTED_EDGE ( 'NONE', *, *, #2926, .T. ) ;
#3811 =( LENGTH_UNIT ( ) NAMED_UNIT ( * ) SI_UNIT ( .MILLI., .METRE. ) );
#3812 =( LENGTH_UNIT ( ) NAMED_UNIT ( * ) SI_UNIT ( .MILLI., .METRE. ) );
#3813 = PLANE ( 'NONE',  #3488 ) ;
#3814 = PRESENTATION_LAYER_ASSIGNMENT (  '', '', ( #147 ) ) ;
#3815 = LINE ( 'NONE', #2091, #2173 ) ;
#3816 = ORIENTED_EDGE ( 'NONE', *, *, #372, .T. ) ;
#3817 = CARTESIAN_POINT ( 'NONE',  ( 3.381598876596465519, 6.872454318159570086, 1.044763178527003289 ) ) ;
#3818 = PRESENTATION_STYLE_ASSIGNMENT (( #4297 ) ) ;
#3820 = ORIENTED_EDGE ( 'NONE', *, *, #3188, .T. ) ;
#3819 =( GEOMETRIC_REPRESENTATION_CONTEXT ( 3 ) GLOBAL_UNCERTAINTY_ASSIGNED_CONTEXT ( ( #2876 ) ) GLOBAL_UNIT_ASSIGNED_CONTEXT ( ( #234, #3659, #1179 ) ) REPRESENTATION_CONTEXT ( 'NONE', 'WORKASPACE' ) );
#3821 = CARTESIAN_POINT ( 'NONE',  ( -5.350000000000000533, 2.999999999999997335, 0.000000000000000000 ) ) ;
#3822 = CARTESIAN_POINT ( 'NONE',  ( 5.999999999999996447, 3.682500000000000995, -0.2432976572020371930 ) ) ;
#3823 = SURFACE_STYLE_FILL_AREA ( #2405 ) ;
#3824 = DIRECTION ( 'NONE',  ( -0.000000000000000000, 1.000000000000000000, -0.000000000000000000 ) ) ;
#3825 = ADVANCED_FACE ( 'NONE', ( #1346 ), #3372, .F. ) ;
#3826 = VECTOR ( 'NONE', #1866, 1000.000000000000000 ) ;
#3827 = UNCERTAINTY_MEASURE_WITH_UNIT (LENGTH_MEASURE( 1.000000000000000082E-05 ), #3196, 'distance_accuracy_value', 'NONE');
#3828 = PRESENTATION_STYLE_ASSIGNMENT (( #825 ) ) ;
#3829 = VERTEX_POINT ( 'NONE', #1087 ) ;
#3830 = AXIS2_PLACEMENT_3D ( 'NONE', #3000, #625, #4364 ) ;
#3831 = DIRECTION ( 'NONE',  ( -1.000000000000000000, 0.000000000000000000, 0.000000000000000000 ) ) ;
#3832 = CARTESIAN_POINT ( 'NONE',  ( -0.5736379448764857836, 7.009999999999996234, -4.336808689942017736E-16 ) ) ;
#3833 = EDGE_LOOP ( 'NONE', ( #431, #2626, #3667, #2035, #585, #1027, #1854 ) ) ;
#3834 = STYLED_ITEM ( 'NONE', ( #3990 ), #171 ) ;
#3835 = CARTESIAN_POINT ( 'NONE',  ( -1.615123520405135293, 6.863325806012412933, 1.041485575528638075 ) ) ;
#3836 = MECHANICAL_DESIGN_GEOMETRIC_PRESENTATION_REPRESENTATION (  '', ( #3540 ), #963 ) ;
#3837 = CARTESIAN_POINT ( 'NONE',  ( 5.699999999999998401, 6.598076211353309795, 1.500000000000001776 ) ) ;
#3838 = PRESENTATION_LAYER_ASSIGNMENT (  '', '', ( #887 ) ) ;
#3839 =( LENGTH_UNIT ( ) NAMED_UNIT ( * ) SI_UNIT ( .MILLI., .METRE. ) );
#3840 = ADVANCED_FACE ( 'NONE', ( #2495 ), #1831, .T. ) ;
#3841 = EDGE_LOOP ( 'NONE', ( #795, #3194, #366, #201 ) ) ;
#3842 =( NAMED_UNIT ( * ) PLANE_ANGLE_UNIT ( ) SI_UNIT ( $, .RADIAN. ) );
#3843 = STYLED_ITEM ( 'NONE', ( #3863 ), #3080 ) ;
#3844 = AXIS2_PLACEMENT_3D ( 'NONE', #4110, #2410, #3784 ) ;
#3845 = DIRECTION ( 'NONE',  ( 0.000000000000000000, 0.5000000000000009992, 0.8660254037844380415 ) ) ;
#3846 = CARTESIAN_POINT ( 'NONE',  ( -6.099999999999998757, -3.600000000000000089, 0.000000000000000000 ) ) ;
#3847 =( GEOMETRIC_REPRESENTATION_CONTEXT ( 3 ) GLOBAL_UNCERTAINTY_ASSIGNED_CONTEXT ( ( #4028 ) ) GLOBAL_UNIT_ASSIGNED_CONTEXT ( ( #4143, #4183, #2864 ) ) REPRESENTATION_CONTEXT ( 'NONE', 'WORKASPACE' ) );
#3848 = CIRCLE ( 'NONE', #1760, 0.4900000000000008793 ) ;
#3849 = ADVANCED_FACE ( 'NONE', ( #2827 ), #2774, .F. ) ;
#3850 = SURFACE_STYLE_USAGE ( .BOTH. , #2121 ) ;
#3851 = DIRECTION ( 'NONE',  ( -0.000000000000000000, 1.000000000000000000, -0.000000000000000000 ) ) ;
#3852 = ORIENTED_EDGE ( 'NONE', *, *, #4302, .T. ) ;
#3853 = SURFACE_SIDE_STYLE ('',( #1135 ) ) ;
#3854 = AXIS2_PLACEMENT_3D ( 'NONE', #4261, #4213, #3913 ) ;
#3855 = DIRECTION ( 'NONE',  ( -1.000000000000000000, -0.000000000000000000, -0.000000000000000000 ) ) ;
#3856 = ORIENTED_EDGE ( 'NONE', *, *, #487, .T. ) ;
#3857 = COLOUR_RGB ( '',0.2509803921568627416, 0.2509803921568627416, 0.2509803921568627416 ) ;
#3858 =( NAMED_UNIT ( * ) PLANE_ANGLE_UNIT ( ) SI_UNIT ( $, .RADIAN. ) );
#3859 = MECHANICAL_DESIGN_GEOMETRIC_PRESENTATION_REPRESENTATION (  '', ( #2995 ), #1905 ) ;
#3860 = EDGE_CURVE ( 'NONE', #2429, #3808, #1455, .T. ) ;
#3861 = SURFACE_SIDE_STYLE ('',( #4227 ) ) ;
#3862 = ORIENTED_EDGE ( 'NONE', *, *, #1944, .T. ) ;
#3863 = PRESENTATION_STYLE_ASSIGNMENT (( #2555 ) ) ;
#3864 = CIRCLE ( 'NONE', #1569, 0.3099999999999994982 ) ;
#3865 =( LENGTH_UNIT ( ) NAMED_UNIT ( * ) SI_UNIT ( .MILLI., .METRE. ) );
#3866 = CARTESIAN_POINT ( 'NONE',  ( -15.04615972289522396, 3.989999999999997993, 0.000000000000000000 ) ) ;
#3867 = FILL_AREA_STYLE ('',( #1496 ) ) ;
#3868 = ORIENTED_EDGE ( 'NONE', *, *, #819, .F. ) ;
#3869 = PRODUCT_DEFINITION_CONTEXT ( 'detailed design', #948, 'design' ) ;
#3870 = FACE_OUTER_BOUND ( 'NONE', #2318, .T. ) ;
#3871 = CARTESIAN_POINT ( 'NONE',  ( -4.963512405443478492, 3.999999999999997335, 0.000000000000000000 ) ) ;
#3872 = CARTESIAN_POINT ( 'NONE',  ( 3.326167354600507498, 6.929931966787391318, -0.6896366217054715753 ) ) ;
#3873 = PLANE ( 'NONE',  #2343 ) ;
#3874 = ORIENTED_EDGE ( 'NONE', *, *, #1459, .F. ) ;
#3875 = SURFACE_STYLE_FILL_AREA ( #4162 ) ;
#3876 = CARTESIAN_POINT ( 'NONE',  ( -3.758380151290433790, 3.999999999999997335, 0.000000000000000000 ) ) ;
#3877 = CARTESIAN_POINT ( 'NONE',  ( -1.673832645399492502, 6.919931966787401301, -0.6896366217054367143 ) ) ;
#3878 = EDGE_CURVE ( 'NONE', #2967, #1491, #3159, .T. ) ;
#3879 = ORIENTED_EDGE ( 'NONE', *, *, #1310, .F. ) ;
#3880 = DIRECTION ( 'NONE',  ( -1.000000000000000000, -0.000000000000000000, -0.000000000000000000 ) ) ;
#3881 = MECHANICAL_DESIGN_GEOMETRIC_PRESENTATION_REPRESENTATION (  '', ( #1728 ), #4231 ) ;
#3882 = SURFACE_SIDE_STYLE ('',( #1149 ) ) ;
#3883 = AXIS2_PLACEMENT_3D ( 'NONE', #492, #3831, #2814 ) ;
#3884 =( LENGTH_UNIT ( ) NAMED_UNIT ( * ) SI_UNIT ( .MILLI., .METRE. ) );
#3885 =( GEOMETRIC_REPRESENTATION_CONTEXT ( 3 ) GLOBAL_UNCERTAINTY_ASSIGNED_CONTEXT ( ( #588 ) ) GLOBAL_UNIT_ASSIGNED_CONTEXT ( ( #1883, #2932, #1598 ) ) REPRESENTATION_CONTEXT ( 'NONE', 'WORKASPACE' ) );
#3886 = PRESENTATION_STYLE_ASSIGNMENT (( #2854 ) ) ;
#3887 = ORIENTED_EDGE ( 'NONE', *, *, #2230, .F. ) ;
#3888 =( NAMED_UNIT ( * ) SI_UNIT ( $, .STERADIAN. ) SOLID_ANGLE_UNIT ( ) );
#3889 = EDGE_CURVE ( 'NONE', #1597, #1312, #4106, .T. ) ;
#3890 = MECHANICAL_DESIGN_GEOMETRIC_PRESENTATION_REPRESENTATION (  '', ( #1305 ), #237 ) ;
#3891 =( NAMED_UNIT ( * ) SI_UNIT ( $, .STERADIAN. ) SOLID_ANGLE_UNIT ( ) );
#3892 = ORIENTED_EDGE ( 'NONE', *, *, #2847, .T. ) ;
#3893 = CARTESIAN_POINT ( 'NONE',  ( 0.000000000000000000, 0.000000000000000000, 0.000000000000000000 ) ) ;
#3894 =( NAMED_UNIT ( * ) SI_UNIT ( $, .STERADIAN. ) SOLID_ANGLE_UNIT ( ) );
#3895 = COLOUR_RGB ( '',0.2509803921568627416, 0.2509803921568627416, 0.2509803921568627416 ) ;
#3896 = LINE ( 'NONE', #4204, #2530 ) ;
#3897 = FILL_AREA_STYLE ('',( #782 ) ) ;
#3898 = MECHANICAL_DESIGN_GEOMETRIC_PRESENTATION_REPRESENTATION (  '', ( #247 ), #2667 ) ;
#3899 = CARTESIAN_POINT ( 'NONE',  ( -5.700000000000000178, 6.338268590217977838, -1.350000000000001421 ) ) ;
#3900 = LINE ( 'NONE', #2755, #2624 ) ;
#3901 = CARTESIAN_POINT ( 'NONE',  ( 3.426167354600507586, 3.989999999999997993, 0.000000000000000000 ) ) ;
#3902 = VECTOR ( 'NONE', #3398, 1000.000000000000000 ) ;
#3903 = ORIENTED_EDGE ( 'NONE', *, *, #1163, .T. ) ;
#3904 = DIRECTION ( 'NONE',  ( 0.000000000000000000, 0.000000000000000000, -1.000000000000000000 ) ) ;
#3905 = TOROIDAL_SURFACE ( 'NONE', #1952, 2.699999999999997513, 0.2999999999999999334 ) ;
#3906 = AXIS2_PLACEMENT_3D ( 'NONE', #3649, #1252, #4304 ) ;
#3907 = EDGE_CURVE ( 'NONE', #2801, #3573, #4200, .T. ) ;
#3908 = ORIENTED_EDGE ( 'NONE', *, *, #2394, .F. ) ;
#3909 =( LENGTH_UNIT ( ) NAMED_UNIT ( * ) SI_UNIT ( .MILLI., .METRE. ) );
#3910 = ORIENTED_EDGE ( 'NONE', *, *, #2901, .T. ) ;
#3911 = UNCERTAINTY_MEASURE_WITH_UNIT (LENGTH_MEASURE( 1.000000000000000082E-05 ), #4000, 'distance_accuracy_value', 'NONE');
#3912 = CIRCLE ( 'NONE', #2608, 2.999999999999997335 ) ;
#3913 = DIRECTION ( 'NONE',  ( 0.000000000000000000, 0.000000000000000000, 1.000000000000000000 ) ) ;
#3914 = EDGE_CURVE ( 'NONE', #3278, #1776, #3384, .T. ) ;
#3915 = STYLED_ITEM ( 'NONE', ( #519 ), #3245 ) ;
#3916 =( NAMED_UNIT ( * ) SI_UNIT ( $, .STERADIAN. ) SOLID_ANGLE_UNIT ( ) );
#3917 = ORIENTED_EDGE ( 'NONE', *, *, #3603, .T. ) ;
#3918 = UNCERTAINTY_MEASURE_WITH_UNIT (LENGTH_MEASURE( 1.000000000000000082E-05 ), #350, 'distance_accuracy_value', 'NONE');
#3919 = SURFACE_SIDE_STYLE ('',( #1811 ) ) ;
#3920 = SURFACE_STYLE_USAGE ( .BOTH. , #2986 ) ;
#3921 = COLOUR_RGB ( '',0.2509803921568627416, 0.2509803921568627416, 0.2509803921568627416 ) ;
#3922 = CARTESIAN_POINT ( 'NONE',  ( -4.500000000000000888, 3.999999999999997335, 2.999999999999997335 ) ) ;
#3923 = CARTESIAN_POINT ( 'NONE',  ( -3.758380151290433790, 3.999999999999997335, 0.000000000000000000 ) ) ;
#3924 = CARTESIAN_POINT ( 'NONE',  ( 4.426362055123480133, 6.999999999999996447, -7.398425687810394468E-16 ) ) ;
#3925 = EDGE_CURVE ( 'NONE', #141, #1139, #2689, .T. ) ;
#3926 =( NAMED_UNIT ( * ) SI_UNIT ( $, .STERADIAN. ) SOLID_ANGLE_UNIT ( ) );
#3927 = DIRECTION ( 'NONE',  ( 1.000000000000000000, 0.000000000000000000, 0.000000000000000000 ) ) ;
#3928 =( GEOMETRIC_REPRESENTATION_CONTEXT ( 3 ) GLOBAL_UNCERTAINTY_ASSIGNED_CONTEXT ( ( #1352 ) ) GLOBAL_UNIT_ASSIGNED_CONTEXT ( ( #3884, #1897, #134 ) ) REPRESENTATION_CONTEXT ( 'NONE', 'WORKASPACE' ) );
#3929 = CARTESIAN_POINT ( 'NONE',  ( -6.000000000000000000, 6.338268590217977838, -1.350000000000000977 ) ) ;
#3930 = CIRCLE ( 'NONE', #1695, 2.999999999999997335 ) ;
#3931 = VERTEX_POINT ( 'NONE', #2263 ) ;
#3932 = DIRECTION ( 'NONE',  ( -1.000000000000000000, -0.000000000000000000, -0.000000000000000000 ) ) ;
#3933 = DIRECTION ( 'NONE',  ( 0.7071067811865393571, 0.000000000000000000, 0.7071067811865557884 ) ) ;
#3934 = DIRECTION ( 'NONE',  ( -1.000000000000000000, -0.000000000000000000, -0.000000000000000000 ) ) ;
#3935 = CARTESIAN_POINT ( 'NONE',  ( 3.326167354600507498, 6.919931966787391531, -0.6896366217054715753 ) ) ;
#3936 = DIRECTION ( 'NONE',  ( -0.000000000000000000, 0.000000000000000000, 1.000000000000000000 ) ) ;
#3937 = ORIENTED_EDGE ( 'NONE', *, *, #2934, .F. ) ;
#3938 = CYLINDRICAL_SURFACE ( 'NONE', #111, 3.009999999999997566 ) ;
#3939 = EDGE_CURVE ( 'NONE', #688, #2950, #275, .T. ) ;
#3940 =( NAMED_UNIT ( * ) SI_UNIT ( $, .STERADIAN. ) SOLID_ANGLE_UNIT ( ) );
#3941 = SURFACE_STYLE_FILL_AREA ( #2543 ) ;
#3942 = DIRECTION ( 'NONE',  ( 1.000000000000000000, 0.000000000000000000, 0.000000000000000000 ) ) ;
#3943 = DIRECTION ( 'NONE',  ( -1.000000000000000000, -0.000000000000000000, -0.000000000000000000 ) ) ;
#3944 = CARTESIAN_POINT ( 'NONE',  ( 6.199999999999999289, 3.916515138991167433, 0.000000000000000000 ) ) ;
#3945 = LINE ( 'NONE', #921, #2256 ) ;
#3946 =( NAMED_UNIT ( * ) SI_UNIT ( $, .STERADIAN. ) SOLID_ANGLE_UNIT ( ) );
#3947 = VERTEX_POINT ( 'NONE', #2597 ) ;
#3948 = ORIENTED_EDGE ( 'NONE', *, *, #3785, .F. ) ;
#3949 = CARTESIAN_POINT ( 'NONE',  ( -4.500000000000000888, 6.598076211353309795, 1.500000000000001776 ) ) ;
#3950 = SURFACE_SIDE_STYLE ('',( #4286 ) ) ;
#3951 = ORIENTED_EDGE ( 'NONE', *, *, #1890, .F. ) ;
#3952 = AXIS2_PLACEMENT_3D ( 'NONE', #3250, #3316, #4285 ) ;
#3953 = UNCERTAINTY_MEASURE_WITH_UNIT (LENGTH_MEASURE( 1.000000000000000082E-05 ), #3376, 'distance_accuracy_value', 'NONE');
#3954 = DIRECTION ( 'NONE',  ( -0.000000000000000000, 1.000000000000000000, -0.000000000000000000 ) ) ;
#3955 = FILL_AREA_STYLE_COLOUR ( '', #336 ) ;
#3956 = EDGE_LOOP ( 'NONE', ( #3992, #812, #540, #484 ) ) ;
#3957 = CARTESIAN_POINT ( 'NONE',  ( -4.036487594556522396, 3.999999999999997335, 2.812499999999996447 ) ) ;
#3958 = EDGE_CURVE ( 'NONE', #1790, #382, #3270, .T. ) ;
#3959 = EDGE_LOOP ( 'NONE', ( #1927, #2406, #799, #74 ) ) ;
#3960 = DIRECTION ( 'NONE',  ( 0.000000000000000000, 0.000000000000000000, 1.000000000000000000 ) ) ;
#3961 = LINE ( 'NONE', #493, #3351 ) ;
#3962 = AXIS2_PLACEMENT_3D ( 'NONE', #2136, #2790, #2766 ) ;
#3963 = CARTESIAN_POINT ( 'NONE',  ( 4.567783411360789358, -3.620999999999999996, -5.230021342839385600E-16 ) ) ;
#3964 =( NAMED_UNIT ( * ) PLANE_ANGLE_UNIT ( ) SI_UNIT ( $, .RADIAN. ) );
#3965 = AXIS2_PLACEMENT_3D ( 'NONE', #1921, #525, #1836 ) ;
#3966 = SURFACE_STYLE_FILL_AREA ( #3606 ) ;
#3967 = VERTEX_POINT ( 'NONE', #503 ) ;
#3968 = VECTOR ( 'NONE', #1021, 1000.000000000000000 ) ;
#3969 =( NAMED_UNIT ( * ) SI_UNIT ( $, .STERADIAN. ) SOLID_ANGLE_UNIT ( ) );
#3970 = ADVANCED_FACE ( 'NONE', ( #179 ), #1852, .T. ) ;
#3971 = FILL_AREA_STYLE_COLOUR ( '', #2169 ) ;
#3972 = EDGE_CURVE ( 'NONE', #2907, #1465, #627, .T. ) ;
#3973 = CIRCLE ( 'NONE', #168, 0.2500000000000000555 ) ;
#3974 = CARTESIAN_POINT ( 'NONE',  ( -0.5736379448764857836, 7.009999999999996234, -4.336808689942017736E-16 ) ) ;
#3975 = CARTESIAN_POINT ( 'NONE',  ( -0.4322165886391755030, 6.999999999999996447, -4.269046054161673709E-16 ) ) ;
#3976 = ORIENTED_EDGE ( 'NONE', *, *, #1445, .F. ) ;
#3977 = FACE_OUTER_BOUND ( 'NONE', #1594, .T. ) ;
#3978 = CIRCLE ( 'NONE', #2471, 0.5000000000000004441 ) ;
#3979 = PRESENTATION_LAYER_ASSIGNMENT (  '', '', ( #1250 ) ) ;
#3980 = EDGE_CURVE ( 'NONE', #3209, #3802, #2182, .T. ) ;
#3981 = DIRECTION ( 'NONE',  ( -1.000000000000000000, 0.000000000000000000, 0.000000000000000000 ) ) ;
#3982 = PRESENTATION_LAYER_ASSIGNMENT (  '', '', ( #1467 ) ) ;
#3983 = AXIS2_PLACEMENT_3D ( 'NONE', #720, #4374, #1298 ) ;
#3984 = SURFACE_STYLE_FILL_AREA ( #532 ) ;
#3985 = DIRECTION ( 'NONE',  ( 0.000000000000000000, 0.000000000000000000, 1.000000000000000000 ) ) ;
#3986 = CIRCLE ( 'NONE', #619, 0.3999999999999975797 ) ;
#3987 =( NAMED_UNIT ( * ) SI_UNIT ( $, .STERADIAN. ) SOLID_ANGLE_UNIT ( ) );
#3988 = PRESENTATION_STYLE_ASSIGNMENT (( #2979 ) ) ;
#3989 = FILL_AREA_STYLE ('',( #1605 ) ) ;
#3990 = PRESENTATION_STYLE_ASSIGNMENT (( #4407 ) ) ;
#3991 = AXIS2_PLACEMENT_3D ( 'NONE', #65, #746, #1017 ) ;
#3992 = ORIENTED_EDGE ( 'NONE', *, *, #2687, .T. ) ;
#3993 = ADVANCED_FACE ( 'NONE', ( #863 ), #3636, .F. ) ;
#3994 = MECHANICAL_DESIGN_GEOMETRIC_PRESENTATION_REPRESENTATION (  '', ( #196 ), #4202 ) ;
#3995 = FACE_OUTER_BOUND ( 'NONE', #2582, .T. ) ;
#3996 = DIRECTION ( 'NONE',  ( 0.000000000000000000, 0.000000000000000000, 1.000000000000000000 ) ) ;
#3997 = CARTESIAN_POINT ( 'NONE',  ( -5.241619848709567542, 6.606736465391154667, 1.505000000000002336 ) ) ;
#3998 = ORIENTED_EDGE ( 'NONE', *, *, #1972, .T. ) ;
#3999 = CIRCLE ( 'NONE', #2566, 2.699999999999995293 ) ;
#4000 =( LENGTH_UNIT ( ) NAMED_UNIT ( * ) SI_UNIT ( .MILLI., .METRE. ) );
#4001 =( LENGTH_UNIT ( ) NAMED_UNIT ( * ) SI_UNIT ( .MILLI., .METRE. ) );
#4002 = DIRECTION ( 'NONE',  ( 1.000000000000000000, 0.000000000000000000, 0.000000000000000000 ) ) ;
#4003 = PRESENTATION_STYLE_ASSIGNMENT (( #2882 ) ) ;
#4004 = CARTESIAN_POINT ( 'NONE',  ( 6.199999999999999289, 3.999999999999997335, 0.000000000000000000 ) ) ;
#4005 = DIRECTION ( 'NONE',  ( 1.000000000000000000, 0.000000000000000000, 0.000000000000000000 ) ) ;
#4006 = SURFACE_SIDE_STYLE ('',( #3329 ) ) ;
#4007 = SURFACE_SIDE_STYLE ('',( #650 ) ) ;
#4008 = EDGE_CURVE ( 'NONE', #505, #3308, #930, .T. ) ;
#4009 = CARTESIAN_POINT ( 'NONE',  ( 2.612549941312443114, -3.620999999999999996, 0.2646511399433040812 ) ) ;
#4010 = ORIENTED_EDGE ( 'NONE', *, *, #3517, .T. ) ;
#4011 = FACE_OUTER_BOUND ( 'NONE', #1891, .T. ) ;
#4012 = CARTESIAN_POINT ( 'NONE',  ( -5.241619848709567542, 3.999999999999997335, 0.000000000000000000 ) ) ;
#4013 = VERTEX_POINT ( 'NONE', #3651 ) ;
#4014 = EDGE_LOOP ( 'NONE', ( #393, #2600, #1988, #1774 ) ) ;
#4015 = CARTESIAN_POINT ( 'NONE',  ( -4.500000000000000888, 6.173723763498934147, 1.255000000000001226 ) ) ;
#4016 = CARTESIAN_POINT ( 'NONE',  ( 4.567783411360789358, 6.999999999999996447, -5.230021342839385600E-16 ) ) ;
#4017 = AXIS2_PLACEMENT_3D ( 'NONE', #3065, #294, #4434 ) ;
#4018 = DIRECTION ( 'NONE',  ( -0.7071067811865512365, 0.000000000000000000, 0.7071067811865439090 ) ) ;
#4019 = AXIS2_PLACEMENT_3D ( 'NONE', #3712, #4091, #2064 ) ;
#4020 = DIRECTION ( 'NONE',  ( -1.000000000000000000, -0.000000000000000000, -0.000000000000000000 ) ) ;
#4021 = FILL_AREA_STYLE_COLOUR ( '', #2346 ) ;
#4022 = CARTESIAN_POINT ( 'NONE',  ( 3.874382620068649086, 7.009999999999996234, -3.523657060577889411E-14 ) ) ;
#4023 = SURFACE_STYLE_USAGE ( .BOTH. , #4007 ) ;
#4024 = EDGE_CURVE ( 'NONE', #699, #2449, #1772, .T. ) ;
#4025 =( GEOMETRIC_REPRESENTATION_CONTEXT ( 3 ) GLOBAL_UNCERTAINTY_ASSIGNED_CONTEXT ( ( #1529 ) ) GLOBAL_UNIT_ASSIGNED_CONTEXT ( ( #1550, #2183, #3916 ) ) REPRESENTATION_CONTEXT ( 'NONE', 'WORKASPACE' ) );
#4026 = SURFACE_SIDE_STYLE ('',( #3358 ) ) ;
#4027 = VERTEX_POINT ( 'NONE', #609 ) ;
#4028 = UNCERTAINTY_MEASURE_WITH_UNIT (LENGTH_MEASURE( 1.000000000000000082E-05 ), #4143, 'distance_accuracy_value', 'NONE');
#4029 = MECHANICAL_DESIGN_GEOMETRIC_PRESENTATION_REPRESENTATION (  '', ( #1103 ), #1314 ) ;
#4030 = DIRECTION ( 'NONE',  ( -1.000000000000000000, -0.000000000000000000, -0.000000000000000000 ) ) ;
#4031 = PRESENTATION_STYLE_ASSIGNMENT (( #1678 ) ) ;
#4032 = ORIENTED_EDGE ( 'NONE', *, *, #3785, .T. ) ;
#4033 = ORIENTED_EDGE ( 'NONE', *, *, #76, .T. ) ;
#4034 = CARTESIAN_POINT ( 'NONE',  ( -15.04615972289522396, 3.999999999999997335, -2.999999999999997335 ) ) ;
#4035 = VECTOR ( 'NONE', #3623, 1000.000000000000000 ) ;
#4036 = UNCERTAINTY_MEASURE_WITH_UNIT (LENGTH_MEASURE( 1.000000000000000082E-05 ), #2572, 'distance_accuracy_value', 'NONE');
#4037 = EDGE_CURVE ( 'NONE', #2283, #3620, #697, .T. ) ;
#4038 = CARTESIAN_POINT ( 'NONE',  ( -0.9619272563919829544, 6.999999999999996447, 0.5297106677528026220 ) ) ;
#4039 = ORIENTED_EDGE ( 'NONE', *, *, #1018, .F. ) ;
#4040 = DIRECTION ( 'NONE',  ( 0.000000000000000000, 0.000000000000000000, 1.000000000000000000 ) ) ;
#4041 = PLANE ( 'NONE',  #2676 ) ;
#4042 = PRESENTATION_LAYER_ASSIGNMENT (  '', '', ( #3485 ) ) ;
#4043 = CIRCLE ( 'NONE', #2102, 0.3999999999999975797 ) ;
#4044 = SURFACE_SIDE_STYLE ('',( #3035 ) ) ;
#4045 = FILL_AREA_STYLE ('',( #2670 ) ) ;
#4046 = SURFACE_STYLE_USAGE ( .BOTH. , #970 ) ;
#4047 = EDGE_CURVE ( 'NONE', #2013, #2956, #1639, .T. ) ;
#4048 = TOROIDAL_SURFACE ( 'NONE', #2106, 2.699999999999997513, 0.3100000000000002753 ) ;
#4049 = DIRECTION ( 'NONE',  ( -1.000000000000000000, -0.000000000000000000, -0.000000000000000000 ) ) ;
#4050 = STYLED_ITEM ( 'NONE', ( #4171 ), #2483 ) ;
#4051 = CARTESIAN_POINT ( 'NONE',  ( 6.000000000000000000, 6.338268590217976950, -1.350000000000000755 ) ) ;
#4052 = EDGE_CURVE ( 'NONE', #3390, #299, #2778, .T. ) ;
#4053 = FILL_AREA_STYLE ('',( #292 ) ) ;
#4054 = PRESENTATION_LAYER_ASSIGNMENT (  '', '', ( #754 ) ) ;
#4055 = SURFACE_SIDE_STYLE ('',( #3005 ) ) ;
#4056 =( NAMED_UNIT ( * ) SI_UNIT ( $, .STERADIAN. ) SOLID_ANGLE_UNIT ( ) );
#4057 = SURFACE_STYLE_USAGE ( .BOTH. , #1275 ) ;
#4058 = AXIS2_PLACEMENT_3D ( 'NONE', #4421, #642, #2305 ) ;
#4059 =( LENGTH_UNIT ( ) NAMED_UNIT ( * ) SI_UNIT ( .MILLI., .METRE. ) );
#4060 = EDGE_LOOP ( 'NONE', ( #3816, #2881, #3067, #1377 ) ) ;
#4061 = ORIENTED_EDGE ( 'NONE', *, *, #1972, .F. ) ;
#4062 = CARTESIAN_POINT ( 'NONE',  ( -6.000000000000000888, 3.445370851161791315, 0.1359753560788283244 ) ) ;
#4063 = SURFACE_STYLE_FILL_AREA ( #3439 ) ;
#4064 = AXIS2_PLACEMENT_3D ( 'NONE', #3429, #2772, #355 ) ;
#4065 = CYLINDRICAL_SURFACE ( 'NONE', #1462, 3.009999999999998899 ) ;
#4066 = EDGE_CURVE ( 'NONE', #1776, #1201, #295, .T. ) ;
#4067 = CARTESIAN_POINT ( 'NONE',  ( 2.925694258555775473, 6.599232868937661145, -1.500667796567688006 ) ) ;
#4068 = CARTESIAN_POINT ( 'NONE',  ( -15.04615972289522396, 3.999999999999997335, 0.000000000000000000 ) ) ;
#4069 = PLANE ( 'NONE',  #726 ) ;
#4070 = VECTOR ( 'NONE', #1397, 1000.000000000000000 ) ;
#4071 = CYLINDRICAL_SURFACE ( 'NONE', #1877, 3.009999999999998899 ) ;
#4072 = CARTESIAN_POINT ( 'NONE',  ( -6.000000000000000000, 6.338268590217977838, -1.350000000000000977 ) ) ;
#4073 = CARTESIAN_POINT ( 'NONE',  ( 5.700000000000000178, 3.999999999999997335, -2.699999999999997513 ) ) ;
#4074 = CARTESIAN_POINT ( 'NONE',  ( 6.000000000000000888, 3.374165738672475712, -0.03493263651813201948 ) ) ;
#4075 = UNCERTAINTY_MEASURE_WITH_UNIT (LENGTH_MEASURE( 1.000000000000000082E-05 ), #3248, 'distance_accuracy_value', 'NONE');
#4076 = FILL_AREA_STYLE_COLOUR ( '', #2219 ) ;
#4077 = ORIENTED_EDGE ( 'NONE', *, *, #3174, .T. ) ;
#4078 = FACE_OUTER_BOUND ( 'NONE', #4129, .T. ) ;
#4079 =( BOUNDED_CURVE ( )  B_SPLINE_CURVE ( 3, ( #1775, #4212, #3513, #1791 ),
 .UNSPECIFIED., .F., .F. ) 
 B_SPLINE_CURVE_WITH_KNOTS ( ( 4, 4 ),
 ( 4.712388980384689674, 4.861853583442620419 ),
 .UNSPECIFIED. ) 
 CURVE ( )  GEOMETRIC_REPRESENTATION_ITEM ( )  RATIONAL_B_SPLINE_CURVE ( ( 1.000000000000000000, 0.9981392272996881809, 0.9981392272996881809, 1.000000000000000000 ) ) 
 REPRESENTATION_ITEM ( '' )  );
#4080 = VERTEX_POINT ( 'NONE', #2708 ) ;
#4081 = VERTEX_POINT ( 'NONE', #4370 ) ;
#4082 = SURFACE_SIDE_STYLE ('',( #318 ) ) ;
#4083 = UNCERTAINTY_MEASURE_WITH_UNIT (LENGTH_MEASURE( 1.000000000000000082E-05 ), #2857, 'distance_accuracy_value', 'NONE');
#4084 = EDGE_CURVE ( 'NONE', #4027, #3510, #2420, .T. ) ;
#4085 = DIRECTION ( 'NONE',  ( 0.000000000000000000, -0.5000000000000008882, 0.8660254037844381525 ) ) ;
#4086 = CARTESIAN_POINT ( 'NONE',  ( -5.699999999999998401, 6.606736465391152890, -1.505000000000001670 ) ) ;
#4087 = ORIENTED_EDGE ( 'NONE', *, *, #920, .T. ) ;
#4088 = SURFACE_STYLE_FILL_AREA ( #2715 ) ;
#4089 = DIRECTION ( 'NONE',  ( -1.000000000000000000, -0.000000000000000000, -0.000000000000000000 ) ) ;
#4090 = UNCERTAINTY_MEASURE_WITH_UNIT (LENGTH_MEASURE( 1.000000000000000082E-05 ), #16, 'distance_accuracy_value', 'NONE');
#4091 = DIRECTION ( 'NONE',  ( -1.000000000000000000, -0.000000000000000000, -0.000000000000000000 ) ) ;
#4092 = EDGE_CURVE ( 'NONE', #1993, #2532, #3425, .T. ) ;
#4093 = CARTESIAN_POINT ( 'NONE',  ( -1.125617379931350914, 6.999999999999994671, -3.221369485334804121E-16 ) ) ;
#4094 = CARTESIAN_POINT ( 'NONE',  ( -1.216653087022414370, 7.009999999999996234, 0.2324570633283696286 ) ) ;
#4095 = DIRECTION ( 'NONE',  ( -0.000000000000000000, 0.000000000000000000, 1.000000000000000000 ) ) ;
#4096 = MECHANICAL_DESIGN_GEOMETRIC_PRESENTATION_REPRESENTATION (  '', ( #1938 ), #3819 ) ;
#4097 = SURFACE_STYLE_USAGE ( .BOTH. , #3063 ) ;
#4098 =( NAMED_UNIT ( * ) SI_UNIT ( $, .STERADIAN. ) SOLID_ANGLE_UNIT ( ) );
#4099 = PLANE ( 'NONE',  #660 ) ;
#4100 = SURFACE_SIDE_STYLE ('',( #2004 ) ) ;
#4101 = CARTESIAN_POINT ( 'NONE',  ( 2.921362055123461143, 6.606736465391153779, 1.505000000000001892 ) ) ;
#4102 = ORIENTED_EDGE ( 'NONE', *, *, #3233, .F. ) ;
#4103 = ORIENTED_EDGE ( 'NONE', *, *, #2133, .T. ) ;
#4104 = DIRECTION ( 'NONE',  ( 0.000000000000000000, 0.000000000000000000, 1.000000000000000000 ) ) ;
#4105 = SURFACE_STYLE_USAGE ( .BOTH. , #1709 ) ;
#4106 = LINE ( 'NONE', #4307, #339 ) ;
#4107 = ORIENTED_EDGE ( 'NONE', *, *, #1784, .T. ) ;
#4108 =( GEOMETRIC_REPRESENTATION_CONTEXT ( 3 ) GLOBAL_UNCERTAINTY_ASSIGNED_CONTEXT ( ( #4356 ) ) GLOBAL_UNIT_ASSIGNED_CONTEXT ( ( #2292, #3739, #626 ) ) REPRESENTATION_CONTEXT ( 'NONE', 'WORKASPACE' ) );
#4109 = PLANE ( 'NONE',  #153 ) ;
#4110 = CARTESIAN_POINT ( 'NONE',  ( -1.573832645399493302, 3.989999999999997993, 0.000000000000000000 ) ) ;
#4111 = DIRECTION ( 'NONE',  ( -1.000000000000000000, 0.000000000000000000, 0.000000000000000000 ) ) ;
#4112 = PRESENTATION_STYLE_ASSIGNMENT (( #621 ) ) ;
#4113 = CARTESIAN_POINT ( 'NONE',  ( -1.425403571444623374, 6.988792927604571936, 0.2997861915132656319 ) ) ;
#4114 = CARTESIAN_POINT ( 'NONE',  ( -5.699999999999998401, 6.598076211353309795, -1.500000000000001776 ) ) ;
#4115 = CARTESIAN_POINT ( 'NONE',  ( -5.999999999999999112, 3.653713464726769722, -0.2440188473348338660 ) ) ;
#4116 = ORIENTED_EDGE ( 'NONE', *, *, #1995, .T. ) ;
#4117 = TOROIDAL_SURFACE ( 'NONE', #2754, 2.699999999999997513, 0.2999999999999999334 ) ;
#4118 = PRESENTATION_LAYER_ASSIGNMENT (  '', '', ( #325 ) ) ;
#4119 = SURFACE_SIDE_STYLE ('',( #2347 ) ) ;
#4120 = AXIS2_PLACEMENT_3D ( 'NONE', #4073, #972, #2046 ) ;
#4121 = AXIS2_PLACEMENT_3D ( 'NONE', #3821, #3178, #1475 ) ;
#4122 = EDGE_CURVE ( 'NONE', #1574, #2372, #829, .T. ) ;
#4123 = EDGE_LOOP ( 'NONE', ( #1679, #3324, #1172, #1542 ) ) ;
#4124 =( GEOMETRIC_REPRESENTATION_CONTEXT ( 3 ) GLOBAL_UNCERTAINTY_ASSIGNED_CONTEXT ( ( #579 ) ) GLOBAL_UNIT_ASSIGNED_CONTEXT ( ( #4250, #2273, #597 ) ) REPRESENTATION_CONTEXT ( 'NONE', 'WORKASPACE' ) );
#4125 = AXIS2_PLACEMENT_3D ( 'NONE', #1449, #1886, #1205 ) ;
#4126 = PRESENTATION_STYLE_ASSIGNMENT (( #3484 ) ) ;
#4127 = DIRECTION ( 'NONE',  ( -1.000000000000000000, -0.000000000000000000, -0.000000000000000000 ) ) ;
#4128 = PRESENTATION_LAYER_ASSIGNMENT (  '', '', ( #3491 ) ) ;
#4129 = EDGE_LOOP ( 'NONE', ( #2581, #4198, #1660, #2965, #2430, #844 ) ) ;
#4130 = ORIENTED_EDGE ( 'NONE', *, *, #2793, .F. ) ;
#4131 = CARTESIAN_POINT ( 'NONE',  ( 2.512549941312445689, 6.977830240515343618, -0.3646511399433742251 ) ) ;
#4132 = COLOUR_RGB ( '',0.2509803921568627416, 0.2509803921568627416, 0.2509803921568627416 ) ;
#4133 =( NAMED_UNIT ( * ) PLANE_ANGLE_UNIT ( ) SI_UNIT ( $, .RADIAN. ) );
#4134 = FILL_AREA_STYLE ('',( #1349 ) ) ;
#4135 = VECTOR ( 'NONE', #2208, 1000.000000000000227 ) ;
#4136 = UNCERTAINTY_MEASURE_WITH_UNIT (LENGTH_MEASURE( 1.000000000000000082E-05 ), #870, 'distance_accuracy_value', 'NONE');
#4137 = DIRECTION ( 'NONE',  ( -0.000000000000000000, -0.000000000000000000, -1.000000000000000000 ) ) ;
#4138 = ORIENTED_EDGE ( 'NONE', *, *, #276, .F. ) ;
#4139 = DIRECTION ( 'NONE',  ( 1.000000000000000000, 0.000000000000000000, 0.000000000000000000 ) ) ;
#4140 = SURFACE_STYLE_USAGE ( .BOTH. , #126 ) ;
#4141 = SURFACE_SIDE_STYLE ('',( #81 ) ) ;
#4142 = COLOUR_RGB ( '',0.2509803921568627416, 0.2509803921568627416, 0.2509803921568627416 ) ;
#4143 =( LENGTH_UNIT ( ) NAMED_UNIT ( * ) SI_UNIT ( .MILLI., .METRE. ) );
#4144 = CARTESIAN_POINT ( 'NONE',  ( 3.326167354600508386, 3.999999999999997335, 0.000000000000000000 ) ) ;
#4145 =( NAMED_UNIT ( * ) PLANE_ANGLE_UNIT ( ) SI_UNIT ( $, .RADIAN. ) );
#4146 = ORIENTED_EDGE ( 'NONE', *, *, #3629, .T. ) ;
#4147 =( LENGTH_UNIT ( ) NAMED_UNIT ( * ) SI_UNIT ( .MILLI., .METRE. ) );
#4148 = DIRECTION ( 'NONE',  ( -1.000000000000000000, -0.000000000000000000, -0.000000000000000000 ) ) ;
#4149 = EDGE_CURVE ( 'NONE', #2855, #688, #3317, .T. ) ;
#4150 = ORIENTED_EDGE ( 'NONE', *, *, #2866, .F. ) ;
#4151 = ORIENTED_EDGE ( 'NONE', *, *, #658, .T. ) ;
#4152 =( NAMED_UNIT ( * ) PLANE_ANGLE_UNIT ( ) SI_UNIT ( $, .RADIAN. ) );
#4153 = CARTESIAN_POINT ( 'NONE',  ( -6.000000000000000000, 3.999999999999997335, 0.000000000000000000 ) ) ;
#4154 = PRESENTATION_STYLE_ASSIGNMENT (( #2185 ) ) ;
#4155 = CARTESIAN_POINT ( 'NONE',  ( -5.241619848709567542, 6.338268590217977838, 1.350000000000001865 ) ) ;
#4156 =( LENGTH_UNIT ( ) NAMED_UNIT ( * ) SI_UNIT ( .MILLI., .METRE. ) );
#4157 = ORIENTED_EDGE ( 'NONE', *, *, #82, .F. ) ;
#4158 =( BOUNDED_CURVE ( )  B_SPLINE_CURVE ( 3, ( #3161, #1088, #2456, #1151 ),
 .UNSPECIFIED., .F., .T. ) 
 B_SPLINE_CURVE_WITH_KNOTS ( ( 4, 4 ),
 ( 4.712388980384678128, 4.943557541914696429 ),
 .UNSPECIFIED. ) 
 CURVE ( )  GEOMETRIC_REPRESENTATION_ITEM ( )  RATIONAL_B_SPLINE_CURVE ( ( 1.000000000000000000, 0.9955517136470730666, 0.9955517136470730666, 1.000000000000000000 ) ) 
 REPRESENTATION_ITEM ( '' )  );
#4159 = LINE ( 'NONE', #3197, #1095 ) ;
#4160 = SURFACE_STYLE_USAGE ( .BOTH. , #1426 ) ;
#4161 = FACE_OUTER_BOUND ( 'NONE', #2306, .T. ) ;
#4162 = FILL_AREA_STYLE ('',( #1800 ) ) ;
#4163 = ADVANCED_FACE ( 'NONE', ( #635 ), #3632, .T. ) ;
#4164 = FILL_AREA_STYLE ('',( #1430 ) ) ;
#4165 = ORIENTED_EDGE ( 'NONE', *, *, #1459, .T. ) ;
#4166 = VECTOR ( 'NONE', #2386, 1000.000000000000000 ) ;
#4167 = CARTESIAN_POINT ( 'NONE',  ( -4.500000000000000888, 3.999999999999997335, 2.999999999999997335 ) ) ;
#4168 = DIRECTION ( 'NONE',  ( 0.000000000000000000, 0.000000000000000000, 1.000000000000000000 ) ) ;
#4170 = VERTEX_POINT ( 'NONE', #3365 ) ;
#4169 = AXIS2_PLACEMENT_3D ( 'NONE', #2357, #3423, #4040 ) ;
#4171 = PRESENTATION_STYLE_ASSIGNMENT (( #89 ) ) ;
#4172 =( NAMED_UNIT ( * ) SI_UNIT ( $, .STERADIAN. ) SOLID_ANGLE_UNIT ( ) );
#4173 = VECTOR ( 'NONE', #914, 1000.000000000000000 ) ;
#4174 = FILL_AREA_STYLE_COLOUR ( '', #4412 ) ;
#4175 = CARTESIAN_POINT ( 'NONE',  ( -0.9841960236940396900, 6.999999999999996447, -3.794707603699265519E-16 ) ) ;
#4176 = ORIENTED_EDGE ( 'NONE', *, *, #2440, .T. ) ;
#4177 = LINE ( 'NONE', #3568, #2027 ) ;
#4178 = EDGE_CURVE ( 'NONE', #2266, #141, #1390, .T. ) ;
#4179 = VERTEX_POINT ( 'NONE', #3223 ) ;
#4180 = CIRCLE ( 'NONE', #2236, 3.009999999999998899 ) ;
#4181 = CARTESIAN_POINT ( 'NONE',  ( 6.000000000000000000, 6.338268590217977838, 1.350000000000001865 ) ) ;
#4182 = COLOUR_RGB ( '',0.2509803921568627416, 0.2509803921568627416, 0.2509803921568627416 ) ;
#4183 =( NAMED_UNIT ( * ) PLANE_ANGLE_UNIT ( ) SI_UNIT ( $, .RADIAN. ) );
#4184 = EDGE_CURVE ( 'NONE', #2253, #4013, #3900, .T. ) ;
#4185 = STYLED_ITEM ( 'NONE', ( #3818 ), #63 ) ;
#4186 =( NAMED_UNIT ( * ) SI_UNIT ( $, .STERADIAN. ) SOLID_ANGLE_UNIT ( ) );
#4187 = PRESENTATION_LAYER_ASSIGNMENT (  '', '', ( #1111 ) ) ;
#4188 = AXIS2_PLACEMENT_3D ( 'NONE', #1923, #1943, #212 ) ;
#4189 = CARTESIAN_POINT ( 'NONE',  ( 6.000000000000000000, 3.374165738668204906, 1.805370128454810384E-11 ) ) ;
#4190 = ORIENTED_EDGE ( 'NONE', *, *, #3889, .T. ) ;
#4191 = EDGE_CURVE ( 'NONE', #3091, #2233, #3436, .T. ) ;
#4192 = LINE ( 'NONE', #1771, #1116 ) ;
#4193 = DIRECTION ( 'NONE',  ( 0.000000000000000000, 0.000000000000000000, 1.000000000000000000 ) ) ;
#4194 = VERTEX_POINT ( 'NONE', #2524 ) ;
#4195 = AXIS2_PLACEMENT_3D ( 'NONE', #1245, #3647, #878 ) ;
#4196 = CARTESIAN_POINT ( 'NONE',  ( 6.200000000000000178, 3.916515138991167433, 0.06100870686818238992 ) ) ;
#4197 = CIRCLE ( 'NONE', #753, 0.2500000000000000555 ) ;
#4198 = ORIENTED_EDGE ( 'NONE', *, *, #723, .F. ) ;
#4199 = FILL_AREA_STYLE_COLOUR ( '', #4399 ) ;
#4200 = CIRCLE ( 'NONE', #53, 0.7499999999999997780 ) ;
#4201 = FACE_OUTER_BOUND ( 'NONE', #2946, .T. ) ;
#4202 =( GEOMETRIC_REPRESENTATION_CONTEXT ( 3 ) GLOBAL_UNCERTAINTY_ASSIGNED_CONTEXT ( ( #1089 ) ) GLOBAL_UNIT_ASSIGNED_CONTEXT ( ( #3044, #280, #1002 ) ) REPRESENTATION_CONTEXT ( 'NONE', 'WORKASPACE' ) );
#4203 = EDGE_CURVE ( 'NONE', #3719, #4179, #3205, .T. ) ;
#4204 = CARTESIAN_POINT ( 'NONE',  ( -15.04615972289522396, 6.988342837990126455, 0.2646511399433087997 ) ) ;
#4205 = SURFACE_SIDE_STYLE ('',( #806 ) ) ;
#4206 = ORIENTED_EDGE ( 'NONE', *, *, #2901, .F. ) ;
#4207 = STYLED_ITEM ( 'NONE', ( #3988 ), #4296 ) ;
#4208 = CARTESIAN_POINT ( 'NONE',  ( 5.699999999999998401, 6.606736465391154667, 1.505000000000002336 ) ) ;
#4209 = LINE ( 'NONE', #1145, #3826 ) ;
#4210 = ORIENTED_EDGE ( 'NONE', *, *, #599, .T. ) ;
#4211 =( LENGTH_UNIT ( ) NAMED_UNIT ( * ) SI_UNIT ( .MILLI., .METRE. ) );
#4212 = CARTESIAN_POINT ( 'NONE',  ( -1.275719955769511360, 7.009999999999995346, 0.1501025758381570319 ) ) ;
#4213 = DIRECTION ( 'NONE',  ( -1.000000000000000000, -0.000000000000000000, -0.000000000000000000 ) ) ;
#4214 = CARTESIAN_POINT ( 'NONE',  ( -5.241619848709567542, 3.999999999999997335, 0.000000000000000000 ) ) ;
#4215 = VERTEX_POINT ( 'NONE', #4101 ) ;
#4216 = ORIENTED_EDGE ( 'NONE', *, *, #3652, .F. ) ;
#4217 = SURFACE_SIDE_STYLE ('',( #2856 ) ) ;
#4218 = EDGE_CURVE ( 'NONE', #2371, #955, #3930, .T. ) ;
#4219 = DIRECTION ( 'NONE',  ( -0.000000000000000000, 1.000000000000000000, -0.000000000000000000 ) ) ;
#4220 =( NAMED_UNIT ( * ) SI_UNIT ( $, .STERADIAN. ) SOLID_ANGLE_UNIT ( ) );
#4221 = ORIENTED_EDGE ( 'NONE', *, *, #1545, .F. ) ;
#4222 = DIRECTION ( 'NONE',  ( 1.000000000000000000, -0.000000000000000000, -0.000000000000000000 ) ) ;
#4223 = DIRECTION ( 'NONE',  ( 0.000000000000000000, 8.932961421143029129E-15, 1.000000000000000000 ) ) ;
#4224 = PRESENTATION_STYLE_ASSIGNMENT (( #1141 ) ) ;
#4225 = CARTESIAN_POINT ( 'NONE',  ( -2.387450058687557775, 6.988342837990123790, -0.2646511399433393308 ) ) ;
#4226 = CYLINDRICAL_SURFACE ( 'NONE', #3709, 0.3999999999999973577 ) ;
#4227 = SURFACE_STYLE_FILL_AREA ( #771 ) ;
#4228 = ORIENTED_EDGE ( 'NONE', *, *, #920, .F. ) ;
#4229 = EDGE_CURVE ( 'NONE', #3370, #13, #130, .T. ) ;
#4230 = CARTESIAN_POINT ( 'NONE',  ( 2.512549941312443025, -3.620999999999999996, 0.3646511399433040590 ) ) ;
#4231 =( GEOMETRIC_REPRESENTATION_CONTEXT ( 3 ) GLOBAL_UNCERTAINTY_ASSIGNED_CONTEXT ( ( #3011 ) ) GLOBAL_UNIT_ASSIGNED_CONTEXT ( ( #2366, #2024, #3671 ) ) REPRESENTATION_CONTEXT ( 'NONE', 'WORKASPACE' ) );
#4232 = ORIENTED_EDGE ( 'NONE', *, *, #3442, .F. ) ;
#4233 = VERTEX_POINT ( 'NONE', #2427 ) ;
#4234 = COLOUR_RGB ( '',0.8980392156862745390, 0.9176470588235293713, 0.9294117647058823817 ) ;
#4235 = SURFACE_STYLE_FILL_AREA ( #3867 ) ;
#4236 = CARTESIAN_POINT ( 'NONE',  ( 3.552440903022877183, 6.973191403280868172, -0.4633630732831066634 ) ) ;
#4237 = AXIS2_PLACEMENT_3D ( 'NONE', #3236, #1220, #2949 ) ;
#4238 = EDGE_CURVE ( 'NONE', #955, #3620, #1974, .T. ) ;
#4239 = FILL_AREA_STYLE_COLOUR ( '', #1592 ) ;
#4240 = ORIENTED_EDGE ( 'NONE', *, *, #2290, .F. ) ;
#4241 = ORIENTED_EDGE ( 'NONE', *, *, #3715, .F. ) ;
#4242 = COLOUR_RGB ( '',1.000000000000000000, 1.000000000000000000, 1.000000000000000000 ) ;
#4243 = FACE_OUTER_BOUND ( 'NONE', #3415, .T. ) ;
#4244 = ADVANCED_FACE ( 'NONE', ( #2076 ), #1365, .F. ) ;
#4245 = CARTESIAN_POINT ( 'NONE',  ( 3.894926349586647074, 7.009999999999996234, -0.5314357055368278404 ) ) ;
#4246 = FACE_OUTER_BOUND ( 'NONE', #1419, .T. ) ;
#4247 = PRESENTATION_LAYER_ASSIGNMENT (  '', '', ( #3392 ) ) ;
#4248 = CARTESIAN_POINT ( 'NONE',  ( 5.699999999999998401, 6.606736465391154667, -1.505000000000001892 ) ) ;
#4249 = COLOUR_RGB ( '',0.2509803921568627416, 0.2509803921568627416, 0.2509803921568627416 ) ;
#4250 =( LENGTH_UNIT ( ) NAMED_UNIT ( * ) SI_UNIT ( .MILLI., .METRE. ) );
#4251 =( NAMED_UNIT ( * ) PLANE_ANGLE_UNIT ( ) SI_UNIT ( $, .RADIAN. ) );
#4252 = MECHANICAL_DESIGN_GEOMETRIC_PRESENTATION_REPRESENTATION (  '', ( #738 ), #2894 ) ;
#4253 = FILL_AREA_STYLE_COLOUR ( '', #890 ) ;
#4254 = AXIS2_PLACEMENT_3D ( 'NONE', #3217, #3190, #1484 ) ;
#4255 = EDGE_CURVE ( 'NONE', #2401, #3510, #2694, .T. ) ;
#4256 = ORIENTED_EDGE ( 'NONE', *, *, #3652, .T. ) ;
#4257 =( NAMED_UNIT ( * ) PLANE_ANGLE_UNIT ( ) SI_UNIT ( $, .RADIAN. ) );
#4258 = AXIS2_PLACEMENT_3D ( 'NONE', #562, #2222, #4193 ) ;
#4259 = CIRCLE ( 'NONE', #810, 0.3099999999999994982 ) ;
#4260 = PRESENTATION_LAYER_ASSIGNMENT (  '', '', ( #2545 ) ) ;
#4261 = CARTESIAN_POINT ( 'NONE',  ( -6.000000000000000000, 3.999999999999997335, 0.000000000000000000 ) ) ;
#4262 = CARTESIAN_POINT ( 'NONE',  ( -4.500000000000000888, 6.598076211353309795, 1.500000000000001776 ) ) ;
#4263 = ORIENTED_EDGE ( 'NONE', *, *, #195, .F. ) ;
#4264 = UNCERTAINTY_MEASURE_WITH_UNIT (LENGTH_MEASURE( 1.000000000000000082E-05 ), #167, 'distance_accuracy_value', 'NONE');
#4265 = FACE_BOUND ( 'NONE', #3085, .T. ) ;
#4266 = STYLED_ITEM ( 'NONE', ( #944 ), #3564 ) ;
#4267 = CIRCLE ( 'NONE', #965, 2.699999999999995293 ) ;
#4268 = SURFACE_STYLE_USAGE ( .BOTH. , #2930 ) ;
#4269 = ORIENTED_EDGE ( 'NONE', *, *, #82, .T. ) ;
#4270 = DIRECTION ( 'NONE',  ( 0.4472135954999624241, -0.7745966692414809618, -0.4472135954999575391 ) ) ;
#4271 = DIRECTION ( 'NONE',  ( -6.123233995736766036E-17, -1.000000000000000000, 0.000000000000000000 ) ) ;
#4272 = PRESENTATION_LAYER_ASSIGNMENT (  '', '', ( #2618 ) ) ;
#4273 = CARTESIAN_POINT ( 'NONE',  ( -0.5736379448764857836, -3.620999999999999996, -4.336808689942017736E-16 ) ) ;
#4274 = DIRECTION ( 'NONE',  ( -6.123233995736766036E-17, 1.000000000000000000, -0.000000000000000000 ) ) ;
#4275 = ADVANCED_FACE ( 'NONE', ( #2865 ), #4226, .T. ) ;
#4276 = FACE_OUTER_BOUND ( 'NONE', #983, .T. ) ;
#4277 = VECTOR ( 'NONE', #4002, 1000.000000000000000 ) ;
#4278 = PRESENTATION_STYLE_ASSIGNMENT (( #1121 ) ) ;
#4279 = AXIS2_PLACEMENT_3D ( 'NONE', #2506, #2732, #835 ) ;
#4280 =( BOUNDED_CURVE ( )  B_SPLINE_CURVE ( 3, ( #2802, #3817, #1099, #3108 ),
 .UNSPECIFIED., .F., .T. ) 
 B_SPLINE_CURVE_WITH_KNOTS ( ( 4, 4 ),
 ( 1.047197551196596299, 1.570796326794896780 ),
 .UNSPECIFIED. ) 
 CURVE ( )  GEOMETRIC_REPRESENTATION_ITEM ( )  RATIONAL_B_SPLINE_CURVE ( ( 1.000000000000000000, 0.9772838841927120601, 0.9772838841927120601, 1.000000000000000000 ) ) 
 REPRESENTATION_ITEM ( '' )  );
#4281 = ORIENTED_EDGE ( 'NONE', *, *, #2833, .F. ) ;
#4282 = LINE ( 'NONE', #3669, #1253 ) ;
#4283 = AXIS2_PLACEMENT_3D ( 'NONE', #1914, #3266, #1931 ) ;
#4284 = DIRECTION ( 'NONE',  ( -0.000000000000000000, 0.5000000000000008882, -0.8660254037844381525 ) ) ;
#4285 = DIRECTION ( 'NONE',  ( 0.000000000000000000, 0.000000000000000000, 1.000000000000000000 ) ) ;
#4286 = SURFACE_STYLE_FILL_AREA ( #1497 ) ;
#4287 = FILL_AREA_STYLE ('',( #4239 ) ) ;
#4288 = EDGE_LOOP ( 'NONE', ( #4328, #3428, #3820, #2137 ) ) ;
#4289 = ORIENTED_EDGE ( 'NONE', *, *, #2093, .F. ) ;
#4290 = DIRECTION ( 'NONE',  ( -1.000000000000000000, -0.000000000000000000, -0.000000000000000000 ) ) ;
#4291 = CARTESIAN_POINT ( 'NONE',  ( 3.426167354600507586, 6.966441344256819157, 0.4482152654680955361 ) ) ;
#4292 = DIRECTION ( 'NONE',  ( 0.000000000000000000, -1.000000000000000000, 0.000000000000000000 ) ) ;
#4293 = ORIENTED_EDGE ( 'NONE', *, *, #4352, .F. ) ;
#4294 = DIRECTION ( 'NONE',  ( -1.000000000000000000, -0.000000000000000000, -0.000000000000000000 ) ) ;
#4295 = PRESENTATION_STYLE_ASSIGNMENT (( #1847 ) ) ;
#4296 = ADVANCED_FACE ( 'NONE', ( #1628 ), #3128, .T. ) ;
#4297 = SURFACE_STYLE_USAGE ( .BOTH. , #3154 ) ;
#4298 = EDGE_LOOP ( 'NONE', ( #4039, #2481, #2659, #3342 ) ) ;
#4299 = EDGE_LOOP ( 'NONE', ( #3299, #2501, #3152, #1457 ) ) ;
#4300 = CARTESIAN_POINT ( 'NONE',  ( -2.078637944876504218, 6.606736465391153779, 1.505000000000002114 ) ) ;
#4301 = EDGE_CURVE ( 'NONE', #856, #733, #2936, .T. ) ;
#4302 = EDGE_CURVE ( 'NONE', #982, #676, #1951, .T. ) ;
#4303 =( BOUNDED_CURVE ( )  B_SPLINE_CURVE ( 3, ( #1133, #1780, #2124, #1456 ),
 .UNSPECIFIED., .F., .T. ) 
 B_SPLINE_CURVE_WITH_KNOTS ( ( 4, 4 ),
 ( 1.047197551196596521, 1.570796326794896780 ),
 .UNSPECIFIED. ) 
 CURVE ( )  GEOMETRIC_REPRESENTATION_ITEM ( )  RATIONAL_B_SPLINE_CURVE ( ( 1.000000000000000000, 0.9772838841927120601, 0.9772838841927120601, 1.000000000000000000 ) ) 
 REPRESENTATION_ITEM ( '' )  );
#4304 = DIRECTION ( 'NONE',  ( 0.000000000000000000, 0.000000000000000000, -1.000000000000000000 ) ) ;
#4305 =( NAMED_UNIT ( * ) PLANE_ANGLE_UNIT ( ) SI_UNIT ( $, .RADIAN. ) );
#4306 = STYLED_ITEM ( 'NONE', ( #1402 ), #973 ) ;
#4307 = CARTESIAN_POINT ( 'NONE',  ( -0.4322165886391755030, -3.620999999999999996, -4.269046054161673709E-16 ) ) ;
#4308 = ORIENTED_EDGE ( 'NONE', *, *, #2123, .F. ) ;
#4309 =( GEOMETRIC_REPRESENTATION_CONTEXT ( 3 ) GLOBAL_UNCERTAINTY_ASSIGNED_CONTEXT ( ( #3234 ) ) GLOBAL_UNIT_ASSIGNED_CONTEXT ( ( #1637, #2003, #3747 ) ) REPRESENTATION_CONTEXT ( 'NONE', 'WORKASPACE' ) );
#4310 = CARTESIAN_POINT ( 'NONE',  ( 6.199999999999999289, 3.999999999999997335, 0.000000000000000000 ) ) ;
#4311 = UNCERTAINTY_MEASURE_WITH_UNIT (LENGTH_MEASURE( 1.000000000000000082E-05 ), #67, 'distance_accuracy_value', 'NONE');
#4312 = CIRCLE ( 'NONE', #2367, 3.009999999999998899 ) ;
#4313 = ORIENTED_EDGE ( 'NONE', *, *, #1086, .T. ) ;
#4314 = DIRECTION ( 'NONE',  ( 0.000000000000000000, 0.000000000000000000, 1.000000000000000000 ) ) ;
#4315 = FILL_AREA_STYLE_COLOUR ( '', #1528 ) ;
#4316 = EDGE_CURVE ( 'NONE', #2966, #2584, #3635, .T. ) ;
#4317 = STYLED_ITEM ( 'NONE', ( #3783 ), #1331 ) ;
#4318 = FILL_AREA_STYLE ('',( #2884 ) ) ;
#4319 = CIRCLE ( 'NONE', #3309, 3.009999999999998899 ) ;
#4320 =( LENGTH_UNIT ( ) NAMED_UNIT ( * ) SI_UNIT ( .MILLI., .METRE. ) );
#4321 = CARTESIAN_POINT ( 'NONE',  ( 2.612549941312441781, 3.999999999999997335, 0.000000000000000000 ) ) ;
#4322 = COLOUR_RGB ( '',0.2509803921568627416, 0.2509803921568627416, 0.2509803921568627416 ) ;
#4323 = TOROIDAL_SURFACE ( 'NONE', #3031, 2.699999999999997513, 0.2999999999999999334 ) ;
#4324 = CARTESIAN_POINT ( 'NONE',  ( 2.512549941312442137, 6.987830240515353175, 0.3646511399433040590 ) ) ;
#4325 = PRESENTATION_STYLE_ASSIGNMENT (( #1547 ) ) ;
#4326 = CARTESIAN_POINT ( 'NONE',  ( -3.758380151290433790, 6.338268590217977838, 1.350000000000001865 ) ) ;
#4327 = DIRECTION ( 'NONE',  ( 0.000000000000000000, -0.5000000000000008882, 0.8660254037844381525 ) ) ;
#4328 = ORIENTED_EDGE ( 'NONE', *, *, #3099, .F. ) ;
#4329 = ORIENTED_EDGE ( 'NONE', *, *, #781, .F. ) ;
#4330 = CARTESIAN_POINT ( 'NONE',  ( -15.04615972289522396, 3.999999999999997335, 0.000000000000000000 ) ) ;
#4331 = COLOUR_RGB ( '',0.2509803921568627416, 0.2509803921568627416, 0.2509803921568627416 ) ;
#4332 = EDGE_LOOP ( 'NONE', ( #2054, #4355, #3057, #1727 ) ) ;
#4333 = DIRECTION ( 'NONE',  ( 0.000000000000000000, 0.000000000000000000, -1.000000000000000000 ) ) ;
#4334 = AXIS2_PLACEMENT_3D ( 'NONE', #2255, #2225, #3310 ) ;
#4335 =( GEOMETRIC_REPRESENTATION_CONTEXT ( 3 ) GLOBAL_UNCERTAINTY_ASSIGNED_CONTEXT ( ( #2179 ) ) GLOBAL_UNIT_ASSIGNED_CONTEXT ( ( #3677, #527, #2079 ) ) REPRESENTATION_CONTEXT ( 'NONE', 'WORKASPACE' ) );
#4336 = CARTESIAN_POINT ( 'NONE',  ( -0.9636522941760087280, 7.009999999999995346, 0.5314357055368283955 ) ) ;
#4337 = MECHANICAL_DESIGN_GEOMETRIC_PRESENTATION_REPRESENTATION (  '', ( #2172 ), #3847 ) ;
#4338 = COLOUR_RGB ( '',0.2509803921568627416, 0.2509803921568627416, 0.2509803921568627416 ) ;
#4339 = DIRECTION ( 'NONE',  ( 1.000000000000000000, 0.000000000000000000, 0.000000000000000000 ) ) ;
#4340 = ADVANCED_FACE ( 'NONE', ( #2249 ), #1980, .T. ) ;
#4341 =( NAMED_UNIT ( * ) SI_UNIT ( $, .STERADIAN. ) SOLID_ANGLE_UNIT ( ) );
#4342 = DIRECTION ( 'NONE',  ( -1.000000000000000000, 0.000000000000000000, 0.000000000000000000 ) ) ;
#4343 =( GEOMETRIC_REPRESENTATION_CONTEXT ( 3 ) GLOBAL_UNCERTAINTY_ASSIGNED_CONTEXT ( ( #2435 ) ) GLOBAL_UNIT_ASSIGNED_CONTEXT ( ( #1435, #736, #2808 ) ) REPRESENTATION_CONTEXT ( 'NONE', 'WORKASPACE' ) );
#4344 = DIRECTION ( 'NONE',  ( -1.000000000000000000, -0.000000000000000000, -0.000000000000000000 ) ) ;
#4345 = STYLED_ITEM ( 'NONE', ( #3613 ), #3993 ) ;
#4346 = SURFACE_STYLE_FILL_AREA ( #889 ) ;
#4347 = VERTEX_POINT ( 'NONE', #922 ) ;
#4348 = ORIENTED_EDGE ( 'NONE', *, *, #723, .T. ) ;
#4349 =( LENGTH_UNIT ( ) NAMED_UNIT ( * ) SI_UNIT ( .MILLI., .METRE. ) );
#4350 =( GEOMETRIC_REPRESENTATION_CONTEXT ( 3 ) GLOBAL_UNCERTAINTY_ASSIGNED_CONTEXT ( ( #1715 ) ) GLOBAL_UNIT_ASSIGNED_CONTEXT ( ( #2999, #3580, #3737 ) ) REPRESENTATION_CONTEXT ( 'NONE', 'WORKASPACE' ) );
#4351 = DIRECTION ( 'NONE',  ( -1.000000000000000000, -0.000000000000000000, -0.000000000000000000 ) ) ;
#4352 = EDGE_CURVE ( 'NONE', #1186, #474, #204, .T. ) ;
#4353 = FACE_OUTER_BOUND ( 'NONE', #425, .T. ) ;
#4354 = ORIENTED_EDGE ( 'NONE', *, *, #1806, .T. ) ;
#4355 = ORIENTED_EDGE ( 'NONE', *, *, #3972, .T. ) ;
#4356 = UNCERTAINTY_MEASURE_WITH_UNIT (LENGTH_MEASURE( 1.000000000000000082E-05 ), #2292, 'distance_accuracy_value', 'NONE');
#4357 =( NAMED_UNIT ( * ) PLANE_ANGLE_UNIT ( ) SI_UNIT ( $, .RADIAN. ) );
#4358 = CARTESIAN_POINT ( 'NONE',  ( 3.783346912977607168, 7.009999999999998010, -0.2324570633283822019 ) ) ;
#4359 = AXIS2_PLACEMENT_3D ( 'NONE', #3393, #368, #298 ) ;
#4360 = ORIENTED_EDGE ( 'NONE', *, *, #3878, .T. ) ;
#4361 =( NAMED_UNIT ( * ) SI_UNIT ( $, .STERADIAN. ) SOLID_ANGLE_UNIT ( ) );
#4362 = DIRECTION ( 'NONE',  ( -0.000000000000000000, 0.5000000000000008882, -0.8660254037844381525 ) ) ;
#4363 = FILL_AREA_STYLE ('',( #3713 ) ) ;
#4364 = DIRECTION ( 'NONE',  ( -0.7071067811865561215, 0.000000000000000000, -0.7071067811865390240 ) ) ;
#4365 = FILL_AREA_STYLE_COLOUR ( '', #4182 ) ;
#4366 = LINE ( 'NONE', #2921, #1403 ) ;
#4367 = EDGE_CURVE ( 'NONE', #3269, #2950, #647, .T. ) ;
#4368 = CARTESIAN_POINT ( 'NONE',  ( 3.426167354600507586, 6.988342837990126455, 0.2646511399433087997 ) ) ;
#4369 = LINE ( 'NONE', #2564, #2026 ) ;
#4370 = CARTESIAN_POINT ( 'NONE',  ( -4.963512405443478492, 6.435696448143726656, -1.406250000000001332 ) ) ;
#4371 =( NAMED_UNIT ( * ) SI_UNIT ( $, .STERADIAN. ) SOLID_ANGLE_UNIT ( ) );
#4372 = ORIENTED_EDGE ( 'NONE', *, *, #3454, .T. ) ;
#4373 = EDGE_LOOP ( 'NONE', ( #1556, #2724, #2898, #175 ) ) ;
#4374 = DIRECTION ( 'NONE',  ( -1.000000000000000000, -0.000000000000000000, -0.000000000000000000 ) ) ;
#4375 = EDGE_CURVE ( 'NONE', #3091, #567, #913, .T. ) ;
#4376 = ORIENTED_EDGE ( 'NONE', *, *, #1874, .T. ) ;
#4377 = DIRECTION ( 'NONE',  ( -1.000000000000000000, 0.000000000000000000, 0.000000000000000000 ) ) ;
#4378 = CIRCLE ( 'NONE', #2455, 0.4900000000000008793 ) ;
#4379 = CARTESIAN_POINT ( 'NONE',  ( -1.425403571444625150, 6.988792927604572824, -0.2997861915132671307 ) ) ;
#4380 = PLANE ( 'NONE',  #4409 ) ;
#4381 = PLANE ( 'NONE',  #60 ) ;
#4382 = CARTESIAN_POINT ( 'NONE',  ( -1.447559096977122373, 6.983191403280872400, 0.4633630732830721910 ) ) ;
#4383 = FACE_OUTER_BOUND ( 'NONE', #1512, .T. ) ;
#4384 = PRESENTATION_LAYER_ASSIGNMENT (  '', '', ( #1869 ) ) ;
#4385 = VECTOR ( 'NONE', #2780, 1000.000000000000000 ) ;
#4386 = CARTESIAN_POINT ( 'NONE',  ( 6.000000000000000888, 3.613917922167251273, -0.2315605288636926606 ) ) ;
#4387 = UNCERTAINTY_MEASURE_WITH_UNIT (LENGTH_MEASURE( 1.000000000000000082E-05 ), #2558, 'distance_accuracy_value', 'NONE');
#4388 = SURFACE_STYLE_FILL_AREA ( #632 ) ;
#4389 = SURFACE_STYLE_FILL_AREA ( #978 ) ;
#4390 = ADVANCED_FACE ( 'NONE', ( #1692 ), #2745, .T. ) ;
#4391 = FILL_AREA_STYLE ('',( #2006 ) ) ;
#4392 = ORIENTED_EDGE ( 'NONE', *, *, #4301, .F. ) ;
#4393 = CARTESIAN_POINT ( 'NONE',  ( -5.999999999999998224, 3.577624473233571134, 0.2199908155152505707 ) ) ;
#4394 =( NAMED_UNIT ( * ) PLANE_ANGLE_UNIT ( ) SI_UNIT ( $, .RADIAN. ) );
#4395 = DIRECTION ( 'NONE',  ( 0.000000000000000000, 0.5000000000000009992, 0.8660254037844380415 ) ) ;
#4396 = ORIENTED_EDGE ( 'NONE', *, *, #1524, .T. ) ;
#4397 = STYLED_ITEM ( 'NONE', ( #312 ), #3033 ) ;
#4398 = FILL_AREA_STYLE ('',( #2307 ) ) ;
#4399 = COLOUR_RGB ( '',0.2509803921568627416, 0.2509803921568627416, 0.2509803921568627416 ) ;
#4400 = CARTESIAN_POINT ( 'NONE',  ( -5.241619848709567542, 3.999999999999997335, 2.699999999999997513 ) ) ;
#4401 = CIRCLE ( 'NONE', #3113, 0.5000000000000004441 ) ;
#4402 = PRESENTATION_LAYER_ASSIGNMENT (  '', '', ( #177 ) ) ;
#4403 = SURFACE_SIDE_STYLE ('',( #3736 ) ) ;
#4404 = EDGE_CURVE ( 'NONE', #2622, #3185, #2726, .T. ) ;
#4405 = DIRECTION ( 'NONE',  ( 0.000000000000000000, 0.000000000000000000, 1.000000000000000000 ) ) ;
#4406 = STYLED_ITEM ( 'NONE', ( #2779 ), #3449 ) ;
#4407 = SURFACE_STYLE_USAGE ( .BOTH. , #2645 ) ;
#4408 = PRESENTATION_STYLE_ASSIGNMENT (( #4429 ) ) ;
#4409 = AXIS2_PLACEMENT_3D ( 'NONE', #352, #1717, #1997 ) ;
#4410 =( GEOMETRIC_REPRESENTATION_CONTEXT ( 3 ) GLOBAL_UNCERTAINTY_ASSIGNED_CONTEXT ( ( #3281 ) ) GLOBAL_UNIT_ASSIGNED_CONTEXT ( ( #3812, #2442, #2069 ) ) REPRESENTATION_CONTEXT ( 'NONE', 'WORKASPACE' ) );
#4411 = CARTESIAN_POINT ( 'NONE',  ( 6.000000000000000000, 3.999999999999997335, 0.000000000000000000 ) ) ;
#4412 = COLOUR_RGB ( '',1.000000000000000000, 1.000000000000000000, 1.000000000000000000 ) ;
#4413 = CARTESIAN_POINT ( 'NONE',  ( -6.000000000000000000, 6.338268590217977838, 1.350000000000001865 ) ) ;
#4414 =( NAMED_UNIT ( * ) SI_UNIT ( $, .STERADIAN. ) SOLID_ANGLE_UNIT ( ) );
#4415 = STYLED_ITEM ( 'NONE', ( #4295 ), #4275 ) ;
#4416 = SURFACE_STYLE_USAGE ( .BOTH. , #2637 ) ;
#4417 = ORIENTED_EDGE ( 'NONE', *, *, #2781, .T. ) ;
#4418 = CARTESIAN_POINT ( 'NONE',  ( -6.000000000000000000, 3.393817904125607576, 0.07637366231224555768 ) ) ;
#4419 = EDGE_CURVE ( 'NONE', #3730, #2266, #3349, .T. ) ;
#4420 = CARTESIAN_POINT ( 'NONE',  ( 5.699999999999998401, 6.606736465391154667, 1.505000000000002336 ) ) ;
#4421 = CARTESIAN_POINT ( 'NONE',  ( -1.673832645399492502, -3.620999999999999996, -0.6896366217054367143 ) ) ;
#4422 = VERTEX_POINT ( 'NONE', #2384 ) ;
#4423 = SURFACE_SIDE_STYLE ('',( #1374 ) ) ;
#4424 = CARTESIAN_POINT ( 'NONE',  ( 4.426362055123480133, 6.999999999999996447, -7.398425687810394468E-16 ) ) ;
#4425 = CIRCLE ( 'NONE', #353, 0.2999999999999999334 ) ;
#4426 = ORIENTED_EDGE ( 'NONE', *, *, #3382, .F. ) ;
#4427 = VERTEX_POINT ( 'NONE', #2042 ) ;
#4428 = EDGE_CURVE ( 'NONE', #1543, #1201, #2848, .T. ) ;
#4429 = SURFACE_STYLE_USAGE ( .BOTH. , #4119 ) ;
#4430 = CIRCLE ( 'NONE', #2504, 0.3100000000000003864 ) ;
#4431 = CARTESIAN_POINT ( 'NONE',  ( 5.699999999999998401, 6.606736465391154667, 1.505000000000002336 ) ) ;
#4432 = EDGE_LOOP ( 'NONE', ( #328, #3948, #3675, #2007 ) ) ;
#4433 = UNCERTAINTY_MEASURE_WITH_UNIT (LENGTH_MEASURE( 1.000000000000000082E-05 ), #3909, 'distance_accuracy_value', 'NONE');
#4434 = DIRECTION ( 'NONE',  ( 0.000000000000000000, 0.000000000000000000, 1.000000000000000000 ) ) ;
#4435 = EDGE_CURVE ( 'NONE', #1081, #849, #1483, .T. ) ;
#4436 = DIRECTION ( 'NONE',  ( -1.000000000000000000, -0.000000000000000000, -0.000000000000000000 ) ) ;
#4437 = LINE ( 'NONE', #3997, #4173 ) ;
#4438 = ORIENTED_EDGE ( 'NONE', *, *, #3337, .F. ) ;
#4439 = ORIENTED_EDGE ( 'NONE', *, *, #1643, .F. ) ;
#4440 = DIRECTION ( 'NONE',  ( 0.7071067811865439090, 0.000000000000000000, 0.7071067811865512365 ) ) ;
#4441 = UNCERTAINTY_MEASURE_WITH_UNIT (LENGTH_MEASURE( 1.000000000000000082E-05 ), #4001, 'distance_accuracy_value', 'NONE');
#4442 = ADVANCED_FACE ( 'NONE', ( #622 ), #4381, .F. ) ;
#4443 = CARTESIAN_POINT ( 'NONE',  ( -1.473702164167823847, 6.863325806012412933, 1.041485575528638075 ) ) ;
#4444 = EDGE_LOOP ( 'NONE', ( #2240, #78, #321, #4439 ) ) ;
#4445 = SURFACE_SIDE_STYLE ('',( #941 ) ) ;
ENDSEC;
END-ISO-10303-21;
