ISO-10303-21;
HEADER;
FILE_DESCRIPTION (( 'STEP AP214' ),
    '1' );
FILE_NAME ('DO-35_3.90x1.90x0.60x22.86.STEP',
    '2026-02-17T20:49:04',
    ( '' ),
    ( '' ),
    'SwSTEP 2.0',
    'SolidWorks 2026',
    '' );
FILE_SCHEMA (( 'AUTOMOTIVE_DESIGN' ));
ENDSEC;

DATA;
#1 = CARTESIAN_POINT ( 'NONE',  ( -0.06614869800134802469, -0.9482967044626610109, -0.6122866148450100132 ) ) ;
#2 =( NAMED_UNIT ( * ) SI_UNIT ( $, .STERADIAN. ) SOLID_ANGLE_UNIT ( ) );
#3 = VERTEX_POINT ( 'NONE', #1561 ) ;
#4 = CARTESIAN_POINT ( 'NONE',  ( -0.05897435897435880647, -0.9481677198595001022, 0.03541666666666680452 ) ) ;
#5 = CARTESIAN_POINT ( 'NONE',  ( -0.1769230769230767664, 0.9333800002421688280, 0.2948717948717950454 ) ) ;
#6 = CARTESIAN_POINT ( 'NONE',  ( -0.1264423076923075207, -0.9415478441510257701, 0.2384615384615386413 ) ) ;
#7 = CARTESIAN_POINT ( 'NONE',  ( -0.1863782051282049934, 0.9315380639851434941, -0.07948717948717937132 ) ) ;
#8 = B_SPLINE_CURVE_WITH_KNOTS ( 'NONE', 3,
 ( #2607, #1441, #274, #2382, #748, #2861, #1168, #1696, #736, #249 ),
 .UNSPECIFIED., .F., .F.,
 ( 4, 3, 3, 4 ),
 ( 0.000000000000000000, 4.635436833093447521E-05, 6.943586680469715370E-05, 9.312048088133995940E-05 ),
 .UNSPECIFIED. ) ;
#9 = VERTEX_POINT ( 'NONE', #2714 ) ;
#10 = SURFACE_SIDE_STYLE ('',( #2796 ) ) ;
#11 = CYLINDRICAL_SURFACE ( 'NONE', #2880, 0.2999999999999999334 ) ;
#12 = FILL_AREA_STYLE_COLOUR ( '', #2049 ) ;
#13 = EDGE_CURVE ( 'NONE', #1693, #2124, #424, .T. ) ;
#14 = CARTESIAN_POINT ( 'NONE',  ( 0.000000000000000000, -1.084202172485504434E-15, 10.42999999999999794 ) ) ;
#15 = CARTESIAN_POINT ( 'NONE',  ( -0.1697916666666665075, -0.9347035839936399526, 0.4179487179487181292 ) ) ;
#16 = CARTESIAN_POINT ( 'NONE',  ( -0.2384615384615383082, -0.9195847403445516210, 0.05152243589743604052 ) ) ;
#17 = SURFACE_STYLE_USAGE ( .BOTH. , #1644 ) ;
#18 = SURFACE_STYLE_USAGE ( .BOTH. , #979 ) ;
#19 = DIRECTION ( 'NONE',  ( -1.000000000000000000, 0.000000000000000000, 0.000000000000000000 ) ) ;
#20 = ORIENTED_EDGE ( 'NONE', *, *, #1222, .F. ) ;
#21 = CARTESIAN_POINT ( 'NONE',  ( -0.2332725363541540420, 0.9209147254958301998, -0.9255553986422145885 ) ) ;
#22 = CARTESIAN_POINT ( 'NONE',  ( -0.05394108598623560680, -0.9487951157754115350, 0.4442541741128625543 ) ) ;
#23 = CARTESIAN_POINT ( 'NONE',  ( 0.06402243589743610019, 0.9478402437656668900, 0.1392628205128206564 ) ) ;
#24 = EDGE_LOOP ( 'NONE', ( #1605, #911, #3028, #2331 ) ) ;
#25 = VERTEX_POINT ( 'NONE', #1746 ) ;
#26 = EDGE_CURVE ( 'NONE', #2273, #1418, #1997, .T. ) ;
#27 = CARTESIAN_POINT ( 'NONE',  ( -0.2210532630281321909, 0.9239658107873700565, -0.4374726366645879660 ) ) ;
#28 = CARTESIAN_POINT ( 'NONE',  ( 0.003855570607623892178, 0.9500316794049072922, -0.8423890232588288063 ) ) ;
#29 = PRESENTATION_STYLE_ASSIGNMENT (( #496 ) ) ;
#30 = VERTEX_POINT ( 'NONE', #1671 ) ;
#31 = CARTESIAN_POINT ( 'NONE',  ( 0.09980885646127082844, 0.9447424141622472460, 0.04456888950340390232 ) ) ;
#32 = FILL_AREA_STYLE_COLOUR ( '', #622 ) ;
#33 = PRESENTATION_LAYER_ASSIGNMENT (  '', '', ( #2284 ) ) ;
#34 = CARTESIAN_POINT ( 'NONE',  ( 0.9499999999999999556, 1.163414459189985682E-16, -3.403937756669170867 ) ) ;
#35 = AXIS2_PLACEMENT_3D ( 'NONE', #2427, #2959, #801 ) ;
#36 = DIRECTION ( 'NONE',  ( 1.000000000000000000, 0.000000000000000000, 0.000000000000000000 ) ) ;
#37 = CYLINDRICAL_SURFACE ( 'NONE', #2184, 0.9499999999999999556 ) ;
#38 =( GEOMETRIC_REPRESENTATION_CONTEXT ( 3 ) GLOBAL_UNCERTAINTY_ASSIGNED_CONTEXT ( ( #725 ) ) GLOBAL_UNIT_ASSIGNED_CONTEXT ( ( #2304, #165, #2504 ) ) REPRESENTATION_CONTEXT ( 'NONE', 'WORKASPACE' ) );
#39 = ORIENTED_EDGE ( 'NONE', *, *, #1620, .T. ) ;
#40 = CARTESIAN_POINT ( 'NONE',  ( -0.1443598001362976502, -0.9389976238950599186, 0.4153879852118401161 ) ) ;
#41 = B_SPLINE_CURVE_WITH_KNOTS ( 'NONE', 3,
 ( #2841, #2123, #728, #1664, #2598, #505, #1432, #262, #1198, #2853, #2533, #208, #908, #1843, #2793, #786 ),
 .UNSPECIFIED., .F., .F.,
 ( 4, 3, 3, 3, 3, 4 ),
 ( 1.355252715606880543E-20, 1.838617453786277304E-05, 3.430171079199127379E-05, 4.902650258597967761E-05, 6.651503354057646715E-05, 8.386415710935668825E-05 ),
 .UNSPECIFIED. ) ;
#42 = CARTESIAN_POINT ( 'NONE',  ( -0.1681089743589742058, -0.9350076859256152284, 0.4948717948717950565 ) ) ;
#43 = CARTESIAN_POINT ( 'NONE',  ( -0.03950719886575621009, -0.9491781609570366651, 0.3668848656883417769 ) ) ;
#44 = CIRCLE ( 'NONE', #2096, 0.1999999999999999833 ) ;
#45 = CARTESIAN_POINT ( 'NONE',  ( -0.1438109117763197720, 0.9390518737833122298, -0.3911164569514587463 ) ) ;
#46 = SURFACE_SIDE_STYLE ('',( #2378 ) ) ;
#47 = EDGE_CURVE ( 'NONE', #1319, #2951, #2314, .T. ) ;
#48 = DIRECTION ( 'NONE',  ( -0.000000000000000000, -0.000000000000000000, 1.000000000000000000 ) ) ;
#49 = CARTESIAN_POINT ( 'NONE',  ( -0.2200617604828381813, 0.9241733877283857534, 0.3135018466869673448 ) ) ;
#50 = CARTESIAN_POINT ( 'NONE',  ( -0.07086357613331610572, -0.9474159865221066790, 0.1344190852233834998 ) ) ;
#51 = ORIENTED_EDGE ( 'NONE', *, *, #993, .F. ) ;
#52 = ADVANCED_FACE ( 'NONE', ( #1208 ), #1694, .T. ) ;
#53 = EDGE_CURVE ( 'NONE', #2373, #1776, #1320, .T. ) ;
#54 =( NAMED_UNIT ( * ) PLANE_ANGLE_UNIT ( ) SI_UNIT ( $, .RADIAN. ) );
#55 = VERTEX_POINT ( 'NONE', #2782 ) ;
#56 = CARTESIAN_POINT ( 'NONE',  ( -0.3051282051282050989, -0.8996648144921751689, -0.4994391025641026771 ) ) ;
#57 = ORIENTED_EDGE ( 'NONE', *, *, #752, .T. ) ;
#58 = CARTESIAN_POINT ( 'NONE',  ( 0.000000000000000000, 0.000000000000000000, 1.949999999999999956 ) ) ;
#59 = CARTESIAN_POINT ( 'NONE',  ( -0.2289367029646153240, 0.9220118276750771669, 0.02201212308678836271 ) ) ;
#60 = CARTESIAN_POINT ( 'NONE',  ( -0.2668647531568910103, -0.9119659967173120441, -0.6240312937968633955 ) ) ;
#61 = FACE_OUTER_BOUND ( 'NONE', #848, .T. ) ;
#62 = ORIENTED_EDGE ( 'NONE', *, *, #368, .F. ) ;
#63 = ORIENTED_EDGE ( 'NONE', *, *, #1140, .T. ) ;
#64 =( NAMED_UNIT ( * ) SI_UNIT ( $, .STERADIAN. ) SOLID_ANGLE_UNIT ( ) );
#65 = EDGE_CURVE ( 'NONE', #9, #1214, #1370, .T. ) ;
#66 = CARTESIAN_POINT ( 'NONE',  ( -0.2379498846279528568, 0.9197353440389781642, -0.7773087619914383906 ) ) ;
#67 = ORIENTED_EDGE ( 'NONE', *, *, #2395, .T. ) ;
#68 = DIRECTION ( 'NONE',  ( 0.000000000000000000, 0.000000000000000000, 1.000000000000000000 ) ) ;
#69 = ADVANCED_FACE ( 'NONE', ( #1554 ), #1333, .T. ) ;
#70 = FACE_OUTER_BOUND ( 'NONE', #252, .T. ) ;
#71 = CARTESIAN_POINT ( 'NONE',  ( -0.2656403077225787945, 0.9121891843089890983, 0.4568342145116234820 ) ) ;
#72 = CARTESIAN_POINT ( 'NONE',  ( -0.0007211538461537750702, 0.9499997262826606059, -0.6718750000000001110 ) ) ;
#73 = CARTESIAN_POINT ( 'NONE',  ( 0.000000000000000000, 0.000000000000000000, -3.403937756669170867 ) ) ;
#74 = ORIENTED_EDGE ( 'NONE', *, *, #780, .F. ) ;
#75 = CIRCLE ( 'NONE', #2571, 0.9499999999999999556 ) ;
#76 = CARTESIAN_POINT ( 'NONE',  ( 0.03561101203040048513, -0.9493733066827378941, 0.1590704857768897307 ) ) ;
#77 = DIRECTION ( 'NONE',  ( -0.000000000000000000, -0.000000000000000000, -1.000000000000000000 ) ) ;
#78 = B_SPLINE_CURVE_WITH_KNOTS ( 'NONE', 3,
 ( #2220, #330, #1526, #2938, #997, #347, #2888, #312, #1284, #830, #1752, #779, #72 ),
 .UNSPECIFIED., .F., .F.,
 ( 4, 3, 3, 3, 4 ),
 ( 0.000000000000000000, 2.602386236066828510E-05, 5.205682474967682856E-05, 7.788181903388499293E-05, 0.0001041129696675574393 ),
 .UNSPECIFIED. ) ;
#79 = VERTEX_POINT ( 'NONE', #1423 ) ;
#80 = SURFACE_STYLE_FILL_AREA ( #1901 ) ;
#81 = DIRECTION ( 'NONE',  ( 1.000000000000000000, 0.000000000000000000, 0.000000000000000000 ) ) ;
#82 = COLOUR_RGB ( '',1.000000000000000000, 0.4549019607843137192, 0.4352941176470588314 ) ;
#83 = ORIENTED_EDGE ( 'NONE', *, *, #1447, .T. ) ;
#84 = EDGE_CURVE ( 'NONE', #2897, #1693, #128, .T. ) ;
#85 = DIRECTION ( 'NONE',  ( 0.000000000000000000, -7.228014483236697541E-16, 1.000000000000000000 ) ) ;
#86 = DIRECTION ( 'NONE',  ( 0.000000000000000000, -7.228014483236697541E-16, -1.000000000000000000 ) ) ;
#87 = CARTESIAN_POINT ( 'NONE',  ( 0.09999999999999999167, 0.9447221813845592120, -3.403937756669170867 ) ) ;
#88 =( GEOMETRIC_REPRESENTATION_CONTEXT ( 3 ) GLOBAL_UNCERTAINTY_ASSIGNED_CONTEXT ( ( #2214 ) ) GLOBAL_UNIT_ASSIGNED_CONTEXT ( ( #161, #195, #1114 ) ) REPRESENTATION_CONTEXT ( 'NONE', 'WORKASPACE' ) );
#89 = CARTESIAN_POINT ( 'NONE',  ( 0.02488765826313387233, 0.9496803760897873925, 0.02694821029142840593 ) ) ;
#90 = VECTOR ( 'NONE', #2701, 1000.000000000000000 ) ;
#91 = CARTESIAN_POINT ( 'NONE',  ( -0.1561965441865189319, -0.9371403660374523215, 0.1803478561068824759 ) ) ;
#92 = CARTESIAN_POINT ( 'NONE',  ( -0.08537591501383491599, 0.9461567049520250849, 0.1112907460797649822 ) ) ;
#93 = EDGE_LOOP ( 'NONE', ( #2294, #1795, #1715, #1000 ) ) ;
#94 = CARTESIAN_POINT ( 'NONE',  ( 0.02037856173552756930, -0.9497854273820314219, 0.08073987604406430985 ) ) ;
#95 = CARTESIAN_POINT ( 'NONE',  ( -0.1167191971592444338, 0.9428392260517691748, -0.8181914922925481726 ) ) ;
#96 = CARTESIAN_POINT ( 'NONE',  ( -0.1359441758723556881, 0.9402337319427157558, 0.09534942899111700787 ) ) ;
#97 = EDGE_LOOP ( 'NONE', ( #159, #2311, #1942, #1521 ) ) ;
#98 = CARTESIAN_POINT ( 'NONE',  ( 0.02252326686330647157, -0.9501736101031618142, -0.06298577576456461380 ) ) ;
#99 = ORIENTED_EDGE ( 'NONE', *, *, #1153, .T. ) ;
#100 = ORIENTED_EDGE ( 'NONE', *, *, #181, .F. ) ;
#101 = CARTESIAN_POINT ( 'NONE',  ( 0.000000000000000000, -1.000000000000000888, -11.42999999999999972 ) ) ;
#102 = LINE ( 'NONE', #1281, #90 ) ;
#103 = VERTEX_POINT ( 'NONE', #2469 ) ;
#104 = CARTESIAN_POINT ( 'NONE',  ( 0.000000000000000000, -1.000000000000001110, 11.12999999999999901 ) ) ;
#105 = EDGE_CURVE ( 'NONE', #1864, #564, #2546, .T. ) ;
#106 = CARTESIAN_POINT ( 'NONE',  ( -0.2932276153788412887, 0.9036283491510298527, -0.009961995475837702105 ) ) ;
#107 = CARTESIAN_POINT ( 'NONE',  ( -0.2995925902175042843, 0.9015243349813926166, -0.8993648425683271608 ) ) ;
#108 = ORIENTED_EDGE ( 'NONE', *, *, #1451, .F. ) ;
#109 = CARTESIAN_POINT ( 'NONE',  ( -0.001222800634226041058, -0.9499992130306211813, 0.08925239256779553265 ) ) ;
#110 = CARTESIAN_POINT ( 'NONE',  ( -0.0004862069363093502426, -0.9500327800093409936, 0.01037583259677868353 ) ) ;
#111 = VERTEX_POINT ( 'NONE', #1357 ) ;
#112 = CARTESIAN_POINT ( 'NONE',  ( -0.2197542306579039206, -0.9242803301406055105, -0.5635990059914812722 ) ) ;
#113 = EDGE_LOOP ( 'NONE', ( #39, #2032, #2099, #1099 ) ) ;
#114 = ORIENTED_EDGE ( 'NONE', *, *, #47, .F. ) ;
#115 = CARTESIAN_POINT ( 'NONE',  ( -0.1155254943786815230, 0.9429496019810308383, 0.05351980591975427637 ) ) ;
#116 = CARTESIAN_POINT ( 'NONE',  ( -0.2096080178211882639, 0.9266931799594528840, 0.1797418952469249931 ) ) ;
#117 = CARTESIAN_POINT ( 'NONE',  ( -0.2670098042368138080, 0.9117474950569381953, -0.04488915949307113046 ) ) ;
#118 = CARTESIAN_POINT ( 'NONE',  ( -0.2958023581738238872, 0.9027740386712529430, -0.8696714466533935761 ) ) ;
#119 =( LENGTH_UNIT ( ) NAMED_UNIT ( * ) SI_UNIT ( .MILLI., .METRE. ) );
#120 = ORIENTED_EDGE ( 'NONE', *, *, #964, .F. ) ;
#121 = EDGE_CURVE ( 'NONE', #293, #79, #2387, .T. ) ;
#122 = B_SPLINE_CURVE_WITH_KNOTS ( 'NONE', 3,
 ( #2886, #328, #996, #985, #2683, #1965, #297, #579, #2632, #1478 ),
 .UNSPECIFIED., .F., .F.,
 ( 4, 2, 2, 2, 4 ),
 ( 0.000000000000000000, 7.872064027281446810E-05, 0.0001574412805456289362, 0.0002361619208184433908, 0.0003148825610912578724 ),
 .UNSPECIFIED. ) ;
#123 = CARTESIAN_POINT ( 'NONE',  ( -0.0007211538461537750702, 0.9499997262826606059, -0.6718750000000001110 ) ) ;
#124 = CARTESIAN_POINT ( 'NONE',  ( 0.02726245516484463241, -0.9496114424990192981, 0.03004262468039147968 ) ) ;
#125 = EDGE_LOOP ( 'NONE', ( #1237, #448 ) ) ;
#126 = CARTESIAN_POINT ( 'NONE',  ( -0.1181987272020094265, -0.9426184417857264020, 0.03820862132065914324 ) ) ;
#127 = CARTESIAN_POINT ( 'NONE',  ( 0.09749033067336075609, 0.9449851451989875750, -0.8768416088632051686 ) ) ;
#128 = B_SPLINE_CURVE_WITH_KNOTS ( 'NONE', 3,
 ( #2345, #255, #395, #639, #1146, #2250, #1329, #896, #2537, #1766, #1563, #149, #1537, #608, #852, #2717 ),
 .UNSPECIFIED., .F., .F.,
 ( 4, 3, 3, 3, 3, 4 ),
 ( 0.000000000000000000, 2.207619798485043459E-05, 3.676322168879874754E-05, 5.149525486452267558E-05, 6.565566155853593325E-05, 8.313502485275748905E-05 ),
 .UNSPECIFIED. ) ;
#129 = ORIENTED_EDGE ( 'NONE', *, *, #1879, .F. ) ;
#130 = CARTESIAN_POINT ( 'NONE',  ( 0.09882809790788522897, 0.9448454937521506558, 0.03181114439710275993 ) ) ;
#131 = VECTOR ( 'NONE', #2805, 1000.000000000000000 ) ;
#132 = SURFACE_SIDE_STYLE ('',( #3010 ) ) ;
#133 = AXIS2_PLACEMENT_3D ( 'NONE', #1861, #2567, #969 ) ;
#134 = COLOUR_RGB ( '',0.8313725490196077761, 0.8313725490196077761, 0.8196078431372548767 ) ;
#135 = CARTESIAN_POINT ( 'NONE',  ( -0.2383793450874402420, 0.9196060516697275311, 0.04985733451880319106 ) ) ;
#136 = CARTESIAN_POINT ( 'NONE',  ( -0.2337769818967675162, 0.9208758752723981145, -0.06772114232439116477 ) ) ;
#137 = CARTESIAN_POINT ( 'NONE',  ( -0.2596153846153846922, -0.9138379791139159547, -0.7958333333333331705 ) ) ;
#138 = STYLED_ITEM ( 'NONE', ( #1626 ), #1950 ) ;
#139 = VERTEX_POINT ( 'NONE', #2020 ) ;
#140 = AXIS2_PLACEMENT_3D ( 'NONE', #841, #1269, #2920 ) ;
#141 = CARTESIAN_POINT ( 'NONE',  ( -0.1185242201216903934, -0.9426061861395703678, -0.7413154494306914977 ) ) ;
#142 = CARTESIAN_POINT ( 'NONE',  ( 0.03333333333333334675, 0.9494150245750743178, -0.9593749999999997558 ) ) ;
#143 = AXIS2_PLACEMENT_3D ( 'NONE', #2863, #1875, #2153 ) ;
#144 = EDGE_LOOP ( 'NONE', ( #1095, #2451, #1362, #2217 ) ) ;
#145 = CARTESIAN_POINT ( 'NONE',  ( -0.2915064102564102755, -0.9041703450011073784, -0.8522435897435893803 ) ) ;
#146 = EDGE_CURVE ( 'NONE', #2019, #2452, #2733, .T. ) ;
#147 = EDGE_CURVE ( 'NONE', #1979, #2813, #1187, .T. ) ;
#148 = ORIENTED_EDGE ( 'NONE', *, *, #3041, .F. ) ;
#149 = CARTESIAN_POINT ( 'NONE',  ( -0.03131110350267320847, 0.9494948091191617312, 0.08589372209905690725 ) ) ;
#150 = CARTESIAN_POINT ( 'NONE',  ( 0.05026303430885607076, -0.9493722021314210391, -0.7811018627663061098 ) ) ;
#151 = CARTESIAN_POINT ( 'NONE',  ( -0.09975961538461532163, 0.9447475954657486019, -0.6128205128205129748 ) ) ;
#152 = VERTEX_POINT ( 'NONE', #3011 ) ;
#153 = CARTESIAN_POINT ( 'NONE',  ( -0.2184929773995377411, -0.9245327570323069732, 0.09202433067005807987 ) ) ;
#154 = CARTESIAN_POINT ( 'NONE',  ( -0.04918072667590473596, 0.9487361873151721747, 0.4299486710105612230 ) ) ;
#155 = DIRECTION ( 'NONE',  ( -0.000000000000000000, -0.000000000000000000, -1.000000000000000000 ) ) ;
#156 = VERTEX_POINT ( 'NONE', #1826 ) ;
#157 = CARTESIAN_POINT ( 'NONE',  ( -0.1153846153846152522, -0.9429668024551788319, 0.05873397435897449725 ) ) ;
#158 = ORIENTED_EDGE ( 'NONE', *, *, #784, .F. ) ;
#159 = ORIENTED_EDGE ( 'NONE', *, *, #174, .T. ) ;
#160 = EDGE_CURVE ( 'NONE', #1145, #1975, #75, .T. ) ;
#161 =( LENGTH_UNIT ( ) NAMED_UNIT ( * ) SI_UNIT ( .MILLI., .METRE. ) );
#162 = CARTESIAN_POINT ( 'NONE',  ( -0.1953698276503484932, -0.9297237160692005675, 0.2986325753638940927 ) ) ;
#163 = CARTESIAN_POINT ( 'NONE',  ( -0.1814548805151161848, -0.9325209925118701504, -0.001927582669865713846 ) ) ;
#164 = DIRECTION ( 'NONE',  ( 0.000000000000000000, 0.000000000000000000, 1.000000000000000000 ) ) ;
#165 =( NAMED_UNIT ( * ) PLANE_ANGLE_UNIT ( ) SI_UNIT ( $, .RADIAN. ) );
#166 = ORIENTED_EDGE ( 'NONE', *, *, #2811, .F. ) ;
#167 = SURFACE_STYLE_USAGE ( .BOTH. , #2055 ) ;
#168 = CARTESIAN_POINT ( 'NONE',  ( 0.08171797712585068818, -0.9464970207233541766, 0.1198105159293515465 ) ) ;
#169 = CARTESIAN_POINT ( 'NONE',  ( -0.05344551282051267227, -0.9484954281172642832, 0.3306089743589745167 ) ) ;
#170 = DIRECTION ( 'NONE',  ( -1.000000000000000000, 0.000000000000000000, 0.000000000000000000 ) ) ;
#171 = DIRECTION ( 'NONE',  ( 1.000000000000000000, 0.000000000000000000, 0.000000000000000000 ) ) ;
#172 = CARTESIAN_POINT ( 'NONE',  ( -0.09863782051282046770, -0.9448653768471362291, -0.3871794871794873028 ) ) ;
#173 = CARTESIAN_POINT ( 'NONE',  ( 0.02373467285388643905, 0.9497087246957098827, 0.07767598888693932890 ) ) ;
#174 = EDGE_CURVE ( 'NONE', #1732, #367, #2731, .T. ) ;
#175 = CARTESIAN_POINT ( 'NONE',  ( -0.2172189040800832360, 0.9248516852524608645, 0.09340484714238549147 ) ) ;
#176 = COLOUR_RGB ( '',0.1019607843137254888, 0.1019607843137254888, 0.1019607843137254888 ) ;
#177 = CARTESIAN_POINT ( 'NONE',  ( -0.2061671712878757057, -0.9273976589447068264, -0.7596578043147881321 ) ) ;
#178 = CARTESIAN_POINT ( 'NONE',  ( -0.2373808514700396222, 0.9198674571240801345, 0.3707299989574532328 ) ) ;
#179 = ADVANCED_FACE ( 'NONE', ( #1677 ), #2826, .F. ) ;
#180 = SURFACE_STYLE_FILL_AREA ( #2752 ) ;
#181 = EDGE_CURVE ( 'NONE', #2338, #2228, #2136, .T. ) ;
#182 = STYLED_ITEM ( 'NONE', ( #2797 ), #1743 ) ;
#183 = VERTEX_POINT ( 'NONE', #2843 ) ;
#184 = CARTESIAN_POINT ( 'NONE',  ( -0.2345865487891833634, -0.9205857032533202311, 0.07210921599188033215 ) ) ;
#185 = CARTESIAN_POINT ( 'NONE',  ( 0.1015751955521499439, 0.9445541168448435831, -0.5434330032652522346 ) ) ;
#186 = VECTOR ( 'NONE', #1270, 1000.000000000000000 ) ;
#187 = COLOUR_RGB ( '',0.1019607843137254888, 0.1019607843137254888, 0.1019607843137254888 ) ;
#188 = CARTESIAN_POINT ( 'NONE',  ( -0.3044612162390194499, -0.8998910288770431976, -0.4728438483119893898 ) ) ;
#189 = CARTESIAN_POINT ( 'NONE',  ( -0.1264423076923075207, -0.9415478441510257701, 0.2384615384615386413 ) ) ;
#190 = AXIS2_PLACEMENT_3D ( 'NONE', #1463, #2200, #1703 ) ;
#191 = SURFACE_STYLE_FILL_AREA ( #1350 ) ;
#192 = CARTESIAN_POINT ( 'NONE',  ( -0.08661858974358957464, 0.9460429270973024218, 0.1091346153846155104 ) ) ;
#193 = ORIENTED_EDGE ( 'NONE', *, *, #3041, .T. ) ;
#194 = LINE ( 'NONE', #943, #1063 ) ;
#195 =( NAMED_UNIT ( * ) PLANE_ANGLE_UNIT ( ) SI_UNIT ( $, .RADIAN. ) );
#196 = CARTESIAN_POINT ( 'NONE',  ( -0.1808816330870301747, 0.9326396279511923737, 0.1050184093285535525 ) ) ;
#197 = CARTESIAN_POINT ( 'NONE',  ( -0.2184861391218440307, -0.9245460364923759888, 0.01175469915351556004 ) ) ;
#198 = CARTESIAN_POINT ( 'NONE',  ( 0.1037038834930865960, -0.9443229681074207793, -0.5293414716415066890 ) ) ;
#199 = EDGE_LOOP ( 'NONE', ( #2728, #193, #2775, #2905 ) ) ;
#200 =( LENGTH_UNIT ( ) NAMED_UNIT ( * ) SI_UNIT ( .MILLI., .METRE. ) );
#201 = EDGE_CURVE ( 'NONE', #1171, #613, #1476, .T. ) ;
#202 = DIRECTION ( 'NONE',  ( 1.000000000000000000, 0.000000000000000000, 0.000000000000000000 ) ) ;
#203 = CARTESIAN_POINT ( 'NONE',  ( -0.008009648092053385168, 0.9500486027547363488, -0.8348341849146222460 ) ) ;
#204 = CARTESIAN_POINT ( 'NONE',  ( -0.1166935627416570836, 0.9428059315008613384, 0.07022387116917798433 ) ) ;
#205 = CARTESIAN_POINT ( 'NONE',  ( -0.1173892915016147842, 0.9427694479843630182, 0.1617165647609508095 ) ) ;
#206 = ORIENTED_EDGE ( 'NONE', *, *, #1014, .T. ) ;
#207 = CARTESIAN_POINT ( 'NONE',  ( -0.05892816436954232545, -0.9481709418617049190, 0.04552540433363689437 ) ) ;
#208 = CARTESIAN_POINT ( 'NONE',  ( -0.1520347689636013522, -0.9377735019859553267, 0.1025082179588232556 ) ) ;
#209 = ORIENTED_EDGE ( 'NONE', *, *, #1783, .F. ) ;
#210 = CARTESIAN_POINT ( 'NONE',  ( -0.01956219184885760881, 0.9498462956748503494, -0.5980632773147198655 ) ) ;
#211 = CARTESIAN_POINT ( 'NONE',  ( -0.1697916666666665075, -0.9347035839936399526, 0.4179487179487181292 ) ) ;
#212 = CARTESIAN_POINT ( 'NONE',  ( 0.09238782051282053154, -0.9454969543160309797, -0.8519230769230765610 ) ) ;
#213 = CARTESIAN_POINT ( 'NONE',  ( 0.09740985815656558189, -0.9449932561417768717, -0.8768907064525206518 ) ) ;
#214 = EDGE_CURVE ( 'NONE', #1346, #2403, #1834, .T. ) ;
#215 =( NAMED_UNIT ( * ) SI_UNIT ( $, .STERADIAN. ) SOLID_ANGLE_UNIT ( ) );
#216 = CARTESIAN_POINT ( 'NONE',  ( -0.1358974358974357755, 0.9402296990185441405, 0.3056089743589746055 ) ) ;
#217 = VERTEX_POINT ( 'NONE', #2613 ) ;
#218 = CARTESIAN_POINT ( 'NONE',  ( -0.1634663206528189916, -0.9358359975152207300, 0.4178423952980023781 ) ) ;
#219 = B_SPLINE_CURVE_WITH_KNOTS ( 'NONE', 3,
 ( #2347, #257, #2204, #1247, #106, #1054, #1479, #117, #811, #597, #136, #1298, #795, #1706, #2870, #1951 ),
 .UNSPECIFIED., .F., .F.,
 ( 4, 3, 3, 3, 3, 4 ),
 ( 0.000000000000000000, 4.591580923391500903E-05, 9.244067217598542067E-05, 0.0001315909301267734590, 0.0001762723731720342035, 0.0001959962643534287534 ),
 .UNSPECIFIED. ) ;
#220 = VECTOR ( 'NONE', #1010, 1000.000000000000000 ) ;
#221 = CARTESIAN_POINT ( 'NONE',  ( -0.3051282051282049879, -0.8996648144921751689, 0.3591346153846155520 ) ) ;
#222 = CARTESIAN_POINT ( 'NONE',  ( -0.1889423076923077149, 0.9310213769639800185, -0.7532051282051278607 ) ) ;
#223 = CARTESIAN_POINT ( 'NONE',  ( -0.1995782577876862307, -0.9287995042087481279, 0.4135790728026270680 ) ) ;
#224 = CARTESIAN_POINT ( 'NONE',  ( 0.09487179487179507598, -0.9452509415693823858, 0.4794871794871796711 ) ) ;
#225 = CIRCLE ( 'NONE', #1545, 0.2999999999999999889 ) ;
#226 = ORIENTED_EDGE ( 'NONE', *, *, #839, .T. ) ;
#227 = VERTEX_POINT ( 'NONE', #1229 ) ;
#228 = B_SPLINE_CURVE_WITH_KNOTS ( 'NONE', 3,
 ( #2135, #1460, #1685, #278, #955, #968, #2852, #517, #1444, #2597 ),
 .UNSPECIFIED., .F., .F.,
 ( 4, 3, 3, 4 ),
 ( 0.000000000000000000, 2.604408540870023348E-05, 5.208565394405460130E-05, 0.0001041763842152933157 ),
 .UNSPECIFIED. ) ;
#229 = VECTOR ( 'NONE', #1154, 1000.000000000000000 ) ;
#230 = AXIS2_PLACEMENT_3D ( 'NONE', #1003, #1973, #1530 ) ;
#231 =( LENGTH_UNIT ( ) NAMED_UNIT ( * ) SI_UNIT ( .MILLI., .METRE. ) );
#232 = LINE ( 'NONE', #965, #2182 ) ;
#233 = CARTESIAN_POINT ( 'NONE',  ( -0.1863782051282049934, -0.9315380639851429390, -0.07948717948717937132 ) ) ;
#234 = ORIENTED_EDGE ( 'NONE', *, *, #839, .F. ) ;
#235 = AXIS2_PLACEMENT_3D ( 'NONE', #975, #1683, #1206 ) ;
#236 = EDGE_CURVE ( 'NONE', #2697, #111, #1509, .T. ) ;
#237 = CARTESIAN_POINT ( 'NONE',  ( -0.05897435897435880647, -0.9481677198595001022, 0.03541666666666680452 ) ) ;
#238 = EDGE_CURVE ( 'NONE', #1188, #152, #756, .T. ) ;
#239 = AXIS2_PLACEMENT_3D ( 'NONE', #1173, #2151, #1662 ) ;
#240 = CARTESIAN_POINT ( 'NONE',  ( -0.2322160523781799102, 0.9211818117504746439, -0.8998577280760725605 ) ) ;
#241 = SURFACE_STYLE_FILL_AREA ( #1649 ) ;
#242 = CARTESIAN_POINT ( 'NONE',  ( -0.1872294658368544862, 0.9313673427400166460, 0.4166132116364720250 ) ) ;
#243 = ORIENTED_EDGE ( 'NONE', *, *, #752, .F. ) ;
#244 = VERTEX_POINT ( 'NONE', #56 ) ;
#245 = CARTESIAN_POINT ( 'NONE',  ( 0.03333333333333334675, -0.9494150245750743178, -0.9593749999999997558 ) ) ;
#246 = CARTESIAN_POINT ( 'NONE',  ( -0.2822447371903710200, -0.9071585429742231588, -0.6020160720920563202 ) ) ;
#247 = ORIENTED_EDGE ( 'NONE', *, *, #907, .T. ) ;
#248 = CARTESIAN_POINT ( 'NONE',  ( -0.1833030638942445001, 0.9322758765014348414, 0.4944598856850644930 ) ) ;
#249 = CARTESIAN_POINT ( 'NONE',  ( -0.1681089743589742058, -0.9350076859256152284, 0.4948717948717950565 ) ) ;
#250 = VERTEX_POINT ( 'NONE', #2899 ) ;
#251 = CARTESIAN_POINT ( 'NONE',  ( 0.000000000000000000, -1.000000000000000888, -11.42999999999999972 ) ) ;
#252 = EDGE_LOOP ( 'NONE', ( #824, #1312 ) ) ;
#253 = EDGE_CURVE ( 'NONE', #741, #2688, #1475, .T. ) ;
#254 = DIRECTION ( 'NONE',  ( 1.000000000000000000, 0.000000000000000000, 0.000000000000000000 ) ) ;
#255 = CARTESIAN_POINT ( 'NONE',  ( -0.05910057331536443942, 0.9481598695502159169, 0.04277431266915392161 ) ) ;
#256 = CARTESIAN_POINT ( 'NONE',  ( 0.000000000000000000, 0.000000000000000000, -3.403937756669170867 ) ) ;
#257 = CARTESIAN_POINT ( 'NONE',  ( -0.3048716512475250773, 0.8997518267036894724, 0.03461699981156445699 ) ) ;
#258 = EDGE_LOOP ( 'NONE', ( #2354, #1889, #2116, #2912 ) ) ;
#259 = CARTESIAN_POINT ( 'NONE',  ( -0.1534851250099829034, 0.9375192352164614107, 0.1789308541805778308 ) ) ;
#260 = EDGE_LOOP ( 'NONE', ( #57, #1178, #2489, #1568, #2825, #1724, #2599, #2658, #2031, #2348, #2329, #357, #491, #1166, #2890, #2430, #878 ) ) ;
#261 = DIRECTION ( 'NONE',  ( -0.000000000000000000, -0.000000000000000000, -1.000000000000000000 ) ) ;
#262 = CARTESIAN_POINT ( 'NONE',  ( -0.1326203947320414023, -0.9407045571431411624, 0.09288097696752994903 ) ) ;
#263 = FACE_OUTER_BOUND ( 'NONE', #24, .T. ) ;
#264 = ADVANCED_FACE ( 'NONE', ( #534, #342, #2865, #792, #753, #1701 ), #1928, .T. ) ;
#265 = CARTESIAN_POINT ( 'NONE',  ( -0.04121620835009380535, -0.9491063942971709189, 0.3582599539466703731 ) ) ;
#266 = EDGE_LOOP ( 'NONE', ( #1661, #63, #67, #471 ) ) ;
#267 = FACE_OUTER_BOUND ( 'NONE', #938, .T. ) ;
#268 = EDGE_CURVE ( 'NONE', #1009, #2120, #2171, .T. ) ;
#269 = ADVANCED_FACE ( 'NONE', ( #1490 ), #2879, .T. ) ;
#270 = CARTESIAN_POINT ( 'NONE',  ( 0.1000000000000001582, -0.9447221813845592120, 0.05096153846153859968 ) ) ;
#271 =( GEOMETRIC_REPRESENTATION_CONTEXT ( 3 ) GLOBAL_UNCERTAINTY_ASSIGNED_CONTEXT ( ( #2004 ) ) GLOBAL_UNIT_ASSIGNED_CONTEXT ( ( #231, #467, #2817 ) ) REPRESENTATION_CONTEXT ( 'NONE', 'WORKASPACE' ) );
#272 = PRESENTATION_STYLE_ASSIGNMENT (( #2606 ) ) ;
#273 = STYLED_ITEM ( 'NONE', ( #2788 ), #1080 ) ;
#274 = CARTESIAN_POINT ( 'NONE',  ( -0.2280365543904795123, -0.9223424525446619615, 0.4829182319310800220 ) ) ;
#275 = DIRECTION ( 'NONE',  ( 1.000000000000000000, 0.000000000000000000, -0.000000000000000000 ) ) ;
#276 = VECTOR ( 'NONE', #2664, 1000.000000000000000 ) ;
#277 = CARTESIAN_POINT ( 'NONE',  ( -0.1038461538461538519, 0.9443071408876250183, -0.7410256410256407245 ) ) ;
#278 = CARTESIAN_POINT ( 'NONE',  ( -0.02528819361649391542, -0.9496633652319199648, -0.6805145487695680728 ) ) ;
#279 = PRESENTATION_LAYER_ASSIGNMENT (  '', '', ( #1797 ) ) ;
#280 = ORIENTED_EDGE ( 'NONE', *, *, #238, .F. ) ;
#281 = DIRECTION ( 'NONE',  ( 1.000000000000000000, 0.000000000000000000, 0.000000000000000000 ) ) ;
#282 = CARTESIAN_POINT ( 'NONE',  ( -0.2301502614754755704, -0.9217986233188054657, 0.1729651322743100406 ) ) ;
#283 = AXIS2_PLACEMENT_3D ( 'NONE', #1026, #2211, #2676 ) ;
#284 = ORIENTED_EDGE ( 'NONE', *, *, #2258, .F. ) ;
#285 = CARTESIAN_POINT ( 'NONE',  ( 0.02784873393192104779, 0.9495939527204487751, 0.03101202695558729142 ) ) ;
#286 = CARTESIAN_POINT ( 'NONE',  ( -0.05344551282051267227, 0.9484954281172642832, 0.3306089743589745167 ) ) ;
#287 = CARTESIAN_POINT ( 'NONE',  ( -0.1264423076923075207, 0.9415478441510255481, 0.2384615384615386413 ) ) ;
#288 = ADVANCED_FACE ( 'NONE', ( #2699 ), #902, .T. ) ;
#289 = SURFACE_SIDE_STYLE ('',( #2620 ) ) ;
#290 = FILL_AREA_STYLE_COLOUR ( '', #580 ) ;
#291 = FACE_OUTER_BOUND ( 'NONE', #258, .T. ) ;
#292 = CARTESIAN_POINT ( 'NONE',  ( 0.000000000000000000, 0.000000000000000000, 1.949999999999999956 ) ) ;
#293 = VERTEX_POINT ( 'NONE', #2526 ) ;
#294 = B_SPLINE_CURVE_WITH_KNOTS ( 'NONE', 3,
 ( #2934, #309, #1012, #2438, #1264, #1981, #2215, #2915, #1050, #1749, #282, #1215, #2155, #2749, #2468, #2715 ),
 .UNSPECIFIED., .F., .F.,
 ( 4, 3, 3, 3, 3, 4 ),
 ( 0.000000000000000000, 4.731831083155423122E-05, 9.509002882953410975E-05, 0.0001373828512334361357, 0.0001848026752902695818, 0.0002048272721499100389 ),
 .UNSPECIFIED. ) ;
#295 = DIRECTION ( 'NONE',  ( -1.000000000000000000, -1.224646799147353454E-16, 0.000000000000000000 ) ) ;
#296 = ORIENTED_EDGE ( 'NONE', *, *, #2926, .F. ) ;
#297 = CARTESIAN_POINT ( 'NONE',  ( 0.08180429775601177900, -0.9465213044738974846, -0.3981965290887998776 ) ) ;
#298 = CARTESIAN_POINT ( 'NONE',  ( 0.02176305962071893932, -0.9497764235202704741, -0.4354247814305860498 ) ) ;
#299 =( NAMED_UNIT ( * ) PLANE_ANGLE_UNIT ( ) SI_UNIT ( $, .RADIAN. ) );
#300 = VERTEX_POINT ( 'NONE', #436 ) ;
#301 = SURFACE_STYLE_FILL_AREA ( #1468 ) ;
#302 = B_SPLINE_CURVE_WITH_KNOTS ( 'NONE', 3,
 ( #3020, #248, #1440, #735, #2349, #694, #723, #1659, #498, #481 ),
 .UNSPECIFIED., .F., .F.,
 ( 4, 3, 3, 4 ),
 ( 0.000000000000000000, 4.632963714973031117E-05, 6.944023497757685127E-05, 9.318129854886870631E-05 ),
 .UNSPECIFIED. ) ;
#303 = CARTESIAN_POINT ( 'NONE',  ( -0.1054969825552731499, 0.9441244197720131126, 0.3698243039492157269 ) ) ;
#304 = CARTESIAN_POINT ( 'NONE',  ( -0.1249642069883219742, 0.9417451603126263393, -0.8186504457228235276 ) ) ;
#305 = EDGE_CURVE ( 'NONE', #956, #806, #302, .T. ) ;
#306 = CARTESIAN_POINT ( 'NONE',  ( 0.09563064579597864434, 0.9451800864944613911, -0.8641909162254554078 ) ) ;
#307 = EDGE_LOOP ( 'NONE', ( #2081, #2172, #1893, #1484, #2667, #1061, #296, #1755, #2139, #2960, #3040, #2414, #751, #2369, #898, #2393 ) ) ;
#308 = CARTESIAN_POINT ( 'NONE',  ( -0.2879324266574571078, -0.9053226047882217964, -0.8421530298312275287 ) ) ;
#309 = CARTESIAN_POINT ( 'NONE',  ( -0.3048025540122767940, -0.8997752615596836812, 0.06568889316630827091 ) ) ;
#310 = CARTESIAN_POINT ( 'NONE',  ( 0.000000000000000000, 0.000000000000000000, 1.149999999999999911 ) ) ;
#311 = CARTESIAN_POINT ( 'NONE',  ( 0.03305867682014047154, 0.9494246675835262828, 0.04609647755648006023 ) ) ;
#312 = CARTESIAN_POINT ( 'NONE',  ( -0.04221618017443326543, 0.9490995596513579491, -0.6845414282964770170 ) ) ;
#313 = CARTESIAN_POINT ( 'NONE',  ( 0.1051282051282051849, 0.9441652718070718819, -0.5005608974358976004 ) ) ;
#314 = VECTOR ( 'NONE', #1815, 1000.000000000000000 ) ;
#315 = CARTESIAN_POINT ( 'NONE',  ( -0.1051985793489760845, 0.9441574359802969996, 0.3657127436925633468 ) ) ;
#316 = CARTESIAN_POINT ( 'NONE',  ( -0.2671658728341121392, 0.9118759932896380871, -0.6236509587065035554 ) ) ;
#317 = CARTESIAN_POINT ( 'NONE',  ( -0.1750801282051280550, 0.9337274488348705770, 0.1051282051282052682 ) ) ;
#318 = PRESENTATION_LAYER_ASSIGNMENT (  '', '', ( #1201 ) ) ;
#319 = ORIENTED_EDGE ( 'NONE', *, *, #2276, .T. ) ;
#320 = CARTESIAN_POINT ( 'NONE',  ( 0.02152077909675854939, 0.9497820664432826687, -0.4351226531066392789 ) ) ;
#321 = VECTOR ( 'NONE', #1137, 1000.000000000000000 ) ;
#322 = ORIENTED_EDGE ( 'NONE', *, *, #1687, .T. ) ;
#323 = ORIENTED_EDGE ( 'NONE', *, *, #2056, .T. ) ;
#324 = EDGE_CURVE ( 'NONE', #469, #2688, #816, .T. ) ;
#325 = STYLED_ITEM ( 'NONE', ( #1850 ), #3023 ) ;
#326 = MECHANICAL_DESIGN_GEOMETRIC_PRESENTATION_REPRESENTATION (  '', ( #138 ), #2478 ) ;
#327 = AXIS2_PLACEMENT_3D ( 'NONE', #2650, #687, #380 ) ;
#328 = CARTESIAN_POINT ( 'NONE',  ( -0.07422041265664044984, -0.9474666294031951486, -0.3107067227807539522 ) ) ;
#329 = PRESENTATION_LAYER_ASSIGNMENT (  '', '', ( #1849 ) ) ;
#330 = CARTESIAN_POINT ( 'NONE',  ( -0.09377990951131735808, 0.9453996907017457874, -0.6896942046369186619 ) ) ;
#331 = CARTESIAN_POINT ( 'NONE',  ( 0.000000000000000000, 0.000000000000000000, 0.4794871794871796711 ) ) ;
#332 = ORIENTED_EDGE ( 'NONE', *, *, #1916, .T. ) ;
#333 = CARTESIAN_POINT ( 'NONE',  ( -0.002564102564102377618, -0.9499965396663508921, 0.1666666666666667962 ) ) ;
#334 = CARTESIAN_POINT ( 'NONE',  ( -0.3014149137775047893, 0.9009705919255063256, -0.5520485241750353600 ) ) ;
#335 = CARTESIAN_POINT ( 'NONE',  ( -0.3044581720947818204, 0.8998920613218541753, -0.4727224672945541384 ) ) ;
#336 = VERTEX_POINT ( 'NONE', #939 ) ;
#337 = CARTESIAN_POINT ( 'NONE',  ( -0.1210737179487177823, -0.9422532328530761614, 0.02820512820512834778 ) ) ;
#338 =( LENGTH_UNIT ( ) NAMED_UNIT ( * ) SI_UNIT ( .MILLI., .METRE. ) );
#339 = CARTESIAN_POINT ( 'NONE',  ( -0.2363582113463628120, -0.9201398204126256530, -0.5266303005654245917 ) ) ;
#340 = ORIENTED_EDGE ( 'NONE', *, *, #2094, .F. ) ;
#341 = VERTEX_POINT ( 'NONE', #1871 ) ;
#342 = FACE_BOUND ( 'NONE', #2536, .T. ) ;
#343 = CARTESIAN_POINT ( 'NONE',  ( 0.01794871794871810700, 0.9498304288261129047, -3.403937756669170867 ) ) ;
#344 = ADVANCED_FACE ( 'NONE', ( #525 ), #976, .T. ) ;
#345 = VERTEX_POINT ( 'NONE', #4 ) ;
#346 = CARTESIAN_POINT ( 'NONE',  ( 0.01739261051404662056, 0.9498492069048015685, 0.01968038278538604066 ) ) ;
#347 = CARTESIAN_POINT ( 'NONE',  ( -0.05925046447531265303, 0.9481891702182004833, -0.6873488651961529028 ) ) ;
#348 = CARTESIAN_POINT ( 'NONE',  ( 0.000000000000000000, 0.000000000000000000, 1.749999999999999778 ) ) ;
#349 = CARTESIAN_POINT ( 'NONE',  ( -0.9499999999999999556, 0.000000000000000000, -1.749999999999999778 ) ) ;
#350 = VERTEX_POINT ( 'NONE', #1641 ) ;
#351 = CARTESIAN_POINT ( 'NONE',  ( -0.1754464286332507172, -0.9337602426837657843, -0.7491287726385605916 ) ) ;
#352 = CARTESIAN_POINT ( 'NONE',  ( -0.08661858974358957464, 0.9460429270973024218, 0.1091346153846155104 ) ) ;
#353 = CARTESIAN_POINT ( 'NONE',  ( -0.1314831245946194993, 0.9408571559739294932, 0.09166066461710341284 ) ) ;
#354 = EDGE_LOOP ( 'NONE', ( #855, #2720, #2213, #1332 ) ) ;
#355 = CARTESIAN_POINT ( 'NONE',  ( -0.1155170179946206771, -0.9429506012228647815, 0.05355961036701934602 ) ) ;
#356 = CARTESIAN_POINT ( 'NONE',  ( 0.000000000000000000, -3.550000000000001155, 11.43000000000000149 ) ) ;
#357 = ORIENTED_EDGE ( 'NONE', *, *, #1820, .T. ) ;
#358 = CARTESIAN_POINT ( 'NONE',  ( 0.01372902118592697618, 0.9499086042868718494, 0.08504075951577035053 ) ) ;
#359 = FILL_AREA_STYLE ('',( #2453 ) ) ;
#360 = DIRECTION ( 'NONE',  ( -0.000000000000000000, 0.000000000000000000, -1.000000000000000000 ) ) ;
#361 = CARTESIAN_POINT ( 'NONE',  ( -0.1262766167396704442, -0.9416035880828244053, 0.1679872922834342863 ) ) ;
#362 = CARTESIAN_POINT ( 'NONE',  ( -0.08285742779494552346, 0.9463797581622297450, 0.1155840320060683990 ) ) ;
#363 = CARTESIAN_POINT ( 'NONE',  ( -0.2977923710893177200, -0.9021195617654492738, 0.4067752842223704146 ) ) ;
#364 = ORIENTED_EDGE ( 'NONE', *, *, #2161, .T. ) ;
#365 = CARTESIAN_POINT ( 'NONE',  ( 0.009009103027066679703, -0.9499685555639134638, 0.08715900348843651224 ) ) ;
#366 = CARTESIAN_POINT ( 'NONE',  ( -0.1769230769230767664, 0.9333800002421688280, 0.2948717948717950454 ) ) ;
#367 = VERTEX_POINT ( 'NONE', #1041 ) ;
#368 = EDGE_CURVE ( 'NONE', #382, #103, #1037, .T. ) ;
#369 = COLOUR_RGB ( '',0.8313725490196077761, 0.8313725490196077761, 0.8196078431372548767 ) ;
#370 = CARTESIAN_POINT ( 'NONE',  ( -0.1537471715220260493, 0.9375044514320396427, -0.7445705413086551872 ) ) ;
#371 = CYLINDRICAL_SURFACE ( 'NONE', #1408, 0.2999999999999999889 ) ;
#372 = EDGE_LOOP ( 'NONE', ( #2609, #1028, #642, #2814, #2952, #556, #2962, #206, #1528, #2092, #2013, #1727, #3003, #2112, #1110, #1290, #1708 ) ) ;
#373 = AXIS2_PLACEMENT_3D ( 'NONE', #2077, #2299, #2508 ) ;
#374 = CARTESIAN_POINT ( 'NONE',  ( 0.07862495569851980781, 0.9467718333011228005, -0.02327067592191891729 ) ) ;
#375 = AXIS2_PLACEMENT_3D ( 'NONE', #2848, #763, #1413 ) ;
#376 = CARTESIAN_POINT ( 'NONE',  ( -0.2333333333333333648, -0.9208993189027536719, -0.9974358974358968899 ) ) ;
#377 = CARTESIAN_POINT ( 'NONE',  ( -0.2372425302108455147, -0.9199036438159053919, 0.3419934931744502693 ) ) ;
#378 = CARTESIAN_POINT ( 'NONE',  ( -0.2596153846153846922, -0.9138379791139159547, -0.7958333333333331705 ) ) ;
#379 = PRODUCT_DEFINITION_FORMATION_WITH_SPECIFIED_SOURCE ( 'ANY', '', #2558, .NOT_KNOWN. ) ;
#380 = DIRECTION ( 'NONE',  ( -1.000000000000000000, 1.224646799147353454E-16, 0.000000000000000000 ) ) ;
#381 = CARTESIAN_POINT ( 'NONE',  ( -0.2536858974358973118, -0.9155017561109008994, 0.4665064102564104309 ) ) ;
#382 = VERTEX_POINT ( 'NONE', #123 ) ;
#383 = CARTESIAN_POINT ( 'NONE',  ( -0.2073402474938837170, -0.9271196190167498852, 0.09927548723688225940 ) ) ;
#384 = CARTESIAN_POINT ( 'NONE',  ( -0.05610350113312154857, 0.9483795189842417761, 0.4413423020207628555 ) ) ;
#385 = DIRECTION ( 'NONE',  ( 0.000000000000000000, -9.805962535134626294E-17, 1.000000000000000000 ) ) ;
#386 = AXIS2_PLACEMENT_3D ( 'NONE', #356, #1292, #2227 ) ;
#387 = ORIENTED_EDGE ( 'NONE', *, *, #1283, .T. ) ;
#388 = EDGE_CURVE ( 'NONE', #586, #1497, #563, .T. ) ;
#389 = CARTESIAN_POINT ( 'NONE',  ( -0.1832296220855664515, -0.9321680191945668215, -0.05387158863181520929 ) ) ;
#390 = CARTESIAN_POINT ( 'NONE',  ( -0.2160053723184310881, 0.9251171164397035129, 0.2346530761831036038 ) ) ;
#391 = ORIENTED_EDGE ( 'NONE', *, *, #2867, .F. ) ;
#392 = EDGE_CURVE ( 'NONE', #156, #2332, #2538, .T. ) ;
#393 = CARTESIAN_POINT ( 'NONE',  ( 0.08933736702536121399, 0.9457900585503351554, -0.002785189120435089833 ) ) ;
#394 =( LENGTH_UNIT ( ) NAMED_UNIT ( * ) SI_UNIT ( .MILLI., .METRE. ) );
#395 = CARTESIAN_POINT ( 'NONE',  ( -0.05864731740505276653, 0.9481903932693501735, 0.05031157554964914291 ) ) ;
#396 = CARTESIAN_POINT ( 'NONE',  ( -0.009294871794871612664, 0.9499545280476939801, 0.08974358974358988272 ) ) ;
#397 = CARTESIAN_POINT ( 'NONE',  ( 0.09486043494647239394, -0.9452678599431615369, -0.5715996653628084845 ) ) ;
#398 = ORIENTED_EDGE ( 'NONE', *, *, #1559, .T. ) ;
#399 = CARTESIAN_POINT ( 'NONE',  ( -0.2237068645310519854, -0.9233005695143152725, 0.08797246971835939733 ) ) ;
#400 = CARTESIAN_POINT ( 'NONE',  ( -0.06452881015549462307, 0.9478059045302619223, 0.4510929259807759384 ) ) ;
#401 = CARTESIAN_POINT ( 'NONE',  ( 0.09487179487179507598, -0.9452509415693823858, 0.2846153846153848810 ) ) ;
#402 = EDGE_CURVE ( 'NONE', #2678, #1903, #1582, .T. ) ;
#403 =( NAMED_UNIT ( * ) PLANE_ANGLE_UNIT ( ) SI_UNIT ( $, .RADIAN. ) );
#404 = CARTESIAN_POINT ( 'NONE',  ( -0.2198733860393395079, -0.9242386889113661796, -0.4346296565241005716 ) ) ;
#405 = VERTEX_POINT ( 'NONE', #1990 ) ;
#406 = CARTESIAN_POINT ( 'NONE',  ( 0.02057369670560248165, 0.9497771965065805455, 0.08032020552141361236 ) ) ;
#407 = EDGE_CURVE ( 'NONE', #1975, #2338, #2207, .T. ) ;
#408 = EDGE_CURVE ( 'NONE', #568, #2047, #1295, .T. ) ;
#409 = DIRECTION ( 'NONE',  ( 0.000000000000000000, -1.000000000000000000, -6.802837160693362624E-16 ) ) ;
#410 =( BOUNDED_CURVE ( )  B_SPLINE_CURVE ( 3, ( #2850, #737, #1673, #2608 ),
 .UNSPECIFIED., .F., .T. ) 
 B_SPLINE_CURVE_WITH_KNOTS ( ( 4, 4 ),
 ( 1.704289625004084208, 1.714338685980024479 ),
 .UNSPECIFIED. ) 
 CURVE ( )  GEOMETRIC_REPRESENTATION_ITEM ( )  RATIONAL_B_SPLINE_CURVE ( ( 1.000000000000000000, 0.9999915847154960957, 0.9999915847154960957, 1.000000000000000000 ) ) 
 REPRESENTATION_ITEM ( '' )  );
#411 = VERTEX_POINT ( 'NONE', #584 ) ;
#412 = CARTESIAN_POINT ( 'NONE',  ( -0.2306238330698435479, 0.9215899272900822670, 0.07960051677341369036 ) ) ;
#413 = CARTESIAN_POINT ( 'NONE',  ( -0.2302862430422914775, -0.9216972990410363664, -0.7721294765450489317 ) ) ;
#414 = CARTESIAN_POINT ( 'NONE',  ( -0.2383326438460128260, 0.9196181645706932306, 0.3632672294412450653 ) ) ;
#415 = ORIENTED_EDGE ( 'NONE', *, *, #407, .T. ) ;
#416 = CARTESIAN_POINT ( 'NONE',  ( -0.04481558078267183776, 0.9489423395124773064, 0.4178122573773574433 ) ) ;
#417 = CARTESIAN_POINT ( 'NONE',  ( -0.1093804114344149592, -0.9436821104577769459, 0.3392907092494973909 ) ) ;
#418 = DIRECTION ( 'NONE',  ( 0.000000000000000000, -0.000000000000000000, 1.000000000000000000 ) ) ;
#419 = AXIS2_PLACEMENT_3D ( 'NONE', #1220, #952, #514 ) ;
#420 = CARTESIAN_POINT ( 'NONE',  ( -0.2811584715605515150, 0.9074461457310777357, -0.8263140707925420436 ) ) ;
#421 = EDGE_LOOP ( 'NONE', ( #247, #1461, #2383, #2448 ) ) ;
#422 =( GEOMETRIC_REPRESENTATION_CONTEXT ( 3 ) GLOBAL_UNCERTAINTY_ASSIGNED_CONTEXT ( ( #2247 ) ) GLOBAL_UNIT_ASSIGNED_CONTEXT ( ( #676, #2071, #1830 ) ) REPRESENTATION_CONTEXT ( 'NONE', 'WORKASPACE' ) );
#423 = CARTESIAN_POINT ( 'NONE',  ( -0.04319960993991002474, -0.9490172778727620218, 0.07839922069850918662 ) ) ;
#424 = B_SPLINE_CURVE_WITH_KNOTS ( 'NONE', 3,
 ( #2698, #1313, #2500, #2976, #358, #1547, #406, #173, #1339, #2563, #1856, #606, #849, #2804, #2016, #1628 ),
 .UNSPECIFIED., .F., .F.,
 ( 4, 3, 3, 3, 3, 4 ),
 ( 0.000000000000000000, 1.944516889638816176E-05, 3.173072336671912714E-05, 4.402202973303257757E-05, 5.585433565266309806E-05, 6.382080989213551557E-05 ),
 .UNSPECIFIED. ) ;
#425 = PRESENTATION_STYLE_ASSIGNMENT (( #2275 ) ) ;
#426 = EDGE_CURVE ( 'NONE', #605, #527, #2694, .T. ) ;
#427 = CARTESIAN_POINT ( 'NONE',  ( -0.1990274846957041932, 0.9289424198464161231, 0.1022752167715626770 ) ) ;
#428 = CARTESIAN_POINT ( 'NONE',  ( -0.2301100389725374840, -0.9217187292874844395, 0.02360022839506250442 ) ) ;
#429 = CARTESIAN_POINT ( 'NONE',  ( 0.03810365984261984695, 0.9492356079467203500, -0.5134092065869475530 ) ) ;
#430 = CIRCLE ( 'NONE', #2936, 1.300000000000000711 ) ;
#431 = ORIENTED_EDGE ( 'NONE', *, *, #2882, .F. ) ;
#432 = CARTESIAN_POINT ( 'NONE',  ( -0.1025021490792663026, 0.9445239947898455002, 0.4815902037140122882 ) ) ;
#433 =( GEOMETRIC_REPRESENTATION_CONTEXT ( 3 ) GLOBAL_UNCERTAINTY_ASSIGNED_CONTEXT ( ( #1643 ) ) GLOBAL_UNIT_ASSIGNED_CONTEXT ( ( #1414, #726, #926 ) ) REPRESENTATION_CONTEXT ( 'NONE', 'WORKASPACE' ) );
#434 = CARTESIAN_POINT ( 'NONE',  ( -0.07321749022714106603, 0.9475617508281403145, -0.8181906935003745440 ) ) ;
#435 = PRESENTATION_STYLE_ASSIGNMENT (( #2523 ) ) ;
#436 = CARTESIAN_POINT ( 'NONE',  ( -0.7500000000000000000, 1.040949779275250140E-16, -1.949999999999999956 ) ) ;
#437 = CARTESIAN_POINT ( 'NONE',  ( -0.2779396989749836622, 0.9084405932009720352, -0.8202069245545948739 ) ) ;
#438 = COLOUR_RGB ( '',0.8313725490196077761, 0.8313725490196077761, 0.8196078431372548767 ) ;
#439 = CARTESIAN_POINT ( 'NONE',  ( -0.1270219838570301463, 0.9414698166300100590, 0.1677024666827214849 ) ) ;
#440 = ORIENTED_EDGE ( 'NONE', *, *, #238, .T. ) ;
#441 = CARTESIAN_POINT ( 'NONE',  ( -0.1053932815214645297, 0.9441357568415490453, 0.3542248507068991858 ) ) ;
#442 = VERTEX_POINT ( 'NONE', #1788 ) ;
#443 = CARTESIAN_POINT ( 'NONE',  ( 0.000000000000000000, 0.000000000000000000, -0.9974358974358968899 ) ) ;
#444 = EDGE_CURVE ( 'NONE', #1903, #2015, #2381, .T. ) ;
#445 = CARTESIAN_POINT ( 'NONE',  ( -0.2527632955058798370, -0.9157846127516509060, -0.7891145029411554823 ) ) ;
#446 = DIRECTION ( 'NONE',  ( 1.000000000000000000, 0.000000000000000000, 0.000000000000000000 ) ) ;
#447 = APPLICATION_PROTOCOL_DEFINITION ( 'draft international standard', 'automotive_design', 1998, #3047 ) ;
#448 = ORIENTED_EDGE ( 'NONE', *, *, #2675, .F. ) ;
#449 = CARTESIAN_POINT ( 'NONE',  ( -0.1475684988495662153, -0.9384687198555351495, -0.7437681620022082996 ) ) ;
#450 = CARTESIAN_POINT ( 'NONE',  ( 0.09999999999999999167, 0.9447221813845592120, -1.074358974358973873 ) ) ;
#451 = CARTESIAN_POINT ( 'NONE',  ( -0.2333333333333333648, 0.9208993189027536719, -0.9974358974358968899 ) ) ;
#452 = B_SPLINE_CURVE_WITH_KNOTS ( 'NONE', 3,
 ( #2518, #429, #868, #1374, #2265, #2022, #2982, #2279, #2780, #2303, #210, #3027, #914, #2799, #854, #1784 ),
 .UNSPECIFIED., .F., .F.,
 ( 4, 3, 3, 3, 3, 4 ),
 ( 0.000000000000000000, 4.144347483240984440E-05, 7.511295142572421073E-05, 0.0001087693844609772972, 0.0001421486685163113003, 0.0002015378778104322038 ),
 .UNSPECIFIED. ) ;
#453 = PRESENTATION_STYLE_ASSIGNMENT (( #681 ) ) ;
#454 = SURFACE_SIDE_STYLE ('',( #191 ) ) ;
#455 = UNCERTAINTY_MEASURE_WITH_UNIT (LENGTH_MEASURE( 1.000000000000000082E-05 ), #962, 'distance_accuracy_value', 'NONE');
#456 = CARTESIAN_POINT ( 'NONE',  ( -0.1712137078883106678, 0.9344882546259153377, 0.1818715973900998650 ) ) ;
#457 = VERTEX_POINT ( 'NONE', #1816 ) ;
#458 = CARTESIAN_POINT ( 'NONE',  ( -0.2536858974358973118, 0.9155017561109008994, 0.4665064102564104309 ) ) ;
#459 = CARTESIAN_POINT ( 'NONE',  ( 0.000000000000000000, -0.3000000000000010436, -10.42999999999999794 ) ) ;
#460 = ORIENTED_EDGE ( 'NONE', *, *, #573, .T. ) ;
#461 = SURFACE_SIDE_STYLE ('',( #241 ) ) ;
#462 = CARTESIAN_POINT ( 'NONE',  ( -0.2374843010975431767, 0.9198381520368476005, -0.5338040744776268998 ) ) ;
#463 = CARTESIAN_POINT ( 'NONE',  ( -0.1001602564102564014, -0.9447052043022901024, -0.8179487179487175963 ) ) ;
#464 = CARTESIAN_POINT ( 'NONE',  ( -0.2208741220108366710, -0.9239804962925537435, 0.4010173088259488261 ) ) ;
#465 = EDGE_LOOP ( 'NONE', ( #828, #319, #533, #2739 ) ) ;
#466 = EDGE_CURVE ( 'NONE', #103, #2070, #711, .T. ) ;
#467 =( NAMED_UNIT ( * ) PLANE_ANGLE_UNIT ( ) SI_UNIT ( $, .RADIAN. ) );
#468 = CARTESIAN_POINT ( 'NONE',  ( -0.2333333333333333648, -0.9208993189027536719, -0.9341346153846150635 ) ) ;
#469 = VERTEX_POINT ( 'NONE', #1556 ) ;
#470 = LINE ( 'NONE', #1840, #1353 ) ;
#471 = ORIENTED_EDGE ( 'NONE', *, *, #1678, .F. ) ;
#472 = CARTESIAN_POINT ( 'NONE',  ( 0.07912653481637582642, 0.9467153961485588187, 0.1230179695643586479 ) ) ;
#473 = DIRECTION ( 'NONE',  ( 0.000000000000000000, -1.000000000000000000, 0.000000000000000000 ) ) ;
#474 = VECTOR ( 'NONE', #777, 1000.000000000000000 ) ;
#475 = CARTESIAN_POINT ( 'NONE',  ( 0.02394108986032631586, -0.9500964708596971731, -0.5675826774193003521 ) ) ;
#476 = CARTESIAN_POINT ( 'NONE',  ( -0.1769230769230767664, -0.9333800002421688280, -0.002564102564102431828 ) ) ;
#477 = CARTESIAN_POINT ( 'NONE',  ( -0.1681089743589742058, -0.9350076859256152284, 0.4948717948717950565 ) ) ;
#478 = MECHANICAL_DESIGN_GEOMETRIC_PRESENTATION_REPRESENTATION (  '', ( #1002 ), #1738 ) ;
#479 = EDGE_LOOP ( 'NONE', ( #2549, #1241, #1407, #1368, #931, #1275, #1422, #1155, #3025, #1676, #2925, #158, #2898, #2474, #2519, #20 ) ) ;
#480 = CIRCLE ( 'NONE', #1113, 0.9499999999999999556 ) ;
#481 = CARTESIAN_POINT ( 'NONE',  ( -0.2536858974358973118, 0.9155017561109008994, 0.4665064102564104309 ) ) ;
#482 = CYLINDRICAL_SURFACE ( 'NONE', #375, 0.9499999999999999556 ) ;
#483 = EDGE_CURVE ( 'NONE', #1301, #2992, #1835, .T. ) ;
#484 = AXIS2_PLACEMENT_3D ( 'NONE', #2786, #418, #1391 ) ;
#485 = ORIENTED_EDGE ( 'NONE', *, *, #84, .F. ) ;
#486 = B_SPLINE_CURVE_WITH_KNOTS ( 'NONE', 3,
 ( #1588, #434, #2297, #203, #28, #1896, #734, #1908 ),
 .UNSPECIFIED., .F., .F.,
 ( 4, 2, 2, 4 ),
 ( 0.000000000000000000, 8.076302317354989719E-05, 0.0001211445347603248390, 0.0001615260463470997944 ),
 .UNSPECIFIED. ) ;
#487 = DIRECTION ( 'NONE',  ( 0.000000000000000000, 0.000000000000000000, 1.000000000000000000 ) ) ;
#488 = CIRCLE ( 'NONE', #190, 0.9499999999999999556 ) ;
#489 = CARTESIAN_POINT ( 'NONE',  ( -0.2491938896600655040, 0.9167534125766068076, -0.7859620546234571403 ) ) ;
#490 = CARTESIAN_POINT ( 'NONE',  ( 0.000000000000000000, 0.000000000000000000, -0.1051282051282051294 ) ) ;
#491 = ORIENTED_EDGE ( 'NONE', *, *, #26, .T. ) ;
#492 =( NAMED_UNIT ( * ) PLANE_ANGLE_UNIT ( ) SI_UNIT ( $, .RADIAN. ) );
#493 = PRESENTATION_STYLE_ASSIGNMENT (( #1177 ) ) ;
#494 = CARTESIAN_POINT ( 'NONE',  ( -0.04718386398634278472, 0.9488275306815876498, 0.3421354540252620757 ) ) ;
#495 = CARTESIAN_POINT ( 'NONE',  ( -0.3044595232431410170, -0.8998916030695524038, -0.5261044404462301705 ) ) ;
#496 = SURFACE_STYLE_USAGE ( .BOTH. , #1909 ) ;
#497 = ORIENTED_EDGE ( 'NONE', *, *, #1679, .F. ) ;
#498 = CARTESIAN_POINT ( 'NONE',  ( -0.2473466840912737774, 0.9172583546271069199, 0.4710393733812351380 ) ) ;
#499 =( LENGTH_UNIT ( ) NAMED_UNIT ( * ) SI_UNIT ( .MILLI., .METRE. ) );
#500 = FILL_AREA_STYLE_COLOUR ( '', #1162 ) ;
#501 = ORIENTED_EDGE ( 'NONE', *, *, #147, .F. ) ;
#502 = EDGE_CURVE ( 'NONE', #227, #956, #2806, .T. ) ;
#503 = SURFACE_STYLE_FILL_AREA ( #738 ) ;
#504 = DIRECTION ( 'NONE',  ( 1.000000000000000000, 0.000000000000000000, 0.000000000000000000 ) ) ;
#505 = CARTESIAN_POINT ( 'NONE',  ( -0.1251371444253379650, -0.9417303363366701374, 0.08582361807540669907 ) ) ;
#506 = FACE_BOUND ( 'NONE', #2249, .T. ) ;
#507 = ORIENTED_EDGE ( 'NONE', *, *, #1764, .F. ) ;
#508 = CARTESIAN_POINT ( 'NONE',  ( -0.1261311505379384967, -0.9415996753100177585, 0.4069398240802558075 ) ) ;
#509 =( BOUNDED_CURVE ( )  B_SPLINE_CURVE ( 3, ( #1088, #2023, #1623, #2086 ),
 .UNSPECIFIED., .F., .F. ) 
 B_SPLINE_CURVE_WITH_KNOTS ( ( 4, 4 ),
 ( 4.899717498669717841, 4.908997307819739753 ),
 .UNSPECIFIED. ) 
 CURVE ( )  GEOMETRIC_REPRESENTATION_ITEM ( )  RATIONAL_B_SPLINE_CURVE ( ( 1.000000000000000000, 0.9999928237747195414, 0.9999928237747195414, 1.000000000000000000 ) ) 
 REPRESENTATION_ITEM ( '' )  );
#510 = CARTESIAN_POINT ( 'NONE',  ( 0.09940753582678005240, 0.9447857271142812152, 0.06744644248353447169 ) ) ;
#511 = VERTEX_POINT ( 'NONE', #2958 ) ;
#512 = CARTESIAN_POINT ( 'NONE',  ( -0.07313755633370404297, -0.9475702256404252566, -0.8181914113942918565 ) ) ;
#513 = SURFACE_STYLE_FILL_AREA ( #523 ) ;
#514 = DIRECTION ( 'NONE',  ( 1.000000000000000000, 0.000000000000000000, 0.000000000000000000 ) ) ;
#515 = PLANE ( 'NONE',  #2883 ) ;
#516 = CARTESIAN_POINT ( 'NONE',  ( 0.09238782051282053154, 0.9454969543160309797, -0.8519230769230765610 ) ) ;
#517 = CARTESIAN_POINT ( 'NONE',  ( -0.06781904319721668295, -0.9477302583730469188, -0.6887578130697086243 ) ) ;
#518 = PRODUCT_DEFINITION ( 'UNKNOWN', '', #379, #1428 ) ;
#519 = EDGE_CURVE ( 'NONE', #603, #1392, #2321, .T. ) ;
#520 = B_SPLINE_CURVE_WITH_KNOTS ( 'NONE', 3,
 ( #1127, #1575, #1629, #891, #437, #420, #2300, #2061, #3005, #2078 ),
 .UNSPECIFIED., .F., .F.,
 ( 4, 3, 3, 4 ),
 ( 0.000000000000000000, 2.405914650072924992E-05, 4.482504631021251964E-05, 6.594137337240239718E-05 ),
 .UNSPECIFIED. ) ;
#521 = CARTESIAN_POINT ( 'NONE',  ( -0.1290121540603461625, 0.9413182265799012738, -0.3882753214439805811 ) ) ;
#522 = CARTESIAN_POINT ( 'NONE',  ( -0.2383594352305045960, -0.9196112171796770873, 0.3617420433546497671 ) ) ;
#523 = FILL_AREA_STYLE ('',( #2132 ) ) ;
#524 = AXIS2_PLACEMENT_3D ( 'NONE', #614, #677, #2543 ) ;
#525 = FACE_OUTER_BOUND ( 'NONE', #199, .T. ) ;
#526 = CARTESIAN_POINT ( 'NONE',  ( -0.1769230769230767664, 0.9333800002421688280, 0.2948717948717950454 ) ) ;
#527 = VERTEX_POINT ( 'NONE', #1123 ) ;
#528 = CIRCLE ( 'NONE', #1936, 0.9499999999999999556 ) ;
#529 = CYLINDRICAL_SURFACE ( 'NONE', #1449, 0.9499999999999999556 ) ;
#530 = AXIS2_PLACEMENT_3D ( 'NONE', #2266, #2053, #2998 ) ;
#531 = VECTOR ( 'NONE', #2803, 1000.000000000000000 ) ;
#532 = FILL_AREA_STYLE ('',( #1960 ) ) ;
#533 = ORIENTED_EDGE ( 'NONE', *, *, #3021, .T. ) ;
#534 = FACE_OUTER_BOUND ( 'NONE', #1096, .T. ) ;
#535 = DIRECTION ( 'NONE',  ( -1.224646799147353207E-16, 1.000000000000000000, 0.000000000000000000 ) ) ;
#536 =( GEOMETRIC_REPRESENTATION_CONTEXT ( 3 ) GLOBAL_UNCERTAINTY_ASSIGNED_CONTEXT ( ( #696 ) ) GLOBAL_UNIT_ASSIGNED_CONTEXT ( ( #2340, #2822, #2610 ) ) REPRESENTATION_CONTEXT ( 'NONE', 'WORKASPACE' ) );
#537 = EDGE_CURVE ( 'NONE', #1301, #1732, #2783, .T. ) ;
#538 = CARTESIAN_POINT ( 'NONE',  ( 0.000000000000000000, -0.2999999999999999889, -1.949999999999999956 ) ) ;
#539 = CARTESIAN_POINT ( 'NONE',  ( -0.09278265648033064139, -0.9454741102171940748, 0.1295971406212072241 ) ) ;
#540 = VERTEX_POINT ( 'NONE', #2073 ) ;
#541 = DIRECTION ( 'NONE',  ( 0.000000000000000000, 0.000000000000000000, 1.000000000000000000 ) ) ;
#542 = CARTESIAN_POINT ( 'NONE',  ( -0.1051282051282049629, -0.9441652718070718819, 0.3616185897435899022 ) ) ;
#543 = ORIENTED_EDGE ( 'NONE', *, *, #2948, .F. ) ;
#544 = CARTESIAN_POINT ( 'NONE',  ( 0.03174931525212860289, 0.9494693154499623811, -0.9071484850759304885 ) ) ;
#545 = CARTESIAN_POINT ( 'NONE',  ( -0.1838873555596594322, -0.9320329610401605347, -0.5946186045153991628 ) ) ;
#546 = ORIENTED_EDGE ( 'NONE', *, *, #1302, .T. ) ;
#547 = CARTESIAN_POINT ( 'NONE',  ( -0.2596153846153846922, -0.9138379791139159547, -0.7958333333333331705 ) ) ;
#548 = CARTESIAN_POINT ( 'NONE',  ( 0.01794871794871810700, -0.9498304288261129047, 0.3463141025641027215 ) ) ;
#549 = CARTESIAN_POINT ( 'NONE',  ( -0.3003644119583851468, 0.9012706864199665491, 0.09127935039176621190 ) ) ;
#550 = LINE ( 'NONE', #2902, #276 ) ;
#551 = CARTESIAN_POINT ( 'NONE',  ( -0.005860484209865038548, 0.9502803456124769843, 0.3410766125269730775 ) ) ;
#552 = ORIENTED_EDGE ( 'NONE', *, *, #2241, .T. ) ;
#553 = CARTESIAN_POINT ( 'NONE',  ( 0.04442290512310676648, -0.9489608029316842774, 0.1539693614317418635 ) ) ;
#554 = CARTESIAN_POINT ( 'NONE',  ( -0.1024038461538461092, 0.9444646379261106839, -0.6897435897435899577 ) ) ;
#555 = CARTESIAN_POINT ( 'NONE',  ( -0.2816780512169950179, 0.9073372092316953630, -0.3969420152485673703 ) ) ;
#556 = ORIENTED_EDGE ( 'NONE', *, *, #402, .T. ) ;
#557 = CARTESIAN_POINT ( 'NONE',  ( -0.1203134239973866065, -0.9423509259277322858, 0.03069320694992322754 ) ) ;
#558 = CARTESIAN_POINT ( 'NONE',  ( 0.09238782051282053154, 0.9454969543160309797, -0.8519230769230765610 ) ) ;
#559 = VERTEX_POINT ( 'NONE', #3016 ) ;
#560 = CARTESIAN_POINT ( 'NONE',  ( -0.2841464213923114990, -0.9065256727133129688, -0.8320604190524927279 ) ) ;
#561 = UNCERTAINTY_MEASURE_WITH_UNIT (LENGTH_MEASURE( 1.000000000000000082E-05 ), #200, 'distance_accuracy_value', 'NONE');
#562 = DIRECTION ( 'NONE',  ( 0.000000000000000000, -1.278540297742340348E-16, 1.000000000000000000 ) ) ;
#563 = B_SPLINE_CURVE_WITH_KNOTS ( 'NONE', 3,
 ( #761, #2404, #1695, #1740, #2190, #1498, #2639, #1303, #1470, #833, #1756, #2238, #2391, #303, #315, #2426 ),
 .UNSPECIFIED., .F., .F.,
 ( 4, 3, 3, 3, 3, 4 ),
 ( 0.000000000000000000, 3.342378409169769940E-05, 5.019351533292942461E-05, 6.684372229561235583E-05, 8.464581666754408297E-05, 9.668904871708040036E-05 ),
 .UNSPECIFIED. ) ;
#564 = VERTEX_POINT ( 'NONE', #899 ) ;
#565 = CARTESIAN_POINT ( 'NONE',  ( -0.2801768355547405442, 0.9077759949159966979, 0.1316635421005882822 ) ) ;
#566 = CARTESIAN_POINT ( 'NONE',  ( -0.2384615384615383082, -0.9195847403445516210, 0.05152243589743604052 ) ) ;
#567 = CARTESIAN_POINT ( 'NONE',  ( 0.007643362099628414792, 0.9507819365958112279, -0.3233321431562594106 ) ) ;
#568 = VERTEX_POINT ( 'NONE', #2011 ) ;
#569 = CARTESIAN_POINT ( 'NONE',  ( -0.1616333258646777404, -0.9362571113434066117, -0.7456513084481505294 ) ) ;
#570 = DIRECTION ( 'NONE',  ( 1.000000000000000000, 0.000000000000000000, 0.000000000000000000 ) ) ;
#571 = ORIENTED_EDGE ( 'NONE', *, *, #2577, .F. ) ;
#572 = COLOUR_RGB ( '',0.8313725490196077761, 0.8313725490196077761, 0.8196078431372548767 ) ;
#573 = EDGE_CURVE ( 'NONE', #2452, #55, #1108, .T. ) ;
#574 = SURFACE_STYLE_USAGE ( .BOTH. , #2949 ) ;
#575 = DIRECTION ( 'NONE',  ( -1.000000000000000000, 0.000000000000000000, 0.000000000000000000 ) ) ;
#576 = ORIENTED_EDGE ( 'NONE', *, *, #1328, .F. ) ;
#577 = ORIENTED_EDGE ( 'NONE', *, *, #1100, .F. ) ;
#578 = CARTESIAN_POINT ( 'NONE',  ( -0.1154512398610835211, 0.9429586500583262421, 0.05613025459841777809 ) ) ;
#579 = CARTESIAN_POINT ( 'NONE',  ( 0.1011585165825075183, -0.9446488646460915461, -0.4471896416323770107 ) ) ;
#580 = COLOUR_RGB ( '',0.8313725490196077761, 0.8313725490196077761, 0.8196078431372548767 ) ;
#581 = CARTESIAN_POINT ( 'NONE',  ( -0.02950485657283145879, -0.9499213059205189325, -0.3921147926772441394 ) ) ;
#582 = CARTESIAN_POINT ( 'NONE',  ( -0.3051282051282049879, -0.8996648144921751689, 0.3591346153846155520 ) ) ;
#583 = ORIENTED_EDGE ( 'NONE', *, *, #1139, .T. ) ;
#584 = CARTESIAN_POINT ( 'NONE',  ( 0.09999999999999999167, -0.9447221813845592120, -1.074358974358973873 ) ) ;
#585 = CARTESIAN_POINT ( 'NONE',  ( -0.2050828793739273570, 0.9275995971253978567, -0.8415684805822744030 ) ) ;
#586 = VERTEX_POINT ( 'NONE', #1637 ) ;
#587 = B_SPLINE_CURVE_WITH_KNOTS ( 'NONE', 3,
 ( #2657, #588, #789, #2929, #1240, #1506, #2177, #127, #306, #558 ),
 .UNSPECIFIED., .F., .F.,
 ( 4, 3, 3, 4 ),
 ( 0.000000000000000000, 1.909662632124582793E-05, 3.819121541621021363E-05, 7.635473783102774185E-05 ),
 .UNSPECIFIED. ) ;
#588 = CARTESIAN_POINT ( 'NONE',  ( 0.1000032999662238409, 0.9447218320790926605, -0.9212786895271017906 ) ) ;
#589 = EDGE_LOOP ( 'NONE', ( #322, #2591, #1403, #663, #1665, #2209, #2188 ) ) ;
#590 = B_SPLINE_CURVE_WITH_KNOTS ( 'NONE', 3,
 ( #2903, #1707, #1248, #611, #2221, #1495, #2705, #1055, #2205, #362, #1753, #92, #1299 ),
 .UNSPECIFIED., .F., .F.,
 ( 4, 3, 3, 3, 4 ),
 ( 0.000000000000000000, 3.022497612257682507E-05, 6.065684436881650085E-05, 9.954666039564620712E-05, 0.0001069455140235967450 ),
 .UNSPECIFIED. ) ;
#591 = EDGE_CURVE ( 'NONE', #3, #2894, #1305, .T. ) ;
#592 = DIRECTION ( 'NONE',  ( 0.000000000000000000, 0.000000000000000000, 1.000000000000000000 ) ) ;
#593 = B_SPLINE_CURVE_WITH_KNOTS ( 'NONE', 3,
 ( #378, #445, #1317, #1330, #413, #2292, #2278, #177, #883, #3012 ),
 .UNSPECIFIED., .F., .F.,
 ( 4, 3, 3, 4 ),
 ( 1.533293416683374186E-19, 2.937598859114445496E-05, 5.687196713339779926E-05, 8.491456543961603499E-05 ),
 .UNSPECIFIED. ) ;
#594 = EDGE_CURVE ( 'NONE', #944, #693, #1873, .T. ) ;
#595 = FACE_OUTER_BOUND ( 'NONE', #2385, .T. ) ;
#596 = B_SPLINE_CURVE_WITH_KNOTS ( 'NONE', 3,
 ( #2095, #441, #1369, #1072, #3024, #2310, #3009, #3043, #1579, #894 ),
 .UNSPECIFIED., .F., .F.,
 ( 4, 3, 3, 4 ),
 ( 0.000000000000000000, 2.219564421527880230E-05, 4.439612486369882093E-05, 6.584227483802303780E-05 ),
 .UNSPECIFIED. ) ;
#597 = CARTESIAN_POINT ( 'NONE',  ( -0.2461479636801058302, 0.9175571807664614221, -0.06007032487333280324 ) ) ;
#598 = CARTESIAN_POINT ( 'NONE',  ( 0.1051282051282051849, -0.9441652718070718819, -0.5005608974358976004 ) ) ;
#599 = DIRECTION ( 'NONE',  ( -1.000000000000000000, 0.000000000000000000, 0.000000000000000000 ) ) ;
#600 = ORIENTED_EDGE ( 'NONE', *, *, #591, .F. ) ;
#601 = CARTESIAN_POINT ( 'NONE',  ( -0.2333333333333333648, 0.9208993189027536719, -3.403937756669170867 ) ) ;
#602 = CARTESIAN_POINT ( 'NONE',  ( -0.1881736924797153820, 0.9312247007741134563, -0.8314087486877758115 ) ) ;
#603 = VERTEX_POINT ( 'NONE', #2315 ) ;
#604 = CARTESIAN_POINT ( 'NONE',  ( -0.1171043020468068574, -0.9427547838341255870, 0.04330269940325653932 ) ) ;
#605 = VERTEX_POINT ( 'NONE', #960 ) ;
#606 = CARTESIAN_POINT ( 'NONE',  ( 0.03197374868584876989, 0.9494620176717593063, 0.06361372123333459971 ) ) ;
#607 = CARTESIAN_POINT ( 'NONE',  ( -0.2999427011752178185, -0.9014068890676074641, -0.9173260561336453733 ) ) ;
#608 = CARTESIAN_POINT ( 'NONE',  ( -0.02114278598087554473, 0.9497812909396075032, 0.08904558897321225575 ) ) ;
#609 = EDGE_CURVE ( 'NONE', #183, #1437, #2837, .T. ) ;
#610 = DIRECTION ( 'NONE',  ( 0.000000000000000000, -0.000000000000000000, 1.000000000000000000 ) ) ;
#611 = CARTESIAN_POINT ( 'NONE',  ( -0.03232791207675797529, 0.9494497912481216773, 0.1614354248379018253 ) ) ;
#612 = CARTESIAN_POINT ( 'NONE',  ( 0.000000000000000000, 0.000000000000000000, -3.403937756669170867 ) ) ;
#613 = VERTEX_POINT ( 'NONE', #211 ) ;
#614 = CARTESIAN_POINT ( 'NONE',  ( 0.000000000000000000, 0.000000000000000000, -0.2538461538461539990 ) ) ;
#615 = EDGE_CURVE ( 'NONE', #2992, #1301, #999, .T. ) ;
#616 = CARTESIAN_POINT ( 'NONE',  ( 0.02952701432381996810, -0.9495410235607478766, 0.03463766536603204299 ) ) ;
#617 = VERTEX_POINT ( 'NONE', #222 ) ;
#618 = COLOUR_RGB ( '',0.8313725490196077761, 0.8313725490196077761, 0.8196078431372548767 ) ;
#619 = CARTESIAN_POINT ( 'NONE',  ( -0.06531582380848624525, 0.9483439773023869535, -0.3876939976945492639 ) ) ;
#620 = DIRECTION ( 'NONE',  ( -0.000000000000000000, -0.000000000000000000, -1.000000000000000000 ) ) ;
#621 = VERTEX_POINT ( 'NONE', #706 ) ;
#622 = COLOUR_RGB ( '',0.8313725490196077761, 0.8313725490196077761, 0.8196078431372548767 ) ;
#623 = CARTESIAN_POINT ( 'NONE',  ( 0.07097905360159645349, 0.9473446964804769221, -0.03177342282717543487 ) ) ;
#624 = CARTESIAN_POINT ( 'NONE',  ( -0.1923076923076922073, 0.9303320651677496889, -3.403937756669170867 ) ) ;
#625 = CARTESIAN_POINT ( 'NONE',  ( 0.09238782051282053154, -0.9454969543160309797, -0.8519230769230765610 ) ) ;
#626 = COLOUR_RGB ( '',0.1019607843137254888, 0.1019607843137254888, 0.1019607843137254888 ) ;
#627 = CARTESIAN_POINT ( 'NONE',  ( -0.3029746729828647345, -0.9004088683784664537, 0.3916409632211595993 ) ) ;
#628 = ORIENTED_EDGE ( 'NONE', *, *, #2357, .F. ) ;
#629 = CARTESIAN_POINT ( 'NONE',  ( -0.2384615384615383082, -0.9195847403445516210, 0.05152243589743604052 ) ) ;
#630 = B_SPLINE_CURVE_WITH_KNOTS ( 'NONE', 3,
 ( #5, #1183, #2108, #940, #1910, #49, #1872, #2818, #2160, #710, #724, #1642, #977 ),
 .UNSPECIFIED., .F., .F.,
 ( 4, 3, 3, 3, 4 ),
 ( 0.000000000000000000, 3.341385657019813982E-05, 5.536487708649651042E-05, 7.749754690775098663E-05, 9.511007092660427324E-05 ),
 .UNSPECIFIED. ) ;
#631 = EDGE_CURVE ( 'NONE', #2576, #680, #745, .T. ) ;
#632 = VECTOR ( 'NONE', #2417, 1000.000000000000000 ) ;
#633 = CARTESIAN_POINT ( 'NONE',  ( -0.03846153846153831796, 0.9492211070447030830, 0.3799679487179488668 ) ) ;
#634 = CARTESIAN_POINT ( 'NONE',  ( -0.1005608974358973839, -0.9446626413206393735, -0.3102564102564104309 ) ) ;
#635 = CARTESIAN_POINT ( 'NONE',  ( 0.06402243589743610019, -0.9478402437656668900, 0.1392628205128206564 ) ) ;
#636 =( LENGTH_UNIT ( ) NAMED_UNIT ( * ) SI_UNIT ( .MILLI., .METRE. ) );
#637 = CARTESIAN_POINT ( 'NONE',  ( -0.2291910612173559403, 0.9220383931199487293, 0.2387378344798268270 ) ) ;
#638 = CARTESIAN_POINT ( 'NONE',  ( -0.2995896528281907223, -0.9015242869264719072, -0.9053478427511693072 ) ) ;
#639 = CARTESIAN_POINT ( 'NONE',  ( -0.05652277226183664849, 0.9483170230549288204, 0.05735580859640357354 ) ) ;
#640 = CARTESIAN_POINT ( 'NONE',  ( -0.1769230769230767664, -0.9333800002421688280, -0.002564102564102431828 ) ) ;
#641 = CARTESIAN_POINT ( 'NONE',  ( 0.07969601439945613042, -0.9467371151646011285, -0.8129100294811857363 ) ) ;
#642 = ORIENTED_EDGE ( 'NONE', *, *, #1764, .T. ) ;
#643 =( NAMED_UNIT ( * ) SI_UNIT ( $, .STERADIAN. ) SOLID_ANGLE_UNIT ( ) );
#644 = CARTESIAN_POINT ( 'NONE',  ( 0.1000000000000001582, -0.9447221813845592120, 0.05096153846153859968 ) ) ;
#645 = CARTESIAN_POINT ( 'NONE',  ( 0.03313042686930163516, -0.9494221295346900735, -0.9361132116578394502 ) ) ;
#646 = CARTESIAN_POINT ( 'NONE',  ( -0.1160564534504300582, 0.9428843511338854677, 0.06591397994497522062 ) ) ;
#647 = DIRECTION ( 'NONE',  ( 0.000000000000000000, 0.000000000000000000, -1.000000000000000000 ) ) ;
#648 = SURFACE_SIDE_STYLE ('',( #2272 ) ) ;
#649 = EDGE_LOOP ( 'NONE', ( #2552, #2260, #114, #2434 ) ) ;
#650 = CARTESIAN_POINT ( 'NONE',  ( -0.2384615384615383082, 0.9195847403445516210, 0.05152243589743604052 ) ) ;
#651 = CARTESIAN_POINT ( 'NONE',  ( -0.2970028315191284851, -0.9023808352046605030, -0.8755321761260962399 ) ) ;
#652 = CARTESIAN_POINT ( 'NONE',  ( -0.01025668612095516352, -0.9499524178004881136, -0.04358790449277605283 ) ) ;
#653 = CARTESIAN_POINT ( 'NONE',  ( -0.2262195264204467926, -0.9226725994983753232, 0.01924316093894253010 ) ) ;
#654 = CARTESIAN_POINT ( 'NONE',  ( 0.1051282051282051849, -0.9441652718070718819, -0.5005608974358976004 ) ) ;
#655 = ORIENTED_EDGE ( 'NONE', *, *, #1820, .F. ) ;
#656 = SURFACE_STYLE_FILL_AREA ( #2268 ) ;
#657 = CARTESIAN_POINT ( 'NONE',  ( 0.09343364090665580435, -0.9454125731888611828, 0.09654102839677140835 ) ) ;
#658 = CARTESIAN_POINT ( 'NONE',  ( -0.1053997146829588061, -0.9441350405403452495, 0.3540454114264542373 ) ) ;
#659 = CARTESIAN_POINT ( 'NONE',  ( 0.000000000000000000, 0.000000000000000000, -3.403937756669170867 ) ) ;
#660 = CARTESIAN_POINT ( 'NONE',  ( -0.2332654236375287515, -0.9209165255564696340, -0.9255717095488501522 ) ) ;
#661 = UNCERTAINTY_MEASURE_WITH_UNIT (LENGTH_MEASURE( 1.000000000000000082E-05 ), #499, 'distance_accuracy_value', 'NONE');
#662 =( NAMED_UNIT ( * ) SI_UNIT ( $, .STERADIAN. ) SOLID_ANGLE_UNIT ( ) );
#663 = ORIENTED_EDGE ( 'NONE', *, *, #609, .T. ) ;
#664 = AXIS2_PLACEMENT_3D ( 'NONE', #2856, #1647, #2586 ) ;
#665 = EDGE_CURVE ( 'NONE', #540, #457, #1622, .T. ) ;
#666 = CARTESIAN_POINT ( 'NONE',  ( -0.009294871794871612664, -0.9499545280476939801, 0.08974358974358988272 ) ) ;
#667 = CARTESIAN_POINT ( 'NONE',  ( -0.2998520010606953168, -0.9014371047872484777, -0.9113330173306267712 ) ) ;
#668 = PRODUCT_CONTEXT ( 'NONE', #3047, 'mechanical' ) ;
#669 = CARTESIAN_POINT ( 'NONE',  ( -0.2268196728557765884, 0.9225252495218508875, 0.08398584457700770944 ) ) ;
#670 = MECHANICAL_DESIGN_GEOMETRIC_PRESENTATION_REPRESENTATION (  '', ( #2284 ), #2235 ) ;
#671 = DIRECTION ( 'NONE',  ( 1.000000000000000000, 0.000000000000000000, 0.000000000000000000 ) ) ;
#672 = CARTESIAN_POINT ( 'NONE',  ( 0.04030364961471120944, 0.9491898377378360507, 0.1569178358366747073 ) ) ;
#673 = SURFACE_SIDE_STYLE ('',( #180 ) ) ;
#674 = PRESENTATION_LAYER_ASSIGNMENT (  '', '', ( #1459 ) ) ;
#675 = ORIENTED_EDGE ( 'NONE', *, *, #820, .T. ) ;
#676 =( LENGTH_UNIT ( ) NAMED_UNIT ( * ) SI_UNIT ( .MILLI., .METRE. ) );
#677 = DIRECTION ( 'NONE',  ( 0.000000000000000000, 0.000000000000000000, -1.000000000000000000 ) ) ;
#678 = LINE ( 'NONE', #3017, #321 ) ;
#679 = CARTESIAN_POINT ( 'NONE',  ( 0.09644809611570059893, -0.9450914055030107397, -0.8705953575510665399 ) ) ;
#680 = VERTEX_POINT ( 'NONE', #245 ) ;
#681 = SURFACE_STYLE_USAGE ( .BOTH. , #2285 ) ;
#682 = CARTESIAN_POINT ( 'NONE',  ( -0.2936808740504663340, -0.9037648537402390714, -0.01611360156545644032 ) ) ;
#683 = ORIENTED_EDGE ( 'NONE', *, *, #1971, .F. ) ;
#684 =( NAMED_UNIT ( * ) PLANE_ANGLE_UNIT ( ) SI_UNIT ( $, .RADIAN. ) );
#685 = ORIENTED_EDGE ( 'NONE', *, *, #573, .F. ) ;
#686 = FILL_AREA_STYLE_COLOUR ( '', #369 ) ;
#687 = DIRECTION ( 'NONE',  ( 1.224646799147353207E-16, 1.000000000000000000, -0.000000000000000000 ) ) ;
#688 = EDGE_CURVE ( 'NONE', #1488, #227, #1576, .T. ) ;
#689 = ADVANCED_FACE ( 'NONE', ( #267, #1424 ), #2346, .T. ) ;
#690 = CARTESIAN_POINT ( 'NONE',  ( -0.1927777966689526168, -0.9302737398284789405, 0.1040360326364813404 ) ) ;
#691 = CARTESIAN_POINT ( 'NONE',  ( -0.1137926152689625187, 0.9432833145113852513, -0.3873817507984531061 ) ) ;
#692 = FACE_OUTER_BOUND ( 'NONE', #479, .T. ) ;
#693 = VERTEX_POINT ( 'NONE', #2846 ) ;
#694 = CARTESIAN_POINT ( 'NONE',  ( -0.2272465826781882581, 0.9224461600014315366, 0.4825986824619213911 ) ) ;
#695 = CARTESIAN_POINT ( 'NONE',  ( -0.1005608974358973839, 0.9446626413206393735, -0.3102564102564104309 ) ) ;
#696 = UNCERTAINTY_MEASURE_WITH_UNIT (LENGTH_MEASURE( 1.000000000000000082E-05 ), #2340, 'distance_accuracy_value', 'NONE');
#697 = CARTESIAN_POINT ( 'NONE',  ( -0.2491684950781052066, -0.9170356741695896430, -0.06310221011220973342 ) ) ;
#698 = ORIENTED_EDGE ( 'NONE', *, *, #2965, .T. ) ;
#699 = CARTESIAN_POINT ( 'NONE',  ( -0.04701593909774969687, -0.9488435571883604425, 0.07516651424632148082 ) ) ;
#700 = B_SPLINE_CURVE_WITH_KNOTS ( 'NONE', 3,
 ( #654, #1134, #1566, #897, #198, #2488, #2968, #3013, #397, #2503 ),
 .UNSPECIFIED., .F., .F.,
 ( 4, 3, 3, 4 ),
 ( 0.000000000000000000, 2.161275432765606599E-05, 4.323941805456862783E-05, 8.648921343728265042E-05 ),
 .UNSPECIFIED. ) ;
#701 = ORIENTED_EDGE ( 'NONE', *, *, #426, .F. ) ;
#702 = CARTESIAN_POINT ( 'NONE',  ( -0.1666323477116838370, -0.9352774836128177061, 0.4178985663558277275 ) ) ;
#703 = CARTESIAN_POINT ( 'NONE',  ( 0.09143836335494459622, 0.9456136173995997041, 0.1019379010927874418 ) ) ;
#704 = ORIENTED_EDGE ( 'NONE', *, *, #2475, .T. ) ;
#705 = EDGE_CURVE ( 'NONE', #806, #3045, #1980, .T. ) ;
#706 = CARTESIAN_POINT ( 'NONE',  ( 0.09238782051282053154, 0.9454969543160309797, -0.8519230769230765610 ) ) ;
#707 = CARTESIAN_POINT ( 'NONE',  ( -0.1051282051282049629, 0.9441652718070718819, 0.3616185897435899022 ) ) ;
#708 =( LENGTH_UNIT ( ) NAMED_UNIT ( * ) SI_UNIT ( .MILLI., .METRE. ) );
#709 = CARTESIAN_POINT ( 'NONE',  ( 0.000000000000000000, 0.000000000000000000, 1.949999999999999956 ) ) ;
#710 = CARTESIAN_POINT ( 'NONE',  ( -0.2357153671425127883, 0.9202924891961010712, 0.3383221856505996827 ) ) ;
#711 = B_SPLINE_CURVE_WITH_KNOTS ( 'NONE', 3,
 ( #843, #2521, #1571, #1832, #1363, #1321, #185, #2255, #2741, #2057 ),
 .UNSPECIFIED., .F., .F.,
 ( 4, 3, 3, 4 ),
 ( 0.000000000000000000, 2.162775982837937866E-05, 4.323817316993554624E-05, 8.631740333732821106E-05 ),
 .UNSPECIFIED. ) ;
#712 = VERTEX_POINT ( 'NONE', #1918 ) ;
#713 = VECTOR ( 'NONE', #68, 1000.000000000000000 ) ;
#714 = EDGE_LOOP ( 'NONE', ( #2878, #760, #3030, #2226, #1306, #1618, #1631, #2425, #2288, #323, #1519, #2460, #364, #1293, #1004, #1024 ) ) ;
#715 = CARTESIAN_POINT ( 'NONE',  ( -0.1218064466923981792, -0.9421587921094722873, 0.4028012075288823213 ) ) ;
#716 = CIRCLE ( 'NONE', #1405, 1.300000000000000711 ) ;
#717 = CARTESIAN_POINT ( 'NONE',  ( -0.007798134717301015428, -0.9500500854332232237, -0.8349553022589414342 ) ) ;
#718 = DIRECTION ( 'NONE',  ( -1.000000000000000000, 0.000000000000000000, 0.000000000000000000 ) ) ;
#719 = AXIS2_PLACEMENT_3D ( 'NONE', #746, #1669, #718 ) ;
#720 = EDGE_CURVE ( 'NONE', #1732, #1346, #2168, .T. ) ;
#721 = COLOUR_RGB ( '',0.1019607843137254888, 0.1019607843137254888, 0.1019607843137254888 ) ;
#722 = COLOUR_RGB ( '',0.8313725490196077761, 0.8313725490196077761, 0.8196078431372548767 ) ;
#723 = CARTESIAN_POINT ( 'NONE',  ( -0.2339563291261688716, 0.9207412427288170775, 0.4790628063991632102 ) ) ;
#724 = CARTESIAN_POINT ( 'NONE',  ( -0.2375862040998354408, 0.9198133099944493241, 0.3439444888542684819 ) ) ;
#725 = UNCERTAINTY_MEASURE_WITH_UNIT (LENGTH_MEASURE( 1.000000000000000082E-05 ), #2304, 'distance_accuracy_value', 'NONE');
#726 =( NAMED_UNIT ( * ) PLANE_ANGLE_UNIT ( ) SI_UNIT ( $, .RADIAN. ) );
#727 = CARTESIAN_POINT ( 'NONE',  ( -0.2320792126463318283, 0.9212374753620374834, -0.7733901275322483393 ) ) ;
#728 = CARTESIAN_POINT ( 'NONE',  ( -0.1166972990643771885, -0.9428091460042239413, 0.07117563017723126106 ) ) ;
#729 = ORIENTED_EDGE ( 'NONE', *, *, #1897, .T. ) ;
#730 = DIRECTION ( 'NONE',  ( 1.000000000000000000, 0.000000000000000000, -0.000000000000000000 ) ) ;
#731 = CARTESIAN_POINT ( 'NONE',  ( 0.08467659205534475153, 0.9462187245857404116, 0.1135152717114688847 ) ) ;
#732 = ADVANCED_BREP_SHAPE_REPRESENTATION ( 'DO-35_3.90x1.90x0.60x22.86', ( #1998, #1032, #3023, #1846 ), #1255 ) ;
#733 = CARTESIAN_POINT ( 'NONE',  ( -0.2536858974358973118, 0.9155017561109008994, 0.4665064102564104309 ) ) ;
#734 = CARTESIAN_POINT ( 'NONE',  ( 0.02627572601484612358, 0.9496419902266487467, -0.8764940824621975102 ) ) ;
#735 = CARTESIAN_POINT ( 'NONE',  ( -0.2129794504301070202, 0.9258184237173694431, 0.4878980501357385591 ) ) ;
#736 = CARTESIAN_POINT ( 'NONE',  ( -0.1759594793213700437, -0.9335962105363811991, 0.4946589690155976382 ) ) ;
#737 = CARTESIAN_POINT ( 'NONE',  ( -0.1295962115287307981, -0.9411243002155855741, 0.2608596012998664615 ) ) ;
#738 = FILL_AREA_STYLE ('',( #290 ) ) ;
#739 = EDGE_CURVE ( 'NONE', #818, #2164, #122, .T. ) ;
#740 = CARTESIAN_POINT ( 'NONE',  ( -0.2142919993740142193, 0.9255939163569470995, -0.7630952894079671145 ) ) ;
#741 = VERTEX_POINT ( 'NONE', #538 ) ;
#742 = DIRECTION ( 'NONE',  ( 1.000000000000000000, 0.000000000000000000, 0.000000000000000000 ) ) ;
#743 = CARTESIAN_POINT ( 'NONE',  ( -0.1362189518029121860, -0.9407413275468354819, 0.4940611883029253915 ) ) ;
#744 = CARTESIAN_POINT ( 'NONE',  ( 0.07187994319269511156, 0.9473095037380795391, 0.1315602898502054308 ) ) ;
#745 = LINE ( 'NONE', #2588, #1402 ) ;
#746 = CARTESIAN_POINT ( 'NONE',  ( 0.000000000000000000, 0.000000000000000000, -3.403937756669170867 ) ) ;
#747 = CARTESIAN_POINT ( 'NONE',  ( 0.09960112240222966651, 0.9447646376323750594, 0.03815927808651651404 ) ) ;
#748 = CARTESIAN_POINT ( 'NONE',  ( -0.2064980542352511383, -0.9273151018537415524, 0.4900446088428344615 ) ) ;
#749 = CARTESIAN_POINT ( 'NONE',  ( 0.07975636071099924396, 0.9467312185150413839, -0.8130955266038286666 ) ) ;
#750 = CARTESIAN_POINT ( 'NONE',  ( 0.000000000000000000, 0.000000000000000000, -3.403937756669170867 ) ) ;
#751 = ORIENTED_EDGE ( 'NONE', *, *, #2361, .F. ) ;
#752 = EDGE_CURVE ( 'NONE', #981, #1594, #1030, .T. ) ;
#753 = FACE_BOUND ( 'NONE', #1516, .T. ) ;
#754 = COLOUR_RGB ( '',0.1019607843137254888, 0.1019607843137254888, 0.1019607843137254888 ) ;
#755 = CARTESIAN_POINT ( 'NONE',  ( -0.2207181160734606185, -0.9240499118957961056, -0.8572647982038443804 ) ) ;
#756 = CIRCLE ( 'NONE', #1156, 0.7500000000000000000 ) ;
#757 = CARTESIAN_POINT ( 'NONE',  ( -0.2873297702481710236, 0.9055062689599033821, 0.1196141113257025435 ) ) ;
#758 = CARTESIAN_POINT ( 'NONE',  ( -0.1034712681189969979, -0.9443630346672536868, 0.1473893975992759398 ) ) ;
#759 = PRESENTATION_STYLE_ASSIGNMENT (( #2860 ) ) ;
#760 = ORIENTED_EDGE ( 'NONE', *, *, #2866, .T. ) ;
#761 = CARTESIAN_POINT ( 'NONE',  ( -0.1697916666666665075, 0.9347035839936399526, 0.4179487179487181292 ) ) ;
#762 = AXIS2_PLACEMENT_3D ( 'NONE', #2547, #2043, #2988 ) ;
#763 = DIRECTION ( 'NONE',  ( -0.000000000000000000, -0.000000000000000000, -1.000000000000000000 ) ) ;
#764 = ORIENTED_EDGE ( 'NONE', *, *, #720, .T. ) ;
#765 = CIRCLE ( 'NONE', #2638, 0.7000000000000009548 ) ;
#766 = CIRCLE ( 'NONE', #867, 0.7500000000000000000 ) ;
#767 = CARTESIAN_POINT ( 'NONE',  ( -0.08661858974358957464, -0.9460429270973024218, 0.1091346153846155104 ) ) ;
#768 = CARTESIAN_POINT ( 'NONE',  ( 0.02948717948717948303, 0.9495422614322601707, -0.8898237179487176185 ) ) ;
#769 =( GEOMETRIC_REPRESENTATION_CONTEXT ( 3 ) GLOBAL_UNCERTAINTY_ASSIGNED_CONTEXT ( ( #2079 ) ) GLOBAL_UNIT_ASSIGNED_CONTEXT ( ( #394, #684, #1902 ) ) REPRESENTATION_CONTEXT ( 'NONE', 'WORKASPACE' ) );
#770 = CARTESIAN_POINT ( 'NONE',  ( -0.2384615384615384193, -0.9195847403445515100, -0.4995993589743591423 ) ) ;
#771 = ORIENTED_EDGE ( 'NONE', *, *, #2900, .T. ) ;
#772 = DIRECTION ( 'NONE',  ( -1.000000000000000000, 0.000000000000000000, 0.000000000000000000 ) ) ;
#773 = AXIS2_PLACEMENT_3D ( 'NONE', #331, #2458, #796 ) ;
#774 = CARTESIAN_POINT ( 'NONE',  ( 3.673940397442059498E-17, -3.550000000000000711, 11.73000000000000043 ) ) ;
#775 = MECHANICAL_DESIGN_GEOMETRIC_PRESENTATION_REPRESENTATION (  '', ( #1122 ), #2845 ) ;
#776 = ORIENTED_EDGE ( 'NONE', *, *, #739, .F. ) ;
#777 = DIRECTION ( 'NONE',  ( 0.000000000000000000, -1.000000000000000000, 6.802837160693362624E-16 ) ) ;
#778 = EDGE_CURVE ( 'NONE', #2124, #2408, #2529, .T. ) ;
#779 = CARTESIAN_POINT ( 'NONE',  ( -0.008814578273888004287, 0.9499935824870450185, -0.6751721225776129431 ) ) ;
#780 = EDGE_CURVE ( 'NONE', #951, #1979, #1831, .T. ) ;
#781 = DIRECTION ( 'NONE',  ( 0.000000000000000000, 0.000000000000000000, 1.000000000000000000 ) ) ;
#782 = ORIENTED_EDGE ( 'NONE', *, *, #65, .F. ) ;
#783 = CARTESIAN_POINT ( 'NONE',  ( 0.02591380116958132140, -0.9496505460561855960, 0.07518602291462123111 ) ) ;
#784 = EDGE_CURVE ( 'NONE', #1497, #139, #596, .T. ) ;
#785 = CARTESIAN_POINT ( 'NONE',  ( 0.000000000000000000, 0.000000000000000000, 1.749999999999999778 ) ) ;
#786 = CARTESIAN_POINT ( 'NONE',  ( -0.1750801282051280550, -0.9337274488348705770, 0.1051282051282052682 ) ) ;
#787 = ORIENTED_EDGE ( 'NONE', *, *, #1469, .T. ) ;
#788 =( NAMED_UNIT ( * ) PLANE_ANGLE_UNIT ( ) SI_UNIT ( $, .RADIAN. ) );
#789 = CARTESIAN_POINT ( 'NONE',  ( 0.09994749845448983039, 0.9447277705112948620, -0.9149106210403412653 ) ) ;
#790 = ORIENTED_EDGE ( 'NONE', *, *, #1728, .T. ) ;
#791 = ORIENTED_EDGE ( 'NONE', *, *, #2795, .F. ) ;
#792 = FACE_BOUND ( 'NONE', #1598, .T. ) ;
#793 = CARTESIAN_POINT ( 'NONE',  ( -0.05897435897435880647, 0.9481677198595001022, 0.03541666666666680452 ) ) ;
#794 = CARTESIAN_POINT ( 'NONE',  ( 0.03333333333333351328, 0.9494150245750743178, 0.05160256410256423149 ) ) ;
#795 = CARTESIAN_POINT ( 'NONE',  ( -0.2056504726958095219, 0.9274739258225708216, -0.07634671182070369710 ) ) ;
#796 = DIRECTION ( 'NONE',  ( 1.000000000000000000, 0.000000000000000000, 0.000000000000000000 ) ) ;
#797 = FILL_AREA_STYLE ('',( #1056 ) ) ;
#798 = VERTEX_POINT ( 'NONE', #7 ) ;
#799 = EDGE_CURVE ( 'NONE', #2245, #2246, #2514, .T. ) ;
#800 = CARTESIAN_POINT ( 'NONE',  ( -0.003899885240558471217, -0.9499957671953935812, 0.08956870104355776907 ) ) ;
#801 = DIRECTION ( 'NONE',  ( 1.000000000000000000, 0.000000000000000000, 0.000000000000000000 ) ) ;
#802 = ORIENTED_EDGE ( 'NONE', *, *, #1451, .T. ) ;
#803 = CARTESIAN_POINT ( 'NONE',  ( 0.03846153846153854000, 0.9492211070447030830, -0.4995993589743591423 ) ) ;
#804 = CARTESIAN_POINT ( 'NONE',  ( -0.2271133734927642811, -0.9224654255085574794, -0.5517810692068096934 ) ) ;
#805 = ORIENTED_EDGE ( 'NONE', *, *, #2652, .F. ) ;
#806 = VERTEX_POINT ( 'NONE', #458 ) ;
#807 = SURFACE_STYLE_USAGE ( .BOTH. , #2415 ) ;
#808 = UNCERTAINTY_MEASURE_WITH_UNIT (LENGTH_MEASURE( 1.000000000000000082E-05 ), #2271, 'distance_accuracy_value', 'NONE');
#809 = LINE ( 'NONE', #2386, #1895 ) ;
#810 = CARTESIAN_POINT ( 'NONE',  ( -0.1885711204345118797, 0.9311721023895875859, -0.0009280626798966782427 ) ) ;
#811 = CARTESIAN_POINT ( 'NONE',  ( -0.2570225680693085657, 0.9146399111048659769, -0.05334494005817409096 ) ) ;
#812 =( NAMED_UNIT ( * ) SI_UNIT ( $, .STERADIAN. ) SOLID_ANGLE_UNIT ( ) );
#813 = ORIENTED_EDGE ( 'NONE', *, *, #1599, .F. ) ;
#814 = CARTESIAN_POINT ( 'NONE',  ( -0.006600714438238803466, -0.9499808891486575257, 0.08965603321819753946 ) ) ;
#815 = CARTESIAN_POINT ( 'NONE',  ( 0.02398998911675970583, -0.9497046578128929273, 0.02586639333900708423 ) ) ;
#816 = CIRCLE ( 'NONE', #1245, 0.2999999999999999889 ) ;
#817 = EDGE_CURVE ( 'NONE', #341, #1319, #470, .T. ) ;
#818 = VERTEX_POINT ( 'NONE', #1174 ) ;
#819 = EDGE_CURVE ( 'NONE', #139, #927, #2828, .T. ) ;
#820 = EDGE_CURVE ( 'NONE', #1188, #3, #2138, .T. ) ;
#821 = SURFACE_STYLE_USAGE ( .BOTH. , #1944 ) ;
#822 = AXIS2_PLACEMENT_3D ( 'NONE', #2770, #900, #2270 ) ;
#823 = ORIENTED_EDGE ( 'NONE', *, *, #665, .T. ) ;
#824 = ORIENTED_EDGE ( 'NONE', *, *, #214, .T. ) ;
#825 =( NAMED_UNIT ( * ) PLANE_ANGLE_UNIT ( ) SI_UNIT ( $, .RADIAN. ) );
#826 = CIRCLE ( 'NONE', #484, 0.9499999999999999556 ) ;
#827 = CARTESIAN_POINT ( 'NONE',  ( -0.1210737179487177823, 0.9422532328530769385, 0.02820512820512834778 ) ) ;
#828 = ORIENTED_EDGE ( 'NONE', *, *, #978, .T. ) ;
#829 = CARTESIAN_POINT ( 'NONE',  ( -0.2207462736244858725, 0.9240069210802155375, 0.01350108119657112034 ) ) ;
#830 = CARTESIAN_POINT ( 'NONE',  ( -0.02545600811425645718, 0.9496588817311649722, -0.6805607340148487339 ) ) ;
#831 = CARTESIAN_POINT ( 'NONE',  ( -0.02966977484752853292, 0.9498351356909471299, 0.3358391030264321619 ) ) ;
#832 = ORIENTED_EDGE ( 'NONE', *, *, #392, .T. ) ;
#833 = CARTESIAN_POINT ( 'NONE',  ( -0.1122894772621169379, 0.9433403804017932437, 0.3907610413360225743 ) ) ;
#834 = CARTESIAN_POINT ( 'NONE',  ( 0.03327289359057294948, -0.9494171465744526417, 0.05039091814305686479 ) ) ;
#835 = ORIENTED_EDGE ( 'NONE', *, *, #1916, .F. ) ;
#836 = CARTESIAN_POINT ( 'NONE',  ( -0.1160824785047295388, -0.9428817096633675954, 0.04837533206638469641 ) ) ;
#837 = EDGE_LOOP ( 'NONE', ( #2358, #791, #391, #1635 ) ) ;
#838 = ORIENTED_EDGE ( 'NONE', *, *, #1765, .T. ) ;
#839 = EDGE_CURVE ( 'NONE', #1541, #603, #194, .T. ) ;
#840 = CARTESIAN_POINT ( 'NONE',  ( -0.01410288725770068169, 0.9499031025668742689, -0.01794656358113925348 ) ) ;
#841 = CARTESIAN_POINT ( 'NONE',  ( 0.000000000000000000, 0.000000000000000000, -1.949999999999999956 ) ) ;
#842 = VERTEX_POINT ( 'NONE', #2232 ) ;
#843 = CARTESIAN_POINT ( 'NONE',  ( 0.08942307692307699396, 0.9457819586530552547, -0.5848557692307693179 ) ) ;
#844 = B_SPLINE_CURVE_WITH_KNOTS ( 'NONE', 3,
 ( #2730, #607, #667, #638, #2501, #1798, #2964, #651, #1536, #1296 ),
 .UNSPECIFIED., .F., .F.,
 ( 4, 3, 3, 4 ),
 ( 3.252606517456513302E-19, 1.797466769105152061E-05, 3.595909667224648739E-05, 7.196689139893281187E-05 ),
 .UNSPECIFIED. ) ;
#845 = VERTEX_POINT ( 'NONE', #906 ) ;
#846 = CARTESIAN_POINT ( 'NONE',  ( -0.1210737179487177823, -0.9422532328530761614, 0.02820512820512834778 ) ) ;
#847 = FACE_OUTER_BOUND ( 'NONE', #2659, .T. ) ;
#848 = EDGE_LOOP ( 'NONE', ( #1822, #1870, #1067, #2761 ) ) ;
#849 = CARTESIAN_POINT ( 'NONE',  ( 0.03263939345660698405, 0.9494391344338696248, 0.05969803765848911981 ) ) ;
#850 = DIRECTION ( 'NONE',  ( 1.000000000000000000, 0.000000000000000000, 0.000000000000000000 ) ) ;
#851 = EDGE_CURVE ( 'NONE', #2047, #345, #2454, .T. ) ;
#852 = CARTESIAN_POINT ( 'NONE',  ( -0.01516661111124102505, 0.9498970757565082801, 0.08949204356679470174 ) ) ;
#853 = CARTESIAN_POINT ( 'NONE',  ( -0.2067899701392927614, -0.9272497435499574836, 0.004518855567741204317 ) ) ;
#854 = CARTESIAN_POINT ( 'NONE',  ( -0.08002558897105019331, 0.9468313889513920723, -0.6125070445319036327 ) ) ;
#855 = ORIENTED_EDGE ( 'NONE', *, *, #2276, .F. ) ;
#856 = SURFACE_STYLE_USAGE ( .BOTH. , #1606 ) ;
#857 = CARTESIAN_POINT ( 'NONE',  ( -0.1153319312996775869, 0.9430661518002306787, 0.4869969515045071695 ) ) ;
#858 = CARTESIAN_POINT ( 'NONE',  ( 0.7500000000000000000, 0.000000000000000000, -1.949999999999999956 ) ) ;
#859 = CYLINDRICAL_SURFACE ( 'NONE', #1116, 0.9499999999999999556 ) ;
#860 = AXIS2_PLACEMENT_3D ( 'NONE', #101, #1747, #85 ) ;
#861 =( LENGTH_UNIT ( ) NAMED_UNIT ( * ) SI_UNIT ( .MILLI., .METRE. ) );
#862 = ORIENTED_EDGE ( 'NONE', *, *, #1542, .T. ) ;
#863 = VERTEX_POINT ( 'NONE', #2111 ) ;
#864 = STYLED_ITEM ( 'NONE', ( #2432 ), #1032 ) ;
#865 = EDGE_LOOP ( 'NONE', ( #2083, #2038, #1712, #1430, #1287, #1851, #1507 ) ) ;
#866 = CARTESIAN_POINT ( 'NONE',  ( -0.2335523942390751451, 0.9208462094732748904, 0.07433186049663764727 ) ) ;
#867 = AXIS2_PLACEMENT_3D ( 'NONE', #1341, #1562, #2005 ) ;
#868 = CARTESIAN_POINT ( 'NONE',  ( 0.03652128055352400066, 0.9493091571693268449, -0.5275080286720806866 ) ) ;
#869 = ORIENTED_EDGE ( 'NONE', *, *, #2017, .T. ) ;
#870 = AXIS2_PLACEMENT_3D ( 'NONE', #1514, #1952, #781 ) ;
#871 = ADVANCED_FACE ( 'NONE', ( #595 ), #1525, .F. ) ;
#872 = CARTESIAN_POINT ( 'NONE',  ( 0.000000000000000000, 0.000000000000000000, -1.074358974358973873 ) ) ;
#873 = CARTESIAN_POINT ( 'NONE',  ( 0.1000000000000001582, 0.9447221813845592120, 0.05096153846153859968 ) ) ;
#874 = CARTESIAN_POINT ( 'NONE',  ( 0.1000065825226235938, -0.9447214846164774249, -0.9149467313418474523 ) ) ;
#875 = CARTESIAN_POINT ( 'NONE',  ( 0.000000000000000000, -1.000000000000001110, 10.42999999999999794 ) ) ;
#876 = CARTESIAN_POINT ( 'NONE',  ( -0.2384615384615384193, -0.9195847403445515100, -0.4995993589743591423 ) ) ;
#877 = ORIENTED_EDGE ( 'NONE', *, *, #407, .F. ) ;
#878 = ORIENTED_EDGE ( 'NONE', *, *, #2882, .T. ) ;
#879 = CARTESIAN_POINT ( 'NONE',  ( -0.02373038526684331448, -0.9497266845411773684, 0.08866552331796230535 ) ) ;
#880 = CARTESIAN_POINT ( 'NONE',  ( 0.000000000000000000, -1.000000000000000888, 11.42999999999999972 ) ) ;
#881 = B_SPLINE_CURVE_WITH_KNOTS ( 'NONE', 3,
 ( #1081, #2464, #1729, #2961, #98, #1976 ),
 .UNSPECIFIED., .F., .F.,
 ( 4, 2, 4 ),
 ( 0.000000000000000000, 8.775652910382133499E-05, 0.0001755130582076426700 ),
 .UNSPECIFIED. ) ;
#882 = CARTESIAN_POINT ( 'NONE',  ( -0.2114767024108533122, 0.9261628389961190644, 0.09670995812576857475 ) ) ;
#883 = CARTESIAN_POINT ( 'NONE',  ( -0.1976030836257931245, -0.9292637513801131899, -0.7562869743839669701 ) ) ;
#884 = CARTESIAN_POINT ( 'NONE',  ( -0.02277590361383883058, -0.9504289605290712206, -0.7458060785967933759 ) ) ;
#885 =( NAMED_UNIT ( * ) PLANE_ANGLE_UNIT ( ) SI_UNIT ( $, .RADIAN. ) );
#886 = DIRECTION ( 'NONE',  ( -0.000000000000000000, -0.000000000000000000, -1.000000000000000000 ) ) ;
#887 = CARTESIAN_POINT ( 'NONE',  ( -0.03880564254665919838, 0.9492071642737233139, 0.3927549900961220808 ) ) ;
#888 = CARTESIAN_POINT ( 'NONE',  ( 0.03320273410341105513, -0.9494196008341388993, -0.9419288618060448481 ) ) ;
#889 = CARTESIAN_POINT ( 'NONE',  ( 0.09999999999999999167, -0.9447221813845592120, -0.9276442307692305267 ) ) ;
#890 = EDGE_CURVE ( 'NONE', #617, #1931, #928, .T. ) ;
#891 = CARTESIAN_POINT ( 'NONE',  ( -0.2742579617323151475, 0.9095507519794796547, -0.8144359446880878872 ) ) ;
#892 = CARTESIAN_POINT ( 'NONE',  ( -0.2881148253999551434, 0.9052922696422233129, 0.2886858453860648432 ) ) ;
#893 = ORIENTED_EDGE ( 'NONE', *, *, #426, .T. ) ;
#894 = CARTESIAN_POINT ( 'NONE',  ( -0.1358974358974357755, 0.9402296990185441405, 0.3056089743589746055 ) ) ;
#895 = SURFACE_STYLE_USAGE ( .BOTH. , #132 ) ;
#896 = CARTESIAN_POINT ( 'NONE',  ( -0.04736207754696223488, 0.9488230257917399380, 0.07474182857403065261 ) ) ;
#897 = CARTESIAN_POINT ( 'NONE',  ( 0.1043031867505436194, -0.9442567686988966313, -0.5221577055941167833 ) ) ;
#898 = ORIENTED_EDGE ( 'NONE', *, *, #1153, .F. ) ;
#899 = CARTESIAN_POINT ( 'NONE',  ( -0.1769230769230767664, -0.9333800002421688280, 0.2948717948717950454 ) ) ;
#900 = DIRECTION ( 'NONE',  ( -0.000000000000000000, -0.000000000000000000, -1.000000000000000000 ) ) ;
#901 = CARTESIAN_POINT ( 'NONE',  ( 0.02112417123979534045, -0.9526527532088198136, 0.2692357208890874820 ) ) ;
#902 = CYLINDRICAL_SURFACE ( 'NONE', #373, 0.9499999999999999556 ) ;
#903 = ADVANCED_FACE ( 'NONE', ( #291 ), #37, .T. ) ;
#904 = DIRECTION ( 'NONE',  ( -1.000000000000000000, 0.000000000000000000, 0.000000000000000000 ) ) ;
#905 = CARTESIAN_POINT ( 'NONE',  ( -0.1256410256410255277, -0.9416551028247397426, -3.403937756669170867 ) ) ;
#906 = CARTESIAN_POINT ( 'NONE',  ( -0.1256410256410255277, 0.9416551028247397426, -0.1051282051282051294 ) ) ;
#907 = EDGE_CURVE ( 'NONE', #2821, #1777, #225, .T. ) ;
#908 = CARTESIAN_POINT ( 'NONE',  ( -0.1577603537989640536, -0.9368093033105784340, 0.1035811158853037900 ) ) ;
#909 =( BOUNDED_CURVE ( )  B_SPLINE_CURVE ( 3, ( #287, #2619, #950, #1219 ),
 .UNSPECIFIED., .F., .F. ) 
 B_SPLINE_CURVE_WITH_KNOTS ( ( 4, 4 ),
 ( 1.437303028585709130, 1.670828116246834361 ),
 .UNSPECIFIED. ) 
 CURVE ( )  GEOMETRIC_REPRESENTATION_ITEM ( )  RATIONAL_B_SPLINE_CURVE ( ( 1.000000000000000000, 0.9954606635539994253, 0.9954606635539994253, 1.000000000000000000 ) ) 
 REPRESENTATION_ITEM ( '' )  );
#910 = AXIS2_PLACEMENT_3D ( 'NONE', #872, #2784, #2281 ) ;
#911 = ORIENTED_EDGE ( 'NONE', *, *, #817, .T. ) ;
#912 = DIRECTION ( 'NONE',  ( 0.000000000000000000, -0.000000000000000000, 1.000000000000000000 ) ) ;
#913 = AXIS2_PLACEMENT_3D ( 'NONE', #1381, #2286, #904 ) ;
#914 = CARTESIAN_POINT ( 'NONE',  ( -0.04082865841386905392, 0.9491222369390666103, -0.6055503596004980782 ) ) ;
#915 = VERTEX_POINT ( 'NONE', #1186 ) ;
#916 = CIRCLE ( 'NONE', #2429, 0.7500000000000000000 ) ;
#917 = CIRCLE ( 'NONE', #35, 0.2999999999999999889 ) ;
#918 = ORIENTED_EDGE ( 'NONE', *, *, #2596, .F. ) ;
#919 = CARTESIAN_POINT ( 'NONE',  ( 0.02134900376249517992, -0.9497995163551917752, -0.8637078615933589942 ) ) ;
#920 = AXIS2_PLACEMENT_3D ( 'NONE', #2953, #409, #2994 ) ;
#921 = DIRECTION ( 'NONE',  ( -0.000000000000000000, -0.000000000000000000, -1.000000000000000000 ) ) ;
#922 = SURFACE_SIDE_STYLE ('',( #1573 ) ) ;
#923 = CIRCLE ( 'NONE', #327, 0.1999999999999999833 ) ;
#924 = CARTESIAN_POINT ( 'NONE',  ( -0.1889423076923077149, 0.9310213769639800185, -0.7532051282051278607 ) ) ;
#925 = AXIS2_PLACEMENT_3D ( 'NONE', #2875, #487, #36 ) ;
#926 =( NAMED_UNIT ( * ) SI_UNIT ( $, .STERADIAN. ) SOLID_ANGLE_UNIT ( ) );
#927 = VERTEX_POINT ( 'NONE', #2122 ) ;
#928 = B_SPLINE_CURVE_WITH_KNOTS ( 'NONE', 3,
 ( #1810, #1431, #740, #1924, #727, #66, #2838, #489, #1007, #980 ),
 .UNSPECIFIED., .F., .F.,
 ( 4, 3, 3, 4 ),
 ( 0.000000000000000000, 4.146441184737484267E-05, 6.296020954334320110E-05, 8.483208545021385719E-05 ),
 .UNSPECIFIED. ) ;
#929 = CARTESIAN_POINT ( 'NONE',  ( -0.1327479474531949033, 0.9406849148072051747, 0.2832422682888572352 ) ) ;
#930 = FACE_BOUND ( 'NONE', #714, .T. ) ;
#931 = ORIENTED_EDGE ( 'NONE', *, *, #688, .F. ) ;
#932 = ADVANCED_FACE ( 'NONE', ( #1197 ), #1225, .T. ) ;
#933 = CARTESIAN_POINT ( 'NONE',  ( -0.2332993150468135601, 0.9209079383034036725, -0.9298451633305025998 ) ) ;
#934 = CARTESIAN_POINT ( 'NONE',  ( -0.1530415117468260089, -0.9379359911571160113, -0.8193464324316223069 ) ) ;
#935 = EDGE_CURVE ( 'NONE', #1739, #2396, #228, .T. ) ;
#936 = CARTESIAN_POINT ( 'NONE',  ( -0.03106687623210075549, -0.9498901667692591921, -0.6080479384989637692 ) ) ;
#937 = CARTESIAN_POINT ( 'NONE',  ( 0.000000000000000000, 0.000000000000000000, -3.403937756669170867 ) ) ;
#938 = EDGE_LOOP ( 'NONE', ( #2060, #1052, #2625, #284, #776, #1508 ) ) ;
#939 = CARTESIAN_POINT ( 'NONE',  ( -0.1001602564102564014, 0.9447052043022901024, -0.8179487179487175963 ) ) ;
#940 = CARTESIAN_POINT ( 'NONE',  ( -0.2081256919521654869, 0.9269216236274253617, 0.3049302240604106484 ) ) ;
#941 = UNCERTAINTY_MEASURE_WITH_UNIT (LENGTH_MEASURE( 1.000000000000000082E-05 ), #1714, 'distance_accuracy_value', 'NONE');
#942 = CARTESIAN_POINT ( 'NONE',  ( -0.3051282051282049879, -0.8996648144921751689, 0.04991987179487193671 ) ) ;
#943 = CARTESIAN_POINT ( 'NONE',  ( -0.3000000000000000444, 0.9013878188659973922, -3.403937756669170867 ) ) ;
#944 = VERTEX_POINT ( 'NONE', #1213 ) ;
#945 = CARTESIAN_POINT ( 'NONE',  ( -0.2312839009660883072, 0.9214180296772092049, -0.8912916669915406098 ) ) ;
#946 = ADVANCED_FACE ( 'NONE', ( #2623 ), #529, .T. ) ;
#947 = CARTESIAN_POINT ( 'NONE',  ( -0.05344551282051267227, 0.9484954281172642832, 0.3306089743589745167 ) ) ;
#948 = EDGE_CURVE ( 'NONE', #1083, #1234, #1182, .T. ) ;
#949 = CARTESIAN_POINT ( 'NONE',  ( -0.2285327339470068775, -0.9221023747466190468, 0.3909490037782412108 ) ) ;
#950 = CARTESIAN_POINT ( 'NONE',  ( 0.02112417123979504208, 0.9526527532088198136, 0.2692357208890874265 ) ) ;
#951 = VERTEX_POINT ( 'NONE', #1485 ) ;
#952 = DIRECTION ( 'NONE',  ( 0.000000000000000000, 0.000000000000000000, 1.000000000000000000 ) ) ;
#953 = CYLINDRICAL_SURFACE ( 'NONE', #230, 0.2999999999999999889 ) ;
#954 = CARTESIAN_POINT ( 'NONE',  ( -0.03846153846153831796, -0.9492211070447030830, 0.3799679487179488668 ) ) ;
#955 = CARTESIAN_POINT ( 'NONE',  ( -0.03365921406522549841, -0.9494404567849636933, -0.6828224712719760392 ) ) ;
#956 = VERTEX_POINT ( 'NONE', #2656 ) ;
#957 = CARTESIAN_POINT ( 'NONE',  ( -0.2294871794871795323, 0.9218653016851318105, -0.8829326923076920020 ) ) ;
#958 = CARTESIAN_POINT ( 'NONE',  ( -0.03866186534467774133, -0.9492129899895053180, 0.3755975871655681808 ) ) ;
#959 = ORIENTED_EDGE ( 'NONE', *, *, #402, .F. ) ;
#960 = CARTESIAN_POINT ( 'NONE',  ( -0.1889423076923077149, -0.9310213769639800185, -0.7532051282051278607 ) ) ;
#961 = CARTESIAN_POINT ( 'NONE',  ( -0.1798498824156861409, -0.9328764793960282464, 0.4176822951352193170 ) ) ;
#962 =( LENGTH_UNIT ( ) NAMED_UNIT ( * ) SI_UNIT ( .MILLI., .METRE. ) );
#963 = AXIS2_PLACEMENT_3D ( 'NONE', #785, #77, #2893 ) ;
#964 = EDGE_CURVE ( 'NONE', #2671, #1315, #2570, .T. ) ;
#965 = CARTESIAN_POINT ( 'NONE',  ( -0.9499999999999999556, 0.000000000000000000, -3.403937756669170867 ) ) ;
#966 = CARTESIAN_POINT ( 'NONE',  ( -0.05897435897435880647, 0.9481677198595001022, 0.03541666666666680452 ) ) ;
#967 = CARTESIAN_POINT ( 'NONE',  ( -0.1863782051282049934, 0.9315380639851434941, -0.07948717948717937132 ) ) ;
#968 = CARTESIAN_POINT ( 'NONE',  ( -0.04219460355151751635, -0.9491011960728577002, -0.6845394935169683004 ) ) ;
#969 = DIRECTION ( 'NONE',  ( 1.000000000000000000, 0.000000000000000000, 0.000000000000000000 ) ) ;
#970 = ORIENTED_EDGE ( 'NONE', *, *, #174, .F. ) ;
#971 = CARTESIAN_POINT ( 'NONE',  ( -0.1523728813582936048, -0.9377352263431858459, 0.4169746773099070603 ) ) ;
#972 = CARTESIAN_POINT ( 'NONE',  ( -0.04510673869506134220, -0.9489320559441903891, 0.3458397582380966506 ) ) ;
#973 = DIRECTION ( 'NONE',  ( -1.000000000000000000, 0.000000000000000000, 0.000000000000000000 ) ) ;
#974 =( LENGTH_UNIT ( ) NAMED_UNIT ( * ) SI_UNIT ( .MILLI., .METRE. ) );
#975 = CARTESIAN_POINT ( 'NONE',  ( 0.000000000000000000, 0.000000000000000000, -0.2538461538461539990 ) ) ;
#976 = CYLINDRICAL_SURFACE ( 'NONE', #2367, 0.2999999999999999889 ) ;
#977 = CARTESIAN_POINT ( 'NONE',  ( -0.2384615384615383360, 0.9195847403445516210, 0.3559294871794874138 ) ) ;
#978 = EDGE_CURVE ( 'NONE', #693, #442, #2407, .T. ) ;
#979 = SURFACE_SIDE_STYLE ('',( #1646 ) ) ;
#980 = CARTESIAN_POINT ( 'NONE',  ( -0.2596153846153846922, 0.9138379791139159547, -0.7958333333333331705 ) ) ;
#981 = VERTEX_POINT ( 'NONE', #1257 ) ;
#982 = CARTESIAN_POINT ( 'NONE',  ( -0.1923076923076922073, -0.9303320651677496889, -3.403937756669170867 ) ) ;
#983 = B_SPLINE_CURVE_WITH_KNOTS ( 'NONE', 3,
 ( #2187, #1480, #2665, #1967, #1074, #567, #2955, #2422 ),
 .UNSPECIFIED., .F., .F.,
 ( 4, 2, 2, 4 ),
 ( 0.000000000000000000, 7.838000070241377246E-05, 0.0001567600014048275449, 0.0003135200028096552525 ),
 .UNSPECIFIED. ) ;
#984 = CARTESIAN_POINT ( 'NONE',  ( -0.1946688633026154858, 0.9298718271150380188, 0.4153513313023922682 ) ) ;
#985 = CARTESIAN_POINT ( 'NONE',  ( 0.002747545858864670898, -0.9503361538705916711, -0.3280932991093420403 ) ) ;
#986 = CARTESIAN_POINT ( 'NONE',  ( -0.2363595129343985246, -0.9201272632868654489, 0.3732343875252954746 ) ) ;
#987 =( NAMED_UNIT ( * ) PLANE_ANGLE_UNIT ( ) SI_UNIT ( $, .RADIAN. ) );
#988 = CARTESIAN_POINT ( 'NONE',  ( -0.0007211538461537750702, 0.9499997262826606059, -0.6718750000000001110 ) ) ;
#989 = CARTESIAN_POINT ( 'NONE',  ( -0.1832296220855664515, 0.9321680191945668215, -0.05387158863181520929 ) ) ;
#990 = SURFACE_SIDE_STYLE ('',( #80 ) ) ;
#991 = CARTESIAN_POINT ( 'NONE',  ( -0.2380793941897289823, -0.9196838358460011076, -0.5129749589872423243 ) ) ;
#992 = ORIENTED_EDGE ( 'NONE', *, *, #146, .F. ) ;
#993 = EDGE_CURVE ( 'NONE', #1501, #2198, #2595, .T. ) ;
#994 = CARTESIAN_POINT ( 'NONE',  ( -0.1161269521425893902, 0.9428757197337802598, 0.04834386252143309942 ) ) ;
#995 = STYLED_ITEM ( 'NONE', ( #1963 ), #269 ) ;
#996 = CARTESIAN_POINT ( 'NONE',  ( -0.04808497667617937094, -0.9491228526275445887, -0.3130010485138792764 ) ) ;
#997 = CARTESIAN_POINT ( 'NONE',  ( -0.06788393815484133897, 0.9476110333472292924, -0.6882314127222428635 ) ) ;
#998 = DIRECTION ( 'NONE',  ( -1.000000000000000000, 0.000000000000000000, 0.000000000000000000 ) ) ;
#999 = CIRCLE ( 'NONE', #2734, 0.2999999999999999889 ) ;
#1000 = ORIENTED_EDGE ( 'NONE', *, *, #1839, .F. ) ;
#1001 = CARTESIAN_POINT ( 'NONE',  ( -0.3051282051282049879, -0.8996648144921751689, 0.3591346153846155520 ) ) ;
#1002 = STYLED_ITEM ( 'NONE', ( #2353 ), #903 ) ;
#1003 = CARTESIAN_POINT ( 'NONE',  ( 0.000000000000000000, 0.000000000000000000, -1.949999999999999956 ) ) ;
#1004 = ORIENTED_EDGE ( 'NONE', *, *, #502, .T. ) ;
#1005 = CIRCLE ( 'NONE', #530, 0.2999999999999999889 ) ;
#1006 = AXIS2_PLACEMENT_3D ( 'NONE', #1232, #2169, #1016 ) ;
#1007 = CARTESIAN_POINT ( 'NONE',  ( -0.2544990948435542633, 0.9152914835285668183, -0.7908165446335949644 ) ) ;
#1008 = DIRECTION ( 'NONE',  ( 0.000000000000000000, 0.000000000000000000, -1.000000000000000000 ) ) ;
#1009 = VERTEX_POINT ( 'NONE', #145 ) ;
#1010 = DIRECTION ( 'NONE',  ( 0.000000000000000000, -1.278540297742340348E-16, -1.000000000000000000 ) ) ;
#1011 = PRESENTATION_LAYER_ASSIGNMENT (  '', '', ( #1358 ) ) ;
#1012 = CARTESIAN_POINT ( 'NONE',  ( -0.3029343442129754926, -0.9004218355124609108, 0.08177599286400387413 ) ) ;
#1013 = LINE ( 'NONE', #343, #632 ) ;
#1014 = EDGE_CURVE ( 'NONE', #2015, #293, #881, .T. ) ;
#1015 = CARTESIAN_POINT ( 'NONE',  ( 0.007588098775299492726, 0.9499696946519693430, 0.01412565578562962817 ) ) ;
#1016 = DIRECTION ( 'NONE',  ( 1.000000000000000000, 0.000000000000000000, 0.000000000000000000 ) ) ;
#1017 = CARTESIAN_POINT ( 'NONE',  ( -0.2998856251938885609, 0.9014258851024333774, -0.9113581054226012057 ) ) ;
#1018 = CARTESIAN_POINT ( 'NONE',  ( -0.007252824232532257068, -0.9499751970030413384, 0.1664961113616502952 ) ) ;
#1019 = EDGE_LOOP ( 'NONE', ( #1371, #1129, #2445, #415, #2054, #1342, #802 ) ) ;
#1020 = CARTESIAN_POINT ( 'NONE',  ( 0.02314249182556520762, -0.9497180766270133523, 0.07796665151367114521 ) ) ;
#1021 = CARTESIAN_POINT ( 'NONE',  ( -0.2294871794871795323, 0.9218653016851318105, -0.8829326923076920020 ) ) ;
#1022 = B_SPLINE_CURVE_WITH_KNOTS ( 'NONE', 3,
 ( #15, #961, #1410, #223, #2816, #2560, #1181, #464, #1439, #949, #1193, #1390, #986, #1164, #522, #1452 ),
 .UNSPECIFIED., .F., .F.,
 ( 4, 3, 3, 3, 3, 4 ),
 ( 0.000000000000000000, 3.067886841817892712E-05, 4.954775702954550113E-05, 6.845796466060569390E-05, 8.788347523646239119E-05, 0.0001052090546205378037 ),
 .UNSPECIFIED. ) ;
#1023 = CARTESIAN_POINT ( 'NONE',  ( -0.1270030535690801210, 0.9414832379812816399, 0.08795617315013994075 ) ) ;
#1024 = ORIENTED_EDGE ( 'NONE', *, *, #305, .T. ) ;
#1025 = CARTESIAN_POINT ( 'NONE',  ( 0.03317067007831892705, 0.9494208171226415915, -0.9361660695313890335 ) ) ;
#1026 = CARTESIAN_POINT ( 'NONE',  ( 0.000000000000000000, -1.000000000000001110, 10.42999999999999794 ) ) ;
#1027 = ORIENTED_EDGE ( 'NONE', *, *, #1839, .T. ) ;
#1028 = ORIENTED_EDGE ( 'NONE', *, *, #2907, .T. ) ;
#1029 = SURFACE_STYLE_FILL_AREA ( #2437 ) ;
#1030 = B_SPLINE_CURVE_WITH_KNOTS ( 'NONE', 3,
 ( #1464, #1512, #116, #2441, #2868, #2375, #1933, #1053, #565, #757, #1231, #549, #1246, #1450, #1689, #2400 ),
 .UNSPECIFIED., .F., .F.,
 ( 4, 3, 3, 3, 3, 4 ),
 ( 0.000000000000000000, 4.470869486728626868E-05, 8.961017028050152257E-05, 0.0001320105171074983192, 0.0001787820496056272200, 0.0002046915779044963476 ),
 .UNSPECIFIED. ) ;
#1031 = CARTESIAN_POINT ( 'NONE',  ( -0.005860484209865481769, -0.9502803456124769843, 0.3410766125269729665 ) ) ;
#1032 = MANIFOLD_SOLID_BREP ( 'MirrorReflection1', #2724 ) ;
#1033 = EDGE_CURVE ( 'NONE', #511, #617, #1716, .T. ) ;
#1034 = CARTESIAN_POINT ( 'NONE',  ( -0.01661368632699284850, 0.9498556565986749911, 0.007876817892430233378 ) ) ;
#1035 = LINE ( 'NONE', #2919, #2418 ) ;
#1036 = LINE ( 'NONE', #2443, #2633 ) ;
#1037 = B_SPLINE_CURVE_WITH_KNOTS ( 'NONE', 3,
 ( #988, #2944, #2872, #1481 ),
 .UNSPECIFIED., .F., .F.,
 ( 4, 4 ),
 ( 0.000000000000000000, 0.0001283978268470389004 ),
 .UNSPECIFIED. ) ;
#1038 = CARTESIAN_POINT ( 'NONE',  ( -0.02821605581098046711, -0.9496191029357596847, 0.1634148891641145906 ) ) ;
#1039 = EDGE_LOOP ( 'NONE', ( #2206, #2910, #1961, #918 ) ) ;
#1040 = ADVANCED_FACE ( 'NONE', ( #2564 ), #1592, .T. ) ;
#1041 = CARTESIAN_POINT ( 'NONE',  ( 3.673940397442059498E-17, -1.000000000000000888, 11.72999999999999865 ) ) ;
#1042 = CARTESIAN_POINT ( 'NONE',  ( 0.007420478522878237553, -0.9499710187677053996, 0.01404747538605294332 ) ) ;
#1043 = VERTEX_POINT ( 'NONE', #2509 ) ;
#1044 =( NAMED_UNIT ( * ) SI_UNIT ( $, .STERADIAN. ) SOLID_ANGLE_UNIT ( ) );
#1045 = CARTESIAN_POINT ( 'NONE',  ( -0.1134385038833068127, -0.9433031878143636195, -0.6126306753184405096 ) ) ;
#1046 = ORIENTED_EDGE ( 'NONE', *, *, #1139, .F. ) ;
#1047 = ORIENTED_EDGE ( 'NONE', *, *, #324, .T. ) ;
#1048 = CARTESIAN_POINT ( 'NONE',  ( -0.2764727943187098025, -0.9088840904876509530, -0.8178296263941877697 ) ) ;
#1049 = UNCERTAINTY_MEASURE_WITH_UNIT (LENGTH_MEASURE( 1.000000000000000082E-05 ), #1670, 'distance_accuracy_value', 'NONE');
#1050 = CARTESIAN_POINT ( 'NONE',  ( -0.2549163700229973850, -0.9152403490833685984, 0.1575305210192039784 ) ) ;
#1051 = CARTESIAN_POINT ( 'NONE',  ( 0.7500000000000000000, 0.000000000000000000, -1.749999999999999778 ) ) ;
#1052 = ORIENTED_EDGE ( 'NONE', *, *, #935, .F. ) ;
#1053 = CARTESIAN_POINT ( 'NONE',  ( -0.2710794057144207403, 0.9105673237845683943, 0.1426496980714634655 ) ) ;
#1054 = CARTESIAN_POINT ( 'NONE',  ( -0.2853881662440292954, 0.9061796069111944796, -0.02374151052584283494 ) ) ;
#1055 = CARTESIAN_POINT ( 'NONE',  ( -0.06817649019180581360, 0.9476012344558756295, 0.1372721630291156847 ) ) ;
#1056 = FILL_AREA_STYLE_COLOUR ( '', #721 ) ;
#1057 = ORIENTED_EDGE ( 'NONE', *, *, #1117, .F. ) ;
#1058 = CARTESIAN_POINT ( 'NONE',  ( -0.2491421607516938475, -0.9170522082916860995, 0.2448638921904816024 ) ) ;
#1059 = CARTESIAN_POINT ( 'NONE',  ( -0.2191080111250772178, 0.9243871913114585226, -0.8573728654784197323 ) ) ;
#1060 = AXIS2_PLACEMENT_3D ( 'NONE', #2721, #1804, #3000 ) ;
#1061 = ORIENTED_EDGE ( 'NONE', *, *, #1447, .F. ) ;
#1062 = ADVANCED_FACE ( 'NONE', ( #1836 ), #1838, .T. ) ;
#1063 = VECTOR ( 'NONE', #1860, 1000.000000000000000 ) ;
#1064 = CARTESIAN_POINT ( 'NONE',  ( -0.1195527814567108466, -0.9424476631906064661, 0.03318224900824362500 ) ) ;
#1065 = CARTESIAN_POINT ( 'NONE',  ( -0.1750801282051280550, 0.9337274488348705770, 0.1051282051282052682 ) ) ;
#1066 = CIRCLE ( 'NONE', #963, 0.9499999999999999556 ) ;
#1067 = ORIENTED_EDGE ( 'NONE', *, *, #2740, .T. ) ;
#1068 = EDGE_CURVE ( 'NONE', #863, #2373, #2125, .T. ) ;
#1069 = B_SPLINE_CURVE_WITH_KNOTS ( 'NONE', 3,
 ( #233, #1195, #697, #682, #2110, #942 ),
 .UNSPECIFIED., .F., .F.,
 ( 4, 2, 4 ),
 ( 5.587850095852340640E-20, 9.733979281035852547E-05, 0.0001946795856207169967 ),
 .UNSPECIFIED. ) ;
#1070 = AXIS2_PLACEMENT_3D ( 'NONE', #2584, #1597, #2824 ) ;
#1071 = B_SPLINE_CURVE_WITH_KNOTS ( 'NONE', 3,
 ( #2058, #2306, #1789, #3001, #1855, #2744, #417, #2802, #658, #1544 ),
 .UNSPECIFIED., .F., .F.,
 ( 4, 3, 3, 4 ),
 ( 2.710505431213760784E-20, 1.663449902882450273E-05, 4.362327208849122232E-05, 6.657892026541329679E-05 ),
 .UNSPECIFIED. ) ;
#1072 = CARTESIAN_POINT ( 'NONE',  ( -0.1091812664511449260, 0.9437051716805781032, 0.3398009907941791918 ) ) ;
#1073 = CARTESIAN_POINT ( 'NONE',  ( -0.1105164128288176062, -0.9435831562931090710, 0.1551591581318971513 ) ) ;
#1074 = CARTESIAN_POINT ( 'NONE',  ( 0.06652571611884305902, 0.9478715667642647613, -0.3762856298088593787 ) ) ;
#1075 = FACE_BOUND ( 'NONE', #354, .T. ) ;
#1076 = ORIENTED_EDGE ( 'NONE', *, *, #820, .F. ) ;
#1077 = CARTESIAN_POINT ( 'NONE',  ( -0.1414069811136307309, 0.9395079252717914997, 0.4934948123825037558 ) ) ;
#1078 = CARTESIAN_POINT ( 'NONE',  ( -0.1789198978122030770, 0.9329992873346416582, -0.8281784228314711394 ) ) ;
#1079 = ORIENTED_EDGE ( 'NONE', *, *, #1014, .F. ) ;
#1080 = ADVANCED_FACE ( 'NONE', ( #1365 ), #2738, .T. ) ;
#1081 = CARTESIAN_POINT ( 'NONE',  ( 0.1000000000000001582, -0.9447221813845592120, 0.05096153846153859968 ) ) ;
#1082 = DIRECTION ( 'NONE',  ( -1.000000000000000000, 0.000000000000000000, 0.000000000000000000 ) ) ;
#1083 = VERTEX_POINT ( 'NONE', #2494 ) ;
#1084 = CARTESIAN_POINT ( 'NONE',  ( 0.04379589226254710504, 0.9489899471654240637, -0.05270360208189484724 ) ) ;
#1085 = CARTESIAN_POINT ( 'NONE',  ( -3.673940397442059498E-17, -1.000000000000000888, -11.72999999999999865 ) ) ;
#1086 = CARTESIAN_POINT ( 'NONE',  ( -0.2384615384615383360, -0.9195847403445516210, 0.3559294871794874138 ) ) ;
#1087 = CARTESIAN_POINT ( 'NONE',  ( 0.01794871794871810700, 0.9498304288261129047, 0.4794871794871796711 ) ) ;
#1088 = CARTESIAN_POINT ( 'NONE',  ( -0.1769230769230767664, -0.9333800002421688280, 0.2948717948717950454 ) ) ;
#1089 = VERTEX_POINT ( 'NONE', #1151 ) ;
#1090 = CARTESIAN_POINT ( 'NONE',  ( -0.2283771033521235228, -0.9221472809744624133, 0.08292488345388665527 ) ) ;
#1091 = CARTESIAN_POINT ( 'NONE',  ( 0.08756138909206430399, -0.9459561317205329445, 0.1082044128147917894 ) ) ;
#1092 = CARTESIAN_POINT ( 'NONE',  ( -0.3051282051282050989, -0.8996648144921751689, -0.4994391025641026771 ) ) ;
#1093 = CARTESIAN_POINT ( 'NONE',  ( -0.1535097871385057156, 0.9390261446139580581, -0.3112298453111287944 ) ) ;
#1094 = CARTESIAN_POINT ( 'NONE',  ( -0.2303883794845822119, -0.9216409588823604171, -0.8871253888673994448 ) ) ;
#1095 = ORIENTED_EDGE ( 'NONE', *, *, #1325, .F. ) ;
#1096 = EDGE_LOOP ( 'NONE', ( #2963, #2197, #1271, #2855 ) ) ;
#1097 = CARTESIAN_POINT ( 'NONE',  ( -0.1880636294125572761, -0.9311992650836034002, 0.2969432823597121240 ) ) ;
#1098 = CARTESIAN_POINT ( 'NONE',  ( -0.2384615384615383360, 0.9195847403445516210, 0.3559294871794874138 ) ) ;
#1099 = ORIENTED_EDGE ( 'NONE', *, *, #2496, .F. ) ;
#1100 = EDGE_CURVE ( 'NONE', #1777, #915, #2773, .T. ) ;
#1101 = CARTESIAN_POINT ( 'NONE',  ( -0.2377387771597513355, -0.9197718596640531707, 0.06073493475702144290 ) ) ;
#1102 = B_SPLINE_CURVE_WITH_KNOTS ( 'NONE', 3,
 ( #1098, #414, #178, #1118, #2052, #2997, #1813, #1634, #1216, #1667, #2587, #984, #242, #2615, #1878, #2555 ),
 .UNSPECIFIED., .F., .F.,
 ( 4, 3, 3, 3, 3, 4 ),
 ( 0.000000000000000000, 2.201685110335033731E-05, 4.429936060078100332E-05, 6.479299904040595689E-05, 8.791911789320295450E-05, 0.0001056436808803624586 ),
 .UNSPECIFIED. ) ;
#1103 = CARTESIAN_POINT ( 'NONE',  ( -0.1331121396812983970, -0.9406567120452491437, -0.7421248062149925495 ) ) ;
#1104 = CARTESIAN_POINT ( 'NONE',  ( 0.03295565725587291245, -0.9494282333922438033, -0.9302988223423160896 ) ) ;
#1105 = CARTESIAN_POINT ( 'NONE',  ( 3.673940397442058882E-17, -1.000000000000000666, 11.72999999999999865 ) ) ;
#1106 = B_SPLINE_CURVE_WITH_KNOTS ( 'NONE', 3,
 ( #2186, #1735, #2684, #298, #1494, #581, #1986, #1513 ),
 .UNSPECIFIED., .F., .F.,
 ( 4, 2, 2, 4 ),
 ( 0.000000000000000000, 4.968012963727507522E-05, 9.936025927455015045E-05, 0.0001987205185491003009 ),
 .UNSPECIFIED. ) ;
#1107 =( NAMED_UNIT ( * ) PLANE_ANGLE_UNIT ( ) SI_UNIT ( $, .RADIAN. ) );
#1108 = CIRCLE ( 'NONE', #524, 0.9499999999999999556 ) ;
#1109 = CARTESIAN_POINT ( 'NONE',  ( -0.3048424412581293153, 0.8997617334950772650, 0.3433757670844464482 ) ) ;
#1110 = ORIENTED_EDGE ( 'NONE', *, *, #1879, .T. ) ;
#1111 = VECTOR ( 'NONE', #2336, 1000.000000000000000 ) ;
#1112 = ORIENTED_EDGE ( 'NONE', *, *, #519, .F. ) ;
#1113 = AXIS2_PLACEMENT_3D ( 'NONE', #2487, #610, #1538 ) ;
#1114 =( NAMED_UNIT ( * ) SI_UNIT ( $, .STERADIAN. ) SOLID_ANGLE_UNIT ( ) );
#1115 = CARTESIAN_POINT ( 'NONE',  ( -0.01794871794871778087, -0.9498304288261124606, 0.007692307692307823706 ) ) ;
#1116 = AXIS2_PLACEMENT_3D ( 'NONE', #937, #1869, #1657 ) ;
#1117 = EDGE_CURVE ( 'NONE', #2992, #367, #716, .T. ) ;
#1118 = CARTESIAN_POINT ( 'NONE',  ( -0.2350459370111112611, 0.9204636915675104003, 0.3776620168064451777 ) ) ;
#1119 = COLOUR_RGB ( '',0.8313725490196077761, 0.8313725490196077761, 0.8196078431372548767 ) ;
#1120 = VERTEX_POINT ( 'NONE', #695 ) ;
#1121 = FILL_AREA_STYLE_COLOUR ( '', #3026 ) ;
#1122 = STYLED_ITEM ( 'NONE', ( #1226 ), #2772 ) ;
#1123 = CARTESIAN_POINT ( 'NONE',  ( -0.1038461538461538519, -0.9443071408876250183, -0.7410256410256407245 ) ) ;
#1124 = FACE_BOUND ( 'NONE', #865, .T. ) ;
#1125 = FILL_AREA_STYLE_COLOUR ( '', #626 ) ;
#1126 = ORIENTED_EDGE ( 'NONE', *, *, #2907, .F. ) ;
#1127 = CARTESIAN_POINT ( 'NONE',  ( -0.2596153846153846922, 0.9138379791139159547, -0.7958333333333331705 ) ) ;
#1128 = CARTESIAN_POINT ( 'NONE',  ( -0.1020359906863540084, 0.9445044502868003011, 0.1444802666741267783 ) ) ;
#1129 = ORIENTED_EDGE ( 'NONE', *, *, #2948, .T. ) ;
#1130 = CARTESIAN_POINT ( 'NONE',  ( 0.01794871794871810700, -0.9498304288261129047, -3.403937756669170867 ) ) ;
#1131 = FILL_AREA_STYLE_COLOUR ( '', #1548 ) ;
#1132 =( BOUNDED_CURVE ( )  B_SPLINE_CURVE ( 3, ( #2484, #840, #1314, #1824 ),
 .UNSPECIFIED., .F., .F. ) 
 B_SPLINE_CURVE_WITH_KNOTS ( ( 4, 4 ),
 ( 4.693494468858801838, 4.705641290853025183 ),
 .UNSPECIFIED. ) 
 CURVE ( )  GEOMETRIC_REPRESENTATION_ITEM ( )  RATIONAL_B_SPLINE_CURVE ( ( 1.000000000000000000, 0.9999877045974143730, 0.9999877045974143730, 1.000000000000000000 ) ) 
 REPRESENTATION_ITEM ( '' )  );
#1133 = CARTESIAN_POINT ( 'NONE',  ( -0.01410288725770045271, -0.9499031025668742689, -0.01794656358114078004 ) ) ;
#1134 = CARTESIAN_POINT ( 'NONE',  ( 0.1050414550139636971, -0.9441749310098377368, -0.5077646200822099054 ) ) ;
#1135 = ORIENTED_EDGE ( 'NONE', *, *, #2129, .T. ) ;
#1136 = DIRECTION ( 'NONE',  ( 0.000000000000000000, 0.000000000000000000, -1.000000000000000000 ) ) ;
#1137 = DIRECTION ( 'NONE',  ( -0.000000000000000000, -0.000000000000000000, -1.000000000000000000 ) ) ;
#1138 = CARTESIAN_POINT ( 'NONE',  ( -0.1202273941007075825, 0.9423615939288135790, 0.07829198306611115377 ) ) ;
#1139 = EDGE_CURVE ( 'NONE', #1931, #2871, #520, .T. ) ;
#1140 = EDGE_CURVE ( 'NONE', #2894, #341, #2873, .T. ) ;
#1141 = B_SPLINE_CURVE_WITH_KNOTS ( 'NONE', 3,
 ( #1421, #1191, #510, #1202, #1863, #703, #731, #472, #744, #23 ),
 .UNSPECIFIED., .F., .F.,
 ( 4, 3, 3, 4 ),
 ( 0.000000000000000000, 2.467013507584419940E-05, 6.535927163824821300E-05, 9.851021129836352126E-05 ),
 .UNSPECIFIED. ) ;
#1142 = CARTESIAN_POINT ( 'NONE',  ( -0.2324486782118943828, -0.9211230473366430749, -0.9041694794747219266 ) ) ;
#1143 = CARTESIAN_POINT ( 'NONE',  ( -0.1855769230769229450, 0.9316980227634391598, 0.2282051282051283658 ) ) ;
#1144 = CARTESIAN_POINT ( 'NONE',  ( -0.05719041346914641860, -0.9482774461491286777, 0.05614164316608681593 ) ) ;
#1145 = VERTEX_POINT ( 'NONE', #1457 ) ;
#1146 = CARTESIAN_POINT ( 'NONE',  ( -0.05510105190995379099, 0.9484017622019816907, 0.06206972560492432511 ) ) ;
#1147 = CARTESIAN_POINT ( 'NONE',  ( 0.01908217991946423858, 0.9498083335131292104, 0.1642128764345763270 ) ) ;
#1148 = CARTESIAN_POINT ( 'NONE',  ( -0.2365905298920402688, 0.9200784920301705583, -0.4734685852659748506 ) ) ;
#1149 = CARTESIAN_POINT ( 'NONE',  ( -0.2080178003318677582, -0.9278172514217312150, -0.3233162536076102933 ) ) ;
#1150 = CARTESIAN_POINT ( 'NONE',  ( 0.09975351794705522579, -0.9447489171457753576, -0.9022236855749873330 ) ) ;
#1151 = CARTESIAN_POINT ( 'NONE',  ( -0.1855769230769229450, 0.9316980227634391598, 0.2282051282051283658 ) ) ;
#1152 = UNCERTAINTY_MEASURE_WITH_UNIT (LENGTH_MEASURE( 1.000000000000000082E-05 ), #1388, 'distance_accuracy_value', 'NONE');
#1153 = EDGE_CURVE ( 'NONE', #1769, #2010, #8, .T. ) ;
#1154 = DIRECTION ( 'NONE',  ( -0.000000000000000000, -0.000000000000000000, -1.000000000000000000 ) ) ;
#1155 = ORIENTED_EDGE ( 'NONE', *, *, #2076, .F. ) ;
#1156 = AXIS2_PLACEMENT_3D ( 'NONE', #2645, #592, #772 ) ;
#1157 = CARTESIAN_POINT ( 'NONE',  ( -0.2370006348719733424, 0.9199651768316995382, 0.03768415464463415604 ) ) ;
#1158 = ORIENTED_EDGE ( 'NONE', *, *, #2291, .T. ) ;
#1159 = FILL_AREA_STYLE ('',( #686 ) ) ;
#1160 = DIRECTION ( 'NONE',  ( 0.000000000000000000, 0.000000000000000000, -1.000000000000000000 ) ) ;
#1161 = DIRECTION ( 'NONE',  ( 0.000000000000000000, 0.000000000000000000, 1.000000000000000000 ) ) ;
#1162 = COLOUR_RGB ( '',0.8313725490196077761, 0.8313725490196077761, 0.8196078431372548767 ) ;
#1163 = PRESENTATION_LAYER_ASSIGNMENT (  '', '', ( #2985 ) ) ;
#1164 = CARTESIAN_POINT ( 'NONE',  ( -0.2378153068599317410, -0.9197533033392569779, 0.3676185391133483527 ) ) ;
#1165 = FACE_OUTER_BOUND ( 'NONE', #2957, .T. ) ;
#1166 = ORIENTED_EDGE ( 'NONE', *, *, #2357, .T. ) ;
#1167 = DIRECTION ( 'NONE',  ( 0.000000000000000000, -1.278540297742340348E-16, 1.000000000000000000 ) ) ;
#1168 = CARTESIAN_POINT ( 'NONE',  ( -0.1915485709862679298, -0.9304886592286448765, 0.4930897792381501721 ) ) ;
#1169 = AXIS2_PLACEMENT_3D ( 'NONE', #1977, #2896, #2433 ) ;
#1170 = LINE ( 'NONE', #905, #229 ) ;
#1171 = VERTEX_POINT ( 'NONE', #542 ) ;
#1172 = EDGE_CURVE ( 'NONE', #559, #2951, #232, .T. ) ;
#1173 = CARTESIAN_POINT ( 'NONE',  ( 0.000000000000000000, -3.550000000000001155, 11.43000000000000149 ) ) ;
#1174 = CARTESIAN_POINT ( 'NONE',  ( -0.1005608974358973839, -0.9446626413206393735, -0.3102564102564104309 ) ) ;
#1175 = ORIENTED_EDGE ( 'NONE', *, *, #1927, .T. ) ;
#1176 = PRESENTATION_STYLE_ASSIGNMENT (( #3046 ) ) ;
#1177 = SURFACE_STYLE_USAGE ( .BOTH. , #2602 ) ;
#1178 = ORIENTED_EDGE ( 'NONE', *, *, #1524, .T. ) ;
#1179 = DIRECTION ( 'NONE',  ( 0.000000000000000000, -1.278540297742340348E-16, 1.000000000000000000 ) ) ;
#1180 = CARTESIAN_POINT ( 'NONE',  ( -0.04242637687938188157, 0.9490521600759824761, 0.3543984748756371927 ) ) ;
#1181 = CARTESIAN_POINT ( 'NONE',  ( -0.2159725005438877243, -0.9251247910462802038, 0.4048477831045874664 ) ) ;
#1182 = B_SPLINE_CURVE_WITH_KNOTS ( 'NONE', 3,
 ( #768, #1698, #2642, #544, #1239, #2176, #2449, #1025, #1959, #2242 ),
 .UNSPECIFIED., .F., .F.,
 ( 4, 3, 3, 4 ),
 ( 0.000000000000000000, 1.747198143736281901E-05, 3.490454424928384077E-05, 6.967682593928877920E-05 ),
 .UNSPECIFIED. ) ;
#1183 = CARTESIAN_POINT ( 'NONE',  ( -0.1877274226775418053, 0.9313320261110273890, 0.2966398146014207482 ) ) ;
#1184 = ORIENTED_EDGE ( 'NONE', *, *, #1578, .T. ) ;
#1185 = DIRECTION ( 'NONE',  ( 0.000000000000000000, -1.000000000000000000, 6.802837160693362624E-16 ) ) ;
#1186 = CARTESIAN_POINT ( 'NONE',  ( -3.673940397442059498E-17, -3.550000000000000711, -11.73000000000000043 ) ) ;
#1187 = B_SPLINE_CURVE_WITH_KNOTS ( 'NONE', 3,
 ( #1581, #2980, #2277, #1550, #866, #412, #669, #1600, #175, #882, #1812, #427, #2290, #1372, #196, #2066 ),
 .UNSPECIFIED., .F., .F.,
 ( 4, 3, 3, 3, 3, 4 ),
 ( 0.000000000000000000, 1.757214135805671326E-05, 3.512383527831317281E-05, 5.518459742093687742E-05, 7.570382939332324338E-05, 9.314814863522596347E-05 ),
 .UNSPECIFIED. ) ;
#1188 = VERTEX_POINT ( 'NONE', #2362 ) ;
#1189 = DIRECTION ( 'NONE',  ( 0.000000000000000000, 0.000000000000000000, 1.000000000000000000 ) ) ;
#1190 = CARTESIAN_POINT ( 'NONE',  ( -0.1036415963104232729, -0.9446587913055584096, 0.4862343303415766482 ) ) ;
#1191 = CARTESIAN_POINT ( 'NONE',  ( 0.09981100352072941329, 0.9447421868933738587, 0.05918272035585120383 ) ) ;
#1192 = DIRECTION ( 'NONE',  ( -0.000000000000000000, -0.000000000000000000, -1.000000000000000000 ) ) ;
#1193 = CARTESIAN_POINT ( 'NONE',  ( -0.2320488923795618053, -0.9212309343061761968, 0.3855652612085695430 ) ) ;
#1194 = CARTESIAN_POINT ( 'NONE',  ( 0.000000000000000000, -1.084202172485504434E-15, -10.42999999999999794 ) ) ;
#1195 = CARTESIAN_POINT ( 'NONE',  ( -0.2184522256723154254, -0.9251208292940743538, -0.07553395712060401168 ) ) ;
#1196 = FACE_OUTER_BOUND ( 'NONE', #97, .T. ) ;
#1197 = FACE_OUTER_BOUND ( 'NONE', #589, .T. ) ;
#1198 = CARTESIAN_POINT ( 'NONE',  ( -0.1367644778173238707, -0.9401144646700109186, 0.09575603510188955558 ) ) ;
#1199 = ORIENTED_EDGE ( 'NONE', *, *, #13, .F. ) ;
#1200 = CARTESIAN_POINT ( 'NONE',  ( -0.2331007163276639649, 0.9209582313562391098, -0.9169771857128572456 ) ) ;
#1201 = STYLED_ITEM ( 'NONE', ( #272 ), #344 ) ;
#1202 = CARTESIAN_POINT ( 'NONE',  ( 0.09802630214339624892, 0.9449290153699868577, 0.07555172555179286153 ) ) ;
#1203 = EDGE_CURVE ( 'NONE', #1279, #842, #630, .T. ) ;
#1204 = CARTESIAN_POINT ( 'NONE',  ( -0.2380994945690552700, 0.9196786235287806033, -0.4866664018301640193 ) ) ;
#1205 = CARTESIAN_POINT ( 'NONE',  ( -0.3000000000000000444, -0.9013878188659973922, -0.9233173076923076872 ) ) ;
#1206 = DIRECTION ( 'NONE',  ( -1.000000000000000000, 0.000000000000000000, 0.000000000000000000 ) ) ;
#1207 = MECHANICAL_DESIGN_GEOMETRIC_PRESENTATION_REPRESENTATION (  '', ( #2141 ), #2627 ) ;
#1208 = FACE_OUTER_BOUND ( 'NONE', #266, .T. ) ;
#1209 = AXIS2_PLACEMENT_3D ( 'NONE', #1398, #2834, #2119 ) ;
#1210 = B_SPLINE_CURVE_WITH_KNOTS ( 'NONE', 3,
 ( #566, #2420, #1373, #2996, #2264, #428, #653, #1800, #197, #2517, #853, #2067, #2021, #2036, #163, #640 ),
 .UNSPECIFIED., .F., .F.,
 ( 4, 3, 3, 3, 3, 4 ),
 ( 0.000000000000000000, 1.757491395000254709E-05, 3.529555211731488654E-05, 5.144244294691169327E-05, 7.717341767511883054E-05, 9.097412578236129259E-05 ),
 .UNSPECIFIED. ) ;
#1211 = LINE ( 'NONE', #3022, #186 ) ;
#1212 = CIRCLE ( 'NONE', #235, 0.9499999999999999556 ) ;
#1213 = CARTESIAN_POINT ( 'NONE',  ( -0.2384615384615384193, 0.9195847403445515100, -0.4995993589743591423 ) ) ;
#1214 = VERTEX_POINT ( 'NONE', #16 ) ;
#1215 = CARTESIAN_POINT ( 'NONE',  ( -0.2150932934642189875, -0.9254602942837123480, 0.1781503303016551409 ) ) ;
#1216 = CARTESIAN_POINT ( 'NONE',  ( -0.2145943996539426135, 0.9254649999740491850, 0.4064321902476215054 ) ) ;
#1217 = CARTESIAN_POINT ( 'NONE',  ( 0.01263587164397027632, 0.9499293744192941480, 0.01649033589015077086 ) ) ;
#1218 = CARTESIAN_POINT ( 'NONE',  ( -0.1024038461538461092, -0.9444646379261106839, -0.6897435897435899577 ) ) ;
#1219 = CARTESIAN_POINT ( 'NONE',  ( 0.09487179487179507598, 0.9452509415693823858, 0.2846153846153848810 ) ) ;
#1220 = CARTESIAN_POINT ( 'NONE',  ( 0.000000000000000000, 0.000000000000000000, -1.749999999999999778 ) ) ;
#1221 = SURFACE_STYLE_USAGE ( .BOTH. , #289 ) ;
#1222 = EDGE_CURVE ( 'NONE', #1089, #1279, #2726, .T. ) ;
#1223 = ADVANCED_FACE ( 'NONE', ( #2580 ), #482, .T. ) ;
#1224 = DIRECTION ( 'NONE',  ( 0.000000000000000000, -7.228014483236697541E-16, -1.000000000000000000 ) ) ;
#1225 = CYLINDRICAL_SURFACE ( 'NONE', #1932, 0.9499999999999999556 ) ;
#1226 = PRESENTATION_STYLE_ASSIGNMENT (( #821 ) ) ;
#1227 = ADVANCED_FACE ( 'NONE', ( #2118 ), #953, .T. ) ;
#1228 = ORIENTED_EDGE ( 'NONE', *, *, #2440, .T. ) ;
#1229 = CARTESIAN_POINT ( 'NONE',  ( -0.03846153846153831796, 0.9492211070447030830, 0.3799679487179488668 ) ) ;
#1230 = CARTESIAN_POINT ( 'NONE',  ( -0.02966977484752897354, -0.9498351356909471299, 0.3358391030264320509 ) ) ;
#1231 = CARTESIAN_POINT ( 'NONE',  ( -0.2951632272686964820, 0.9030206037766662641, 0.1064183109804884148 ) ) ;
#1232 = CARTESIAN_POINT ( 'NONE',  ( 0.000000000000000000, 0.000000000000000000, 1.949999999999999956 ) ) ;
#1233 = CARTESIAN_POINT ( 'NONE',  ( -0.3000000000000000444, 0.9013878188659973922, -0.9233173076923076872 ) ) ;
#1234 = VERTEX_POINT ( 'NONE', #142 ) ;
#1235 = CARTESIAN_POINT ( 'NONE',  ( 0.03333333333333351328, -0.9494150245750743178, 0.05160256410256423149 ) ) ;
#1236 = DIRECTION ( 'NONE',  ( 0.000000000000000000, 0.000000000000000000, 1.000000000000000000 ) ) ;
#1237 = ORIENTED_EDGE ( 'NONE', *, *, #1302, .F. ) ;
#1238 = ADVANCED_FACE ( 'NONE', ( #1252 ), #2097, .T. ) ;
#1239 = CARTESIAN_POINT ( 'NONE',  ( 0.03220891953267791818, 0.9494539467371909680, -0.9129472200204946652 ) ) ;
#1240 = CARTESIAN_POINT ( 'NONE',  ( 0.09944897371635248728, 0.9447803789513697925, -0.9021892995732067044 ) ) ;
#1241 = ORIENTED_EDGE ( 'NONE', *, *, #705, .F. ) ;
#1242 =( NAMED_UNIT ( * ) SI_UNIT ( $, .STERADIAN. ) SOLID_ANGLE_UNIT ( ) );
#1243 = CARTESIAN_POINT ( 'NONE',  ( -0.1024038461538461092, -0.9444646379261106839, -0.6897435897435899577 ) ) ;
#1244 = STYLED_ITEM ( 'NONE', ( #1176 ), #179 ) ;
#1245 = AXIS2_PLACEMENT_3D ( 'NONE', #1194, #48, #1426 ) ;
#1246 = CARTESIAN_POINT ( 'NONE',  ( -0.3029824421649617849, 0.9003897154670289504, 0.07598096697835086955 ) ) ;
#1247 = CARTESIAN_POINT ( 'NONE',  ( -0.2981271517896301182, 0.9020089807562569062, 0.004601534730477732996 ) ) ;
#1248 = CARTESIAN_POINT ( 'NONE',  ( -0.02289941274213911152, 0.9497708231766290865, 0.1649717793762998930 ) ) ;
#1249 = AXIS2_PLACEMENT_3D ( 'NONE', #2777, #2532, #2289 ) ;
#1250 = VERTEX_POINT ( 'NONE', #352 ) ;
#1251 = MECHANICAL_DESIGN_GEOMETRIC_PRESENTATION_REPRESENTATION (  '', ( #182 ), #1692 ) ;
#1252 = FACE_OUTER_BOUND ( 'NONE', #649, .T. ) ;
#1253 = CARTESIAN_POINT ( 'NONE',  ( -0.1554989083914915249, 0.9372320440294339416, 0.1039074142330233402 ) ) ;
#1254 = ORIENTED_EDGE ( 'NONE', *, *, #253, .F. ) ;
#1255 =( GEOMETRIC_REPRESENTATION_CONTEXT ( 3 ) GLOBAL_UNCERTAINTY_ASSIGNED_CONTEXT ( ( #2593 ) ) GLOBAL_UNIT_ASSIGNED_CONTEXT ( ( #2069, #885, #1636 ) ) REPRESENTATION_CONTEXT ( 'NONE', 'WORKASPACE' ) );
#1256 = TOROIDAL_SURFACE ( 'NONE', #822, 0.7500000000000000000, 0.2000000000000000111 ) ;
#1257 = CARTESIAN_POINT ( 'NONE',  ( -0.1801282051282049879, 0.9327667606198729588, 0.1820512820512822094 ) ) ;
#1258 =( GEOMETRIC_REPRESENTATION_CONTEXT ( 3 ) GLOBAL_UNCERTAINTY_ASSIGNED_CONTEXT ( ( #1613 ) ) GLOBAL_UNIT_ASSIGNED_CONTEXT ( ( #708, #299, #2106 ) ) REPRESENTATION_CONTEXT ( 'NONE', 'WORKASPACE' ) );
#1259 = EDGE_LOOP ( 'NONE', ( #1652, #280, #675, #2179 ) ) ;
#1260 = EDGE_LOOP ( 'NONE', ( #2562, #243, #431, #340, #2309, #628, #1742, #655, #2781, #1199, #485, #2748, #2435, #2693, #501, #74, #571 ) ) ;
#1261 = EDGE_CURVE ( 'NONE', #2228, #336, #2098, .T. ) ;
#1262 = CARTESIAN_POINT ( 'NONE',  ( -0.2703343431024255450, -0.9107246251965412931, -0.8086899632863934206 ) ) ;
#1263 = CIRCLE ( 'NONE', #140, 0.2999999999999999889 ) ;
#1264 = CARTESIAN_POINT ( 'NONE',  ( -0.2927182123123605040, -0.9037949014306952966, 0.1115690348883122407 ) ) ;
#1265 = CARTESIAN_POINT ( 'NONE',  ( -0.2333333333333333648, -0.9208993189027536719, -0.9341346153846150635 ) ) ;
#1266 = EDGE_CURVE ( 'NONE', #2894, #3, #1066, .T. ) ;
#1267 = CARTESIAN_POINT ( 'NONE',  ( -0.3043442482578652686, 0.8999323979894904291, 0.3789578045041059329 ) ) ;
#1268 = CARTESIAN_POINT ( 'NONE',  ( -0.08661858974358957464, -0.9460429270973024218, 0.1091346153846155104 ) ) ;
#1269 = DIRECTION ( 'NONE',  ( -0.000000000000000000, -0.000000000000000000, 1.000000000000000000 ) ) ;
#1270 = DIRECTION ( 'NONE',  ( -0.000000000000000000, -0.000000000000000000, -1.000000000000000000 ) ) ;
#1271 = ORIENTED_EDGE ( 'NONE', *, *, #1172, .T. ) ;
#1272 = CARTESIAN_POINT ( 'NONE',  ( 0.06402243589743610019, -0.9478402437656668900, 0.1392628205128206564 ) ) ;
#1273 = CARTESIAN_POINT ( 'NONE',  ( -0.2271113013934142055, 0.9224567477039231633, -0.8740292574852801533 ) ) ;
#1274 = CARTESIAN_POINT ( 'NONE',  ( -0.1410850760339976973, 0.9394809847748201159, 0.09828987632406559205 ) ) ;
#1275 = ORIENTED_EDGE ( 'NONE', *, *, #2161, .F. ) ;
#1276 = FACE_BOUND ( 'NONE', #2842, .T. ) ;
#1277 = CARTESIAN_POINT ( 'NONE',  ( -0.1405608452257428309, -0.9395438514464080626, -0.6094604871755912034 ) ) ;
#1278 = VERTEX_POINT ( 'NONE', #2191 ) ;
#1279 = VERTEX_POINT ( 'NONE', #366 ) ;
#1280 = B_SPLINE_CURVE_WITH_KNOTS ( 'NONE', 3,
 ( #172, #2974, #2498, #1351, #404, #2045, #2990, #876 ),
 .UNSPECIFIED., .F., .F.,
 ( 4, 2, 2, 4 ),
 ( 0.000000000000000000, 0.0001010189599110504819, 0.0001515284398665757567, 0.0002020379198221010451 ),
 .UNSPECIFIED. ) ;
#1281 = CARTESIAN_POINT ( 'NONE',  ( -3.673940397442058882E-17, 0.2999999999999999889, -1.949999999999999956 ) ) ;
#1282 = CARTESIAN_POINT ( 'NONE',  ( -0.01794871794871778087, 0.9498304288261129047, 0.007692307692307823706 ) ) ;
#1283 = EDGE_CURVE ( 'NONE', #2499, #2636, #2399, .T. ) ;
#1284 = CARTESIAN_POINT ( 'NONE',  ( -0.03375578327137302576, 0.9494364027465416189, -0.6828409205549131888 ) ) ;
#1285 = DIRECTION ( 'NONE',  ( -0.000000000000000000, -0.000000000000000000, -1.000000000000000000 ) ) ;
#1286 = CARTESIAN_POINT ( 'NONE',  ( 0.07149296914551502014, -0.9474772388308623228, -0.6239413857869726687 ) ) ;
#1287 = ORIENTED_EDGE ( 'NONE', *, *, #2339, .F. ) ;
#1288 = CARTESIAN_POINT ( 'NONE',  ( -0.3045204146541418688, -0.8998709512816301936, 0.3256171596036903648 ) ) ;
#1289 = CARTESIAN_POINT ( 'NONE',  ( -0.3051282051282050989, 0.8996648144921751689, -0.4994391025641026771 ) ) ;
#1290 = ORIENTED_EDGE ( 'NONE', *, *, #65, .T. ) ;
#1291 = CARTESIAN_POINT ( 'NONE',  ( -0.1863782051282049934, -0.9315380639851429390, -0.07948717948717937132 ) ) ;
#1292 = DIRECTION ( 'NONE',  ( 0.000000000000000000, -1.000000000000000000, 8.081377458435701493E-16 ) ) ;
#1293 = ORIENTED_EDGE ( 'NONE', *, *, #688, .T. ) ;
#1294 = CARTESIAN_POINT ( 'NONE',  ( 0.02824863456723359853, 0.9497074532096512200, -0.06096793826323316373 ) ) ;
#1295 = B_SPLINE_CURVE_WITH_KNOTS ( 'NONE', 3,
 ( #1235, #1529, #1517, #2892, #2461, #783, #1020, #94, #1725, #1709, #365, #2908, #109, #800, #814, #2668 ),
 .UNSPECIFIED., .F., .F.,
 ( 4, 3, 3, 3, 3, 4 ),
 ( 0.000000000000000000, 1.707672529051968728E-05, 2.870408902344301756E-05, 4.027841552891699622E-05, 5.555564700443595464E-05, 6.342841147602998287E-05 ),
 .UNSPECIFIED. ) ;
#1296 = CARTESIAN_POINT ( 'NONE',  ( -0.2915064102564102755, -0.9041703450011073784, -0.8522435897435893803 ) ) ;
#1297 = CARTESIAN_POINT ( 'NONE',  ( -0.03498372679716370975, -0.9493669483066364823, 0.08419730395508936982 ) ) ;
#1298 = CARTESIAN_POINT ( 'NONE',  ( -0.2198583553906679200, 0.9243235862703156336, -0.07306016938046631937 ) ) ;
#1299 = CARTESIAN_POINT ( 'NONE',  ( -0.08661858974358957464, 0.9460429270973024218, 0.1091346153846155104 ) ) ;
#1300 = CARTESIAN_POINT ( 'NONE',  ( -0.2869012835185407173, -0.9056826399891881874, 0.4316601619026100289 ) ) ;
#1301 = VERTEX_POINT ( 'NONE', #2225 ) ;
#1302 = EDGE_CURVE ( 'NONE', #1700, #915, #917, .T. ) ;
#1303 = CARTESIAN_POINT ( 'NONE',  ( -0.1187324444737164475, 0.9425604662084975383, 0.4000711860075137349 ) ) ;
#1304 = CARTESIAN_POINT ( 'NONE',  ( -0.2824821921173261141, 0.9070847638995417350, -0.6016781872742315018 ) ) ;
#1305 = CIRCLE ( 'NONE', #2470, 0.9499999999999999556 ) ;
#1306 = ORIENTED_EDGE ( 'NONE', *, *, #2308, .T. ) ;
#1307 = AXIS2_PLACEMENT_3D ( 'NONE', #1354, #360, #2006 ) ;
#1308 = CARTESIAN_POINT ( 'NONE',  ( -0.1608908007749421665, 0.9363040209390527391, -0.7457718632229793920 ) ) ;
#1309 = PRESENTATION_LAYER_ASSIGNMENT (  '', '', ( #2946 ) ) ;
#1310 = CARTESIAN_POINT ( 'NONE',  ( -0.2804567040104704589, 0.9076585465774272832, 0.2786410592644256723 ) ) ;
#1311 = CIRCLE ( 'NONE', #1992, 0.2999999999999999889 ) ;
#1312 = ORIENTED_EDGE ( 'NONE', *, *, #2811, .T. ) ;
#1313 = CARTESIAN_POINT ( 'NONE',  ( -0.002816878758010927988, 0.9500179122550300725, 0.08953306359877248599 ) ) ;
#1314 = CARTESIAN_POINT ( 'NONE',  ( -0.01025668612095560588, 0.9499524178004881136, -0.04358790449277309687 ) ) ;
#1315 = VERTEX_POINT ( 'NONE', #1482 ) ;
#1316 = CIRCLE ( 'NONE', #1169, 0.2999999999999999889 ) ;
#1317 = CARTESIAN_POINT ( 'NONE',  ( -0.2454876160995368983, -0.9177698787529517954, -0.7827661024023999659 ) ) ;
#1318 = CARTESIAN_POINT ( 'NONE',  ( -0.2294871794871795323, 0.9218653016851318105, -0.8829326923076920020 ) ) ;
#1319 = VERTEX_POINT ( 'NONE', #1726 ) ;
#1320 = LINE ( 'NONE', #3031, #314 ) ;
#1321 = CARTESIAN_POINT ( 'NONE',  ( 0.1003482663407207071, 0.9446860580140757913, -0.5505373632288558250 ) ) ;
#1322 = DIRECTION ( 'NONE',  ( 0.000000000000000000, -1.000000000000000000, 0.000000000000000000 ) ) ;
#1323 = B_SPLINE_CURVE_WITH_KNOTS ( 'NONE', 3,
 ( #2681, #578, #115, #1719, #994, #2661, #1491, #1982, #2935, #827 ),
 .UNSPECIFIED., .F., .F.,
 ( 4, 3, 3, 4 ),
 ( 0.000000000000000000, 7.813754338701338838E-06, 1.563017673329805825E-05, 3.117770489643374742E-05 ),
 .UNSPECIFIED. ) ;
#1324 = CARTESIAN_POINT ( 'NONE',  ( -0.1819956783122305688, 0.9324311321191569579, -0.7511069372522862775 ) ) ;
#1325 = EDGE_CURVE ( 'NONE', #1777, #2821, #1842, .T. ) ;
#1326 = CARTESIAN_POINT ( 'NONE',  ( -0.2061251806120922292, 0.9274240400174647014, 0.2315923187698922248 ) ) ;
#1327 = CARTESIAN_POINT ( 'NONE',  ( 0.09411547042473793201, 0.9453387288147175882, 0.008172135839865743434 ) ) ;
#1328 = EDGE_CURVE ( 'NONE', #79, #568, #1616, .T. ) ;
#1329 = CARTESIAN_POINT ( 'NONE',  ( -0.05023913302468956815, 0.9486706644104013764, 0.07072129261816972878 ) ) ;
#1330 = CARTESIAN_POINT ( 'NONE',  ( -0.2376385581872993980, -0.9197977580221984306, -0.7772740003382803131 ) ) ;
#1331 = DIRECTION ( 'NONE',  ( -0.000000000000000000, -0.000000000000000000, -1.000000000000000000 ) ) ;
#1332 = ORIENTED_EDGE ( 'NONE', *, *, #3021, .F. ) ;
#1333 = CYLINDRICAL_SURFACE ( 'NONE', #1397, 0.2999999999999999889 ) ;
#1334 = CARTESIAN_POINT ( 'NONE',  ( 0.06402243589743610019, -0.9478402437656668900, 0.1392628205128206564 ) ) ;
#1335 = CARTESIAN_POINT ( 'NONE',  ( 0.000000000000000000, 0.000000000000000000, -3.403937756669170867 ) ) ;
#1336 = CARTESIAN_POINT ( 'NONE',  ( 0.09401546713910395592, -0.9453379112607562806, -0.8580805801829679558 ) ) ;
#1337 = CARTESIAN_POINT ( 'NONE',  ( 0.000000000000000000, -1.000000000000001110, 10.42999999999999794 ) ) ;
#1338 = VERTEX_POINT ( 'NONE', #212 ) ;
#1339 = CARTESIAN_POINT ( 'NONE',  ( 0.02652280424226667946, 0.9496319202090304223, 0.07447094961977486494 ) ) ;
#1340 = EDGE_CURVE ( 'NONE', #244, #818, #2566, .T. ) ;
#1341 = CARTESIAN_POINT ( 'NONE',  ( 0.000000000000000000, 0.000000000000000000, -1.949999999999999956 ) ) ;
#1342 = ORIENTED_EDGE ( 'NONE', *, *, #1261, .T. ) ;
#1343 = CARTESIAN_POINT ( 'NONE',  ( -0.2089040030302174167, -0.9267465227978629594, 0.3054023195125559198 ) ) ;
#1344 = CARTESIAN_POINT ( 'NONE',  ( -0.3000000000000000444, -0.9013878188659973922, -3.403937756669170867 ) ) ;
#1345 = CARTESIAN_POINT ( 'NONE',  ( -0.002564102564102377618, 0.9499965396663508921, 0.1666666666666667962 ) ) ;
#1346 = VERTEX_POINT ( 'NONE', #2477 ) ;
#1347 = CARTESIAN_POINT ( 'NONE',  ( -0.1548533361908185635, 0.9373909730049255762, 0.4945348522636556221 ) ) ;
#1348 = CARTESIAN_POINT ( 'NONE',  ( 0.03231565125963013069, -0.9494503044738900055, -0.9128893045393248196 ) ) ;
#1349 = LINE ( 'NONE', #1105, #531 ) ;
#1350 = FILL_AREA_STYLE ('',( #2322 ) ) ;
#1351 = CARTESIAN_POINT ( 'NONE',  ( -0.2084277182759735336, -0.9269599385253374235, -0.4214233895685273179 ) ) ;
#1352 = EDGE_LOOP ( 'NONE', ( #1553, #1945, #600, #1076 ) ) ;
#1353 = VECTOR ( 'NONE', #1823, 1000.000000000000000 ) ;
#1354 = CARTESIAN_POINT ( 'NONE',  ( 0.9499999999999999556, 0.000000000000000000, 1.949999999999999956 ) ) ;
#1355 = EDGE_CURVE ( 'NONE', #559, #341, #1648, .T. ) ;
#1356 = DIRECTION ( 'NONE',  ( 0.000000000000000000, 0.000000000000000000, 1.000000000000000000 ) ) ;
#1357 = CARTESIAN_POINT ( 'NONE',  ( -0.1923076923076922073, -0.9303320651677496889, -0.1051282051282051294 ) ) ;
#1358 = STYLED_ITEM ( 'NONE', ( #29 ), #1998 ) ;
#1359 = CARTESIAN_POINT ( 'NONE',  ( 0.02987956320991616566, 0.9495914080521304923, 0.1616296041156122243 ) ) ;
#1360 = EDGE_CURVE ( 'NONE', #2885, #411, #678, .T. ) ;
#1361 = ADVANCED_FACE ( 'NONE', ( #2492 ), #1256, .T. ) ;
#1362 = ORIENTED_EDGE ( 'NONE', *, *, #2675, .T. ) ;
#1363 = CARTESIAN_POINT ( 'NONE',  ( 0.09867671153590124034, 0.9448633903501548748, -0.5575705489912419210 ) ) ;
#1364 = CARTESIAN_POINT ( 'NONE',  ( -0.3013016175947825781, -0.9010111381640805162, -0.4467631029623380656 ) ) ;
#1365 = FACE_OUTER_BOUND ( 'NONE', #1522, .T. ) ;
#1366 = UNCERTAINTY_MEASURE_WITH_UNIT (LENGTH_MEASURE( 1.000000000000000082E-05 ), #974, 'distance_accuracy_value', 'NONE');
#1367 = CARTESIAN_POINT ( 'NONE',  ( -0.1351838755157239724, 0.9403686239500105293, 0.1727743906228225157 ) ) ;
#1368 = ORIENTED_EDGE ( 'NONE', *, *, #502, .F. ) ;
#1369 = CARTESIAN_POINT ( 'NONE',  ( -0.1065236776555659737, 0.9440126394354606543, 0.3466989034453700214 ) ) ;
#1370 = B_SPLINE_CURVE_WITH_KNOTS ( 'NONE', 3,
 ( #1787, #2800, #690, #2768, #383, #2254, #153, #399, #1090, #2520, #184, #2025, #1101, #1376, #1569, #629 ),
 .UNSPECIFIED., .F., .F.,
 ( 4, 3, 3, 3, 3, 4 ),
 ( 0.000000000000000000, 2.681798694162924266E-05, 4.694059280911078814E-05, 6.716301599522916921E-05, 8.466462643036908563E-05, 9.375858420213146007E-05 ),
 .UNSPECIFIED. ) ;
#1371 = ORIENTED_EDGE ( 'NONE', *, *, #948, .T. ) ;
#1372 = CARTESIAN_POINT ( 'NONE',  ( -0.1867089767724500748, 0.9314898798208400832, 0.1046655643200131991 ) ) ;
#1373 = CARTESIAN_POINT ( 'NONE',  ( -0.2375577738338592038, -0.9198211520510586325, 0.03966850304200557342 ) ) ;
#1374 = CARTESIAN_POINT ( 'NONE',  ( 0.03186774175443320145, 0.9494653479908323757, -0.5405141948842120403 ) ) ;
#1375 = ORIENTED_EDGE ( 'NONE', *, *, #537, .F. ) ;
#1376 = CARTESIAN_POINT ( 'NONE',  ( -0.2382600596745661492, -0.9196371207433907680, 0.05770144533898562828 ) ) ;
#1377 = ADVANCED_FACE ( 'NONE', ( #2256, #1124 ), #2027, .T. ) ;
#1378 = CARTESIAN_POINT ( 'NONE',  ( -0.1038461538461538519, -0.9443071408876250183, -0.7410256410256407245 ) ) ;
#1379 = CYLINDRICAL_SURFACE ( 'NONE', #2835, 0.9499999999999999556 ) ;
#1380 = SURFACE_STYLE_FILL_AREA ( #359 ) ;
#1381 = CARTESIAN_POINT ( 'NONE',  ( 0.000000000000000000, 0.000000000000000000, -3.403937756669170867 ) ) ;
#1382 = FACE_OUTER_BOUND ( 'NONE', #125, .T. ) ;
#1383 = EDGE_LOOP ( 'NONE', ( #2864, #1984, #2970, #2651 ) ) ;
#1384 = CARTESIAN_POINT ( 'NONE',  ( -0.2324238356394255356, 0.9211325090961614004, 0.02705844233947578628 ) ) ;
#1385 = CARTESIAN_POINT ( 'NONE',  ( -0.1923076923076922073, -0.9303320651677496889, -0.2538461538461539990 ) ) ;
#1386 = VERTEX_POINT ( 'NONE', #169 ) ;
#1387 = CARTESIAN_POINT ( 'NONE',  ( 0.000000000000000000, 0.000000000000000000, 1.949999999999999956 ) ) ;
#1388 =( LENGTH_UNIT ( ) NAMED_UNIT ( * ) SI_UNIT ( .MILLI., .METRE. ) );
#1389 = DIRECTION ( 'NONE',  ( 1.000000000000000000, 0.000000000000000000, 0.000000000000000000 ) ) ;
#1390 = CARTESIAN_POINT ( 'NONE',  ( -0.2347345600312552294, -0.9205446762818422224, 0.3795027810256074163 ) ) ;
#1391 = DIRECTION ( 'NONE',  ( 1.000000000000000000, 0.000000000000000000, 0.000000000000000000 ) ) ;
#1392 = VERTEX_POINT ( 'NONE', #450 ) ;
#1393 = EDGE_CURVE ( 'NONE', #680, #183, #2831, .T. ) ;
#1394 = ORIENTED_EDGE ( 'NONE', *, *, #890, .T. ) ;
#1395 = CARTESIAN_POINT ( 'NONE',  ( -0.2294871794871795323, -0.9218653016851318105, -0.8829326923076920020 ) ) ;
#1396 = UNCERTAINTY_MEASURE_WITH_UNIT (LENGTH_MEASURE( 1.000000000000000082E-05 ), #1609, 'distance_accuracy_value', 'NONE');
#1397 = AXIS2_PLACEMENT_3D ( 'NONE', #58, #1179, #473 ) ;
#1398 = CARTESIAN_POINT ( 'NONE',  ( 0.000000000000000000, -3.550000000000001155, -11.43000000000000149 ) ) ;
#1399 = STYLED_ITEM ( 'NONE', ( #1586 ), #69 ) ;
#1400 = PRESENTATION_STYLE_ASSIGNMENT (( #2622 ) ) ;
#1401 = CARTESIAN_POINT ( 'NONE',  ( -0.03035320130994181159, -0.9495149725888667458, 0.08603588706274099829 ) ) ;
#1402 = VECTOR ( 'NONE', #1161, 1000.000000000000000 ) ;
#1403 = ORIENTED_EDGE ( 'NONE', *, *, #1393, .T. ) ;
#1404 = CARTESIAN_POINT ( 'NONE',  ( -0.2331866348778729447, 0.9209364762644242086, -0.9212667183903359147 ) ) ;
#1405 = AXIS2_PLACEMENT_3D ( 'NONE', #1337, #171, #647 ) ;
#1406 = CARTESIAN_POINT ( 'NONE',  ( -0.2294871794871795323, -0.9218653016851318105, -0.8829326923076920020 ) ) ;
#1407 = ORIENTED_EDGE ( 'NONE', *, *, #305, .F. ) ;
#1408 = AXIS2_PLACEMENT_3D ( 'NONE', #1533, #2747, #2727 ) ;
#1409 = CARTESIAN_POINT ( 'NONE',  ( 0.03757959964326700042, -0.9492568423686746915, -0.5336316817791029177 ) ) ;
#1410 = CARTESIAN_POINT ( 'NONE',  ( -0.1900909922882901837, -0.9308381055548499150, 0.4168059744552397028 ) ) ;
#1411 = ORIENTED_EDGE ( 'NONE', *, *, #201, .T. ) ;
#1412 = MECHANICAL_DESIGN_GEOMETRIC_PRESENTATION_REPRESENTATION (  '', ( #1849 ), #2746 ) ;
#1413 = DIRECTION ( 'NONE',  ( -1.000000000000000000, 0.000000000000000000, 0.000000000000000000 ) ) ;
#1414 =( LENGTH_UNIT ( ) NAMED_UNIT ( * ) SI_UNIT ( .MILLI., .METRE. ) );
#1415 = FILL_AREA_STYLE_COLOUR ( '', #1853 ) ;
#1416 = EDGE_CURVE ( 'NONE', #2246, #1926, #528, .T. ) ;
#1417 = DIRECTION ( 'NONE',  ( 0.000000000000000000, -0.000000000000000000, 1.000000000000000000 ) ) ;
#1418 = VERTEX_POINT ( 'NONE', #873 ) ;
#1419 = CARTESIAN_POINT ( 'NONE',  ( -0.1697916666666665075, -0.9347035839936399526, 0.4179487179487181292 ) ) ;
#1420 = CARTESIAN_POINT ( 'NONE',  ( 0.000000000000000000, -1.000000000000000888, 11.12999999999999901 ) ) ;
#1421 = CARTESIAN_POINT ( 'NONE',  ( 0.1000000000000001582, 0.9447221813845592120, 0.05096153846153859968 ) ) ;
#1422 = ORIENTED_EDGE ( 'NONE', *, *, #2436, .F. ) ;
#1423 = CARTESIAN_POINT ( 'NONE',  ( -0.01794871794871778087, -0.9498304288261124606, 0.007692307692307823706 ) ) ;
#1424 = FACE_BOUND ( 'NONE', #837, .T. ) ;
#1425 = CARTESIAN_POINT ( 'NONE',  ( -0.3051282051282050989, -0.8996648144921751689, -0.4994391025641026771 ) ) ;
#1426 = DIRECTION ( 'NONE',  ( 1.000000000000000000, 0.000000000000000000, 0.000000000000000000 ) ) ;
#1427 =( NAMED_UNIT ( * ) PLANE_ANGLE_UNIT ( ) SI_UNIT ( $, .RADIAN. ) );
#1428 = PRODUCT_DEFINITION_CONTEXT ( 'detailed design', #2166, 'design' ) ;
#1429 = SURFACE_STYLE_FILL_AREA ( #2565 ) ;
#1430 = ORIENTED_EDGE ( 'NONE', *, *, #1068, .F. ) ;
#1431 = CARTESIAN_POINT ( 'NONE',  ( -0.2017322552354105236, 0.9284257736149594820, -0.7577562967454506415 ) ) ;
#1432 = CARTESIAN_POINT ( 'NONE',  ( -0.1290163877111311086, -0.9411985825016234708, 0.08948208344481675680 ) ) ;
#1433 = VERTEX_POINT ( 'NONE', #858 ) ;
#1434 = ADVANCED_FACE ( 'NONE', ( #1805 ), #1379, .T. ) ;
#1435 = CARTESIAN_POINT ( 'NONE',  ( -0.1314092580467352833, -0.9408840493816743589, 0.4101707826629599207 ) ) ;
#1436 = CARTESIAN_POINT ( 'NONE',  ( -0.03886372920146492771, -0.9492049437940602852, 0.3712121611850693337 ) ) ;
#1437 = VERTEX_POINT ( 'NONE', #3033 ) ;
#1438 = CARTESIAN_POINT ( 'NONE',  ( -0.04372325743678691368, 0.9489941843970780555, 0.3502098861570831501 ) ) ;
#1439 = CARTESIAN_POINT ( 'NONE',  ( -0.2251053604513622297, -0.9229518108360038608, 0.3961968038829876138 ) ) ;
#1440 = CARTESIAN_POINT ( 'NONE',  ( -0.1986324369164019221, 0.9291188754854313725, 0.4925631364241392363 ) ) ;
#1441 = CARTESIAN_POINT ( 'NONE',  ( -0.2414247894007295614, -0.9188993139797939635, 0.4752739256516834709 ) ) ;
#1442 = CARTESIAN_POINT ( 'NONE',  ( 3.061616997868390876E-18, 0.000000000000000000, -1.949999999999999956 ) ) ;
#1443 = CARTESIAN_POINT ( 'NONE',  ( -0.02220409189369179984, 0.9504324754808400888, -0.7460039414857654316 ) ) ;
#1444 = CARTESIAN_POINT ( 'NONE',  ( -0.08518575392166817528, -0.9463315144582782334, -0.6896449900719077153 ) ) ;
#1445 = FACE_BOUND ( 'NONE', #260, .T. ) ;
#1446 = AXIS2_PLACEMENT_3D ( 'NONE', #2754, #202, #1136 ) ;
#1447 = EDGE_CURVE ( 'NONE', #25, #1171, #1071, .T. ) ;
#1448 = CARTESIAN_POINT ( 'NONE',  ( -0.1001602564102564014, -0.9447052043022901024, -0.8179487179487175963 ) ) ;
#1449 = AXIS2_PLACEMENT_3D ( 'NONE', #2384, #2162, #2876 ) ;
#1450 = CARTESIAN_POINT ( 'NONE',  ( -0.3044509219214722173, 0.8998955699039973277, 0.06739994820572500767 ) ) ;
#1451 = EDGE_CURVE ( 'NONE', #336, #1083, #486, .T. ) ;
#1452 = CARTESIAN_POINT ( 'NONE',  ( -0.2384615384615383360, -0.9195847403445516210, 0.3559294871794874138 ) ) ;
#1453 = PRESENTATION_LAYER_ASSIGNMENT (  '', '', ( #2891 ) ) ;
#1454 = VECTOR ( 'NONE', #2442, 1000.000000000000000 ) ;
#1455 = COLOUR_RGB ( '',1.000000000000000000, 0.4549019607843137192, 0.4352941176470588314 ) ;
#1456 = SURFACE_SIDE_STYLE ('',( #2133 ) ) ;
#1457 = CARTESIAN_POINT ( 'NONE',  ( 0.03333333333333334675, 0.9494150245750743178, -0.9974358974358968899 ) ) ;
#1458 = CARTESIAN_POINT ( 'NONE',  ( 0.000000000000000000, -1.000000000000000888, 11.42999999999999972 ) ) ;
#1459 = STYLED_ITEM ( 'NONE', ( #2836 ), #2557 ) ;
#1460 = CARTESIAN_POINT ( 'NONE',  ( -0.008760963589468876572, -0.9499936231864614111, -0.6751502808728970795 ) ) ;
#1461 = ORIENTED_EDGE ( 'NONE', *, *, #1486, .T. ) ;
#1462 = CARTESIAN_POINT ( 'NONE',  ( -0.2790898528818207547, -0.9080797619253525577, -0.8226829789781821001 ) ) ;
#1463 = CARTESIAN_POINT ( 'NONE',  ( 0.000000000000000000, 0.000000000000000000, -1.074358974358973873 ) ) ;
#1464 = CARTESIAN_POINT ( 'NONE',  ( -0.1801282051282049879, 0.9327667606198729588, 0.1820512820512822094 ) ) ;
#1465 = CARTESIAN_POINT ( 'NONE',  ( -0.08909517553055046335, -0.9458161737839996253, 0.1194172751888087081 ) ) ;
#1466 =( NAMED_UNIT ( * ) SI_UNIT ( $, .STERADIAN. ) SOLID_ANGLE_UNIT ( ) );
#1467 = VERTEX_POINT ( 'NONE', #1205 ) ;
#1468 = FILL_AREA_STYLE ('',( #2637 ) ) ;
#1469 = EDGE_CURVE ( 'NONE', #613, #1864, #1022, .T. ) ;
#1470 = CARTESIAN_POINT ( 'NONE',  ( -0.1150928127041038612, 0.9430066884726541199, 0.3956239190124102856 ) ) ;
#1471 = DIRECTION ( 'NONE',  ( -0.000000000000000000, -0.000000000000000000, -1.000000000000000000 ) ) ;
#1472 = VERTEX_POINT ( 'NONE', #2130 ) ;
#1473 = CARTESIAN_POINT ( 'NONE',  ( -0.1705500588099431170, -0.9346643703702368633, -0.6020018532465690742 ) ) ;
#1474 = VERTEX_POINT ( 'NONE', #2847 ) ;
#1475 = LINE ( 'NONE', #1915, #220 ) ;
#1476 = B_SPLINE_CURVE_WITH_KNOTS ( 'NONE', 3,
 ( #2600, #2114, #2140, #2810, #2312, #1877, #715, #508, #1435, #2355, #40, #971, #1904, #218, #702, #1419 ),
 .UNSPECIFIED., .F., .F.,
 ( 4, 3, 3, 3, 3, 4 ),
 ( 0.000000000000000000, 2.450757248742076153E-05, 4.540135803287519232E-05, 6.336075639344640204E-05, 8.741172121349451824E-05, 9.688906317214156314E-05 ),
 .UNSPECIFIED. ) ;
#1477 = CARTESIAN_POINT ( 'NONE',  ( -0.07973517513362735065, 0.9468764337303344769, 0.03300573317720314342 ) ) ;
#1478 = CARTESIAN_POINT ( 'NONE',  ( 0.1051282051282051849, -0.9441652718070718819, -0.5005608974358976004 ) ) ;
#1479 = CARTESIAN_POINT ( 'NONE',  ( -0.2754475571998665773, 0.9091912027888214842, -0.03517998967343354683 ) ) ;
#1480 = CARTESIAN_POINT ( 'NONE',  ( 0.1044650347654137446, 0.9442391125974677335, -0.4741046595442226508 ) ) ;
#1481 = CARTESIAN_POINT ( 'NONE',  ( 0.08942307692307699396, 0.9457819586530552547, -0.5848557692307693179 ) ) ;
#1482 = CARTESIAN_POINT ( 'NONE',  ( -0.1153846153846152522, -0.9429668024551788319, 0.05873397435897449725 ) ) ;
#1483 = ADVANCED_FACE ( 'NONE', ( #1882, #2360 ), #2859, .T. ) ;
#1484 = ORIENTED_EDGE ( 'NONE', *, *, #1469, .F. ) ;
#1485 = CARTESIAN_POINT ( 'NONE',  ( -0.1769230769230767664, 0.9333800002421688280, -0.002564102564102431828 ) ) ;
#1486 = EDGE_CURVE ( 'NONE', #1777, #469, #430, .T. ) ;
#1487 = DIRECTION ( 'NONE',  ( 0.000000000000000000, 0.000000000000000000, 1.000000000000000000 ) ) ;
#1488 = VERTEX_POINT ( 'NONE', #286 ) ;
#1489 = VERTEX_POINT ( 'NONE', #1868 ) ;
#1490 = FACE_OUTER_BOUND ( 'NONE', #144, .T. ) ;
#1491 = CARTESIAN_POINT ( 'NONE',  ( -0.1171205216425472151, 0.9427527689750784257, 0.04322228894784273939 ) ) ;
#1492 = MECHANICAL_DESIGN_GEOMETRIC_PRESENTATION_REPRESENTATION (  '', ( #1399 ), #422 ) ;
#1493 = CARTESIAN_POINT ( 'NONE',  ( 0.02139393956664584900, 0.9497590743709330985, 0.02356040734596987277 ) ) ;
#1494 = CARTESIAN_POINT ( 'NONE',  ( 0.01077282154232915221, -0.9500337900921201895, -0.4220989562966328545 ) ) ;
#1495 = CARTESIAN_POINT ( 'NONE',  ( -0.05072786415455376313, 0.9486757184828268352, 0.1523858625194612348 ) ) ;
#1496 = CARTESIAN_POINT ( 'NONE',  ( -0.05999046186015850185, -0.9481039734574703282, 0.1443272464292738866 ) ) ;
#1497 = VERTEX_POINT ( 'NONE', #707 ) ;
#1498 = CARTESIAN_POINT ( 'NONE',  ( -0.1270668005442199266, 0.9414731670430507293, 0.4075597513680285222 ) ) ;
#1499 = PRESENTATION_LAYER_ASSIGNMENT (  '', '', ( #182 ) ) ;
#1500 = CARTESIAN_POINT ( 'NONE',  ( -0.01794871794871778087, -0.9498304288261124606, 0.007692307692307823706 ) ) ;
#1501 = VERTEX_POINT ( 'NONE', #476 ) ;
#1502 = MECHANICAL_DESIGN_GEOMETRIC_PRESENTATION_REPRESENTATION (  '', ( #2327 ), #433 ) ;
#1503 = CARTESIAN_POINT ( 'NONE',  ( -0.07973517513362704534, -0.9468764337303344769, 0.03300573317720318506 ) ) ;
#1504 = CARTESIAN_POINT ( 'NONE',  ( -0.1176185378658000380, -0.9426909080228295101, 0.04074988151977716744 ) ) ;
#1505 = AXIS2_PLACEMENT_3D ( 'NONE', #310, #2439, #2881 ) ;
#1506 = CARTESIAN_POINT ( 'NONE',  ( 0.09918598417632246145, 0.9448081629561873029, -0.8958240113664395210 ) ) ;
#1507 = ORIENTED_EDGE ( 'NONE', *, *, #1393, .F. ) ;
#1508 = ORIENTED_EDGE ( 'NONE', *, *, #1340, .F. ) ;
#1509 = LINE ( 'NONE', #982, #713 ) ;
#1510 = CIRCLE ( 'NONE', #386, 0.2999999999999999889 ) ;
#1511 = EDGE_CURVE ( 'NONE', #2396, #244, #1570, .T. ) ;
#1512 = CARTESIAN_POINT ( 'NONE',  ( -0.1947578472584118037, 0.9299416050827793434, 0.1817538854332274578 ) ) ;
#1513 = CARTESIAN_POINT ( 'NONE',  ( -0.09863782051282046770, -0.9448653768471362291, -0.3871794871794873028 ) ) ;
#1514 = CARTESIAN_POINT ( 'NONE',  ( 0.000000000000000000, -1.000000000000001110, -10.42999999999999794 ) ) ;
#1515 = CARTESIAN_POINT ( 'NONE',  ( -0.3047062986472496848, -0.8998079073031778341, 0.3752166524544828241 ) ) ;
#1516 = EDGE_LOOP ( 'NONE', ( #2511, #1995, #2723, #2542, #2154, #698 ) ) ;
#1517 = CARTESIAN_POINT ( 'NONE',  ( 0.03233466576793626868, -0.9494526357006950468, 0.06318023851908649569 ) ) ;
#1518 = CARTESIAN_POINT ( 'NONE',  ( -0.2239393377248698191, 0.9232420192749719590, -0.8651582762600997789 ) ) ;
#1519 = ORIENTED_EDGE ( 'NONE', *, *, #2076, .T. ) ;
#1520 = CARTESIAN_POINT ( 'NONE',  ( -0.1038461538461538519, 0.9443071408876250183, -0.7410256410256407245 ) ) ;
#1521 = ORIENTED_EDGE ( 'NONE', *, *, #720, .F. ) ;
#1522 = EDGE_LOOP ( 'NONE', ( #2979, #2413, #970, #1375 ) ) ;
#1523 = CARTESIAN_POINT ( 'NONE',  ( -0.1256410256410255277, -0.9416551028247397426, -0.1051282051282051294 ) ) ;
#1524 = EDGE_CURVE ( 'NONE', #1594, #798, #219, .T. ) ;
#1525 = PLANE ( 'NONE',  #1307 ) ;
#1526 = CARTESIAN_POINT ( 'NONE',  ( -0.08513336073564496675, 0.9462172868156522032, -0.6895061211789733635 ) ) ;
#1527 = CARTESIAN_POINT ( 'NONE',  ( -0.2946362774865043388, 0.9031561159157843743, -0.8637969869464798833 ) ) ;
#1528 = ORIENTED_EDGE ( 'NONE', *, *, #121, .T. ) ;
#1529 = CARTESIAN_POINT ( 'NONE',  ( 0.03308139265552965252, -0.9494238700455756019, 0.05728922076063034524 ) ) ;
#1530 = DIRECTION ( 'NONE',  ( 0.000000000000000000, -1.000000000000000000, 0.000000000000000000 ) ) ;
#1531 = ORIENTED_EDGE ( 'NONE', *, *, #1360, .T. ) ;
#1532 = CARTESIAN_POINT ( 'NONE',  ( -0.1769230769230767664, -0.9333800002421688280, -0.002564102564102431828 ) ) ;
#1533 = CARTESIAN_POINT ( 'NONE',  ( 0.000000000000000000, 0.000000000000000000, -1.949999999999999956 ) ) ;
#1534 = ORIENTED_EDGE ( 'NONE', *, *, #2999, .T. ) ;
#1535 = CARTESIAN_POINT ( 'NONE',  ( -0.006410256410256241766, 0.9499783727079026407, -0.06923076923076909583 ) ) ;
#1536 = CARTESIAN_POINT ( 'NONE',  ( -0.2950034299012456729, -0.9030428985537689579, -0.8636297198916068618 ) ) ;
#1537 = CARTESIAN_POINT ( 'NONE',  ( -0.02675465016409125235, 0.9496231824753649242, 0.08730608302412881661 ) ) ;
#1538 = DIRECTION ( 'NONE',  ( 1.000000000000000000, 0.000000000000000000, 0.000000000000000000 ) ) ;
#1539 = DIRECTION ( 'NONE',  ( 0.000000000000000000, 0.000000000000000000, 1.000000000000000000 ) ) ;
#1540 = CARTESIAN_POINT ( 'NONE',  ( -0.2715270316257961669, -0.9104007620221646890, 0.4513762570782562378 ) ) ;
#1541 = VERTEX_POINT ( 'NONE', #1966 ) ;
#1542 = EDGE_CURVE ( 'NONE', #2821, #1700, #1035, .T. ) ;
#1543 = CARTESIAN_POINT ( 'NONE',  ( 0.09876885602018040111, -0.9448516884036479713, 0.07064788355529290353 ) ) ;
#1544 = CARTESIAN_POINT ( 'NONE',  ( -0.1051282051282049629, -0.9441652718070718819, 0.3616185897435899022 ) ) ;
#1545 = AXIS2_PLACEMENT_3D ( 'NONE', #251, #2582, #504 ) ;
#1546 = CARTESIAN_POINT ( 'NONE',  ( -0.2634811837731976247, 0.9127927937421426163, 0.2598256870449964784 ) ) ;
#1547 = CARTESIAN_POINT ( 'NONE',  ( 0.01741621991878491982, 0.9498455925156717994, 0.08296149487350251706 ) ) ;
#1548 = COLOUR_RGB ( '',0.8313725490196077761, 0.8313725490196077761, 0.8196078431372548767 ) ;
#1549 = VECTOR ( 'NONE', #1964, 1000.000000000000000 ) ;
#1550 = CARTESIAN_POINT ( 'NONE',  ( -0.2355988318505196077, 0.9203223296377165408, 0.06884412821664565030 ) ) ;
#1551 = DIRECTION ( 'NONE',  ( 0.000000000000000000, 0.000000000000000000, 1.000000000000000000 ) ) ;
#1552 = CARTESIAN_POINT ( 'NONE',  ( -0.1256410256410255277, 0.9416551028247397426, -3.403937756669170867 ) ) ;
#1553 = ORIENTED_EDGE ( 'NONE', *, *, #2716, .F. ) ;
#1554 = FACE_OUTER_BOUND ( 'NONE', #113, .T. ) ;
#1555 =( BOUNDED_CURVE ( )  B_SPLINE_CURVE ( 3, ( #2647, #1230, #1031, #548 ),
 .UNSPECIFIED., .F., .F. ) 
 B_SPLINE_CURVE_WITH_KNOTS ( ( 4, 4 ),
 ( 1.514508173468721131, 1.589690838320785060 ),
 .UNSPECIFIED. ) 
 CURVE ( )  GEOMETRIC_REPRESENTATION_ITEM ( )  RATIONAL_B_SPLINE_CURVE ( ( 1.000000000000000000, 0.9995290193749488683, 0.9995290193749488683, 1.000000000000000000 ) ) 
 REPRESENTATION_ITEM ( '' )  );
#1556 = CARTESIAN_POINT ( 'NONE',  ( -3.673940397442058882E-17, 0.2999999999999988787, -10.42999999999999794 ) ) ;
#1557 = CARTESIAN_POINT ( 'NONE',  ( 0.000000000000000000, 0.000000000000000000, 1.149999999999999911 ) ) ;
#1558 = SURFACE_STYLE_USAGE ( .BOTH. , #922 ) ;
#1559 = EDGE_CURVE ( 'NONE', #457, #2644, #1106, .T. ) ;
#1560 = CARTESIAN_POINT ( 'NONE',  ( -0.1958757281774840819, 0.9296466922730486360, 0.2296316544789897829 ) ) ;
#1561 = CARTESIAN_POINT ( 'NONE',  ( -0.9499999999999999556, 0.000000000000000000, 1.749999999999999778 ) ) ;
#1562 = DIRECTION ( 'NONE',  ( -0.000000000000000000, -0.000000000000000000, -1.000000000000000000 ) ) ;
#1563 = CARTESIAN_POINT ( 'NONE',  ( -0.03571525347829081209, 0.9493365726795600645, 0.08379944920265172681 ) ) ;
#1564 = B_SPLINE_CURVE_WITH_KNOTS ( 'NONE', 3,
 ( #151, #1828, #1865, #3029, #462, #3014 ),
 .UNSPECIFIED., .F., .F.,
 ( 4, 2, 4 ),
 ( 0.000000000000000000, 0.0001012385401886140772, 0.0002024770803772281543 ),
 .UNSPECIFIED. ) ;
#1565 = LINE ( 'NONE', #2735, #2743 ) ;
#1566 = CARTESIAN_POINT ( 'NONE',  ( 0.1049020931713156718, -0.9441906131251982526, -0.5149786963737061907 ) ) ;
#1567 = SURFACE_STYLE_USAGE ( .BOTH. , #673 ) ;
#1568 = ORIENTED_EDGE ( 'NONE', *, *, #780, .T. ) ;
#1569 = CARTESIAN_POINT ( 'NONE',  ( -0.2383959751541654126, -0.9196017418523586562, 0.05460259181683148333 ) ) ;
#1570 = B_SPLINE_CURVE_WITH_KNOTS ( 'NONE', 3,
 ( #1218, #2334, #2158, #60, #246, #2589, #495, #1425 ),
 .UNSPECIFIED., .F., .F.,
 ( 4, 2, 2, 4 ),
 ( 0.000000000000000000, 0.0001579681567164945206, 0.0002369522350747417809, 0.0003159363134329890954 ),
 .UNSPECIFIED. ) ;
#1571 = CARTESIAN_POINT ( 'NONE',  ( 0.09473797724619725802, 0.9452664353929057794, -0.5714363334552281515 ) ) ;
#1572 = CARTESIAN_POINT ( 'NONE',  ( 0.000000000000000000, 0.000000000000000000, -3.403937756669170867 ) ) ;
#1573 = SURFACE_STYLE_FILL_AREA ( #1806 ) ;
#1574 = EDGE_CURVE ( 'NONE', #1926, #2236, #1934, .T. ) ;
#1575 = CARTESIAN_POINT ( 'NONE',  ( -0.2648534782130759213, 0.9123498710301015668, -0.8017209259226306672 ) ) ;
#1576 = B_SPLINE_CURVE_WITH_KNOTS ( 'NONE', 3,
 ( #947, #2128, #2604, #494, #1681, #1438, #1180, #2117, #1880, #1655 ),
 .UNSPECIFIED., .F., .F.,
 ( 4, 3, 3, 4 ),
 ( 0.000000000000000000, 1.312167183452749928E-05, 2.629780373716480754E-05, 5.243097066154539450E-05 ),
 .UNSPECIFIED. ) ;
#1577 = CARTESIAN_POINT ( 'NONE',  ( -0.09458704732942539717, 0.9453091689038062295, 0.1340231092893997833 ) ) ;
#1578 = EDGE_CURVE ( 'NONE', #2636, #382, #78, .T. ) ;
#1579 = CARTESIAN_POINT ( 'NONE',  ( -0.1304262069492326537, 0.9410204908708377225, 0.3102423436114377653 ) ) ;
#1580 = FACE_OUTER_BOUND ( 'NONE', #1914, .T. ) ;
#1581 = CARTESIAN_POINT ( 'NONE',  ( -0.2384615384615383082, 0.9195847403445516210, 0.05152243589743604052 ) ) ;
#1582 = B_SPLINE_CURVE_WITH_KNOTS ( 'NONE', 3,
 ( #333, #2708, #2224, #2173, #1972, #76, #553, #2923, #2690, #1272 ),
 .UNSPECIFIED., .F., .F.,
 ( 4, 3, 3, 4 ),
 ( 0.000000000000000000, 1.854061418489561514E-05, 4.938011379576903671E-05, 7.398792573324404400E-05 ),
 .UNSPECIFIED. ) ;
#1583 = LINE ( 'NONE', #1344, #3037 ) ;
#1584 = CARTESIAN_POINT ( 'NONE',  ( 0.01794871794871810700, -0.9498304288261129047, 0.4794871794871796711 ) ) ;
#1585 = ORIENTED_EDGE ( 'NONE', *, *, #121, .F. ) ;
#1586 = PRESENTATION_STYLE_ASSIGNMENT (( #167 ) ) ;
#1587 = CARTESIAN_POINT ( 'NONE',  ( -0.1681089743589742058, 0.9350076859256152284, 0.4948717948717950565 ) ) ;
#1588 = CARTESIAN_POINT ( 'NONE',  ( -0.1001602564102564014, 0.9447052043022901024, -0.8179487179487175963 ) ) ;
#1589 = CARTESIAN_POINT ( 'NONE',  ( 0.09548605746759748769, -0.9451895830924575970, -0.8642981980779754769 ) ) ;
#1590 = AXIS2_PLACEMENT_3D ( 'NONE', #2370, #2343, #281 ) ;
#1591 = MECHANICAL_DESIGN_GEOMETRIC_PRESENTATION_REPRESENTATION (  '', ( #1201 ), #271 ) ;
#1592 = CYLINDRICAL_SURFACE ( 'NONE', #913, 0.9499999999999999556 ) ;
#1593 = CARTESIAN_POINT ( 'NONE',  ( 0.000000000000000000, 0.000000000000000000, -3.403937756669170867 ) ) ;
#1594 = VERTEX_POINT ( 'NONE', #2704 ) ;
#1595 = CARTESIAN_POINT ( 'NONE',  ( -0.05032293762640051293, -0.9486692266811367347, 0.07118765668534254853 ) ) ;
#1596 = AXIS2_PLACEMENT_3D ( 'NONE', #1557, #385, #1322 ) ;
#1597 = DIRECTION ( 'NONE',  ( 1.000000000000000000, 0.000000000000000000, 0.000000000000000000 ) ) ;
#1598 = EDGE_LOOP ( 'NONE', ( #869, #1962, #1027, #771 ) ) ;
#1599 = EDGE_CURVE ( 'NONE', #30, #2655, #2762, .T. ) ;
#1600 = CARTESIAN_POINT ( 'NONE',  ( -0.2224503002452507816, 0.9235995395389731133, 0.08902273317132800012 ) ) ;
#1601 = AXIS2_PLACEMENT_3D ( 'NONE', #880, #2764, #850 ) ;
#1602 = CARTESIAN_POINT ( 'NONE',  ( 0.05469110777786562183, 0.9484383920870373963, 0.1473803611920733725 ) ) ;
#1603 = TOROIDAL_SURFACE ( 'NONE', #870, 1.000000000000000222, 0.2999999999999999889 ) ;
#1604 = FILL_AREA_STYLE_COLOUR ( '', #1455 ) ;
#1605 = ORIENTED_EDGE ( 'NONE', *, *, #2395, .F. ) ;
#1606 = SURFACE_SIDE_STYLE ('',( #301 ) ) ;
#1607 = CARTESIAN_POINT ( 'NONE',  ( -0.1403682638828550044, -0.9396009130154364675, -0.7428041190834477892 ) ) ;
#1608 = CARTESIAN_POINT ( 'NONE',  ( 0.03333333333333334675, -0.9494150245750743178, -0.9593749999999997558 ) ) ;
#1609 =( LENGTH_UNIT ( ) NAMED_UNIT ( * ) SI_UNIT ( .MILLI., .METRE. ) );
#1610 = ORIENTED_EDGE ( 'NONE', *, *, #2700, .F. ) ;
#1611 = CARTESIAN_POINT ( 'NONE',  ( -0.2320754163334139419, -0.9212172536429720227, -0.8998923457783148949 ) ) ;
#1612 = B_SPLINE_CURVE_WITH_KNOTS ( 'NONE', 3,
 ( #516, #749, #1885, #1443, #2641, #277 ),
 .UNSPECIFIED., .F., .F.,
 ( 4, 2, 4 ),
 ( 0.000000000000000000, 0.0001211313233351573844, 0.0002422626466703147689 ),
 .UNSPECIFIED. ) ;
#1613 = UNCERTAINTY_MEASURE_WITH_UNIT (LENGTH_MEASURE( 1.000000000000000082E-05 ), #708, 'distance_accuracy_value', 'NONE');
#1614 = DIRECTION ( 'NONE',  ( 0.000000000000000000, 0.000000000000000000, 1.000000000000000000 ) ) ;
#1615 = ORIENTED_EDGE ( 'NONE', *, *, #851, .F. ) ;
#1616 = B_SPLINE_CURVE_WITH_KNOTS ( 'NONE', 3,
 ( #1500, #2208, #110, #1042, #2722, #2924, #1772, #815, #124, #616, #1993, #1741, #2945, #2392, #834, #1757 ),
 .UNSPECIFIED., .F., .F.,
 ( 4, 3, 3, 3, 3, 4 ),
 ( 3.388131789017201356E-21, 2.615347111879680138E-05, 4.131820958960652067E-05, 5.665200333333435354E-05, 7.042622656311916987E-05, 7.399442628094176223E-05 ),
 .UNSPECIFIED. ) ;
#1617 = CARTESIAN_POINT ( 'NONE',  ( -0.2380092559953586595, 0.9197019652845739301, 0.04340625797264134611 ) ) ;
#1618 = ORIENTED_EDGE ( 'NONE', *, *, #388, .T. ) ;
#1619 =( NAMED_UNIT ( * ) SI_UNIT ( $, .STERADIAN. ) SOLID_ANGLE_UNIT ( ) );
#1620 = EDGE_CURVE ( 'NONE', #1278, #712, #1794, .T. ) ;
#1621 = CARTESIAN_POINT ( 'NONE',  ( 0.01202093797320578222, 0.9499501978077653508, 0.1659022775020931872 ) ) ;
#1622 = B_SPLINE_CURVE_WITH_KNOTS ( 'NONE', 3,
 ( #2104, #1, #936, #475, #1409, #2333 ),
 .UNSPECIFIED., .F., .F.,
 ( 4, 2, 4 ),
 ( 0.000000000000000000, 0.0001006461075249894530, 0.0002012922150499789060 ),
 .UNSPECIFIED. ) ;
#1623 = CARTESIAN_POINT ( 'NONE',  ( -0.1826949194570405555, -0.9322720642994382079, 0.2504072301657038757 ) ) ;
#1624 = DIRECTION ( 'NONE',  ( -1.000000000000000000, 0.000000000000000000, 0.000000000000000000 ) ) ;
#1625 = CARTESIAN_POINT ( 'NONE',  ( -0.09863782051282046770, 0.9448653768471362291, -0.3871794871794873028 ) ) ;
#1626 = PRESENTATION_STYLE_ASSIGNMENT (( #1558 ) ) ;
#1627 = ORIENTED_EDGE ( 'NONE', *, *, #2113, .T. ) ;
#1628 = CARTESIAN_POINT ( 'NONE',  ( 0.03333333333333351328, 0.9494150245750743178, 0.05160256410256423149 ) ) ;
#1629 = CARTESIAN_POINT ( 'NONE',  ( -0.2700002523995507775, 0.9108345843337614101, -0.8077621509822089374 ) ) ;
#1630 = CARTESIAN_POINT ( 'NONE',  ( 0.09999999999999999167, -0.9447221813845592120, -0.9276442307692305267 ) ) ;
#1631 = ORIENTED_EDGE ( 'NONE', *, *, #784, .T. ) ;
#1632 = CARTESIAN_POINT ( 'NONE',  ( -0.05270666572127464394, -0.9485367717636185025, 0.06678933493861741177 ) ) ;
#1633 = CARTESIAN_POINT ( 'NONE',  ( -0.2333333333333333648, 0.9208993189027536719, -0.9341346153846150635 ) ) ;
#1634 = CARTESIAN_POINT ( 'NONE',  ( -0.2199365079218665586, 0.9242008561239893893, 0.4020246624543649117 ) ) ;
#1635 = ORIENTED_EDGE ( 'NONE', *, *, #1559, .F. ) ;
#1636 =( NAMED_UNIT ( * ) SI_UNIT ( $, .STERADIAN. ) SOLID_ANGLE_UNIT ( ) );
#1637 = CARTESIAN_POINT ( 'NONE',  ( -0.1697916666666665075, 0.9347035839936399526, 0.4179487179487181292 ) ) ;
#1638 = FILL_AREA_STYLE_COLOUR ( '', #2525 ) ;
#1639 = ORIENTED_EDGE ( 'NONE', *, *, #1770, .T. ) ;
#1640 = EDGE_CURVE ( 'NONE', #712, #2992, #550, .T. ) ;
#1641 = CARTESIAN_POINT ( 'NONE',  ( 0.08942307692307699396, -0.9457819586530552547, -0.5848557692307693179 ) ) ;
#1642 = CARTESIAN_POINT ( 'NONE',  ( -0.2381460179962457402, 0.9196665593355249912, 0.3499936898926133133 ) ) ;
#1643 = UNCERTAINTY_MEASURE_WITH_UNIT (LENGTH_MEASURE( 1.000000000000000082E-05 ), #1414, 'distance_accuracy_value', 'NONE');
#1644 = SURFACE_SIDE_STYLE ('',( #1429 ) ) ;
#1645 = PRESENTATION_LAYER_ASSIGNMENT (  '', '', ( #995 ) ) ;
#1646 = SURFACE_STYLE_FILL_AREA ( #1675 ) ;
#1647 = DIRECTION ( 'NONE',  ( 0.000000000000000000, -1.000000000000000000, 8.081377458435701493E-16 ) ) ;
#1648 = CIRCLE ( 'NONE', #1596, 0.9499999999999999556 ) ;
#1649 = FILL_AREA_STYLE ('',( #1666 ) ) ;
#1650 = B_SPLINE_CURVE_WITH_KNOTS ( 'NONE', 3,
 ( #1892, #958, #1436, #43, #2356, #265, #2142, #972, #1905, #2857 ),
 .UNSPECIFIED., .F., .F.,
 ( 4, 3, 3, 4 ),
 ( 5.463198353652111349E-20, 1.312487377489741728E-05, 2.630469762939171175E-05, 5.238207519835603369E-05 ),
 .UNSPECIFIED. ) ;
#1651 = CARTESIAN_POINT ( 'NONE',  ( -0.2027718347720640635, -0.9281531713358611713, -0.8379720432458038770 ) ) ;
#1652 = ORIENTED_EDGE ( 'NONE', *, *, #2540, .F. ) ;
#1653 = PRESENTATION_LAYER_ASSIGNMENT (  '', '', ( #2789 ) ) ;
#1654 = STYLED_ITEM ( 'NONE', ( #2033 ), #1825 ) ;
#1655 = CARTESIAN_POINT ( 'NONE',  ( -0.03846153846153831796, 0.9492211070447030830, 0.3799679487179488668 ) ) ;
#1656 = MECHANICAL_DESIGN_GEOMETRIC_PRESENTATION_REPRESENTATION (  '', ( #1797 ), #88 ) ;
#1657 = DIRECTION ( 'NONE',  ( -1.000000000000000000, 0.000000000000000000, 0.000000000000000000 ) ) ;
#1658 = ORIENTED_EDGE ( 'NONE', *, *, #519, .T. ) ;
#1659 = CARTESIAN_POINT ( 'NONE',  ( -0.2408516642315650380, 0.9189891681887734087, 0.4754291295481989921 ) ) ;
#1660 = EDGE_CURVE ( 'NONE', #1214, #1501, #1210, .T. ) ;
#1661 = ORIENTED_EDGE ( 'NONE', *, *, #591, .T. ) ;
#1662 = DIRECTION ( 'NONE',  ( 1.000000000000000000, 0.000000000000000000, 0.000000000000000000 ) ) ;
#1663 = DIRECTION ( 'NONE',  ( -1.000000000000000000, 0.000000000000000000, 0.000000000000000000 ) ) ;
#1664 = CARTESIAN_POINT ( 'NONE',  ( -0.1193860514449007620, -0.9424685515838751027, 0.07667252696673650114 ) ) ;
#1665 = ORIENTED_EDGE ( 'NONE', *, *, #2339, .T. ) ;
#1666 = FILL_AREA_STYLE_COLOUR ( '', #134 ) ;
#1667 = CARTESIAN_POINT ( 'NONE',  ( -0.2087229420412503866, 0.9267873183557527872, 0.4095693668176541569 ) ) ;
#1668 = CARTESIAN_POINT ( 'NONE',  ( 0.004041449999221340128, -0.9500308247168144371, -0.8425288581361862761 ) ) ;
#1669 = DIRECTION ( 'NONE',  ( -0.000000000000000000, -0.000000000000000000, -1.000000000000000000 ) ) ;
#1670 =( LENGTH_UNIT ( ) NAMED_UNIT ( * ) SI_UNIT ( .MILLI., .METRE. ) );
#1671 = CARTESIAN_POINT ( 'NONE',  ( -0.1801282051282049879, -0.9327667606198729588, 0.1820512820512822094 ) ) ;
#1672 = CARTESIAN_POINT ( 'NONE',  ( -0.1798102833716267723, 0.9328327274824601556, 0.2726296118607433039 ) ) ;
#1673 = CARTESIAN_POINT ( 'NONE',  ( -0.1327479474531946535, -0.9406849148072052857, 0.2832422682888556253 ) ) ;
#1674 = EDGE_CURVE ( 'NONE', #2688, #469, #1311, .T. ) ;
#1675 = FILL_AREA_STYLE ('',( #1415 ) ) ;
#1676 = ORIENTED_EDGE ( 'NONE', *, *, #2001, .F. ) ;
#1677 = FACE_OUTER_BOUND ( 'NONE', #2616, .T. ) ;
#1678 = EDGE_CURVE ( 'NONE', #3, #559, #1565, .T. ) ;
#1679 = EDGE_CURVE ( 'NONE', #2807, #1467, #1583, .T. ) ;
#1680 =( NAMED_UNIT ( * ) PLANE_ANGLE_UNIT ( ) SI_UNIT ( $, .RADIAN. ) );
#1681 = CARTESIAN_POINT ( 'NONE',  ( -0.04529215369443012618, 0.9489216027845028822, 0.3460904658360715591 ) ) ;
#1682 = CARTESIAN_POINT ( 'NONE',  ( 0.000000000000000000, -1.000000000000001110, -10.42999999999999794 ) ) ;
#1683 = DIRECTION ( 'NONE',  ( 0.000000000000000000, 0.000000000000000000, -1.000000000000000000 ) ) ;
#1684 = CARTESIAN_POINT ( 'NONE',  ( -0.1855769230769229450, 0.9316980227634391598, 0.2282051282051283658 ) ) ;
#1685 = CARTESIAN_POINT ( 'NONE',  ( -0.01692184176312734947, -0.9498861493607780870, -0.6782079134168408352 ) ) ;
#1686 = CARTESIAN_POINT ( 'NONE',  ( -0.2735766609085925616, -0.9097621939302622529, -0.8131185152579690767 ) ) ;
#1687 = EDGE_CURVE ( 'NONE', #1776, #2576, #480, .T. ) ;
#1688 = AXIS2_PLACEMENT_3D ( 'NONE', #875, #2090, #1807 ) ;
#1689 = CARTESIAN_POINT ( 'NONE',  ( -0.3049481730362871290, 0.8997258737535662743, 0.05863757539280299580 ) ) ;
#1690 = CARTESIAN_POINT ( 'NONE',  ( -0.1682991425428733423, -0.9350510913891523224, 0.1818128500852888574 ) ) ;
#1691 = CIRCLE ( 'NONE', #925, 0.9499999999999999556 ) ;
#1692 =( GEOMETRIC_REPRESENTATION_CONTEXT ( 3 ) GLOBAL_UNCERTAINTY_ASSIGNED_CONTEXT ( ( #2528 ) ) GLOBAL_UNIT_ASSIGNED_CONTEXT ( ( #1891, #492, #1718 ) ) REPRESENTATION_CONTEXT ( 'NONE', 'WORKASPACE' ) );
#1693 = VERTEX_POINT ( 'NONE', #396 ) ;
#1694 = CYLINDRICAL_SURFACE ( 'NONE', #1782, 0.9499999999999999556 ) ;
#1695 = CARTESIAN_POINT ( 'NONE',  ( -0.1475135734609485660, 0.9385347263909218363, 0.4165752974195909286 ) ) ;
#1696 = CARTESIAN_POINT ( 'NONE',  ( -0.1838245652190475254, -0.9320787079114812856, 0.4943061122017075593 ) ) ;
#1697 = SURFACE_SIDE_STYLE ('',( #503 ) ) ;
#1698 = CARTESIAN_POINT ( 'NONE',  ( 0.03055120532514075254, 0.9495092190684421007, -0.8955495944009168596 ) ) ;
#1699 = SURFACE_STYLE_FILL_AREA ( #532 ) ;
#1700 = VERTEX_POINT ( 'NONE', #2471 ) ;
#1701 = FACE_BOUND ( 'NONE', #2351, .T. ) ;
#1702 = CARTESIAN_POINT ( 'NONE',  ( 0.000000000000000000, -1.000000000000000888, 11.42999999999999972 ) ) ;
#1703 = DIRECTION ( 'NONE',  ( -1.000000000000000000, 0.000000000000000000, 0.000000000000000000 ) ) ;
#1704 = EDGE_CURVE ( 'NONE', #2120, #605, #593, .T. ) ;
#1705 = CARTESIAN_POINT ( 'NONE',  ( -0.2770356788349490063, 0.9087501006960553296, 0.4458800453795783714 ) ) ;
#1706 = CARTESIAN_POINT ( 'NONE',  ( -0.1993192473873826032, 0.9288777598724250462, -0.07781123972551109991 ) ) ;
#1707 = CARTESIAN_POINT ( 'NONE',  ( -0.01263239339162045352, 0.9499693646933388136, 0.1663002707651675960 ) ) ;
#1708 = ORIENTED_EDGE ( 'NONE', *, *, #1660, .T. ) ;
#1709 = CARTESIAN_POINT ( 'NONE',  ( 0.01363685450190214345, -0.9499021192730021657, 0.08486741719876458867 ) ) ;
#1710 = CARTESIAN_POINT ( 'NONE',  ( 0.000000000000000000, 0.000000000000000000, -1.749999999999999778 ) ) ;
#1711 = CARTESIAN_POINT ( 'NONE',  ( -0.2072999972993954387, 0.9279914815233775149, -0.3228985535845663724 ) ) ;
#1712 = ORIENTED_EDGE ( 'NONE', *, *, #53, .F. ) ;
#1713 = CARTESIAN_POINT ( 'NONE',  ( 0.03802197593991592239, 0.9492389177009414869, -0.4826779456652873779 ) ) ;
#1714 =( LENGTH_UNIT ( ) NAMED_UNIT ( * ) SI_UNIT ( .MILLI., .METRE. ) );
#1715 = ORIENTED_EDGE ( 'NONE', *, *, #2900, .F. ) ;
#1716 = B_SPLINE_CURVE_WITH_KNOTS ( 'NONE', 3,
 ( #1520, #1999, #1759, #2711, #370, #1308, #1774, #2479, #1324, #924 ),
 .UNSPECIFIED., .F., .F.,
 ( 4, 3, 3, 4 ),
 ( 0.000000000000000000, 4.317753597222153046E-05, 6.512044127327197812E-05, 8.725682547805848656E-05 ),
 .UNSPECIFIED. ) ;
#1717 = ORIENTED_EDGE ( 'NONE', *, *, #1261, .F. ) ;
#1718 =( NAMED_UNIT ( * ) SI_UNIT ( $, .STERADIAN. ) SOLID_ANGLE_UNIT ( ) );
#1719 = CARTESIAN_POINT ( 'NONE',  ( -0.1158261005825598627, 0.9429126759270122227, 0.05093288994688675159 ) ) ;
#1720 = CARTESIAN_POINT ( 'NONE',  ( -0.01527856760041808142, 0.9498780679852260045, 0.008061337549432672986 ) ) ;
#1721 = CARTESIAN_POINT ( 'NONE',  ( -0.1449531970148838500, -0.9388762275598093732, 0.1763759966346878094 ) ) ;
#1722 = CARTESIAN_POINT ( 'NONE',  ( -0.2932605042639478965, 0.9036048214244754018, -0.8579548366595679543 ) ) ;
#1723 = CARTESIAN_POINT ( 'NONE',  ( -0.07927264040574934223, -0.9467155136721250308, 0.1218803697415588028 ) ) ;
#1724 = ORIENTED_EDGE ( 'NONE', *, *, #1899, .T. ) ;
#1725 = CARTESIAN_POINT ( 'NONE',  ( 0.01714582601628783856, -0.9498517442574904157, 0.08312983231397960693 ) ) ;
#1726 = CARTESIAN_POINT ( 'NONE',  ( 0.9499999999999999556, 1.163414459189985682E-16, -1.749999999999999778 ) ) ;
#1727 = ORIENTED_EDGE ( 'NONE', *, *, #851, .T. ) ;
#1728 = EDGE_CURVE ( 'NONE', #2010, #2603, #2237, .T. ) ;
#1729 = CARTESIAN_POINT ( 'NONE',  ( 0.09142587985105171677, -0.9457973607551762862, -0.008516704259550353373 ) ) ;
#1730 = CARTESIAN_POINT ( 'NONE',  ( -0.1556285535985997837, -0.9372896407235734584, -0.6067766727471476385 ) ) ;
#1731 = ORIENTED_EDGE ( 'NONE', *, *, #2926, .T. ) ;
#1732 = VERTEX_POINT ( 'NONE', #1420 ) ;
#1733 = CARTESIAN_POINT ( 'NONE',  ( -0.01794871794871778087, 0.9498304288261129047, 0.007692307692307823706 ) ) ;
#1734 = CARTESIAN_POINT ( 'NONE',  ( -0.2995606246715206700, 0.9015393031803973223, 0.4042325311775801233 ) ) ;
#1735 = CARTESIAN_POINT ( 'NONE',  ( 0.03802539761057190104, -0.9492387790580932849, -0.4828096664115505976 ) ) ;
#1736 = CYLINDRICAL_SURFACE ( 'NONE', #2243, 0.9499999999999999556 ) ;
#1737 = CARTESIAN_POINT ( 'NONE',  ( -0.01889312947686475411, -0.9498576447709694559, 0.1657346708239367805 ) ) ;
#1738 =( GEOMETRIC_REPRESENTATION_CONTEXT ( 3 ) GLOBAL_UNCERTAINTY_ASSIGNED_CONTEXT ( ( #2109 ) ) GLOBAL_UNIT_ASSIGNED_CONTEXT ( ( #1913, #54, #2368 ) ) REPRESENTATION_CONTEXT ( 'NONE', 'WORKASPACE' ) );
#1739 = VERTEX_POINT ( 'NONE', #2568 ) ;
#1740 = CARTESIAN_POINT ( 'NONE',  ( -0.1372452030843610005, 0.9400339112191079538, 0.4125205817157630017 ) ) ;
#1741 = CARTESIAN_POINT ( 'NONE',  ( 0.03276656145031887207, -0.9494348198527843286, 0.04338036958254964937 ) ) ;
#1742 = ORIENTED_EDGE ( 'NONE', *, *, #26, .F. ) ;
#1743 = ADVANCED_FACE ( 'NONE', ( #2614 ), #11, .T. ) ;
#1744 = VERTEX_POINT ( 'NONE', #1523 ) ;
#1745 =( BOUNDED_CURVE ( )  B_SPLINE_CURVE ( 3, ( #401, #901, #2987, #189 ),
 .UNSPECIFIED., .F., .F. ) 
 B_SPLINE_CURVE_WITH_KNOTS ( ( 4, 4 ),
 ( 4.612357190932751649, 4.845882278593877324 ),
 .UNSPECIFIED. ) 
 CURVE ( )  GEOMETRIC_REPRESENTATION_ITEM ( )  RATIONAL_B_SPLINE_CURVE ( ( 1.000000000000000000, 0.9954606635539994253, 0.9954606635539994253, 1.000000000000000000 ) ) 
 REPRESENTATION_ITEM ( '' )  );
#1746 = CARTESIAN_POINT ( 'NONE',  ( -0.1358974358974357755, -0.9402296990185439185, 0.3056089743589746055 ) ) ;
#1747 = DIRECTION ( 'NONE',  ( 0.000000000000000000, -1.000000000000000000, -6.802837160693362624E-16 ) ) ;
#1748 = MECHANICAL_DESIGN_GEOMETRIC_PRESENTATION_REPRESENTATION (  '', ( #1459 ), #536 ) ;
#1749 = CARTESIAN_POINT ( 'NONE',  ( -0.2431859358587499242, -0.9183466668967729118, 0.1648411039810512846 ) ) ;
#1750 = CARTESIAN_POINT ( 'NONE',  ( -0.1004424037486964794, 0.9449042292405354093, 0.03060102275738866770 ) ) ;
#1751 = CARTESIAN_POINT ( 'NONE',  ( -0.2853242995632722101, 0.9061401900778636165, 0.4327682354069745108 ) ) ;
#1752 = CARTESIAN_POINT ( 'NONE',  ( -0.01703180096847438374, 0.9498846961678901746, -0.6782463624347877529 ) ) ;
#1753 = CARTESIAN_POINT ( 'NONE',  ( -0.08413310393328143899, 0.9462680701822087093, 0.1134471507169682869 ) ) ;
#1754 =( NAMED_UNIT ( * ) PLANE_ANGLE_UNIT ( ) SI_UNIT ( $, .RADIAN. ) );
#1755 = ORIENTED_EDGE ( 'NONE', *, *, #1912, .F. ) ;
#1756 = CARTESIAN_POINT ( 'NONE',  ( -0.1093020139752972492, 0.9436959897849872547, 0.3855787615742376495 ) ) ;
#1757 = CARTESIAN_POINT ( 'NONE',  ( 0.03333333333333351328, -0.9494150245750743178, 0.05160256410256423149 ) ) ;
#1758 = ORIENTED_EDGE ( 'NONE', *, *, #1770, .F. ) ;
#1759 = CARTESIAN_POINT ( 'NONE',  ( -0.1324645175164022304, 0.9408277874819164222, -0.7418003036496342295 ) ) ;
#1760 = FACE_OUTER_BOUND ( 'NONE', #307, .T. ) ;
#1761 = ORIENTED_EDGE ( 'NONE', *, *, #2700, .T. ) ;
#1762 = ORIENTED_EDGE ( 'NONE', *, *, #2966, .F. ) ;
#1763 = CARTESIAN_POINT ( 'NONE',  ( -0.2536858974358973118, -0.9155017561109008994, 0.4665064102564104309 ) ) ;
#1764 = EDGE_CURVE ( 'NONE', #1472, #30, #294, .T. ) ;
#1765 = EDGE_CURVE ( 'NONE', #300, #1433, #766, .T. ) ;
#1766 = CARTESIAN_POINT ( 'NONE',  ( -0.03964978580503161071, 0.9491722153991137834, 0.08110409167866286517 ) ) ;
#1767 = FACE_OUTER_BOUND ( 'NONE', #1019, .T. ) ;
#1768 = SURFACE_STYLE_FILL_AREA ( #797 ) ;
#1769 = VERTEX_POINT ( 'NONE', #1763 ) ;
#1770 = EDGE_CURVE ( 'NONE', #367, #1732, #2581, .T. ) ;
#1771 = CARTESIAN_POINT ( 'NONE',  ( -0.1284474870314779582, 0.9412763903741512284, 0.4902653271007541558 ) ) ;
#1772 = CARTESIAN_POINT ( 'NONE',  ( 0.02018865770740247909, -0.9497854589853366170, 0.02243260001371443282 ) ) ;
#1773 = VERTEX_POINT ( 'NONE', #1778 ) ;
#1774 = CARTESIAN_POINT ( 'NONE',  ( -0.1679245575731802553, 0.9350408242231202927, -0.7473821139335089514 ) ) ;
#1775 = CARTESIAN_POINT ( 'NONE',  ( -0.3030376206240809611, 0.9003858945045488671, 0.3273219012684254192 ) ) ;
#1776 = VERTEX_POINT ( 'NONE', #376 ) ;
#1777 = VERTEX_POINT ( 'NONE', #1085 ) ;
#1778 = CARTESIAN_POINT ( 'NONE',  ( -0.002564102564102377618, 0.9499965396663508921, 0.1666666666666667962 ) ) ;
#1779 = SHAPE_DEFINITION_REPRESENTATION ( #2100, #732 ) ;
#1780 =( GEOMETRIC_REPRESENTATION_CONTEXT ( 3 ) GLOBAL_UNCERTAINTY_ASSIGNED_CONTEXT ( ( #561 ) ) GLOBAL_UNIT_ASSIGNED_CONTEXT ( ( #200, #2280, #643 ) ) REPRESENTATION_CONTEXT ( 'NONE', 'WORKASPACE' ) );
#1781 = CARTESIAN_POINT ( 'NONE',  ( -0.1769230769230767664, -0.9333800002421688280, 0.2948717948717950454 ) ) ;
#1782 = AXIS2_PLACEMENT_3D ( 'NONE', #2295, #886, #1624 ) ;
#1783 = EDGE_CURVE ( 'NONE', #1467, #1009, #844, .T. ) ;
#1784 = CARTESIAN_POINT ( 'NONE',  ( -0.09975961538461532163, 0.9447475954657486019, -0.6128205128205129748 ) ) ;
#1785 = CARTESIAN_POINT ( 'NONE',  ( -0.2627216804765853397, -0.9129979370691437834, 0.4591956471002948681 ) ) ;
#1786 = ORIENTED_EDGE ( 'NONE', *, *, #146, .T. ) ;
#1787 = CARTESIAN_POINT ( 'NONE',  ( -0.1750801282051280550, -0.9337274488348705770, 0.1051282051282052682 ) ) ;
#1788 = CARTESIAN_POINT ( 'NONE',  ( 0.03846153846153854000, 0.9492211070447030830, -0.4995993589743591423 ) ) ;
#1789 = CARTESIAN_POINT ( 'NONE',  ( -0.1275271795666797769, -0.9414090206854760501, 0.3128279525765759184 ) ) ;
#1790 = FILL_AREA_STYLE_COLOUR ( '', #187 ) ;
#1791 = VECTOR ( 'NONE', #2792, 1000.000000000000000 ) ;
#1792 = CARTESIAN_POINT ( 'NONE',  ( -0.2331380451186040315, -0.9209488999289094924, -0.9170039936044910300 ) ) ;
#1793 = PRESENTATION_STYLE_ASSIGNMENT (( #2259 ) ) ;
#1794 = CIRCLE ( 'NONE', #1006, 0.2999999999999999889 ) ;
#1795 = ORIENTED_EDGE ( 'NONE', *, *, #2017, .F. ) ;
#1796 = ORIENTED_EDGE ( 'NONE', *, *, #1416, .T. ) ;
#1797 = STYLED_ITEM ( 'NONE', ( #425 ), #1803 ) ;
#1798 = CARTESIAN_POINT ( 'NONE',  ( -0.2989430299524589163, -0.9017391696279752900, -0.8933734339803507396 ) ) ;
#1799 = CIRCLE ( 'NONE', #773, 0.9499999999999999556 ) ;
#1800 = CARTESIAN_POINT ( 'NONE',  ( -0.2226552159897249028, -0.9235464919474322132, 0.01525141415152714459 ) ) ;
#1801 = CARTESIAN_POINT ( 'NONE',  ( 0.06402243589743610019, 0.9478402437656668900, 0.1392628205128206564 ) ) ;
#1802 = ORIENTED_EDGE ( 'NONE', *, *, #2670, .F. ) ;
#1803 = ADVANCED_FACE ( 'NONE', ( #1580 ), #2262, .T. ) ;
#1804 = DIRECTION ( 'NONE',  ( 0.000000000000000000, 0.000000000000000000, 1.000000000000000000 ) ) ;
#1805 = FACE_OUTER_BOUND ( 'NONE', #465, .T. ) ;
#1806 = FILL_AREA_STYLE ('',( #1790 ) ) ;
#1807 = DIRECTION ( 'NONE',  ( 0.000000000000000000, 0.000000000000000000, -1.000000000000000000 ) ) ;
#1808 = CYLINDRICAL_SURFACE ( 'NONE', #2044, 0.9499999999999999556 ) ;
#1809 = ORIENTED_EDGE ( 'NONE', *, *, #2241, .F. ) ;
#1810 = CARTESIAN_POINT ( 'NONE',  ( -0.1889423076923077149, 0.9310213769639800185, -0.7532051282051278607 ) ) ;
#1811 = CARTESIAN_POINT ( 'NONE',  ( 0.09999999999999999167, 0.9447221813845592120, -0.9276442307692305267 ) ) ;
#1812 = CARTESIAN_POINT ( 'NONE',  ( -0.2056097941462921574, 0.9275024677966885456, 0.1000868480472092148 ) ) ;
#1813 = CARTESIAN_POINT ( 'NONE',  ( -0.2242044771440942774, 0.9231643149661222791, 0.3968502602301501869 ) ) ;
#1814 = EDGE_LOOP ( 'NONE', ( #729, #387, #1184, #2505, #2127, #3008 ) ) ;
#1815 = DIRECTION ( 'NONE',  ( -0.000000000000000000, -0.000000000000000000, -1.000000000000000000 ) ) ;
#1816 = CARTESIAN_POINT ( 'NONE',  ( 0.03846153846153854000, -0.9492211070447030830, -0.4995993589743591423 ) ) ;
#1817 = CARTESIAN_POINT ( 'NONE',  ( -0.2662506531480444139, -0.9121483728105368449, -0.3754151509146977372 ) ) ;
#1818 = SURFACE_SIDE_STYLE ('',( #3002 ) ) ;
#1819 = UNCERTAINTY_MEASURE_WITH_UNIT (LENGTH_MEASURE( 1.000000000000000082E-05 ), #338, 'distance_accuracy_value', 'NONE');
#1820 = EDGE_CURVE ( 'NONE', #2408, #2273, #1132, .T. ) ;
#1821 = CARTESIAN_POINT ( 'NONE',  ( -0.1086459736673978660, 0.9437903656028309163, 0.1537596542370419095 ) ) ;
#1822 = ORIENTED_EDGE ( 'NONE', *, *, #1486, .F. ) ;
#1823 = DIRECTION ( 'NONE',  ( -0.000000000000000000, -0.000000000000000000, -1.000000000000000000 ) ) ;
#1824 = CARTESIAN_POINT ( 'NONE',  ( -0.006410256410256241766, 0.9499783727079026407, -0.06923076923076909583 ) ) ;
#1825 = ADVANCED_FACE ( 'NONE', ( #2248 ), #2372, .T. ) ;
#1826 = CARTESIAN_POINT ( 'NONE',  ( -0.1855769230769229450, -0.9316980227634383827, 0.2282051282051283658 ) ) ;
#1827 = CARTESIAN_POINT ( 'NONE',  ( -0.006410256410256241766, 0.9499783727079026407, -0.06923076923076909583 ) ) ;
#1828 = CARTESIAN_POINT ( 'NONE',  ( -0.1335987173907529912, 0.9411743915567942764, -0.6123508890935678295 ) ) ;
#1829 = VERTEX_POINT ( 'NONE', #1811 ) ;
#1830 =( NAMED_UNIT ( * ) SI_UNIT ( $, .STERADIAN. ) SOLID_ANGLE_UNIT ( ) );
#1831 = B_SPLINE_CURVE_WITH_KNOTS ( 'NONE', 3,
 ( #2918, #810, #2219, #1985, #2937, #829, #2157, #59, #1384, #2064, #1157, #1617, #2763, #135, #2550, #650 ),
 .UNSPECIFIED., .F., .F.,
 ( 4, 3, 3, 3, 3, 4 ),
 ( 0.000000000000000000, 3.590341506974018687E-05, 5.367101196722252302E-05, 7.155139779937833748E-05, 8.836574061105877988E-05, 9.082442232213154012E-05 ),
 .UNSPECIFIED. ) ;
#1832 = CARTESIAN_POINT ( 'NONE',  ( 0.09670714207621509961, 0.9450649335741178048, -0.5645041534454053878 ) ) ;
#1833 = CARTESIAN_POINT ( 'NONE',  ( -0.2819148530620542159, -0.9072638819461315007, -0.3972579066958099592 ) ) ;
#1834 = CIRCLE ( 'NONE', #664, 0.2999999999999999889 ) ;
#1835 = CIRCLE ( 'NONE', #1060, 0.2999999999999999889 ) ;
#1836 = FACE_OUTER_BOUND ( 'NONE', #1039, .T. ) ;
#1837 = ORIENTED_EDGE ( 'NONE', *, *, #2218, .T. ) ;
#1838 = TOROIDAL_SURFACE ( 'NONE', #762, 0.7500000000000000000, 0.2000000000000000111 ) ;
#1839 = EDGE_CURVE ( 'NONE', #111, #1744, #1938, .T. ) ;
#1840 = CARTESIAN_POINT ( 'NONE',  ( 0.9499999999999999556, 1.163414459189985682E-16, -3.403937756669170867 ) ) ;
#1841 = COLOUR_RGB ( '',0.8313725490196077761, 0.8313725490196077761, 0.8196078431372548767 ) ;
#1842 = CIRCLE ( 'NONE', #2583, 0.2999999999999999889 ) ;
#1843 = CARTESIAN_POINT ( 'NONE',  ( -0.1634685576625088954, -0.9358480316217863137, 0.1046507568504153468 ) ) ;
#1844 = DIRECTION ( 'NONE',  ( 1.000000000000000000, 0.000000000000000000, 0.000000000000000000 ) ) ;
#1845 = ORIENTED_EDGE ( 'NONE', *, *, #1033, .F. ) ;
#1846 = AXIS2_PLACEMENT_3D ( 'NONE', #2629, #1356, #1844 ) ;
#1847 = SURFACE_STYLE_USAGE ( .BOTH. , #461 ) ;
#1848 = CARTESIAN_POINT ( 'NONE',  ( 0.004695808368944414182, 0.9500161346390285644, 0.1664974078415114578 ) ) ;
#1849 = STYLED_ITEM ( 'NONE', ( #493 ), #2323 ) ;
#1850 = PRESENTATION_STYLE_ASSIGNMENT (( #1567 ) ) ;
#1851 = ORIENTED_EDGE ( 'NONE', *, *, #609, .F. ) ;
#1852 =( BOUNDED_CURVE ( )  B_SPLINE_CURVE ( 3, ( #2398, #1750, #1477, #793 ),
 .UNSPECIFIED., .F., .F. ) 
 B_SPLINE_CURVE_WITH_KNOTS ( ( 4, 4 ),
 ( 1.443002754820136291, 1.508678112923220516 ),
 .UNSPECIFIED. ) 
 CURVE ( )  GEOMETRIC_REPRESENTATION_ITEM ( )  RATIONAL_B_SPLINE_CURVE ( ( 1.000000000000000000, 0.9996405945758773948, 0.9996405945758773948, 1.000000000000000000 ) ) 
 REPRESENTATION_ITEM ( '' )  );
#1853 = COLOUR_RGB ( '',0.8313725490196077761, 0.8313725490196077761, 0.8196078431372548767 ) ;
#1854 = DIRECTION ( 'NONE',  ( 0.000000000000000000, 0.000000000000000000, 1.000000000000000000 ) ) ;
#1855 = CARTESIAN_POINT ( 'NONE',  ( -0.1178222365714588077, -0.9426846139325798513, 0.3234452598207206986 ) ) ;
#1856 = CARTESIAN_POINT ( 'NONE',  ( 0.03056584633730415057, 0.9495102260182426424, 0.06746055588193347607 ) ) ;
#1857 = CARTESIAN_POINT ( 'NONE',  ( -0.2316130673859653488, -0.9213334830646631168, -0.8956279091128132031 ) ) ;
#1858 = UNCERTAINTY_MEASURE_WITH_UNIT (LENGTH_MEASURE( 1.000000000000000082E-05 ), #1923, 'distance_accuracy_value', 'NONE');
#1859 = EDGE_LOOP ( 'NONE', ( #683, #1639, #764, #166 ) ) ;
#1860 = DIRECTION ( 'NONE',  ( -0.000000000000000000, -0.000000000000000000, -1.000000000000000000 ) ) ;
#1861 = CARTESIAN_POINT ( 'NONE',  ( 0.000000000000000000, -3.550000000000001155, -11.43000000000000149 ) ) ;
#1862 = CARTESIAN_POINT ( 'NONE',  ( -0.2329068452777726117, 0.9210073061586575571, -0.9126899952657977488 ) ) ;
#1863 = CARTESIAN_POINT ( 'NONE',  ( 0.09577205392775178794, 0.9451628695676023151, 0.08877998671695137844 ) ) ;
#1864 = VERTEX_POINT ( 'NONE', #2341 ) ;
#1865 = CARTESIAN_POINT ( 'NONE',  ( -0.1682307268783803933, 0.9353977304755567435, -0.6074607322053227065 ) ) ;
#1866 = B_SPLINE_CURVE_WITH_KNOTS ( 'NONE', 3,
 ( #2712, #1109, #1775, #2062, #2530, #892, #1310, #2465, #1546, #2244, #2481, #637, #390, #1326, #1560, #1143 ),
 .UNSPECIFIED., .F., .F.,
 ( 4, 3, 3, 3, 3, 4 ),
 ( 5.421010862427521568E-20, 4.728521107357747219E-05, 8.578936014183047591E-05, 0.0001241129334169357112, 0.0001664312286539201585, 0.0001979293770065703665 ),
 .UNSPECIFIED. ) ;
#1867 = CARTESIAN_POINT ( 'NONE',  ( 0.000000000000000000, 0.000000000000000000, 1.749999999999999778 ) ) ;
#1868 = CARTESIAN_POINT ( 'NONE',  ( -0.2384615384615384193, -0.9195847403445515100, -0.4995993589743591423 ) ) ;
#1869 = DIRECTION ( 'NONE',  ( -0.000000000000000000, -0.000000000000000000, -1.000000000000000000 ) ) ;
#1870 = ORIENTED_EDGE ( 'NONE', *, *, #1325, .T. ) ;
#1871 = CARTESIAN_POINT ( 'NONE',  ( 0.9499999999999999556, 1.163414459189985682E-16, 1.149999999999999911 ) ) ;
#1872 = CARTESIAN_POINT ( 'NONE',  ( -0.2247846937794037436, 0.9230232074227645578, 0.3190832284450217937 ) ) ;
#1873 = B_SPLINE_CURVE_WITH_KNOTS ( 'NONE', 3,
 ( #2305, #1204, #1148, #2815, #2087, #27, #2572, #2830, #3032, #2617, #2801, #2143, #45, #521, #691, #1625 ),
 .UNSPECIFIED., .F., .F.,
 ( 4, 3, 3, 3, 3, 4 ),
 ( 0.000000000000000000, 3.881509284973540778E-05, 7.815283340554611926E-05, 0.0001119756223137631816, 0.0001580660291092891173, 0.0002034455471288112928 ),
 .UNSPECIFIED. ) ;
#1874 = CARTESIAN_POINT ( 'NONE',  ( -0.05811510598659358484, -0.9482207730565500592, 0.05049252705309157513 ) ) ;
#1875 = DIRECTION ( 'NONE',  ( -0.000000000000000000, -0.000000000000000000, -1.000000000000000000 ) ) ;
#1876 = ORIENTED_EDGE ( 'NONE', *, *, #2795, .T. ) ;
#1877 = CARTESIAN_POINT ( 'NONE',  ( -0.1167699763230782978, -0.9428099292263747433, 0.3979814509916886900 ) ) ;
#1878 = CARTESIAN_POINT ( 'NONE',  ( -0.1756288727081398715, 0.9336432382760982973, 0.4177941015738712016 ) ) ;
#1879 = EDGE_CURVE ( 'NONE', #1315, #9, #41, .T. ) ;
#1880 = CARTESIAN_POINT ( 'NONE',  ( -0.03885648150079663854, 0.9492051043275471223, 0.3713518116967699512 ) ) ;
#1881 = STYLED_ITEM ( 'NONE', ( #2490 ), #52 ) ;
#1882 = FACE_OUTER_BOUND ( 'NONE', #2585, .T. ) ;
#1883 = FILL_AREA_STYLE_COLOUR ( '', #572 ) ;
#1884 =( GEOMETRIC_REPRESENTATION_CONTEXT ( 3 ) GLOBAL_UNCERTAINTY_ASSIGNED_CONTEXT ( ( #3039 ) ) GLOBAL_UNIT_ASSIGNED_CONTEXT ( ( #2914, #825, #1242 ) ) REPRESENTATION_CONTEXT ( 'NONE', 'WORKASPACE' ) );
#1885 = CARTESIAN_POINT ( 'NONE',  ( 0.05031140677792687865, 0.9493596128409337309, -0.7812043745339872780 ) ) ;
#1886 = DIRECTION ( 'NONE',  ( -0.000000000000000000, -0.000000000000000000, -1.000000000000000000 ) ) ;
#1887 = DIRECTION ( 'NONE',  ( 1.000000000000000000, 0.000000000000000000, 0.000000000000000000 ) ) ;
#1888 = COLOUR_RGB ( '',0.8313725490196077761, 0.8313725490196077761, 0.8196078431372548767 ) ;
#1889 = ORIENTED_EDGE ( 'NONE', *, *, #1266, .T. ) ;
#1890 =( NAMED_UNIT ( * ) PLANE_ANGLE_UNIT ( ) SI_UNIT ( $, .RADIAN. ) );
#1891 =( LENGTH_UNIT ( ) NAMED_UNIT ( * ) SI_UNIT ( .MILLI., .METRE. ) );
#1892 = CARTESIAN_POINT ( 'NONE',  ( -0.03846153846153831796, -0.9492211070447030830, 0.3799679487179488668 ) ) ;
#1893 = ORIENTED_EDGE ( 'NONE', *, *, #105, .F. ) ;
#1894 = DIRECTION ( 'NONE',  ( -1.000000000000000000, 0.000000000000000000, 0.000000000000000000 ) ) ;
#1895 = VECTOR ( 'NONE', #562, 1000.000000000000000 ) ;
#1896 = CARTESIAN_POINT ( 'NONE',  ( 0.02118118917571065740, 0.9498033557124978543, -0.8634166594643385428 ) ) ;
#1897 = EDGE_CURVE ( 'NONE', #1120, #2499, #2640, .T. ) ;
#1898 = CARTESIAN_POINT ( 'NONE',  ( 0.09487179487179507598, 0.9452509415693823858, 0.2846153846153848810 ) ) ;
#1899 = EDGE_CURVE ( 'NONE', #2813, #250, #2759, .T. ) ;
#1900 = CARTESIAN_POINT ( 'NONE',  ( 0.03333333333333334675, -0.9494150245750743178, -0.9974358974358968899 ) ) ;
#1901 = FILL_AREA_STYLE ('',( #2152 ) ) ;
#1902 =( NAMED_UNIT ( * ) SI_UNIT ( $, .STERADIAN. ) SOLID_ANGLE_UNIT ( ) );
#1903 = VERTEX_POINT ( 'NONE', #635 ) ;
#1904 = CARTESIAN_POINT ( 'NONE',  ( -0.1603103275356210777, -0.9363763126465253217, 0.4175955365984240220 ) ) ;
#1905 = CARTESIAN_POINT ( 'NONE',  ( -0.04913508940148714199, -0.9487383104583638760, 0.3380797856899164233 ) ) ;
#1906 = ORIENTED_EDGE ( 'NONE', *, *, #799, .T. ) ;
#1907 = CARTESIAN_POINT ( 'NONE',  ( 0.02948717948717948303, -0.9495422614322601707, -0.8898237179487176185 ) ) ;
#1908 = CARTESIAN_POINT ( 'NONE',  ( 0.02948717948717948303, 0.9495422614322601707, -0.8898237179487176185 ) ) ;
#1909 = SURFACE_SIDE_STYLE ('',( #513 ) ) ;
#1910 = CARTESIAN_POINT ( 'NONE',  ( -0.2143653079171715103, 0.9255206158646001047, 0.3086565098581099398 ) ) ;
#1911 = CARTESIAN_POINT ( 'NONE',  ( -0.1800778856793911198, 0.9327820032075997414, -0.02823034329343965254 ) ) ;
#1912 = EDGE_CURVE ( 'NONE', #2236, #2930, #1745, .T. ) ;
#1913 =( LENGTH_UNIT ( ) NAMED_UNIT ( * ) SI_UNIT ( .MILLI., .METRE. ) );
#1914 = EDGE_LOOP ( 'NONE', ( #577, #2710, #862, #546 ) ) ;
#1915 = CARTESIAN_POINT ( 'NONE',  ( 0.000000000000000000, -0.2999999999999999889, -1.949999999999999956 ) ) ;
#1916 = EDGE_CURVE ( 'NONE', #845, #2019, #826, .T. ) ;
#1917 = SURFACE_STYLE_FILL_AREA ( #2156 ) ;
#1918 = CARTESIAN_POINT ( 'NONE',  ( 3.673940397442065661E-17, 0.2999999999999999889, 1.949999999999999956 ) ) ;
#1919 = SURFACE_SIDE_STYLE ('',( #2573 ) ) ;
#1920 =( NAMED_UNIT ( * ) SI_UNIT ( $, .STERADIAN. ) SOLID_ANGLE_UNIT ( ) );
#1921 = CARTESIAN_POINT ( 'NONE',  ( -0.1889423076923077149, -0.9310213769639800185, -0.7532051282051278607 ) ) ;
#1922 = ORIENTED_EDGE ( 'NONE', *, *, #2867, .T. ) ;
#1923 =( LENGTH_UNIT ( ) NAMED_UNIT ( * ) SI_UNIT ( .MILLI., .METRE. ) );
#1924 = CARTESIAN_POINT ( 'NONE',  ( -0.2259943192861287586, 0.9227277863218378284, -0.7698683284067890931 ) ) ;
#1925 = CARTESIAN_POINT ( 'NONE',  ( -0.2107089365508119094, -0.9263378131398523063, -0.5734282567918397300 ) ) ;
#1926 = VERTEX_POINT ( 'NONE', #224 ) ;
#1927 = EDGE_CURVE ( 'NONE', #1338, #2885, #2798, .T. ) ;
#1928 = CYLINDRICAL_SURFACE ( 'NONE', #2318, 0.9499999999999999556 ) ;
#1929 = PRESENTATION_LAYER_ASSIGNMENT (  '', '', ( #2978 ) ) ;
#1930 = PLANE ( 'NONE',  #239 ) ;
#1931 = VERTEX_POINT ( 'NONE', #3034 ) ;
#1932 = AXIS2_PLACEMENT_3D ( 'NONE', #750, #1886, #19 ) ;
#1933 = CARTESIAN_POINT ( 'NONE',  ( -0.2606826034240345979, 0.9135341155466047969, 0.1518480436519656085 ) ) ;
#1934 = LINE ( 'NONE', #2401, #1454 ) ;
#1935 = FACE_OUTER_BOUND ( 'NONE', #1259, .T. ) ;
#1936 = AXIS2_PLACEMENT_3D ( 'NONE', #2088, #2544, #2040 ) ;
#1937 = ORIENTED_EDGE ( 'NONE', *, *, #2126, .F. ) ;
#1938 = CIRCLE ( 'NONE', #2630, 0.9499999999999999556 ) ;
#1939 = CARTESIAN_POINT ( 'NONE',  ( -0.2943540071655007528, -0.9035553593788775428, 0.2921068441711562325 ) ) ;
#1940 = CARTESIAN_POINT ( 'NONE',  ( -0.1432703632823998652, 0.9393160378698476309, -0.8196694467186371735 ) ) ;
#1941 = AXIS2_PLACEMENT_3D ( 'NONE', #2539, #1331, #446 ) ;
#1942 = ORIENTED_EDGE ( 'NONE', *, *, #214, .F. ) ;
#1943 = CARTESIAN_POINT ( 'NONE',  ( -0.03043762055906193420, 0.9499023320142583326, -0.3917162642238793957 ) ) ;
#1944 = SURFACE_SIDE_STYLE ('',( #1699 ) ) ;
#1945 = ORIENTED_EDGE ( 'NONE', *, *, #2540, .T. ) ;
#1946 = ORIENTED_EDGE ( 'NONE', *, *, #1679, .T. ) ;
#1947 = DIRECTION ( 'NONE',  ( -0.000000000000000000, -0.000000000000000000, -1.000000000000000000 ) ) ;
#1948 = CARTESIAN_POINT ( 'NONE',  ( -0.1923076923076922073, 0.9303320651677496889, -0.2538461538461539990 ) ) ;
#1949 = CARTESIAN_POINT ( 'NONE',  ( -0.2936988560166114426, 0.9035032201251274042, 0.4195204832875164547 ) ) ;
#1950 = ADVANCED_FACE ( 'NONE', ( #1165 ), #2756, .T. ) ;
#1951 = CARTESIAN_POINT ( 'NONE',  ( -0.1863782051282049934, 0.9315380639851434941, -0.07948717948717937132 ) ) ;
#1952 = DIRECTION ( 'NONE',  ( 1.000000000000000000, 0.000000000000000000, 0.000000000000000000 ) ) ;
#1953 = CARTESIAN_POINT ( 'NONE',  ( -0.002564102564102377618, -0.9499965396663508921, 0.1666666666666667962 ) ) ;
#1954 = ORIENTED_EDGE ( 'NONE', *, *, #615, .T. ) ;
#1955 = CARTESIAN_POINT ( 'NONE',  ( -0.2179511923179655863, -0.9252496702652798222, 0.2326894101406020154 ) ) ;
#1956 = CARTESIAN_POINT ( 'NONE',  ( -0.3044626440593684036, 0.8998905446208478320, -0.5259799902090628310 ) ) ;
#1957 = CARTESIAN_POINT ( 'NONE',  ( -0.1230405421450593284, 0.9420026898088122991, 0.08340507000218204403 ) ) ;
#1958 = EDGE_LOOP ( 'NONE', ( #1837, #838 ) ) ;
#1959 = CARTESIAN_POINT ( 'NONE',  ( 0.03326913114960986656, 0.9494172786712652412, -0.9477721326349584086 ) ) ;
#1960 = FILL_AREA_STYLE_COLOUR ( '', #1841 ) ;
#1961 = ORIENTED_EDGE ( 'NONE', *, *, #2497, .T. ) ;
#1962 = ORIENTED_EDGE ( 'NONE', *, *, #236, .T. ) ;
#1963 = PRESENTATION_STYLE_ASSIGNMENT (( #807 ) ) ;
#1964 = DIRECTION ( 'NONE',  ( 0.000000000000000000, 0.000000000000000000, 1.000000000000000000 ) ) ;
#1965 = CARTESIAN_POINT ( 'NONE',  ( 0.06625380850630493978, -0.9478923237853247308, -0.3759414774290453232 ) ) ;
#1966 = CARTESIAN_POINT ( 'NONE',  ( -0.3000000000000000444, 0.9013878188659973922, -0.9233173076923076872 ) ) ;
#1967 = CARTESIAN_POINT ( 'NONE',  ( 0.08205645389567921277, 0.9464995011799967051, -0.3985805146561514078 ) ) ;
#1968 = CYLINDRICAL_SURFACE ( 'NONE', #2685, 0.9499999999999999556 ) ;
#1969 = ORIENTED_EDGE ( 'NONE', *, *, #1704, .T. ) ;
#1970 = B_SPLINE_CURVE_WITH_KNOTS ( 'NONE', 3,
 ( #582, #1515, #627, #363, #2444, #1300, #2969, #1540, #1785, #381 ),
 .UNSPECIFIED., .F., .F.,
 ( 4, 3, 3, 4 ),
 ( 0.000000000000000000, 4.826462029820986858E-05, 8.880772252152347823E-05, 0.0001241897441206793538 ),
 .UNSPECIFIED. ) ;
#1971 = EDGE_CURVE ( 'NONE', #367, #2403, #1349, .T. ) ;
#1972 = CARTESIAN_POINT ( 'NONE',  ( 0.02588166355994479459, -0.9496999205526854837, 0.1629042429818333138 ) ) ;
#1973 = DIRECTION ( 'NONE',  ( 0.000000000000000000, -1.278540297742340348E-16, -1.000000000000000000 ) ) ;
#1974 = B_SPLINE_CURVE_WITH_KNOTS ( 'NONE', 3,
 ( #1448, #3048, #934, #2115, #1651, #755, #2330, #1406 ),
 .UNSPECIFIED., .F., .F.,
 ( 4, 2, 2, 4 ),
 ( 0.000000000000000000, 7.932664876395465988E-05, 0.0001189899731459319830, 0.0001586532975279093198 ),
 .UNSPECIFIED. ) ;
#1975 = VERTEX_POINT ( 'NONE', #451 ) ;
#1976 = CARTESIAN_POINT ( 'NONE',  ( -0.006410256410256241766, -0.9499783727079026407, -0.06923076923076909583 ) ) ;
#1977 = CARTESIAN_POINT ( 'NONE',  ( 0.000000000000000000, 0.000000000000000000, -1.949999999999999956 ) ) ;
#1978 = ORIENTED_EDGE ( 'NONE', *, *, #1704, .F. ) ;
#1979 = VERTEX_POINT ( 'NONE', #2298 ) ;
#1980 = B_SPLINE_CURVE_WITH_KNOTS ( 'NONE', 3,
 ( #733, #71, #1705, #1751, #1949, #1734, #2648, #1267, #2703, #2663 ),
 .UNSPECIFIED., .F., .F.,
 ( 4, 3, 3, 4 ),
 ( 0.000000000000000000, 4.718995496856832585E-05, 9.493705202396173349E-05, 0.0001242343194715451690 ),
 .UNSPECIFIED. ) ;
#1981 = CARTESIAN_POINT ( 'NONE',  ( -0.2846683762235305837, -0.9064077278267200777, 0.1256982167511515869 ) ) ;
#1982 = CARTESIAN_POINT ( 'NONE',  ( -0.1181455581637501778, 0.9426254261382109867, 0.03814740340415567754 ) ) ;
#1983 = PRESENTATION_LAYER_ASSIGNMENT (  '', '', ( #1244 ) ) ;
#1984 = ORIENTED_EDGE ( 'NONE', *, *, #2757, .F. ) ;
#1985 = CARTESIAN_POINT ( 'NONE',  ( -0.2107678103242130729, 0.9263244194829175493, 0.007121351210789362250 ) ) ;
#1986 = CARTESIAN_POINT ( 'NONE',  ( -0.06506290006369669365, -0.9483703809018343422, -0.3876979029805188159 ) ) ;
#1987 = CARTESIAN_POINT ( 'NONE',  ( -0.009593298803999247490, -0.9499515611958860850, 0.1663430112342227651 ) ) ;
#1988 = PRESENTATION_LAYER_ASSIGNMENT (  '', '', ( #273 ) ) ;
#1989 = EDGE_LOOP ( 'NONE', ( #1876, #823, #398, #1922 ) ) ;
#1990 = CARTESIAN_POINT ( 'NONE',  ( -0.1256410256410255277, -0.9416551028247397426, -0.2538461538461535549 ) ) ;
#1991 = TOROIDAL_SURFACE ( 'NONE', #283, 1.000000000000000222, 0.2999999999999999889 ) ;
#1992 = AXIS2_PLACEMENT_3D ( 'NONE', #2007, #2954, #671 ) ;
#1993 = CARTESIAN_POINT ( 'NONE',  ( 0.03156143944724451589, -0.9494777608914481970, 0.03876573867203257640 ) ) ;
#1994 = ADVANCED_FACE ( 'NONE', ( #692 ), #859, .T. ) ;
#1995 = ORIENTED_EDGE ( 'NONE', *, *, #1511, .T. ) ;
#1996 = MECHANICAL_DESIGN_GEOMETRIC_PRESENTATION_REPRESENTATION (  '', ( #325 ), #38 ) ;
#1997 = B_SPLINE_CURVE_WITH_KNOTS ( 'NONE', 3,
 ( #1535, #2467, #1294, #1084, #2729, #2261, #623, #374, #2274, #393, #1327, #2229, #130, #747, #31, #2379 ),
 .UNSPECIFIED., .F., .F.,
 ( 4, 3, 3, 3, 3, 4 ),
 ( 0.000000000000000000, 5.286569401393957510E-05, 8.718701487257787754E-05, 0.0001214224292972755073, 0.0001571409686069689948, 0.0001760655850180813575 ),
 .UNSPECIFIED. ) ;
#1998 = MANIFOLD_SOLID_BREP ( 'AlongTheTrajectory1', #2776 ) ;
#1999 = CARTESIAN_POINT ( 'NONE',  ( -0.1181496707565035942, 0.9427341725669396988, -0.7413077333173971883 ) ) ;
#2000 = PRESENTATION_LAYER_ASSIGNMENT (  '', '', ( #2193 ) ) ;
#2001 = EDGE_CURVE ( 'NONE', #927, #2921, #909, .T. ) ;
#2002 = CARTESIAN_POINT ( 'NONE',  ( -0.1938460774230482409, -0.9300681345750438922, -0.5891056642290924961 ) ) ;
#2003 = EDGE_LOOP ( 'NONE', ( #1057, #1954, #2482, #1758 ) ) ;
#2004 = UNCERTAINTY_MEASURE_WITH_UNIT (LENGTH_MEASURE( 1.000000000000000082E-05 ), #231, 'distance_accuracy_value', 'NONE');
#2005 = DIRECTION ( 'NONE',  ( 1.000000000000000000, 0.000000000000000000, 0.000000000000000000 ) ) ;
#2006 = DIRECTION ( 'NONE',  ( -1.000000000000000000, 0.000000000000000000, 0.000000000000000000 ) ) ;
#2007 = CARTESIAN_POINT ( 'NONE',  ( 0.000000000000000000, -1.084202172485504434E-15, -10.42999999999999794 ) ) ;
#2008 = CARTESIAN_POINT ( 'NONE',  ( -0.2969684849845596331, 0.9023919463139526975, -0.8755461387199995338 ) ) ;
#2009 = CARTESIAN_POINT ( 'NONE',  ( 0.03840621041631415294, -0.9500294282377736987, -0.6535468741100312062 ) ) ;
#2010 = VERTEX_POINT ( 'NONE', #477 ) ;
#2011 = CARTESIAN_POINT ( 'NONE',  ( 0.03333333333333351328, -0.9494150245750743178, 0.05160256410256423149 ) ) ;
#2012 = CARTESIAN_POINT ( 'NONE',  ( -0.1084434285756111088, 0.9438269994991472789, -0.8180236871233338425 ) ) ;
#2013 = ORIENTED_EDGE ( 'NONE', *, *, #408, .T. ) ;
#2014 = CARTESIAN_POINT ( 'NONE',  ( -0.09863782051282046770, 0.9448653768471362291, -0.3871794871794873028 ) ) ;
#2015 = VERTEX_POINT ( 'NONE', #270 ) ;
#2016 = CARTESIAN_POINT ( 'NONE',  ( 0.03321345861501839858, 0.9494192332971193027, 0.05430830567229639333 ) ) ;
#2017 = EDGE_CURVE ( 'NONE', #405, #2697, #1212, .T. ) ;
#2018 = FILL_AREA_STYLE_COLOUR ( '', #722 ) ;
#2019 = VERTEX_POINT ( 'NONE', #2159 ) ;
#2020 = CARTESIAN_POINT ( 'NONE',  ( -0.1358974358974357755, 0.9402296990185441405, 0.3056089743589746055 ) ) ;
#2021 = CARTESIAN_POINT ( 'NONE',  ( -0.1904456417630724929, -0.9307150248779901824, -0.0002923615277874145636 ) ) ;
#2022 = CARTESIAN_POINT ( 'NONE',  ( 0.02231034188459698336, 0.9497643539875592067, -0.5611267852520419597 ) ) ;
#2023 = CARTESIAN_POINT ( 'NONE',  ( -0.1798102833716267446, -0.9328327274824601556, 0.2726296118607435259 ) ) ;
#2024 = ORIENTED_EDGE ( 'NONE', *, *, #2129, .F. ) ;
#2025 = CARTESIAN_POINT ( 'NONE',  ( -0.2367486961057753969, -0.9200277716672179418, 0.06649649459238392291 ) ) ;
#2026 = CARTESIAN_POINT ( 'NONE',  ( -0.1258357325108487856, -0.9416291034284455241, -0.7417211016644790211 ) ) ;
#2027 = CYLINDRICAL_SURFACE ( 'NONE', #2682, 0.9499999999999999556 ) ;
#2028 = CARTESIAN_POINT ( 'NONE',  ( -0.2659925215611641525, 0.9122271362651982463, -0.3750737242915073155 ) ) ;
#2029 = CARTESIAN_POINT ( 'NONE',  ( -0.2311503607587695464, -0.9214498024030943757, -0.8913601734182190484 ) ) ;
#2030 = FILL_AREA_STYLE_COLOUR ( '', #438 ) ;
#2031 = ORIENTED_EDGE ( 'NONE', *, *, #84, .T. ) ;
#2032 = ORIENTED_EDGE ( 'NONE', *, *, #1640, .T. ) ;
#2033 = PRESENTATION_STYLE_ASSIGNMENT (( #895 ) ) ;
#2034 = ADVANCED_FACE ( 'NONE', ( #61 ), #1603, .T. ) ;
#2035 = DIRECTION ( 'NONE',  ( -0.000000000000000000, -0.000000000000000000, -1.000000000000000000 ) ) ;
#2036 = CARTESIAN_POINT ( 'NONE',  ( -0.1859900014483358566, -0.9316267510847490163, -0.001290520013648662140 ) ) ;
#2037 = CARTESIAN_POINT ( 'NONE',  ( 0.04955021682006829215, 0.9487068967879831449, 0.1507882680373713591 ) ) ;
#2038 = ORIENTED_EDGE ( 'NONE', *, *, #1687, .F. ) ;
#2039 = CARTESIAN_POINT ( 'NONE',  ( -0.07221216654731858753, 0.9472828039211654838, 0.4599848869436911070 ) ) ;
#2040 = DIRECTION ( 'NONE',  ( 1.000000000000000000, 0.000000000000000000, 0.000000000000000000 ) ) ;
#2041 = CARTESIAN_POINT ( 'NONE',  ( -0.1155448191883656633, 0.9429471993745288660, 0.06113249702851040329 ) ) ;
#2042 = PRESENTATION_LAYER_ASSIGNMENT (  '', '', ( #2141 ) ) ;
#2043 = DIRECTION ( 'NONE',  ( 0.000000000000000000, 0.000000000000000000, 1.000000000000000000 ) ) ;
#2044 = AXIS2_PLACEMENT_3D ( 'NONE', #1593, #620, #1082 ) ;
#2045 = CARTESIAN_POINT ( 'NONE',  ( -0.2350965067341233283, -0.9204841619986829926, -0.4651882124857484868 ) ) ;
#2046 = MECHANICAL_DESIGN_GEOMETRIC_PRESENTATION_REPRESENTATION (  '', ( #2985 ), #1258 ) ;
#2047 = VERTEX_POINT ( 'NONE', #2146 ) ;
#2048 = ORIENTED_EDGE ( 'NONE', *, *, #2475, .F. ) ;
#2049 = COLOUR_RGB ( '',0.8313725490196077761, 0.8313725490196077761, 0.8196078431372548767 ) ;
#2050 = MECHANICAL_DESIGN_GEOMETRIC_PRESENTATION_REPRESENTATION (  '', ( #2193 ), #2989 ) ;
#2051 = CARTESIAN_POINT ( 'NONE',  ( -0.2284077091703107243, -0.9221452042280123829, 0.3231596277355466285 ) ) ;
#2052 = CARTESIAN_POINT ( 'NONE',  ( -0.2326911711465245169, 0.9210649951867123653, 0.3846529705611296257 ) ) ;
#2053 = DIRECTION ( 'NONE',  ( 0.000000000000000000, 0.000000000000000000, 1.000000000000000000 ) ) ;
#2054 = ORIENTED_EDGE ( 'NONE', *, *, #181, .T. ) ;
#2055 = SURFACE_SIDE_STYLE ('',( #656 ) ) ;
#2056 = EDGE_CURVE ( 'NONE', #2921, #1474, #1036, .T. ) ;
#2057 = CARTESIAN_POINT ( 'NONE',  ( 0.1051282051282051849, 0.9441652718070718819, -0.5005608974358976004 ) ) ;
#2058 = CARTESIAN_POINT ( 'NONE',  ( -0.1358974358974357755, -0.9402296990185439185, 0.3056089743589746055 ) ) ;
#2059 = FILL_AREA_STYLE ('',( #1125 ) ) ;
#2060 = ORIENTED_EDGE ( 'NONE', *, *, #1511, .F. ) ;
#2061 = CARTESIAN_POINT ( 'NONE',  ( -0.2868041711626751478, 0.9056777990953240876, -0.8389976989972717236 ) ) ;
#2062 = CARTESIAN_POINT ( 'NONE',  ( -0.2981444926631872661, 0.9020032491590876944, 0.3124264718785061956 ) ) ;
#2063 = ORIENTED_EDGE ( 'NONE', *, *, #2716, .T. ) ;
#2064 = CARTESIAN_POINT ( 'NONE',  ( -0.2347851832213166123, 0.9205302372725804316, 0.03254065791913719752 ) ) ;
#2065 = FILL_AREA_STYLE ('',( #1131 ) ) ;
#2066 = CARTESIAN_POINT ( 'NONE',  ( -0.1750801282051280550, 0.9337274488348705770, 0.1051282051282052682 ) ) ;
#2067 = CARTESIAN_POINT ( 'NONE',  ( -0.1986697673539854214, -0.9290321801465356577, 0.001550018055727862875 ) ) ;
#2068 = CARTESIAN_POINT ( 'NONE',  ( -0.1038461538461538519, -0.9443071408876250183, -0.7410256410256407245 ) ) ;
#2069 =( LENGTH_UNIT ( ) NAMED_UNIT ( * ) SI_UNIT ( .MILLI., .METRE. ) );
#2070 = VERTEX_POINT ( 'NONE', #313 ) ;
#2071 =( NAMED_UNIT ( * ) PLANE_ANGLE_UNIT ( ) SI_UNIT ( $, .RADIAN. ) );
#2072 =( BOUNDED_CURVE ( )  B_SPLINE_CURVE ( 3, ( #967, #989, #1911, #2121 ),
 .UNSPECIFIED., .F., .T. ) 
 B_SPLINE_CURVE_WITH_KNOTS ( ( 4, 4 ),
 ( 1.373327902233579367, 1.383467808509868613 ),
 .UNSPECIFIED. ) 
 CURVE ( )  GEOMETRIC_REPRESENTATION_ITEM ( )  RATIONAL_B_SPLINE_CURVE ( ( 1.000000000000000000, 0.9999914318767455512, 0.9999914318767455512, 1.000000000000000000 ) ) 
 REPRESENTATION_ITEM ( '' )  );
#2073 = CARTESIAN_POINT ( 'NONE',  ( -0.09975961538461532163, -0.9447475954657486019, -0.6128205128205129748 ) ) ;
#2074 = CARTESIAN_POINT ( 'NONE',  ( 0.03274199118246460399, -0.9494356018253192753, -0.9244866528771318315 ) ) ;
#2075 = CARTESIAN_POINT ( 'NONE',  ( 0.09238782051282053154, -0.9454969543160309797, -0.8519230769230765610 ) ) ;
#2076 = EDGE_CURVE ( 'NONE', #1474, #2253, #1799, .T. ) ;
#2077 = CARTESIAN_POINT ( 'NONE',  ( 0.000000000000000000, 0.000000000000000000, -3.403937756669170867 ) ) ;
#2078 = CARTESIAN_POINT ( 'NONE',  ( -0.2915064102564102755, 0.9041703450011073784, -0.8522435897435893803 ) ) ;
#2079 = UNCERTAINTY_MEASURE_WITH_UNIT (LENGTH_MEASURE( 1.000000000000000082E-05 ), #394, 'distance_accuracy_value', 'NONE');
#2080 = CARTESIAN_POINT ( 'NONE',  ( -0.1442112198112028565, 0.9390375043306271596, 0.1766410824710134275 ) ) ;
#2081 = ORIENTED_EDGE ( 'NONE', *, *, #392, .F. ) ;
#2082 = CARTESIAN_POINT ( 'NONE',  ( -0.05906069130445380094, -0.9481623501409160992, 0.04044939684889280185 ) ) ;
#2083 = ORIENTED_EDGE ( 'NONE', *, *, #631, .F. ) ;
#2084 = CARTESIAN_POINT ( 'NONE',  ( -0.2025134682630672089, -0.9281870550917754592, 0.3014656431812040571 ) ) ;
#2085 = CARTESIAN_POINT ( 'NONE',  ( 0.01794871794871810700, -0.9498304288261129047, 0.3463141025641027215 ) ) ;
#2086 = CARTESIAN_POINT ( 'NONE',  ( -0.1855769230769229450, -0.9316980227634383827, 0.2282051282051283658 ) ) ;
#2087 = CARTESIAN_POINT ( 'NONE',  ( -0.2279789940054972597, 0.9222502407636756772, -0.4490169302720220523 ) ) ;
#2088 = CARTESIAN_POINT ( 'NONE',  ( 0.000000000000000000, 0.000000000000000000, 0.4794871794871796711 ) ) ;
#2089 = VECTOR ( 'NONE', #541, 1000.000000000000000 ) ;
#2090 = DIRECTION ( 'NONE',  ( 1.000000000000000000, 0.000000000000000000, 0.000000000000000000 ) ) ;
#2091 = PRESENTATION_STYLE_ASSIGNMENT (( #17 ) ) ;
#2092 = ORIENTED_EDGE ( 'NONE', *, *, #1328, .T. ) ;
#2093 = AXIS2_PLACEMENT_3D ( 'NONE', #256, #1192, #1894 ) ;
#2094 = EDGE_CURVE ( 'NONE', #1773, #1250, #590, .T. ) ;
#2095 = CARTESIAN_POINT ( 'NONE',  ( -0.1051282051282049629, 0.9441652718070718819, 0.3616185897435899022 ) ) ;
#2096 = AXIS2_PLACEMENT_3D ( 'NONE', #2628, #535, #295 ) ;
#2097 = TOROIDAL_SURFACE ( 'NONE', #2328, 0.7500000000000000000, 0.2000000000000000111 ) ;
#2098 = B_SPLINE_CURVE_WITH_KNOTS ( 'NONE', 3,
 ( #1021, #1273, #1518, #1059, #2654, #2174, #585, #2405, #602, #1078, #2462, #1940, #304, #95, #2012, #2446 ),
 .UNSPECIFIED., .F., .F.,
 ( 4, 3, 3, 3, 3, 4 ),
 ( 0.000000000000000000, 2.770183767764557614E-05, 4.907095045788266181E-05, 7.885465455969862592E-05, 0.0001343629042684052846, 0.0001591923565365582012 ),
 .UNSPECIFIED. ) ;
#2099 = ORIENTED_EDGE ( 'NONE', *, *, #483, .F. ) ;
#2100 = PRODUCT_DEFINITION_SHAPE ( 'NONE', 'NONE',  #518 ) ;
#2101 =( LENGTH_UNIT ( ) NAMED_UNIT ( * ) SI_UNIT ( .MILLI., .METRE. ) );
#2102 = FACE_OUTER_BOUND ( 'NONE', #2942, .T. ) ;
#2103 = CARTESIAN_POINT ( 'NONE',  ( -0.3051282051282049879, 0.8996648144921751689, 0.3591346153846155520 ) ) ;
#2104 = CARTESIAN_POINT ( 'NONE',  ( -0.09975961538461532163, -0.9447475954657486019, -0.6128205128205129748 ) ) ;
#2105 = PRESENTATION_STYLE_ASSIGNMENT (( #2605 ) ) ;
#2106 =( NAMED_UNIT ( * ) SI_UNIT ( $, .STERADIAN. ) SOLID_ANGLE_UNIT ( ) );
#2107 = DIRECTION ( 'NONE',  ( 0.000000000000000000, -1.000000000000000000, 0.000000000000000000 ) ) ;
#2108 = CARTESIAN_POINT ( 'NONE',  ( -0.1987360532388512124, 0.9290299195227587070, 0.2993227511679797392 ) ) ;
#2109 = UNCERTAINTY_MEASURE_WITH_UNIT (LENGTH_MEASURE( 1.000000000000000082E-05 ), #1913, 'distance_accuracy_value', 'NONE');
#2110 = CARTESIAN_POINT ( 'NONE',  ( -0.3045706553421508866, -0.8998539117679029697, 0.01666325927474723856 ) ) ;
#2111 = CARTESIAN_POINT ( 'NONE',  ( -0.2294871794871795323, -0.9218653016851318105, -0.8829326923076920020 ) ) ;
#2112 = ORIENTED_EDGE ( 'NONE', *, *, #964, .T. ) ;
#2113 = EDGE_CURVE ( 'NONE', #2871, #1541, #2231, .T. ) ;
#2114 = CARTESIAN_POINT ( 'NONE',  ( -0.1052686039706434429, -0.9441496390796794147, 0.3697865590497140253 ) ) ;
#2115 = CARTESIAN_POINT ( 'NONE',  ( -0.1904803109080925316, -0.9307946379909830537, -0.8321186177063195633 ) ) ;
#2116 = ORIENTED_EDGE ( 'NONE', *, *, #1678, .T. ) ;
#2117 = CARTESIAN_POINT ( 'NONE',  ( -0.03987552823883827591, 0.9491661930768422462, 0.3626370561216222810 ) ) ;
#2118 = FACE_OUTER_BOUND ( 'NONE', #1383, .T. ) ;
#2119 = DIRECTION ( 'NONE',  ( 1.000000000000000000, 0.000000000000000000, 0.000000000000000000 ) ) ;
#2120 = VERTEX_POINT ( 'NONE', #137 ) ;
#2121 = CARTESIAN_POINT ( 'NONE',  ( -0.1769230769230767664, 0.9333800002421688280, -0.002564102564102431828 ) ) ;
#2122 = CARTESIAN_POINT ( 'NONE',  ( -0.1264423076923075207, 0.9415478441510255481, 0.2384615384615386413 ) ) ;
#2123 = CARTESIAN_POINT ( 'NONE',  ( -0.1157930458063701762, -0.9429168255238566942, 0.06484887052606823354 ) ) ;
#2124 = VERTEX_POINT ( 'NONE', #2170 ) ;
#2125 = B_SPLINE_CURVE_WITH_KNOTS ( 'NONE', 3,
 ( #1395, #1094, #2029, #1857, #1611, #1142, #2758, #1792, #660, #468 ),
 .UNSPECIFIED., .F., .F.,
 ( 4, 3, 3, 4 ),
 ( 0.000000000000000000, 1.288296394981814291E-05, 2.573740620679057663E-05, 5.138911896978875149E-05 ),
 .UNSPECIFIED. ) ;
#2126 = EDGE_CURVE ( 'NONE', #2070, #1120, #983, .T. ) ;
#2127 = ORIENTED_EDGE ( 'NONE', *, *, #466, .T. ) ;
#2128 = CARTESIAN_POINT ( 'NONE',  ( -0.05126051828338056005, 0.9486185474809271101, 0.3343959995208188318 ) ) ;
#2129 = EDGE_CURVE ( 'NONE', #2809, #741, #1263, .T. ) ;
#2130 = CARTESIAN_POINT ( 'NONE',  ( -0.3051282051282049879, -0.8996648144921751689, 0.04991987179487193671 ) ) ;
#2131 = ADVANCED_FACE ( 'NONE', ( #1767 ), #1736, .T. ) ;
#2132 = FILL_AREA_STYLE_COLOUR ( '', #2840 ) ;
#2133 = SURFACE_STYLE_FILL_AREA ( #2578 ) ;
#2134 = MECHANICAL_DESIGN_GEOMETRIC_PRESENTATION_REPRESENTATION (  '', ( #2978 ), #2575 ) ;
#2135 = CARTESIAN_POINT ( 'NONE',  ( -0.0007211538461537750702, -0.9499997262826606059, -0.6718750000000001110 ) ) ;
#2136 = B_SPLINE_CURVE_WITH_KNOTS ( 'NONE', 3,
 ( #1633, #933, #21, #1404, #1200, #1862, #2553, #240, #945, #957 ),
 .UNSPECIFIED., .F., .F.,
 ( 4, 3, 3, 4 ),
 ( 0.000000000000000000, 1.286878681779053190E-05, 2.574226245263326021E-05, 5.149693594542567739E-05 ),
 .UNSPECIFIED. ) ;
#2137 = CYLINDRICAL_SURFACE ( 'NONE', #143, 0.9499999999999999556 ) ;
#2138 = CIRCLE ( 'NONE', #1249, 0.2000000000000000944 ) ;
#2139 = ORIENTED_EDGE ( 'NONE', *, *, #1574, .F. ) ;
#2140 = CARTESIAN_POINT ( 'NONE',  ( -0.1064404849390744867, -0.9440240093616227846, 0.3782144404328321441 ) ) ;
#2141 = STYLED_ITEM ( 'NONE', ( #2105 ), #1483 ) ;
#2142 = CARTESIAN_POINT ( 'NONE',  ( -0.04252772373077165491, -0.9490476240496462657, 0.3540730497823335043 ) ) ;
#2143 = CARTESIAN_POINT ( 'NONE',  ( -0.1587421148991527142, 0.9367652376613256893, -0.3939830199546398015 ) ) ;
#2144 = MECHANICAL_DESIGN_GEOMETRIC_PRESENTATION_REPRESENTATION (  '', ( #1358 ), #3042 ) ;
#2145 =( NAMED_UNIT ( * ) PLANE_ANGLE_UNIT ( ) SI_UNIT ( $, .RADIAN. ) );
#2146 = CARTESIAN_POINT ( 'NONE',  ( -0.009294871794871612664, -0.9499545280476939801, 0.08974358974358988272 ) ) ;
#2147 = MECHANICAL_DESIGN_GEOMETRIC_PRESENTATION_REPRESENTATION (  '', ( #2891 ), #2380 ) ;
#2148 = ADVANCED_FACE ( 'NONE', ( #1935 ), #2376, .T. ) ;
#2149 = CARTESIAN_POINT ( 'NONE',  ( -0.1826949194570405555, 0.9322720642994382079, 0.2504072301657038757 ) ) ;
#2150 = CARTESIAN_POINT ( 'NONE',  ( -0.0007211538461537750702, -0.9499997262826606059, -0.6718750000000001110 ) ) ;
#2151 = DIRECTION ( 'NONE',  ( 0.000000000000000000, -1.000000000000000000, 8.081377458435701493E-16 ) ) ;
#2152 = FILL_AREA_STYLE_COLOUR ( '', #176 ) ;
#2153 = DIRECTION ( 'NONE',  ( -1.000000000000000000, 0.000000000000000000, 0.000000000000000000 ) ) ;
#2154 = ORIENTED_EDGE ( 'NONE', *, *, #2258, .T. ) ;
#2155 = CARTESIAN_POINT ( 'NONE',  ( -0.1998889326617769857, -0.9287326927642256535, 0.1805923512372605844 ) ) ;
#2156 = FILL_AREA_STYLE ('',( #12 ) ) ;
#2157 = CARTESIAN_POINT ( 'NONE',  ( -0.2248347566050417079, 0.9230110141389807898, 0.01774960694166972247 ) ) ;
#2158 = CARTESIAN_POINT ( 'NONE',  ( -0.2090269266001221760, -0.9275790244181149058, -0.6764958334572623855 ) ) ;
#2159 = CARTESIAN_POINT ( 'NONE',  ( -0.1923076923076922073, 0.9303320651677496889, -0.1051282051282051294 ) ) ;
#2160 = CARTESIAN_POINT ( 'NONE',  ( -0.2333765714354174847, 0.9208915271055061469, 0.3312935568087005955 ) ) ;
#2161 = EDGE_CURVE ( 'NONE', #2335, #1488, #2917, .T. ) ;
#2162 = DIRECTION ( 'NONE',  ( -0.000000000000000000, -0.000000000000000000, -1.000000000000000000 ) ) ;
#2163 =( NAMED_UNIT ( * ) SI_UNIT ( $, .STERADIAN. ) SOLID_ANGLE_UNIT ( ) );
#2164 = VERTEX_POINT ( 'NONE', #598 ) ;
#2165 = CARTESIAN_POINT ( 'NONE',  ( -0.2670321129425358708, -0.9117048405067994521, -0.8041795794315594881 ) ) ;
#2166 = APPLICATION_CONTEXT ( 'automotive_design' ) ;
#2167 = DIRECTION ( 'NONE',  ( 0.000000000000000000, 0.000000000000000000, -1.000000000000000000 ) ) ;
#2168 = LINE ( 'NONE', #104, #474 ) ;
#2169 = DIRECTION ( 'NONE',  ( 0.000000000000000000, 0.000000000000000000, 1.000000000000000000 ) ) ;
#2170 = CARTESIAN_POINT ( 'NONE',  ( 0.03333333333333351328, 0.9494150245750743178, 0.05160256410256423149 ) ) ;
#2171 = B_SPLINE_CURVE_WITH_KNOTS ( 'NONE', 3,
 ( #2180, #308, #560, #1462, #1048, #1686, #1262, #2165, #2199, #547 ),
 .UNSPECIFIED., .F., .F.,
 ( 4, 3, 3, 4 ),
 ( 0.000000000000000000, 3.229990938916025162E-05, 4.897090409980768783E-05, 6.593779237445855700E-05 ),
 .UNSPECIFIED. ) ;
#2172 = ORIENTED_EDGE ( 'NONE', *, *, #3004, .F. ) ;
#2173 = CARTESIAN_POINT ( 'NONE',  ( 0.01589308635085871779, -0.9498670484895462840, 0.1649145868323785014 ) ) ;
#2174 = CARTESIAN_POINT ( 'NONE',  ( -0.2106629758457641277, 0.9263658942915727890, -0.8458224585877719415 ) ) ;
#2175 = ORIENTED_EDGE ( 'NONE', *, *, #3004, .T. ) ;
#2176 = CARTESIAN_POINT ( 'NONE',  ( 0.03253172488910883314, 0.9494428537051823325, -0.9187578193928990222 ) ) ;
#2177 = CARTESIAN_POINT ( 'NONE',  ( 0.09861963497129569434, 0.9448672751228762712, -0.8894838784628555928 ) ) ;
#2178 = COLOUR_RGB ( '',0.1019607843137254888, 0.1019607843137254888, 0.1019607843137254888 ) ;
#2179 = ORIENTED_EDGE ( 'NONE', *, *, #1266, .F. ) ;
#2180 = CARTESIAN_POINT ( 'NONE',  ( -0.2915064102564102755, -0.9041703450011073784, -0.8522435897435893803 ) ) ;
#2181 = EDGE_CURVE ( 'NONE', #300, #2951, #923, .T. ) ;
#2182 = VECTOR ( 'NONE', #1471, 1000.000000000000000 ) ;
#2183 = LINE ( 'NONE', #87, #1549 ) ;
#2184 = AXIS2_PLACEMENT_3D ( 'NONE', #2611, #261, #1663 ) ;
#2185 = CARTESIAN_POINT ( 'NONE',  ( 0.02990368823008093466, 0.9495292356897881980, 0.03542365330936198681 ) ) ;
#2186 = CARTESIAN_POINT ( 'NONE',  ( 0.03846153846153854000, -0.9492211070447030830, -0.4995993589743591423 ) ) ;
#2187 = CARTESIAN_POINT ( 'NONE',  ( 0.1051282051282051849, 0.9441652718070718819, -0.5005608974358976004 ) ) ;
#2188 = ORIENTED_EDGE ( 'NONE', *, *, #53, .T. ) ;
#2189 = PRESENTATION_LAYER_ASSIGNMENT (  '', '', ( #1654 ) ) ;
#2190 = CARTESIAN_POINT ( 'NONE',  ( -0.1320524785925844546, 0.9407920503872053697, 0.4104701081965700382 ) ) ;
#2191 = CARTESIAN_POINT ( 'NONE',  ( 0.000000000000000000, -0.2999999999999999889, 1.949999999999999956 ) ) ;
#2192 = CARTESIAN_POINT ( 'NONE',  ( -0.1464533048438143026, 0.9386433984756651361, 0.1003820491824120170 ) ) ;
#2193 = STYLED_ITEM ( 'NONE', ( #759 ), #2034 ) ;
#2194 = ORIENTED_EDGE ( 'NONE', *, *, #2410, .T. ) ;
#2195 = FILL_AREA_STYLE ('',( #2725 ) ) ;
#2196 = CARTESIAN_POINT ( 'NONE',  ( -3.673940397442058882E-17, -1.000000000000001110, -10.42999999999999794 ) ) ;
#2197 = ORIENTED_EDGE ( 'NONE', *, *, #1355, .F. ) ;
#2198 = VERTEX_POINT ( 'NONE', #2751 ) ;
#2199 = CARTESIAN_POINT ( 'NONE',  ( -0.2633222229471904319, -0.9127848906220679126, -0.7999998021993501851 ) ) ;
#2200 = DIRECTION ( 'NONE',  ( 0.000000000000000000, 0.000000000000000000, -1.000000000000000000 ) ) ;
#2201 = EDGE_CURVE ( 'NONE', #2677, #1773, #2485, .T. ) ;
#2202 = ORIENTED_EDGE ( 'NONE', *, *, #2410, .F. ) ;
#2203 = CARTESIAN_POINT ( 'NONE',  ( 0.0008513225271384703037, 0.9500235061828907757, 0.01096974501525618817 ) ) ;
#2204 = CARTESIAN_POINT ( 'NONE',  ( -0.3029805702007016821, 0.9004048550344454505, 0.01902798239966627461 ) ) ;
#2205 = CARTESIAN_POINT ( 'NONE',  ( -0.07622046272749403995, 0.9469608376381071224, 0.1267015923670771760 ) ) ;
#2206 = ORIENTED_EDGE ( 'NONE', *, *, #2181, .F. ) ;
#2207 = LINE ( 'NONE', #601, #2089 ) ;
#2208 = CARTESIAN_POINT ( 'NONE',  ( -0.009314492585135636729, -0.9499935877132714701, 0.008885614744973848247 ) ) ;
#2209 = ORIENTED_EDGE ( 'NONE', *, *, #1068, .T. ) ;
#2210 = FACE_BOUND ( 'NONE', #1814, .T. ) ;
#2211 = DIRECTION ( 'NONE',  ( 1.000000000000000000, 0.000000000000000000, 0.000000000000000000 ) ) ;
#2212 = ORIENTED_EDGE ( 'NONE', *, *, #1574, .T. ) ;
#2213 = ORIENTED_EDGE ( 'NONE', *, *, #594, .F. ) ;
#2214 = UNCERTAINTY_MEASURE_WITH_UNIT (LENGTH_MEASURE( 1.000000000000000082E-05 ), #161, 'distance_accuracy_value', 'NONE');
#2215 = CARTESIAN_POINT ( 'NONE',  ( -0.2745799588190301344, -0.9094535976135302846, 0.1376087534650224098 ) ) ;
#2216 = DIRECTION ( 'NONE',  ( 0.000000000000000000, -1.000000000000000000, 0.000000000000000000 ) ) ;
#2217 = ORIENTED_EDGE ( 'NONE', *, *, #1542, .F. ) ;
#2218 = EDGE_CURVE ( 'NONE', #1433, #300, #2791, .T. ) ;
#2219 = CARTESIAN_POINT ( 'NONE',  ( -0.2004149996288686619, 0.9286800080813233382, 0.001598772996236551410 ) ) ;
#2220 = CARTESIAN_POINT ( 'NONE',  ( -0.1024038461538461092, 0.9444646379261106839, -0.6897435897435899577 ) ) ;
#2221 = CARTESIAN_POINT ( 'NONE',  ( -0.04182489325311606471, 0.9491264275744508705, 0.1578733847621517639 ) ) ;
#2222 = CARTESIAN_POINT ( 'NONE',  ( -0.03672945489284466097, -0.9492897066456987831, 0.1596360953022276929 ) ) ;
#2223 = ORIENTED_EDGE ( 'NONE', *, *, #1660, .F. ) ;
#2224 = CARTESIAN_POINT ( 'NONE',  ( 0.009835189470991019881, -0.9499684086518652704, 0.1661338251167460700 ) ) ;
#2225 = CARTESIAN_POINT ( 'NONE',  ( 0.000000000000000000, -0.3000000000000010436, 10.42999999999999794 ) ) ;
#2226 = ORIENTED_EDGE ( 'NONE', *, *, #1203, .T. ) ;
#2227 = DIRECTION ( 'NONE',  ( 1.000000000000000000, 0.000000000000000000, 0.000000000000000000 ) ) ;
#2228 = VERTEX_POINT ( 'NONE', #1318 ) ;
#2229 = CARTESIAN_POINT ( 'NONE',  ( 0.09738222091051838836, 0.9449967282919811140, 0.01993749673795995256 ) ) ;
#2230 =( GEOMETRIC_REPRESENTATION_CONTEXT ( 3 ) GLOBAL_UNCERTAINTY_ASSIGNED_CONTEXT ( ( #2416 ) ) GLOBAL_UNIT_ASSIGNED_CONTEXT ( ( #2101, #1890, #1619 ) ) REPRESENTATION_CONTEXT ( 'NONE', 'WORKASPACE' ) );
#2231 = B_SPLINE_CURVE_WITH_KNOTS ( 'NONE', 3,
 ( #2234, #1722, #1527, #118, #2008, #2472, #2719, #107, #1017, #1233 ),
 .UNSPECIFIED., .F., .F.,
 ( 4, 3, 3, 4 ),
 ( 0.000000000000000000, 1.800375061881636073E-05, 3.601931318352347578E-05, 7.197511215451866495E-05 ),
 .UNSPECIFIED. ) ;
#2232 = CARTESIAN_POINT ( 'NONE',  ( -0.2384615384615383360, 0.9195847403445516210, 0.3559294871794874138 ) ) ;
#2233 = CARTESIAN_POINT ( 'NONE',  ( -0.1183949318767974768, -0.9425935710098397591, 0.1615719367884810020 ) ) ;
#2234 = CARTESIAN_POINT ( 'NONE',  ( -0.2915064102564102755, 0.9041703450011073784, -0.8522435897435893803 ) ) ;
#2235 =( GEOMETRIC_REPRESENTATION_CONTEXT ( 3 ) GLOBAL_UNCERTAINTY_ASSIGNED_CONTEXT ( ( #661 ) ) GLOBAL_UNIT_ASSIGNED_CONTEXT ( ( #499, #1427, #2350 ) ) REPRESENTATION_CONTEXT ( 'NONE', 'WORKASPACE' ) );
#2236 = VERTEX_POINT ( 'NONE', #2251 ) ;
#2237 = B_SPLINE_CURVE_WITH_KNOTS ( 'NONE', 3,
 ( #42, #743, #1190, #22, #2554, #2827 ),
 .UNSPECIFIED., .F., .F.,
 ( 4, 2, 4 ),
 ( 5.421010862427521568E-20, 9.600879104203113358E-05, 0.0001920175820840622129 ),
 .UNSPECIFIED. ) ;
#2238 = CARTESIAN_POINT ( 'NONE',  ( -0.1072847218717279810, 0.9439232652165001625, 0.3797496263482825207 ) ) ;
#2239 = DIRECTION ( 'NONE',  ( -0.000000000000000000, 1.000000000000000000, 3.446944642713347244E-16 ) ) ;
#2240 = ORIENTED_EDGE ( 'NONE', *, *, #160, .F. ) ;
#2241 = EDGE_CURVE ( 'NONE', #527, #1338, #2366, .T. ) ;
#2242 = CARTESIAN_POINT ( 'NONE',  ( 0.03333333333333334675, 0.9494150245750743178, -0.9593749999999997558 ) ) ;
#2243 = AXIS2_PLACEMENT_3D ( 'NONE', #73, #2686, #998 ) ;
#2244 = CARTESIAN_POINT ( 'NONE',  ( -0.2532348240569835540, 0.9156266290823842358, 0.2526568032200449121 ) ) ;
#2245 = VERTEX_POINT ( 'NONE', #2085 ) ;
#2246 = VERTEX_POINT ( 'NONE', #1584 ) ;
#2247 = UNCERTAINTY_MEASURE_WITH_UNIT (LENGTH_MEASURE( 1.000000000000000082E-05 ), #676, 'distance_accuracy_value', 'NONE');
#2248 = FACE_OUTER_BOUND ( 'NONE', #421, .T. ) ;
#2249 = EDGE_LOOP ( 'NONE', ( #332, #1786, #460, #1158 ) ) ;
#2250 = CARTESIAN_POINT ( 'NONE',  ( -0.05310346644709897090, 0.9485189767560509022, 0.06671853507542391259 ) ) ;
#2251 = CARTESIAN_POINT ( 'NONE',  ( 0.09487179487179507598, -0.9452509415693823858, 0.2846153846153848810 ) ) ;
#2252 = CARTESIAN_POINT ( 'NONE',  ( -0.08661858974358957464, -0.9460429270973024218, 0.1091346153846155104 ) ) ;
#2253 = VERTEX_POINT ( 'NONE', #1087 ) ;
#2254 = CARTESIAN_POINT ( 'NONE',  ( -0.2132902494843465224, -0.9257623073150236248, 0.09606751947528903435 ) ) ;
#2255 = CARTESIAN_POINT ( 'NONE',  ( 0.1040152392671217368, 0.9442917201085592183, -0.5293042754490039359 ) ) ;
#2256 = FACE_OUTER_BOUND ( 'NONE', #2947, .T. ) ;
#2257 = CARTESIAN_POINT ( 'NONE',  ( -0.1005608974358973839, 0.9446626413206393735, -0.3102564102564104309 ) ) ;
#2258 = EDGE_CURVE ( 'NONE', #2164, #350, #700, .T. ) ;
#2259 = SURFACE_STYLE_USAGE ( .BOTH. , #648 ) ;
#2260 = ORIENTED_EDGE ( 'NONE', *, *, #2181, .T. ) ;
#2261 = CARTESIAN_POINT ( 'NONE',  ( 0.06333334188449371571, 0.9479175453957733311, -0.04027595801752768823 ) ) ;
#2262 = CYLINDRICAL_SURFACE ( 'NONE', #920, 0.2999999999999999334 ) ;
#2263 = CARTESIAN_POINT ( 'NONE',  ( -0.2238639814665258909, -0.9232469430229858220, 0.3180186942891253810 ) ) ;
#2264 = CARTESIAN_POINT ( 'NONE',  ( -0.2333591267123620028, -0.9208953587866270940, 0.02871801182109211259 ) ) ;
#2265 = CARTESIAN_POINT ( 'NONE',  ( 0.02807896415376492233, 0.9495925140705618883, -0.5511034417654714357 ) ) ;
#2266 = CARTESIAN_POINT ( 'NONE',  ( 0.000000000000000000, 0.000000000000000000, 1.949999999999999956 ) ) ;
#2267 = ORIENTED_EDGE ( 'NONE', *, *, #1033, .T. ) ;
#2268 = FILL_AREA_STYLE ('',( #1121 ) ) ;
#2269 = CARTESIAN_POINT ( 'NONE',  ( -0.1111881285689805821, -0.9434997385038157436, -0.7411704385945576679 ) ) ;
#2270 = DIRECTION ( 'NONE',  ( -1.000000000000000000, 0.000000000000000000, 0.000000000000000000 ) ) ;
#2271 =( LENGTH_UNIT ( ) NAMED_UNIT ( * ) SI_UNIT ( .MILLI., .METRE. ) );
#2272 = SURFACE_STYLE_FILL_AREA ( #2287 ) ;
#2273 = VERTEX_POINT ( 'NONE', #1827 ) ;
#2274 = CARTESIAN_POINT ( 'NONE',  ( 0.08476420735794532035, 0.9462220297261578761, -0.01327252946927592013 ) ) ;
#2275 = SURFACE_STYLE_USAGE ( .BOTH. , #2977 ) ;
#2276 = EDGE_CURVE ( 'NONE', #442, #217, #452, .T. ) ;
#2277 = CARTESIAN_POINT ( 'NONE',  ( -0.2376373038708634311, 0.9198004889615895019, 0.06337775648591625899 ) ) ;
#2278 = CARTESIAN_POINT ( 'NONE',  ( -0.2143944391819074813, -0.9254917743815306297, -0.7636921233855618052 ) ) ;
#2279 = CARTESIAN_POINT ( 'NONE',  ( 0.008164361948883428616, 0.9499912335706142130, -0.5786040348336153327 ) ) ;
#2280 =( NAMED_UNIT ( * ) PLANE_ANGLE_UNIT ( ) SI_UNIT ( $, .RADIAN. ) );
#2281 = DIRECTION ( 'NONE',  ( -1.000000000000000000, 0.000000000000000000, 0.000000000000000000 ) ) ;
#2282 = CARTESIAN_POINT ( 'NONE',  ( 0.03160741244694844493, -0.9494764195078105873, -0.9012333957444926824 ) ) ;
#2283 = CARTESIAN_POINT ( 'NONE',  ( -0.1181308818258341442, 0.9426290689714426074, 0.07448143013574172466 ) ) ;
#2284 = STYLED_ITEM ( 'NONE', ( #2833 ), #1227 ) ;
#2285 = SURFACE_SIDE_STYLE ('',( #1380 ) ) ;
#2286 = DIRECTION ( 'NONE',  ( -0.000000000000000000, -0.000000000000000000, -1.000000000000000000 ) ) ;
#2287 = FILL_AREA_STYLE ('',( #2030 ) ) ;
#2288 = ORIENTED_EDGE ( 'NONE', *, *, #2001, .T. ) ;
#2289 = DIRECTION ( 'NONE',  ( 0.000000000000000000, 0.000000000000000000, -1.000000000000000000 ) ) ;
#2290 = CARTESIAN_POINT ( 'NONE',  ( -0.1923886460566147094, 0.9303153276543344452, 0.1035634516588049281 ) ) ;
#2291 = EDGE_CURVE ( 'NONE', #55, #845, #2736, .T. ) ;
#2292 = CARTESIAN_POINT ( 'NONE',  ( -0.2224573370981911269, -0.9236239668820012128, -0.7676458420742362510 ) ) ;
#2293 = CARTESIAN_POINT ( 'NONE',  ( -0.06365031300222458166, -0.9487275071980295627, -0.7415465629307175233 ) ) ;
#2294 = ORIENTED_EDGE ( 'NONE', *, *, #236, .F. ) ;
#2295 = CARTESIAN_POINT ( 'NONE',  ( 0.000000000000000000, 0.000000000000000000, -3.403937756669170867 ) ) ;
#2296 = CARTESIAN_POINT ( 'NONE',  ( -0.08117776160268760921, 0.9465773197978474274, 0.4679480579338687884 ) ) ;
#2297 = CARTESIAN_POINT ( 'NONE',  ( -0.04553112960663685538, 0.9492380757596493579, -0.8189525958930526928 ) ) ;
#2298 = CARTESIAN_POINT ( 'NONE',  ( -0.2384615384615383082, 0.9195847403445516210, 0.05152243589743604052 ) ) ;
#2299 = DIRECTION ( 'NONE',  ( -0.000000000000000000, -0.000000000000000000, -1.000000000000000000 ) ) ;
#2300 = CARTESIAN_POINT ( 'NONE',  ( -0.2839559294852011528, 0.9065699256594579314, -0.8325988395077044135 ) ) ;
#2301 = CARTESIAN_POINT ( 'NONE',  ( -0.01641691877296517360, -0.9498848420662875380, 0.08943848020248668096 ) ) ;
#2302 = B_SPLINE_CURVE_WITH_KNOTS ( 'NONE', 3,
 ( #770, #991, #339, #2643, #804, #112, #1925, #2877, #2002, #545, #1473, #1730, #1277, #2624, #1045, #2696 ),
 .UNSPECIFIED., .F., .F.,
 ( 4, 3, 3, 3, 3, 4 ),
 ( 0.000000000000000000, 4.014427442123855475E-05, 8.078485178566135018E-05, 0.0001152942240237122575, 0.0001616083740605764741, 0.0002024976700105558217 ),
 .UNSPECIFIED. ) ;
#2303 = CARTESIAN_POINT ( 'NONE',  ( -0.01004091944736251740, 0.9499469353270925120, -0.5921821210423433568 ) ) ;
#2304 =( LENGTH_UNIT ( ) NAMED_UNIT ( * ) SI_UNIT ( .MILLI., .METRE. ) );
#2305 = CARTESIAN_POINT ( 'NONE',  ( -0.2384615384615384193, 0.9195847403445515100, -0.4995993589743591423 ) ) ;
#2306 = CARTESIAN_POINT ( 'NONE',  ( -0.1316915683368085344, -0.9408376000642248993, 0.3091707586710244482 ) ) ;
#2307 = DIRECTION ( 'NONE',  ( -0.000000000000000000, -0.000000000000000000, -1.000000000000000000 ) ) ;
#2308 = EDGE_CURVE ( 'NONE', #842, #586, #1102, .T. ) ;
#2309 = ORIENTED_EDGE ( 'NONE', *, *, #2201, .F. ) ;
#2310 = CARTESIAN_POINT ( 'NONE',  ( -0.1158200203053005167, 0.9429253185020538552, 0.3264011125508091138 ) ) ;
#2311 = ORIENTED_EDGE ( 'NONE', *, *, #1971, .T. ) ;
#2312 = CARTESIAN_POINT ( 'NONE',  ( -0.1125325221874786397, -0.9433156646366753773, 0.3920900723958362644 ) ) ;
#2313 = PLANE ( 'NONE',  #2480 ) ;
#2314 = CIRCLE ( 'NONE', #419, 0.9499999999999999556 ) ;
#2315 = CARTESIAN_POINT ( 'NONE',  ( -0.3000000000000000444, 0.9013878188659973922, -1.074358974358973873 ) ) ;
#2316 = FILL_AREA_STYLE ('',( #1638 ) ) ;
#2317 = CARTESIAN_POINT ( 'NONE',  ( -0.1153846153846152522, 0.9429668024551788319, 0.05873397435897449725 ) ) ;
#2318 = AXIS2_PLACEMENT_3D ( 'NONE', #2679, #1947, #2660 ) ;
#2319 = ORIENTED_EDGE ( 'NONE', *, *, #890, .F. ) ;
#2320 = EDGE_LOOP ( 'NONE', ( #1126, #51, #2223, #782, #129, #120, #1802, #1615, #2991, #576, #1585, #1079, #2913, #959, #1762, #813, #507 ) ) ;
#2321 = CIRCLE ( 'NONE', #910, 0.9499999999999999556 ) ;
#2322 = FILL_AREA_STYLE_COLOUR ( '', #1888 ) ;
#2323 = ADVANCED_FACE ( 'NONE', ( #2102 ), #2313, .F. ) ;
#2324 = MECHANICAL_DESIGN_GEOMETRIC_PRESENTATION_REPRESENTATION (  '', ( #273 ), #2680 ) ;
#2325 =( NAMED_UNIT ( * ) PLANE_ANGLE_UNIT ( ) SI_UNIT ( $, .RADIAN. ) );
#2326 = CARTESIAN_POINT ( 'NONE',  ( -0.05543338311893369896, -0.9483852582043417190, 0.06175814851551535839 ) ) ;
#2327 = STYLED_ITEM ( 'NONE', ( #2091 ), #2906 ) ;
#2328 = AXIS2_PLACEMENT_3D ( 'NONE', #1710, #1236, #2691 ) ;
#2329 = ORIENTED_EDGE ( 'NONE', *, *, #778, .T. ) ;
#2330 = CARTESIAN_POINT ( 'NONE',  ( -0.2260282448599670313, -0.9227263614844092299, -0.8699705798621144570 ) ) ;
#2331 = ORIENTED_EDGE ( 'NONE', *, *, #1172, .F. ) ;
#2332 = VERTEX_POINT ( 'NONE', #221 ) ;
#2333 = CARTESIAN_POINT ( 'NONE',  ( 0.03846153846153854000, -0.9492211070447030830, -0.4995993589743591423 ) ) ;
#2334 = CARTESIAN_POINT ( 'NONE',  ( -0.1552288789457104967, -0.9387370687680233194, -0.6887609846034189465 ) ) ;
#2335 = VERTEX_POINT ( 'NONE', #2812 ) ;
#2336 = DIRECTION ( 'NONE',  ( -0.000000000000000000, -0.000000000000000000, -1.000000000000000000 ) ) ;
#2337 = UNCERTAINTY_MEASURE_WITH_UNIT (LENGTH_MEASURE( 1.000000000000000082E-05 ), #119, 'distance_accuracy_value', 'NONE');
#2338 = VERTEX_POINT ( 'NONE', #2569 ) ;
#2339 = EDGE_CURVE ( 'NONE', #1437, #863, #1974, .T. ) ;
#2340 =( LENGTH_UNIT ( ) NAMED_UNIT ( * ) SI_UNIT ( .MILLI., .METRE. ) );
#2341 = CARTESIAN_POINT ( 'NONE',  ( -0.2384615384615383360, -0.9195847403445516210, 0.3559294871794874138 ) ) ;
#2342 = ORIENTED_EDGE ( 'NONE', *, *, #268, .F. ) ;
#2343 = DIRECTION ( 'NONE',  ( 0.000000000000000000, -1.000000000000000000, 3.446944642713347244E-16 ) ) ;
#2344 = ORIENTED_EDGE ( 'NONE', *, *, #1578, .F. ) ;
#2345 = CARTESIAN_POINT ( 'NONE',  ( -0.05897435897435880647, 0.9481677198595001022, 0.03541666666666680452 ) ) ;
#2346 = CYLINDRICAL_SURFACE ( 'NONE', #2093, 0.9499999999999999556 ) ;
#2347 = CARTESIAN_POINT ( 'NONE',  ( -0.3051282051282049879, 0.8996648144921751689, 0.04991987179487193671 ) ) ;
#2348 = ORIENTED_EDGE ( 'NONE', *, *, #13, .T. ) ;
#2349 = CARTESIAN_POINT ( 'NONE',  ( -0.2202013202674334424, 0.9241570721719382098, 0.4855497812139492053 ) ) ;
#2350 =( NAMED_UNIT ( * ) SI_UNIT ( $, .STERADIAN. ) SOLID_ANGLE_UNIT ( ) );
#2351 = EDGE_LOOP ( 'NONE', ( #1531, #704, #1946, #2662, #2365, #1969, #893, #552, #1175 ) ) ;
#2352 = CYLINDRICAL_SURFACE ( 'NONE', #2787, 0.2999999999999999334 ) ;
#2353 = PRESENTATION_STYLE_ASSIGNMENT (( #2823 ) ) ;
#2354 = ORIENTED_EDGE ( 'NONE', *, *, #1140, .F. ) ;
#2355 = CARTESIAN_POINT ( 'NONE',  ( -0.1369355129903759849, -0.9400790739529149009, 0.4123970671828149914 ) ) ;
#2356 = CARTESIAN_POINT ( 'NONE',  ( -0.04015257249889392366, -0.9491512988720079980, 0.3625447661135475785 ) ) ;
#2357 = EDGE_CURVE ( 'NONE', #1418, #2677, #1141, .T. ) ;
#2358 = ORIENTED_EDGE ( 'NONE', *, *, #665, .F. ) ;
#2359 = DIRECTION ( 'NONE',  ( -0.000000000000000000, -0.000000000000000000, -1.000000000000000000 ) ) ;
#2360 = FACE_BOUND ( 'NONE', #2466, .T. ) ;
#2361 = EDGE_CURVE ( 'NONE', #2603, #1386, #1650, .T. ) ;
#2362 = CARTESIAN_POINT ( 'NONE',  ( -0.7500000000000000000, 0.000000000000000000, 1.949999999999999956 ) ) ;
#2363 = AXIS2_PLACEMENT_3D ( 'NONE', #1387, #1189, #730 ) ;
#2364 = CARTESIAN_POINT ( 'NONE',  ( -0.1801282051282049879, 0.9327667606198729588, 0.1820512820512822094 ) ) ;
#2365 = ORIENTED_EDGE ( 'NONE', *, *, #268, .T. ) ;
#2366 = B_SPLINE_CURVE_WITH_KNOTS ( 'NONE', 3,
 ( #2068, #2293, #884, #150, #641, #625 ),
 .UNSPECIFIED., .F., .F.,
 ( 4, 2, 4 ),
 ( 0.000000000000000000, 0.0001200767537238614616, 0.0002401535074477229232 ),
 .UNSPECIFIED. ) ;
#2367 = AXIS2_PLACEMENT_3D ( 'NONE', #709, #1167, #2107 ) ;
#2368 =( NAMED_UNIT ( * ) SI_UNIT ( $, .STERADIAN. ) SOLID_ANGLE_UNIT ( ) );
#2369 = ORIENTED_EDGE ( 'NONE', *, *, #1728, .F. ) ;
#2370 = CARTESIAN_POINT ( 'NONE',  ( 0.000000000000000000, -1.000000000000000888, 11.42999999999999972 ) ) ;
#2371 = CARTESIAN_POINT ( 'NONE',  ( 0.000000000000000000, 0.000000000000000000, -1.949999999999999956 ) ) ;
#2372 = TOROIDAL_SURFACE ( 'NONE', #1070, 1.000000000000000222, 0.2999999999999999889 ) ;
#2373 = VERTEX_POINT ( 'NONE', #1265 ) ;
#2374 = EDGE_CURVE ( 'NONE', #1043, #2897, #1852, .T. ) ;
#2375 = CARTESIAN_POINT ( 'NONE',  ( -0.2497101240581540427, 0.9166651803185019709, 0.1615557070530122263 ) ) ;
#2376 = TOROIDAL_SURFACE ( 'NONE', #2689, 0.7500000000000000000, 0.2000000000000000111 ) ;
#2377 = DIRECTION ( 'NONE',  ( 0.000000000000000000, 0.000000000000000000, -1.000000000000000000 ) ) ;
#2378 = SURFACE_STYLE_FILL_AREA ( #2574 ) ;
#2379 = CARTESIAN_POINT ( 'NONE',  ( 0.1000000000000001582, 0.9447221813845592120, 0.05096153846153859968 ) ) ;
#2380 =( GEOMETRIC_REPRESENTATION_CONTEXT ( 3 ) GLOBAL_UNCERTAINTY_ASSIGNED_CONTEXT ( ( #2819 ) ) GLOBAL_UNIT_ASSIGNED_CONTEXT ( ( #861, #2774, #662 ) ) REPRESENTATION_CONTEXT ( 'NONE', 'WORKASPACE' ) );
#2381 = B_SPLINE_CURVE_WITH_KNOTS ( 'NONE', 3,
 ( #1334, #2506, #168, #1091, #657, #2984, #1543, #2476, #2491, #644 ),
 .UNSPECIFIED., .F., .F.,
 ( 4, 3, 3, 4 ),
 ( 0.000000000000000000, 3.901611057543401609E-05, 7.818766208173321731E-05, 9.769155231930292044E-05 ),
 .UNSPECIFIED. ) ;
#2382 = CARTESIAN_POINT ( 'NONE',  ( -0.2137073671354982884, -0.9256506691145077736, 0.4876592857872983355 ) ) ;
#2383 = ORIENTED_EDGE ( 'NONE', *, *, #1674, .F. ) ;
#2384 = CARTESIAN_POINT ( 'NONE',  ( 0.000000000000000000, 0.000000000000000000, -3.403937756669170867 ) ) ;
#2385 = EDGE_LOOP ( 'NONE', ( #440, #2063 ) ) ;
#2386 = CARTESIAN_POINT ( 'NONE',  ( 0.000000000000000000, -0.2999999999999999889, 1.949999999999999956 ) ) ;
#2387 =( BOUNDED_CURVE ( )  B_SPLINE_CURVE ( 3, ( #2502, #652, #1133, #1115 ),
 .UNSPECIFIED., .F., .F. ) 
 B_SPLINE_CURVE_WITH_KNOTS ( ( 4, 4 ),
 ( 1.577544016326560605, 1.589690838320784616 ),
 .UNSPECIFIED. ) 
 CURVE ( )  GEOMETRIC_REPRESENTATION_ITEM ( )  RATIONAL_B_SPLINE_CURVE ( ( 1.000000000000000000, 0.9999877045974143730, 0.9999877045974143730, 1.000000000000000000 ) ) 
 REPRESENTATION_ITEM ( '' )  );
#2388 = CARTESIAN_POINT ( 'NONE',  ( 0.03223128537135203781, 0.9494559322709764659, 0.04042059601441250899 ) ) ;
#2389 = DIRECTION ( 'NONE',  ( 0.000000000000000000, -1.000000000000000000, -6.802837160693362624E-16 ) ) ;
#2390 = ORIENTED_EDGE ( 'NONE', *, *, #1897, .F. ) ;
#2391 = CARTESIAN_POINT ( 'NONE',  ( -0.1062227028984633892, 0.9440427624790747041, 0.3738534195542852490 ) ) ;
#2392 = CARTESIAN_POINT ( 'NONE',  ( 0.03321249392236953063, -0.9494192640297046681, 0.04917897610521853452 ) ) ;
#2393 = ORIENTED_EDGE ( 'NONE', *, *, #2999, .F. ) ;
#2394 = CARTESIAN_POINT ( 'NONE',  ( -3.673940397442065661E-17, 0.2999999999999999889, -1.949999999999999956 ) ) ;
#2395 = EDGE_CURVE ( 'NONE', #341, #559, #2887, .T. ) ;
#2396 = VERTEX_POINT ( 'NONE', #1243 ) ;
#2397 = FILL_AREA_STYLE_COLOUR ( '', #618 ) ;
#2398 = CARTESIAN_POINT ( 'NONE',  ( -0.1210737179487177823, 0.9422532328530769385, 0.02820512820512834778 ) ) ;
#2399 = B_SPLINE_CURVE_WITH_KNOTS ( 'NONE', 3,
 ( #1289, #1956, #334, #1304, #316, #2709, #2909, #554 ),
 .UNSPECIFIED., .F., .F.,
 ( 4, 2, 2, 4 ),
 ( 0.000000000000000000, 7.865707772632535147E-05, 0.0001573141554526507029, 0.0003146283109053014601 ),
 .UNSPECIFIED. ) ;
#2400 = CARTESIAN_POINT ( 'NONE',  ( -0.3051282051282049879, 0.8996648144921751689, 0.04991987179487193671 ) ) ;
#2401 = CARTESIAN_POINT ( 'NONE',  ( 0.09487179487179507598, -0.9452509415693823858, -3.403937756669170867 ) ) ;
#2402 = CARTESIAN_POINT ( 'NONE',  ( -0.05344551282051267227, 0.9484954281172642832, 0.3306089743589745167 ) ) ;
#2403 = VERTEX_POINT ( 'NONE', #774 ) ;
#2404 = CARTESIAN_POINT ( 'NONE',  ( -0.1588311329922330595, 0.9366945973073868004, 0.4177747284811986761 ) ) ;
#2405 = CARTESIAN_POINT ( 'NONE',  ( -0.1972811383960085818, 0.9293244830663140998, -0.8356208352875809098 ) ) ;
#2406 = CARTESIAN_POINT ( 'NONE',  ( -0.3051282051282050989, 0.8996648144921751689, -0.4994391025641026771 ) ) ;
#2407 = B_SPLINE_CURVE_WITH_KNOTS ( 'NONE', 3,
 ( #2014, #619, #1943, #2695, #320, #2411, #1713, #803 ),
 .UNSPECIFIED., .F., .F.,
 ( 4, 2, 2, 4 ),
 ( 0.000000000000000000, 9.949261941310585131E-05, 0.0001492389291196588108, 0.0001989852388262117839 ),
 .UNSPECIFIED. ) ;
#2408 = VERTEX_POINT ( 'NONE', #1733 ) ;
#2409 = VECTOR ( 'NONE', #2035, 1000.000000000000000 ) ;
#2410 = EDGE_CURVE ( 'NONE', #1392, #1829, #2183, .T. ) ;
#2411 = CARTESIAN_POINT ( 'NONE',  ( 0.03553125853876032414, 0.9493611785494788791, -0.4656455028065882296 ) ) ;
#2412 = FACE_OUTER_BOUND ( 'NONE', #2003, .T. ) ;
#2413 = ORIENTED_EDGE ( 'NONE', *, *, #1117, .T. ) ;
#2414 = ORIENTED_EDGE ( 'NONE', *, *, #2456, .F. ) ;
#2415 = SURFACE_SIDE_STYLE ('',( #1029 ) ) ;
#2416 = UNCERTAINTY_MEASURE_WITH_UNIT (LENGTH_MEASURE( 1.000000000000000082E-05 ), #2101, 'distance_accuracy_value', 'NONE');
#2417 = DIRECTION ( 'NONE',  ( -0.000000000000000000, -0.000000000000000000, -1.000000000000000000 ) ) ;
#2418 = VECTOR ( 'NONE', #2389, 1000.000000000000000 ) ;
#2419 = CARTESIAN_POINT ( 'NONE',  ( -0.006585165848910100664, 0.9500056921292835410, 0.009337532231834429208 ) ) ;
#2420 = CARTESIAN_POINT ( 'NONE',  ( -0.2381727223345586897, -0.9196596345168344122, 0.04567173427455557128 ) ) ;
#2421 = PRESENTATION_LAYER_ASSIGNMENT (  '', '', ( #325 ) ) ;
#2422 = CARTESIAN_POINT ( 'NONE',  ( -0.1005608974358973839, 0.9446626413206393735, -0.3102564102564104309 ) ) ;
#2423 = MECHANICAL_DESIGN_GEOMETRIC_PRESENTATION_REPRESENTATION (  '', ( #1654 ), #769 ) ;
#2424 = FACE_OUTER_BOUND ( 'NONE', #2983, .T. ) ;
#2425 = ORIENTED_EDGE ( 'NONE', *, *, #819, .T. ) ;
#2426 = CARTESIAN_POINT ( 'NONE',  ( -0.1051282051282049629, 0.9441652718070718819, 0.3616185897435899022 ) ) ;
#2427 = CARTESIAN_POINT ( 'NONE',  ( 0.000000000000000000, -3.550000000000001155, -11.43000000000000149 ) ) ;
#2428 = CARTESIAN_POINT ( 'NONE',  ( -0.3010291529077547268, 0.9011019836252747162, -0.4457860852216288805 ) ) ;
#2429 = AXIS2_PLACEMENT_3D ( 'NONE', #292, #1487, #575 ) ;
#2430 = ORIENTED_EDGE ( 'NONE', *, *, #2094, .T. ) ;
#2431 = CARTESIAN_POINT ( 'NONE',  ( -0.1004424037486963128, -0.9449042292405355203, 0.03060102275738867811 ) ) ;
#2432 = PRESENTATION_STYLE_ASSIGNMENT (( #574 ) ) ;
#2433 = DIRECTION ( 'NONE',  ( 1.000000000000000000, 0.000000000000000000, 0.000000000000000000 ) ) ;
#2434 = ORIENTED_EDGE ( 'NONE', *, *, #2497, .F. ) ;
#2435 = ORIENTED_EDGE ( 'NONE', *, *, #2512, .F. ) ;
#2436 = EDGE_CURVE ( 'NONE', #2253, #2335, #1013, .T. ) ;
#2437 = FILL_AREA_STYLE ('',( #2397 ) ) ;
#2438 = CARTESIAN_POINT ( 'NONE',  ( -0.2978473244988015245, -0.9021014196241572414, 0.09661113728042886040 ) ) ;
#2439 = DIRECTION ( 'NONE',  ( 0.000000000000000000, -9.805962535134626294E-17, 1.000000000000000000 ) ) ;
#2440 = EDGE_CURVE ( 'NONE', #2809, #469, #102, .T. ) ;
#2441 = CARTESIAN_POINT ( 'NONE',  ( -0.2232081473214155010, 0.9234057195889144865, 0.1746110610745596758 ) ) ;
#2442 = DIRECTION ( 'NONE',  ( -0.000000000000000000, -0.000000000000000000, -1.000000000000000000 ) ) ;
#2443 = CARTESIAN_POINT ( 'NONE',  ( 0.09487179487179507598, 0.9452509415693823858, -3.403937756669170867 ) ) ;
#2444 = CARTESIAN_POINT ( 'NONE',  ( -0.2934265239016833893, -0.9035607410070066736, 0.4195252424720367079 ) ) ;
#2445 = ORIENTED_EDGE ( 'NONE', *, *, #160, .T. ) ;
#2446 = CARTESIAN_POINT ( 'NONE',  ( -0.1001602564102564014, 0.9447052043022901024, -0.8179487179487175963 ) ) ;
#2447 = CARTESIAN_POINT ( 'NONE',  ( -0.1654446505378984189, 0.9355341652031227140, 0.1047588682308766006 ) ) ;
#2448 = ORIENTED_EDGE ( 'NONE', *, *, #2740, .F. ) ;
#2449 = CARTESIAN_POINT ( 'NONE',  ( 0.03274508363124975507, 0.9494354951748867899, -0.9245708412532162024 ) ) ;
#2450 = CARTESIAN_POINT ( 'NONE',  ( -0.3000000000000000444, -0.9013878188659973922, -1.074358974358973873 ) ) ;
#2451 = ORIENTED_EDGE ( 'NONE', *, *, #1100, .T. ) ;
#2452 = VERTEX_POINT ( 'NONE', #1948 ) ;
#2453 = FILL_AREA_STYLE_COLOUR ( '', #2178 ) ;
#2454 = B_SPLINE_CURVE_WITH_KNOTS ( 'NONE', 3,
 ( #666, #2301, #879, #1401, #1297, #2808, #423, #699, #1595, #1632, #2326, #1144, #1874, #207, #2082, #237 ),
 .UNSPECIFIED., .F., .F.,
 ( 4, 3, 3, 3, 3, 4 ),
 ( 0.000000000000000000, 2.138676015988012224E-05, 3.621585277165970893E-05, 5.114518133504727807E-05, 6.818121077961085028E-05, 8.305574586954274764E-05 ),
 .UNSPECIFIED. ) ;
#2455 = CARTESIAN_POINT ( 'NONE',  ( -0.1264423076923075207, 0.9415478441510255481, 0.2384615384615386413 ) ) ;
#2456 = EDGE_CURVE ( 'NONE', #1386, #2245, #1555, .T. ) ;
#2457 = CARTESIAN_POINT ( 'NONE',  ( -0.1354260249465614185, -0.9403471286320450595, 0.1730103984684886742 ) ) ;
#2458 = DIRECTION ( 'NONE',  ( 0.000000000000000000, -0.000000000000000000, 1.000000000000000000 ) ) ;
#2459 = DIRECTION ( 'NONE',  ( -0.000000000000000000, -0.000000000000000000, -1.000000000000000000 ) ) ;
#2460 = ORIENTED_EDGE ( 'NONE', *, *, #2436, .T. ) ;
#2461 = CARTESIAN_POINT ( 'NONE',  ( 0.02825383300305615852, -0.9495812227766724511, 0.07188934437044405823 ) ) ;
#2462 = CARTESIAN_POINT ( 'NONE',  ( -0.1617378610942414308, 0.9362942611845848084, -0.8221804966327338482 ) ) ;
#2463 = ORIENTED_EDGE ( 'NONE', *, *, #1360, .F. ) ;
#2464 = CARTESIAN_POINT ( 'NONE',  ( 0.09911467997427422794, -0.9448158935936267211, 0.02135268964720715701 ) ) ;
#2465 = CARTESIAN_POINT ( 'NONE',  ( -0.2728155833683004738, 0.9100195704650226869, 0.2686185721978678331 ) ) ;
#2466 = EDGE_LOOP ( 'NONE', ( #543, #2612, #108, #1717, #100, #877, #2240 ) ) ;
#2467 = CARTESIAN_POINT ( 'NONE',  ( 0.01081460134707501811, 0.9500946024643126542, -0.06551296676565680766 ) ) ;
#2468 = CARTESIAN_POINT ( 'NONE',  ( -0.1867449467661860540, -0.9314889901788955262, 0.1819167745514976009 ) ) ;
#2469 = CARTESIAN_POINT ( 'NONE',  ( 0.08942307692307699396, 0.9457819586530552547, -0.5848557692307693179 ) ) ;
#2470 = AXIS2_PLACEMENT_3D ( 'NONE', #1867, #2359, #973 ) ;
#2471 = CARTESIAN_POINT ( 'NONE',  ( 0.000000000000000000, -3.550000000000001599, -11.13000000000000078 ) ) ;
#2472 = CARTESIAN_POINT ( 'NONE',  ( -0.2976549718391144350, 0.9021651637849944505, -0.8815198663638343923 ) ) ;
#2473 = CARTESIAN_POINT ( 'NONE',  ( 0.08942307692307699396, -0.9457819586530552547, -0.5848557692307693179 ) ) ;
#2474 = ORIENTED_EDGE ( 'NONE', *, *, #2308, .F. ) ;
#2475 = EDGE_CURVE ( 'NONE', #411, #2807, #488, .T. ) ;
#2476 = CARTESIAN_POINT ( 'NONE',  ( 0.09962995712040605134, -0.9447616743076466816, 0.06413005934491218529 ) ) ;
#2477 = CARTESIAN_POINT ( 'NONE',  ( 0.000000000000000000, -3.550000000000001599, 11.13000000000000078 ) ) ;
#2478 =( GEOMETRIC_REPRESENTATION_CONTEXT ( 3 ) GLOBAL_UNCERTAINTY_ASSIGNED_CONTEXT ( ( #1396 ) ) GLOBAL_UNIT_ASSIGNED_CONTEXT ( ( #1609, #2771, #2545 ) ) REPRESENTATION_CONTEXT ( 'NONE', 'WORKASPACE' ) );
#2479 = CARTESIAN_POINT ( 'NONE',  ( -0.1750224559206134400, 0.9337661082868589091, -0.7490070486853167564 ) ) ;
#2480 = AXIS2_PLACEMENT_3D ( 'NONE', #2371, #1160, #254 ) ;
#2481 = CARTESIAN_POINT ( 'NONE',  ( -0.2419330388970274415, 0.9187523633998533334, 0.2447494891035908449 ) ) ;
#2482 = ORIENTED_EDGE ( 'NONE', *, *, #537, .T. ) ;
#2483 =( GEOMETRIC_REPRESENTATION_CONTEXT ( 3 ) GLOBAL_UNCERTAINTY_ASSIGNED_CONTEXT ( ( #1858 ) ) GLOBAL_UNIT_ASSIGNED_CONTEXT ( ( #1923, #2325, #64 ) ) REPRESENTATION_CONTEXT ( 'NONE', 'WORKASPACE' ) );
#2484 = CARTESIAN_POINT ( 'NONE',  ( -0.01794871794871778087, 0.9498304288261129047, 0.007692307692307823706 ) ) ;
#2485 = B_SPLINE_CURVE_WITH_KNOTS ( 'NONE', 3,
 ( #1801, #2766, #1602, #2037, #672, #1359, #1147, #1621, #1848, #1345 ),
 .UNSPECIFIED., .F., .F.,
 ( 4, 3, 3, 4 ),
 ( 0.000000000000000000, 1.852112720990788838E-05, 5.219614048716266749E-05, 7.402393335362963316E-05 ),
 .UNSPECIFIED. ) ;
#2486 = CARTESIAN_POINT ( 'NONE',  ( -0.1806543448996111023, -0.9326727348078748259, 0.2954823783859617525 ) ) ;
#2487 = CARTESIAN_POINT ( 'NONE',  ( 0.000000000000000000, 0.000000000000000000, -0.9974358974358968899 ) ) ;
#2488 = CARTESIAN_POINT ( 'NONE',  ( 0.1027792951162850577, -0.9444246698742255752, -0.5365047281278173541 ) ) ;
#2489 = ORIENTED_EDGE ( 'NONE', *, *, #2577, .T. ) ;
#2490 = PRESENTATION_STYLE_ASSIGNMENT (( #856 ) ) ;
#2491 = CARTESIAN_POINT ( 'NONE',  ( 0.09984888615818324209, -0.9447381769698007803, 0.05753485869014285381 ) ) ;
#2492 = FACE_OUTER_BOUND ( 'NONE', #1352, .T. ) ;
#2493 = CARTESIAN_POINT ( 'NONE',  ( -0.1157049673877200285, 0.9429276143674160116, 0.06353626121137156968 ) ) ;
#2494 = CARTESIAN_POINT ( 'NONE',  ( 0.02948717948717948303, 0.9495422614322601707, -0.8898237179487176185 ) ) ;
#2495 =( BOUNDED_CURVE ( )  B_SPLINE_CURVE ( 3, ( #2927, #1503, #2431, #337 ),
 .UNSPECIFIED., .F., .F. ) 
 B_SPLINE_CURVE_WITH_KNOTS ( ( 4, 4 ),
 ( 4.774507194256365494, 4.840182552359450163 ),
 .UNSPECIFIED. ) 
 CURVE ( )  GEOMETRIC_REPRESENTATION_ITEM ( )  RATIONAL_B_SPLINE_CURVE ( ( 1.000000000000000000, 0.9996405945758773948, 0.9996405945758773948, 1.000000000000000000 ) ) 
 REPRESENTATION_ITEM ( '' )  );
#2496 = EDGE_CURVE ( 'NONE', #1278, #1301, #809, .T. ) ;
#2497 = EDGE_CURVE ( 'NONE', #1433, #1319, #2626, .T. ) ;
#2498 = CARTESIAN_POINT ( 'NONE',  ( -0.1672310713082120759, -0.9355859844480443055, -0.3922684418588611721 ) ) ;
#2499 = VERTEX_POINT ( 'NONE', #2916 ) ;
#2500 = CARTESIAN_POINT ( 'NONE',  ( 0.003811691662225471806, 0.9500117149079565504, 0.08877861930186456418 ) ) ;
#2501 = CARTESIAN_POINT ( 'NONE',  ( -0.2993272141610009429, -0.9016114991184586147, -0.8993606050079031577 ) ) ;
#2502 = CARTESIAN_POINT ( 'NONE',  ( -0.006410256410256241766, -0.9499783727079026407, -0.06923076923076909583 ) ) ;
#2503 = CARTESIAN_POINT ( 'NONE',  ( 0.08942307692307699396, -0.9457819586530552547, -0.5848557692307693179 ) ) ;
#2504 =( NAMED_UNIT ( * ) SI_UNIT ( $, .STERADIAN. ) SOLID_ANGLE_UNIT ( ) );
#2505 = ORIENTED_EDGE ( 'NONE', *, *, #368, .T. ) ;
#2506 = CARTESIAN_POINT ( 'NONE',  ( 0.07329896861593836188, -0.9472136548175533743, 0.1301692524101057680 ) ) ;
#2507 = DIRECTION ( 'NONE',  ( -1.000000000000000000, 0.000000000000000000, 0.000000000000000000 ) ) ;
#2508 = DIRECTION ( 'NONE',  ( -1.000000000000000000, 0.000000000000000000, 0.000000000000000000 ) ) ;
#2509 = CARTESIAN_POINT ( 'NONE',  ( -0.1210737179487177823, 0.9422532328530769385, 0.02820512820512834778 ) ) ;
#2510 = CARTESIAN_POINT ( 'NONE',  ( 0.000000000000000000, -1.000000000000000888, -11.12999999999999901 ) ) ;
#2511 = ORIENTED_EDGE ( 'NONE', *, *, #935, .T. ) ;
#2512 = EDGE_CURVE ( 'NONE', #250, #1043, #1323, .T. ) ;
#2513 = PRESENTATION_LAYER_ASSIGNMENT (  '', '', ( #1881 ) ) ;
#2514 = LINE ( 'NONE', #1130, #1791 ) ;
#2515 = SURFACE_STYLE_FILL_AREA ( #2778 ) ;
#2516 = CARTESIAN_POINT ( 'NONE',  ( -0.2195309762572095758, -0.9242975869543880174, 0.3131161796895957639 ) ) ;
#2517 = CARTESIAN_POINT ( 'NONE',  ( -0.2139614720058996000, -0.9255919665257771323, 0.008955510498023920574 ) ) ;
#2518 = CARTESIAN_POINT ( 'NONE',  ( 0.03846153846153854000, 0.9492211070447030830, -0.4995993589743591423 ) ) ;
#2519 = ORIENTED_EDGE ( 'NONE', *, *, #1203, .F. ) ;
#2520 = CARTESIAN_POINT ( 'NONE',  ( -0.2316956377535815403, -0.9213127218434276067, 0.07714463062596377263 ) ) ;
#2521 = CARTESIAN_POINT ( 'NONE',  ( 0.09215718595092937948, 0.9455234503999881968, -0.5781900994139952399 ) ) ;
#2522 = DIRECTION ( 'NONE',  ( -1.000000000000000000, 0.000000000000000000, 0.000000000000000000 ) ) ;
#2523 = SURFACE_STYLE_USAGE ( .BOTH. , #1818 ) ;
#2524 = PRESENTATION_LAYER_ASSIGNMENT (  '', '', ( #864 ) ) ;
#2525 = COLOUR_RGB ( '',0.1019607843137254888, 0.1019607843137254888, 0.1019607843137254888 ) ;
#2526 = CARTESIAN_POINT ( 'NONE',  ( -0.006410256410256241766, -0.9499783727079026407, -0.06923076923076909583 ) ) ;
#2527 = SURFACE_STYLE_USAGE ( .BOTH. , #454 ) ;
#2528 = UNCERTAINTY_MEASURE_WITH_UNIT (LENGTH_MEASURE( 1.000000000000000082E-05 ), #1891, 'distance_accuracy_value', 'NONE');
#2529 = B_SPLINE_CURVE_WITH_KNOTS ( 'NONE', 3,
 ( #794, #311, #2388, #2185, #285, #89, #1493, #346, #1217, #1015, #2203, #2419, #2901, #1720, #1034, #1282 ),
 .UNSPECIFIED., .F., .F.,
 ( 4, 3, 3, 3, 3, 4 ),
 ( 0.000000000000000000, 1.653882293778443852E-05, 3.101603317846030045E-05, 4.757338016138128384E-05, 6.971137922967786317E-05, 7.369334534370220336E-05 ),
 .UNSPECIFIED. ) ;
#2530 = CARTESIAN_POINT ( 'NONE',  ( -0.2941550368763122814, 0.9033219076813148174, 0.3002819587056382300 ) ) ;
#2531 = ORIENTED_EDGE ( 'NONE', *, *, #1283, .F. ) ;
#2532 = DIRECTION ( 'NONE',  ( 0.000000000000000000, -1.000000000000000000, 0.000000000000000000 ) ) ;
#2533 = CARTESIAN_POINT ( 'NONE',  ( -0.1463663484795025560, -0.9386717439644483019, 0.1006715394250216472 ) ) ;
#2534 = APPLICATION_PROTOCOL_DEFINITION ( 'draft international standard', 'automotive_design', 1998, #2166 ) ;
#2535 = AXIS2_PLACEMENT_3D ( 'NONE', #1051, #2216, #2167 ) ;
#2536 = EDGE_LOOP ( 'NONE', ( #2175, #832, #1534, #99, #790, #2732, #2767, #1906, #1796, #2212, #2932, #1731, #83, #1411, #787, #2753 ) ) ;
#2537 = CARTESIAN_POINT ( 'NONE',  ( -0.04372793935835658091, 0.9490018586269221013, 0.07831034620878087049 ) ) ;
#2538 = B_SPLINE_CURVE_WITH_KNOTS ( 'NONE', 3,
 ( #2653, #1955, #1058, #1939, #1288, #1001 ),
 .UNSPECIFIED., .F., .F.,
 ( 4, 2, 4 ),
 ( 1.459651845771927861E-19, 9.856942327389901478E-05, 0.0001971388465477978669 ),
 .UNSPECIFIED. ) ;
#2539 = CARTESIAN_POINT ( 'NONE',  ( 0.000000000000000000, 0.000000000000000000, -1.949999999999999956 ) ) ;
#2540 = EDGE_CURVE ( 'NONE', #152, #2894, #44, .T. ) ;
#2541 = ADVANCED_FACE ( 'NONE', ( #70 ), #1930, .T. ) ;
#2542 = ORIENTED_EDGE ( 'NONE', *, *, #739, .T. ) ;
#2543 = DIRECTION ( 'NONE',  ( -1.000000000000000000, 0.000000000000000000, 0.000000000000000000 ) ) ;
#2544 = DIRECTION ( 'NONE',  ( 0.000000000000000000, -0.000000000000000000, 1.000000000000000000 ) ) ;
#2545 =( NAMED_UNIT ( * ) SI_UNIT ( $, .STERADIAN. ) SOLID_ANGLE_UNIT ( ) );
#2546 = B_SPLINE_CURVE_WITH_KNOTS ( 'NONE', 3,
 ( #1086, #2779, #377, #2995, #2967, #2051, #2263, #2516, #2765, #1343, #2084, #162, #1097, #2750, #2486, #1781 ),
 .UNSPECIFIED., .F., .F.,
 ( 4, 3, 3, 3, 3, 4 ),
 ( 0.000000000000000000, 2.068729768140058017E-05, 4.146564885644954418E-05, 6.119910409666586568E-05, 8.401866900971979553E-05, 9.537548803894077684E-05 ),
 .UNSPECIFIED. ) ;
#2547 = CARTESIAN_POINT ( 'NONE',  ( 0.000000000000000000, 0.000000000000000000, -1.749999999999999778 ) ) ;
#2548 = CARTESIAN_POINT ( 'NONE',  ( 0.9499999999999999556, 1.163414459189985682E-16, 1.749999999999999778 ) ) ;
#2549 = ORIENTED_EDGE ( 'NONE', *, *, #2866, .F. ) ;
#2550 = CARTESIAN_POINT ( 'NONE',  ( -0.2384204406023432699, 0.9195953976109731975, 0.05068989474173187654 ) ) ;
#2551 = CARTESIAN_POINT ( 'NONE',  ( -0.002564102564102377618, -0.9499965396663508921, 0.1666666666666667962 ) ) ;
#2552 = ORIENTED_EDGE ( 'NONE', *, *, #1765, .F. ) ;
#2553 = CARTESIAN_POINT ( 'NONE',  ( -0.2326762349628899440, 0.9210655620983196901, -0.9084061452450089558 ) ) ;
#2554 = CARTESIAN_POINT ( 'NONE',  ( -0.03934537776766946354, -0.9491852947147687569, 0.4128117604244698202 ) ) ;
#2555 = CARTESIAN_POINT ( 'NONE',  ( -0.1697916666666665075, 0.9347035839936399526, 0.4179487179487181292 ) ) ;
#2556 = ORIENTED_EDGE ( 'NONE', *, *, #1620, .F. ) ;
#2557 = ADVANCED_FACE ( 'NONE', ( #1196 ), #2352, .T. ) ;
#2558 = PRODUCT ( 'DO-35_3.90x1.90x0.60x22.86', 'DO-35_3.90x1.90x0.60x22.86', '', ( #668 ) ) ;
#2559 = CARTESIAN_POINT ( 'NONE',  ( 0.02628968328284799622, -0.9496415567962649407, -0.8765520142667385661 ) ) ;
#2560 = CARTESIAN_POINT ( 'NONE',  ( -0.2110815114172197859, -0.9262666036558253602, 0.4086699485192629155 ) ) ;
#2561 = CARTESIAN_POINT ( 'NONE',  ( 0.09862791317224924026, -0.9448664110567629448, -0.8895767197493319456 ) ) ;
#2562 = ORIENTED_EDGE ( 'NONE', *, *, #1524, .F. ) ;
#2563 = CARTESIAN_POINT ( 'NONE',  ( 0.02858173217148842274, 0.9495699471792308222, 0.07090089145011115035 ) ) ;
#2564 = FACE_OUTER_BOUND ( 'NONE', #93, .T. ) ;
#2565 = FILL_AREA_STYLE ('',( #500 ) ) ;
#2566 = B_SPLINE_CURVE_WITH_KNOTS ( 'NONE', 3,
 ( #1092, #188, #1364, #1833, #1817, #1149, #2785, #634 ),
 .UNSPECIFIED., .F., .F.,
 ( 4, 2, 2, 4 ),
 ( 0.000000000000000000, 7.872326390875296288E-05, 0.0001574465278175059258, 0.0003148930556350119057 ),
 .UNSPECIFIED. ) ;
#2567 = DIRECTION ( 'NONE',  ( -0.000000000000000000, 1.000000000000000000, 8.081377458435701493E-16 ) ) ;
#2568 = CARTESIAN_POINT ( 'NONE',  ( -0.0007211538461537750702, -0.9499997262826606059, -0.6718750000000001110 ) ) ;
#2569 = CARTESIAN_POINT ( 'NONE',  ( -0.2333333333333333648, 0.9208993189027536719, -0.9341346153846150635 ) ) ;
#2570 = B_SPLINE_CURVE_WITH_KNOTS ( 'NONE', 3,
 ( #846, #557, #1064, #2911, #126, #1504, #604, #836, #355, #157 ),
 .UNSPECIFIED., .F., .F.,
 ( 4, 3, 3, 4 ),
 ( 1.694065894508600678E-20, 7.810450692892079302E-06, 1.562779937032397374E-05, 3.121525988797553867E-05 ),
 .UNSPECIFIED. ) ;
#2571 = AXIS2_PLACEMENT_3D ( 'NONE', #443, #912, #742 ) ;
#2572 = CARTESIAN_POINT ( 'NONE',  ( -0.2124803750733466057, 0.9259330916465683403, -0.4277967456459503826 ) ) ;
#2573 = SURFACE_STYLE_FILL_AREA ( #2316 ) ;
#2574 = FILL_AREA_STYLE ('',( #2590 ) ) ;
#2575 =( GEOMETRIC_REPRESENTATION_CONTEXT ( 3 ) GLOBAL_UNCERTAINTY_ASSIGNED_CONTEXT ( ( #3006 ) ) GLOBAL_UNIT_ASSIGNED_CONTEXT ( ( #636, #1107, #215 ) ) REPRESENTATION_CONTEXT ( 'NONE', 'WORKASPACE' ) );
#2576 = VERTEX_POINT ( 'NONE', #1900 ) ;
#2577 = EDGE_CURVE ( 'NONE', #798, #951, #2072, .T. ) ;
#2578 = FILL_AREA_STYLE ('',( #32 ) ) ;
#2579 = MECHANICAL_DESIGN_GEOMETRIC_PRESENTATION_REPRESENTATION (  '', ( #864 ), #2933 ) ;
#2580 = FACE_OUTER_BOUND ( 'NONE', #1989, .T. ) ;
#2581 = CIRCLE ( 'NONE', #1601, 0.2999999999999999889 ) ;
#2582 = DIRECTION ( 'NONE',  ( -0.000000000000000000, 1.000000000000000000, 3.446944642713347244E-16 ) ) ;
#2583 = AXIS2_PLACEMENT_3D ( 'NONE', #2669, #2239, #570 ) ;
#2584 = CARTESIAN_POINT ( 'NONE',  ( 0.000000000000000000, -1.000000000000001110, -10.42999999999999794 ) ) ;
#2585 = EDGE_LOOP ( 'NONE', ( #1112, #234, #2794, #1046, #2319, #1845, #805, #1610, #2202 ) ) ;
#2586 = DIRECTION ( 'NONE',  ( 1.000000000000000000, 0.000000000000000000, 0.000000000000000000 ) ) ;
#2587 = CARTESIAN_POINT ( 'NONE',  ( -0.2020682658466719517, 0.9282860263831009817, 0.4131250246484551858 ) ) ;
#2588 = CARTESIAN_POINT ( 'NONE',  ( 0.03333333333333334675, -0.9494150245750743178, -3.403937756669170867 ) ) ;
#2589 = CARTESIAN_POINT ( 'NONE',  ( -0.3011557797390407853, -0.9010571070096208279, -0.5530049738241122892 ) ) ;
#2590 = FILL_AREA_STYLE_COLOUR ( '', #1119 ) ;
#2591 = ORIENTED_EDGE ( 'NONE', *, *, #631, .T. ) ;
#2592 = FILL_AREA_STYLE ('',( #1883 ) ) ;
#2593 = UNCERTAINTY_MEASURE_WITH_UNIT (LENGTH_MEASURE( 1.000000000000000082E-05 ), #2069, 'distance_accuracy_value', 'NONE');
#2594 = FACE_OUTER_BOUND ( 'NONE', #1958, .T. ) ;
#2595 =( BOUNDED_CURVE ( )  B_SPLINE_CURVE ( 3, ( #1532, #2895, #389, #1291 ),
 .UNSPECIFIED., .F., .T. ) 
 B_SPLINE_CURVE_WITH_KNOTS ( ( 4, 4 ),
 ( 4.899717498669717841, 4.909857404946007087 ),
 .UNSPECIFIED. ) 
 CURVE ( )  GEOMETRIC_REPRESENTATION_ITEM ( )  RATIONAL_B_SPLINE_CURVE ( ( 1.000000000000000000, 0.9999914318767455512, 0.9999914318767455512, 1.000000000000000000 ) ) 
 REPRESENTATION_ITEM ( '' )  );
#2596 = EDGE_CURVE ( 'NONE', #2951, #1319, #1691, .T. ) ;
#2597 = CARTESIAN_POINT ( 'NONE',  ( -0.1024038461538461092, -0.9444646379261106839, -0.6897435897435899577 ) ) ;
#2598 = CARTESIAN_POINT ( 'NONE',  ( -0.1217369835202286726, -0.9421707501376443972, 0.08147878248912061860 ) ) ;
#2599 = ORIENTED_EDGE ( 'NONE', *, *, #2512, .T. ) ;
#2600 = CARTESIAN_POINT ( 'NONE',  ( -0.1051282051282049629, -0.9441652718070718819, 0.3616185897435899022 ) ) ;
#2601 = B_SPLINE_CURVE_WITH_KNOTS ( 'NONE', 3,
 ( #2252, #1723, #50, #1496, #2666, #2904, #2222, #1038, #1737, #1987, #1018, #2941, #1953 ),
 .UNSPECIFIED., .F., .F.,
 ( 4, 3, 3, 3, 4 ),
 ( 0.000000000000000000, 4.417947924682421700E-05, 7.192202855151605748E-05, 9.980728977452214183E-05, 0.0001067162337220299968 ),
 .UNSPECIFIED. ) ;
#2602 = SURFACE_SIDE_STYLE ('',( #1917 ) ) ;
#2603 = VERTEX_POINT ( 'NONE', #954 ) ;
#2604 = CARTESIAN_POINT ( 'NONE',  ( -0.04907071732060968444, 0.9487337001083724353, 0.3381905966894457327 ) ) ;
#2605 = SURFACE_STYLE_USAGE ( .BOTH. , #1919 ) ;
#2606 = SURFACE_STYLE_USAGE ( .BOTH. , #1456 ) ;
#2607 = CARTESIAN_POINT ( 'NONE',  ( -0.2536858974358973118, -0.9155017561109008994, 0.4665064102564104309 ) ) ;
#2608 = CARTESIAN_POINT ( 'NONE',  ( -0.1358974358974357755, -0.9402296990185439185, 0.3056089743589746055 ) ) ;
#2609 = ORIENTED_EDGE ( 'NONE', *, *, #993, .T. ) ;
#2610 =( NAMED_UNIT ( * ) SI_UNIT ( $, .STERADIAN. ) SOLID_ANGLE_UNIT ( ) );
#2611 = CARTESIAN_POINT ( 'NONE',  ( 0.000000000000000000, 0.000000000000000000, -3.403937756669170867 ) ) ;
#2612 = ORIENTED_EDGE ( 'NONE', *, *, #948, .F. ) ;
#2613 = CARTESIAN_POINT ( 'NONE',  ( -0.09975961538461532163, 0.9447475954657486019, -0.6128205128205129748 ) ) ;
#2614 = FACE_OUTER_BOUND ( 'NONE', #1859, .T. ) ;
#2615 = CARTESIAN_POINT ( 'NONE',  ( -0.1814899384592268683, 0.9325211395243313550, 0.4175867577815831622 ) ) ;
#2616 = EDGE_LOOP ( 'NONE', ( #2556, #148 ) ) ;
#2617 = CARTESIAN_POINT ( 'NONE',  ( -0.1866177828438988773, 0.9314900982438882870, -0.4065395491901412917 ) ) ;
#2618 = DIRECTION ( 'NONE',  ( 1.000000000000000000, 0.000000000000000000, 0.000000000000000000 ) ) ;
#2619 = CARTESIAN_POINT ( 'NONE',  ( -0.05298359637202451622, 0.9514127586502081346, 0.2537809511047253164 ) ) ;
#2620 = SURFACE_STYLE_FILL_AREA ( #2592 ) ;
#2621 = MECHANICAL_DESIGN_GEOMETRIC_PRESENTATION_REPRESENTATION (  '', ( #995 ), #1884 ) ;
#2622 = SURFACE_STYLE_USAGE ( .BOTH. , #1697 ) ;
#2623 = FACE_OUTER_BOUND ( 'NONE', #2320, .T. ) ;
#2624 = CARTESIAN_POINT ( 'NONE',  ( -0.1271623032853095303, -0.9415483458370005332, -0.6118469947512633622 ) ) ;
#2625 = ORIENTED_EDGE ( 'NONE', *, *, #2965, .F. ) ;
#2626 = CIRCLE ( 'NONE', #2535, 0.2000000000000000944 ) ;
#2627 =( GEOMETRIC_REPRESENTATION_CONTEXT ( 3 ) GLOBAL_UNCERTAINTY_ASSIGNED_CONTEXT ( ( #1366 ) ) GLOBAL_UNIT_ASSIGNED_CONTEXT ( ( #974, #2145, #2 ) ) REPRESENTATION_CONTEXT ( 'NONE', 'WORKASPACE' ) );
#2628 = CARTESIAN_POINT ( 'NONE',  ( 0.7500000000000000000, 9.184850993605149670E-17, 1.749999999999999778 ) ) ;
#2629 = CARTESIAN_POINT ( 'NONE',  ( 0.000000000000000000, 0.000000000000000000, 0.000000000000000000 ) ) ;
#2630 = AXIS2_PLACEMENT_3D ( 'NONE', #490, #1417, #1887 ) ;
#2631 = B_SPLINE_CURVE_WITH_KNOTS ( 'NONE', 3,
 ( #192, #2760, #1577, #1128, #1821, #205, #439, #1367, #2080, #259, #2820, #456, #2364 ),
 .UNSPECIFIED., .F., .F.,
 ( 4, 3, 3, 3, 4 ),
 ( 0.000000000000000000, 3.859246335498857307E-05, 7.280609183979880761E-05, 0.0001016006603942271535, 0.0001285041912112130024 ),
 .UNSPECIFIED. ) ;
#2632 = CARTESIAN_POINT ( 'NONE',  ( 0.1044623127444814920, -0.9442394156812423667, -0.4739960683927343377 ) ) ;
#2633 = VECTOR ( 'NONE', #1539, 1000.000000000000000 ) ;
#2634 = CARTESIAN_POINT ( 'NONE',  ( -0.09822275283448497762, -0.9449086150665839678, 0.1386527219811307388 ) ) ;
#2635 =( NAMED_UNIT ( * ) PLANE_ANGLE_UNIT ( ) SI_UNIT ( $, .RADIAN. ) );
#2636 = VERTEX_POINT ( 'NONE', #2862 ) ;
#2637 = FILL_AREA_STYLE_COLOUR ( '', #754 ) ;
#2638 = AXIS2_PLACEMENT_3D ( 'NONE', #2196, #81, #1008 ) ;
#2639 = CARTESIAN_POINT ( 'NONE',  ( -0.1228954795739978512, 0.9420173571126092549, 0.4038117461879106029 ) ) ;
#2640 = B_SPLINE_CURVE_WITH_KNOTS ( 'NONE', 3,
 ( #2257, #1093, #1711, #2028, #555, #2428, #335, #2406 ),
 .UNSPECIFIED., .F., .F.,
 ( 4, 2, 2, 4 ),
 ( 0.000000000000000000, 0.0001581418292073175449, 0.0002372127438109763173, 0.0003162836584146350898 ),
 .UNSPECIFIED. ) ;
#2641 = CARTESIAN_POINT ( 'NONE',  ( -0.06353565805094497920, 0.9487401158877336593, -0.7415480488126990899 ) ) ;
#2642 = CARTESIAN_POINT ( 'NONE',  ( 0.03128915369667744500, 0.9494847027974555598, -0.9013427191057997723 ) ) ;
#2643 = CARTESIAN_POINT ( 'NONE',  ( -0.2317588089272258900, -0.9212968329934382306, -0.5391430680108062479 ) ) ;
#2644 = VERTEX_POINT ( 'NONE', #2851 ) ;
#2645 = CARTESIAN_POINT ( 'NONE',  ( 0.000000000000000000, 0.000000000000000000, 1.949999999999999956 ) ) ;
#2646 = DIRECTION ( 'NONE',  ( 0.000000000000000000, -1.000000000000000000, 6.802837160693362624E-16 ) ) ;
#2647 = CARTESIAN_POINT ( 'NONE',  ( -0.05344551282051267227, -0.9484954281172642832, 0.3306089743589745167 ) ) ;
#2648 = CARTESIAN_POINT ( 'NONE',  ( -0.3025104088606815345, 0.9005484176226062898, 0.3886470680279286993 ) ) ;
#2649 = CARTESIAN_POINT ( 'NONE',  ( -0.1801282051282049879, -0.9327667606198729588, 0.1820512820512822094 ) ) ;
#2650 = CARTESIAN_POINT ( 'NONE',  ( -0.7500000000000000000, 9.184850993605149670E-17, -1.749999999999999778 ) ) ;
#2651 = ORIENTED_EDGE ( 'NONE', *, *, #1674, .T. ) ;
#2652 = EDGE_CURVE ( 'NONE', #621, #511, #1612, .T. ) ;
#2653 = CARTESIAN_POINT ( 'NONE',  ( -0.1855769230769229450, -0.9316980227634383827, 0.2282051282051283658 ) ) ;
#2654 = CARTESIAN_POINT ( 'NONE',  ( -0.2153804735427409522, 0.9252707316219866973, -0.8513661485481497371 ) ) ;
#2655 = VERTEX_POINT ( 'NONE', #767 ) ;
#2656 = CARTESIAN_POINT ( 'NONE',  ( -0.1681089743589742058, 0.9350076859256152284, 0.4948717948717950565 ) ) ;
#2657 = CARTESIAN_POINT ( 'NONE',  ( 0.09999999999999999167, 0.9447221813845592120, -0.9276442307692305267 ) ) ;
#2658 = ORIENTED_EDGE ( 'NONE', *, *, #2374, .T. ) ;
#2659 = EDGE_LOOP ( 'NONE', ( #2024, #1228, #1047, #1254 ) ) ;
#2660 = DIRECTION ( 'NONE',  ( -1.000000000000000000, 0.000000000000000000, 0.000000000000000000 ) ) ;
#2661 = CARTESIAN_POINT ( 'NONE',  ( -0.1166045906564465579, 0.9428168643648903169, 0.04577662788966851970 ) ) ;
#2662 = ORIENTED_EDGE ( 'NONE', *, *, #1783, .T. ) ;
#2663 = CARTESIAN_POINT ( 'NONE',  ( -0.3051282051282049879, 0.8996648144921751689, 0.3591346153846155520 ) ) ;
#2664 = DIRECTION ( 'NONE',  ( 0.000000000000000000, -1.278540297742340348E-16, 1.000000000000000000 ) ) ;
#2665 = CARTESIAN_POINT ( 'NONE',  ( 0.1014147142191109130, 0.9446214178705526487, -0.4480992302023116824 ) ) ;
#2666 = CARTESIAN_POINT ( 'NONE',  ( -0.05313085063262041469, -0.9485380094463929934, 0.1505780897612501446 ) ) ;
#2667 = ORIENTED_EDGE ( 'NONE', *, *, #201, .F. ) ;
#2668 = CARTESIAN_POINT ( 'NONE',  ( -0.009294871794871612664, -0.9499545280476939801, 0.08974358974358988272 ) ) ;
#2669 = CARTESIAN_POINT ( 'NONE',  ( 0.000000000000000000, -1.000000000000000888, -11.42999999999999972 ) ) ;
#2670 = EDGE_CURVE ( 'NONE', #345, #2671, #2495, .T. ) ;
#2671 = VERTEX_POINT ( 'NONE', #2672 ) ;
#2672 = CARTESIAN_POINT ( 'NONE',  ( -0.1210737179487177823, -0.9422532328530761614, 0.02820512820512834778 ) ) ;
#2673 = SURFACE_STYLE_FILL_AREA ( #2195 ) ;
#2674 = ADVANCED_FACE ( 'NONE', ( #1276, #2210, #506, #1445, #930, #263 ), #2137, .T. ) ;
#2675 = EDGE_CURVE ( 'NONE', #915, #1700, #2692, .T. ) ;
#2676 = DIRECTION ( 'NONE',  ( 0.000000000000000000, 0.000000000000000000, -1.000000000000000000 ) ) ;
#2677 = VERTEX_POINT ( 'NONE', #2854 ) ;
#2678 = VERTEX_POINT ( 'NONE', #2551 ) ;
#2679 = CARTESIAN_POINT ( 'NONE',  ( 0.000000000000000000, 0.000000000000000000, -3.403937756669170867 ) ) ;
#2680 =( GEOMETRIC_REPRESENTATION_CONTEXT ( 3 ) GLOBAL_UNCERTAINTY_ASSIGNED_CONTEXT ( ( #808 ) ) GLOBAL_UNIT_ASSIGNED_CONTEXT ( ( #2271, #403, #2973 ) ) REPRESENTATION_CONTEXT ( 'NONE', 'WORKASPACE' ) );
#2681 = CARTESIAN_POINT ( 'NONE',  ( -0.1153846153846152522, 0.9429668024551788319, 0.05873397435897449725 ) ) ;
#2682 = AXIS2_PLACEMENT_3D ( 'NONE', #1335, #921, #2522 ) ;
#2683 = CARTESIAN_POINT ( 'NONE',  ( 0.02683351531675197063, -0.9498259772655612831, -0.3406914718949784482 ) ) ;
#2684 = CARTESIAN_POINT ( 'NONE',  ( 0.03574027846509397061, -0.9493532103143957901, -0.4663339295000719087 ) ) ;
#2685 = AXIS2_PLACEMENT_3D ( 'NONE', #612, #2459, #599 ) ;
#2686 = DIRECTION ( 'NONE',  ( -0.000000000000000000, -0.000000000000000000, -1.000000000000000000 ) ) ;
#2687 = PRESENTATION_STYLE_ASSIGNMENT (( #2737 ) ) ;
#2688 = VERTEX_POINT ( 'NONE', #459 ) ;
#2689 = AXIS2_PLACEMENT_3D ( 'NONE', #348, #1285, #2889 ) ;
#2690 = CARTESIAN_POINT ( 'NONE',  ( 0.05792643746273957311, -0.9482520016242124150, 0.1446962860753145397 ) ) ;
#2691 = DIRECTION ( 'NONE',  ( 1.000000000000000000, 0.000000000000000000, 0.000000000000000000 ) ) ;
#2692 = CIRCLE ( 'NONE', #133, 0.2999999999999999889 ) ;
#2693 = ORIENTED_EDGE ( 'NONE', *, *, #1899, .F. ) ;
#2694 = B_SPLINE_CURVE_WITH_KNOTS ( 'NONE', 3,
 ( #1921, #351, #569, #449, #1607, #1103, #2026, #141, #2269, #1378 ),
 .UNSPECIFIED., .F., .F.,
 ( 4, 3, 3, 4 ),
 ( 0.000000000000000000, 4.308493130335892379E-05, 6.506612542751761879E-05, 8.714357186394491308E-05 ),
 .UNSPECIFIED. ) ;
#2695 = CARTESIAN_POINT ( 'NONE',  ( 0.01039106258370208272, 0.9500406560228024100, -0.4216714060176351975 ) ) ;
#2696 = CARTESIAN_POINT ( 'NONE',  ( -0.09975961538461532163, -0.9447475954657486019, -0.6128205128205129748 ) ) ;
#2697 = VERTEX_POINT ( 'NONE', #1385 ) ;
#2698 = CARTESIAN_POINT ( 'NONE',  ( -0.009294871794871612664, 0.9499545280476939801, 0.08974358974358988272 ) ) ;
#2699 = FACE_OUTER_BOUND ( 'NONE', #1260, .T. ) ;
#2700 = EDGE_CURVE ( 'NONE', #1829, #621, #587, .T. ) ;
#2701 = DIRECTION ( 'NONE',  ( 0.000000000000000000, -1.278540297742340348E-16, -1.000000000000000000 ) ) ;
#2702 = ORIENTED_EDGE ( 'NONE', *, *, #2652, .T. ) ;
#2703 = CARTESIAN_POINT ( 'NONE',  ( -0.3048690931632472845, 0.8997526942975444531, 0.3690113260155166164 ) ) ;
#2704 = CARTESIAN_POINT ( 'NONE',  ( -0.3051282051282049879, 0.8996648144921751689, 0.04991987179487193671 ) ) ;
#2705 = CARTESIAN_POINT ( 'NONE',  ( -0.05839026575368650579, 0.9482038688306664298, 0.1457488221647426363 ) ) ;
#2706 = CARTESIAN_POINT ( 'NONE',  ( 3.673940397442058882E-17, 0.2999999999999988787, 10.42999999999999794 ) ) ;
#2707 = ORIENTED_EDGE ( 'NONE', *, *, #2291, .F. ) ;
#2708 = CARTESIAN_POINT ( 'NONE',  ( 0.003614400728521920993, -0.9500132158493403978, 0.1665226199671724916 ) ) ;
#2709 = CARTESIAN_POINT ( 'NONE',  ( -0.2095776470358137189, 0.9274475364373127029, -0.6762074710518348741 ) ) ;
#2710 = ORIENTED_EDGE ( 'NONE', *, *, #907, .F. ) ;
#2711 = CARTESIAN_POINT ( 'NONE',  ( -0.1465685465308814717, 0.9386254104635266549, -0.7436361419952424168 ) ) ;
#2712 = CARTESIAN_POINT ( 'NONE',  ( -0.3051282051282049879, 0.8996648144921751689, 0.3591346153846155520 ) ) ;
#2713 = ORIENTED_EDGE ( 'NONE', *, *, #2757, .T. ) ;
#2714 = CARTESIAN_POINT ( 'NONE',  ( -0.1750801282051280550, -0.9337274488348705770, 0.1051282051282052682 ) ) ;
#2715 = CARTESIAN_POINT ( 'NONE',  ( -0.1801282051282049879, -0.9327667606198729588, 0.1820512820512822094 ) ) ;
#2716 = EDGE_CURVE ( 'NONE', #152, #1188, #916, .T. ) ;
#2717 = CARTESIAN_POINT ( 'NONE',  ( -0.009294871794871612664, 0.9499545280476939801, 0.08974358974358988272 ) ) ;
#2718 = DIRECTION ( 'NONE',  ( -0.000000000000000000, -0.000000000000000000, -1.000000000000000000 ) ) ;
#2719 = CARTESIAN_POINT ( 'NONE',  ( -0.2983023968225174682, 0.9019510408275724922, -0.8874824870490395368 ) ) ;
#2720 = ORIENTED_EDGE ( 'NONE', *, *, #978, .F. ) ;
#2721 = CARTESIAN_POINT ( 'NONE',  ( 0.000000000000000000, -1.084202172485504434E-15, 10.42999999999999794 ) ) ;
#2722 = CARTESIAN_POINT ( 'NONE',  ( 0.01203884833356430595, -0.9499349434419176452, 0.01619211669006527868 ) ) ;
#2723 = ORIENTED_EDGE ( 'NONE', *, *, #1340, .T. ) ;
#2724 = CLOSED_SHELL ( 'NONE', ( #1825, #269, #2832, #2323, #2906, #1227, #2034, #1803 ) ) ;
#2725 = FILL_AREA_STYLE_COLOUR ( '', #82 ) ;
#2726 =( BOUNDED_CURVE ( )  B_SPLINE_CURVE ( 3, ( #1684, #2149, #1672, #526 ),
 .UNSPECIFIED., .F., .F. ) 
 B_SPLINE_CURVE_WITH_KNOTS ( ( 4, 4 ),
 ( 1.374187999359846701, 1.383467808509868613 ),
 .UNSPECIFIED. ) 
 CURVE ( )  GEOMETRIC_REPRESENTATION_ITEM ( )  RATIONAL_B_SPLINE_CURVE ( ( 1.000000000000000000, 0.9999928237747195414, 0.9999928237747195414, 1.000000000000000000 ) ) 
 REPRESENTATION_ITEM ( '' )  );
#2727 = DIRECTION ( 'NONE',  ( 0.000000000000000000, -1.000000000000000000, 0.000000000000000000 ) ) ;
#2728 = ORIENTED_EDGE ( 'NONE', *, *, #1640, .F. ) ;
#2729 = CARTESIAN_POINT ( 'NONE',  ( 0.05389693702321113333, 0.9485237838837173863, -0.04733426741716893066 ) ) ;
#2730 = CARTESIAN_POINT ( 'NONE',  ( -0.3000000000000000444, -0.9013878188659973922, -0.9233173076923076872 ) ) ;
#2731 = CIRCLE ( 'NONE', #1590, 0.2999999999999999889 ) ;
#2732 = ORIENTED_EDGE ( 'NONE', *, *, #2361, .T. ) ;
#2733 = LINE ( 'NONE', #624, #2409 ) ;
#2734 = AXIS2_PLACEMENT_3D ( 'NONE', #14, #1854, #1389 ) ;
#2735 = CARTESIAN_POINT ( 'NONE',  ( -0.9499999999999999556, 0.000000000000000000, -3.403937756669170867 ) ) ;
#2736 = LINE ( 'NONE', #1552, #2844 ) ;
#2737 = SURFACE_STYLE_USAGE ( .BOTH. , #2956 ) ;
#2738 = TOROIDAL_SURFACE ( 'NONE', #1688, 1.000000000000000222, 0.2999999999999999889 ) ;
#2739 = ORIENTED_EDGE ( 'NONE', *, *, #594, .T. ) ;
#2740 = EDGE_CURVE ( 'NONE', #2821, #2688, #765, .T. ) ;
#2741 = CARTESIAN_POINT ( 'NONE',  ( 0.1049555264131976778, 0.9441844987410787926, -0.5149001243142967699 ) ) ;
#2742 = MECHANICAL_DESIGN_GEOMETRIC_PRESENTATION_REPRESENTATION (  '', ( #2789 ), #2939 ) ;
#2743 = VECTOR ( 'NONE', #2718, 1000.000000000000000 ) ;
#2744 = CARTESIAN_POINT ( 'NONE',  ( -0.1126476104796428068, -0.9433034155860137160, 0.3310249711982402032 ) ) ;
#2745 = PRESENTATION_LAYER_ASSIGNMENT (  '', '', ( #138 ) ) ;
#2746 =( GEOMETRIC_REPRESENTATION_CONTEXT ( 3 ) GLOBAL_UNCERTAINTY_ASSIGNED_CONTEXT ( ( #1152 ) ) GLOBAL_UNIT_ASSIGNED_CONTEXT ( ( #1388, #1680, #2829 ) ) REPRESENTATION_CONTEXT ( 'NONE', 'WORKASPACE' ) );
#2747 = DIRECTION ( 'NONE',  ( 0.000000000000000000, -1.278540297742340348E-16, -1.000000000000000000 ) ) ;
#2748 = ORIENTED_EDGE ( 'NONE', *, *, #2374, .F. ) ;
#2749 = CARTESIAN_POINT ( 'NONE',  ( -0.1933792531346461563, -0.9301337556349377200, 0.1816378916513490538 ) ) ;
#2750 = CARTESIAN_POINT ( 'NONE',  ( -0.1843865277977991823, -0.9319418870994488069, 0.2960930861521486879 ) ) ;
#2751 = CARTESIAN_POINT ( 'NONE',  ( -0.1863782051282049934, -0.9315380639851429390, -0.07948717948717937132 ) ) ;
#2752 = FILL_AREA_STYLE ('',( #1604 ) ) ;
#2753 = ORIENTED_EDGE ( 'NONE', *, *, #105, .T. ) ;
#2754 = CARTESIAN_POINT ( 'NONE',  ( -3.673940397442058882E-17, -1.000000000000001110, 10.42999999999999794 ) ) ;
#2755 = CARTESIAN_POINT ( 'NONE',  ( 0.03327503440468156104, -0.9494170723760403385, -0.9477439543480007389 ) ) ;
#2756 = CYLINDRICAL_SURFACE ( 'NONE', #2884, 0.9499999999999999556 ) ;
#2757 = EDGE_CURVE ( 'NONE', #741, #2809, #1316, .T. ) ;
#2758 = CARTESIAN_POINT ( 'NONE',  ( -0.2326788034582845111, -0.9210649132505376313, -0.9084539116075435183 ) ) ;
#2759 = B_SPLINE_CURVE_WITH_KNOTS ( 'NONE', 3,
 ( #317, #2447, #1253, #2192, #1274, #96, #353, #1023, #1957, #1138, #2283, #204, #646, #2493, #2041, #2317 ),
 .UNSPECIFIED., .F., .F.,
 ( 4, 3, 3, 3, 3, 4 ),
 ( 0.000000000000000000, 2.943106475974791136E-05, 4.673613040563709555E-05, 6.416644811507900151E-05, 7.711007676054987357E-05, 8.414636847161363056E-05 ),
 .UNSPECIFIED. ) ;
#2760 = CARTESIAN_POINT ( 'NONE',  ( -0.08963010229167076015, 0.9457671965121053903, 0.1216382642349861098 ) ) ;
#2761 = ORIENTED_EDGE ( 'NONE', *, *, #324, .F. ) ;
#2762 = B_SPLINE_CURVE_WITH_KNOTS ( 'NONE', 3,
 ( #2649, #1690, #91, #1721, #2457, #361, #2233, #1073, #758, #2634, #539, #1465, #1268 ),
 .UNSPECIFIED., .F., .F.,
 ( 4, 3, 3, 3, 4 ),
 ( 0.000000000000000000, 3.614990520903469854E-05, 6.672713625096196957E-05, 9.724609310923788667E-05, 0.0001287979374061612057 ),
 .UNSPECIFIED. ) ;
#2763 = CARTESIAN_POINT ( 'NONE',  ( -0.2383316050809259068, 0.9196184241408312809, 0.04902517155337741267 ) ) ;
#2764 = DIRECTION ( 'NONE',  ( 0.000000000000000000, -1.000000000000000000, 3.446944642713347244E-16 ) ) ;
#2765 = CARTESIAN_POINT ( 'NONE',  ( -0.2144449855020855999, -0.9254974936506060734, 0.3088156574168525181 ) ) ;
#2766 = CARTESIAN_POINT ( 'NONE',  ( 0.05941955628542749251, 0.9481511480207265308, 0.1433654442467453827 ) ) ;
#2767 = ORIENTED_EDGE ( 'NONE', *, *, #2456, .T. ) ;
#2768 = CARTESIAN_POINT ( 'NONE',  ( -0.2011000990053774251, -0.9284711897415197646, 0.1013154261549190360 ) ) ;
#2769 = CARTESIAN_POINT ( 'NONE',  ( -0.04048682300976808729, 0.9491467732125901113, 0.4057770136226527824 ) ) ;
#2770 = CARTESIAN_POINT ( 'NONE',  ( 0.000000000000000000, 0.000000000000000000, 1.749999999999999778 ) ) ;
#2771 =( NAMED_UNIT ( * ) PLANE_ANGLE_UNIT ( ) SI_UNIT ( $, .RADIAN. ) );
#2772 = ADVANCED_FACE ( 'NONE', ( #2412 ), #1991, .T. ) ;
#2773 = LINE ( 'NONE', #3038, #131 ) ;
#2774 =( NAMED_UNIT ( * ) PLANE_ANGLE_UNIT ( ) SI_UNIT ( $, .RADIAN. ) );
#2775 = ORIENTED_EDGE ( 'NONE', *, *, #2496, .T. ) ;
#2776 = CLOSED_SHELL ( 'NONE', ( #1080, #2557, #69, #1743, #2772, #344, #2541, #179 ) ) ;
#2777 = CARTESIAN_POINT ( 'NONE',  ( -0.7500000000000000000, 0.000000000000000000, 1.749999999999999778 ) ) ;
#2778 = FILL_AREA_STYLE ('',( #2018 ) ) ;
#2779 = CARTESIAN_POINT ( 'NONE',  ( -0.2380955417715975297, -0.9196796485459669546, 0.3490440949525801528 ) ) ;
#2780 = CARTESIAN_POINT ( 'NONE',  ( -0.0004797700251796311894, 0.9500479964786180398, -0.5862763332942090289 ) ) ;
#2781 = ORIENTED_EDGE ( 'NONE', *, *, #778, .F. ) ;
#2782 = CARTESIAN_POINT ( 'NONE',  ( -0.1256410256410255277, 0.9416551028247397426, -0.2538461538461535549 ) ) ;
#2783 = CIRCLE ( 'NONE', #1446, 0.7000000000000009548 ) ;
#2784 = DIRECTION ( 'NONE',  ( 0.000000000000000000, 0.000000000000000000, -1.000000000000000000 ) ) ;
#2785 = CARTESIAN_POINT ( 'NONE',  ( -0.1536946510362662277, -0.9390064655469033683, -0.3112332439281618734 ) ) ;
#2786 = CARTESIAN_POINT ( 'NONE',  ( 0.000000000000000000, 0.000000000000000000, -0.1051282051282051294 ) ) ;
#2787 = AXIS2_PLACEMENT_3D ( 'NONE', #1458, #1185, #1224 ) ;
#2788 = PRESENTATION_STYLE_ASSIGNMENT (( #2527 ) ) ;
#2789 = STYLED_ITEM ( 'NONE', ( #2687 ), #2981 ) ;
#2790 = PLANE ( 'NONE',  #1209 ) ;
#2791 = CIRCLE ( 'NONE', #1941, 0.7500000000000000000 ) ;
#2792 = DIRECTION ( 'NONE',  ( 0.000000000000000000, 0.000000000000000000, 1.000000000000000000 ) ) ;
#2793 = CARTESIAN_POINT ( 'NONE',  ( -0.1692984859128322805, -0.9348115453504377559, 0.1049065893558016743 ) ) ;
#2794 = ORIENTED_EDGE ( 'NONE', *, *, #2113, .F. ) ;
#2795 = EDGE_CURVE ( 'NONE', #1489, #540, #2302, .T. ) ;
#2796 = SURFACE_STYLE_FILL_AREA ( #1159 ) ;
#2797 = PRESENTATION_STYLE_ASSIGNMENT (( #1847 ) ) ;
#2798 = B_SPLINE_CURVE_WITH_KNOTS ( 'NONE', 3,
 ( #2075, #1336, #1589, #679, #213, #3018, #2561, #1150, #874, #889 ),
 .UNSPECIFIED., .F., .F.,
 ( 4, 3, 3, 4 ),
 ( 1.117570019170468128E-19, 1.911293728502992995E-05, 3.819611507556382223E-05, 7.628121036563918474E-05 ),
 .UNSPECIFIED. ) ;
#2799 = CARTESIAN_POINT ( 'NONE',  ( -0.05990464990119356153, 0.9483016396439767348, -0.6109638081321525638 ) ) ;
#2800 = CARTESIAN_POINT ( 'NONE',  ( -0.1838648157643491543, -0.9320802612899080630, 0.1049619514035442930 ) ) ;
#2801 = CARTESIAN_POINT ( 'NONE',  ( -0.1735061434157771088, 0.9341169271110311145, -0.3989519674600679466 ) ) ;
#2802 = CARTESIAN_POINT ( 'NONE',  ( -0.1065972591548465520, -0.9440047003829755701, 0.3463318498048221228 ) ) ;
#2803 = DIRECTION ( 'NONE',  ( 0.000000000000000000, -1.000000000000000000, 6.802837160693362624E-16 ) ) ;
#2804 = CARTESIAN_POINT ( 'NONE',  ( 0.03309328718333378466, 0.9494235306785610007, 0.05702798857443328734 ) ) ;
#2805 = DIRECTION ( 'NONE',  ( 0.000000000000000000, -1.000000000000000000, -6.802837160693362624E-16 ) ) ;
#2806 = B_SPLINE_CURVE_WITH_KNOTS ( 'NONE', 3,
 ( #633, #887, #2769, #416, #154, #384, #400, #2039, #2296, #2971, #432, #857, #1771, #1077, #1347, #1587 ),
 .UNSPECIFIED., .F., .F.,
 ( 4, 3, 3, 3, 3, 4 ),
 ( 0.000000000000000000, 3.837503437215874239E-05, 7.715074069603734656E-05, 0.0001122995621679544979, 0.0001531461667377573635, 0.0001933220267652195471 ),
 .UNSPECIFIED. ) ;
#2807 = VERTEX_POINT ( 'NONE', #2450 ) ;
#2808 = CARTESIAN_POINT ( 'NONE',  ( -0.03939861601767539329, -0.9491903004916890652, 0.08161893709846715361 ) ) ;
#2809 = VERTEX_POINT ( 'NONE', #2394 ) ;
#2810 = CARTESIAN_POINT ( 'NONE',  ( -0.1097209706218201936, -0.9436425746077156118, 0.3856862942869115907 ) ) ;
#2811 = EDGE_CURVE ( 'NONE', #2403, #1346, #1510, .T. ) ;
#2812 = CARTESIAN_POINT ( 'NONE',  ( 0.01794871794871810700, 0.9498304288261131267, 0.3463141025641027215 ) ) ;
#2813 = VERTEX_POINT ( 'NONE', #1065 ) ;
#2814 = ORIENTED_EDGE ( 'NONE', *, *, #1599, .T. ) ;
#2815 = CARTESIAN_POINT ( 'NONE',  ( -0.2323075785654768188, 0.9211586122597875681, -0.4613075434294456323 ) ) ;
#2816 = CARTESIAN_POINT ( 'NONE',  ( -0.2054336020558643894, -0.9275413215735348604, 0.4115874957674104384 ) ) ;
#2817 =( NAMED_UNIT ( * ) SI_UNIT ( $, .STERADIAN. ) SOLID_ANGLE_UNIT ( ) );
#2818 = CARTESIAN_POINT ( 'NONE',  ( -0.2295269685833188911, 0.9218683168620035451, 0.3246874672559956210 ) ) ;
#2819 = UNCERTAINTY_MEASURE_WITH_UNIT (LENGTH_MEASURE( 1.000000000000000082E-05 ), #861, 'distance_accuracy_value', 'NONE');
#2820 = CARTESIAN_POINT ( 'NONE',  ( -0.1621920546475187075, 0.9360937880003711298, 0.1810806369025124984 ) ) ;
#2821 = VERTEX_POINT ( 'NONE', #2510 ) ;
#2822 =( NAMED_UNIT ( * ) PLANE_ANGLE_UNIT ( ) SI_UNIT ( $, .RADIAN. ) );
#2823 = SURFACE_STYLE_USAGE ( .BOTH. , #990 ) ;
#2824 = DIRECTION ( 'NONE',  ( 0.000000000000000000, 0.000000000000000000, 1.000000000000000000 ) ) ;
#2825 = ORIENTED_EDGE ( 'NONE', *, *, #147, .T. ) ;
#2826 = PLANE ( 'NONE',  #2363 ) ;
#2827 = CARTESIAN_POINT ( 'NONE',  ( -0.03846153846153831796, -0.9492211070447030830, 0.3799679487179488668 ) ) ;
#2828 =( BOUNDED_CURVE ( )  B_SPLINE_CURVE ( 3, ( #216, #929, #2993, #2455 ),
 .UNSPECIFIED., .F., .F. ) 
 B_SPLINE_CURVE_WITH_KNOTS ( ( 4, 4 ),
 ( 4.568846621199561753, 4.578895682175502024 ),
 .UNSPECIFIED. ) 
 CURVE ( )  GEOMETRIC_REPRESENTATION_ITEM ( )  RATIONAL_B_SPLINE_CURVE ( ( 1.000000000000000000, 0.9999915847154960957, 0.9999915847154960957, 1.000000000000000000 ) ) 
 REPRESENTATION_ITEM ( '' )  );
#2829 =( NAMED_UNIT ( * ) SI_UNIT ( $, .STERADIAN. ) SOLID_ANGLE_UNIT ( ) );
#2830 = CARTESIAN_POINT ( 'NONE',  ( -0.2050642199885708838, 0.9276349288832234086, -0.4194264148127394565 ) ) ;
#2831 = B_SPLINE_CURVE_WITH_KNOTS ( 'NONE', 3,
 ( #1608, #2986, #2755, #888, #645, #1104, #2074, #1348, #2282, #2972 ),
 .UNSPECIFIED., .F., .F.,
 ( 4, 3, 3, 4 ),
 ( 0.000000000000000000, 1.744662761061794437E-05, 3.489642080672052311E-05, 6.976956382313573789E-05 ),
 .UNSPECIFIED. ) ;
#2832 = ADVANCED_FACE ( 'NONE', ( #847 ), #371, .T. ) ;
#2833 = PRESENTATION_STYLE_ASSIGNMENT (( #1221 ) ) ;
#2834 = DIRECTION ( 'NONE',  ( 0.000000000000000000, -1.000000000000000000, -8.081377458435701493E-16 ) ) ;
#2835 = AXIS2_PLACEMENT_3D ( 'NONE', #1572, #155, #2507 ) ;
#2836 = PRESENTATION_STYLE_ASSIGNMENT (( #18 ) ) ;
#2837 = B_SPLINE_CURVE_WITH_KNOTS ( 'NONE', 3,
 ( #1907, #2559, #919, #1668, #717, #2858, #512, #463 ),
 .UNSPECIFIED., .F., .F.,
 ( 4, 2, 2, 4 ),
 ( 0.000000000000000000, 4.040631604920439139E-05, 8.081263209840878277E-05, 0.0001616252641968175655 ),
 .UNSPECIFIED. ) ;
#2838 = CARTESIAN_POINT ( 'NONE',  ( -0.2435235504875883361, 0.9182571972807612726, -0.7815982088192166000 ) ) ;
#2839 = PRESENTATION_LAYER_ASSIGNMENT (  '', '', ( #2327 ) ) ;
#2840 = COLOUR_RGB ( '',1.000000000000000000, 0.4549019607843137192, 0.4352941176470588314 ) ;
#2841 = CARTESIAN_POINT ( 'NONE',  ( -0.1153846153846152522, -0.9429668024551788319, 0.05873397435897449725 ) ) ;
#2842 = EDGE_LOOP ( 'NONE', ( #226, #1658, #2194, #1761, #2702, #2267, #1394, #583, #1627 ) ) ;
#2843 = CARTESIAN_POINT ( 'NONE',  ( 0.02948717948717948303, -0.9495422614322601707, -0.8898237179487176185 ) ) ;
#2844 = VECTOR ( 'NONE', #164, 1000.000000000000000 ) ;
#2845 =( GEOMETRIC_REPRESENTATION_CONTEXT ( 3 ) GLOBAL_UNCERTAINTY_ASSIGNED_CONTEXT ( ( #941 ) ) GLOBAL_UNIT_ASSIGNED_CONTEXT ( ( #1714, #2950, #2163 ) ) REPRESENTATION_CONTEXT ( 'NONE', 'WORKASPACE' ) );
#2846 = CARTESIAN_POINT ( 'NONE',  ( -0.09863782051282046770, 0.9448653768471362291, -0.3871794871794873028 ) ) ;
#2847 = CARTESIAN_POINT ( 'NONE',  ( 0.09487179487179507598, 0.9452509415693823858, 0.4794871794871796711 ) ) ;
#2848 = CARTESIAN_POINT ( 'NONE',  ( 0.000000000000000000, 0.000000000000000000, -3.403937756669170867 ) ) ;
#2849 = ADVANCED_FACE ( 'NONE', ( #1760 ), #1808, .T. ) ;
#2850 = CARTESIAN_POINT ( 'NONE',  ( -0.1264423076923075207, -0.9415478441510257701, 0.2384615384615386413 ) ) ;
#2851 = CARTESIAN_POINT ( 'NONE',  ( -0.09863782051282046770, -0.9448653768471362291, -0.3871794871794873028 ) ) ;
#2852 = CARTESIAN_POINT ( 'NONE',  ( -0.05075353290422289498, -0.9486432832723484809, -0.6859484725829788632 ) ) ;
#2853 = CARTESIAN_POINT ( 'NONE',  ( -0.1411569143318605335, -0.9394544829507869288, 0.09800466366979292132 ) ) ;
#2854 = CARTESIAN_POINT ( 'NONE',  ( 0.06402243589743610019, 0.9478402437656668900, 0.1392628205128206564 ) ) ;
#2855 = ORIENTED_EDGE ( 'NONE', *, *, #2596, .T. ) ;
#2856 = CARTESIAN_POINT ( 'NONE',  ( 0.000000000000000000, -3.550000000000001155, 11.43000000000000149 ) ) ;
#2857 = CARTESIAN_POINT ( 'NONE',  ( -0.05344551282051267227, -0.9484954281172642832, 0.3306089743589745167 ) ) ;
#2858 = CARTESIAN_POINT ( 'NONE',  ( -0.04525666700431561079, -0.9492500919350161936, -0.8190064593001314952 ) ) ;
#2859 = CYLINDRICAL_SURFACE ( 'NONE', #719, 0.9499999999999999556 ) ;
#2860 = SURFACE_STYLE_USAGE ( .BOTH. , #46 ) ;
#2861 = CARTESIAN_POINT ( 'NONE',  ( -0.1990738700482596879, -0.9289395159185440676, 0.4919047374883663282 ) ) ;
#2862 = CARTESIAN_POINT ( 'NONE',  ( -0.1024038461538461092, 0.9444646379261106839, -0.6897435897435899577 ) ) ;
#2863 = CARTESIAN_POINT ( 'NONE',  ( 0.000000000000000000, 0.000000000000000000, -3.403937756669170867 ) ) ;
#2864 = ORIENTED_EDGE ( 'NONE', *, *, #2440, .F. ) ;
#2865 = FACE_BOUND ( 'NONE', #372, .T. ) ;
#2866 = EDGE_CURVE ( 'NONE', #3045, #1089, #1866, .T. ) ;
#2867 = EDGE_CURVE ( 'NONE', #2644, #1489, #1280, .T. ) ;
#2868 = CARTESIAN_POINT ( 'NONE',  ( -0.2368797715497569512, 0.9201009773178342455, 0.1694532545418101499 ) ) ;
#2869 = CLOSED_SHELL ( 'NONE', ( #1361, #1238, #52, #2674, #2849, #1994, #946, #288, #1950, #1040, #689, #2981, #1223, #1434, #1483, #1377, #2131, #932, #264, #2931, #903, #871, #1062, #2148 ) ) ;
#2870 = CARTESIAN_POINT ( 'NONE',  ( -0.1928502171982348079, 0.9302431711194455444, -0.07868948395547013808 ) ) ;
#2871 = VERTEX_POINT ( 'NONE', #3007 ) ;
#2872 = CARTESIAN_POINT ( 'NONE',  ( 0.07144285390863594487, 0.9474819771974002380, -0.6240506313621920764 ) ) ;
#2873 = LINE ( 'NONE', #34, #1111 ) ;
#2874 = MECHANICAL_DESIGN_GEOMETRIC_PRESENTATION_REPRESENTATION (  '', ( #1244 ), #2230 ) ;
#2875 = CARTESIAN_POINT ( 'NONE',  ( 0.000000000000000000, 0.000000000000000000, -1.749999999999999778 ) ) ;
#2876 = DIRECTION ( 'NONE',  ( -1.000000000000000000, 0.000000000000000000, 0.000000000000000000 ) ) ;
#2877 = CARTESIAN_POINT ( 'NONE',  ( -0.2029782022350863357, -0.9280962804973512670, -0.5818290147506799403 ) ) ;
#2878 = ORIENTED_EDGE ( 'NONE', *, *, #705, .T. ) ;
#2879 = CYLINDRICAL_SURFACE ( 'NONE', #860, 0.2999999999999999334 ) ;
#2880 = AXIS2_PLACEMENT_3D ( 'NONE', #1702, #2646, #86 ) ;
#2881 = DIRECTION ( 'NONE',  ( 0.000000000000000000, -1.000000000000000000, 0.000000000000000000 ) ) ;
#2882 = EDGE_CURVE ( 'NONE', #1250, #981, #2631, .T. ) ;
#2883 = AXIS2_PLACEMENT_3D ( 'NONE', #1442, #1614, #275 ) ;
#2884 = AXIS2_PLACEMENT_3D ( 'NONE', #659, #2307, #170 ) ;
#2885 = VERTEX_POINT ( 'NONE', #1630 ) ;
#2886 = CARTESIAN_POINT ( 'NONE',  ( -0.1005608974358973839, -0.9446626413206393735, -0.3102564102564104309 ) ) ;
#2887 = CIRCLE ( 'NONE', #1505, 0.9499999999999999556 ) ;
#2888 = CARTESIAN_POINT ( 'NONE',  ( -0.05069995392569597026, 0.9486461482934149814, -0.6859396472681169588 ) ) ;
#2889 = DIRECTION ( 'NONE',  ( -1.000000000000000000, 0.000000000000000000, 0.000000000000000000 ) ) ;
#2890 = ORIENTED_EDGE ( 'NONE', *, *, #2201, .T. ) ;
#2891 = STYLED_ITEM ( 'NONE', ( #1793 ), #2832 ) ;
#2892 = CARTESIAN_POINT ( 'NONE',  ( 0.02991965863730789224, -0.9495287325964228975, 0.06833422397848419594 ) ) ;
#2893 = DIRECTION ( 'NONE',  ( -1.000000000000000000, 0.000000000000000000, 0.000000000000000000 ) ) ;
#2894 = VERTEX_POINT ( 'NONE', #2548 ) ;
#2895 = CARTESIAN_POINT ( 'NONE',  ( -0.1800778856793910920, -0.9327820032075997414, -0.02823034329343943744 ) ) ;
#2896 = DIRECTION ( 'NONE',  ( -0.000000000000000000, -0.000000000000000000, 1.000000000000000000 ) ) ;
#2897 = VERTEX_POINT ( 'NONE', #966 ) ;
#2898 = ORIENTED_EDGE ( 'NONE', *, *, #388, .F. ) ;
#2899 = CARTESIAN_POINT ( 'NONE',  ( -0.1153846153846152522, 0.9429668024551788319, 0.05873397435897449725 ) ) ;
#2900 = EDGE_CURVE ( 'NONE', #1744, #405, #1170, .T. ) ;
#2901 = CARTESIAN_POINT ( 'NONE',  ( -0.01394504445260968603, 0.9498976448729834487, 0.008257099254543967884 ) ) ;
#2902 = CARTESIAN_POINT ( 'NONE',  ( 3.673940397442058882E-17, 0.2999999999999999889, 1.949999999999999956 ) ) ;
#2903 = CARTESIAN_POINT ( 'NONE',  ( -0.002564102564102377618, 0.9499965396663508921, 0.1666666666666667962 ) ) ;
#2904 = CARTESIAN_POINT ( 'NONE',  ( -0.04521585680755136477, -0.9489613549168781637, 0.1558692845188459075 ) ) ;
#2905 = ORIENTED_EDGE ( 'NONE', *, *, #615, .F. ) ;
#2906 = ADVANCED_FACE ( 'NONE', ( #1382 ), #2790, .T. ) ;
#2907 = EDGE_CURVE ( 'NONE', #2198, #1472, #1069, .T. ) ;
#2908 = CARTESIAN_POINT ( 'NONE',  ( 0.003906000321555685908, -0.9500058146161546313, 0.08864640379591519348 ) ) ;
#2909 = CARTESIAN_POINT ( 'NONE',  ( -0.1554234352781499184, 0.9387159739425156024, -0.6887573656363836783 ) ) ;
#2910 = ORIENTED_EDGE ( 'NONE', *, *, #2218, .F. ) ;
#2911 = CARTESIAN_POINT ( 'NONE',  ( -0.1188759357982090287, -0.9425330296006085851, 0.03569476153561082499 ) ) ;
#2912 = ORIENTED_EDGE ( 'NONE', *, *, #1355, .T. ) ;
#2913 = ORIENTED_EDGE ( 'NONE', *, *, #444, .F. ) ;
#2914 =( LENGTH_UNIT ( ) NAMED_UNIT ( * ) SI_UNIT ( .MILLI., .METRE. ) );
#2915 = CARTESIAN_POINT ( 'NONE',  ( -0.2655931264664696534, -0.9121668795926820561, 0.1482187423646514346 ) ) ;
#2916 = CARTESIAN_POINT ( 'NONE',  ( -0.3051282051282050989, 0.8996648144921751689, -0.4994391025641026771 ) ) ;
#2917 =( BOUNDED_CURVE ( )  B_SPLINE_CURVE ( 3, ( #2940, #551, #831, #2402 ),
 .UNSPECIFIED., .F., .T. ) 
 B_SPLINE_CURVE_WITH_KNOTS ( ( 4, 4 ),
 ( 4.693494468858800950, 4.768677133710864879 ),
 .UNSPECIFIED. ) 
 CURVE ( )  GEOMETRIC_REPRESENTATION_ITEM ( )  RATIONAL_B_SPLINE_CURVE ( ( 1.000000000000000000, 0.9995290193749488683, 0.9995290193749488683, 1.000000000000000000 ) ) 
 REPRESENTATION_ITEM ( '' )  );
#2918 = CARTESIAN_POINT ( 'NONE',  ( -0.1769230769230767664, 0.9333800002421688280, -0.002564102564102431828 ) ) ;
#2919 = CARTESIAN_POINT ( 'NONE',  ( 0.000000000000000000, -1.000000000000001110, -11.12999999999999901 ) ) ;
#2920 = DIRECTION ( 'NONE',  ( 1.000000000000000000, 0.000000000000000000, 0.000000000000000000 ) ) ;
#2921 = VERTEX_POINT ( 'NONE', #1898 ) ;
#2922 = MECHANICAL_DESIGN_GEOMETRIC_PRESENTATION_REPRESENTATION (  '', ( #1881 ), #1780 ) ;
#2923 = CARTESIAN_POINT ( 'NONE',  ( 0.05149333783665979714, -0.9486298207028680540, 0.1498763525780951178 ) ) ;
#2924 = CARTESIAN_POINT ( 'NONE',  ( 0.01641038434069588825, -0.9498657700355888078, 0.01901963532566008572 ) ) ;
#2925 = ORIENTED_EDGE ( 'NONE', *, *, #819, .F. ) ;
#2926 = EDGE_CURVE ( 'NONE', #2930, #25, #410, .T. ) ;
#2927 = CARTESIAN_POINT ( 'NONE',  ( -0.05897435897435880647, -0.9481677198595001022, 0.03541666666666680452 ) ) ;
#2928 = PRESENTATION_LAYER_ASSIGNMENT (  '', '', ( #1399 ) ) ;
#2929 = CARTESIAN_POINT ( 'NONE',  ( 0.09969823824548941504, 0.9447540745033841114, -0.9085500154272535545 ) ) ;
#2930 = VERTEX_POINT ( 'NONE', #6 ) ;
#2931 = ADVANCED_FACE ( 'NONE', ( #2594 ), #515, .F. ) ;
#2932 = ORIENTED_EDGE ( 'NONE', *, *, #1912, .T. ) ;
#2933 =( GEOMETRIC_REPRESENTATION_CONTEXT ( 3 ) GLOBAL_UNCERTAINTY_ASSIGNED_CONTEXT ( ( #1819 ) ) GLOBAL_UNIT_ASSIGNED_CONTEXT ( ( #338, #788, #1044 ) ) REPRESENTATION_CONTEXT ( 'NONE', 'WORKASPACE' ) );
#2934 = CARTESIAN_POINT ( 'NONE',  ( -0.3051282051282049879, -0.8996648144921751689, 0.04991987179487193671 ) ) ;
#2935 = CARTESIAN_POINT ( 'NONE',  ( -0.1195613159265121739, 0.9424475671673322452, 0.03315449722016010348 ) ) ;
#2936 = AXIS2_PLACEMENT_3D ( 'NONE', #1682, #2618, #2377 ) ;
#2937 = CARTESIAN_POINT ( 'NONE',  ( -0.2159406296443378837, 0.9251474411172666557, 0.009880727396232953305 ) ) ;
#2938 = CARTESIAN_POINT ( 'NONE',  ( -0.07651027949289172791, 0.9469140283742345510, -0.6888688874088734204 ) ) ;
#2939 =( GEOMETRIC_REPRESENTATION_CONTEXT ( 3 ) GLOBAL_UNCERTAINTY_ASSIGNED_CONTEXT ( ( #2337 ) ) GLOBAL_UNIT_ASSIGNED_CONTEXT ( ( #119, #1754, #812 ) ) REPRESENTATION_CONTEXT ( 'NONE', 'WORKASPACE' ) );
#2940 = CARTESIAN_POINT ( 'NONE',  ( 0.01794871794871810700, 0.9498304288261131267, 0.3463141025641027215 ) ) ;
#2941 = CARTESIAN_POINT ( 'NONE',  ( -0.004908138200918113134, -0.9499902129614259394, 0.1665813646958546335 ) ) ;
#2942 = EDGE_LOOP ( 'NONE', ( #2713, #1135 ) ) ;
#2943 = B_SPLINE_CURVE_WITH_KNOTS ( 'NONE', 3,
 ( #2473, #1286, #2009, #2150 ),
 .UNSPECIFIED., .F., .F.,
 ( 4, 4 ),
 ( 0.000000000000000000, 0.0001269240879305614253 ),
 .UNSPECIFIED. ) ;
#2944 = CARTESIAN_POINT ( 'NONE',  ( 0.03811474567412152792, 0.9500292069841104192, -0.6536834026646141105 ) ) ;
#2945 = CARTESIAN_POINT ( 'NONE',  ( 0.03311947324488007799, -0.9494225089452299482, 0.04796939765771730119 ) ) ;
#2946 = STYLED_ITEM ( 'NONE', ( #1400 ), #2541 ) ;
#2947 = EDGE_LOOP ( 'NONE', ( #2048, #2463, #3015, #1809, #701, #1978, #2342, #209, #497 ) ) ;
#2948 = EDGE_CURVE ( 'NONE', #1234, #1145, #1211, .T. ) ;
#2949 = SURFACE_SIDE_STYLE ('',( #2673 ) ) ;
#2950 =( NAMED_UNIT ( * ) PLANE_ANGLE_UNIT ( ) SI_UNIT ( $, .RADIAN. ) );
#2951 = VERTEX_POINT ( 'NONE', #349 ) ;
#2952 = ORIENTED_EDGE ( 'NONE', *, *, #2966, .T. ) ;
#2953 = CARTESIAN_POINT ( 'NONE',  ( 0.000000000000000000, -1.000000000000000888, -11.42999999999999972 ) ) ;
#2954 = DIRECTION ( 'NONE',  ( -0.000000000000000000, -0.000000000000000000, 1.000000000000000000 ) ) ;
#2955 = CARTESIAN_POINT ( 'NONE',  ( -0.04768225772674595381, 0.9502916597995622050, -0.3111604146409474581 ) ) ;
#2956 = SURFACE_SIDE_STYLE ('',( #1768 ) ) ;
#2957 = EDGE_LOOP ( 'NONE', ( #992, #835, #2707, #685 ) ) ;
#2958 = CARTESIAN_POINT ( 'NONE',  ( -0.1038461538461538519, 0.9443071408876250183, -0.7410256410256407245 ) ) ;
#2959 = DIRECTION ( 'NONE',  ( -0.000000000000000000, 1.000000000000000000, 8.081377458435701493E-16 ) ) ;
#2960 = ORIENTED_EDGE ( 'NONE', *, *, #1416, .F. ) ;
#2961 = CARTESIAN_POINT ( 'NONE',  ( 0.05197414015032673223, -0.9487834462476831821, -0.05340812821141488476 ) ) ;
#2962 = ORIENTED_EDGE ( 'NONE', *, *, #444, .T. ) ;
#2963 = ORIENTED_EDGE ( 'NONE', *, *, #817, .F. ) ;
#2964 = CARTESIAN_POINT ( 'NONE',  ( -0.2982954705432983578, -0.9019533315273866592, -0.8874187469770475900 ) ) ;
#2965 = EDGE_CURVE ( 'NONE', #350, #1739, #2943, .T. ) ;
#2966 = EDGE_CURVE ( 'NONE', #2655, #2678, #2601, .T. ) ;
#2967 = CARTESIAN_POINT ( 'NONE',  ( -0.2321947816075133342, -0.9211907618763395256, 0.3291661444341540399 ) ) ;
#2968 = CARTESIAN_POINT ( 'NONE',  ( 0.1015452084168821795, -0.9445573411114719375, -0.5436060991039657342 ) ) ;
#2969 = CARTESIAN_POINT ( 'NONE',  ( -0.2787114142533228534, -0.9081959852171050951, 0.4421629325763061780 ) ) ;
#2970 = ORIENTED_EDGE ( 'NONE', *, *, #253, .T. ) ;
#2971 = CARTESIAN_POINT ( 'NONE',  ( -0.09105434515861456080, 0.9456263036886495277, 0.4742665415399142659 ) ) ;
#2972 = CARTESIAN_POINT ( 'NONE',  ( 0.02948717948717948303, -0.9495422614322601707, -0.8898237179487176185 ) ) ;
#2973 =( NAMED_UNIT ( * ) SI_UNIT ( $, .STERADIAN. ) SOLID_ANGLE_UNIT ( ) );
#2974 = CARTESIAN_POINT ( 'NONE',  ( -0.1325229755539426846, -0.9413279863120442847, -0.3876317357383176065 ) ) ;
#2975 = ORIENTED_EDGE ( 'NONE', *, *, #466, .F. ) ;
#2976 = CARTESIAN_POINT ( 'NONE',  ( 0.009876630181056974059, 0.9499486576528736181, 0.08649273278972487156 ) ) ;
#2977 = SURFACE_SIDE_STYLE ('',( #2515 ) ) ;
#2978 = STYLED_ITEM ( 'NONE', ( #453 ), #288 ) ;
#2979 = ORIENTED_EDGE ( 'NONE', *, *, #483, .T. ) ;
#2980 = CARTESIAN_POINT ( 'NONE',  ( -0.2383368900897178955, 0.9196170634586779968, 0.05737840069985747360 ) ) ;
#2981 = ADVANCED_FACE ( 'NONE', ( #2424, #1075 ), #1968, .T. ) ;
#2982 = CARTESIAN_POINT ( 'NONE',  ( 0.01523456762392360817, 0.9498778384348259829, -0.5698688500152225833 ) ) ;
#2983 = EDGE_LOOP ( 'NONE', ( #2531, #2390, #1937, #2975, #62, #2344 ) ) ;
#2984 = CARTESIAN_POINT ( 'NONE',  ( 0.09705720894460546921, -0.9450306132292473071, 0.08360363839742028513 ) ) ;
#2985 = STYLED_ITEM ( 'NONE', ( #435 ), #1994 ) ;
#2986 = CARTESIAN_POINT ( 'NONE',  ( 0.03330115466611967973, -0.9494161543467891651, -0.9535595465993466080 ) ) ;
#2987 = CARTESIAN_POINT ( 'NONE',  ( -0.05298359637202434969, -0.9514127586502081346, 0.2537809511047254274 ) ) ;
#2988 = DIRECTION ( 'NONE',  ( 1.000000000000000000, 0.000000000000000000, 0.000000000000000000 ) ) ;
#2989 =( GEOMETRIC_REPRESENTATION_CONTEXT ( 3 ) GLOBAL_UNCERTAINTY_ASSIGNED_CONTEXT ( ( #1049 ) ) GLOBAL_UNIT_ASSIGNED_CONTEXT ( ( #1670, #2635, #1466 ) ) REPRESENTATION_CONTEXT ( 'NONE', 'WORKASPACE' ) );
#2990 = CARTESIAN_POINT ( 'NONE',  ( -0.2379789000586618186, -0.9197098954183818842, -0.4823585163302920864 ) ) ;
#2991 = ORIENTED_EDGE ( 'NONE', *, *, #408, .F. ) ;
#2992 = VERTEX_POINT ( 'NONE', #2706 ) ;
#2993 = CARTESIAN_POINT ( 'NONE',  ( -0.1295962115287310201, 0.9411243002155854631, 0.2608596012998679603 ) ) ;
#2994 = DIRECTION ( 'NONE',  ( 0.000000000000000000, -7.228014483236697541E-16, 1.000000000000000000 ) ) ;
#2995 = CARTESIAN_POINT ( 'NONE',  ( -0.2347283588889068628, -0.9205447286974615118, 0.3356044760355877399 ) ) ;
#2996 = CARTESIAN_POINT ( 'NONE',  ( -0.2354692008859030905, -0.9203555049184223291, 0.03422129610391082960 ) ) ;
#2997 = CARTESIAN_POINT ( 'NONE',  ( -0.2288587216626093990, 0.9220339609848673401, 0.3912075454084922299 ) ) ;
#2998 = DIRECTION ( 'NONE',  ( 1.000000000000000000, 0.000000000000000000, 0.000000000000000000 ) ) ;
#2999 = EDGE_CURVE ( 'NONE', #2332, #1769, #1970, .T. ) ;
#3000 = DIRECTION ( 'NONE',  ( 1.000000000000000000, 0.000000000000000000, 0.000000000000000000 ) ) ;
#3001 = CARTESIAN_POINT ( 'NONE',  ( -0.1238008051072315013, -0.9418988059525295053, 0.3169046444811217667 ) ) ;
#3002 = SURFACE_STYLE_FILL_AREA ( #2059 ) ;
#3003 = ORIENTED_EDGE ( 'NONE', *, *, #2670, .T. ) ;
#3004 = EDGE_CURVE ( 'NONE', #564, #156, #509, .T. ) ;
#3005 = CARTESIAN_POINT ( 'NONE',  ( -0.2891626050058082043, 0.9049259927158553873, -0.8456262378030163784 ) ) ;
#3006 = UNCERTAINTY_MEASURE_WITH_UNIT (LENGTH_MEASURE( 1.000000000000000082E-05 ), #636, 'distance_accuracy_value', 'NONE');
#3007 = CARTESIAN_POINT ( 'NONE',  ( -0.2915064102564102755, 0.9041703450011073784, -0.8522435897435893803 ) ) ;
#3008 = ORIENTED_EDGE ( 'NONE', *, *, #2126, .T. ) ;
#3009 = CARTESIAN_POINT ( 'NONE',  ( -0.1205181409974163953, 0.9423244545753605150, 0.3206867581755125096 ) ) ;
#3010 = SURFACE_STYLE_FILL_AREA ( #2065 ) ;
#3011 = CARTESIAN_POINT ( 'NONE',  ( 0.7500000000000000000, 1.040949779275250140E-16, 1.949999999999999956 ) ) ;
#3012 = CARTESIAN_POINT ( 'NONE',  ( -0.1889423076923077149, -0.9310213769639800185, -0.7532051282051278607 ) ) ;
#3013 = CARTESIAN_POINT ( 'NONE',  ( 0.09909088650340272530, -0.9448211944736544243, -0.5577291347147876888 ) ) ;
#3014 = CARTESIAN_POINT ( 'NONE',  ( -0.2384615384615384193, 0.9195847403445515100, -0.4995993589743591423 ) ) ;
#3015 = ORIENTED_EDGE ( 'NONE', *, *, #1927, .F. ) ;
#3016 = CARTESIAN_POINT ( 'NONE',  ( -0.9499999999999999556, 0.000000000000000000, 1.149999999999999911 ) ) ;
#3017 = CARTESIAN_POINT ( 'NONE',  ( 0.09999999999999999167, -0.9447221813845592120, -3.403937756669170867 ) ) ;
#3018 = CARTESIAN_POINT ( 'NONE',  ( 0.09806330266152527009, -0.9449253467494451719, -0.8832329212920425610 ) ) ;
#3019 = PRODUCT_RELATED_PRODUCT_CATEGORY ( 'part', '', ( #2558 ) ) ;
#3020 = CARTESIAN_POINT ( 'NONE',  ( -0.1681089743589742058, 0.9350076859256152284, 0.4948717948717950565 ) ) ;
#3021 = EDGE_CURVE ( 'NONE', #217, #944, #1564, .T. ) ;
#3022 = CARTESIAN_POINT ( 'NONE',  ( 0.03333333333333334675, 0.9494150245750743178, -3.403937756669170867 ) ) ;
#3023 = MANIFOLD_SOLID_BREP ( 'DividingLine2', #2869 ) ;
#3024 = CARTESIAN_POINT ( 'NONE',  ( -0.1118473067993798892, 0.9433967261296104523, 0.3328811416898828646 ) ) ;
#3025 = ORIENTED_EDGE ( 'NONE', *, *, #2056, .F. ) ;
#3026 = COLOUR_RGB ( '',0.8313725490196077761, 0.8313725490196077761, 0.8196078431372548767 ) ;
#3027 = CARTESIAN_POINT ( 'NONE',  ( -0.03007136364597239389, 0.9495849865159305958, -0.6024976185880827062 ) ) ;
#3028 = ORIENTED_EDGE ( 'NONE', *, *, #47, .T. ) ;
#3029 = CARTESIAN_POINT ( 'NONE',  ( -0.2225592425166852961, 0.9239793694749085518, -0.5670964756677000507 ) ) ;
#3030 = ORIENTED_EDGE ( 'NONE', *, *, #1222, .T. ) ;
#3031 = CARTESIAN_POINT ( 'NONE',  ( -0.2333333333333333648, -0.9208993189027536719, -3.403937756669170867 ) ) ;
#3032 = CARTESIAN_POINT ( 'NONE',  ( -0.1962644937144213397, 0.9295574445336802771, -0.4121220095344585999 ) ) ;
#3033 = CARTESIAN_POINT ( 'NONE',  ( -0.1001602564102564014, -0.9447052043022901024, -0.8179487179487175963 ) ) ;
#3034 = CARTESIAN_POINT ( 'NONE',  ( -0.2596153846153846922, 0.9138379791139159547, -0.7958333333333331705 ) ) ;
#3035 = PRESENTATION_LAYER_ASSIGNMENT (  '', '', ( #1002 ) ) ;
#3036 = MECHANICAL_DESIGN_GEOMETRIC_PRESENTATION_REPRESENTATION (  '', ( #2946 ), #2483 ) ;
#3037 = VECTOR ( 'NONE', #1551, 1000.000000000000000 ) ;
#3038 = CARTESIAN_POINT ( 'NONE',  ( -3.673940397442058882E-17, -1.000000000000000666, -11.72999999999999865 ) ) ;
#3039 = UNCERTAINTY_MEASURE_WITH_UNIT (LENGTH_MEASURE( 1.000000000000000082E-05 ), #2914, 'distance_accuracy_value', 'NONE');
#3040 = ORIENTED_EDGE ( 'NONE', *, *, #799, .F. ) ;
#3041 = EDGE_CURVE ( 'NONE', #712, #1278, #1005, .T. ) ;
#3042 =( GEOMETRIC_REPRESENTATION_CONTEXT ( 3 ) GLOBAL_UNCERTAINTY_ASSIGNED_CONTEXT ( ( #455 ) ) GLOBAL_UNIT_ASSIGNED_CONTEXT ( ( #962, #987, #1920 ) ) REPRESENTATION_CONTEXT ( 'NONE', 'WORKASPACE' ) );
#3043 = CARTESIAN_POINT ( 'NONE',  ( -0.1250839369903757325, 0.9417405142535603124, 0.3151333511817623889 ) ) ;
#3044 = PRESENTATION_LAYER_ASSIGNMENT (  '', '', ( #1122 ) ) ;
#3045 = VERTEX_POINT ( 'NONE', #2103 ) ;
#3046 = SURFACE_STYLE_USAGE ( .BOTH. , #10 ) ;
#3047 = APPLICATION_CONTEXT ( 'automotive_design' ) ;
#3048 = CARTESIAN_POINT ( 'NONE',  ( -0.1266221642730973040, -0.9418996397043853941, -0.8181882188731995909 ) ) ;
ENDSEC;
END-ISO-10303-21;
