ISO-10303-21;
HEADER;
FILE_DESCRIPTION (( 'STEP AP214' ),
    '1' );
FILE_NAME ('DO-35_3.90x1.90x0.60x20.32.STEP',
    '2026-02-17T20:39:20',
    ( '' ),
    ( '' ),
    'SwSTEP 2.0',
    'SolidWorks 2026',
    '' );
FILE_SCHEMA (( 'AUTOMOTIVE_DESIGN' ));
ENDSEC;

DATA;
#1 = FACE_OUTER_BOUND ( 'NONE', #2438, .T. ) ;
#2 = CARTESIAN_POINT ( 'NONE',  ( -0.04182489325311606471, 0.9491264275744508705, 0.1578733847621517639 ) ) ;
#3 = CARTESIAN_POINT ( 'NONE',  ( -0.2824821921173261141, 0.9070847638995417350, -0.6016781872742315018 ) ) ;
#4 = PRODUCT_DEFINITION_CONTEXT ( 'detailed design', #2226, 'design' ) ;
#5 = ORIENTED_EDGE ( 'NONE', *, *, #1606, .T. ) ;
#6 = CARTESIAN_POINT ( 'NONE',  ( 0.1015751955521499439, 0.9445541168448435831, -0.5434330032652522346 ) ) ;
#7 = EDGE_CURVE ( 'NONE', #1511, #42, #175, .T. ) ;
#8 = ORIENTED_EDGE ( 'NONE', *, *, #64, .T. ) ;
#9 = CARTESIAN_POINT ( 'NONE',  ( -0.1171043020468068574, -0.9427547838341255870, 0.04330269940325653932 ) ) ;
#10 = ORIENTED_EDGE ( 'NONE', *, *, #2146, .T. ) ;
#11 = DIRECTION ( 'NONE',  ( 0.000000000000000000, -1.000000000000000000, 0.000000000000000000 ) ) ;
#12 = VERTEX_POINT ( 'NONE', #918 ) ;
#13 = LINE ( 'NONE', #987, #1420 ) ;
#14 = FILL_AREA_STYLE_COLOUR ( '', #651 ) ;
#15 = VERTEX_POINT ( 'NONE', #1242 ) ;
#16 = CARTESIAN_POINT ( 'NONE',  ( -0.01794871794871778087, 0.9498304288261129047, 0.007692307692307823706 ) ) ;
#17 = FILL_AREA_STYLE_COLOUR ( '', #2410 ) ;
#18 = LINE ( 'NONE', #976, #1586 ) ;
#19 = VECTOR ( 'NONE', #2945, 1000.000000000000000 ) ;
#20 = VERTEX_POINT ( 'NONE', #1009 ) ;
#21 = AXIS2_PLACEMENT_3D ( 'NONE', #2736, #2968, #1120 ) ;
#22 = CARTESIAN_POINT ( 'NONE',  ( -0.1173892915016147842, 0.9427694479843630182, 0.1617165647609508095 ) ) ;
#23 = CARTESIAN_POINT ( 'NONE',  ( -0.2323075785654768188, 0.9211586122597875681, -0.4613075434294456323 ) ) ;
#24 = VERTEX_POINT ( 'NONE', #476 ) ;
#25 = EDGE_CURVE ( 'NONE', #1678, #2780, #2093, .T. ) ;
#26 = CARTESIAN_POINT ( 'NONE',  ( -0.05897435897435880647, 0.9481677198595001022, 0.03541666666666680452 ) ) ;
#27 = FILL_AREA_STYLE ('',( #1403 ) ) ;
#28 = ORIENTED_EDGE ( 'NONE', *, *, #218, .T. ) ;
#29 = FACE_OUTER_BOUND ( 'NONE', #2428, .T. ) ;
#30 = CARTESIAN_POINT ( 'NONE',  ( -0.1923076923076922073, -0.9303320651677496889, -0.1051282051282051294 ) ) ;
#31 = CARTESIAN_POINT ( 'NONE',  ( -0.2670321129425358708, -0.9117048405067994521, -0.8041795794315594881 ) ) ;
#32 = DIRECTION ( 'NONE',  ( -0.000000000000000000, -0.000000000000000000, -1.000000000000000000 ) ) ;
#33 = CIRCLE ( 'NONE', #2024, 0.2999999999999999889 ) ;
#34 = CARTESIAN_POINT ( 'NONE',  ( -0.1904803109080925316, -0.9307946379909830537, -0.8321186177063195633 ) ) ;
#35 = ORIENTED_EDGE ( 'NONE', *, *, #2359, .T. ) ;
#36 = DIRECTION ( 'NONE',  ( -0.000000000000000000, -0.000000000000000000, -1.000000000000000000 ) ) ;
#37 = CARTESIAN_POINT ( 'NONE',  ( -0.2754475571998665773, 0.9091912027888214842, -0.03517998967343354683 ) ) ;
#38 = FACE_BOUND ( 'NONE', #2050, .T. ) ;
#39 = ORIENTED_EDGE ( 'NONE', *, *, #2140, .T. ) ;
#40 = B_SPLINE_CURVE_WITH_KNOTS ( 'NONE', 3,
 ( #361, #2186, #1286, #1965, #144, #2399, #990, #2876, #2636, #794 ),
 .UNSPECIFIED., .F., .F.,
 ( 4, 3, 3, 4 ),
 ( 0.000000000000000000, 2.467013507584419940E-05, 6.535927163824821300E-05, 9.851021129836352126E-05 ),
 .UNSPECIFIED. ) ;
#41 = CARTESIAN_POINT ( 'NONE',  ( -0.1005608974358973839, 0.9446626413206393735, -0.3102564102564104309 ) ) ;
#42 = VERTEX_POINT ( 'NONE', #2223 ) ;
#43 = FILL_AREA_STYLE ('',( #1854 ) ) ;
#44 = SURFACE_STYLE_USAGE ( .BOTH. , #735 ) ;
#45 = VERTEX_POINT ( 'NONE', #1085 ) ;
#46 = CARTESIAN_POINT ( 'NONE',  ( -0.2544990948435542633, 0.9152914835285668183, -0.7908165446335949644 ) ) ;
#47 = CARTESIAN_POINT ( 'NONE',  ( -0.1266221642730973040, -0.9418996397043853941, -0.8181882188731995909 ) ) ;
#48 = B_SPLINE_CURVE_WITH_KNOTS ( 'NONE', 3,
 ( #1610, #1844, #214, #2800, #2366, #2546, #923, #710, #2297, #1640 ),
 .UNSPECIFIED., .F., .F.,
 ( 4, 3, 3, 4 ),
 ( 0.000000000000000000, 2.219564421527880230E-05, 4.439612486369882093E-05, 6.584227483802303780E-05 ),
 .UNSPECIFIED. ) ;
#49 = ADVANCED_FACE ( 'NONE', ( #2744, #1068, #2459, #1997, #1786, #2993 ), #865, .T. ) ;
#50 = VERTEX_POINT ( 'NONE', #2712 ) ;
#51 = CARTESIAN_POINT ( 'NONE',  ( -0.2333333333333333648, 0.9208993189027536719, -0.9341346153846150635 ) ) ;
#52 = CARTESIAN_POINT ( 'NONE',  ( -0.1588311329922330595, 0.9366945973073868004, 0.4177747284811986761 ) ) ;
#53 = CARTESIAN_POINT ( 'NONE',  ( 0.06402243589743610019, -0.9478402437656668900, 0.1392628205128206564 ) ) ;
#54 = EDGE_LOOP ( 'NONE', ( #1596, #1726, #2998, #2234 ) ) ;
#55 = CARTESIAN_POINT ( 'NONE',  ( -0.2089040030302174167, -0.9267465227978629594, 0.3054023195125559198 ) ) ;
#56 = CARTESIAN_POINT ( 'NONE',  ( -0.3044612162390194499, -0.8998910288770431976, -0.4728438483119893898 ) ) ;
#57 = ORIENTED_EDGE ( 'NONE', *, *, #506, .F. ) ;
#58 = DIRECTION ( 'NONE',  ( 0.000000000000000000, 0.000000000000000000, 1.000000000000000000 ) ) ;
#59 = CARTESIAN_POINT ( 'NONE',  ( 0.000000000000000000, 0.000000000000000000, 1.949999999999999956 ) ) ;
#60 = VERTEX_POINT ( 'NONE', #2191 ) ;
#61 = CARTESIAN_POINT ( 'NONE',  ( -0.2881148253999551434, 0.9052922696422233129, 0.2886858453860648432 ) ) ;
#62 = CARTESIAN_POINT ( 'NONE',  ( -0.7500000000000000000, 9.184850993605149670E-17, -1.749999999999999778 ) ) ;
#63 = CARTESIAN_POINT ( 'NONE',  ( 0.1000000000000001582, -0.9447221813845592120, 0.05096153846153859968 ) ) ;
#64 = EDGE_CURVE ( 'NONE', #2618, #2152, #1215, .T. ) ;
#65 = CARTESIAN_POINT ( 'NONE',  ( -0.2150932934642189875, -0.9254602942837123480, 0.1781503303016551409 ) ) ;
#66 = ORIENTED_EDGE ( 'NONE', *, *, #2714, .F. ) ;
#67 = EDGE_CURVE ( 'NONE', #2086, #1678, #565, .T. ) ;
#68 = AXIS2_PLACEMENT_3D ( 'NONE', #1907, #529, #1920 ) ;
#69 = CARTESIAN_POINT ( 'NONE',  ( -0.3044509219214722173, 0.8998955699039973277, 0.06739994820572500767 ) ) ;
#70 = ORIENTED_EDGE ( 'NONE', *, *, #731, .T. ) ;
#71 = CARTESIAN_POINT ( 'NONE',  ( -0.02821605581098046711, -0.9496191029357596847, 0.1634148891641145906 ) ) ;
#72 = AXIS2_PLACEMENT_3D ( 'NONE', #1448, #574, #302 ) ;
#73 = ORIENTED_EDGE ( 'NONE', *, *, #506, .T. ) ;
#74 = DIRECTION ( 'NONE',  ( -0.000000000000000000, -0.000000000000000000, -1.000000000000000000 ) ) ;
#75 = AXIS2_PLACEMENT_3D ( 'NONE', #1343, #1075, #1570 ) ;
#76 = CARTESIAN_POINT ( 'NONE',  ( 0.003906000321555685908, -0.9500058146161546313, 0.08864640379591519348 ) ) ;
#77 = CARTESIAN_POINT ( 'NONE',  ( 0.01077282154232915221, -0.9500337900921201895, -0.4220989562966328545 ) ) ;
#78 = CIRCLE ( 'NONE', #986, 0.2999999999999999889 ) ;
#79 = ORIENTED_EDGE ( 'NONE', *, *, #1643, .F. ) ;
#80 = CARTESIAN_POINT ( 'NONE',  ( -0.2291910612173559403, 0.9220383931199487293, 0.2387378344798268270 ) ) ;
#81 = CARTESIAN_POINT ( 'NONE',  ( -0.1681089743589742058, -0.9350076859256152284, 0.4948717948717950565 ) ) ;
#82 = DIRECTION ( 'NONE',  ( -0.000000000000000000, -0.000000000000000000, -1.000000000000000000 ) ) ;
#83 = B_SPLINE_CURVE_WITH_KNOTS ( 'NONE', 3,
 ( #585, #2903, #1233, #1261, #747, #1516, #1977, #1745, #2168, #2464, #90, #355, #1679, #1709, #1001, #2630 ),
 .UNSPECIFIED., .F., .F.,
 ( 4, 3, 3, 3, 3, 4 ),
 ( 0.000000000000000000, 3.067886841817892712E-05, 4.954775702954550113E-05, 6.845796466060569390E-05, 8.788347523646239119E-05, 0.0001052090546205378037 ),
 .UNSPECIFIED. ) ;
#84 = EDGE_CURVE ( 'NONE', #2344, #1408, #2848, .T. ) ;
#85 = CARTESIAN_POINT ( 'NONE',  ( -0.1556285535985997837, -0.9372896407235734584, -0.6067766727471476385 ) ) ;
#86 = CARTESIAN_POINT ( 'NONE',  ( -0.3044595232431410170, -0.8998916030695524038, -0.5261044404462301705 ) ) ;
#87 = ORIENTED_EDGE ( 'NONE', *, *, #450, .T. ) ;
#88 = EDGE_CURVE ( 'NONE', #1967, #2169, #1764, .T. ) ;
#89 = EDGE_LOOP ( 'NONE', ( #671, #769, #780, #285, #2553, #1576, #2593, #1369, #2295, #1710, #655, #774, #2132, #2183, #99, #2884, #2470 ) ) ;
#90 = CARTESIAN_POINT ( 'NONE',  ( -0.2320488923795618053, -0.9212309343061761968, 0.3855652612085695430 ) ) ;
#91 = ORIENTED_EDGE ( 'NONE', *, *, #378, .T. ) ;
#92 = FILL_AREA_STYLE_COLOUR ( '', #313 ) ;
#93 =( NAMED_UNIT ( * ) PLANE_ANGLE_UNIT ( ) SI_UNIT ( $, .RADIAN. ) );
#94 = CARTESIAN_POINT ( 'NONE',  ( -0.1358974358974357755, 0.9402296990185441405, 0.3056089743589746055 ) ) ;
#95 = CARTESIAN_POINT ( 'NONE',  ( -0.2332654236375287515, -0.9209165255564696340, -0.9255717095488501522 ) ) ;
#96 = DIRECTION ( 'NONE',  ( 1.224646799147353207E-16, 1.000000000000000000, -0.000000000000000000 ) ) ;
#97 = CARTESIAN_POINT ( 'NONE',  ( -0.3043442482578652686, 0.8999323979894904291, 0.3789578045041059329 ) ) ;
#98 = DIRECTION ( 'NONE',  ( -0.000000000000000000, -0.000000000000000000, -1.000000000000000000 ) ) ;
#99 = ORIENTED_EDGE ( 'NONE', *, *, #1547, .F. ) ;
#100 = CARTESIAN_POINT ( 'NONE',  ( -0.1038461538461538519, -0.9443071408876250183, -0.7410256410256407245 ) ) ;
#101 = CARTESIAN_POINT ( 'NONE',  ( -0.1256410256410255277, 0.9416551028247397426, -3.403937756669170867 ) ) ;
#102 = EDGE_LOOP ( 'NONE', ( #2326, #1722, #1959, #2981 ) ) ;
#103 = SURFACE_STYLE_USAGE ( .BOTH. , #2181 ) ;
#104 = EDGE_CURVE ( 'NONE', #435, #2248, #1617, .T. ) ;
#105 = ORIENTED_EDGE ( 'NONE', *, *, #980, .T. ) ;
#106 = LINE ( 'NONE', #2921, #2615 ) ;
#107 = CARTESIAN_POINT ( 'NONE',  ( 0.01794871794871810700, -0.9498304288261129047, -3.403937756669170867 ) ) ;
#108 = FILL_AREA_STYLE ('',( #2691 ) ) ;
#109 = CARTESIAN_POINT ( 'NONE',  ( 0.02784873393192104779, 0.9495939527204487751, 0.03101202695558729142 ) ) ;
#110 = UNCERTAINTY_MEASURE_WITH_UNIT (LENGTH_MEASURE( 1.000000000000000082E-05 ), #496, 'distance_accuracy_value', 'NONE');
#111 = VERTEX_POINT ( 'NONE', #1833 ) ;
#112 = CARTESIAN_POINT ( 'NONE',  ( -0.2634811837731976247, 0.9127927937421426163, 0.2598256870449964784 ) ) ;
#113 = CARTESIAN_POINT ( 'NONE',  ( -0.09975961538461532163, 0.9447475954657486019, -0.6128205128205129748 ) ) ;
#114 = CARTESIAN_POINT ( 'NONE',  ( -0.2202013202674334424, 0.9241570721719382098, 0.4855497812139492053 ) ) ;
#115 = CARTESIAN_POINT ( 'NONE',  ( -0.2536858974358973118, 0.9155017561109008994, 0.4665064102564104309 ) ) ;
#116 =( BOUNDED_CURVE ( )  B_SPLINE_CURVE ( 3, ( #1799, #1124, #2071, #1845 ),
 .UNSPECIFIED., .F., .F. ) 
 B_SPLINE_CURVE_WITH_KNOTS ( ( 4, 4 ),
 ( 1.437303028585709130, 1.670828116246834361 ),
 .UNSPECIFIED. ) 
 CURVE ( )  GEOMETRIC_REPRESENTATION_ITEM ( )  RATIONAL_B_SPLINE_CURVE ( ( 1.000000000000000000, 0.9954606635539994253, 0.9954606635539994253, 1.000000000000000000 ) ) 
 REPRESENTATION_ITEM ( '' )  );
#117 = ORIENTED_EDGE ( 'NONE', *, *, #2106, .T. ) ;
#118 = CARTESIAN_POINT ( 'NONE',  ( 0.09238782051282053154, 0.9454969543160309797, -0.8519230769230765610 ) ) ;
#119 = AXIS2_PLACEMENT_3D ( 'NONE', #1739, #1509, #133 ) ;
#120 = CARTESIAN_POINT ( 'NONE',  ( -0.2225592425166852961, 0.9239793694749085518, -0.5670964756677000507 ) ) ;
#121 = ORIENTED_EDGE ( 'NONE', *, *, #167, .T. ) ;
#122 = EDGE_CURVE ( 'NONE', #1469, #2509, #1746, .T. ) ;
#123 = DIRECTION ( 'NONE',  ( -1.000000000000000000, 0.000000000000000000, 0.000000000000000000 ) ) ;
#124 = MECHANICAL_DESIGN_GEOMETRIC_PRESENTATION_REPRESENTATION (  '', ( #265 ), #1125 ) ;
#125 = CARTESIAN_POINT ( 'NONE',  ( -0.1051282051282049629, -0.9441652718070718819, 0.3616185897435899022 ) ) ;
#126 = ORIENTED_EDGE ( 'NONE', *, *, #1512, .T. ) ;
#127 = PRESENTATION_LAYER_ASSIGNMENT (  '', '', ( #1772 ) ) ;
#128 = CARTESIAN_POINT ( 'NONE',  ( -0.1264423076923075207, -0.9415478441510257701, 0.2384615384615386413 ) ) ;
#129 = CARTESIAN_POINT ( 'NONE',  ( -0.1359441758723556881, 0.9402337319427157558, 0.09534942899111700787 ) ) ;
#130 = CARTESIAN_POINT ( 'NONE',  ( -0.02545600811425645718, 0.9496588817311649722, -0.6805607340148487339 ) ) ;
#131 = AXIS2_PLACEMENT_3D ( 'NONE', #535, #1499, #2413 ) ;
#132 = CARTESIAN_POINT ( 'NONE',  ( -0.2107089365508119094, -0.9263378131398523063, -0.5734282567918397300 ) ) ;
#133 = DIRECTION ( 'NONE',  ( 1.000000000000000000, 0.000000000000000000, 0.000000000000000000 ) ) ;
#134 = CARTESIAN_POINT ( 'NONE',  ( -0.2596153846153846922, -0.9138379791139159547, -0.7958333333333331705 ) ) ;
#135 = TOROIDAL_SURFACE ( 'NONE', #1338, 1.000000000000000222, 0.2999999999999999889 ) ;
#136 = DIRECTION ( 'NONE',  ( 0.000000000000000000, -1.000000000000000000, -5.599838911056187026E-16 ) ) ;
#137 = DIRECTION ( 'NONE',  ( -1.000000000000000000, 0.000000000000000000, 0.000000000000000000 ) ) ;
#138 = VERTEX_POINT ( 'NONE', #247 ) ;
#139 = ORIENTED_EDGE ( 'NONE', *, *, #2714, .T. ) ;
#140 = CARTESIAN_POINT ( 'NONE',  ( -0.1051282051282049629, 0.9441652718070718819, 0.3616185897435899022 ) ) ;
#141 = MANIFOLD_SOLID_BREP ( 'MirrorReflection1', #2010 ) ;
#142 = APPLICATION_CONTEXT ( 'automotive_design' ) ;
#143 = DIRECTION ( 'NONE',  ( -0.000000000000000000, -0.000000000000000000, -1.000000000000000000 ) ) ;
#144 = CARTESIAN_POINT ( 'NONE',  ( 0.09577205392775178794, 0.9451628695676023151, 0.08877998671695137844 ) ) ;
#145 = EDGE_LOOP ( 'NONE', ( #2157, #765, #947, #66, #855, #1375 ) ) ;
#146 = CARTESIAN_POINT ( 'NONE',  ( 0.000000000000000000, -1.000000000000000888, -9.160000000000001918 ) ) ;
#147 = CARTESIAN_POINT ( 'NONE',  ( -0.1001602564102564014, -0.9447052043022901024, -0.8179487179487175963 ) ) ;
#148 = CARTESIAN_POINT ( 'NONE',  ( 0.000000000000000000, -1.000000000000000888, -9.160000000000001918 ) ) ;
#149 = EDGE_CURVE ( 'NONE', #969, #1979, #2353, .T. ) ;
#150 = CARTESIAN_POINT ( 'NONE',  ( -0.3000000000000000444, 0.9013878188659973922, -0.9233173076923076872 ) ) ;
#151 = CARTESIAN_POINT ( 'NONE',  ( -0.1769230769230767664, -0.9333800002421688280, 0.2948717948717950454 ) ) ;
#152 = CARTESIAN_POINT ( 'NONE',  ( 0.000000000000000000, 0.000000000000000000, -3.403937756669170867 ) ) ;
#153 =( NAMED_UNIT ( * ) PLANE_ANGLE_UNIT ( ) SI_UNIT ( $, .RADIAN. ) );
#154 = ORIENTED_EDGE ( 'NONE', *, *, #2488, .F. ) ;
#155 = CARTESIAN_POINT ( 'NONE',  ( -0.04510673869506134220, -0.9489320559441903891, 0.3458397582380966506 ) ) ;
#156 = B_SPLINE_CURVE_WITH_KNOTS ( 'NONE', 3,
 ( #1721, #1026, #1757, #1990, #1010, #1527, #2933, #352, #2475, #2913, #1998, #1273, #2443, #815, #2726, #1740 ),
 .UNSPECIFIED., .F., .F.,
 ( 4, 3, 3, 3, 3, 4 ),
 ( 0.000000000000000000, 3.590341506974018687E-05, 5.367101196722252302E-05, 7.155139779937833748E-05, 8.836574061105877988E-05, 9.082442232213154012E-05 ),
 .UNSPECIFIED. ) ;
#157 = CARTESIAN_POINT ( 'NONE',  ( -0.2294871794871795323, 0.9218653016851318105, -0.8829326923076920020 ) ) ;
#158 = VERTEX_POINT ( 'NONE', #1952 ) ;
#159 = CARTESIAN_POINT ( 'NONE',  ( -0.1769230769230767664, -0.9333800002421688280, 0.2948717948717950454 ) ) ;
#160 =( NAMED_UNIT ( * ) PLANE_ANGLE_UNIT ( ) SI_UNIT ( $, .RADIAN. ) );
#161 = CARTESIAN_POINT ( 'NONE',  ( -0.2998520010606953168, -0.9014371047872484777, -0.9113330173306267712 ) ) ;
#162 =( NAMED_UNIT ( * ) PLANE_ANGLE_UNIT ( ) SI_UNIT ( $, .RADIAN. ) );
#163 = B_SPLINE_CURVE_WITH_KNOTS ( 'NONE', 3,
 ( #833, #771, #1706, #2996, #1088, #2508, #2031, #682, #851, #1342, #2060, #397, #1839, #3038, #2276, #461 ),
 .UNSPECIFIED., .F., .F.,
 ( 4, 3, 3, 3, 3, 4 ),
 ( 0.000000000000000000, 1.757214135805671326E-05, 3.512383527831317281E-05, 5.518459742093687742E-05, 7.570382939332324338E-05, 9.314814863522596347E-05 ),
 .UNSPECIFIED. ) ;
#164 = CARTESIAN_POINT ( 'NONE',  ( -0.1535097871385057156, 0.9390261446139580581, -0.3112298453111287944 ) ) ;
#165 = B_SPLINE_CURVE_WITH_KNOTS ( 'NONE', 3,
 ( #644, #1301, #436, #2232, #1557, #2511, #403, #155, #2267, #191 ),
 .UNSPECIFIED., .F., .F.,
 ( 4, 3, 3, 4 ),
 ( 5.463198353652111349E-20, 1.312487377489741728E-05, 2.630469762939171175E-05, 5.238207519835603369E-05 ),
 .UNSPECIFIED. ) ;
#166 = CARTESIAN_POINT ( 'NONE',  ( -0.04701593909774969687, -0.9488435571883604425, 0.07516651424632148082 ) ) ;
#167 = EDGE_CURVE ( 'NONE', #2047, #1175, #2059, .T. ) ;
#168 = CARTESIAN_POINT ( 'NONE',  ( -0.03007136364597239389, 0.9495849865159305958, -0.6024976185880827062 ) ) ;
#169 = VERTEX_POINT ( 'NONE', #2172 ) ;
#170 =( NAMED_UNIT ( * ) SI_UNIT ( $, .STERADIAN. ) SOLID_ANGLE_UNIT ( ) );
#171 = DIRECTION ( 'NONE',  ( 1.000000000000000000, 0.000000000000000000, 0.000000000000000000 ) ) ;
#172 = ORIENTED_EDGE ( 'NONE', *, *, #1359, .F. ) ;
#173 = DIRECTION ( 'NONE',  ( 1.000000000000000000, 0.000000000000000000, 0.000000000000000000 ) ) ;
#174 = CARTESIAN_POINT ( 'NONE',  ( -0.1157049673877200285, 0.9429276143674160116, 0.06353626121137156968 ) ) ;
#175 = B_SPLINE_CURVE_WITH_KNOTS ( 'NONE', 3,
 ( #1703, #931, #685, #1399, #2658, #1225, #2827, #2163, #547, #1475, #1387, #1635, #3041, #2844, #1494, #2324 ),
 .UNSPECIFIED., .F., .F.,
 ( 4, 3, 3, 3, 3, 4 ),
 ( 0.000000000000000000, 2.681798694162924266E-05, 4.694059280911078814E-05, 6.716301599522916921E-05, 8.466462643036908563E-05, 9.375858420213146007E-05 ),
 .UNSPECIFIED. ) ;
#176 = MECHANICAL_DESIGN_GEOMETRIC_PRESENTATION_REPRESENTATION (  '', ( #1275 ), #696 ) ;
#177 = CARTESIAN_POINT ( 'NONE',  ( -0.2982954705432983578, -0.9019533315273866592, -0.8874187469770475900 ) ) ;
#178 = CARTESIAN_POINT ( 'NONE',  ( -0.1153846153846152522, -0.9429668024551788319, 0.05873397435897449725 ) ) ;
#179 = CIRCLE ( 'NONE', #701, 0.7000000000000009548 ) ;
#180 = CARTESIAN_POINT ( 'NONE',  ( -0.1325229755539426846, -0.9413279863120442847, -0.3876317357383176065 ) ) ;
#181 = CARTESIAN_POINT ( 'NONE',  ( 0.000000000000000000, 0.000000000000000000, 1.749999999999999778 ) ) ;
#182 = AXIS2_PLACEMENT_3D ( 'NONE', #260, #36, #1612 ) ;
#183 =( NAMED_UNIT ( * ) SI_UNIT ( $, .STERADIAN. ) SOLID_ANGLE_UNIT ( ) );
#184 = ORIENTED_EDGE ( 'NONE', *, *, #801, .T. ) ;
#185 = DIRECTION ( 'NONE',  ( 0.000000000000000000, -1.000000000000000000, 0.000000000000000000 ) ) ;
#186 =( NAMED_UNIT ( * ) PLANE_ANGLE_UNIT ( ) SI_UNIT ( $, .RADIAN. ) );
#187 = CARTESIAN_POINT ( 'NONE',  ( -0.06452881015549462307, 0.9478059045302619223, 0.4510929259807759384 ) ) ;
#188 = EDGE_CURVE ( 'NONE', #2248, #2934, #449, .T. ) ;
#189 = ORIENTED_EDGE ( 'NONE', *, *, #2053, .F. ) ;
#190 = ORIENTED_EDGE ( 'NONE', *, *, #1909, .F. ) ;
#191 = CARTESIAN_POINT ( 'NONE',  ( -0.05344551282051267227, -0.9484954281172642832, 0.3306089743589745167 ) ) ;
#192 = DIRECTION ( 'NONE',  ( -0.000000000000000000, -0.000000000000000000, -1.000000000000000000 ) ) ;
#193 = CARTESIAN_POINT ( 'NONE',  ( -0.2143653079171715103, 0.9255206158646001047, 0.3086565098581099398 ) ) ;
#194 = DIRECTION ( 'NONE',  ( -0.000000000000000000, 0.000000000000000000, -1.000000000000000000 ) ) ;
#195 = CARTESIAN_POINT ( 'NONE',  ( -0.1157930458063701762, -0.9429168255238566942, 0.06484887052606823354 ) ) ;
#196 =( LENGTH_UNIT ( ) NAMED_UNIT ( * ) SI_UNIT ( .MILLI., .METRE. ) );
#197 = CARTESIAN_POINT ( 'NONE',  ( -0.2811584715605515150, 0.9074461457310777357, -0.8263140707925420436 ) ) ;
#198 = VERTEX_POINT ( 'NONE', #1195 ) ;
#199 =( LENGTH_UNIT ( ) NAMED_UNIT ( * ) SI_UNIT ( .MILLI., .METRE. ) );
#200 = EDGE_CURVE ( 'NONE', #2047, #2147, #2472, .T. ) ;
#201 = DIRECTION ( 'NONE',  ( 1.000000000000000000, 0.000000000000000000, 0.000000000000000000 ) ) ;
#202 = CARTESIAN_POINT ( 'NONE',  ( -0.2271113013934142055, 0.9224567477039231633, -0.8740292574852801533 ) ) ;
#203 =( LENGTH_UNIT ( ) NAMED_UNIT ( * ) SI_UNIT ( .MILLI., .METRE. ) );
#204 = DIRECTION ( 'NONE',  ( 0.000000000000000000, -0.000000000000000000, 1.000000000000000000 ) ) ;
#205 = LINE ( 'NONE', #1579, #454 ) ;
#206 = PLANE ( 'NONE',  #268 ) ;
#207 = CARTESIAN_POINT ( 'NONE',  ( -0.05032293762640051293, -0.9486692266811367347, 0.07118765668534254853 ) ) ;
#208 = CARTESIAN_POINT ( 'NONE',  ( 0.09738222091051838836, 0.9449967282919811140, 0.01993749673795995256 ) ) ;
#209 = DIRECTION ( 'NONE',  ( 0.000000000000000000, -1.202998249637175352E-16, 1.000000000000000000 ) ) ;
#210 = ORIENTED_EDGE ( 'NONE', *, *, #2001, .F. ) ;
#211 = CARTESIAN_POINT ( 'NONE',  ( -0.2279789940054972597, 0.9222502407636756772, -0.4490169302720220523 ) ) ;
#212 = CARTESIAN_POINT ( 'NONE',  ( 0.01794871794871810700, 0.9498304288261131267, 0.3463141025641027215 ) ) ;
#213 = EDGE_CURVE ( 'NONE', #1461, #1193, #1874, .T. ) ;
#214 = CARTESIAN_POINT ( 'NONE',  ( -0.1065236776555659737, 0.9440126394354606543, 0.3466989034453700214 ) ) ;
#215 = DIRECTION ( 'NONE',  ( 0.000000000000000000, -1.000000000000000000, 0.000000000000000000 ) ) ;
#216 = DIRECTION ( 'NONE',  ( 0.000000000000000000, -1.000000000000000000, 5.599838911056187026E-16 ) ) ;
#217 = CARTESIAN_POINT ( 'NONE',  ( -0.1750801282051280550, -0.9337274488348705770, 0.1051282051282052682 ) ) ;
#218 = EDGE_CURVE ( 'NONE', #2283, #2602, #2806, .T. ) ;
#219 = CARTESIAN_POINT ( 'NONE',  ( -0.2648534782130759213, 0.9123498710301015668, -0.8017209259226306672 ) ) ;
#220 = CIRCLE ( 'NONE', #72, 0.9499999999999999556 ) ;
#221 = STYLED_ITEM ( 'NONE', ( #1419 ), #1222 ) ;
#222 = VERTEX_POINT ( 'NONE', #1219 ) ;
#223 = STYLED_ITEM ( 'NONE', ( #957 ), #1495 ) ;
#224 =( GEOMETRIC_REPRESENTATION_CONTEXT ( 3 ) GLOBAL_UNCERTAINTY_ASSIGNED_CONTEXT ( ( #2650 ) ) GLOBAL_UNIT_ASSIGNED_CONTEXT ( ( #2895, #1238, #2722 ) ) REPRESENTATION_CONTEXT ( 'NONE', 'WORKASPACE' ) );
#225 = CARTESIAN_POINT ( 'NONE',  ( -0.2067899701392927614, -0.9272497435499574836, 0.004518855567741204317 ) ) ;
#226 = SURFACE_STYLE_FILL_AREA ( #43 ) ;
#227 = B_SPLINE_CURVE_WITH_KNOTS ( 'NONE', 3,
 ( #525, #1983, #2941, #2892, #1487, #2185, #2200, #1019, #1964, #347 ),
 .UNSPECIFIED., .F., .F.,
 ( 4, 3, 3, 4 ),
 ( 0.000000000000000000, 1.744662761061794437E-05, 3.489642080672052311E-05, 6.976956382313573789E-05 ),
 .UNSPECIFIED. ) ;
#228 = CARTESIAN_POINT ( 'NONE',  ( -0.04372793935835658091, 0.9490018586269221013, 0.07831034620878087049 ) ) ;
#229 = DIRECTION ( 'NONE',  ( 0.000000000000000000, 0.000000000000000000, 1.000000000000000000 ) ) ;
#230 = CARTESIAN_POINT ( 'NONE',  ( -0.02966977484752897354, -0.9498351356909471299, 0.3358391030264320509 ) ) ;
#231 = CARTESIAN_POINT ( 'NONE',  ( -0.3051282051282049879, 0.8996648144921751689, 0.04991987179487193671 ) ) ;
#232 = FACE_OUTER_BOUND ( 'NONE', #54, .T. ) ;
#233 = EDGE_CURVE ( 'NONE', #922, #3009, #1220, .T. ) ;
#234 = CARTESIAN_POINT ( 'NONE',  ( 0.07149296914551502014, -0.9474772388308623228, -0.6239413857869726687 ) ) ;
#235 = ORIENTED_EDGE ( 'NONE', *, *, #2166, .T. ) ;
#236 = SURFACE_SIDE_STYLE ('',( #684 ) ) ;
#237 = ORIENTED_EDGE ( 'NONE', *, *, #2445, .T. ) ;
#238 = VERTEX_POINT ( 'NONE', #1005 ) ;
#239 = DIRECTION ( 'NONE',  ( -0.000000000000000000, 1.000000000000000000, -5.599838911056187026E-16 ) ) ;
#240 = EDGE_LOOP ( 'NONE', ( #1080, #3026, #348, #79, #715, #2753, #2732, #316, #1106, #1973, #2463, #1885, #1790, #2870, #674, #1910 ) ) ;
#241 = CARTESIAN_POINT ( 'NONE',  ( -0.2491421607516938475, -0.9170522082916860995, 0.2448638921904816024 ) ) ;
#242 = CARTESIAN_POINT ( 'NONE',  ( -0.05897435897435880647, 0.9481677198595001022, 0.03541666666666680452 ) ) ;
#243 = LINE ( 'NONE', #2621, #2823 ) ;
#244 = CARTESIAN_POINT ( 'NONE',  ( 0.003614400728521920993, -0.9500132158493403978, 0.1665226199671724916 ) ) ;
#245 = CARTESIAN_POINT ( 'NONE',  ( -0.1001602564102564014, -0.9447052043022901024, -0.8179487179487175963 ) ) ;
#246 = ORIENTED_EDGE ( 'NONE', *, *, #857, .T. ) ;
#247 = CARTESIAN_POINT ( 'NONE',  ( -0.1697916666666665075, -0.9347035839936399526, 0.4179487179487181292 ) ) ;
#248 = CARTESIAN_POINT ( 'NONE',  ( -0.3048716512475250773, 0.8997518267036894724, 0.03461699981156445699 ) ) ;
#249 = UNCERTAINTY_MEASURE_WITH_UNIT (LENGTH_MEASURE( 1.000000000000000082E-05 ), #2683, 'distance_accuracy_value', 'NONE');
#250 = EDGE_CURVE ( 'NONE', #2019, #283, #1028, .T. ) ;
#251 = CARTESIAN_POINT ( 'NONE',  ( -0.1001602564102564014, 0.9447052043022901024, -0.8179487179487175963 ) ) ;
#252 = CARTESIAN_POINT ( 'NONE',  ( -0.09458704732942539717, 0.9453091689038062295, 0.1340231092893997833 ) ) ;
#253 = CARTESIAN_POINT ( 'NONE',  ( -0.2124803750733466057, 0.9259330916465683403, -0.4277967456459503826 ) ) ;
#254 = ORIENTED_EDGE ( 'NONE', *, *, #1680, .F. ) ;
#255 = CARTESIAN_POINT ( 'NONE',  ( 0.08942307692307699396, -0.9457819586530552547, -0.5848557692307693179 ) ) ;
#256 = ORIENTED_EDGE ( 'NONE', *, *, #188, .F. ) ;
#257 = CARTESIAN_POINT ( 'NONE',  ( -0.3045204146541418688, -0.8998709512816301936, 0.3256171596036903648 ) ) ;
#258 = CARTESIAN_POINT ( 'NONE',  ( 0.03561101203040048513, -0.9493733066827378941, 0.1590704857768897307 ) ) ;
#259 = ORIENTED_EDGE ( 'NONE', *, *, #450, .F. ) ;
#260 = CARTESIAN_POINT ( 'NONE',  ( 0.000000000000000000, 0.000000000000000000, -3.403937756669170867 ) ) ;
#261 = DIRECTION ( 'NONE',  ( 0.000000000000000000, -1.000000000000000000, 0.000000000000000000 ) ) ;
#262 = CARTESIAN_POINT ( 'NONE',  ( 0.000000000000000000, 0.000000000000000000, 0.4794871794871796711 ) ) ;
#263 = AXIS2_PLACEMENT_3D ( 'NONE', #1645, #2355, #261 ) ;
#264 = FACE_OUTER_BOUND ( 'NONE', #89, .T. ) ;
#265 = STYLED_ITEM ( 'NONE', ( #2746 ), #1018 ) ;
#266 = ORIENTED_EDGE ( 'NONE', *, *, #930, .F. ) ;
#267 = ADVANCED_FACE ( 'NONE', ( #1178, #953 ), #1893, .T. ) ;
#268 = AXIS2_PLACEMENT_3D ( 'NONE', #909, #216, #1785 ) ;
#269 = ORIENTED_EDGE ( 'NONE', *, *, #1394, .T. ) ;
#270 =( LENGTH_UNIT ( ) NAMED_UNIT ( * ) SI_UNIT ( .MILLI., .METRE. ) );
#271 = STYLED_ITEM ( 'NONE', ( #2442 ), #1714 ) ;
#272 = EDGE_CURVE ( 'NONE', #1705, #2412, #1573, .T. ) ;
#273 =( GEOMETRIC_REPRESENTATION_CONTEXT ( 3 ) GLOBAL_UNCERTAINTY_ASSIGNED_CONTEXT ( ( #2522 ) ) GLOBAL_UNIT_ASSIGNED_CONTEXT ( ( #203, #2957, #589 ) ) REPRESENTATION_CONTEXT ( 'NONE', 'WORKASPACE' ) );
#274 = CARTESIAN_POINT ( 'NONE',  ( -0.3000000000000000444, -0.9013878188659973922, -3.403937756669170867 ) ) ;
#275 = CARTESIAN_POINT ( 'NONE',  ( 0.000000000000000000, -0.3000000000000008771, -9.160000000000001918 ) ) ;
#276 = ORIENTED_EDGE ( 'NONE', *, *, #2488, .T. ) ;
#277 = DIRECTION ( 'NONE',  ( 1.000000000000000000, 0.000000000000000000, 0.000000000000000000 ) ) ;
#278 = DIRECTION ( 'NONE',  ( 1.000000000000000000, 0.000000000000000000, 0.000000000000000000 ) ) ;
#279 = CARTESIAN_POINT ( 'NONE',  ( -3.673940397442058882E-17, 0.2999999999999991007, -9.160000000000001918 ) ) ;
#280 = VERTEX_POINT ( 'NONE', #609 ) ;
#281 = CARTESIAN_POINT ( 'NONE',  ( -0.2144449855020855999, -0.9254974936506060734, 0.3088156574168525181 ) ) ;
#282 = CARTESIAN_POINT ( 'NONE',  ( 0.1014147142191109130, 0.9446214178705526487, -0.4480992302023116824 ) ) ;
#283 = VERTEX_POINT ( 'NONE', #1505 ) ;
#284 = LINE ( 'NONE', #2798, #2727 ) ;
#285 = ORIENTED_EDGE ( 'NONE', *, *, #7, .F. ) ;
#286 = EDGE_CURVE ( 'NONE', #2938, #2415, #834, .T. ) ;
#287 = DIRECTION ( 'NONE',  ( -0.000000000000000000, -0.000000000000000000, -1.000000000000000000 ) ) ;
#288 = CARTESIAN_POINT ( 'NONE',  ( -0.2787114142533228534, -0.9081959852171050951, 0.4421629325763061780 ) ) ;
#289 = CARTESIAN_POINT ( 'NONE',  ( 0.01589308635085871779, -0.9498670484895462840, 0.1649145868323785014 ) ) ;
#290 =( BOUNDED_CURVE ( )  B_SPLINE_CURVE ( 3, ( #2494, #1602, #1086, #2994 ),
 .UNSPECIFIED., .F., .T. ) 
 B_SPLINE_CURVE_WITH_KNOTS ( ( 4, 4 ),
 ( 1.374187999359846701, 1.383467808509868613 ),
 .UNSPECIFIED. ) 
 CURVE ( )  GEOMETRIC_REPRESENTATION_ITEM ( )  RATIONAL_B_SPLINE_CURVE ( ( 1.000000000000000000, 0.9999928237747195414, 0.9999928237747195414, 1.000000000000000000 ) ) 
 REPRESENTATION_ITEM ( '' )  );
#291 = VERTEX_POINT ( 'NONE', #1521 ) ;
#292 = SURFACE_SIDE_STYLE ('',( #2389 ) ) ;
#293 = CARTESIAN_POINT ( 'NONE',  ( 0.07329896861593836188, -0.9472136548175533743, 0.1301692524101057680 ) ) ;
#294 = CARTESIAN_POINT ( 'NONE',  ( -0.1005608974358973839, -0.9446626413206393735, -0.3102564102564104309 ) ) ;
#295 = DIRECTION ( 'NONE',  ( -1.000000000000000000, 0.000000000000000000, 0.000000000000000000 ) ) ;
#296 =( NAMED_UNIT ( * ) SI_UNIT ( $, .STERADIAN. ) SOLID_ANGLE_UNIT ( ) );
#297 = CARTESIAN_POINT ( 'NONE',  ( -0.2801768355547405442, 0.9077759949159966979, 0.1316635421005882822 ) ) ;
#298 = CARTESIAN_POINT ( 'NONE',  ( -0.2384615384615384193, 0.9195847403445515100, -0.4995993589743591423 ) ) ;
#299 = ORIENTED_EDGE ( 'NONE', *, *, #563, .F. ) ;
#300 = CARTESIAN_POINT ( 'NONE',  ( 0.03846153846153854000, -0.9492211070447030830, -0.4995993589743591423 ) ) ;
#301 = CARTESIAN_POINT ( 'NONE',  ( -0.2627216804765853397, -0.9129979370691437834, 0.4591956471002948681 ) ) ;
#302 = DIRECTION ( 'NONE',  ( -1.000000000000000000, 0.000000000000000000, 0.000000000000000000 ) ) ;
#303 = CARTESIAN_POINT ( 'NONE',  ( -0.09863782051282046770, -0.9448653768471362291, -0.3871794871794873028 ) ) ;
#304 = EDGE_CURVE ( 'NONE', #2483, #1498, #1838, .T. ) ;
#305 = VERTEX_POINT ( 'NONE', #113 ) ;
#306 = CARTESIAN_POINT ( 'NONE',  ( -0.2419330388970274415, 0.9187523633998533334, 0.2447494891035908449 ) ) ;
#307 = CARTESIAN_POINT ( 'NONE',  ( 0.1000000000000001582, -0.9447221813845592120, 0.05096153846153859968 ) ) ;
#308 = FILL_AREA_STYLE_COLOUR ( '', #360 ) ;
#309 = B_SPLINE_CURVE_WITH_KNOTS ( 'NONE', 3,
 ( #1658, #1418, #524, #2590, #2398, #1887, #1641, #2367, #2874, #2385 ),
 .UNSPECIFIED., .F., .F.,
 ( 4, 3, 3, 4 ),
 ( 0.000000000000000000, 1.852112720990788838E-05, 5.219614048716266749E-05, 7.402393335362963316E-05 ),
 .UNSPECIFIED. ) ;
#310 = EDGE_CURVE ( 'NONE', #374, #727, #1023, .T. ) ;
#311 = CARTESIAN_POINT ( 'NONE',  ( -0.0004862069363093502426, -0.9500327800093409936, 0.01037583259677868353 ) ) ;
#312 = ORIENTED_EDGE ( 'NONE', *, *, #1446, .F. ) ;
#313 = COLOUR_RGB ( '',0.8313725490196077761, 0.8313725490196077761, 0.8196078431372548767 ) ;
#314 = CARTESIAN_POINT ( 'NONE',  ( -0.04768225772674595381, 0.9502916597995622050, -0.3111604146409474581 ) ) ;
#315 = CARTESIAN_POINT ( 'NONE',  ( -0.2662506531480444139, -0.9121483728105368449, -0.3754151509146977372 ) ) ;
#316 = ORIENTED_EDGE ( 'NONE', *, *, #340, .F. ) ;
#317 = CARTESIAN_POINT ( 'NONE',  ( -0.05344551282051267227, 0.9484954281172642832, 0.3306089743589745167 ) ) ;
#318 = CARTESIAN_POINT ( 'NONE',  ( -0.003899885240558471217, -0.9499957671953935812, 0.08956870104355776907 ) ) ;
#319 = CARTESIAN_POINT ( 'NONE',  ( 0.03223128537135203781, 0.9494559322709764659, 0.04042059601441250899 ) ) ;
#320 = VERTEX_POINT ( 'NONE', #147 ) ;
#321 = CARTESIAN_POINT ( 'NONE',  ( 0.08756138909206430399, -0.9459561317205329445, 0.1082044128147917894 ) ) ;
#322 = MECHANICAL_DESIGN_GEOMETRIC_PRESENTATION_REPRESENTATION (  '', ( #750 ), #1980 ) ;
#323 = CARTESIAN_POINT ( 'NONE',  ( 0.09999999999999999167, 0.9447221813845592120, -1.074358974358973873 ) ) ;
#324 = EDGE_CURVE ( 'NONE', #1939, #1060, #1166, .T. ) ;
#325 = ORIENTED_EDGE ( 'NONE', *, *, #933, .T. ) ;
#326 = CARTESIAN_POINT ( 'NONE',  ( -0.1806543448996111023, -0.9326727348078748259, 0.2954823783859617525 ) ) ;
#327 = DIRECTION ( 'NONE',  ( 0.000000000000000000, 0.000000000000000000, 1.000000000000000000 ) ) ;
#328 = CYLINDRICAL_SURFACE ( 'NONE', #2617, 0.9499999999999999556 ) ;
#329 = VERTEX_POINT ( 'NONE', #648 ) ;
#330 = CARTESIAN_POINT ( 'NONE',  ( 0.02825383300305615852, -0.9495812227766724511, 0.07188934437044405823 ) ) ;
#331 = CARTESIAN_POINT ( 'NONE',  ( -0.01527856760041808142, 0.9498780679852260045, 0.008061337549432672986 ) ) ;
#332 = ORIENTED_EDGE ( 'NONE', *, *, #2889, .F. ) ;
#333 = CARTESIAN_POINT ( 'NONE',  ( -0.03043762055906193420, 0.9499023320142583326, -0.3917162642238793957 ) ) ;
#334 = CARTESIAN_POINT ( 'NONE',  ( -0.1202273941007075825, 0.9423615939288135790, 0.07829198306611115377 ) ) ;
#335 = DIRECTION ( 'NONE',  ( -1.000000000000000000, 0.000000000000000000, 0.000000000000000000 ) ) ;
#336 = CARTESIAN_POINT ( 'NONE',  ( 0.000000000000000000, 0.000000000000000000, -3.403937756669170867 ) ) ;
#337 = B_SPLINE_CURVE_WITH_KNOTS ( 'NONE', 3,
 ( #2085, #919, #1388, #2325, #1152, #2096, #9, #932, #1867, #2663 ),
 .UNSPECIFIED., .F., .F.,
 ( 4, 3, 3, 4 ),
 ( 1.694065894508600678E-20, 7.810450692892079302E-06, 1.562779937032397374E-05, 3.121525988797553867E-05 ),
 .UNSPECIFIED. ) ;
#338 =( LENGTH_UNIT ( ) NAMED_UNIT ( * ) SI_UNIT ( .MILLI., .METRE. ) );
#339 = VERTEX_POINT ( 'NONE', #1393 ) ;
#340 = EDGE_CURVE ( 'NONE', #1164, #2894, #2380, .T. ) ;
#341 = CARTESIAN_POINT ( 'NONE',  ( -0.2951632272686964820, 0.9030206037766662641, 0.1064183109804884148 ) ) ;
#342 = ORIENTED_EDGE ( 'NONE', *, *, #2343, .T. ) ;
#343 = CARTESIAN_POINT ( 'NONE',  ( -0.1536946510362662277, -0.9390064655469033683, -0.3112332439281618734 ) ) ;
#344 = B_SPLINE_CURVE_WITH_KNOTS ( 'NONE', 3,
 ( #2513, #406, #1333, #2270, #193, #1915, #1172, #2116, #2890, #2619, #497, #1214, #1447 ),
 .UNSPECIFIED., .F., .F.,
 ( 4, 3, 3, 3, 4 ),
 ( 0.000000000000000000, 3.341385657019813982E-05, 5.536487708649651042E-05, 7.749754690775098663E-05, 9.511007092660427324E-05 ),
 .UNSPECIFIED. ) ;
#345 = ORIENTED_EDGE ( 'NONE', *, *, #2905, .T. ) ;
#346 = CARTESIAN_POINT ( 'NONE',  ( -0.2934265239016833893, -0.9035607410070066736, 0.4195252424720367079 ) ) ;
#347 = CARTESIAN_POINT ( 'NONE',  ( 0.02948717948717948303, -0.9495422614322601707, -0.8898237179487176185 ) ) ;
#348 = ORIENTED_EDGE ( 'NONE', *, *, #2719, .F. ) ;
#349 = CARTESIAN_POINT ( 'NONE',  ( -0.3048424412581293153, 0.8997617334950772650, 0.3433757670844464482 ) ) ;
#350 = CARTESIAN_POINT ( 'NONE',  ( -0.04221618017443326543, 0.9490995596513579491, -0.6845414282964770170 ) ) ;
#351 = CARTESIAN_POINT ( 'NONE',  ( -0.2317588089272258900, -0.9212968329934382306, -0.5391430680108062479 ) ) ;
#352 = CARTESIAN_POINT ( 'NONE',  ( -0.2289367029646153240, 0.9220118276750771669, 0.02201212308678836271 ) ) ;
#353 = CARTESIAN_POINT ( 'NONE',  ( 0.02807896415376492233, 0.9495925140705618883, -0.5511034417654714357 ) ) ;
#354 = ORIENTED_EDGE ( 'NONE', *, *, #1205, .T. ) ;
#355 = CARTESIAN_POINT ( 'NONE',  ( -0.2347345600312552294, -0.9205446762818422224, 0.3795027810256074163 ) ) ;
#356 = CARTESIAN_POINT ( 'NONE',  ( -0.1153319312996775869, 0.9430661518002306787, 0.4869969515045071695 ) ) ;
#357 = STYLED_ITEM ( 'NONE', ( #1064 ), #267 ) ;
#358 = VERTEX_POINT ( 'NONE', #2560 ) ;
#359 = EDGE_CURVE ( 'NONE', #727, #859, #1174, .T. ) ;
#360 = COLOUR_RGB ( '',0.8313725490196077761, 0.8313725490196077761, 0.8196078431372548767 ) ;
#361 = CARTESIAN_POINT ( 'NONE',  ( 0.1000000000000001582, 0.9447221813845592120, 0.05096153846153859968 ) ) ;
#362 = ORIENTED_EDGE ( 'NONE', *, *, #2612, .T. ) ;
#363 = AXIS2_PLACEMENT_3D ( 'NONE', #2817, #32, #2606 ) ;
#364 = FACE_OUTER_BOUND ( 'NONE', #2795, .T. ) ;
#365 = CARTESIAN_POINT ( 'NONE',  ( -0.1410850760339976973, 0.9394809847748201159, 0.09828987632406559205 ) ) ;
#366 = FACE_OUTER_BOUND ( 'NONE', #1250, .T. ) ;
#367 =( GEOMETRIC_REPRESENTATION_CONTEXT ( 3 ) GLOBAL_UNCERTAINTY_ASSIGNED_CONTEXT ( ( #2257 ) ) GLOBAL_UNIT_ASSIGNED_CONTEXT ( ( #1954, #2474, #1702 ) ) REPRESENTATION_CONTEXT ( 'NONE', 'WORKASPACE' ) );
#368 = CARTESIAN_POINT ( 'NONE',  ( -0.2853242995632722101, 0.9061401900778636165, 0.4327682354069745108 ) ) ;
#369 = AXIS2_PLACEMENT_3D ( 'NONE', #2495, #136, #2210 ) ;
#370 = CARTESIAN_POINT ( 'NONE',  ( -0.3011557797390407853, -0.9010571070096208279, -0.5530049738241122892 ) ) ;
#371 = AXIS2_PLACEMENT_3D ( 'NONE', #867, #2260, #2760 ) ;
#372 = CARTESIAN_POINT ( 'NONE',  ( 0.000000000000000000, 0.000000000000000000, 1.149999999999999911 ) ) ;
#373 =( LENGTH_UNIT ( ) NAMED_UNIT ( * ) SI_UNIT ( .MILLI., .METRE. ) );
#374 = VERTEX_POINT ( 'NONE', #678 ) ;
#375 = CARTESIAN_POINT ( 'NONE',  ( 0.000000000000000000, -1.000000000000000666, -9.860000000000002984 ) ) ;
#376 = EDGE_LOOP ( 'NONE', ( #2141, #87, #1620, #721, #2829, #1151, #1311 ) ) ;
#377 = CARTESIAN_POINT ( 'NONE',  ( -0.04907071732060968444, 0.9487337001083724353, 0.3381905966894457327 ) ) ;
#378 = EDGE_CURVE ( 'NONE', #1875, #1676, #1969, .T. ) ;
#379 = ORIENTED_EDGE ( 'NONE', *, *, #2182, .F. ) ;
#380 = FILL_AREA_STYLE ('',( #2694 ) ) ;
#381 = CARTESIAN_POINT ( 'NONE',  ( -0.1769230769230767664, -0.9333800002421688280, 0.2948717948717950454 ) ) ;
#382 =( LENGTH_UNIT ( ) NAMED_UNIT ( * ) SI_UNIT ( .MILLI., .METRE. ) );
#383 = CARTESIAN_POINT ( 'NONE',  ( -0.1290163877111311086, -0.9411985825016234708, 0.08948208344481675680 ) ) ;
#384 = EDGE_CURVE ( 'NONE', #291, #1371, #2773, .T. ) ;
#385 = CARTESIAN_POINT ( 'NONE',  ( -0.2198733860393395079, -0.9242386889113661796, -0.4346296565241005716 ) ) ;
#386 = CARTESIAN_POINT ( 'NONE',  ( -0.05270666572127464394, -0.9485367717636185025, 0.06678933493861741177 ) ) ;
#387 = ORIENTED_EDGE ( 'NONE', *, *, #2853, .F. ) ;
#388 = CARTESIAN_POINT ( 'NONE',  ( -0.1038461538461538519, 0.9443071408876250183, -0.7410256410256407245 ) ) ;
#389 = CARTESIAN_POINT ( 'NONE',  ( 0.09548605746759748769, -0.9451895830924575970, -0.8642981980779754769 ) ) ;
#390 = FILL_AREA_STYLE ('',( #878 ) ) ;
#391 = CARTESIAN_POINT ( 'NONE',  ( -0.1160564534504300582, 0.9428843511338854677, 0.06591397994497522062 ) ) ;
#392 = CARTESIAN_POINT ( 'NONE',  ( -0.2989430299524589163, -0.9017391696279752900, -0.8933734339803507396 ) ) ;
#393 =( LENGTH_UNIT ( ) NAMED_UNIT ( * ) SI_UNIT ( .MILLI., .METRE. ) );
#394 = EDGE_CURVE ( 'NONE', #2322, #1967, #2229, .T. ) ;
#395 = CARTESIAN_POINT ( 'NONE',  ( 0.000000000000000000, 0.000000000000000000, -0.1051282051282051294 ) ) ;
#396 = EDGE_CURVE ( 'NONE', #1324, #1485, #116, .T. ) ;
#397 = CARTESIAN_POINT ( 'NONE',  ( -0.1990274846957041932, 0.9289424198464161231, 0.1022752167715626770 ) ) ;
#398 = FILL_AREA_STYLE_COLOUR ( '', #1423 ) ;
#399 = EDGE_LOOP ( 'NONE', ( #210, #91, #1355, #1684 ) ) ;
#400 = CARTESIAN_POINT ( 'NONE',  ( 0.1051282051282051849, 0.9441652718070718819, -0.5005608974358976004 ) ) ;
#401 = CARTESIAN_POINT ( 'NONE',  ( 0.000000000000000000, 0.000000000000000000, -3.403937756669170867 ) ) ;
#402 = ORIENTED_EDGE ( 'NONE', *, *, #2217, .F. ) ;
#403 = CARTESIAN_POINT ( 'NONE',  ( -0.04252772373077165491, -0.9490476240496462657, 0.3540730497823335043 ) ) ;
#404 = CIRCLE ( 'NONE', #2521, 0.2999999999999999889 ) ;
#405 = CARTESIAN_POINT ( 'NONE',  ( 0.03811474567412152792, 0.9500292069841104192, -0.6536834026646141105 ) ) ;
#406 = CARTESIAN_POINT ( 'NONE',  ( -0.1877274226775418053, 0.9313320261110273890, 0.2966398146014207482 ) ) ;
#407 = CIRCLE ( 'NONE', #2867, 0.7500000000000000000 ) ;
#408 = DIRECTION ( 'NONE',  ( 1.000000000000000000, 0.000000000000000000, -0.000000000000000000 ) ) ;
#409 = CARTESIAN_POINT ( 'NONE',  ( -0.1051282051282049629, -0.9441652718070718819, 0.3616185897435899022 ) ) ;
#410 = CARTESIAN_POINT ( 'NONE',  ( -0.2816780512169950179, 0.9073372092316953630, -0.3969420152485673703 ) ) ;
#411 = CARTESIAN_POINT ( 'NONE',  ( 0.000000000000000000, -0.2999999999999999889, -1.949999999999999956 ) ) ;
#412 = COLOUR_RGB ( '',0.8313725490196077761, 0.8313725490196077761, 0.8196078431372548767 ) ;
#413 = MECHANICAL_DESIGN_GEOMETRIC_PRESENTATION_REPRESENTATION (  '', ( #2164 ), #1484 ) ;
#414 = EDGE_CURVE ( 'NONE', #743, #2934, #2969, .T. ) ;
#415 = CARTESIAN_POINT ( 'NONE',  ( -0.006410256410256241766, 0.9499783727079026407, -0.06923076923076909583 ) ) ;
#416 = VERTEX_POINT ( 'NONE', #1559 ) ;
#417 = SURFACE_SIDE_STYLE ('',( #2526 ) ) ;
#418 = AXIS2_PLACEMENT_3D ( 'NONE', #1354, #670, #1604 ) ;
#419 =( BOUNDED_CURVE ( )  B_SPLINE_CURVE ( 3, ( #2891, #810, #764, #2704 ),
 .UNSPECIFIED., .F., .T. ) 
 B_SPLINE_CURVE_WITH_KNOTS ( ( 4, 4 ),
 ( 1.577544016326560605, 1.589690838320784616 ),
 .UNSPECIFIED. ) 
 CURVE ( )  GEOMETRIC_REPRESENTATION_ITEM ( )  RATIONAL_B_SPLINE_CURVE ( ( 1.000000000000000000, 0.9999877045974143730, 0.9999877045974143730, 1.000000000000000000 ) ) 
 REPRESENTATION_ITEM ( '' )  );
#420 = CARTESIAN_POINT ( 'NONE',  ( -0.03885648150079663854, 0.9492051043275471223, 0.3713518116967699512 ) ) ;
#421 = ORIENTED_EDGE ( 'NONE', *, *, #998, .T. ) ;
#422 = SURFACE_STYLE_FILL_AREA ( #1537 ) ;
#423 = CARTESIAN_POINT ( 'NONE',  ( -0.01516661111124102505, 0.9498970757565082801, 0.08949204356679470174 ) ) ;
#424 = CARTESIAN_POINT ( 'NONE',  ( 0.02252326686330647157, -0.9501736101031618142, -0.06298577576456461380 ) ) ;
#425 =( NAMED_UNIT ( * ) PLANE_ANGLE_UNIT ( ) SI_UNIT ( $, .RADIAN. ) );
#426 = FACE_OUTER_BOUND ( 'NONE', #2266, .T. ) ;
#427 = CARTESIAN_POINT ( 'NONE',  ( -0.1258357325108487856, -0.9416291034284455241, -0.7417211016644790211 ) ) ;
#428 = CARTESIAN_POINT ( 'NONE',  ( -0.03035320130994181159, -0.9495149725888667458, 0.08603588706274099829 ) ) ;
#429 = UNCERTAINTY_MEASURE_WITH_UNIT (LENGTH_MEASURE( 1.000000000000000082E-05 ), #1549, 'distance_accuracy_value', 'NONE');
#430 = DIRECTION ( 'NONE',  ( 0.000000000000000000, 0.000000000000000000, 1.000000000000000000 ) ) ;
#431 = CARTESIAN_POINT ( 'NONE',  ( 0.03846153846153854000, 0.9492211070447030830, -0.4995993589743591423 ) ) ;
#432 = EDGE_CURVE ( 'NONE', #50, #1705, #344, .T. ) ;
#433 = CARTESIAN_POINT ( 'NONE',  ( -0.1855769230769229450, 0.9316980227634391598, 0.2282051282051283658 ) ) ;
#434 = CARTESIAN_POINT ( 'NONE',  ( -0.1923076923076922073, 0.9303320651677496889, -0.2538461538461539990 ) ) ;
#435 = VERTEX_POINT ( 'NONE', #2138 ) ;
#436 = CARTESIAN_POINT ( 'NONE',  ( -0.03886372920146492771, -0.9492049437940602852, 0.3712121611850693337 ) ) ;
#437 = CARTESIAN_POINT ( 'NONE',  ( -0.1769230769230767664, 0.9333800002421688280, -0.002564102564102431828 ) ) ;
#438 = SURFACE_STYLE_FILL_AREA ( #724 ) ;
#439 = CARTESIAN_POINT ( 'NONE',  ( 0.000000000000000000, -1.000000000000000666, -10.16000000000000192 ) ) ;
#440 = DIRECTION ( 'NONE',  ( 1.000000000000000000, 0.000000000000000000, 0.000000000000000000 ) ) ;
#441 = DIRECTION ( 'NONE',  ( -1.000000000000000000, 0.000000000000000000, 0.000000000000000000 ) ) ;
#442 = B_SPLINE_CURVE_WITH_KNOTS ( 'NONE', 3,
 ( #1753, #349, #1436, #798, #543, #61, #2943, #2188, #112, #1951, #306, #80, #1734, #1042, #2456, #1716 ),
 .UNSPECIFIED., .F., .F.,
 ( 4, 3, 3, 3, 3, 4 ),
 ( 5.421010862427521568E-20, 4.728521107357747219E-05, 8.578936014183047591E-05, 0.0001241129334169357112, 0.0001664312286539201585, 0.0001979293770065703665 ),
 .UNSPECIFIED. ) ;
#443 = CARTESIAN_POINT ( 'NONE',  ( 0.03311947324488007799, -0.9494225089452299482, 0.04796939765771730119 ) ) ;
#444 = CARTESIAN_POINT ( 'NONE',  ( -0.1561965441865189319, -0.9371403660374523215, 0.1803478561068824759 ) ) ;
#445 = CARTESIAN_POINT ( 'NONE',  ( 0.02824863456723359853, 0.9497074532096512200, -0.06096793826323316373 ) ) ;
#446 = ORIENTED_EDGE ( 'NONE', *, *, #396, .T. ) ;
#447 = CARTESIAN_POINT ( 'NONE',  ( 0.08180429775601177900, -0.9465213044738974846, -0.3981965290887998776 ) ) ;
#448 = CARTESIAN_POINT ( 'NONE',  ( -0.1769230769230767664, -0.9333800002421688280, -0.002564102564102431828 ) ) ;
#449 = CIRCLE ( 'NONE', #68, 0.9499999999999999556 ) ;
#450 = EDGE_CURVE ( 'NONE', #1871, #920, #711, .T. ) ;
#451 = SURFACE_SIDE_STYLE ('',( #438 ) ) ;
#452 = DIRECTION ( 'NONE',  ( 0.000000000000000000, 0.000000000000000000, 1.000000000000000000 ) ) ;
#453 = CYLINDRICAL_SURFACE ( 'NONE', #363, 0.9499999999999999556 ) ;
#454 = VECTOR ( 'NONE', #1768, 1000.000000000000000 ) ;
#455 = CARTESIAN_POINT ( 'NONE',  ( -0.2303883794845822119, -0.9216409588823604171, -0.8871253888673994448 ) ) ;
#456 = CARTESIAN_POINT ( 'NONE',  ( 0.7500000000000000000, 9.184850993605149670E-17, 1.749999999999999778 ) ) ;
#457 = CARTESIAN_POINT ( 'NONE',  ( -0.1863782051282049934, 0.9315380639851434941, -0.07948717948717937132 ) ) ;
#458 = CARTESIAN_POINT ( 'NONE',  ( 0.03846153846153854000, -0.9492211070447030830, -0.4995993589743591423 ) ) ;
#459 = VECTOR ( 'NONE', #1936, 1000.000000000000000 ) ;
#460 = UNCERTAINTY_MEASURE_WITH_UNIT (LENGTH_MEASURE( 1.000000000000000082E-05 ), #2748, 'distance_accuracy_value', 'NONE');
#461 = CARTESIAN_POINT ( 'NONE',  ( -0.1750801282051280550, 0.9337274488348705770, 0.1051282051282052682 ) ) ;
#462 = ORIENTED_EDGE ( 'NONE', *, *, #816, .F. ) ;
#463 = CARTESIAN_POINT ( 'NONE',  ( -0.1859900014483358566, -0.9316267510847490163, -0.001290520013648662140 ) ) ;
#464 = ORIENTED_EDGE ( 'NONE', *, *, #977, .T. ) ;
#465 = DIRECTION ( 'NONE',  ( 1.000000000000000000, 0.000000000000000000, 0.000000000000000000 ) ) ;
#466 = ORIENTED_EDGE ( 'NONE', *, *, #2652, .T. ) ;
#467 = DIRECTION ( 'NONE',  ( 0.000000000000000000, 0.000000000000000000, -1.000000000000000000 ) ) ;
#468 = CARTESIAN_POINT ( 'NONE',  ( -0.04736207754696223488, 0.9488230257917399380, 0.07474182857403065261 ) ) ;
#469 = FILL_AREA_STYLE ('',( #14 ) ) ;
#470 = EDGE_CURVE ( 'NONE', #2068, #2086, #309, .T. ) ;
#471 = CARTESIAN_POINT ( 'NONE',  ( 0.03220891953267791818, 0.9494539467371909680, -0.9129472200204946652 ) ) ;
#472 = CARTESIAN_POINT ( 'NONE',  ( -0.1187324444737164475, 0.9425604662084975383, 0.4000711860075137349 ) ) ;
#473 = EDGE_CURVE ( 'NONE', #416, #922, #2130, .T. ) ;
#474 = B_SPLINE_CURVE_WITH_KNOTS ( 'NONE', 3,
 ( #178, #195, #1540, #2055, #2074, #1600, #383, #2042, #1813, #650, #665, #893, #1831, #2791, #1847, #217 ),
 .UNSPECIFIED., .F., .F.,
 ( 4, 3, 3, 3, 3, 4 ),
 ( 1.355252715606880543E-20, 1.838617453786277304E-05, 3.430171079199127379E-05, 4.902650258597967761E-05, 6.651503354057646715E-05, 8.386415710935668825E-05 ),
 .UNSPECIFIED. ) ;
#475 = CARTESIAN_POINT ( 'NONE',  ( -0.1801282051282049879, -0.9327667606198729588, 0.1820512820512822094 ) ) ;
#476 = CARTESIAN_POINT ( 'NONE',  ( 0.09238782051282053154, -0.9454969543160309797, -0.8519230769230765610 ) ) ;
#477 = CARTESIAN_POINT ( 'NONE',  ( -0.1153846153846152522, -0.9429668024551788319, 0.05873397435897449725 ) ) ;
#478 = ORIENTED_EDGE ( 'NONE', *, *, #2886, .T. ) ;
#479 = CARTESIAN_POINT ( 'NONE',  ( 0.000000000000000000, 0.000000000000000000, -3.403937756669170867 ) ) ;
#480 = VERTEX_POINT ( 'NONE', #2098 ) ;
#481 = CARTESIAN_POINT ( 'NONE',  ( -0.1053997146829588061, -0.9441350405403452495, 0.3540454114264542373 ) ) ;
#482 = DIRECTION ( 'NONE',  ( 0.000000000000000000, 0.000000000000000000, 1.000000000000000000 ) ) ;
#483 = CARTESIAN_POINT ( 'NONE',  ( -0.002564102564102377618, -0.9499965396663508921, 0.1666666666666667962 ) ) ;
#484 = CARTESIAN_POINT ( 'NONE',  ( -0.04525666700431561079, -0.9492500919350161936, -0.8190064593001314952 ) ) ;
#485 = VERTEX_POINT ( 'NONE', #1694 ) ;
#486 = CARTESIAN_POINT ( 'NONE',  ( 0.03326913114960986656, 0.9494172786712652412, -0.9477721326349584086 ) ) ;
#487 = DIRECTION ( 'NONE',  ( -1.000000000000000000, 1.224646799147353454E-16, 0.000000000000000000 ) ) ;
#488 = CARTESIAN_POINT ( 'NONE',  ( -0.1554234352781499184, 0.9387159739425156024, -0.6887573656363836783 ) ) ;
#489 = CARTESIAN_POINT ( 'NONE',  ( 0.02118118917571065740, 0.9498033557124978543, -0.8634166594643385428 ) ) ;
#490 = EDGE_CURVE ( 'NONE', #2152, #2618, #1117, .T. ) ;
#491 = VERTEX_POINT ( 'NONE', #30 ) ;
#492 = CARTESIAN_POINT ( 'NONE',  ( -0.1712137078883106678, 0.9344882546259153377, 0.1818715973900998650 ) ) ;
#493 = CARTESIAN_POINT ( 'NONE',  ( -0.1962644937144213397, 0.9295574445336802771, -0.4121220095344585999 ) ) ;
#494 = CARTESIAN_POINT ( 'NONE',  ( 0.1037038834930865960, -0.9443229681074207793, -0.5293414716415066890 ) ) ;
#495 = VERTEX_POINT ( 'NONE', #300 ) ;
#496 =( LENGTH_UNIT ( ) NAMED_UNIT ( * ) SI_UNIT ( .MILLI., .METRE. ) );
#497 = CARTESIAN_POINT ( 'NONE',  ( -0.2375862040998354408, 0.9198133099944493241, 0.3439444888542684819 ) ) ;
#498 = SURFACE_STYLE_USAGE ( .BOTH. , #1659 ) ;
#499 = VERTEX_POINT ( 'NONE', #1156 ) ;
#500 = SURFACE_STYLE_FILL_AREA ( #2335 ) ;
#501 = AXIS2_PLACEMENT_3D ( 'NONE', #456, #2804, #2580 ) ;
#502 = CARTESIAN_POINT ( 'NONE',  ( -0.2056504726958095219, 0.9274739258225708216, -0.07634671182070369710 ) ) ;
#503 = VECTOR ( 'NONE', #482, 1000.000000000000000 ) ;
#504 = COLOUR_RGB ( '',0.8313725490196077761, 0.8313725490196077761, 0.8196078431372548767 ) ;
#505 = ORIENTED_EDGE ( 'NONE', *, *, #470, .F. ) ;
#506 = EDGE_CURVE ( 'NONE', #2415, #2861, #13, .T. ) ;
#507 = ORIENTED_EDGE ( 'NONE', *, *, #1814, .F. ) ;
#508 = MECHANICAL_DESIGN_GEOMETRIC_PRESENTATION_REPRESENTATION (  '', ( #1534 ), #2831 ) ;
#509 = CIRCLE ( 'NONE', #2625, 0.9499999999999999556 ) ;
#510 = CARTESIAN_POINT ( 'NONE',  ( -0.2259943192861287586, 0.9227277863218378284, -0.7698683284067890931 ) ) ;
#511 =( NAMED_UNIT ( * ) PLANE_ANGLE_UNIT ( ) SI_UNIT ( $, .RADIAN. ) );
#512 = EDGE_LOOP ( 'NONE', ( #1593, #3001, #877, #312, #1149, #2525 ) ) ;
#513 = PRESENTATION_STYLE_ASSIGNMENT (( #3034 ) ) ;
#514 = CARTESIAN_POINT ( 'NONE',  ( 0.06402243589743610019, -0.9478402437656668900, 0.1392628205128206564 ) ) ;
#515 = TOROIDAL_SURFACE ( 'NONE', #2535, 1.000000000000000222, 0.2999999999999999889 ) ;
#516 = CARTESIAN_POINT ( 'NONE',  ( 0.9499999999999999556, 1.163414459189985682E-16, -3.403937756669170867 ) ) ;
#517 = DIRECTION ( 'NONE',  ( 1.000000000000000000, 0.000000000000000000, 0.000000000000000000 ) ) ;
#518 = CARTESIAN_POINT ( 'NONE',  ( -0.9499999999999999556, 0.000000000000000000, -3.403937756669170867 ) ) ;
#519 = ORIENTED_EDGE ( 'NONE', *, *, #2752, .F. ) ;
#520 = DIRECTION ( 'NONE',  ( 0.000000000000000000, 0.000000000000000000, 1.000000000000000000 ) ) ;
#521 = ADVANCED_FACE ( 'NONE', ( #2153 ), #2416, .T. ) ;
#522 = CYLINDRICAL_SURFACE ( 'NONE', #75, 0.9499999999999999556 ) ;
#523 = ORIENTED_EDGE ( 'NONE', *, *, #1394, .F. ) ;
#524 = CARTESIAN_POINT ( 'NONE',  ( 0.05469110777786562183, 0.9484383920870373963, 0.1473803611920733725 ) ) ;
#525 = CARTESIAN_POINT ( 'NONE',  ( 0.03333333333333334675, -0.9494150245750743178, -0.9593749999999997558 ) ) ;
#526 = CARTESIAN_POINT ( 'NONE',  ( -0.1923076923076922073, -0.9303320651677496889, -3.403937756669170867 ) ) ;
#527 = EDGE_LOOP ( 'NONE', ( #421, #2433, #1391, #2448, #1062, #2003, #2811, #1925, #2063, #1206, #2782, #1605, #2049, #1297, #2334, #2501, #873 ) ) ;
#528 = CARTESIAN_POINT ( 'NONE',  ( -0.2333333333333333648, -0.9208993189027536719, -0.9341346153846150635 ) ) ;
#529 = DIRECTION ( 'NONE',  ( -0.000000000000000000, -0.000000000000000000, -1.000000000000000000 ) ) ;
#530 = FACE_OUTER_BOUND ( 'NONE', #1636, .T. ) ;
#531 = CARTESIAN_POINT ( 'NONE',  ( 0.007420478522878237553, -0.9499710187677053996, 0.01404747538605294332 ) ) ;
#532 = CARTESIAN_POINT ( 'NONE',  ( 0.08942307692307699396, -0.9457819586530552547, -0.5848557692307693179 ) ) ;
#533 = ORIENTED_EDGE ( 'NONE', *, *, #122, .T. ) ;
#534 = EDGE_LOOP ( 'NONE', ( #2127, #345, #928, #1416 ) ) ;
#535 = CARTESIAN_POINT ( 'NONE',  ( 0.000000000000000000, -8.673617379884035472E-16, 9.160000000000001918 ) ) ;
#536 = EDGE_CURVE ( 'NONE', #1609, #2395, #1873, .T. ) ;
#537 = ORIENTED_EDGE ( 'NONE', *, *, #490, .T. ) ;
#538 = CARTESIAN_POINT ( 'NONE',  ( -0.2379498846279528568, 0.9197353440389781642, -0.7773087619914383906 ) ) ;
#539 = DIRECTION ( 'NONE',  ( 0.000000000000000000, 0.000000000000000000, -1.000000000000000000 ) ) ;
#540 = CARTESIAN_POINT ( 'NONE',  ( -0.2207181160734606185, -0.9240499118957961056, -0.8572647982038443804 ) ) ;
#541 = EDGE_CURVE ( 'NONE', #2034, #826, #2698, .T. ) ;
#542 = ORIENTED_EDGE ( 'NONE', *, *, #742, .T. ) ;
#543 = CARTESIAN_POINT ( 'NONE',  ( -0.2941550368763122814, 0.9033219076813148174, 0.3002819587056382300 ) ) ;
#544 = CARTESIAN_POINT ( 'NONE',  ( -0.2280365543904795123, -0.9223424525446619615, 0.4829182319310800220 ) ) ;
#545 = DIRECTION ( 'NONE',  ( 0.000000000000000000, -1.000000000000000000, 6.802837160693362624E-16 ) ) ;
#546 = CARTESIAN_POINT ( 'NONE',  ( -0.1134385038833068127, -0.9433031878143636195, -0.6126306753184405096 ) ) ;
#547 = CARTESIAN_POINT ( 'NONE',  ( -0.2283771033521235228, -0.9221472809744624133, 0.08292488345388665527 ) ) ;
#548 = B_SPLINE_CURVE_WITH_KNOTS ( 'NONE', 3,
 ( #866, #219, #626, #2255, #2775, #197, #668, #1353, #2275, #2030 ),
 .UNSPECIFIED., .F., .F.,
 ( 4, 3, 3, 4 ),
 ( 0.000000000000000000, 2.405914650072924992E-05, 4.482504631021251964E-05, 6.594137337240239718E-05 ),
 .UNSPECIFIED. ) ;
#549 = CARTESIAN_POINT ( 'NONE',  ( -0.3051282051282050989, -0.8996648144921751689, -0.4994391025641026771 ) ) ;
#550 = ORIENTED_EDGE ( 'NONE', *, *, #1561, .T. ) ;
#551 = AXIS2_PLACEMENT_3D ( 'NONE', #148, #1719, #1736 ) ;
#552 = CARTESIAN_POINT ( 'NONE',  ( -0.1161269521425893902, 0.9428757197337802598, 0.04834386252143309942 ) ) ;
#553 = ORIENTED_EDGE ( 'NONE', *, *, #1797, .F. ) ;
#554 = CARTESIAN_POINT ( 'NONE',  ( -0.009593298803999247490, -0.9499515611958860850, 0.1663430112342227651 ) ) ;
#555 = AXIS2_PLACEMENT_3D ( 'NONE', #2036, #1093, #171 ) ;
#556 = VERTEX_POINT ( 'NONE', #1901 ) ;
#557 = CARTESIAN_POINT ( 'NONE',  ( -0.009294871794871612664, -0.9499545280476939801, 0.08974358974358988272 ) ) ;
#558 = CARTESIAN_POINT ( 'NONE',  ( -0.1327479474531949033, 0.9406849148072051747, 0.2832422682888572352 ) ) ;
#559 = VECTOR ( 'NONE', #2653, 1000.000000000000000 ) ;
#560 = CARTESIAN_POINT ( 'NONE',  ( -0.1358974358974357755, -0.9402296990185439185, 0.3056089743589746055 ) ) ;
#561 = CARTESIAN_POINT ( 'NONE',  ( -0.2145943996539426135, 0.9254649999740491850, 0.4064321902476215054 ) ) ;
#562 = PRESENTATION_STYLE_ASSIGNMENT (( #1506 ) ) ;
#563 = EDGE_CURVE ( 'NONE', #885, #1609, #2205, .T. ) ;
#564 = CARTESIAN_POINT ( 'NONE',  ( -0.08661858974358957464, -0.9460429270973024218, 0.1091346153846155104 ) ) ;
#565 = B_SPLINE_CURVE_WITH_KNOTS ( 'NONE', 3,
 ( #593, #1526, #2076, #1352, #2, #1562, #2101, #925, #2819, #1815, #698, #2057, #1143 ),
 .UNSPECIFIED., .F., .F.,
 ( 4, 3, 3, 3, 4 ),
 ( 0.000000000000000000, 3.022497612257682507E-05, 6.065684436881650085E-05, 9.954666039564620712E-05, 0.0001069455140235967450 ),
 .UNSPECIFIED. ) ;
#566 = CARTESIAN_POINT ( 'NONE',  ( -0.2384615384615383360, 0.9195847403445516210, 0.3559294871794874138 ) ) ;
#567 = SURFACE_STYLE_FILL_AREA ( #2680 ) ;
#568 = VERTEX_POINT ( 'NONE', #140 ) ;
#569 = EDGE_CURVE ( 'NONE', #1401, #2365, #2710, .T. ) ;
#570 = CARTESIAN_POINT ( 'NONE',  ( -0.1843865277977991823, -0.9319418870994488069, 0.2960930861521486879 ) ) ;
#571 = FACE_OUTER_BOUND ( 'NONE', #1327, .T. ) ;
#572 = EDGE_LOOP ( 'NONE', ( #972, #1806, #1741, #2747 ) ) ;
#573 = ORIENTED_EDGE ( 'NONE', *, *, #1963, .F. ) ;
#574 = DIRECTION ( 'NONE',  ( 0.000000000000000000, 0.000000000000000000, -1.000000000000000000 ) ) ;
#575 = CARTESIAN_POINT ( 'NONE',  ( -0.2260282448599670313, -0.9227263614844092299, -0.8699705798621144570 ) ) ;
#576 = ORIENTED_EDGE ( 'NONE', *, *, #2735, .F. ) ;
#577 = CARTESIAN_POINT ( 'NONE',  ( -0.2320754163334139419, -0.9212172536429720227, -0.8998923457783148949 ) ) ;
#578 = FILL_AREA_STYLE_COLOUR ( '', #597 ) ;
#579 = CARTESIAN_POINT ( 'NONE',  ( -0.1938460774230482409, -0.9300681345750438922, -0.5891056642290924961 ) ) ;
#580 = CYLINDRICAL_SURFACE ( 'NONE', #1834, 0.9499999999999999556 ) ;
#581 = VERTEX_POINT ( 'NONE', #1748 ) ;
#582 = B_SPLINE_CURVE_WITH_KNOTS ( 'NONE', 3,
 ( #997, #1478, #1565, #1098, #2289, #1632, #2341, #1880, #2599, #1507, #1223, #1769, #2656, #1292, #1472, #1523 ),
 .UNSPECIFIED., .F., .F.,
 ( 4, 3, 3, 3, 3, 4 ),
 ( 0.000000000000000000, 1.944516889638816176E-05, 3.173072336671912714E-05, 4.402202973303257757E-05, 5.585433565266309806E-05, 6.382080989213551557E-05 ),
 .UNSPECIFIED. ) ;
#583 = EDGE_CURVE ( 'NONE', #198, #280, #106, .T. ) ;
#584 = ORIENTED_EDGE ( 'NONE', *, *, #709, .T. ) ;
#585 = CARTESIAN_POINT ( 'NONE',  ( -0.1697916666666665075, -0.9347035839936399526, 0.4179487179487181292 ) ) ;
#586 = ORIENTED_EDGE ( 'NONE', *, *, #233, .T. ) ;
#587 = SURFACE_STYLE_USAGE ( .BOTH. , #1264 ) ;
#588 = ORIENTED_EDGE ( 'NONE', *, *, #536, .T. ) ;
#589 =( NAMED_UNIT ( * ) SI_UNIT ( $, .STERADIAN. ) SOLID_ANGLE_UNIT ( ) );
#590 = CARTESIAN_POINT ( 'NONE',  ( 0.000000000000000000, 0.000000000000000000, -3.403937756669170867 ) ) ;
#591 = CARTESIAN_POINT ( 'NONE',  ( -0.2272465826781882581, 0.9224461600014315366, 0.4825986824619213911 ) ) ;
#592 = CARTESIAN_POINT ( 'NONE',  ( 3.673940397442064429E-17, 0.3000000000000000444, 1.949999999999999956 ) ) ;
#593 = CARTESIAN_POINT ( 'NONE',  ( -0.002564102564102377618, 0.9499965396663508921, 0.1666666666666667962 ) ) ;
#594 = LINE ( 'NONE', #1046, #2784 ) ;
#595 =( BOUNDED_CURVE ( )  B_SPLINE_CURVE ( 3, ( #1334, #1363, #2490, #3013 ),
 .UNSPECIFIED., .F., .T. ) 
 B_SPLINE_CURVE_WITH_KNOTS ( ( 4, 4 ),
 ( 1.373327902233579367, 1.383467808509868613 ),
 .UNSPECIFIED. ) 
 CURVE ( )  GEOMETRIC_REPRESENTATION_ITEM ( )  RATIONAL_B_SPLINE_CURVE ( ( 1.000000000000000000, 0.9999914318767455512, 0.9999914318767455512, 1.000000000000000000 ) ) 
 REPRESENTATION_ITEM ( '' )  );
#596 = CARTESIAN_POINT ( 'NONE',  ( 0.01523456762392360817, 0.9498778384348259829, -0.5698688500152225833 ) ) ;
#597 = COLOUR_RGB ( '',0.8313725490196077761, 0.8313725490196077761, 0.8196078431372548767 ) ;
#598 = FILL_AREA_STYLE_COLOUR ( '', #504 ) ;
#599 = EDGE_LOOP ( 'NONE', ( #662, #2568, #1092, #189 ) ) ;
#600 = CARTESIAN_POINT ( 'NONE',  ( 0.09994749845448983039, 0.9447277705112948620, -0.9149106210403412653 ) ) ;
#601 = ADVANCED_FACE ( 'NONE', ( #2954 ), #2640, .T. ) ;
#602 =( GEOMETRIC_REPRESENTATION_CONTEXT ( 3 ) GLOBAL_UNCERTAINTY_ASSIGNED_CONTEXT ( ( #913 ) ) GLOBAL_UNIT_ASSIGNED_CONTEXT ( ( #382, #162, #1580 ) ) REPRESENTATION_CONTEXT ( 'NONE', 'WORKASPACE' ) );
#603 = DIRECTION ( 'NONE',  ( 1.000000000000000000, 0.000000000000000000, 0.000000000000000000 ) ) ;
#604 =( GEOMETRIC_REPRESENTATION_CONTEXT ( 3 ) GLOBAL_UNCERTAINTY_ASSIGNED_CONTEXT ( ( #3020 ) ) GLOBAL_UNIT_ASSIGNED_CONTEXT ( ( #393, #425, #2515 ) ) REPRESENTATION_CONTEXT ( 'NONE', 'WORKASPACE' ) );
#605 = ADVANCED_FACE ( 'NONE', ( #530 ), #1914, .T. ) ;
#606 = EDGE_LOOP ( 'NONE', ( #276, #1041, #586, #105 ) ) ;
#607 = COLOUR_RGB ( '',0.8313725490196077761, 0.8313725490196077761, 0.8196078431372548767 ) ;
#608 = DIRECTION ( 'NONE',  ( 0.000000000000000000, -1.000000000000000000, -5.599838911056187026E-16 ) ) ;
#609 = CARTESIAN_POINT ( 'NONE',  ( -0.1256410256410255277, -0.9416551028247397426, -0.2538461538461535549 ) ) ;
#610 = CARTESIAN_POINT ( 'NONE',  ( 0.05197414015032673223, -0.9487834462476831821, -0.05340812821141488476 ) ) ;
#611 = PRESENTATION_LAYER_ASSIGNMENT (  '', '', ( #748 ) ) ;
#612 = PRESENTATION_LAYER_ASSIGNMENT (  '', '', ( #2164 ) ) ;
#613 =( NAMED_UNIT ( * ) PLANE_ANGLE_UNIT ( ) SI_UNIT ( $, .RADIAN. ) );
#614 = CIRCLE ( 'NONE', #2318, 0.2999999999999999889 ) ;
#615 = CARTESIAN_POINT ( 'NONE',  ( -0.01004091944736251740, 0.9499469353270925120, -0.5921821210423433568 ) ) ;
#616 = TOROIDAL_SURFACE ( 'NONE', #2581, 0.7500000000000000000, 0.2000000000000000111 ) ;
#617 = FACE_OUTER_BOUND ( 'NONE', #1622, .T. ) ;
#618 = EDGE_LOOP ( 'NONE', ( #2304, #1665, #2197, #2701, #126, #2739, #1995, #1792, #1933, #35, #1864, #1672, #117, #1976, #1134, #631 ) ) ;
#619 = CARTESIAN_POINT ( 'NONE',  ( -0.1181496707565035942, 0.9427341725669396988, -0.7413077333173971883 ) ) ;
#620 = ORIENTED_EDGE ( 'NONE', *, *, #2864, .T. ) ;
#621 = ADVANCED_FACE ( 'NONE', ( #2897 ), #1866, .T. ) ;
#622 = SURFACE_STYLE_USAGE ( .BOTH. , #1051 ) ;
#623 = CARTESIAN_POINT ( 'NONE',  ( -0.1554989083914915249, 0.9372320440294339416, 0.1039074142330233402 ) ) ;
#624 = CARTESIAN_POINT ( 'NONE',  ( -0.06781904319721668295, -0.9477302583730469188, -0.6887578130697086243 ) ) ;
#625 = CARTESIAN_POINT ( 'NONE',  ( -0.1634663206528189916, -0.9358359975152207300, 0.4178423952980023781 ) ) ;
#626 = CARTESIAN_POINT ( 'NONE',  ( -0.2700002523995507775, 0.9108345843337614101, -0.8077621509822089374 ) ) ;
#627 = ORIENTED_EDGE ( 'NONE', *, *, #1737, .T. ) ;
#628 = CARTESIAN_POINT ( 'NONE',  ( 0.000000000000000000, 0.000000000000000000, -1.949999999999999956 ) ) ;
#629 = CARTESIAN_POINT ( 'NONE',  ( -0.2384615384615383082, 0.9195847403445516210, 0.05152243589743604052 ) ) ;
#630 = CARTESIAN_POINT ( 'NONE',  ( 0.09806330266152527009, -0.9449253467494451719, -0.8832329212920425610 ) ) ;
#631 = ORIENTED_EDGE ( 'NONE', *, *, #2719, .T. ) ;
#632 = CARTESIAN_POINT ( 'NONE',  ( 0.000000000000000000, 0.000000000000000000, -3.403937756669170867 ) ) ;
#633 = CARTESIAN_POINT ( 'NONE',  ( -0.05910057331536443942, 0.9481598695502159169, 0.04277431266915392161 ) ) ;
#634 = DIRECTION ( 'NONE',  ( -1.000000000000000000, 0.000000000000000000, 0.000000000000000000 ) ) ;
#635 = SURFACE_STYLE_FILL_AREA ( #1317 ) ;
#636 = EDGE_CURVE ( 'NONE', #2120, #1708, #1280, .T. ) ;
#637 = CARTESIAN_POINT ( 'NONE',  ( -0.1034712681189969979, -0.9443630346672536868, 0.1473893975992759398 ) ) ;
#638 = UNCERTAINTY_MEASURE_WITH_UNIT (LENGTH_MEASURE( 1.000000000000000082E-05 ), #1903, 'distance_accuracy_value', 'NONE');
#639 = LINE ( 'NONE', #1322, #2935 ) ;
#640 = ORIENTED_EDGE ( 'NONE', *, *, #2631, .T. ) ;
#641 = FILL_AREA_STYLE_COLOUR ( '', #802 ) ;
#642 = ORIENTED_EDGE ( 'NONE', *, *, #1535, .F. ) ;
#643 = VERTEX_POINT ( 'NONE', #2190 ) ;
#644 = CARTESIAN_POINT ( 'NONE',  ( -0.03846153846153831796, -0.9492211070447030830, 0.3799679487179488668 ) ) ;
#645 = CARTESIAN_POINT ( 'NONE',  ( -0.2239393377248698191, 0.9232420192749719590, -0.8651582762600997789 ) ) ;
#646 = EDGE_LOOP ( 'NONE', ( #259, #1122, #676, #658, #1034, #2586, #2349 ) ) ;
#647 = CARTESIAN_POINT ( 'NONE',  ( -0.2536858974358973118, 0.9155017561109008994, 0.4665064102564104309 ) ) ;
#648 = CARTESIAN_POINT ( 'NONE',  ( -0.3051282051282049879, -0.8996648144921751689, 0.04991987179487193671 ) ) ;
#649 = CARTESIAN_POINT ( 'NONE',  ( -0.2333333333333333648, -0.9208993189027536719, -0.9974358974358968899 ) ) ;
#650 = CARTESIAN_POINT ( 'NONE',  ( -0.1411569143318605335, -0.9394544829507869288, 0.09800466366979292132 ) ) ;
#651 = COLOUR_RGB ( '',1.000000000000000000, 0.4549019607843137192, 0.4352941176470588314 ) ;
#652 = DIRECTION ( 'NONE',  ( -1.000000000000000000, 0.000000000000000000, 0.000000000000000000 ) ) ;
#653 = EDGE_CURVE ( 'NONE', #643, #885, #1044, .T. ) ;
#654 = CARTESIAN_POINT ( 'NONE',  ( -0.2745799588190301344, -0.9094535976135302846, 0.1376087534650224098 ) ) ;
#655 = ORIENTED_EDGE ( 'NONE', *, *, #857, .F. ) ;
#656 = B_SPLINE_CURVE_WITH_KNOTS ( 'NONE', 3,
 ( #1351, #895, #1318, #1832, #882, #666, #1601, #2253, #1365, #150 ),
 .UNSPECIFIED., .F., .F.,
 ( 4, 3, 3, 4 ),
 ( 0.000000000000000000, 1.800375061881636073E-05, 3.601931318352347578E-05, 7.197511215451866495E-05 ),
 .UNSPECIFIED. ) ;
#657 = FACE_OUTER_BOUND ( 'NONE', #2539, .T. ) ;
#658 = ORIENTED_EDGE ( 'NONE', *, *, #3015, .F. ) ;
#659 = VECTOR ( 'NONE', #1466, 1000.000000000000000 ) ;
#660 = CARTESIAN_POINT ( 'NONE',  ( -0.04242637687938188157, 0.9490521600759824761, 0.3543984748756371927 ) ) ;
#661 = CARTESIAN_POINT ( 'NONE',  ( -0.1084434285756111088, 0.9438269994991472789, -0.8180236871233338425 ) ) ;
#662 = ORIENTED_EDGE ( 'NONE', *, *, #1398, .T. ) ;
#663 = CARTESIAN_POINT ( 'NONE',  ( -0.3000000000000000444, 0.9013878188659973922, -1.074358974358973873 ) ) ;
#664 = CARTESIAN_POINT ( 'NONE',  ( -0.1443598001362976502, -0.9389976238950599186, 0.4153879852118401161 ) ) ;
#665 = CARTESIAN_POINT ( 'NONE',  ( -0.1463663484795025560, -0.9386717439644483019, 0.1006715394250216472 ) ) ;
#666 = CARTESIAN_POINT ( 'NONE',  ( -0.2976549718391144350, 0.9021651637849944505, -0.8815198663638343923 ) ) ;
#667 = CARTESIAN_POINT ( 'NONE',  ( -0.1210737179487177823, -0.9422532328530761614, 0.02820512820512834778 ) ) ;
#668 = CARTESIAN_POINT ( 'NONE',  ( -0.2839559294852011528, 0.9065699256594579314, -0.8325988395077044135 ) ) ;
#669 = UNCERTAINTY_MEASURE_WITH_UNIT (LENGTH_MEASURE( 1.000000000000000082E-05 ), #2583, 'distance_accuracy_value', 'NONE');
#670 = DIRECTION ( 'NONE',  ( 0.000000000000000000, 0.000000000000000000, 1.000000000000000000 ) ) ;
#671 = ORIENTED_EDGE ( 'NONE', *, *, #898, .F. ) ;
#672 = EDGE_CURVE ( 'NONE', #2402, #2002, #2728, .T. ) ;
#673 = CARTESIAN_POINT ( 'NONE',  ( -0.09863782051282046770, 0.9448653768471362291, -0.3871794871794873028 ) ) ;
#674 = ORIENTED_EDGE ( 'NONE', *, *, #149, .F. ) ;
#675 = CARTESIAN_POINT ( 'NONE',  ( -0.1681089743589742058, -0.9350076859256152284, 0.4948717948717950565 ) ) ;
#676 = ORIENTED_EDGE ( 'NONE', *, *, #2296, .F. ) ;
#677 = CARTESIAN_POINT ( 'NONE',  ( -0.1275271795666797769, -0.9414090206854760501, 0.3128279525765759184 ) ) ;
#678 = CARTESIAN_POINT ( 'NONE',  ( -0.2333333333333333648, -0.9208993189027536719, -0.9341346153846150635 ) ) ;
#679 = CARTESIAN_POINT ( 'NONE',  ( -0.1369355129903759849, -0.9400790739529149009, 0.4123970671828149914 ) ) ;
#680 = CYLINDRICAL_SURFACE ( 'NONE', #182, 0.9499999999999999556 ) ;
#681 = DIRECTION ( 'NONE',  ( 1.000000000000000000, 0.000000000000000000, 0.000000000000000000 ) ) ;
#682 = CARTESIAN_POINT ( 'NONE',  ( -0.2224503002452507816, 0.9235995395389731133, 0.08902273317132800012 ) ) ;
#683 = EDGE_LOOP ( 'NONE', ( #934, #640, #936, #1568, #139, #464 ) ) ;
#684 = SURFACE_STYLE_FILL_AREA ( #2061 ) ;
#685 = CARTESIAN_POINT ( 'NONE',  ( -0.1927777966689526168, -0.9302737398284789405, 0.1040360326364813404 ) ) ;
#686 = CARTESIAN_POINT ( 'NONE',  ( -0.2384615384615384193, 0.9195847403445515100, -0.4995993589743591423 ) ) ;
#687 = ORIENTED_EDGE ( 'NONE', *, *, #88, .F. ) ;
#688 = ADVANCED_FACE ( 'NONE', ( #366 ), #1701, .F. ) ;
#689 = CARTESIAN_POINT ( 'NONE',  ( -0.2333333333333333648, 0.9208993189027536719, -0.9341346153846150635 ) ) ;
#690 = CLOSED_SHELL ( 'NONE', ( #1091, #2833, #1648, #1056, #1564, #1013, #2315, #2401, #1018, #1148, #1884, #267, #1793, #521, #2128, #1467, #881, #2016, #49, #688, #1222, #762, #2242, #605 ) ) ;
#691 = VERTEX_POINT ( 'NONE', #663 ) ;
#692 = CARTESIAN_POINT ( 'NONE',  ( -3.673940397442058882E-17, -1.000000000000000888, -10.46000000000000263 ) ) ;
#693 = CARTESIAN_POINT ( 'NONE',  ( -0.2977923710893177200, -0.9021195617654492738, 0.4067752842223704146 ) ) ;
#694 = CARTESIAN_POINT ( 'NONE',  ( 0.09487179487179507598, -0.9452509415693823858, 0.2846153846153848810 ) ) ;
#695 = AXIS2_PLACEMENT_3D ( 'NONE', #994, #545, #2424 ) ;
#696 =( GEOMETRIC_REPRESENTATION_CONTEXT ( 3 ) GLOBAL_UNCERTAINTY_ASSIGNED_CONTEXT ( ( #2400 ) ) GLOBAL_UNIT_ASSIGNED_CONTEXT ( ( #1310, #2963, #2731 ) ) REPRESENTATION_CONTEXT ( 'NONE', 'WORKASPACE' ) );
#697 = CARTESIAN_POINT ( 'NONE',  ( 0.9499999999999999556, 1.163414459189985682E-16, -1.749999999999999778 ) ) ;
#698 = CARTESIAN_POINT ( 'NONE',  ( -0.08413310393328143899, 0.9462680701822087093, 0.1134471507169682869 ) ) ;
#699 = CARTESIAN_POINT ( 'NONE',  ( -0.2461479636801058302, 0.9175571807664614221, -0.06007032487333280324 ) ) ;
#700 = CYLINDRICAL_SURFACE ( 'NONE', #1870, 0.9499999999999999556 ) ;
#701 = AXIS2_PLACEMENT_3D ( 'NONE', #1821, #1360, #2247 ) ;
#702 = STYLED_ITEM ( 'NONE', ( #513 ), #1852 ) ;
#703 = CARTESIAN_POINT ( 'NONE',  ( -0.2301502614754755704, -0.9217986233188054657, 0.1729651322743100406 ) ) ;
#704 = ORIENTED_EDGE ( 'NONE', *, *, #1999, .T. ) ;
#705 = AXIS2_PLACEMENT_3D ( 'NONE', #1332, #2269, #1548 ) ;
#706 = AXIS2_PLACEMENT_3D ( 'NONE', #181, #2758, #1112 ) ;
#707 = CARTESIAN_POINT ( 'NONE',  ( -0.2365905298920402688, 0.9200784920301705583, -0.4734685852659748506 ) ) ;
#708 = FACE_OUTER_BOUND ( 'NONE', #2764, .T. ) ;
#709 = EDGE_CURVE ( 'NONE', #2444, #1752, #404, .T. ) ;
#710 = CARTESIAN_POINT ( 'NONE',  ( -0.1250839369903757325, 0.9417405142535603124, 0.3151333511817623889 ) ) ;
#711 = LINE ( 'NONE', #2633, #2414 ) ;
#712 = CARTESIAN_POINT ( 'NONE',  ( 0.7500000000000000000, 0.000000000000000000, -1.949999999999999956 ) ) ;
#713 = CARTESIAN_POINT ( 'NONE',  ( -0.1001602564102564014, -0.9447052043022901024, -0.8179487179487175963 ) ) ;
#714 = EDGE_CURVE ( 'NONE', #1992, #2942, #2491, .T. ) ;
#715 = ORIENTED_EDGE ( 'NONE', *, *, #1127, .F. ) ;
#716 = CARTESIAN_POINT ( 'NONE',  ( -0.1759594793213700437, -0.9335962105363811991, 0.4946589690155976382 ) ) ;
#717 = CARTESIAN_POINT ( 'NONE',  ( -0.3044626440593684036, 0.8998905446208478320, -0.5259799902090628310 ) ) ;
#718 = ORIENTED_EDGE ( 'NONE', *, *, #378, .F. ) ;
#719 = CARTESIAN_POINT ( 'NONE',  ( -0.1442112198112028565, 0.9390375043306271596, 0.1766410824710134275 ) ) ;
#720 = CARTESIAN_POINT ( 'NONE',  ( 0.03333333333333334675, 0.9494150245750743178, -0.9974358974358968899 ) ) ;
#721 = ORIENTED_EDGE ( 'NONE', *, *, #1947, .T. ) ;
#722 =( LENGTH_UNIT ( ) NAMED_UNIT ( * ) SI_UNIT ( .MILLI., .METRE. ) );
#723 = VERTEX_POINT ( 'NONE', #827 ) ;
#724 = FILL_AREA_STYLE ('',( #2311 ) ) ;
#725 = DIRECTION ( 'NONE',  ( 0.000000000000000000, -1.000000000000000000, 3.371402594608182494E-16 ) ) ;
#726 = B_SPLINE_CURVE_WITH_KNOTS ( 'NONE', 3,
 ( #2767, #405, #2738, #1546 ),
 .UNSPECIFIED., .F., .F.,
 ( 4, 4 ),
 ( 0.000000000000000000, 0.0001283978268470389004 ),
 .UNSPECIFIED. ) ;
#727 = VERTEX_POINT ( 'NONE', #649 ) ;
#728 =( LENGTH_UNIT ( ) NAMED_UNIT ( * ) SI_UNIT ( .MILLI., .METRE. ) );
#729 = B_SPLINE_CURVE_WITH_KNOTS ( 'NONE', 3,
 ( #1452, #2422, #333, #2707, #1470, #1968, #1207, #2673 ),
 .UNSPECIFIED., .F., .F.,
 ( 4, 2, 2, 4 ),
 ( 0.000000000000000000, 9.949261941310585131E-05, 0.0001492389291196588108, 0.0001989852388262117839 ),
 .UNSPECIFIED. ) ;
#730 = CARTESIAN_POINT ( 'NONE',  ( -0.1697916666666665075, 0.9347035839936399526, 0.4179487179487181292 ) ) ;
#731 = EDGE_CURVE ( 'NONE', #2248, #283, #205, .T. ) ;
#732 = CARTESIAN_POINT ( 'NONE',  ( -0.1158261005825598627, 0.9429126759270122227, 0.05093288994688675159 ) ) ;
#733 = ORIENTED_EDGE ( 'NONE', *, *, #304, .F. ) ;
#734 = CARTESIAN_POINT ( 'NONE',  ( -0.1153846153846152522, 0.9429668024551788319, 0.05873397435897449725 ) ) ;
#735 = SURFACE_SIDE_STYLE ('',( #1638 ) ) ;
#736 = VERTEX_POINT ( 'NONE', #2009 ) ;
#737 = DIRECTION ( 'NONE',  ( -0.000000000000000000, -0.000000000000000000, -1.000000000000000000 ) ) ;
#738 = ORIENTED_EDGE ( 'NONE', *, *, #745, .F. ) ;
#739 = CARTESIAN_POINT ( 'NONE',  ( -0.2294871794871795323, 0.9218653016851318105, -0.8829326923076920020 ) ) ;
#740 = CARTESIAN_POINT ( 'NONE',  ( -0.1054969825552731499, 0.9441244197720131126, 0.3698243039492157269 ) ) ;
#741 = FACE_BOUND ( 'NONE', #606, .T. ) ;
#742 = EDGE_CURVE ( 'NONE', #2602, #238, #917, .T. ) ;
#743 = VERTEX_POINT ( 'NONE', #1539 ) ;
#744 = TOROIDAL_SURFACE ( 'NONE', #1972, 0.7500000000000000000, 0.2000000000000000111 ) ;
#745 = EDGE_CURVE ( 'NONE', #556, #3029, #595, .T. ) ;
#746 = CARTESIAN_POINT ( 'NONE',  ( -0.1154512398610835211, 0.9429586500583262421, 0.05613025459841777809 ) ) ;
#747 = CARTESIAN_POINT ( 'NONE',  ( -0.2054336020558643894, -0.9275413215735348604, 0.4115874957674104384 ) ) ;
#748 = STYLED_ITEM ( 'NONE', ( #1531 ), #1648 ) ;
#749 = ORIENTED_EDGE ( 'NONE', *, *, #1283, .F. ) ;
#750 = STYLED_ITEM ( 'NONE', ( #2713 ), #2401 ) ;
#751 = CARTESIAN_POINT ( 'NONE',  ( 0.03846153846153854000, -0.9492211070447030830, -0.4995993589743591423 ) ) ;
#752 = ORIENTED_EDGE ( 'NONE', *, *, #384, .T. ) ;
#753 = CARTESIAN_POINT ( 'NONE',  ( 0.09962995712040605134, -0.9447616743076466816, 0.06413005934491218529 ) ) ;
#754 = CARTESIAN_POINT ( 'NONE',  ( -0.08513336073564496675, 0.9462172868156522032, -0.6895061211789733635 ) ) ;
#755 = APPLICATION_PROTOCOL_DEFINITION ( 'draft international standard', 'automotive_design', 1998, #142 ) ;
#756 = SURFACE_STYLE_USAGE ( .BOTH. , #1989 ) ;
#757 = LINE ( 'NONE', #518, #1183 ) ;
#758 = ORIENTED_EDGE ( 'NONE', *, *, #3004, .T. ) ;
#759 = SURFACE_STYLE_FILL_AREA ( #2887 ) ;
#760 = ORIENTED_EDGE ( 'NONE', *, *, #3004, .F. ) ;
#761 = CARTESIAN_POINT ( 'NONE',  ( 3.673940397442058882E-17, 0.2999999999999999889, 1.949999999999999956 ) ) ;
#762 = ADVANCED_FACE ( 'NONE', ( #1550 ), #2973, .F. ) ;
#763 = CARTESIAN_POINT ( 'NONE',  ( -0.1889423076923077149, 0.9310213769639800185, -0.7532051282051278607 ) ) ;
#764 = CARTESIAN_POINT ( 'NONE',  ( -0.01410288725770045271, -0.9499031025668742689, -0.01794656358114078004 ) ) ;
#765 = ORIENTED_EDGE ( 'NONE', *, *, #2776, .F. ) ;
#766 = CARTESIAN_POINT ( 'NONE',  ( -0.2312839009660883072, 0.9214180296772092049, -0.8912916669915406098 ) ) ;
#767 = CARTESIAN_POINT ( 'NONE',  ( -0.07651027949289172791, 0.9469140283742345510, -0.6888688874088734204 ) ) ;
#768 = FACE_OUTER_BOUND ( 'NONE', #797, .T. ) ;
#769 = ORIENTED_EDGE ( 'NONE', *, *, #2864, .F. ) ;
#770 = ORIENTED_EDGE ( 'NONE', *, *, #1680, .T. ) ;
#771 = CARTESIAN_POINT ( 'NONE',  ( -0.2383368900897178955, 0.9196170634586779968, 0.05737840069985747360 ) ) ;
#772 = CARTESIAN_POINT ( 'NONE',  ( 0.1044650347654137446, 0.9442391125974677335, -0.4741046595442226508 ) ) ;
#773 = DIRECTION ( 'NONE',  ( 0.000000000000000000, -1.202998249637175352E-16, 1.000000000000000000 ) ) ;
#774 = ORIENTED_EDGE ( 'NONE', *, *, #742, .F. ) ;
#775 = EDGE_CURVE ( 'NONE', #1667, #60, #1015, .T. ) ;
#776 = CARTESIAN_POINT ( 'NONE',  ( -0.2915064102564102755, -0.9041703450011073784, -0.8522435897435893803 ) ) ;
#777 = DIRECTION ( 'NONE',  ( 0.000000000000000000, 0.000000000000000000, -1.000000000000000000 ) ) ;
#778 = CARTESIAN_POINT ( 'NONE',  ( -0.1654446505378984189, 0.9355341652031227140, 0.1047588682308766006 ) ) ;
#779 = CARTESIAN_POINT ( 'NONE',  ( -0.009314492585135636729, -0.9499935877132714701, 0.008885614744973848247 ) ) ;
#780 = ORIENTED_EDGE ( 'NONE', *, *, #933, .F. ) ;
#781 = CARTESIAN_POINT ( 'NONE',  ( -0.3000000000000000444, -0.9013878188659973922, -0.9233173076923076872 ) ) ;
#782 = EDGE_LOOP ( 'NONE', ( #2369, #1002, #1654, #1650, #2761, #2588, #2917, #2899, #446, #2167, #269, #2660, #1385, #1404, #842, #1430 ) ) ;
#783 = AXIS2_PLACEMENT_3D ( 'NONE', #1611, #204, #3046 ) ;
#784 = PRESENTATION_LAYER_ASSIGNMENT (  '', '', ( #1529 ) ) ;
#785 = FILL_AREA_STYLE ('',( #2430 ) ) ;
#786 =( LENGTH_UNIT ( ) NAMED_UNIT ( * ) SI_UNIT ( .MILLI., .METRE. ) );
#787 = ORIENTED_EDGE ( 'NONE', *, *, #2794, .T. ) ;
#788 = CARTESIAN_POINT ( 'NONE',  ( -0.04521585680755136477, -0.9489613549168781637, 0.1558692845188459075 ) ) ;
#789 = AXIS2_PLACEMENT_3D ( 'NONE', #479, #921, #1390 ) ;
#790 = ORIENTED_EDGE ( 'NONE', *, *, #490, .F. ) ;
#791 =( NAMED_UNIT ( * ) PLANE_ANGLE_UNIT ( ) SI_UNIT ( $, .RADIAN. ) );
#792 = CIRCLE ( 'NONE', #843, 0.9499999999999999556 ) ;
#793 = CARTESIAN_POINT ( 'NONE',  ( 0.000000000000000000, -1.000000000000000888, 9.160000000000001918 ) ) ;
#794 = CARTESIAN_POINT ( 'NONE',  ( 0.06402243589743610019, 0.9478402437656668900, 0.1392628205128206564 ) ) ;
#795 = EDGE_CURVE ( 'NONE', #2395, #1244, #1566, .T. ) ;
#796 = CIRCLE ( 'NONE', #2679, 0.2999999999999999889 ) ;
#797 = EDGE_LOOP ( 'NONE', ( #1050, #2686, #1943, #57 ) ) ;
#798 = CARTESIAN_POINT ( 'NONE',  ( -0.2981444926631872661, 0.9020032491590876944, 0.3124264718785061956 ) ) ;
#799 = CARTESIAN_POINT ( 'NONE',  ( -0.1697916666666665075, 0.9347035839936399526, 0.4179487179487181292 ) ) ;
#800 = B_SPLINE_CURVE_WITH_KNOTS ( 'NONE', 3,
 ( #1048, #1465, #2417, #1732, #330, #2955, #1501, #1252, #1711, #2669, #1037, #76, #1265, #318, #2154, #557 ),
 .UNSPECIFIED., .F., .F.,
 ( 4, 3, 3, 3, 3, 4 ),
 ( 0.000000000000000000, 1.707672529051968728E-05, 2.870408902344301756E-05, 4.027841552891699622E-05, 5.555564700443595464E-05, 6.342841147602998287E-05 ),
 .UNSPECIFIED. ) ;
#801 = EDGE_CURVE ( 'NONE', #1244, #2322, #1272, .T. ) ;
#802 = COLOUR_RGB ( '',0.8313725490196077761, 0.8313725490196077761, 0.8196078431372548767 ) ;
#803 = DIRECTION ( 'NONE',  ( 0.000000000000000000, -1.202998249637175352E-16, 1.000000000000000000 ) ) ;
#804 = FACE_OUTER_BOUND ( 'NONE', #1544, .T. ) ;
#805 = ORIENTED_EDGE ( 'NONE', *, *, #536, .F. ) ;
#806 = DIRECTION ( 'NONE',  ( -0.000000000000000000, -0.000000000000000000, -1.000000000000000000 ) ) ;
#807 = ORIENTED_EDGE ( 'NONE', *, *, #1836, .F. ) ;
#808 = CARTESIAN_POINT ( 'NONE',  ( -0.01889312947686475411, -0.9498576447709694559, 0.1657346708239367805 ) ) ;
#809 = ORIENTED_EDGE ( 'NONE', *, *, #1262, .F. ) ;
#810 = CARTESIAN_POINT ( 'NONE',  ( -0.01025668612095516352, -0.9499524178004881136, -0.04358790449277605283 ) ) ;
#811 = FILL_AREA_STYLE_COLOUR ( '', #2265 ) ;
#812 = CARTESIAN_POINT ( 'NONE',  ( -0.2383326438460128260, 0.9196181645706932306, 0.3632672294412450653 ) ) ;
#813 = CARTESIAN_POINT ( 'NONE',  ( -0.1681089743589742058, 0.9350076859256152284, 0.4948717948717950565 ) ) ;
#814 = DIRECTION ( 'NONE',  ( -1.000000000000000000, 0.000000000000000000, 0.000000000000000000 ) ) ;
#815 = CARTESIAN_POINT ( 'NONE',  ( -0.2383793450874402420, 0.9196060516697275311, 0.04985733451880319106 ) ) ;
#816 = EDGE_CURVE ( 'NONE', #2938, #2629, #243, .T. ) ;
#817 = FACE_OUTER_BOUND ( 'NONE', #599, .T. ) ;
#818 = CARTESIAN_POINT ( 'NONE',  ( -0.06614869800134802469, -0.9482967044626610109, -0.6122866148450100132 ) ) ;
#819 = ORIENTED_EDGE ( 'NONE', *, *, #1165, .T. ) ;
#820 =( BOUNDED_CURVE ( )  B_SPLINE_CURVE ( 3, ( #2984, #1326, #1300, #856 ),
 .UNSPECIFIED., .F., .T. ) 
 B_SPLINE_CURVE_WITH_KNOTS ( ( 4, 4 ),
 ( 4.693494468858801838, 4.705641290853025183 ),
 .UNSPECIFIED. ) 
 CURVE ( )  GEOMETRIC_REPRESENTATION_ITEM ( )  RATIONAL_B_SPLINE_CURVE ( ( 1.000000000000000000, 0.9999877045974143730, 0.9999877045974143730, 1.000000000000000000 ) ) 
 REPRESENTATION_ITEM ( '' )  );
#821 = CARTESIAN_POINT ( 'NONE',  ( 0.09944897371635248728, 0.9447803789513697925, -0.9021892995732067044 ) ) ;
#822 = CARTESIAN_POINT ( 'NONE',  ( -0.1284474870314779582, 0.9412763903741512284, 0.4902653271007541558 ) ) ;
#823 = ORIENTED_EDGE ( 'NONE', *, *, #88, .T. ) ;
#824 = PRESENTATION_STYLE_ASSIGNMENT (( #587 ) ) ;
#825 = CARTESIAN_POINT ( 'NONE',  ( 0.7500000000000000000, 0.000000000000000000, -1.749999999999999778 ) ) ;
#826 = VERTEX_POINT ( 'NONE', #2561 ) ;
#827 = CARTESIAN_POINT ( 'NONE',  ( -0.1038461538461538519, 0.9443071408876250183, -0.7410256410256407245 ) ) ;
#828 = B_SPLINE_CURVE_WITH_KNOTS ( 'NONE', 3,
 ( #157, #202, #645, #2986, #875, #1994, #1302, #1808, #1105, #2052, #1795, #1822, #1595, #2751, #661, #2544 ),
 .UNSPECIFIED., .F., .F.,
 ( 4, 3, 3, 3, 3, 4 ),
 ( 0.000000000000000000, 2.770183767764557614E-05, 4.907095045788266181E-05, 7.885465455969862592E-05, 0.0001343629042684052846, 0.0001591923565365582012 ),
 .UNSPECIFIED. ) ;
#829 = B_SPLINE_CURVE_WITH_KNOTS ( 'NONE', 3,
 ( #2000, #1030, #1513, #1276, #353, #1759, #596, #1246, #1047, #615, #1991, #168, #2715, #2479, #2227, #2962 ),
 .UNSPECIFIED., .F., .F.,
 ( 4, 3, 3, 3, 3, 4 ),
 ( 0.000000000000000000, 4.144347483240984440E-05, 7.511295142572421073E-05, 0.0001087693844609772972, 0.0001421486685163113003, 0.0002015378778104322038 ),
 .UNSPECIFIED. ) ;
#830 = CARTESIAN_POINT ( 'NONE',  ( -0.2822447371903710200, -0.9071585429742231588, -0.6020160720920563202 ) ) ;
#831 = CARTESIAN_POINT ( 'NONE',  ( -0.02220409189369179984, 0.9504324754808400888, -0.7460039414857654316 ) ) ;
#832 = EDGE_CURVE ( 'NONE', #2038, #969, #1829, .T. ) ;
#833 = CARTESIAN_POINT ( 'NONE',  ( -0.2384615384615383082, 0.9195847403445516210, 0.05152243589743604052 ) ) ;
#834 = CIRCLE ( 'NONE', #2516, 0.2999999999999999889 ) ;
#835 =( NAMED_UNIT ( * ) PLANE_ANGLE_UNIT ( ) SI_UNIT ( $, .RADIAN. ) );
#836 = VERTEX_POINT ( 'NONE', #2184 ) ;
#837 = EDGE_CURVE ( 'NONE', #1408, #3010, #2198, .T. ) ;
#838 = AXIS2_PLACEMENT_3D ( 'NONE', #1784, #194, #634 ) ;
#839 = CARTESIAN_POINT ( 'NONE',  ( -0.1819956783122305688, 0.9324311321191569579, -0.7511069372522862775 ) ) ;
#840 = MECHANICAL_DESIGN_GEOMETRIC_PRESENTATION_REPRESENTATION (  '', ( #1281 ), #1532 ) ;
#841 = CARTESIAN_POINT ( 'NONE',  ( -0.09863782051282046770, -0.9448653768471362291, -0.3871794871794873028 ) ) ;
#842 = ORIENTED_EDGE ( 'NONE', *, *, #3039, .T. ) ;
#843 = AXIS2_PLACEMENT_3D ( 'NONE', #2999, #1025, #2643 ) ;
#844 = DIRECTION ( 'NONE',  ( -1.000000000000000000, 0.000000000000000000, 0.000000000000000000 ) ) ;
#845 = CARTESIAN_POINT ( 'NONE',  ( -0.1814899384592268683, 0.9325211395243313550, 0.4175867577815831622 ) ) ;
#846 = CARTESIAN_POINT ( 'NONE',  ( -0.2995896528281907223, -0.9015242869264719072, -0.9053478427511693072 ) ) ;
#847 = PRESENTATION_LAYER_ASSIGNMENT (  '', '', ( #1383 ) ) ;
#848 = CARTESIAN_POINT ( 'NONE',  ( 0.03333333333333351328, -0.9494150245750743178, 0.05160256410256423149 ) ) ;
#849 = CARTESIAN_POINT ( 'NONE',  ( -0.1682991425428733423, -0.9350510913891523224, 0.1818128500852888574 ) ) ;
#850 = CIRCLE ( 'NONE', #1087, 0.9499999999999999556 ) ;
#851 = CARTESIAN_POINT ( 'NONE',  ( -0.2172189040800832360, 0.9248516852524608645, 0.09340484714238549147 ) ) ;
#852 = CARTESIAN_POINT ( 'NONE',  ( 0.000000000000000000, 0.000000000000000000, -3.403937756669170867 ) ) ;
#853 = ORIENTED_EDGE ( 'NONE', *, *, #1186, .F. ) ;
#854 = CARTESIAN_POINT ( 'NONE',  ( 0.09999999999999999167, 0.9447221813845592120, -0.9276442307692305267 ) ) ;
#855 = ORIENTED_EDGE ( 'NONE', *, *, #3000, .F. ) ;
#856 = CARTESIAN_POINT ( 'NONE',  ( -0.006410256410256241766, 0.9499783727079026407, -0.06923076923076909583 ) ) ;
#857 = EDGE_CURVE ( 'NONE', #238, #1948, #419, .T. ) ;
#858 = DIRECTION ( 'NONE',  ( 0.000000000000000000, -1.000000000000000000, 0.000000000000000000 ) ) ;
#859 = VERTEX_POINT ( 'NONE', #1935 ) ;
#860 = CYLINDRICAL_SURFACE ( 'NONE', #705, 0.2999999999999999334 ) ;
#861 = CARTESIAN_POINT ( 'NONE',  ( -0.05510105190995379099, 0.9484017622019816907, 0.06206972560492432511 ) ) ;
#862 = CARTESIAN_POINT ( 'NONE',  ( -0.2841464213923114990, -0.9065256727133129688, -0.8320604190524927279 ) ) ;
#863 = FILL_AREA_STYLE_COLOUR ( '', #2927 ) ;
#864 = CARTESIAN_POINT ( 'NONE',  ( -0.09863782051282046770, -0.9448653768471362291, -0.3871794871794873028 ) ) ;
#865 = CYLINDRICAL_SURFACE ( 'NONE', #2421, 0.9499999999999999556 ) ;
#866 = CARTESIAN_POINT ( 'NONE',  ( -0.2596153846153846922, 0.9138379791139159547, -0.7958333333333331705 ) ) ;
#867 = CARTESIAN_POINT ( 'NONE',  ( 0.000000000000000000, -8.673617379884035472E-16, -9.160000000000001918 ) ) ;
#868 = SURFACE_SIDE_STYLE ('',( #1789 ) ) ;
#869 = ORIENTED_EDGE ( 'NONE', *, *, #1359, .T. ) ;
#870 = CARTESIAN_POINT ( 'NONE',  ( 0.1040152392671217368, 0.9442917201085592183, -0.5293042754490039359 ) ) ;
#871 = CARTESIAN_POINT ( 'NONE',  ( -0.08117776160268760921, 0.9465773197978474274, 0.4679480579338687884 ) ) ;
#872 = B_SPLINE_CURVE_WITH_KNOTS ( 'NONE', 3,
 ( #2458, #979, #1525, #351, #2207, #1224, #132, #1474, #579, #1045, #2677, #85, #1508, #2695, #546, #1971 ),
 .UNSPECIFIED., .F., .F.,
 ( 4, 3, 3, 3, 3, 4 ),
 ( 0.000000000000000000, 4.014427442123855475E-05, 8.078485178566135018E-05, 0.0001152942240237122575, 0.0001616083740605764741, 0.0002024976700105558217 ),
 .UNSPECIFIED. ) ;
#873 = ORIENTED_EDGE ( 'NONE', *, *, #25, .T. ) ;
#874 = CARTESIAN_POINT ( 'NONE',  ( -0.09975961538461532163, -0.9447475954657486019, -0.6128205128205129748 ) ) ;
#875 = CARTESIAN_POINT ( 'NONE',  ( -0.2153804735427409522, 0.9252707316219866973, -0.8513661485481497371 ) ) ;
#876 = EDGE_CURVE ( 'NONE', #1823, #2114, #820, .T. ) ;
#877 = ORIENTED_EDGE ( 'NONE', *, *, #2282, .F. ) ;
#878 = FILL_AREA_STYLE_COLOUR ( '', #2881 ) ;
#879 = DIRECTION ( 'NONE',  ( -0.000000000000000000, 1.000000000000000000, 3.371402594608182494E-16 ) ) ;
#880 = PRESENTATION_STYLE_ASSIGNMENT (( #1828 ) ) ;
#881 = ADVANCED_FACE ( 'NONE', ( #2231 ), #2004, .T. ) ;
#882 = CARTESIAN_POINT ( 'NONE',  ( -0.2969684849845596331, 0.9023919463139526975, -0.8755461387199995338 ) ) ;
#883 = CARTESIAN_POINT ( 'NONE',  ( -0.03939861601767539329, -0.9491903004916890652, 0.08161893709846715361 ) ) ;
#884 = CARTESIAN_POINT ( 'NONE',  ( -0.2927182123123605040, -0.9037949014306952966, 0.1115690348883122407 ) ) ;
#885 = VERTEX_POINT ( 'NONE', #2541 ) ;
#886 = CARTESIAN_POINT ( 'NONE',  ( -0.04808497667617937094, -0.9491228526275445887, -0.3130010485138792764 ) ) ;
#887 =( GEOMETRIC_REPRESENTATION_CONTEXT ( 3 ) GLOBAL_UNCERTAINTY_ASSIGNED_CONTEXT ( ( #1683 ) ) GLOBAL_UNIT_ASSIGNED_CONTEXT ( ( #196, #2043, #2609 ) ) REPRESENTATION_CONTEXT ( 'NONE', 'WORKASPACE' ) );
#888 = CARTESIAN_POINT ( 'NONE',  ( -0.04529215369443012618, 0.9489216027845028822, 0.3460904658360715591 ) ) ;
#889 = AXIS2_PLACEMENT_3D ( 'NONE', #2860, #1434, #1251 ) ;
#890 = CARTESIAN_POINT ( 'NONE',  ( -0.2376385581872993980, -0.9197977580221984306, -0.7772740003382803131 ) ) ;
#891 = PRESENTATION_LAYER_ASSIGNMENT (  '', '', ( #2062 ) ) ;
#892 = CARTESIAN_POINT ( 'NONE',  ( -0.04219460355151751635, -0.9491011960728577002, -0.6845394935169683004 ) ) ;
#893 = CARTESIAN_POINT ( 'NONE',  ( -0.1520347689636013522, -0.9377735019859553267, 0.1025082179588232556 ) ) ;
#894 = AXIS2_PLACEMENT_3D ( 'NONE', #2131, #1626, #924 ) ;
#895 = CARTESIAN_POINT ( 'NONE',  ( -0.2932605042639478965, 0.9036048214244754018, -0.8579548366595679543 ) ) ;
#896 = CARTESIAN_POINT ( 'NONE',  ( -0.1754464286332507172, -0.9337602426837657843, -0.7491287726385605916 ) ) ;
#897 = CARTESIAN_POINT ( 'NONE',  ( -0.05719041346914641860, -0.9482774461491286777, 0.05614164316608681593 ) ) ;
#898 = EDGE_CURVE ( 'NONE', #20, #329, #1457, .T. ) ;
#899 = AXIS2_PLACEMENT_3D ( 'NONE', #152, #2662, #2915 ) ;
#900 = VERTEX_POINT ( 'NONE', #477 ) ;
#901 = CARTESIAN_POINT ( 'NONE',  ( 0.02683351531675197063, -0.9498259772655612831, -0.3406914718949784482 ) ) ;
#902 = STYLED_ITEM ( 'NONE', ( #1170 ), #3037 ) ;
#903 = CARTESIAN_POINT ( 'NONE',  ( -0.2354692008859030905, -0.9203555049184223291, 0.03422129610391082960 ) ) ;
#904 = VERTEX_POINT ( 'NONE', #41 ) ;
#905 =( BOUNDED_CURVE ( )  B_SPLINE_CURVE ( 3, ( #1660, #1395, #961, #2333 ),
 .UNSPECIFIED., .F., .T. ) 
 B_SPLINE_CURVE_WITH_KNOTS ( ( 4, 4 ),
 ( 4.899717498669717841, 4.909857404946007087 ),
 .UNSPECIFIED. ) 
 CURVE ( )  GEOMETRIC_REPRESENTATION_ITEM ( )  RATIONAL_B_SPLINE_CURVE ( ( 1.000000000000000000, 0.9999914318767455512, 0.9999914318767455512, 1.000000000000000000 ) ) 
 REPRESENTATION_ITEM ( '' )  );
#906 = CARTESIAN_POINT ( 'NONE',  ( -0.002564102564102377618, 0.9499965396663508921, 0.1666666666666667962 ) ) ;
#907 = CARTESIAN_POINT ( 'NONE',  ( -0.05023913302468956815, 0.9486706644104013764, 0.07072129261816972878 ) ) ;
#908 = CARTESIAN_POINT ( 'NONE',  ( -0.3051282051282049879, -0.8996648144921751689, 0.3591346153846155520 ) ) ;
#909 = CARTESIAN_POINT ( 'NONE',  ( 0.000000000000000000, -3.550000000000000266, -10.16000000000000014 ) ) ;
#910 = SURFACE_STYLE_USAGE ( .BOTH. , #2839 ) ;
#911 = B_SPLINE_CURVE_WITH_KNOTS ( 'NONE', 3,
 ( #675, #1666, #2830, #1202, #2384, #1637 ),
 .UNSPECIFIED., .F., .F.,
 ( 4, 2, 4 ),
 ( 5.421010862427521568E-20, 9.600879104203113358E-05, 0.0001920175820840622129 ),
 .UNSPECIFIED. ) ;
#912 = CARTESIAN_POINT ( 'NONE',  ( -0.1801282051282049879, -0.9327667606198729588, 0.1820512820512822094 ) ) ;
#913 = UNCERTAINTY_MEASURE_WITH_UNIT (LENGTH_MEASURE( 1.000000000000000082E-05 ), #382, 'distance_accuracy_value', 'NONE');
#914 = EDGE_CURVE ( 'NONE', #920, #1962, #1970, .T. ) ;
#915 = CARTESIAN_POINT ( 'NONE',  ( 0.08476420735794532035, 0.9462220297261578761, -0.01327252946927592013 ) ) ;
#916 = ORIENTED_EDGE ( 'NONE', *, *, #2925, .F. ) ;
#917 = B_SPLINE_CURVE_WITH_KNOTS ( 'NONE', 3,
 ( #2548, #2723, #2533, #610, #424, #1349 ),
 .UNSPECIFIED., .F., .F.,
 ( 4, 2, 4 ),
 ( 0.000000000000000000, 8.775652910382133499E-05, 0.0001755130582076426700 ),
 .UNSPECIFIED. ) ;
#918 = CARTESIAN_POINT ( 'NONE',  ( -0.1769230769230767664, -0.9333800002421688280, -0.002564102564102431828 ) ) ;
#919 = CARTESIAN_POINT ( 'NONE',  ( -0.1203134239973866065, -0.9423509259277322858, 0.03069320694992322754 ) ) ;
#920 = VERTEX_POINT ( 'NONE', #720 ) ;
#921 = DIRECTION ( 'NONE',  ( -0.000000000000000000, -0.000000000000000000, -1.000000000000000000 ) ) ;
#922 = VERTEX_POINT ( 'NONE', #434 ) ;
#923 = CARTESIAN_POINT ( 'NONE',  ( -0.1205181409974163953, 0.9423244545753605150, 0.3206867581755125096 ) ) ;
#924 = DIRECTION ( 'NONE',  ( 1.000000000000000000, 0.000000000000000000, 0.000000000000000000 ) ) ;
#925 = CARTESIAN_POINT ( 'NONE',  ( -0.06817649019180581360, 0.9476012344558756295, 0.1372721630291156847 ) ) ;
#926 = CARTESIAN_POINT ( 'NONE',  ( -0.2095776470358137189, 0.9274475364373127029, -0.6762074710518348741 ) ) ;
#927 = FILL_AREA_STYLE ('',( #308 ) ) ;
#928 = ORIENTED_EDGE ( 'NONE', *, *, #1374, .T. ) ;
#929 = CARTESIAN_POINT ( 'NONE',  ( 0.1051282051282051849, 0.9441652718070718819, -0.5005608974358976004 ) ) ;
#930 = EDGE_CURVE ( 'NONE', #222, #169, #2537, .T. ) ;
#931 = CARTESIAN_POINT ( 'NONE',  ( -0.1838648157643491543, -0.9320802612899080630, 0.1049619514035442930 ) ) ;
#932 = CARTESIAN_POINT ( 'NONE',  ( -0.1160824785047295388, -0.9428817096633675954, 0.04837533206638469641 ) ) ;
#933 = EDGE_CURVE ( 'NONE', #42, #12, #2011, .T. ) ;
#934 = ORIENTED_EDGE ( 'NONE', *, *, #2776, .T. ) ;
#935 = CARTESIAN_POINT ( 'NONE',  ( 0.000000000000000000, 0.000000000000000000, 1.949999999999999956 ) ) ;
#936 = ORIENTED_EDGE ( 'NONE', *, *, #636, .T. ) ;
#937 = PRODUCT ( 'DO-35_3.90x1.90x0.60x20.32', 'DO-35_3.90x1.90x0.60x20.32', '', ( #1440 ) ) ;
#938 = CARTESIAN_POINT ( 'NONE',  ( 0.03274508363124975507, 0.9494354951748867899, -0.9245708412532162024 ) ) ;
#939 = SURFACE_STYLE_FILL_AREA ( #1366 ) ;
#940 = DIRECTION ( 'NONE',  ( -0.000000000000000000, -0.000000000000000000, -1.000000000000000000 ) ) ;
#941 = AXIS2_PLACEMENT_3D ( 'NONE', #2720, #2293, #201 ) ;
#942 = MECHANICAL_DESIGN_GEOMETRIC_PRESENTATION_REPRESENTATION (  '', ( #271 ), #367 ) ;
#943 = CIRCLE ( 'NONE', #1336, 1.300000000000000711 ) ;
#944 = CARTESIAN_POINT ( 'NONE',  ( -0.1351838755157239724, 0.9403686239500105293, 0.1727743906228225157 ) ) ;
#945 = CARTESIAN_POINT ( 'NONE',  ( -0.2375577738338592038, -0.9198211520510586325, 0.03966850304200557342 ) ) ;
#946 = ORIENTED_EDGE ( 'NONE', *, *, #414, .T. ) ;
#947 = ORIENTED_EDGE ( 'NONE', *, *, #977, .F. ) ;
#948 = EDGE_CURVE ( 'NONE', #2509, #900, #337, .T. ) ;
#949 = CARTESIAN_POINT ( 'NONE',  ( -0.1358974358974357755, -0.9402296990185439185, 0.3056089743589746055 ) ) ;
#950 = CARTESIAN_POINT ( 'NONE',  ( -0.2764727943187098025, -0.9088840904876509530, -0.8178296263941877697 ) ) ;
#951 = FILL_AREA_STYLE ('',( #1173 ) ) ;
#952 = VERTEX_POINT ( 'NONE', #1975 ) ;
#953 = FACE_BOUND ( 'NONE', #1313, .T. ) ;
#954 = DIRECTION ( 'NONE',  ( -0.000000000000000000, -0.000000000000000000, -1.000000000000000000 ) ) ;
#955 = ORIENTED_EDGE ( 'NONE', *, *, #2282, .T. ) ;
#956 = CARTESIAN_POINT ( 'NONE',  ( 0.000000000000000000, 0.000000000000000000, -0.9974358974358968899 ) ) ;
#957 = PRESENTATION_STYLE_ASSIGNMENT (( #1153 ) ) ;
#958 = EDGE_LOOP ( 'NONE', ( #1692, #379 ) ) ;
#959 = CARTESIAN_POINT ( 'NONE',  ( -0.2596153846153846922, 0.9138379791139159547, -0.7958333333333331705 ) ) ;
#960 = SURFACE_STYLE_USAGE ( .BOTH. , #2099 ) ;
#961 = CARTESIAN_POINT ( 'NONE',  ( -0.1832296220855664515, -0.9321680191945668215, -0.05387158863181520929 ) ) ;
#962 = EDGE_CURVE ( 'NONE', #1498, #358, #2264, .T. ) ;
#963 = ORIENTED_EDGE ( 'NONE', *, *, #1923, .T. ) ;
#964 = CARTESIAN_POINT ( 'NONE',  ( 0.03333333333333334675, 0.9494150245750743178, -0.9593749999999997558 ) ) ;
#965 = CARTESIAN_POINT ( 'NONE',  ( -0.2331007163276639649, 0.9209582313562391098, -0.9169771857128572456 ) ) ;
#966 = CARTESIAN_POINT ( 'NONE',  ( 0.09487179487179507598, 0.9452509415693823858, 0.4794871794871796711 ) ) ;
#967 = ORIENTED_EDGE ( 'NONE', *, *, #2676, .T. ) ;
#968 =( NAMED_UNIT ( * ) PLANE_ANGLE_UNIT ( ) SI_UNIT ( $, .RADIAN. ) );
#969 = VERTEX_POINT ( 'NONE', #1460 ) ;
#970 = CARTESIAN_POINT ( 'NONE',  ( -0.09975961538461532163, 0.9447475954657486019, -0.6128205128205129748 ) ) ;
#971 = VERTEX_POINT ( 'NONE', #1958 ) ;
#972 = ORIENTED_EDGE ( 'NONE', *, *, #200, .F. ) ;
#973 = DIRECTION ( 'NONE',  ( 1.000000000000000000, 0.000000000000000000, 0.000000000000000000 ) ) ;
#974 = CARTESIAN_POINT ( 'NONE',  ( 0.09705720894460546921, -0.9450306132292473071, 0.08360363839742028513 ) ) ;
#975 = PRESENTATION_LAYER_ASSIGNMENT (  '', '', ( #2821 ) ) ;
#976 = CARTESIAN_POINT ( 'NONE',  ( -0.3000000000000000444, 0.9013878188659973922, -3.403937756669170867 ) ) ;
#977 = EDGE_CURVE ( 'NONE', #1661, #904, #1162, .T. ) ;
#978 = STYLED_ITEM ( 'NONE', ( #1895 ), #1070 ) ;
#979 = CARTESIAN_POINT ( 'NONE',  ( -0.2380793941897289823, -0.9196838358460011076, -0.5129749589872423243 ) ) ;
#980 = EDGE_CURVE ( 'NONE', #3009, #2409, #2179, .T. ) ;
#981 =( GEOMETRIC_REPRESENTATION_CONTEXT ( 3 ) GLOBAL_UNCERTAINTY_ASSIGNED_CONTEXT ( ( #1751 ) ) GLOBAL_UNIT_ASSIGNED_CONTEXT ( ( #1140, #2875, #2313 ) ) REPRESENTATION_CONTEXT ( 'NONE', 'WORKASPACE' ) );
#982 = CIRCLE ( 'NONE', #131, 0.2999999999999999889 ) ;
#983 = CARTESIAN_POINT ( 'NONE',  ( -0.1947578472584118037, 0.9299416050827793434, 0.1817538854332274578 ) ) ;
#984 = AXIS2_PLACEMENT_3D ( 'NONE', #632, #192, #844 ) ;
#985 = ORIENTED_EDGE ( 'NONE', *, *, #1535, .T. ) ;
#986 = AXIS2_PLACEMENT_3D ( 'NONE', #1699, #2439, #973 ) ;
#987 = CARTESIAN_POINT ( 'NONE',  ( 0.000000000000000000, -0.2999999999999999889, -1.949999999999999956 ) ) ;
#988 = CARTESIAN_POINT ( 'NONE',  ( 0.1051282051282051849, -0.9441652718070718819, -0.5005608974358976004 ) ) ;
#989 = CIRCLE ( 'NONE', #2376, 0.9499999999999999556 ) ;
#990 = CARTESIAN_POINT ( 'NONE',  ( 0.08467659205534475153, 0.9462187245857404116, 0.1135152717114688847 ) ) ;
#991 = ORIENTED_EDGE ( 'NONE', *, *, #930, .T. ) ;
#992 = CARTESIAN_POINT ( 'NONE',  ( -0.2332725363541540420, 0.9209147254958301998, -0.9255553986422145885 ) ) ;
#993 = AXIS2_PLACEMENT_3D ( 'NONE', #2893, #2216, #777 ) ;
#994 = CARTESIAN_POINT ( 'NONE',  ( 0.000000000000000000, -1.000000000000000666, -10.16000000000000192 ) ) ;
#995 = ORIENTED_EDGE ( 'NONE', *, *, #250, .F. ) ;
#996 = ORIENTED_EDGE ( 'NONE', *, *, #569, .F. ) ;
#997 = CARTESIAN_POINT ( 'NONE',  ( -0.009294871794871612664, 0.9499545280476939801, 0.08974358974358988272 ) ) ;
#998 = EDGE_CURVE ( 'NONE', #2780, #836, #2991, .T. ) ;
#999 = DIRECTION ( 'NONE',  ( 0.000000000000000000, 0.000000000000000000, 1.000000000000000000 ) ) ;
#1000 = CARTESIAN_POINT ( 'NONE',  ( -0.3029824421649617849, 0.9003897154670289504, 0.07598096697835086955 ) ) ;
#1001 = CARTESIAN_POINT ( 'NONE',  ( -0.2383594352305045960, -0.9196112171796770873, 0.3617420433546497671 ) ) ;
#1002 = ORIENTED_EDGE ( 'NONE', *, *, #1963, .T. ) ;
#1003 = SURFACE_SIDE_STYLE ('',( #1235 ) ) ;
#1004 = FILL_AREA_STYLE ('',( #811 ) ) ;
#1005 = CARTESIAN_POINT ( 'NONE',  ( -0.006410256410256241766, -0.9499783727079026407, -0.06923076923076909583 ) ) ;
#1006 =( NAMED_UNIT ( * ) PLANE_ANGLE_UNIT ( ) SI_UNIT ( $, .RADIAN. ) );
#1007 = B_SPLINE_CURVE_WITH_KNOTS ( 'NONE', 3,
 ( #115, #2911, #1942, #368, #1241, #1294, #2174, #97, #2883, #1738 ),
 .UNSPECIFIED., .F., .F.,
 ( 4, 3, 3, 4 ),
 ( 0.000000000000000000, 4.718995496856832585E-05, 9.493705202396173349E-05, 0.0001242343194715451690 ),
 .UNSPECIFIED. ) ;
#1008 = FILL_AREA_STYLE_COLOUR ( '', #2119 ) ;
#1009 = CARTESIAN_POINT ( 'NONE',  ( -0.1863782051282049934, -0.9315380639851429390, -0.07948717948717937132 ) ) ;
#1010 = CARTESIAN_POINT ( 'NONE',  ( -0.2159406296443378837, 0.9251474411172666557, 0.009880727396232953305 ) ) ;
#1011 = ORIENTED_EDGE ( 'NONE', *, *, #731, .F. ) ;
#1012 = CARTESIAN_POINT ( 'NONE',  ( -0.1801282051282049879, 0.9327667606198729588, 0.1820512820512822094 ) ) ;
#1013 = ADVANCED_FACE ( 'NONE', ( #571 ), #328, .T. ) ;
#1014 = CARTESIAN_POINT ( 'NONE',  ( 0.000000000000000000, 0.000000000000000000, -3.403937756669170867 ) ) ;
#1015 = B_SPLINE_CURVE_WITH_KNOTS ( 'NONE', 3,
 ( #1305, #1096, #2236, #2251, #1560, #892, #1827, #624, #2788, #2514 ),
 .UNSPECIFIED., .F., .F.,
 ( 4, 3, 3, 4 ),
 ( 0.000000000000000000, 2.604408540870023348E-05, 5.208565394405460130E-05, 0.0001041763842152933157 ),
 .UNSPECIFIED. ) ;
#1016 = ORIENTED_EDGE ( 'NONE', *, *, #1663, .T. ) ;
#1017 = FILL_AREA_STYLE ('',( #92 ) ) ;
#1018 = ADVANCED_FACE ( 'NONE', ( #617 ), #1059, .T. ) ;
#1019 = CARTESIAN_POINT ( 'NONE',  ( 0.03231565125963013069, -0.9494503044738900055, -0.9128893045393248196 ) ) ;
#1020 = CARTESIAN_POINT ( 'NONE',  ( 0.02139393956664584900, 0.9497590743709330985, 0.02356040734596987277 ) ) ;
#1021 = VERTEX_POINT ( 'NONE', #1089 ) ;
#1022 = CARTESIAN_POINT ( 'NONE',  ( -0.2326788034582845111, -0.9210649132505376313, -0.9084539116075435183 ) ) ;
#1023 = LINE ( 'NONE', #1735, #2468 ) ;
#1024 = CLOSED_SHELL ( 'NONE', ( #1240, #2021, #1495, #1070, #3037, #2697, #1988, #2035 ) ) ;
#1025 = DIRECTION ( 'NONE',  ( 0.000000000000000000, 0.000000000000000000, -1.000000000000000000 ) ) ;
#1026 = CARTESIAN_POINT ( 'NONE',  ( -0.1885711204345118797, 0.9311721023895875859, -0.0009280626798966782427 ) ) ;
#1027 = ORIENTED_EDGE ( 'NONE', *, *, #1758, .F. ) ;
#1028 = CIRCLE ( 'NONE', #263, 0.9499999999999999556 ) ;
#1029 = CARTESIAN_POINT ( 'NONE',  ( 0.05031140677792687865, 0.9493596128409337309, -0.7812043745339872780 ) ) ;
#1030 = CARTESIAN_POINT ( 'NONE',  ( 0.03810365984261984695, 0.9492356079467203500, -0.5134092065869475530 ) ) ;
#1031 = VERTEX_POINT ( 'NONE', #2997 ) ;
#1032 = FACE_OUTER_BOUND ( 'NONE', #240, .T. ) ;
#1033 = EDGE_CURVE ( 'NONE', #1435, #495, #2843, .T. ) ;
#1034 = ORIENTED_EDGE ( 'NONE', *, *, #213, .F. ) ;
#1035 =( GEOMETRIC_REPRESENTATION_CONTEXT ( 3 ) GLOBAL_UNCERTAINTY_ASSIGNED_CONTEXT ( ( #1254 ) ) GLOBAL_UNIT_ASSIGNED_CONTEXT ( ( #728, #2316, #2818 ) ) REPRESENTATION_CONTEXT ( 'NONE', 'WORKASPACE' ) );
#1036 = CARTESIAN_POINT ( 'NONE',  ( -0.2869012835185407173, -0.9056826399891881874, 0.4316601619026100289 ) ) ;
#1037 = CARTESIAN_POINT ( 'NONE',  ( 0.009009103027066679703, -0.9499685555639134638, 0.08715900348843651224 ) ) ;
#1038 = CARTESIAN_POINT ( 'NONE',  ( 0.03305867682014047154, 0.9494246675835262828, 0.04609647755648006023 ) ) ;
#1039 = VECTOR ( 'NONE', #2559, 1000.000000000000000 ) ;
#1040 = ADVANCED_FACE ( 'NONE', ( #232 ), #1614, .T. ) ;
#1041 = ORIENTED_EDGE ( 'NONE', *, *, #473, .T. ) ;
#1042 = CARTESIAN_POINT ( 'NONE',  ( -0.2061251806120922292, 0.9274240400174647014, 0.2315923187698922248 ) ) ;
#1043 = CARTESIAN_POINT ( 'NONE',  ( -0.1181308818258341442, 0.9426290689714426074, 0.07448143013574172466 ) ) ;
#1044 = LINE ( 'NONE', #1987, #19 ) ;
#1045 = CARTESIAN_POINT ( 'NONE',  ( -0.1838873555596594322, -0.9320329610401605347, -0.5946186045153991628 ) ) ;
#1046 = CARTESIAN_POINT ( 'NONE',  ( 0.09487179487179507598, -0.9452509415693823858, -3.403937756669170867 ) ) ;
#1047 = CARTESIAN_POINT ( 'NONE',  ( -0.0004797700251796311894, 0.9500479964786180398, -0.5862763332942090289 ) ) ;
#1048 = CARTESIAN_POINT ( 'NONE',  ( 0.03333333333333351328, -0.9494150245750743178, 0.05160256410256423149 ) ) ;
#1049 = CARTESIAN_POINT ( 'NONE',  ( -0.06506290006369669365, -0.9483703809018343422, -0.3876979029805188159 ) ) ;
#1050 = ORIENTED_EDGE ( 'NONE', *, *, #286, .F. ) ;
#1051 = SURFACE_SIDE_STYLE ('',( #422 ) ) ;
#1052 = CARTESIAN_POINT ( 'NONE',  ( -0.2199365079218665586, 0.9242008561239893893, 0.4020246624543649117 ) ) ;
#1053 = SURFACE_SIDE_STYLE ('',( #1239 ) ) ;
#1054 = EDGE_CURVE ( 'NONE', #743, #435, #407, .T. ) ;
#1055 =( NAMED_UNIT ( * ) SI_UNIT ( $, .STERADIAN. ) SOLID_ANGLE_UNIT ( ) );
#1056 = ADVANCED_FACE ( 'NONE', ( #38, #2863, #741, #1688, #2392, #2611 ), #700, .T. ) ;
#1057 = CARTESIAN_POINT ( 'NONE',  ( 0.09238782051282053154, 0.9454969543160309797, -0.8519230769230765610 ) ) ;
#1058 = CARTESIAN_POINT ( 'NONE',  ( 0.000000000000000000, 0.000000000000000000, 1.949999999999999956 ) ) ;
#1059 = CYLINDRICAL_SURFACE ( 'NONE', #1820, 0.9499999999999999556 ) ;
#1060 = VERTEX_POINT ( 'NONE', #2597 ) ;
#1061 = DIRECTION ( 'NONE',  ( -0.000000000000000000, 1.000000000000000000, 3.371402594608182494E-16 ) ) ;
#1062 = ORIENTED_EDGE ( 'NONE', *, *, #2217, .T. ) ;
#1063 = FACE_OUTER_BOUND ( 'NONE', #1443, .T. ) ;
#1064 = PRESENTATION_STYLE_ASSIGNMENT (( #2908 ) ) ;
#1065 = CARTESIAN_POINT ( 'NONE',  ( 3.061616997868390876E-18, 0.000000000000000000, -1.949999999999999956 ) ) ;
#1066 = CARTESIAN_POINT ( 'NONE',  ( -0.1801282051282049879, -0.9327667606198729588, 0.1820512820512822094 ) ) ;
#1067 = CARTESIAN_POINT ( 'NONE',  ( 0.03276656145031887207, -0.9494348198527843286, 0.04338036958254964937 ) ) ;
#1068 = FACE_BOUND ( 'NONE', #618, .T. ) ;
#1069 = CARTESIAN_POINT ( 'NONE',  ( -0.1210737179487177823, -0.9422532328530761614, 0.02820512820512834778 ) ) ;
#1070 = ADVANCED_FACE ( 'NONE', ( #1209 ), #2373, .T. ) ;
#1071 = CARTESIAN_POINT ( 'NONE',  ( 0.09980885646127082844, 0.9447424141622472460, 0.04456888950340390232 ) ) ;
#1072 = AXIS2_PLACEMENT_3D ( 'NONE', #2880, #82, #335 ) ;
#1073 = DIRECTION ( 'NONE',  ( -0.000000000000000000, -0.000000000000000000, -1.000000000000000000 ) ) ;
#1074 = ORIENTED_EDGE ( 'NONE', *, *, #801, .F. ) ;
#1075 = DIRECTION ( 'NONE',  ( -0.000000000000000000, -0.000000000000000000, -1.000000000000000000 ) ) ;
#1076 = MANIFOLD_SOLID_BREP ( 'DividingLine2', #690 ) ;
#1077 = PRESENTATION_LAYER_ASSIGNMENT (  '', '', ( #265 ) ) ;
#1078 = CARTESIAN_POINT ( 'NONE',  ( 0.01794871794871810700, -0.9498304288261129047, 0.3463141025641027215 ) ) ;
#1079 = CARTESIAN_POINT ( 'NONE',  ( 0.01794871794871810700, -0.9498304288261129047, 0.4794871794871796711 ) ) ;
#1080 = ORIENTED_EDGE ( 'NONE', *, *, #2079, .F. ) ;
#1081 = CARTESIAN_POINT ( 'NONE',  ( -0.2350459370111112611, 0.9204636915675104003, 0.3776620168064451777 ) ) ;
#1082 = CARTESIAN_POINT ( 'NONE',  ( -0.2950034299012456729, -0.9030428985537689579, -0.8636297198916068618 ) ) ;
#1083 = PRESENTATION_LAYER_ASSIGNMENT (  '', '', ( #2022 ) ) ;
#1084 = CARTESIAN_POINT ( 'NONE',  ( -0.2084277182759735336, -0.9269599385253374235, -0.4214233895685273179 ) ) ;
#1085 = CARTESIAN_POINT ( 'NONE',  ( -0.03846153846153831796, 0.9492211070447030830, 0.3799679487179488668 ) ) ;
#1086 = CARTESIAN_POINT ( 'NONE',  ( -0.1798102833716267723, 0.9328327274824601556, 0.2726296118607433039 ) ) ;
#1087 = AXIS2_PLACEMENT_3D ( 'NONE', #262, #1921, #2319 ) ;
#1088 = CARTESIAN_POINT ( 'NONE',  ( -0.2335523942390751451, 0.9208462094732748904, 0.07433186049663764727 ) ) ;
#1089 = CARTESIAN_POINT ( 'NONE',  ( -0.009294871794871612664, -0.9499545280476939801, 0.08974358974358988272 ) ) ;
#1090 = CARTESIAN_POINT ( 'NONE',  ( -0.08661858974358957464, 0.9460429270973024218, 0.1091346153846155104 ) ) ;
#1091 = ADVANCED_FACE ( 'NONE', ( #2237 ), #744, .T. ) ;
#1092 = ORIENTED_EDGE ( 'NONE', *, *, #1999, .F. ) ;
#1093 = DIRECTION ( 'NONE',  ( 0.000000000000000000, -0.000000000000000000, 1.000000000000000000 ) ) ;
#1094 = CARTESIAN_POINT ( 'NONE',  ( 0.09401546713910395592, -0.9453379112607562806, -0.8580805801829679558 ) ) ;
#1095 = CARTESIAN_POINT ( 'NONE',  ( -0.03964978580503161071, 0.9491722153991137834, 0.08110409167866286517 ) ) ;
#1096 = CARTESIAN_POINT ( 'NONE',  ( -0.008760963589468876572, -0.9499936231864614111, -0.6751502808728970795 ) ) ;
#1097 = CARTESIAN_POINT ( 'NONE',  ( -0.08661858974358957464, -0.9460429270973024218, 0.1091346153846155104 ) ) ;
#1098 = CARTESIAN_POINT ( 'NONE',  ( 0.009876630181056974059, 0.9499486576528736181, 0.08649273278972487156 ) ) ;
#1099 = CARTESIAN_POINT ( 'NONE',  ( 0.08933736702536121399, 0.9457900585503351554, -0.002785189120435089833 ) ) ;
#1100 = ORIENTED_EDGE ( 'NONE', *, *, #1321, .T. ) ;
#1101 = CARTESIAN_POINT ( 'NONE',  ( 0.09670714207621509961, 0.9450649335741178048, -0.5645041534454053878 ) ) ;
#1102 = EDGE_LOOP ( 'NONE', ( #620, #2854, #1841, #2228, #2651, #354, #28, #542, #246, #2859, #2467, #2125, #533, #2832, #787, #2765, #325 ) ) ;
#1103 = ORIENTED_EDGE ( 'NONE', *, *, #200, .T. ) ;
#1104 = CARTESIAN_POINT ( 'NONE',  ( 0.000000000000000000, -1.000000000000000666, -10.16000000000000192 ) ) ;
#1105 = CARTESIAN_POINT ( 'NONE',  ( -0.1881736924797153820, 0.9312247007741134563, -0.8314087486877758115 ) ) ;
#1106 = ORIENTED_EDGE ( 'NONE', *, *, #2359, .F. ) ;
#1107 = ADVANCED_FACE ( 'NONE', ( #2974 ), #206, .T. ) ;
#1108 = CARTESIAN_POINT ( 'NONE',  ( -0.1798102833716267446, -0.9328327274824601556, 0.2726296118607435259 ) ) ;
#1109 = CARTESIAN_POINT ( 'NONE',  ( -0.1801282051282049879, 0.9327667606198729588, 0.1820512820512822094 ) ) ;
#1110 = CARTESIAN_POINT ( 'NONE',  ( -0.1185242201216903934, -0.9426061861395703678, -0.7413154494306914977 ) ) ;
#1111 = B_SPLINE_CURVE_WITH_KNOTS ( 'NONE', 3,
 ( #1057, #1309, #1029, #831, #2661, #1542 ),
 .UNSPECIFIED., .F., .F.,
 ( 4, 2, 4 ),
 ( 0.000000000000000000, 0.0001211313233351573844, 0.0002422626466703147689 ),
 .UNSPECIFIED. ) ;
#1112 = DIRECTION ( 'NONE',  ( -1.000000000000000000, 0.000000000000000000, 0.000000000000000000 ) ) ;
#1113 = UNCERTAINTY_MEASURE_WITH_UNIT (LENGTH_MEASURE( 1.000000000000000082E-05 ), #373, 'distance_accuracy_value', 'NONE');
#1114 = ORIENTED_EDGE ( 'NONE', *, *, #2222, .F. ) ;
#1115 = B_SPLINE_CURVE_WITH_KNOTS ( 'NONE', 3,
 ( #2427, #1243, #2408, #2208, #830, #370, #86, #549 ),
 .UNSPECIFIED., .F., .F.,
 ( 4, 2, 2, 4 ),
 ( 0.000000000000000000, 0.0001579681567164945206, 0.0002369522350747417809, 0.0003159363134329890954 ),
 .UNSPECIFIED. ) ;
#1116 = VERTEX_POINT ( 'NONE', #1126 ) ;
#1117 = CIRCLE ( 'NONE', #1567, 0.2999999999999999889 ) ;
#1118 = CARTESIAN_POINT ( 'NONE',  ( -0.1735061434157771088, 0.9341169271110311145, -0.3989519674600679466 ) ) ;
#1119 = ORIENTED_EDGE ( 'NONE', *, *, #1033, .F. ) ;
#1120 = DIRECTION ( 'NONE',  ( 1.000000000000000000, 0.000000000000000000, 0.000000000000000000 ) ) ;
#1121 = PRESENTATION_LAYER_ASSIGNMENT (  '', '', ( #1274 ) ) ;
#1122 = ORIENTED_EDGE ( 'NONE', *, *, #1868, .F. ) ;
#1123 = CARTESIAN_POINT ( 'NONE',  ( -0.1238008051072315013, -0.9418988059525295053, 0.3169046444811217667 ) ) ;
#1124 = CARTESIAN_POINT ( 'NONE',  ( -0.05298359637202451622, 0.9514127586502081346, 0.2537809511047253164 ) ) ;
#1125 =( GEOMETRIC_REPRESENTATION_CONTEXT ( 3 ) GLOBAL_UNCERTAINTY_ASSIGNED_CONTEXT ( ( #1113 ) ) GLOBAL_UNIT_ASSIGNED_CONTEXT ( ( #373, #835, #183 ) ) REPRESENTATION_CONTEXT ( 'NONE', 'WORKASPACE' ) );
#1126 = CARTESIAN_POINT ( 'NONE',  ( 0.08942307692307699396, 0.9457819586530552547, -0.5848557692307693179 ) ) ;
#1127 = EDGE_CURVE ( 'NONE', #2904, #138, #2224, .T. ) ;
#1128 = CARTESIAN_POINT ( 'NONE',  ( -0.9499999999999999556, 0.000000000000000000, -3.403937756669170867 ) ) ;
#1129 = CARTESIAN_POINT ( 'NONE',  ( -0.009294871794871612664, -0.9499545280476939801, 0.08974358974358988272 ) ) ;
#1130 = MANIFOLD_SOLID_BREP ( 'AlongTheTrajectory1', #1024 ) ;
#1131 = VECTOR ( 'NONE', #803, 1000.000000000000000 ) ;
#1132 = MECHANICAL_DESIGN_GEOMETRIC_PRESENTATION_REPRESENTATION (  '', ( #2979 ), #224 ) ;
#1133 = FACE_OUTER_BOUND ( 'NONE', #572, .T. ) ;
#1134 = ORIENTED_EDGE ( 'NONE', *, *, #1643, .T. ) ;
#1135 = MECHANICAL_DESIGN_GEOMETRIC_PRESENTATION_REPRESENTATION (  '', ( #1384 ), #1486 ) ;
#1136 = VERTEX_POINT ( 'NONE', #2562 ) ;
#1137 = CARTESIAN_POINT ( 'NONE',  ( -0.1438109117763197720, 0.9390518737833122298, -0.3911164569514587463 ) ) ;
#1138 = SURFACE_SIDE_STYLE ('',( #226 ) ) ;
#1139 = CARTESIAN_POINT ( 'NONE',  ( -0.7500000000000000000, 0.000000000000000000, 1.749999999999999778 ) ) ;
#1140 =( LENGTH_UNIT ( ) NAMED_UNIT ( * ) SI_UNIT ( .MILLI., .METRE. ) );
#1141 = CARTESIAN_POINT ( 'NONE',  ( 0.02134900376249517992, -0.9497995163551917752, -0.8637078615933589942 ) ) ;
#1142 = DIRECTION ( 'NONE',  ( 0.000000000000000000, 0.000000000000000000, -1.000000000000000000 ) ) ;
#1143 = CARTESIAN_POINT ( 'NONE',  ( -0.08661858974358957464, 0.9460429270973024218, 0.1091346153846155104 ) ) ;
#1144 = CARTESIAN_POINT ( 'NONE',  ( -0.3029805702007016821, 0.9004048550344454505, 0.01902798239966627461 ) ) ;
#1145 = DIRECTION ( 'NONE',  ( 0.000000000000000000, -1.000000000000000000, 6.802837160693362624E-16 ) ) ;
#1146 = UNCERTAINTY_MEASURE_WITH_UNIT (LENGTH_MEASURE( 1.000000000000000082E-05 ), #338, 'distance_accuracy_value', 'NONE');
#1147 = CARTESIAN_POINT ( 'NONE',  ( 0.03840621041631415294, -0.9500294282377736987, -0.6535468741100312062 ) ) ;
#1148 = ADVANCED_FACE ( 'NONE', ( #2591 ), #453, .T. ) ;
#1149 = ORIENTED_EDGE ( 'NONE', *, *, #2676, .F. ) ;
#1150 = CARTESIAN_POINT ( 'NONE',  ( 0.08942307692307699396, 0.9457819586530552547, -0.5848557692307693179 ) ) ;
#1151 = ORIENTED_EDGE ( 'NONE', *, *, #3015, .T. ) ;
#1152 = CARTESIAN_POINT ( 'NONE',  ( -0.1181987272020094265, -0.9426184417857264020, 0.03820862132065914324 ) ) ;
#1153 = SURFACE_STYLE_USAGE ( .BOTH. , #1138 ) ;
#1154 = B_SPLINE_CURVE_WITH_KNOTS ( 'NONE', 3,
 ( #2051, #2485, #377, #3011, #888, #2005, #660, #2750, #420, #1594 ),
 .UNSPECIFIED., .F., .F.,
 ( 4, 3, 3, 4 ),
 ( 0.000000000000000000, 1.312167183452749928E-05, 2.629780373716480754E-05, 5.243097066154539450E-05 ),
 .UNSPECIFIED. ) ;
#1155 = FACE_BOUND ( 'NONE', #646, .T. ) ;
#1156 = CARTESIAN_POINT ( 'NONE',  ( -0.2294871794871795323, -0.9218653016851318105, -0.8829326923076920020 ) ) ;
#1157 = CARTESIAN_POINT ( 'NONE',  ( 0.06402243589743610019, -0.9478402437656668900, 0.1392628205128206564 ) ) ;
#1158 = ORIENTED_EDGE ( 'NONE', *, *, #2140, .F. ) ;
#1159 = CARTESIAN_POINT ( 'NONE',  ( -0.2536858974358973118, -0.9155017561109008994, 0.4665064102564104309 ) ) ;
#1160 = CARTESIAN_POINT ( 'NONE',  ( -0.1372452030843610005, 0.9400339112191079538, 0.4125205817157630017 ) ) ;
#1161 =( NAMED_UNIT ( * ) SI_UNIT ( $, .STERADIAN. ) SOLID_ANGLE_UNIT ( ) );
#1162 = B_SPLINE_CURVE_WITH_KNOTS ( 'NONE', 3,
 ( #1247, #772, #282, #2869, #1664, #1200, #314, #2685 ),
 .UNSPECIFIED., .F., .F.,
 ( 4, 2, 2, 4 ),
 ( 0.000000000000000000, 7.838000070241377246E-05, 0.0001567600014048275449, 0.0003135200028096552525 ),
 .UNSPECIFIED. ) ;
#1163 = CARTESIAN_POINT ( 'NONE',  ( -0.07321749022714106603, 0.9475617508281403145, -0.8181906935003745440 ) ) ;
#1164 = VERTEX_POINT ( 'NONE', #694 ) ;
#1165 = EDGE_CURVE ( 'NONE', #435, #743, #2523, .T. ) ;
#1166 = B_SPLINE_CURVE_WITH_KNOTS ( 'NONE', 3,
 ( #242, #633, #1597, #2815, #861, #2330, #907, #468, #228, #1095, #2801, #2988, #2089, #1578, #423, #1362 ),
 .UNSPECIFIED., .F., .F.,
 ( 4, 3, 3, 3, 3, 4 ),
 ( 0.000000000000000000, 2.207619798485043459E-05, 3.676322168879874754E-05, 5.149525486452267558E-05, 6.565566155853593325E-05, 8.313502485275748905E-05 ),
 .UNSPECIFIED. ) ;
#1167 = CARTESIAN_POINT ( 'NONE',  ( -0.1270219838570301463, 0.9414698166300100590, 0.1677024666827214849 ) ) ;
#1168 = CARTESIAN_POINT ( 'NONE',  ( -0.1863782051282049934, -0.9315380639851429390, -0.07948717948717937132 ) ) ;
#1169 = CARTESIAN_POINT ( 'NONE',  ( 0.09486043494647239394, -0.9452678599431615369, -0.5715996653628084845 ) ) ;
#1170 = PRESENTATION_STYLE_ASSIGNMENT (( #44 ) ) ;
#1171 = CARTESIAN_POINT ( 'NONE',  ( -0.3051282051282050989, 0.8996648144921751689, -0.4994391025641026771 ) ) ;
#1172 = CARTESIAN_POINT ( 'NONE',  ( -0.2247846937794037436, 0.9230232074227645578, 0.3190832284450217937 ) ) ;
#1173 = FILL_AREA_STYLE_COLOUR ( '', #2778 ) ;
#1174 = CIRCLE ( 'NONE', #783, 0.9499999999999999556 ) ;
#1175 = VERTEX_POINT ( 'NONE', #712 ) ;
#1176 = VECTOR ( 'NONE', #58, 1000.000000000000000 ) ;
#1177 = LINE ( 'NONE', #1128, #2020 ) ;
#1178 = FACE_OUTER_BOUND ( 'NONE', #145, .T. ) ;
#1179 = CARTESIAN_POINT ( 'NONE',  ( -0.1358974358974357755, 0.9402296990185441405, 0.3056089743589746055 ) ) ;
#1180 = AXIS2_PLACEMENT_3D ( 'NONE', #2327, #239, #2348 ) ;
#1181 = AXIS2_PLACEMENT_3D ( 'NONE', #1843, #2858, #11 ) ;
#1182 = CARTESIAN_POINT ( 'NONE',  ( -0.2238639814665258909, -0.9232469430229858220, 0.3180186942891253810 ) ) ;
#1183 = VECTOR ( 'NONE', #2393, 1000.000000000000000 ) ;
#1184 = CARTESIAN_POINT ( 'NONE',  ( -0.1137926152689625187, 0.9432833145113852513, -0.3873817507984531061 ) ) ;
#1185 = ORIENTED_EDGE ( 'NONE', *, *, #962, .F. ) ;
#1186 = EDGE_CURVE ( 'NONE', #1853, #2147, #2209, .T. ) ;
#1187 = CARTESIAN_POINT ( 'NONE',  ( 0.1043031867505436194, -0.9442567686988966313, -0.5221577055941167833 ) ) ;
#1188 =( GEOMETRIC_REPRESENTATION_CONTEXT ( 3 ) GLOBAL_UNCERTAINTY_ASSIGNED_CONTEXT ( ( #1966 ) ) GLOBAL_UNIT_ASSIGNED_CONTEXT ( ( #1591, #2642, #296 ) ) REPRESENTATION_CONTEXT ( 'NONE', 'WORKASPACE' ) );
#1189 = ORIENTED_EDGE ( 'NONE', *, *, #233, .F. ) ;
#1190 = CARTESIAN_POINT ( 'NONE',  ( -0.1126476104796428068, -0.9433034155860137160, 0.3310249711982402032 ) ) ;
#1191 = CARTESIAN_POINT ( 'NONE',  ( -0.2435235504875883361, 0.9182571972807612726, -0.7815982088192166000 ) ) ;
#1192 = DIRECTION ( 'NONE',  ( -1.000000000000000000, 0.000000000000000000, 0.000000000000000000 ) ) ;
#1193 = VERTEX_POINT ( 'NONE', #2576 ) ;
#1194 = CARTESIAN_POINT ( 'NONE',  ( 0.03333333333333334675, 0.9494150245750743178, -0.9593749999999997558 ) ) ;
#1195 = CARTESIAN_POINT ( 'NONE',  ( -0.1256410256410255277, -0.9416551028247397426, -0.1051282051282051294 ) ) ;
#1196 = CARTESIAN_POINT ( 'NONE',  ( -0.3014149137775047893, 0.9009705919255063256, -0.5520485241750353600 ) ) ;
#1197 = DIRECTION ( 'NONE',  ( -0.000000000000000000, -0.000000000000000000, -1.000000000000000000 ) ) ;
#1198 = B_SPLINE_CURVE_WITH_KNOTS ( 'NONE', 3,
 ( #1807, #2783, #2023, #1536, #2985, #2543 ),
 .UNSPECIFIED., .F., .F.,
 ( 4, 2, 4 ),
 ( 0.000000000000000000, 0.0001200767537238614616, 0.0002401535074477229232 ),
 .UNSPECIFIED. ) ;
#1199 = ORIENTED_EDGE ( 'NONE', *, *, #310, .T. ) ;
#1200 = CARTESIAN_POINT ( 'NONE',  ( 0.007643362099628414792, 0.9507819365958112279, -0.3233321431562594106 ) ) ;
#1201 = EDGE_LOOP ( 'NONE', ( #718, #2808, #2455, #2964 ) ) ;
#1202 = CARTESIAN_POINT ( 'NONE',  ( -0.05394108598623560680, -0.9487951157754115350, 0.4442541741128625543 ) ) ;
#1203 = EDGE_LOOP ( 'NONE', ( #1158, #362, #1217, #807 ) ) ;
#1204 = CARTESIAN_POINT ( 'NONE',  ( 0.000000000000000000, -1.000000000000000666, 10.16000000000000192 ) ) ;
#1205 = EDGE_CURVE ( 'NONE', #952, #2283, #1861, .T. ) ;
#1206 = ORIENTED_EDGE ( 'NONE', *, *, #2752, .T. ) ;
#1207 = CARTESIAN_POINT ( 'NONE',  ( 0.03802197593991592239, 0.9492389177009414869, -0.4826779456652873779 ) ) ;
#1208 = CARTESIAN_POINT ( 'NONE',  ( -0.2326762349628899440, 0.9210655620983196901, -0.9084061452450089558 ) ) ;
#1209 = FACE_OUTER_BOUND ( 'NONE', #1775, .T. ) ;
#1210 =( BOUNDED_CURVE ( )  B_SPLINE_CURVE ( 3, ( #94, #558, #1266, #1502 ),
 .UNSPECIFIED., .F., .T. ) 
 B_SPLINE_CURVE_WITH_KNOTS ( ( 4, 4 ),
 ( 4.568846621199561753, 4.578895682175502024 ),
 .UNSPECIFIED. ) 
 CURVE ( )  GEOMETRIC_REPRESENTATION_ITEM ( )  RATIONAL_B_SPLINE_CURVE ( ( 1.000000000000000000, 0.9999915847154960957, 0.9999915847154960957, 1.000000000000000000 ) ) 
 REPRESENTATION_ITEM ( '' )  );
#1211 = CARTESIAN_POINT ( 'NONE',  ( -0.3049481730362871290, 0.8997258737535662743, 0.05863757539280299580 ) ) ;
#1212 = CARTESIAN_POINT ( 'NONE',  ( -0.03672945489284466097, -0.9492897066456987831, 0.1596360953022276929 ) ) ;
#1213 = ORIENTED_EDGE ( 'NONE', *, *, #188, .T. ) ;
#1214 = CARTESIAN_POINT ( 'NONE',  ( -0.2381460179962457402, 0.9196665593355249912, 0.3499936898926133133 ) ) ;
#1215 = CIRCLE ( 'NONE', #119, 0.2999999999999999889 ) ;
#1216 = CARTESIAN_POINT ( 'NONE',  ( 0.03574027846509397061, -0.9493532103143957901, -0.4663339295000719087 ) ) ;
#1217 = ORIENTED_EDGE ( 'NONE', *, *, #1186, .T. ) ;
#1218 = CARTESIAN_POINT ( 'NONE',  ( -0.1327479474531946535, -0.9406849148072052857, 0.2832422682888556253 ) ) ;
#1219 = CARTESIAN_POINT ( 'NONE',  ( -0.2384615384615384193, 0.9195847403445515100, -0.4995993589743591423 ) ) ;
#1220 = CIRCLE ( 'NONE', #2107, 0.9499999999999999556 ) ;
#1221 = CARTESIAN_POINT ( 'NONE',  ( -0.2129794504301070202, 0.9258184237173694431, 0.4878980501357385591 ) ) ;
#1222 = ADVANCED_FACE ( 'NONE', ( #1407 ), #2351, .T. ) ;
#1223 = CARTESIAN_POINT ( 'NONE',  ( 0.03056584633730415057, 0.9495102260182426424, 0.06746055588193347607 ) ) ;
#1224 = CARTESIAN_POINT ( 'NONE',  ( -0.2197542306579039206, -0.9242803301406055105, -0.5635990059914812722 ) ) ;
#1225 = CARTESIAN_POINT ( 'NONE',  ( -0.2132902494843465224, -0.9257623073150236248, 0.09606751947528903435 ) ) ;
#1226 = CARTESIAN_POINT ( 'NONE',  ( 0.09487179487179507598, -0.9452509415693823858, 0.4794871794871796711 ) ) ;
#1227 = CIRCLE ( 'NONE', #2976, 0.2000000000000000944 ) ;
#1228 = CARTESIAN_POINT ( 'NONE',  ( -0.2195309762572095758, -0.9242975869543880174, 0.3131161796895957639 ) ) ;
#1229 = COLOUR_RGB ( '',0.1019607843137254888, 0.1019607843137254888, 0.1019607843137254888 ) ;
#1230 = CARTESIAN_POINT ( 'NONE',  ( -0.2606826034240345979, 0.9135341155466047969, 0.1518480436519656085 ) ) ;
#1231 = EDGE_LOOP ( 'NONE', ( #1011, #1213, #2137, #1288 ) ) ;
#1232 = B_SPLINE_CURVE_WITH_KNOTS ( 'NONE', 3,
 ( #251, #1163, #2104, #1924, #1649, #489, #1413, #2357 ),
 .UNSPECIFIED., .F., .F.,
 ( 4, 2, 2, 4 ),
 ( 0.000000000000000000, 8.076302317354989719E-05, 0.0001211445347603248390, 0.0001615260463470997944 ),
 .UNSPECIFIED. ) ;
#1233 = CARTESIAN_POINT ( 'NONE',  ( -0.1900909922882901837, -0.9308381055548499150, 0.4168059744552397028 ) ) ;
#1234 = VERTEX_POINT ( 'NONE', #1696 ) ;
#1235 = SURFACE_STYLE_FILL_AREA ( #108 ) ;
#1236 = AXIS2_PLACEMENT_3D ( 'NONE', #2103, #1896, #517 ) ;
#1237 = ORIENTED_EDGE ( 'NONE', *, *, #2425, .F. ) ;
#1238 =( NAMED_UNIT ( * ) PLANE_ANGLE_UNIT ( ) SI_UNIT ( $, .RADIAN. ) );
#1239 = SURFACE_STYLE_FILL_AREA ( #2441 ) ;
#1240 = ADVANCED_FACE ( 'NONE', ( #2922 ), #1922, .T. ) ;
#1241 = CARTESIAN_POINT ( 'NONE',  ( -0.2936988560166114426, 0.9035032201251274042, 0.4195204832875164547 ) ) ;
#1242 = CARTESIAN_POINT ( 'NONE',  ( 0.000000000000000000, -3.550000000000000266, 9.860000000000001208 ) ) ;
#1243 = CARTESIAN_POINT ( 'NONE',  ( -0.1552288789457104967, -0.9387370687680233194, -0.6887609846034189465 ) ) ;
#1244 = VERTEX_POINT ( 'NONE', #776 ) ;
#1245 = EDGE_CURVE ( 'NONE', #2721, #1021, #800, .T. ) ;
#1246 = CARTESIAN_POINT ( 'NONE',  ( 0.008164361948883428616, 0.9499912335706142130, -0.5786040348336153327 ) ) ;
#1247 = CARTESIAN_POINT ( 'NONE',  ( 0.1051282051282051849, 0.9441652718070718819, -0.5005608974358976004 ) ) ;
#1248 = ORIENTED_EDGE ( 'NONE', *, *, #1341, .F. ) ;
#1249 = DIRECTION ( 'NONE',  ( -0.000000000000000000, -0.000000000000000000, -1.000000000000000000 ) ) ;
#1250 = EDGE_LOOP ( 'NONE', ( #2149, #121 ) ) ;
#1251 = DIRECTION ( 'NONE',  ( -1.000000000000000000, 0.000000000000000000, 0.000000000000000000 ) ) ;
#1252 = CARTESIAN_POINT ( 'NONE',  ( 0.02037856173552756930, -0.9497854273820314219, 0.08073987604406430985 ) ) ;
#1253 = CARTESIAN_POINT ( 'NONE',  ( -0.01794871794871778087, 0.9498304288261129047, 0.007692307692307823706 ) ) ;
#1254 = UNCERTAINTY_MEASURE_WITH_UNIT (LENGTH_MEASURE( 1.000000000000000082E-05 ), #728, 'distance_accuracy_value', 'NONE');
#1255 = CARTESIAN_POINT ( 'NONE',  ( -0.2333333333333333648, 0.9208993189027536719, -3.403937756669170867 ) ) ;
#1256 = CARTESIAN_POINT ( 'NONE',  ( -0.1464533048438143026, 0.9386433984756651361, 0.1003820491824120170 ) ) ;
#1257 = LINE ( 'NONE', #2406, #1131 ) ;
#1258 = CARTESIAN_POINT ( 'NONE',  ( -0.05344551282051267227, 0.9484954281172642832, 0.3306089743589745167 ) ) ;
#1259 = ORIENTED_EDGE ( 'NONE', *, *, #2252, .F. ) ;
#1260 = CARTESIAN_POINT ( 'NONE',  ( -0.1166045906564465579, 0.9428168643648903169, 0.04577662788966851970 ) ) ;
#1261 = CARTESIAN_POINT ( 'NONE',  ( -0.1995782577876862307, -0.9287995042087481279, 0.4135790728026270680 ) ) ;
#1262 = EDGE_CURVE ( 'NONE', #280, #485, #220, .T. ) ;
#1263 = VERTEX_POINT ( 'NONE', #988 ) ;
#1264 = SURFACE_SIDE_STYLE ('',( #2690 ) ) ;
#1265 = CARTESIAN_POINT ( 'NONE',  ( -0.001222800634226041058, -0.9499992130306211813, 0.08925239256779553265 ) ) ;
#1266 = CARTESIAN_POINT ( 'NONE',  ( -0.1295962115287310201, 0.9411243002155854631, 0.2608596012998679603 ) ) ;
#1267 = ORIENTED_EDGE ( 'NONE', *, *, #2199, .T. ) ;
#1268 = CARTESIAN_POINT ( 'NONE',  ( -0.1889423076923077149, -0.9310213769639800185, -0.7532051282051278607 ) ) ;
#1269 = CARTESIAN_POINT ( 'NONE',  ( -0.1872294658368544862, 0.9313673427400166460, 0.4166132116364720250 ) ) ;
#1270 = B_SPLINE_CURVE_WITH_KNOTS ( 'NONE', 3,
 ( #231, #248, #1144, #2356, #2856, #1674, #37, #2091, #1646, #699, #2582, #1613, #502, #2144, #2624, #457 ),
 .UNSPECIFIED., .F., .F.,
 ( 4, 3, 3, 3, 3, 4 ),
 ( 0.000000000000000000, 4.591580923391500903E-05, 9.244067217598542067E-05, 0.0001315909301267734590, 0.0001762723731720342035, 0.0001959962643534287534 ),
 .UNSPECIFIED. ) ;
#1271 = SURFACE_STYLE_FILL_AREA ( #2657 ) ;
#1272 = B_SPLINE_CURVE_WITH_KNOTS ( 'NONE', 3,
 ( #2040, #2989, #862, #1800, #950, #2331, #1902, #31, #3032, #1888 ),
 .UNSPECIFIED., .F., .F.,
 ( 4, 3, 3, 4 ),
 ( 0.000000000000000000, 3.229990938916025162E-05, 4.897090409980768783E-05, 6.593779237445855700E-05 ),
 .UNSPECIFIED. ) ;
#1273 = CARTESIAN_POINT ( 'NONE',  ( -0.2380092559953586595, 0.9197019652845739301, 0.04340625797264134611 ) ) ;
#1274 = STYLED_ITEM ( 'NONE', ( #824 ), #601 ) ;
#1275 = STYLED_ITEM ( 'NONE', ( #2566 ), #1040 ) ;
#1276 = CARTESIAN_POINT ( 'NONE',  ( 0.03186774175443320145, 0.9494653479908323757, -0.5405141948842120403 ) ) ;
#1277 = DIRECTION ( 'NONE',  ( 0.000000000000000000, 7.228014483236697541E-16, 1.000000000000000000 ) ) ;
#1278 = ORIENTED_EDGE ( 'NONE', *, *, #64, .F. ) ;
#1279 = CARTESIAN_POINT ( 'NONE',  ( 0.09563064579597864434, 0.9451800864944613911, -0.8641909162254554078 ) ) ;
#1280 = B_SPLINE_CURVE_WITH_KNOTS ( 'NONE', 3,
 ( #2930, #2206, #754, #767, #2457, #2173, #1755, #350, #1454, #130, #2909, #2655, #2675 ),
 .UNSPECIFIED., .F., .F.,
 ( 4, 3, 3, 3, 4 ),
 ( 0.000000000000000000, 2.602386236066828510E-05, 5.205682474967682856E-05, 7.788181903388499293E-05, 0.0001041129696675574393 ),
 .UNSPECIFIED. ) ;
#1281 = STYLED_ITEM ( 'NONE', ( #1749 ), #1240 ) ;
#1282 = ORIENTED_EDGE ( 'NONE', *, *, #324, .F. ) ;
#1283 = EDGE_CURVE ( 'NONE', #1485, #2614, #2634, .T. ) ;
#1284 = MECHANICAL_DESIGN_GEOMETRIC_PRESENTATION_REPRESENTATION (  '', ( #223 ), #2978 ) ;
#1285 =( NAMED_UNIT ( * ) SI_UNIT ( $, .STERADIAN. ) SOLID_ANGLE_UNIT ( ) );
#1286 = CARTESIAN_POINT ( 'NONE',  ( 0.09940753582678005240, 0.9447857271142812152, 0.06744644248353447169 ) ) ;
#1287 =( GEOMETRIC_REPRESENTATION_CONTEXT ( 3 ) GLOBAL_UNCERTAINTY_ASSIGNED_CONTEXT ( ( #110 ) ) GLOBAL_UNIT_ASSIGNED_CONTEXT ( ( #496, #2070, #2129 ) ) REPRESENTATION_CONTEXT ( 'NONE', 'WORKASPACE' ) );
#1288 = ORIENTED_EDGE ( 'NONE', *, *, #250, .T. ) ;
#1289 = FILL_AREA_STYLE_COLOUR ( '', #1728 ) ;
#1290 = CARTESIAN_POINT ( 'NONE',  ( -0.1166935627416570836, 0.9428059315008613384, 0.07022387116917798433 ) ) ;
#1291 = CARTESIAN_POINT ( 'NONE',  ( -0.2339563291261688716, 0.9207412427288170775, 0.4790628063991632102 ) ) ;
#1292 = CARTESIAN_POINT ( 'NONE',  ( 0.03309328718333378466, 0.9494235306785610007, 0.05702798857443328734 ) ) ;
#1293 = AXIS2_PLACEMENT_3D ( 'NONE', #2492, #1306, #2239 ) ;
#1294 = CARTESIAN_POINT ( 'NONE',  ( -0.2995606246715206700, 0.9015393031803973223, 0.4042325311775801233 ) ) ;
#1295 = SURFACE_STYLE_USAGE ( .BOTH. , #2225 ) ;
#1296 = LINE ( 'NONE', #2949, #2073 ) ;
#1297 = ORIENTED_EDGE ( 'NONE', *, *, #2946, .T. ) ;
#1298 = FILL_AREA_STYLE_COLOUR ( '', #1331 ) ;
#1299 = CARTESIAN_POINT ( 'NONE',  ( -0.1414069811136307309, 0.9395079252717914997, 0.4934948123825037558 ) ) ;
#1300 = CARTESIAN_POINT ( 'NONE',  ( -0.01025668612095560588, 0.9499524178004881136, -0.04358790449277309687 ) ) ;
#1301 = CARTESIAN_POINT ( 'NONE',  ( -0.03866186534467774133, -0.9492129899895053180, 0.3755975871655681808 ) ) ;
#1302 = CARTESIAN_POINT ( 'NONE',  ( -0.2050828793739273570, 0.9275995971253978567, -0.8415684805822744030 ) ) ;
#1303 = PRODUCT_RELATED_PRODUCT_CATEGORY ( 'part', '', ( #937 ) ) ;
#1304 = SURFACE_STYLE_FILL_AREA ( #380 ) ;
#1305 = CARTESIAN_POINT ( 'NONE',  ( -0.0007211538461537750702, -0.9499997262826606059, -0.6718750000000001110 ) ) ;
#1306 = DIRECTION ( 'NONE',  ( -0.000000000000000000, -0.000000000000000000, -1.000000000000000000 ) ) ;
#1307 = EDGE_CURVE ( 'NONE', #1234, #480, #227, .T. ) ;
#1308 = B_SPLINE_CURVE_WITH_KNOTS ( 'NONE', 3,
 ( #1697, #1038, #319, #1750, #109, #1917, #1020, #2419, #1950, #2906, #2437, #1712, #1489, #331, #1984, #1253 ),
 .UNSPECIFIED., .F., .F.,
 ( 4, 3, 3, 3, 3, 4 ),
 ( 0.000000000000000000, 1.653882293778443852E-05, 3.101603317846030045E-05, 4.757338016138128384E-05, 6.971137922967786317E-05, 7.369334534370220336E-05 ),
 .UNSPECIFIED. ) ;
#1309 = CARTESIAN_POINT ( 'NONE',  ( 0.07975636071099924396, 0.9467312185150413839, -0.8130955266038286666 ) ) ;
#1310 =( LENGTH_UNIT ( ) NAMED_UNIT ( * ) SI_UNIT ( .MILLI., .METRE. ) );
#1311 = ORIENTED_EDGE ( 'NONE', *, *, #2296, .T. ) ;
#1312 = FACE_OUTER_BOUND ( 'NONE', #2244, .T. ) ;
#1313 = EDGE_LOOP ( 'NONE', ( #2246, #2667, #266, #2202 ) ) ;
#1314 = CARTESIAN_POINT ( 'NONE',  ( -0.1264423076923075207, 0.9415478441510255481, 0.2384615384615386413 ) ) ;
#1315 = CARTESIAN_POINT ( 'NONE',  ( 0.09740985815656558189, -0.9449932561417768717, -0.8768907064525206518 ) ) ;
#1316 = CARTESIAN_POINT ( 'NONE',  ( -0.1855769230769229450, -0.9316980227634383827, 0.2282051282051283658 ) ) ;
#1317 = FILL_AREA_STYLE ('',( #863 ) ) ;
#1318 = CARTESIAN_POINT ( 'NONE',  ( -0.2946362774865043388, 0.9031561159157843743, -0.8637969869464798833 ) ) ;
#1319 = CARTESIAN_POINT ( 'NONE',  ( -0.1801282051282049879, 0.9327667606198729588, 0.1820512820512822094 ) ) ;
#1320 = CARTESIAN_POINT ( 'NONE',  ( -0.1256410256410255277, 0.9416551028247397426, -0.1051282051282051294 ) ) ;
#1321 = EDGE_CURVE ( 'NONE', #2147, #1853, #2158, .T. ) ;
#1322 = CARTESIAN_POINT ( 'NONE',  ( 0.09999999999999999167, 0.9447221813845592120, -3.403937756669170867 ) ) ;
#1323 = AXIS2_PLACEMENT_3D ( 'NONE', #590, #1717, #1783 ) ;
#1324 = VERTEX_POINT ( 'NONE', #1314 ) ;
#1325 = SURFACE_STYLE_USAGE ( .BOTH. , #417 ) ;
#1326 = CARTESIAN_POINT ( 'NONE',  ( -0.01410288725770068169, 0.9499031025668742689, -0.01794656358113925348 ) ) ;
#1327 = EDGE_LOOP ( 'NONE', ( #573, #1027, #2382, #1733, #1490, #996, #1929, #523, #749, #1851, #2926, #2378, #2898, #2604, #2717, #1237 ) ) ;
#1328 = CARTESIAN_POINT ( 'NONE',  ( -0.1465685465308814717, 0.9386254104635266549, -0.7436361419952424168 ) ) ;
#1329 = AXIS2_PLACEMENT_3D ( 'NONE', #1104, #1061, #603 ) ;
#1330 = STYLED_ITEM ( 'NONE', ( #2564 ), #141 ) ;
#1331 = COLOUR_RGB ( '',0.8313725490196077761, 0.8313725490196077761, 0.8196078431372548767 ) ;
#1332 = CARTESIAN_POINT ( 'NONE',  ( 0.000000000000000000, -1.000000000000000666, 10.16000000000000192 ) ) ;
#1333 = CARTESIAN_POINT ( 'NONE',  ( -0.1987360532388512124, 0.9290299195227587070, 0.2993227511679797392 ) ) ;
#1334 = CARTESIAN_POINT ( 'NONE',  ( -0.1863782051282049934, 0.9315380639851434941, -0.07948717948717937132 ) ) ;
#1335 = CARTESIAN_POINT ( 'NONE',  ( -0.1261311505379384967, -0.9415996753100177585, 0.4069398240802558075 ) ) ;
#1336 = AXIS2_PLACEMENT_3D ( 'NONE', #146, #173, #2754 ) ;
#1337 = CARTESIAN_POINT ( 'NONE',  ( 0.03327289359057294948, -0.9494171465744526417, 0.05039091814305686479 ) ) ;
#1338 = AXIS2_PLACEMENT_3D ( 'NONE', #2900, #2178, #2462 ) ;
#1339 = CARTESIAN_POINT ( 'NONE',  ( -0.08909517553055046335, -0.9458161737839996253, 0.1194172751888087081 ) ) ;
#1340 =( GEOMETRIC_REPRESENTATION_CONTEXT ( 3 ) GLOBAL_UNCERTAINTY_ASSIGNED_CONTEXT ( ( #1713 ) ) GLOBAL_UNIT_ASSIGNED_CONTEXT ( ( #722, #2067, #1883 ) ) REPRESENTATION_CONTEXT ( 'NONE', 'WORKASPACE' ) );
#1341 = EDGE_CURVE ( 'NONE', #723, #2034, #2084, .T. ) ;
#1342 = CARTESIAN_POINT ( 'NONE',  ( -0.2114767024108533122, 0.9261628389961190644, 0.09670995812576857475 ) ) ;
#1343 = CARTESIAN_POINT ( 'NONE',  ( 0.000000000000000000, 0.000000000000000000, -3.403937756669170867 ) ) ;
#1344 = CYLINDRICAL_SURFACE ( 'NONE', #2080, 0.2999999999999999889 ) ;
#1345 = EDGE_CURVE ( 'NONE', #1175, #1853, #1227, .T. ) ;
#1346 = DIRECTION ( 'NONE',  ( 0.000000000000000000, 0.000000000000000000, -1.000000000000000000 ) ) ;
#1347 = CARTESIAN_POINT ( 'NONE',  ( 0.09862791317224924026, -0.9448664110567629448, -0.8895767197493319456 ) ) ;
#1348 = CARTESIAN_POINT ( 'NONE',  ( -0.1889423076923077149, 0.9310213769639800185, -0.7532051282051278607 ) ) ;
#1349 = CARTESIAN_POINT ( 'NONE',  ( -0.006410256410256241766, -0.9499783727079026407, -0.06923076923076909583 ) ) ;
#1350 = CARTESIAN_POINT ( 'NONE',  ( -0.1097209706218201936, -0.9436425746077156118, 0.3856862942869115907 ) ) ;
#1351 = CARTESIAN_POINT ( 'NONE',  ( -0.2915064102564102755, 0.9041703450011073784, -0.8522435897435893803 ) ) ;
#1352 = CARTESIAN_POINT ( 'NONE',  ( -0.03232791207675797529, 0.9494497912481216773, 0.1614354248379018253 ) ) ;
#1353 = CARTESIAN_POINT ( 'NONE',  ( -0.2868041711626751478, 0.9056777990953240876, -0.8389976989972717236 ) ) ;
#1354 = CARTESIAN_POINT ( 'NONE',  ( 0.000000000000000000, 0.000000000000000000, -1.749999999999999778 ) ) ;
#1355 = ORIENTED_EDGE ( 'NONE', *, *, #2053, .T. ) ;
#1356 = CARTESIAN_POINT ( 'NONE',  ( -0.2380955417715975297, -0.9196796485459669546, 0.3490440949525801528 ) ) ;
#1357 = SHAPE_DEFINITION_REPRESENTATION ( #1569, #2635 ) ;
#1358 = DIRECTION ( 'NONE',  ( 1.000000000000000000, 0.000000000000000000, 0.000000000000000000 ) ) ;
#1359 = EDGE_CURVE ( 'NONE', #291, #2618, #179, .T. ) ;
#1360 = DIRECTION ( 'NONE',  ( 1.000000000000000000, 0.000000000000000000, 0.000000000000000000 ) ) ;
#1361 = FACE_OUTER_BOUND ( 'NONE', #1897, .T. ) ;
#1362 = CARTESIAN_POINT ( 'NONE',  ( -0.009294871794871612664, 0.9499545280476939801, 0.08974358974358988272 ) ) ;
#1363 = CARTESIAN_POINT ( 'NONE',  ( -0.1832296220855664515, 0.9321680191945668215, -0.05387158863181520929 ) ) ;
#1364 = PRESENTATION_STYLE_ASSIGNMENT (( #3005 ) ) ;
#1365 = CARTESIAN_POINT ( 'NONE',  ( -0.2998856251938885609, 0.9014258851024333774, -0.9113581054226012057 ) ) ;
#1366 = FILL_AREA_STYLE ('',( #17 ) ) ;
#1367 = CARTESIAN_POINT ( 'NONE',  ( -0.1354260249465614185, -0.9403471286320450595, 0.1730103984684886742 ) ) ;
#1368 = CARTESIAN_POINT ( 'NONE',  ( 0.07862495569851980781, 0.9467718333011228005, -0.02327067592191891729 ) ) ;
#1369 = ORIENTED_EDGE ( 'NONE', *, *, #2465, .F. ) ;
#1370 = SURFACE_STYLE_USAGE ( .BOTH. , #236 ) ;
#1371 = VERTEX_POINT ( 'NONE', #1763 ) ;
#1372 = CARTESIAN_POINT ( 'NONE',  ( -0.1290121540603461625, 0.9413182265799012738, -0.3882753214439805811 ) ) ;
#1373 = CARTESIAN_POINT ( 'NONE',  ( 0.1015452084168821795, -0.9445573411114719375, -0.5436060991039657342 ) ) ;
#1374 = EDGE_CURVE ( 'NONE', #491, #198, #2825, .T. ) ;
#1375 = ORIENTED_EDGE ( 'NONE', *, *, #636, .F. ) ;
#1376 = CARTESIAN_POINT ( 'NONE',  ( -0.1178222365714588077, -0.9426846139325798513, 0.3234452598207206986 ) ) ;
#1377 = CARTESIAN_POINT ( 'NONE',  ( -0.2224573370981911269, -0.9236239668820012128, -0.7676458420742362510 ) ) ;
#1378 = MECHANICAL_DESIGN_GEOMETRIC_PRESENTATION_REPRESENTATION (  '', ( #1772 ), #981 ) ;
#1379 = B_SPLINE_CURVE_WITH_KNOTS ( 'NONE', 3,
 ( #532, #234, #1147, #2342 ),
 .UNSPECIFIED., .F., .F.,
 ( 4, 4 ),
 ( 0.000000000000000000, 0.0001269240879305614253 ),
 .UNSPECIFIED. ) ;
#1380 = DIRECTION ( 'NONE',  ( 1.000000000000000000, 0.000000000000000000, 0.000000000000000000 ) ) ;
#1381 = CARTESIAN_POINT ( 'NONE',  ( -0.2379789000586618186, -0.9197098954183818842, -0.4823585163302920864 ) ) ;
#1382 = CARTESIAN_POINT ( 'NONE',  ( -0.3051282051282050989, 0.8996648144921751689, -0.4994391025641026771 ) ) ;
#1383 = STYLED_ITEM ( 'NONE', ( #1657 ), #2128 ) ;
#1384 = STYLED_ITEM ( 'NONE', ( #1944 ), #2177 ) ;
#1385 = ORIENTED_EDGE ( 'NONE', *, *, #569, .T. ) ;
#1386 = COLOUR_RGB ( '',0.1019607843137254888, 0.1019607843137254888, 0.1019607843137254888 ) ;
#1387 = CARTESIAN_POINT ( 'NONE',  ( -0.2345865487891833634, -0.9205857032533202311, 0.07210921599188033215 ) ) ;
#1388 = CARTESIAN_POINT ( 'NONE',  ( -0.1195527814567108466, -0.9424476631906064661, 0.03318224900824362500 ) ) ;
#1389 = ORIENTED_EDGE ( 'NONE', *, *, #1587, .T. ) ;
#1390 = DIRECTION ( 'NONE',  ( -1.000000000000000000, 0.000000000000000000, 0.000000000000000000 ) ) ;
#1391 = ORIENTED_EDGE ( 'NONE', *, *, #745, .T. ) ;
#1392 = LINE ( 'NONE', #692, #1039 ) ;
#1393 = CARTESIAN_POINT ( 'NONE',  ( -0.2384615384615383360, -0.9195847403445516210, 0.3559294871794874138 ) ) ;
#1394 = EDGE_CURVE ( 'NONE', #2614, #1865, #2259, .T. ) ;
#1395 = CARTESIAN_POINT ( 'NONE',  ( -0.1800778856793910920, -0.9327820032075997414, -0.02823034329343943744 ) ) ;
#1396 = CARTESIAN_POINT ( 'NONE',  ( -0.05897435897435880647, -0.9481677198595001022, 0.03541666666666680452 ) ) ;
#1397 = CARTESIAN_POINT ( 'NONE',  ( -0.1122894772621169379, 0.9433403804017932437, 0.3907610413360225743 ) ) ;
#1398 = EDGE_CURVE ( 'NONE', #1676, #1875, #2672, .T. ) ;
#1399 = CARTESIAN_POINT ( 'NONE',  ( -0.2011000990053774251, -0.9284711897415197646, 0.1013154261549190360 ) ) ;
#1400 = CARTESIAN_POINT ( 'NONE',  ( -0.3045706553421508866, -0.8998539117679029697, 0.01666325927474723856 ) ) ;
#1401 = VERTEX_POINT ( 'NONE', #212 ) ;
#1402 = FACE_BOUND ( 'NONE', #2358, .T. ) ;
#1403 = FILL_AREA_STYLE_COLOUR ( '', #2379 ) ;
#1404 = ORIENTED_EDGE ( 'NONE', *, *, #1414, .T. ) ;
#1405 = CARTESIAN_POINT ( 'NONE',  ( -0.1024038461538461092, 0.9444646379261106839, -0.6897435897435899577 ) ) ;
#1406 = CARTESIAN_POINT ( 'NONE',  ( -0.2017322552354105236, 0.9284257736149594820, -0.7577562967454506415 ) ) ;
#1407 = FACE_OUTER_BOUND ( 'NONE', #1231, .T. ) ;
#1408 = VERTEX_POINT ( 'NONE', #1078 ) ;
#1409 = CARTESIAN_POINT ( 'NONE',  ( 0.03055120532514075254, 0.9495092190684421007, -0.8955495944009168596 ) ) ;
#1410 = CARTESIAN_POINT ( 'NONE',  ( -0.2414247894007295614, -0.9188993139797939635, 0.4752739256516834709 ) ) ;
#1411 = CARTESIAN_POINT ( 'NONE',  ( -0.1051282051282049629, 0.9441652718070718819, 0.3616185897435899022 ) ) ;
#1412 = EDGE_CURVE ( 'NONE', #2169, #24, #1198, .T. ) ;
#1413 = CARTESIAN_POINT ( 'NONE',  ( 0.02627572601484612358, 0.9496419902266487467, -0.8764940824621975102 ) ) ;
#1414 = EDGE_CURVE ( 'NONE', #2365, #45, #1154, .T. ) ;
#1415 = CARTESIAN_POINT ( 'NONE',  ( -0.2226552159897249028, -0.9235464919474322132, 0.01525141415152714459 ) ) ;
#1416 = ORIENTED_EDGE ( 'NONE', *, *, #583, .T. ) ;
#1417 = CARTESIAN_POINT ( 'NONE',  ( -0.1093804114344149592, -0.9436821104577769459, 0.3392907092494973909 ) ) ;
#1418 = CARTESIAN_POINT ( 'NONE',  ( 0.05941955628542749251, 0.9481511480207265308, 0.1433654442467453827 ) ) ;
#1419 = PRESENTATION_STYLE_ASSIGNMENT (( #498 ) ) ;
#1420 = VECTOR ( 'NONE', #1668, 1000.000000000000000 ) ;
#1421 = DIRECTION ( 'NONE',  ( 0.000000000000000000, 0.000000000000000000, 1.000000000000000000 ) ) ;
#1422 = VERTEX_POINT ( 'NONE', #629 ) ;
#1423 = COLOUR_RGB ( '',0.1019607843137254888, 0.1019607843137254888, 0.1019607843137254888 ) ;
#1424 = CARTESIAN_POINT ( 'NONE',  ( -0.2137073671354982884, -0.9256506691145077736, 0.4876592857872983355 ) ) ;
#1425 = CARTESIAN_POINT ( 'NONE',  ( -0.1072847218717279810, 0.9439232652165001625, 0.3797496263482825207 ) ) ;
#1426 = PRESENTATION_LAYER_ASSIGNMENT (  '', '', ( #221 ) ) ;
#1427 = VECTOR ( 'NONE', #773, 1000.000000000000000 ) ;
#1428 = ORIENTED_EDGE ( 'NONE', *, *, #795, .T. ) ;
#1429 = AXIS2_PLACEMENT_3D ( 'NONE', #1848, #1142, #277 ) ;
#1430 = ORIENTED_EDGE ( 'NONE', *, *, #672, .T. ) ;
#1431 = EDGE_CURVE ( 'NONE', #2873, #2344, #165, .T. ) ;
#1432 = VECTOR ( 'NONE', #954, 1000.000000000000000 ) ;
#1433 = VERTEX_POINT ( 'NONE', #3002 ) ;
#1434 = DIRECTION ( 'NONE',  ( 0.000000000000000000, 0.000000000000000000, -1.000000000000000000 ) ) ;
#1435 = VERTEX_POINT ( 'NONE', #874 ) ;
#1436 = CARTESIAN_POINT ( 'NONE',  ( -0.3030376206240809611, 0.9003858945045488671, 0.3273219012684254192 ) ) ;
#1437 = CARTESIAN_POINT ( 'NONE',  ( -0.1990738700482596879, -0.9289395159185440676, 0.4919047374883663282 ) ) ;
#1438 = DIRECTION ( 'NONE',  ( -0.000000000000000000, 1.000000000000000000, -5.599838911056187026E-16 ) ) ;
#1439 = DIRECTION ( 'NONE',  ( 0.000000000000000000, 0.000000000000000000, 1.000000000000000000 ) ) ;
#1440 = PRODUCT_CONTEXT ( 'NONE', #142, 'mechanical' ) ;
#1441 = ORIENTED_EDGE ( 'NONE', *, *, #1909, .T. ) ;
#1442 = CARTESIAN_POINT ( 'NONE',  ( -0.1210737179487177823, 0.9422532328530769385, 0.02820512820512834778 ) ) ;
#1443 = EDGE_LOOP ( 'NONE', ( #8, #2214, #1760, #2230 ) ) ;
#1444 = FILL_AREA_STYLE_COLOUR ( '', #1229 ) ;
#1445 = ORIENTED_EDGE ( 'NONE', *, *, #2505, .T. ) ;
#1446 = EDGE_CURVE ( 'NONE', #1263, #2328, #2910, .T. ) ;
#1447 = CARTESIAN_POINT ( 'NONE',  ( -0.2384615384615383360, 0.9195847403445516210, 0.3559294871794874138 ) ) ;
#1448 = CARTESIAN_POINT ( 'NONE',  ( 0.000000000000000000, 0.000000000000000000, -0.2538461538461539990 ) ) ;
#1449 = CARTESIAN_POINT ( 'NONE',  ( 0.03802539761057190104, -0.9492387790580932849, -0.4828096664115505976 ) ) ;
#1450 = ORIENTED_EDGE ( 'NONE', *, *, #876, .F. ) ;
#1451 = EDGE_CURVE ( 'NONE', #358, #1939, #3022, .T. ) ;
#1452 = CARTESIAN_POINT ( 'NONE',  ( -0.09863782051282046770, 0.9448653768471362291, -0.3871794871794873028 ) ) ;
#1453 = CARTESIAN_POINT ( 'NONE',  ( 0.08171797712585068818, -0.9464970207233541766, 0.1198105159293515465 ) ) ;
#1454 = CARTESIAN_POINT ( 'NONE',  ( -0.03375578327137302576, 0.9494364027465416189, -0.6828409205549131888 ) ) ;
#1455 = DIRECTION ( 'NONE',  ( 0.000000000000000000, -1.000000000000000000, -6.802837160693362624E-16 ) ) ;
#1456 = CARTESIAN_POINT ( 'NONE',  ( 0.01203884833356430595, -0.9499349434419176452, 0.01619211669006527868 ) ) ;
#1457 = B_SPLINE_CURVE_WITH_KNOTS ( 'NONE', 3,
 ( #1168, #2308, #2064, #2810, #1400, #2828 ),
 .UNSPECIFIED., .F., .F.,
 ( 4, 2, 4 ),
 ( 5.587850095852340640E-20, 9.733979281035852547E-05, 0.0001946795856207169967 ),
 .UNSPECIFIED. ) ;
#1458 = CARTESIAN_POINT ( 'NONE',  ( -0.1933792531346461563, -0.9301337556349377200, 0.1816378916513490538 ) ) ;
#1459 = ORIENTED_EDGE ( 'NONE', *, *, #1374, .F. ) ;
#1460 = CARTESIAN_POINT ( 'NONE',  ( -0.2536858974358973118, -0.9155017561109008994, 0.4665064102564104309 ) ) ;
#1461 = VERTEX_POINT ( 'NONE', #689 ) ;
#1462 = CARTESIAN_POINT ( 'NONE',  ( -0.007252824232532257068, -0.9499751970030413384, 0.1664961113616502952 ) ) ;
#1463 = ORIENTED_EDGE ( 'NONE', *, *, #1054, .T. ) ;
#1464 = CARTESIAN_POINT ( 'NONE',  ( -0.2491938896600655040, 0.9167534125766068076, -0.7859620546234571403 ) ) ;
#1465 = CARTESIAN_POINT ( 'NONE',  ( 0.03308139265552965252, -0.9494238700455756019, 0.05728922076063034524 ) ) ;
#1466 = DIRECTION ( 'NONE',  ( 0.000000000000000000, 0.000000000000000000, 1.000000000000000000 ) ) ;
#1467 = ADVANCED_FACE ( 'NONE', ( #708, #1402 ), #2603, .T. ) ;
#1468 = UNCERTAINTY_MEASURE_WITH_UNIT (LENGTH_MEASURE( 1.000000000000000082E-05 ), #199, 'distance_accuracy_value', 'NONE');
#1469 = VERTEX_POINT ( 'NONE', #2309 ) ;
#1470 = CARTESIAN_POINT ( 'NONE',  ( 0.02152077909675854939, 0.9497820664432826687, -0.4351226531066392789 ) ) ;
#1471 = MECHANICAL_DESIGN_GEOMETRIC_PRESENTATION_REPRESENTATION (  '', ( #2821 ), #1770 ) ;
#1472 = CARTESIAN_POINT ( 'NONE',  ( 0.03321345861501839858, 0.9494192332971193027, 0.05430830567229639333 ) ) ;
#1473 = EDGE_CURVE ( 'NONE', #1433, #2531, #2117, .T. ) ;
#1474 = CARTESIAN_POINT ( 'NONE',  ( -0.2029782022350863357, -0.9280962804973512670, -0.5818290147506799403 ) ) ;
#1475 = CARTESIAN_POINT ( 'NONE',  ( -0.2316956377535815403, -0.9213127218434276067, 0.07714463062596377263 ) ) ;
#1476 = DIRECTION ( 'NONE',  ( -0.000000000000000000, -0.000000000000000000, -1.000000000000000000 ) ) ;
#1477 = EDGE_LOOP ( 'NONE', ( #2785, #2407, #588, #1428, #184, #1715, #823, #1956, #758 ) ) ;
#1478 = CARTESIAN_POINT ( 'NONE',  ( -0.002816878758010927988, 0.9500179122550300725, 0.08953306359877248599 ) ) ;
#1479 = PRESENTATION_LAYER_ASSIGNMENT (  '', '', ( #223 ) ) ;
#1480 = DIRECTION ( 'NONE',  ( 0.000000000000000000, -1.000000000000000000, -6.802837160693362624E-16 ) ) ;
#1481 = CARTESIAN_POINT ( 'NONE',  ( -0.2873297702481710236, 0.9055062689599033821, 0.1196141113257025435 ) ) ;
#1482 = ORIENTED_EDGE ( 'NONE', *, *, #2961, .T. ) ;
#1483 = SURFACE_STYLE_FILL_AREA ( #2665 ) ;
#1484 =( GEOMETRIC_REPRESENTATION_CONTEXT ( 3 ) GLOBAL_UNCERTAINTY_ASSIGNED_CONTEXT ( ( #1503 ) ) GLOBAL_UNIT_ASSIGNED_CONTEXT ( ( #2512, #2007, #2971 ) ) REPRESENTATION_CONTEXT ( 'NONE', 'WORKASPACE' ) );
#1485 = VERTEX_POINT ( 'NONE', #2111 ) ;
#1486 =( GEOMETRIC_REPRESENTATION_CONTEXT ( 3 ) GLOBAL_UNCERTAINTY_ASSIGNED_CONTEXT ( ( #249 ) ) GLOBAL_UNIT_ASSIGNED_CONTEXT ( ( #2683, #2699, #2446 ) ) REPRESENTATION_CONTEXT ( 'NONE', 'WORKASPACE' ) );
#1487 = CARTESIAN_POINT ( 'NONE',  ( 0.03313042686930163516, -0.9494221295346900735, -0.9361132116578394502 ) ) ;
#1488 = MECHANICAL_DESIGN_GEOMETRIC_PRESENTATION_REPRESENTATION (  '', ( #902 ), #1340 ) ;
#1489 = CARTESIAN_POINT ( 'NONE',  ( -0.01394504445260968603, 0.9498976448729834487, 0.008257099254543967884 ) ) ;
#1490 = ORIENTED_EDGE ( 'NONE', *, *, #1414, .F. ) ;
#1491 = LINE ( 'NONE', #1255, #559 ) ;
#1492 = CARTESIAN_POINT ( 'NONE',  ( -0.1756288727081398715, 0.9336432382760982973, 0.4177941015738712016 ) ) ;
#1493 = CARTESIAN_POINT ( 'NONE',  ( -0.0007211538461537750702, 0.9499997262826606059, -0.6718750000000001110 ) ) ;
#1494 = CARTESIAN_POINT ( 'NONE',  ( -0.2383959751541654126, -0.9196017418523586562, 0.05460259181683148333 ) ) ;
#1495 = ADVANCED_FACE ( 'NONE', ( #2616 ), #2126, .T. ) ;
#1496 = ORIENTED_EDGE ( 'NONE', *, *, #2853, .T. ) ;
#1497 = CARTESIAN_POINT ( 'NONE',  ( -0.9499999999999999556, 0.000000000000000000, -1.749999999999999778 ) ) ;
#1498 = VERTEX_POINT ( 'NONE', #734 ) ;
#1499 = DIRECTION ( 'NONE',  ( 0.000000000000000000, 0.000000000000000000, 1.000000000000000000 ) ) ;
#1500 = ORIENTED_EDGE ( 'NONE', *, *, #775, .T. ) ;
#1501 = CARTESIAN_POINT ( 'NONE',  ( 0.02314249182556520762, -0.9497180766270133523, 0.07796665151367114521 ) ) ;
#1502 = CARTESIAN_POINT ( 'NONE',  ( -0.1264423076923075207, 0.9415478441510255481, 0.2384615384615386413 ) ) ;
#1503 = UNCERTAINTY_MEASURE_WITH_UNIT (LENGTH_MEASURE( 1.000000000000000082E-05 ), #2512, 'distance_accuracy_value', 'NONE');
#1504 = CARTESIAN_POINT ( 'NONE',  ( -0.2331380451186040315, -0.9209488999289094924, -0.9170039936044910300 ) ) ;
#1505 = CARTESIAN_POINT ( 'NONE',  ( 0.9499999999999999556, 1.163414459189985682E-16, 1.149999999999999911 ) ) ;
#1506 = SURFACE_STYLE_USAGE ( .BOTH. , #1053 ) ;
#1507 = CARTESIAN_POINT ( 'NONE',  ( 0.02858173217148842274, 0.9495699471792308222, 0.07090089145011115035 ) ) ;
#1508 = CARTESIAN_POINT ( 'NONE',  ( -0.1405608452257428309, -0.9395438514464080626, -0.6094604871755912034 ) ) ;
#1509 = DIRECTION ( 'NONE',  ( 0.000000000000000000, -1.000000000000000000, 3.371402594608182494E-16 ) ) ;
#1510 = CARTESIAN_POINT ( 'NONE',  ( 3.673940397442058882E-17, -1.000000000000000888, 10.46000000000000263 ) ) ;
#1511 = VERTEX_POINT ( 'NONE', #1869 ) ;
#1512 = EDGE_CURVE ( 'NONE', #1979, #2873, #911, .T. ) ;
#1513 = CARTESIAN_POINT ( 'NONE',  ( 0.03652128055352400066, 0.9493091571693268449, -0.5275080286720806866 ) ) ;
#1514 = DIRECTION ( 'NONE',  ( -1.000000000000000000, 0.000000000000000000, 0.000000000000000000 ) ) ;
#1515 = ORIENTED_EDGE ( 'NONE', *, *, #583, .F. ) ;
#1516 = CARTESIAN_POINT ( 'NONE',  ( -0.2110815114172197859, -0.9262666036558253602, 0.4086699485192629155 ) ) ;
#1517 = ORIENTED_EDGE ( 'NONE', *, *, #1836, .T. ) ;
#1518 = CARTESIAN_POINT ( 'NONE',  ( -0.02966977484752853292, 0.9498351356909471299, 0.3358391030264321619 ) ) ;
#1519 = SURFACE_STYLE_USAGE ( .BOTH. , #1003 ) ;
#1520 = CARTESIAN_POINT ( 'NONE',  ( -0.2294871794871795323, -0.9218653016851318105, -0.8829326923076920020 ) ) ;
#1521 = CARTESIAN_POINT ( 'NONE',  ( 0.000000000000000000, -0.3000000000000008771, 9.160000000000001918 ) ) ;
#1522 = CARTESIAN_POINT ( 'NONE',  ( -0.2408516642315650380, 0.9189891681887734087, 0.4754291295481989921 ) ) ;
#1523 = CARTESIAN_POINT ( 'NONE',  ( 0.03333333333333351328, 0.9494150245750743178, 0.05160256410256423149 ) ) ;
#1524 = COLOUR_RGB ( '',0.1019607843137254888, 0.1019607843137254888, 0.1019607843137254888 ) ;
#1525 = CARTESIAN_POINT ( 'NONE',  ( -0.2363582113463628120, -0.9201398204126256530, -0.5266303005654245917 ) ) ;
#1526 = CARTESIAN_POINT ( 'NONE',  ( -0.01263239339162045352, 0.9499693646933388136, 0.1663002707651675960 ) ) ;
#1527 = CARTESIAN_POINT ( 'NONE',  ( -0.2207462736244858725, 0.9240069210802155375, 0.01350108119657112034 ) ) ;
#1528 = MECHANICAL_DESIGN_GEOMETRIC_PRESENTATION_REPRESENTATION (  '', ( #1529 ), #602 ) ;
#1529 = STYLED_ITEM ( 'NONE', ( #1364 ), #1076 ) ;
#1530 = FILL_AREA_STYLE ('',( #598 ) ) ;
#1531 = PRESENTATION_STYLE_ASSIGNMENT (( #103 ) ) ;
#1532 =( GEOMETRIC_REPRESENTATION_CONTEXT ( 3 ) GLOBAL_UNCERTAINTY_ASSIGNED_CONTEXT ( ( #2551 ) ) GLOBAL_UNIT_ASSIGNED_CONTEXT ( ( #2436, #93, #1285 ) ) REPRESENTATION_CONTEXT ( 'NONE', 'WORKASPACE' ) );
#1533 =( BOUNDED_CURVE ( )  B_SPLINE_CURVE ( 3, ( #128, #2403, #1218, #560 ),
 .UNSPECIFIED., .F., .T. ) 
 B_SPLINE_CURVE_WITH_KNOTS ( ( 4, 4 ),
 ( 1.704289625004084208, 1.714338685980024479 ),
 .UNSPECIFIED. ) 
 CURVE ( )  GEOMETRIC_REPRESENTATION_ITEM ( )  RATIONAL_B_SPLINE_CURVE ( ( 1.000000000000000000, 0.9999915847154960957, 0.9999915847154960957, 1.000000000000000000 ) ) 
 REPRESENTATION_ITEM ( '' )  );
#1534 = STYLED_ITEM ( 'NONE', ( #1761 ), #1677 ) ;
#1535 = EDGE_CURVE ( 'NONE', #859, #1234, #284, .T. ) ;
#1536 = CARTESIAN_POINT ( 'NONE',  ( 0.05026303430885607076, -0.9493722021314210391, -0.7811018627663061098 ) ) ;
#1537 = FILL_AREA_STYLE ('',( #1289 ) ) ;
#1538 = CARTESIAN_POINT ( 'NONE',  ( 0.000000000000000000, 0.000000000000000000, -1.949999999999999956 ) ) ;
#1539 = CARTESIAN_POINT ( 'NONE',  ( -0.7500000000000000000, 0.000000000000000000, 1.949999999999999956 ) ) ;
#1540 = CARTESIAN_POINT ( 'NONE',  ( -0.1166972990643771885, -0.9428091460042239413, 0.07117563017723126106 ) ) ;
#1541 = CARTESIAN_POINT ( 'NONE',  ( -0.1105164128288176062, -0.9435831562931090710, 0.1551591581318971513 ) ) ;
#1542 = CARTESIAN_POINT ( 'NONE',  ( -0.1038461538461538519, 0.9443071408876250183, -0.7410256410256407245 ) ) ;
#1543 = SURFACE_STYLE_USAGE ( .BOTH. , #868 ) ;
#1544 = EDGE_LOOP ( 'NONE', ( #2087, #2637, #2877, #2689, #505, #1571, #1259, #1450, #916, #519, #1282, #2951, #1185, #733, #402, #1589, #738 ) ) ;
#1545 = CARTESIAN_POINT ( 'NONE',  ( -0.1608908007749421665, 0.9363040209390527391, -0.7457718632229793920 ) ) ;
#1546 = CARTESIAN_POINT ( 'NONE',  ( 0.08942307692307699396, 0.9457819586530552547, -0.5848557692307693179 ) ) ;
#1547 = EDGE_CURVE ( 'NONE', #2768, #952, #2646, .T. ) ;
#1548 = DIRECTION ( 'NONE',  ( 0.000000000000000000, 7.228014483236697541E-16, -1.000000000000000000 ) ) ;
#1549 =( LENGTH_UNIT ( ) NAMED_UNIT ( * ) SI_UNIT ( .MILLI., .METRE. ) );
#1550 = FACE_OUTER_BOUND ( 'NONE', #2799, .T. ) ;
#1551 = CARTESIAN_POINT ( 'NONE',  ( -0.1697916666666665075, -0.9347035839936399526, 0.4179487179487181292 ) ) ;
#1552 = CARTESIAN_POINT ( 'NONE',  ( 0.02726245516484463241, -0.9496114424990192981, 0.03004262468039147968 ) ) ;
#1553 = CARTESIAN_POINT ( 'NONE',  ( -0.05906069130445380094, -0.9481623501409160992, 0.04044939684889280185 ) ) ;
#1554 = SURFACE_STYLE_FILL_AREA ( #2937 ) ;
#1555 = CARTESIAN_POINT ( 'NONE',  ( 0.09238782051282053154, 0.9454969543160309797, -0.8519230769230765610 ) ) ;
#1556 = CARTESIAN_POINT ( 'NONE',  ( -0.2372425302108455147, -0.9199036438159053919, 0.3419934931744502693 ) ) ;
#1557 = CARTESIAN_POINT ( 'NONE',  ( -0.04015257249889392366, -0.9491512988720079980, 0.3625447661135475785 ) ) ;
#1558 = CARTESIAN_POINT ( 'NONE',  ( -0.9499999999999999556, 0.000000000000000000, 1.149999999999999911 ) ) ;
#1559 = CARTESIAN_POINT ( 'NONE',  ( -0.1923076923076922073, 0.9303320651677496889, -0.1051282051282051294 ) ) ;
#1560 = CARTESIAN_POINT ( 'NONE',  ( -0.03365921406522549841, -0.9494404567849636933, -0.6828224712719760392 ) ) ;
#1561 = EDGE_CURVE ( 'NONE', #1752, #1371, #1930, .T. ) ;
#1562 = CARTESIAN_POINT ( 'NONE',  ( -0.05072786415455376313, 0.9486757184828268352, 0.1523858625194612348 ) ) ;
#1563 = CARTESIAN_POINT ( 'NONE',  ( -0.02373038526684331448, -0.9497266845411773684, 0.08866552331796230535 ) ) ;
#1564 = ADVANCED_FACE ( 'NONE', ( #1032 ), #1693, .T. ) ;
#1565 = CARTESIAN_POINT ( 'NONE',  ( 0.003811691662225471806, 0.9500117149079565504, 0.08877861930186456418 ) ) ;
#1566 = B_SPLINE_CURVE_WITH_KNOTS ( 'NONE', 3,
 ( #2504, #1598, #161, #846, #2741, #392, #177, #2756, #1082, #2028 ),
 .UNSPECIFIED., .F., .F.,
 ( 4, 3, 3, 4 ),
 ( 3.252606517456513302E-19, 1.797466769105152061E-05, 3.595909667224648739E-05, 7.196689139893281187E-05 ),
 .UNSPECIFIED. ) ;
#1567 = AXIS2_PLACEMENT_3D ( 'NONE', #1204, #725, #2605 ) ;
#1568 = ORIENTED_EDGE ( 'NONE', *, *, #3000, .T. ) ;
#1569 = PRODUCT_DEFINITION_SHAPE ( 'NONE', 'NONE',  #1619 ) ;
#1570 = DIRECTION ( 'NONE',  ( -1.000000000000000000, 0.000000000000000000, 0.000000000000000000 ) ) ;
#1571 = ORIENTED_EDGE ( 'NONE', *, *, #2946, .F. ) ;
#1572 = CARTESIAN_POINT ( 'NONE',  ( 0.1050414550139636971, -0.9441749310098377368, -0.5077646200822099054 ) ) ;
#1573 = B_SPLINE_CURVE_WITH_KNOTS ( 'NONE', 3,
 ( #2929, #812, #1767, #1081, #2944, #2008, #2674, #1052, #561, #2708, #2972, #2250, #1269, #845, #1492, #799 ),
 .UNSPECIFIED., .F., .F.,
 ( 4, 3, 3, 3, 3, 4 ),
 ( 0.000000000000000000, 2.201685110335033731E-05, 4.429936060078100332E-05, 6.479299904040595689E-05, 8.791911789320295450E-05, 0.0001056436808803624586 ),
 .UNSPECIFIED. ) ;
#1574 = MECHANICAL_DESIGN_GEOMETRIC_PRESENTATION_REPRESENTATION (  '', ( #1675 ), #604 ) ;
#1575 = DIRECTION ( 'NONE',  ( -0.000000000000000000, -0.000000000000000000, -1.000000000000000000 ) ) ;
#1576 = ORIENTED_EDGE ( 'NONE', *, *, #948, .F. ) ;
#1577 = AXIS2_PLACEMENT_3D ( 'NONE', #2506, #3006, #1582 ) ;
#1578 = CARTESIAN_POINT ( 'NONE',  ( -0.02114278598087554473, 0.9497812909396075032, 0.08904558897321225575 ) ) ;
#1579 = CARTESIAN_POINT ( 'NONE',  ( 0.9499999999999999556, 1.163414459189985682E-16, -3.403937756669170867 ) ) ;
#1580 =( NAMED_UNIT ( * ) SI_UNIT ( $, .STERADIAN. ) SOLID_ANGLE_UNIT ( ) );
#1581 = CARTESIAN_POINT ( 'NONE',  ( -0.1005608974358973839, 0.9446626413206393735, -0.3102564102564104309 ) ) ;
#1582 = DIRECTION ( 'NONE',  ( -1.000000000000000000, 0.000000000000000000, 0.000000000000000000 ) ) ;
#1583 = CARTESIAN_POINT ( 'NONE',  ( -0.1616333258646777404, -0.9362571113434066117, -0.7456513084481505294 ) ) ;
#1584 = COLOUR_RGB ( '',0.8313725490196077761, 0.8313725490196077761, 0.8196078431372548767 ) ;
#1585 = CARTESIAN_POINT ( 'NONE',  ( -0.1681089743589742058, 0.9350076859256152284, 0.4948717948717950565 ) ) ;
#1586 = VECTOR ( 'NONE', #940, 1000.000000000000000 ) ;
#1587 = EDGE_CURVE ( 'NONE', #971, #2545, #2724, .T. ) ;
#1588 = CARTESIAN_POINT ( 'NONE',  ( 0.07097905360159645349, 0.9473446964804769221, -0.03177342282717543487 ) ) ;
#1589 = ORIENTED_EDGE ( 'NONE', *, *, #2383, .F. ) ;
#1590 = CARTESIAN_POINT ( 'NONE',  ( -0.2384615384615383360, -0.9195847403445516210, 0.3559294871794874138 ) ) ;
#1591 =( LENGTH_UNIT ( ) NAMED_UNIT ( * ) SI_UNIT ( .MILLI., .METRE. ) );
#1592 = DIRECTION ( 'NONE',  ( -0.000000000000000000, -0.000000000000000000, -1.000000000000000000 ) ) ;
#1593 = ORIENTED_EDGE ( 'NONE', *, *, #2343, .F. ) ;
#1594 = CARTESIAN_POINT ( 'NONE',  ( -0.03846153846153831796, 0.9492211070447030830, 0.3799679487179488668 ) ) ;
#1595 = CARTESIAN_POINT ( 'NONE',  ( -0.1249642069883219742, 0.9417451603126263393, -0.8186504457228235276 ) ) ;
#1596 = ORIENTED_EDGE ( 'NONE', *, *, #2112, .F. ) ;
#1597 = CARTESIAN_POINT ( 'NONE',  ( -0.05864731740505276653, 0.9481903932693501735, 0.05031157554964914291 ) ) ;
#1598 = CARTESIAN_POINT ( 'NONE',  ( -0.2999427011752178185, -0.9014068890676074641, -0.9173260561336453733 ) ) ;
#1599 = CARTESIAN_POINT ( 'NONE',  ( -0.1523728813582936048, -0.9377352263431858459, 0.4169746773099070603 ) ) ;
#1600 = CARTESIAN_POINT ( 'NONE',  ( -0.1251371444253379650, -0.9417303363366701374, 0.08582361807540669907 ) ) ;
#1601 = CARTESIAN_POINT ( 'NONE',  ( -0.2983023968225174682, 0.9019510408275724922, -0.8874824870490395368 ) ) ;
#1602 = CARTESIAN_POINT ( 'NONE',  ( -0.1826949194570405555, 0.9322720642994382079, 0.2504072301657038757 ) ) ;
#1603 = B_SPLINE_CURVE_WITH_KNOTS ( 'NONE', 3,
 ( #1878, #2842, #886, #2554, #901, #2278, #447, #2796, #2305, #2263 ),
 .UNSPECIFIED., .F., .F.,
 ( 4, 2, 2, 2, 4 ),
 ( 0.000000000000000000, 7.872064027281446810E-05, 0.0001574412805456289362, 0.0002361619208184433908, 0.0003148825610912578724 ),
 .UNSPECIFIED. ) ;
#1604 = DIRECTION ( 'NONE',  ( 1.000000000000000000, 0.000000000000000000, 0.000000000000000000 ) ) ;
#1605 = ORIENTED_EDGE ( 'NONE', *, *, #876, .T. ) ;
#1606 = EDGE_CURVE ( 'NONE', #305, #222, #2569, .T. ) ;
#1607 = CARTESIAN_POINT ( 'NONE',  ( -0.2210532630281321909, 0.9239658107873700565, -0.4374726366645879660 ) ) ;
#1608 = DIRECTION ( 'NONE',  ( 0.000000000000000000, 0.000000000000000000, 1.000000000000000000 ) ) ;
#1609 = VERTEX_POINT ( 'NONE', #2871 ) ;
#1610 = CARTESIAN_POINT ( 'NONE',  ( -0.1051282051282049629, 0.9441652718070718819, 0.3616185897435899022 ) ) ;
#1611 = CARTESIAN_POINT ( 'NONE',  ( 0.000000000000000000, 0.000000000000000000, -0.9974358974358968899 ) ) ;
#1612 = DIRECTION ( 'NONE',  ( -1.000000000000000000, 0.000000000000000000, 0.000000000000000000 ) ) ;
#1613 = CARTESIAN_POINT ( 'NONE',  ( -0.2198583553906679200, 0.9243235862703156336, -0.07306016938046631937 ) ) ;
#1614 = CYLINDRICAL_SURFACE ( 'NONE', #1916, 0.2999999999999999334 ) ;
#1615 = UNCERTAINTY_MEASURE_WITH_UNIT (LENGTH_MEASURE( 1.000000000000000082E-05 ), #270, 'distance_accuracy_value', 'NONE');
#1616 = CARTESIAN_POINT ( 'NONE',  ( 0.09411547042473793201, 0.9453387288147175882, 0.008172135839865743434 ) ) ;
#1617 = CIRCLE ( 'NONE', #501, 0.1999999999999999833 ) ;
#1618 = VECTOR ( 'NONE', #287, 1000.000000000000000 ) ;
#1619 = PRODUCT_DEFINITION ( 'UNKNOWN', '', #2983, #4 ) ;
#1620 = ORIENTED_EDGE ( 'NONE', *, *, #914, .T. ) ;
#1621 = CARTESIAN_POINT ( 'NONE',  ( 0.09909088650340272530, -0.9448211944736544243, -0.5577291347147876888 ) ) ;
#1622 = EDGE_LOOP ( 'NONE', ( #2212, #154, #2397, #1189 ) ) ;
#1623 = EDGE_CURVE ( 'NONE', #1371, #291, #982, .T. ) ;
#1624 = CARTESIAN_POINT ( 'NONE',  ( -0.006410256410256241766, 0.9499783727079026407, -0.06923076923076909583 ) ) ;
#1625 = CARTESIAN_POINT ( 'NONE',  ( -0.2596153846153846922, -0.9138379791139159547, -0.7958333333333331705 ) ) ;
#1626 = DIRECTION ( 'NONE',  ( 0.000000000000000000, 0.000000000000000000, 1.000000000000000000 ) ) ;
#1627 = CARTESIAN_POINT ( 'NONE',  ( 0.000000000000000000, 0.000000000000000000, -1.749999999999999778 ) ) ;
#1628 = CARTESIAN_POINT ( 'NONE',  ( 0.03128915369667744500, 0.9494847027974555598, -0.9013427191057997723 ) ) ;
#1629 = CARTESIAN_POINT ( 'NONE',  ( -0.1331121396812983970, -0.9406567120452491437, -0.7421248062149925495 ) ) ;
#1630 = CARTESIAN_POINT ( 'NONE',  ( -0.1228954795739978512, 0.9420173571126092549, 0.4038117461879106029 ) ) ;
#1631 = SURFACE_STYLE_FILL_AREA ( #927 ) ;
#1632 = CARTESIAN_POINT ( 'NONE',  ( 0.01741621991878491982, 0.9498455925156717994, 0.08296149487350251706 ) ) ;
#1633 = VECTOR ( 'NONE', #2461, 1000.000000000000000 ) ;
#1634 = ORIENTED_EDGE ( 'NONE', *, *, #1412, .F. ) ;
#1635 = CARTESIAN_POINT ( 'NONE',  ( -0.2367486961057753969, -0.9200277716672179418, 0.06649649459238392291 ) ) ;
#1636 = EDGE_LOOP ( 'NONE', ( #1985, #1747, #946, #256 ) ) ;
#1637 = CARTESIAN_POINT ( 'NONE',  ( -0.03846153846153831796, -0.9492211070447030830, 0.3799679487179488668 ) ) ;
#1638 = SURFACE_STYLE_FILL_AREA ( #27 ) ;
#1639 = ORIENTED_EDGE ( 'NONE', *, *, #359, .F. ) ;
#1640 = CARTESIAN_POINT ( 'NONE',  ( -0.1358974358974357755, 0.9402296990185441405, 0.3056089743589746055 ) ) ;
#1641 = CARTESIAN_POINT ( 'NONE',  ( 0.01908217991946423858, 0.9498083335131292104, 0.1642128764345763270 ) ) ;
#1642 = B_SPLINE_CURVE_WITH_KNOTS ( 'NONE', 3,
 ( #864, #180, #2493, #1084, #385, #1802, #1381, #2623 ),
 .UNSPECIFIED., .F., .F.,
 ( 4, 2, 2, 4 ),
 ( 0.000000000000000000, 0.0001010189599110504819, 0.0001515284398665757567, 0.0002020379198221010451 ),
 .UNSPECIFIED. ) ;
#1643 = EDGE_CURVE ( 'NONE', #138, #339, #83, .T. ) ;
#1644 = ORIENTED_EDGE ( 'NONE', *, *, #2222, .T. ) ;
#1645 = CARTESIAN_POINT ( 'NONE',  ( 0.000000000000000000, 0.000000000000000000, 1.149999999999999911 ) ) ;
#1646 = CARTESIAN_POINT ( 'NONE',  ( -0.2570225680693085657, 0.9146399111048659769, -0.05334494005817409096 ) ) ;
#1647 = SURFACE_STYLE_USAGE ( .BOTH. , #2145 ) ;
#1648 = ADVANCED_FACE ( 'NONE', ( #1946 ), #522, .T. ) ;
#1649 = CARTESIAN_POINT ( 'NONE',  ( 0.003855570607623892178, 0.9500316794049072922, -0.8423890232588288063 ) ) ;
#1650 = ORIENTED_EDGE ( 'NONE', *, *, #432, .T. ) ;
#1651 = CARTESIAN_POINT ( 'NONE',  ( -0.2284077091703107243, -0.9221452042280123829, 0.3231596277355466285 ) ) ;
#1652 = CARTESIAN_POINT ( 'NONE',  ( -0.1534851250099829034, 0.9375192352164614107, 0.1789308541805778308 ) ) ;
#1653 = CARTESIAN_POINT ( 'NONE',  ( -0.2262195264204467926, -0.9226725994983753232, 0.01924316093894253010 ) ) ;
#1654 = ORIENTED_EDGE ( 'NONE', *, *, #2425, .T. ) ;
#1655 = CARTESIAN_POINT ( 'NONE',  ( -0.1004424037486964794, 0.9449042292405354093, 0.03060102275738866770 ) ) ;
#1656 = ORIENTED_EDGE ( 'NONE', *, *, #1446, .T. ) ;
#1657 = PRESENTATION_STYLE_ASSIGNMENT (( #2097 ) ) ;
#1658 = CARTESIAN_POINT ( 'NONE',  ( 0.06402243589743610019, 0.9478402437656668900, 0.1392628205128206564 ) ) ;
#1659 = SURFACE_SIDE_STYLE ('',( #2852 ) ) ;
#1660 = CARTESIAN_POINT ( 'NONE',  ( -0.1769230769230767664, -0.9333800002421688280, -0.002564102564102431828 ) ) ;
#1661 = VERTEX_POINT ( 'NONE', #400 ) ;
#1662 = CARTESIAN_POINT ( 'NONE',  ( -0.1270668005442199266, 0.9414731670430507293, 0.4075597513680285222 ) ) ;
#1663 = EDGE_CURVE ( 'NONE', #2940, #2193, #2044, .T. ) ;
#1664 = CARTESIAN_POINT ( 'NONE',  ( 0.06652571611884305902, 0.9478715667642647613, -0.3762856298088593787 ) ) ;
#1665 = ORIENTED_EDGE ( 'NONE', *, *, #2079, .T. ) ;
#1666 = CARTESIAN_POINT ( 'NONE',  ( -0.1362189518029121860, -0.9407413275468354819, 0.4940611883029253915 ) ) ;
#1667 = VERTEX_POINT ( 'NONE', #2482 ) ;
#1668 = DIRECTION ( 'NONE',  ( 0.000000000000000000, -1.202998249637175352E-16, -1.000000000000000000 ) ) ;
#1669 = CARTESIAN_POINT ( 'NONE',  ( 0.009835189470991019881, -0.9499684086518652704, 0.1661338251167460700 ) ) ;
#1670 = MECHANICAL_DESIGN_GEOMETRIC_PRESENTATION_REPRESENTATION (  '', ( #1274 ), #2012 ) ;
#1671 = B_SPLINE_CURVE_WITH_KNOTS ( 'NONE', 3,
 ( #2314, #2592, #1141, #1889, #3048, #484, #2837, #713 ),
 .UNSPECIFIED., .F., .F.,
 ( 4, 2, 2, 4 ),
 ( 0.000000000000000000, 4.040631604920439139E-05, 8.081263209840878277E-05, 0.0001616252641968175655 ),
 .UNSPECIFIED. ) ;
#1672 = ORIENTED_EDGE ( 'NONE', *, *, #1926, .T. ) ;
#1673 = DIRECTION ( 'NONE',  ( -0.000000000000000000, -0.000000000000000000, -1.000000000000000000 ) ) ;
#1674 = CARTESIAN_POINT ( 'NONE',  ( -0.2853881662440292954, 0.9061796069111944796, -0.02374151052584283494 ) ) ;
#1675 = STYLED_ITEM ( 'NONE', ( #880 ), #1107 ) ;
#1676 = VERTEX_POINT ( 'NONE', #375 ) ;
#1677 = ADVANCED_FACE ( 'NONE', ( #1312 ), #2496, .T. ) ;
#1678 = VERTEX_POINT ( 'NONE', #1090 ) ;
#1679 = CARTESIAN_POINT ( 'NONE',  ( -0.2363595129343985246, -0.9201272632868654489, 0.3732343875252954746 ) ) ;
#1680 = EDGE_CURVE ( 'NONE', #691, #2362, #792, .T. ) ;
#1681 = CARTESIAN_POINT ( 'NONE',  ( 0.000000000000000000, 0.000000000000000000, -3.403937756669170867 ) ) ;
#1682 = CARTESIAN_POINT ( 'NONE',  ( -0.9499999999999999556, 0.000000000000000000, 1.749999999999999778 ) ) ;
#1683 = UNCERTAINTY_MEASURE_WITH_UNIT (LENGTH_MEASURE( 1.000000000000000082E-05 ), #196, 'distance_accuracy_value', 'NONE');
#1684 = ORIENTED_EDGE ( 'NONE', *, *, #2238, .F. ) ;
#1685 = CARTESIAN_POINT ( 'NONE',  ( -0.2316130673859653488, -0.9213334830646631168, -0.8956279091128132031 ) ) ;
#1686 = CARTESIAN_POINT ( 'NONE',  ( -0.2322160523781799102, 0.9211818117504746439, -0.8998577280760725605 ) ) ;
#1687 =( LENGTH_UNIT ( ) NAMED_UNIT ( * ) SI_UNIT ( .MILLI., .METRE. ) );
#1688 = FACE_BOUND ( 'NONE', #527, .T. ) ;
#1689 = CARTESIAN_POINT ( 'NONE',  ( -0.01794871794871778087, -0.9498304288261124606, 0.007692307692307823706 ) ) ;
#1690 = CARTESIAN_POINT ( 'NONE',  ( -0.2321947816075133342, -0.9211907618763395256, 0.3291661444341540399 ) ) ;
#1691 = CARTESIAN_POINT ( 'NONE',  ( -0.1153846153846152522, 0.9429668024551788319, 0.05873397435897449725 ) ) ;
#1692 = ORIENTED_EDGE ( 'NONE', *, *, #709, .F. ) ;
#1693 = CYLINDRICAL_SURFACE ( 'NONE', #2069, 0.9499999999999999556 ) ;
#1694 = CARTESIAN_POINT ( 'NONE',  ( -0.1923076923076922073, -0.9303320651677496889, -0.2538461538461539990 ) ) ;
#1695 = EDGE_CURVE ( 'NONE', #1031, #1435, #872, .T. ) ;
#1696 = CARTESIAN_POINT ( 'NONE',  ( 0.03333333333333334675, -0.9494150245750743178, -0.9593749999999997558 ) ) ;
#1697 = CARTESIAN_POINT ( 'NONE',  ( 0.03333333333333351328, 0.9494150245750743178, 0.05160256410256423149 ) ) ;
#1698 = ORIENTED_EDGE ( 'NONE', *, *, #359, .T. ) ;
#1699 = CARTESIAN_POINT ( 'NONE',  ( 0.000000000000000000, 0.000000000000000000, -1.949999999999999956 ) ) ;
#1700 = CARTESIAN_POINT ( 'NONE',  ( 0.000000000000000000, 0.000000000000000000, -0.2538461538461539990 ) ) ;
#1701 = PLANE ( 'NONE',  #1718 ) ;
#1702 =( NAMED_UNIT ( * ) SI_UNIT ( $, .STERADIAN. ) SOLID_ANGLE_UNIT ( ) );
#1703 = CARTESIAN_POINT ( 'NONE',  ( -0.1750801282051280550, -0.9337274488348705770, 0.1051282051282052682 ) ) ;
#1704 = CYLINDRICAL_SURFACE ( 'NONE', #1927, 0.9499999999999999556 ) ;
#1705 = VERTEX_POINT ( 'NONE', #566 ) ;
#1706 = CARTESIAN_POINT ( 'NONE',  ( -0.2376373038708634311, 0.9198004889615895019, 0.06337775648591625899 ) ) ;
#1707 = SURFACE_SIDE_STYLE ('',( #759 ) ) ;
#1708 = VERTEX_POINT ( 'NONE', #1493 ) ;
#1709 = CARTESIAN_POINT ( 'NONE',  ( -0.2378153068599317410, -0.9197533033392569779, 0.3676185391133483527 ) ) ;
#1710 = ORIENTED_EDGE ( 'NONE', *, *, #1777, .F. ) ;
#1711 = CARTESIAN_POINT ( 'NONE',  ( 0.01714582601628783856, -0.9498517442574904157, 0.08312983231397960693 ) ) ;
#1712 = CARTESIAN_POINT ( 'NONE',  ( -0.006585165848910100664, 0.9500056921292835410, 0.009337532231834429208 ) ) ;
#1713 = UNCERTAINTY_MEASURE_WITH_UNIT (LENGTH_MEASURE( 1.000000000000000082E-05 ), #722, 'distance_accuracy_value', 'NONE');
#1714 = ADVANCED_FACE ( 'NONE', ( #768 ), #1756, .T. ) ;
#1715 = ORIENTED_EDGE ( 'NONE', *, *, #394, .T. ) ;
#1716 = CARTESIAN_POINT ( 'NONE',  ( -0.1855769230769229450, 0.9316980227634391598, 0.2282051282051283658 ) ) ;
#1717 = DIRECTION ( 'NONE',  ( -0.000000000000000000, -0.000000000000000000, -1.000000000000000000 ) ) ;
#1718 = AXIS2_PLACEMENT_3D ( 'NONE', #1065, #1996, #408 ) ;
#1719 = DIRECTION ( 'NONE',  ( 1.000000000000000000, 0.000000000000000000, 0.000000000000000000 ) ) ;
#1720 = CARTESIAN_POINT ( 'NONE',  ( -0.08963010229167076015, 0.9457671965121053903, 0.1216382642349861098 ) ) ;
#1721 = CARTESIAN_POINT ( 'NONE',  ( -0.1769230769230767664, 0.9333800002421688280, -0.002564102564102431828 ) ) ;
#1722 = ORIENTED_EDGE ( 'NONE', *, *, #104, .T. ) ;
#1723 = MECHANICAL_DESIGN_GEOMETRIC_PRESENTATION_REPRESENTATION (  '', ( #1330 ), #887 ) ;
#1724 = SURFACE_SIDE_STYLE ('',( #1773 ) ) ;
#1725 = CARTESIAN_POINT ( 'NONE',  ( -0.1171205216425472151, 0.9427527689750784257, 0.04322228894784273939 ) ) ;
#1726 = ORIENTED_EDGE ( 'NONE', *, *, #1398, .F. ) ;
#1727 = DIRECTION ( 'NONE',  ( -1.000000000000000000, 0.000000000000000000, 0.000000000000000000 ) ) ;
#1728 = COLOUR_RGB ( '',0.8313725490196077761, 0.8313725490196077761, 0.8196078431372548767 ) ;
#1729 = CARTESIAN_POINT ( 'NONE',  ( -0.03880564254665919838, 0.9492071642737233139, 0.3927549900961220808 ) ) ;
#1730 = ORIENTED_EDGE ( 'NONE', *, *, #1695, .T. ) ;
#1731 = CARTESIAN_POINT ( 'NONE',  ( 0.01794871794871810700, 0.9498304288261131267, 0.3463141025641027215 ) ) ;
#1732 = CARTESIAN_POINT ( 'NONE',  ( 0.02991965863730789224, -0.9495287325964228975, 0.06833422397848419594 ) ) ;
#1733 = ORIENTED_EDGE ( 'NONE', *, *, #3039, .F. ) ;
#1734 = CARTESIAN_POINT ( 'NONE',  ( -0.2160053723184310881, 0.9251171164397035129, 0.2346530761831036038 ) ) ;
#1735 = CARTESIAN_POINT ( 'NONE',  ( -0.2333333333333333648, -0.9208993189027536719, -3.403937756669170867 ) ) ;
#1736 = DIRECTION ( 'NONE',  ( 0.000000000000000000, 0.000000000000000000, 1.000000000000000000 ) ) ;
#1737 = EDGE_CURVE ( 'NONE', #2444, #291, #1257, .T. ) ;
#1738 = CARTESIAN_POINT ( 'NONE',  ( -0.3051282051282049879, 0.8996648144921751689, 0.3591346153846155520 ) ) ;
#1739 = CARTESIAN_POINT ( 'NONE',  ( 0.000000000000000000, -1.000000000000000666, 10.16000000000000192 ) ) ;
#1740 = CARTESIAN_POINT ( 'NONE',  ( -0.2384615384615383082, 0.9195847403445516210, 0.05152243589743604052 ) ) ;
#1741 = ORIENTED_EDGE ( 'NONE', *, *, #1345, .T. ) ;
#1742 = SURFACE_STYLE_USAGE ( .BOTH. , #1724 ) ;
#1743 = CARTESIAN_POINT ( 'NONE',  ( 0.02394108986032631586, -0.9500964708596971731, -0.5675826774193003521 ) ) ;
#1744 = ORIENTED_EDGE ( 'NONE', *, *, #1623, .F. ) ;
#1745 = CARTESIAN_POINT ( 'NONE',  ( -0.2208741220108366710, -0.9239804962925537435, 0.4010173088259488261 ) ) ;
#1746 =( BOUNDED_CURVE ( )  B_SPLINE_CURVE ( 3, ( #1396, #2792, #2336, #667 ),
 .UNSPECIFIED., .F., .T. ) 
 B_SPLINE_CURVE_WITH_KNOTS ( ( 4, 4 ),
 ( 4.774507194256365494, 4.840182552359450163 ),
 .UNSPECIFIED. ) 
 CURVE ( )  GEOMETRIC_REPRESENTATION_ITEM ( )  RATIONAL_B_SPLINE_CURVE ( ( 1.000000000000000000, 0.9996405945758773948, 0.9996405945758773948, 1.000000000000000000 ) ) 
 REPRESENTATION_ITEM ( '' )  );
#1747 = ORIENTED_EDGE ( 'NONE', *, *, #1054, .F. ) ;
#1748 = CARTESIAN_POINT ( 'NONE',  ( -0.3000000000000000444, 0.9013878188659973922, -0.9233173076923076872 ) ) ;
#1749 = PRESENTATION_STYLE_ASSIGNMENT (( #1519 ) ) ;
#1750 = CARTESIAN_POINT ( 'NONE',  ( 0.02990368823008093466, 0.9495292356897881980, 0.03542365330936198681 ) ) ;
#1751 = UNCERTAINTY_MEASURE_WITH_UNIT (LENGTH_MEASURE( 1.000000000000000082E-05 ), #1140, 'distance_accuracy_value', 'NONE');
#1752 = VERTEX_POINT ( 'NONE', #592 ) ;
#1753 = CARTESIAN_POINT ( 'NONE',  ( -0.3051282051282049879, 0.8996648144921751689, 0.3591346153846155520 ) ) ;
#1754 = CARTESIAN_POINT ( 'NONE',  ( -0.1314831245946194993, 0.9408571559739294932, 0.09166066461710341284 ) ) ;
#1755 = CARTESIAN_POINT ( 'NONE',  ( -0.05069995392569597026, 0.9486461482934149814, -0.6859396472681169588 ) ) ;
#1756 = CYLINDRICAL_SURFACE ( 'NONE', #2478, 0.2999999999999999889 ) ;
#1757 = CARTESIAN_POINT ( 'NONE',  ( -0.2004149996288686619, 0.9286800080813233382, 0.001598772996236551410 ) ) ;
#1758 = EDGE_CURVE ( 'NONE', #2002, #2681, #1007, .T. ) ;
#1759 = CARTESIAN_POINT ( 'NONE',  ( 0.02231034188459698336, 0.9497643539875592067, -0.5611267852520419597 ) ) ;
#1760 = ORIENTED_EDGE ( 'NONE', *, *, #2484, .F. ) ;
#1761 = PRESENTATION_STYLE_ASSIGNMENT (( #1325 ) ) ;
#1762 = ORIENTED_EDGE ( 'NONE', *, *, #2905, .F. ) ;
#1763 = CARTESIAN_POINT ( 'NONE',  ( 3.673940397442058882E-17, 0.2999999999999991007, 9.160000000000001918 ) ) ;
#1764 = B_SPLINE_CURVE_WITH_KNOTS ( 'NONE', 3,
 ( #2317, #896, #1583, #1860, #3017, #1629, #427, #1110, #1877, #3035 ),
 .UNSPECIFIED., .F., .F.,
 ( 4, 3, 3, 4 ),
 ( 0.000000000000000000, 4.308493130335892379E-05, 6.506612542751761879E-05, 8.714357186394491308E-05 ),
 .UNSPECIFIED. ) ;
#1765 = CARTESIAN_POINT ( 'NONE',  ( 0.01794871794871810700, 0.9498304288261129047, -3.403937756669170867 ) ) ;
#1766 = DIRECTION ( 'NONE',  ( -0.000000000000000000, -0.000000000000000000, 1.000000000000000000 ) ) ;
#1767 = CARTESIAN_POINT ( 'NONE',  ( -0.2373808514700396222, 0.9198674571240801345, 0.3707299989574532328 ) ) ;
#1768 = DIRECTION ( 'NONE',  ( -0.000000000000000000, -0.000000000000000000, -1.000000000000000000 ) ) ;
#1769 = CARTESIAN_POINT ( 'NONE',  ( 0.03197374868584876989, 0.9494620176717593063, 0.06361372123333459971 ) ) ;
#1770 =( GEOMETRIC_REPRESENTATION_CONTEXT ( 3 ) GLOBAL_UNCERTAINTY_ASSIGNED_CONTEXT ( ( #2290 ) ) GLOBAL_UNIT_ASSIGNED_CONTEXT ( ( #1687, #1006, #1953 ) ) REPRESENTATION_CONTEXT ( 'NONE', 'WORKASPACE' ) );
#1771 = AXIS2_PLACEMENT_3D ( 'NONE', #1879, #1455, #1863 ) ;
#1772 = STYLED_ITEM ( 'NONE', ( #2118 ), #1130 ) ;
#1773 = SURFACE_STYLE_FILL_AREA ( #785 ) ;
#1774 = CARTESIAN_POINT ( 'NONE',  ( -0.09975961538461532163, -0.9447475954657486019, -0.6128205128205129748 ) ) ;
#1775 = EDGE_LOOP ( 'NONE', ( #2100, #537, #235, #1882 ) ) ;
#1776 =( NAMED_UNIT ( * ) PLANE_ANGLE_UNIT ( ) SI_UNIT ( $, .RADIAN. ) );
#1777 = EDGE_CURVE ( 'NONE', #1948, #2721, #2840, .T. ) ;
#1778 = CARTESIAN_POINT ( 'NONE',  ( -0.1548533361908185635, 0.9373909730049255762, 0.4945348522636556221 ) ) ;
#1779 = PRESENTATION_LAYER_ASSIGNMENT (  '', '', ( #2979 ) ) ;
#1780 = CARTESIAN_POINT ( 'NONE',  ( -0.1679245575731802553, 0.9350408242231202927, -0.7473821139335089514 ) ) ;
#1781 = LINE ( 'NONE', #1765, #2684 ) ;
#1782 = ORIENTED_EDGE ( 'NONE', *, *, #795, .F. ) ;
#1783 = DIRECTION ( 'NONE',  ( -1.000000000000000000, 0.000000000000000000, 0.000000000000000000 ) ) ;
#1784 = CARTESIAN_POINT ( 'NONE',  ( 0.9499999999999999556, 0.000000000000000000, 1.949999999999999956 ) ) ;
#1785 = DIRECTION ( 'NONE',  ( 1.000000000000000000, 0.000000000000000000, 0.000000000000000000 ) ) ;
#1786 = FACE_BOUND ( 'NONE', #2622, .T. ) ;
#1787 = CARTESIAN_POINT ( 'NONE',  ( -0.1449531970148838500, -0.9388762275598093732, 0.1763759966346878094 ) ) ;
#1788 = CARTESIAN_POINT ( 'NONE',  ( -0.2846683762235305837, -0.9064077278267200777, 0.1256982167511515869 ) ) ;
#1789 = SURFACE_STYLE_FILL_AREA ( #1530 ) ;
#1790 = ORIENTED_EDGE ( 'NONE', *, *, #1431, .F. ) ;
#1791 = FILL_AREA_STYLE ('',( #1298 ) ) ;
#1792 = ORIENTED_EDGE ( 'NONE', *, *, #837, .T. ) ;
#1793 = ADVANCED_FACE ( 'NONE', ( #426 ), #2743, .T. ) ;
#1794 = CARTESIAN_POINT ( 'NONE',  ( -0.1537471715220260493, 0.9375044514320396427, -0.7445705413086551872 ) ) ;
#1795 = CARTESIAN_POINT ( 'NONE',  ( -0.1617378610942414308, 0.9362942611845848084, -0.8221804966327338482 ) ) ;
#1796 = ORIENTED_EDGE ( 'NONE', *, *, #653, .F. ) ;
#1797 = EDGE_CURVE ( 'NONE', #111, #581, #656, .T. ) ;
#1798 = PRESENTATION_STYLE_ASSIGNMENT (( #2987 ) ) ;
#1799 = CARTESIAN_POINT ( 'NONE',  ( -0.1264423076923075207, 0.9415478441510255481, 0.2384615384615386413 ) ) ;
#1800 = CARTESIAN_POINT ( 'NONE',  ( -0.2790898528818207547, -0.9080797619253525577, -0.8226829789781821001 ) ) ;
#1801 = FILL_AREA_STYLE_COLOUR ( '', #2155 ) ;
#1802 = CARTESIAN_POINT ( 'NONE',  ( -0.2350965067341233283, -0.9204841619986829926, -0.4651882124857484868 ) ) ;
#1803 = DIRECTION ( 'NONE',  ( -0.000000000000000000, -0.000000000000000000, -1.000000000000000000 ) ) ;
#1804 = DIRECTION ( 'NONE',  ( 0.000000000000000000, -1.000000000000000000, -5.599838911056187026E-16 ) ) ;
#1805 = CARTESIAN_POINT ( 'NONE',  ( 0.9499999999999999556, 1.163414459189985682E-16, 1.749999999999999778 ) ) ;
#1806 = ORIENTED_EDGE ( 'NONE', *, *, #2812, .F. ) ;
#1807 = CARTESIAN_POINT ( 'NONE',  ( -0.1038461538461538519, -0.9443071408876250183, -0.7410256410256407245 ) ) ;
#1808 = CARTESIAN_POINT ( 'NONE',  ( -0.1972811383960085818, 0.9293244830663140998, -0.8356208352875809098 ) ) ;
#1809 = SURFACE_STYLE_FILL_AREA ( #390 ) ;
#1810 = DIRECTION ( 'NONE',  ( 1.000000000000000000, 0.000000000000000000, 0.000000000000000000 ) ) ;
#1811 = DIRECTION ( 'NONE',  ( 0.000000000000000000, 0.000000000000000000, 1.000000000000000000 ) ) ;
#1812 = CARTESIAN_POINT ( 'NONE',  ( 0.000000000000000000, 0.000000000000000000, 1.749999999999999778 ) ) ;
#1813 = CARTESIAN_POINT ( 'NONE',  ( -0.1367644778173238707, -0.9401144646700109186, 0.09575603510188955558 ) ) ;
#1814 = EDGE_CURVE ( 'NONE', #2914, #1031, #1642, .T. ) ;
#1815 = CARTESIAN_POINT ( 'NONE',  ( -0.08285742779494552346, 0.9463797581622297450, 0.1155840320060683990 ) ) ;
#1816 = DIRECTION ( 'NONE',  ( 1.000000000000000000, 0.000000000000000000, 0.000000000000000000 ) ) ;
#1817 = CARTESIAN_POINT ( 'NONE',  ( -0.2655931264664696534, -0.9121668795926820561, 0.1482187423646514346 ) ) ;
#1818 = AXIS2_PLACEMENT_3D ( 'NONE', #2835, #737, #1934 ) ;
#1819 = ORIENTED_EDGE ( 'NONE', *, *, #1890, .F. ) ;
#1820 = AXIS2_PLACEMENT_3D ( 'NONE', #852, #806, #137 ) ;
#1821 = CARTESIAN_POINT ( 'NONE',  ( -3.673940397442058882E-17, -1.000000000000000888, 9.160000000000001918 ) ) ;
#1822 = CARTESIAN_POINT ( 'NONE',  ( -0.1432703632823998652, 0.9393160378698476309, -0.8196694467186371735 ) ) ;
#1823 = VERTEX_POINT ( 'NONE', #16 ) ;
#1824 = PRESENTATION_LAYER_ASSIGNMENT (  '', '', ( #1534 ) ) ;
#1825 = FACE_OUTER_BOUND ( 'NONE', #958, .T. ) ;
#1826 = CARTESIAN_POINT ( 'NONE',  ( -0.2061671712878757057, -0.9273976589447068264, -0.7596578043147881321 ) ) ;
#1827 = CARTESIAN_POINT ( 'NONE',  ( -0.05075353290422289498, -0.9486432832723484809, -0.6859484725829788632 ) ) ;
#1828 = SURFACE_STYLE_USAGE ( .BOTH. , #2990 ) ;
#1829 = B_SPLINE_CURVE_WITH_KNOTS ( 'NONE', 3,
 ( #908, #1846, #2816, #693, #346, #1036, #288, #2668, #301, #1982 ),
 .UNSPECIFIED., .F., .F.,
 ( 4, 3, 3, 4 ),
 ( 0.000000000000000000, 4.826462029820986858E-05, 8.880772252152347823E-05, 0.0001241897441206793538 ),
 .UNSPECIFIED. ) ;
#1830 = AXIS2_PLACEMENT_3D ( 'NONE', #2249, #608, #2039 ) ;
#1831 = CARTESIAN_POINT ( 'NONE',  ( -0.1577603537989640536, -0.9368093033105784340, 0.1035811158853037900 ) ) ;
#1832 = CARTESIAN_POINT ( 'NONE',  ( -0.2958023581738238872, 0.9027740386712529430, -0.8696714466533935761 ) ) ;
#1833 = CARTESIAN_POINT ( 'NONE',  ( -0.2915064102564102755, 0.9041703450011073784, -0.8522435897435893803 ) ) ;
#1834 = AXIS2_PLACEMENT_3D ( 'NONE', #2165, #2192, #2948 ) ;
#1835 = CARTESIAN_POINT ( 'NONE',  ( -0.05892816436954232545, -0.9481709418617049190, 0.04552540433363689437 ) ) ;
#1836 = EDGE_CURVE ( 'NONE', #2019, #2147, #1177, .T. ) ;
#1837 = PRESENTATION_LAYER_ASSIGNMENT (  '', '', ( #902 ) ) ;
#1838 = B_SPLINE_CURVE_WITH_KNOTS ( 'NONE', 3,
 ( #2471, #778, #623, #1256, #365, #129, #1754, #2440, #2503, #334, #1043, #1290, #391, #174, #1986, #2189 ),
 .UNSPECIFIED., .F., .F.,
 ( 4, 3, 3, 3, 3, 4 ),
 ( 0.000000000000000000, 2.943106475974791136E-05, 4.673613040563709555E-05, 6.416644811507900151E-05, 7.711007676054987357E-05, 8.414636847161363056E-05 ),
 .UNSPECIFIED. ) ;
#1839 = CARTESIAN_POINT ( 'NONE',  ( -0.1923886460566147094, 0.9303153276543344452, 0.1035634516588049281 ) ) ;
#1840 = VERTEX_POINT ( 'NONE', #2300 ) ;
#1841 = ORIENTED_EDGE ( 'NONE', *, *, #2258, .T. ) ;
#1842 = CARTESIAN_POINT ( 'NONE',  ( -0.2139614720058996000, -0.9255919665257771323, 0.008955510498023920574 ) ) ;
#1843 = CARTESIAN_POINT ( 'NONE',  ( 0.000000000000000000, 0.000000000000000000, 1.949999999999999956 ) ) ;
#1844 = CARTESIAN_POINT ( 'NONE',  ( -0.1053932815214645297, 0.9441357568415490453, 0.3542248507068991858 ) ) ;
#1845 = CARTESIAN_POINT ( 'NONE',  ( 0.09487179487179507598, 0.9452509415693823858, 0.2846153846153848810 ) ) ;
#1846 = CARTESIAN_POINT ( 'NONE',  ( -0.3047062986472496848, -0.8998079073031778341, 0.3752166524544828241 ) ) ;
#1847 = CARTESIAN_POINT ( 'NONE',  ( -0.1692984859128322805, -0.9348115453504377559, 0.1049065893558016743 ) ) ;
#1848 = CARTESIAN_POINT ( 'NONE',  ( 0.000000000000000000, 0.000000000000000000, -1.949999999999999956 ) ) ;
#1849 = CARTESIAN_POINT ( 'NONE',  ( -0.03498372679716370975, -0.9493669483066364823, 0.08419730395508936982 ) ) ;
#1850 = CARTESIAN_POINT ( 'NONE',  ( 0.1000000000000001582, 0.9447221813845592120, 0.05096153846153859968 ) ) ;
#1851 = ORIENTED_EDGE ( 'NONE', *, *, #396, .F. ) ;
#1852 = ADVANCED_FACE ( 'NONE', ( #1 ), #2370, .F. ) ;
#1853 = VERTEX_POINT ( 'NONE', #697 ) ;
#1854 = FILL_AREA_STYLE_COLOUR ( '', #607 ) ;
#1855 = EDGE_LOOP ( 'NONE', ( #752, #2218, #1278, #172 ) ) ;
#1856 = CARTESIAN_POINT ( 'NONE',  ( -0.1065972591548465520, -0.9440047003829755701, 0.3463318498048221228 ) ) ;
#1857 = CARTESIAN_POINT ( 'NONE',  ( 0.04442290512310676648, -0.9489608029316842774, 0.1539693614317418635 ) ) ;
#1858 = B_SPLINE_CURVE_WITH_KNOTS ( 'NONE', 3,
 ( #1581, #164, #2287, #2549, #410, #3033, #2273, #2299 ),
 .UNSPECIFIED., .F., .F.,
 ( 4, 2, 2, 4 ),
 ( 0.000000000000000000, 0.0001581418292073175449, 0.0002372127438109763173, 0.0003162836584146350898 ),
 .UNSPECIFIED. ) ;
#1859 = FILL_AREA_STYLE_COLOUR ( '', #412 ) ;
#1860 = CARTESIAN_POINT ( 'NONE',  ( -0.1475684988495662153, -0.9384687198555351495, -0.7437681620022082996 ) ) ;
#1861 = B_SPLINE_CURVE_WITH_KNOTS ( 'NONE', 3,
 ( #483, #244, #1669, #289, #3047, #258, #1857, #2387, #2332, #1157 ),
 .UNSPECIFIED., .F., .F.,
 ( 4, 3, 3, 4 ),
 ( 0.000000000000000000, 1.854061418489561514E-05, 4.938011379576903671E-05, 7.398792573324404400E-05 ),
 .UNSPECIFIED. ) ;
#1862 = CARTESIAN_POINT ( 'NONE',  ( -0.1475135734609485660, 0.9385347263909218363, 0.4165752974195909286 ) ) ;
#1863 = DIRECTION ( 'NONE',  ( 0.000000000000000000, 7.228014483236697541E-16, -1.000000000000000000 ) ) ;
#1864 = ORIENTED_EDGE ( 'NONE', *, *, #340, .T. ) ;
#1865 = VERTEX_POINT ( 'NONE', #2855 ) ;
#1866 = TOROIDAL_SURFACE ( 'NONE', #551, 1.000000000000000222, 0.2999999999999999889 ) ;
#1867 = CARTESIAN_POINT ( 'NONE',  ( -0.1155170179946206771, -0.9429506012228647815, 0.05355961036701934602 ) ) ;
#1868 = EDGE_CURVE ( 'NONE', #736, #1871, #2868, .T. ) ;
#1869 = CARTESIAN_POINT ( 'NONE',  ( -0.1750801282051280550, -0.9337274488348705770, 0.1051282051282052682 ) ) ;
#1870 = AXIS2_PLACEMENT_3D ( 'NONE', #2641, #1197, #295 ) ;
#1871 = VERTEX_POINT ( 'NONE', #964 ) ;
#1872 = CARTESIAN_POINT ( 'NONE',  ( -0.1051282051282049629, -0.9441652718070718819, 0.3616185897435899022 ) ) ;
#1873 = LINE ( 'NONE', #274, #503 ) ;
#1874 = B_SPLINE_CURVE_WITH_KNOTS ( 'NONE', 3,
 ( #51, #2390, #992, #2404, #965, #2896, #1208, #1686, #766, #739 ),
 .UNSPECIFIED., .F., .F.,
 ( 4, 3, 3, 4 ),
 ( 0.000000000000000000, 1.286878681779053190E-05, 2.574226245263326021E-05, 5.149693594542567739E-05 ),
 .UNSPECIFIED. ) ;
#1875 = VERTEX_POINT ( 'NONE', #2354 ) ;
#1876 = CARTESIAN_POINT ( 'NONE',  ( 0.03317067007831892705, 0.9494208171226415915, -0.9361660695313890335 ) ) ;
#1877 = CARTESIAN_POINT ( 'NONE',  ( -0.1111881285689805821, -0.9434997385038157436, -0.7411704385945576679 ) ) ;
#1878 = CARTESIAN_POINT ( 'NONE',  ( -0.1005608974358973839, -0.9446626413206393735, -0.3102564102564104309 ) ) ;
#1879 = CARTESIAN_POINT ( 'NONE',  ( 0.000000000000000000, -1.000000000000000666, 10.16000000000000192 ) ) ;
#1880 = CARTESIAN_POINT ( 'NONE',  ( 0.02373467285388643905, 0.9497087246957098827, 0.07767598888693932890 ) ) ;
#1881 = CARTESIAN_POINT ( 'NONE',  ( -0.2333591267123620028, -0.9208953587866270940, 0.02871801182109211259 ) ) ;
#1882 = ORIENTED_EDGE ( 'NONE', *, *, #2146, .F. ) ;
#1883 =( NAMED_UNIT ( * ) SI_UNIT ( $, .STERADIAN. ) SOLID_ANGLE_UNIT ( ) );
#1884 = ADVANCED_FACE ( 'NONE', ( #2803, #1906 ), #680, .T. ) ;
#1885 = ORIENTED_EDGE ( 'NONE', *, *, #84, .F. ) ;
#1886 = CARTESIAN_POINT ( 'NONE',  ( -3.673940397442058882E-17, -1.000000000000000888, -9.160000000000001918 ) ) ;
#1887 = CARTESIAN_POINT ( 'NONE',  ( 0.02987956320991616566, 0.9495914080521304923, 0.1616296041156122243 ) ) ;
#1888 = CARTESIAN_POINT ( 'NONE',  ( -0.2596153846153846922, -0.9138379791139159547, -0.7958333333333331705 ) ) ;
#1889 = CARTESIAN_POINT ( 'NONE',  ( 0.004041449999221340128, -0.9500308247168144371, -0.8425288581361862761 ) ) ;
#1890 = EDGE_CURVE ( 'NONE', #499, #374, #2644, .T. ) ;
#1891 = ORIENTED_EDGE ( 'NONE', *, *, #286, .T. ) ;
#1892 = DIRECTION ( 'NONE',  ( -0.000000000000000000, -0.000000000000000000, -1.000000000000000000 ) ) ;
#1893 = CYLINDRICAL_SURFACE ( 'NONE', #1323, 0.9499999999999999556 ) ;
#1894 = CARTESIAN_POINT ( 'NONE',  ( -0.2671658728341121392, 0.9118759932896380871, -0.6236509587065035554 ) ) ;
#1895 = PRESENTATION_STYLE_ASSIGNMENT (( #1647 ) ) ;
#1896 = DIRECTION ( 'NONE',  ( 0.000000000000000000, 0.000000000000000000, 1.000000000000000000 ) ) ;
#1897 = EDGE_LOOP ( 'NONE', ( #332, #2451, #869, #790 ) ) ;
#1898 = CARTESIAN_POINT ( 'NONE',  ( -0.2384615384615383082, -0.9195847403445516210, 0.05152243589743604052 ) ) ;
#1899 = EDGE_LOOP ( 'NONE', ( #963, #1267, #5, #991 ) ) ;
#1900 = ORIENTED_EDGE ( 'NONE', *, *, #2182, .T. ) ;
#1901 = CARTESIAN_POINT ( 'NONE',  ( -0.1863782051282049934, 0.9315380639851434941, -0.07948717948717937132 ) ) ;
#1902 = CARTESIAN_POINT ( 'NONE',  ( -0.2703343431024255450, -0.9107246251965412931, -0.8086899632863934206 ) ) ;
#1903 =( LENGTH_UNIT ( ) NAMED_UNIT ( * ) SI_UNIT ( .MILLI., .METRE. ) );
#1904 = CARTESIAN_POINT ( 'NONE',  ( -0.1530415117468260089, -0.9379359911571160113, -0.8193464324316223069 ) ) ;
#1905 = ORIENTED_EDGE ( 'NONE', *, *, #1663, .F. ) ;
#1906 = FACE_BOUND ( 'NONE', #2664, .T. ) ;
#1907 = CARTESIAN_POINT ( 'NONE',  ( 0.000000000000000000, 0.000000000000000000, 1.749999999999999778 ) ) ;
#1908 = DIRECTION ( 'NONE',  ( 0.000000000000000000, -1.000000000000000000, 6.802837160693362624E-16 ) ) ;
#1909 = EDGE_CURVE ( 'NONE', #2415, #2938, #78, .T. ) ;
#1910 = ORIENTED_EDGE ( 'NONE', *, *, #832, .F. ) ;
#1911 = CARTESIAN_POINT ( 'NONE',  ( -0.1195613159265121739, 0.9424475671673322452, 0.03315449722016010348 ) ) ;
#1912 = EDGE_LOOP ( 'NONE', ( #1445, #70, #39, #2135 ) ) ;
#1913 = CARTESIAN_POINT ( 'NONE',  ( -0.2374843010975431767, 0.9198381520368476005, -0.5338040744776268998 ) ) ;
#1914 = TOROIDAL_SURFACE ( 'NONE', #1072, 0.7500000000000000000, 0.2000000000000000111 ) ;
#1915 = CARTESIAN_POINT ( 'NONE',  ( -0.2200617604828381813, 0.9241733877283857534, 0.3135018466869673448 ) ) ;
#1916 = AXIS2_PLACEMENT_3D ( 'NONE', #2320, #1145, #1277 ) ;
#1917 = CARTESIAN_POINT ( 'NONE',  ( 0.02488765826313387233, 0.9496803760897873925, 0.02694821029142840593 ) ) ;
#1918 = ORIENTED_EDGE ( 'NONE', *, *, #1345, .F. ) ;
#1919 = PLANE ( 'NONE',  #1830 ) ;
#1920 = DIRECTION ( 'NONE',  ( -1.000000000000000000, 0.000000000000000000, 0.000000000000000000 ) ) ;
#1921 = DIRECTION ( 'NONE',  ( 0.000000000000000000, -0.000000000000000000, 1.000000000000000000 ) ) ;
#1922 = TOROIDAL_SURFACE ( 'NONE', #2306, 1.000000000000000222, 0.2999999999999999889 ) ;
#1923 = EDGE_CURVE ( 'NONE', #169, #2703, #729, .T. ) ;
#1924 = CARTESIAN_POINT ( 'NONE',  ( -0.008009648092053385168, 0.9500486027547363488, -0.8348341849146222460 ) ) ;
#1925 = ORIENTED_EDGE ( 'NONE', *, *, #1451, .T. ) ;
#1926 = EDGE_CURVE ( 'NONE', #2894, #1136, #1533, .T. ) ;
#1927 = AXIS2_PLACEMENT_3D ( 'NONE', #2175, #98, #652 ) ;
#1928 = FILL_AREA_STYLE_COLOUR ( '', #2418 ) ;
#1929 = ORIENTED_EDGE ( 'NONE', *, *, #2982, .F. ) ;
#1930 = LINE ( 'NONE', #761, #1427 ) ;
#1931 = B_SPLINE_CURVE_WITH_KNOTS ( 'NONE', 3,
 ( #912, #849, #444, #1787, #1367, #2301, #2805, #1541, #637, #2745, #2519, #1339, #1097 ),
 .UNSPECIFIED., .F., .F.,
 ( 4, 3, 3, 3, 4 ),
 ( 0.000000000000000000, 3.614990520903469854E-05, 6.672713625096196957E-05, 9.724609310923788667E-05, 0.0001287979374061612057 ),
 .UNSPECIFIED. ) ;
#1932 =( GEOMETRIC_REPRESENTATION_CONTEXT ( 3 ) GLOBAL_UNCERTAINTY_ASSIGNED_CONTEXT ( ( #1468 ) ) GLOBAL_UNIT_ASSIGNED_CONTEXT ( ( #199, #186, #2570 ) ) REPRESENTATION_CONTEXT ( 'NONE', 'WORKASPACE' ) );
#1933 = ORIENTED_EDGE ( 'NONE', *, *, #2556, .T. ) ;
#1934 = DIRECTION ( 'NONE',  ( -1.000000000000000000, 0.000000000000000000, 0.000000000000000000 ) ) ;
#1935 = CARTESIAN_POINT ( 'NONE',  ( 0.03333333333333334675, -0.9494150245750743178, -0.9974358974358968899 ) ) ;
#1936 = DIRECTION ( 'NONE',  ( 0.000000000000000000, 0.000000000000000000, 1.000000000000000000 ) ) ;
#1937 = CARTESIAN_POINT ( 'NONE',  ( -0.2027718347720640635, -0.9281531713358611713, -0.8379720432458038770 ) ) ;
#1938 = B_SPLINE_CURVE_WITH_KNOTS ( 'NONE', 3,
 ( #2807, #2018, #2980, #3008, #884, #1788, #654, #1817, #2538, #2822, #703, #65, #2613, #1458, #2377, #475 ),
 .UNSPECIFIED., .F., .F.,
 ( 4, 3, 3, 3, 3, 4 ),
 ( 0.000000000000000000, 4.731831083155423122E-05, 9.509002882953410975E-05, 0.0001373828512334361357, 0.0001848026752902695818, 0.0002048272721499100389 ),
 .UNSPECIFIED. ) ;
#1939 = VERTEX_POINT ( 'NONE', #2928 ) ;
#1940 = CARTESIAN_POINT ( 'NONE',  ( -0.2324486782118943828, -0.9211230473366430749, -0.9041694794747219266 ) ) ;
#1941 = DIRECTION ( 'NONE',  ( 0.000000000000000000, 0.000000000000000000, -1.000000000000000000 ) ) ;
#1942 = CARTESIAN_POINT ( 'NONE',  ( -0.2770356788349490063, 0.9087501006960553296, 0.4458800453795783714 ) ) ;
#1943 = ORIENTED_EDGE ( 'NONE', *, *, #2238, .T. ) ;
#1944 = PRESENTATION_STYLE_ASSIGNMENT (( #1742 ) ) ;
#1945 = CARTESIAN_POINT ( 'NONE',  ( -0.3003644119583851468, 0.9012706864199665491, 0.09127935039176621190 ) ) ;
#1946 = FACE_OUTER_BOUND ( 'NONE', #1912, .T. ) ;
#1947 = EDGE_CURVE ( 'NONE', #1962, #1461, #1491, .T. ) ;
#1948 = VERTEX_POINT ( 'NONE', #2638 ) ;
#1949 =( LENGTH_UNIT ( ) NAMED_UNIT ( * ) SI_UNIT ( .MILLI., .METRE. ) );
#1950 = CARTESIAN_POINT ( 'NONE',  ( 0.01263587164397027632, 0.9499293744192941480, 0.01649033589015077086 ) ) ;
#1951 = CARTESIAN_POINT ( 'NONE',  ( -0.2532348240569835540, 0.9156266290823842358, 0.2526568032200449121 ) ) ;
#1952 = CARTESIAN_POINT ( 'NONE',  ( 0.1000000000000001582, 0.9447221813845592120, 0.05096153846153859968 ) ) ;
#1953 =( NAMED_UNIT ( * ) SI_UNIT ( $, .STERADIAN. ) SOLID_ANGLE_UNIT ( ) );
#1954 =( LENGTH_UNIT ( ) NAMED_UNIT ( * ) SI_UNIT ( .MILLI., .METRE. ) );
#1955 = CARTESIAN_POINT ( 'NONE',  ( -0.05344551282051267227, -0.9484954281172642832, 0.3306089743589745167 ) ) ;
#1956 = ORIENTED_EDGE ( 'NONE', *, *, #1412, .T. ) ;
#1957 = DIRECTION ( 'NONE',  ( 0.000000000000000000, -9.805962535134626294E-17, 1.000000000000000000 ) ) ;
#1958 = CARTESIAN_POINT ( 'NONE',  ( -0.3051282051282050989, -0.8996648144921751689, -0.4994391025641026771 ) ) ;
#1959 = ORIENTED_EDGE ( 'NONE', *, *, #2505, .F. ) ;
#1960 = CARTESIAN_POINT ( 'NONE',  ( -0.1335987173907529912, 0.9411743915567942764, -0.6123508890935678295 ) ) ;
#1961 = DIRECTION ( 'NONE',  ( 0.000000000000000000, 0.000000000000000000, -1.000000000000000000 ) ) ;
#1962 = VERTEX_POINT ( 'NONE', #2142 ) ;
#1963 = EDGE_CURVE ( 'NONE', #2681, #3040, #442, .T. ) ;
#1964 = CARTESIAN_POINT ( 'NONE',  ( 0.03160741244694844493, -0.9494764195078105873, -0.9012333957444926824 ) ) ;
#1965 = CARTESIAN_POINT ( 'NONE',  ( 0.09802630214339624892, 0.9449290153699868577, 0.07555172555179286153 ) ) ;
#1966 = UNCERTAINTY_MEASURE_WITH_UNIT (LENGTH_MEASURE( 1.000000000000000082E-05 ), #1591, 'distance_accuracy_value', 'NONE');
#1967 = VERTEX_POINT ( 'NONE', #1268 ) ;
#1968 = CARTESIAN_POINT ( 'NONE',  ( 0.03553125853876032414, 0.9493611785494788791, -0.4656455028065882296 ) ) ;
#1969 = CIRCLE ( 'NONE', #3016, 0.2999999999999999889 ) ;
#1970 = CIRCLE ( 'NONE', #2923, 0.9499999999999999556 ) ;
#1971 = CARTESIAN_POINT ( 'NONE',  ( -0.09975961538461532163, -0.9447475954657486019, -0.6128205128205129748 ) ) ;
#1972 = AXIS2_PLACEMENT_3D ( 'NONE', #1812, #2757, #441 ) ;
#1973 = ORIENTED_EDGE ( 'NONE', *, *, #2556, .F. ) ;
#1974 = PRESENTATION_LAYER_ASSIGNMENT (  '', '', ( #702 ) ) ;
#1975 = CARTESIAN_POINT ( 'NONE',  ( -0.002564102564102377618, -0.9499965396663508921, 0.1666666666666667962 ) ) ;
#1976 = ORIENTED_EDGE ( 'NONE', *, *, #1127, .T. ) ;
#1977 = CARTESIAN_POINT ( 'NONE',  ( -0.2159725005438877243, -0.9251247910462802038, 0.4048477831045874664 ) ) ;
#1978 = AXIS2_PLACEMENT_3D ( 'NONE', #935, #999, #2088 ) ;
#1979 = VERTEX_POINT ( 'NONE', #2159 ) ;
#1980 =( GEOMETRIC_REPRESENTATION_CONTEXT ( 3 ) GLOBAL_UNCERTAINTY_ASSIGNED_CONTEXT ( ( #1146 ) ) GLOBAL_UNIT_ASSIGNED_CONTEXT ( ( #338, #613, #1055 ) ) REPRESENTATION_CONTEXT ( 'NONE', 'WORKASPACE' ) );
#1981 = DIRECTION ( 'NONE',  ( -0.000000000000000000, -0.000000000000000000, -1.000000000000000000 ) ) ;
#1982 = CARTESIAN_POINT ( 'NONE',  ( -0.2536858974358973118, -0.9155017561109008994, 0.4665064102564104309 ) ) ;
#1983 = CARTESIAN_POINT ( 'NONE',  ( 0.03330115466611967973, -0.9494161543467891651, -0.9535595465993466080 ) ) ;
#1984 = CARTESIAN_POINT ( 'NONE',  ( -0.01661368632699284850, 0.9498556565986749911, 0.007876817892430233378 ) ) ;
#1985 = ORIENTED_EDGE ( 'NONE', *, *, #104, .F. ) ;
#1986 = CARTESIAN_POINT ( 'NONE',  ( -0.1155448191883656633, 0.9429471993745288660, 0.06113249702851040329 ) ) ;
#1987 = CARTESIAN_POINT ( 'NONE',  ( 0.09999999999999999167, -0.9447221813845592120, -3.403937756669170867 ) ) ;
#1988 = ADVANCED_FACE ( 'NONE', ( #2203 ), #1919, .T. ) ;
#1989 = SURFACE_SIDE_STYLE ('',( #1271 ) ) ;
#1990 = CARTESIAN_POINT ( 'NONE',  ( -0.2107678103242130729, 0.9263244194829175493, 0.007121351210789362250 ) ) ;
#1991 = CARTESIAN_POINT ( 'NONE',  ( -0.01956219184885760881, 0.9498462956748503494, -0.5980632773147198655 ) ) ;
#1992 = VERTEX_POINT ( 'NONE', #159 ) ;
#1993 = DIRECTION ( 'NONE',  ( 1.000000000000000000, 0.000000000000000000, 0.000000000000000000 ) ) ;
#1994 = CARTESIAN_POINT ( 'NONE',  ( -0.2106629758457641277, 0.9263658942915727890, -0.8458224585877719415 ) ) ;
#1995 = ORIENTED_EDGE ( 'NONE', *, *, #84, .T. ) ;
#1996 = DIRECTION ( 'NONE',  ( 0.000000000000000000, 0.000000000000000000, 1.000000000000000000 ) ) ;
#1997 = FACE_BOUND ( 'NONE', #534, .T. ) ;
#1998 = CARTESIAN_POINT ( 'NONE',  ( -0.2370006348719733424, 0.9199651768316995382, 0.03768415464463415604 ) ) ;
#1999 = EDGE_CURVE ( 'NONE', #2861, #2629, #796, .T. ) ;
#2000 = CARTESIAN_POINT ( 'NONE',  ( 0.03846153846153854000, 0.9492211070447030830, -0.4995993589743591423 ) ) ;
#2001 = EDGE_CURVE ( 'NONE', #1875, #2629, #943, .T. ) ;
#2002 = VERTEX_POINT ( 'NONE', #647 ) ;
#2003 = ORIENTED_EDGE ( 'NONE', *, *, #304, .T. ) ;
#2004 = CYLINDRICAL_SURFACE ( 'NONE', #2777, 0.9499999999999999556 ) ;
#2005 = CARTESIAN_POINT ( 'NONE',  ( -0.04372325743678691368, 0.9489941843970780555, 0.3502098861570831501 ) ) ;
#2006 = ORIENTED_EDGE ( 'NONE', *, *, #1307, .T. ) ;
#2007 =( NAMED_UNIT ( * ) PLANE_ANGLE_UNIT ( ) SI_UNIT ( $, .RADIAN. ) );
#2008 = CARTESIAN_POINT ( 'NONE',  ( -0.2288587216626093990, 0.9220339609848673401, 0.3912075454084922299 ) ) ;
#2009 = CARTESIAN_POINT ( 'NONE',  ( 0.02948717948717948303, 0.9495422614322601707, -0.8898237179487176185 ) ) ;
#2010 = CLOSED_SHELL ( 'NONE', ( #2177, #601, #1714, #1852, #1107, #1677, #621, #1040 ) ) ;
#2011 = B_SPLINE_CURVE_WITH_KNOTS ( 'NONE', 3,
 ( #1898, #3025, #945, #903, #1881, #2845, #1653, #1415, #2555, #1842, #225, #2857, #2797, #463, #2361, #448 ),
 .UNSPECIFIED., .F., .F.,
 ( 4, 3, 3, 3, 3, 4 ),
 ( 0.000000000000000000, 1.757491395000254709E-05, 3.529555211731488654E-05, 5.144244294691169327E-05, 7.717341767511883054E-05, 9.097412578236129259E-05 ),
 .UNSPECIFIED. ) ;
#2012 =( GEOMETRIC_REPRESENTATION_CONTEXT ( 3 ) GLOBAL_UNCERTAINTY_ASSIGNED_CONTEXT ( ( #2081 ) ) GLOBAL_UNIT_ASSIGNED_CONTEXT ( ( #1949, #791, #2452 ) ) REPRESENTATION_CONTEXT ( 'NONE', 'WORKASPACE' ) );
#2013 = CARTESIAN_POINT ( 'NONE',  ( 0.03156143944724451589, -0.9494777608914481970, 0.03876573867203257640 ) ) ;
#2014 = CARTESIAN_POINT ( 'NONE',  ( -0.05897435897435880647, -0.9481677198595001022, 0.03541666666666680452 ) ) ;
#2015 =( GEOMETRIC_REPRESENTATION_CONTEXT ( 3 ) GLOBAL_UNCERTAINTY_ASSIGNED_CONTEXT ( ( #2995 ) ) GLOBAL_UNIT_ASSIGNED_CONTEXT ( ( #786, #968, #2447 ) ) REPRESENTATION_CONTEXT ( 'NONE', 'WORKASPACE' ) );
#2016 = ADVANCED_FACE ( 'NONE', ( #364 ), #2026, .T. ) ;
#2017 =( GEOMETRIC_REPRESENTATION_CONTEXT ( 3 ) GLOBAL_UNCERTAINTY_ASSIGNED_CONTEXT ( ( #638 ) ) GLOBAL_UNIT_ASSIGNED_CONTEXT ( ( #1903, #511, #2139 ) ) REPRESENTATION_CONTEXT ( 'NONE', 'WORKASPACE' ) );
#2018 = CARTESIAN_POINT ( 'NONE',  ( -0.3048025540122767940, -0.8997752615596836812, 0.06568889316630827091 ) ) ;
#2019 = VERTEX_POINT ( 'NONE', #1558 ) ;
#2020 = VECTOR ( 'NONE', #1892, 1000.000000000000000 ) ;
#2021 = ADVANCED_FACE ( 'NONE', ( #1063 ), #860, .T. ) ;
#2022 = STYLED_ITEM ( 'NONE', ( #1798 ), #2035 ) ;
#2023 = CARTESIAN_POINT ( 'NONE',  ( -0.02277590361383883058, -0.9504289605290712206, -0.7458060785967933759 ) ) ;
#2024 = AXIS2_PLACEMENT_3D ( 'NONE', #1058, #327, #2730 ) ;
#2025 = ORIENTED_EDGE ( 'NONE', *, *, #1561, .F. ) ;
#2026 = CYLINDRICAL_SURFACE ( 'NONE', #984, 0.9499999999999999556 ) ;
#2027 = CARTESIAN_POINT ( 'NONE',  ( -0.1889423076923077149, -0.9310213769639800185, -0.7532051282051278607 ) ) ;
#2028 = CARTESIAN_POINT ( 'NONE',  ( -0.2915064102564102755, -0.9041703450011073784, -0.8522435897435893803 ) ) ;
#2029 = CARTESIAN_POINT ( 'NONE',  ( -0.1218064466923981792, -0.9421587921094722873, 0.4028012075288823213 ) ) ;
#2030 = CARTESIAN_POINT ( 'NONE',  ( -0.2915064102564102755, 0.9041703450011073784, -0.8522435897435893803 ) ) ;
#2031 = CARTESIAN_POINT ( 'NONE',  ( -0.2268196728557765884, 0.9225252495218508875, 0.08398584457700770944 ) ) ;
#2032 = CARTESIAN_POINT ( 'NONE',  ( 0.03757959964326700042, -0.9492568423686746915, -0.5336316817791029177 ) ) ;
#2033 = ORIENTED_EDGE ( 'NONE', *, *, #2961, .F. ) ;
#2034 = VERTEX_POINT ( 'NONE', #1348 ) ;
#2035 = ADVANCED_FACE ( 'NONE', ( #1825 ), #2219, .F. ) ;
#2036 = CARTESIAN_POINT ( 'NONE',  ( 0.000000000000000000, 0.000000000000000000, -0.1051282051282051294 ) ) ;
#2037 = CARTESIAN_POINT ( 'NONE',  ( 0.09975351794705522579, -0.9447489171457753576, -0.9022236855749873330 ) ) ;
#2038 = VERTEX_POINT ( 'NONE', #2574 ) ;
#2039 = DIRECTION ( 'NONE',  ( 1.000000000000000000, 0.000000000000000000, 0.000000000000000000 ) ) ;
#2040 = CARTESIAN_POINT ( 'NONE',  ( -0.2915064102564102755, -0.9041703450011073784, -0.8522435897435893803 ) ) ;
#2041 = FILL_AREA_STYLE ('',( #1801 ) ) ;
#2042 = CARTESIAN_POINT ( 'NONE',  ( -0.1326203947320414023, -0.9407045571431411624, 0.09288097696752994903 ) ) ;
#2043 =( NAMED_UNIT ( * ) PLANE_ANGLE_UNIT ( ) SI_UNIT ( $, .RADIAN. ) );
#2044 = B_SPLINE_CURVE_WITH_KNOTS ( 'NONE', 3,
 ( #854, #2952, #600, #2277, #821, #2245, #2762, #2213, #1279, #1555 ),
 .UNSPECIFIED., .F., .F.,
 ( 4, 3, 3, 4 ),
 ( 0.000000000000000000, 1.909662632124582793E-05, 3.819121541621021363E-05, 7.635473783102774185E-05 ),
 .UNSPECIFIED. ) ;
#2045 = CARTESIAN_POINT ( 'NONE',  ( 0.000000000000000000, -3.550000000000000266, -9.860000000000001208 ) ) ;
#2046 = CARTESIAN_POINT ( 'NONE',  ( 0.09882809790788522897, 0.9448454937521506558, 0.03181114439710275993 ) ) ;
#2047 = VERTEX_POINT ( 'NONE', #2814 ) ;
#2048 = CARTESIAN_POINT ( 'NONE',  ( 0.09215718595092937948, 0.9455234503999881968, -0.5781900994139952399 ) ) ;
#2049 = ORIENTED_EDGE ( 'NONE', *, *, #2252, .T. ) ;
#2050 = EDGE_LOOP ( 'NONE', ( #466, #770, #1644, #1016, #2310, #2176, #2307, #237, #2110 ) ) ;
#2051 = CARTESIAN_POINT ( 'NONE',  ( -0.05344551282051267227, 0.9484954281172642832, 0.3306089743589745167 ) ) ;
#2052 = CARTESIAN_POINT ( 'NONE',  ( -0.1789198978122030770, 0.9329992873346416582, -0.8281784228314711394 ) ) ;
#2053 = EDGE_CURVE ( 'NONE', #1676, #2861, #2374, .T. ) ;
#2054 = CARTESIAN_POINT ( 'NONE',  ( 0.000000000000000000, -8.673617379884035472E-16, 9.160000000000001918 ) ) ;
#2055 = CARTESIAN_POINT ( 'NONE',  ( -0.1193860514449007620, -0.9424685515838751027, 0.07667252696673650114 ) ) ;
#2056 = CARTESIAN_POINT ( 'NONE',  ( 0.02398998911675970583, -0.9497046578128929273, 0.02586639333900708423 ) ) ;
#2057 = CARTESIAN_POINT ( 'NONE',  ( -0.08537591501383491599, 0.9461567049520250849, 0.1112907460797649822 ) ) ;
#2058 = CARTESIAN_POINT ( 'NONE',  ( -0.05543338311893369896, -0.9483852582043417190, 0.06175814851551535839 ) ) ;
#2059 = CIRCLE ( 'NONE', #2826, 0.7500000000000000000 ) ;
#2060 = CARTESIAN_POINT ( 'NONE',  ( -0.2056097941462921574, 0.9275024677966885456, 0.1000868480472092148 ) ) ;
#2061 = FILL_AREA_STYLE ('',( #641 ) ) ;
#2062 = STYLED_ITEM ( 'NONE', ( #2411 ), #1013 ) ;
#2063 = ORIENTED_EDGE ( 'NONE', *, *, #324, .T. ) ;
#2064 = CARTESIAN_POINT ( 'NONE',  ( -0.2491684950781052066, -0.9170356741695896430, -0.06310221011220973342 ) ) ;
#2065 = CARTESIAN_POINT ( 'NONE',  ( -0.1889423076923077149, 0.9310213769639800185, -0.7532051282051278607 ) ) ;
#2066 = AXIS2_PLACEMENT_3D ( 'NONE', #1681, #143, #123 ) ;
#2067 =( NAMED_UNIT ( * ) PLANE_ANGLE_UNIT ( ) SI_UNIT ( $, .RADIAN. ) );
#2068 = VERTEX_POINT ( 'NONE', #2329 ) ;
#2069 = AXIS2_PLACEMENT_3D ( 'NONE', #1014, #1249, #1727 ) ;
#2070 =( NAMED_UNIT ( * ) PLANE_ANGLE_UNIT ( ) SI_UNIT ( $, .RADIAN. ) );
#2071 = CARTESIAN_POINT ( 'NONE',  ( 0.02112417123979504208, 0.9526527532088198136, 0.2692357208890874265 ) ) ;
#2072 = CARTESIAN_POINT ( 'NONE',  ( -0.1666323477116838370, -0.9352774836128177061, 0.4178985663558277275 ) ) ;
#2073 = VECTOR ( 'NONE', #1480, 1000.000000000000000 ) ;
#2074 = CARTESIAN_POINT ( 'NONE',  ( -0.1217369835202286726, -0.9421707501376443972, 0.08147878248912061860 ) ) ;
#2075 = CARTESIAN_POINT ( 'NONE',  ( 0.02948717948717948303, 0.9495422614322601707, -0.8898237179487176185 ) ) ;
#2076 = CARTESIAN_POINT ( 'NONE',  ( -0.02289941274213911152, 0.9497708231766290865, 0.1649717793762998930 ) ) ;
#2077 = B_SPLINE_CURVE_WITH_KNOTS ( 'NONE', 3,
 ( #751, #1449, #1216, #2156, #77, #2530, #1049, #841 ),
 .UNSPECIFIED., .F., .F.,
 ( 4, 2, 2, 4 ),
 ( 0.000000000000000000, 4.968012963727507522E-05, 9.936025927455015045E-05, 0.0001987205185491003009 ),
 .UNSPECIFIED. ) ;
#2078 = CARTESIAN_POINT ( 'NONE',  ( -0.04319960993991002474, -0.9490172778727620218, 0.07839922069850918662 ) ) ;
#2079 = EDGE_CURVE ( 'NONE', #2942, #2038, #2498, .T. ) ;
#2080 = AXIS2_PLACEMENT_3D ( 'NONE', #2809, #209, #2323 ) ;
#2081 = UNCERTAINTY_MEASURE_WITH_UNIT (LENGTH_MEASURE( 1.000000000000000082E-05 ), #1949, 'distance_accuracy_value', 'NONE');
#2082 = CARTESIAN_POINT ( 'NONE',  ( 0.06333334188449371571, 0.9479175453957733311, -0.04027595801752768823 ) ) ;
#2083 = B_SPLINE_CURVE_WITH_KNOTS ( 'NONE', 3,
 ( #1382, #717, #1196, #3, #1894, #926, #488, #2133 ),
 .UNSPECIFIED., .F., .F.,
 ( 4, 2, 2, 4 ),
 ( 0.000000000000000000, 7.865707772632535147E-05, 0.0001573141554526507029, 0.0003146283109053014601 ),
 .UNSPECIFIED. ) ;
#2084 = B_SPLINE_CURVE_WITH_KNOTS ( 'NONE', 3,
 ( #388, #619, #2499, #1328, #1794, #1545, #1780, #2281, #839, #2065 ),
 .UNSPECIFIED., .F., .F.,
 ( 4, 3, 3, 4 ),
 ( 0.000000000000000000, 4.317753597222153046E-05, 6.512044127327197812E-05, 8.725682547805848656E-05 ),
 .UNSPECIFIED. ) ;
#2085 = CARTESIAN_POINT ( 'NONE',  ( -0.1210737179487177823, -0.9422532328530761614, 0.02820512820512834778 ) ) ;
#2086 = VERTEX_POINT ( 'NONE', #906 ) ;
#2087 = ORIENTED_EDGE ( 'NONE', *, *, #2598, .F. ) ;
#2088 = DIRECTION ( 'NONE',  ( 1.000000000000000000, 0.000000000000000000, -0.000000000000000000 ) ) ;
#2089 = CARTESIAN_POINT ( 'NONE',  ( -0.02675465016409125235, 0.9496231824753649242, 0.08730608302412881661 ) ) ;
#2090 = CARTESIAN_POINT ( 'NONE',  ( 0.01794871794871810700, -0.9498304288261129047, 0.3463141025641027215 ) ) ;
#2091 = CARTESIAN_POINT ( 'NONE',  ( -0.2670098042368138080, 0.9117474950569381953, -0.04488915949307113046 ) ) ;
#2092 = EDGE_CURVE ( 'NONE', #568, #2584, #48, .T. ) ;
#2093 = B_SPLINE_CURVE_WITH_KNOTS ( 'NONE', 3,
 ( #2912, #1720, #252, #2678, #2346, #22, #1167, #944, #719, #1652, #2600, #492, #1319 ),
 .UNSPECIFIED., .F., .F.,
 ( 4, 3, 3, 3, 4 ),
 ( 0.000000000000000000, 3.859246335498857307E-05, 7.280609183979880761E-05, 0.0001016006603942271535, 0.0001285041912112130024 ),
 .UNSPECIFIED. ) ;
#2094 = VERTEX_POINT ( 'NONE', #1171 ) ;
#2095 = CARTESIAN_POINT ( 'NONE',  ( 0.1003482663407207071, 0.9446860580140757913, -0.5505373632288558250 ) ) ;
#2096 = CARTESIAN_POINT ( 'NONE',  ( -0.1176185378658000380, -0.9426909080228295101, 0.04074988151977716744 ) ) ;
#2097 = SURFACE_STYLE_USAGE ( .BOTH. , #451 ) ;
#2098 = CARTESIAN_POINT ( 'NONE',  ( 0.02948717948717948303, -0.9495422614322601707, -0.8898237179487176185 ) ) ;
#2099 = SURFACE_SIDE_STYLE ('',( #2836 ) ) ;
#2100 = ORIENTED_EDGE ( 'NONE', *, *, #2338, .F. ) ;
#2101 = CARTESIAN_POINT ( 'NONE',  ( -0.05839026575368650579, 0.9482038688306664298, 0.1457488221647426363 ) ) ;
#2102 = CARTESIAN_POINT ( 'NONE',  ( -0.1150928127041038612, 0.9430066884726541199, 0.3956239190124102856 ) ) ;
#2103 = CARTESIAN_POINT ( 'NONE',  ( 0.000000000000000000, 0.000000000000000000, 0.000000000000000000 ) ) ;
#2104 = CARTESIAN_POINT ( 'NONE',  ( -0.04553112960663685538, 0.9492380757596493579, -0.8189525958930526928 ) ) ;
#2105 = CARTESIAN_POINT ( 'NONE',  ( -0.1880636294125572761, -0.9311992650836034002, 0.2969432823597121240 ) ) ;
#2106 = EDGE_CURVE ( 'NONE', #1136, #2904, #2759, .T. ) ;
#2107 = AXIS2_PLACEMENT_3D ( 'NONE', #1700, #1941, #2423 ) ;
#2108 = B_SPLINE_CURVE_WITH_KNOTS ( 'NONE', 3,
 ( #1590, #1356, #1556, #2885, #1690, #1651, #1182, #1228, #281, #55, #2824, #2345, #2105, #570, #326, #151 ),
 .UNSPECIFIED., .F., .F.,
 ( 4, 3, 3, 3, 3, 4 ),
 ( 0.000000000000000000, 2.068729768140058017E-05, 4.146564885644954418E-05, 6.119910409666586568E-05, 8.401866900971979553E-05, 9.537548803894077684E-05 ),
 .UNSPECIFIED. ) ;
#2109 = CARTESIAN_POINT ( 'NONE',  ( -0.1587421148991527142, 0.9367652376613256893, -0.3939830199546398015 ) ) ;
#2110 = ORIENTED_EDGE ( 'NONE', *, *, #1797, .T. ) ;
#2111 = CARTESIAN_POINT ( 'NONE',  ( 0.09487179487179507598, 0.9452509415693823858, 0.2846153846153848810 ) ) ;
#2112 = EDGE_CURVE ( 'NONE', #1875, #1433, #1392, .T. ) ;
#2113 = MECHANICAL_DESIGN_GEOMETRIC_PRESENTATION_REPRESENTATION (  '', ( #978 ), #2872 ) ;
#2114 = VERTEX_POINT ( 'NONE', #1624 ) ;
#2115 = CARTESIAN_POINT ( 'NONE',  ( -0.1316915683368085344, -0.9408376000642248993, 0.3091707586710244482 ) ) ;
#2116 = CARTESIAN_POINT ( 'NONE',  ( -0.2295269685833188911, 0.9218683168620035451, 0.3246874672559956210 ) ) ;
#2117 = CIRCLE ( 'NONE', #1180, 0.2999999999999999889 ) ;
#2118 = PRESENTATION_STYLE_ASSIGNMENT (( #960 ) ) ;
#2119 = COLOUR_RGB ( '',0.8313725490196077761, 0.8313725490196077761, 0.8196078431372548767 ) ;
#2120 = VERTEX_POINT ( 'NONE', #1405 ) ;
#2121 = SURFACE_SIDE_STYLE ('',( #500 ) ) ;
#2122 = CARTESIAN_POINT ( 'NONE',  ( 0.000000000000000000, 0.000000000000000000, -1.949999999999999956 ) ) ;
#2123 = DIRECTION ( 'NONE',  ( -1.000000000000000000, 0.000000000000000000, 0.000000000000000000 ) ) ;
#2124 = DIRECTION ( 'NONE',  ( -1.000000000000000000, 0.000000000000000000, 0.000000000000000000 ) ) ;
#2125 = ORIENTED_EDGE ( 'NONE', *, *, #2465, .T. ) ;
#2126 = CYLINDRICAL_SURFACE ( 'NONE', #1181, 0.2999999999999999889 ) ;
#2127 = ORIENTED_EDGE ( 'NONE', *, *, #1262, .T. ) ;
#2128 = ADVANCED_FACE ( 'NONE', ( #29, #1155 ), #2850, .T. ) ;
#2129 =( NAMED_UNIT ( * ) SI_UNIT ( $, .STERADIAN. ) SOLID_ANGLE_UNIT ( ) );
#2130 = LINE ( 'NONE', #2851, #1618 ) ;
#2131 = CARTESIAN_POINT ( 'NONE',  ( 0.000000000000000000, 0.000000000000000000, -1.749999999999999778 ) ) ;
#2132 = ORIENTED_EDGE ( 'NONE', *, *, #218, .F. ) ;
#2133 = CARTESIAN_POINT ( 'NONE',  ( -0.1024038461538461092, 0.9444646379261106839, -0.6897435897435899577 ) ) ;
#2134 = APPLICATION_PROTOCOL_DEFINITION ( 'draft international standard', 'automotive_design', 1998, #2226 ) ;
#2135 = ORIENTED_EDGE ( 'NONE', *, *, #2279, .F. ) ;
#2136 = CARTESIAN_POINT ( 'NONE',  ( -0.2096080178211882639, 0.9266931799594528840, 0.1797418952469249931 ) ) ;
#2137 = ORIENTED_EDGE ( 'NONE', *, *, #2279, .T. ) ;
#2138 = CARTESIAN_POINT ( 'NONE',  ( 0.7500000000000000000, 1.040949779275250140E-16, 1.949999999999999956 ) ) ;
#2139 =( NAMED_UNIT ( * ) SI_UNIT ( $, .STERADIAN. ) SOLID_ANGLE_UNIT ( ) );
#2140 = EDGE_CURVE ( 'NONE', #283, #2019, #509, .T. ) ;
#2141 = ORIENTED_EDGE ( 'NONE', *, *, #1868, .T. ) ;
#2142 = CARTESIAN_POINT ( 'NONE',  ( -0.2333333333333333648, 0.9208993189027536719, -0.9974358974358968899 ) ) ;
#2143 = CARTESIAN_POINT ( 'NONE',  ( 0.09876885602018040111, -0.9448516884036479713, 0.07064788355529290353 ) ) ;
#2144 = CARTESIAN_POINT ( 'NONE',  ( -0.1993192473873826032, 0.9288777598724250462, -0.07781123972551109991 ) ) ;
#2145 = SURFACE_SIDE_STYLE ('',( #1631 ) ) ;
#2146 = EDGE_CURVE ( 'NONE', #2849, #15, #3024, .T. ) ;
#2147 = VERTEX_POINT ( 'NONE', #1497 ) ;
#2148 = CARTESIAN_POINT ( 'NONE',  ( -0.3051282051282049879, 0.8996648144921751689, 0.04991987179487193671 ) ) ;
#2149 = ORIENTED_EDGE ( 'NONE', *, *, #2812, .T. ) ;
#2150 = CARTESIAN_POINT ( 'NONE',  ( -0.07086357613331610572, -0.9474159865221066790, 0.1344190852233834998 ) ) ;
#2151 = AXIS2_PLACEMENT_3D ( 'NONE', #62, #96, #487 ) ;
#2152 = VERTEX_POINT ( 'NONE', #2936 ) ;
#2153 = FACE_OUTER_BOUND ( 'NONE', #1899, .T. ) ;
#2154 = CARTESIAN_POINT ( 'NONE',  ( -0.006600714438238803466, -0.9499808891486575257, 0.08965603321819753946 ) ) ;
#2155 = COLOUR_RGB ( '',1.000000000000000000, 0.4549019607843137192, 0.4352941176470588314 ) ;
#2156 = CARTESIAN_POINT ( 'NONE',  ( 0.02176305962071893932, -0.9497764235202704741, -0.4354247814305860498 ) ) ;
#2157 = ORIENTED_EDGE ( 'NONE', *, *, #2631, .F. ) ;
#2158 = CIRCLE ( 'NONE', #21, 0.9499999999999999556 ) ;
#2159 = CARTESIAN_POINT ( 'NONE',  ( -0.1681089743589742058, -0.9350076859256152284, 0.4948717948717950565 ) ) ;
#2160 = CARTESIAN_POINT ( 'NONE',  ( -0.2536858974358973118, 0.9155017561109008994, 0.4665064102564104309 ) ) ;
#2161 =( GEOMETRIC_REPRESENTATION_CONTEXT ( 3 ) GLOBAL_UNCERTAINTY_ASSIGNED_CONTEXT ( ( #460 ) ) GLOBAL_UNIT_ASSIGNED_CONTEXT ( ( #2748, #1776, #170 ) ) REPRESENTATION_CONTEXT ( 'NONE', 'WORKASPACE' ) );
#2162 = DIRECTION ( 'NONE',  ( 0.000000000000000000, -1.000000000000000000, 0.000000000000000000 ) ) ;
#2163 = CARTESIAN_POINT ( 'NONE',  ( -0.2237068645310519854, -0.9233005695143152725, 0.08797246971835939733 ) ) ;
#2164 = STYLED_ITEM ( 'NONE', ( #2489 ), #2021 ) ;
#2165 = CARTESIAN_POINT ( 'NONE',  ( 0.000000000000000000, 0.000000000000000000, -3.403937756669170867 ) ) ;
#2166 = EDGE_CURVE ( 'NONE', #2618, #15, #1296, .T. ) ;
#2167 = ORIENTED_EDGE ( 'NONE', *, *, #1283, .T. ) ;
#2168 = CARTESIAN_POINT ( 'NONE',  ( -0.2251053604513622297, -0.9229518108360038608, 0.3961968038829876138 ) ) ;
#2169 = VERTEX_POINT ( 'NONE', #100 ) ;
#2170 = UNCERTAINTY_MEASURE_WITH_UNIT (LENGTH_MEASURE( 1.000000000000000082E-05 ), #2718, 'distance_accuracy_value', 'NONE');
#2171 = ORIENTED_EDGE ( 'NONE', *, *, #1890, .T. ) ;
#2172 = CARTESIAN_POINT ( 'NONE',  ( -0.09863782051282046770, 0.9448653768471362291, -0.3871794871794873028 ) ) ;
#2173 = CARTESIAN_POINT ( 'NONE',  ( -0.05925046447531265303, 0.9481891702182004833, -0.6873488651961529028 ) ) ;
#2174 = CARTESIAN_POINT ( 'NONE',  ( -0.3025104088606815345, 0.9005484176226062898, 0.3886470680279286993 ) ) ;
#2175 = CARTESIAN_POINT ( 'NONE',  ( 0.000000000000000000, 0.000000000000000000, -3.403937756669170867 ) ) ;
#2176 = ORIENTED_EDGE ( 'NONE', *, *, #1341, .T. ) ;
#2177 = ADVANCED_FACE ( 'NONE', ( #817 ), #135, .T. ) ;
#2178 = DIRECTION ( 'NONE',  ( 1.000000000000000000, 0.000000000000000000, 0.000000000000000000 ) ) ;
#2179 = LINE ( 'NONE', #101, #2364 ) ;
#2180 = EDGE_LOOP ( 'NONE', ( #584, #550, #2920, #2632 ) ) ;
#2181 = SURFACE_SIDE_STYLE ('',( #1483 ) ) ;
#2182 = EDGE_CURVE ( 'NONE', #1752, #2444, #33, .T. ) ;
#2183 = ORIENTED_EDGE ( 'NONE', *, *, #1205, .F. ) ;
#2184 = CARTESIAN_POINT ( 'NONE',  ( -0.3051282051282049879, 0.8996648144921751689, 0.04991987179487193671 ) ) ;
#2185 = CARTESIAN_POINT ( 'NONE',  ( 0.03295565725587291245, -0.9494282333922438033, -0.9302988223423160896 ) ) ;
#2186 = CARTESIAN_POINT ( 'NONE',  ( 0.09981100352072941329, 0.9447421868933738587, 0.05918272035585120383 ) ) ;
#2187 = ORIENTED_EDGE ( 'NONE', *, *, #1473, .F. ) ;
#2188 = CARTESIAN_POINT ( 'NONE',  ( -0.2728155833683004738, 0.9100195704650226869, 0.2686185721978678331 ) ) ;
#2189 = CARTESIAN_POINT ( 'NONE',  ( -0.1153846153846152522, 0.9429668024551788319, 0.05873397435897449725 ) ) ;
#2190 = CARTESIAN_POINT ( 'NONE',  ( 0.09999999999999999167, -0.9447221813845592120, -0.9276442307692305267 ) ) ;
#2191 = CARTESIAN_POINT ( 'NONE',  ( -0.1024038461538461092, -0.9444646379261106839, -0.6897435897435899577 ) ) ;
#2192 = DIRECTION ( 'NONE',  ( -0.000000000000000000, -0.000000000000000000, -1.000000000000000000 ) ) ;
#2193 = VERTEX_POINT ( 'NONE', #118 ) ;
#2194 = CARTESIAN_POINT ( 'NONE',  ( -0.2232081473214155010, 0.9234057195889144865, 0.1746110610745596758 ) ) ;
#2195 = CARTESIAN_POINT ( 'NONE',  ( -0.004908138200918113134, -0.9499902129614259394, 0.1665813646958546335 ) ) ;
#2196 = CARTESIAN_POINT ( 'NONE',  ( -0.04481558078267183776, 0.9489423395124773064, 0.4178122573773574433 ) ) ;
#2197 = ORIENTED_EDGE ( 'NONE', *, *, #832, .T. ) ;
#2198 = LINE ( 'NONE', #107, #1176 ) ;
#2199 = EDGE_CURVE ( 'NONE', #2703, #305, #829, .T. ) ;
#2200 = CARTESIAN_POINT ( 'NONE',  ( 0.03274199118246460399, -0.9494356018253192753, -0.9244866528771318315 ) ) ;
#2201 = PRESENTATION_LAYER_ASSIGNMENT (  '', '', ( #1330 ) ) ;
#2202 = ORIENTED_EDGE ( 'NONE', *, *, #1606, .F. ) ;
#2203 = FACE_OUTER_BOUND ( 'NONE', #2970, .T. ) ;
#2204 = DIRECTION ( 'NONE',  ( -0.000000000000000000, -0.000000000000000000, 1.000000000000000000 ) ) ;
#2205 = CIRCLE ( 'NONE', #889, 0.9499999999999999556 ) ;
#2206 = CARTESIAN_POINT ( 'NONE',  ( -0.09377990951131735808, 0.9453996907017457874, -0.6896942046369186619 ) ) ;
#2207 = CARTESIAN_POINT ( 'NONE',  ( -0.2271133734927642811, -0.9224654255085574794, -0.5517810692068096934 ) ) ;
#2208 = CARTESIAN_POINT ( 'NONE',  ( -0.2668647531568910103, -0.9119659967173120441, -0.6240312937968633955 ) ) ;
#2209 = CIRCLE ( 'NONE', #894, 0.9499999999999999556 ) ;
#2210 = DIRECTION ( 'NONE',  ( 1.000000000000000000, 0.000000000000000000, 0.000000000000000000 ) ) ;
#2211 = CARTESIAN_POINT ( 'NONE',  ( 0.000000000000000000, 0.000000000000000000, 1.949999999999999956 ) ) ;
#2212 = ORIENTED_EDGE ( 'NONE', *, *, #473, .F. ) ;
#2213 = CARTESIAN_POINT ( 'NONE',  ( 0.09749033067336075609, 0.9449851451989875750, -0.8768416088632051686 ) ) ;
#2214 = ORIENTED_EDGE ( 'NONE', *, *, #2338, .T. ) ;
#2215 = PRESENTATION_LAYER_ASSIGNMENT (  '', '', ( #1384 ) ) ;
#2216 = DIRECTION ( 'NONE',  ( 1.000000000000000000, 0.000000000000000000, 0.000000000000000000 ) ) ;
#2217 = EDGE_CURVE ( 'NONE', #1422, #2483, #163, .T. ) ;
#2218 = ORIENTED_EDGE ( 'NONE', *, *, #2889, .T. ) ;
#2219 = PLANE ( 'NONE',  #1978 ) ;
#2220 = DIRECTION ( 'NONE',  ( -0.000000000000000000, -0.000000000000000000, -1.000000000000000000 ) ) ;
#2221 = B_SPLINE_CURVE_WITH_KNOTS ( 'NONE', 3,
 ( #730, #52, #1862, #1160, #2820, #1662, #1630, #472, #2102, #1397, #2610, #1425, #2391, #740, #2337, #1411 ),
 .UNSPECIFIED., .F., .F.,
 ( 4, 3, 3, 3, 3, 4 ),
 ( 0.000000000000000000, 3.342378409169769940E-05, 5.019351533292942461E-05, 6.684372229561235583E-05, 8.464581666754408297E-05, 9.668904871708040036E-05 ),
 .UNSPECIFIED. ) ;
#2222 = EDGE_CURVE ( 'NONE', #2362, #2940, #639, .T. ) ;
#2223 = CARTESIAN_POINT ( 'NONE',  ( -0.2384615384615383082, -0.9195847403445516210, 0.05152243589743604052 ) ) ;
#2224 = B_SPLINE_CURVE_WITH_KNOTS ( 'NONE', 3,
 ( #409, #2742, #2802, #1350, #3014, #2286, #2029, #1335, #2789, #679, #664, #1599, #2271, #625, #2072, #1551 ),
 .UNSPECIFIED., .F., .F.,
 ( 4, 3, 3, 3, 3, 4 ),
 ( 0.000000000000000000, 2.450757248742076153E-05, 4.540135803287519232E-05, 6.336075639344640204E-05, 8.741172121349451824E-05, 9.688906317214156314E-05 ),
 .UNSPECIFIED. ) ;
#2225 = SURFACE_SIDE_STYLE ('',( #567 ) ) ;
#2226 = APPLICATION_CONTEXT ( 'automotive_design' ) ;
#2227 = CARTESIAN_POINT ( 'NONE',  ( -0.08002558897105019331, 0.9468313889513920723, -0.6125070445319036327 ) ) ;
#2228 = ORIENTED_EDGE ( 'NONE', *, *, #2520, .T. ) ;
#2229 = B_SPLINE_CURVE_WITH_KNOTS ( 'NONE', 3,
 ( #1625, #2575, #3012, #890, #2298, #1377, #2312, #1826, #2787, #2027 ),
 .UNSPECIFIED., .F., .F.,
 ( 4, 3, 3, 4 ),
 ( 1.533293416683374186E-19, 2.937598859114445496E-05, 5.687196713339779926E-05, 8.491456543961603499E-05 ),
 .UNSPECIFIED. ) ;
#2230 = ORIENTED_EDGE ( 'NONE', *, *, #2166, .F. ) ;
#2231 = FACE_OUTER_BOUND ( 'NONE', #376, .T. ) ;
#2232 = CARTESIAN_POINT ( 'NONE',  ( -0.03950719886575621009, -0.9491781609570366651, 0.3668848656883417769 ) ) ;
#2233 = CARTESIAN_POINT ( 'NONE',  ( 0.09999999999999999167, -0.9447221813845592120, -0.9276442307692305267 ) ) ;
#2234 = ORIENTED_EDGE ( 'NONE', *, *, #2578, .T. ) ;
#2235 = SURFACE_SIDE_STYLE ('',( #1304 ) ) ;
#2236 = CARTESIAN_POINT ( 'NONE',  ( -0.01692184176312734947, -0.9498861493607780870, -0.6782079134168408352 ) ) ;
#2237 = FACE_OUTER_BOUND ( 'NONE', #102, .T. ) ;
#2238 = EDGE_CURVE ( 'NONE', #2629, #2861, #3028, .T. ) ;
#2239 = DIRECTION ( 'NONE',  ( 1.000000000000000000, 0.000000000000000000, 0.000000000000000000 ) ) ;
#2240 = CARTESIAN_POINT ( 'NONE',  ( 0.02018865770740247909, -0.9497854589853366170, 0.02243260001371443282 ) ) ;
#2241 = CARTESIAN_POINT ( 'NONE',  ( -0.1001602564102564014, 0.9447052043022901024, -0.8179487179487175963 ) ) ;
#2242 = ADVANCED_FACE ( 'NONE', ( #1133 ), #2429, .T. ) ;
#2243 = DIRECTION ( 'NONE',  ( 0.000000000000000000, -1.000000000000000000, 0.000000000000000000 ) ) ;
#2244 = EDGE_LOOP ( 'NONE', ( #462, #190, #73, #704 ) ) ;
#2245 = CARTESIAN_POINT ( 'NONE',  ( 0.09918598417632246145, 0.9448081629561873029, -0.8958240113664395210 ) ) ;
#2246 = ORIENTED_EDGE ( 'NONE', *, *, #2199, .F. ) ;
#2247 = DIRECTION ( 'NONE',  ( 0.000000000000000000, 0.000000000000000000, -1.000000000000000000 ) ) ;
#2248 = VERTEX_POINT ( 'NONE', #1805 ) ;
#2249 = CARTESIAN_POINT ( 'NONE',  ( 0.000000000000000000, -3.550000000000000266, 10.16000000000000014 ) ) ;
#2250 = CARTESIAN_POINT ( 'NONE',  ( -0.1946688633026154858, 0.9298718271150380188, 0.4153513313023922682 ) ) ;
#2251 = CARTESIAN_POINT ( 'NONE',  ( -0.02528819361649391542, -0.9496633652319199648, -0.6805145487695680728 ) ) ;
#2252 = EDGE_CURVE ( 'NONE', #2114, #158, #2947, .T. ) ;
#2253 = CARTESIAN_POINT ( 'NONE',  ( -0.2995925902175042843, 0.9015243349813926166, -0.8993648425683271608 ) ) ;
#2254 = B_SPLINE_CURVE_WITH_KNOTS ( 'NONE', 3,
 ( #2268, #1094, #389, #2500, #1315, #630, #1347, #2037, #2487, #2233 ),
 .UNSPECIFIED., .F., .F.,
 ( 4, 3, 3, 4 ),
 ( 1.117570019170468128E-19, 1.911293728502992995E-05, 3.819611507556382223E-05, 7.628121036563918474E-05 ),
 .UNSPECIFIED. ) ;
#2255 = CARTESIAN_POINT ( 'NONE',  ( -0.2742579617323151475, 0.9095507519794796547, -0.8144359446880878872 ) ) ;
#2256 = PRESENTATION_LAYER_ASSIGNMENT (  '', '', ( #978 ) ) ;
#2257 = UNCERTAINTY_MEASURE_WITH_UNIT (LENGTH_MEASURE( 1.000000000000000082E-05 ), #1954, 'distance_accuracy_value', 'NONE');
#2258 = EDGE_CURVE ( 'NONE', #329, #2813, #1938, .T. ) ;
#2259 = CIRCLE ( 'NONE', #941, 0.9499999999999999556 ) ;
#2260 = DIRECTION ( 'NONE',  ( -0.000000000000000000, -0.000000000000000000, 1.000000000000000000 ) ) ;
#2261 = ORIENTED_EDGE ( 'NONE', *, *, #1695, .F. ) ;
#2262 = DIRECTION ( 'NONE',  ( 0.000000000000000000, -1.202998249637175352E-16, -1.000000000000000000 ) ) ;
#2263 = CARTESIAN_POINT ( 'NONE',  ( 0.1051282051282051849, -0.9441652718070718819, -0.5005608974358976004 ) ) ;
#2264 = B_SPLINE_CURVE_WITH_KNOTS ( 'NONE', 3,
 ( #1691, #746, #2628, #732, #552, #1260, #1725, #2381, #1911, #1442 ),
 .UNSPECIFIED., .F., .F.,
 ( 4, 3, 3, 4 ),
 ( 0.000000000000000000, 7.813754338701338838E-06, 1.563017673329805825E-05, 3.117770489643374742E-05 ),
 .UNSPECIFIED. ) ;
#2265 = COLOUR_RGB ( '',0.8313725490196077761, 0.8313725490196077761, 0.8196078431372548767 ) ;
#2266 = EDGE_LOOP ( 'NONE', ( #1730, #2645, #1482, #3043 ) ) ;
#2267 = CARTESIAN_POINT ( 'NONE',  ( -0.04913508940148714199, -0.9487383104583638760, 0.3380797856899164233 ) ) ;
#2268 = CARTESIAN_POINT ( 'NONE',  ( 0.09238782051282053154, -0.9454969543160309797, -0.8519230769230765610 ) ) ;
#2269 = DIRECTION ( 'NONE',  ( 0.000000000000000000, -1.000000000000000000, -6.802837160693362624E-16 ) ) ;
#2270 = CARTESIAN_POINT ( 'NONE',  ( -0.2081256919521654869, 0.9269216236274253617, 0.3049302240604106484 ) ) ;
#2271 = CARTESIAN_POINT ( 'NONE',  ( -0.1603103275356210777, -0.9363763126465253217, 0.4175955365984240220 ) ) ;
#2272 = CIRCLE ( 'NONE', #2841, 0.2999999999999999889 ) ;
#2273 = CARTESIAN_POINT ( 'NONE',  ( -0.3044581720947818204, 0.8998920613218541753, -0.4727224672945541384 ) ) ;
#2274 = CARTESIAN_POINT ( 'NONE',  ( -0.05344551282051267227, -0.9484954281172642832, 0.3306089743589745167 ) ) ;
#2275 = CARTESIAN_POINT ( 'NONE',  ( -0.2891626050058082043, 0.9049259927158553873, -0.8456262378030163784 ) ) ;
#2276 = CARTESIAN_POINT ( 'NONE',  ( -0.1808816330870301747, 0.9326396279511923737, 0.1050184093285535525 ) ) ;
#2277 = CARTESIAN_POINT ( 'NONE',  ( 0.09969823824548941504, 0.9447540745033841114, -0.9085500154272535545 ) ) ;
#2278 = CARTESIAN_POINT ( 'NONE',  ( 0.06625380850630493978, -0.9478923237853247308, -0.3759414774290453232 ) ) ;
#2279 = EDGE_CURVE ( 'NONE', #2934, #2019, #757, .T. ) ;
#2280 = EDGE_LOOP ( 'NONE', ( #1762, #809, #1515, #1459 ) ) ;
#2281 = CARTESIAN_POINT ( 'NONE',  ( -0.1750224559206134400, 0.9337661082868589091, -0.7490070486853167564 ) ) ;
#2282 = EDGE_CURVE ( 'NONE', #2328, #1667, #1379, .T. ) ;
#2283 = VERTEX_POINT ( 'NONE', #53 ) ;
#2284 = SURFACE_SIDE_STYLE ('',( #1809 ) ) ;
#2285 = CARTESIAN_POINT ( 'NONE',  ( -0.05298359637202434969, -0.9514127586502081346, 0.2537809511047254274 ) ) ;
#2286 = CARTESIAN_POINT ( 'NONE',  ( -0.1167699763230782978, -0.9428099292263747433, 0.3979814509916886900 ) ) ;
#2287 = CARTESIAN_POINT ( 'NONE',  ( -0.2072999972993954387, 0.9279914815233775149, -0.3228985535845663724 ) ) ;
#2288 = CARTESIAN_POINT ( 'NONE',  ( -0.1697916666666665075, 0.9347035839936399526, 0.4179487179487181292 ) ) ;
#2289 = CARTESIAN_POINT ( 'NONE',  ( 0.01372902118592697618, 0.9499086042868718494, 0.08504075951577035053 ) ) ;
#2290 = UNCERTAINTY_MEASURE_WITH_UNIT (LENGTH_MEASURE( 1.000000000000000082E-05 ), #1687, 'distance_accuracy_value', 'NONE');
#2291 = ORIENTED_EDGE ( 'NONE', *, *, #2578, .F. ) ;
#2292 = CARTESIAN_POINT ( 'NONE',  ( 0.09867671153590124034, 0.9448633903501548748, -0.5575705489912419210 ) ) ;
#2293 = DIRECTION ( 'NONE',  ( 0.000000000000000000, -0.000000000000000000, 1.000000000000000000 ) ) ;
#2294 = CARTESIAN_POINT ( 'NONE',  ( -0.03846153846153831796, 0.9492211070447030830, 0.3799679487179488668 ) ) ;
#2295 = ORIENTED_EDGE ( 'NONE', *, *, #1245, .F. ) ;
#2296 = EDGE_CURVE ( 'NONE', #2435, #736, #1232, .T. ) ;
#2297 = CARTESIAN_POINT ( 'NONE',  ( -0.1304262069492326537, 0.9410204908708377225, 0.3102423436114377653 ) ) ;
#2298 = CARTESIAN_POINT ( 'NONE',  ( -0.2302862430422914775, -0.9216972990410363664, -0.7721294765450489317 ) ) ;
#2299 = CARTESIAN_POINT ( 'NONE',  ( -0.3051282051282050989, 0.8996648144921751689, -0.4994391025641026771 ) ) ;
#2300 = CARTESIAN_POINT ( 'NONE',  ( 0.03333333333333351328, 0.9494150245750743178, 0.05160256410256423149 ) ) ;
#2301 = CARTESIAN_POINT ( 'NONE',  ( -0.1262766167396704442, -0.9416035880828244053, 0.1679872922834342863 ) ) ;
#2302 = MECHANICAL_DESIGN_GEOMETRIC_PRESENTATION_REPRESENTATION (  '', ( #357 ), #2567 ) ;
#2303 = CARTESIAN_POINT ( 'NONE',  ( 0.09960112240222966651, 0.9447646376323750594, 0.03815927808651651404 ) ) ;
#2304 = ORIENTED_EDGE ( 'NONE', *, *, #714, .T. ) ;
#2305 = CARTESIAN_POINT ( 'NONE',  ( 0.1044623127444814920, -0.9442394156812423667, -0.4739960683927343377 ) ) ;
#2306 = AXIS2_PLACEMENT_3D ( 'NONE', #793, #1993, #539 ) ;
#2307 = ORIENTED_EDGE ( 'NONE', *, *, #541, .T. ) ;
#2308 = CARTESIAN_POINT ( 'NONE',  ( -0.2184522256723154254, -0.9251208292940743538, -0.07553395712060401168 ) ) ;
#2309 = CARTESIAN_POINT ( 'NONE',  ( -0.05897435897435880647, -0.9481677198595001022, 0.03541666666666680452 ) ) ;
#2310 = ORIENTED_EDGE ( 'NONE', *, *, #2735, .T. ) ;
#2311 = FILL_AREA_STYLE_COLOUR ( '', #2729 ) ;
#2312 = CARTESIAN_POINT ( 'NONE',  ( -0.2143944391819074813, -0.9254917743815306297, -0.7636921233855618052 ) ) ;
#2313 =( NAMED_UNIT ( * ) SI_UNIT ( $, .STERADIAN. ) SOLID_ANGLE_UNIT ( ) );
#2314 = CARTESIAN_POINT ( 'NONE',  ( 0.02948717948717948303, -0.9495422614322601707, -0.8898237179487176185 ) ) ;
#2315 = ADVANCED_FACE ( 'NONE', ( #264 ), #580, .T. ) ;
#2316 =( NAMED_UNIT ( * ) PLANE_ANGLE_UNIT ( ) SI_UNIT ( $, .RADIAN. ) );
#2317 = CARTESIAN_POINT ( 'NONE',  ( -0.1889423076923077149, -0.9310213769639800185, -0.7532051282051278607 ) ) ;
#2318 = AXIS2_PLACEMENT_3D ( 'NONE', #3036, #1804, #2550 ) ;
#2319 = DIRECTION ( 'NONE',  ( 1.000000000000000000, 0.000000000000000000, 0.000000000000000000 ) ) ;
#2320 = CARTESIAN_POINT ( 'NONE',  ( 0.000000000000000000, -1.000000000000000666, -10.16000000000000192 ) ) ;
#2321 = CIRCLE ( 'NONE', #993, 1.300000000000000711 ) ;
#2322 = VERTEX_POINT ( 'NONE', #134 ) ;
#2323 = DIRECTION ( 'NONE',  ( 0.000000000000000000, -1.000000000000000000, 0.000000000000000000 ) ) ;
#2324 = CARTESIAN_POINT ( 'NONE',  ( -0.2384615384615383082, -0.9195847403445516210, 0.05152243589743604052 ) ) ;
#2325 = CARTESIAN_POINT ( 'NONE',  ( -0.1188759357982090287, -0.9425330296006085851, 0.03569476153561082499 ) ) ;
#2326 = ORIENTED_EDGE ( 'NONE', *, *, #1165, .F. ) ;
#2327 = CARTESIAN_POINT ( 'NONE',  ( 0.000000000000000000, -3.550000000000000266, -10.16000000000000014 ) ) ;
#2328 = VERTEX_POINT ( 'NONE', #2960 ) ;
#2329 = CARTESIAN_POINT ( 'NONE',  ( 0.06402243589743610019, 0.9478402437656668900, 0.1392628205128206564 ) ) ;
#2330 = CARTESIAN_POINT ( 'NONE',  ( -0.05310346644709897090, 0.9485189767560509022, 0.06671853507542391259 ) ) ;
#2331 = CARTESIAN_POINT ( 'NONE',  ( -0.2735766609085925616, -0.9097621939302622529, -0.8131185152579690767 ) ) ;
#2332 = CARTESIAN_POINT ( 'NONE',  ( 0.05792643746273957311, -0.9482520016242124150, 0.1446962860753145397 ) ) ;
#2333 = CARTESIAN_POINT ( 'NONE',  ( -0.1863782051282049934, -0.9315380639851429390, -0.07948717948717937132 ) ) ;
#2334 = ORIENTED_EDGE ( 'NONE', *, *, #470, .T. ) ;
#2335 = FILL_AREA_STYLE ('',( #1859 ) ) ;
#2336 = CARTESIAN_POINT ( 'NONE',  ( -0.1004424037486963128, -0.9449042292405355203, 0.03060102275738867811 ) ) ;
#2337 = CARTESIAN_POINT ( 'NONE',  ( -0.1051985793489760845, 0.9441574359802969996, 0.3657127436925633468 ) ) ;
#2338 = EDGE_CURVE ( 'NONE', #2152, #2849, #2659, .T. ) ;
#2339 = B_SPLINE_CURVE_WITH_KNOTS ( 'NONE', 3,
 ( #1129, #2536, #1563, #428, #1849, #883, #2078, #166, #207, #386, #2058, #897, #2793, #1835, #1553, #2014 ),
 .UNSPECIFIED., .F., .F.,
 ( 4, 3, 3, 3, 3, 4 ),
 ( 0.000000000000000000, 2.138676015988012224E-05, 3.621585277165970893E-05, 5.114518133504727807E-05, 6.818121077961085028E-05, 8.305574586954274764E-05 ),
 .UNSPECIFIED. ) ;
#2340 =( NAMED_UNIT ( * ) PLANE_ANGLE_UNIT ( ) SI_UNIT ( $, .RADIAN. ) );
#2341 = CARTESIAN_POINT ( 'NONE',  ( 0.02057369670560248165, 0.9497771965065805455, 0.08032020552141361236 ) ) ;
#2342 = CARTESIAN_POINT ( 'NONE',  ( -0.0007211538461537750702, -0.9499997262826606059, -0.6718750000000001110 ) ) ;
#2343 = EDGE_CURVE ( 'NONE', #60, #971, #1115, .T. ) ;
#2344 = VERTEX_POINT ( 'NONE', #1955 ) ;
#2345 = CARTESIAN_POINT ( 'NONE',  ( -0.1953698276503484932, -0.9297237160692005675, 0.2986325753638940927 ) ) ;
#2346 = CARTESIAN_POINT ( 'NONE',  ( -0.1086459736673978660, 0.9437903656028309163, 0.1537596542370419095 ) ) ;
#2347 = CARTESIAN_POINT ( 'NONE',  ( -0.2380994945690552700, 0.9196786235287806033, -0.4866664018301640193 ) ) ;
#2348 = DIRECTION ( 'NONE',  ( 1.000000000000000000, 0.000000000000000000, 0.000000000000000000 ) ) ;
#2349 = ORIENTED_EDGE ( 'NONE', *, *, #914, .F. ) ;
#2350 = CARTESIAN_POINT ( 'NONE',  ( -0.2142919993740142193, 0.9255939163569470995, -0.7630952894079671145 ) ) ;
#2351 = CYLINDRICAL_SURFACE ( 'NONE', #2066, 0.9499999999999999556 ) ;
#2352 = ORIENTED_EDGE ( 'NONE', *, *, #2445, .F. ) ;
#2353 = B_SPLINE_CURVE_WITH_KNOTS ( 'NONE', 3,
 ( #1159, #1410, #544, #1424, #2371, #1437, #2595, #2654, #716, #81 ),
 .UNSPECIFIED., .F., .F.,
 ( 4, 3, 3, 4 ),
 ( 0.000000000000000000, 4.635436833093447521E-05, 6.943586680469715370E-05, 9.312048088133995940E-05 ),
 .UNSPECIFIED. ) ;
#2354 = CARTESIAN_POINT ( 'NONE',  ( -3.673940397442081685E-17, -1.000000000000000666, -10.46000000000000263 ) ) ;
#2355 = DIRECTION ( 'NONE',  ( 0.000000000000000000, -9.805962535134626294E-17, 1.000000000000000000 ) ) ;
#2356 = CARTESIAN_POINT ( 'NONE',  ( -0.2981271517896301182, 0.9020089807562569062, 0.004601534730477732996 ) ) ;
#2357 = CARTESIAN_POINT ( 'NONE',  ( 0.02948717948717948303, 0.9495422614322601707, -0.8898237179487176185 ) ) ;
#2358 = EDGE_LOOP ( 'NONE', ( #642, #1639, #2626, #1819, #2692, #387, #2838 ) ) ;
#2359 = EDGE_CURVE ( 'NONE', #2388, #1164, #594, .T. ) ;
#2360 = PRESENTATION_LAYER_ASSIGNMENT (  '', '', ( #357 ) ) ;
#2361 = CARTESIAN_POINT ( 'NONE',  ( -0.1814548805151161848, -0.9325209925118701504, -0.001927582669865713846 ) ) ;
#2362 = VERTEX_POINT ( 'NONE', #323 ) ;
#2363 = CARTESIAN_POINT ( 'NONE',  ( -0.1210737179487177823, 0.9422532328530769385, 0.02820512820512834778 ) ) ;
#2364 = VECTOR ( 'NONE', #520, 1000.000000000000000 ) ;
#2365 = VERTEX_POINT ( 'NONE', #1258 ) ;
#2366 = CARTESIAN_POINT ( 'NONE',  ( -0.1118473067993798892, 0.9433967261296104523, 0.3328811416898828646 ) ) ;
#2367 = CARTESIAN_POINT ( 'NONE',  ( 0.01202093797320578222, 0.9499501978077653508, 0.1659022775020931872 ) ) ;
#2368 = PRESENTATION_LAYER_ASSIGNMENT (  '', '', ( #271 ) ) ;
#2369 = ORIENTED_EDGE ( 'NONE', *, *, #1758, .T. ) ;
#2370 = PLANE ( 'NONE',  #1429 ) ;
#2371 = CARTESIAN_POINT ( 'NONE',  ( -0.2064980542352511383, -0.9273151018537415524, 0.4900446088428344615 ) ) ;
#2372 = CARTESIAN_POINT ( 'NONE',  ( 0.000000000000000000, -1.000000000000000666, 9.860000000000002984 ) ) ;
#2373 = CYLINDRICAL_SURFACE ( 'NONE', #1771, 0.2999999999999999334 ) ;
#2374 = CIRCLE ( 'NONE', #2733, 0.7000000000000009548 ) ;
#2375 = CARTESIAN_POINT ( 'NONE',  ( -0.1681089743589742058, 0.9350076859256152284, 0.4948717948717950565 ) ) ;
#2376 = AXIS2_PLACEMENT_3D ( 'NONE', #395, #2507, #1816 ) ;
#2377 = CARTESIAN_POINT ( 'NONE',  ( -0.1867449467661860540, -0.9314889901788955262, 0.1819167745514976009 ) ) ;
#2378 = ORIENTED_EDGE ( 'NONE', *, *, #2092, .F. ) ;
#2379 = COLOUR_RGB ( '',0.8313725490196077761, 0.8313725490196077761, 0.8196078431372548767 ) ;
#2380 =( BOUNDED_CURVE ( )  B_SPLINE_CURVE ( 3, ( #2547, #2770, #2285, #3031 ),
 .UNSPECIFIED., .F., .T. ) 
 B_SPLINE_CURVE_WITH_KNOTS ( ( 4, 4 ),
 ( 4.612357190932751649, 4.845882278593877324 ),
 .UNSPECIFIED. ) 
 CURVE ( )  GEOMETRIC_REPRESENTATION_ITEM ( )  RATIONAL_B_SPLINE_CURVE ( ( 1.000000000000000000, 0.9954606635539994253, 0.9954606635539994253, 1.000000000000000000 ) ) 
 REPRESENTATION_ITEM ( '' )  );
#2381 = CARTESIAN_POINT ( 'NONE',  ( -0.1181455581637501778, 0.9426254261382109867, 0.03814740340415567754 ) ) ;
#2382 = ORIENTED_EDGE ( 'NONE', *, *, #672, .F. ) ;
#2383 = EDGE_CURVE ( 'NONE', #3029, #1422, #156, .T. ) ;
#2384 = CARTESIAN_POINT ( 'NONE',  ( -0.03934537776766946354, -0.9491852947147687569, 0.4128117604244698202 ) ) ;
#2385 = CARTESIAN_POINT ( 'NONE',  ( -0.002564102564102377618, 0.9499965396663508921, 0.1666666666666667962 ) ) ;
#2386 = DIRECTION ( 'NONE',  ( 0.000000000000000000, -1.202998249637175352E-16, -1.000000000000000000 ) ) ;
#2387 = CARTESIAN_POINT ( 'NONE',  ( 0.05149333783665979714, -0.9486298207028680540, 0.1498763525780951178 ) ) ;
#2388 = VERTEX_POINT ( 'NONE', #1226 ) ;
#2389 = SURFACE_STYLE_FILL_AREA ( #1004 ) ;
#2390 = CARTESIAN_POINT ( 'NONE',  ( -0.2332993150468135601, 0.9209079383034036725, -0.9298451633305025998 ) ) ;
#2391 = CARTESIAN_POINT ( 'NONE',  ( -0.1062227028984633892, 0.9440427624790747041, 0.3738534195542852490 ) ) ;
#2392 = FACE_BOUND ( 'NONE', #782, .T. ) ;
#2393 = DIRECTION ( 'NONE',  ( -0.000000000000000000, -0.000000000000000000, -1.000000000000000000 ) ) ;
#2394 = CARTESIAN_POINT ( 'NONE',  ( -0.2710794057144207403, 0.9105673237845683943, 0.1426496980714634655 ) ) ;
#2395 = VERTEX_POINT ( 'NONE', #781 ) ;
#2396 = CARTESIAN_POINT ( 'NONE',  ( -0.3051282051282050989, -0.8996648144921751689, -0.4994391025641026771 ) ) ;
#2397 = ORIENTED_EDGE ( 'NONE', *, *, #980, .F. ) ;
#2398 = CARTESIAN_POINT ( 'NONE',  ( 0.04030364961471120944, 0.9491898377378360507, 0.1569178358366747073 ) ) ;
#2399 = CARTESIAN_POINT ( 'NONE',  ( 0.09143836335494459622, 0.9456136173995997041, 0.1019379010927874418 ) ) ;
#2400 = UNCERTAINTY_MEASURE_WITH_UNIT (LENGTH_MEASURE( 1.000000000000000082E-05 ), #1310, 'distance_accuracy_value', 'NONE');
#2401 = ADVANCED_FACE ( 'NONE', ( #804 ), #1704, .T. ) ;
#2402 = VERTEX_POINT ( 'NONE', #1585 ) ;
#2403 = CARTESIAN_POINT ( 'NONE',  ( -0.1295962115287307981, -0.9411243002155855741, 0.2608596012998664615 ) ) ;
#2404 = CARTESIAN_POINT ( 'NONE',  ( -0.2331866348778729447, 0.9209364762644242086, -0.9212667183903359147 ) ) ;
#2405 = CARTESIAN_POINT ( 'NONE',  ( -0.1833030638942445001, 0.9322758765014348414, 0.4944598856850644930 ) ) ;
#2406 = CARTESIAN_POINT ( 'NONE',  ( 0.000000000000000000, -0.2999999999999999889, 1.949999999999999956 ) ) ;
#2407 = ORIENTED_EDGE ( 'NONE', *, *, #563, .T. ) ;
#2408 = CARTESIAN_POINT ( 'NONE',  ( -0.2090269266001221760, -0.9275790244181149058, -0.6764958334572623855 ) ) ;
#2409 = VERTEX_POINT ( 'NONE', #1320 ) ;
#2410 = COLOUR_RGB ( '',1.000000000000000000, 0.4549019607843137192, 0.4352941176470588314 ) ;
#2411 = PRESENTATION_STYLE_ASSIGNMENT (( #2916 ) ) ;
#2412 = VERTEX_POINT ( 'NONE', #2288 ) ;
#2413 = DIRECTION ( 'NONE',  ( 1.000000000000000000, 0.000000000000000000, 0.000000000000000000 ) ) ;
#2414 = VECTOR ( 'NONE', #74, 1000.000000000000000 ) ;
#2415 = VERTEX_POINT ( 'NONE', #411 ) ;
#2416 = CYLINDRICAL_SURFACE ( 'NONE', #1818, 0.9499999999999999556 ) ;
#2417 = CARTESIAN_POINT ( 'NONE',  ( 0.03233466576793626868, -0.9494526357006950468, 0.06318023851908649569 ) ) ;
#2418 = COLOUR_RGB ( '',0.1019607843137254888, 0.1019607843137254888, 0.1019607843137254888 ) ;
#2419 = CARTESIAN_POINT ( 'NONE',  ( 0.01739261051404662056, 0.9498492069048015685, 0.01968038278538604066 ) ) ;
#2420 = MECHANICAL_DESIGN_GEOMETRIC_PRESENTATION_REPRESENTATION (  '', ( #221 ), #2017 ) ;
#2421 = AXIS2_PLACEMENT_3D ( 'NONE', #336, #1803, #814 ) ;
#2422 = CARTESIAN_POINT ( 'NONE',  ( -0.06531582380848624525, 0.9483439773023869535, -0.3876939976945492639 ) ) ;
#2423 = DIRECTION ( 'NONE',  ( -1.000000000000000000, 0.000000000000000000, 0.000000000000000000 ) ) ;
#2424 = DIRECTION ( 'NONE',  ( 0.000000000000000000, 7.228014483236697541E-16, 1.000000000000000000 ) ) ;
#2425 = EDGE_CURVE ( 'NONE', #3040, #50, #290, .T. ) ;
#2426 = MECHANICAL_DESIGN_GEOMETRIC_PRESENTATION_REPRESENTATION (  '', ( #702 ), #1035 ) ;
#2427 = CARTESIAN_POINT ( 'NONE',  ( -0.1024038461538461092, -0.9444646379261106839, -0.6897435897435899577 ) ) ;
#2428 = EDGE_LOOP ( 'NONE', ( #254, #2846, #553, #2352, #2481, #1248, #576, #1905, #1114 ) ) ;
#2429 = TOROIDAL_SURFACE ( 'NONE', #418, 0.7500000000000000000, 0.2000000000000000111 ) ;
#2430 = FILL_AREA_STYLE_COLOUR ( '', #1584 ) ;
#2431 = VECTOR ( 'NONE', #1908, 1000.000000000000000 ) ;
#2432 = CARTESIAN_POINT ( 'NONE',  ( -0.2497101240581540427, 0.9166651803185019709, 0.1615557070530122263 ) ) ;
#2433 = ORIENTED_EDGE ( 'NONE', *, *, #2598, .T. ) ;
#2434 = CARTESIAN_POINT ( 'NONE',  ( -0.05999046186015850185, -0.9481039734574703282, 0.1443272464292738866 ) ) ;
#2435 = VERTEX_POINT ( 'NONE', #2241 ) ;
#2436 =( LENGTH_UNIT ( ) NAMED_UNIT ( * ) SI_UNIT ( .MILLI., .METRE. ) );
#2437 = CARTESIAN_POINT ( 'NONE',  ( 0.0008513225271384703037, 0.9500235061828907757, 0.01096974501525618817 ) ) ;
#2438 = EDGE_LOOP ( 'NONE', ( #1441, #1891 ) ) ;
#2439 = DIRECTION ( 'NONE',  ( -0.000000000000000000, -0.000000000000000000, 1.000000000000000000 ) ) ;
#2440 = CARTESIAN_POINT ( 'NONE',  ( -0.1270030535690801210, 0.9414832379812816399, 0.08795617315013994075 ) ) ;
#2441 = FILL_AREA_STYLE ('',( #578 ) ) ;
#2442 = PRESENTATION_STYLE_ASSIGNMENT (( #756 ) ) ;
#2443 = CARTESIAN_POINT ( 'NONE',  ( -0.2383316050809259068, 0.9196184241408312809, 0.04902517155337741267 ) ) ;
#2444 = VERTEX_POINT ( 'NONE', #3018 ) ;
#2445 = EDGE_CURVE ( 'NONE', #826, #111, #548, .T. ) ;
#2446 =( NAMED_UNIT ( * ) SI_UNIT ( $, .STERADIAN. ) SOLID_ANGLE_UNIT ( ) );
#2447 =( NAMED_UNIT ( * ) SI_UNIT ( $, .STERADIAN. ) SOLID_ANGLE_UNIT ( ) );
#2448 = ORIENTED_EDGE ( 'NONE', *, *, #2383, .T. ) ;
#2449 = CARTESIAN_POINT ( 'NONE',  ( -0.002564102564102377618, -0.9499965396663508921, 0.1666666666666667962 ) ) ;
#2450 = CARTESIAN_POINT ( 'NONE',  ( -0.04918072667590473596, 0.9487361873151721747, 0.4299486710105612230 ) ) ;
#2451 = ORIENTED_EDGE ( 'NONE', *, *, #1623, .T. ) ;
#2452 =( NAMED_UNIT ( * ) SI_UNIT ( $, .STERADIAN. ) SOLID_ANGLE_UNIT ( ) );
#2453 = CARTESIAN_POINT ( 'NONE',  ( 0.09487179487179507598, 0.9452509415693823858, -3.403937756669170867 ) ) ;
#2454 = LINE ( 'NONE', #526, #659 ) ;
#2455 = ORIENTED_EDGE ( 'NONE', *, *, #1473, .T. ) ;
#2456 = CARTESIAN_POINT ( 'NONE',  ( -0.1958757281774840819, 0.9296466922730486360, 0.2296316544789897829 ) ) ;
#2457 = CARTESIAN_POINT ( 'NONE',  ( -0.06788393815484133897, 0.9476110333472292924, -0.6882314127222428635 ) ) ;
#2458 = CARTESIAN_POINT ( 'NONE',  ( -0.2384615384615384193, -0.9195847403445515100, -0.4995993589743591423 ) ) ;
#2459 = FACE_BOUND ( 'NONE', #1102, .T. ) ;
#2460 = B_SPLINE_CURVE_WITH_KNOTS ( 'NONE', 3,
 ( #2294, #1729, #2688, #2196, #2450, #2466, #187, #2953, #871, #2966, #2497, #356, #822, #1299, #1778, #2375 ),
 .UNSPECIFIED., .F., .F.,
 ( 4, 3, 3, 3, 3, 4 ),
 ( 0.000000000000000000, 3.837503437215874239E-05, 7.715074069603734656E-05, 0.0001122995621679544979, 0.0001531461667377573635, 0.0001933220267652195471 ),
 .UNSPECIFIED. ) ;
#2461 = DIRECTION ( 'NONE',  ( 0.000000000000000000, -1.000000000000000000, -6.802837160693362624E-16 ) ) ;
#2462 = DIRECTION ( 'NONE',  ( 0.000000000000000000, 0.000000000000000000, 1.000000000000000000 ) ) ;
#2463 = ORIENTED_EDGE ( 'NONE', *, *, #837, .F. ) ;
#2464 = CARTESIAN_POINT ( 'NONE',  ( -0.2285327339470068775, -0.9221023747466190468, 0.3909490037782412108 ) ) ;
#2465 = EDGE_CURVE ( 'NONE', #1021, #1469, #2339, .T. ) ;
#2466 = CARTESIAN_POINT ( 'NONE',  ( -0.05610350113312154857, 0.9483795189842417761, 0.4413423020207628555 ) ) ;
#2467 = ORIENTED_EDGE ( 'NONE', *, *, #1245, .T. ) ;
#2468 = VECTOR ( 'NONE', #2220, 1000.000000000000000 ) ;
#2469 = CARTESIAN_POINT ( 'NONE',  ( -0.1855769230769229450, -0.9316980227634383827, 0.2282051282051283658 ) ) ;
#2470 = ORIENTED_EDGE ( 'NONE', *, *, #2258, .F. ) ;
#2471 = CARTESIAN_POINT ( 'NONE',  ( -0.1750801282051280550, 0.9337274488348705770, 0.1051282051282052682 ) ) ;
#2472 = CIRCLE ( 'NONE', #2151, 0.1999999999999999833 ) ;
#2473 = CARTESIAN_POINT ( 'NONE',  ( -0.2473466840912737774, 0.9172583546271069199, 0.4710393733812351380 ) ) ;
#2474 =( NAMED_UNIT ( * ) PLANE_ANGLE_UNIT ( ) SI_UNIT ( $, .RADIAN. ) );
#2475 = CARTESIAN_POINT ( 'NONE',  ( -0.2324238356394255356, 0.9211325090961614004, 0.02705844233947578628 ) ) ;
#2476 = PRESENTATION_LAYER_ASSIGNMENT (  '', '', ( #1281 ) ) ;
#2477 = CARTESIAN_POINT ( 'NONE',  ( 0.03333333333333351328, -0.9494150245750743178, 0.05160256410256423149 ) ) ;
#2478 = AXIS2_PLACEMENT_3D ( 'NONE', #2932, #2711, #2162 ) ;
#2479 = CARTESIAN_POINT ( 'NONE',  ( -0.05990464990119356153, 0.9483016396439767348, -0.6109638081321525638 ) ) ;
#2480 = SURFACE_STYLE_USAGE ( .BOTH. , #2950 ) ;
#2481 = ORIENTED_EDGE ( 'NONE', *, *, #541, .F. ) ;
#2482 = CARTESIAN_POINT ( 'NONE',  ( -0.0007211538461537750702, -0.9499997262826606059, -0.6718750000000001110 ) ) ;
#2483 = VERTEX_POINT ( 'NONE', #2977 ) ;
#2484 = EDGE_CURVE ( 'NONE', #15, #2849, #614, .T. ) ;
#2485 = CARTESIAN_POINT ( 'NONE',  ( -0.05126051828338056005, 0.9486185474809271101, 0.3343959995208188318 ) ) ;
#2486 = CIRCLE ( 'NONE', #1293, 0.7500000000000000000 ) ;
#2487 = CARTESIAN_POINT ( 'NONE',  ( 0.1000065825226235938, -0.9447214846164774249, -0.9149467313418474523 ) ) ;
#2488 = EDGE_CURVE ( 'NONE', #2409, #416, #989, .T. ) ;
#2489 = PRESENTATION_STYLE_ASSIGNMENT (( #622 ) ) ;
#2490 = CARTESIAN_POINT ( 'NONE',  ( -0.1800778856793911198, 0.9327820032075997414, -0.02823034329343965254 ) ) ;
#2491 =( BOUNDED_CURVE ( )  B_SPLINE_CURVE ( 3, ( #381, #1108, #2771, #1316 ),
 .UNSPECIFIED., .F., .T. ) 
 B_SPLINE_CURVE_WITH_KNOTS ( ( 4, 4 ),
 ( 4.899717498669717841, 4.908997307819739753 ),
 .UNSPECIFIED. ) 
 CURVE ( )  GEOMETRIC_REPRESENTATION_ITEM ( )  RATIONAL_B_SPLINE_CURVE ( ( 1.000000000000000000, 0.9999928237747195414, 0.9999928237747195414, 1.000000000000000000 ) ) 
 REPRESENTATION_ITEM ( '' )  );
#2492 = CARTESIAN_POINT ( 'NONE',  ( 0.000000000000000000, 0.000000000000000000, -1.949999999999999956 ) ) ;
#2493 = CARTESIAN_POINT ( 'NONE',  ( -0.1672310713082120759, -0.9355859844480443055, -0.3922684418588611721 ) ) ;
#2494 = CARTESIAN_POINT ( 'NONE',  ( -0.1855769230769229450, 0.9316980227634391598, 0.2282051282051283658 ) ) ;
#2495 = CARTESIAN_POINT ( 'NONE',  ( 0.000000000000000000, -3.550000000000000266, 10.16000000000000014 ) ) ;
#2496 = CYLINDRICAL_SURFACE ( 'NONE', #3023, 0.2999999999999999889 ) ;
#2497 = CARTESIAN_POINT ( 'NONE',  ( -0.1025021490792663026, 0.9445239947898455002, 0.4815902037140122882 ) ) ;
#2498 = B_SPLINE_CURVE_WITH_KNOTS ( 'NONE', 3,
 ( #2786, #3030, #241, #2834, #257, #3045 ),
 .UNSPECIFIED., .F., .F.,
 ( 4, 2, 4 ),
 ( 1.459651845771927861E-19, 9.856942327389901478E-05, 0.0001971388465477978669 ),
 .UNSPECIFIED. ) ;
#2499 = CARTESIAN_POINT ( 'NONE',  ( -0.1324645175164022304, 0.9408277874819164222, -0.7418003036496342295 ) ) ;
#2500 = CARTESIAN_POINT ( 'NONE',  ( 0.09644809611570059893, -0.9450914055030107397, -0.8705953575510665399 ) ) ;
#2501 = ORIENTED_EDGE ( 'NONE', *, *, #67, .T. ) ;
#2502 = CARTESIAN_POINT ( 'NONE',  ( 0.000000000000000000, -8.673617379884035472E-16, -9.160000000000001918 ) ) ;
#2503 = CARTESIAN_POINT ( 'NONE',  ( -0.1230405421450593284, 0.9420026898088122991, 0.08340507000218204403 ) ) ;
#2504 = CARTESIAN_POINT ( 'NONE',  ( -0.3000000000000000444, -0.9013878188659973922, -0.9233173076923076872 ) ) ;
#2505 = EDGE_CURVE ( 'NONE', #2934, #2248, #2734, .T. ) ;
#2506 = CARTESIAN_POINT ( 'NONE',  ( 0.000000000000000000, 0.000000000000000000, -3.403937756669170867 ) ) ;
#2507 = DIRECTION ( 'NONE',  ( 0.000000000000000000, -0.000000000000000000, 1.000000000000000000 ) ) ;
#2508 = CARTESIAN_POINT ( 'NONE',  ( -0.2306238330698435479, 0.9215899272900822670, 0.07960051677341369036 ) ) ;
#2509 = VERTEX_POINT ( 'NONE', #1069 ) ;
#2510 = PRESENTATION_STYLE_ASSIGNMENT (( #1370 ) ) ;
#2511 = CARTESIAN_POINT ( 'NONE',  ( -0.04121620835009380535, -0.9491063942971709189, 0.3582599539466703731 ) ) ;
#2512 =( LENGTH_UNIT ( ) NAMED_UNIT ( * ) SI_UNIT ( .MILLI., .METRE. ) );
#2513 = CARTESIAN_POINT ( 'NONE',  ( -0.1769230769230767664, 0.9333800002421688280, 0.2948717948717950454 ) ) ;
#2514 = CARTESIAN_POINT ( 'NONE',  ( -0.1024038461538461092, -0.9444646379261106839, -0.6897435897435899577 ) ) ;
#2515 =( NAMED_UNIT ( * ) SI_UNIT ( $, .STERADIAN. ) SOLID_ANGLE_UNIT ( ) );
#2516 = AXIS2_PLACEMENT_3D ( 'NONE', #1538, #2204, #2740 ) ;
#2517 = CARTESIAN_POINT ( 'NONE',  ( 0.03321249392236953063, -0.9494192640297046681, 0.04917897610521853452 ) ) ;
#2518 = CARTESIAN_POINT ( 'NONE',  ( -0.005860484209865481769, -0.9502803456124769843, 0.3410766125269729665 ) ) ;
#2519 = CARTESIAN_POINT ( 'NONE',  ( -0.09278265648033064139, -0.9454741102171940748, 0.1295971406212072241 ) ) ;
#2520 = EDGE_CURVE ( 'NONE', #2813, #2768, #1931, .T. ) ;
#2521 = AXIS2_PLACEMENT_3D ( 'NONE', #2959, #1811, #440 ) ;
#2522 = UNCERTAINTY_MEASURE_WITH_UNIT (LENGTH_MEASURE( 1.000000000000000082E-05 ), #203, 'distance_accuracy_value', 'NONE');
#2523 = CIRCLE ( 'NONE', #2620, 0.7500000000000000000 ) ;
#2524 = CARTESIAN_POINT ( 'NONE',  ( 0.05389693702321113333, 0.9485237838837173863, -0.04733426741716893066 ) ) ;
#2525 = ORIENTED_EDGE ( 'NONE', *, *, #1587, .F. ) ;
#2526 = SURFACE_STYLE_FILL_AREA ( #1791 ) ;
#2527 = CARTESIAN_POINT ( 'NONE',  ( 0.09473797724619725802, 0.9452664353929057794, -0.5714363334552281515 ) ) ;
#2528 = MECHANICAL_DESIGN_GEOMETRIC_PRESENTATION_REPRESENTATION (  '', ( #2022 ), #273 ) ;
#2529 = CARTESIAN_POINT ( 'NONE',  ( 0.1049020931713156718, -0.9441906131251982526, -0.5149786963737061907 ) ) ;
#2530 = CARTESIAN_POINT ( 'NONE',  ( -0.02950485657283145879, -0.9499213059205189325, -0.3921147926772441394 ) ) ;
#2531 = VERTEX_POINT ( 'NONE', #2045 ) ;
#2532 = DIRECTION ( 'NONE',  ( 1.000000000000000000, 0.000000000000000000, 0.000000000000000000 ) ) ;
#2533 = CARTESIAN_POINT ( 'NONE',  ( 0.09142587985105171677, -0.9457973607551762862, -0.008516704259550353373 ) ) ;
#2534 = SURFACE_SIDE_STYLE ('',( #2772 ) ) ;
#2535 = AXIS2_PLACEMENT_3D ( 'NONE', #2573, #465, #1961 ) ;
#2536 = CARTESIAN_POINT ( 'NONE',  ( -0.01641691877296517360, -0.9498848420662875380, 0.08943848020248668096 ) ) ;
#2537 = B_SPLINE_CURVE_WITH_KNOTS ( 'NONE', 3,
 ( #686, #2347, #707, #23, #211, #1607, #253, #3042, #493, #2585, #1118, #2109, #1137, #1372, #1184, #673 ),
 .UNSPECIFIED., .F., .F.,
 ( 4, 3, 3, 3, 3, 4 ),
 ( 0.000000000000000000, 3.881509284973540778E-05, 7.815283340554611926E-05, 0.0001119756223137631816, 0.0001580660291092891173, 0.0002034455471288112928 ),
 .UNSPECIFIED. ) ;
#2538 = CARTESIAN_POINT ( 'NONE',  ( -0.2549163700229973850, -0.9152403490833685984, 0.1575305210192039784 ) ) ;
#2539 = EDGE_LOOP ( 'NONE', ( #2025, #1900, #627, #1744 ) ) ;
#2540 = EDGE_CURVE ( 'NONE', #1676, #2531, #3007, .T. ) ;
#2541 = CARTESIAN_POINT ( 'NONE',  ( 0.09999999999999999167, -0.9447221813845592120, -1.074358974358973873 ) ) ;
#2542 = ORIENTED_EDGE ( 'NONE', *, *, #2612, .F. ) ;
#2543 = CARTESIAN_POINT ( 'NONE',  ( 0.09238782051282053154, -0.9454969543160309797, -0.8519230769230765610 ) ) ;
#2544 = CARTESIAN_POINT ( 'NONE',  ( -0.1001602564102564014, 0.9447052043022901024, -0.8179487179487175963 ) ) ;
#2545 = VERTEX_POINT ( 'NONE', #294 ) ;
#2546 = CARTESIAN_POINT ( 'NONE',  ( -0.1158200203053005167, 0.9429253185020538552, 0.3264011125508091138 ) ) ;
#2547 = CARTESIAN_POINT ( 'NONE',  ( 0.09487179487179507598, -0.9452509415693823858, 0.2846153846153848810 ) ) ;
#2548 = CARTESIAN_POINT ( 'NONE',  ( 0.1000000000000001582, -0.9447221813845592120, 0.05096153846153859968 ) ) ;
#2549 = CARTESIAN_POINT ( 'NONE',  ( -0.2659925215611641525, 0.9122271362651982463, -0.3750737242915073155 ) ) ;
#2550 = DIRECTION ( 'NONE',  ( 1.000000000000000000, 0.000000000000000000, 0.000000000000000000 ) ) ;
#2551 = UNCERTAINTY_MEASURE_WITH_UNIT (LENGTH_MEASURE( 1.000000000000000082E-05 ), #2436, 'distance_accuracy_value', 'NONE');
#2552 = CARTESIAN_POINT ( 'NONE',  ( 0.04379589226254710504, 0.9489899471654240637, -0.05270360208189484724 ) ) ;
#2553 = ORIENTED_EDGE ( 'NONE', *, *, #2794, .F. ) ;
#2554 = CARTESIAN_POINT ( 'NONE',  ( 0.002747545858864670898, -0.9503361538705916711, -0.3280932991093420403 ) ) ;
#2555 = CARTESIAN_POINT ( 'NONE',  ( -0.2184861391218440307, -0.9245460364923759888, 0.01175469915351556004 ) ) ;
#2556 = EDGE_CURVE ( 'NONE', #3010, #2388, #850, .T. ) ;
#2557 = CARTESIAN_POINT ( 'NONE',  ( -0.08661858974358957464, -0.9460429270973024218, 0.1091346153846155104 ) ) ;
#2558 = EDGE_LOOP ( 'NONE', ( #2608, #1103, #853, #1918 ) ) ;
#2559 = DIRECTION ( 'NONE',  ( 0.000000000000000000, -1.000000000000000000, 6.802837160693362624E-16 ) ) ;
#2560 = CARTESIAN_POINT ( 'NONE',  ( -0.1210737179487177823, 0.9422532328530769385, 0.02820512820512834778 ) ) ;
#2561 = CARTESIAN_POINT ( 'NONE',  ( -0.2596153846153846922, 0.9138379791139159547, -0.7958333333333331705 ) ) ;
#2562 = CARTESIAN_POINT ( 'NONE',  ( -0.1358974358974357755, -0.9402296990185439185, 0.3056089743589746055 ) ) ;
#2563 = CARTESIAN_POINT ( 'NONE',  ( -0.2294871794871795323, -0.9218653016851318105, -0.8829326923076920020 ) ) ;
#2564 = PRESENTATION_STYLE_ASSIGNMENT (( #910 ) ) ;
#2565 = LINE ( 'NONE', #516, #1432 ) ;
#2566 = PRESENTATION_STYLE_ASSIGNMENT (( #1543 ) ) ;
#2567 =( GEOMETRIC_REPRESENTATION_CONTEXT ( 3 ) GLOBAL_UNCERTAINTY_ASSIGNED_CONTEXT ( ( #429 ) ) GLOBAL_UNIT_ASSIGNED_CONTEXT ( ( #1549, #160, #2958 ) ) REPRESENTATION_CONTEXT ( 'NONE', 'WORKASPACE' ) );
#2568 = ORIENTED_EDGE ( 'NONE', *, *, #2001, .T. ) ;
#2569 = B_SPLINE_CURVE_WITH_KNOTS ( 'NONE', 3,
 ( #970, #1960, #2702, #120, #1913, #298 ),
 .UNSPECIFIED., .F., .F.,
 ( 4, 2, 4 ),
 ( 0.000000000000000000, 0.0001012385401886140772, 0.0002024770803772281543 ),
 .UNSPECIFIED. ) ;
#2570 =( NAMED_UNIT ( * ) SI_UNIT ( $, .STERADIAN. ) SOLID_ANGLE_UNIT ( ) );
#2571 = COLOUR_RGB ( '',0.8313725490196077761, 0.8313725490196077761, 0.8196078431372548767 ) ;
#2572 = CARTESIAN_POINT ( 'NONE',  ( -0.07973517513362735065, 0.9468764337303344769, 0.03300573317720314342 ) ) ;
#2573 = CARTESIAN_POINT ( 'NONE',  ( 0.000000000000000000, -1.000000000000000888, 9.160000000000001918 ) ) ;
#2574 = CARTESIAN_POINT ( 'NONE',  ( -0.3051282051282049879, -0.8996648144921751689, 0.3591346153846155520 ) ) ;
#2575 = CARTESIAN_POINT ( 'NONE',  ( -0.2527632955058798370, -0.9157846127516509060, -0.7891145029411554823 ) ) ;
#2576 = CARTESIAN_POINT ( 'NONE',  ( -0.2294871794871795323, 0.9218653016851318105, -0.8829326923076920020 ) ) ;
#2577 = CARTESIAN_POINT ( 'NONE',  ( 3.673940397442059498E-17, -3.550000000000000266, 10.46000000000000085 ) ) ;
#2578 = EDGE_CURVE ( 'NONE', #2531, #1433, #2272, .T. ) ;
#2579 = CARTESIAN_POINT ( 'NONE',  ( 0.03174931525212860289, 0.9494693154499623811, -0.9071484850759304885 ) ) ;
#2580 = DIRECTION ( 'NONE',  ( -1.000000000000000000, -1.224646799147353454E-16, 0.000000000000000000 ) ) ;
#2581 = AXIS2_PLACEMENT_3D ( 'NONE', #1627, #1421, #1380 ) ;
#2582 = CARTESIAN_POINT ( 'NONE',  ( -0.2337769818967675162, 0.9208758752723981145, -0.06772114232439116477 ) ) ;
#2583 =( LENGTH_UNIT ( ) NAMED_UNIT ( * ) SI_UNIT ( .MILLI., .METRE. ) );
#2584 = VERTEX_POINT ( 'NONE', #1179 ) ;
#2585 = CARTESIAN_POINT ( 'NONE',  ( -0.1866177828438988773, 0.9314900982438882870, -0.4065395491901412917 ) ) ;
#2586 = ORIENTED_EDGE ( 'NONE', *, *, #1947, .F. ) ;
#2587 = CARTESIAN_POINT ( 'NONE',  ( -0.07927264040574934223, -0.9467155136721250308, 0.1218803697415588028 ) ) ;
#2588 = ORIENTED_EDGE ( 'NONE', *, *, #2648, .T. ) ;
#2589 = DIRECTION ( 'NONE',  ( 1.000000000000000000, 0.000000000000000000, 0.000000000000000000 ) ) ;
#2590 = CARTESIAN_POINT ( 'NONE',  ( 0.04955021682006829215, 0.9487068967879831449, 0.1507882680373713591 ) ) ;
#2591 = FACE_OUTER_BOUND ( 'NONE', #2280, .T. ) ;
#2592 = CARTESIAN_POINT ( 'NONE',  ( 0.02628968328284799622, -0.9496415567962649407, -0.8765520142667385661 ) ) ;
#2593 = ORIENTED_EDGE ( 'NONE', *, *, #122, .F. ) ;
#2594 = CARTESIAN_POINT ( 'NONE',  ( 0.03253172488910883314, 0.9494428537051823325, -0.9187578193928990222 ) ) ;
#2595 = CARTESIAN_POINT ( 'NONE',  ( -0.1915485709862679298, -0.9304886592286448765, 0.4930897792381501721 ) ) ;
#2596 = CARTESIAN_POINT ( 'NONE',  ( 0.000000000000000000, -1.000000000000000444, -9.860000000000002984 ) ) ;
#2597 = CARTESIAN_POINT ( 'NONE',  ( -0.009294871794871612664, 0.9499545280476939801, 0.08974358974358988272 ) ) ;
#2598 = EDGE_CURVE ( 'NONE', #836, #556, #1270, .T. ) ;
#2599 = CARTESIAN_POINT ( 'NONE',  ( 0.02652280424226667946, 0.9496319202090304223, 0.07447094961977486494 ) ) ;
#2600 = CARTESIAN_POINT ( 'NONE',  ( -0.1621920546475187075, 0.9360937880003711298, 0.1810806369025124984 ) ) ;
#2601 = DIRECTION ( 'NONE',  ( 0.000000000000000000, -0.000000000000000000, 1.000000000000000000 ) ) ;
#2602 = VERTEX_POINT ( 'NONE', #63 ) ;
#2603 = CYLINDRICAL_SURFACE ( 'NONE', #789, 0.9499999999999999556 ) ;
#2604 = ORIENTED_EDGE ( 'NONE', *, *, #272, .F. ) ;
#2605 = DIRECTION ( 'NONE',  ( 1.000000000000000000, 0.000000000000000000, 0.000000000000000000 ) ) ;
#2606 = DIRECTION ( 'NONE',  ( -1.000000000000000000, 0.000000000000000000, 0.000000000000000000 ) ) ;
#2607 = CARTESIAN_POINT ( 'NONE',  ( -0.03846153846153831796, -0.9492211070447030830, 0.3799679487179488668 ) ) ;
#2608 = ORIENTED_EDGE ( 'NONE', *, *, #167, .F. ) ;
#2609 =( NAMED_UNIT ( * ) SI_UNIT ( $, .STERADIAN. ) SOLID_ANGLE_UNIT ( ) );
#2610 = CARTESIAN_POINT ( 'NONE',  ( -0.1093020139752972492, 0.9436959897849872547, 0.3855787615742376495 ) ) ;
#2611 = FACE_OUTER_BOUND ( 'NONE', #1203, .T. ) ;
#2612 = EDGE_CURVE ( 'NONE', #283, #1853, #2565, .T. ) ;
#2613 = CARTESIAN_POINT ( 'NONE',  ( -0.1998889326617769857, -0.9287326927642256535, 0.1805923512372605844 ) ) ;
#2614 = VERTEX_POINT ( 'NONE', #966 ) ;
#2615 = VECTOR ( 'NONE', #1981, 1000.000000000000000 ) ;
#2616 = FACE_OUTER_BOUND ( 'NONE', #2180, .T. ) ;
#2617 = AXIS2_PLACEMENT_3D ( 'NONE', #2700, #1073, #1514 ) ;
#2618 = VERTEX_POINT ( 'NONE', #2372 ) ;
#2619 = CARTESIAN_POINT ( 'NONE',  ( -0.2357153671425127883, 0.9202924891961010712, 0.3383221856505996827 ) ) ;
#2620 = AXIS2_PLACEMENT_3D ( 'NONE', #59, #229, #1192 ) ;
#2621 = CARTESIAN_POINT ( 'NONE',  ( -3.673940397442058882E-17, 0.2999999999999999889, -1.949999999999999956 ) ) ;
#2622 = EDGE_LOOP ( 'NONE', ( #1500, #342, #1389, #967, #1656, #955 ) ) ;
#2623 = CARTESIAN_POINT ( 'NONE',  ( -0.2384615384615384193, -0.9195847403445515100, -0.4995993589743591423 ) ) ;
#2624 = CARTESIAN_POINT ( 'NONE',  ( -0.1928502171982348079, 0.9302431711194455444, -0.07868948395547013808 ) ) ;
#2625 = AXIS2_PLACEMENT_3D ( 'NONE', #372, #1957, #2243 ) ;
#2626 = ORIENTED_EDGE ( 'NONE', *, *, #310, .F. ) ;
#2627 = PRESENTATION_LAYER_ASSIGNMENT (  '', '', ( #2737 ) ) ;
#2628 = CARTESIAN_POINT ( 'NONE',  ( -0.1155254943786815230, 0.9429496019810308383, 0.05351980591975427637 ) ) ;
#2629 = VERTEX_POINT ( 'NONE', #279 ) ;
#2630 = CARTESIAN_POINT ( 'NONE',  ( -0.2384615384615383360, -0.9195847403445516210, 0.3559294871794874138 ) ) ;
#2631 = EDGE_CURVE ( 'NONE', #2094, #2120, #2083, .T. ) ;
#2632 = ORIENTED_EDGE ( 'NONE', *, *, #1737, .F. ) ;
#2633 = CARTESIAN_POINT ( 'NONE',  ( 0.03333333333333334675, 0.9494150245750743178, -3.403937756669170867 ) ) ;
#2634 = LINE ( 'NONE', #2453, #459 ) ;
#2635 = ADVANCED_BREP_SHAPE_REPRESENTATION ( 'DO-35_3.90x1.90x0.60x20.32', ( #1130, #141, #1076, #1236 ), #1188 ) ;
#2636 = CARTESIAN_POINT ( 'NONE',  ( 0.07187994319269511156, 0.9473095037380795391, 0.1315602898502054308 ) ) ;
#2637 = ORIENTED_EDGE ( 'NONE', *, *, #998, .F. ) ;
#2638 = CARTESIAN_POINT ( 'NONE',  ( -0.01794871794871778087, -0.9498304288261124606, 0.007692307692307823706 ) ) ;
#2639 = CARTESIAN_POINT ( 'NONE',  ( 0.09984888615818324209, -0.9447381769698007803, 0.05753485869014285381 ) ) ;
#2640 = CYLINDRICAL_SURFACE ( 'NONE', #695, 0.2999999999999999334 ) ;
#2641 = CARTESIAN_POINT ( 'NONE',  ( 0.000000000000000000, 0.000000000000000000, -3.403937756669170867 ) ) ;
#2642 =( NAMED_UNIT ( * ) PLANE_ANGLE_UNIT ( ) SI_UNIT ( $, .RADIAN. ) );
#2643 = DIRECTION ( 'NONE',  ( -1.000000000000000000, 0.000000000000000000, 0.000000000000000000 ) ) ;
#2644 = B_SPLINE_CURVE_WITH_KNOTS ( 'NONE', 3,
 ( #2563, #455, #2693, #1685, #577, #1940, #1022, #1504, #95, #528 ),
 .UNSPECIFIED., .F., .F.,
 ( 4, 3, 3, 4 ),
 ( 0.000000000000000000, 1.288296394981814291E-05, 2.573740620679057663E-05, 5.138911896978875149E-05 ),
 .UNSPECIFIED. ) ;
#2645 = ORIENTED_EDGE ( 'NONE', *, *, #1033, .T. ) ;
#2646 = B_SPLINE_CURVE_WITH_KNOTS ( 'NONE', 3,
 ( #2557, #2587, #2150, #2434, #2918, #788, #1212, #71, #808, #554, #1462, #2195, #2449 ),
 .UNSPECIFIED., .F., .F.,
 ( 4, 3, 3, 3, 4 ),
 ( 0.000000000000000000, 4.417947924682421700E-05, 7.192202855151605748E-05, 9.980728977452214183E-05, 0.0001067162337220299968 ),
 .UNSPECIFIED. ) ;
#2647 = CARTESIAN_POINT ( 'NONE',  ( -0.2819148530620542159, -0.9072638819461315007, -0.3972579066958099592 ) ) ;
#2648 = EDGE_CURVE ( 'NONE', #2412, #568, #2221, .T. ) ;
#2649 = CARTESIAN_POINT ( 'NONE',  ( -0.2320792126463318283, 0.9212374753620374834, -0.7733901275322483393 ) ) ;
#2650 = UNCERTAINTY_MEASURE_WITH_UNIT (LENGTH_MEASURE( 1.000000000000000082E-05 ), #2895, 'distance_accuracy_value', 'NONE');
#2651 = ORIENTED_EDGE ( 'NONE', *, *, #1547, .T. ) ;
#2652 = EDGE_CURVE ( 'NONE', #581, #691, #18, .T. ) ;
#2653 = DIRECTION ( 'NONE',  ( 0.000000000000000000, 0.000000000000000000, 1.000000000000000000 ) ) ;
#2654 = CARTESIAN_POINT ( 'NONE',  ( -0.1838245652190475254, -0.9320787079114812856, 0.4943061122017075593 ) ) ;
#2655 = CARTESIAN_POINT ( 'NONE',  ( -0.008814578273888004287, 0.9499935824870450185, -0.6751721225776129431 ) ) ;
#2656 = CARTESIAN_POINT ( 'NONE',  ( 0.03263939345660698405, 0.9494391344338696248, 0.05969803765848911981 ) ) ;
#2657 = FILL_AREA_STYLE ('',( #1008 ) ) ;
#2658 = CARTESIAN_POINT ( 'NONE',  ( -0.2073402474938837170, -0.9271196190167498852, 0.09927548723688225940 ) ) ;
#2659 = LINE ( 'NONE', #1510, #1633 ) ;
#2660 = ORIENTED_EDGE ( 'NONE', *, *, #2982, .T. ) ;
#2661 = CARTESIAN_POINT ( 'NONE',  ( -0.06353565805094497920, 0.9487401158877336593, -0.7415480488126990899 ) ) ;
#2662 = DIRECTION ( 'NONE',  ( -0.000000000000000000, -0.000000000000000000, -1.000000000000000000 ) ) ;
#2663 = CARTESIAN_POINT ( 'NONE',  ( -0.1153846153846152522, -0.9429668024551788319, 0.05873397435897449725 ) ) ;
#2664 = EDGE_LOOP ( 'NONE', ( #1119, #2261, #507, #2033 ) ) ;
#2665 = FILL_AREA_STYLE ('',( #1444 ) ) ;
#2666 = AXIS2_PLACEMENT_3D ( 'NONE', #2054, #452, #1810 ) ;
#2667 = ORIENTED_EDGE ( 'NONE', *, *, #1923, .F. ) ;
#2668 = CARTESIAN_POINT ( 'NONE',  ( -0.2715270316257961669, -0.9104007620221646890, 0.4513762570782562378 ) ) ;
#2669 = CARTESIAN_POINT ( 'NONE',  ( 0.01363685450190214345, -0.9499021192730021657, 0.08486741719876458867 ) ) ;
#2670 = MECHANICAL_DESIGN_GEOMETRIC_PRESENTATION_REPRESENTATION (  '', ( #2062 ), #2015 ) ;
#2671 = CARTESIAN_POINT ( 'NONE',  ( -0.1264423076923075207, -0.9415478441510257701, 0.2384615384615386413 ) ) ;
#2672 = CIRCLE ( 'NONE', #1329, 0.2999999999999999889 ) ;
#2673 = CARTESIAN_POINT ( 'NONE',  ( 0.03846153846153854000, 0.9492211070447030830, -0.4995993589743591423 ) ) ;
#2674 = CARTESIAN_POINT ( 'NONE',  ( -0.2242044771440942774, 0.9231643149661222791, 0.3968502602301501869 ) ) ;
#2675 = CARTESIAN_POINT ( 'NONE',  ( -0.0007211538461537750702, 0.9499997262826606059, -0.6718750000000001110 ) ) ;
#2676 = EDGE_CURVE ( 'NONE', #2545, #1263, #1603, .T. ) ;
#2677 = CARTESIAN_POINT ( 'NONE',  ( -0.1705500588099431170, -0.9346643703702368633, -0.6020018532465690742 ) ) ;
#2678 = CARTESIAN_POINT ( 'NONE',  ( -0.1020359906863540084, 0.9445044502868003011, 0.1444802666741267783 ) ) ;
#2679 = AXIS2_PLACEMENT_3D ( 'NONE', #2502, #1766, #2769 ) ;
#2680 = FILL_AREA_STYLE ('',( #2696 ) ) ;
#2681 = VERTEX_POINT ( 'NONE', #2749 ) ;
#2682 = B_SPLINE_CURVE_WITH_KNOTS ( 'NONE', 3,
 ( #245, #47, #1904, #34, #1937, #540, #575, #1520 ),
 .UNSPECIFIED., .F., .F.,
 ( 4, 2, 2, 4 ),
 ( 0.000000000000000000, 7.932664876395465988E-05, 0.0001189899731459319830, 0.0001586532975279093198 ),
 .UNSPECIFIED. ) ;
#2683 =( LENGTH_UNIT ( ) NAMED_UNIT ( * ) SI_UNIT ( .MILLI., .METRE. ) );
#2684 = VECTOR ( 'NONE', #1575, 1000.000000000000000 ) ;
#2685 = CARTESIAN_POINT ( 'NONE',  ( -0.1005608974358973839, 0.9446626413206393735, -0.3102564102564104309 ) ) ;
#2686 = ORIENTED_EDGE ( 'NONE', *, *, #816, .T. ) ;
#2687 = CARTESIAN_POINT ( 'NONE',  ( -0.3013016175947825781, -0.9010111381640805162, -0.4467631029623380656 ) ) ;
#2688 = CARTESIAN_POINT ( 'NONE',  ( -0.04048682300976808729, 0.9491467732125901113, 0.4057770136226527824 ) ) ;
#2689 = ORIENTED_EDGE ( 'NONE', *, *, #67, .F. ) ;
#2690 = SURFACE_STYLE_FILL_AREA ( #1017 ) ;
#2691 = FILL_AREA_STYLE_COLOUR ( '', #2571 ) ;
#2692 = ORIENTED_EDGE ( 'NONE', *, *, #2886, .F. ) ;
#2693 = CARTESIAN_POINT ( 'NONE',  ( -0.2311503607587695464, -0.9214498024030943757, -0.8913601734182190484 ) ) ;
#2694 = FILL_AREA_STYLE_COLOUR ( '', #1524 ) ;
#2695 = CARTESIAN_POINT ( 'NONE',  ( -0.1271623032853095303, -0.9415483458370005332, -0.6118469947512633622 ) ) ;
#2696 = FILL_AREA_STYLE_COLOUR ( '', #1386 ) ;
#2697 = ADVANCED_FACE ( 'NONE', ( #657 ), #1344, .T. ) ;
#2698 = B_SPLINE_CURVE_WITH_KNOTS ( 'NONE', 3,
 ( #763, #1406, #2350, #510, #2649, #538, #1191, #1464, #46, #959 ),
 .UNSPECIFIED., .F., .F.,
 ( 4, 3, 3, 4 ),
 ( 0.000000000000000000, 4.146441184737484267E-05, 6.296020954334320110E-05, 8.483208545021385719E-05 ),
 .UNSPECIFIED. ) ;
#2699 =( NAMED_UNIT ( * ) PLANE_ANGLE_UNIT ( ) SI_UNIT ( $, .RADIAN. ) );
#2700 = CARTESIAN_POINT ( 'NONE',  ( 0.000000000000000000, 0.000000000000000000, -3.403937756669170867 ) ) ;
#2701 = ORIENTED_EDGE ( 'NONE', *, *, #149, .T. ) ;
#2702 = CARTESIAN_POINT ( 'NONE',  ( -0.1682307268783803933, 0.9353977304755567435, -0.6074607322053227065 ) ) ;
#2703 = VERTEX_POINT ( 'NONE', #431 ) ;
#2704 = CARTESIAN_POINT ( 'NONE',  ( -0.01794871794871778087, -0.9498304288261124606, 0.007692307692307823706 ) ) ;
#2705 = CARTESIAN_POINT ( 'NONE',  ( 0.09999999999999999167, 0.9447221813845592120, -0.9276442307692305267 ) ) ;
#2706 = EDGE_LOOP ( 'NONE', ( #2542, #995, #1517, #1100 ) ) ;
#2707 = CARTESIAN_POINT ( 'NONE',  ( 0.01039106258370208272, 0.9500406560228024100, -0.4216714060176351975 ) ) ;
#2708 = CARTESIAN_POINT ( 'NONE',  ( -0.2087229420412503866, 0.9267873183557527872, 0.4095693668176541569 ) ) ;
#2709 = CARTESIAN_POINT ( 'NONE',  ( -0.1986324369164019221, 0.9291188754854313725, 0.4925631364241392363 ) ) ;
#2710 =( BOUNDED_CURVE ( )  B_SPLINE_CURVE ( 3, ( #1731, #2967, #1518, #317 ),
 .UNSPECIFIED., .F., .T. ) 
 B_SPLINE_CURVE_WITH_KNOTS ( ( 4, 4 ),
 ( 4.693494468858800950, 4.768677133710864879 ),
 .UNSPECIFIED. ) 
 CURVE ( )  GEOMETRIC_REPRESENTATION_ITEM ( )  RATIONAL_B_SPLINE_CURVE ( ( 1.000000000000000000, 0.9995290193749488683, 0.9995290193749488683, 1.000000000000000000 ) ) 
 REPRESENTATION_ITEM ( '' )  );
#2711 = DIRECTION ( 'NONE',  ( 0.000000000000000000, -1.202998249637175352E-16, -1.000000000000000000 ) ) ;
#2712 = CARTESIAN_POINT ( 'NONE',  ( -0.1769230769230767664, 0.9333800002421688280, 0.2948717948717950454 ) ) ;
#2713 = PRESENTATION_STYLE_ASSIGNMENT (( #1295 ) ) ;
#2714 = EDGE_CURVE ( 'NONE', #1116, #1661, #2866, .T. ) ;
#2715 = CARTESIAN_POINT ( 'NONE',  ( -0.04082865841386905392, 0.9491222369390666103, -0.6055503596004980782 ) ) ;
#2716 = CARTESIAN_POINT ( 'NONE',  ( -0.03106687623210075549, -0.9498901667692591921, -0.6080479384989637692 ) ) ;
#2717 = ORIENTED_EDGE ( 'NONE', *, *, #432, .F. ) ;
#2718 =( LENGTH_UNIT ( ) NAMED_UNIT ( * ) SI_UNIT ( .MILLI., .METRE. ) );
#2719 = EDGE_CURVE ( 'NONE', #339, #1992, #2108, .T. ) ;
#2720 = CARTESIAN_POINT ( 'NONE',  ( 0.000000000000000000, 0.000000000000000000, 0.4794871794871796711 ) ) ;
#2721 = VERTEX_POINT ( 'NONE', #2477 ) ;
#2722 =( NAMED_UNIT ( * ) SI_UNIT ( $, .STERADIAN. ) SOLID_ANGLE_UNIT ( ) );
#2723 = CARTESIAN_POINT ( 'NONE',  ( 0.09911467997427422794, -0.9448158935936267211, 0.02135268964720715701 ) ) ;
#2724 = B_SPLINE_CURVE_WITH_KNOTS ( 'NONE', 3,
 ( #2396, #56, #2687, #2647, #315, #2888, #343, #2939 ),
 .UNSPECIFIED., .F., .F.,
 ( 4, 2, 2, 4 ),
 ( 0.000000000000000000, 7.872326390875296288E-05, 0.0001574465278175059258, 0.0003148930556350119057 ),
 .UNSPECIFIED. ) ;
#2725 = PRESENTATION_LAYER_ASSIGNMENT (  '', '', ( #1675 ) ) ;
#2726 = CARTESIAN_POINT ( 'NONE',  ( -0.2384204406023432699, 0.9195953976109731975, 0.05068989474173187654 ) ) ;
#2727 = VECTOR ( 'NONE', #1608, 1000.000000000000000 ) ;
#2728 = B_SPLINE_CURVE_WITH_KNOTS ( 'NONE', 3,
 ( #813, #2405, #2709, #1221, #114, #591, #1291, #1522, #2473, #2160 ),
 .UNSPECIFIED., .F., .F.,
 ( 4, 3, 3, 4 ),
 ( 0.000000000000000000, 4.632963714973031117E-05, 6.944023497757685127E-05, 9.318129854886870631E-05 ),
 .UNSPECIFIED. ) ;
#2729 = COLOUR_RGB ( '',0.1019607843137254888, 0.1019607843137254888, 0.1019607843137254888 ) ;
#2730 = DIRECTION ( 'NONE',  ( 1.000000000000000000, 0.000000000000000000, 0.000000000000000000 ) ) ;
#2731 =( NAMED_UNIT ( * ) SI_UNIT ( $, .STERADIAN. ) SOLID_ANGLE_UNIT ( ) );
#2732 = ORIENTED_EDGE ( 'NONE', *, *, #1926, .F. ) ;
#2733 = AXIS2_PLACEMENT_3D ( 'NONE', #1886, #2589, #467 ) ;
#2734 = CIRCLE ( 'NONE', #706, 0.9499999999999999556 ) ;
#2735 = EDGE_CURVE ( 'NONE', #2193, #723, #1111, .T. ) ;
#2736 = CARTESIAN_POINT ( 'NONE',  ( 0.000000000000000000, 0.000000000000000000, -1.749999999999999778 ) ) ;
#2737 = STYLED_ITEM ( 'NONE', ( #2510 ), #2697 ) ;
#2738 = CARTESIAN_POINT ( 'NONE',  ( 0.07144285390863594487, 0.9474819771974002380, -0.6240506313621920764 ) ) ;
#2739 = ORIENTED_EDGE ( 'NONE', *, *, #1431, .T. ) ;
#2740 = DIRECTION ( 'NONE',  ( 1.000000000000000000, 0.000000000000000000, 0.000000000000000000 ) ) ;
#2741 = CARTESIAN_POINT ( 'NONE',  ( -0.2993272141610009429, -0.9016114991184586147, -0.8993606050079031577 ) ) ;
#2742 = CARTESIAN_POINT ( 'NONE',  ( -0.1052686039706434429, -0.9441496390796794147, 0.3697865590497140253 ) ) ;
#2743 = CYLINDRICAL_SURFACE ( 'NONE', #1577, 0.9499999999999999556 ) ;
#2744 = FACE_OUTER_BOUND ( 'NONE', #2706, .T. ) ;
#2745 = CARTESIAN_POINT ( 'NONE',  ( -0.09822275283448497762, -0.9449086150665839678, 0.1386527219811307388 ) ) ;
#2746 = PRESENTATION_STYLE_ASSIGNMENT (( #2480 ) ) ;
#2747 = ORIENTED_EDGE ( 'NONE', *, *, #1321, .F. ) ;
#2748 =( LENGTH_UNIT ( ) NAMED_UNIT ( * ) SI_UNIT ( .MILLI., .METRE. ) );
#2749 = CARTESIAN_POINT ( 'NONE',  ( -0.3051282051282049879, 0.8996648144921751689, 0.3591346153846155520 ) ) ;
#2750 = CARTESIAN_POINT ( 'NONE',  ( -0.03987552823883827591, 0.9491661930768422462, 0.3626370561216222810 ) ) ;
#2751 = CARTESIAN_POINT ( 'NONE',  ( -0.1167191971592444338, 0.9428392260517691748, -0.8181914922925481726 ) ) ;
#2752 = EDGE_CURVE ( 'NONE', #1060, #1840, #582, .T. ) ;
#2753 = ORIENTED_EDGE ( 'NONE', *, *, #2106, .F. ) ;
#2754 = DIRECTION ( 'NONE',  ( 0.000000000000000000, 0.000000000000000000, -1.000000000000000000 ) ) ;
#2755 = DIRECTION ( 'NONE',  ( 0.000000000000000000, 0.000000000000000000, -1.000000000000000000 ) ) ;
#2756 = CARTESIAN_POINT ( 'NONE',  ( -0.2970028315191284851, -0.9023808352046605030, -0.8755321761260962399 ) ) ;
#2757 = DIRECTION ( 'NONE',  ( -0.000000000000000000, -0.000000000000000000, -1.000000000000000000 ) ) ;
#2758 = DIRECTION ( 'NONE',  ( -0.000000000000000000, -0.000000000000000000, -1.000000000000000000 ) ) ;
#2759 = B_SPLINE_CURVE_WITH_KNOTS ( 'NONE', 3,
 ( #949, #2115, #677, #1123, #1376, #1190, #1417, #1856, #481, #1872 ),
 .UNSPECIFIED., .F., .F.,
 ( 4, 3, 3, 4 ),
 ( 2.710505431213760784E-20, 1.663449902882450273E-05, 4.362327208849122232E-05, 6.657892026541329679E-05 ),
 .UNSPECIFIED. ) ;
#2760 = DIRECTION ( 'NONE',  ( 1.000000000000000000, 0.000000000000000000, 0.000000000000000000 ) ) ;
#2761 = ORIENTED_EDGE ( 'NONE', *, *, #272, .T. ) ;
#2762 = CARTESIAN_POINT ( 'NONE',  ( 0.09861963497129569434, 0.9448672751228762712, -0.8894838784628555928 ) ) ;
#2763 = CARTESIAN_POINT ( 'NONE',  ( 0.1049555264131976778, 0.9441844987410787926, -0.5149001243142967699 ) ) ;
#2764 = EDGE_LOOP ( 'NONE', ( #299, #1796, #760, #1634, #687, #2865, #1074, #1782, #805 ) ) ;
#2765 = ORIENTED_EDGE ( 'NONE', *, *, #7, .T. ) ;
#2766 = CARTESIAN_POINT ( 'NONE',  ( 0.1051282051282051849, -0.9441652718070718819, -0.5005608974358976004 ) ) ;
#2767 = CARTESIAN_POINT ( 'NONE',  ( -0.0007211538461537750702, 0.9499997262826606059, -0.6718750000000001110 ) ) ;
#2768 = VERTEX_POINT ( 'NONE', #564 ) ;
#2769 = DIRECTION ( 'NONE',  ( 1.000000000000000000, 0.000000000000000000, 0.000000000000000000 ) ) ;
#2770 = CARTESIAN_POINT ( 'NONE',  ( 0.02112417123979534045, -0.9526527532088198136, 0.2692357208890874820 ) ) ;
#2771 = CARTESIAN_POINT ( 'NONE',  ( -0.1826949194570405555, -0.9322720642994382079, 0.2504072301657038757 ) ) ;
#2772 = SURFACE_STYLE_FILL_AREA ( #2041 ) ;
#2773 = CIRCLE ( 'NONE', #2666, 0.2999999999999999889 ) ;
#2774 = CARTESIAN_POINT ( 'NONE',  ( 0.02952701432381996810, -0.9495410235607478766, 0.03463766536603204299 ) ) ;
#2775 = CARTESIAN_POINT ( 'NONE',  ( -0.2779396989749836622, 0.9084405932009720352, -0.8202069245545948739 ) ) ;
#2776 = EDGE_CURVE ( 'NONE', #904, #2094, #1858, .T. ) ;
#2777 = AXIS2_PLACEMENT_3D ( 'NONE', #401, #1592, #2124 ) ;
#2778 = COLOUR_RGB ( '',0.1019607843137254888, 0.1019607843137254888, 0.1019607843137254888 ) ;
#2779 = CARTESIAN_POINT ( 'NONE',  ( 0.01081460134707501811, 0.9500946024643126542, -0.06551296676565680766 ) ) ;
#2780 = VERTEX_POINT ( 'NONE', #1109 ) ;
#2781 = MECHANICAL_DESIGN_GEOMETRIC_PRESENTATION_REPRESENTATION (  '', ( #1383 ), #1287 ) ;
#2782 = ORIENTED_EDGE ( 'NONE', *, *, #2925, .T. ) ;
#2783 = CARTESIAN_POINT ( 'NONE',  ( -0.06365031300222458166, -0.9487275071980295627, -0.7415465629307175233 ) ) ;
#2784 = VECTOR ( 'NONE', #1476, 1000.000000000000000 ) ;
#2785 = ORIENTED_EDGE ( 'NONE', *, *, #653, .T. ) ;
#2786 = CARTESIAN_POINT ( 'NONE',  ( -0.1855769230769229450, -0.9316980227634383827, 0.2282051282051283658 ) ) ;
#2787 = CARTESIAN_POINT ( 'NONE',  ( -0.1976030836257931245, -0.9292637513801131899, -0.7562869743839669701 ) ) ;
#2788 = CARTESIAN_POINT ( 'NONE',  ( -0.08518575392166817528, -0.9463315144582782334, -0.6896449900719077153 ) ) ;
#2789 = CARTESIAN_POINT ( 'NONE',  ( -0.1314092580467352833, -0.9408840493816743589, 0.4101707826629599207 ) ) ;
#2790 = MECHANICAL_DESIGN_GEOMETRIC_PRESENTATION_REPRESENTATION (  '', ( #2737 ), #1932 ) ;
#2791 = CARTESIAN_POINT ( 'NONE',  ( -0.1634685576625088954, -0.9358480316217863137, 0.1046507568504153468 ) ) ;
#2792 = CARTESIAN_POINT ( 'NONE',  ( -0.07973517513362704534, -0.9468764337303344769, 0.03300573317720318506 ) ) ;
#2793 = CARTESIAN_POINT ( 'NONE',  ( -0.05811510598659358484, -0.9482207730565500592, 0.05049252705309157513 ) ) ;
#2794 = EDGE_CURVE ( 'NONE', #900, #1511, #474, .T. ) ;
#2795 = EDGE_LOOP ( 'NONE', ( #1698, #985, #2006, #1496, #478, #2171, #1199 ) ) ;
#2796 = CARTESIAN_POINT ( 'NONE',  ( 0.1011585165825075183, -0.9446488646460915461, -0.4471896416323770107 ) ) ;
#2797 = CARTESIAN_POINT ( 'NONE',  ( -0.1904456417630724929, -0.9307150248779901824, -0.0002923615277874145636 ) ) ;
#2798 = CARTESIAN_POINT ( 'NONE',  ( 0.03333333333333334675, -0.9494150245750743178, -3.403937756669170867 ) ) ;
#2799 = EDGE_LOOP ( 'NONE', ( #1463, #819 ) ) ;
#2800 = CARTESIAN_POINT ( 'NONE',  ( -0.1091812664511449260, 0.9437051716805781032, 0.3398009907941791918 ) ) ;
#2801 = CARTESIAN_POINT ( 'NONE',  ( -0.03571525347829081209, 0.9493365726795600645, 0.08379944920265172681 ) ) ;
#2802 = CARTESIAN_POINT ( 'NONE',  ( -0.1064404849390744867, -0.9440240093616227846, 0.3782144404328321441 ) ) ;
#2803 = FACE_OUTER_BOUND ( 'NONE', #512, .T. ) ;
#2804 = DIRECTION ( 'NONE',  ( -1.224646799147353207E-16, 1.000000000000000000, 0.000000000000000000 ) ) ;
#2805 = CARTESIAN_POINT ( 'NONE',  ( -0.1183949318767974768, -0.9425935710098397591, 0.1615719367884810020 ) ) ;
#2806 = B_SPLINE_CURVE_WITH_KNOTS ( 'NONE', 3,
 ( #514, #293, #1453, #321, #2879, #974, #2143, #753, #2639, #307 ),
 .UNSPECIFIED., .F., .F.,
 ( 4, 3, 3, 4 ),
 ( 0.000000000000000000, 3.901611057543401609E-05, 7.818766208173321731E-05, 9.769155231930292044E-05 ),
 .UNSPECIFIED. ) ;
#2807 = CARTESIAN_POINT ( 'NONE',  ( -0.3051282051282049879, -0.8996648144921751689, 0.04991987179487193671 ) ) ;
#2808 = ORIENTED_EDGE ( 'NONE', *, *, #2112, .T. ) ;
#2809 = CARTESIAN_POINT ( 'NONE',  ( 0.000000000000000000, 0.000000000000000000, 1.949999999999999956 ) ) ;
#2810 = CARTESIAN_POINT ( 'NONE',  ( -0.2936808740504663340, -0.9037648537402390714, -0.01611360156545644032 ) ) ;
#2811 = ORIENTED_EDGE ( 'NONE', *, *, #962, .T. ) ;
#2812 = EDGE_CURVE ( 'NONE', #1175, #2047, #2486, .T. ) ;
#2813 = VERTEX_POINT ( 'NONE', #1066 ) ;
#2814 = CARTESIAN_POINT ( 'NONE',  ( -0.7500000000000000000, 1.040949779275250140E-16, -1.949999999999999956 ) ) ;
#2815 = CARTESIAN_POINT ( 'NONE',  ( -0.05652277226183664849, 0.9483170230549288204, 0.05735580859640357354 ) ) ;
#2816 = CARTESIAN_POINT ( 'NONE',  ( -0.3029746729828647345, -0.9004088683784664537, 0.3916409632211595993 ) ) ;
#2817 = CARTESIAN_POINT ( 'NONE',  ( 0.000000000000000000, 0.000000000000000000, -3.403937756669170867 ) ) ;
#2818 =( NAMED_UNIT ( * ) SI_UNIT ( $, .STERADIAN. ) SOLID_ANGLE_UNIT ( ) );
#2819 = CARTESIAN_POINT ( 'NONE',  ( -0.07622046272749403995, 0.9469608376381071224, 0.1267015923670771760 ) ) ;
#2820 = CARTESIAN_POINT ( 'NONE',  ( -0.1320524785925844546, 0.9407920503872053697, 0.4104701081965700382 ) ) ;
#2821 = STYLED_ITEM ( 'NONE', ( #562 ), #621 ) ;
#2822 = CARTESIAN_POINT ( 'NONE',  ( -0.2431859358587499242, -0.9183466668967729118, 0.1648411039810512846 ) ) ;
#2823 = VECTOR ( 'NONE', #2386, 1000.000000000000000 ) ;
#2824 = CARTESIAN_POINT ( 'NONE',  ( -0.2025134682630672089, -0.9281870550917754592, 0.3014656431812040571 ) ) ;
#2825 = CIRCLE ( 'NONE', #555, 0.9499999999999999556 ) ;
#2826 = AXIS2_PLACEMENT_3D ( 'NONE', #2122, #1673, #278 ) ;
#2827 = CARTESIAN_POINT ( 'NONE',  ( -0.2184929773995377411, -0.9245327570323069732, 0.09202433067005807987 ) ) ;
#2828 = CARTESIAN_POINT ( 'NONE',  ( -0.3051282051282049879, -0.8996648144921751689, 0.04991987179487193671 ) ) ;
#2829 = ORIENTED_EDGE ( 'NONE', *, *, #213, .T. ) ;
#2830 = CARTESIAN_POINT ( 'NONE',  ( -0.1036415963104232729, -0.9446587913055584096, 0.4862343303415766482 ) ) ;
#2831 =( GEOMETRIC_REPRESENTATION_CONTEXT ( 3 ) GLOBAL_UNCERTAINTY_ASSIGNED_CONTEXT ( ( #2170 ) ) GLOBAL_UNIT_ASSIGNED_CONTEXT ( ( #2718, #153, #2965 ) ) REPRESENTATION_CONTEXT ( 'NONE', 'WORKASPACE' ) );
#2832 = ORIENTED_EDGE ( 'NONE', *, *, #948, .T. ) ;
#2833 = ADVANCED_FACE ( 'NONE', ( #2975 ), #616, .T. ) ;
#2834 = CARTESIAN_POINT ( 'NONE',  ( -0.2943540071655007528, -0.9035553593788775428, 0.2921068441711562325 ) ) ;
#2835 = CARTESIAN_POINT ( 'NONE',  ( 0.000000000000000000, 0.000000000000000000, -3.403937756669170867 ) ) ;
#2836 = SURFACE_STYLE_FILL_AREA ( #469 ) ;
#2837 = CARTESIAN_POINT ( 'NONE',  ( -0.07313755633370404297, -0.9475702256404252566, -0.8181914113942918565 ) ) ;
#2838 = ORIENTED_EDGE ( 'NONE', *, *, #1307, .F. ) ;
#2839 = SURFACE_SIDE_STYLE ('',( #939 ) ) ;
#2840 = B_SPLINE_CURVE_WITH_KNOTS ( 'NONE', 3,
 ( #1689, #779, #311, #531, #1456, #2992, #2240, #2056, #1552, #2774, #2013, #1067, #443, #2517, #1337, #848 ),
 .UNSPECIFIED., .F., .F.,
 ( 4, 3, 3, 3, 3, 4 ),
 ( 3.388131789017201356E-21, 2.615347111879680138E-05, 4.131820958960652067E-05, 5.665200333333435354E-05, 7.042622656311916987E-05, 7.399442628094176223E-05 ),
 .UNSPECIFIED. ) ;
#2841 = AXIS2_PLACEMENT_3D ( 'NONE', #2862, #1438, #681 ) ;
#2842 = CARTESIAN_POINT ( 'NONE',  ( -0.07422041265664044984, -0.9474666294031951486, -0.3107067227807539522 ) ) ;
#2843 = B_SPLINE_CURVE_WITH_KNOTS ( 'NONE', 3,
 ( #1774, #818, #2716, #1743, #2032, #458 ),
 .UNSPECIFIED., .F., .F.,
 ( 4, 2, 4 ),
 ( 0.000000000000000000, 0.0001006461075249894530, 0.0002012922150499789060 ),
 .UNSPECIFIED. ) ;
#2844 = CARTESIAN_POINT ( 'NONE',  ( -0.2382600596745661492, -0.9196371207433907680, 0.05770144533898562828 ) ) ;
#2845 = CARTESIAN_POINT ( 'NONE',  ( -0.2301100389725374840, -0.9217187292874844395, 0.02360022839506250442 ) ) ;
#2846 = ORIENTED_EDGE ( 'NONE', *, *, #2652, .F. ) ;
#2847 =( NAMED_UNIT ( * ) SI_UNIT ( $, .STERADIAN. ) SOLID_ANGLE_UNIT ( ) );
#2848 =( BOUNDED_CURVE ( )  B_SPLINE_CURVE ( 3, ( #2274, #230, #2518, #2090 ),
 .UNSPECIFIED., .F., .T. ) 
 B_SPLINE_CURVE_WITH_KNOTS ( ( 4, 4 ),
 ( 1.514508173468721131, 1.589690838320785060 ),
 .UNSPECIFIED. ) 
 CURVE ( )  GEOMETRIC_REPRESENTATION_ITEM ( )  RATIONAL_B_SPLINE_CURVE ( ( 1.000000000000000000, 0.9995290193749488683, 0.9995290193749488683, 1.000000000000000000 ) ) 
 REPRESENTATION_ITEM ( '' )  );
#2849 = VERTEX_POINT ( 'NONE', #2577 ) ;
#2850 = CYLINDRICAL_SURFACE ( 'NONE', #899, 0.9499999999999999556 ) ;
#2851 = CARTESIAN_POINT ( 'NONE',  ( -0.1923076923076922073, 0.9303320651677496889, -3.403937756669170867 ) ) ;
#2852 = SURFACE_STYLE_FILL_AREA ( #951 ) ;
#2853 = EDGE_CURVE ( 'NONE', #480, #320, #1671, .T. ) ;
#2854 = ORIENTED_EDGE ( 'NONE', *, *, #898, .T. ) ;
#2855 = CARTESIAN_POINT ( 'NONE',  ( 0.01794871794871810700, 0.9498304288261129047, 0.4794871794871796711 ) ) ;
#2856 = CARTESIAN_POINT ( 'NONE',  ( -0.2932276153788412887, 0.9036283491510298527, -0.009961995475837702105 ) ) ;
#2857 = CARTESIAN_POINT ( 'NONE',  ( -0.1986697673539854214, -0.9290321801465356577, 0.001550018055727862875 ) ) ;
#2858 = DIRECTION ( 'NONE',  ( 0.000000000000000000, -1.202998249637175352E-16, 1.000000000000000000 ) ) ;
#2859 = ORIENTED_EDGE ( 'NONE', *, *, #1777, .T. ) ;
#2860 = CARTESIAN_POINT ( 'NONE',  ( 0.000000000000000000, 0.000000000000000000, -1.074358974358973873 ) ) ;
#2861 = VERTEX_POINT ( 'NONE', #275 ) ;
#2862 = CARTESIAN_POINT ( 'NONE',  ( 0.000000000000000000, -3.550000000000000266, -10.16000000000000014 ) ) ;
#2863 = FACE_BOUND ( 'NONE', #683, .T. ) ;
#2864 = EDGE_CURVE ( 'NONE', #12, #20, #905, .T. ) ;
#2865 = ORIENTED_EDGE ( 'NONE', *, *, #394, .F. ) ;
#2866 = B_SPLINE_CURVE_WITH_KNOTS ( 'NONE', 3,
 ( #1150, #2048, #2527, #1101, #2292, #2095, #6, #870, #2763, #929 ),
 .UNSPECIFIED., .F., .F.,
 ( 4, 3, 3, 4 ),
 ( 0.000000000000000000, 2.162775982837937866E-05, 4.323817316993554624E-05, 8.631740333732821106E-05 ),
 .UNSPECIFIED. ) ;
#2867 = AXIS2_PLACEMENT_3D ( 'NONE', #2211, #1439, #2123 ) ;
#2868 = B_SPLINE_CURVE_WITH_KNOTS ( 'NONE', 3,
 ( #2075, #1409, #1628, #2579, #471, #2594, #938, #1876, #486, #1194 ),
 .UNSPECIFIED., .F., .F.,
 ( 4, 3, 3, 4 ),
 ( 0.000000000000000000, 1.747198143736281901E-05, 3.490454424928384077E-05, 6.967682593928877920E-05 ),
 .UNSPECIFIED. ) ;
#2869 = CARTESIAN_POINT ( 'NONE',  ( 0.08205645389567921277, 0.9464995011799967051, -0.3985805146561514078 ) ) ;
#2870 = ORIENTED_EDGE ( 'NONE', *, *, #1512, .F. ) ;
#2871 = CARTESIAN_POINT ( 'NONE',  ( -0.3000000000000000444, -0.9013878188659973922, -1.074358974358973873 ) ) ;
#2872 =( GEOMETRIC_REPRESENTATION_CONTEXT ( 3 ) GLOBAL_UNCERTAINTY_ASSIGNED_CONTEXT ( ( #669 ) ) GLOBAL_UNIT_ASSIGNED_CONTEXT ( ( #2583, #2340, #1161 ) ) REPRESENTATION_CONTEXT ( 'NONE', 'WORKASPACE' ) );
#2873 = VERTEX_POINT ( 'NONE', #2607 ) ;
#2874 = CARTESIAN_POINT ( 'NONE',  ( 0.004695808368944414182, 0.9500161346390285644, 0.1664974078415114578 ) ) ;
#2875 =( NAMED_UNIT ( * ) PLANE_ANGLE_UNIT ( ) SI_UNIT ( $, .RADIAN. ) );
#2876 = CARTESIAN_POINT ( 'NONE',  ( 0.07912653481637582642, 0.9467153961485588187, 0.1230179695643586479 ) ) ;
#2877 = ORIENTED_EDGE ( 'NONE', *, *, #25, .F. ) ;
#2878 = PRESENTATION_STYLE_ASSIGNMENT (( #2907 ) ) ;
#2879 = CARTESIAN_POINT ( 'NONE',  ( 0.09343364090665580435, -0.9454125731888611828, 0.09654102839677140835 ) ) ;
#2880 = CARTESIAN_POINT ( 'NONE',  ( 0.000000000000000000, 0.000000000000000000, 1.749999999999999778 ) ) ;
#2881 = COLOUR_RGB ( '',0.8313725490196077761, 0.8313725490196077761, 0.8196078431372548767 ) ;
#2882 = PRESENTATION_LAYER_ASSIGNMENT (  '', '', ( #750 ) ) ;
#2883 = CARTESIAN_POINT ( 'NONE',  ( -0.3048690931632472845, 0.8997526942975444531, 0.3690113260155166164 ) ) ;
#2884 = ORIENTED_EDGE ( 'NONE', *, *, #2520, .F. ) ;
#2885 = CARTESIAN_POINT ( 'NONE',  ( -0.2347283588889068628, -0.9205447286974615118, 0.3356044760355877399 ) ) ;
#2886 = EDGE_CURVE ( 'NONE', #320, #499, #2682, .T. ) ;
#2887 = FILL_AREA_STYLE ('',( #1928 ) ) ;
#2888 = CARTESIAN_POINT ( 'NONE',  ( -0.2080178003318677582, -0.9278172514217312150, -0.3233162536076102933 ) ) ;
#2889 = EDGE_CURVE ( 'NONE', #1371, #2152, #2321, .T. ) ;
#2890 = CARTESIAN_POINT ( 'NONE',  ( -0.2333765714354174847, 0.9208915271055061469, 0.3312935568087005955 ) ) ;
#2891 = CARTESIAN_POINT ( 'NONE',  ( -0.006410256410256241766, -0.9499783727079026407, -0.06923076923076909583 ) ) ;
#2892 = CARTESIAN_POINT ( 'NONE',  ( 0.03320273410341105513, -0.9494196008341388993, -0.9419288618060448481 ) ) ;
#2893 = CARTESIAN_POINT ( 'NONE',  ( 0.000000000000000000, -1.000000000000000888, 9.160000000000001918 ) ) ;
#2894 = VERTEX_POINT ( 'NONE', #2671 ) ;
#2895 =( LENGTH_UNIT ( ) NAMED_UNIT ( * ) SI_UNIT ( .MILLI., .METRE. ) );
#2896 = CARTESIAN_POINT ( 'NONE',  ( -0.2329068452777726117, 0.9210073061586575571, -0.9126899952657977488 ) ) ;
#2897 = FACE_OUTER_BOUND ( 'NONE', #399, .T. ) ;
#2898 = ORIENTED_EDGE ( 'NONE', *, *, #2648, .F. ) ;
#2899 = ORIENTED_EDGE ( 'NONE', *, *, #2902, .T. ) ;
#2900 = CARTESIAN_POINT ( 'NONE',  ( 0.000000000000000000, -1.000000000000000888, -9.160000000000001918 ) ) ;
#2901 = CARTESIAN_POINT ( 'NONE',  ( -0.2368797715497569512, 0.9201009773178342455, 0.1694532545418101499 ) ) ;
#2902 = EDGE_CURVE ( 'NONE', #2584, #1324, #1210, .T. ) ;
#2903 = CARTESIAN_POINT ( 'NONE',  ( -0.1798498824156861409, -0.9328764793960282464, 0.4176822951352193170 ) ) ;
#2904 = VERTEX_POINT ( 'NONE', #125 ) ;
#2905 = EDGE_CURVE ( 'NONE', #485, #491, #2454, .T. ) ;
#2906 = CARTESIAN_POINT ( 'NONE',  ( 0.007588098775299492726, 0.9499696946519693430, 0.01412565578562962817 ) ) ;
#2907 = SURFACE_STYLE_USAGE ( .BOTH. , #292 ) ;
#2908 = SURFACE_STYLE_USAGE ( .BOTH. , #2235 ) ;
#2909 = CARTESIAN_POINT ( 'NONE',  ( -0.01703180096847438374, 0.9498846961678901746, -0.6782463624347877529 ) ) ;
#2910 = B_SPLINE_CURVE_WITH_KNOTS ( 'NONE', 3,
 ( #2766, #1572, #2529, #1187, #494, #3044, #1373, #1621, #1169, #255 ),
 .UNSPECIFIED., .F., .F.,
 ( 4, 3, 3, 4 ),
 ( 0.000000000000000000, 2.161275432765606599E-05, 4.323941805456862783E-05, 8.648921343728265042E-05 ),
 .UNSPECIFIED. ) ;
#2911 = CARTESIAN_POINT ( 'NONE',  ( -0.2656403077225787945, 0.9121891843089890983, 0.4568342145116234820 ) ) ;
#2912 = CARTESIAN_POINT ( 'NONE',  ( -0.08661858974358957464, 0.9460429270973024218, 0.1091346153846155104 ) ) ;
#2913 = CARTESIAN_POINT ( 'NONE',  ( -0.2347851832213166123, 0.9205302372725804316, 0.03254065791913719752 ) ) ;
#2914 = VERTEX_POINT ( 'NONE', #303 ) ;
#2915 = DIRECTION ( 'NONE',  ( -1.000000000000000000, 0.000000000000000000, 0.000000000000000000 ) ) ;
#2916 = SURFACE_STYLE_USAGE ( .BOTH. , #1707 ) ;
#2917 = ORIENTED_EDGE ( 'NONE', *, *, #2092, .T. ) ;
#2918 = CARTESIAN_POINT ( 'NONE',  ( -0.05313085063262041469, -0.9485380094463929934, 0.1505780897612501446 ) ) ;
#2919 = AXIS2_PLACEMENT_3D ( 'NONE', #1139, #215, #2755 ) ;
#2920 = ORIENTED_EDGE ( 'NONE', *, *, #384, .F. ) ;
#2921 = CARTESIAN_POINT ( 'NONE',  ( -0.1256410256410255277, -0.9416551028247397426, -3.403937756669170867 ) ) ;
#2922 = FACE_OUTER_BOUND ( 'NONE', #1855, .T. ) ;
#2923 = AXIS2_PLACEMENT_3D ( 'NONE', #956, #2601, #1358 ) ;
#2924 = CARTESIAN_POINT ( 'NONE',  ( -3.673940397442064429E-17, 0.3000000000000000444, -1.949999999999999956 ) ) ;
#2925 = EDGE_CURVE ( 'NONE', #1840, #1823, #1308, .T. ) ;
#2926 = ORIENTED_EDGE ( 'NONE', *, *, #2902, .F. ) ;
#2927 = COLOUR_RGB ( '',0.8313725490196077761, 0.8313725490196077761, 0.8196078431372548767 ) ;
#2928 = CARTESIAN_POINT ( 'NONE',  ( -0.05897435897435880647, 0.9481677198595001022, 0.03541666666666680452 ) ) ;
#2929 = CARTESIAN_POINT ( 'NONE',  ( -0.2384615384615383360, 0.9195847403445516210, 0.3559294871794874138 ) ) ;
#2930 = CARTESIAN_POINT ( 'NONE',  ( -0.1024038461538461092, 0.9444646379261106839, -0.6897435897435899577 ) ) ;
#2931 = MECHANICAL_DESIGN_GEOMETRIC_PRESENTATION_REPRESENTATION (  '', ( #748 ), #2161 ) ;
#2932 = CARTESIAN_POINT ( 'NONE',  ( 0.000000000000000000, 0.000000000000000000, -1.949999999999999956 ) ) ;
#2933 = CARTESIAN_POINT ( 'NONE',  ( -0.2248347566050417079, 0.9230110141389807898, 0.01774960694166972247 ) ) ;
#2934 = VERTEX_POINT ( 'NONE', #1682 ) ;
#2935 = VECTOR ( 'NONE', #430, 1000.000000000000000 ) ;
#2936 = CARTESIAN_POINT ( 'NONE',  ( 3.673940397442081685E-17, -1.000000000000000666, 10.46000000000000263 ) ) ;
#2937 = FILL_AREA_STYLE ('',( #398 ) ) ;
#2938 = VERTEX_POINT ( 'NONE', #2924 ) ;
#2939 = CARTESIAN_POINT ( 'NONE',  ( -0.1005608974358973839, -0.9446626413206393735, -0.3102564102564104309 ) ) ;
#2940 = VERTEX_POINT ( 'NONE', #2705 ) ;
#2941 = CARTESIAN_POINT ( 'NONE',  ( 0.03327503440468156104, -0.9494170723760403385, -0.9477439543480007389 ) ) ;
#2942 = VERTEX_POINT ( 'NONE', #2469 ) ;
#2943 = CARTESIAN_POINT ( 'NONE',  ( -0.2804567040104704589, 0.9076585465774272832, 0.2786410592644256723 ) ) ;
#2944 = CARTESIAN_POINT ( 'NONE',  ( -0.2326911711465245169, 0.9210649951867123653, 0.3846529705611296257 ) ) ;
#2945 = DIRECTION ( 'NONE',  ( -0.000000000000000000, -0.000000000000000000, -1.000000000000000000 ) ) ;
#2946 = EDGE_CURVE ( 'NONE', #158, #2068, #40, .T. ) ;
#2947 = B_SPLINE_CURVE_WITH_KNOTS ( 'NONE', 3,
 ( #415, #2779, #445, #2552, #2524, #2082, #1588, #1368, #915, #1099, #1616, #208, #2046, #2303, #1071, #1850 ),
 .UNSPECIFIED., .F., .F.,
 ( 4, 3, 3, 3, 3, 4 ),
 ( 0.000000000000000000, 5.286569401393957510E-05, 8.718701487257787754E-05, 0.0001214224292972755073, 0.0001571409686069689948, 0.0001760655850180813575 ),
 .UNSPECIFIED. ) ;
#2948 = DIRECTION ( 'NONE',  ( -1.000000000000000000, 0.000000000000000000, 0.000000000000000000 ) ) ;
#2949 = CARTESIAN_POINT ( 'NONE',  ( 0.000000000000000000, -1.000000000000000444, 9.860000000000002984 ) ) ;
#2950 = SURFACE_SIDE_STYLE ('',( #1554 ) ) ;
#2951 = ORIENTED_EDGE ( 'NONE', *, *, #1451, .F. ) ;
#2952 = CARTESIAN_POINT ( 'NONE',  ( 0.1000032999662238409, 0.9447218320790926605, -0.9212786895271017906 ) ) ;
#2953 = CARTESIAN_POINT ( 'NONE',  ( -0.07221216654731858753, 0.9472828039211654838, 0.4599848869436911070 ) ) ;
#2954 = FACE_OUTER_BOUND ( 'NONE', #1201, .T. ) ;
#2955 = CARTESIAN_POINT ( 'NONE',  ( 0.02591380116958132140, -0.9496505460561855960, 0.07518602291462123111 ) ) ;
#2956 = EDGE_LOOP ( 'NONE', ( #2291, #2187 ) ) ;
#2957 =( NAMED_UNIT ( * ) PLANE_ANGLE_UNIT ( ) SI_UNIT ( $, .RADIAN. ) );
#2958 =( NAMED_UNIT ( * ) SI_UNIT ( $, .STERADIAN. ) SOLID_ANGLE_UNIT ( ) );
#2959 = CARTESIAN_POINT ( 'NONE',  ( 0.000000000000000000, 0.000000000000000000, 1.949999999999999956 ) ) ;
#2960 = CARTESIAN_POINT ( 'NONE',  ( 0.08942307692307699396, -0.9457819586530552547, -0.5848557692307693179 ) ) ;
#2961 = EDGE_CURVE ( 'NONE', #495, #2914, #2077, .T. ) ;
#2962 = CARTESIAN_POINT ( 'NONE',  ( -0.09975961538461532163, 0.9447475954657486019, -0.6128205128205129748 ) ) ;
#2963 =( NAMED_UNIT ( * ) PLANE_ANGLE_UNIT ( ) SI_UNIT ( $, .RADIAN. ) );
#2964 = ORIENTED_EDGE ( 'NONE', *, *, #2540, .F. ) ;
#2965 =( NAMED_UNIT ( * ) SI_UNIT ( $, .STERADIAN. ) SOLID_ANGLE_UNIT ( ) );
#2966 = CARTESIAN_POINT ( 'NONE',  ( -0.09105434515861456080, 0.9456263036886495277, 0.4742665415399142659 ) ) ;
#2967 = CARTESIAN_POINT ( 'NONE',  ( -0.005860484209865038548, 0.9502803456124769843, 0.3410766125269730775 ) ) ;
#2968 = DIRECTION ( 'NONE',  ( 0.000000000000000000, 0.000000000000000000, 1.000000000000000000 ) ) ;
#2969 = CIRCLE ( 'NONE', #2919, 0.2000000000000000944 ) ;
#2970 = EDGE_LOOP ( 'NONE', ( #3021, #10 ) ) ;
#2971 =( NAMED_UNIT ( * ) SI_UNIT ( $, .STERADIAN. ) SOLID_ANGLE_UNIT ( ) );
#2972 = CARTESIAN_POINT ( 'NONE',  ( -0.2020682658466719517, 0.9282860263831009817, 0.4131250246484551858 ) ) ;
#2973 = PLANE ( 'NONE',  #838 ) ;
#2974 = FACE_OUTER_BOUND ( 'NONE', #2956, .T. ) ;
#2975 = FACE_OUTER_BOUND ( 'NONE', #2558, .T. ) ;
#2976 = AXIS2_PLACEMENT_3D ( 'NONE', #825, #858, #1346 ) ;
#2977 = CARTESIAN_POINT ( 'NONE',  ( -0.1750801282051280550, 0.9337274488348705770, 0.1051282051282052682 ) ) ;
#2978 =( GEOMETRIC_REPRESENTATION_CONTEXT ( 3 ) GLOBAL_UNCERTAINTY_ASSIGNED_CONTEXT ( ( #1615 ) ) GLOBAL_UNIT_ASSIGNED_CONTEXT ( ( #270, #3027, #2847 ) ) REPRESENTATION_CONTEXT ( 'NONE', 'WORKASPACE' ) );
#2979 = STYLED_ITEM ( 'NONE', ( #2878 ), #1988 ) ;
#2980 = CARTESIAN_POINT ( 'NONE',  ( -0.3029343442129754926, -0.9004218355124609108, 0.08177599286400387413 ) ) ;
#2981 = ORIENTED_EDGE ( 'NONE', *, *, #414, .F. ) ;
#2982 = EDGE_CURVE ( 'NONE', #1865, #1401, #1781, .T. ) ;
#2983 = PRODUCT_DEFINITION_FORMATION_WITH_SPECIFIED_SOURCE ( 'ANY', '', #937, .NOT_KNOWN. ) ;
#2984 = CARTESIAN_POINT ( 'NONE',  ( -0.01794871794871778087, 0.9498304288261129047, 0.007692307692307823706 ) ) ;
#2985 = CARTESIAN_POINT ( 'NONE',  ( 0.07969601439945613042, -0.9467371151646011285, -0.8129100294811857363 ) ) ;
#2986 = CARTESIAN_POINT ( 'NONE',  ( -0.2191080111250772178, 0.9243871913114585226, -0.8573728654784197323 ) ) ;
#2987 = SURFACE_STYLE_USAGE ( .BOTH. , #2284 ) ;
#2988 = CARTESIAN_POINT ( 'NONE',  ( -0.03131110350267320847, 0.9494948091191617312, 0.08589372209905690725 ) ) ;
#2989 = CARTESIAN_POINT ( 'NONE',  ( -0.2879324266574571078, -0.9053226047882217964, -0.8421530298312275287 ) ) ;
#2990 = SURFACE_SIDE_STYLE ('',( #635 ) ) ;
#2991 = B_SPLINE_CURVE_WITH_KNOTS ( 'NONE', 3,
 ( #1012, #983, #2136, #2194, #2901, #2432, #1230, #2394, #297, #1481, #341, #1945, #1000, #69, #1211, #2148 ),
 .UNSPECIFIED., .F., .F.,
 ( 4, 3, 3, 3, 3, 4 ),
 ( 0.000000000000000000, 4.470869486728626868E-05, 8.961017028050152257E-05, 0.0001320105171074983192, 0.0001787820496056272200, 0.0002046915779044963476 ),
 .UNSPECIFIED. ) ;
#2992 = CARTESIAN_POINT ( 'NONE',  ( 0.01641038434069588825, -0.9498657700355888078, 0.01901963532566008572 ) ) ;
#2993 = FACE_BOUND ( 'NONE', #1477, .T. ) ;
#2994 = CARTESIAN_POINT ( 'NONE',  ( -0.1769230769230767664, 0.9333800002421688280, 0.2948717948717950454 ) ) ;
#2995 = UNCERTAINTY_MEASURE_WITH_UNIT (LENGTH_MEASURE( 1.000000000000000082E-05 ), #786, 'distance_accuracy_value', 'NONE');
#2996 = CARTESIAN_POINT ( 'NONE',  ( -0.2355988318505196077, 0.9203223296377165408, 0.06884412821664565030 ) ) ;
#2997 = CARTESIAN_POINT ( 'NONE',  ( -0.2384615384615384193, -0.9195847403445515100, -0.4995993589743591423 ) ) ;
#2998 = ORIENTED_EDGE ( 'NONE', *, *, #2540, .T. ) ;
#2999 = CARTESIAN_POINT ( 'NONE',  ( 0.000000000000000000, 0.000000000000000000, -1.074358974358973873 ) ) ;
#3000 = EDGE_CURVE ( 'NONE', #1708, #1116, #726, .T. ) ;
#3001 = ORIENTED_EDGE ( 'NONE', *, *, #775, .F. ) ;
#3002 = CARTESIAN_POINT ( 'NONE',  ( -3.673940397442059498E-17, -3.550000000000000266, -10.46000000000000085 ) ) ;
#3003 = CARTESIAN_POINT ( 'NONE',  ( -0.1256410256410255277, 0.9416551028247397426, -0.2538461538461535549 ) ) ;
#3004 = EDGE_CURVE ( 'NONE', #24, #643, #2254, .T. ) ;
#3005 = SURFACE_STYLE_USAGE ( .BOTH. , #2534 ) ;
#3006 = DIRECTION ( 'NONE',  ( -0.000000000000000000, -0.000000000000000000, -1.000000000000000000 ) ) ;
#3007 = LINE ( 'NONE', #2596, #2431 ) ;
#3008 = CARTESIAN_POINT ( 'NONE',  ( -0.2978473244988015245, -0.9021014196241572414, 0.09661113728042886040 ) ) ;
#3009 = VERTEX_POINT ( 'NONE', #3003 ) ;
#3010 = VERTEX_POINT ( 'NONE', #1079 ) ;
#3011 = CARTESIAN_POINT ( 'NONE',  ( -0.04718386398634278472, 0.9488275306815876498, 0.3421354540252620757 ) ) ;
#3012 = CARTESIAN_POINT ( 'NONE',  ( -0.2454876160995368983, -0.9177698787529517954, -0.7827661024023999659 ) ) ;
#3013 = CARTESIAN_POINT ( 'NONE',  ( -0.1769230769230767664, 0.9333800002421688280, -0.002564102564102431828 ) ) ;
#3014 = CARTESIAN_POINT ( 'NONE',  ( -0.1125325221874786397, -0.9433156646366753773, 0.3920900723958362644 ) ) ;
#3015 = EDGE_CURVE ( 'NONE', #1193, #2435, #828, .T. ) ;
#3016 = AXIS2_PLACEMENT_3D ( 'NONE', #439, #879, #2532 ) ;
#3017 = CARTESIAN_POINT ( 'NONE',  ( -0.1403682638828550044, -0.9396009130154364675, -0.7428041190834477892 ) ) ;
#3018 = CARTESIAN_POINT ( 'NONE',  ( 0.000000000000000000, -0.2999999999999999889, 1.949999999999999956 ) ) ;
#3019 = PRESENTATION_LAYER_ASSIGNMENT (  '', '', ( #1275 ) ) ;
#3020 = UNCERTAINTY_MEASURE_WITH_UNIT (LENGTH_MEASURE( 1.000000000000000082E-05 ), #393, 'distance_accuracy_value', 'NONE');
#3021 = ORIENTED_EDGE ( 'NONE', *, *, #2484, .T. ) ;
#3022 =( BOUNDED_CURVE ( )  B_SPLINE_CURVE ( 3, ( #2363, #1655, #2572, #26 ),
 .UNSPECIFIED., .F., .F. ) 
 B_SPLINE_CURVE_WITH_KNOTS ( ( 4, 4 ),
 ( 1.443002754820136291, 1.508678112923220516 ),
 .UNSPECIFIED. ) 
 CURVE ( )  GEOMETRIC_REPRESENTATION_ITEM ( )  RATIONAL_B_SPLINE_CURVE ( ( 1.000000000000000000, 0.9996405945758773948, 0.9996405945758773948, 1.000000000000000000 ) ) 
 REPRESENTATION_ITEM ( '' )  );
#3023 = AXIS2_PLACEMENT_3D ( 'NONE', #628, #2262, #185 ) ;
#3024 = CIRCLE ( 'NONE', #369, 0.2999999999999999889 ) ;
#3025 = CARTESIAN_POINT ( 'NONE',  ( -0.2381727223345586897, -0.9196596345168344122, 0.04567173427455557128 ) ) ;
#3026 = ORIENTED_EDGE ( 'NONE', *, *, #714, .F. ) ;
#3027 =( NAMED_UNIT ( * ) PLANE_ANGLE_UNIT ( ) SI_UNIT ( $, .RADIAN. ) );
#3028 = CIRCLE ( 'NONE', #371, 0.2999999999999999889 ) ;
#3029 = VERTEX_POINT ( 'NONE', #437 ) ;
#3030 = CARTESIAN_POINT ( 'NONE',  ( -0.2179511923179655863, -0.9252496702652798222, 0.2326894101406020154 ) ) ;
#3031 = CARTESIAN_POINT ( 'NONE',  ( -0.1264423076923075207, -0.9415478441510257701, 0.2384615384615386413 ) ) ;
#3032 = CARTESIAN_POINT ( 'NONE',  ( -0.2633222229471904319, -0.9127848906220679126, -0.7999998021993501851 ) ) ;
#3033 = CARTESIAN_POINT ( 'NONE',  ( -0.3010291529077547268, 0.9011019836252747162, -0.4457860852216288805 ) ) ;
#3034 = SURFACE_STYLE_USAGE ( .BOTH. , #2121 ) ;
#3035 = CARTESIAN_POINT ( 'NONE',  ( -0.1038461538461538519, -0.9443071408876250183, -0.7410256410256407245 ) ) ;
#3036 = CARTESIAN_POINT ( 'NONE',  ( 0.000000000000000000, -3.550000000000000266, 10.16000000000000014 ) ) ;
#3037 = ADVANCED_FACE ( 'NONE', ( #1361 ), #515, .T. ) ;
#3038 = CARTESIAN_POINT ( 'NONE',  ( -0.1867089767724500748, 0.9314898798208400832, 0.1046655643200131991 ) ) ;
#3039 = EDGE_CURVE ( 'NONE', #45, #2402, #2460, .T. ) ;
#3040 = VERTEX_POINT ( 'NONE', #433 ) ;
#3041 = CARTESIAN_POINT ( 'NONE',  ( -0.2377387771597513355, -0.9197718596640531707, 0.06073493475702144290 ) ) ;
#3042 = CARTESIAN_POINT ( 'NONE',  ( -0.2050642199885708838, 0.9276349288832234086, -0.4194264148127394565 ) ) ;
#3043 = ORIENTED_EDGE ( 'NONE', *, *, #1814, .T. ) ;
#3044 = CARTESIAN_POINT ( 'NONE',  ( 0.1027792951162850577, -0.9444246698742255752, -0.5365047281278173541 ) ) ;
#3045 = CARTESIAN_POINT ( 'NONE',  ( -0.3051282051282049879, -0.8996648144921751689, 0.3591346153846155520 ) ) ;
#3046 = DIRECTION ( 'NONE',  ( 1.000000000000000000, 0.000000000000000000, 0.000000000000000000 ) ) ;
#3047 = CARTESIAN_POINT ( 'NONE',  ( 0.02588166355994479459, -0.9496999205526854837, 0.1629042429818333138 ) ) ;
#3048 = CARTESIAN_POINT ( 'NONE',  ( -0.007798134717301015428, -0.9500500854332232237, -0.8349553022589414342 ) ) ;
ENDSEC;
END-ISO-10303-21;
