ISO-10303-21;
HEADER;
FILE_DESCRIPTION (( 'STEP AP214' ),
    '1' );
FILE_NAME ('DO-35_3.90x1.90x0.60x15.24.STEP',
    '2026-02-17T20:46:34',
    ( '' ),
    ( '' ),
    'SwSTEP 2.0',
    'SolidWorks 2026',
    '' );
FILE_SCHEMA (( 'AUTOMOTIVE_DESIGN' ));
ENDSEC;

DATA;
#1 = CARTESIAN_POINT ( 'NONE',  ( -0.1697916666666665075, -0.9347035839936399526, 0.4179487179487181292 ) ) ;
#2 = DIRECTION ( 'NONE',  ( -0.000000000000000000, -0.000000000000000000, -1.000000000000000000 ) ) ;
#3 = FACE_OUTER_BOUND ( 'NONE', #1019, .T. ) ;
#4 = ORIENTED_EDGE ( 'NONE', *, *, #957, .T. ) ;
#5 = CARTESIAN_POINT ( 'NONE',  ( 0.000000000000000000, -1.000000000000000444, -7.620000000000000107 ) ) ;
#6 = ORIENTED_EDGE ( 'NONE', *, *, #536, .T. ) ;
#7 = CARTESIAN_POINT ( 'NONE',  ( -0.05344551282051267227, -0.9484954281172642832, 0.3306089743589745167 ) ) ;
#8 = CARTESIAN_POINT ( 'NONE',  ( -0.09863782051282046770, 0.9448653768471362291, -0.3871794871794873028 ) ) ;
#9 = CARTESIAN_POINT ( 'NONE',  ( 0.000000000000000000, 0.000000000000000000, -3.403937756669170867 ) ) ;
#10 = EDGE_CURVE ( 'NONE', #1435, #84, #2218, .T. ) ;
#11 = DIRECTION ( 'NONE',  ( 0.000000000000000000, -1.392979236598078510E-16, -1.000000000000000000 ) ) ;
#12 = SURFACE_STYLE_USAGE ( .BOTH. , #2638 ) ;
#13 = CARTESIAN_POINT ( 'NONE',  ( 0.09806330266152527009, -0.9449253467494451719, -0.8832329212920425610 ) ) ;
#14 = CARTESIAN_POINT ( 'NONE',  ( -0.2374843010975431767, 0.9198381520368476005, -0.5338040744776268998 ) ) ;
#15 =( NAMED_UNIT ( * ) PLANE_ANGLE_UNIT ( ) SI_UNIT ( $, .RADIAN. ) );
#16 = VERTEX_POINT ( 'NONE', #30 ) ;
#17 = STYLED_ITEM ( 'NONE', ( #1311 ), #383 ) ;
#18 = CARTESIAN_POINT ( 'NONE',  ( 0.07149296914551502014, -0.9474772388308623228, -0.6239413857869726687 ) ) ;
#19 = LINE ( 'NONE', #2349, #34 ) ;
#20 = ORIENTED_EDGE ( 'NONE', *, *, #633, .F. ) ;
#21 = ORIENTED_EDGE ( 'NONE', *, *, #1782, .T. ) ;
#22 = ORIENTED_EDGE ( 'NONE', *, *, #670, .F. ) ;
#23 = CARTESIAN_POINT ( 'NONE',  ( -0.2384615384615384193, 0.9195847403445515100, -0.4995993589743591423 ) ) ;
#24 = AXIS2_PLACEMENT_3D ( 'NONE', #2763, #3000, #1107 ) ;
#25 = CARTESIAN_POINT ( 'NONE',  ( 0.03160741244694844493, -0.9494764195078105873, -0.9012333957444926824 ) ) ;
#26 = CARTESIAN_POINT ( 'NONE',  ( -0.2634811837731976247, 0.9127927937421426163, 0.2598256870449964784 ) ) ;
#27 = CARTESIAN_POINT ( 'NONE',  ( -0.1832296220855664515, -0.9321680191945668215, -0.05387158863181520929 ) ) ;
#28 = PRESENTATION_LAYER_ASSIGNMENT (  '', '', ( #1336 ) ) ;
#29 = EDGE_CURVE ( 'NONE', #457, #389, #1266, .T. ) ;
#30 = CARTESIAN_POINT ( 'NONE',  ( 0.1000000000000001582, -0.9447221813845592120, 0.05096153846153859968 ) ) ;
#31 = DIRECTION ( 'NONE',  ( 0.000000000000000000, 0.000000000000000000, 1.000000000000000000 ) ) ;
#32 = ORIENTED_EDGE ( 'NONE', *, *, #2631, .F. ) ;
#33 = CARTESIAN_POINT ( 'NONE',  ( -0.02966977484752853292, 0.9498351356909471299, 0.3358391030264321619 ) ) ;
#34 = VECTOR ( 'NONE', #2799, 1000.000000000000000 ) ;
#35 = EDGE_LOOP ( 'NONE', ( #491, #2630, #2611, #916 ) ) ;
#36 = CARTESIAN_POINT ( 'NONE',  ( -0.1024038461538461092, 0.9444646379261106839, -0.6897435897435899577 ) ) ;
#37 = VERTEX_POINT ( 'NONE', #1921 ) ;
#38 = EDGE_LOOP ( 'NONE', ( #1434, #2933, #1387, #747 ) ) ;
#39 = DIRECTION ( 'NONE',  ( -0.000000000000000000, -0.000000000000000000, -1.000000000000000000 ) ) ;
#40 = FILL_AREA_STYLE ('',( #308 ) ) ;
#41 = VERTEX_POINT ( 'NONE', #42 ) ;
#42 = CARTESIAN_POINT ( 'NONE',  ( 0.09487179487179507598, 0.9452509415693823858, 0.2846153846153848810 ) ) ;
#43 = CARTESIAN_POINT ( 'NONE',  ( -0.2061671712878757057, -0.9273976589447068264, -0.7596578043147881321 ) ) ;
#44 = CARTESIAN_POINT ( 'NONE',  ( -0.05990464990119356153, 0.9483016396439767348, -0.6109638081321525638 ) ) ;
#45 = ADVANCED_FACE ( 'NONE', ( #965 ), #2400, .T. ) ;
#46 = CARTESIAN_POINT ( 'NONE',  ( -0.2384615384615383360, 0.9195847403445516210, 0.3559294871794874138 ) ) ;
#47 = CARTESIAN_POINT ( 'NONE',  ( 0.03846153846153854000, -0.9492211070447030830, -0.4995993589743591423 ) ) ;
#48 = ADVANCED_FACE ( 'NONE', ( #1665 ), #2341, .T. ) ;
#49 = ORIENTED_EDGE ( 'NONE', *, *, #1915, .T. ) ;
#50 = CARTESIAN_POINT ( 'NONE',  ( -0.1218064466923981792, -0.9421587921094722873, 0.4028012075288823213 ) ) ;
#51 = CARTESIAN_POINT ( 'NONE',  ( -0.2195309762572095758, -0.9242975869543880174, 0.3131161796895957639 ) ) ;
#52 = DIRECTION ( 'NONE',  ( 0.000000000000000000, 0.000000000000000000, -1.000000000000000000 ) ) ;
#53 =( LENGTH_UNIT ( ) NAMED_UNIT ( * ) SI_UNIT ( .MILLI., .METRE. ) );
#54 = ORIENTED_EDGE ( 'NONE', *, *, #230, .T. ) ;
#55 = CARTESIAN_POINT ( 'NONE',  ( -0.006585165848910100664, 0.9500056921292835410, 0.009337532231834429208 ) ) ;
#56 = DIRECTION ( 'NONE',  ( -1.000000000000000000, -1.224646799147353454E-16, 0.000000000000000000 ) ) ;
#57 = VERTEX_POINT ( 'NONE', #802 ) ;
#58 = CARTESIAN_POINT ( 'NONE',  ( -0.2072999972993954387, 0.9279914815233775149, -0.3228985535845663724 ) ) ;
#59 =( NAMED_UNIT ( * ) SI_UNIT ( $, .STERADIAN. ) SOLID_ANGLE_UNIT ( ) );
#60 = ORIENTED_EDGE ( 'NONE', *, *, #693, .F. ) ;
#61 = EDGE_CURVE ( 'NONE', #41, #3013, #831, .T. ) ;
#62 = CARTESIAN_POINT ( 'NONE',  ( -0.2106629758457641277, 0.9263658942915727890, -0.8458224585877719415 ) ) ;
#63 = VERTEX_POINT ( 'NONE', #2185 ) ;
#64 = CARTESIAN_POINT ( 'NONE',  ( -0.2977923710893177200, -0.9021195617654492738, 0.4067752842223704146 ) ) ;
#65 = DIRECTION ( 'NONE',  ( 0.000000000000000000, -0.000000000000000000, 1.000000000000000000 ) ) ;
#66 = CARTESIAN_POINT ( 'NONE',  ( -0.1367644778173238707, -0.9401144646700109186, 0.09575603510188955558 ) ) ;
#67 = ORIENTED_EDGE ( 'NONE', *, *, #2861, .T. ) ;
#68 = MECHANICAL_DESIGN_GEOMETRIC_PRESENTATION_REPRESENTATION (  '', ( #1335 ), #1490 ) ;
#69 = VERTEX_POINT ( 'NONE', #2437 ) ;
#70 = DIRECTION ( 'NONE',  ( -1.000000000000000000, 1.224646799147353454E-16, 0.000000000000000000 ) ) ;
#71 = CARTESIAN_POINT ( 'NONE',  ( -0.03987552823883827591, 0.9491661930768422462, 0.3626370561216222810 ) ) ;
#72 = CARTESIAN_POINT ( 'NONE',  ( -0.2081256919521654869, 0.9269216236274253617, 0.3049302240604106484 ) ) ;
#73 = CIRCLE ( 'NONE', #3031, 0.9499999999999999556 ) ;
#74 =( LENGTH_UNIT ( ) NAMED_UNIT ( * ) SI_UNIT ( .MILLI., .METRE. ) );
#75 = CARTESIAN_POINT ( 'NONE',  ( 0.03333333333333334675, 0.9494150245750743178, -0.9974358974358968899 ) ) ;
#76 = ORIENTED_EDGE ( 'NONE', *, *, #2850, .T. ) ;
#77 = VECTOR ( 'NONE', #1693, 1000.000000000000000 ) ;
#78 = FILL_AREA_STYLE_COLOUR ( '', #1590 ) ;
#79 = CARTESIAN_POINT ( 'NONE',  ( -0.1004424037486963128, -0.9449042292405355203, 0.03060102275738867811 ) ) ;
#80 = CARTESIAN_POINT ( 'NONE',  ( -0.1051282051282049629, 0.9441652718070718819, 0.3616185897435899022 ) ) ;
#81 = ORIENTED_EDGE ( 'NONE', *, *, #1595, .F. ) ;
#82 = EDGE_CURVE ( 'NONE', #2412, #1653, #2770, .T. ) ;
#83 = VECTOR ( 'NONE', #1798, 1000.000000000000000 ) ;
#84 = VERTEX_POINT ( 'NONE', #2474 ) ;
#85 = CARTESIAN_POINT ( 'NONE',  ( 0.1037038834930865960, -0.9443229681074207793, -0.5293414716415066890 ) ) ;
#86 = ORIENTED_EDGE ( 'NONE', *, *, #1307, .F. ) ;
#87 = CARTESIAN_POINT ( 'NONE',  ( -0.1150928127041038612, 0.9430066884726541199, 0.3956239190124102856 ) ) ;
#88 = CARTESIAN_POINT ( 'NONE',  ( 3.061616997868390876E-18, 0.000000000000000000, -1.949999999999999956 ) ) ;
#89 = DIRECTION ( 'NONE',  ( 0.000000000000000000, -1.000000000000000000, -3.401418580346681312E-16 ) ) ;
#90 = ORIENTED_EDGE ( 'NONE', *, *, #1170, .T. ) ;
#91 = CARTESIAN_POINT ( 'NONE',  ( -0.1185242201216903934, -0.9426061861395703678, -0.7413154494306914977 ) ) ;
#92 = CARTESIAN_POINT ( 'NONE',  ( -0.03375578327137302576, 0.9494364027465416189, -0.6828409205549131888 ) ) ;
#93 = VERTEX_POINT ( 'NONE', #152 ) ;
#94 = DIRECTION ( 'NONE',  ( -0.000000000000000000, -0.000000000000000000, -1.000000000000000000 ) ) ;
#95 = CARTESIAN_POINT ( 'NONE',  ( -0.1020359906863540084, 0.9445044502868003011, 0.1444802666741267783 ) ) ;
#96 = CARTESIAN_POINT ( 'NONE',  ( -0.3000000000000000444, -0.9013878188659973922, -0.9233173076923076872 ) ) ;
#97 = VERTEX_POINT ( 'NONE', #2693 ) ;
#98 = ORIENTED_EDGE ( 'NONE', *, *, #1402, .T. ) ;
#99 = EDGE_CURVE ( 'NONE', #1168, #2941, #119, .T. ) ;
#100 = CARTESIAN_POINT ( 'NONE',  ( 0.000000000000000000, 0.000000000000000000, -1.949999999999999956 ) ) ;
#101 = SURFACE_STYLE_FILL_AREA ( #375 ) ;
#102 = CARTESIAN_POINT ( 'NONE',  ( -0.05344551282051267227, -0.9484954281172642832, 0.3306089743589745167 ) ) ;
#103 = CARTESIAN_POINT ( 'NONE',  ( -0.3051282051282049879, -0.8996648144921751689, 0.3591346153846155520 ) ) ;
#104 = VERTEX_POINT ( 'NONE', #2739 ) ;
#105 = ADVANCED_FACE ( 'NONE', ( #1046 ), #1755, .T. ) ;
#106 = DIRECTION ( 'NONE',  ( 1.224646799147353207E-16, 1.000000000000000000, -0.000000000000000000 ) ) ;
#107 = SURFACE_SIDE_STYLE ('',( #1243 ) ) ;
#108 = CARTESIAN_POINT ( 'NONE',  ( -0.2295269685833188911, 0.9218683168620035451, 0.3246874672559956210 ) ) ;
#109 = SURFACE_STYLE_FILL_AREA ( #334 ) ;
#110 = SURFACE_STYLE_USAGE ( .BOTH. , #1523 ) ;
#111 = ORIENTED_EDGE ( 'NONE', *, *, #2931, .T. ) ;
#112 = CARTESIAN_POINT ( 'NONE',  ( -0.1155170179946206771, -0.9429506012228647815, 0.05355961036701934602 ) ) ;
#113 = CARTESIAN_POINT ( 'NONE',  ( -3.673940397442058882E-17, 0.2999999999999999889, -1.949999999999999956 ) ) ;
#114 = CARTESIAN_POINT ( 'NONE',  ( 0.09918598417632246145, 0.9448081629561873029, -0.8958240113664395210 ) ) ;
#115 =( NAMED_UNIT ( * ) PLANE_ANGLE_UNIT ( ) SI_UNIT ( $, .RADIAN. ) );
#116 = CARTESIAN_POINT ( 'NONE',  ( -0.2207462736244858725, 0.9240069210802155375, 0.01350108119657112034 ) ) ;
#117 =( NAMED_UNIT ( * ) SI_UNIT ( $, .STERADIAN. ) SOLID_ANGLE_UNIT ( ) );
#118 = ORIENTED_EDGE ( 'NONE', *, *, #2781, .T. ) ;
#119 = LINE ( 'NONE', #1999, #2479 ) ;
#120 = VECTOR ( 'NONE', #1153, 1000.000000000000000 ) ;
#121 = CARTESIAN_POINT ( 'NONE',  ( -0.2735766609085925616, -0.9097621939302622529, -0.8131185152579690767 ) ) ;
#122 = CARTESIAN_POINT ( 'NONE',  ( -0.1681089743589742058, 0.9350076859256152284, 0.4948717948717950565 ) ) ;
#123 = LINE ( 'NONE', #2189, #77 ) ;
#124 = EDGE_CURVE ( 'NONE', #775, #2160, #2769, .T. ) ;
#125 = B_SPLINE_CURVE_WITH_KNOTS ( 'NONE', 3,
 ( #2600, #688, #1645, #2588, #2164, #511, #2364, #51, #458, #1876, #1629, #1407, #2866, #2123, #748, #2829 ),
 .UNSPECIFIED., .F., .F.,
 ( 4, 3, 3, 3, 3, 4 ),
 ( 0.000000000000000000, 2.068729768140058017E-05, 4.146564885644954418E-05, 6.119910409666586568E-05, 8.401866900971979553E-05, 9.537548803894077684E-05 ),
 .UNSPECIFIED. ) ;
#126 = AXIS2_PLACEMENT_3D ( 'NONE', #379, #1302, #2910 ) ;
#127 = AXIS2_PLACEMENT_3D ( 'NONE', #635, #2984, #895 ) ;
#128 = CARTESIAN_POINT ( 'NONE',  ( -0.01516661111124102505, 0.9498970757565082801, 0.08949204356679470174 ) ) ;
#129 = CARTESIAN_POINT ( 'NONE',  ( -0.1203134239973866065, -0.9423509259277322858, 0.03069320694992322754 ) ) ;
#130 = CARTESIAN_POINT ( 'NONE',  ( 0.03055120532514075254, 0.9495092190684421007, -0.8955495944009168596 ) ) ;
#131 = CARTESIAN_POINT ( 'NONE',  ( -0.3029343442129754926, -0.9004218355124609108, 0.08177599286400387413 ) ) ;
#132 = EDGE_LOOP ( 'NONE', ( #2860, #1528, #2768, #2628, #713, #681, #2653, #2346, #1412 ) ) ;
#133 = EDGE_LOOP ( 'NONE', ( #288, #1236, #1138, #579 ) ) ;
#134 = STYLED_ITEM ( 'NONE', ( #2459 ), #2292 ) ;
#135 = CARTESIAN_POINT ( 'NONE',  ( -0.2333333333333333648, 0.9208993189027536719, -0.9341346153846150635 ) ) ;
#136 =( NAMED_UNIT ( * ) SI_UNIT ( $, .STERADIAN. ) SOLID_ANGLE_UNIT ( ) );
#137 = AXIS2_PLACEMENT_3D ( 'NONE', #2608, #739, #1427 ) ;
#138 = VERTEX_POINT ( 'NONE', #2546 ) ;
#139 = SURFACE_STYLE_FILL_AREA ( #2705 ) ;
#140 = CARTESIAN_POINT ( 'NONE',  ( 0.007643362099628414792, 0.9507819365958112279, -0.3233321431562594106 ) ) ;
#141 = CARTESIAN_POINT ( 'NONE',  ( -0.2384615384615383082, -0.9195847403445516210, 0.05152243589743604052 ) ) ;
#142 = CARTESIAN_POINT ( 'NONE',  ( -0.2056097941462921574, 0.9275024677966885456, 0.1000868480472092148 ) ) ;
#143 = EDGE_CURVE ( 'NONE', #452, #1215, #1325, .T. ) ;
#144 = CARTESIAN_POINT ( 'NONE',  ( -0.1863782051282049934, -0.9315380639851429390, -0.07948717948717937132 ) ) ;
#145 = DIRECTION ( 'NONE',  ( 1.000000000000000000, 0.000000000000000000, 0.000000000000000000 ) ) ;
#146 = CARTESIAN_POINT ( 'NONE',  ( -0.1176185378658000380, -0.9426909080228295101, 0.04074988151977716744 ) ) ;
#147 = CARTESIAN_POINT ( 'NONE',  ( 0.03309328718333378466, 0.9494235306785610007, 0.05702798857443328734 ) ) ;
#148 = B_SPLINE_CURVE_WITH_KNOTS ( 'NONE', 3,
 ( #2809, #594, #2484, #813, #678, #2700, #372, #1295, #2249, #1068 ),
 .UNSPECIFIED., .F., .F.,
 ( 4, 3, 3, 4 ),
 ( 0.000000000000000000, 4.632963714973031117E-05, 6.944023497757685127E-05, 9.318129854886870631E-05 ),
 .UNSPECIFIED. ) ;
#149 = CARTESIAN_POINT ( 'NONE',  ( -0.2383793450874402420, 0.9196060516697275311, 0.04985733451880319106 ) ) ;
#150 = B_SPLINE_CURVE_WITH_KNOTS ( 'NONE', 3,
 ( #217, #1141, #1358, #2515, #1155, #1126, #3045, #2813, #1328, #2281 ),
 .UNSPECIFIED., .F., .F.,
 ( 4, 3, 3, 4 ),
 ( 0.000000000000000000, 2.405914650072924992E-05, 4.482504631021251964E-05, 6.594137337240239718E-05 ),
 .UNSPECIFIED. ) ;
#151 = EDGE_LOOP ( 'NONE', ( #989, #2970, #1471, #1975 ) ) ;
#152 = CARTESIAN_POINT ( 'NONE',  ( -0.3000000000000000444, 0.9013878188659973922, -0.9233173076923076872 ) ) ;
#153 = CARTESIAN_POINT ( 'NONE',  ( 0.08205645389567921277, 0.9464995011799967051, -0.3985805146561514078 ) ) ;
#154 = CARTESIAN_POINT ( 'NONE',  ( -0.2853881662440292954, 0.9061796069111944796, -0.02374151052584283494 ) ) ;
#155 = CARTESIAN_POINT ( 'NONE',  ( -0.1798102833716267723, 0.9328327274824601556, 0.2726296118607433039 ) ) ;
#156 = B_SPLINE_CURVE_WITH_KNOTS ( 'NONE', 3,
 ( #1, #925, #890, #1635, #1835, #2576, #240, #2792, #936, #1884, #2519, #2286, #1818, #665, #1201, #1692 ),
 .UNSPECIFIED., .F., .F.,
 ( 4, 3, 3, 3, 3, 4 ),
 ( 0.000000000000000000, 3.067886841817892712E-05, 4.954775702954550113E-05, 6.845796466060569390E-05, 8.788347523646239119E-05, 0.0001052090546205378037 ),
 .UNSPECIFIED. ) ;
#157 = CARTESIAN_POINT ( 'NONE',  ( 0.03156143944724451589, -0.9494777608914481970, 0.03876573867203257640 ) ) ;
#158 = CARTESIAN_POINT ( 'NONE',  ( -0.1181308818258341442, 0.9426290689714426074, 0.07448143013574172466 ) ) ;
#159 = PRODUCT ( 'DO-35_3.90x1.90x0.60x15.24', 'DO-35_3.90x1.90x0.60x15.24', '', ( #2105 ) ) ;
#160 = FILL_AREA_STYLE_COLOUR ( '', #268 ) ;
#161 = CARTESIAN_POINT ( 'NONE',  ( -0.1867449467661860540, -0.9314889901788955262, 0.1819167745514976009 ) ) ;
#162 = ORIENTED_EDGE ( 'NONE', *, *, #2775, .F. ) ;
#163 = EDGE_CURVE ( 'NONE', #569, #595, #210, .T. ) ;
#164 = CARTESIAN_POINT ( 'NONE',  ( -0.05897435897435880647, -0.9481677198595001022, 0.03541666666666680452 ) ) ;
#165 = SURFACE_STYLE_FILL_AREA ( #2217 ) ;
#166 = CARTESIAN_POINT ( 'NONE',  ( 0.09487179487179507598, -0.9452509415693823858, -3.403937756669170867 ) ) ;
#167 = CARTESIAN_POINT ( 'NONE',  ( -0.06452881015549462307, 0.9478059045302619223, 0.4510929259807759384 ) ) ;
#168 = CARTESIAN_POINT ( 'NONE',  ( -0.1814899384592268683, 0.9325211395243313550, 0.4175867577815831622 ) ) ;
#169 = CARTESIAN_POINT ( 'NONE',  ( -0.1769230769230767664, -0.9333800002421688280, -0.002564102564102431828 ) ) ;
#170 = AXIS2_PLACEMENT_3D ( 'NONE', #2348, #1164, #2658 ) ;
#171 = TOROIDAL_SURFACE ( 'NONE', #2934, 0.9999999999999997780, 0.2999999999999999889 ) ;
#172 = CARTESIAN_POINT ( 'NONE',  ( -0.2745799588190301344, -0.9094535976135302846, 0.1376087534650224098 ) ) ;
#173 = VERTEX_POINT ( 'NONE', #1603 ) ;
#174 = EDGE_LOOP ( 'NONE', ( #1199, #257, #1314, #2389, #1950, #1892, #2425, #1703, #796, #2779, #341, #2362, #717, #1682, #2397, #1711, #218 ) ) ;
#175 = CARTESIAN_POINT ( 'NONE',  ( -0.2294871794871795323, 0.9218653016851318105, -0.8829326923076920020 ) ) ;
#176 = CARTESIAN_POINT ( 'NONE',  ( 0.000000000000000000, 0.000000000000000000, 1.749999999999999778 ) ) ;
#177 = EDGE_CURVE ( 'NONE', #1479, #1517, #2672, .T. ) ;
#178 = CARTESIAN_POINT ( 'NONE',  ( -0.2435235504875883361, 0.9182571972807612726, -0.7815982088192166000 ) ) ;
#179 = MECHANICAL_DESIGN_GEOMETRIC_PRESENTATION_REPRESENTATION (  '', ( #320 ), #2242 ) ;
#180 = CARTESIAN_POINT ( 'NONE',  ( -0.1062227028984633892, 0.9440427624790747041, 0.3738534195542852490 ) ) ;
#181 = CARTESIAN_POINT ( 'NONE',  ( -0.3049481730362871290, 0.8997258737535662743, 0.05863757539280299580 ) ) ;
#182 = CARTESIAN_POINT ( 'NONE',  ( -0.2995925902175042843, 0.9015243349813926166, -0.8993648425683271608 ) ) ;
#183 = CARTESIAN_POINT ( 'NONE',  ( -0.1750224559206134400, 0.9337661082868589091, -0.7490070486853167564 ) ) ;
#184 = CARTESIAN_POINT ( 'NONE',  ( 0.03276656145031887207, -0.9494348198527843286, 0.04338036958254964937 ) ) ;
#185 = B_SPLINE_CURVE_WITH_KNOTS ( 'NONE', 3,
 ( #686, #3004, #2766, #2528, #416, #639, #178, #1627, #1578, #1346 ),
 .UNSPECIFIED., .F., .F.,
 ( 4, 3, 3, 4 ),
 ( 0.000000000000000000, 4.146441184737484267E-05, 6.296020954334320110E-05, 8.483208545021385719E-05 ),
 .UNSPECIFIED. ) ;
#186 = CARTESIAN_POINT ( 'NONE',  ( -0.1759594793213700437, -0.9335962105363811991, 0.4946589690155976382 ) ) ;
#187 = CARTESIAN_POINT ( 'NONE',  ( -0.3000000000000000444, -0.9013878188659973922, -1.074358974358973873 ) ) ;
#188 = ORIENTED_EDGE ( 'NONE', *, *, #195, .F. ) ;
#189 = CARTESIAN_POINT ( 'NONE',  ( -0.2363582113463628120, -0.9201398204126256530, -0.5266303005654245917 ) ) ;
#190 = CARTESIAN_POINT ( 'NONE',  ( 0.02488765826313387233, 0.9496803760897873925, 0.02694821029142840593 ) ) ;
#191 = ORIENTED_EDGE ( 'NONE', *, *, #1121, .F. ) ;
#192 = EDGE_CURVE ( 'NONE', #276, #1151, #2067, .T. ) ;
#193 = CARTESIAN_POINT ( 'NONE',  ( 0.05026303430885607076, -0.9493722021314210391, -0.7811018627663061098 ) ) ;
#194 = LINE ( 'NONE', #2062, #1441 ) ;
#195 = EDGE_CURVE ( 'NONE', #723, #2312, #2470, .T. ) ;
#196 = ORIENTED_EDGE ( 'NONE', *, *, #1098, .T. ) ;
#197 =( LENGTH_UNIT ( ) NAMED_UNIT ( * ) SI_UNIT ( .MILLI., .METRE. ) );
#198 = CARTESIAN_POINT ( 'NONE',  ( 0.1051282051282051849, -0.9441652718070718819, -0.5005608974358976004 ) ) ;
#199 = CARTESIAN_POINT ( 'NONE',  ( -0.1923076923076922073, -0.9303320651677496889, -0.1051282051282051294 ) ) ;
#200 = CARTESIAN_POINT ( 'NONE',  ( -0.1832296220855664515, 0.9321680191945668215, -0.05387158863181520929 ) ) ;
#201 = CARTESIAN_POINT ( 'NONE',  ( -0.2367486961057753969, -0.9200277716672179418, 0.06649649459238392291 ) ) ;
#202 = SURFACE_SIDE_STYLE ('',( #1371 ) ) ;
#203 = SURFACE_STYLE_FILL_AREA ( #2572 ) ;
#204 = DIRECTION ( 'NONE',  ( 0.000000000000000000, -1.000000000000000000, 0.000000000000000000 ) ) ;
#205 = DIRECTION ( 'NONE',  ( 0.000000000000000000, 0.000000000000000000, -1.000000000000000000 ) ) ;
#206 = ORIENTED_EDGE ( 'NONE', *, *, #1458, .T. ) ;
#207 = MECHANICAL_DESIGN_GEOMETRIC_PRESENTATION_REPRESENTATION (  '', ( #2865 ), #1775 ) ;
#208 = FILL_AREA_STYLE_COLOUR ( '', #1392 ) ;
#209 = EDGE_CURVE ( 'NONE', #1935, #2398, #125, .T. ) ;
#210 = CIRCLE ( 'NONE', #2616, 0.9499999999999999556 ) ;
#211 =( GEOMETRIC_REPRESENTATION_CONTEXT ( 3 ) GLOBAL_UNCERTAINTY_ASSIGNED_CONTEXT ( ( #1339 ) ) GLOBAL_UNIT_ASSIGNED_CONTEXT ( ( #2597, #2017, #1077 ) ) REPRESENTATION_CONTEXT ( 'NONE', 'WORKASPACE' ) );
#212 = ORIENTED_EDGE ( 'NONE', *, *, #1465, .T. ) ;
#213 = PRESENTATION_LAYER_ASSIGNMENT (  '', '', ( #2871 ) ) ;
#214 = CARTESIAN_POINT ( 'NONE',  ( 0.08756138909206430399, -0.9459561317205329445, 0.1082044128147917894 ) ) ;
#215 = B_SPLINE_CURVE_WITH_KNOTS ( 'NONE', 3,
 ( #1411, #1263, #2403, #2002, #1742, #1979, #1285, #2422, #2696, #2478, #1062, #2224, #1534, #1001, #2893, #331 ),
 .UNSPECIFIED., .F., .F.,
 ( 4, 3, 3, 3, 3, 4 ),
 ( 0.000000000000000000, 5.286569401393957510E-05, 8.718701487257787754E-05, 0.0001214224292972755073, 0.0001571409686069689948, 0.0001760655850180813575 ),
 .UNSPECIFIED. ) ;
#216 = MECHANICAL_DESIGN_GEOMETRIC_PRESENTATION_REPRESENTATION (  '', ( #1134 ), #647 ) ;
#217 = CARTESIAN_POINT ( 'NONE',  ( -0.2596153846153846922, 0.9138379791139159547, -0.7958333333333331705 ) ) ;
#218 = ORIENTED_EDGE ( 'NONE', *, *, #3021, .F. ) ;
#219 = CIRCLE ( 'NONE', #2235, 1.300000000000000044 ) ;
#220 = CARTESIAN_POINT ( 'NONE',  ( -0.2333333333333333648, 0.9208993189027536719, -0.9341346153846150635 ) ) ;
#221 = CARTESIAN_POINT ( 'NONE',  ( -0.2710794057144207403, 0.9105673237845683943, 0.1426496980714634655 ) ) ;
#222 = CARTESIAN_POINT ( 'NONE',  ( -0.009294871794871612664, -0.9499545280476939801, 0.08974358974358988272 ) ) ;
#223 = CIRCLE ( 'NONE', #952, 0.9499999999999999556 ) ;
#224 = CARTESIAN_POINT ( 'NONE',  ( 0.09975351794705522579, -0.9447489171457753576, -0.9022236855749873330 ) ) ;
#225 = CARTESIAN_POINT ( 'NONE',  ( -0.05394108598623560680, -0.9487951157754115350, 0.4442541741128625543 ) ) ;
#226 = LINE ( 'NONE', #1762, #2536 ) ;
#227 = SURFACE_STYLE_USAGE ( .BOTH. , #1466 ) ;
#228 = CARTESIAN_POINT ( 'NONE',  ( 0.09487179487179507598, 0.9452509415693823858, 0.2846153846153848810 ) ) ;
#229 = VERTEX_POINT ( 'NONE', #1455 ) ;
#230 = EDGE_CURVE ( 'NONE', #2552, #569, #484, .T. ) ;
#231 = LINE ( 'NONE', #2405, #1428 ) ;
#232 = CARTESIAN_POINT ( 'NONE',  ( -0.1801282051282049879, -0.9327667606198729588, 0.1820512820512822094 ) ) ;
#233 = FILL_AREA_STYLE ('',( #1438 ) ) ;
#234 =( LENGTH_UNIT ( ) NAMED_UNIT ( * ) SI_UNIT ( .MILLI., .METRE. ) );
#235 = CARTESIAN_POINT ( 'NONE',  ( -0.3051282051282050989, 0.8996648144921751689, -0.4994391025641026771 ) ) ;
#236 = CARTESIAN_POINT ( 'NONE',  ( 0.000000000000000000, 0.000000000000000000, -3.403937756669170867 ) ) ;
#237 = CARTESIAN_POINT ( 'NONE',  ( -0.05811510598659358484, -0.9482207730565500592, 0.05049252705309157513 ) ) ;
#238 = VERTEX_POINT ( 'NONE', #23 ) ;
#239 = ORIENTED_EDGE ( 'NONE', *, *, #429, .T. ) ;
#240 = CARTESIAN_POINT ( 'NONE',  ( -0.2159725005438877243, -0.9251247910462802038, 0.4048477831045874664 ) ) ;
#241 = CARTESIAN_POINT ( 'NONE',  ( 0.07975636071099924396, 0.9467312185150413839, -0.8130955266038286666 ) ) ;
#242 = CARTESIAN_POINT ( 'NONE',  ( -0.1210737179487177823, -0.9422532328530761614, 0.02820512820512834778 ) ) ;
#243 = CARTESIAN_POINT ( 'NONE',  ( 0.08942307692307699396, -0.9457819586530552547, -0.5848557692307693179 ) ) ;
#244 = VERTEX_POINT ( 'NONE', #1208 ) ;
#245 = EDGE_CURVE ( 'NONE', #97, #595, #289, .T. ) ;
#246 = CARTESIAN_POINT ( 'NONE',  ( -0.2787114142533228534, -0.9081959852171050951, 0.4421629325763061780 ) ) ;
#247 = CARTESIAN_POINT ( 'NONE',  ( -0.009294871794871612664, 0.9499545280476939801, 0.08974358974358988272 ) ) ;
#248 = FACE_OUTER_BOUND ( 'NONE', #38, .T. ) ;
#249 = CARTESIAN_POINT ( 'NONE',  ( 0.03308139265552965252, -0.9494238700455756019, 0.05728922076063034524 ) ) ;
#250 = SURFACE_STYLE_FILL_AREA ( #2168 ) ;
#251 = CARTESIAN_POINT ( 'NONE',  ( -0.2143944391819074813, -0.9254917743815306297, -0.7636921233855618052 ) ) ;
#252 = B_SPLINE_CURVE_WITH_KNOTS ( 'NONE', 3,
 ( #1673, #2395, #2589, #2885, #1169, #763, #1918, #1197, #26, #2125, #2383, #720, #2165, #2845, #933, #486 ),
 .UNSPECIFIED., .F., .F.,
 ( 4, 3, 3, 3, 3, 4 ),
 ( 5.421010862427521568E-20, 4.728521107357747219E-05, 8.578936014183047591E-05, 0.0001241129334169357112, 0.0001664312286539201585, 0.0001979293770065703665 ),
 .UNSPECIFIED. ) ;
#253 = FILL_AREA_STYLE ('',( #466 ) ) ;
#254 = CARTESIAN_POINT ( 'NONE',  ( -0.1275271795666797769, -0.9414090206854760501, 0.3128279525765759184 ) ) ;
#255 = VERTEX_POINT ( 'NONE', #1419 ) ;
#256 = VECTOR ( 'NONE', #39, 1000.000000000000000 ) ;
#257 = ORIENTED_EDGE ( 'NONE', *, *, #2702, .F. ) ;
#258 = ORIENTED_EDGE ( 'NONE', *, *, #1934, .F. ) ;
#259 = EDGE_CURVE ( 'NONE', #1112, #173, #645, .T. ) ;
#260 =( GEOMETRIC_REPRESENTATION_CONTEXT ( 3 ) GLOBAL_UNCERTAINTY_ASSIGNED_CONTEXT ( ( #2270 ) ) GLOBAL_UNIT_ASSIGNED_CONTEXT ( ( #2697, #2159, #1929 ) ) REPRESENTATION_CONTEXT ( 'NONE', 'WORKASPACE' ) );
#261 = CARTESIAN_POINT ( 'NONE',  ( -0.1697916666666665075, -0.9347035839936399526, 0.4179487179487181292 ) ) ;
#262 = CARTESIAN_POINT ( 'NONE',  ( 0.09909088650340272530, -0.9448211944736544243, -0.5577291347147876888 ) ) ;
#263 = CIRCLE ( 'NONE', #1931, 0.9499999999999999556 ) ;
#264 = VERTEX_POINT ( 'NONE', #962 ) ;
#265 = VERTEX_POINT ( 'NONE', #2843 ) ;
#266 = DIRECTION ( 'NONE',  ( -1.000000000000000000, 0.000000000000000000, 0.000000000000000000 ) ) ;
#267 = SURFACE_SIDE_STYLE ('',( #2892 ) ) ;
#268 = COLOUR_RGB ( '',0.1019607843137254888, 0.1019607843137254888, 0.1019607843137254888 ) ;
#269 = CARTESIAN_POINT ( 'NONE',  ( 0.000000000000000000, -6.505213034913027590E-16, 6.620000000000000995 ) ) ;
#270 = AXIS2_PLACEMENT_3D ( 'NONE', #591, #1017, #2480 ) ;
#271 =( BOUNDED_CURVE ( )  B_SPLINE_CURVE ( 3, ( #1923, #1047, #2706, #782 ),
 .UNSPECIFIED., .F., .F. ) 
 B_SPLINE_CURVE_WITH_KNOTS ( ( 4, 4 ),
 ( 4.899717498669717841, 4.908997307819739753 ),
 .UNSPECIFIED. ) 
 CURVE ( )  GEOMETRIC_REPRESENTATION_ITEM ( )  RATIONAL_B_SPLINE_CURVE ( ( 1.000000000000000000, 0.9999928237747195414, 0.9999928237747195414, 1.000000000000000000 ) ) 
 REPRESENTATION_ITEM ( '' )  );
#272 = SURFACE_SIDE_STYLE ('',( #492 ) ) ;
#273 = VERTEX_POINT ( 'NONE', #1394 ) ;
#274 =( LENGTH_UNIT ( ) NAMED_UNIT ( * ) SI_UNIT ( .MILLI., .METRE. ) );
#275 = CARTESIAN_POINT ( 'NONE',  ( 0.09861963497129569434, 0.9448672751228762712, -0.8894838784628555928 ) ) ;
#276 = VERTEX_POINT ( 'NONE', #2336 ) ;
#277 = CARTESIAN_POINT ( 'NONE',  ( -0.2536858974358973118, -0.9155017561109008994, 0.4665064102564104309 ) ) ;
#278 = CARTESIAN_POINT ( 'NONE',  ( -0.2198733860393395079, -0.9242386889113661796, -0.4346296565241005716 ) ) ;
#279 = CARTESIAN_POINT ( 'NONE',  ( -0.7500000000000000000, 0.000000000000000000, 1.749999999999999778 ) ) ;
#280 = CARTESIAN_POINT ( 'NONE',  ( 0.000000000000000000, 0.000000000000000000, -1.949999999999999956 ) ) ;
#281 = EDGE_LOOP ( 'NONE', ( #2082, #1985, #790, #2155 ) ) ;
#282 = CARTESIAN_POINT ( 'NONE',  ( 0.007588098775299492726, 0.9499696946519693430, 0.01412565578562962817 ) ) ;
#283 = CARTESIAN_POINT ( 'NONE',  ( -0.04242637687938188157, 0.9490521600759824761, 0.3543984748756371927 ) ) ;
#284 = CARTESIAN_POINT ( 'NONE',  ( 0.03846153846153854000, 0.9492211070447030830, -0.4995993589743591423 ) ) ;
#285 = EDGE_CURVE ( 'NONE', #2591, #2466, #2277, .T. ) ;
#286 = CARTESIAN_POINT ( 'NONE',  ( 0.000000000000000000, 0.000000000000000000, -1.749999999999999778 ) ) ;
#287 = CARTESIAN_POINT ( 'NONE',  ( -0.1051282051282049629, -0.9441652718070718819, 0.3616185897435899022 ) ) ;
#288 = ORIENTED_EDGE ( 'NONE', *, *, #2407, .T. ) ;
#289 = LINE ( 'NONE', #992, #1984 ) ;
#290 = CARTESIAN_POINT ( 'NONE',  ( -0.2384615384615384193, -0.9195847403445515100, -0.4995993589743591423 ) ) ;
#291 = CARTESIAN_POINT ( 'NONE',  ( -0.04121620835009380535, -0.9491063942971709189, 0.3582599539466703731 ) ) ;
#292 = CARTESIAN_POINT ( 'NONE',  ( 0.03333333333333351328, -0.9494150245750743178, 0.05160256410256423149 ) ) ;
#293 = ORIENTED_EDGE ( 'NONE', *, *, #957, .F. ) ;
#294 = MANIFOLD_SOLID_BREP ( 'AlongTheTrajectory1', #2267 ) ;
#295 = CYLINDRICAL_SURFACE ( 'NONE', #652, 0.9499999999999999556 ) ;
#296 = CARTESIAN_POINT ( 'NONE',  ( 0.9499999999999999556, 1.163414459189985682E-16, 1.149999999999999911 ) ) ;
#297 = CARTESIAN_POINT ( 'NONE',  ( -0.1877274226775418053, 0.9313320261110273890, 0.2966398146014207482 ) ) ;
#298 = VERTEX_POINT ( 'NONE', #528 ) ;
#299 = EDGE_CURVE ( 'NONE', #1907, #1215, #2614, .T. ) ;
#300 = MANIFOLD_SOLID_BREP ( 'MirrorReflection1', #2359 ) ;
#301 = ORIENTED_EDGE ( 'NONE', *, *, #1934, .T. ) ;
#302 = CARTESIAN_POINT ( 'NONE',  ( -0.1314092580467352833, -0.9408840493816743589, 0.4101707826629599207 ) ) ;
#303 = PRESENTATION_LAYER_ASSIGNMENT (  '', '', ( #2726 ) ) ;
#304 = VERTEX_POINT ( 'NONE', #1937 ) ;
#305 =( LENGTH_UNIT ( ) NAMED_UNIT ( * ) SI_UNIT ( .MILLI., .METRE. ) );
#306 = CARTESIAN_POINT ( 'NONE',  ( -0.2004149996288686619, 0.9286800080813233382, 0.001598772996236551410 ) ) ;
#307 = PRESENTATION_LAYER_ASSIGNMENT (  '', '', ( #600 ) ) ;
#308 = FILL_AREA_STYLE_COLOUR ( '', #1432 ) ;
#309 = ORIENTED_EDGE ( 'NONE', *, *, #2886, .T. ) ;
#310 = VECTOR ( 'NONE', #2230, 1000.000000000000000 ) ;
#311 = UNCERTAINTY_MEASURE_WITH_UNIT (LENGTH_MEASURE( 1.000000000000000082E-05 ), #1282, 'distance_accuracy_value', 'NONE');
#312 = CARTESIAN_POINT ( 'NONE',  ( 0.1049555264131976778, 0.9441844987410787926, -0.5149001243142967699 ) ) ;
#313 = FACE_BOUND ( 'NONE', #1484, .T. ) ;
#314 = FACE_BOUND ( 'NONE', #2297, .T. ) ;
#315 = COLOUR_RGB ( '',0.8313725490196077761, 0.8313725490196077761, 0.8196078431372548767 ) ;
#316 = ORIENTED_EDGE ( 'NONE', *, *, #285, .T. ) ;
#317 = STYLED_ITEM ( 'NONE', ( #823 ), #2059 ) ;
#318 = CARTESIAN_POINT ( 'NONE',  ( -0.07651027949289172791, 0.9469140283742345510, -0.6888688874088734204 ) ) ;
#319 = ORIENTED_EDGE ( 'NONE', *, *, #361, .F. ) ;
#320 = STYLED_ITEM ( 'NONE', ( #1853 ), #2360 ) ;
#321 = EDGE_CURVE ( 'NONE', #1907, #762, #2927, .T. ) ;
#322 = CARTESIAN_POINT ( 'NONE',  ( -0.01410288725770045271, -0.9499031025668742689, -0.01794656358114078004 ) ) ;
#323 = CARTESIAN_POINT ( 'NONE',  ( -0.1432703632823998652, 0.9393160378698476309, -0.8196694467186371735 ) ) ;
#324 = EDGE_CURVE ( 'NONE', #740, #883, #2163, .T. ) ;
#325 = ORIENTED_EDGE ( 'NONE', *, *, #2506, .T. ) ;
#326 = SURFACE_SIDE_STYLE ('',( #101 ) ) ;
#327 = ORIENTED_EDGE ( 'NONE', *, *, #1842, .T. ) ;
#328 = CARTESIAN_POINT ( 'NONE',  ( 0.09473797724619725802, 0.9452664353929057794, -0.5714363334552281515 ) ) ;
#329 = CARTESIAN_POINT ( 'NONE',  ( -0.2764727943187098025, -0.9088840904876509530, -0.8178296263941877697 ) ) ;
#330 = CARTESIAN_POINT ( 'NONE',  ( -0.3051282051282049879, 0.8996648144921751689, 0.04991987179487193671 ) ) ;
#331 = CARTESIAN_POINT ( 'NONE',  ( 0.1000000000000001582, 0.9447221813845592120, 0.05096153846153859968 ) ) ;
#332 = VERTEX_POINT ( 'NONE', #2009 ) ;
#333 = DIRECTION ( 'NONE',  ( -0.000000000000000000, -0.000000000000000000, -1.000000000000000000 ) ) ;
#334 = FILL_AREA_STYLE ('',( #788 ) ) ;
#335 = FACE_BOUND ( 'NONE', #1364, .T. ) ;
#336 = ORIENTED_EDGE ( 'NONE', *, *, #711, .T. ) ;
#337 = SURFACE_STYLE_USAGE ( .BOTH. , #793 ) ;
#338 = DIRECTION ( 'NONE',  ( 1.000000000000000000, 0.000000000000000000, 0.000000000000000000 ) ) ;
#339 = CARTESIAN_POINT ( 'NONE',  ( -3.673940397442058882E-17, -1.000000000000000444, -7.919999999999999929 ) ) ;
#340 = ORIENTED_EDGE ( 'NONE', *, *, #1859, .T. ) ;
#341 = ORIENTED_EDGE ( 'NONE', *, *, #2042, .F. ) ;
#342 = DIRECTION ( 'NONE',  ( 0.000000000000000000, -1.000000000000000000, 3.401418580346681312E-16 ) ) ;
#343 = EDGE_CURVE ( 'NONE', #273, #1369, #2126, .T. ) ;
#344 = CARTESIAN_POINT ( 'NONE',  ( -0.03866186534467774133, -0.9492129899895053180, 0.3755975871655681808 ) ) ;
#345 = CARTESIAN_POINT ( 'NONE',  ( -0.2491421607516938475, -0.9170522082916860995, 0.2448638921904816024 ) ) ;
#346 = DIRECTION ( 'NONE',  ( 1.000000000000000000, 0.000000000000000000, 0.000000000000000000 ) ) ;
#347 = CARTESIAN_POINT ( 'NONE',  ( 0.01263587164397027632, 0.9499293744192941480, 0.01649033589015077086 ) ) ;
#348 = CARTESIAN_POINT ( 'NONE',  ( -0.3051282051282049879, -0.8996648144921751689, 0.3591346153846155520 ) ) ;
#349 = CARTESIAN_POINT ( 'NONE',  ( -0.2247846937794037436, 0.9230232074227645578, 0.3190832284450217937 ) ) ;
#350 = CARTESIAN_POINT ( 'NONE',  ( -0.1358974358974357755, -0.9402296990185439185, 0.3056089743589746055 ) ) ;
#351 = CARTESIAN_POINT ( 'NONE',  ( -0.2333591267123620028, -0.9208953587866270940, 0.02871801182109211259 ) ) ;
#352 = LINE ( 'NONE', #113, #310 ) ;
#353 = CARTESIAN_POINT ( 'NONE',  ( -0.1256410256410255277, 0.9416551028247397426, -3.403937756669170867 ) ) ;
#354 = VERTEX_POINT ( 'NONE', #2691 ) ;
#355 = ORIENTED_EDGE ( 'NONE', *, *, #324, .F. ) ;
#356 = SURFACE_SIDE_STYLE ('',( #2944 ) ) ;
#357 = DIRECTION ( 'NONE',  ( 1.000000000000000000, 0.000000000000000000, 0.000000000000000000 ) ) ;
#358 = VECTOR ( 'NONE', #1497, 1000.000000000000000 ) ;
#359 = B_SPLINE_CURVE_WITH_KNOTS ( 'NONE', 3,
 ( #80, #1009, #544, #1989, #1953, #2901, #778, #1488, #1233, #2195 ),
 .UNSPECIFIED., .F., .F.,
 ( 4, 3, 3, 4 ),
 ( 0.000000000000000000, 2.219564421527880230E-05, 4.439612486369882093E-05, 6.584227483802303780E-05 ),
 .UNSPECIFIED. ) ;
#360 = ORIENTED_EDGE ( 'NONE', *, *, #968, .T. ) ;
#361 = EDGE_CURVE ( 'NONE', #1990, #2250, #918, .T. ) ;
#362 = CARTESIAN_POINT ( 'NONE',  ( 0.08942307692307699396, 0.9457819586530552547, -0.5848557692307693179 ) ) ;
#363 = AXIS2_PLACEMENT_3D ( 'NONE', #1492, #828, #2433 ) ;
#364 = CARTESIAN_POINT ( 'NONE',  ( -0.1025021490792663026, 0.9445239947898455002, 0.4815902037140122882 ) ) ;
#365 =( NAMED_UNIT ( * ) SI_UNIT ( $, .STERADIAN. ) SOLID_ANGLE_UNIT ( ) );
#366 = CARTESIAN_POINT ( 'NONE',  ( -0.1990274846957041932, 0.9289424198464161231, 0.1022752167715626770 ) ) ;
#367 = COLOUR_RGB ( '',0.8313725490196077761, 0.8313725490196077761, 0.8196078431372548767 ) ;
#368 =( GEOMETRIC_REPRESENTATION_CONTEXT ( 3 ) GLOBAL_UNCERTAINTY_ASSIGNED_CONTEXT ( ( #1400 ) ) GLOBAL_UNIT_ASSIGNED_CONTEXT ( ( #53, #1171, #2127 ) ) REPRESENTATION_CONTEXT ( 'NONE', 'WORKASPACE' ) );
#369 = CARTESIAN_POINT ( 'NONE',  ( 0.09999999999999999167, -0.9447221813845592120, -0.9276442307692305267 ) ) ;
#370 = B_SPLINE_CURVE_WITH_KNOTS ( 'NONE', 3,
 ( #2541, #2526, #900, #214, #2514, #2553, #387, #1312, #399, #3014 ),
 .UNSPECIFIED., .F., .F.,
 ( 4, 3, 3, 4 ),
 ( 0.000000000000000000, 3.901611057543401609E-05, 7.818766208173321731E-05, 9.769155231930292044E-05 ),
 .UNSPECIFIED. ) ;
#371 = MECHANICAL_DESIGN_GEOMETRIC_PRESENTATION_REPRESENTATION (  '', ( #1386 ), #2735 ) ;
#372 = CARTESIAN_POINT ( 'NONE',  ( -0.2339563291261688716, 0.9207412427288170775, 0.4790628063991632102 ) ) ;
#373 = ORIENTED_EDGE ( 'NONE', *, *, #1595, .T. ) ;
#374 = AXIS2_PLACEMENT_3D ( 'NONE', #784, #573, #1724 ) ;
#375 = FILL_AREA_STYLE ('',( #2434 ) ) ;
#376 = PRESENTATION_STYLE_ASSIGNMENT (( #1313 ) ) ;
#377 = AXIS2_PLACEMENT_3D ( 'NONE', #279, #1043, #52 ) ;
#378 = CARTESIAN_POINT ( 'NONE',  ( 0.09238782051282053154, -0.9454969543160309797, -0.8519230769230765610 ) ) ;
#379 = CARTESIAN_POINT ( 'NONE',  ( 0.000000000000000000, 0.000000000000000000, 1.949999999999999956 ) ) ;
#380 = CARTESIAN_POINT ( 'NONE',  ( 0.000000000000000000, -0.2999999999999999889, 1.949999999999999956 ) ) ;
#381 = EDGE_CURVE ( 'NONE', #1514, #2449, #3016, .T. ) ;
#382 = DIRECTION ( 'NONE',  ( 0.000000000000000000, 0.000000000000000000, 1.000000000000000000 ) ) ;
#383 = ADVANCED_FACE ( 'NONE', ( #2289 ), #2068, .T. ) ;
#384 = CARTESIAN_POINT ( 'NONE',  ( 0.03802197593991592239, 0.9492389177009414869, -0.4826779456652873779 ) ) ;
#385 = CARTESIAN_POINT ( 'NONE',  ( 0.000000000000000000, -6.505213034913027590E-16, -6.620000000000000995 ) ) ;
#386 = SURFACE_STYLE_USAGE ( .BOTH. , #2025 ) ;
#387 = CARTESIAN_POINT ( 'NONE',  ( 0.09876885602018040111, -0.9448516884036479713, 0.07064788355529290353 ) ) ;
#388 =( LENGTH_UNIT ( ) NAMED_UNIT ( * ) SI_UNIT ( .MILLI., .METRE. ) );
#389 = VERTEX_POINT ( 'NONE', #2894 ) ;
#390 = LINE ( 'NONE', #2294, #2429 ) ;
#391 = CARTESIAN_POINT ( 'NONE',  ( 0.000000000000000000, 0.000000000000000000, 1.949999999999999956 ) ) ;
#392 = CARTESIAN_POINT ( 'NONE',  ( -0.3000000000000000444, 0.9013878188659973922, -0.9233173076923076872 ) ) ;
#393 = CARTESIAN_POINT ( 'NONE',  ( -0.0004862069363093502426, -0.9500327800093409936, 0.01037583259677868353 ) ) ;
#394 = CARTESIAN_POINT ( 'NONE',  ( -0.02373038526684331448, -0.9497266845411773684, 0.08866552331796230535 ) ) ;
#395 = EDGE_CURVE ( 'NONE', #1558, #69, #231, .T. ) ;
#396 = CARTESIAN_POINT ( 'NONE',  ( 0.02683351531675197063, -0.9498259772655612831, -0.3406914718949784482 ) ) ;
#397 = CARTESIAN_POINT ( 'NONE',  ( -0.2655931264664696534, -0.9121668795926820561, 0.1482187423646514346 ) ) ;
#398 = ORIENTED_EDGE ( 'NONE', *, *, #1437, .F. ) ;
#399 = CARTESIAN_POINT ( 'NONE',  ( 0.09984888615818324209, -0.9447381769698007803, 0.05753485869014285381 ) ) ;
#400 = CARTESIAN_POINT ( 'NONE',  ( -0.2260282448599670313, -0.9227263614844092299, -0.8699705798621144570 ) ) ;
#401 = CARTESIAN_POINT ( 'NONE',  ( -0.08661858974358957464, -0.9460429270973024218, 0.1091346153846155104 ) ) ;
#402 = EDGE_LOOP ( 'NONE', ( #2411, #1576, #1350, #81 ) ) ;
#403 = SURFACE_STYLE_USAGE ( .BOTH. , #1315 ) ;
#404 = CARTESIAN_POINT ( 'NONE',  ( -0.3003644119583851468, 0.9012706864199665491, 0.09127935039176621190 ) ) ;
#405 = CARTESIAN_POINT ( 'NONE',  ( -0.04182489325311606471, 0.9491264275744508705, 0.1578733847621517639 ) ) ;
#406 = PRESENTATION_LAYER_ASSIGNMENT (  '', '', ( #17 ) ) ;
#407 = CARTESIAN_POINT ( 'NONE',  ( -0.1608908007749421665, 0.9363040209390527391, -0.7457718632229793920 ) ) ;
#408 = FILL_AREA_STYLE ('',( #208 ) ) ;
#409 = STYLED_ITEM ( 'NONE', ( #523 ), #1344 ) ;
#410 = CARTESIAN_POINT ( 'NONE',  ( 0.02588166355994479459, -0.9496999205526854837, 0.1629042429818333138 ) ) ;
#411 = CARTESIAN_POINT ( 'NONE',  ( 0.004695808368944414182, 0.9500161346390285644, 0.1664974078415114578 ) ) ;
#412 = ORIENTED_EDGE ( 'NONE', *, *, #2448, .F. ) ;
#413 = EDGE_CURVE ( 'NONE', #1359, #1803, #787, .T. ) ;
#414 = TOROIDAL_SURFACE ( 'NONE', #996, 0.9999999999999997780, 0.2999999999999999889 ) ;
#415 = CARTESIAN_POINT ( 'NONE',  ( -0.2326788034582845111, -0.9210649132505376313, -0.9084539116075435183 ) ) ;
#416 = CARTESIAN_POINT ( 'NONE',  ( -0.2320792126463318283, 0.9212374753620374834, -0.7733901275322483393 ) ) ;
#417 = ADVANCED_FACE ( 'NONE', ( #772 ), #2583, .T. ) ;
#418 = DIRECTION ( 'NONE',  ( 1.000000000000000000, 0.000000000000000000, 0.000000000000000000 ) ) ;
#419 = CARTESIAN_POINT ( 'NONE',  ( -0.1284474870314779582, 0.9412763903741512284, 0.4902653271007541558 ) ) ;
#420 = CARTESIAN_POINT ( 'NONE',  ( -0.1855769230769229450, 0.9316980227634391598, 0.2282051282051283658 ) ) ;
#421 = ORIENTED_EDGE ( 'NONE', *, *, #2781, .F. ) ;
#422 = CARTESIAN_POINT ( 'NONE',  ( -0.1153846153846152522, -0.9429668024551788319, 0.05873397435897449725 ) ) ;
#423 = PLANE ( 'NONE',  #2134 ) ;
#424 = CARTESIAN_POINT ( 'NONE',  ( -0.1915485709862679298, -0.9304886592286448765, 0.4930897792381501721 ) ) ;
#425 = ORIENTED_EDGE ( 'NONE', *, *, #2200, .F. ) ;
#426 = CARTESIAN_POINT ( 'NONE',  ( -0.2345865487891833634, -0.9205857032533202311, 0.07210921599188033215 ) ) ;
#427 = LINE ( 'NONE', #1600, #2878 ) ;
#428 = ORIENTED_EDGE ( 'NONE', *, *, #2142, .F. ) ;
#429 = EDGE_CURVE ( 'NONE', #37, #276, #1871, .T. ) ;
#430 = CARTESIAN_POINT ( 'NONE',  ( 0.03327503440468156104, -0.9494170723760403385, -0.9477439543480007389 ) ) ;
#431 = CARTESIAN_POINT ( 'NONE',  ( -0.2936808740504663340, -0.9037648537402390714, -0.01611360156545644032 ) ) ;
#432 = CARTESIAN_POINT ( 'NONE',  ( -0.08413310393328143899, 0.9462680701822087093, 0.1134471507169682869 ) ) ;
#433 = B_SPLINE_CURVE_WITH_KNOTS ( 'NONE', 3,
 ( #1880, #2831, #1289, #2245, #2019, #1774, #1078, #2650, #66, #995, #1956, #2846, #2634, #530, #1474, #2166 ),
 .UNSPECIFIED., .F., .F.,
 ( 4, 3, 3, 3, 3, 4 ),
 ( 1.355252715606880543E-20, 1.838617453786277304E-05, 3.430171079199127379E-05, 4.902650258597967761E-05, 6.651503354057646715E-05, 8.386415710935668825E-05 ),
 .UNSPECIFIED. ) ;
#434 = ORIENTED_EDGE ( 'NONE', *, *, #1768, .T. ) ;
#435 = B_SPLINE_CURVE_WITH_KNOTS ( 'NONE', 3,
 ( #2475, #586, #3006, #193, #1113, #378 ),
 .UNSPECIFIED., .F., .F.,
 ( 4, 2, 4 ),
 ( 0.000000000000000000, 0.0001200767537238614616, 0.0002401535074477229232 ),
 .UNSPECIFIED. ) ;
#436 = CARTESIAN_POINT ( 'NONE',  ( -0.1535097871385057156, 0.9390261446139580581, -0.3112298453111287944 ) ) ;
#437 = CARTESIAN_POINT ( 'NONE',  ( -0.2333333333333333648, 0.9208993189027536719, -3.403937756669170867 ) ) ;
#438 = ORIENTED_EDGE ( 'NONE', *, *, #2219, .T. ) ;
#439 = DIRECTION ( 'NONE',  ( -0.000000000000000000, -0.000000000000000000, -1.000000000000000000 ) ) ;
#440 = FILL_AREA_STYLE_COLOUR ( '', #615 ) ;
#441 = VERTEX_POINT ( 'NONE', #3043 ) ;
#442 = CARTESIAN_POINT ( 'NONE',  ( 0.03330115466611967973, -0.9494161543467891651, -0.9535595465993466080 ) ) ;
#443 = CARTESIAN_POINT ( 'NONE',  ( -0.2232081473214155010, 0.9234057195889144865, 0.1746110610745596758 ) ) ;
#444 = CARTESIAN_POINT ( 'NONE',  ( -0.05897435897435880647, -0.9481677198595001022, 0.03541666666666680452 ) ) ;
#445 = VERTEX_POINT ( 'NONE', #469 ) ;
#446 = CARTESIAN_POINT ( 'NONE',  ( -0.1324645175164022304, 0.9408277874819164222, -0.7418003036496342295 ) ) ;
#447 = CARTESIAN_POINT ( 'NONE',  ( -0.1362189518029121860, -0.9407413275468354819, 0.4940611883029253915 ) ) ;
#448 = LINE ( 'NONE', #2231, #83 ) ;
#449 = ADVANCED_FACE ( 'NONE', ( #929 ), #1658, .T. ) ;
#450 = STYLED_ITEM ( 'NONE', ( #942 ), #449 ) ;
#451 = CARTESIAN_POINT ( 'NONE',  ( -0.1153846153846152522, 0.9429668024551788319, 0.05873397435897449725 ) ) ;
#452 = VERTEX_POINT ( 'NONE', #866 ) ;
#453 = VECTOR ( 'NONE', #11, 1000.000000000000000 ) ;
#454 = FACE_OUTER_BOUND ( 'NONE', #1033, .T. ) ;
#455 =( NAMED_UNIT ( * ) PLANE_ANGLE_UNIT ( ) SI_UNIT ( $, .RADIAN. ) );
#456 = CARTESIAN_POINT ( 'NONE',  ( -0.3051282051282049879, 0.8996648144921751689, 0.04991987179487193671 ) ) ;
#457 = VERTEX_POINT ( 'NONE', #1808 ) ;
#458 = CARTESIAN_POINT ( 'NONE',  ( -0.2144449855020855999, -0.9254974936506060734, 0.3088156574168525181 ) ) ;
#459 = CARTESIAN_POINT ( 'NONE',  ( -0.1202273941007075825, 0.9423615939288135790, 0.07829198306611115377 ) ) ;
#460 = PRESENTATION_LAYER_ASSIGNMENT (  '', '', ( #317 ) ) ;
#461 = CARTESIAN_POINT ( 'NONE',  ( -0.1537471715220260493, 0.9375044514320396427, -0.7445705413086551872 ) ) ;
#462 = PRODUCT_DEFINITION ( 'UNKNOWN', '', #2582, #1045 ) ;
#463 = CARTESIAN_POINT ( 'NONE',  ( -0.09975961538461532163, 0.9447475954657486019, -0.6128205128205129748 ) ) ;
#464 =( GEOMETRIC_REPRESENTATION_CONTEXT ( 3 ) GLOBAL_UNCERTAINTY_ASSIGNED_CONTEXT ( ( #1689 ) ) GLOBAL_UNIT_ASSIGNED_CONTEXT ( ( #2585, #455, #2135 ) ) REPRESENTATION_CONTEXT ( 'NONE', 'WORKASPACE' ) );
#465 = ADVANCED_FACE ( 'NONE', ( #820, #2747 ), #2709, .T. ) ;
#466 = FILL_AREA_STYLE_COLOUR ( '', #2626 ) ;
#467 = SURFACE_STYLE_USAGE ( .BOTH. , #272 ) ;
#468 = B_SPLINE_CURVE_WITH_KNOTS ( 'NONE', 3,
 ( #1938, #2649, #473, #1408, #1209, #529, #2415, #1157 ),
 .UNSPECIFIED., .F., .F.,
 ( 4, 2, 2, 4 ),
 ( 0.000000000000000000, 0.0001579681567164945206, 0.0002369522350747417809, 0.0003159363134329890954 ),
 .UNSPECIFIED. ) ;
#469 = CARTESIAN_POINT ( 'NONE',  ( 3.673940397442049638E-17, -3.550000000000000711, 7.919999999999999929 ) ) ;
#470 = CARTESIAN_POINT ( 'NONE',  ( 0.000000000000000000, -1.000000000000000444, -7.620000000000000107 ) ) ;
#471 = ORIENTED_EDGE ( 'NONE', *, *, #1980, .T. ) ;
#472 = CARTESIAN_POINT ( 'NONE',  ( -0.3047062986472496848, -0.8998079073031778341, 0.3752166524544828241 ) ) ;
#473 = CARTESIAN_POINT ( 'NONE',  ( -0.2090269266001221760, -0.9275790244181149058, -0.6764958334572623855 ) ) ;
#474 = CARTESIAN_POINT ( 'NONE',  ( 0.02037856173552756930, -0.9497854273820314219, 0.08073987604406430985 ) ) ;
#475 = ORIENTED_EDGE ( 'NONE', *, *, #897, .F. ) ;
#476 = FACE_OUTER_BOUND ( 'NONE', #35, .T. ) ;
#477 = CARTESIAN_POINT ( 'NONE',  ( -0.1038461538461538519, 0.9443071408876250183, -0.7410256410256407245 ) ) ;
#478 = CARTESIAN_POINT ( 'NONE',  ( 0.000000000000000000, 0.000000000000000000, -0.1051282051282051294 ) ) ;
#479 = FACE_OUTER_BOUND ( 'NONE', #2529, .T. ) ;
#480 = ORIENTED_EDGE ( 'NONE', *, *, #3022, .F. ) ;
#481 = EDGE_CURVE ( 'NONE', #595, #1085, #2207, .T. ) ;
#482 = CYLINDRICAL_SURFACE ( 'NONE', #1891, 0.2999999999999999334 ) ;
#483 = VERTEX_POINT ( 'NONE', #2090 ) ;
#484 = LINE ( 'NONE', #2138, #256 ) ;
#485 = CARTESIAN_POINT ( 'NONE',  ( -0.2380994945690552700, 0.9196786235287806033, -0.4866664018301640193 ) ) ;
#486 = CARTESIAN_POINT ( 'NONE',  ( -0.1855769230769229450, 0.9316980227634391598, 0.2282051282051283658 ) ) ;
#487 = CARTESIAN_POINT ( 'NONE',  ( 0.1043031867505436194, -0.9442567686988966313, -0.5221577055941167833 ) ) ;
#488 = ORIENTED_EDGE ( 'NONE', *, *, #1901, .F. ) ;
#489 = CARTESIAN_POINT ( 'NONE',  ( -0.04372325743678691368, 0.9489941843970780555, 0.3502098861570831501 ) ) ;
#490 = CARTESIAN_POINT ( 'NONE',  ( 0.008164361948883428616, 0.9499912335706142130, -0.5786040348336153327 ) ) ;
#491 = ORIENTED_EDGE ( 'NONE', *, *, #1170, .F. ) ;
#492 = SURFACE_STYLE_FILL_AREA ( #506 ) ;
#493 = MECHANICAL_DESIGN_GEOMETRIC_PRESENTATION_REPRESENTATION (  '', ( #2477 ), #888 ) ;
#494 = EDGE_LOOP ( 'NONE', ( #434, #1162, #1245, #1524, #2880, #531, #316, #1491, #1602, #781, #98, #1981, #1857, #1643, #3002, #1716 ) ) ;
#495 = B_SPLINE_CURVE_WITH_KNOTS ( 'NONE', 3,
 ( #2392, #730, #2862, #2381, #2627, #114, #275, #1669, #2612, #2430 ),
 .UNSPECIFIED., .F., .F.,
 ( 4, 3, 3, 4 ),
 ( 0.000000000000000000, 1.909662632124582793E-05, 3.819121541621021363E-05, 7.635473783102774185E-05 ),
 .UNSPECIFIED. ) ;
#496 = CIRCLE ( 'NONE', #2481, 0.9499999999999999556 ) ;
#497 = EDGE_CURVE ( 'NONE', #722, #2566, #2996, .T. ) ;
#498 = ORIENTED_EDGE ( 'NONE', *, *, #259, .F. ) ;
#499 = CARTESIAN_POINT ( 'NONE',  ( -0.1325229755539426846, -0.9413279863120442847, -0.3876317357383176065 ) ) ;
#500 = EDGE_CURVE ( 'NONE', #2754, #1347, #2807, .T. ) ;
#501 = CARTESIAN_POINT ( 'NONE',  ( -0.03885648150079663854, 0.9492051043275471223, 0.3713518116967699512 ) ) ;
#502 = MECHANICAL_DESIGN_GEOMETRIC_PRESENTATION_REPRESENTATION (  '', ( #2789 ), #2050 ) ;
#503 = CARTESIAN_POINT ( 'NONE',  ( 0.01794871794871810700, -0.9498304288261129047, 0.3463141025641027215 ) ) ;
#504 = AXIS2_PLACEMENT_3D ( 'NONE', #1710, #2018, #2441 ) ;
#505 = CARTESIAN_POINT ( 'NONE',  ( -0.2816780512169950179, 0.9073372092316953630, -0.3969420152485673703 ) ) ;
#506 = FILL_AREA_STYLE ('',( #2610 ) ) ;
#507 = AXIS2_PLACEMENT_3D ( 'NONE', #5, #2840, #2361 ) ;
#508 = ORIENTED_EDGE ( 'NONE', *, *, #1685, .F. ) ;
#509 = CARTESIAN_POINT ( 'NONE',  ( -0.1125325221874786397, -0.9433156646366753773, 0.3920900723958362644 ) ) ;
#510 = VERTEX_POINT ( 'NONE', #2113 ) ;
#511 = CARTESIAN_POINT ( 'NONE',  ( -0.2284077091703107243, -0.9221452042280123829, 0.3231596277355466285 ) ) ;
#512 = DIRECTION ( 'NONE',  ( 0.000000000000000000, 0.000000000000000000, 1.000000000000000000 ) ) ;
#513 = CARTESIAN_POINT ( 'NONE',  ( 0.009009103027066679703, -0.9499685555639134638, 0.08715900348843651224 ) ) ;
#514 = ORIENTED_EDGE ( 'NONE', *, *, #1748, .F. ) ;
#515 = EDGE_CURVE ( 'NONE', #298, #1460, #1574, .T. ) ;
#516 = UNCERTAINTY_MEASURE_WITH_UNIT (LENGTH_MEASURE( 1.000000000000000082E-05 ), #1848, 'distance_accuracy_value', 'NONE');
#517 = PRESENTATION_STYLE_ASSIGNMENT (( #12 ) ) ;
#518 = CARTESIAN_POINT ( 'NONE',  ( -0.2915064102564102755, -0.9041703450011073784, -0.8522435897435893803 ) ) ;
#519 = CARTESIAN_POINT ( 'NONE',  ( -0.2454876160995368983, -0.9177698787529517954, -0.7827661024023999659 ) ) ;
#520 = CARTESIAN_POINT ( 'NONE',  ( -0.2384615384615383082, 0.9195847403445516210, 0.05152243589743604052 ) ) ;
#521 = ORIENTED_EDGE ( 'NONE', *, *, #1787, .T. ) ;
#522 = SURFACE_STYLE_FILL_AREA ( #253 ) ;
#523 = PRESENTATION_STYLE_ASSIGNMENT (( #110 ) ) ;
#524 = VERTEX_POINT ( 'NONE', #422 ) ;
#525 = CARTESIAN_POINT ( 'NONE',  ( -0.1270219838570301463, 0.9414698166300100590, 0.1677024666827214849 ) ) ;
#526 = DIRECTION ( 'NONE',  ( 0.000000000000000000, -1.000000000000000000, 3.401418580346681312E-16 ) ) ;
#527 = ORIENTED_EDGE ( 'NONE', *, *, #10, .T. ) ;
#528 = CARTESIAN_POINT ( 'NONE',  ( 0.09238782051282053154, -0.9454969543160309797, -0.8519230769230765610 ) ) ;
#529 = CARTESIAN_POINT ( 'NONE',  ( -0.3011557797390407853, -0.9010571070096208279, -0.5530049738241122892 ) ) ;
#530 = CARTESIAN_POINT ( 'NONE',  ( -0.1634685576625088954, -0.9358480316217863137, 0.1046507568504153468 ) ) ;
#531 = ORIENTED_EDGE ( 'NONE', *, *, #2760, .T. ) ;
#532 = FILL_AREA_STYLE ('',( #1690 ) ) ;
#533 = CARTESIAN_POINT ( 'NONE',  ( 0.07144285390863594487, 0.9474819771974002380, -0.6240506313621920764 ) ) ;
#534 = CARTESIAN_POINT ( 'NONE',  ( 0.000000000000000000, 0.000000000000000000, -3.403937756669170867 ) ) ;
#535 = CARTESIAN_POINT ( 'NONE',  ( -0.2114767024108533122, 0.9261628389961190644, 0.09670995812576857475 ) ) ;
#536 = EDGE_CURVE ( 'NONE', #69, #57, #496, .T. ) ;
#537 = EDGE_LOOP ( 'NONE', ( #2795, #2877, #856, #2316, #421, #2252, #1596 ) ) ;
#538 = CARTESIAN_POINT ( 'NONE',  ( -0.0007211538461537750702, -0.9499997262826606059, -0.6718750000000001110 ) ) ;
#539 = CARTESIAN_POINT ( 'NONE',  ( -0.05310346644709897090, 0.9485189767560509022, 0.06671853507542391259 ) ) ;
#540 = ADVANCED_FACE ( 'NONE', ( #2820 ), #1926, .T. ) ;
#541 = ORIENTED_EDGE ( 'NONE', *, *, #2906, .T. ) ;
#542 =( BOUNDED_CURVE ( )  B_SPLINE_CURVE ( 3, ( #169, #1910, #27, #2818 ),
 .UNSPECIFIED., .F., .T. ) 
 B_SPLINE_CURVE_WITH_KNOTS ( ( 4, 4 ),
 ( 4.899717498669717841, 4.909857404946007087 ),
 .UNSPECIFIED. ) 
 CURVE ( )  GEOMETRIC_REPRESENTATION_ITEM ( )  RATIONAL_B_SPLINE_CURVE ( ( 1.000000000000000000, 0.9999914318767455512, 0.9999914318767455512, 1.000000000000000000 ) ) 
 REPRESENTATION_ITEM ( '' )  );
#543 = B_SPLINE_CURVE_WITH_KNOTS ( 'NONE', 3,
 ( #1553, #2903, #306, #1223, #1766, #116, #2716, #1041, #596, #1541, #1995, #2469, #780, #149, #1719, #2026 ),
 .UNSPECIFIED., .F., .F.,
 ( 4, 3, 3, 3, 3, 4 ),
 ( 0.000000000000000000, 3.590341506974018687E-05, 5.367101196722252302E-05, 7.155139779937833748E-05, 8.836574061105877988E-05, 9.082442232213154012E-05 ),
 .UNSPECIFIED. ) ;
#544 = CARTESIAN_POINT ( 'NONE',  ( -0.1065236776555659737, 0.9440126394354606543, 0.3466989034453700214 ) ) ;
#545 = ORIENTED_EDGE ( 'NONE', *, *, #2004, .F. ) ;
#546 = VECTOR ( 'NONE', #1571, 1000.000000000000000 ) ;
#547 = ORIENTED_EDGE ( 'NONE', *, *, #893, .T. ) ;
#548 = CARTESIAN_POINT ( 'NONE',  ( -0.1838648157643491543, -0.9320802612899080630, 0.1049619514035442930 ) ) ;
#549 = CIRCLE ( 'NONE', #892, 0.9499999999999999556 ) ;
#550 = CARTESIAN_POINT ( 'NONE',  ( -0.03950719886575621009, -0.9491781609570366651, 0.3668848656883417769 ) ) ;
#551 =( NAMED_UNIT ( * ) SI_UNIT ( $, .STERADIAN. ) SOLID_ANGLE_UNIT ( ) );
#552 = VERTEX_POINT ( 'NONE', #1351 ) ;
#553 = CIRCLE ( 'NONE', #24, 0.9499999999999999556 ) ;
#554 = CARTESIAN_POINT ( 'NONE',  ( -0.01794871794871778087, 0.9498304288261129047, 0.007692307692307823706 ) ) ;
#555 = CYLINDRICAL_SURFACE ( 'NONE', #2932, 0.2999999999999999889 ) ;
#556 = CARTESIAN_POINT ( 'NONE',  ( -0.1923886460566147094, 0.9303153276543344452, 0.1035634516588049281 ) ) ;
#557 = ORIENTED_EDGE ( 'NONE', *, *, #61, .F. ) ;
#558 = CARTESIAN_POINT ( 'NONE',  ( -0.1258357325108487856, -0.9416291034284455241, -0.7417211016644790211 ) ) ;
#559 = CARTESIAN_POINT ( 'NONE',  ( -0.008814578273888004287, 0.9499935824870450185, -0.6751721225776129431 ) ) ;
#560 = ORIENTED_EDGE ( 'NONE', *, *, #653, .F. ) ;
#561 = EDGE_CURVE ( 'NONE', #904, #1935, #156, .T. ) ;
#562 = CARTESIAN_POINT ( 'NONE',  ( -0.2067899701392927614, -0.9272497435499574836, 0.004518855567741204317 ) ) ;
#563 = CARTESIAN_POINT ( 'NONE',  ( 0.9499999999999999556, 1.163414459189985682E-16, -1.749999999999999778 ) ) ;
#564 = CARTESIAN_POINT ( 'NONE',  ( -0.2294871794871795323, 0.9218653016851318105, -0.8829326923076920020 ) ) ;
#565 = ORIENTED_EDGE ( 'NONE', *, *, #2108, .T. ) ;
#566 = ORIENTED_EDGE ( 'NONE', *, *, #1152, .T. ) ;
#567 = CARTESIAN_POINT ( 'NONE',  ( -0.2332993150468135601, 0.9209079383034036725, -0.9298451633305025998 ) ) ;
#568 = DIRECTION ( 'NONE',  ( -0.000000000000000000, -0.000000000000000000, 1.000000000000000000 ) ) ;
#569 = VERTEX_POINT ( 'NONE', #2874 ) ;
#570 =( NAMED_UNIT ( * ) SI_UNIT ( $, .STERADIAN. ) SOLID_ANGLE_UNIT ( ) );
#571 = FACE_OUTER_BOUND ( 'NONE', #779, .T. ) ;
#572 = CARTESIAN_POINT ( 'NONE',  ( -0.1946688633026154858, 0.9298718271150380188, 0.4153513313023922682 ) ) ;
#573 = DIRECTION ( 'NONE',  ( 0.000000000000000000, 0.000000000000000000, 1.000000000000000000 ) ) ;
#574 = CARTESIAN_POINT ( 'NONE',  ( 0.01794871794871810700, -0.9498304288261129047, 0.4794871794871796711 ) ) ;
#575 = VERTEX_POINT ( 'NONE', #724 ) ;
#576 = CARTESIAN_POINT ( 'NONE',  ( -0.2381727223345586897, -0.9196596345168344122, 0.04567173427455557128 ) ) ;
#577 =( NAMED_UNIT ( * ) SI_UNIT ( $, .STERADIAN. ) SOLID_ANGLE_UNIT ( ) );
#578 = B_SPLINE_CURVE_WITH_KNOTS ( 'NONE', 3,
 ( #1099, #617, #2240, #1555, #2502, #1831, #167, #2531, #1567, #2516, #364, #2721, #419, #2963, #1348, #1544 ),
 .UNSPECIFIED., .F., .F.,
 ( 4, 3, 3, 3, 3, 4 ),
 ( 0.000000000000000000, 3.837503437215874239E-05, 7.715074069603734656E-05, 0.0001122995621679544979, 0.0001531461667377573635, 0.0001933220267652195471 ),
 .UNSPECIFIED. ) ;
#579 = ORIENTED_EDGE ( 'NONE', *, *, #2992, .F. ) ;
#580 = ADVANCED_FACE ( 'NONE', ( #1187, #1666, #1014, #314, #2188, #476 ), #1924, .T. ) ;
#581 = SURFACE_STYLE_USAGE ( .BOTH. , #356 ) ;
#582 = DIRECTION ( 'NONE',  ( -0.000000000000000000, -0.000000000000000000, -1.000000000000000000 ) ) ;
#583 =( BOUNDED_CURVE ( )  B_SPLINE_CURVE ( 3, ( #2730, #2260, #322, #2427 ),
 .UNSPECIFIED., .F., .F. ) 
 B_SPLINE_CURVE_WITH_KNOTS ( ( 4, 4 ),
 ( 1.577544016326560605, 1.589690838320784616 ),
 .UNSPECIFIED. ) 
 CURVE ( )  GEOMETRIC_REPRESENTATION_ITEM ( )  RATIONAL_B_SPLINE_CURVE ( ( 1.000000000000000000, 0.9999877045974143730, 0.9999877045974143730, 1.000000000000000000 ) ) 
 REPRESENTATION_ITEM ( '' )  );
#584 = DIRECTION ( 'NONE',  ( 0.000000000000000000, 0.000000000000000000, -1.000000000000000000 ) ) ;
#585 = EDGE_CURVE ( 'NONE', #255, #835, #2461, .T. ) ;
#586 = CARTESIAN_POINT ( 'NONE',  ( -0.06365031300222458166, -0.9487275071980295627, -0.7415465629307175233 ) ) ;
#587 = CARTESIAN_POINT ( 'NONE',  ( -0.2326911711465245169, 0.9210649951867123653, 0.3846529705611296257 ) ) ;
#588 = CARTESIAN_POINT ( 'NONE',  ( -0.2335523942390751451, 0.9208462094732748904, 0.07433186049663764727 ) ) ;
#589 = ORIENTED_EDGE ( 'NONE', *, *, #2954, .T. ) ;
#590 = CARTESIAN_POINT ( 'NONE',  ( 0.000000000000000000, 0.000000000000000000, -3.403937756669170867 ) ) ;
#591 = CARTESIAN_POINT ( 'NONE',  ( 0.000000000000000000, 0.000000000000000000, -1.749999999999999778 ) ) ;
#592 = CARTESIAN_POINT ( 'NONE',  ( -0.2184861391218440307, -0.9245460364923759888, 0.01175469915351556004 ) ) ;
#593 = CARTESIAN_POINT ( 'NONE',  ( 0.01741621991878491982, 0.9498455925156717994, 0.08296149487350251706 ) ) ;
#594 = CARTESIAN_POINT ( 'NONE',  ( -0.1833030638942445001, 0.9322758765014348414, 0.4944598856850644930 ) ) ;
#595 = VERTEX_POINT ( 'NONE', #296 ) ;
#596 = CARTESIAN_POINT ( 'NONE',  ( -0.2324238356394255356, 0.9211325090961614004, 0.02705844233947578628 ) ) ;
#597 = SURFACE_STYLE_FILL_AREA ( #2486 ) ;
#598 = ADVANCED_FACE ( 'NONE', ( #1707 ), #2421, .F. ) ;
#599 = CARTESIAN_POINT ( 'NONE',  ( 0.1040152392671217368, 0.9442917201085592183, -0.5293042754490039359 ) ) ;
#600 = STYLED_ITEM ( 'NONE', ( #2353 ), #630 ) ;
#601 = CARTESIAN_POINT ( 'NONE',  ( -0.1051985793489760845, 0.9441574359802969996, 0.3657127436925633468 ) ) ;
#602 = CARTESIAN_POINT ( 'NONE',  ( 0.1000000000000001582, 0.9447221813845592120, 0.05096153846153859968 ) ) ;
#603 = CARTESIAN_POINT ( 'NONE',  ( 0.01794871794871810700, 0.9498304288261129047, -3.403937756669170867 ) ) ;
#604 = TOROIDAL_SURFACE ( 'NONE', #1834, 0.7500000000000000000, 0.2000000000000000111 ) ;
#605 = CARTESIAN_POINT ( 'NONE',  ( -0.1264423076923075207, -0.9415478441510257701, 0.2384615384615386413 ) ) ;
#606 = CARTESIAN_POINT ( 'NONE',  ( 0.09999999999999999167, -0.9447221813845592120, -3.403937756669170867 ) ) ;
#607 = CARTESIAN_POINT ( 'NONE',  ( -0.1005608974358973839, -0.9446626413206393735, -0.3102564102564104309 ) ) ;
#608 = FACE_OUTER_BOUND ( 'NONE', #2505, .T. ) ;
#609 = AXIS2_PLACEMENT_3D ( 'NONE', #1877, #3046, #1861 ) ;
#610 = LINE ( 'NONE', #353, #810 ) ;
#611 = ORIENTED_EDGE ( 'NONE', *, *, #2004, .T. ) ;
#612 =( GEOMETRIC_REPRESENTATION_CONTEXT ( 3 ) GLOBAL_UNCERTAINTY_ASSIGNED_CONTEXT ( ( #940 ) ) GLOBAL_UNIT_ASSIGNED_CONTEXT ( ( #74, #1032, #1246 ) ) REPRESENTATION_CONTEXT ( 'NONE', 'WORKASPACE' ) );
#613 = CARTESIAN_POINT ( 'NONE',  ( -0.2982954705432983578, -0.9019533315273866592, -0.8874187469770475900 ) ) ;
#614 = SURFACE_STYLE_USAGE ( .BOTH. , #816 ) ;
#615 = COLOUR_RGB ( '',0.8313725490196077761, 0.8313725490196077761, 0.8196078431372548767 ) ;
#616 = CARTESIAN_POINT ( 'NONE',  ( -0.03365921406522549841, -0.9494404567849636933, -0.6828224712719760392 ) ) ;
#617 = CARTESIAN_POINT ( 'NONE',  ( -0.03880564254665919838, 0.9492071642737233139, 0.3927549900961220808 ) ) ;
#618 = CARTESIAN_POINT ( 'NONE',  ( -0.3029805702007016821, 0.9004048550344454505, 0.01902798239966627461 ) ) ;
#619 = EDGE_CURVE ( 'NONE', #229, #1705, #1866, .T. ) ;
#620 = DIRECTION ( 'NONE',  ( -0.000000000000000000, -0.000000000000000000, -1.000000000000000000 ) ) ;
#621 = CARTESIAN_POINT ( 'NONE',  ( 0.05941955628542749251, 0.9481511480207265308, 0.1433654442467453827 ) ) ;
#622 = ORIENTED_EDGE ( 'NONE', *, *, #1782, .F. ) ;
#623 = CARTESIAN_POINT ( 'NONE',  ( -0.2011000990053774251, -0.9284711897415197646, 0.1013154261549190360 ) ) ;
#624 = CARTESIAN_POINT ( 'NONE',  ( -0.1038461538461538519, -0.9443071408876250183, -0.7410256410256407245 ) ) ;
#625 = VERTEX_POINT ( 'NONE', #709 ) ;
#626 = CARTESIAN_POINT ( 'NONE',  ( 0.000000000000000000, 0.000000000000000000, 1.149999999999999911 ) ) ;
#627 = DIRECTION ( 'NONE',  ( -1.000000000000000000, 0.000000000000000000, 0.000000000000000000 ) ) ;
#628 = CARTESIAN_POINT ( 'NONE',  ( -0.1863782051282049934, -0.9315380639851429390, -0.07948717948717937132 ) ) ;
#629 = CARTESIAN_POINT ( 'NONE',  ( -0.07622046272749403995, 0.9469608376381071224, 0.1267015923670771760 ) ) ;
#630 = ADVANCED_FACE ( 'NONE', ( #1425 ), #1000, .F. ) ;
#631 = CARTESIAN_POINT ( 'NONE',  ( 0.03327289359057294948, -0.9494171465744526417, 0.05039091814305686479 ) ) ;
#632 = UNCERTAINTY_MEASURE_WITH_UNIT (LENGTH_MEASURE( 1.000000000000000082E-05 ), #305, 'distance_accuracy_value', 'NONE');
#633 = EDGE_CURVE ( 'NONE', #2233, #2811, #1612, .T. ) ;
#634 = CARTESIAN_POINT ( 'NONE',  ( -0.1155254943786815230, 0.9429496019810308383, 0.05351980591975427637 ) ) ;
#635 = CARTESIAN_POINT ( 'NONE',  ( 0.000000000000000000, 0.000000000000000000, -3.403937756669170867 ) ) ;
#636 = VERTEX_POINT ( 'NONE', #141 ) ;
#637 = CARTESIAN_POINT ( 'NONE',  ( -0.1863782051282049934, 0.9315380639851434941, -0.07948717948717937132 ) ) ;
#638 = CARTESIAN_POINT ( 'NONE',  ( -0.2283771033521235228, -0.9221472809744624133, 0.08292488345388665527 ) ) ;
#639 = CARTESIAN_POINT ( 'NONE',  ( -0.2379498846279528568, 0.9197353440389781642, -0.7773087619914383906 ) ) ;
#640 = VERTEX_POINT ( 'NONE', #2929 ) ;
#641 = DIRECTION ( 'NONE',  ( 0.000000000000000000, -1.000000000000000000, 0.000000000000000000 ) ) ;
#642 = CARTESIAN_POINT ( 'NONE',  ( -0.1051282051282049629, 0.9441652718070718819, 0.3616185897435899022 ) ) ;
#643 =( NAMED_UNIT ( * ) PLANE_ANGLE_UNIT ( ) SI_UNIT ( $, .RADIAN. ) );
#644 = CARTESIAN_POINT ( 'NONE',  ( -0.08661858974358957464, 0.9460429270973024218, 0.1091346153846155104 ) ) ;
#645 = CIRCLE ( 'NONE', #3023, 0.7500000000000000000 ) ;
#646 = AXIS2_PLACEMENT_3D ( 'NONE', #9, #1878, #2140 ) ;
#647 =( GEOMETRIC_REPRESENTATION_CONTEXT ( 3 ) GLOBAL_UNCERTAINTY_ASSIGNED_CONTEXT ( ( #1518 ) ) GLOBAL_UNIT_ASSIGNED_CONTEXT ( ( #2273, #2731, #1321 ) ) REPRESENTATION_CONTEXT ( 'NONE', 'WORKASPACE' ) );
#648 = CARTESIAN_POINT ( 'NONE',  ( -0.1005608974358973839, 0.9446626413206393735, -0.3102564102564104309 ) ) ;
#649 = CARTESIAN_POINT ( 'NONE',  ( 0.01039106258370208272, 0.9500406560228024100, -0.4216714060176351975 ) ) ;
#650 = ORIENTED_EDGE ( 'NONE', *, *, #2579, .F. ) ;
#651 = B_SPLINE_CURVE_WITH_KNOTS ( 'NONE', 3,
 ( #330, #2255, #618, #2489, #1029, #154, #2223, #1262, #1533, #1048, #1074, #1556, #1316, #2001, #783, #1740 ),
 .UNSPECIFIED., .F., .F.,
 ( 4, 3, 3, 3, 3, 4 ),
 ( 0.000000000000000000, 4.591580923391500903E-05, 9.244067217598542067E-05, 0.0001315909301267734590, 0.0001762723731720342035, 0.0001959962643534287534 ),
 .UNSPECIFIED. ) ;
#652 = AXIS2_PLACEMENT_3D ( 'NONE', #2156, #2170, #2639 ) ;
#653 = EDGE_CURVE ( 'NONE', #827, #2926, #2729, .T. ) ;
#654 = CARTESIAN_POINT ( 'NONE',  ( -0.2326762349628899440, 0.9210655620983196901, -0.9084061452450089558 ) ) ;
#655 =( GEOMETRIC_REPRESENTATION_CONTEXT ( 3 ) GLOBAL_UNCERTAINTY_ASSIGNED_CONTEXT ( ( #1476 ) ) GLOBAL_UNIT_ASSIGNED_CONTEXT ( ( #2462, #1729, #2898 ) ) REPRESENTATION_CONTEXT ( 'NONE', 'WORKASPACE' ) );
#656 = CARTESIAN_POINT ( 'NONE',  ( -0.1134385038833068127, -0.9433031878143636195, -0.6126306753184405096 ) ) ;
#657 = CARTESIAN_POINT ( 'NONE',  ( -0.08909517553055046335, -0.9458161737839996253, 0.1194172751888087081 ) ) ;
#658 = AXIS2_PLACEMENT_3D ( 'NONE', #2564, #2, #2325 ) ;
#659 = ORIENTED_EDGE ( 'NONE', *, *, #1508, .T. ) ;
#660 = CARTESIAN_POINT ( 'NONE',  ( 0.000000000000000000, -3.550000000000000711, -7.619999999999999218 ) ) ;
#661 = DIRECTION ( 'NONE',  ( 1.000000000000000000, 0.000000000000000000, 0.000000000000000000 ) ) ;
#662 = CARTESIAN_POINT ( 'NONE',  ( -0.1801282051282049879, 0.9327667606198729588, 0.1820512820512822094 ) ) ;
#663 = CARTESIAN_POINT ( 'NONE',  ( -0.1923076923076922073, -0.9303320651677496889, -0.2538461538461539990 ) ) ;
#664 = VERTEX_POINT ( 'NONE', #122 ) ;
#665 = CARTESIAN_POINT ( 'NONE',  ( -0.2378153068599317410, -0.9197533033392569779, 0.3676185391133483527 ) ) ;
#666 = FACE_OUTER_BOUND ( 'NONE', #2863, .T. ) ;
#667 = CARTESIAN_POINT ( 'NONE',  ( -0.1154512398610835211, 0.9429586500583262421, 0.05613025459841777809 ) ) ;
#668 = ORIENTED_EDGE ( 'NONE', *, *, #500, .F. ) ;
#669 = CARTESIAN_POINT ( 'NONE',  ( -0.2770356788349490063, 0.9087501006960553296, 0.4458800453795783714 ) ) ;
#670 = EDGE_CURVE ( 'NONE', #2552, #97, #1218, .T. ) ;
#671 = DIRECTION ( 'NONE',  ( 0.000000000000000000, -0.000000000000000000, 1.000000000000000000 ) ) ;
#672 = CARTESIAN_POINT ( 'NONE',  ( -0.1034712681189969979, -0.9443630346672536868, 0.1473893975992759398 ) ) ;
#673 = CARTESIAN_POINT ( 'NONE',  ( 0.03231565125963013069, -0.9494503044738900055, -0.9128893045393248196 ) ) ;
#674 = CARTESIAN_POINT ( 'NONE',  ( 0.09999999999999999167, -0.9447221813845592120, -1.074358974358973873 ) ) ;
#675 = CARTESIAN_POINT ( 'NONE',  ( -0.1157049673877200285, 0.9429276143674160116, 0.06353626121137156968 ) ) ;
#676 = VERTEX_POINT ( 'NONE', #1088 ) ;
#677 = CARTESIAN_POINT ( 'NONE',  ( -0.0004797700251796311894, 0.9500479964786180398, -0.5862763332942090289 ) ) ;
#678 = CARTESIAN_POINT ( 'NONE',  ( -0.2202013202674334424, 0.9241570721719382098, 0.4855497812139492053 ) ) ;
#679 = CARTESIAN_POINT ( 'NONE',  ( 0.003614400728521920993, -0.9500132158493403978, 0.1665226199671724916 ) ) ;
#680 = LINE ( 'NONE', #2391, #2320 ) ;
#681 = ORIENTED_EDGE ( 'NONE', *, *, #497, .T. ) ;
#682 = B_SPLINE_CURVE_WITH_KNOTS ( 'NONE', 3,
 ( #815, #344, #1939, #550, #2216, #291, #1996, #2887, #2703, #102 ),
 .UNSPECIFIED., .F., .F.,
 ( 4, 3, 3, 4 ),
 ( 5.463198353652111349E-20, 1.312487377489741728E-05, 2.630469762939171175E-05, 5.238207519835603369E-05 ),
 .UNSPECIFIED. ) ;
#683 = B_SPLINE_CURVE_WITH_KNOTS ( 'NONE', 3,
 ( #2005, #2953, #2424, #318, #2192, #2681, #1760, #2711, #92, #1963, #2915, #559, #1506 ),
 .UNSPECIFIED., .F., .F.,
 ( 4, 3, 3, 3, 4 ),
 ( 0.000000000000000000, 2.602386236066828510E-05, 5.205682474967682856E-05, 7.788181903388499293E-05, 0.0001041129696675574393 ),
 .UNSPECIFIED. ) ;
#684 = CARTESIAN_POINT ( 'NONE',  ( -0.2384615384615384193, -0.9195847403445515100, -0.4995993589743591423 ) ) ;
#685 = CARTESIAN_POINT ( 'NONE',  ( 0.000000000000000000, -1.000000000000000444, -7.620000000000000107 ) ) ;
#686 = CARTESIAN_POINT ( 'NONE',  ( -0.1889423076923077149, 0.9310213769639800185, -0.7532051282051278607 ) ) ;
#687 = VERTEX_POINT ( 'NONE', #602 ) ;
#688 = CARTESIAN_POINT ( 'NONE',  ( -0.2380955417715975297, -0.9196796485459669546, 0.3490440949525801528 ) ) ;
#689 = DIRECTION ( 'NONE',  ( 0.000000000000000000, -1.000000000000000000, 0.000000000000000000 ) ) ;
#690 = CARTESIAN_POINT ( 'NONE',  ( -0.1024038461538461092, 0.9444646379261106839, -0.6897435897435899577 ) ) ;
#691 = FACE_OUTER_BOUND ( 'NONE', #1917, .T. ) ;
#692 = CARTESIAN_POINT ( 'NONE',  ( -0.01025668612095560588, 0.9499524178004881136, -0.04358790449277309687 ) ) ;
#693 = EDGE_CURVE ( 'NONE', #84, #1435, #1679, .T. ) ;
#694 = CARTESIAN_POINT ( 'NONE',  ( 0.09548605746759748769, -0.9451895830924575970, -0.8642981980779754769 ) ) ;
#695 = CARTESIAN_POINT ( 'NONE',  ( -0.1682307268783803933, 0.9353977304755567435, -0.6074607322053227065 ) ) ;
#696 =( NAMED_UNIT ( * ) PLANE_ANGLE_UNIT ( ) SI_UNIT ( $, .RADIAN. ) );
#697 = COLOUR_RGB ( '',1.000000000000000000, 0.4549019607843137192, 0.4352941176470588314 ) ;
#698 = UNCERTAINTY_MEASURE_WITH_UNIT (LENGTH_MEASURE( 1.000000000000000082E-05 ), #274, 'distance_accuracy_value', 'NONE');
#699 = AXIS2_PLACEMENT_3D ( 'NONE', #1647, #512, #994 ) ;
#700 = CARTESIAN_POINT ( 'NONE',  ( -0.3051282051282050989, 0.8996648144921751689, -0.4994391025641026771 ) ) ;
#701 = CARTESIAN_POINT ( 'NONE',  ( 0.03574027846509397061, -0.9493532103143957901, -0.4663339295000719087 ) ) ;
#702 = ORIENTED_EDGE ( 'NONE', *, *, #2467, .F. ) ;
#703 = COLOUR_RGB ( '',0.8313725490196077761, 0.8313725490196077761, 0.8196078431372548767 ) ;
#704 = AXIS2_PLACEMENT_3D ( 'NONE', #1372, #921, #1860 ) ;
#705 = AXIS2_PLACEMENT_3D ( 'NONE', #2662, #94, #2482 ) ;
#706 = CARTESIAN_POINT ( 'NONE',  ( -0.09863782051282046770, -0.9448653768471362291, -0.3871794871794873028 ) ) ;
#707 = CARTESIAN_POINT ( 'NONE',  ( -0.006410256410256241766, 0.9499783727079026407, -0.06923076923076909583 ) ) ;
#708 =( NAMED_UNIT ( * ) SI_UNIT ( $, .STERADIAN. ) SOLID_ANGLE_UNIT ( ) );
#709 = CARTESIAN_POINT ( 'NONE',  ( -0.1358974358974357755, 0.9402296990185441405, 0.3056089743589746055 ) ) ;
#710 = CARTESIAN_POINT ( 'NONE',  ( 0.000000000000000000, 0.000000000000000000, 1.949999999999999956 ) ) ;
#711 = EDGE_CURVE ( 'NONE', #173, #1085, #2828, .T. ) ;
#712 = CARTESIAN_POINT ( 'NONE',  ( -0.1053997146829588061, -0.9441350405403452495, 0.3540454114264542373 ) ) ;
#713 = ORIENTED_EDGE ( 'NONE', *, *, #2492, .T. ) ;
#714 = DIRECTION ( 'NONE',  ( -0.000000000000000000, -0.000000000000000000, -1.000000000000000000 ) ) ;
#715 = FILL_AREA_STYLE ('',( #2120 ) ) ;
#716 = ORIENTED_EDGE ( 'NONE', *, *, #192, .T. ) ;
#717 = ORIENTED_EDGE ( 'NONE', *, *, #986, .F. ) ;
#718 = CARTESIAN_POINT ( 'NONE',  ( -0.2627216804765853397, -0.9129979370691437834, 0.4591956471002948681 ) ) ;
#719 = CYLINDRICAL_SURFACE ( 'NONE', #852, 0.2999999999999999889 ) ;
#720 = CARTESIAN_POINT ( 'NONE',  ( -0.2291910612173559403, 0.9220383931199487293, 0.2387378344798268270 ) ) ;
#721 = CYLINDRICAL_SURFACE ( 'NONE', #3027, 0.2999999999999999889 ) ;
#722 = VERTEX_POINT ( 'NONE', #2976 ) ;
#723 = VERTEX_POINT ( 'NONE', #348 ) ;
#724 = CARTESIAN_POINT ( 'NONE',  ( -0.09975961538461532163, -0.9447475954657486019, -0.6128205128205129748 ) ) ;
#725 = CARTESIAN_POINT ( 'NONE',  ( -0.2225592425166852961, 0.9239793694749085518, -0.5670964756677000507 ) ) ;
#726 = ORIENTED_EDGE ( 'NONE', *, *, #1513, .F. ) ;
#727 = EDGE_CURVE ( 'NONE', #1720, #1514, #651, .T. ) ;
#728 = CARTESIAN_POINT ( 'NONE',  ( 0.09981100352072941329, 0.9447421868933738587, 0.05918272035585120383 ) ) ;
#729 = ADVANCED_FACE ( 'NONE', ( #818 ), #555, .T. ) ;
#730 = CARTESIAN_POINT ( 'NONE',  ( 0.1000032999662238409, 0.9447218320790926605, -0.9212786895271017906 ) ) ;
#731 = EDGE_LOOP ( 'NONE', ( #1744, #541, #1968, #3005 ) ) ;
#732 = ORIENTED_EDGE ( 'NONE', *, *, #343, .F. ) ;
#733 = CARTESIAN_POINT ( 'NONE',  ( -0.005860484209865481769, -0.9502803456124769843, 0.3410766125269729665 ) ) ;
#734 = CARTESIAN_POINT ( 'NONE',  ( -0.1889423076923077149, -0.9310213769639800185, -0.7532051282051278607 ) ) ;
#735 = ORIENTED_EDGE ( 'NONE', *, *, #1135, .F. ) ;
#736 = VERTEX_POINT ( 'NONE', #1396 ) ;
#737 = CARTESIAN_POINT ( 'NONE',  ( -0.2302862430422914775, -0.9216972990410363664, -0.7721294765450489317 ) ) ;
#738 = DIRECTION ( 'NONE',  ( 0.000000000000000000, -0.000000000000000000, 1.000000000000000000 ) ) ;
#739 = DIRECTION ( 'NONE',  ( 0.000000000000000000, 0.000000000000000000, 1.000000000000000000 ) ) ;
#740 = VERTEX_POINT ( 'NONE', #1832 ) ;
#741 = DIRECTION ( 'NONE',  ( 1.000000000000000000, 0.000000000000000000, 0.000000000000000000 ) ) ;
#742 = ORIENTED_EDGE ( 'NONE', *, *, #880, .T. ) ;
#743 = SURFACE_STYLE_FILL_AREA ( #1389 ) ;
#744 = CARTESIAN_POINT ( 'NONE',  ( -0.1064404849390744867, -0.9440240093616227846, 0.3782144404328321441 ) ) ;
#745 = EDGE_CURVE ( 'NONE', #1823, #2841, #1649, .T. ) ;
#746 = AXIS2_PLACEMENT_3D ( 'NONE', #2839, #2380, #2825 ) ;
#747 = ORIENTED_EDGE ( 'NONE', *, *, #991, .F. ) ;
#748 = CARTESIAN_POINT ( 'NONE',  ( -0.1806543448996111023, -0.9326727348078748259, 0.2954823783859617525 ) ) ;
#749 = DIRECTION ( 'NONE',  ( 1.000000000000000000, 0.000000000000000000, 0.000000000000000000 ) ) ;
#750 = CARTESIAN_POINT ( 'NONE',  ( 0.01714582601628783856, -0.9498517442574904157, 0.08312983231397960693 ) ) ;
#751 = VERTEX_POINT ( 'NONE', #887 ) ;
#752 = CARTESIAN_POINT ( 'NONE',  ( 0.000000000000000000, 0.000000000000000000, 1.949999999999999956 ) ) ;
#753 = CARTESIAN_POINT ( 'NONE',  ( 0.0008513225271384703037, 0.9500235061828907757, 0.01096974501525618817 ) ) ;
#754 = DIRECTION ( 'NONE',  ( -0.000000000000000000, -0.000000000000000000, -1.000000000000000000 ) ) ;
#755 = CARTESIAN_POINT ( 'NONE',  ( -0.1750801282051280550, 0.9337274488348705770, 0.1051282051282052682 ) ) ;
#756 = FACE_OUTER_BOUND ( 'NONE', #2497, .T. ) ;
#757 = CARTESIAN_POINT ( 'NONE',  ( -0.04372793935835658091, 0.9490018586269221013, 0.07831034620878087049 ) ) ;
#758 = ORIENTED_EDGE ( 'NONE', *, *, #2329, .F. ) ;
#759 = CARTESIAN_POINT ( 'NONE',  ( -0.1086459736673978660, 0.9437903656028309163, 0.1537596542370419095 ) ) ;
#760 = B_SPLINE_CURVE_WITH_KNOTS ( 'NONE', 3,
 ( #2445, #130, #1008, #1055, #2713, #2007, #1539, #1952, #777, #2483 ),
 .UNSPECIFIED., .F., .F.,
 ( 4, 3, 3, 4 ),
 ( 0.000000000000000000, 1.747198143736281901E-05, 3.490454424928384077E-05, 6.967682593928877920E-05 ),
 .UNSPECIFIED. ) ;
#761 = CARTESIAN_POINT ( 'NONE',  ( -0.1249642069883219742, 0.9417451603126263393, -0.8186504457228235276 ) ) ;
#762 = VERTEX_POINT ( 'NONE', #2805 ) ;
#763 = CARTESIAN_POINT ( 'NONE',  ( -0.2881148253999551434, 0.9052922696422233129, 0.2886858453860648432 ) ) ;
#764 = CARTESIAN_POINT ( 'NONE',  ( -0.006410256410256241766, 0.9499783727079026407, -0.06923076923076909583 ) ) ;
#765 = CARTESIAN_POINT ( 'NONE',  ( 0.003906000321555685908, -0.9500058146161546313, 0.08864640379591519348 ) ) ;
#766 = UNCERTAINTY_MEASURE_WITH_UNIT (LENGTH_MEASURE( 1.000000000000000082E-05 ), #2402, 'distance_accuracy_value', 'NONE');
#767 = ORIENTED_EDGE ( 'NONE', *, *, #2306, .F. ) ;
#768 = DIRECTION ( 'NONE',  ( -0.000000000000000000, -0.000000000000000000, -1.000000000000000000 ) ) ;
#769 = CARTESIAN_POINT ( 'NONE',  ( -0.04529215369443012618, 0.9489216027845028822, 0.3460904658360715591 ) ) ;
#770 = DIRECTION ( 'NONE',  ( -1.000000000000000000, 0.000000000000000000, 0.000000000000000000 ) ) ;
#771 = ORIENTED_EDGE ( 'NONE', *, *, #1286, .T. ) ;
#772 = FACE_OUTER_BOUND ( 'NONE', #2523, .T. ) ;
#773 = CARTESIAN_POINT ( 'NONE',  ( -0.2294871794871795323, 0.9218653016851318105, -0.8829326923076920020 ) ) ;
#774 = CARTESIAN_POINT ( 'NONE',  ( -0.05910057331536443942, 0.9481598695502159169, 0.04277431266915392161 ) ) ;
#775 = VERTEX_POINT ( 'NONE', #1128 ) ;
#776 = CYLINDRICAL_SURFACE ( 'NONE', #705, 0.9499999999999999556 ) ;
#777 = CARTESIAN_POINT ( 'NONE',  ( 0.03326913114960986656, 0.9494172786712652412, -0.9477721326349584086 ) ) ;
#778 = CARTESIAN_POINT ( 'NONE',  ( -0.1205181409974163953, 0.9423244545753605150, 0.3206867581755125096 ) ) ;
#779 = EDGE_LOOP ( 'NONE', ( #2382, #1379, #958, #547 ) ) ;
#780 = CARTESIAN_POINT ( 'NONE',  ( -0.2383316050809259068, 0.9196184241408312809, 0.04902517155337741267 ) ) ;
#781 = ORIENTED_EDGE ( 'NONE', *, *, #124, .T. ) ;
#782 = CARTESIAN_POINT ( 'NONE',  ( -0.1855769230769229450, -0.9316980227634383827, 0.2282051282051283658 ) ) ;
#783 = CARTESIAN_POINT ( 'NONE',  ( -0.1928502171982348079, 0.9302431711194455444, -0.07868948395547013808 ) ) ;
#784 = CARTESIAN_POINT ( 'NONE',  ( 0.000000000000000000, 0.000000000000000000, -1.749999999999999778 ) ) ;
#785 = EDGE_CURVE ( 'NONE', #2307, #2513, #944, .T. ) ;
#786 = ORIENTED_EDGE ( 'NONE', *, *, #2093, .T. ) ;
#787 = LINE ( 'NONE', #1726, #120 ) ;
#788 = FILL_AREA_STYLE_COLOUR ( '', #2881 ) ;
#789 = CARTESIAN_POINT ( 'NONE',  ( -0.02114278598087554473, 0.9497812909396075032, 0.08904558897321225575 ) ) ;
#790 = ORIENTED_EDGE ( 'NONE', *, *, #299, .T. ) ;
#791 = PRESENTATION_LAYER_ASSIGNMENT (  '', '', ( #2477 ) ) ;
#792 =( GEOMETRIC_REPRESENTATION_CONTEXT ( 3 ) GLOBAL_UNCERTAINTY_ASSIGNED_CONTEXT ( ( #311 ) ) GLOBAL_UNIT_ASSIGNED_CONTEXT ( ( #1282, #1060, #570 ) ) REPRESENTATION_CONTEXT ( 'NONE', 'WORKASPACE' ) );
#793 = SURFACE_SIDE_STYLE ('',( #1231 ) ) ;
#794 = DIRECTION ( 'NONE',  ( 0.000000000000000000, -1.000000000000000000, 2.008439343748602309E-16 ) ) ;
#795 = DIRECTION ( 'NONE',  ( -0.000000000000000000, 1.000000000000000000, 3.561383581569087378E-16 ) ) ;
#796 = ORIENTED_EDGE ( 'NONE', *, *, #1508, .F. ) ;
#797 = EDGE_LOOP ( 'NONE', ( #984, #67, #2447, #2599 ) ) ;
#798 = CARTESIAN_POINT ( 'NONE',  ( -0.2999427011752178185, -0.9014068890676074641, -0.9173260561336453733 ) ) ;
#799 =( BOUNDED_CURVE ( )  B_SPLINE_CURVE ( 3, ( #2095, #2330, #33, #2146 ),
 .UNSPECIFIED., .F., .T. ) 
 B_SPLINE_CURVE_WITH_KNOTS ( ( 4, 4 ),
 ( 4.693494468858800950, 4.768677133710864879 ),
 .UNSPECIFIED. ) 
 CURVE ( )  GEOMETRIC_REPRESENTATION_ITEM ( )  RATIONAL_B_SPLINE_CURVE ( ( 1.000000000000000000, 0.9995290193749488683, 0.9995290193749488683, 1.000000000000000000 ) ) 
 REPRESENTATION_ITEM ( '' )  );
#800 = CARTESIAN_POINT ( 'NONE',  ( 0.000000000000000000, 0.000000000000000000, -0.1051282051282051294 ) ) ;
#801 = ORIENTED_EDGE ( 'NONE', *, *, #670, .T. ) ;
#802 = CARTESIAN_POINT ( 'NONE',  ( -0.1256410256410255277, 0.9416551028247397426, -0.2538461538461535549 ) ) ;
#803 = CARTESIAN_POINT ( 'NONE',  ( -0.1228954795739978512, 0.9420173571126092549, 0.4038117461879106029 ) ) ;
#804 = CARTESIAN_POINT ( 'NONE',  ( 0.000000000000000000, 0.000000000000000000, 1.749999999999999778 ) ) ;
#805 = CARTESIAN_POINT ( 'NONE',  ( -0.2381460179962457402, 0.9196665593355249912, 0.3499936898926133133 ) ) ;
#806 = ADVANCED_FACE ( 'NONE', ( #1361, #1114 ), #3018, .T. ) ;
#807 = SURFACE_SIDE_STYLE ('',( #109 ) ) ;
#808 = VERTEX_POINT ( 'NONE', #2756 ) ;
#809 = PRESENTATION_LAYER_ASSIGNMENT (  '', '', ( #2791 ) ) ;
#810 = VECTOR ( 'NONE', #2512, 1000.000000000000000 ) ;
#811 = CARTESIAN_POINT ( 'NONE',  ( -0.1904456417630724929, -0.9307150248779901824, -0.0002923615277874145636 ) ) ;
#812 = CARTESIAN_POINT ( 'NONE',  ( 0.03333333333333351328, 0.9494150245750743178, 0.05160256410256423149 ) ) ;
#813 = CARTESIAN_POINT ( 'NONE',  ( -0.2129794504301070202, 0.9258184237173694431, 0.4878980501357385591 ) ) ;
#814 = VERTEX_POINT ( 'NONE', #674 ) ;
#815 = CARTESIAN_POINT ( 'NONE',  ( -0.03846153846153831796, -0.9492211070447030830, 0.3799679487179488668 ) ) ;
#816 = SURFACE_SIDE_STYLE ('',( #165 ) ) ;
#817 = FACE_BOUND ( 'NONE', #494, .T. ) ;
#818 = FACE_OUTER_BOUND ( 'NONE', #1076, .T. ) ;
#819 = CYLINDRICAL_SURFACE ( 'NONE', #1741, 0.9499999999999999556 ) ;
#820 = FACE_OUTER_BOUND ( 'NONE', #2377, .T. ) ;
#821 = DIRECTION ( 'NONE',  ( -1.000000000000000000, 0.000000000000000000, 0.000000000000000000 ) ) ;
#822 = EDGE_CURVE ( 'NONE', #975, #1720, #873, .T. ) ;
#823 = PRESENTATION_STYLE_ASSIGNMENT (( #337 ) ) ;
#824 = CARTESIAN_POINT ( 'NONE',  ( -0.004908138200918113134, -0.9499902129614259394, 0.1665813646958546335 ) ) ;
#825 = ORIENTED_EDGE ( 'NONE', *, *, #163, .T. ) ;
#826 = EDGE_CURVE ( 'NONE', #483, #840, #252, .T. ) ;
#827 = VERTEX_POINT ( 'NONE', #949 ) ;
#828 = DIRECTION ( 'NONE',  ( -0.000000000000000000, 1.000000000000000000, 3.561383581569087378E-16 ) ) ;
#829 = CARTESIAN_POINT ( 'NONE',  ( -0.2915064102564102755, -0.9041703450011073784, -0.8522435897435893803 ) ) ;
#830 = DIRECTION ( 'NONE',  ( 1.000000000000000000, 0.000000000000000000, 0.000000000000000000 ) ) ;
#831 = LINE ( 'NONE', #1260, #358 ) ;
#832 = DIRECTION ( 'NONE',  ( -0.000000000000000000, -0.000000000000000000, -1.000000000000000000 ) ) ;
#833 = CARTESIAN_POINT ( 'NONE',  ( -0.2384615384615383360, 0.9195847403445516210, 0.3559294871794874138 ) ) ;
#834 = CARTESIAN_POINT ( 'NONE',  ( -0.1001602564102564014, -0.9447052043022901024, -0.8179487179487175963 ) ) ;
#835 = VERTEX_POINT ( 'NONE', #734 ) ;
#836 = FACE_OUTER_BOUND ( 'NONE', #133, .T. ) ;
#837 = CARTESIAN_POINT ( 'NONE',  ( -0.04319960993991002474, -0.9490172778727620218, 0.07839922069850918662 ) ) ;
#838 = CARTESIAN_POINT ( 'NONE',  ( -0.1153846153846152522, -0.9429668024551788319, 0.05873397435897449725 ) ) ;
#839 = CARTESIAN_POINT ( 'NONE',  ( 0.01202093797320578222, 0.9499501978077653508, 0.1659022775020931872 ) ) ;
#840 = VERTEX_POINT ( 'NONE', #1895 ) ;
#841 = EDGE_CURVE ( 'NONE', #16, #1670, #1509, .T. ) ;
#842 = FACE_OUTER_BOUND ( 'NONE', #1657, .T. ) ;
#843 = PRESENTATION_LAYER_ASSIGNMENT (  '', '', ( #1084 ) ) ;
#844 = ORIENTED_EDGE ( 'NONE', *, *, #2006, .T. ) ;
#845 = MECHANICAL_DESIGN_GEOMETRIC_PRESENTATION_REPRESENTATION (  '', ( #2871 ), #2175 ) ;
#846 = FILL_AREA_STYLE_COLOUR ( '', #1287 ) ;
#847 = CARTESIAN_POINT ( 'NONE',  ( 0.7500000000000000000, 0.000000000000000000, -1.749999999999999778 ) ) ;
#848 = CARTESIAN_POINT ( 'NONE',  ( 0.02948717948717948303, -0.9495422614322601707, -0.8898237179487176185 ) ) ;
#849 = ORIENTED_EDGE ( 'NONE', *, *, #1069, .F. ) ;
#850 = FILL_AREA_STYLE_COLOUR ( '', #3037 ) ;
#851 = CARTESIAN_POINT ( 'NONE',  ( -0.05298359637202434969, -0.9514127586502081346, 0.2537809511047254274 ) ) ;
#852 = AXIS2_PLACEMENT_3D ( 'NONE', #1375, #2547, #689 ) ;
#853 = CARTESIAN_POINT ( 'NONE',  ( 0.05792643746273957311, -0.9482520016242124150, 0.1446962860753145397 ) ) ;
#854 = CARTESIAN_POINT ( 'NONE',  ( 0.1000000000000001582, 0.9447221813845592120, 0.05096153846153859968 ) ) ;
#855 = CARTESIAN_POINT ( 'NONE',  ( -0.2846683762235305837, -0.9064077278267200777, 0.1256982167511515869 ) ) ;
#856 = ORIENTED_EDGE ( 'NONE', *, *, #1083, .F. ) ;
#857 = AXIS2_PLACEMENT_3D ( 'NONE', #2710, #2176, #1482 ) ;
#858 = CARTESIAN_POINT ( 'NONE',  ( -0.2331007163276639649, 0.9209582313562391098, -0.9169771857128572456 ) ) ;
#859 = CARTESIAN_POINT ( 'NONE',  ( -0.2271133734927642811, -0.9224654255085574794, -0.5517810692068096934 ) ) ;
#860 = CARTESIAN_POINT ( 'NONE',  ( -0.2207181160734606185, -0.9240499118957961056, -0.8572647982038443804 ) ) ;
#861 = CARTESIAN_POINT ( 'NONE',  ( -0.1561965441865189319, -0.9371403660374523215, 0.1803478561068824759 ) ) ;
#862 = CARTESIAN_POINT ( 'NONE',  ( -0.08518575392166817528, -0.9463315144582782334, -0.6896449900719077153 ) ) ;
#863 =( LENGTH_UNIT ( ) NAMED_UNIT ( * ) SI_UNIT ( .MILLI., .METRE. ) );
#864 = CARTESIAN_POINT ( 'NONE',  ( -0.2333333333333333648, 0.9208993189027536719, -0.9974358974358968899 ) ) ;
#865 = EDGE_CURVE ( 'NONE', #1920, #265, #1570, .T. ) ;
#866 = CARTESIAN_POINT ( 'NONE',  ( -3.673940397442049638E-17, -3.550000000000000711, -7.919999999999999929 ) ) ;
#867 = FILL_AREA_STYLE ('',( #850 ) ) ;
#868 = CARTESIAN_POINT ( 'NONE',  ( 0.05149333783665979714, -0.9486298207028680540, 0.1498763525780951178 ) ) ;
#869 = CARTESIAN_POINT ( 'NONE',  ( 0.04955021682006829215, 0.9487068967879831449, 0.1507882680373713591 ) ) ;
#870 = DIRECTION ( 'NONE',  ( 0.000000000000000000, -1.392979236598078510E-16, 1.000000000000000000 ) ) ;
#871 = VERTEX_POINT ( 'NONE', #2366 ) ;
#872 = ORIENTED_EDGE ( 'NONE', *, *, #1050, .F. ) ;
#873 = B_SPLINE_CURVE_WITH_KNOTS ( 'NONE', 3,
 ( #662, #2548, #2304, #443, #1568, #1619, #1376, #221, #877, #1143, #2517, #404, #1333, #2283, #181, #978 ),
 .UNSPECIFIED., .F., .F.,
 ( 4, 3, 3, 3, 3, 4 ),
 ( 0.000000000000000000, 4.470869486728626868E-05, 8.961017028050152257E-05, 0.0001320105171074983192, 0.0001787820496056272200, 0.0002046915779044963476 ),
 .UNSPECIFIED. ) ;
#874 = CARTESIAN_POINT ( 'NONE',  ( 0.03223128537135203781, 0.9494559322709764659, 0.04042059601441250899 ) ) ;
#875 = VERTEX_POINT ( 'NONE', #2602 ) ;
#876 = CARTESIAN_POINT ( 'NONE',  ( 0.1051282051282051849, 0.9441652718070718819, -0.5005608974358976004 ) ) ;
#877 = CARTESIAN_POINT ( 'NONE',  ( -0.2801768355547405442, 0.9077759949159966979, 0.1316635421005882822 ) ) ;
#878 = ORIENTED_EDGE ( 'NONE', *, *, #1881, .F. ) ;
#879 = CARTESIAN_POINT ( 'NONE',  ( -0.1679245575731802553, 0.9350408242231202927, -0.7473821139335089514 ) ) ;
#880 = EDGE_CURVE ( 'NONE', #1347, #2594, #2318, .T. ) ;
#881 = CARTESIAN_POINT ( 'NONE',  ( -0.06614869800134802469, -0.9482967044626610109, -0.6122866148450100132 ) ) ;
#882 = DIRECTION ( 'NONE',  ( -0.000000000000000000, -0.000000000000000000, -1.000000000000000000 ) ) ;
#883 = VERTEX_POINT ( 'NONE', #1684 ) ;
#884 = AXIS2_PLACEMENT_3D ( 'NONE', #752, #2371, #266 ) ;
#885 = CARTESIAN_POINT ( 'NONE',  ( -0.1705500588099431170, -0.9346643703702368633, -0.6020018532465690742 ) ) ;
#886 = CARTESIAN_POINT ( 'NONE',  ( 0.09999999999999999167, 0.9447221813845592120, -0.9276442307692305267 ) ) ;
#887 = CARTESIAN_POINT ( 'NONE',  ( 0.03846153846153854000, 0.9492211070447030830, -0.4995993589743591423 ) ) ;
#888 =( GEOMETRIC_REPRESENTATION_CONTEXT ( 3 ) GLOBAL_UNCERTAINTY_ASSIGNED_CONTEXT ( ( #1868 ) ) GLOBAL_UNIT_ASSIGNED_CONTEXT ( ( #954, #2832, #708 ) ) REPRESENTATION_CONTEXT ( 'NONE', 'WORKASPACE' ) );
#889 = CARTESIAN_POINT ( 'NONE',  ( -0.1295962115287310201, 0.9411243002155854631, 0.2608596012998679603 ) ) ;
#890 = CARTESIAN_POINT ( 'NONE',  ( -0.1900909922882901837, -0.9308381055548499150, 0.4168059744552397028 ) ) ;
#891 = DIRECTION ( 'NONE',  ( -1.000000000000000000, 0.000000000000000000, 0.000000000000000000 ) ) ;
#892 = AXIS2_PLACEMENT_3D ( 'NONE', #176, #439, #1577 ) ;
#893 = EDGE_CURVE ( 'NONE', #354, #1085, #1582, .T. ) ;
#894 = AXIS2_PLACEMENT_3D ( 'NONE', #2748, #145, #205 ) ;
#895 = DIRECTION ( 'NONE',  ( -1.000000000000000000, 0.000000000000000000, 0.000000000000000000 ) ) ;
#896 = ORIENTED_EDGE ( 'NONE', *, *, #2024, .T. ) ;
#897 = EDGE_CURVE ( 'NONE', #1151, #740, #468, .T. ) ;
#898 = B_SPLINE_CURVE_WITH_KNOTS ( 'NONE', 3,
 ( #2054, #2750, #2038, #1384, #1540, #1563, #2565, #1147, #2274, #1623, #2957, #824, #1309 ),
 .UNSPECIFIED., .F., .F.,
 ( 4, 3, 3, 3, 4 ),
 ( 0.000000000000000000, 4.417947924682421700E-05, 7.192202855151605748E-05, 9.980728977452214183E-05, 0.0001067162337220299968 ),
 .UNSPECIFIED. ) ;
#899 = CIRCLE ( 'NONE', #2835, 0.7500000000000000000 ) ;
#900 = CARTESIAN_POINT ( 'NONE',  ( 0.08171797712585068818, -0.9464970207233541766, 0.1198105159293515465 ) ) ;
#901 =( NAMED_UNIT ( * ) PLANE_ANGLE_UNIT ( ) SI_UNIT ( $, .RADIAN. ) );
#902 = DIRECTION ( 'NONE',  ( 1.000000000000000000, 0.000000000000000000, 0.000000000000000000 ) ) ;
#903 = MECHANICAL_DESIGN_GEOMETRIC_PRESENTATION_REPRESENTATION (  '', ( #2791 ), #2837 ) ;
#904 = VERTEX_POINT ( 'NONE', #261 ) ;
#905 = CARTESIAN_POINT ( 'NONE',  ( -0.1587421148991527142, 0.9367652376613256893, -0.3939830199546398015 ) ) ;
#906 = CARTESIAN_POINT ( 'NONE',  ( -0.2671658728341121392, 0.9118759932896380871, -0.6236509587065035554 ) ) ;
#907 = COLOUR_RGB ( '',0.8313725490196077761, 0.8313725490196077761, 0.8196078431372548767 ) ;
#908 = CARTESIAN_POINT ( 'NONE',  ( 0.02118118917571065740, 0.9498033557124978543, -0.8634166594643385428 ) ) ;
#909 = CARTESIAN_POINT ( 'NONE',  ( 0.09487179487179507598, -0.9452509415693823858, 0.2846153846153848810 ) ) ;
#910 = B_SPLINE_CURVE_WITH_KNOTS ( 'NONE', 3,
 ( #1678, #1426, #695, #725, #14, #938 ),
 .UNSPECIFIED., .F., .F.,
 ( 4, 2, 4 ),
 ( 0.000000000000000000, 0.0001012385401886140772, 0.0002024770803772281543 ),
 .UNSPECIFIED. ) ;
#911 = VERTEX_POINT ( 'NONE', #2110 ) ;
#912 = CARTESIAN_POINT ( 'NONE',  ( -0.1819956783122305688, 0.9324311321191569579, -0.7511069372522862775 ) ) ;
#913 = SURFACE_STYLE_FILL_AREA ( #408 ) ;
#914 = CARTESIAN_POINT ( 'NONE',  ( 0.02394108986032631586, -0.9500964708596971731, -0.5675826774193003521 ) ) ;
#915 = CARTESIAN_POINT ( 'NONE',  ( -0.02950485657283145879, -0.9499213059205189325, -0.3921147926772441394 ) ) ;
#916 = ORIENTED_EDGE ( 'NONE', *, *, #1259, .F. ) ;
#917 = ADVANCED_FACE ( 'NONE', ( #2351 ), #1182, .T. ) ;
#918 = B_SPLINE_CURVE_WITH_KNOTS ( 'NONE', 3,
 ( #135, #567, #1515, #1370, #858, #2313, #654, #1109, #1800, #175 ),
 .UNSPECIFIED., .F., .F.,
 ( 4, 3, 3, 4 ),
 ( 0.000000000000000000, 1.286878681779053190E-05, 2.574226245263326021E-05, 5.149693594542567739E-05 ),
 .UNSPECIFIED. ) ;
#919 = SURFACE_STYLE_USAGE ( .BOTH. , #1139 ) ;
#920 = CARTESIAN_POINT ( 'NONE',  ( -0.2197542306579039206, -0.9242803301406055105, -0.5635990059914812722 ) ) ;
#921 = DIRECTION ( 'NONE',  ( 0.000000000000000000, -1.000000000000000000, 3.561383581569087378E-16 ) ) ;
#922 = ADVANCED_FACE ( 'NONE', ( #248 ), #1634, .T. ) ;
#923 = CARTESIAN_POINT ( 'NONE',  ( -0.01692184176312734947, -0.9498861493607780870, -0.6782079134168408352 ) ) ;
#924 = CARTESIAN_POINT ( 'NONE',  ( 0.01794871794871810700, 0.9498304288261131267, 0.3463141025641027215 ) ) ;
#925 = CARTESIAN_POINT ( 'NONE',  ( -0.1798498824156861409, -0.9328764793960282464, 0.4176822951352193170 ) ) ;
#926 = CARTESIAN_POINT ( 'NONE',  ( -0.2915064102564102755, -0.9041703450011073784, -0.8522435897435893803 ) ) ;
#927 = FACE_OUTER_BOUND ( 'NONE', #1461, .T. ) ;
#928 = ORIENTED_EDGE ( 'NONE', *, *, #1050, .T. ) ;
#929 = FACE_OUTER_BOUND ( 'NONE', #997, .T. ) ;
#930 = ADVANCED_FACE ( 'NONE', ( #963 ), #1529, .T. ) ;
#931 = DIRECTION ( 'NONE',  ( -0.000000000000000000, -0.000000000000000000, -1.000000000000000000 ) ) ;
#932 = CARTESIAN_POINT ( 'NONE',  ( 0.000000000000000000, 0.000000000000000000, -0.2538461538461539990 ) ) ;
#933 = CARTESIAN_POINT ( 'NONE',  ( -0.1958757281774840819, 0.9296466922730486360, 0.2296316544789897829 ) ) ;
#934 = CARTESIAN_POINT ( 'NONE',  ( 0.000000000000000000, -0.3000000000000005995, -6.620000000000000995 ) ) ;
#935 = STYLED_ITEM ( 'NONE', ( #2605 ), #48 ) ;
#936 = CARTESIAN_POINT ( 'NONE',  ( -0.2251053604513622297, -0.9229518108360038608, 0.3961968038829876138 ) ) ;
#937 = B_SPLINE_CURVE_WITH_KNOTS ( 'NONE', 3,
 ( #1298, #2251, #2027, #2737, #2989, #860, #400, #1327 ),
 .UNSPECIFIED., .F., .F.,
 ( 4, 2, 2, 4 ),
 ( 0.000000000000000000, 7.932664876395465988E-05, 0.0001189899731459319830, 0.0001586532975279093198 ),
 .UNSPECIFIED. ) ;
#938 = CARTESIAN_POINT ( 'NONE',  ( -0.2384615384615384193, 0.9195847403445515100, -0.4995993589743591423 ) ) ;
#939 = AXIS2_PLACEMENT_3D ( 'NONE', #2174, #1003, #1641 ) ;
#940 = UNCERTAINTY_MEASURE_WITH_UNIT (LENGTH_MEASURE( 1.000000000000000082E-05 ), #74, 'distance_accuracy_value', 'NONE');
#941 = DIRECTION ( 'NONE',  ( -0.000000000000000000, -0.000000000000000000, -1.000000000000000000 ) ) ;
#942 = PRESENTATION_STYLE_ASSIGNMENT (( #919 ) ) ;
#943 = PRESENTATION_STYLE_ASSIGNMENT (( #1433 ) ) ;
#944 = B_SPLINE_CURVE_WITH_KNOTS ( 'NONE', 3,
 ( #628, #1631, #2993, #431, #2295, #2772 ),
 .UNSPECIFIED., .F., .F.,
 ( 4, 2, 4 ),
 ( 5.587850095852340640E-20, 9.733979281035852547E-05, 0.0001946795856207169967 ),
 .UNSPECIFIED. ) ;
#945 = SURFACE_STYLE_FILL_AREA ( #715 ) ;
#946 = ORIENTED_EDGE ( 'NONE', *, *, #2122, .T. ) ;
#947 = DIRECTION ( 'NONE',  ( 1.000000000000000000, 0.000000000000000000, 0.000000000000000000 ) ) ;
#948 = CARTESIAN_POINT ( 'NONE',  ( 0.000000000000000000, 0.000000000000000000, -1.949999999999999956 ) ) ;
#949 = CARTESIAN_POINT ( 'NONE',  ( -0.3000000000000000444, 0.9013878188659973922, -1.074358974358973873 ) ) ;
#950 = CARTESIAN_POINT ( 'NONE',  ( -0.04553112960663685538, 0.9492380757596493579, -0.8189525958930526928 ) ) ;
#951 = CARTESIAN_POINT ( 'NONE',  ( 0.1050414550139636971, -0.9441749310098377368, -0.5077646200822099054 ) ) ;
#952 = AXIS2_PLACEMENT_3D ( 'NONE', #1161, #738, #2821 ) ;
#953 = EDGE_CURVE ( 'NONE', #2941, #2374, #2724, .T. ) ;
#954 =( LENGTH_UNIT ( ) NAMED_UNIT ( * ) SI_UNIT ( .MILLI., .METRE. ) );
#955 = DIRECTION ( 'NONE',  ( 1.000000000000000000, 0.000000000000000000, -0.000000000000000000 ) ) ;
#956 = CARTESIAN_POINT ( 'NONE',  ( -0.06353565805094497920, 0.9487401158877336593, -0.7415480488126990899 ) ) ;
#957 = EDGE_CURVE ( 'NONE', #2449, #510, #543, .T. ) ;
#958 = ORIENTED_EDGE ( 'NONE', *, *, #1259, .T. ) ;
#959 = CARTESIAN_POINT ( 'NONE',  ( -0.1178222365714588077, -0.9426846139325798513, 0.3234452598207206986 ) ) ;
#960 = ORIENTED_EDGE ( 'NONE', *, *, #29, .F. ) ;
#961 = SURFACE_STYLE_USAGE ( .BOTH. , #1390 ) ;
#962 = CARTESIAN_POINT ( 'NONE',  ( -0.2915064102564102755, 0.9041703450011073784, -0.8522435897435893803 ) ) ;
#963 = FACE_OUTER_BOUND ( 'NONE', #2648, .T. ) ;
#964 = ORIENTED_EDGE ( 'NONE', *, *, #395, .F. ) ;
#965 = FACE_OUTER_BOUND ( 'NONE', #2689, .T. ) ;
#966 = CARTESIAN_POINT ( 'NONE',  ( 0.09238782051282053154, 0.9454969543160309797, -0.8519230769230765610 ) ) ;
#967 = ORIENTED_EDGE ( 'NONE', *, *, #2309, .F. ) ;
#968 = EDGE_CURVE ( 'NONE', #1969, #636, #2987, .T. ) ;
#969 = APPLICATION_CONTEXT ( 'automotive_design' ) ;
#970 = CARTESIAN_POINT ( 'NONE',  ( -0.1264423076923075207, 0.9415478441510255481, 0.2384615384615386413 ) ) ;
#971 = ORIENTED_EDGE ( 'NONE', *, *, #2657, .T. ) ;
#972 =( NAMED_UNIT ( * ) PLANE_ANGLE_UNIT ( ) SI_UNIT ( $, .RADIAN. ) );
#973 = B_SPLINE_CURVE_WITH_KNOTS ( 'NONE', 3,
 ( #966, #241, #2836, #2593, #956, #477 ),
 .UNSPECIFIED., .F., .F.,
 ( 4, 2, 4 ),
 ( 0.000000000000000000, 0.0001211313233351573844, 0.0002422626466703147689 ),
 .UNSPECIFIED. ) ;
#974 = CARTESIAN_POINT ( 'NONE',  ( -0.1261311505379384967, -0.9415996753100177585, 0.4069398240802558075 ) ) ;
#975 = VERTEX_POINT ( 'NONE', #1613 ) ;
#976 = B_SPLINE_CURVE_WITH_KNOTS ( 'NONE', 3,
 ( #1702, #951, #1224, #487, #85, #1457, #2396, #262, #1183, #1686 ),
 .UNSPECIFIED., .F., .F.,
 ( 4, 3, 3, 4 ),
 ( 0.000000000000000000, 2.161275432765606599E-05, 4.323941805456862783E-05, 8.648921343728265042E-05 ),
 .UNSPECIFIED. ) ;
#977 = SURFACE_STYLE_USAGE ( .BOTH. , #2151 ) ;
#978 = CARTESIAN_POINT ( 'NONE',  ( -0.3051282051282049879, 0.8996648144921751689, 0.04991987179487193671 ) ) ;
#979 = DIRECTION ( 'NONE',  ( 0.000000000000000000, -1.000000000000000000, 0.000000000000000000 ) ) ;
#980 = B_SPLINE_CURVE_WITH_KNOTS ( 'NONE', 3,
 ( #2057, #2544, #874, #1813, #2291, #190, #1111, #2222, #347, #282, #753, #55, #1959, #2438, #1739, #554 ),
 .UNSPECIFIED., .F., .F.,
 ( 4, 3, 3, 3, 3, 4 ),
 ( 0.000000000000000000, 1.653882293778443852E-05, 3.101603317846030045E-05, 4.757338016138128384E-05, 6.971137922967786317E-05, 7.369334534370220336E-05 ),
 .UNSPECIFIED. ) ;
#981 = VERTEX_POINT ( 'NONE', #1356 ) ;
#982 = CARTESIAN_POINT ( 'NONE',  ( -0.2596153846153846922, -0.9138379791139159547, -0.7958333333333331705 ) ) ;
#983 = CARTESIAN_POINT ( 'NONE',  ( 0.03810365984261984695, 0.9492356079467203500, -0.5134092065869475530 ) ) ;
#984 = ORIENTED_EDGE ( 'NONE', *, *, #1637, .F. ) ;
#985 = CARTESIAN_POINT ( 'NONE',  ( -0.05510105190995379099, 0.9484017622019816907, 0.06206972560492432511 ) ) ;
#986 = EDGE_CURVE ( 'NONE', #875, #16, #370, .T. ) ;
#987 = AXIS2_PLACEMENT_3D ( 'NONE', #391, #2015, #2964 ) ;
#988 = CARTESIAN_POINT ( 'NONE',  ( -0.2050828793739273570, 0.9275995971253978567, -0.8415684805822744030 ) ) ;
#989 = ORIENTED_EDGE ( 'NONE', *, *, #2158, .F. ) ;
#990 = COLOUR_RGB ( '',0.1019607843137254888, 0.1019607843137254888, 0.1019607843137254888 ) ;
#991 = EDGE_CURVE ( 'NONE', #97, #2552, #549, .T. ) ;
#992 = CARTESIAN_POINT ( 'NONE',  ( 0.9499999999999999556, 1.163414459189985682E-16, -3.403937756669170867 ) ) ;
#993 = PRESENTATION_LAYER_ASSIGNMENT (  '', '', ( #409 ) ) ;
#994 = DIRECTION ( 'NONE',  ( 1.000000000000000000, 0.000000000000000000, 0.000000000000000000 ) ) ;
#995 = CARTESIAN_POINT ( 'NONE',  ( -0.1411569143318605335, -0.9394544829507869288, 0.09800466366979292132 ) ) ;
#996 = AXIS2_PLACEMENT_3D ( 'NONE', #2451, #2202, #584 ) ;
#997 = EDGE_LOOP ( 'NONE', ( #32, #2300, #2701, #1747 ) ) ;
#998 = CARTESIAN_POINT ( 'NONE',  ( 0.000000000000000000, 0.000000000000000000, -3.403937756669170867 ) ) ;
#999 = FACE_BOUND ( 'NONE', #1890, .T. ) ;
#1000 = PLANE ( 'NONE',  #987 ) ;
#1001 = CARTESIAN_POINT ( 'NONE',  ( 0.09960112240222966651, 0.9447646376323750594, 0.03815927808651651404 ) ) ;
#1002 = VERTEX_POINT ( 'NONE', #164 ) ;
#1003 = DIRECTION ( 'NONE',  ( 0.000000000000000000, -1.000000000000000000, -3.401418580346681312E-16 ) ) ;
#1004 = DIRECTION ( 'NONE',  ( 1.000000000000000000, 0.000000000000000000, 0.000000000000000000 ) ) ;
#1005 = CIRCLE ( 'NONE', #2994, 0.2999999999999999889 ) ;
#1006 = ORIENTED_EDGE ( 'NONE', *, *, #2246, .T. ) ;
#1007 = CARTESIAN_POINT ( 'NONE',  ( 0.02948717948717948303, -0.9495422614322601707, -0.8898237179487176185 ) ) ;
#1008 = CARTESIAN_POINT ( 'NONE',  ( 0.03128915369667744500, 0.9494847027974555598, -0.9013427191057997723 ) ) ;
#1009 = CARTESIAN_POINT ( 'NONE',  ( -0.1053932815214645297, 0.9441357568415490453, 0.3542248507068991858 ) ) ;
#1010 = ORIENTED_EDGE ( 'NONE', *, *, #2020, .T. ) ;
#1011 = EDGE_CURVE ( 'NONE', #441, #1418, #1090, .T. ) ;
#1012 = PRESENTATION_STYLE_ASSIGNMENT (( #2856 ) ) ;
#1013 = CARTESIAN_POINT ( 'NONE',  ( -0.1093020139752972492, 0.9436959897849872547, 0.3855787615742376495 ) ) ;
#1014 = FACE_BOUND ( 'NONE', #1904, .T. ) ;
#1015 = CARTESIAN_POINT ( 'NONE',  ( -0.2383368900897178955, 0.9196170634586779968, 0.05737840069985747360 ) ) ;
#1016 = B_SPLINE_CURVE_WITH_KNOTS ( 'NONE', 3,
 ( #1066, #576, #2918, #1987, #351, #2712, #2444, #1270, #592, #2683, #562, #2229, #811, #1248, #1034, #2937 ),
 .UNSPECIFIED., .F., .F.,
 ( 4, 3, 3, 3, 3, 4 ),
 ( 0.000000000000000000, 1.757491395000254709E-05, 3.529555211731488654E-05, 5.144244294691169327E-05, 7.717341767511883054E-05, 9.097412578236129259E-05 ),
 .UNSPECIFIED. ) ;
#1017 = DIRECTION ( 'NONE',  ( 0.000000000000000000, 0.000000000000000000, 1.000000000000000000 ) ) ;
#1018 = CARTESIAN_POINT ( 'NONE',  ( -0.04736207754696223488, 0.9488230257917399380, 0.07474182857403065261 ) ) ;
#1019 = EDGE_LOOP ( 'NONE', ( #1496, #1006, #2905, #960 ) ) ;
#1020 = DIRECTION ( 'NONE',  ( 0.000000000000000000, 0.000000000000000000, 1.000000000000000000 ) ) ;
#1021 = LINE ( 'NONE', #437, #1385 ) ;
#1022 = CARTESIAN_POINT ( 'NONE',  ( -0.2271113013934142055, 0.9224567477039231633, -0.8740292574852801533 ) ) ;
#1023 = VERTEX_POINT ( 'NONE', #2988 ) ;
#1024 = CARTESIAN_POINT ( 'NONE',  ( 0.000000000000000000, -1.000000000000000444, -7.320000000000000284 ) ) ;
#1025 = DIRECTION ( 'NONE',  ( -0.000000000000000000, 1.000000000000000000, -2.008439343748602309E-16 ) ) ;
#1026 = ORIENTED_EDGE ( 'NONE', *, *, #1442, .F. ) ;
#1027 = EDGE_CURVE ( 'NONE', #265, #575, #2834, .T. ) ;
#1028 = CARTESIAN_POINT ( 'NONE',  ( 0.000000000000000000, 0.000000000000000000, -3.403937756669170867 ) ) ;
#1029 = CARTESIAN_POINT ( 'NONE',  ( -0.2932276153788412887, 0.9036283491510298527, -0.009961995475837702105 ) ) ;
#1030 = CARTESIAN_POINT ( 'NONE',  ( -0.2333765714354174847, 0.9208915271055061469, 0.3312935568087005955 ) ) ;
#1031 = VERTEX_POINT ( 'NONE', #3026 ) ;
#1032 =( NAMED_UNIT ( * ) PLANE_ANGLE_UNIT ( ) SI_UNIT ( $, .RADIAN. ) );
#1033 = EDGE_LOOP ( 'NONE', ( #2902, #1448 ) ) ;
#1034 = CARTESIAN_POINT ( 'NONE',  ( -0.1814548805151161848, -0.9325209925118701504, -0.001927582669865713846 ) ) ;
#1035 = CARTESIAN_POINT ( 'NONE',  ( -0.08661858974358957464, 0.9460429270973024218, 0.1091346153846155104 ) ) ;
#1036 = CARTESIAN_POINT ( 'NONE',  ( -0.1167699763230782978, -0.9428099292263747433, 0.3979814509916886900 ) ) ;
#1037 = ORIENTED_EDGE ( 'NONE', *, *, #1481, .T. ) ;
#1038 =( GEOMETRIC_REPRESENTATION_CONTEXT ( 3 ) GLOBAL_UNCERTAINTY_ASSIGNED_CONTEXT ( ( #632 ) ) GLOBAL_UNIT_ASSIGNED_CONTEXT ( ( #305, #1040, #2199 ) ) REPRESENTATION_CONTEXT ( 'NONE', 'WORKASPACE' ) );
#1039 = ORIENTED_EDGE ( 'NONE', *, *, #429, .F. ) ;
#1040 =( NAMED_UNIT ( * ) PLANE_ANGLE_UNIT ( ) SI_UNIT ( $, .RADIAN. ) );
#1041 = CARTESIAN_POINT ( 'NONE',  ( -0.2289367029646153240, 0.9220118276750771669, 0.02201212308678836271 ) ) ;
#1042 =( GEOMETRIC_REPRESENTATION_CONTEXT ( 3 ) GLOBAL_UNCERTAINTY_ASSIGNED_CONTEXT ( ( #516 ) ) GLOBAL_UNIT_ASSIGNED_CONTEXT ( ( #1848, #643, #2573 ) ) REPRESENTATION_CONTEXT ( 'NONE', 'WORKASPACE' ) );
#1043 = DIRECTION ( 'NONE',  ( 0.000000000000000000, -1.000000000000000000, 0.000000000000000000 ) ) ;
#1044 = ORIENTED_EDGE ( 'NONE', *, *, #1217, .T. ) ;
#1045 = PRODUCT_DEFINITION_CONTEXT ( 'detailed design', #2070, 'design' ) ;
#1046 = FACE_OUTER_BOUND ( 'NONE', #2136, .T. ) ;
#1047 = CARTESIAN_POINT ( 'NONE',  ( -0.1798102833716267446, -0.9328327274824601556, 0.2726296118607435259 ) ) ;
#1048 = CARTESIAN_POINT ( 'NONE',  ( -0.2461479636801058302, 0.9175571807664614221, -0.06007032487333280324 ) ) ;
#1049 = CARTESIAN_POINT ( 'NONE',  ( -0.2375862040998354408, 0.9198133099944493241, 0.3439444888542684819 ) ) ;
#1050 = EDGE_CURVE ( 'NONE', #2682, #483, #2912, .T. ) ;
#1051 = MECHANICAL_DESIGN_GEOMETRIC_PRESENTATION_REPRESENTATION (  '', ( #1936 ), #2238 ) ;
#1052 = CARTESIAN_POINT ( 'NONE',  ( -0.02675465016409125235, 0.9496231824753649242, 0.08730608302412881661 ) ) ;
#1053 = EDGE_CURVE ( 'NONE', #1728, #389, #1278, .T. ) ;
#1054 = AXIS2_PLACEMENT_3D ( 'NONE', #1522, #1759, #2727 ) ;
#1055 = CARTESIAN_POINT ( 'NONE',  ( 0.03174931525212860289, 0.9494693154499623811, -0.9071484850759304885 ) ) ;
#1056 = B_SPLINE_CURVE_WITH_KNOTS ( 'NONE', 3,
 ( #1464, #297, #1214, #72, #1521, #2440, #349, #108, #1030, #2930, #1049, #805, #1546 ),
 .UNSPECIFIED., .F., .F.,
 ( 4, 3, 3, 3, 4 ),
 ( 0.000000000000000000, 3.341385657019813982E-05, 5.536487708649651042E-05, 7.749754690775098663E-05, 9.511007092660427324E-05 ),
 .UNSPECIFIED. ) ;
#1057 = ORIENTED_EDGE ( 'NONE', *, *, #561, .F. ) ;
#1058 = PLANE ( 'NONE',  #1547 ) ;
#1059 = ORIENTED_EDGE ( 'NONE', *, *, #2562, .F. ) ;
#1060 =( NAMED_UNIT ( * ) PLANE_ANGLE_UNIT ( ) SI_UNIT ( $, .RADIAN. ) );
#1061 = CARTESIAN_POINT ( 'NONE',  ( -0.1005608974358973839, 0.9446626413206393735, -0.3102564102564104309 ) ) ;
#1062 = CARTESIAN_POINT ( 'NONE',  ( 0.09411547042473793201, 0.9453387288147175882, 0.008172135839865743434 ) ) ;
#1063 = CARTESIAN_POINT ( 'NONE',  ( -0.1889423076923077149, -0.9310213769639800185, -0.7532051282051278607 ) ) ;
#1064 = CARTESIAN_POINT ( 'NONE',  ( -0.1359441758723556881, 0.9402337319427157558, 0.09534942899111700787 ) ) ;
#1065 = ADVANCED_FACE ( 'NONE', ( #454 ), #1642, .T. ) ;
#1066 = CARTESIAN_POINT ( 'NONE',  ( -0.2384615384615383082, -0.9195847403445516210, 0.05152243589743604052 ) ) ;
#1067 = CARTESIAN_POINT ( 'NONE',  ( 0.02057369670560248165, 0.9497771965065805455, 0.08032020552141361236 ) ) ;
#1068 = CARTESIAN_POINT ( 'NONE',  ( -0.2536858974358973118, 0.9155017561109008994, 0.4665064102564104309 ) ) ;
#1069 = EDGE_CURVE ( 'NONE', #1964, #2853, #2567, .T. ) ;
#1070 = CARTESIAN_POINT ( 'NONE',  ( -0.1769230769230767664, 0.9333800002421688280, -0.002564102564102431828 ) ) ;
#1071 = CARTESIAN_POINT ( 'NONE',  ( -0.2995896528281907223, -0.9015242869264719072, -0.9053478427511693072 ) ) ;
#1072 = SURFACE_STYLE_USAGE ( .BOTH. , #2013 ) ;
#1073 = CARTESIAN_POINT ( 'NONE',  ( -0.1264423076923075207, -0.9415478441510257701, 0.2384615384615386413 ) ) ;
#1074 = CARTESIAN_POINT ( 'NONE',  ( -0.2337769818967675162, 0.9208758752723981145, -0.06772114232439116477 ) ) ;
#1075 = CARTESIAN_POINT ( 'NONE',  ( -0.07313755633370404297, -0.9475702256404252566, -0.8181914113942918565 ) ) ;
#1076 = EDGE_LOOP ( 'NONE', ( #480, #896, #2708, #2733 ) ) ;
#1077 =( NAMED_UNIT ( * ) SI_UNIT ( $, .STERADIAN. ) SOLID_ANGLE_UNIT ( ) );
#1078 = CARTESIAN_POINT ( 'NONE',  ( -0.1290163877111311086, -0.9411985825016234708, 0.08948208344481675680 ) ) ;
#1079 = CARTESIAN_POINT ( 'NONE',  ( 0.009835189470991019881, -0.9499684086518652704, 0.1661338251167460700 ) ) ;
#1080 = CARTESIAN_POINT ( 'NONE',  ( -0.09863782051282046770, 0.9448653768471362291, -0.3871794871794873028 ) ) ;
#1081 = ORIENTED_EDGE ( 'NONE', *, *, #1116, .T. ) ;
#1082 = AXIS2_PLACEMENT_3D ( 'NONE', #1722, #2453, #346 ) ;
#1083 = EDGE_CURVE ( 'NONE', #1418, #2435, #2022, .T. ) ;
#1084 = STYLED_ITEM ( 'NONE', ( #1765 ), #300 ) ;
#1085 = VERTEX_POINT ( 'NONE', #563 ) ;
#1086 = DIRECTION ( 'NONE',  ( 0.000000000000000000, -9.805962535134626294E-17, 1.000000000000000000 ) ) ;
#1087 = CARTESIAN_POINT ( 'NONE',  ( 0.06652571611884305902, 0.9478715667642647613, -0.3762856298088593787 ) ) ;
#1088 = CARTESIAN_POINT ( 'NONE',  ( -0.1005608974358973839, 0.9446626413206393735, -0.3102564102564104309 ) ) ;
#1089 = CARTESIAN_POINT ( 'NONE',  ( -0.2958023581738238872, 0.9027740386712529430, -0.8696714466533935761 ) ) ;
#1090 = B_SPLINE_CURVE_WITH_KNOTS ( 'NONE', 3,
 ( #1326, #2056, #3003, #2279, #2812, #1140, #415, #1343, #2041, #2097 ),
 .UNSPECIFIED., .F., .F.,
 ( 4, 3, 3, 4 ),
 ( 0.000000000000000000, 1.288296394981814291E-05, 2.573740620679057663E-05, 5.138911896978875149E-05 ),
 .UNSPECIFIED. ) ;
#1091 = TOROIDAL_SURFACE ( 'NONE', #609, 0.9999999999999997780, 0.2999999999999999889 ) ;
#1092 = CARTESIAN_POINT ( 'NONE',  ( -0.1166045906564465579, 0.9428168643648903169, 0.04577662788966851970 ) ) ;
#1093 = PRESENTATION_STYLE_ASSIGNMENT (( #1137 ) ) ;
#1094 = CARTESIAN_POINT ( 'NONE',  ( -0.1801282051282049879, -0.9327667606198729588, 0.1820512820512822094 ) ) ;
#1095 = CARTESIAN_POINT ( 'NONE',  ( -0.2377387771597513355, -0.9197718596640531707, 0.06073493475702144290 ) ) ;
#1096 = CARTESIAN_POINT ( 'NONE',  ( -0.006410256410256241766, -0.9499783727079026407, -0.06923076923076909583 ) ) ;
#1097 = ORIENTED_EDGE ( 'NONE', *, *, #1069, .T. ) ;
#1098 = EDGE_CURVE ( 'NONE', #1023, #975, #1459, .T. ) ;
#1099 = CARTESIAN_POINT ( 'NONE',  ( -0.03846153846153831796, 0.9492211070447030830, 0.3799679487179488668 ) ) ;
#1100 = CARTESIAN_POINT ( 'NONE',  ( -0.1554234352781499184, 0.9387159739425156024, -0.6887573656363836783 ) ) ;
#1101 = CARTESIAN_POINT ( 'NONE',  ( -0.2998856251938885609, 0.9014258851024333774, -0.9113581054226012057 ) ) ;
#1102 = VERTEX_POINT ( 'NONE', #1510 ) ;
#1103 = CARTESIAN_POINT ( 'NONE',  ( 0.03333333333333334675, 0.9494150245750743178, -3.403937756669170867 ) ) ;
#1104 = SURFACE_SIDE_STYLE ('',( #913 ) ) ;
#1105 =( BOUNDED_CURVE ( )  B_SPLINE_CURVE ( 3, ( #909, #2305, #851, #2508 ),
 .UNSPECIFIED., .F., .T. ) 
 B_SPLINE_CURVE_WITH_KNOTS ( ( 4, 4 ),
 ( 4.612357190932751649, 4.845882278593877324 ),
 .UNSPECIFIED. ) 
 CURVE ( )  GEOMETRIC_REPRESENTATION_ITEM ( )  RATIONAL_B_SPLINE_CURVE ( ( 1.000000000000000000, 0.9954606635539994253, 0.9954606635539994253, 1.000000000000000000 ) ) 
 REPRESENTATION_ITEM ( '' )  );
#1106 = CARTESIAN_POINT ( 'NONE',  ( -0.1681089743589742058, -0.9350076859256152284, 0.4948717948717950565 ) ) ;
#1107 = DIRECTION ( 'NONE',  ( 0.000000000000000000, -1.000000000000000000, 0.000000000000000000 ) ) ;
#1108 = VERTEX_POINT ( 'NONE', #2956 ) ;
#1109 = CARTESIAN_POINT ( 'NONE',  ( -0.2322160523781799102, 0.9211818117504746439, -0.8998577280760725605 ) ) ;
#1110 = CARTESIAN_POINT ( 'NONE',  ( -0.2317588089272258900, -0.9212968329934382306, -0.5391430680108062479 ) ) ;
#1111 = CARTESIAN_POINT ( 'NONE',  ( 0.02139393956664584900, 0.9497590743709330985, 0.02356040734596987277 ) ) ;
#1112 = VERTEX_POINT ( 'NONE', #2699 ) ;
#1113 = CARTESIAN_POINT ( 'NONE',  ( 0.07969601439945613042, -0.9467371151646011285, -0.8129100294811857363 ) ) ;
#1114 = FACE_BOUND ( 'NONE', #151, .T. ) ;
#1115 = CARTESIAN_POINT ( 'NONE',  ( -0.1769230769230767664, 0.9333800002421688280, 0.2948717948717950454 ) ) ;
#1116 = EDGE_CURVE ( 'NONE', #1002, #1265, #2917, .T. ) ;
#1117 = ORIENTED_EDGE ( 'NONE', *, *, #2698, .T. ) ;
#1118 = CARTESIAN_POINT ( 'NONE',  ( 0.09862791317224924026, -0.9448664110567629448, -0.8895767197493319456 ) ) ;
#1119 = B_SPLINE_CURVE_WITH_KNOTS ( 'NONE', 3,
 ( #876, #1283, #1770, #153, #1087, #140, #1815, #1061 ),
 .UNSPECIFIED., .F., .F.,
 ( 4, 2, 2, 4 ),
 ( 0.000000000000000000, 7.838000070241377246E-05, 0.0001567600014048275449, 0.0003135200028096552525 ),
 .UNSPECIFIED. ) ;
#1120 =( NAMED_UNIT ( * ) SI_UNIT ( $, .STERADIAN. ) SOLID_ANGLE_UNIT ( ) );
#1121 = EDGE_CURVE ( 'NONE', #273, #1517, #352, .T. ) ;
#1122 = CYLINDRICAL_SURFACE ( 'NONE', #2043, 0.9499999999999999556 ) ;
#1123 = ORIENTED_EDGE ( 'NONE', *, *, #395, .T. ) ;
#1124 = FILL_AREA_STYLE_COLOUR ( '', #1329 ) ;
#1125 = CARTESIAN_POINT ( 'NONE',  ( -0.1405608452257428309, -0.9395438514464080626, -0.6094604871755912034 ) ) ;
#1126 = CARTESIAN_POINT ( 'NONE',  ( -0.2811584715605515150, 0.9074461457310777357, -0.8263140707925420436 ) ) ;
#1127 = CARTESIAN_POINT ( 'NONE',  ( -0.2323075785654768188, 0.9211586122597875681, -0.4613075434294456323 ) ) ;
#1128 = CARTESIAN_POINT ( 'NONE',  ( 0.09487179487179507598, -0.9452509415693823858, 0.4794871794871796711 ) ) ;
#1129 = PRESENTATION_LAYER_ASSIGNMENT (  '', '', ( #935 ) ) ;
#1130 = CARTESIAN_POINT ( 'NONE',  ( -0.05032293762640051293, -0.9486692266811367347, 0.07118765668534254853 ) ) ;
#1131 = AXIS2_PLACEMENT_3D ( 'NONE', #590, #333, #1535 ) ;
#1132 = CARTESIAN_POINT ( 'NONE',  ( 0.9499999999999999556, 0.000000000000000000, 1.949999999999999956 ) ) ;
#1133 = COLOUR_RGB ( '',0.8313725490196077761, 0.8313725490196077761, 0.8196078431372548767 ) ;
#1134 = STYLED_ITEM ( 'NONE', ( #1093 ), #1166 ) ;
#1135 = EDGE_CURVE ( 'NONE', #1240, #2754, #760, .T. ) ;
#1136 = CARTESIAN_POINT ( 'NONE',  ( 0.04442290512310676648, -0.9489608029316842774, 0.1539693614317418635 ) ) ;
#1137 = SURFACE_STYLE_USAGE ( .BOTH. , #2053 ) ;
#1138 = ORIENTED_EDGE ( 'NONE', *, *, #2473, .F. ) ;
#1139 = SURFACE_SIDE_STYLE ('',( #2678 ) ) ;
#1140 = CARTESIAN_POINT ( 'NONE',  ( -0.2324486782118943828, -0.9211230473366430749, -0.9041694794747219266 ) ) ;
#1141 = CARTESIAN_POINT ( 'NONE',  ( -0.2648534782130759213, 0.9123498710301015668, -0.8017209259226306672 ) ) ;
#1142 = CIRCLE ( 'NONE', #504, 0.2999999999999999889 ) ;
#1143 = CARTESIAN_POINT ( 'NONE',  ( -0.2873297702481710236, 0.9055062689599033821, 0.1196141113257025435 ) ) ;
#1144 = CARTESIAN_POINT ( 'NONE',  ( -0.05719041346914641860, -0.9482774461491286777, 0.05614164316608681593 ) ) ;
#1145 = CARTESIAN_POINT ( 'NONE',  ( 0.000000000000000000, 0.000000000000000000, -0.2538461538461539990 ) ) ;
#1146 = CARTESIAN_POINT ( 'NONE',  ( 0.02807896415376492233, 0.9495925140705618883, -0.5511034417654714357 ) ) ;
#1147 = CARTESIAN_POINT ( 'NONE',  ( -0.02821605581098046711, -0.9496191029357596847, 0.1634148891641145906 ) ) ;
#1148 = UNCERTAINTY_MEASURE_WITH_UNIT (LENGTH_MEASURE( 1.000000000000000082E-05 ), #1254, 'distance_accuracy_value', 'NONE');
#1149 = PRESENTATION_STYLE_ASSIGNMENT (( #227 ) ) ;
#1150 = CARTESIAN_POINT ( 'NONE',  ( -0.1065972591548465520, -0.9440047003829755701, 0.3463318498048221228 ) ) ;
#1151 = VERTEX_POINT ( 'NONE', #2663 ) ;
#1152 = EDGE_CURVE ( 'NONE', #2594, #1990, #1021, .T. ) ;
#1153 = DIRECTION ( 'NONE',  ( 0.000000000000000000, 0.000000000000000000, 1.000000000000000000 ) ) ;
#1154 = B_SPLINE_CURVE_WITH_KNOTS ( 'NONE', 3,
 ( #607, #1855, #3039, #2983, #396, #2510, #1592, #2079, #1367, #198 ),
 .UNSPECIFIED., .F., .F.,
 ( 4, 2, 2, 2, 4 ),
 ( 0.000000000000000000, 7.872064027281446810E-05, 0.0001574412805456289362, 0.0002361619208184433908, 0.0003148825610912578724 ),
 .UNSPECIFIED. ) ;
#1155 = CARTESIAN_POINT ( 'NONE',  ( -0.2779396989749836622, 0.9084405932009720352, -0.8202069245545948739 ) ) ;
#1156 = CARTESIAN_POINT ( 'NONE',  ( 0.03274199118246460399, -0.9494356018253192753, -0.9244866528771318315 ) ) ;
#1157 = CARTESIAN_POINT ( 'NONE',  ( -0.3051282051282050989, -0.8996648144921751689, -0.4994391025641026771 ) ) ;
#1158 = LINE ( 'NONE', #2111, #453 ) ;
#1159 = VERTEX_POINT ( 'NONE', #199 ) ;
#1160 = CARTESIAN_POINT ( 'NONE',  ( 0.1000065825226235938, -0.9447214846164774249, -0.9149467313418474523 ) ) ;
#1161 = CARTESIAN_POINT ( 'NONE',  ( 0.000000000000000000, 0.000000000000000000, 0.4794871794871796711 ) ) ;
#1162 = ORIENTED_EDGE ( 'NONE', *, *, #1543, .T. ) ;
#1163 = ORIENTED_EDGE ( 'NONE', *, *, #2562, .T. ) ;
#1164 = DIRECTION ( 'NONE',  ( -0.000000000000000000, -0.000000000000000000, -1.000000000000000000 ) ) ;
#1165 = CARTESIAN_POINT ( 'NONE',  ( -0.3025104088606815345, 0.9005484176226062898, 0.3886470680279286993 ) ) ;
#1166 = ADVANCED_FACE ( 'NONE', ( #2749, #2311 ), #2037, .T. ) ;
#1167 =( LENGTH_UNIT ( ) NAMED_UNIT ( * ) SI_UNIT ( .MILLI., .METRE. ) );
#1168 = VERTEX_POINT ( 'NONE', #187 ) ;
#1169 = CARTESIAN_POINT ( 'NONE',  ( -0.2941550368763122814, 0.9033219076813148174, 0.3002819587056382300 ) ) ;
#1170 = EDGE_CURVE ( 'NONE', #595, #569, #553, .T. ) ;
#1171 =( NAMED_UNIT ( * ) PLANE_ANGLE_UNIT ( ) SI_UNIT ( $, .RADIAN. ) );
#1172 = CARTESIAN_POINT ( 'NONE',  ( -0.1976030836257931245, -0.9292637513801131899, -0.7562869743839669701 ) ) ;
#1173 = CARTESIAN_POINT ( 'NONE',  ( -0.03934537776766946354, -0.9491852947147687569, 0.4128117604244698202 ) ) ;
#1174 = VECTOR ( 'NONE', #1398, 1000.000000000000000 ) ;
#1175 = CARTESIAN_POINT ( 'NONE',  ( 0.07912653481637582642, 0.9467153961485588187, 0.1230179695643586479 ) ) ;
#1176 = PRESENTATION_LAYER_ASSIGNMENT (  '', '', ( #1335 ) ) ;
#1177 = AXIS2_PLACEMENT_3D ( 'NONE', #800, #2471, #1737 ) ;
#1178 = FACE_OUTER_BOUND ( 'NONE', #731, .T. ) ;
#1179 = ORIENTED_EDGE ( 'NONE', *, *, #953, .T. ) ;
#1180 = CARTESIAN_POINT ( 'NONE',  ( -0.2934265239016833893, -0.9035607410070066736, 0.4195252424720367079 ) ) ;
#1181 = CARTESIAN_POINT ( 'NONE',  ( -0.2050642199885708838, 0.9276349288832234086, -0.4194264148127394565 ) ) ;
#1182 = CYLINDRICAL_SURFACE ( 'NONE', #646, 0.9499999999999999556 ) ;
#1183 = CARTESIAN_POINT ( 'NONE',  ( 0.09486043494647239394, -0.9452678599431615369, -0.5715996653628084845 ) ) ;
#1184 = PRESENTATION_LAYER_ASSIGNMENT (  '', '', ( #134 ) ) ;
#1185 = EDGE_CURVE ( 'NONE', #2625, #2023, #1504, .T. ) ;
#1186 = CARTESIAN_POINT ( 'NONE',  ( -3.673940397442058882E-17, -1.000000000000000666, 6.620000000000000107 ) ) ;
#1187 = FACE_BOUND ( 'NONE', #132, .T. ) ;
#1188 = DIRECTION ( 'NONE',  ( 1.000000000000000000, 0.000000000000000000, 0.000000000000000000 ) ) ;
#1189 = EDGE_LOOP ( 'NONE', ( #2340, #2897, #742, #566, #1660, #309, #2751 ) ) ;
#1190 = CARTESIAN_POINT ( 'NONE',  ( 0.09940753582678005240, 0.9447857271142812152, 0.06744644248353447169 ) ) ;
#1191 = VERTEX_POINT ( 'NONE', #2065 ) ;
#1192 = CARTESIAN_POINT ( 'NONE',  ( -0.2853242995632722101, 0.9061401900778636165, 0.4327682354069745108 ) ) ;
#1193 = CARTESIAN_POINT ( 'NONE',  ( -0.1052686039706434429, -0.9441496390796794147, 0.3697865590497140253 ) ) ;
#1194 = VERTEX_POINT ( 'NONE', #1778 ) ;
#1195 = ORIENTED_EDGE ( 'NONE', *, *, #2492, .F. ) ;
#1196 = SURFACE_STYLE_FILL_AREA ( #233 ) ;
#1197 = CARTESIAN_POINT ( 'NONE',  ( -0.2728155833683004738, 0.9100195704650226869, 0.2686185721978678331 ) ) ;
#1198 = DIRECTION ( 'NONE',  ( 0.000000000000000000, -1.392979236598078510E-16, -1.000000000000000000 ) ) ;
#1199 = ORIENTED_EDGE ( 'NONE', *, *, #785, .F. ) ;
#1200 = CARTESIAN_POINT ( 'NONE',  ( -0.2670321129425358708, -0.9117048405067994521, -0.8041795794315594881 ) ) ;
#1201 = CARTESIAN_POINT ( 'NONE',  ( -0.2383594352305045960, -0.9196112171796770873, 0.3617420433546497671 ) ) ;
#1202 = ADVANCED_FACE ( 'NONE', ( #608 ), #1122, .T. ) ;
#1203 = ORIENTED_EDGE ( 'NONE', *, *, #633, .T. ) ;
#1204 = CARTESIAN_POINT ( 'NONE',  ( -0.03131110350267320847, 0.9494948091191617312, 0.08589372209905690725 ) ) ;
#1205 = EDGE_CURVE ( 'NONE', #1191, #751, #2797, .T. ) ;
#1206 = CARTESIAN_POINT ( 'NONE',  ( -0.2936988560166114426, 0.9035032201251274042, 0.4195204832875164547 ) ) ;
#1207 = CARTESIAN_POINT ( 'NONE',  ( -0.1697916666666665075, -0.9347035839936399526, 0.4179487179487181292 ) ) ;
#1208 = CARTESIAN_POINT ( 'NONE',  ( -0.1681089743589742058, -0.9350076859256152284, 0.4948717948717950565 ) ) ;
#1209 = CARTESIAN_POINT ( 'NONE',  ( -0.2822447371903710200, -0.9071585429742231588, -0.6020160720920563202 ) ) ;
#1210 = SURFACE_STYLE_FILL_AREA ( #40 ) ;
#1211 = EDGE_LOOP ( 'NONE', ( #2571, #2959, #2539, #327, #2636, #301 ) ) ;
#1212 = CARTESIAN_POINT ( 'NONE',  ( 0.000000000000000000, 0.000000000000000000, -1.074358974358973873 ) ) ;
#1213 =( NAMED_UNIT ( * ) PLANE_ANGLE_UNIT ( ) SI_UNIT ( $, .RADIAN. ) );
#1214 = CARTESIAN_POINT ( 'NONE',  ( -0.1987360532388512124, 0.9290299195227587070, 0.2993227511679797392 ) ) ;
#1215 = VERTEX_POINT ( 'NONE', #2261 ) ;
#1216 = DIRECTION ( 'NONE',  ( 0.000000000000000000, 0.000000000000000000, 1.000000000000000000 ) ) ;
#1217 = EDGE_CURVE ( 'NONE', #687, #2625, #2644, .T. ) ;
#1218 = CIRCLE ( 'NONE', #2040, 0.9499999999999999556 ) ;
#1219 = CARTESIAN_POINT ( 'NONE',  ( -0.05897435897435880647, -0.9481677198595001022, 0.03541666666666680452 ) ) ;
#1220 = CARTESIAN_POINT ( 'NONE',  ( -0.2191080111250772178, 0.9243871913114585226, -0.8573728654784197323 ) ) ;
#1221 = ORIENTED_EDGE ( 'NONE', *, *, #1402, .F. ) ;
#1222 = CARTESIAN_POINT ( 'NONE',  ( -0.2819148530620542159, -0.9072638819461315007, -0.3972579066958099592 ) ) ;
#1223 = CARTESIAN_POINT ( 'NONE',  ( -0.2107678103242130729, 0.9263244194829175493, 0.007121351210789362250 ) ) ;
#1224 = CARTESIAN_POINT ( 'NONE',  ( 0.1049020931713156718, -0.9441906131251982526, -0.5149786963737061907 ) ) ;
#1225 = PRESENTATION_STYLE_ASSIGNMENT (( #1072 ) ) ;
#1226 = CARTESIAN_POINT ( 'NONE',  ( -0.1475135734609485660, 0.9385347263909218363, 0.4165752974195909286 ) ) ;
#1227 = DIRECTION ( 'NONE',  ( -0.000000000000000000, -0.000000000000000000, -1.000000000000000000 ) ) ;
#1228 = EDGE_LOOP ( 'NONE', ( #611, #2055 ) ) ;
#1229 = CARTESIAN_POINT ( 'NONE',  ( -0.1475684988495662153, -0.9384687198555351495, -0.7437681620022082996 ) ) ;
#1230 = ORIENTED_EDGE ( 'NONE', *, *, #727, .T. ) ;
#1231 = SURFACE_STYLE_FILL_AREA ( #1749 ) ;
#1232 = CARTESIAN_POINT ( 'NONE',  ( 0.003811691662225471806, 0.9500117149079565504, 0.08877861930186456418 ) ) ;
#1233 = CARTESIAN_POINT ( 'NONE',  ( -0.1304262069492326537, 0.9410204908708377225, 0.3102423436114377653 ) ) ;
#1234 = VERTEX_POINT ( 'NONE', #3040 ) ;
#1235 = EDGE_CURVE ( 'NONE', #1954, #1920, #2197, .T. ) ;
#1236 = ORIENTED_EDGE ( 'NONE', *, *, #3022, .T. ) ;
#1237 = CARTESIAN_POINT ( 'NONE',  ( -0.2662506531480444139, -0.9121483728105368449, -0.3754151509146977372 ) ) ;
#1238 = DIRECTION ( 'NONE',  ( -1.000000000000000000, 0.000000000000000000, 0.000000000000000000 ) ) ;
#1239 = CARTESIAN_POINT ( 'NONE',  ( 0.000000000000000000, -3.550000000000000711, -7.619999999999999218 ) ) ;
#1240 = VERTEX_POINT ( 'NONE', #2580 ) ;
#1241 = UNCERTAINTY_MEASURE_WITH_UNIT (LENGTH_MEASURE( 1.000000000000000082E-05 ), #197, 'distance_accuracy_value', 'NONE');
#1242 = CARTESIAN_POINT ( 'NONE',  ( -0.08661858974358957464, -0.9460429270973024218, 0.1091346153846155104 ) ) ;
#1243 = SURFACE_STYLE_FILL_AREA ( #1499 ) ;
#1244 = LINE ( 'NONE', #1757, #1795 ) ;
#1245 = ORIENTED_EDGE ( 'NONE', *, *, #195, .T. ) ;
#1246 =( NAMED_UNIT ( * ) SI_UNIT ( $, .STERADIAN. ) SOLID_ANGLE_UNIT ( ) );
#1247 = ORIENTED_EDGE ( 'NONE', *, *, #209, .F. ) ;
#1248 = CARTESIAN_POINT ( 'NONE',  ( -0.1859900014483358566, -0.9316267510847490163, -0.001290520013648662140 ) ) ;
#1249 = CARTESIAN_POINT ( 'NONE',  ( -0.009294871794871612664, 0.9499545280476939801, 0.08974358974358988272 ) ) ;
#1250 = CARTESIAN_POINT ( 'NONE',  ( -0.2153804735427409522, 0.9252707316219866973, -0.8513661485481497371 ) ) ;
#1251 = ORIENTED_EDGE ( 'NONE', *, *, #2542, .T. ) ;
#1252 =( BOUNDED_CURVE ( )  B_SPLINE_CURVE ( 3, ( #420, #2788, #155, #1115 ),
 .UNSPECIFIED., .F., .T. ) 
 B_SPLINE_CURVE_WITH_KNOTS ( ( 4, 4 ),
 ( 1.374187999359846701, 1.383467808509868613 ),
 .UNSPECIFIED. ) 
 CURVE ( )  GEOMETRIC_REPRESENTATION_ITEM ( )  RATIONAL_B_SPLINE_CURVE ( ( 1.000000000000000000, 0.9999928237747195414, 0.9999928237747195414, 1.000000000000000000 ) ) 
 REPRESENTATION_ITEM ( '' )  );
#1253 = ADVANCED_FACE ( 'NONE', ( #479 ), #604, .T. ) ;
#1254 =( LENGTH_UNIT ( ) NAMED_UNIT ( * ) SI_UNIT ( .MILLI., .METRE. ) );
#1255 = CARTESIAN_POINT ( 'NONE',  ( -0.2998520010606953168, -0.9014371047872484777, -0.9113330173306267712 ) ) ;
#1256 = FILL_AREA_STYLE_COLOUR ( '', #315 ) ;
#1257 = B_SPLINE_CURVE_WITH_KNOTS ( 'NONE', 3,
 ( #1706, #2654, #533, #1478 ),
 .UNSPECIFIED., .F., .F.,
 ( 4, 4 ),
 ( 0.000000000000000000, 0.0001283978268470389004 ),
 .UNSPECIFIED. ) ;
#1258 = ORIENTED_EDGE ( 'NONE', *, *, #99, .F. ) ;
#1259 = EDGE_CURVE ( 'NONE', #569, #354, #680, .T. ) ;
#1260 = CARTESIAN_POINT ( 'NONE',  ( 0.09487179487179507598, 0.9452509415693823858, -3.403937756669170867 ) ) ;
#1261 = CARTESIAN_POINT ( 'NONE',  ( -0.2703343431024255450, -0.9107246251965412931, -0.8086899632863934206 ) ) ;
#1262 = CARTESIAN_POINT ( 'NONE',  ( -0.2670098042368138080, 0.9117474950569381953, -0.04488915949307113046 ) ) ;
#1263 = CARTESIAN_POINT ( 'NONE',  ( 0.01081460134707501811, 0.9500946024643126542, -0.06551296676565680766 ) ) ;
#1264 = B_SPLINE_CURVE_WITH_KNOTS ( 'NONE', 3,
 ( #518, #2454, #2909, #1462, #329, #121, #1261, #1200, #1691, #982 ),
 .UNSPECIFIED., .F., .F.,
 ( 4, 3, 3, 4 ),
 ( 0.000000000000000000, 3.229990938916025162E-05, 4.897090409980768783E-05, 6.593779237445855700E-05 ),
 .UNSPECIFIED. ) ;
#1265 = VERTEX_POINT ( 'NONE', #242 ) ;
#1266 = CIRCLE ( 'NONE', #2078, 0.7000000000000000666 ) ;
#1267 = CARTESIAN_POINT ( 'NONE',  ( 0.000000000000000000, -3.550000000000000711, 7.319999999999999396 ) ) ;
#1268 = CARTESIAN_POINT ( 'NONE',  ( 0.03333333333333334675, -0.9494150245750743178, -0.9974358974358968899 ) ) ;
#1269 = MECHANICAL_DESIGN_GEOMETRIC_PRESENTATION_REPRESENTATION (  '', ( #935 ), #792 ) ;
#1270 = CARTESIAN_POINT ( 'NONE',  ( -0.2226552159897249028, -0.9235464919474322132, 0.01525141415152714459 ) ) ;
#1271 = CARTESIAN_POINT ( 'NONE',  ( 0.03263939345660698405, 0.9494391344338696248, 0.05969803765848911981 ) ) ;
#1272 = DIRECTION ( 'NONE',  ( 1.000000000000000000, 0.000000000000000000, 0.000000000000000000 ) ) ;
#1273 = ORIENTED_EDGE ( 'NONE', *, *, #2698, .F. ) ;
#1274 = MECHANICAL_DESIGN_GEOMETRIC_PRESENTATION_REPRESENTATION (  '', ( #2726 ), #1038 ) ;
#1275 = ORIENTED_EDGE ( 'NONE', *, *, #381, .F. ) ;
#1276 = CARTESIAN_POINT ( 'NONE',  ( -0.2080178003318677582, -0.9278172514217312150, -0.3233162536076102933 ) ) ;
#1277 = DIRECTION ( 'NONE',  ( -1.000000000000000000, 0.000000000000000000, 0.000000000000000000 ) ) ;
#1278 = CIRCLE ( 'NONE', #746, 0.2999999999999999889 ) ;
#1279 = CARTESIAN_POINT ( 'NONE',  ( -0.002564102564102377618, -0.9499965396663508921, 0.1666666666666667962 ) ) ;
#1280 = ORIENTED_EDGE ( 'NONE', *, *, #1859, .F. ) ;
#1281 = STYLED_ITEM ( 'NONE', ( #1012 ), #1530 ) ;
#1282 =( LENGTH_UNIT ( ) NAMED_UNIT ( * ) SI_UNIT ( .MILLI., .METRE. ) );
#1283 = CARTESIAN_POINT ( 'NONE',  ( 0.1044650347654137446, 0.9442391125974677335, -0.4741046595442226508 ) ) ;
#1284 = CARTESIAN_POINT ( 'NONE',  ( -0.2199365079218665586, 0.9242008561239893893, 0.4020246624543649117 ) ) ;
#1285 = CARTESIAN_POINT ( 'NONE',  ( 0.07097905360159645349, 0.9473446964804769221, -0.03177342282717543487 ) ) ;
#1286 = EDGE_CURVE ( 'NONE', #1452, #229, #799, .T. ) ;
#1287 = COLOUR_RGB ( '',0.8313725490196077761, 0.8313725490196077761, 0.8196078431372548767 ) ;
#1288 = CARTESIAN_POINT ( 'NONE',  ( -0.1327479474531946535, -0.9406849148072052857, 0.2832422682888556253 ) ) ;
#1289 = CARTESIAN_POINT ( 'NONE',  ( -0.1166972990643771885, -0.9428091460042239413, 0.07117563017723126106 ) ) ;
#1290 = EDGE_CURVE ( 'NONE', #1501, #41, #2154, .T. ) ;
#1291 = AXIS2_PLACEMENT_3D ( 'NONE', #269, #1399, #1188 ) ;
#1292 = CIRCLE ( 'NONE', #1444, 0.9499999999999999556 ) ;
#1293 = CARTESIAN_POINT ( 'NONE',  ( -0.1188759357982090287, -0.9425330296006085851, 0.03569476153561082499 ) ) ;
#1294 = CARTESIAN_POINT ( 'NONE',  ( 0.000000000000000000, -3.550000000000000711, -7.619999999999999218 ) ) ;
#1295 = CARTESIAN_POINT ( 'NONE',  ( -0.2408516642315650380, 0.9189891681887734087, 0.4754291295481989921 ) ) ;
#1296 = ORIENTED_EDGE ( 'NONE', *, *, #2974, .T. ) ;
#1297 = ORIENTED_EDGE ( 'NONE', *, *, #2796, .F. ) ;
#1298 = CARTESIAN_POINT ( 'NONE',  ( -0.1001602564102564014, -0.9447052043022901024, -0.8179487179487175963 ) ) ;
#1299 = DIRECTION ( 'NONE',  ( 1.000000000000000000, 0.000000000000000000, 0.000000000000000000 ) ) ;
#1300 = ORIENTED_EDGE ( 'NONE', *, *, #826, .T. ) ;
#1301 = CARTESIAN_POINT ( 'NONE',  ( -0.09863782051282046770, -0.9448653768471362291, -0.3871794871794873028 ) ) ;
#1302 = DIRECTION ( 'NONE',  ( 0.000000000000000000, 0.000000000000000000, 1.000000000000000000 ) ) ;
#1303 = CARTESIAN_POINT ( 'NONE',  ( -0.03232791207675797529, 0.9494497912481216773, 0.1614354248379018253 ) ) ;
#1304 = B_SPLINE_CURVE_WITH_KNOTS ( 'NONE', 3,
 ( #2601, #485, #2365, #1127, #2085, #1894, #1420, #1181, #2786, #1395, #1604, #905, #1847, #1618, #2337, #8 ),
 .UNSPECIFIED., .F., .F.,
 ( 4, 3, 3, 3, 3, 4 ),
 ( 0.000000000000000000, 3.881509284973540778E-05, 7.815283340554611926E-05, 0.0001119756223137631816, 0.0001580660291092891173, 0.0002034455471288112928 ),
 .UNSPECIFIED. ) ;
#1305 = CARTESIAN_POINT ( 'NONE',  ( 0.02726245516484463241, -0.9496114424990192981, 0.03004262468039147968 ) ) ;
#1306 = CARTESIAN_POINT ( 'NONE',  ( -0.7500000000000000000, 0.000000000000000000, 1.949999999999999956 ) ) ;
#1307 = EDGE_CURVE ( 'NONE', #552, #1108, #2952, .T. ) ;
#1308 = CARTESIAN_POINT ( 'NONE',  ( 0.03846153846153854000, 0.9492211070447030830, -0.4995993589743591423 ) ) ;
#1309 = CARTESIAN_POINT ( 'NONE',  ( -0.002564102564102377618, -0.9499965396663508921, 0.1666666666666667962 ) ) ;
#1310 = ORIENTED_EDGE ( 'NONE', *, *, #324, .T. ) ;
#1311 = PRESENTATION_STYLE_ASSIGNMENT (( #386 ) ) ;
#1312 = CARTESIAN_POINT ( 'NONE',  ( 0.09962995712040605134, -0.9447616743076466816, 0.06413005934491218529 ) ) ;
#1313 = SURFACE_STYLE_USAGE ( .BOTH. , #1997 ) ;
#1314 = ORIENTED_EDGE ( 'NONE', *, *, #2077, .F. ) ;
#1315 = SURFACE_SIDE_STYLE ('',( #2740 ) ) ;
#1316 = CARTESIAN_POINT ( 'NONE',  ( -0.2056504726958095219, 0.9274739258225708216, -0.07634671182070369710 ) ) ;
#1317 = CARTESIAN_POINT ( 'NONE',  ( -0.05839026575368650579, 0.9482038688306664298, 0.1457488221647426363 ) ) ;
#1318 =( NAMED_UNIT ( * ) SI_UNIT ( $, .STERADIAN. ) SOLID_ANGLE_UNIT ( ) );
#1319 = CARTESIAN_POINT ( 'NONE',  ( -0.04701593909774969687, -0.9488435571883604425, 0.07516651424632148082 ) ) ;
#1320 = CARTESIAN_POINT ( 'NONE',  ( -0.002564102564102377618, -0.9499965396663508921, 0.1666666666666667962 ) ) ;
#1321 =( NAMED_UNIT ( * ) SI_UNIT ( $, .STERADIAN. ) SOLID_ANGLE_UNIT ( ) );
#1322 = CARTESIAN_POINT ( 'NONE',  ( -0.2431859358587499242, -0.9183466668967729118, 0.1648411039810512846 ) ) ;
#1323 = VERTEX_POINT ( 'NONE', #2851 ) ;
#1324 = ADVANCED_FACE ( 'NONE', ( #3 ), #171, .T. ) ;
#1325 = CIRCLE ( 'NONE', #1579, 0.2999999999999999889 ) ;
#1326 = CARTESIAN_POINT ( 'NONE',  ( -0.2294871794871795323, -0.9218653016851318105, -0.8829326923076920020 ) ) ;
#1327 = CARTESIAN_POINT ( 'NONE',  ( -0.2294871794871795323, -0.9218653016851318105, -0.8829326923076920020 ) ) ;
#1328 = CARTESIAN_POINT ( 'NONE',  ( -0.2891626050058082043, 0.9049259927158553873, -0.8456262378030163784 ) ) ;
#1329 = COLOUR_RGB ( '',0.8313725490196077761, 0.8313725490196077761, 0.8196078431372548767 ) ;
#1330 = CLOSED_SHELL ( 'NONE', ( #540, #2549, #45, #580, #2744, #105, #2524, #930, #2360, #917, #806, #1344, #1807, #417, #1166, #465, #1862, #1202, #1819, #598, #2059, #2323, #1253, #922 ) ) ;
#1331 = MECHANICAL_DESIGN_GEOMETRIC_PRESENTATION_REPRESENTATION (  '', ( #1485 ), #2172 ) ;
#1332 =( NAMED_UNIT ( * ) PLANE_ANGLE_UNIT ( ) SI_UNIT ( $, .RADIAN. ) );
#1333 = CARTESIAN_POINT ( 'NONE',  ( -0.3029824421649617849, 0.9003897154670289504, 0.07598096697835086955 ) ) ;
#1334 = CARTESIAN_POINT ( 'NONE',  ( -0.002564102564102377618, 0.9499965396663508921, 0.1666666666666667962 ) ) ;
#1335 = STYLED_ITEM ( 'NONE', ( #2345 ), #1324 ) ;
#1336 = STYLED_ITEM ( 'NONE', ( #2499 ), #1601 ) ;
#1337 = PRESENTATION_STYLE_ASSIGNMENT (( #1572 ) ) ;
#1338 = AXIS2_PLACEMENT_3D ( 'NONE', #478, #1413, #2356 ) ;
#1339 = UNCERTAINTY_MEASURE_WITH_UNIT (LENGTH_MEASURE( 1.000000000000000082E-05 ), #2597, 'distance_accuracy_value', 'NONE');
#1340 = CARTESIAN_POINT ( 'NONE',  ( -0.2414247894007295614, -0.9188993139797939635, 0.4752739256516834709 ) ) ;
#1341 = AXIS2_PLACEMENT_3D ( 'NONE', #2114, #2157, #56 ) ;
#1342 = VECTOR ( 'NONE', #526, 1000.000000000000000 ) ;
#1343 = CARTESIAN_POINT ( 'NONE',  ( -0.2331380451186040315, -0.9209488999289094924, -0.9170039936044910300 ) ) ;
#1344 = ADVANCED_FACE ( 'NONE', ( #927, #335 ), #1746, .T. ) ;
#1345 = B_SPLINE_CURVE_WITH_KNOTS ( 'NONE', 3,
 ( #2999, #881, #1610, #914, #1821, #2064 ),
 .UNSPECIFIED., .F., .F.,
 ( 4, 2, 4 ),
 ( 0.000000000000000000, 0.0001006461075249894530, 0.0002012922150499789060 ),
 .UNSPECIFIED. ) ;
#1346 = CARTESIAN_POINT ( 'NONE',  ( -0.2596153846153846922, 0.9138379791139159547, -0.7958333333333331705 ) ) ;
#1347 = VERTEX_POINT ( 'NONE', #75 ) ;
#1348 = CARTESIAN_POINT ( 'NONE',  ( -0.1548533361908185635, 0.9373909730049255762, 0.4945348522636556221 ) ) ;
#1349 = CARTESIAN_POINT ( 'NONE',  ( -0.08285742779494552346, 0.9463797581622297450, 0.1155840320060683990 ) ) ;
#1350 = ORIENTED_EDGE ( 'NONE', *, *, #1671, .F. ) ;
#1351 = CARTESIAN_POINT ( 'NONE',  ( -0.1358974358974357755, -0.9402296990185439185, 0.3056089743589746055 ) ) ;
#1352 = CARTESIAN_POINT ( 'NONE',  ( -0.01794871794871778087, -0.9498304288261124606, 0.007692307692307823706 ) ) ;
#1353 = CARTESIAN_POINT ( 'NONE',  ( -0.1158261005825598627, 0.9429126759270122227, 0.05093288994688675159 ) ) ;
#1354 = FILL_AREA_STYLE ('',( #1562 ) ) ;
#1355 = VERTEX_POINT ( 'NONE', #574 ) ;
#1356 = CARTESIAN_POINT ( 'NONE',  ( 0.03333333333333351328, -0.9494150245750743178, 0.05160256410256423149 ) ) ;
#1357 = DIRECTION ( 'NONE',  ( 0.000000000000000000, 0.000000000000000000, 1.000000000000000000 ) ) ;
#1358 = CARTESIAN_POINT ( 'NONE',  ( -0.2700002523995507775, 0.9108345843337614101, -0.8077621509822089374 ) ) ;
#1359 = VERTEX_POINT ( 'NONE', #1268 ) ;
#1360 = EDGE_CURVE ( 'NONE', #1194, #1964, #2955, .T. ) ;
#1361 = FACE_OUTER_BOUND ( 'NONE', #2651, .T. ) ;
#1362 = CARTESIAN_POINT ( 'NONE',  ( 0.02628968328284799622, -0.9496415567962649407, -0.8765520142667385661 ) ) ;
#1363 = EDGE_CURVE ( 'NONE', #2841, #736, #683, .T. ) ;
#1364 = EDGE_LOOP ( 'NONE', ( #702, #2758, #2978, #412 ) ) ;
#1365 = DIRECTION ( 'NONE',  ( -0.000000000000000000, -0.000000000000000000, -1.000000000000000000 ) ) ;
#1366 = CARTESIAN_POINT ( 'NONE',  ( 0.02018865770740247909, -0.9497854589853366170, 0.02243260001371443282 ) ) ;
#1367 = CARTESIAN_POINT ( 'NONE',  ( 0.1044623127444814920, -0.9442394156812423667, -0.4739960683927343377 ) ) ;
#1368 = DIRECTION ( 'NONE',  ( 0.000000000000000000, 0.000000000000000000, 1.000000000000000000 ) ) ;
#1369 = VERTEX_POINT ( 'NONE', #2561 ) ;
#1370 = CARTESIAN_POINT ( 'NONE',  ( -0.2331866348778729447, 0.9209364762644242086, -0.9212667183903359147 ) ) ;
#1371 = SURFACE_STYLE_FILL_AREA ( #1874 ) ;
#1372 = CARTESIAN_POINT ( 'NONE',  ( 0.000000000000000000, -1.000000000000000444, 7.620000000000000107 ) ) ;
#1373 = B_SPLINE_CURVE_WITH_KNOTS ( 'NONE', 3,
 ( #1352, #1589, #393, #1559, #2774, #2051, #1366, #1809, #1305, #2759, #157, #184, #2034, #2268, #631, #2507 ),
 .UNSPECIFIED., .F., .F.,
 ( 4, 3, 3, 3, 3, 4 ),
 ( 3.388131789017201356E-21, 2.615347111879680138E-05, 4.131820958960652067E-05, 5.665200333333435354E-05, 7.042622656311916987E-05, 7.399442628094176223E-05 ),
 .UNSPECIFIED. ) ;
#1374 = CARTESIAN_POINT ( 'NONE',  ( -0.008760963589468876572, -0.9499936231864614111, -0.6751502808728970795 ) ) ;
#1375 = CARTESIAN_POINT ( 'NONE',  ( 0.000000000000000000, 0.000000000000000000, -1.949999999999999956 ) ) ;
#1376 = CARTESIAN_POINT ( 'NONE',  ( -0.2606826034240345979, 0.9135341155466047969, 0.1518480436519656085 ) ) ;
#1377 = MECHANICAL_DESIGN_GEOMETRIC_PRESENTATION_REPRESENTATION (  '', ( #17 ), #1776 ) ;
#1378 = CARTESIAN_POINT ( 'NONE',  ( -0.1464533048438143026, 0.9386433984756651361, 0.1003820491824120170 ) ) ;
#1379 = ORIENTED_EDGE ( 'NONE', *, *, #163, .F. ) ;
#1380 = MECHANICAL_DESIGN_GEOMETRIC_PRESENTATION_REPRESENTATION (  '', ( #600 ), #2278 ) ;
#1381 = CARTESIAN_POINT ( 'NONE',  ( 0.09644809611570059893, -0.9450914055030107397, -0.8705953575510665399 ) ) ;
#1382 = CARTESIAN_POINT ( 'NONE',  ( -0.03007136364597239389, 0.9495849865159305958, -0.6024976185880827062 ) ) ;
#1383 = EDGE_CURVE ( 'NONE', #1907, #1479, #1783, .T. ) ;
#1384 = CARTESIAN_POINT ( 'NONE',  ( -0.05999046186015850185, -0.9481039734574703282, 0.1443272464292738866 ) ) ;
#1385 = VECTOR ( 'NONE', #1368, 1000.000000000000000 ) ;
#1386 = STYLED_ITEM ( 'NONE', ( #376 ), #1573 ) ;
#1387 = ORIENTED_EDGE ( 'NONE', *, *, #2775, .T. ) ;
#1388 =( GEOMETRIC_REPRESENTATION_CONTEXT ( 3 ) GLOBAL_UNCERTAINTY_ASSIGNED_CONTEXT ( ( #2399 ) ) GLOBAL_UNIT_ASSIGNED_CONTEXT ( ( #234, #2559, #2139 ) ) REPRESENTATION_CONTEXT ( 'NONE', 'WORKASPACE' ) );
#1389 = FILL_AREA_STYLE ('',( #1415 ) ) ;
#1390 = SURFACE_SIDE_STYLE ('',( #945 ) ) ;
#1391 = CARTESIAN_POINT ( 'NONE',  ( 0.1051282051282051849, 0.9441652718070718819, -0.5005608974358976004 ) ) ;
#1392 = COLOUR_RGB ( '',0.1019607843137254888, 0.1019607843137254888, 0.1019607843137254888 ) ;
#1393 = ORIENTED_EDGE ( 'NONE', *, *, #2108, .F. ) ;
#1394 = CARTESIAN_POINT ( 'NONE',  ( -3.673940397442063196E-17, 0.2999999999999999889, -1.949999999999999956 ) ) ;
#1395 = CARTESIAN_POINT ( 'NONE',  ( -0.1866177828438988773, 0.9314900982438882870, -0.4065395491901412917 ) ) ;
#1396 = CARTESIAN_POINT ( 'NONE',  ( -0.0007211538461537750702, 0.9499997262826606059, -0.6718750000000001110 ) ) ;
#1397 = CARTESIAN_POINT ( 'NONE',  ( -0.1554989083914915249, 0.9372320440294339416, 0.1039074142330233402 ) ) ;
#1398 = DIRECTION ( 'NONE',  ( -0.000000000000000000, -0.000000000000000000, -1.000000000000000000 ) ) ;
#1399 = DIRECTION ( 'NONE',  ( 0.000000000000000000, 0.000000000000000000, 1.000000000000000000 ) ) ;
#1400 = UNCERTAINTY_MEASURE_WITH_UNIT (LENGTH_MEASURE( 1.000000000000000082E-05 ), #53, 'distance_accuracy_value', 'NONE');
#1401 = CARTESIAN_POINT ( 'NONE',  ( -0.06506290006369669365, -0.9483703809018343422, -0.3876979029805188159 ) ) ;
#1402 = EDGE_CURVE ( 'NONE', #2160, #1948, #1105, .T. ) ;
#1403 = FILL_AREA_STYLE ('',( #1480 ) ) ;
#1404 = DIRECTION ( 'NONE',  ( 0.000000000000000000, -1.000000000000000000, 3.401418580346681312E-16 ) ) ;
#1405 = ORIENTED_EDGE ( 'NONE', *, *, #1290, .F. ) ;
#1406 = ORIENTED_EDGE ( 'NONE', *, *, #343, .T. ) ;
#1407 = CARTESIAN_POINT ( 'NONE',  ( -0.1953698276503484932, -0.9297237160692005675, 0.2986325753638940927 ) ) ;
#1408 = CARTESIAN_POINT ( 'NONE',  ( -0.2668647531568910103, -0.9119659967173120441, -0.6240312937968633955 ) ) ;
#1409 = DIRECTION ( 'NONE',  ( -0.000000000000000000, -0.000000000000000000, -1.000000000000000000 ) ) ;
#1410 = CARTESIAN_POINT ( 'NONE',  ( -0.05344551282051267227, 0.9484954281172642832, 0.3306089743589745167 ) ) ;
#1411 = CARTESIAN_POINT ( 'NONE',  ( -0.006410256410256241766, 0.9499783727079026407, -0.06923076923076909583 ) ) ;
#1412 = ORIENTED_EDGE ( 'NONE', *, *, #2596, .T. ) ;
#1413 = DIRECTION ( 'NONE',  ( 0.000000000000000000, -0.000000000000000000, 1.000000000000000000 ) ) ;
#1414 = CARTESIAN_POINT ( 'NONE',  ( -0.1358974358974357755, -0.9402296990185439185, 0.3056089743589746055 ) ) ;
#1415 = FILL_AREA_STYLE_COLOUR ( '', #1133 ) ;
#1416 = ORIENTED_EDGE ( 'NONE', *, *, #1764, .F. ) ;
#1417 = EDGE_CURVE ( 'NONE', #1615, #1002, #2907, .T. ) ;
#1418 = VERTEX_POINT ( 'NONE', #2258 ) ;
#1419 = CARTESIAN_POINT ( 'NONE',  ( -0.2596153846153846922, -0.9138379791139159547, -0.7958333333333331705 ) ) ;
#1420 = CARTESIAN_POINT ( 'NONE',  ( -0.2124803750733466057, 0.9259330916465683403, -0.4277967456459503826 ) ) ;
#1421 = CARTESIAN_POINT ( 'NONE',  ( -0.006410256410256241766, -0.9499783727079026407, -0.06923076923076909583 ) ) ;
#1422 = CARTESIAN_POINT ( 'NONE',  ( 0.02825383300305615852, -0.9495812227766724511, 0.07188934437044405823 ) ) ;
#1423 = ORIENTED_EDGE ( 'NONE', *, *, #2219, .F. ) ;
#1424 = ORIENTED_EDGE ( 'NONE', *, *, #2259, .T. ) ;
#1425 = FACE_OUTER_BOUND ( 'NONE', #3041, .T. ) ;
#1426 = CARTESIAN_POINT ( 'NONE',  ( -0.1335987173907529912, 0.9411743915567942764, -0.6123508890935678295 ) ) ;
#1427 = DIRECTION ( 'NONE',  ( 1.000000000000000000, 0.000000000000000000, 0.000000000000000000 ) ) ;
#1428 = VECTOR ( 'NONE', #714, 1000.000000000000000 ) ;
#1429 = AXIS2_PLACEMENT_3D ( 'NONE', #1909, #2855, #1277 ) ;
#1430 = DIRECTION ( 'NONE',  ( 0.000000000000000000, 0.000000000000000000, 1.000000000000000000 ) ) ;
#1431 = EDGE_LOOP ( 'NONE', ( #560, #488, #1628, #508, #2162, #2827, #1195, #1717, #758 ) ) ;
#1432 = COLOUR_RGB ( '',0.8313725490196077761, 0.8313725490196077761, 0.8196078431372548767 ) ;
#1433 = SURFACE_STYLE_USAGE ( .BOTH. , #2584 ) ;
#1434 = ORIENTED_EDGE ( 'NONE', *, *, #2367, .F. ) ;
#1435 = VERTEX_POINT ( 'NONE', #1306 ) ;
#1436 = PRESENTATION_LAYER_ASSIGNMENT (  '', '', ( #2789 ) ) ;
#1437 = EDGE_CURVE ( 'NONE', #1031, #2193, #1943, .T. ) ;
#1438 = FILL_AREA_STYLE_COLOUR ( '', #697 ) ;
#1439 = CARTESIAN_POINT ( 'NONE',  ( 0.000000000000000000, 0.000000000000000000, -0.9974358974358968899 ) ) ;
#1440 = CARTESIAN_POINT ( 'NONE',  ( 0.03233466576793626868, -0.9494526357006950468, 0.06318023851908649569 ) ) ;
#1441 = VECTOR ( 'NONE', #1606, 1000.000000000000000 ) ;
#1442 = EDGE_CURVE ( 'NONE', #1460, #814, #3048, .T. ) ;
#1443 = ORIENTED_EDGE ( 'NONE', *, *, #1290, .T. ) ;
#1444 = AXIS2_PLACEMENT_3D ( 'NONE', #1846, #671, #1614 ) ;
#1445 = DIRECTION ( 'NONE',  ( 0.000000000000000000, 0.000000000000000000, -1.000000000000000000 ) ) ;
#1446 = CARTESIAN_POINT ( 'NONE',  ( -0.03846153846153831796, 0.9492211070447030830, 0.3799679487179488668 ) ) ;
#1447 = CARTESIAN_POINT ( 'NONE',  ( -0.1769230769230767664, -0.9333800002421688280, 0.2948717948717950454 ) ) ;
#1448 = ORIENTED_EDGE ( 'NONE', *, *, #143, .F. ) ;
#1449 = CARTESIAN_POINT ( 'NONE',  ( 0.09577205392775178794, 0.9451628695676023151, 0.08877998671695137844 ) ) ;
#1450 = ORIENTED_EDGE ( 'NONE', *, *, #1442, .T. ) ;
#1451 = CARTESIAN_POINT ( 'NONE',  ( -0.1634663206528189916, -0.9358359975152207300, 0.4178423952980023781 ) ) ;
#1452 = VERTEX_POINT ( 'NONE', #924 ) ;
#1453 = ORIENTED_EDGE ( 'NONE', *, *, #1668, .T. ) ;
#1454 = B_SPLINE_CURVE_WITH_KNOTS ( 'NONE', 3,
 ( #1320, #679, #1079, #2537, #410, #1810, #1136, #868, #853, #2272 ),
 .UNSPECIFIED., .F., .F.,
 ( 4, 3, 3, 4 ),
 ( 0.000000000000000000, 1.854061418489561514E-05, 4.938011379576903671E-05, 7.398792573324404400E-05 ),
 .UNSPECIFIED. ) ;
#1455 = CARTESIAN_POINT ( 'NONE',  ( -0.05344551282051267227, 0.9484954281172642832, 0.3306089743589745167 ) ) ;
#1456 = CARTESIAN_POINT ( 'NONE',  ( -0.2084277182759735336, -0.9269599385253374235, -0.4214233895685273179 ) ) ;
#1457 = CARTESIAN_POINT ( 'NONE',  ( 0.1027792951162850577, -0.9444246698742255752, -0.5365047281278173541 ) ) ;
#1458 = EDGE_CURVE ( 'NONE', #2173, #2764, #1743, .T. ) ;
#1459 = B_SPLINE_CURVE_WITH_KNOTS ( 'NONE', 3,
 ( #1035, #1750, #1526, #95, #759, #2899, #525, #1714, #1696, #1469, #2646, #2409, #2463 ),
 .UNSPECIFIED., .F., .F.,
 ( 4, 3, 3, 3, 4 ),
 ( 0.000000000000000000, 3.859246335498857307E-05, 7.280609183979880761E-05, 0.0001016006603942271535, 0.0001285041912112130024 ),
 .UNSPECIFIED. ) ;
#1460 = VERTEX_POINT ( 'NONE', #369 ) ;
#1461 = EDGE_LOOP ( 'NONE', ( #1780, #1870, #258, #1799, #2465, #2190 ) ) ;
#1462 = CARTESIAN_POINT ( 'NONE',  ( -0.2790898528818207547, -0.9080797619253525577, -0.8226829789781821001 ) ) ;
#1463 = CARTESIAN_POINT ( 'NONE',  ( -0.2596153846153846922, -0.9138379791139159547, -0.7958333333333331705 ) ) ;
#1464 = CARTESIAN_POINT ( 'NONE',  ( -0.1769230769230767664, 0.9333800002421688280, 0.2948717948717950454 ) ) ;
#1465 = EDGE_CURVE ( 'NONE', #1369, #1479, #1158, .T. ) ;
#1466 = SURFACE_SIDE_STYLE ('',( #522 ) ) ;
#1467 = DIRECTION ( 'NONE',  ( -0.000000000000000000, -0.000000000000000000, -1.000000000000000000 ) ) ;
#1468 = EDGE_LOOP ( 'NONE', ( #498, #21, #767, #2355 ) ) ;
#1469 = CARTESIAN_POINT ( 'NONE',  ( -0.1534851250099829034, 0.9375192352164614107, 0.1789308541805778308 ) ) ;
#1470 = CARTESIAN_POINT ( 'NONE',  ( -0.1210737179487177823, 0.9422532328530769385, 0.02820512820512834778 ) ) ;
#1471 = ORIENTED_EDGE ( 'NONE', *, *, #865, .F. ) ;
#1472 = CARTESIAN_POINT ( 'NONE',  ( -0.3044612162390194499, -0.8998910288770431976, -0.4728438483119893898 ) ) ;
#1473 = CARTESIAN_POINT ( 'NONE',  ( 0.05197414015032673223, -0.9487834462476831821, -0.05340812821141488476 ) ) ;
#1474 = CARTESIAN_POINT ( 'NONE',  ( -0.1692984859128322805, -0.9348115453504377559, 0.1049065893558016743 ) ) ;
#1475 = ORIENTED_EDGE ( 'NONE', *, *, #1764, .T. ) ;
#1476 = UNCERTAINTY_MEASURE_WITH_UNIT (LENGTH_MEASURE( 1.000000000000000082E-05 ), #2462, 'distance_accuracy_value', 'NONE');
#1477 = CARTESIAN_POINT ( 'NONE',  ( 0.1051282051282051849, 0.9441652718070718819, -0.5005608974358976004 ) ) ;
#1478 = CARTESIAN_POINT ( 'NONE',  ( 0.08942307692307699396, 0.9457819586530552547, -0.5848557692307693179 ) ) ;
#1479 = VERTEX_POINT ( 'NONE', #934 ) ;
#1480 = FILL_AREA_STYLE_COLOUR ( '', #1632 ) ;
#1481 = EDGE_CURVE ( 'NONE', #524, #1969, #433, .T. ) ;
#1482 = DIRECTION ( 'NONE',  ( 0.000000000000000000, 0.000000000000000000, -1.000000000000000000 ) ) ;
#1483 = CARTESIAN_POINT ( 'NONE',  ( -0.03571525347829081209, 0.9493365726795600645, 0.08379944920265172681 ) ) ;
#1484 = EDGE_LOOP ( 'NONE', ( #1010, #1251, #373, #2814 ) ) ;
#1485 = STYLED_ITEM ( 'NONE', ( #1753 ), #930 ) ;
#1486 = DIRECTION ( 'NONE',  ( 0.000000000000000000, 0.000000000000000000, -1.000000000000000000 ) ) ;
#1487 = CARTESIAN_POINT ( 'NONE',  ( 0.01372902118592697618, 0.9499086042868718494, 0.08504075951577035053 ) ) ;
#1488 = CARTESIAN_POINT ( 'NONE',  ( -0.1250839369903757325, 0.9417405142535603124, 0.3151333511817623889 ) ) ;
#1489 = EDGE_LOOP ( 'NONE', ( #2386, #1406 ) ) ;
#1490 =( GEOMETRIC_REPRESENTATION_CONTEXT ( 3 ) GLOBAL_UNCERTAINTY_ASSIGNED_CONTEXT ( ( #2652 ) ) GLOBAL_UNIT_ASSIGNED_CONTEXT ( ( #1626, #15, #59 ) ) REPRESENTATION_CONTEXT ( 'NONE', 'WORKASPACE' ) );
#1491 = ORIENTED_EDGE ( 'NONE', *, *, #2796, .T. ) ;
#1492 = CARTESIAN_POINT ( 'NONE',  ( 0.000000000000000000, -1.000000000000000444, -7.620000000000000107 ) ) ;
#1493 = AXIS2_PLACEMENT_3D ( 'NONE', #2000, #106, #70 ) ;
#1494 = CARTESIAN_POINT ( 'NONE',  ( -0.1927777966689526168, -0.9302737398284789405, 0.1040360326364813404 ) ) ;
#1495 = AXIS2_PLACEMENT_3D ( 'NONE', #1951, #1020, #1713 ) ;
#1496 = ORIENTED_EDGE ( 'NONE', *, *, #2473, .T. ) ;
#1497 = DIRECTION ( 'NONE',  ( 0.000000000000000000, 0.000000000000000000, 1.000000000000000000 ) ) ;
#1498 = CARTESIAN_POINT ( 'NONE',  ( -0.3051282051282050989, 0.8996648144921751689, -0.4994391025641026771 ) ) ;
#1499 = FILL_AREA_STYLE ('',( #2476 ) ) ;
#1500 = CARTESIAN_POINT ( 'NONE',  ( -0.1867089767724500748, 0.9314898798208400832, 0.1046655643200131991 ) ) ;
#1501 = VERTEX_POINT ( 'NONE', #2603 ) ;
#1502 = STYLED_ITEM ( 'NONE', ( #2852 ), #2800 ) ;
#1503 = CARTESIAN_POINT ( 'NONE',  ( 0.03840621041631415294, -0.9500294282377736987, -0.6535468741100312062 ) ) ;
#1504 = B_SPLINE_CURVE_WITH_KNOTS ( 'NONE', 3,
 ( #1839, #621, #2538, #869, #1550, #1575, #2522, #839, #411, #2794 ),
 .UNSPECIFIED., .F., .F.,
 ( 4, 3, 3, 4 ),
 ( 0.000000000000000000, 1.852112720990788838E-05, 5.219614048716266749E-05, 7.402393335362963316E-05 ),
 .UNSPECIFIED. ) ;
#1505 = CYLINDRICAL_SURFACE ( 'NONE', #1054, 0.2999999999999999889 ) ;
#1506 = CARTESIAN_POINT ( 'NONE',  ( -0.0007211538461537750702, 0.9499997262826606059, -0.6718750000000001110 ) ) ;
#1507 = VERTEX_POINT ( 'NONE', #2904 ) ;
#1508 = EDGE_CURVE ( 'NONE', #981, #1615, #2802, .T. ) ;
#1509 = B_SPLINE_CURVE_WITH_KNOTS ( 'NONE', 3,
 ( #2633, #2830, #1701, #1473, #2615, #1421 ),
 .UNSPECIFIED., .F., .F.,
 ( 4, 2, 4 ),
 ( 0.000000000000000000, 8.775652910382133499E-05, 0.0001755130582076426700 ),
 .UNSPECIFIED. ) ;
#1510 = CARTESIAN_POINT ( 'NONE',  ( 0.09238782051282053154, 0.9454969543160309797, -0.8519230769230765610 ) ) ;
#1511 = DIRECTION ( 'NONE',  ( 1.000000000000000000, 0.000000000000000000, 0.000000000000000000 ) ) ;
#1512 = ORIENTED_EDGE ( 'NONE', *, *, #2717, .F. ) ;
#1513 = EDGE_CURVE ( 'NONE', #2358, #37, #976, .T. ) ;
#1514 = VERTEX_POINT ( 'NONE', #1664 ) ;
#1515 = CARTESIAN_POINT ( 'NONE',  ( -0.2332725363541540420, 0.9209147254958301998, -0.9255553986422145885 ) ) ;
#1516 =( LENGTH_UNIT ( ) NAMED_UNIT ( * ) SI_UNIT ( .MILLI., .METRE. ) );
#1517 = VERTEX_POINT ( 'NONE', #2141 ) ;
#1518 = UNCERTAINTY_MEASURE_WITH_UNIT (LENGTH_MEASURE( 1.000000000000000082E-05 ), #2273, 'distance_accuracy_value', 'NONE');
#1519 = CARTESIAN_POINT ( 'NONE',  ( -0.1320524785925844546, 0.9407920503872053697, 0.4104701081965700382 ) ) ;
#1520 = DIRECTION ( 'NONE',  ( 0.000000000000000000, -1.000000000000000000, 0.000000000000000000 ) ) ;
#1521 = CARTESIAN_POINT ( 'NONE',  ( -0.2143653079171715103, 0.9255206158646001047, 0.3086565098581099398 ) ) ;
#1522 = CARTESIAN_POINT ( 'NONE',  ( 0.000000000000000000, 0.000000000000000000, 1.949999999999999956 ) ) ;
#1523 = SURFACE_SIDE_STYLE ('',( #2406 ) ) ;
#1524 = ORIENTED_EDGE ( 'NONE', *, *, #2142, .T. ) ;
#1525 = CARTESIAN_POINT ( 'NONE',  ( -0.1195527814567108466, -0.9424476631906064661, 0.03318224900824362500 ) ) ;
#1526 = CARTESIAN_POINT ( 'NONE',  ( -0.09458704732942539717, 0.9453091689038062295, 0.1340231092893997833 ) ) ;
#1527 = CARTESIAN_POINT ( 'NONE',  ( -0.2978473244988015245, -0.9021014196241572414, 0.09661113728042886040 ) ) ;
#1528 = ORIENTED_EDGE ( 'NONE', *, *, #653, .T. ) ;
#1529 = CYLINDRICAL_SURFACE ( 'NONE', #2128, 0.9499999999999999556 ) ;
#1530 = ADVANCED_FACE ( 'NONE', ( #1674 ), #721, .T. ) ;
#1531 = ORIENTED_EDGE ( 'NONE', *, *, #2347, .T. ) ;
#1532 = CARTESIAN_POINT ( 'NONE',  ( 0.000000000000000000, -1.000000000000000444, -7.320000000000000284 ) ) ;
#1533 = CARTESIAN_POINT ( 'NONE',  ( -0.2570225680693085657, 0.9146399111048659769, -0.05334494005817409096 ) ) ;
#1534 = CARTESIAN_POINT ( 'NONE',  ( 0.09882809790788522897, 0.9448454937521506558, 0.03181114439710275993 ) ) ;
#1535 = DIRECTION ( 'NONE',  ( -1.000000000000000000, 0.000000000000000000, 0.000000000000000000 ) ) ;
#1536 = DIRECTION ( 'NONE',  ( 0.000000000000000000, 0.000000000000000000, -1.000000000000000000 ) ) ;
#1537 = PRESENTATION_LAYER_ASSIGNMENT (  '', '', ( #2865 ) ) ;
#1538 = B_SPLINE_CURVE_WITH_KNOTS ( 'NONE', 3,
 ( #1662, #442, #430, #3033, #2124, #1630, #1156, #673, #25, #1007 ),
 .UNSPECIFIED., .F., .F.,
 ( 4, 3, 3, 4 ),
 ( 0.000000000000000000, 1.744662761061794437E-05, 3.489642080672052311E-05, 6.976956382313573789E-05 ),
 .UNSPECIFIED. ) ;
#1539 = CARTESIAN_POINT ( 'NONE',  ( 0.03274508363124975507, 0.9494354951748867899, -0.9245708412532162024 ) ) ;
#1540 = CARTESIAN_POINT ( 'NONE',  ( -0.05313085063262041469, -0.9485380094463929934, 0.1505780897612501446 ) ) ;
#1541 = CARTESIAN_POINT ( 'NONE',  ( -0.2347851832213166123, 0.9205302372725804316, 0.03254065791913719752 ) ) ;
#1542 = CARTESIAN_POINT ( 'NONE',  ( 0.000000000000000000, 0.000000000000000000, -1.949999999999999956 ) ) ;
#1543 = EDGE_CURVE ( 'NONE', #63, #723, #2761, .T. ) ;
#1544 = CARTESIAN_POINT ( 'NONE',  ( -0.1681089743589742058, 0.9350076859256152284, 0.4948717948717950565 ) ) ;
#1545 = CARTESIAN_POINT ( 'NONE',  ( -0.2373808514700396222, 0.9198674571240801345, 0.3707299989574532328 ) ) ;
#1546 = CARTESIAN_POINT ( 'NONE',  ( -0.2384615384615383360, 0.9195847403445516210, 0.3559294871794874138 ) ) ;
#1547 = AXIS2_PLACEMENT_3D ( 'NONE', #1542, #2028, #830 ) ;
#1548 = ORIENTED_EDGE ( 'NONE', *, *, #245, .F. ) ;
#1549 = DIRECTION ( 'NONE',  ( -0.000000000000000000, 0.000000000000000000, -1.000000000000000000 ) ) ;
#1550 = CARTESIAN_POINT ( 'NONE',  ( 0.04030364961471120944, 0.9491898377378360507, 0.1569178358366747073 ) ) ;
#1551 = CARTESIAN_POINT ( 'NONE',  ( -0.2150932934642189875, -0.9254602942837123480, 0.1781503303016551409 ) ) ;
#1552 = SURFACE_STYLE_FILL_AREA ( #2080 ) ;
#1553 = CARTESIAN_POINT ( 'NONE',  ( -0.1769230769230767664, 0.9333800002421688280, -0.002564102564102431828 ) ) ;
#1554 = VERTEX_POINT ( 'NONE', #1279 ) ;
#1555 = CARTESIAN_POINT ( 'NONE',  ( -0.04481558078267183776, 0.9489423395124773064, 0.4178122573773574433 ) ) ;
#1556 = CARTESIAN_POINT ( 'NONE',  ( -0.2198583553906679200, 0.9243235862703156336, -0.07306016938046631937 ) ) ;
#1557 = CARTESIAN_POINT ( 'NONE',  ( -0.1001602564102564014, 0.9447052043022901024, -0.8179487179487175963 ) ) ;
#1558 = VERTEX_POINT ( 'NONE', #2718 ) ;
#1559 = CARTESIAN_POINT ( 'NONE',  ( 0.007420478522878237553, -0.9499710187677053996, 0.01404747538605294332 ) ) ;
#1560 = CARTESIAN_POINT ( 'NONE',  ( -0.03035320130994181159, -0.9495149725888667458, 0.08603588706274099829 ) ) ;
#1561 = EDGE_CURVE ( 'NONE', #1369, #273, #2527, .T. ) ;
#1562 = FILL_AREA_STYLE_COLOUR ( '', #2088 ) ;
#1563 = CARTESIAN_POINT ( 'NONE',  ( -0.04521585680755136477, -0.9489613549168781637, 0.1558692845188459075 ) ) ;
#1564 = ORIENTED_EDGE ( 'NONE', *, *, #953, .F. ) ;
#1565 = CARTESIAN_POINT ( 'NONE',  ( -0.2383959751541654126, -0.9196017418523586562, 0.05460259181683148333 ) ) ;
#1566 = CARTESIAN_POINT ( 'NONE',  ( -0.1682991425428733423, -0.9350510913891523224, 0.1818128500852888574 ) ) ;
#1567 = CARTESIAN_POINT ( 'NONE',  ( -0.08117776160268760921, 0.9465773197978474274, 0.4679480579338687884 ) ) ;
#1568 = CARTESIAN_POINT ( 'NONE',  ( -0.2368797715497569512, 0.9201009773178342455, 0.1694532545418101499 ) ) ;
#1569 = CARTESIAN_POINT ( 'NONE',  ( 0.004041449999221340128, -0.9500308247168144371, -0.8425288581361862761 ) ) ;
#1570 = B_SPLINE_CURVE_WITH_KNOTS ( 'NONE', 3,
 ( #706, #499, #2152, #1456, #278, #1663, #2867, #290 ),
 .UNSPECIFIED., .F., .F.,
 ( 4, 2, 2, 4 ),
 ( 0.000000000000000000, 0.0001010189599110504819, 0.0001515284398665757567, 0.0002020379198221010451 ),
 .UNSPECIFIED. ) ;
#1571 = DIRECTION ( 'NONE',  ( -0.000000000000000000, -0.000000000000000000, -1.000000000000000000 ) ) ;
#1572 = SURFACE_STYLE_USAGE ( .BOTH. , #2998 ) ;
#1573 = ADVANCED_FACE ( 'NONE', ( #2044 ), #1058, .F. ) ;
#1574 = B_SPLINE_CURVE_WITH_KNOTS ( 'NONE', 3,
 ( #3009, #2063, #694, #1381, #2322, #13, #1118, #224, #1160, #2833 ),
 .UNSPECIFIED., .F., .F.,
 ( 4, 3, 3, 4 ),
 ( 1.117570019170468128E-19, 1.911293728502992995E-05, 3.819611507556382223E-05, 7.628121036563918474E-05 ),
 .UNSPECIFIED. ) ;
#1575 = CARTESIAN_POINT ( 'NONE',  ( 0.02987956320991616566, 0.9495914080521304923, 0.1616296041156122243 ) ) ;
#1576 = ORIENTED_EDGE ( 'NONE', *, *, #2020, .F. ) ;
#1577 = DIRECTION ( 'NONE',  ( -1.000000000000000000, 0.000000000000000000, 0.000000000000000000 ) ) ;
#1578 = CARTESIAN_POINT ( 'NONE',  ( -0.2544990948435542633, 0.9152914835285668183, -0.7908165446335949644 ) ) ;
#1579 = AXIS2_PLACEMENT_3D ( 'NONE', #660, #2558, #2083 ) ;
#1580 = ORIENTED_EDGE ( 'NONE', *, *, #2042, .T. ) ;
#1581 = CARTESIAN_POINT ( 'NONE',  ( 0.000000000000000000, -6.505213034913027590E-16, -6.620000000000000995 ) ) ;
#1582 = CIRCLE ( 'NONE', #699, 0.9499999999999999556 ) ;
#1583 = CARTESIAN_POINT ( 'NONE',  ( -0.1072847218717279810, 0.9439232652165001625, 0.3797496263482825207 ) ) ;
#1584 = CARTESIAN_POINT ( 'NONE',  ( 0.000000000000000000, 0.000000000000000000, -3.403937756669170867 ) ) ;
#1585 = CARTESIAN_POINT ( 'NONE',  ( -0.1327479474531949033, 0.9406849148072051747, 0.2832422682888572352 ) ) ;
#1586 = MECHANICAL_DESIGN_GEOMETRIC_PRESENTATION_REPRESENTATION (  '', ( #409 ), #260 ) ;
#1587 = CARTESIAN_POINT ( 'NONE',  ( 0.9499999999999999556, 1.163414459189985682E-16, -3.403937756669170867 ) ) ;
#1588 = CIRCLE ( 'NONE', #1493, 0.1999999999999999833 ) ;
#1589 = CARTESIAN_POINT ( 'NONE',  ( -0.009314492585135636729, -0.9499935877132714701, 0.008885614744973848247 ) ) ;
#1590 = COLOUR_RGB ( '',0.8313725490196077761, 0.8313725490196077761, 0.8196078431372548767 ) ;
#1591 = UNCERTAINTY_MEASURE_WITH_UNIT (LENGTH_MEASURE( 1.000000000000000082E-05 ), #388, 'distance_accuracy_value', 'NONE');
#1592 = CARTESIAN_POINT ( 'NONE',  ( 0.08180429775601177900, -0.9465213044738974846, -0.3981965290887998776 ) ) ;
#1593 = CARTESIAN_POINT ( 'NONE',  ( 0.02152077909675854939, 0.9497820664432826687, -0.4351226531066392789 ) ) ;
#1594 = ORIENTED_EDGE ( 'NONE', *, *, #230, .F. ) ;
#1595 = EDGE_CURVE ( 'NONE', #1159, #2665, #1994, .T. ) ;
#1596 = ORIENTED_EDGE ( 'NONE', *, *, #1980, .F. ) ;
#1597 = PRESENTATION_LAYER_ASSIGNMENT (  '', '', ( #1502 ) ) ;
#1598 = CARTESIAN_POINT ( 'NONE',  ( -0.2073402474938837170, -0.9271196190167498852, 0.09927548723688225940 ) ) ;
#1599 = CARTESIAN_POINT ( 'NONE',  ( -0.1697916666666665075, 0.9347035839936399526, 0.4179487179487181292 ) ) ;
#1600 = CARTESIAN_POINT ( 'NONE',  ( -0.1256410256410255277, -0.9416551028247397426, -3.403937756669170867 ) ) ;
#1601 = ADVANCED_FACE ( 'NONE', ( #842 ), #414, .T. ) ;
#1602 = ORIENTED_EDGE ( 'NONE', *, *, #2426, .T. ) ;
#1603 = CARTESIAN_POINT ( 'NONE',  ( 0.7500000000000000000, 0.000000000000000000, -1.949999999999999956 ) ) ;
#1604 = CARTESIAN_POINT ( 'NONE',  ( -0.1735061434157771088, 0.9341169271110311145, -0.3989519674600679466 ) ) ;
#1605 = CARTESIAN_POINT ( 'NONE',  ( -0.3044626440593684036, 0.8998905446208478320, -0.5259799902090628310 ) ) ;
#1606 = DIRECTION ( 'NONE',  ( 0.000000000000000000, -1.000000000000000000, -3.401418580346681312E-16 ) ) ;
#1607 = ADVANCED_BREP_SHAPE_REPRESENTATION ( 'DO-35_3.90x1.90x0.60x15.24', ( #294, #300, #2327, #137 ), #1843 ) ;
#1608 = ORIENTED_EDGE ( 'NONE', *, *, #2309, .T. ) ;
#1609 = CARTESIAN_POINT ( 'NONE',  ( -0.2536858974358973118, -0.9155017561109008994, 0.4665064102564104309 ) ) ;
#1610 = CARTESIAN_POINT ( 'NONE',  ( -0.03106687623210075549, -0.9498901667692591921, -0.6080479384989637692 ) ) ;
#1611 = ORIENTED_EDGE ( 'NONE', *, *, #2426, .F. ) ;
#1612 = B_SPLINE_CURVE_WITH_KNOTS ( 'NONE', 3,
 ( #833, #2695, #1545, #2031, #587, #2266, #2949, #1284, #1771, #2455, #2503, #572, #2741, #168, #2241, #1756 ),
 .UNSPECIFIED., .F., .F.,
 ( 4, 3, 3, 3, 3, 4 ),
 ( 0.000000000000000000, 2.201685110335033731E-05, 4.429936060078100332E-05, 6.479299904040595689E-05, 8.791911789320295450E-05, 0.0001056436808803624586 ),
 .UNSPECIFIED. ) ;
#1613 = CARTESIAN_POINT ( 'NONE',  ( -0.1801282051282049879, 0.9327667606198729588, 0.1820512820512822094 ) ) ;
#1614 = DIRECTION ( 'NONE',  ( 1.000000000000000000, 0.000000000000000000, 0.000000000000000000 ) ) ;
#1615 = VERTEX_POINT ( 'NONE', #2925 ) ;
#1616 = EDGE_CURVE ( 'NONE', #1215, #452, #1836, .T. ) ;
#1617 = CARTESIAN_POINT ( 'NONE',  ( 0.000000000000000000, 0.000000000000000000, -3.403937756669170867 ) ) ;
#1618 = CARTESIAN_POINT ( 'NONE',  ( -0.1290121540603461625, 0.9413182265799012738, -0.3882753214439805811 ) ) ;
#1619 = CARTESIAN_POINT ( 'NONE',  ( -0.2497101240581540427, 0.9166651803185019709, 0.1615557070530122263 ) ) ;
#1620 = CARTESIAN_POINT ( 'NONE',  ( -0.05543338311893369896, -0.9483852582043417190, 0.06175814851551535839 ) ) ;
#1621 = EDGE_CURVE ( 'NONE', #2435, #1359, #73, .T. ) ;
#1622 = CARTESIAN_POINT ( 'NONE',  ( 0.08942307692307699396, 0.9457819586530552547, -0.5848557692307693179 ) ) ;
#1623 = CARTESIAN_POINT ( 'NONE',  ( -0.009593298803999247490, -0.9499515611958860850, 0.1663430112342227651 ) ) ;
#1624 = UNCERTAINTY_MEASURE_WITH_UNIT (LENGTH_MEASURE( 1.000000000000000082E-05 ), #1872, 'distance_accuracy_value', 'NONE');
#1625 = CARTESIAN_POINT ( 'NONE',  ( -0.1990738700482596879, -0.9289395159185440676, 0.4919047374883663282 ) ) ;
#1626 =( LENGTH_UNIT ( ) NAMED_UNIT ( * ) SI_UNIT ( .MILLI., .METRE. ) );
#1627 = CARTESIAN_POINT ( 'NONE',  ( -0.2491938896600655040, 0.9167534125766068076, -0.7859620546234571403 ) ) ;
#1628 = ORIENTED_EDGE ( 'NONE', *, *, #2596, .F. ) ;
#1629 = CARTESIAN_POINT ( 'NONE',  ( -0.2025134682630672089, -0.9281870550917754592, 0.3014656431812040571 ) ) ;
#1630 = CARTESIAN_POINT ( 'NONE',  ( 0.03295565725587291245, -0.9494282333922438033, -0.9302988223423160896 ) ) ;
#1631 = CARTESIAN_POINT ( 'NONE',  ( -0.2184522256723154254, -0.9251208292940743538, -0.07553395712060401168 ) ) ;
#1632 = COLOUR_RGB ( '',0.8313725490196077761, 0.8313725490196077761, 0.8196078431372548767 ) ;
#1633 = CARTESIAN_POINT ( 'NONE',  ( -0.01641691877296517360, -0.9498848420662875380, 0.08943848020248668096 ) ) ;
#1634 = TOROIDAL_SURFACE ( 'NONE', #1429, 0.7500000000000000000, 0.2000000000000000111 ) ;
#1635 = CARTESIAN_POINT ( 'NONE',  ( -0.1995782577876862307, -0.9287995042087481279, 0.4135790728026270680 ) ) ;
#1636 = CARTESIAN_POINT ( 'NONE',  ( -0.04082865841386905392, 0.9491222369390666103, -0.6055503596004980782 ) ) ;
#1637 = EDGE_CURVE ( 'NONE', #762, #1517, #219, .T. ) ;
#1638 = CARTESIAN_POINT ( 'NONE',  ( 0.07187994319269511156, 0.9473095037380795391, 0.1315602898502054308 ) ) ;
#1639 = ORIENTED_EDGE ( 'NONE', *, *, #3010, .T. ) ;
#1640 = STYLED_ITEM ( 'NONE', ( #1646 ), #1958 ) ;
#1641 = DIRECTION ( 'NONE',  ( 0.000000000000000000, 0.000000000000000000, -1.000000000000000000 ) ) ;
#1642 = PLANE ( 'NONE',  #2280 ) ;
#1643 = ORIENTED_EDGE ( 'NONE', *, *, #2882, .T. ) ;
#1644 = ORIENTED_EDGE ( 'NONE', *, *, #2024, .F. ) ;
#1645 = CARTESIAN_POINT ( 'NONE',  ( -0.2372425302108455147, -0.9199036438159053919, 0.3419934931744502693 ) ) ;
#1646 = PRESENTATION_STYLE_ASSIGNMENT (( #2817 ) ) ;
#1647 = CARTESIAN_POINT ( 'NONE',  ( 0.000000000000000000, 0.000000000000000000, -1.749999999999999778 ) ) ;
#1648 = CARTESIAN_POINT ( 'NONE',  ( -0.1750801282051280550, 0.9337274488348705770, 0.1051282051282052682 ) ) ;
#1649 = B_SPLINE_CURVE_WITH_KNOTS ( 'NONE', 3,
 ( #235, #1605, #3047, #3034, #906, #1805, #1100, #690 ),
 .UNSPECIFIED., .F., .F.,
 ( 4, 2, 2, 4 ),
 ( 0.000000000000000000, 7.865707772632535147E-05, 0.0001573141554526507029, 0.0003146283109053014601 ),
 .UNSPECIFIED. ) ;
#1650 = EDGE_LOOP ( 'NONE', ( #2991, #2884, #425, #2790 ) ) ;
#1651 = FILL_AREA_STYLE ('',( #2372 ) ) ;
#1652 = CARTESIAN_POINT ( 'NONE',  ( -0.1769230769230767664, 0.9333800002421688280, -0.002564102564102431828 ) ) ;
#1653 = VERTEX_POINT ( 'NONE', #1391 ) ;
#1654 = EDGE_CURVE ( 'NONE', #389, #1728, #2045, .T. ) ;
#1655 = DIRECTION ( 'NONE',  ( 1.000000000000000000, 0.000000000000000000, 0.000000000000000000 ) ) ;
#1656 = CARTESIAN_POINT ( 'NONE',  ( 0.02176305962071893932, -0.9497764235202704741, -0.4354247814305860498 ) ) ;
#1657 = EDGE_LOOP ( 'NONE', ( #1914, #1424, #1944, #2167 ) ) ;
#1658 = CYLINDRICAL_SURFACE ( 'NONE', #1828, 0.2999999999999999334 ) ;
#1659 = ORIENTED_EDGE ( 'NONE', *, *, #99, .T. ) ;
#1660 = ORIENTED_EDGE ( 'NONE', *, *, #361, .T. ) ;
#1661 = CARTESIAN_POINT ( 'NONE',  ( -0.2869012835185407173, -0.9056826399891881874, 0.4316601619026100289 ) ) ;
#1662 = CARTESIAN_POINT ( 'NONE',  ( 0.03333333333333334675, -0.9494150245750743178, -0.9593749999999997558 ) ) ;
#1663 = CARTESIAN_POINT ( 'NONE',  ( -0.2350965067341233283, -0.9204841619986829926, -0.4651882124857484868 ) ) ;
#1664 = CARTESIAN_POINT ( 'NONE',  ( -0.1863782051282049934, 0.9315380639851434941, -0.07948717948717937132 ) ) ;
#1665 = FACE_OUTER_BOUND ( 'NONE', #1998, .T. ) ;
#1666 = FACE_BOUND ( 'NONE', #1211, .T. ) ;
#1667 = CARTESIAN_POINT ( 'NONE',  ( -0.03846153846153831796, -0.9492211070447030830, 0.3799679487179488668 ) ) ;
#1668 = EDGE_CURVE ( 'NONE', #1785, #1829, #2237, .T. ) ;
#1669 = CARTESIAN_POINT ( 'NONE',  ( 0.09749033067336075609, 0.9449851451989875750, -0.8768416088632051686 ) ) ;
#1670 = VERTEX_POINT ( 'NONE', #1096 ) ;
#1671 = EDGE_CURVE ( 'NONE', #2665, #871, #427, .T. ) ;
#1672 = CARTESIAN_POINT ( 'NONE',  ( 0.01794871794871810700, -0.9498304288261129047, 0.3463141025641027215 ) ) ;
#1673 = CARTESIAN_POINT ( 'NONE',  ( -0.3051282051282049879, 0.8996648144921751689, 0.3591346153846155520 ) ) ;
#1674 = FACE_OUTER_BOUND ( 'NONE', #2115, .T. ) ;
#1675 = B_SPLINE_CURVE_WITH_KNOTS ( 'NONE', 3,
 ( #1063, #2895, #2659, #1229, #1727, #2191, #558, #91, #1962, #2914 ),
 .UNSPECIFIED., .F., .F.,
 ( 4, 3, 3, 4 ),
 ( 0.000000000000000000, 4.308493130335892379E-05, 6.506612542751761879E-05, 8.714357186394491308E-05 ),
 .UNSPECIFIED. ) ;
#1676 = SURFACE_STYLE_FILL_AREA ( #532 ) ;
#1677 = CARTESIAN_POINT ( 'NONE',  ( -0.1889423076923077149, -0.9310213769639800185, -0.7532051282051278607 ) ) ;
#1678 = CARTESIAN_POINT ( 'NONE',  ( -0.09975961538461532163, 0.9447475954657486019, -0.6128205128205129748 ) ) ;
#1679 = CIRCLE ( 'NONE', #126, 0.7500000000000000000 ) ;
#1680 = CARTESIAN_POINT ( 'NONE',  ( 0.06402243589743610019, 0.9478402437656668900, 0.1392628205128206564 ) ) ;
#1681 = ORIENTED_EDGE ( 'NONE', *, *, #285, .F. ) ;
#1682 = ORIENTED_EDGE ( 'NONE', *, *, #2122, .F. ) ;
#1683 = VERTEX_POINT ( 'NONE', #624 ) ;
#1684 = CARTESIAN_POINT ( 'NONE',  ( -0.1005608974358973839, -0.9446626413206393735, -0.3102564102564104309 ) ) ;
#1685 = EDGE_CURVE ( 'NONE', #1507, #264, #150, .T. ) ;
#1686 = CARTESIAN_POINT ( 'NONE',  ( 0.08942307692307699396, -0.9457819586530552547, -0.5848557692307693179 ) ) ;
#1687 = TOROIDAL_SURFACE ( 'NONE', #374, 0.7500000000000000000, 0.2000000000000000111 ) ;
#1688 = ORIENTED_EDGE ( 'NONE', *, *, #3042, .F. ) ;
#1689 = UNCERTAINTY_MEASURE_WITH_UNIT (LENGTH_MEASURE( 1.000000000000000082E-05 ), #2585, 'distance_accuracy_value', 'NONE');
#1690 = FILL_AREA_STYLE_COLOUR ( '', #2419 ) ;
#1691 = CARTESIAN_POINT ( 'NONE',  ( -0.2633222229471904319, -0.9127848906220679126, -0.7999998021993501851 ) ) ;
#1692 = CARTESIAN_POINT ( 'NONE',  ( -0.2384615384615383360, -0.9195847403445516210, 0.3559294871794874138 ) ) ;
#1693 = DIRECTION ( 'NONE',  ( 0.000000000000000000, 0.000000000000000000, 1.000000000000000000 ) ) ;
#1694 = APPLICATION_PROTOCOL_DEFINITION ( 'draft international standard', 'automotive_design', 1998, #969 ) ;
#1695 = CARTESIAN_POINT ( 'NONE',  ( -0.009294871794871612664, 0.9499545280476939801, 0.08974358974358988272 ) ) ;
#1696 = CARTESIAN_POINT ( 'NONE',  ( -0.1442112198112028565, 0.9390375043306271596, 0.1766410824710134275 ) ) ;
#1697 = CARTESIAN_POINT ( 'NONE',  ( -0.1001602564102564014, 0.9447052043022901024, -0.8179487179487175963 ) ) ;
#1698 = ORIENTED_EDGE ( 'NONE', *, *, #177, .F. ) ;
#1699 = PRODUCT_RELATED_PRODUCT_CATEGORY ( 'part', '', ( #159 ) ) ;
#1700 = ORIENTED_EDGE ( 'NONE', *, *, #1383, .F. ) ;
#1701 = CARTESIAN_POINT ( 'NONE',  ( 0.09142587985105171677, -0.9457973607551762862, -0.008516704259550353373 ) ) ;
#1702 = CARTESIAN_POINT ( 'NONE',  ( 0.1051282051282051849, -0.9441652718070718819, -0.5005608974358976004 ) ) ;
#1703 = ORIENTED_EDGE ( 'NONE', *, *, #1417, .F. ) ;
#1704 = EDGE_CURVE ( 'NONE', #2566, #1507, #185, .T. ) ;
#1705 = VERTEX_POINT ( 'NONE', #2570 ) ;
#1706 = CARTESIAN_POINT ( 'NONE',  ( -0.0007211538461537750702, 0.9499997262826606059, -0.6718750000000001110 ) ) ;
#1707 = FACE_OUTER_BOUND ( 'NONE', #1228, .T. ) ;
#1708 = CARTESIAN_POINT ( 'NONE',  ( -0.2306238330698435479, 0.9215899272900822670, 0.07960051677341369036 ) ) ;
#1709 =( NAMED_UNIT ( * ) SI_UNIT ( $, .STERADIAN. ) SOLID_ANGLE_UNIT ( ) );
#1710 = CARTESIAN_POINT ( 'NONE',  ( 0.000000000000000000, -6.505213034913027590E-16, 6.620000000000000995 ) ) ;
#1711 = ORIENTED_EDGE ( 'NONE', *, *, #1668, .F. ) ;
#1712 = B_SPLINE_CURVE_WITH_KNOTS ( 'NONE', 3,
 ( #520, #1015, #2707, #1960, #588, #1708, #2656, #2911, #2676, #535, #142, #366, #556, #1500, #2875, #755 ),
 .UNSPECIFIED., .F., .F.,
 ( 4, 3, 3, 3, 3, 4 ),
 ( 0.000000000000000000, 1.757214135805671326E-05, 3.512383527831317281E-05, 5.518459742093687742E-05, 7.570382939332324338E-05, 9.314814863522596347E-05 ),
 .UNSPECIFIED. ) ;
#1713 = DIRECTION ( 'NONE',  ( 1.000000000000000000, 0.000000000000000000, 0.000000000000000000 ) ) ;
#1714 = CARTESIAN_POINT ( 'NONE',  ( -0.1351838755157239724, 0.9403686239500105293, 0.1727743906228225157 ) ) ;
#1715 = CARTESIAN_POINT ( 'NONE',  ( -0.1443598001362976502, -0.9389976238950599186, 0.4153879852118401161 ) ) ;
#1716 = ORIENTED_EDGE ( 'NONE', *, *, #209, .T. ) ;
#1717 = ORIENTED_EDGE ( 'NONE', *, *, #2864, .F. ) ;
#1718 = CARTESIAN_POINT ( 'NONE',  ( -0.3051282051282050989, -0.8996648144921751689, -0.4994391025641026771 ) ) ;
#1719 = CARTESIAN_POINT ( 'NONE',  ( -0.2384204406023432699, 0.9195953976109731975, 0.05068989474173187654 ) ) ;
#1720 = VERTEX_POINT ( 'NONE', #456 ) ;
#1721 = UNCERTAINTY_MEASURE_WITH_UNIT (LENGTH_MEASURE( 1.000000000000000082E-05 ), #2117, 'distance_accuracy_value', 'NONE');
#1722 = CARTESIAN_POINT ( 'NONE',  ( 0.000000000000000000, -3.550000000000000711, 7.619999999999999218 ) ) ;
#1723 = CARTESIAN_POINT ( 'NONE',  ( 0.03333333333333334675, -0.9494150245750743178, -0.9593749999999997558 ) ) ;
#1724 = DIRECTION ( 'NONE',  ( 1.000000000000000000, 0.000000000000000000, 0.000000000000000000 ) ) ;
#1725 = EDGE_LOOP ( 'NONE', ( #527, #2604 ) ) ;
#1726 = CARTESIAN_POINT ( 'NONE',  ( 0.03333333333333334675, -0.9494150245750743178, -3.403937756669170867 ) ) ;
#1727 = CARTESIAN_POINT ( 'NONE',  ( -0.1403682638828550044, -0.9396009130154364675, -0.7428041190834477892 ) ) ;
#1728 = VERTEX_POINT ( 'NONE', #2335 ) ;
#1729 =( NAMED_UNIT ( * ) PLANE_ANGLE_UNIT ( ) SI_UNIT ( $, .RADIAN. ) );
#1730 = CARTESIAN_POINT ( 'NONE',  ( 0.03197374868584876989, 0.9494620176717593063, 0.06361372123333459971 ) ) ;
#1731 = CARTESIAN_POINT ( 'NONE',  ( -0.1369355129903759849, -0.9400790739529149009, 0.4123970671828149914 ) ) ;
#1732 = ORIENTED_EDGE ( 'NONE', *, *, #880, .F. ) ;
#1733 = ORIENTED_EDGE ( 'NONE', *, *, #381, .T. ) ;
#1734 = ORIENTED_EDGE ( 'NONE', *, *, #785, .T. ) ;
#1735 = DIRECTION ( 'NONE',  ( -0.000000000000000000, -0.000000000000000000, 1.000000000000000000 ) ) ;
#1736 = CARTESIAN_POINT ( 'NONE',  ( -0.3000000000000000444, -0.9013878188659973922, -0.9233173076923076872 ) ) ;
#1737 = DIRECTION ( 'NONE',  ( 1.000000000000000000, 0.000000000000000000, 0.000000000000000000 ) ) ;
#1738 = CARTESIAN_POINT ( 'NONE',  ( 0.1015751955521499439, 0.9445541168448435831, -0.5434330032652522346 ) ) ;
#1739 = CARTESIAN_POINT ( 'NONE',  ( -0.01661368632699284850, 0.9498556565986749911, 0.007876817892430233378 ) ) ;
#1740 = CARTESIAN_POINT ( 'NONE',  ( -0.1863782051282049934, 0.9315380639851434941, -0.07948717948717937132 ) ) ;
#1741 = AXIS2_PLACEMENT_3D ( 'NONE', #2456, #1227, #770 ) ;
#1742 = CARTESIAN_POINT ( 'NONE',  ( 0.05389693702321113333, 0.9485237838837173863, -0.04733426741716893066 ) ) ;
#1743 =( BOUNDED_CURVE ( )  B_SPLINE_CURVE ( 3, ( #2035, #2980, #692, #707 ),
 .UNSPECIFIED., .F., .T. ) 
 B_SPLINE_CURVE_WITH_KNOTS ( ( 4, 4 ),
 ( 4.693494468858801838, 4.705641290853025183 ),
 .UNSPECIFIED. ) 
 CURVE ( )  GEOMETRIC_REPRESENTATION_ITEM ( )  RATIONAL_B_SPLINE_CURVE ( ( 1.000000000000000000, 0.9999877045974143730, 0.9999877045974143730, 1.000000000000000000 ) ) 
 REPRESENTATION_ITEM ( '' )  );
#1744 = ORIENTED_EDGE ( 'NONE', *, *, #2861, .F. ) ;
#1745 = CARTESIAN_POINT ( 'NONE',  ( -0.1295962115287307981, -0.9411243002155855741, 0.2608596012998664615 ) ) ;
#1746 = CYLINDRICAL_SURFACE ( 'NONE', #2423, 0.9499999999999999556 ) ;
#1747 = ORIENTED_EDGE ( 'NONE', *, *, #2954, .F. ) ;
#1748 = EDGE_CURVE ( 'NONE', #2853, #2173, #980, .T. ) ;
#1749 = FILL_AREA_STYLE ('',( #160 ) ) ;
#1750 = CARTESIAN_POINT ( 'NONE',  ( -0.08963010229167076015, 0.9457671965121053903, 0.1216382642349861098 ) ) ;
#1751 = CARTESIAN_POINT ( 'NONE',  ( -0.3048025540122767940, -0.8997752615596836812, 0.06568889316630827091 ) ) ;
#1752 = ORIENTED_EDGE ( 'NONE', *, *, #2506, .F. ) ;
#1753 = PRESENTATION_STYLE_ASSIGNMENT (( #1973 ) ) ;
#1754 = ORIENTED_EDGE ( 'NONE', *, *, #2579, .T. ) ;
#1755 = CYLINDRICAL_SURFACE ( 'NONE', #2670, 0.9499999999999999556 ) ;
#1756 = CARTESIAN_POINT ( 'NONE',  ( -0.1697916666666665075, 0.9347035839936399526, 0.4179487179487181292 ) ) ;
#1757 = CARTESIAN_POINT ( 'NONE',  ( 0.000000000000000000, -1.000000000000000444, 7.320000000000000284 ) ) ;
#1758 = ORIENTED_EDGE ( 'NONE', *, *, #2679, .F. ) ;
#1759 = DIRECTION ( 'NONE',  ( 0.000000000000000000, -1.392979236598078510E-16, 1.000000000000000000 ) ) ;
#1760 = CARTESIAN_POINT ( 'NONE',  ( -0.05069995392569597026, 0.9486461482934149814, -0.6859396472681169588 ) ) ;
#1761 = CARTESIAN_POINT ( 'NONE',  ( -0.1210737179487177823, -0.9422532328530761614, 0.02820512820512834778 ) ) ;
#1762 = CARTESIAN_POINT ( 'NONE',  ( 3.673940397442058882E-17, 0.2999999999999999889, 1.949999999999999956 ) ) ;
#1763 = EDGE_LOOP ( 'NONE', ( #928, #1300, #2393, #1754, #1203, #340, #111, #2129, #1443, #2203, #76, #1117, #771, #2058, #2745, #2545 ) ) ;
#1764 = EDGE_CURVE ( 'NONE', #2374, #255, #1264, .T. ) ;
#1765 = PRESENTATION_STYLE_ASSIGNMENT (( #581 ) ) ;
#1766 = CARTESIAN_POINT ( 'NONE',  ( -0.2159406296443378837, 0.9251474411172666557, 0.009880727396232953305 ) ) ;
#1767 =( NAMED_UNIT ( * ) PLANE_ANGLE_UNIT ( ) SI_UNIT ( $, .RADIAN. ) );
#1768 = EDGE_CURVE ( 'NONE', #2398, #63, #271, .T. ) ;
#1769 = ORIENTED_EDGE ( 'NONE', *, *, #1417, .T. ) ;
#1770 = CARTESIAN_POINT ( 'NONE',  ( 0.1014147142191109130, 0.9446214178705526487, -0.4480992302023116824 ) ) ;
#1771 = CARTESIAN_POINT ( 'NONE',  ( -0.2145943996539426135, 0.9254649999740491850, 0.4064321902476215054 ) ) ;
#1772 = CARTESIAN_POINT ( 'NONE',  ( -0.04525666700431561079, -0.9492500919350161936, -0.8190064593001314952 ) ) ;
#1773 =( NAMED_UNIT ( * ) PLANE_ANGLE_UNIT ( ) SI_UNIT ( $, .RADIAN. ) );
#1774 = CARTESIAN_POINT ( 'NONE',  ( -0.1251371444253379650, -0.9417303363366701374, 0.08582361807540669907 ) ) ;
#1775 =( GEOMETRIC_REPRESENTATION_CONTEXT ( 3 ) GLOBAL_UNCERTAINTY_ASSIGNED_CONTEXT ( ( #2908 ) ) GLOBAL_UNIT_ASSIGNED_CONTEXT ( ( #2803, #2060, #2265 ) ) REPRESENTATION_CONTEXT ( 'NONE', 'WORKASPACE' ) );
#1776 =( GEOMETRIC_REPRESENTATION_CONTEXT ( 3 ) GLOBAL_UNCERTAINTY_ASSIGNED_CONTEXT ( ( #1624 ) ) GLOBAL_UNIT_ASSIGNED_CONTEXT ( ( #1872, #2334, #1709 ) ) REPRESENTATION_CONTEXT ( 'NONE', 'WORKASPACE' ) );
#1777 = CARTESIAN_POINT ( 'NONE',  ( -0.1181987272020094265, -0.9426184417857264020, 0.03820862132065914324 ) ) ;
#1778 = CARTESIAN_POINT ( 'NONE',  ( -0.05897435897435880647, 0.9481677198595001022, 0.03541666666666680452 ) ) ;
#1779 =( LENGTH_UNIT ( ) NAMED_UNIT ( * ) SI_UNIT ( .MILLI., .METRE. ) );
#1780 = ORIENTED_EDGE ( 'NONE', *, *, #745, .F. ) ;
#1781 = ORIENTED_EDGE ( 'NONE', *, *, #2850, .F. ) ;
#1782 = EDGE_CURVE ( 'NONE', #1112, #354, #1588, .T. ) ;
#1783 = CIRCLE ( 'NONE', #894, 0.7000000000000000666 ) ;
#1784 = CARTESIAN_POINT ( 'NONE',  ( 0.000000000000000000, 0.000000000000000000, -1.949999999999999956 ) ) ;
#1785 = VERTEX_POINT ( 'NONE', #2387 ) ;
#1786 = AXIS2_PLACEMENT_3D ( 'NONE', #1239, #1025, #357 ) ;
#1787 = EDGE_CURVE ( 'NONE', #814, #1168, #263, .T. ) ;
#1788 = FILL_AREA_STYLE ('',( #846 ) ) ;
#1789 = DIRECTION ( 'NONE',  ( 0.000000000000000000, 0.000000000000000000, -1.000000000000000000 ) ) ;
#1790 = CARTESIAN_POINT ( 'NONE',  ( 0.06402243589743610019, 0.9478402437656668900, 0.1392628205128206564 ) ) ;
#1791 = AXIS2_PLACEMENT_3D ( 'NONE', #932, #1486, #2495 ) ;
#1792 = DIRECTION ( 'NONE',  ( 0.000000000000000000, -1.000000000000000000, -3.401418580346681312E-16 ) ) ;
#1793 = SURFACE_STYLE_USAGE ( .BOTH. , #1104 ) ;
#1794 = CARTESIAN_POINT ( 'NONE',  ( -0.03939861601767539329, -0.9491903004916890652, 0.08161893709846715361 ) ) ;
#1795 = VECTOR ( 'NONE', #89, 1000.000000000000000 ) ;
#1796 = AXIS2_PLACEMENT_3D ( 'NONE', #236, #2560, #2669 ) ;
#1797 = CARTESIAN_POINT ( 'NONE',  ( -0.2536858974358973118, -0.9155017561109008994, 0.4665064102564104309 ) ) ;
#1798 = DIRECTION ( 'NONE',  ( 0.000000000000000000, -1.392979236598078510E-16, 1.000000000000000000 ) ) ;
#1799 = ORIENTED_EDGE ( 'NONE', *, *, #82, .F. ) ;
#1800 = CARTESIAN_POINT ( 'NONE',  ( -0.2312839009660883072, 0.9214180296772092049, -0.8912916669915406098 ) ) ;
#1801 = CARTESIAN_POINT ( 'NONE',  ( -0.2029782022350863357, -0.9280962804973512670, -0.5818290147506799403 ) ) ;
#1802 = CARTESIAN_POINT ( 'NONE',  ( -0.1449531970148838500, -0.9388762275598093732, 0.1763759966346878094 ) ) ;
#1803 = VERTEX_POINT ( 'NONE', #1723 ) ;
#1804 = CARTESIAN_POINT ( 'NONE',  ( -0.1024038461538461092, -0.9444646379261106839, -0.6897435897435899577 ) ) ;
#1805 = CARTESIAN_POINT ( 'NONE',  ( -0.2095776470358137189, 0.9274475364373127029, -0.6762074710518348741 ) ) ;
#1806 = CARTESIAN_POINT ( 'NONE',  ( -0.2932605042639478965, 0.9036048214244754018, -0.8579548366595679543 ) ) ;
#1807 = ADVANCED_FACE ( 'NONE', ( #2873 ), #295, .T. ) ;
#1808 = CARTESIAN_POINT ( 'NONE',  ( 0.000000000000000000, -0.3000000000000005995, 6.620000000000000995 ) ) ;
#1809 = CARTESIAN_POINT ( 'NONE',  ( 0.02398998911675970583, -0.9497046578128929273, 0.02586639333900708423 ) ) ;
#1810 = CARTESIAN_POINT ( 'NONE',  ( 0.03561101203040048513, -0.9493733066827378941, 0.1590704857768897307 ) ) ;
#1811 = ORIENTED_EDGE ( 'NONE', *, *, #1621, .T. ) ;
#1812 = CARTESIAN_POINT ( 'NONE',  ( -0.2132902494843465224, -0.9257623073150236248, 0.09606751947528903435 ) ) ;
#1813 = CARTESIAN_POINT ( 'NONE',  ( 0.02990368823008093466, 0.9495292356897881980, 0.03542365330936198681 ) ) ;
#1814 = ORIENTED_EDGE ( 'NONE', *, *, #1787, .F. ) ;
#1815 = CARTESIAN_POINT ( 'NONE',  ( -0.04768225772674595381, 0.9502916597995622050, -0.3111604146409474581 ) ) ;
#1816 = CARTESIAN_POINT ( 'NONE',  ( 0.000000000000000000, 0.000000000000000000, 1.949999999999999956 ) ) ;
#1817 = CARTESIAN_POINT ( 'NONE',  ( -0.01263239339162045352, 0.9499693646933388136, 0.1663002707651675960 ) ) ;
#1818 = CARTESIAN_POINT ( 'NONE',  ( -0.2363595129343985246, -0.9201272632868654489, 0.3732343875252954746 ) ) ;
#1819 = ADVANCED_FACE ( 'NONE', ( #571, #817, #2401, #313, #999, #1945 ), #2891, .T. ) ;
#1820 =( NAMED_UNIT ( * ) PLANE_ANGLE_UNIT ( ) SI_UNIT ( $, .RADIAN. ) );
#1821 = CARTESIAN_POINT ( 'NONE',  ( 0.03757959964326700042, -0.9492568423686746915, -0.5336316817791029177 ) ) ;
#1822 = CARTESIAN_POINT ( 'NONE',  ( -0.06531582380848624525, 0.9483439773023869535, -0.3876939976945492639 ) ) ;
#1823 = VERTEX_POINT ( 'NONE', #1498 ) ;
#1824 = B_SPLINE_CURVE_WITH_KNOTS ( 'NONE', 3,
 ( #2518, #1806, #2504, #1089, #2995, #2532, #2550, #182, #1101, #392 ),
 .UNSPECIFIED., .F., .F.,
 ( 4, 3, 3, 4 ),
 ( 0.000000000000000000, 1.800375061881636073E-05, 3.601931318352347578E-05, 7.197511215451866495E-05 ),
 .UNSPECIFIED. ) ;
#1825 = B_SPLINE_CURVE_WITH_KNOTS ( 'NONE', 3,
 ( #2420, #2204, #1226, #1977, #1519, #2928, #803, #2187, #87, #2694, #1013, #1583, #180, #2254, #601, #642 ),
 .UNSPECIFIED., .F., .F.,
 ( 4, 3, 3, 3, 3, 4 ),
 ( 0.000000000000000000, 3.342378409169769940E-05, 5.019351533292942461E-05, 6.684372229561235583E-05, 8.464581666754408297E-05, 9.668904871708040036E-05 ),
 .UNSPECIFIED. ) ;
#1826 = CARTESIAN_POINT ( 'NONE',  ( -0.1271623032853095303, -0.9415483458370005332, -0.6118469947512633622 ) ) ;
#1827 = CARTESIAN_POINT ( 'NONE',  ( -0.1262766167396704442, -0.9416035880828244053, 0.1679872922834342863 ) ) ;
#1828 = AXIS2_PLACEMENT_3D ( 'NONE', #2997, #1792, #2457 ) ;
#1829 = VERTEX_POINT ( 'NONE', #1242 ) ;
#1830 = DIRECTION ( 'NONE',  ( -1.000000000000000000, 0.000000000000000000, 0.000000000000000000 ) ) ;
#1831 = CARTESIAN_POINT ( 'NONE',  ( -0.05610350113312154857, 0.9483795189842417761, 0.4413423020207628555 ) ) ;
#1832 = CARTESIAN_POINT ( 'NONE',  ( -0.3051282051282050989, -0.8996648144921751689, -0.4994391025641026771 ) ) ;
#1833 = CARTESIAN_POINT ( 'NONE',  ( 0.02134900376249517992, -0.9497995163551917752, -0.8637078615933589942 ) ) ;
#1834 = AXIS2_PLACEMENT_3D ( 'NONE', #286, #1430, #741 ) ;
#1835 = CARTESIAN_POINT ( 'NONE',  ( -0.2054336020558643894, -0.9275413215735348604, 0.4115874957674104384 ) ) ;
#1836 = CIRCLE ( 'NONE', #1786, 0.2999999999999999889 ) ;
#1837 = PRESENTATION_LAYER_ASSIGNMENT (  '', '', ( #1936 ) ) ;
#1838 = CARTESIAN_POINT ( 'NONE',  ( -0.1210737179487177823, 0.9422532328530769385, 0.02820512820512834778 ) ) ;
#1839 = CARTESIAN_POINT ( 'NONE',  ( 0.06402243589743610019, 0.9478402437656668900, 0.1392628205128206564 ) ) ;
#1840 = VECTOR ( 'NONE', #382, 1000.000000000000000 ) ;
#1841 = ORIENTED_EDGE ( 'NONE', *, *, #1185, .F. ) ;
#1842 = EDGE_CURVE ( 'NONE', #736, #2412, #1257, .T. ) ;
#1843 =( GEOMETRIC_REPRESENTATION_CONTEXT ( 3 ) GLOBAL_UNCERTAINTY_ASSIGNED_CONTEXT ( ( #1976 ) ) GLOBAL_UNIT_ASSIGNED_CONTEXT ( ( #1779, #696, #2131 ) ) REPRESENTATION_CONTEXT ( 'NONE', 'WORKASPACE' ) );
#1844 = CARTESIAN_POINT ( 'NONE',  ( -0.1800778856793911198, 0.9327820032075997414, -0.02823034329343965254 ) ) ;
#1845 = CARTESIAN_POINT ( 'NONE',  ( -0.2536858974358973118, 0.9155017561109008994, 0.4665064102564104309 ) ) ;
#1846 = CARTESIAN_POINT ( 'NONE',  ( 0.000000000000000000, 0.000000000000000000, 0.4794871794871796711 ) ) ;
#1847 = CARTESIAN_POINT ( 'NONE',  ( -0.1438109117763197720, 0.9390518737833122298, -0.3911164569514587463 ) ) ;
#1848 =( LENGTH_UNIT ( ) NAMED_UNIT ( * ) SI_UNIT ( .MILLI., .METRE. ) );
#1849 = CARTESIAN_POINT ( 'NONE',  ( 0.02948717948717948303, 0.9495422614322601707, -0.8898237179487176185 ) ) ;
#1850 = CARTESIAN_POINT ( 'NONE',  ( -0.05892816436954232545, -0.9481709418617049190, 0.04552540433363689437 ) ) ;
#1851 = ORIENTED_EDGE ( 'NONE', *, *, #2657, .F. ) ;
#1852 = CARTESIAN_POINT ( 'NONE',  ( 0.000000000000000000, 0.000000000000000000, 1.749999999999999778 ) ) ;
#1853 = PRESENTATION_STYLE_ASSIGNMENT (( #1793 ) ) ;
#1854 = CARTESIAN_POINT ( 'NONE',  ( -0.3051282051282049879, -0.8996648144921751689, 0.04991987179487193671 ) ) ;
#1855 = CARTESIAN_POINT ( 'NONE',  ( -0.07422041265664044984, -0.9474666294031951486, -0.3107067227807539522 ) ) ;
#1856 = CARTESIAN_POINT ( 'NONE',  ( 0.02112417123979504208, 0.9526527532088198136, 0.2692357208890874265 ) ) ;
#1857 = ORIENTED_EDGE ( 'NONE', *, *, #1307, .T. ) ;
#1858 = CARTESIAN_POINT ( 'NONE',  ( -0.2107089365508119094, -0.9263378131398523063, -0.5734282567918397300 ) ) ;
#1859 = EDGE_CURVE ( 'NONE', #2811, #138, #1825, .T. ) ;
#1860 = DIRECTION ( 'NONE',  ( 1.000000000000000000, 0.000000000000000000, 0.000000000000000000 ) ) ;
#1861 = DIRECTION ( 'NONE',  ( 0.000000000000000000, 0.000000000000000000, 1.000000000000000000 ) ) ;
#1862 = ADVANCED_FACE ( 'NONE', ( #2073 ), #2061, .T. ) ;
#1863 = CARTESIAN_POINT ( 'NONE',  ( -0.1160564534504300582, 0.9428843511338854677, 0.06591397994497522062 ) ) ;
#1864 = B_SPLINE_CURVE_WITH_KNOTS ( 'NONE', 3,
 ( #848, #1362, #1833, #1569, #2296, #1772, #1075, #834 ),
 .UNSPECIFIED., .F., .F.,
 ( 4, 2, 2, 4 ),
 ( 0.000000000000000000, 4.040631604920439139E-05, 8.081263209840878277E-05, 0.0001616252641968175655 ),
 .UNSPECIFIED. ) ;
#1865 = DIRECTION ( 'NONE',  ( 0.000000000000000000, 0.000000000000000000, -1.000000000000000000 ) ) ;
#1866 = B_SPLINE_CURVE_WITH_KNOTS ( 'NONE', 3,
 ( #1410, #2606, #2655, #1899, #769, #489, #283, #71, #501, #1446 ),
 .UNSPECIFIED., .F., .F.,
 ( 4, 3, 3, 4 ),
 ( 0.000000000000000000, 1.312167183452749928E-05, 2.629780373716480754E-05, 5.243097066154539450E-05 ),
 .UNSPECIFIED. ) ;
#1867 = CARTESIAN_POINT ( 'NONE',  ( -0.1036415963104232729, -0.9446587913055584096, 0.4862343303415766482 ) ) ;
#1868 = UNCERTAINTY_MEASURE_WITH_UNIT (LENGTH_MEASURE( 1.000000000000000082E-05 ), #954, 'distance_accuracy_value', 'NONE');
#1869 = CARTESIAN_POINT ( 'NONE',  ( -0.05298359637202451622, 0.9514127586502081346, 0.2537809511047253164 ) ) ;
#1870 = ORIENTED_EDGE ( 'NONE', *, *, #2178, .F. ) ;
#1871 = B_SPLINE_CURVE_WITH_KNOTS ( 'NONE', 3,
 ( #243, #18, #1503, #538 ),
 .UNSPECIFIED., .F., .F.,
 ( 4, 4 ),
 ( 0.000000000000000000, 0.0001269240879305614253 ),
 .UNSPECIFIED. ) ;
#1872 =( LENGTH_UNIT ( ) NAMED_UNIT ( * ) SI_UNIT ( .MILLI., .METRE. ) );
#1873 = CARTESIAN_POINT ( 'NONE',  ( -0.3051282051282049879, 0.8996648144921751689, 0.3591346153846155520 ) ) ;
#1874 = FILL_AREA_STYLE ('',( #440 ) ) ;
#1875 = VECTOR ( 'NONE', #2785, 1000.000000000000000 ) ;
#1876 = CARTESIAN_POINT ( 'NONE',  ( -0.2089040030302174167, -0.9267465227978629594, 0.3054023195125559198 ) ) ;
#1877 = CARTESIAN_POINT ( 'NONE',  ( 0.000000000000000000, -1.000000000000000666, -6.620000000000000107 ) ) ;
#1878 = DIRECTION ( 'NONE',  ( -0.000000000000000000, -0.000000000000000000, -1.000000000000000000 ) ) ;
#1879 = VECTOR ( 'NONE', #342, 1000.000000000000000 ) ;
#1880 = CARTESIAN_POINT ( 'NONE',  ( -0.1153846153846152522, -0.9429668024551788319, 0.05873397435897449725 ) ) ;
#1881 = EDGE_CURVE ( 'NONE', #1705, #664, #578, .T. ) ;
#1882 = AXIS2_PLACEMENT_3D ( 'NONE', #88, #2130, #955 ) ;
#1883 = DIRECTION ( 'NONE',  ( 0.000000000000000000, 0.000000000000000000, -1.000000000000000000 ) ) ;
#1884 = CARTESIAN_POINT ( 'NONE',  ( -0.2285327339470068775, -0.9221023747466190468, 0.3909490037782412108 ) ) ;
#1885 = CARTESIAN_POINT ( 'NONE',  ( -0.1001602564102564014, -0.9447052043022901024, -0.8179487179487175963 ) ) ;
#1886 = APPLICATION_PROTOCOL_DEFINITION ( 'draft international standard', 'automotive_design', 1998, #2070 ) ;
#1887 = CARTESIAN_POINT ( 'NONE',  ( 0.09802630214339624892, 0.9449290153699868577, 0.07555172555179286153 ) ) ;
#1888 = AXIS2_PLACEMENT_3D ( 'NONE', #710, #31, #2848 ) ;
#1889 = CYLINDRICAL_SURFACE ( 'NONE', #507, 0.2999999999999999334 ) ;
#1890 = EDGE_LOOP ( 'NONE', ( #716, #3030, #1310, #565, #2986, #239 ) ) ;
#1891 = AXIS2_PLACEMENT_3D ( 'NONE', #470, #1404, #1357 ) ;
#1892 = ORIENTED_EDGE ( 'NONE', *, *, #2093, .F. ) ;
#1893 = CARTESIAN_POINT ( 'NONE',  ( -0.2715270316257961669, -0.9104007620221646890, 0.4513762570782562378 ) ) ;
#1894 = CARTESIAN_POINT ( 'NONE',  ( -0.2210532630281321909, 0.9239658107873700565, -0.4374726366645879660 ) ) ;
#1895 = CARTESIAN_POINT ( 'NONE',  ( -0.1855769230769229450, 0.9316980227634391598, 0.2282051282051283658 ) ) ;
#1896 = CARTESIAN_POINT ( 'NONE',  ( -0.008009648092053385168, 0.9500486027547363488, -0.8348341849146222460 ) ) ;
#1897 = CARTESIAN_POINT ( 'NONE',  ( -0.001222800634226041058, -0.9499992130306211813, 0.08925239256779553265 ) ) ;
#1898 = SURFACE_SIDE_STYLE ('',( #250 ) ) ;
#1899 = CARTESIAN_POINT ( 'NONE',  ( -0.04718386398634278472, 0.9488275306815876498, 0.3421354540252620757 ) ) ;
#1900 = CARTESIAN_POINT ( 'NONE',  ( -0.1004424037486964794, 0.9449042292405354093, 0.03060102275738866770 ) ) ;
#1901 = EDGE_CURVE ( 'NONE', #93, #827, #390, .T. ) ;
#1902 = EDGE_LOOP ( 'NONE', ( #668, #735, #1512, #2039, #319, #2738, #1732 ) ) ;
#1903 = CARTESIAN_POINT ( 'NONE',  ( -0.1126476104796428068, -0.9433034155860137160, 0.3310249711982402032 ) ) ;
#1904 = EDGE_LOOP ( 'NONE', ( #438, #1123, #6, #1639 ) ) ;
#1905 = B_SPLINE_CURVE_WITH_KNOTS ( 'NONE', 3,
 ( #2621, #447, #1867, #225, #1173, #1667 ),
 .UNSPECIFIED., .F., .F.,
 ( 4, 2, 4 ),
 ( 5.421010862427521568E-20, 9.600879104203113358E-05, 0.0001920175820840622129 ),
 .UNSPECIFIED. ) ;
#1906 = FACE_OUTER_BOUND ( 'NONE', #281, .T. ) ;
#1907 = VERTEX_POINT ( 'NONE', #1532 ) ;
#1908 = ORIENTED_EDGE ( 'NONE', *, *, #991, .T. ) ;
#1909 = CARTESIAN_POINT ( 'NONE',  ( 0.000000000000000000, 0.000000000000000000, 1.749999999999999778 ) ) ;
#1910 = CARTESIAN_POINT ( 'NONE',  ( -0.1800778856793910920, -0.9327820032075997414, -0.02823034329343943744 ) ) ;
#1911 = CARTESIAN_POINT ( 'NONE',  ( -0.2224573370981911269, -0.9236239668820012128, -0.7676458420742362510 ) ) ;
#1912 = CARTESIAN_POINT ( 'NONE',  ( -0.05897435897435880647, 0.9481677198595001022, 0.03541666666666680452 ) ) ;
#1913 = CARTESIAN_POINT ( 'NONE',  ( -0.1238008051072315013, -0.9418988059525295053, 0.3169046444811217667 ) ) ;
#1914 = ORIENTED_EDGE ( 'NONE', *, *, #2246, .F. ) ;
#1915 = EDGE_CURVE ( 'NONE', #1683, #298, #435, .T. ) ;
#1916 = CARTESIAN_POINT ( 'NONE',  ( -0.1603103275356210777, -0.9363763126465253217, 0.4175955365984240220 ) ) ;
#1917 = EDGE_LOOP ( 'NONE', ( #1942, #2958, #1247, #1057, #2431, #86, #2942, #1221, #2540, #1611, #1297, #1681, #2209, #2857, #428, #188 ) ) ;
#1918 = CARTESIAN_POINT ( 'NONE',  ( -0.2804567040104704589, 0.9076585465774272832, 0.2786410592644256723 ) ) ;
#1919 = CARTESIAN_POINT ( 'NONE',  ( -0.1855769230769229450, -0.9316980227634383827, 0.2282051282051283658 ) ) ;
#1920 = VERTEX_POINT ( 'NONE', #1301 ) ;
#1921 = CARTESIAN_POINT ( 'NONE',  ( 0.08942307692307699396, -0.9457819586530552547, -0.5848557692307693179 ) ) ;
#1922 = MECHANICAL_DESIGN_GEOMETRIC_PRESENTATION_REPRESENTATION (  '', ( #1084 ), #2368 ) ;
#1923 = CARTESIAN_POINT ( 'NONE',  ( -0.1769230769230767664, -0.9333800002421688280, 0.2948717948717950454 ) ) ;
#1924 = CYLINDRICAL_SURFACE ( 'NONE', #2315, 0.9499999999999999556 ) ;
#1925 = CARTESIAN_POINT ( 'NONE',  ( 0.03652128055352400066, 0.9493091571693268449, -0.5275080286720806866 ) ) ;
#1926 = TOROIDAL_SURFACE ( 'NONE', #2868, 0.7500000000000000000, 0.2000000000000000111 ) ;
#1927 = AXIS2_PLACEMENT_3D ( 'NONE', #847, #1520, #2674 ) ;
#1928 = CARTESIAN_POINT ( 'NONE',  ( 0.000000000000000000, -3.550000000000000711, 7.619999999999999218 ) ) ;
#1929 =( NAMED_UNIT ( * ) SI_UNIT ( $, .STERADIAN. ) SOLID_ANGLE_UNIT ( ) );
#1930 = VERTEX_POINT ( 'NONE', #886 ) ;
#1931 = AXIS2_PLACEMENT_3D ( 'NONE', #1212, #1445, #2948 ) ;
#1932 = CARTESIAN_POINT ( 'NONE',  ( -0.1972811383960085818, 0.9293244830663140998, -0.8356208352875809098 ) ) ;
#1933 = ORIENTED_EDGE ( 'NONE', *, *, #1637, .T. ) ;
#1934 = EDGE_CURVE ( 'NONE', #1653, #676, #1119, .T. ) ;
#1935 = VERTEX_POINT ( 'NONE', #2014 ) ;
#1936 = STYLED_ITEM ( 'NONE', ( #2047 ), #1955 ) ;
#1937 = CARTESIAN_POINT ( 'NONE',  ( -0.1769230769230767664, 0.9333800002421688280, 0.2948717948717950454 ) ) ;
#1938 = CARTESIAN_POINT ( 'NONE',  ( -0.1024038461538461092, -0.9444646379261106839, -0.6897435897435899577 ) ) ;
#1939 = CARTESIAN_POINT ( 'NONE',  ( -0.03886372920146492771, -0.9492049437940602852, 0.3712121611850693337 ) ) ;
#1940 = SURFACE_SIDE_STYLE ('',( #1210 ) ) ;
#1941 = CIRCLE ( 'NONE', #270, 0.9499999999999999556 ) ;
#1942 = ORIENTED_EDGE ( 'NONE', *, *, #1543, .F. ) ;
#1943 = B_SPLINE_CURVE_WITH_KNOTS ( 'NONE', 3,
 ( #1648, #3036, #1397, #1378, #2319, #1064, #2494, #2339, #2728, #459, #158, #2806, #1863, #675, #2102, #2819 ),
 .UNSPECIFIED., .F., .F.,
 ( 4, 3, 3, 3, 3, 4 ),
 ( 0.000000000000000000, 2.943106475974791136E-05, 4.673613040563709555E-05, 6.416644811507900151E-05, 7.711007676054987357E-05, 8.414636847161363056E-05 ),
 .UNSPECIFIED. ) ;
#1944 = ORIENTED_EDGE ( 'NONE', *, *, #29, .T. ) ;
#1945 = FACE_BOUND ( 'NONE', #2916, .T. ) ;
#1946 = CARTESIAN_POINT ( 'NONE',  ( -0.2376385581872993980, -0.9197977580221984306, -0.7772740003382803131 ) ) ;
#1947 = CARTESIAN_POINT ( 'NONE',  ( -0.3051282051282049879, -0.8996648144921751689, 0.04991987179487193671 ) ) ;
#1948 = VERTEX_POINT ( 'NONE', #1073 ) ;
#1949 = CARTESIAN_POINT ( 'NONE',  ( -0.03964978580503161071, 0.9491722153991137834, 0.08110409167866286517 ) ) ;
#1950 = ORIENTED_EDGE ( 'NONE', *, *, #1481, .F. ) ;
#1951 = CARTESIAN_POINT ( 'NONE',  ( 0.000000000000000000, 0.000000000000000000, 1.949999999999999956 ) ) ;
#1952 = CARTESIAN_POINT ( 'NONE',  ( 0.03317067007831892705, 0.9494208171226415915, -0.9361660695313890335 ) ) ;
#1953 = CARTESIAN_POINT ( 'NONE',  ( -0.1118473067993798892, 0.9433967261296104523, 0.3328811416898828646 ) ) ;
#1954 = VERTEX_POINT ( 'NONE', #2030 ) ;
#1955 = ADVANCED_FACE ( 'NONE', ( #2975 ), #1091, .T. ) ;
#1956 = CARTESIAN_POINT ( 'NONE',  ( -0.1463663484795025560, -0.9386717439644483019, 0.1006715394250216472 ) ) ;
#1957 = EDGE_LOOP ( 'NONE', ( #732, #2072, #1296, #2196 ) ) ;
#1958 = ADVANCED_FACE ( 'NONE', ( #2771 ), #719, .T. ) ;
#1959 = CARTESIAN_POINT ( 'NONE',  ( -0.01394504445260968603, 0.9498976448729834487, 0.008257099254543967884 ) ) ;
#1960 = CARTESIAN_POINT ( 'NONE',  ( -0.2355988318505196077, 0.9203223296377165408, 0.06884412821664565030 ) ) ;
#1961 = ORIENTED_EDGE ( 'NONE', *, *, #515, .F. ) ;
#1962 = CARTESIAN_POINT ( 'NONE',  ( -0.1111881285689805821, -0.9434997385038157436, -0.7411704385945576679 ) ) ;
#1963 = CARTESIAN_POINT ( 'NONE',  ( -0.02545600811425645718, 0.9496588817311649722, -0.6805607340148487339 ) ) ;
#1964 = VERTEX_POINT ( 'NONE', #247 ) ;
#1965 = FACE_OUTER_BOUND ( 'NONE', #2033, .T. ) ;
#1966 = CARTESIAN_POINT ( 'NONE',  ( -0.2333333333333333648, -0.9208993189027536719, -3.403937756669170867 ) ) ;
#1967 = CARTESIAN_POINT ( 'NONE',  ( -0.1084434285756111088, 0.9438269994991472789, -0.8180236871233338425 ) ) ;
#1968 = ORIENTED_EDGE ( 'NONE', *, *, #143, .T. ) ;
#1969 = VERTEX_POINT ( 'NONE', #2844 ) ;
#1970 = B_SPLINE_CURVE_WITH_KNOTS ( 'NONE', 3,
 ( #1854, #1751, #131, #1527, #2262, #855, #172, #397, #2714, #1322, #3001, #1551, #2326, #2969, #161, #1094 ),
 .UNSPECIFIED., .F., .F.,
 ( 4, 3, 3, 3, 3, 4 ),
 ( 0.000000000000000000, 4.731831083155423122E-05, 9.509002882953410975E-05, 0.0001373828512334361357, 0.0001848026752902695818, 0.0002048272721499100389 ),
 .UNSPECIFIED. ) ;
#1971 = ORIENTED_EDGE ( 'NONE', *, *, #841, .T. ) ;
#1972 = FILL_AREA_STYLE ('',( #2214 ) ) ;
#1973 = SURFACE_STYLE_USAGE ( .BOTH. , #326 ) ;
#1974 = DIRECTION ( 'NONE',  ( 0.000000000000000000, -0.000000000000000000, 1.000000000000000000 ) ) ;
#1975 = ORIENTED_EDGE ( 'NONE', *, *, #1235, .F. ) ;
#1976 = UNCERTAINTY_MEASURE_WITH_UNIT (LENGTH_MEASURE( 1.000000000000000082E-05 ), #1779, 'distance_accuracy_value', 'NONE');
#1977 = CARTESIAN_POINT ( 'NONE',  ( -0.1372452030843610005, 0.9400339112191079538, 0.4125205817157630017 ) ) ;
#1978 = CARTESIAN_POINT ( 'NONE',  ( 0.000000000000000000, 0.000000000000000000, -1.074358974358973873 ) ) ;
#1979 = CARTESIAN_POINT ( 'NONE',  ( 0.06333334188449371571, 0.9479175453957733311, -0.04027595801752768823 ) ) ;
#1980 = EDGE_CURVE ( 'NONE', #1803, #2121, #1538, .T. ) ;
#1981 = ORIENTED_EDGE ( 'NONE', *, *, #2276, .T. ) ;
#1982 = CARTESIAN_POINT ( 'NONE',  ( 0.000000000000000000, -1.000000000000000666, -6.620000000000000107 ) ) ;
#1983 = FILL_AREA_STYLE_COLOUR ( '', #990 ) ;
#1984 = VECTOR ( 'NONE', #931, 1000.000000000000000 ) ;
#1985 = ORIENTED_EDGE ( 'NONE', *, *, #321, .F. ) ;
#1986 = AXIS2_PLACEMENT_3D ( 'NONE', #1584, #2101, #2787 ) ;
#1987 = CARTESIAN_POINT ( 'NONE',  ( -0.2354692008859030905, -0.9203555049184223291, 0.03422129610391082960 ) ) ;
#1988 = CARTESIAN_POINT ( 'NONE',  ( 0.03321345861501839858, 0.9494192332971193027, 0.05430830567229639333 ) ) ;
#1989 = CARTESIAN_POINT ( 'NONE',  ( -0.1091812664511449260, 0.9437051716805781032, 0.3398009907941791918 ) ) ;
#1990 = VERTEX_POINT ( 'NONE', #220 ) ;
#1991 = AXIS2_PLACEMENT_3D ( 'NONE', #1784, #568, #1299 ) ;
#1992 = ORIENTED_EDGE ( 'NONE', *, *, #1748, .T. ) ;
#1993 = DIRECTION ( 'NONE',  ( 1.000000000000000000, 0.000000000000000000, 0.000000000000000000 ) ) ;
#1994 = CIRCLE ( 'NONE', #1177, 0.9499999999999999556 ) ;
#1995 = CARTESIAN_POINT ( 'NONE',  ( -0.2370006348719733424, 0.9199651768316995382, 0.03768415464463415604 ) ) ;
#1996 = CARTESIAN_POINT ( 'NONE',  ( -0.04252772373077165491, -0.9490476240496462657, 0.3540730497823335043 ) ) ;
#1997 = SURFACE_SIDE_STYLE ('',( #597 ) ) ;
#1998 = EDGE_LOOP ( 'NONE', ( #2182, #589 ) ) ;
#1999 = CARTESIAN_POINT ( 'NONE',  ( -0.3000000000000000444, -0.9013878188659973922, -3.403937756669170867 ) ) ;
#2000 = CARTESIAN_POINT ( 'NONE',  ( -0.7500000000000000000, 9.184850993605149670E-17, -1.749999999999999778 ) ) ;
#2001 = CARTESIAN_POINT ( 'NONE',  ( -0.1993192473873826032, 0.9288777598724250462, -0.07781123972551109991 ) ) ;
#2002 = CARTESIAN_POINT ( 'NONE',  ( 0.04379589226254710504, 0.9489899471654240637, -0.05270360208189484724 ) ) ;
#2003 = PRESENTATION_LAYER_ASSIGNMENT (  '', '', ( #2746 ) ) ;
#2004 = EDGE_CURVE ( 'NONE', #173, #1112, #899, .T. ) ;
#2005 = CARTESIAN_POINT ( 'NONE',  ( -0.1024038461538461092, 0.9444646379261106839, -0.6897435897435899577 ) ) ;
#2006 = EDGE_CURVE ( 'NONE', #238, #1191, #1304, .T. ) ;
#2007 = CARTESIAN_POINT ( 'NONE',  ( 0.03253172488910883314, 0.9494428537051823325, -0.9187578193928990222 ) ) ;
#2008 = ORIENTED_EDGE ( 'NONE', *, *, #2931, .F. ) ;
#2009 = CARTESIAN_POINT ( 'NONE',  ( -0.1001602564102564014, 0.9447052043022901024, -0.8179487179487175963 ) ) ;
#2010 = CARTESIAN_POINT ( 'NONE',  ( 0.000000000000000000, 0.000000000000000000, -3.403937756669170867 ) ) ;
#2011 =( NAMED_UNIT ( * ) PLANE_ANGLE_UNIT ( ) SI_UNIT ( $, .RADIAN. ) );
#2012 = ORIENTED_EDGE ( 'NONE', *, *, #536, .F. ) ;
#2013 = SURFACE_SIDE_STYLE ('',( #139 ) ) ;
#2014 = CARTESIAN_POINT ( 'NONE',  ( -0.2384615384615383360, -0.9195847403445516210, 0.3559294871794874138 ) ) ;
#2015 = DIRECTION ( 'NONE',  ( 0.000000000000000000, 0.000000000000000000, 1.000000000000000000 ) ) ;
#2016 = LINE ( 'NONE', #603, #2096 ) ;
#2017 =( NAMED_UNIT ( * ) PLANE_ANGLE_UNIT ( ) SI_UNIT ( $, .RADIAN. ) );
#2018 = DIRECTION ( 'NONE',  ( 0.000000000000000000, 0.000000000000000000, 1.000000000000000000 ) ) ;
#2019 = CARTESIAN_POINT ( 'NONE',  ( -0.1217369835202286726, -0.9421707501376443972, 0.08147878248912061860 ) ) ;
#2020 = EDGE_CURVE ( 'NONE', #871, #2666, #2533, .T. ) ;
#2021 = CARTESIAN_POINT ( 'NONE',  ( -0.1171043020468068574, -0.9427547838341255870, 0.04330269940325653932 ) ) ;
#2022 = LINE ( 'NONE', #1966, #2876 ) ;
#2023 = VERTEX_POINT ( 'NONE', #2247 ) ;
#2024 = EDGE_CURVE ( 'NONE', #2842, #2623, #2284, .T. ) ;
#2025 = SURFACE_SIDE_STYLE ('',( #1552 ) ) ;
#2026 = CARTESIAN_POINT ( 'NONE',  ( -0.2384615384615383082, 0.9195847403445516210, 0.05152243589743604052 ) ) ;
#2027 = CARTESIAN_POINT ( 'NONE',  ( -0.1530415117468260089, -0.9379359911571160113, -0.8193464324316223069 ) ) ;
#2028 = DIRECTION ( 'NONE',  ( 0.000000000000000000, 0.000000000000000000, -1.000000000000000000 ) ) ;
#2029 = DIRECTION ( 'NONE',  ( 0.000000000000000000, 0.000000000000000000, 1.000000000000000000 ) ) ;
#2030 = CARTESIAN_POINT ( 'NONE',  ( 0.03846153846153854000, -0.9492211070447030830, -0.4995993589743591423 ) ) ;
#2031 = CARTESIAN_POINT ( 'NONE',  ( -0.2350459370111112611, 0.9204636915675104003, 0.3776620168064451777 ) ) ;
#2032 = CARTESIAN_POINT ( 'NONE',  ( -0.05344551282051267227, -0.9484954281172642832, 0.3306089743589745167 ) ) ;
#2033 = EDGE_LOOP ( 'NONE', ( #1548, #1908, #54, #825 ) ) ;
#2034 = CARTESIAN_POINT ( 'NONE',  ( 0.03311947324488007799, -0.9494225089452299482, 0.04796939765771730119 ) ) ;
#2035 = CARTESIAN_POINT ( 'NONE',  ( -0.01794871794871778087, 0.9498304288261129047, 0.007692307692307823706 ) ) ;
#2036 = CARTESIAN_POINT ( 'NONE',  ( -0.1195613159265121739, 0.9424475671673322452, 0.03315449722016010348 ) ) ;
#2037 = CYLINDRICAL_SURFACE ( 'NONE', #127, 0.9499999999999999556 ) ;
#2038 = CARTESIAN_POINT ( 'NONE',  ( -0.07086357613331610572, -0.9474159865221066790, 0.1344190852233834998 ) ) ;
#2039 = ORIENTED_EDGE ( 'NONE', *, *, #2886, .F. ) ;
#2040 = AXIS2_PLACEMENT_3D ( 'NONE', #804, #2722, #2439 ) ;
#2041 = CARTESIAN_POINT ( 'NONE',  ( -0.2332654236375287515, -0.9209165255564696340, -0.9255717095488501522 ) ) ;
#2042 = EDGE_CURVE ( 'NONE', #1670, #104, #583, .T. ) ;
#2043 = AXIS2_PLACEMENT_3D ( 'NONE', #3012, #882, #2496 ) ;
#2044 = FACE_OUTER_BOUND ( 'NONE', #1489, .T. ) ;
#2045 = CIRCLE ( 'NONE', #704, 0.2999999999999999889 ) ;
#2046 = CARTESIAN_POINT ( 'NONE',  ( -0.05075353290422289498, -0.9486432832723484809, -0.6859484725829788632 ) ) ;
#2047 = PRESENTATION_STYLE_ASSIGNMENT (( #403 ) ) ;
#2048 = DIRECTION ( 'NONE',  ( 0.000000000000000000, -1.392979236598078510E-16, 1.000000000000000000 ) ) ;
#2049 = CARTESIAN_POINT ( 'NONE',  ( -0.06817649019180581360, 0.9476012344558756295, 0.1372721630291156847 ) ) ;
#2050 =( GEOMETRIC_REPRESENTATION_CONTEXT ( 3 ) GLOBAL_UNCERTAINTY_ASSIGNED_CONTEXT ( ( #1721 ) ) GLOBAL_UNIT_ASSIGNED_CONTEXT ( ( #2117, #1773, #2244 ) ) REPRESENTATION_CONTEXT ( 'NONE', 'WORKASPACE' ) );
#2051 = CARTESIAN_POINT ( 'NONE',  ( 0.01641038434069588825, -0.9498657700355888078, 0.01901963532566008572 ) ) ;
#2052 = CARTESIAN_POINT ( 'NONE',  ( -0.1181455581637501778, 0.9426254261382109867, 0.03814740340415567754 ) ) ;
#2053 = SURFACE_SIDE_STYLE ('',( #2511 ) ) ;
#2054 = CARTESIAN_POINT ( 'NONE',  ( -0.08661858974358957464, -0.9460429270973024218, 0.1091346153846155104 ) ) ;
#2055 = ORIENTED_EDGE ( 'NONE', *, *, #259, .T. ) ;
#2056 = CARTESIAN_POINT ( 'NONE',  ( -0.2303883794845822119, -0.9216409588823604171, -0.8871253888673994448 ) ) ;
#2057 = CARTESIAN_POINT ( 'NONE',  ( 0.03333333333333351328, 0.9494150245750743178, 0.05160256410256423149 ) ) ;
#2058 = ORIENTED_EDGE ( 'NONE', *, *, #619, .T. ) ;
#2059 = ADVANCED_FACE ( 'NONE', ( #1965 ), #776, .T. ) ;
#2060 =( NAMED_UNIT ( * ) PLANE_ANGLE_UNIT ( ) SI_UNIT ( $, .RADIAN. ) );
#2061 = CYLINDRICAL_SURFACE ( 'NONE', #2939, 0.9499999999999999556 ) ;
#2062 = CARTESIAN_POINT ( 'NONE',  ( 3.673940397442058882E-17, -1.000000000000000444, 7.919999999999999929 ) ) ;
#2063 = CARTESIAN_POINT ( 'NONE',  ( 0.09401546713910395592, -0.9453379112607562806, -0.8580805801829679558 ) ) ;
#2064 = CARTESIAN_POINT ( 'NONE',  ( 0.03846153846153854000, -0.9492211070447030830, -0.4995993589743591423 ) ) ;
#2065 = CARTESIAN_POINT ( 'NONE',  ( -0.09863782051282046770, 0.9448653768471362291, -0.3871794871794873028 ) ) ;
#2066 = ORIENTED_EDGE ( 'NONE', *, *, #2145, .F. ) ;
#2067 = B_SPLINE_CURVE_WITH_KNOTS ( 'NONE', 3,
 ( #3032, #1374, #923, #2501, #616, #2317, #2046, #2293, #862, #1804 ),
 .UNSPECIFIED., .F., .F.,
 ( 4, 3, 3, 4 ),
 ( 0.000000000000000000, 2.604408540870023348E-05, 5.208565394405460130E-05, 0.0001041763842152933157 ),
 .UNSPECIFIED. ) ;
#2068 = CYLINDRICAL_SURFACE ( 'NONE', #939, 0.2999999999999999334 ) ;
#2069 = CARTESIAN_POINT ( 'NONE',  ( -0.1838873555596594322, -0.9320329610401605347, -0.5946186045153991628 ) ) ;
#2070 = APPLICATION_CONTEXT ( 'automotive_design' ) ;
#2071 = DIRECTION ( 'NONE',  ( 1.000000000000000000, 0.000000000000000000, 0.000000000000000000 ) ) ;
#2072 = ORIENTED_EDGE ( 'NONE', *, *, #1121, .T. ) ;
#2073 = FACE_OUTER_BOUND ( 'NONE', #1189, .T. ) ;
#2074 = SURFACE_STYLE_USAGE ( .BOTH. , #107 ) ;
#2075 = CARTESIAN_POINT ( 'NONE',  ( -0.1256410256410255277, -0.9416551028247397426, -0.1051282051282051294 ) ) ;
#2076 = ORIENTED_EDGE ( 'NONE', *, *, #2613, .T. ) ;
#2077 = EDGE_CURVE ( 'NONE', #636, #1323, #1016, .T. ) ;
#2078 = AXIS2_PLACEMENT_3D ( 'NONE', #1186, #2143, #1883 ) ;
#2079 = CARTESIAN_POINT ( 'NONE',  ( 0.1011585165825075183, -0.9446488646460915461, -0.4471896416323770107 ) ) ;
#2080 = FILL_AREA_STYLE ('',( #1124 ) ) ;
#2081 = CARTESIAN_POINT ( 'NONE',  ( -0.09975961538461532163, -0.9447475954657486019, -0.6128205128205129748 ) ) ;
#2082 = ORIENTED_EDGE ( 'NONE', *, *, #2906, .F. ) ;
#2083 = DIRECTION ( 'NONE',  ( 1.000000000000000000, 0.000000000000000000, 0.000000000000000000 ) ) ;
#2084 = PRESENTATION_LAYER_ASSIGNMENT (  '', '', ( #2525 ) ) ;
#2085 = CARTESIAN_POINT ( 'NONE',  ( -0.2279789940054972597, 0.9222502407636756772, -0.4490169302720220523 ) ) ;
#2086 = PRESENTATION_STYLE_ASSIGNMENT (( #2074 ) ) ;
#2087 = CARTESIAN_POINT ( 'NONE',  ( -0.05906069130445380094, -0.9481623501409160992, 0.04044939684889280185 ) ) ;
#2088 = COLOUR_RGB ( '',0.1019607843137254888, 0.1019607843137254888, 0.1019607843137254888 ) ;
#2089 = ORIENTED_EDGE ( 'NONE', *, *, #2145, .T. ) ;
#2090 = CARTESIAN_POINT ( 'NONE',  ( -0.3051282051282049879, 0.8996648144921751689, 0.3591346153846155520 ) ) ;
#2091 = SURFACE_STYLE_FILL_AREA ( #867 ) ;
#2092 = CIRCLE ( 'NONE', #2378, 0.2999999999999999889 ) ;
#2093 = EDGE_CURVE ( 'NONE', #1265, #524, #2719, .T. ) ;
#2094 = CARTESIAN_POINT ( 'NONE',  ( -0.2137073671354982884, -0.9256506691145077736, 0.4876592857872983355 ) ) ;
#2095 = CARTESIAN_POINT ( 'NONE',  ( 0.01794871794871810700, 0.9498304288261131267, 0.3463141025641027215 ) ) ;
#2096 = VECTOR ( 'NONE', #2491, 1000.000000000000000 ) ;
#2097 = CARTESIAN_POINT ( 'NONE',  ( -0.2333333333333333648, -0.9208993189027536719, -0.9341346153846150635 ) ) ;
#2098 =( NAMED_UNIT ( * ) SI_UNIT ( $, .STERADIAN. ) SOLID_ANGLE_UNIT ( ) );
#2099 = CARTESIAN_POINT ( 'NONE',  ( -0.09822275283448497762, -0.9449086150665839678, 0.1386527219811307388 ) ) ;
#2100 =( NAMED_UNIT ( * ) SI_UNIT ( $, .STERADIAN. ) SOLID_ANGLE_UNIT ( ) );
#2101 = DIRECTION ( 'NONE',  ( -0.000000000000000000, -0.000000000000000000, -1.000000000000000000 ) ) ;
#2102 = CARTESIAN_POINT ( 'NONE',  ( -0.1155448191883656633, 0.9429471993745288660, 0.06113249702851040329 ) ) ;
#2103 = DIRECTION ( 'NONE',  ( -1.000000000000000000, 0.000000000000000000, 0.000000000000000000 ) ) ;
#2104 = CARTESIAN_POINT ( 'NONE',  ( 0.03186774175443320145, 0.9494653479908323757, -0.5405141948842120403 ) ) ;
#2105 = PRODUCT_CONTEXT ( 'NONE', #969, 'mechanical' ) ;
#2106 = CARTESIAN_POINT ( 'NONE',  ( -0.1051282051282049629, -0.9441652718070718819, 0.3616185897435899022 ) ) ;
#2107 = ORIENTED_EDGE ( 'NONE', *, *, #192, .F. ) ;
#2108 = EDGE_CURVE ( 'NONE', #883, #2358, #1154, .T. ) ;
#2109 = DIRECTION ( 'NONE',  ( -0.000000000000000000, -0.000000000000000000, -1.000000000000000000 ) ) ;
#2110 = CARTESIAN_POINT ( 'NONE',  ( -0.03846153846153831796, -0.9492211070447030830, 0.3799679487179488668 ) ) ;
#2111 = CARTESIAN_POINT ( 'NONE',  ( 0.000000000000000000, -0.2999999999999999889, -1.949999999999999956 ) ) ;
#2112 = FILL_AREA_STYLE_COLOUR ( '', #2417 ) ;
#2113 = CARTESIAN_POINT ( 'NONE',  ( -0.2384615384615383082, 0.9195847403445516210, 0.05152243589743604052 ) ) ;
#2114 = CARTESIAN_POINT ( 'NONE',  ( 0.7500000000000000000, 9.184850993605149670E-17, 1.749999999999999778 ) ) ;
#2115 = EDGE_LOOP ( 'NONE', ( #191, #2239, #212, #2432 ) ) ;
#2116 = UNCERTAINTY_MEASURE_WITH_UNIT (LENGTH_MEASURE( 1.000000000000000082E-05 ), #1516, 'distance_accuracy_value', 'NONE');
#2117 =( LENGTH_UNIT ( ) NAMED_UNIT ( * ) SI_UNIT ( .MILLI., .METRE. ) );
#2118 = CARTESIAN_POINT ( 'NONE',  ( 0.09143836335494459622, 0.9456136173995997041, 0.1019379010927874418 ) ) ;
#2119 =( BOUNDED_CURVE ( )  B_SPLINE_CURVE ( 3, ( #2965, #1585, #889, #2723 ),
 .UNSPECIFIED., .F., .T. ) 
 B_SPLINE_CURVE_WITH_KNOTS ( ( 4, 4 ),
 ( 4.568846621199561753, 4.578895682175502024 ),
 .UNSPECIFIED. ) 
 CURVE ( )  GEOMETRIC_REPRESENTATION_ITEM ( )  RATIONAL_B_SPLINE_CURVE ( ( 1.000000000000000000, 0.9999915847154960957, 0.9999915847154960957, 1.000000000000000000 ) ) 
 REPRESENTATION_ITEM ( '' )  );
#2120 = FILL_AREA_STYLE_COLOUR ( '', #907 ) ;
#2121 = VERTEX_POINT ( 'NONE', #2521 ) ;
#2122 = EDGE_CURVE ( 'NONE', #1554, #875, #1454, .T. ) ;
#2123 = CARTESIAN_POINT ( 'NONE',  ( -0.1843865277977991823, -0.9319418870994488069, 0.2960930861521486879 ) ) ;
#2124 = CARTESIAN_POINT ( 'NONE',  ( 0.03313042686930163516, -0.9494221295346900735, -0.9361132116578394502 ) ) ;
#2125 = CARTESIAN_POINT ( 'NONE',  ( -0.2532348240569835540, 0.9156266290823842358, 0.2526568032200449121 ) ) ;
#2126 = CIRCLE ( 'NONE', #2776, 0.2999999999999999889 ) ;
#2127 =( NAMED_UNIT ( * ) SI_UNIT ( $, .STERADIAN. ) SOLID_ANGLE_UNIT ( ) );
#2128 = AXIS2_PLACEMENT_3D ( 'NONE', #2010, #582, #1238 ) ;
#2129 = ORIENTED_EDGE ( 'NONE', *, *, #2679, .T. ) ;
#2130 = DIRECTION ( 'NONE',  ( 0.000000000000000000, 0.000000000000000000, 1.000000000000000000 ) ) ;
#2131 =( NAMED_UNIT ( * ) SI_UNIT ( $, .STERADIAN. ) SOLID_ANGLE_UNIT ( ) );
#2132 = MECHANICAL_DESIGN_GEOMETRIC_PRESENTATION_REPRESENTATION (  '', ( #1281 ), #368 ) ;
#2133 = AXIS2_PLACEMENT_3D ( 'NONE', #1028, #768, #2673 ) ;
#2134 = AXIS2_PLACEMENT_3D ( 'NONE', #1132, #1549, #891 ) ;
#2135 =( NAMED_UNIT ( * ) SI_UNIT ( $, .STERADIAN. ) SOLID_ANGLE_UNIT ( ) );
#2136 = EDGE_LOOP ( 'NONE', ( #2198, #872, #1688, #878, #3024, #3008, #1273, #1781, #557, #1405, #1758, #2008, #1280, #20, #650, #2687 ) ) ;
#2137 = CIRCLE ( 'NONE', #2581, 0.2999999999999999889 ) ;
#2138 = CARTESIAN_POINT ( 'NONE',  ( -0.9499999999999999556, 0.000000000000000000, -3.403937756669170867 ) ) ;
#2139 =( NAMED_UNIT ( * ) SI_UNIT ( $, .STERADIAN. ) SOLID_ANGLE_UNIT ( ) );
#2140 = DIRECTION ( 'NONE',  ( -1.000000000000000000, 0.000000000000000000, 0.000000000000000000 ) ) ;
#2141 = CARTESIAN_POINT ( 'NONE',  ( -3.673940397442058882E-17, 0.2999999999999993228, -6.620000000000000995 ) ) ;
#2142 = EDGE_CURVE ( 'NONE', #2312, #244, #2413, .T. ) ;
#2143 = DIRECTION ( 'NONE',  ( 1.000000000000000000, 0.000000000000000000, 0.000000000000000000 ) ) ;
#2144 = CARTESIAN_POINT ( 'NONE',  ( -0.07973517513362735065, 0.9468764337303344769, 0.03300573317720314342 ) ) ;
#2145 = EDGE_CURVE ( 'NONE', #2193, #2913, #2635, .T. ) ;
#2146 = CARTESIAN_POINT ( 'NONE',  ( -0.05344551282051267227, 0.9484954281172642832, 0.3306089743589745167 ) ) ;
#2147 = ORIENTED_EDGE ( 'NONE', *, *, #1205, .T. ) ;
#2148 = CARTESIAN_POINT ( 'NONE',  ( -0.3043442482578652686, 0.8999323979894904291, 0.3789578045041059329 ) ) ;
#2149 = CARTESIAN_POINT ( 'NONE',  ( -0.1097209706218201936, -0.9436425746077156118, 0.3856862942869115907 ) ) ;
#2150 = B_SPLINE_CURVE_WITH_KNOTS ( 'NONE', 3,
 ( #564, #1022, #2161, #1220, #1250, #62, #988, #1932, #2446, #2883, #2212, #323, #761, #2181, #1967, #1697 ),
 .UNSPECIFIED., .F., .F.,
 ( 4, 3, 3, 3, 3, 4 ),
 ( 0.000000000000000000, 2.770183767764557614E-05, 4.907095045788266181E-05, 7.885465455969862592E-05, 0.0001343629042684052846, 0.0001591923565365582012 ),
 .UNSPECIFIED. ) ;
#2151 = SURFACE_SIDE_STYLE ('',( #1196 ) ) ;
#2152 = CARTESIAN_POINT ( 'NONE',  ( -0.1672310713082120759, -0.9355859844480443055, -0.3922684418588611721 ) ) ;
#2153 = CARTESIAN_POINT ( 'NONE',  ( -0.009294871794871612664, -0.9499545280476939801, 0.08974358974358988272 ) ) ;
#2154 =( BOUNDED_CURVE ( )  B_SPLINE_CURVE ( 3, ( #970, #1869, #1856, #228 ),
 .UNSPECIFIED., .F., .T. ) 
 B_SPLINE_CURVE_WITH_KNOTS ( ( 4, 4 ),
 ( 1.437303028585709130, 1.670828116246834361 ),
 .UNSPECIFIED. ) 
 CURVE ( )  GEOMETRIC_REPRESENTATION_ITEM ( )  RATIONAL_B_SPLINE_CURVE ( ( 1.000000000000000000, 0.9954606635539994253, 0.9954606635539994253, 1.000000000000000000 ) ) 
 REPRESENTATION_ITEM ( '' )  );
#2155 = ORIENTED_EDGE ( 'NONE', *, *, #1616, .T. ) ;
#2156 = CARTESIAN_POINT ( 'NONE',  ( 0.000000000000000000, 0.000000000000000000, -3.403937756669170867 ) ) ;
#2157 = DIRECTION ( 'NONE',  ( -1.224646799147353207E-16, 1.000000000000000000, 0.000000000000000000 ) ) ;
#2158 = EDGE_CURVE ( 'NONE', #575, #1954, #1345, .T. ) ;
#2159 =( NAMED_UNIT ( * ) PLANE_ANGLE_UNIT ( ) SI_UNIT ( $, .RADIAN. ) );
#2160 = VERTEX_POINT ( 'NONE', #2551 ) ;
#2161 = CARTESIAN_POINT ( 'NONE',  ( -0.2239393377248698191, 0.9232420192749719590, -0.8651582762600997789 ) ) ;
#2162 = ORIENTED_EDGE ( 'NONE', *, *, #1704, .F. ) ;
#2163 = B_SPLINE_CURVE_WITH_KNOTS ( 'NONE', 3,
 ( #1718, #1472, #2414, #1222, #1237, #1276, #2923, #2234 ),
 .UNSPECIFIED., .F., .F.,
 ( 4, 2, 2, 4 ),
 ( 0.000000000000000000, 7.872326390875296288E-05, 0.0001574465278175059258, 0.0003148930556350119057 ),
 .UNSPECIFIED. ) ;
#2164 = CARTESIAN_POINT ( 'NONE',  ( -0.2321947816075133342, -0.9211907618763395256, 0.3291661444341540399 ) ) ;
#2165 = CARTESIAN_POINT ( 'NONE',  ( -0.2160053723184310881, 0.9251171164397035129, 0.2346530761831036038 ) ) ;
#2166 = CARTESIAN_POINT ( 'NONE',  ( -0.1750801282051280550, -0.9337274488348705770, 0.1051282051282052682 ) ) ;
#2167 = ORIENTED_EDGE ( 'NONE', *, *, #1053, .F. ) ;
#2168 = FILL_AREA_STYLE ('',( #2112 ) ) ;
#2169 = PRESENTATION_LAYER_ASSIGNMENT (  '', '', ( #450 ) ) ;
#2170 = DIRECTION ( 'NONE',  ( -0.000000000000000000, -0.000000000000000000, -1.000000000000000000 ) ) ;
#2171 = CARTESIAN_POINT ( 'NONE',  ( -0.9499999999999999556, 0.000000000000000000, 1.749999999999999778 ) ) ;
#2172 =( GEOMETRIC_REPRESENTATION_CONTEXT ( 3 ) GLOBAL_UNCERTAINTY_ASSIGNED_CONTEXT ( ( #2220 ) ) GLOBAL_UNIT_ASSIGNED_CONTEXT ( ( #2972, #2924, #136 ) ) REPRESENTATION_CONTEXT ( 'NONE', 'WORKASPACE' ) );
#2173 = VERTEX_POINT ( 'NONE', #2777 ) ;
#2174 = CARTESIAN_POINT ( 'NONE',  ( 0.000000000000000000, -1.000000000000000444, 7.620000000000000107 ) ) ;
#2175 =( GEOMETRIC_REPRESENTATION_CONTEXT ( 3 ) GLOBAL_UNCERTAINTY_ASSIGNED_CONTEXT ( ( #698 ) ) GLOBAL_UNIT_ASSIGNED_CONTEXT ( ( #274, #972, #577 ) ) REPRESENTATION_CONTEXT ( 'NONE', 'WORKASPACE' ) );
#2176 = DIRECTION ( 'NONE',  ( 1.000000000000000000, 0.000000000000000000, 0.000000000000000000 ) ) ;
#2177 = ORIENTED_EDGE ( 'NONE', *, *, #1185, .T. ) ;
#2178 = EDGE_CURVE ( 'NONE', #676, #1823, #2951, .T. ) ;
#2179 = CARTESIAN_POINT ( 'NONE',  ( -0.07973517513362704534, -0.9468764337303344769, 0.03300573317720318506 ) ) ;
#2180 = MECHANICAL_DESIGN_GEOMETRIC_PRESENTATION_REPRESENTATION (  '', ( #1640 ), #1388 ) ;
#2181 = CARTESIAN_POINT ( 'NONE',  ( -0.1167191971592444338, 0.9428392260517691748, -0.8181914922925481726 ) ) ;
#2182 = ORIENTED_EDGE ( 'NONE', *, *, #2200, .T. ) ;
#2183 = CARTESIAN_POINT ( 'NONE',  ( -0.2970028315191284851, -0.9023808352046605030, -0.8755321761260962399 ) ) ;
#2184 = CARTESIAN_POINT ( 'NONE',  ( -0.003899885240558471217, -0.9499957671953935812, 0.08956870104355776907 ) ) ;
#2185 = CARTESIAN_POINT ( 'NONE',  ( -0.1855769230769229450, -0.9316980227634383827, 0.2282051282051283658 ) ) ;
#2186 = AXIS2_PLACEMENT_3D ( 'NONE', #685, #795, #1511 ) ;
#2187 = CARTESIAN_POINT ( 'NONE',  ( -0.1187324444737164475, 0.9425604662084975383, 0.4000711860075137349 ) ) ;
#2188 = FACE_BOUND ( 'NONE', #1763, .T. ) ;
#2189 = CARTESIAN_POINT ( 'NONE',  ( -0.1923076923076922073, -0.9303320651677496889, -3.403937756669170867 ) ) ;
#2190 = ORIENTED_EDGE ( 'NONE', *, *, #1363, .F. ) ;
#2191 = CARTESIAN_POINT ( 'NONE',  ( -0.1331121396812983970, -0.9406567120452491437, -0.7421248062149925495 ) ) ;
#2192 = CARTESIAN_POINT ( 'NONE',  ( -0.06788393815484133897, 0.9476110333472292924, -0.6882314127222428635 ) ) ;
#2193 = VERTEX_POINT ( 'NONE', #2375 ) ;
#2194 = CARTESIAN_POINT ( 'NONE',  ( 0.02858173217148842274, 0.9495699471792308222, 0.07090089145011115035 ) ) ;
#2195 = CARTESIAN_POINT ( 'NONE',  ( -0.1358974358974357755, 0.9402296990185441405, 0.3056089743589746055 ) ) ;
#2196 = ORIENTED_EDGE ( 'NONE', *, *, #1465, .F. ) ;
#2197 = B_SPLINE_CURVE_WITH_KNOTS ( 'NONE', 3,
 ( #47, #2376, #701, #1656, #2624, #915, #1401, #2823 ),
 .UNSPECIFIED., .F., .F.,
 ( 4, 2, 2, 4 ),
 ( 0.000000000000000000, 4.968012963727507522E-05, 9.936025927455015045E-05, 0.0001987205185491003009 ),
 .UNSPECIFIED. ) ;
#2198 = ORIENTED_EDGE ( 'NONE', *, *, #826, .F. ) ;
#2199 =( NAMED_UNIT ( * ) SI_UNIT ( $, .STERADIAN. ) SOLID_ANGLE_UNIT ( ) );
#2200 = EDGE_CURVE ( 'NONE', #2282, #445, #2092, .T. ) ;
#2201 = CARTESIAN_POINT ( 'NONE',  ( 0.03333333333333334675, 0.9494150245750743178, -0.9593749999999997558 ) ) ;
#2202 = DIRECTION ( 'NONE',  ( 1.000000000000000000, 0.000000000000000000, 0.000000000000000000 ) ) ;
#2203 = ORIENTED_EDGE ( 'NONE', *, *, #61, .T. ) ;
#2204 = CARTESIAN_POINT ( 'NONE',  ( -0.1588311329922330595, 0.9366945973073868004, 0.4177747284811986761 ) ) ;
#2205 = DIRECTION ( 'NONE',  ( -1.000000000000000000, 0.000000000000000000, 0.000000000000000000 ) ) ;
#2206 = CARTESIAN_POINT ( 'NONE',  ( -0.1889423076923077149, 0.9310213769639800185, -0.7532051282051278607 ) ) ;
#2207 = LINE ( 'NONE', #1587, #546 ) ;
#2208 = FILL_AREA_STYLE ('',( #1983 ) ) ;
#2209 = ORIENTED_EDGE ( 'NONE', *, *, #2760, .F. ) ;
#2210 = CARTESIAN_POINT ( 'NONE',  ( -0.1210737179487177823, -0.9422532328530761614, 0.02820512820512834778 ) ) ;
#2211 = CARTESIAN_POINT ( 'NONE',  ( 0.02373467285388643905, 0.9497087246957098827, 0.07767598888693932890 ) ) ;
#2212 = CARTESIAN_POINT ( 'NONE',  ( -0.1617378610942414308, 0.9362942611845848084, -0.8221804966327338482 ) ) ;
#2213 = ORIENTED_EDGE ( 'NONE', *, *, #1360, .T. ) ;
#2214 = FILL_AREA_STYLE_COLOUR ( '', #2271 ) ;
#2215 = CARTESIAN_POINT ( 'NONE',  ( -0.2993272141610009429, -0.9016114991184586147, -0.8993606050079031577 ) ) ;
#2216 = CARTESIAN_POINT ( 'NONE',  ( -0.04015257249889392366, -0.9491512988720079980, 0.3625447661135475785 ) ) ;
#2217 = FILL_AREA_STYLE ('',( #2945 ) ) ;
#2218 = CIRCLE ( 'NONE', #884, 0.7500000000000000000 ) ;
#2219 = EDGE_CURVE ( 'NONE', #1234, #1558, #2685, .T. ) ;
#2220 = UNCERTAINTY_MEASURE_WITH_UNIT (LENGTH_MEASURE( 1.000000000000000082E-05 ), #2972, 'distance_accuracy_value', 'NONE');
#2221 = CARTESIAN_POINT ( 'NONE',  ( 0.09670714207621509961, 0.9450649335741178048, -0.5645041534454053878 ) ) ;
#2222 = CARTESIAN_POINT ( 'NONE',  ( 0.01739261051404662056, 0.9498492069048015685, 0.01968038278538604066 ) ) ;
#2223 = CARTESIAN_POINT ( 'NONE',  ( -0.2754475571998665773, 0.9091912027888214842, -0.03517998967343354683 ) ) ;
#2224 = CARTESIAN_POINT ( 'NONE',  ( 0.09738222091051838836, 0.9449967282919811140, 0.01993749673795995256 ) ) ;
#2225 = ADVANCED_FACE ( 'NONE', ( #756 ), #2690, .T. ) ;
#2226 = CARTESIAN_POINT ( 'NONE',  ( -0.05864731740505276653, 0.9481903932693501735, 0.05031157554964914291 ) ) ;
#2227 = AXIS2_PLACEMENT_3D ( 'NONE', #1581, #2530, #418 ) ;
#2228 = PRESENTATION_LAYER_ASSIGNMENT (  '', '', ( #1485 ) ) ;
#2229 = CARTESIAN_POINT ( 'NONE',  ( -0.1986697673539854214, -0.9290321801465356577, 0.001550018055727862875 ) ) ;
#2230 = DIRECTION ( 'NONE',  ( 0.000000000000000000, -1.392979236598078510E-16, -1.000000000000000000 ) ) ;
#2231 = CARTESIAN_POINT ( 'NONE',  ( 0.000000000000000000, -0.2999999999999999889, 1.949999999999999956 ) ) ;
#2232 = ORIENTED_EDGE ( 'NONE', *, *, #2367, .T. ) ;
#2233 = VERTEX_POINT ( 'NONE', #46 ) ;
#2234 = CARTESIAN_POINT ( 'NONE',  ( -0.1005608974358973839, -0.9446626413206393735, -0.3102564102564104309 ) ) ;
#2235 = AXIS2_PLACEMENT_3D ( 'NONE', #2302, #2071, #3029 ) ;
#2236 = CARTESIAN_POINT ( 'NONE',  ( -0.2943540071655007528, -0.9035553593788775428, 0.2921068441711562325 ) ) ;
#2237 = B_SPLINE_CURVE_WITH_KNOTS ( 'NONE', 3,
 ( #232, #1566, #861, #1802, #2555, #1827, #2314, #2783, #672, #2099, #3015, #657, #401 ),
 .UNSPECIFIED., .F., .F.,
 ( 4, 3, 3, 3, 4 ),
 ( 0.000000000000000000, 3.614990520903469854E-05, 6.672713625096196957E-05, 9.724609310923788667E-05, 0.0001287979374061612057 ),
 .UNSPECIFIED. ) ;
#2238 =( GEOMETRIC_REPRESENTATION_CONTEXT ( 3 ) GLOBAL_UNCERTAINTY_ASSIGNED_CONTEXT ( ( #2436 ) ) GLOBAL_UNIT_ASSIGNED_CONTEXT ( ( #863, #1332, #2100 ) ) REPRESENTATION_CONTEXT ( 'NONE', 'WORKASPACE' ) );
#2239 = ORIENTED_EDGE ( 'NONE', *, *, #1561, .F. ) ;
#2240 = CARTESIAN_POINT ( 'NONE',  ( -0.04048682300976808729, 0.9491467732125901113, 0.4057770136226527824 ) ) ;
#2241 = CARTESIAN_POINT ( 'NONE',  ( -0.1756288727081398715, 0.9336432382760982973, 0.4177941015738712016 ) ) ;
#2242 =( GEOMETRIC_REPRESENTATION_CONTEXT ( 3 ) GLOBAL_UNCERTAINTY_ASSIGNED_CONTEXT ( ( #1241 ) ) GLOBAL_UNIT_ASSIGNED_CONTEXT ( ( #197, #1820, #1120 ) ) REPRESENTATION_CONTEXT ( 'NONE', 'WORKASPACE' ) );
#2243 =( BOUNDED_CURVE ( )  B_SPLINE_CURVE ( 3, ( #2354, #1900, #2144, #1912 ),
 .UNSPECIFIED., .F., .T. ) 
 B_SPLINE_CURVE_WITH_KNOTS ( ( 4, 4 ),
 ( 1.443002754820136291, 1.508678112923220516 ),
 .UNSPECIFIED. ) 
 CURVE ( )  GEOMETRIC_REPRESENTATION_ITEM ( )  RATIONAL_B_SPLINE_CURVE ( ( 1.000000000000000000, 0.9996405945758773948, 0.9996405945758773948, 1.000000000000000000 ) ) 
 REPRESENTATION_ITEM ( '' )  );
#2244 =( NAMED_UNIT ( * ) SI_UNIT ( $, .STERADIAN. ) SOLID_ANGLE_UNIT ( ) );
#2245 = CARTESIAN_POINT ( 'NONE',  ( -0.1193860514449007620, -0.9424685515838751027, 0.07667252696673650114 ) ) ;
#2246 = EDGE_CURVE ( 'NONE', #640, #1728, #2379, .T. ) ;
#2247 = CARTESIAN_POINT ( 'NONE',  ( -0.002564102564102377618, 0.9499965396663508921, 0.1666666666666667962 ) ) ;
#2248 = CARTESIAN_POINT ( 'NONE',  ( 0.009876630181056974059, 0.9499486576528736181, 0.08649273278972487156 ) ) ;
#2249 = CARTESIAN_POINT ( 'NONE',  ( -0.2473466840912737774, 0.9172583546271069199, 0.4710393733812351380 ) ) ;
#2250 = VERTEX_POINT ( 'NONE', #773 ) ;
#2251 = CARTESIAN_POINT ( 'NONE',  ( -0.1266221642730973040, -0.9418996397043853941, -0.8181882188731995909 ) ) ;
#2252 = ORIENTED_EDGE ( 'NONE', *, *, #2613, .F. ) ;
#2253 = CARTESIAN_POINT ( 'NONE',  ( 0.1003482663407207071, 0.9446860580140757913, -0.5505373632288558250 ) ) ;
#2254 = CARTESIAN_POINT ( 'NONE',  ( -0.1054969825552731499, 0.9441244197720131126, 0.3698243039492157269 ) ) ;
#2255 = CARTESIAN_POINT ( 'NONE',  ( -0.3048716512475250773, 0.8997518267036894724, 0.03461699981156445699 ) ) ;
#2256 = CARTESIAN_POINT ( 'NONE',  ( -0.02289941274213911152, 0.9497708231766290865, 0.1649717793762998930 ) ) ;
#2257 = LINE ( 'NONE', #2287, #1840 ) ;
#2258 = CARTESIAN_POINT ( 'NONE',  ( -0.2333333333333333648, -0.9208993189027536719, -0.9341346153846150635 ) ) ;
#2259 = EDGE_CURVE ( 'NONE', #640, #457, #1142, .T. ) ;
#2260 = CARTESIAN_POINT ( 'NONE',  ( -0.01025668612095516352, -0.9499524178004881136, -0.04358790449277605283 ) ) ;
#2261 = CARTESIAN_POINT ( 'NONE',  ( 0.000000000000000000, -3.550000000000000711, -7.319999999999999396 ) ) ;
#2262 = CARTESIAN_POINT ( 'NONE',  ( -0.2927182123123605040, -0.9037949014306952966, 0.1115690348883122407 ) ) ;
#2263 = ORIENTED_EDGE ( 'NONE', *, *, #1083, .T. ) ;
#2264 = CARTESIAN_POINT ( 'NONE',  ( -0.2384615384615383082, -0.9195847403445516210, 0.05152243589743604052 ) ) ;
#2265 =( NAMED_UNIT ( * ) SI_UNIT ( $, .STERADIAN. ) SOLID_ANGLE_UNIT ( ) );
#2266 = CARTESIAN_POINT ( 'NONE',  ( -0.2288587216626093990, 0.9220339609848673401, 0.3912075454084922299 ) ) ;
#2267 = CLOSED_SHELL ( 'NONE', ( #1324, #383, #2292, #449, #1601, #729, #48, #630 ) ) ;
#2268 = CARTESIAN_POINT ( 'NONE',  ( 0.03321249392236953063, -0.9494192640297046681, 0.04917897610521853452 ) ) ;
#2269 = AXIS2_PLACEMENT_3D ( 'NONE', #998, #1409, #2352 ) ;
#2270 = UNCERTAINTY_MEASURE_WITH_UNIT (LENGTH_MEASURE( 1.000000000000000082E-05 ), #2697, 'distance_accuracy_value', 'NONE');
#2271 = COLOUR_RGB ( '',1.000000000000000000, 0.4549019607843137192, 0.4352941176470588314 ) ;
#2272 = CARTESIAN_POINT ( 'NONE',  ( 0.06402243589743610019, -0.9478402437656668900, 0.1392628205128206564 ) ) ;
#2273 =( LENGTH_UNIT ( ) NAMED_UNIT ( * ) SI_UNIT ( .MILLI., .METRE. ) );
#2274 = CARTESIAN_POINT ( 'NONE',  ( -0.01889312947686475411, -0.9498576447709694559, 0.1657346708239367805 ) ) ;
#2275 = ORIENTED_EDGE ( 'NONE', *, *, #2509, .T. ) ;
#2276 = EDGE_CURVE ( 'NONE', #1948, #552, #2801, .T. ) ;
#2277 =( BOUNDED_CURVE ( )  B_SPLINE_CURVE ( 3, ( #7, #2854, #733, #1672 ),
 .UNSPECIFIED., .F., .T. ) 
 B_SPLINE_CURVE_WITH_KNOTS ( ( 4, 4 ),
 ( 1.514508173468721131, 1.589690838320785060 ),
 .UNSPECIFIED. ) 
 CURVE ( )  GEOMETRIC_REPRESENTATION_ITEM ( )  RATIONAL_B_SPLINE_CURVE ( ( 1.000000000000000000, 0.9995290193749488683, 0.9995290193749488683, 1.000000000000000000 ) ) 
 REPRESENTATION_ITEM ( '' )  );
#2278 =( GEOMETRIC_REPRESENTATION_CONTEXT ( 3 ) GLOBAL_UNCERTAINTY_ASSIGNED_CONTEXT ( ( #766 ) ) GLOBAL_UNIT_ASSIGNED_CONTEXT ( ( #2402, #1213, #365 ) ) REPRESENTATION_CONTEXT ( 'NONE', 'WORKASPACE' ) );
#2279 = CARTESIAN_POINT ( 'NONE',  ( -0.2316130673859653488, -0.9213334830646631168, -0.8956279091128132031 ) ) ;
#2280 = AXIS2_PLACEMENT_3D ( 'NONE', #1294, #794, #338 ) ;
#2281 = CARTESIAN_POINT ( 'NONE',  ( -0.2915064102564102755, 0.9041703450011073784, -0.8522435897435893803 ) ) ;
#2282 = VERTEX_POINT ( 'NONE', #1267 ) ;
#2283 = CARTESIAN_POINT ( 'NONE',  ( -0.3044509219214722173, 0.8998955699039973277, 0.06739994820572500767 ) ) ;
#2284 = CIRCLE ( 'NONE', #1495, 0.2999999999999999889 ) ;
#2285 = PRESENTATION_LAYER_ASSIGNMENT (  '', '', ( #320 ) ) ;
#2286 = CARTESIAN_POINT ( 'NONE',  ( -0.2347345600312552294, -0.9205446762818422224, 0.3795027810256074163 ) ) ;
#2287 = CARTESIAN_POINT ( 'NONE',  ( 0.09999999999999999167, 0.9447221813845592120, -3.403937756669170867 ) ) ;
#2288 = CARTESIAN_POINT ( 'NONE',  ( -0.2064980542352511383, -0.9273151018537415524, 0.4900446088428344615 ) ) ;
#2289 = FACE_OUTER_BOUND ( 'NONE', #1650, .T. ) ;
#2290 = CARTESIAN_POINT ( 'NONE',  ( -0.2237068645310519854, -0.9233005695143152725, 0.08797246971835939733 ) ) ;
#2291 = CARTESIAN_POINT ( 'NONE',  ( 0.02784873393192104779, 0.9495939527204487751, 0.03101202695558729142 ) ) ;
#2292 = ADVANCED_FACE ( 'NONE', ( #836 ), #1505, .T. ) ;
#2293 = CARTESIAN_POINT ( 'NONE',  ( -0.06781904319721668295, -0.9477302583730469188, -0.6887578130697086243 ) ) ;
#2294 = CARTESIAN_POINT ( 'NONE',  ( -0.3000000000000000444, 0.9013878188659973922, -3.403937756669170867 ) ) ;
#2295 = CARTESIAN_POINT ( 'NONE',  ( -0.3045706553421508866, -0.8998539117679029697, 0.01666325927474723856 ) ) ;
#2296 = CARTESIAN_POINT ( 'NONE',  ( -0.007798134717301015428, -0.9500500854332232237, -0.8349553022589414342 ) ) ;
#2297 = EDGE_LOOP ( 'NONE', ( #2849, #1230, #1733, #4, #1163, #2500, #2089, #325, #2213, #1097, #1992, #206, #2275, #1044, #2177, #971, #196 ) ) ;
#2298 = UNCERTAINTY_MEASURE_WITH_UNIT (LENGTH_MEASURE( 1.000000000000000082E-05 ), #2493, 'distance_accuracy_value', 'NONE');
#2299 = CARTESIAN_POINT ( 'NONE',  ( 0.03553125853876032414, 0.9493611785494788791, -0.4656455028065882296 ) ) ;
#2300 = ORIENTED_EDGE ( 'NONE', *, *, #1053, .T. ) ;
#2301 = CARTESIAN_POINT ( 'NONE',  ( -0.1556285535985997837, -0.9372896407235734584, -0.6067766727471476385 ) ) ;
#2302 = CARTESIAN_POINT ( 'NONE',  ( 0.000000000000000000, -1.000000000000000666, -6.620000000000000107 ) ) ;
#2303 = EDGE_LOOP ( 'NONE', ( #2332, #1734, #2321, #1453, #2408, #946, #3019, #1971, #1580, #1531, #659, #1769, #1081, #786, #1037, #360, #2890 ) ) ;
#2304 = CARTESIAN_POINT ( 'NONE',  ( -0.2096080178211882639, 0.9266931799594528840, 0.1797418952469249931 ) ) ;
#2305 = CARTESIAN_POINT ( 'NONE',  ( 0.02112417123979534045, -0.9526527532088198136, 0.2692357208890874820 ) ) ;
#2306 = EDGE_CURVE ( 'NONE', #1085, #354, #1941, .T. ) ;
#2307 = VERTEX_POINT ( 'NONE', #144 ) ;
#2308 =( NAMED_UNIT ( * ) PLANE_ANGLE_UNIT ( ) SI_UNIT ( $, .RADIAN. ) );
#2309 = EDGE_CURVE ( 'NONE', #835, #1683, #1675, .T. ) ;
#2310 = CARTESIAN_POINT ( 'NONE',  ( -0.1161269521425893902, 0.9428757197337802598, 0.04834386252143309942 ) ) ;
#2311 = FACE_BOUND ( 'NONE', #1902, .T. ) ;
#2312 = VERTEX_POINT ( 'NONE', #1609 ) ;
#2313 = CARTESIAN_POINT ( 'NONE',  ( -0.2329068452777726117, 0.9210073061586575571, -0.9126899952657977488 ) ) ;
#2314 = CARTESIAN_POINT ( 'NONE',  ( -0.1183949318767974768, -0.9425935710098397591, 0.1615719367884810020 ) ) ;
#2315 = AXIS2_PLACEMENT_3D ( 'NONE', #534, #754, #2640 ) ;
#2316 = ORIENTED_EDGE ( 'NONE', *, *, #1011, .F. ) ;
#2317 = CARTESIAN_POINT ( 'NONE',  ( -0.04219460355151751635, -0.9491011960728577002, -0.6845394935169683004 ) ) ;
#2318 = CIRCLE ( 'NONE', #2619, 0.9499999999999999556 ) ;
#2319 = CARTESIAN_POINT ( 'NONE',  ( -0.1410850760339976973, 0.9394809847748201159, 0.09828987632406559205 ) ) ;
#2320 = VECTOR ( 'NONE', #941, 1000.000000000000000 ) ;
#2321 = ORIENTED_EDGE ( 'NONE', *, *, #3021, .T. ) ;
#2322 = CARTESIAN_POINT ( 'NONE',  ( 0.09740985815656558189, -0.9449932561417768717, -0.8768907064525206518 ) ) ;
#2323 = ADVANCED_FACE ( 'NONE', ( #2808 ), #423, .F. ) ;
#2324 = MECHANICAL_DESIGN_GEOMETRIC_PRESENTATION_REPRESENTATION (  '', ( #1336 ), #2936 ) ;
#2325 = DIRECTION ( 'NONE',  ( -1.000000000000000000, 0.000000000000000000, 0.000000000000000000 ) ) ;
#2326 = CARTESIAN_POINT ( 'NONE',  ( -0.1998889326617769857, -0.9287326927642256535, 0.1805923512372605844 ) ) ;
#2327 = MANIFOLD_SOLID_BREP ( 'DividingLine2', #1330 ) ;
#2328 = PRESENTATION_LAYER_ASSIGNMENT (  '', '', ( #1640 ) ) ;
#2329 = EDGE_CURVE ( 'NONE', #2926, #1930, #2257, .T. ) ;
#2330 = CARTESIAN_POINT ( 'NONE',  ( -0.005860484209865038548, 0.9502803456124769843, 0.3410766125269730775 ) ) ;
#2331 = MECHANICAL_DESIGN_GEOMETRIC_PRESENTATION_REPRESENTATION (  '', ( #134 ), #612 ) ;
#2332 = ORIENTED_EDGE ( 'NONE', *, *, #2702, .T. ) ;
#2333 =( GEOMETRIC_REPRESENTATION_CONTEXT ( 3 ) GLOBAL_UNCERTAINTY_ASSIGNED_CONTEXT ( ( #2946 ) ) GLOBAL_UNIT_ASSIGNED_CONTEXT ( ( #1167, #901, #2098 ) ) REPRESENTATION_CONTEXT ( 'NONE', 'WORKASPACE' ) );
#2334 =( NAMED_UNIT ( * ) PLANE_ANGLE_UNIT ( ) SI_UNIT ( $, .RADIAN. ) );
#2335 = CARTESIAN_POINT ( 'NONE',  ( 3.673940397442059498E-17, -1.000000000000000444, 7.919999999999999929 ) ) ;
#2336 = CARTESIAN_POINT ( 'NONE',  ( -0.0007211538461537750702, -0.9499997262826606059, -0.6718750000000001110 ) ) ;
#2337 = CARTESIAN_POINT ( 'NONE',  ( -0.1137926152689625187, 0.9432833145113852513, -0.3873817507984531061 ) ) ;
#2338 = CYLINDRICAL_SURFACE ( 'NONE', #1796, 0.9499999999999999556 ) ;
#2339 = CARTESIAN_POINT ( 'NONE',  ( -0.1270030535690801210, 0.9414832379812816399, 0.08795617315013994075 ) ) ;
#2340 = ORIENTED_EDGE ( 'NONE', *, *, #1135, .T. ) ;
#2341 = PLANE ( 'NONE',  #1082 ) ;
#2342 = CARTESIAN_POINT ( 'NONE',  ( -0.1465685465308814717, 0.9386254104635266549, -0.7436361419952424168 ) ) ;
#2343 = CARTESIAN_POINT ( 'NONE',  ( -0.01004091944736251740, 0.9499469353270925120, -0.5921821210423433568 ) ) ;
#2344 = CARTESIAN_POINT ( 'NONE',  ( -0.3044581720947818204, 0.8998920613218541753, -0.4727224672945541384 ) ) ;
#2345 = PRESENTATION_STYLE_ASSIGNMENT (( #467 ) ) ;
#2346 = ORIENTED_EDGE ( 'NONE', *, *, #1685, .T. ) ;
#2347 = EDGE_CURVE ( 'NONE', #104, #981, #1373, .T. ) ;
#2348 = CARTESIAN_POINT ( 'NONE',  ( 0.000000000000000000, 0.000000000000000000, -3.403937756669170867 ) ) ;
#2349 = CARTESIAN_POINT ( 'NONE',  ( 0.01794871794871810700, -0.9498304288261129047, -3.403937756669170867 ) ) ;
#2350 = CARTESIAN_POINT ( 'NONE',  ( 0.000000000000000000, 0.000000000000000000, -1.949999999999999956 ) ) ;
#2351 = FACE_OUTER_BOUND ( 'NONE', #402, .T. ) ;
#2352 = DIRECTION ( 'NONE',  ( -1.000000000000000000, 0.000000000000000000, 0.000000000000000000 ) ) ;
#2353 = PRESENTATION_STYLE_ASSIGNMENT (( #2592 ) ) ;
#2354 = CARTESIAN_POINT ( 'NONE',  ( -0.1210737179487177823, 0.9422532328530769385, 0.02820512820512834778 ) ) ;
#2355 = ORIENTED_EDGE ( 'NONE', *, *, #711, .F. ) ;
#2356 = DIRECTION ( 'NONE',  ( 1.000000000000000000, 0.000000000000000000, 0.000000000000000000 ) ) ;
#2357 = CARTESIAN_POINT ( 'NONE',  ( -0.1093804114344149592, -0.9436821104577769459, 0.3392907092494973909 ) ) ;
#2358 = VERTEX_POINT ( 'NONE', #2520 ) ;
#2359 = CLOSED_SHELL ( 'NONE', ( #2225, #2815, #1958, #1573, #1065, #1530, #1955, #2800 ) ) ;
#2360 = ADVANCED_FACE ( 'NONE', ( #666 ), #2979, .T. ) ;
#2361 = DIRECTION ( 'NONE',  ( 0.000000000000000000, 0.000000000000000000, 1.000000000000000000 ) ) ;
#2362 = ORIENTED_EDGE ( 'NONE', *, *, #841, .F. ) ;
#2363 = ORIENTED_EDGE ( 'NONE', *, *, #245, .T. ) ;
#2364 = CARTESIAN_POINT ( 'NONE',  ( -0.2238639814665258909, -0.9232469430229858220, 0.3180186942891253810 ) ) ;
#2365 = CARTESIAN_POINT ( 'NONE',  ( -0.2365905298920402688, 0.9200784920301705583, -0.4734685852659748506 ) ) ;
#2366 = CARTESIAN_POINT ( 'NONE',  ( -0.1256410256410255277, -0.9416551028247397426, -0.2538461538461535549 ) ) ;
#2367 = EDGE_CURVE ( 'NONE', #84, #97, #2742, .T. ) ;
#2368 =( GEOMETRIC_REPRESENTATION_CONTEXT ( 3 ) GLOBAL_UNCERTAINTY_ASSIGNED_CONTEXT ( ( #1148 ) ) GLOBAL_UNIT_ASSIGNED_CONTEXT ( ( #1254, #115, #2468 ) ) REPRESENTATION_CONTEXT ( 'NONE', 'WORKASPACE' ) );
#2369 = CARTESIAN_POINT ( 'NONE',  ( 0.02314249182556520762, -0.9497180766270133523, 0.07796665151367114521 ) ) ;
#2370 = COLOUR_RGB ( '',0.8313725490196077761, 0.8313725490196077761, 0.8196078431372548767 ) ;
#2371 = DIRECTION ( 'NONE',  ( 0.000000000000000000, 0.000000000000000000, 1.000000000000000000 ) ) ;
#2372 = FILL_AREA_STYLE_COLOUR ( '', #2370 ) ;
#2373 = CARTESIAN_POINT ( 'NONE',  ( -0.01956219184885760881, 0.9498462956748503494, -0.5980632773147198655 ) ) ;
#2374 = VERTEX_POINT ( 'NONE', #926 ) ;
#2375 = CARTESIAN_POINT ( 'NONE',  ( -0.1153846153846152522, 0.9429668024551788319, 0.05873397435897449725 ) ) ;
#2376 = CARTESIAN_POINT ( 'NONE',  ( 0.03802539761057190104, -0.9492387790580932849, -0.4828096664115505976 ) ) ;
#2377 = EDGE_LOOP ( 'NONE', ( #1814, #1026, #1961, #2557, #967, #2472, #1416, #1564, #1258 ) ) ;
#2378 = AXIS2_PLACEMENT_3D ( 'NONE', #1928, #2390, #1655 ) ;
#2379 = CIRCLE ( 'NONE', #857, 1.300000000000000044 ) ;
#2380 = DIRECTION ( 'NONE',  ( 0.000000000000000000, -1.000000000000000000, 3.561383581569087378E-16 ) ) ;
#2381 = CARTESIAN_POINT ( 'NONE',  ( 0.09969823824548941504, 0.9447540745033841114, -0.9085500154272535545 ) ) ;
#2382 = ORIENTED_EDGE ( 'NONE', *, *, #481, .F. ) ;
#2383 = CARTESIAN_POINT ( 'NONE',  ( -0.2419330388970274415, 0.9187523633998533334, 0.2447494891035908449 ) ) ;
#2384 = CARTESIAN_POINT ( 'NONE',  ( 0.02627572601484612358, 0.9496419902266487467, -0.8764940824621975102 ) ) ;
#2385 = EDGE_CURVE ( 'NONE', #244, #911, #1905, .T. ) ;
#2386 = ORIENTED_EDGE ( 'NONE', *, *, #1561, .T. ) ;
#2387 = CARTESIAN_POINT ( 'NONE',  ( -0.1801282051282049879, -0.9327667606198729588, 0.1820512820512822094 ) ) ;
#2388 = CARTESIAN_POINT ( 'NONE',  ( -0.2333333333333333648, -0.9208993189027536719, -0.9974358974358968899 ) ) ;
#2389 = ORIENTED_EDGE ( 'NONE', *, *, #968, .F. ) ;
#2390 = DIRECTION ( 'NONE',  ( 0.000000000000000000, -1.000000000000000000, -2.008439343748602309E-16 ) ) ;
#2391 = CARTESIAN_POINT ( 'NONE',  ( -0.9499999999999999556, 0.000000000000000000, -3.403937756669170867 ) ) ;
#2392 = CARTESIAN_POINT ( 'NONE',  ( 0.09999999999999999167, 0.9447221813845592120, -0.9276442307692305267 ) ) ;
#2393 = ORIENTED_EDGE ( 'NONE', *, *, #2637, .T. ) ;
#2394 = CARTESIAN_POINT ( 'NONE',  ( -0.3051282051282049879, -0.8996648144921751689, 0.3591346153846155520 ) ) ;
#2395 = CARTESIAN_POINT ( 'NONE',  ( -0.3048424412581293153, 0.8997617334950772650, 0.3433757670844464482 ) ) ;
#2396 = CARTESIAN_POINT ( 'NONE',  ( 0.1015452084168821795, -0.9445573411114719375, -0.5436060991039657342 ) ) ;
#2397 = ORIENTED_EDGE ( 'NONE', *, *, #3007, .F. ) ;
#2398 = VERTEX_POINT ( 'NONE', #1447 ) ;
#2399 = UNCERTAINTY_MEASURE_WITH_UNIT (LENGTH_MEASURE( 1.000000000000000082E-05 ), #234, 'distance_accuracy_value', 'NONE');
#2400 = CYLINDRICAL_SURFACE ( 'NONE', #2269, 0.9499999999999999556 ) ;
#2401 = FACE_BOUND ( 'NONE', #2303, .T. ) ;
#2402 =( LENGTH_UNIT ( ) NAMED_UNIT ( * ) SI_UNIT ( .MILLI., .METRE. ) );
#2403 = CARTESIAN_POINT ( 'NONE',  ( 0.02824863456723359853, 0.9497074532096512200, -0.06096793826323316373 ) ) ;
#2404 = ORIENTED_EDGE ( 'NONE', *, *, #2448, .T. ) ;
#2405 = CARTESIAN_POINT ( 'NONE',  ( -0.1923076923076922073, 0.9303320651677496889, -3.403937756669170867 ) ) ;
#2406 = SURFACE_STYLE_FILL_AREA ( #2208 ) ;
#2407 = EDGE_CURVE ( 'NONE', #2623, #2842, #2990, .T. ) ;
#2408 = ORIENTED_EDGE ( 'NONE', *, *, #3007, .T. ) ;
#2409 = CARTESIAN_POINT ( 'NONE',  ( -0.1712137078883106678, 0.9344882546259153377, 0.1818715973900998650 ) ) ;
#2410 = CARTESIAN_POINT ( 'NONE',  ( 0.09999999999999999167, 0.9447221813845592120, -1.074358974358973873 ) ) ;
#2411 = ORIENTED_EDGE ( 'NONE', *, *, #2542, .F. ) ;
#2412 = VERTEX_POINT ( 'NONE', #1622 ) ;
#2413 = B_SPLINE_CURVE_WITH_KNOTS ( 'NONE', 3,
 ( #1797, #1340, #2762, #2094, #2288, #1625, #424, #3011, #186, #1106 ),
 .UNSPECIFIED., .F., .F.,
 ( 4, 3, 3, 4 ),
 ( 0.000000000000000000, 4.635436833093447521E-05, 6.943586680469715370E-05, 9.312048088133995940E-05 ),
 .UNSPECIFIED. ) ;
#2414 = CARTESIAN_POINT ( 'NONE',  ( -0.3013016175947825781, -0.9010111381640805162, -0.4467631029623380656 ) ) ;
#2415 = CARTESIAN_POINT ( 'NONE',  ( -0.3044595232431410170, -0.8998916030695524038, -0.5261044404462301705 ) ) ;
#2416 = CARTESIAN_POINT ( 'NONE',  ( 0.01363685450190214345, -0.9499021192730021657, 0.08486741719876458867 ) ) ;
#2417 = COLOUR_RGB ( '',0.8313725490196077761, 0.8313725490196077761, 0.8196078431372548767 ) ;
#2418 = ORIENTED_EDGE ( 'NONE', *, *, #2407, .F. ) ;
#2419 = COLOUR_RGB ( '',0.1019607843137254888, 0.1019607843137254888, 0.1019607843137254888 ) ;
#2420 = CARTESIAN_POINT ( 'NONE',  ( -0.1697916666666665075, 0.9347035839936399526, 0.4179487179487181292 ) ) ;
#2421 = PLANE ( 'NONE',  #1882 ) ;
#2422 = CARTESIAN_POINT ( 'NONE',  ( 0.07862495569851980781, 0.9467718333011228005, -0.02327067592191891729 ) ) ;
#2423 = AXIS2_PLACEMENT_3D ( 'NONE', #2460, #1467, #821 ) ;
#2424 = CARTESIAN_POINT ( 'NONE',  ( -0.08513336073564496675, 0.9462172868156522032, -0.6895061211789733635 ) ) ;
#2425 = ORIENTED_EDGE ( 'NONE', *, *, #1116, .F. ) ;
#2426 = EDGE_CURVE ( 'NONE', #1355, #775, #223, .T. ) ;
#2427 = CARTESIAN_POINT ( 'NONE',  ( -0.01794871794871778087, -0.9498304288261124606, 0.007692307692307823706 ) ) ;
#2428 = DIRECTION ( 'NONE',  ( -0.000000000000000000, -0.000000000000000000, -1.000000000000000000 ) ) ;
#2429 = VECTOR ( 'NONE', #2488, 1000.000000000000000 ) ;
#2430 = CARTESIAN_POINT ( 'NONE',  ( 0.09238782051282053154, 0.9454969543160309797, -0.8519230769230765610 ) ) ;
#2431 = ORIENTED_EDGE ( 'NONE', *, *, #2882, .F. ) ;
#2432 = ORIENTED_EDGE ( 'NONE', *, *, #177, .T. ) ;
#2433 = DIRECTION ( 'NONE',  ( 1.000000000000000000, 0.000000000000000000, 0.000000000000000000 ) ) ;
#2434 = FILL_AREA_STYLE_COLOUR ( '', #2981 ) ;
#2435 = VERTEX_POINT ( 'NONE', #2388 ) ;
#2436 = UNCERTAINTY_MEASURE_WITH_UNIT (LENGTH_MEASURE( 1.000000000000000082E-05 ), #863, 'distance_accuracy_value', 'NONE');
#2437 = CARTESIAN_POINT ( 'NONE',  ( -0.1923076923076922073, 0.9303320651677496889, -0.2538461538461539990 ) ) ;
#2438 = CARTESIAN_POINT ( 'NONE',  ( -0.01527856760041808142, 0.9498780679852260045, 0.008061337549432672986 ) ) ;
#2439 = DIRECTION ( 'NONE',  ( -1.000000000000000000, 0.000000000000000000, 0.000000000000000000 ) ) ;
#2440 = CARTESIAN_POINT ( 'NONE',  ( -0.2200617604828381813, 0.9241733877283857534, 0.3135018466869673448 ) ) ;
#2441 = DIRECTION ( 'NONE',  ( 1.000000000000000000, 0.000000000000000000, 0.000000000000000000 ) ) ;
#2442 = CARTESIAN_POINT ( 'NONE',  ( -0.05897435897435880647, 0.9481677198595001022, 0.03541666666666680452 ) ) ;
#2443 = ORIENTED_EDGE ( 'NONE', *, *, #1011, .T. ) ;
#2444 = CARTESIAN_POINT ( 'NONE',  ( -0.2262195264204467926, -0.9226725994983753232, 0.01924316093894253010 ) ) ;
#2445 = CARTESIAN_POINT ( 'NONE',  ( 0.02948717948717948303, 0.9495422614322601707, -0.8898237179487176185 ) ) ;
#2446 = CARTESIAN_POINT ( 'NONE',  ( -0.1881736924797153820, 0.9312247007741134563, -0.8314087486877758115 ) ) ;
#2447 = ORIENTED_EDGE ( 'NONE', *, *, #1383, .T. ) ;
#2448 = EDGE_CURVE ( 'NONE', #808, #238, #910, .T. ) ;
#2449 = VERTEX_POINT ( 'NONE', #1652 ) ;
#2450 = ORIENTED_EDGE ( 'NONE', *, *, #822, .F. ) ;
#2451 = CARTESIAN_POINT ( 'NONE',  ( 0.000000000000000000, -1.000000000000000666, 6.620000000000000107 ) ) ;
#2452 = ORIENTED_EDGE ( 'NONE', *, *, #515, .T. ) ;
#2453 = DIRECTION ( 'NONE',  ( 0.000000000000000000, -1.000000000000000000, -2.008439343748602309E-16 ) ) ;
#2454 = CARTESIAN_POINT ( 'NONE',  ( -0.2879324266574571078, -0.9053226047882217964, -0.8421530298312275287 ) ) ;
#2455 = CARTESIAN_POINT ( 'NONE',  ( -0.2087229420412503866, 0.9267873183557527872, 0.4095693668176541569 ) ) ;
#2456 = CARTESIAN_POINT ( 'NONE',  ( 0.000000000000000000, 0.000000000000000000, -3.403937756669170867 ) ) ;
#2457 = DIRECTION ( 'NONE',  ( 0.000000000000000000, 0.000000000000000000, -1.000000000000000000 ) ) ;
#2458 = B_SPLINE_CURVE_WITH_KNOTS ( 'NONE', 3,
 ( #284, #983, #1925, #2104, #1146, #2859, #2607, #490, #677, #2343, #2373, #1382, #1636, #44, #2578, #463 ),
 .UNSPECIFIED., .F., .F.,
 ( 4, 3, 3, 3, 3, 4 ),
 ( 0.000000000000000000, 4.144347483240984440E-05, 7.511295142572421073E-05, 0.0001087693844609772972, 0.0001421486685163113003, 0.0002015378778104322038 ),
 .UNSPECIFIED. ) ;
#2459 = PRESENTATION_STYLE_ASSIGNMENT (( #2680 ) ) ;
#2460 = CARTESIAN_POINT ( 'NONE',  ( 0.000000000000000000, 0.000000000000000000, -3.403937756669170867 ) ) ;
#2461 = B_SPLINE_CURVE_WITH_KNOTS ( 'NONE', 3,
 ( #1463, #2620, #519, #1946, #737, #1911, #251, #43, #1172, #1677 ),
 .UNSPECIFIED., .F., .F.,
 ( 4, 3, 3, 4 ),
 ( 1.533293416683374186E-19, 2.937598859114445496E-05, 5.687196713339779926E-05, 8.491456543961603499E-05 ),
 .UNSPECIFIED. ) ;
#2462 =( LENGTH_UNIT ( ) NAMED_UNIT ( * ) SI_UNIT ( .MILLI., .METRE. ) );
#2463 = CARTESIAN_POINT ( 'NONE',  ( -0.1801282051282049879, 0.9327667606198729588, 0.1820512820512822094 ) ) ;
#2464 = DIRECTION ( 'NONE',  ( -0.000000000000000000, -0.000000000000000000, 1.000000000000000000 ) ) ;
#2465 = ORIENTED_EDGE ( 'NONE', *, *, #1842, .F. ) ;
#2466 = VERTEX_POINT ( 'NONE', #503 ) ;
#2467 = EDGE_CURVE ( 'NONE', #751, #808, #2458, .T. ) ;
#2468 =( NAMED_UNIT ( * ) SI_UNIT ( $, .STERADIAN. ) SOLID_ANGLE_UNIT ( ) );
#2469 = CARTESIAN_POINT ( 'NONE',  ( -0.2380092559953586595, 0.9197019652845739301, 0.04340625797264134611 ) ) ;
#2470 = B_SPLINE_CURVE_WITH_KNOTS ( 'NONE', 3,
 ( #2394, #472, #2632, #64, #1180, #1661, #246, #1893, #718, #277 ),
 .UNSPECIFIED., .F., .F.,
 ( 4, 3, 3, 4 ),
 ( 0.000000000000000000, 4.826462029820986858E-05, 8.880772252152347823E-05, 0.0001241897441206793538 ),
 .UNSPECIFIED. ) ;
#2471 = DIRECTION ( 'NONE',  ( 0.000000000000000000, -0.000000000000000000, 1.000000000000000000 ) ) ;
#2472 = ORIENTED_EDGE ( 'NONE', *, *, #585, .F. ) ;
#2473 = EDGE_CURVE ( 'NONE', #457, #640, #2943, .T. ) ;
#2474 = CARTESIAN_POINT ( 'NONE',  ( 0.7500000000000000000, 1.040949779275250140E-16, 1.949999999999999956 ) ) ;
#2475 = CARTESIAN_POINT ( 'NONE',  ( -0.1038461538461538519, -0.9443071408876250183, -0.7410256410256407245 ) ) ;
#2476 = FILL_AREA_STYLE_COLOUR ( '', #367 ) ;
#2477 = STYLED_ITEM ( 'NONE', ( #517 ), #45 ) ;
#2478 = CARTESIAN_POINT ( 'NONE',  ( 0.08933736702536121399, 0.9457900585503351554, -0.002785189120435089833 ) ) ;
#2479 = VECTOR ( 'NONE', #2029, 1000.000000000000000 ) ;
#2480 = DIRECTION ( 'NONE',  ( 1.000000000000000000, 0.000000000000000000, 0.000000000000000000 ) ) ;
#2481 = AXIS2_PLACEMENT_3D ( 'NONE', #1145, #1865, #2103 ) ;
#2482 = DIRECTION ( 'NONE',  ( -1.000000000000000000, 0.000000000000000000, 0.000000000000000000 ) ) ;
#2483 = CARTESIAN_POINT ( 'NONE',  ( 0.03333333333333334675, 0.9494150245750743178, -0.9593749999999997558 ) ) ;
#2484 = CARTESIAN_POINT ( 'NONE',  ( -0.1986324369164019221, 0.9291188754854313725, 0.4925631364241392363 ) ) ;
#2485 = VERTEX_POINT ( 'NONE', #1885 ) ;
#2486 = FILL_AREA_STYLE ('',( #1256 ) ) ;
#2487 = ORIENTED_EDGE ( 'NONE', *, *, #1098, .F. ) ;
#2488 = DIRECTION ( 'NONE',  ( -0.000000000000000000, -0.000000000000000000, -1.000000000000000000 ) ) ;
#2489 = CARTESIAN_POINT ( 'NONE',  ( -0.2981271517896301182, 0.9020089807562569062, 0.004601534730477732996 ) ) ;
#2490 = CIRCLE ( 'NONE', #377, 0.2000000000000000944 ) ;
#2491 = DIRECTION ( 'NONE',  ( -0.000000000000000000, -0.000000000000000000, -1.000000000000000000 ) ) ;
#2492 = EDGE_CURVE ( 'NONE', #1102, #722, #973, .T. ) ;
#2493 =( LENGTH_UNIT ( ) NAMED_UNIT ( * ) SI_UNIT ( .MILLI., .METRE. ) );
#2494 = CARTESIAN_POINT ( 'NONE',  ( -0.1314831245946194993, 0.9408571559739294932, 0.09166066461710341284 ) ) ;
#2495 = DIRECTION ( 'NONE',  ( -1.000000000000000000, 0.000000000000000000, 0.000000000000000000 ) ) ;
#2496 = DIRECTION ( 'NONE',  ( -1.000000000000000000, 0.000000000000000000, 0.000000000000000000 ) ) ;
#2497 = EDGE_LOOP ( 'NONE', ( #2971, #1933, #1698, #1700 ) ) ;
#2498 = CARTESIAN_POINT ( 'NONE',  ( -0.2382600596745661492, -0.9196371207433907680, 0.05770144533898562828 ) ) ;
#2499 = PRESENTATION_STYLE_ASSIGNMENT (( #614 ) ) ;
#2500 = ORIENTED_EDGE ( 'NONE', *, *, #1437, .T. ) ;
#2501 = CARTESIAN_POINT ( 'NONE',  ( -0.02528819361649391542, -0.9496633652319199648, -0.6805145487695680728 ) ) ;
#2502 = CARTESIAN_POINT ( 'NONE',  ( -0.04918072667590473596, 0.9487361873151721747, 0.4299486710105612230 ) ) ;
#2503 = CARTESIAN_POINT ( 'NONE',  ( -0.2020682658466719517, 0.9282860263831009817, 0.4131250246484551858 ) ) ;
#2504 = CARTESIAN_POINT ( 'NONE',  ( -0.2946362774865043388, 0.9031561159157843743, -0.8637969869464798833 ) ) ;
#2505 = EDGE_LOOP ( 'NONE', ( #1811, #2935, #471, #2076, #118, #2443, #2263 ) ) ;
#2506 = EDGE_CURVE ( 'NONE', #2913, #1194, #2243, .T. ) ;
#2507 = CARTESIAN_POINT ( 'NONE',  ( 0.03333333333333351328, -0.9494150245750743178, 0.05160256410256423149 ) ) ;
#2508 = CARTESIAN_POINT ( 'NONE',  ( -0.1264423076923075207, -0.9415478441510257701, 0.2384615384615386413 ) ) ;
#2509 = EDGE_CURVE ( 'NONE', #2764, #687, #215, .T. ) ;
#2510 = CARTESIAN_POINT ( 'NONE',  ( 0.06625380850630493978, -0.9478923237853247308, -0.3759414774290453232 ) ) ;
#2511 = SURFACE_STYLE_FILL_AREA ( #1354 ) ;
#2512 = DIRECTION ( 'NONE',  ( 0.000000000000000000, 0.000000000000000000, 1.000000000000000000 ) ) ;
#2513 = VERTEX_POINT ( 'NONE', #1947 ) ;
#2514 = CARTESIAN_POINT ( 'NONE',  ( 0.09343364090665580435, -0.9454125731888611828, 0.09654102839677140835 ) ) ;
#2515 = CARTESIAN_POINT ( 'NONE',  ( -0.2742579617323151475, 0.9095507519794796547, -0.8144359446880878872 ) ) ;
#2516 = CARTESIAN_POINT ( 'NONE',  ( -0.09105434515861456080, 0.9456263036886495277, 0.4742665415399142659 ) ) ;
#2517 = CARTESIAN_POINT ( 'NONE',  ( -0.2951632272686964820, 0.9030206037766662641, 0.1064183109804884148 ) ) ;
#2518 = CARTESIAN_POINT ( 'NONE',  ( -0.2915064102564102755, 0.9041703450011073784, -0.8522435897435893803 ) ) ;
#2519 = CARTESIAN_POINT ( 'NONE',  ( -0.2320488923795618053, -0.9212309343061761968, 0.3855652612085695430 ) ) ;
#2520 = CARTESIAN_POINT ( 'NONE',  ( 0.1051282051282051849, -0.9441652718070718819, -0.5005608974358976004 ) ) ;
#2521 = CARTESIAN_POINT ( 'NONE',  ( 0.02948717948717948303, -0.9495422614322601707, -0.8898237179487176185 ) ) ;
#2522 = CARTESIAN_POINT ( 'NONE',  ( 0.01908217991946423858, 0.9498083335131292104, 0.1642128764345763270 ) ) ;
#2523 = EDGE_LOOP ( 'NONE', ( #2147, #2715, #2404, #844 ) ) ;
#2524 = ADVANCED_FACE ( 'NONE', ( #2641 ), #819, .T. ) ;
#2525 = STYLED_ITEM ( 'NONE', ( #2086 ), #729 ) ;
#2526 = CARTESIAN_POINT ( 'NONE',  ( 0.07329896861593836188, -0.9472136548175533743, 0.1301692524101057680 ) ) ;
#2527 = CIRCLE ( 'NONE', #1991, 0.2999999999999999889 ) ;
#2528 = CARTESIAN_POINT ( 'NONE',  ( -0.2259943192861287586, 0.9227277863218378284, -0.7698683284067890931 ) ) ;
#2529 = EDGE_LOOP ( 'NONE', ( #622, #545, #336, #2586 ) ) ;
#2530 = DIRECTION ( 'NONE',  ( -0.000000000000000000, -0.000000000000000000, 1.000000000000000000 ) ) ;
#2531 = CARTESIAN_POINT ( 'NONE',  ( -0.07221216654731858753, 0.9472828039211654838, 0.4599848869436911070 ) ) ;
#2532 = CARTESIAN_POINT ( 'NONE',  ( -0.2976549718391144350, 0.9021651637849944505, -0.8815198663638343923 ) ) ;
#2533 = CIRCLE ( 'NONE', #1791, 0.9499999999999999556 ) ;
#2534 = AXIS2_PLACEMENT_3D ( 'NONE', #1982, #2966, #1216 ) ;
#2535 = CARTESIAN_POINT ( 'NONE',  ( -0.1181496707565035942, 0.9427341725669396988, -0.7413077333173971883 ) ) ;
#2536 = VECTOR ( 'NONE', #870, 1000.000000000000000 ) ;
#2537 = CARTESIAN_POINT ( 'NONE',  ( 0.01589308635085871779, -0.9498670484895462840, 0.1649145868323785014 ) ) ;
#2538 = CARTESIAN_POINT ( 'NONE',  ( 0.05469110777786562183, 0.9484383920870373963, 0.1473803611920733725 ) ) ;
#2539 = ORIENTED_EDGE ( 'NONE', *, *, #1363, .T. ) ;
#2540 = ORIENTED_EDGE ( 'NONE', *, *, #124, .F. ) ;
#2541 = CARTESIAN_POINT ( 'NONE',  ( 0.06402243589743610019, -0.9478402437656668900, 0.1392628205128206564 ) ) ;
#2542 = EDGE_CURVE ( 'NONE', #2666, #1159, #123, .T. ) ;
#2543 = SURFACE_STYLE_USAGE ( .BOTH. , #202 ) ;
#2544 = CARTESIAN_POINT ( 'NONE',  ( 0.03305867682014047154, 0.9494246675835262828, 0.04609647755648006023 ) ) ;
#2545 = ORIENTED_EDGE ( 'NONE', *, *, #3042, .T. ) ;
#2546 = CARTESIAN_POINT ( 'NONE',  ( -0.1051282051282049629, 0.9441652718070718819, 0.3616185897435899022 ) ) ;
#2547 = DIRECTION ( 'NONE',  ( 0.000000000000000000, -1.392979236598078510E-16, -1.000000000000000000 ) ) ;
#2548 = CARTESIAN_POINT ( 'NONE',  ( -0.1947578472584118037, 0.9299416050827793434, 0.1817538854332274578 ) ) ;
#2549 = ADVANCED_FACE ( 'NONE', ( #2950 ), #1687, .T. ) ;
#2550 = CARTESIAN_POINT ( 'NONE',  ( -0.2983023968225174682, 0.9019510408275724922, -0.8874824870490395368 ) ) ;
#2551 = CARTESIAN_POINT ( 'NONE',  ( 0.09487179487179507598, -0.9452509415693823858, 0.2846153846153848810 ) ) ;
#2552 = VERTEX_POINT ( 'NONE', #2171 ) ;
#2553 = CARTESIAN_POINT ( 'NONE',  ( 0.09705720894460546921, -0.9450306132292473071, 0.08360363839742028513 ) ) ;
#2554 = CARTESIAN_POINT ( 'NONE',  ( 0.03333333333333351328, 0.9494150245750743178, 0.05160256410256423149 ) ) ;
#2555 = CARTESIAN_POINT ( 'NONE',  ( -0.1354260249465614185, -0.9403471286320450595, 0.1730103984684886742 ) ) ;
#2556 = EDGE_CURVE ( 'NONE', #389, #2282, #1244, .T. ) ;
#2557 = ORIENTED_EDGE ( 'NONE', *, *, #1915, .F. ) ;
#2558 = DIRECTION ( 'NONE',  ( -0.000000000000000000, 1.000000000000000000, -2.008439343748602309E-16 ) ) ;
#2559 =( NAMED_UNIT ( * ) PLANE_ANGLE_UNIT ( ) SI_UNIT ( $, .RADIAN. ) );
#2560 = DIRECTION ( 'NONE',  ( -0.000000000000000000, -0.000000000000000000, -1.000000000000000000 ) ) ;
#2561 = CARTESIAN_POINT ( 'NONE',  ( 0.000000000000000000, -0.2999999999999999889, -1.949999999999999956 ) ) ;
#2562 = EDGE_CURVE ( 'NONE', #510, #1031, #1712, .T. ) ;
#2563 = CARTESIAN_POINT ( 'NONE',  ( -0.1889423076923077149, 0.9310213769639800185, -0.7532051282051278607 ) ) ;
#2564 = CARTESIAN_POINT ( 'NONE',  ( 0.000000000000000000, 0.000000000000000000, -3.403937756669170867 ) ) ;
#2565 = CARTESIAN_POINT ( 'NONE',  ( -0.03672945489284466097, -0.9492897066456987831, 0.1596360953022276929 ) ) ;
#2566 = VERTEX_POINT ( 'NONE', #2206 ) ;
#2567 = B_SPLINE_CURVE_WITH_KNOTS ( 'NONE', 3,
 ( #1249, #2938, #1232, #2248, #1487, #593, #1067, #2211, #2684, #2194, #2919, #1730, #1271, #147, #1988, #812 ),
 .UNSPECIFIED., .F., .F.,
 ( 4, 3, 3, 3, 3, 4 ),
 ( 0.000000000000000000, 1.944516889638816176E-05, 3.173072336671912714E-05, 4.402202973303257757E-05, 5.585433565266309806E-05, 6.382080989213551557E-05 ),
 .UNSPECIFIED. ) ;
#2568 = MECHANICAL_DESIGN_GEOMETRIC_PRESENTATION_REPRESENTATION (  '', ( #450 ), #211 ) ;
#2569 = CARTESIAN_POINT ( 'NONE',  ( -0.2995606246715206700, 0.9015393031803973223, 0.4042325311775801233 ) ) ;
#2570 = CARTESIAN_POINT ( 'NONE',  ( -0.03846153846153831796, 0.9492211070447030830, 0.3799679487179488668 ) ) ;
#2571 = ORIENTED_EDGE ( 'NONE', *, *, #2178, .T. ) ;
#2572 = FILL_AREA_STYLE ('',( #78 ) ) ;
#2573 =( NAMED_UNIT ( * ) SI_UNIT ( $, .STERADIAN. ) SOLID_ANGLE_UNIT ( ) );
#2574 = CARTESIAN_POINT ( 'NONE',  ( -0.05270666572127464394, -0.9485367717636185025, 0.06678933493861741177 ) ) ;
#2575 = PRESENTATION_LAYER_ASSIGNMENT (  '', '', ( #1386 ) ) ;
#2576 = CARTESIAN_POINT ( 'NONE',  ( -0.2110815114172197859, -0.9262666036558253602, 0.4086699485192629155 ) ) ;
#2577 = MECHANICAL_DESIGN_GEOMETRIC_PRESENTATION_REPRESENTATION (  '', ( #317 ), #655 ) ;
#2578 = CARTESIAN_POINT ( 'NONE',  ( -0.08002558897105019331, 0.9468313889513920723, -0.6125070445319036327 ) ) ;
#2579 = EDGE_CURVE ( 'NONE', #304, #2233, #1056, .T. ) ;
#2580 = CARTESIAN_POINT ( 'NONE',  ( 0.02948717948717948303, 0.9495422614322601707, -0.8898237179487176185 ) ) ;
#2581 = AXIS2_PLACEMENT_3D ( 'NONE', #385, #2464, #2732 ) ;
#2582 = PRODUCT_DEFINITION_FORMATION_WITH_SPECIFIED_SOURCE ( 'ANY', '', #159, .NOT_KNOWN. ) ;
#2583 = CYLINDRICAL_SURFACE ( 'NONE', #170, 0.9499999999999999556 ) ;
#2584 = SURFACE_SIDE_STYLE ('',( #743 ) ) ;
#2585 =( LENGTH_UNIT ( ) NAMED_UNIT ( * ) SI_UNIT ( .MILLI., .METRE. ) );
#2586 = ORIENTED_EDGE ( 'NONE', *, *, #893, .F. ) ;
#2587 = ORIENTED_EDGE ( 'NONE', *, *, #2158, .T. ) ;
#2588 = CARTESIAN_POINT ( 'NONE',  ( -0.2347283588889068628, -0.9205447286974615118, 0.3356044760355877399 ) ) ;
#2589 = CARTESIAN_POINT ( 'NONE',  ( -0.3030376206240809611, 0.9003858945045488671, 0.3273219012684254192 ) ) ;
#2590 = CARTESIAN_POINT ( 'NONE',  ( 0.02591380116958132140, -0.9496505460561855960, 0.07518602291462123111 ) ) ;
#2591 = VERTEX_POINT ( 'NONE', #2032 ) ;
#2592 = SURFACE_STYLE_USAGE ( .BOTH. , #267 ) ;
#2593 = CARTESIAN_POINT ( 'NONE',  ( -0.02220409189369179984, 0.9504324754808400888, -0.7460039414857654316 ) ) ;
#2594 = VERTEX_POINT ( 'NONE', #864 ) ;
#2595 = CARTESIAN_POINT ( 'NONE',  ( 0.08467659205534475153, 0.9462187245857404116, 0.1135152717114688847 ) ) ;
#2596 = EDGE_CURVE ( 'NONE', #264, #93, #1824, .T. ) ;
#2597 =( LENGTH_UNIT ( ) NAMED_UNIT ( * ) SI_UNIT ( .MILLI., .METRE. ) );
#2598 = CARTESIAN_POINT ( 'NONE',  ( -0.3048690931632472845, 0.8997526942975444531, 0.3690113260155166164 ) ) ;
#2599 = ORIENTED_EDGE ( 'NONE', *, *, #2974, .F. ) ;
#2600 = CARTESIAN_POINT ( 'NONE',  ( -0.2384615384615383360, -0.9195847403445516210, 0.3559294871794874138 ) ) ;
#2601 = CARTESIAN_POINT ( 'NONE',  ( -0.2384615384615384193, 0.9195847403445515100, -0.4995993589743591423 ) ) ;
#2602 = CARTESIAN_POINT ( 'NONE',  ( 0.06402243589743610019, -0.9478402437656668900, 0.1392628205128206564 ) ) ;
#2603 = CARTESIAN_POINT ( 'NONE',  ( -0.1264423076923075207, 0.9415478441510255481, 0.2384615384615386413 ) ) ;
#2604 = ORIENTED_EDGE ( 'NONE', *, *, #693, .T. ) ;
#2605 = PRESENTATION_STYLE_ASSIGNMENT (( #2847 ) ) ;
#2606 = CARTESIAN_POINT ( 'NONE',  ( -0.05126051828338056005, 0.9486185474809271101, 0.3343959995208188318 ) ) ;
#2607 = CARTESIAN_POINT ( 'NONE',  ( 0.01523456762392360817, 0.9498778384348259829, -0.5698688500152225833 ) ) ;
#2608 = CARTESIAN_POINT ( 'NONE',  ( 0.000000000000000000, 0.000000000000000000, 0.000000000000000000 ) ) ;
#2609 = CARTESIAN_POINT ( 'NONE',  ( -0.2659925215611641525, 0.9122271362651982463, -0.3750737242915073155 ) ) ;
#2610 = FILL_AREA_STYLE_COLOUR ( '', #703 ) ;
#2611 = ORIENTED_EDGE ( 'NONE', *, *, #2306, .T. ) ;
#2612 = CARTESIAN_POINT ( 'NONE',  ( 0.09563064579597864434, 0.9451800864944613911, -0.8641909162254554078 ) ) ;
#2613 = EDGE_CURVE ( 'NONE', #2121, #2485, #1864, .T. ) ;
#2614 = LINE ( 'NONE', #1024, #1879 ) ;
#2615 = CARTESIAN_POINT ( 'NONE',  ( 0.02252326686330647157, -0.9501736101031618142, -0.06298577576456461380 ) ) ;
#2616 = AXIS2_PLACEMENT_3D ( 'NONE', #626, #1086, #641 ) ;
#2617 = CARTESIAN_POINT ( 'NONE',  ( 0.003855570607623892178, 0.9500316794049072922, -0.8423890232588288063 ) ) ;
#2618 = CARTESIAN_POINT ( 'NONE',  ( -0.006600714438238803466, -0.9499808891486575257, 0.08965603321819753946 ) ) ;
#2619 = AXIS2_PLACEMENT_3D ( 'NONE', #1439, #65, #749 ) ;
#2620 = CARTESIAN_POINT ( 'NONE',  ( -0.2527632955058798370, -0.9157846127516509060, -0.7891145029411554823 ) ) ;
#2621 = CARTESIAN_POINT ( 'NONE',  ( -0.1681089743589742058, -0.9350076859256152284, 0.4948717948717950565 ) ) ;
#2622 = PRESENTATION_LAYER_ASSIGNMENT (  '', '', ( #1134 ) ) ;
#2623 = VERTEX_POINT ( 'NONE', #380 ) ;
#2624 = CARTESIAN_POINT ( 'NONE',  ( 0.01077282154232915221, -0.9500337900921201895, -0.4220989562966328545 ) ) ;
#2625 = VERTEX_POINT ( 'NONE', #1790 ) ;
#2626 = COLOUR_RGB ( '',0.8313725490196077761, 0.8313725490196077761, 0.8196078431372548767 ) ;
#2627 = CARTESIAN_POINT ( 'NONE',  ( 0.09944897371635248728, 0.9447803789513697925, -0.9021892995732067044 ) ) ;
#2628 = ORIENTED_EDGE ( 'NONE', *, *, #2864, .T. ) ;
#2629 = MECHANICAL_DESIGN_GEOMETRIC_PRESENTATION_REPRESENTATION (  '', ( #1502 ), #464 ) ;
#2630 = ORIENTED_EDGE ( 'NONE', *, *, #481, .T. ) ;
#2631 = EDGE_CURVE ( 'NONE', #1728, #445, #194, .T. ) ;
#2632 = CARTESIAN_POINT ( 'NONE',  ( -0.3029746729828647345, -0.9004088683784664537, 0.3916409632211595993 ) ) ;
#2633 = CARTESIAN_POINT ( 'NONE',  ( 0.1000000000000001582, -0.9447221813845592120, 0.05096153846153859968 ) ) ;
#2634 = CARTESIAN_POINT ( 'NONE',  ( -0.1577603537989640536, -0.9368093033105784340, 0.1035811158853037900 ) ) ;
#2635 = B_SPLINE_CURVE_WITH_KNOTS ( 'NONE', 3,
 ( #451, #667, #634, #1353, #2310, #1092, #2810, #2052, #2036, #1838 ),
 .UNSPECIFIED., .F., .F.,
 ( 4, 3, 3, 4 ),
 ( 0.000000000000000000, 7.813754338701338838E-06, 1.563017673329805825E-05, 3.117770489643374742E-05 ),
 .UNSPECIFIED. ) ;
#2636 = ORIENTED_EDGE ( 'NONE', *, *, #82, .T. ) ;
#2637 = EDGE_CURVE ( 'NONE', #840, #304, #1252, .T. ) ;
#2638 = SURFACE_SIDE_STYLE ('',( #1676 ) ) ;
#2639 = DIRECTION ( 'NONE',  ( -1.000000000000000000, 0.000000000000000000, 0.000000000000000000 ) ) ;
#2640 = DIRECTION ( 'NONE',  ( -1.000000000000000000, 0.000000000000000000, 0.000000000000000000 ) ) ;
#2641 = FACE_OUTER_BOUND ( 'NONE', #174, .T. ) ;
#2642 = SHAPE_DEFINITION_REPRESENTATION ( #2767, #1607 ) ;
#2643 = EDGE_LOOP ( 'NONE', ( #2921, #2587, #2889, #2661 ) ) ;
#2644 = B_SPLINE_CURVE_WITH_KNOTS ( 'NONE', 3,
 ( #854, #728, #1190, #1887, #1449, #2118, #2595, #1175, #1638, #1680 ),
 .UNSPECIFIED., .F., .F.,
 ( 4, 3, 3, 4 ),
 ( 0.000000000000000000, 2.467013507584419940E-05, 6.535927163824821300E-05, 9.851021129836352126E-05 ),
 .UNSPECIFIED. ) ;
#2645 = ORIENTED_EDGE ( 'NONE', *, *, #585, .T. ) ;
#2646 = CARTESIAN_POINT ( 'NONE',  ( -0.1621920546475187075, 0.9360937880003711298, 0.1810806369025124984 ) ) ;
#2647 = LINE ( 'NONE', #339, #1342 ) ;
#2648 = EDGE_LOOP ( 'NONE', ( #2725, #2450, #2487, #1851, #1841, #2704, #2922, #2872, #514, #849, #2677, #1752, #2066, #398, #1059, #293, #1275 ) ) ;
#2649 = CARTESIAN_POINT ( 'NONE',  ( -0.1552288789457104967, -0.9387370687680233194, -0.6887609846034189465 ) ) ;
#2650 = CARTESIAN_POINT ( 'NONE',  ( -0.1326203947320414023, -0.9407045571431411624, 0.09288097696752994903 ) ) ;
#2651 = EDGE_LOOP ( 'NONE', ( #475, #2107, #1039, #726, #1393, #355 ) ) ;
#2652 = UNCERTAINTY_MEASURE_WITH_UNIT (LENGTH_MEASURE( 1.000000000000000082E-05 ), #1626, 'distance_accuracy_value', 'NONE');
#2653 = ORIENTED_EDGE ( 'NONE', *, *, #1704, .T. ) ;
#2654 = CARTESIAN_POINT ( 'NONE',  ( 0.03811474567412152792, 0.9500292069841104192, -0.6536834026646141105 ) ) ;
#2655 = CARTESIAN_POINT ( 'NONE',  ( -0.04907071732060968444, 0.9487337001083724353, 0.3381905966894457327 ) ) ;
#2656 = CARTESIAN_POINT ( 'NONE',  ( -0.2268196728557765884, 0.9225252495218508875, 0.08398584457700770944 ) ) ;
#2657 = EDGE_CURVE ( 'NONE', #2023, #1023, #2900, .T. ) ;
#2658 = DIRECTION ( 'NONE',  ( -1.000000000000000000, 0.000000000000000000, 0.000000000000000000 ) ) ;
#2659 = CARTESIAN_POINT ( 'NONE',  ( -0.1616333258646777404, -0.9362571113434066117, -0.7456513084481505294 ) ) ;
#2660 = CARTESIAN_POINT ( 'NONE',  ( -0.05652277226183664849, 0.9483170230549288204, 0.05735580859640357354 ) ) ;
#2661 = ORIENTED_EDGE ( 'NONE', *, *, #865, .T. ) ;
#2662 = CARTESIAN_POINT ( 'NONE',  ( 0.000000000000000000, 0.000000000000000000, -3.403937756669170867 ) ) ;
#2663 = CARTESIAN_POINT ( 'NONE',  ( -0.1024038461538461092, -0.9444646379261106839, -0.6897435897435899577 ) ) ;
#2664 = CARTESIAN_POINT ( 'NONE',  ( -0.1523728813582936048, -0.9377352263431858459, 0.4169746773099070603 ) ) ;
#2665 = VERTEX_POINT ( 'NONE', #2075 ) ;
#2666 = VERTEX_POINT ( 'NONE', #663 ) ;
#2667 = PRESENTATION_STYLE_ASSIGNMENT (( #977 ) ) ;
#2668 = CARTESIAN_POINT ( 'NONE',  ( -0.1750801282051280550, -0.9337274488348705770, 0.1051282051282052682 ) ) ;
#2669 = DIRECTION ( 'NONE',  ( -1.000000000000000000, 0.000000000000000000, 0.000000000000000000 ) ) ;
#2670 = AXIS2_PLACEMENT_3D ( 'NONE', #1617, #2755, #1830 ) ;
#2671 = VERTEX_POINT ( 'NONE', #2743 ) ;
#2672 = CIRCLE ( 'NONE', #2227, 0.2999999999999999889 ) ;
#2673 = DIRECTION ( 'NONE',  ( -1.000000000000000000, 0.000000000000000000, 0.000000000000000000 ) ) ;
#2674 = DIRECTION ( 'NONE',  ( 0.000000000000000000, 0.000000000000000000, -1.000000000000000000 ) ) ;
#2675 = B_SPLINE_CURVE_WITH_KNOTS ( 'NONE', 3,
 ( #1557, #3035, #950, #1896, #2617, #908, #2384, #1849 ),
 .UNSPECIFIED., .F., .F.,
 ( 4, 2, 2, 4 ),
 ( 0.000000000000000000, 8.076302317354989719E-05, 0.0001211445347603248390, 0.0001615260463470997944 ),
 .UNSPECIFIED. ) ;
#2676 = CARTESIAN_POINT ( 'NONE',  ( -0.2172189040800832360, 0.9248516852524608645, 0.09340484714238549147 ) ) ;
#2677 = ORIENTED_EDGE ( 'NONE', *, *, #1360, .F. ) ;
#2678 = SURFACE_STYLE_FILL_AREA ( #1403 ) ;
#2679 = EDGE_CURVE ( 'NONE', #625, #1501, #2119, .T. ) ;
#2680 = SURFACE_STYLE_USAGE ( .BOTH. , #807 ) ;
#2681 = CARTESIAN_POINT ( 'NONE',  ( -0.05925046447531265303, 0.9481891702182004833, -0.6873488651961529028 ) ) ;
#2682 = VERTEX_POINT ( 'NONE', #2977 ) ;
#2683 = CARTESIAN_POINT ( 'NONE',  ( -0.2139614720058996000, -0.9255919665257771323, 0.008955510498023920574 ) ) ;
#2684 = CARTESIAN_POINT ( 'NONE',  ( 0.02652280424226667946, 0.9496319202090304223, 0.07447094961977486494 ) ) ;
#2685 = CIRCLE ( 'NONE', #1338, 0.9499999999999999556 ) ;
#2686 = CARTESIAN_POINT ( 'NONE',  ( -0.1666323477116838370, -0.9352774836128177061, 0.4178985663558277275 ) ) ;
#2687 = ORIENTED_EDGE ( 'NONE', *, *, #2637, .F. ) ;
#2688 = ORIENTED_EDGE ( 'NONE', *, *, #3010, .F. ) ;
#2689 = EDGE_LOOP ( 'NONE', ( #801, #2363, #90, #1594 ) ) ;
#2690 = TOROIDAL_SURFACE ( 'NONE', #2534, 0.9999999999999997780, 0.2999999999999999889 ) ;
#2691 = CARTESIAN_POINT ( 'NONE',  ( -0.9499999999999999556, 0.000000000000000000, -1.749999999999999778 ) ) ;
#2692 = CIRCLE ( 'NONE', #2186, 0.2999999999999999889 ) ;
#2693 = CARTESIAN_POINT ( 'NONE',  ( 0.9499999999999999556, 1.163414459189985682E-16, 1.749999999999999778 ) ) ;
#2694 = CARTESIAN_POINT ( 'NONE',  ( -0.1122894772621169379, 0.9433403804017932437, 0.3907610413360225743 ) ) ;
#2695 = CARTESIAN_POINT ( 'NONE',  ( -0.2383326438460128260, 0.9196181645706932306, 0.3632672294412450653 ) ) ;
#2696 = CARTESIAN_POINT ( 'NONE',  ( 0.08476420735794532035, 0.9462220297261578761, -0.01327252946927592013 ) ) ;
#2697 =( LENGTH_UNIT ( ) NAMED_UNIT ( * ) SI_UNIT ( .MILLI., .METRE. ) );
#2698 = EDGE_CURVE ( 'NONE', #2671, #1452, #2016, .T. ) ;
#2699 = CARTESIAN_POINT ( 'NONE',  ( -0.7500000000000000000, 1.040949779275250140E-16, -1.949999999999999956 ) ) ;
#2700 = CARTESIAN_POINT ( 'NONE',  ( -0.2272465826781882581, 0.9224461600014315366, 0.4825986824619213911 ) ) ;
#2701 = ORIENTED_EDGE ( 'NONE', *, *, #2556, .T. ) ;
#2702 = EDGE_CURVE ( 'NONE', #1323, #2307, #542, .T. ) ;
#2703 = CARTESIAN_POINT ( 'NONE',  ( -0.04913508940148714199, -0.9487383104583638760, 0.3380797856899164233 ) ) ;
#2704 = ORIENTED_EDGE ( 'NONE', *, *, #1217, .F. ) ;
#2705 = FILL_AREA_STYLE ('',( #2720 ) ) ;
#2706 = CARTESIAN_POINT ( 'NONE',  ( -0.1826949194570405555, -0.9322720642994382079, 0.2504072301657038757 ) ) ;
#2707 = CARTESIAN_POINT ( 'NONE',  ( -0.2376373038708634311, 0.9198004889615895019, 0.06337775648591625899 ) ) ;
#2708 = ORIENTED_EDGE ( 'NONE', *, *, #2992, .T. ) ;
#2709 = CYLINDRICAL_SURFACE ( 'NONE', #1131, 0.9499999999999999556 ) ;
#2710 = CARTESIAN_POINT ( 'NONE',  ( 0.000000000000000000, -1.000000000000000666, 6.620000000000000107 ) ) ;
#2711 = CARTESIAN_POINT ( 'NONE',  ( -0.04221618017443326543, 0.9490995596513579491, -0.6845414282964770170 ) ) ;
#2712 = CARTESIAN_POINT ( 'NONE',  ( -0.2301100389725374840, -0.9217187292874844395, 0.02360022839506250442 ) ) ;
#2713 = CARTESIAN_POINT ( 'NONE',  ( 0.03220891953267791818, 0.9494539467371909680, -0.9129472200204946652 ) ) ;
#2714 = CARTESIAN_POINT ( 'NONE',  ( -0.2549163700229973850, -0.9152403490833685984, 0.1575305210192039784 ) ) ;
#2715 = ORIENTED_EDGE ( 'NONE', *, *, #2467, .T. ) ;
#2716 = CARTESIAN_POINT ( 'NONE',  ( -0.2248347566050417079, 0.9230110141389807898, 0.01774960694166972247 ) ) ;
#2717 = EDGE_CURVE ( 'NONE', #332, #1240, #2675, .T. ) ;
#2718 = CARTESIAN_POINT ( 'NONE',  ( -0.1923076923076922073, 0.9303320651677496889, -0.1051282051282051294 ) ) ;
#2719 = B_SPLINE_CURVE_WITH_KNOTS ( 'NONE', 3,
 ( #2210, #129, #1525, #1293, #1777, #146, #2021, #2968, #112, #838 ),
 .UNSPECIFIED., .F., .F.,
 ( 4, 3, 3, 4 ),
 ( 1.694065894508600678E-20, 7.810450692892079302E-06, 1.562779937032397374E-05, 3.121525988797553867E-05 ),
 .UNSPECIFIED. ) ;
#2720 = FILL_AREA_STYLE_COLOUR ( '', #2824 ) ;
#2721 = CARTESIAN_POINT ( 'NONE',  ( -0.1153319312996775869, 0.9430661518002306787, 0.4869969515045071695 ) ) ;
#2722 = DIRECTION ( 'NONE',  ( -0.000000000000000000, -0.000000000000000000, -1.000000000000000000 ) ) ;
#2723 = CARTESIAN_POINT ( 'NONE',  ( -0.1264423076923075207, 0.9415478441510255481, 0.2384615384615386413 ) ) ;
#2724 = B_SPLINE_CURVE_WITH_KNOTS ( 'NONE', 3,
 ( #1736, #798, #1255, #1071, #2215, #2736, #613, #2183, #2960, #829 ),
 .UNSPECIFIED., .F., .F.,
 ( 4, 3, 3, 4 ),
 ( 3.252606517456513302E-19, 1.797466769105152061E-05, 3.595909667224648739E-05, 7.196689139893281187E-05 ),
 .UNSPECIFIED. ) ;
#2725 = ORIENTED_EDGE ( 'NONE', *, *, #727, .F. ) ;
#2726 = STYLED_ITEM ( 'NONE', ( #2667 ), #294 ) ;
#2727 = DIRECTION ( 'NONE',  ( 0.000000000000000000, -1.000000000000000000, 0.000000000000000000 ) ) ;
#2728 = CARTESIAN_POINT ( 'NONE',  ( -0.1230405421450593284, 0.9420026898088122991, 0.08340507000218204403 ) ) ;
#2729 = CIRCLE ( 'NONE', #3025, 0.9499999999999999556 ) ;
#2730 = CARTESIAN_POINT ( 'NONE',  ( -0.006410256410256241766, -0.9499783727079026407, -0.06923076923076909583 ) ) ;
#2731 =( NAMED_UNIT ( * ) PLANE_ANGLE_UNIT ( ) SI_UNIT ( $, .RADIAN. ) );
#2732 = DIRECTION ( 'NONE',  ( 1.000000000000000000, 0.000000000000000000, 0.000000000000000000 ) ) ;
#2733 = ORIENTED_EDGE ( 'NONE', *, *, #2259, .F. ) ;
#2734 = VECTOR ( 'NONE', #620, 1000.000000000000000 ) ;
#2735 =( GEOMETRIC_REPRESENTATION_CONTEXT ( 3 ) GLOBAL_UNCERTAINTY_ASSIGNED_CONTEXT ( ( #2116 ) ) GLOBAL_UNIT_ASSIGNED_CONTEXT ( ( #1516, #1767, #117 ) ) REPRESENTATION_CONTEXT ( 'NONE', 'WORKASPACE' ) );
#2736 = CARTESIAN_POINT ( 'NONE',  ( -0.2989430299524589163, -0.9017391696279752900, -0.8933734339803507396 ) ) ;
#2737 = CARTESIAN_POINT ( 'NONE',  ( -0.1904803109080925316, -0.9307946379909830537, -0.8321186177063195633 ) ) ;
#2738 = ORIENTED_EDGE ( 'NONE', *, *, #1152, .F. ) ;
#2739 = CARTESIAN_POINT ( 'NONE',  ( -0.01794871794871778087, -0.9498304288261124606, 0.007692307692307823706 ) ) ;
#2740 = SURFACE_STYLE_FILL_AREA ( #1788 ) ;
#2741 = CARTESIAN_POINT ( 'NONE',  ( -0.1872294658368544862, 0.9313673427400166460, 0.4166132116364720250 ) ) ;
#2742 = CIRCLE ( 'NONE', #1341, 0.1999999999999999833 ) ;
#2743 = CARTESIAN_POINT ( 'NONE',  ( 0.01794871794871810700, 0.9498304288261129047, 0.4794871794871796711 ) ) ;
#2744 = ADVANCED_FACE ( 'NONE', ( #691 ), #2338, .T. ) ;
#2745 = ORIENTED_EDGE ( 'NONE', *, *, #1881, .T. ) ;
#2746 = STYLED_ITEM ( 'NONE', ( #2826 ), #2815 ) ;
#2747 = FACE_BOUND ( 'NONE', #537, .T. ) ;
#2748 = CARTESIAN_POINT ( 'NONE',  ( -3.673940397442058882E-17, -1.000000000000000666, -6.620000000000000107 ) ) ;
#2749 = FACE_OUTER_BOUND ( 'NONE', #1431, .T. ) ;
#2750 = CARTESIAN_POINT ( 'NONE',  ( -0.07927264040574934223, -0.9467155136721250308, 0.1218803697415588028 ) ) ;
#2751 = ORIENTED_EDGE ( 'NONE', *, *, #2717, .T. ) ;
#2752 = CARTESIAN_POINT ( 'NONE',  ( -0.1938460774230482409, -0.9300681345750438922, -0.5891056642290924961 ) ) ;
#2753 = DIRECTION ( 'NONE',  ( -0.000000000000000000, -0.000000000000000000, -1.000000000000000000 ) ) ;
#2754 = VERTEX_POINT ( 'NONE', #2201 ) ;
#2755 = DIRECTION ( 'NONE',  ( -0.000000000000000000, -0.000000000000000000, -1.000000000000000000 ) ) ;
#2756 = CARTESIAN_POINT ( 'NONE',  ( -0.09975961538461532163, 0.9447475954657486019, -0.6128205128205129748 ) ) ;
#2757 = CARTESIAN_POINT ( 'NONE',  ( -0.05072786415455376313, 0.9486757184828268352, 0.1523858625194612348 ) ) ;
#2758 = ORIENTED_EDGE ( 'NONE', *, *, #1205, .F. ) ;
#2759 = CARTESIAN_POINT ( 'NONE',  ( 0.02952701432381996810, -0.9495410235607478766, 0.03463766536603204299 ) ) ;
#2760 = EDGE_CURVE ( 'NONE', #911, #2591, #682, .T. ) ;
#2761 = B_SPLINE_CURVE_WITH_KNOTS ( 'NONE', 3,
 ( #1919, #2869, #345, #2236, #2973, #103 ),
 .UNSPECIFIED., .F., .F.,
 ( 4, 2, 4 ),
 ( 1.459651845771927861E-19, 9.856942327389901478E-05, 0.0001971388465477978669 ),
 .UNSPECIFIED. ) ;
#2762 = CARTESIAN_POINT ( 'NONE',  ( -0.2280365543904795123, -0.9223424525446619615, 0.4829182319310800220 ) ) ;
#2763 = CARTESIAN_POINT ( 'NONE',  ( 0.000000000000000000, 0.000000000000000000, 1.149999999999999911 ) ) ;
#2764 = VERTEX_POINT ( 'NONE', #764 ) ;
#2765 = CARTESIAN_POINT ( 'NONE',  ( -0.2184929773995377411, -0.9245327570323069732, 0.09202433067005807987 ) ) ;
#2766 = CARTESIAN_POINT ( 'NONE',  ( -0.2142919993740142193, 0.9255939163569470995, -0.7630952894079671145 ) ) ;
#2767 = PRODUCT_DEFINITION_SHAPE ( 'NONE', 'NONE',  #462 ) ;
#2768 = ORIENTED_EDGE ( 'NONE', *, *, #2329, .T. ) ;
#2769 = LINE ( 'NONE', #166, #1875 ) ;
#2770 = B_SPLINE_CURVE_WITH_KNOTS ( 'NONE', 3,
 ( #362, #2947, #328, #2221, #2962, #2253, #1738, #599, #312, #1477 ),
 .UNSPECIFIED., .F., .F.,
 ( 4, 3, 3, 4 ),
 ( 0.000000000000000000, 2.162775982837937866E-05, 4.323817316993554624E-05, 8.631740333732821106E-05 ),
 .UNSPECIFIED. ) ;
#2771 = FACE_OUTER_BOUND ( 'NONE', #1957, .T. ) ;
#2772 = CARTESIAN_POINT ( 'NONE',  ( -0.3051282051282049879, -0.8996648144921751689, 0.04991987179487193671 ) ) ;
#2773 = CARTESIAN_POINT ( 'NONE',  ( -0.08537591501383491599, 0.9461567049520250849, 0.1112907460797649822 ) ) ;
#2774 = CARTESIAN_POINT ( 'NONE',  ( 0.01203884833356430595, -0.9499349434419176452, 0.01619211669006527868 ) ) ;
#2775 = EDGE_CURVE ( 'NONE', #1435, #2552, #2490, .T. ) ;
#2776 = AXIS2_PLACEMENT_3D ( 'NONE', #100, #1735, #1993 ) ;
#2777 = CARTESIAN_POINT ( 'NONE',  ( -0.01794871794871778087, 0.9498304288261129047, 0.007692307692307823706 ) ) ;
#2778 = CARTESIAN_POINT ( 'NONE',  ( -0.03043762055906193420, 0.9499023320142583326, -0.3917162642238793957 ) ) ;
#2779 = ORIENTED_EDGE ( 'NONE', *, *, #2347, .F. ) ;
#2780 = MECHANICAL_DESIGN_GEOMETRIC_PRESENTATION_REPRESENTATION (  '', ( #2525 ), #1042 ) ;
#2781 = EDGE_CURVE ( 'NONE', #2485, #441, #937, .T. ) ;
#2782 = CARTESIAN_POINT ( 'NONE',  ( -0.2316956377535815403, -0.9213127218434276067, 0.07714463062596377263 ) ) ;
#2783 = CARTESIAN_POINT ( 'NONE',  ( -0.1105164128288176062, -0.9435831562931090710, 0.1551591581318971513 ) ) ;
#2784 = COLOUR_RGB ( '',0.8313725490196077761, 0.8313725490196077761, 0.8196078431372548767 ) ;
#2785 = DIRECTION ( 'NONE',  ( -0.000000000000000000, -0.000000000000000000, -1.000000000000000000 ) ) ;
#2786 = CARTESIAN_POINT ( 'NONE',  ( -0.1962644937144213397, 0.9295574445336802771, -0.4121220095344585999 ) ) ;
#2787 = DIRECTION ( 'NONE',  ( -1.000000000000000000, 0.000000000000000000, 0.000000000000000000 ) ) ;
#2788 = CARTESIAN_POINT ( 'NONE',  ( -0.1826949194570405555, 0.9322720642994382079, 0.2504072301657038757 ) ) ;
#2789 = STYLED_ITEM ( 'NONE', ( #1149 ), #2225 ) ;
#2790 = ORIENTED_EDGE ( 'NONE', *, *, #2556, .F. ) ;
#2791 = STYLED_ITEM ( 'NONE', ( #1337 ), #2327 ) ;
#2792 = CARTESIAN_POINT ( 'NONE',  ( -0.2208741220108366710, -0.9239804962925537435, 0.4010173088259488261 ) ) ;
#2793 = MECHANICAL_DESIGN_GEOMETRIC_PRESENTATION_REPRESENTATION (  '', ( #2746 ), #2333 ) ;
#2794 = CARTESIAN_POINT ( 'NONE',  ( -0.002564102564102377618, 0.9499965396663508921, 0.1666666666666667962 ) ) ;
#2795 = ORIENTED_EDGE ( 'NONE', *, *, #413, .F. ) ;
#2796 = EDGE_CURVE ( 'NONE', #2466, #1355, #19, .T. ) ;
#2797 = B_SPLINE_CURVE_WITH_KNOTS ( 'NONE', 3,
 ( #1080, #1822, #2778, #649, #1593, #2299, #384, #1308 ),
 .UNSPECIFIED., .F., .F.,
 ( 4, 2, 2, 4 ),
 ( 0.000000000000000000, 9.949261941310585131E-05, 0.0001492389291196588108, 0.0001989852388262117839 ),
 .UNSPECIFIED. ) ;
#2798 = CARTESIAN_POINT ( 'NONE',  ( -0.2656403077225787945, 0.9121891843089890983, 0.4568342145116234820 ) ) ;
#2799 = DIRECTION ( 'NONE',  ( 0.000000000000000000, 0.000000000000000000, 1.000000000000000000 ) ) ;
#2800 = ADVANCED_FACE ( 'NONE', ( #1906 ), #482, .T. ) ;
#2801 =( BOUNDED_CURVE ( )  B_SPLINE_CURVE ( 3, ( #605, #1745, #1288, #350 ),
 .UNSPECIFIED., .F., .T. ) 
 B_SPLINE_CURVE_WITH_KNOTS ( ( 4, 4 ),
 ( 1.704289625004084208, 1.714338685980024479 ),
 .UNSPECIFIED. ) 
 CURVE ( )  GEOMETRIC_REPRESENTATION_ITEM ( )  RATIONAL_B_SPLINE_CURVE ( ( 1.000000000000000000, 0.9999915847154960957, 0.9999915847154960957, 1.000000000000000000 ) ) 
 REPRESENTATION_ITEM ( '' )  );
#2802 = B_SPLINE_CURVE_WITH_KNOTS ( 'NONE', 3,
 ( #292, #249, #1440, #2888, #1422, #2590, #2369, #474, #750, #2416, #513, #765, #1897, #2184, #2618, #2153 ),
 .UNSPECIFIED., .F., .F.,
 ( 4, 3, 3, 3, 3, 4 ),
 ( 0.000000000000000000, 1.707672529051968728E-05, 2.870408902344301756E-05, 4.027841552891699622E-05, 5.555564700443595464E-05, 6.342841147602998287E-05 ),
 .UNSPECIFIED. ) ;
#2803 =( LENGTH_UNIT ( ) NAMED_UNIT ( * ) SI_UNIT ( .MILLI., .METRE. ) );
#2804 = SURFACE_SIDE_STYLE ('',( #203 ) ) ;
#2805 = CARTESIAN_POINT ( 'NONE',  ( -3.673940397442059498E-17, -1.000000000000000444, -7.919999999999999929 ) ) ;
#2806 = CARTESIAN_POINT ( 'NONE',  ( -0.1166935627416570836, 0.9428059315008613384, 0.07022387116917798433 ) ) ;
#2807 = LINE ( 'NONE', #1103, #1174 ) ;
#2808 = FACE_OUTER_BOUND ( 'NONE', #1725, .T. ) ;
#2809 = CARTESIAN_POINT ( 'NONE',  ( -0.1681089743589742058, 0.9350076859256152284, 0.4948717948717950565 ) ) ;
#2810 = CARTESIAN_POINT ( 'NONE',  ( -0.1171205216425472151, 0.9427527689750784257, 0.04322228894784273939 ) ) ;
#2811 = VERTEX_POINT ( 'NONE', #1599 ) ;
#2812 = CARTESIAN_POINT ( 'NONE',  ( -0.2320754163334139419, -0.9212172536429720227, -0.8998923457783148949 ) ) ;
#2813 = CARTESIAN_POINT ( 'NONE',  ( -0.2868041711626751478, 0.9056777990953240876, -0.8389976989972717236 ) ) ;
#2814 = ORIENTED_EDGE ( 'NONE', *, *, #1671, .T. ) ;
#2815 = ADVANCED_FACE ( 'NONE', ( #1178 ), #1889, .T. ) ;
#2816 = DIRECTION ( 'NONE',  ( -0.000000000000000000, -0.000000000000000000, -1.000000000000000000 ) ) ;
#2817 = SURFACE_STYLE_USAGE ( .BOTH. , #2804 ) ;
#2818 = CARTESIAN_POINT ( 'NONE',  ( -0.1863782051282049934, -0.9315380639851429390, -0.07948717948717937132 ) ) ;
#2819 = CARTESIAN_POINT ( 'NONE',  ( -0.1153846153846152522, 0.9429668024551788319, 0.05873397435897449725 ) ) ;
#2820 = FACE_OUTER_BOUND ( 'NONE', #2870, .T. ) ;
#2821 = DIRECTION ( 'NONE',  ( 1.000000000000000000, 0.000000000000000000, 0.000000000000000000 ) ) ;
#2822 = CARTESIAN_POINT ( 'NONE',  ( -0.3010291529077547268, 0.9011019836252747162, -0.4457860852216288805 ) ) ;
#2823 = CARTESIAN_POINT ( 'NONE',  ( -0.09863782051282046770, -0.9448653768471362291, -0.3871794871794873028 ) ) ;
#2824 = COLOUR_RGB ( '',0.1019607843137254888, 0.1019607843137254888, 0.1019607843137254888 ) ;
#2825 = DIRECTION ( 'NONE',  ( 1.000000000000000000, 0.000000000000000000, 0.000000000000000000 ) ) ;
#2826 = PRESENTATION_STYLE_ASSIGNMENT (( #2543 ) ) ;
#2827 = ORIENTED_EDGE ( 'NONE', *, *, #497, .F. ) ;
#2828 = CIRCLE ( 'NONE', #1927, 0.2000000000000000944 ) ;
#2829 = CARTESIAN_POINT ( 'NONE',  ( -0.1769230769230767664, -0.9333800002421688280, 0.2948717948717950454 ) ) ;
#2830 = CARTESIAN_POINT ( 'NONE',  ( 0.09911467997427422794, -0.9448158935936267211, 0.02135268964720715701 ) ) ;
#2831 = CARTESIAN_POINT ( 'NONE',  ( -0.1157930458063701762, -0.9429168255238566942, 0.06484887052606823354 ) ) ;
#2832 =( NAMED_UNIT ( * ) PLANE_ANGLE_UNIT ( ) SI_UNIT ( $, .RADIAN. ) );
#2833 = CARTESIAN_POINT ( 'NONE',  ( 0.09999999999999999167, -0.9447221813845592120, -0.9276442307692305267 ) ) ;
#2834 = B_SPLINE_CURVE_WITH_KNOTS ( 'NONE', 3,
 ( #684, #3044, #189, #1110, #859, #920, #1858, #1801, #2752, #2069, #885, #2301, #1125, #1826, #656, #2081 ),
 .UNSPECIFIED., .F., .F.,
 ( 4, 3, 3, 3, 3, 4 ),
 ( 0.000000000000000000, 4.014427442123855475E-05, 8.078485178566135018E-05, 0.0001152942240237122575, 0.0001616083740605764741, 0.0002024976700105558217 ),
 .UNSPECIFIED. ) ;
#2835 = AXIS2_PLACEMENT_3D ( 'NONE', #948, #2109, #661 ) ;
#2836 = CARTESIAN_POINT ( 'NONE',  ( 0.05031140677792687865, 0.9493596128409337309, -0.7812043745339872780 ) ) ;
#2837 =( GEOMETRIC_REPRESENTATION_CONTEXT ( 3 ) GLOBAL_UNCERTAINTY_ASSIGNED_CONTEXT ( ( #2298 ) ) GLOBAL_UNIT_ASSIGNED_CONTEXT ( ( #2493, #2308, #1318 ) ) REPRESENTATION_CONTEXT ( 'NONE', 'WORKASPACE' ) );
#2838 = CARTESIAN_POINT ( 'NONE',  ( -0.1316915683368085344, -0.9408376000642248993, 0.3091707586710244482 ) ) ;
#2839 = CARTESIAN_POINT ( 'NONE',  ( 0.000000000000000000, -1.000000000000000444, 7.620000000000000107 ) ) ;
#2840 = DIRECTION ( 'NONE',  ( 0.000000000000000000, -1.000000000000000000, 3.401418580346681312E-16 ) ) ;
#2841 = VERTEX_POINT ( 'NONE', #36 ) ;
#2842 = VERTEX_POINT ( 'NONE', #3028 ) ;
#2843 = CARTESIAN_POINT ( 'NONE',  ( -0.2384615384615384193, -0.9195847403445515100, -0.4995993589743591423 ) ) ;
#2844 = CARTESIAN_POINT ( 'NONE',  ( -0.1750801282051280550, -0.9337274488348705770, 0.1051282051282052682 ) ) ;
#2845 = CARTESIAN_POINT ( 'NONE',  ( -0.2061251806120922292, 0.9274240400174647014, 0.2315923187698922248 ) ) ;
#2846 = CARTESIAN_POINT ( 'NONE',  ( -0.1520347689636013522, -0.9377735019859553267, 0.1025082179588232556 ) ) ;
#2847 = SURFACE_STYLE_USAGE ( .BOTH. , #1898 ) ;
#2848 = DIRECTION ( 'NONE',  ( 1.000000000000000000, 0.000000000000000000, 0.000000000000000000 ) ) ;
#2849 = ORIENTED_EDGE ( 'NONE', *, *, #822, .T. ) ;
#2850 = EDGE_CURVE ( 'NONE', #3013, #2671, #1292, .T. ) ;
#2851 = CARTESIAN_POINT ( 'NONE',  ( -0.1769230769230767664, -0.9333800002421688280, -0.002564102564102431828 ) ) ;
#2852 = PRESENTATION_STYLE_ASSIGNMENT (( #961 ) ) ;
#2853 = VERTEX_POINT ( 'NONE', #2554 ) ;
#2854 = CARTESIAN_POINT ( 'NONE',  ( -0.02966977484752897354, -0.9498351356909471299, 0.3358391030264320509 ) ) ;
#2855 = DIRECTION ( 'NONE',  ( -0.000000000000000000, -0.000000000000000000, -1.000000000000000000 ) ) ;
#2856 = SURFACE_STYLE_USAGE ( .BOTH. , #1940 ) ;
#2857 = ORIENTED_EDGE ( 'NONE', *, *, #2385, .F. ) ;
#2858 = B_SPLINE_CURVE_WITH_KNOTS ( 'NONE', 3,
 ( #287, #1193, #744, #2149, #509, #1036, #50, #974, #302, #1731, #1715, #2664, #1916, #1451, #2686, #1207 ),
 .UNSPECIFIED., .F., .F.,
 ( 4, 3, 3, 3, 3, 4 ),
 ( 0.000000000000000000, 2.450757248742076153E-05, 4.540135803287519232E-05, 6.336075639344640204E-05, 8.741172121349451824E-05, 9.688906317214156314E-05 ),
 .UNSPECIFIED. ) ;
#2859 = CARTESIAN_POINT ( 'NONE',  ( 0.02231034188459698336, 0.9497643539875592067, -0.5611267852520419597 ) ) ;
#2860 = ORIENTED_EDGE ( 'NONE', *, *, #1901, .T. ) ;
#2861 = EDGE_CURVE ( 'NONE', #762, #1907, #2692, .T. ) ;
#2862 = CARTESIAN_POINT ( 'NONE',  ( 0.09994749845448983039, 0.9447277705112948620, -0.9149106210403412653 ) ) ;
#2863 = EDGE_LOOP ( 'NONE', ( #964, #1423, #2688, #2012 ) ) ;
#2864 = EDGE_CURVE ( 'NONE', #1930, #1102, #495, .T. ) ;
#2865 = STYLED_ITEM ( 'NONE', ( #1225 ), #105 ) ;
#2866 = CARTESIAN_POINT ( 'NONE',  ( -0.1880636294125572761, -0.9311992650836034002, 0.2969432823597121240 ) ) ;
#2867 = CARTESIAN_POINT ( 'NONE',  ( -0.2379789000586618186, -0.9197098954183818842, -0.4823585163302920864 ) ) ;
#2868 = AXIS2_PLACEMENT_3D ( 'NONE', #1852, #1365, #3020 ) ;
#2869 = CARTESIAN_POINT ( 'NONE',  ( -0.2179511923179655863, -0.9252496702652798222, 0.2326894101406020154 ) ) ;
#2870 = EDGE_LOOP ( 'NONE', ( #60, #2232, #22, #162 ) ) ;
#2871 = STYLED_ITEM ( 'NONE', ( #943 ), #1065 ) ;
#2872 = ORIENTED_EDGE ( 'NONE', *, *, #1458, .F. ) ;
#2873 = FACE_OUTER_BOUND ( 'NONE', #2643, .T. ) ;
#2874 = CARTESIAN_POINT ( 'NONE',  ( -0.9499999999999999556, 0.000000000000000000, 1.149999999999999911 ) ) ;
#2875 = CARTESIAN_POINT ( 'NONE',  ( -0.1808816330870301747, 0.9326396279511923737, 0.1050184093285535525 ) ) ;
#2876 = VECTOR ( 'NONE', #2428, 1000.000000000000000 ) ;
#2877 = ORIENTED_EDGE ( 'NONE', *, *, #1621, .F. ) ;
#2878 = VECTOR ( 'NONE', #2753, 1000.000000000000000 ) ;
#2879 = CARTESIAN_POINT ( 'NONE',  ( -0.05023913302468956815, 0.9486706644104013764, 0.07072129261816972878 ) ) ;
#2880 = ORIENTED_EDGE ( 'NONE', *, *, #2385, .T. ) ;
#2881 = COLOUR_RGB ( '',0.8313725490196077761, 0.8313725490196077761, 0.8196078431372548767 ) ;
#2882 = EDGE_CURVE ( 'NONE', #1108, #904, #2858, .T. ) ;
#2883 = CARTESIAN_POINT ( 'NONE',  ( -0.1789198978122030770, 0.9329992873346416582, -0.8281784228314711394 ) ) ;
#2884 = ORIENTED_EDGE ( 'NONE', *, *, #2631, .T. ) ;
#2885 = CARTESIAN_POINT ( 'NONE',  ( -0.2981444926631872661, 0.9020032491590876944, 0.3124264718785061956 ) ) ;
#2886 = EDGE_CURVE ( 'NONE', #2250, #332, #2150, .T. ) ;
#2887 = CARTESIAN_POINT ( 'NONE',  ( -0.04510673869506134220, -0.9489320559441903891, 0.3458397582380966506 ) ) ;
#2888 = CARTESIAN_POINT ( 'NONE',  ( 0.02991965863730789224, -0.9495287325964228975, 0.06833422397848419594 ) ) ;
#2889 = ORIENTED_EDGE ( 'NONE', *, *, #1235, .T. ) ;
#2890 = ORIENTED_EDGE ( 'NONE', *, *, #2077, .T. ) ;
#2891 = CYLINDRICAL_SURFACE ( 'NONE', #2133, 0.9499999999999999556 ) ;
#2892 = SURFACE_STYLE_FILL_AREA ( #1651 ) ;
#2893 = CARTESIAN_POINT ( 'NONE',  ( 0.09980885646127082844, 0.9447424141622472460, 0.04456888950340390232 ) ) ;
#2894 = CARTESIAN_POINT ( 'NONE',  ( 0.000000000000000000, -1.000000000000000444, 7.320000000000000284 ) ) ;
#2895 = CARTESIAN_POINT ( 'NONE',  ( -0.1754464286332507172, -0.9337602426837657843, -0.7491287726385605916 ) ) ;
#2896 = CARTESIAN_POINT ( 'NONE',  ( 0.000000000000000000, -1.000000000000000666, 6.620000000000000107 ) ) ;
#2897 = ORIENTED_EDGE ( 'NONE', *, *, #500, .T. ) ;
#2898 =( NAMED_UNIT ( * ) SI_UNIT ( $, .STERADIAN. ) SOLID_ANGLE_UNIT ( ) );
#2899 = CARTESIAN_POINT ( 'NONE',  ( -0.1173892915016147842, 0.9427694479843630182, 0.1617165647609508095 ) ) ;
#2900 = B_SPLINE_CURVE_WITH_KNOTS ( 'NONE', 3,
 ( #1334, #1817, #2256, #1303, #405, #2757, #1317, #2049, #629, #1349, #432, #2773, #644 ),
 .UNSPECIFIED., .F., .F.,
 ( 4, 3, 3, 3, 4 ),
 ( 0.000000000000000000, 3.022497612257682507E-05, 6.065684436881650085E-05, 9.954666039564620712E-05, 0.0001069455140235967450 ),
 .UNSPECIFIED. ) ;
#2901 = CARTESIAN_POINT ( 'NONE',  ( -0.1158200203053005167, 0.9429253185020538552, 0.3264011125508091138 ) ) ;
#2902 = ORIENTED_EDGE ( 'NONE', *, *, #1616, .F. ) ;
#2903 = CARTESIAN_POINT ( 'NONE',  ( -0.1885711204345118797, 0.9311721023895875859, -0.0009280626798966782427 ) ) ;
#2904 = CARTESIAN_POINT ( 'NONE',  ( -0.2596153846153846922, 0.9138379791139159547, -0.7958333333333331705 ) ) ;
#2905 = ORIENTED_EDGE ( 'NONE', *, *, #1654, .F. ) ;
#2906 = EDGE_CURVE ( 'NONE', #762, #452, #2647, .T. ) ;
#2907 = B_SPLINE_CURVE_WITH_KNOTS ( 'NONE', 3,
 ( #222, #1633, #394, #1560, #2967, #1794, #837, #1319, #1130, #2574, #1620, #1144, #237, #1850, #2087, #444 ),
 .UNSPECIFIED., .F., .F.,
 ( 4, 3, 3, 3, 3, 4 ),
 ( 0.000000000000000000, 2.138676015988012224E-05, 3.621585277165970893E-05, 5.114518133504727807E-05, 6.818121077961085028E-05, 8.305574586954274764E-05 ),
 .UNSPECIFIED. ) ;
#2908 = UNCERTAINTY_MEASURE_WITH_UNIT (LENGTH_MEASURE( 1.000000000000000082E-05 ), #2803, 'distance_accuracy_value', 'NONE');
#2909 = CARTESIAN_POINT ( 'NONE',  ( -0.2841464213923114990, -0.9065256727133129688, -0.8320604190524927279 ) ) ;
#2910 = DIRECTION ( 'NONE',  ( -1.000000000000000000, 0.000000000000000000, 0.000000000000000000 ) ) ;
#2911 = CARTESIAN_POINT ( 'NONE',  ( -0.2224503002452507816, 0.9235995395389731133, 0.08902273317132800012 ) ) ;
#2912 = B_SPLINE_CURVE_WITH_KNOTS ( 'NONE', 3,
 ( #1845, #2798, #669, #1192, #1206, #2569, #1165, #2148, #2598, #1873 ),
 .UNSPECIFIED., .F., .F.,
 ( 4, 3, 3, 4 ),
 ( 0.000000000000000000, 4.718995496856832585E-05, 9.493705202396173349E-05, 0.0001242343194715451690 ),
 .UNSPECIFIED. ) ;
#2913 = VERTEX_POINT ( 'NONE', #1470 ) ;
#2914 = CARTESIAN_POINT ( 'NONE',  ( -0.1038461538461538519, -0.9443071408876250183, -0.7410256410256407245 ) ) ;
#2915 = CARTESIAN_POINT ( 'NONE',  ( -0.01703180096847438374, 0.9498846961678901746, -0.6782463624347877529 ) ) ;
#2916 = EDGE_LOOP ( 'NONE', ( #1450, #521, #1659, #1179, #1475, #2645, #1608, #49, #2452 ) ) ;
#2917 =( BOUNDED_CURVE ( )  B_SPLINE_CURVE ( 3, ( #1219, #2179, #79, #1761 ),
 .UNSPECIFIED., .F., .T. ) 
 B_SPLINE_CURVE_WITH_KNOTS ( ( 4, 4 ),
 ( 4.774507194256365494, 4.840182552359450163 ),
 .UNSPECIFIED. ) 
 CURVE ( )  GEOMETRIC_REPRESENTATION_ITEM ( )  RATIONAL_B_SPLINE_CURVE ( ( 1.000000000000000000, 0.9996405945758773948, 0.9996405945758773948, 1.000000000000000000 ) ) 
 REPRESENTATION_ITEM ( '' )  );
#2918 = CARTESIAN_POINT ( 'NONE',  ( -0.2375577738338592038, -0.9198211520510586325, 0.03966850304200557342 ) ) ;
#2919 = CARTESIAN_POINT ( 'NONE',  ( 0.03056584633730415057, 0.9495102260182426424, 0.06746055588193347607 ) ) ;
#2920 = CARTESIAN_POINT ( 'NONE',  ( 0.000000000000000000, -3.550000000000000711, 7.619999999999999218 ) ) ;
#2921 = ORIENTED_EDGE ( 'NONE', *, *, #1027, .T. ) ;
#2922 = ORIENTED_EDGE ( 'NONE', *, *, #2509, .F. ) ;
#2923 = CARTESIAN_POINT ( 'NONE',  ( -0.1536946510362662277, -0.9390064655469033683, -0.3112332439281618734 ) ) ;
#2924 =( NAMED_UNIT ( * ) PLANE_ANGLE_UNIT ( ) SI_UNIT ( $, .RADIAN. ) );
#2925 = CARTESIAN_POINT ( 'NONE',  ( -0.009294871794871612664, -0.9499545280476939801, 0.08974358974358988272 ) ) ;
#2926 = VERTEX_POINT ( 'NONE', #2410 ) ;
#2927 = CIRCLE ( 'NONE', #363, 0.2999999999999999889 ) ;
#2928 = CARTESIAN_POINT ( 'NONE',  ( -0.1270668005442199266, 0.9414731670430507293, 0.4075597513680285222 ) ) ;
#2929 = CARTESIAN_POINT ( 'NONE',  ( 3.673940397442058882E-17, 0.2999999999999993228, 6.620000000000000995 ) ) ;
#2930 = CARTESIAN_POINT ( 'NONE',  ( -0.2357153671425127883, 0.9202924891961010712, 0.3383221856505996827 ) ) ;
#2931 = EDGE_CURVE ( 'NONE', #138, #625, #359, .T. ) ;
#2932 = AXIS2_PLACEMENT_3D ( 'NONE', #1816, #2048, #204 ) ;
#2933 = ORIENTED_EDGE ( 'NONE', *, *, #10, .F. ) ;
#2934 = AXIS2_PLACEMENT_3D ( 'NONE', #2896, #1004, #1536 ) ;
#2935 = ORIENTED_EDGE ( 'NONE', *, *, #413, .T. ) ;
#2936 =( GEOMETRIC_REPRESENTATION_CONTEXT ( 3 ) GLOBAL_UNCERTAINTY_ASSIGNED_CONTEXT ( ( #1591 ) ) GLOBAL_UNIT_ASSIGNED_CONTEXT ( ( #388, #2011, #551 ) ) REPRESENTATION_CONTEXT ( 'NONE', 'WORKASPACE' ) );
#2937 = CARTESIAN_POINT ( 'NONE',  ( -0.1769230769230767664, -0.9333800002421688280, -0.002564102564102431828 ) ) ;
#2938 = CARTESIAN_POINT ( 'NONE',  ( -0.002816878758010927988, 0.9500179122550300725, 0.08953306359877248599 ) ) ;
#2939 = AXIS2_PLACEMENT_3D ( 'NONE', #3017, #832, #627 ) ;
#2940 = CARTESIAN_POINT ( 'NONE',  ( 0.09487179487179507598, 0.9452509415693823858, 0.4794871794871796711 ) ) ;
#2941 = VERTEX_POINT ( 'NONE', #96 ) ;
#2942 = ORIENTED_EDGE ( 'NONE', *, *, #2276, .F. ) ;
#2943 = CIRCLE ( 'NONE', #1291, 0.2999999999999999889 ) ;
#2944 = SURFACE_STYLE_FILL_AREA ( #1972 ) ;
#2945 = FILL_AREA_STYLE_COLOUR ( '', #2784 ) ;
#2946 = UNCERTAINTY_MEASURE_WITH_UNIT (LENGTH_MEASURE( 1.000000000000000082E-05 ), #1167, 'distance_accuracy_value', 'NONE');
#2947 = CARTESIAN_POINT ( 'NONE',  ( 0.09215718595092937948, 0.9455234503999881968, -0.5781900994139952399 ) ) ;
#2948 = DIRECTION ( 'NONE',  ( -1.000000000000000000, 0.000000000000000000, 0.000000000000000000 ) ) ;
#2949 = CARTESIAN_POINT ( 'NONE',  ( -0.2242044771440942774, 0.9231643149661222791, 0.3968502602301501869 ) ) ;
#2950 = FACE_OUTER_BOUND ( 'NONE', #1468, .T. ) ;
#2951 = B_SPLINE_CURVE_WITH_KNOTS ( 'NONE', 3,
 ( #648, #436, #58, #2609, #505, #2822, #2344, #700 ),
 .UNSPECIFIED., .F., .F.,
 ( 4, 2, 2, 4 ),
 ( 0.000000000000000000, 0.0001581418292073175449, 0.0002372127438109763173, 0.0003162836584146350898 ),
 .UNSPECIFIED. ) ;
#2952 = B_SPLINE_CURVE_WITH_KNOTS ( 'NONE', 3,
 ( #1414, #2838, #254, #1913, #959, #1903, #2357, #1150, #712, #2106 ),
 .UNSPECIFIED., .F., .F.,
 ( 4, 3, 3, 4 ),
 ( 2.710505431213760784E-20, 1.663449902882450273E-05, 4.362327208849122232E-05, 6.657892026541329679E-05 ),
 .UNSPECIFIED. ) ;
#2953 = CARTESIAN_POINT ( 'NONE',  ( -0.09377990951131735808, 0.9453996907017457874, -0.6896942046369186619 ) ) ;
#2954 = EDGE_CURVE ( 'NONE', #445, #2282, #1005, .T. ) ;
#2955 = B_SPLINE_CURVE_WITH_KNOTS ( 'NONE', 3,
 ( #2442, #774, #2226, #2660, #985, #539, #2879, #1018, #757, #1949, #1483, #1204, #1052, #789, #128, #1695 ),
 .UNSPECIFIED., .F., .F.,
 ( 4, 3, 3, 3, 3, 4 ),
 ( 0.000000000000000000, 2.207619798485043459E-05, 3.676322168879874754E-05, 5.149525486452267558E-05, 6.565566155853593325E-05, 8.313502485275748905E-05 ),
 .UNSPECIFIED. ) ;
#2956 = CARTESIAN_POINT ( 'NONE',  ( -0.1051282051282049629, -0.9441652718070718819, 0.3616185897435899022 ) ) ;
#2957 = CARTESIAN_POINT ( 'NONE',  ( -0.007252824232532257068, -0.9499751970030413384, 0.1664961113616502952 ) ) ;
#2958 = ORIENTED_EDGE ( 'NONE', *, *, #1768, .F. ) ;
#2959 = ORIENTED_EDGE ( 'NONE', *, *, #745, .T. ) ;
#2960 = CARTESIAN_POINT ( 'NONE',  ( -0.2950034299012456729, -0.9030428985537689579, -0.8636297198916068618 ) ) ;
#2961 = CARTESIAN_POINT ( 'NONE',  ( 0.000000000000000000, 0.000000000000000000, -0.9974358974358968899 ) ) ;
#2962 = CARTESIAN_POINT ( 'NONE',  ( 0.09867671153590124034, 0.9448633903501548748, -0.5575705489912419210 ) ) ;
#2963 = CARTESIAN_POINT ( 'NONE',  ( -0.1414069811136307309, 0.9395079252717914997, 0.4934948123825037558 ) ) ;
#2964 = DIRECTION ( 'NONE',  ( 1.000000000000000000, 0.000000000000000000, -0.000000000000000000 ) ) ;
#2965 = CARTESIAN_POINT ( 'NONE',  ( -0.1358974358974357755, 0.9402296990185441405, 0.3056089743589746055 ) ) ;
#2966 = DIRECTION ( 'NONE',  ( 1.000000000000000000, 0.000000000000000000, 0.000000000000000000 ) ) ;
#2967 = CARTESIAN_POINT ( 'NONE',  ( -0.03498372679716370975, -0.9493669483066364823, 0.08419730395508936982 ) ) ;
#2968 = CARTESIAN_POINT ( 'NONE',  ( -0.1160824785047295388, -0.9428817096633675954, 0.04837533206638469641 ) ) ;
#2969 = CARTESIAN_POINT ( 'NONE',  ( -0.1933792531346461563, -0.9301337556349377200, 0.1816378916513490538 ) ) ;
#2970 = ORIENTED_EDGE ( 'NONE', *, *, #1027, .F. ) ;
#2971 = ORIENTED_EDGE ( 'NONE', *, *, #321, .T. ) ;
#2972 =( LENGTH_UNIT ( ) NAMED_UNIT ( * ) SI_UNIT ( .MILLI., .METRE. ) );
#2973 = CARTESIAN_POINT ( 'NONE',  ( -0.3045204146541418688, -0.8998709512816301936, 0.3256171596036903648 ) ) ;
#2974 = EDGE_CURVE ( 'NONE', #1517, #1479, #2137, .T. ) ;
#2975 = FACE_OUTER_BOUND ( 'NONE', #797, .T. ) ;
#2976 = CARTESIAN_POINT ( 'NONE',  ( -0.1038461538461538519, 0.9443071408876250183, -0.7410256410256407245 ) ) ;
#2977 = CARTESIAN_POINT ( 'NONE',  ( -0.2536858974358973118, 0.9155017561109008994, 0.4665064102564104309 ) ) ;
#2978 = ORIENTED_EDGE ( 'NONE', *, *, #2006, .F. ) ;
#2979 = CYLINDRICAL_SURFACE ( 'NONE', #658, 0.9499999999999999556 ) ;
#2980 = CARTESIAN_POINT ( 'NONE',  ( -0.01410288725770068169, 0.9499031025668742689, -0.01794656358113925348 ) ) ;
#2981 = COLOUR_RGB ( '',0.1019607843137254888, 0.1019607843137254888, 0.1019607843137254888 ) ;
#2982 = PRESENTATION_LAYER_ASSIGNMENT (  '', '', ( #1281 ) ) ;
#2983 = CARTESIAN_POINT ( 'NONE',  ( 0.002747545858864670898, -0.9503361538705916711, -0.3280932991093420403 ) ) ;
#2984 = DIRECTION ( 'NONE',  ( -0.000000000000000000, -0.000000000000000000, -1.000000000000000000 ) ) ;
#2985 = DIRECTION ( 'NONE',  ( 0.000000000000000000, -1.000000000000000000, -2.008439343748602309E-16 ) ) ;
#2986 = ORIENTED_EDGE ( 'NONE', *, *, #1513, .T. ) ;
#2987 = B_SPLINE_CURVE_WITH_KNOTS ( 'NONE', 3,
 ( #2668, #548, #1494, #623, #1598, #1812, #2765, #2290, #638, #2782, #426, #201, #1095, #2498, #1565, #2264 ),
 .UNSPECIFIED., .F., .F.,
 ( 4, 3, 3, 3, 3, 4 ),
 ( 0.000000000000000000, 2.681798694162924266E-05, 4.694059280911078814E-05, 6.716301599522916921E-05, 8.466462643036908563E-05, 9.375858420213146007E-05 ),
 .UNSPECIFIED. ) ;
#2988 = CARTESIAN_POINT ( 'NONE',  ( -0.08661858974358957464, 0.9460429270973024218, 0.1091346153846155104 ) ) ;
#2989 = CARTESIAN_POINT ( 'NONE',  ( -0.2027718347720640635, -0.9281531713358611713, -0.8379720432458038770 ) ) ;
#2990 = CIRCLE ( 'NONE', #1888, 0.2999999999999999889 ) ;
#2991 = ORIENTED_EDGE ( 'NONE', *, *, #1654, .T. ) ;
#2992 = EDGE_CURVE ( 'NONE', #2623, #457, #448, .T. ) ;
#2993 = CARTESIAN_POINT ( 'NONE',  ( -0.2491684950781052066, -0.9170356741695896430, -0.06310221011220973342 ) ) ;
#2994 = AXIS2_PLACEMENT_3D ( 'NONE', #2920, #2985, #1272 ) ;
#2995 = CARTESIAN_POINT ( 'NONE',  ( -0.2969684849845596331, 0.9023919463139526975, -0.8755461387199995338 ) ) ;
#2996 = B_SPLINE_CURVE_WITH_KNOTS ( 'NONE', 3,
 ( #3038, #2535, #446, #2342, #461, #407, #879, #183, #912, #2563 ),
 .UNSPECIFIED., .F., .F.,
 ( 4, 3, 3, 4 ),
 ( 0.000000000000000000, 4.317753597222153046E-05, 6.512044127327197812E-05, 8.725682547805848656E-05 ),
 .UNSPECIFIED. ) ;
#2997 = CARTESIAN_POINT ( 'NONE',  ( 0.000000000000000000, -1.000000000000000444, 7.620000000000000107 ) ) ;
#2998 = SURFACE_SIDE_STYLE ('',( #2091 ) ) ;
#2999 = CARTESIAN_POINT ( 'NONE',  ( -0.09975961538461532163, -0.9447475954657486019, -0.6128205128205129748 ) ) ;
#3000 = DIRECTION ( 'NONE',  ( 0.000000000000000000, -9.805962535134626294E-17, 1.000000000000000000 ) ) ;
#3001 = CARTESIAN_POINT ( 'NONE',  ( -0.2301502614754755704, -0.9217986233188054657, 0.1729651322743100406 ) ) ;
#3002 = ORIENTED_EDGE ( 'NONE', *, *, #561, .T. ) ;
#3003 = CARTESIAN_POINT ( 'NONE',  ( -0.2311503607587695464, -0.9214498024030943757, -0.8913601734182190484 ) ) ;
#3004 = CARTESIAN_POINT ( 'NONE',  ( -0.2017322552354105236, 0.9284257736149594820, -0.7577562967454506415 ) ) ;
#3005 = ORIENTED_EDGE ( 'NONE', *, *, #299, .F. ) ;
#3006 = CARTESIAN_POINT ( 'NONE',  ( -0.02277590361383883058, -0.9504289605290712206, -0.7458060785967933759 ) ) ;
#3007 = EDGE_CURVE ( 'NONE', #1829, #1554, #898, .T. ) ;
#3008 = ORIENTED_EDGE ( 'NONE', *, *, #1286, .F. ) ;
#3009 = CARTESIAN_POINT ( 'NONE',  ( 0.09238782051282053154, -0.9454969543160309797, -0.8519230769230765610 ) ) ;
#3010 = EDGE_CURVE ( 'NONE', #57, #1234, #610, .T. ) ;
#3011 = CARTESIAN_POINT ( 'NONE',  ( -0.1838245652190475254, -0.9320787079114812856, 0.4943061122017075593 ) ) ;
#3012 = CARTESIAN_POINT ( 'NONE',  ( 0.000000000000000000, 0.000000000000000000, -3.403937756669170867 ) ) ;
#3013 = VERTEX_POINT ( 'NONE', #2940 ) ;
#3014 = CARTESIAN_POINT ( 'NONE',  ( 0.1000000000000001582, -0.9447221813845592120, 0.05096153846153859968 ) ) ;
#3015 = CARTESIAN_POINT ( 'NONE',  ( -0.09278265648033064139, -0.9454741102171940748, 0.1295971406212072241 ) ) ;
#3016 =( BOUNDED_CURVE ( )  B_SPLINE_CURVE ( 3, ( #637, #200, #1844, #1070 ),
 .UNSPECIFIED., .F., .T. ) 
 B_SPLINE_CURVE_WITH_KNOTS ( ( 4, 4 ),
 ( 1.373327902233579367, 1.383467808509868613 ),
 .UNSPECIFIED. ) 
 CURVE ( )  GEOMETRIC_REPRESENTATION_ITEM ( )  RATIONAL_B_SPLINE_CURVE ( ( 1.000000000000000000, 0.9999914318767455512, 0.9999914318767455512, 1.000000000000000000 ) ) 
 REPRESENTATION_ITEM ( '' )  );
#3017 = CARTESIAN_POINT ( 'NONE',  ( 0.000000000000000000, 0.000000000000000000, -3.403937756669170867 ) ) ;
#3018 = CYLINDRICAL_SURFACE ( 'NONE', #1986, 0.9499999999999999556 ) ;
#3019 = ORIENTED_EDGE ( 'NONE', *, *, #986, .T. ) ;
#3020 = DIRECTION ( 'NONE',  ( -1.000000000000000000, 0.000000000000000000, 0.000000000000000000 ) ) ;
#3021 = EDGE_CURVE ( 'NONE', #2513, #1785, #1970, .T. ) ;
#3022 = EDGE_CURVE ( 'NONE', #2842, #640, #226, .T. ) ;
#3023 = AXIS2_PLACEMENT_3D ( 'NONE', #2350, #2816, #947 ) ;
#3024 = ORIENTED_EDGE ( 'NONE', *, *, #619, .F. ) ;
#3025 = AXIS2_PLACEMENT_3D ( 'NONE', #1978, #1789, #2205 ) ;
#3026 = CARTESIAN_POINT ( 'NONE',  ( -0.1750801282051280550, 0.9337274488348705770, 0.1051282051282052682 ) ) ;
#3027 = AXIS2_PLACEMENT_3D ( 'NONE', #280, #1198, #979 ) ;
#3028 = CARTESIAN_POINT ( 'NONE',  ( 3.673940397442063196E-17, 0.2999999999999999889, 1.949999999999999956 ) ) ;
#3029 = DIRECTION ( 'NONE',  ( 0.000000000000000000, 0.000000000000000000, -1.000000000000000000 ) ) ;
#3030 = ORIENTED_EDGE ( 'NONE', *, *, #897, .T. ) ;
#3031 = AXIS2_PLACEMENT_3D ( 'NONE', #2961, #1974, #902 ) ;
#3032 = CARTESIAN_POINT ( 'NONE',  ( -0.0007211538461537750702, -0.9499997262826606059, -0.6718750000000001110 ) ) ;
#3033 = CARTESIAN_POINT ( 'NONE',  ( 0.03320273410341105513, -0.9494196008341388993, -0.9419288618060448481 ) ) ;
#3034 = CARTESIAN_POINT ( 'NONE',  ( -0.2824821921173261141, 0.9070847638995417350, -0.6016781872742315018 ) ) ;
#3035 = CARTESIAN_POINT ( 'NONE',  ( -0.07321749022714106603, 0.9475617508281403145, -0.8181906935003745440 ) ) ;
#3036 = CARTESIAN_POINT ( 'NONE',  ( -0.1654446505378984189, 0.9355341652031227140, 0.1047588682308766006 ) ) ;
#3037 = COLOUR_RGB ( '',1.000000000000000000, 0.4549019607843137192, 0.4352941176470588314 ) ;
#3038 = CARTESIAN_POINT ( 'NONE',  ( -0.1038461538461538519, 0.9443071408876250183, -0.7410256410256407245 ) ) ;
#3039 = CARTESIAN_POINT ( 'NONE',  ( -0.04808497667617937094, -0.9491228526275445887, -0.3130010485138792764 ) ) ;
#3040 = CARTESIAN_POINT ( 'NONE',  ( -0.1256410256410255277, 0.9416551028247397426, -0.1051282051282051294 ) ) ;
#3041 = EDGE_LOOP ( 'NONE', ( #2418, #1644 ) ) ;
#3042 = EDGE_CURVE ( 'NONE', #664, #2682, #148, .T. ) ;
#3043 = CARTESIAN_POINT ( 'NONE',  ( -0.2294871794871795323, -0.9218653016851318105, -0.8829326923076920020 ) ) ;
#3044 = CARTESIAN_POINT ( 'NONE',  ( -0.2380793941897289823, -0.9196838358460011076, -0.5129749589872423243 ) ) ;
#3045 = CARTESIAN_POINT ( 'NONE',  ( -0.2839559294852011528, 0.9065699256594579314, -0.8325988395077044135 ) ) ;
#3046 = DIRECTION ( 'NONE',  ( 1.000000000000000000, 0.000000000000000000, 0.000000000000000000 ) ) ;
#3047 = CARTESIAN_POINT ( 'NONE',  ( -0.3014149137775047893, 0.9009705919255063256, -0.5520485241750353600 ) ) ;
#3048 = LINE ( 'NONE', #606, #2734 ) ;
ENDSEC;
END-ISO-10303-21;
