ISO-10303-21;
HEADER;
FILE_DESCRIPTION (( 'STEP AP214' ),
    '1' );
FILE_NAME ('DO-35_3.90x1.90x0.60x07.62.STEP',
    '2026-02-17T20:52:49',
    ( '' ),
    ( '' ),
    'SwSTEP 2.0',
    'SolidWorks 2026',
    '' );
FILE_SCHEMA (( 'AUTOMOTIVE_DESIGN' ));
ENDSEC;

DATA;
#1 = CARTESIAN_POINT ( 'NONE',  ( -0.03846153846153831796, -0.9492211070447030830, 0.3799679487179488668 ) ) ;
#2 = STYLED_ITEM ( 'NONE', ( #1652 ), #123 ) ;
#3 = CARTESIAN_POINT ( 'NONE',  ( -0.1814548805151161848, -0.9325209925118701504, -0.001927582669865713846 ) ) ;
#4 = TOROIDAL_SURFACE ( 'NONE', #1478, 0.9999999999999997780, 0.2999999999999999889 ) ;
#5 = FACE_OUTER_BOUND ( 'NONE', #230, .T. ) ;
#6 = STYLED_ITEM ( 'NONE', ( #1223 ), #1106 ) ;
#7 = ORIENTED_EDGE ( 'NONE', *, *, #2778, .F. ) ;
#8 = CARTESIAN_POINT ( 'NONE',  ( -0.1001602564102564014, -0.9447052043022901024, -0.8179487179487175963 ) ) ;
#9 = AXIS2_PLACEMENT_3D ( 'NONE', #2246, #1113, #2543 ) ;
#10 = PRESENTATION_LAYER_ASSIGNMENT (  '', '', ( #1345 ) ) ;
#11 = CARTESIAN_POINT ( 'NONE',  ( -0.3051282051282049879, 0.8996648144921751689, 0.04991987179487193671 ) ) ;
#12 = CARTESIAN_POINT ( 'NONE',  ( -0.08518575392166817528, -0.9463315144582782334, -0.6896449900719077153 ) ) ;
#13 = CARTESIAN_POINT ( 'NONE',  ( 0.1000032999662238409, 0.9447218320790926605, -0.9212786895271017906 ) ) ;
#14 = EDGE_CURVE ( 'NONE', #233, #861, #2940, .T. ) ;
#15 = AXIS2_PLACEMENT_3D ( 'NONE', #1348, #339, #2257 ) ;
#16 = ORIENTED_EDGE ( 'NONE', *, *, #770, .T. ) ;
#17 = FACE_OUTER_BOUND ( 'NONE', #1948, .T. ) ;
#18 = CARTESIAN_POINT ( 'NONE',  ( -0.1993192473873826032, 0.9288777598724250462, -0.07781123972551109991 ) ) ;
#19 = CARTESIAN_POINT ( 'NONE',  ( 0.09215718595092937948, 0.9455234503999881968, -0.5781900994139952399 ) ) ;
#20 = SURFACE_STYLE_USAGE ( .BOTH. , #1183 ) ;
#21 = EDGE_CURVE ( 'NONE', #106, #932, #2476, .T. ) ;
#22 = CARTESIAN_POINT ( 'NONE',  ( 0.000000000000000000, 0.2999999999999998224, -2.810000000000000053 ) ) ;
#23 = ORIENTED_EDGE ( 'NONE', *, *, #69, .F. ) ;
#24 = CARTESIAN_POINT ( 'NONE',  ( -0.1038461538461538519, 0.9443071408876250183, -0.7410256410256407245 ) ) ;
#25 = ORIENTED_EDGE ( 'NONE', *, *, #709, .F. ) ;
#26 = CARTESIAN_POINT ( 'NONE',  ( 0.07975636071099924396, 0.9467312185150413839, -0.8130955266038286666 ) ) ;
#27 = CARTESIAN_POINT ( 'NONE',  ( 0.02314249182556520762, -0.9497180766270133523, 0.07796665151367114521 ) ) ;
#28 = ORIENTED_EDGE ( 'NONE', *, *, #330, .T. ) ;
#29 = CARTESIAN_POINT ( 'NONE',  ( -0.05023913302468956815, 0.9486706644104013764, 0.07072129261816972878 ) ) ;
#30 = ORIENTED_EDGE ( 'NONE', *, *, #1403, .F. ) ;
#31 = CARTESIAN_POINT ( 'NONE',  ( -0.1754464286332507172, -0.9337602426837657843, -0.7491287726385605916 ) ) ;
#32 = DIRECTION ( 'NONE',  ( -1.000000000000000000, -1.224646799147353454E-16, 0.000000000000000000 ) ) ;
#33 = ADVANCED_FACE ( 'NONE', ( #2089 ), #2846, .T. ) ;
#34 = EDGE_LOOP ( 'NONE', ( #908, #2229, #826, #1798 ) ) ;
#35 = CARTESIAN_POINT ( 'NONE',  ( -0.1181496707565035942, 0.9427341725669396988, -0.7413077333173971883 ) ) ;
#36 =( NAMED_UNIT ( * ) SI_UNIT ( $, .STERADIAN. ) SOLID_ANGLE_UNIT ( ) );
#37 = LINE ( 'NONE', #1927, #2592 ) ;
#38 = VERTEX_POINT ( 'NONE', #456 ) ;
#39 = CARTESIAN_POINT ( 'NONE',  ( -0.1024038461538461092, -0.9444646379261106839, -0.6897435897435899577 ) ) ;
#40 = CARTESIAN_POINT ( 'NONE',  ( -0.2294871794871795323, -0.9218653016851318105, -0.8829326923076920020 ) ) ;
#41 = ORIENTED_EDGE ( 'NONE', *, *, #2974, .T. ) ;
#42 = VERTEX_POINT ( 'NONE', #2780 ) ;
#43 = DIRECTION ( 'NONE',  ( 0.000000000000000000, 0.000000000000000000, -1.000000000000000000 ) ) ;
#44 = CARTESIAN_POINT ( 'NONE',  ( 0.000000000000000000, 0.000000000000000000, 1.949999999999999956 ) ) ;
#45 = AXIS2_PLACEMENT_3D ( 'NONE', #1879, #2798, #416 ) ;
#46 = EDGE_CURVE ( 'NONE', #2217, #650, #2638, .T. ) ;
#47 = CARTESIAN_POINT ( 'NONE',  ( -0.05270666572127464394, -0.9485367717636185025, 0.06678933493861741177 ) ) ;
#48 = B_SPLINE_CURVE_WITH_KNOTS ( 'NONE', 3,
 ( #997, #2698, #248, #2877, #1921, #1005, #2163, #310, #2180, #1452 ),
 .UNSPECIFIED., .F., .F.,
 ( 4, 3, 3, 4 ),
 ( 0.000000000000000000, 1.288296394981814291E-05, 2.573740620679057663E-05, 5.138911896978875149E-05 ),
 .UNSPECIFIED. ) ;
#49 = DIRECTION ( 'NONE',  ( -1.000000000000000000, 0.000000000000000000, 0.000000000000000000 ) ) ;
#50 = SURFACE_STYLE_USAGE ( .BOTH. , #2228 ) ;
#51 = AXIS2_PLACEMENT_3D ( 'NONE', #2562, #2321, #201 ) ;
#52 = FILL_AREA_STYLE ('',( #1929 ) ) ;
#53 = CIRCLE ( 'NONE', #9, 0.9499999999999999556 ) ;
#54 = CARTESIAN_POINT ( 'NONE',  ( 0.05149333783665979714, -0.9486298207028680540, 0.1498763525780951178 ) ) ;
#55 = CARTESIAN_POINT ( 'NONE',  ( -0.3051282051282049879, -0.8996648144921751689, 0.04991987179487193671 ) ) ;
#56 = DIRECTION ( 'NONE',  ( 0.000000000000000000, -1.000000000000000000, 0.000000000000000000 ) ) ;
#57 = AXIS2_PLACEMENT_3D ( 'NONE', #1486, #563, #1456 ) ;
#58 =( LENGTH_UNIT ( ) NAMED_UNIT ( * ) SI_UNIT ( .MILLI., .METRE. ) );
#59 = CARTESIAN_POINT ( 'NONE',  ( 0.000000000000000000, 0.000000000000000000, -1.074358974358973873 ) ) ;
#60 = CARTESIAN_POINT ( 'NONE',  ( -0.1256410256410255277, 0.9416551028247397426, -3.403937756669170867 ) ) ;
#61 = ORIENTED_EDGE ( 'NONE', *, *, #1043, .T. ) ;
#62 = MECHANICAL_DESIGN_GEOMETRIC_PRESENTATION_REPRESENTATION (  '', ( #2658 ), #2039 ) ;
#63 = ORIENTED_EDGE ( 'NONE', *, *, #2951, .T. ) ;
#64 = CIRCLE ( 'NONE', #359, 0.9499999999999999556 ) ;
#65 = CARTESIAN_POINT ( 'NONE',  ( -0.1679245575731802553, 0.9350408242231202927, -0.7473821139335089514 ) ) ;
#66 = CARTESIAN_POINT ( 'NONE',  ( -0.1358974358974357755, 0.9402296990185441405, 0.3056089743589746055 ) ) ;
#67 = SURFACE_SIDE_STYLE ('',( #94 ) ) ;
#68 = EDGE_CURVE ( 'NONE', #693, #2438, #1258, .T. ) ;
#69 = EDGE_CURVE ( 'NONE', #838, #2275, #747, .T. ) ;
#70 =( NAMED_UNIT ( * ) PLANE_ANGLE_UNIT ( ) SI_UNIT ( $, .RADIAN. ) );
#71 = B_SPLINE_CURVE_WITH_KNOTS ( 'NONE', 3,
 ( #2773, #2814, #2548, #639, #3057, #2335, #3010, #893, #1362, #609, #2083, #178, #1598, #2531, #2559, #395 ),
 .UNSPECIFIED., .F., .F.,
 ( 4, 3, 3, 3, 3, 4 ),
 ( 0.000000000000000000, 2.450757248742076153E-05, 4.540135803287519232E-05, 6.336075639344640204E-05, 8.741172121349451824E-05, 9.688906317214156314E-05 ),
 .UNSPECIFIED. ) ;
#72 = CARTESIAN_POINT ( 'NONE',  ( 0.09487179487179507598, 0.9452509415693823858, -3.403937756669170867 ) ) ;
#73 = CARTESIAN_POINT ( 'NONE',  ( -0.1881736924797153820, 0.9312247007741134563, -0.8314087486877758115 ) ) ;
#74 = ORIENTED_EDGE ( 'NONE', *, *, #21, .T. ) ;
#75 = CARTESIAN_POINT ( 'NONE',  ( 0.000000000000000000, -0.9999999999999997780, 3.810000000000000053 ) ) ;
#76 = FACE_OUTER_BOUND ( 'NONE', #402, .T. ) ;
#77 = CARTESIAN_POINT ( 'NONE',  ( 0.09486043494647239394, -0.9452678599431615369, -0.5715996653628084845 ) ) ;
#78 = FILL_AREA_STYLE_COLOUR ( '', #1694 ) ;
#79 = CARTESIAN_POINT ( 'NONE',  ( -0.09863782051282046770, -0.9448653768471362291, -0.3871794871794873028 ) ) ;
#80 = EDGE_CURVE ( 'NONE', #2268, #2929, #1384, .T. ) ;
#81 = CARTESIAN_POINT ( 'NONE',  ( -0.3051282051282050989, -0.8996648144921751689, -0.4994391025641026771 ) ) ;
#82 = ORIENTED_EDGE ( 'NONE', *, *, #2420, .F. ) ;
#83 =( NAMED_UNIT ( * ) SI_UNIT ( $, .STERADIAN. ) SOLID_ANGLE_UNIT ( ) );
#84 = DIRECTION ( 'NONE',  ( -1.000000000000000000, 0.000000000000000000, 0.000000000000000000 ) ) ;
#85 = ORIENTED_EDGE ( 'NONE', *, *, #208, .F. ) ;
#86 = CARTESIAN_POINT ( 'NONE',  ( -0.02950485657283145879, -0.9499213059205189325, -0.3921147926772441394 ) ) ;
#87 = EDGE_LOOP ( 'NONE', ( #3071, #1624, #946, #3027, #427, #1123, #1170, #1447, #2136, #2609, #85, #2165, #2211, #1638, #2725, #1910 ) ) ;
#88 = B_SPLINE_CURVE_WITH_KNOTS ( 'NONE', 3,
 ( #828, #843, #97, #1810, #1034, #1505, #1991, #2475, #554, #2206 ),
 .UNSPECIFIED., .F., .F.,
 ( 4, 3, 3, 4 ),
 ( 1.117570019170468128E-19, 1.911293728502992995E-05, 3.819611507556382223E-05, 7.628121036563918474E-05 ),
 .UNSPECIFIED. ) ;
#89 = CARTESIAN_POINT ( 'NONE',  ( 0.01741621991878491982, 0.9498455925156717994, 0.08296149487350251706 ) ) ;
#90 = DIRECTION ( 'NONE',  ( -0.000000000000000000, -0.000000000000000000, -1.000000000000000000 ) ) ;
#91 =( BOUNDED_CURVE ( )  B_SPLINE_CURVE ( 3, ( #2305, #1843, #2293, #1601 ),
 .UNSPECIFIED., .F., .F. ) 
 B_SPLINE_CURVE_WITH_KNOTS ( ( 4, 4 ),
 ( 4.899717498669717841, 4.908997307819739753 ),
 .UNSPECIFIED. ) 
 CURVE ( )  GEOMETRIC_REPRESENTATION_ITEM ( )  RATIONAL_B_SPLINE_CURVE ( ( 1.000000000000000000, 0.9999928237747195414, 0.9999928237747195414, 1.000000000000000000 ) ) 
 REPRESENTATION_ITEM ( '' )  );
#92 = CARTESIAN_POINT ( 'NONE',  ( -0.1004424037486963128, -0.9449042292405355203, 0.03060102275738867811 ) ) ;
#93 =( NAMED_UNIT ( * ) PLANE_ANGLE_UNIT ( ) SI_UNIT ( $, .RADIAN. ) );
#94 = SURFACE_STYLE_FILL_AREA ( #533 ) ;
#95 = AXIS2_PLACEMENT_3D ( 'NONE', #3023, #1353, #3039 ) ;
#96 = FACE_OUTER_BOUND ( 'NONE', #1371, .T. ) ;
#97 = CARTESIAN_POINT ( 'NONE',  ( 0.09548605746759748769, -0.9451895830924575970, -0.8642981980779754769 ) ) ;
#98 = ORIENTED_EDGE ( 'NONE', *, *, #2803, .F. ) ;
#99 = FACE_OUTER_BOUND ( 'NONE', #2581, .T. ) ;
#100 = EDGE_CURVE ( 'NONE', #521, #2155, #2076, .T. ) ;
#101 = CARTESIAN_POINT ( 'NONE',  ( -0.09975961538461532163, 0.9447475954657486019, -0.6128205128205129748 ) ) ;
#102 = CARTESIAN_POINT ( 'NONE',  ( -0.1801282051282049879, 0.9327667606198729588, 0.1820512820512822094 ) ) ;
#103 = VERTEX_POINT ( 'NONE', #266 ) ;
#104 = CARTESIAN_POINT ( 'NONE',  ( 0.03223128537135203781, 0.9494559322709764659, 0.04042059601441250899 ) ) ;
#105 =( GEOMETRIC_REPRESENTATION_CONTEXT ( 3 ) GLOBAL_UNCERTAINTY_ASSIGNED_CONTEXT ( ( #929 ) ) GLOBAL_UNIT_ASSIGNED_CONTEXT ( ( #1208, #2142, #255 ) ) REPRESENTATION_CONTEXT ( 'NONE', 'WORKASPACE' ) );
#106 = VERTEX_POINT ( 'NONE', #1461 ) ;
#107 = EDGE_CURVE ( 'NONE', #1044, #693, #1658, .T. ) ;
#108 = EDGE_CURVE ( 'NONE', #1155, #1845, #723, .T. ) ;
#109 = CARTESIAN_POINT ( 'NONE',  ( -0.1051282051282049629, 0.9441652718070718819, 0.3616185897435899022 ) ) ;
#110 = CARTESIAN_POINT ( 'NONE',  ( -0.0004797700251796311894, 0.9500479964786180398, -0.5862763332942090289 ) ) ;
#111 = CARTESIAN_POINT ( 'NONE',  ( 0.05941955628542749251, 0.9481511480207265308, 0.1433654442467453827 ) ) ;
#112 = CARTESIAN_POINT ( 'NONE',  ( -0.1938460774230482409, -0.9300681345750438922, -0.5891056642290924961 ) ) ;
#113 = CARTESIAN_POINT ( 'NONE',  ( 0.009835189470991019881, -0.9499684086518652704, 0.1661338251167460700 ) ) ;
#114 = ORIENTED_EDGE ( 'NONE', *, *, #629, .T. ) ;
#115 = CARTESIAN_POINT ( 'NONE',  ( -0.1990738700482596879, -0.9289395159185440676, 0.4919047374883663282 ) ) ;
#116 = CARTESIAN_POINT ( 'NONE',  ( -0.2150932934642189875, -0.9254602942837123480, 0.1781503303016551409 ) ) ;
#117 = CARTESIAN_POINT ( 'NONE',  ( -0.1150928127041038612, 0.9430066884726541199, 0.3956239190124102856 ) ) ;
#118 = B_SPLINE_CURVE_WITH_KNOTS ( 'NONE', 3,
 ( #448, #682, #710, #950, #2352, #1914 ),
 .UNSPECIFIED., .F., .F.,
 ( 4, 2, 4 ),
 ( 0.000000000000000000, 0.0001006461075249894530, 0.0002012922150499789060 ),
 .UNSPECIFIED. ) ;
#119 = ORIENTED_EDGE ( 'NONE', *, *, #830, .F. ) ;
#120 = ORIENTED_EDGE ( 'NONE', *, *, #2409, .T. ) ;
#121 = CARTESIAN_POINT ( 'NONE',  ( 0.007420478522878237553, -0.9499710187677053996, 0.01404747538605294332 ) ) ;
#122 = CARTESIAN_POINT ( 'NONE',  ( -0.1697916666666665075, -0.9347035839936399526, 0.4179487179487181292 ) ) ;
#123 = ADVANCED_FACE ( 'NONE', ( #1686 ), #1431, .T. ) ;
#124 = CARTESIAN_POINT ( 'NONE',  ( -0.9499999999999999556, 0.000000000000000000, -3.403937756669170867 ) ) ;
#125 = CARTESIAN_POINT ( 'NONE',  ( 0.09999999999999999167, -0.9447221813845592120, -3.403937756669170867 ) ) ;
#126 = CARTESIAN_POINT ( 'NONE',  ( 0.04955021682006829215, 0.9487068967879831449, 0.1507882680373713591 ) ) ;
#127 = CARTESIAN_POINT ( 'NONE',  ( -0.2107089365508119094, -0.9263378131398523063, -0.5734282567918397300 ) ) ;
#128 = ORIENTED_EDGE ( 'NONE', *, *, #525, .F. ) ;
#129 = DIRECTION ( 'NONE',  ( 1.000000000000000000, 0.000000000000000000, 0.000000000000000000 ) ) ;
#130 = FILL_AREA_STYLE ('',( #1313 ) ) ;
#131 = CARTESIAN_POINT ( 'NONE',  ( -0.2056097941462921574, 0.9275024677966885456, 0.1000868480472092148 ) ) ;
#132 = ORIENTED_EDGE ( 'NONE', *, *, #163, .F. ) ;
#133 = ORIENTED_EDGE ( 'NONE', *, *, #1756, .T. ) ;
#134 = DIRECTION ( 'NONE',  ( 1.000000000000000000, 0.000000000000000000, 0.000000000000000000 ) ) ;
#135 = EDGE_LOOP ( 'NONE', ( #2947, #1501, #2969, #2160 ) ) ;
#136 = DIRECTION ( 'NONE',  ( 1.000000000000000000, 0.000000000000000000, 0.000000000000000000 ) ) ;
#137 = EDGE_CURVE ( 'NONE', #218, #2085, #671, .T. ) ;
#138 = CARTESIAN_POINT ( 'NONE',  ( 0.000000000000000000, 0.000000000000000000, 0.000000000000000000 ) ) ;
#139 = CARTESIAN_POINT ( 'NONE',  ( -0.2377387771597513355, -0.9197718596640531707, 0.06073493475702144290 ) ) ;
#140 = DIRECTION ( 'NONE',  ( -0.000000000000000000, -0.000000000000000000, -1.000000000000000000 ) ) ;
#141 = CARTESIAN_POINT ( 'NONE',  ( -0.06353565805094497920, 0.9487401158877336593, -0.7415480488126990899 ) ) ;
#142 = CARTESIAN_POINT ( 'NONE',  ( 0.000000000000000000, 0.000000000000000000, 1.749999999999999778 ) ) ;
#143 = AXIS2_PLACEMENT_3D ( 'NONE', #1605, #1788, #202 ) ;
#144 = LINE ( 'NONE', #844, #397 ) ;
#145 = CARTESIAN_POINT ( 'NONE',  ( -0.09278265648033064139, -0.9454741102171940748, 0.1295971406212072241 ) ) ;
#146 = ORIENTED_EDGE ( 'NONE', *, *, #1857, .F. ) ;
#147 = CARTESIAN_POINT ( 'NONE',  ( -0.07086357613331610572, -0.9474159865221066790, 0.1344190852233834998 ) ) ;
#148 = VECTOR ( 'NONE', #646, 1000.000000000000000 ) ;
#149 = DIRECTION ( 'NONE',  ( -0.000000000000000000, -0.000000000000000000, -1.000000000000000000 ) ) ;
#150 = CARTESIAN_POINT ( 'NONE',  ( -0.2606826034240345979, 0.9135341155466047969, 0.1518480436519656085 ) ) ;
#151 = AXIS2_PLACEMENT_3D ( 'NONE', #3082, #919, #1645 ) ;
#152 = CARTESIAN_POINT ( 'NONE',  ( -0.2061671712878757057, -0.9273976589447068264, -0.7596578043147881321 ) ) ;
#153 = VERTEX_POINT ( 'NONE', #2682 ) ;
#154 =( NAMED_UNIT ( * ) SI_UNIT ( $, .STERADIAN. ) SOLID_ANGLE_UNIT ( ) );
#155 = ORIENTED_EDGE ( 'NONE', *, *, #68, .T. ) ;
#156 = ORIENTED_EDGE ( 'NONE', *, *, #3047, .T. ) ;
#157 = CARTESIAN_POINT ( 'NONE',  ( -0.1264423076923075207, -0.9415478441510257701, 0.2384615384615386413 ) ) ;
#158 = AXIS2_PLACEMENT_3D ( 'NONE', #2663, #2890, #2872 ) ;
#159 = CARTESIAN_POINT ( 'NONE',  ( 0.02627572601484612358, 0.9496419902266487467, -0.8764940824621975102 ) ) ;
#160 = AXIS2_PLACEMENT_3D ( 'NONE', #391, #175, #636 ) ;
#161 = CARTESIAN_POINT ( 'NONE',  ( -0.1464533048438143026, 0.9386433984756651361, 0.1003820491824120170 ) ) ;
#162 = CARTESIAN_POINT ( 'NONE',  ( -0.002564102564102377618, 0.9499965396663508921, 0.1666666666666667962 ) ) ;
#163 = EDGE_CURVE ( 'NONE', #1589, #3016, #941, .T. ) ;
#164 = CARTESIAN_POINT ( 'NONE',  ( -0.1105164128288176062, -0.9435831562931090710, 0.1551591581318971513 ) ) ;
#165 = CARTESIAN_POINT ( 'NONE',  ( -0.2132902494843465224, -0.9257623073150236248, 0.09606751947528903435 ) ) ;
#166 = CARTESIAN_POINT ( 'NONE',  ( -0.09975961538461532163, -0.9447475954657486019, -0.6128205128205129748 ) ) ;
#167 = CARTESIAN_POINT ( 'NONE',  ( -0.09863782051282046770, 0.9448653768471362291, -0.3871794871794873028 ) ) ;
#168 = CYLINDRICAL_SURFACE ( 'NONE', #1688, 0.9499999999999999556 ) ;
#169 = CARTESIAN_POINT ( 'NONE',  ( 0.03333333333333334675, -0.9494150245750743178, -0.9593749999999997558 ) ) ;
#170 = VERTEX_POINT ( 'NONE', #1303 ) ;
#171 = CARTESIAN_POINT ( 'NONE',  ( -0.05298359637202434969, -0.9514127586502081346, 0.2537809511047254274 ) ) ;
#172 = FILL_AREA_STYLE_COLOUR ( '', #301 ) ;
#173 = VERTEX_POINT ( 'NONE', #1878 ) ;
#174 = ORIENTED_EDGE ( 'NONE', *, *, #511, .T. ) ;
#175 = DIRECTION ( 'NONE',  ( 0.000000000000000000, -1.000000000000000000, 1.700709290173340163E-16 ) ) ;
#176 = CARTESIAN_POINT ( 'NONE',  ( -0.2207462736244858725, 0.9240069210802155375, 0.01350108119657112034 ) ) ;
#177 = CARTESIAN_POINT ( 'NONE',  ( -0.02966977484752897354, -0.9498351356909471299, 0.3358391030264320509 ) ) ;
#178 = CARTESIAN_POINT ( 'NONE',  ( -0.1523728813582936048, -0.9377352263431858459, 0.4169746773099070603 ) ) ;
#179 = DIRECTION ( 'NONE',  ( -0.000000000000000000, -0.000000000000000000, -1.000000000000000000 ) ) ;
#180 = EDGE_CURVE ( 'NONE', #2438, #926, #2143, .T. ) ;
#181 = B_SPLINE_CURVE_WITH_KNOTS ( 'NONE', 3,
 ( #24, #35, #726, #2660, #296, #979, #65, #1939, #2186, #1438 ),
 .UNSPECIFIED., .F., .F.,
 ( 4, 3, 3, 4 ),
 ( 0.000000000000000000, 4.317753597222153046E-05, 6.512044127327197812E-05, 8.725682547805848656E-05 ),
 .UNSPECIFIED. ) ;
#182 = ORIENTED_EDGE ( 'NONE', *, *, #2509, .F. ) ;
#183 = CARTESIAN_POINT ( 'NONE',  ( 0.02488765826313387233, 0.9496803760897873925, 0.02694821029142840593 ) ) ;
#184 = ORIENTED_EDGE ( 'NONE', *, *, #2128, .T. ) ;
#185 = DIRECTION ( 'NONE',  ( 0.000000000000000000, 0.000000000000000000, 1.000000000000000000 ) ) ;
#186 = SURFACE_STYLE_USAGE ( .BOTH. , #2119 ) ;
#187 = CARTESIAN_POINT ( 'NONE',  ( -0.2333591267123620028, -0.9208953587866270940, 0.02871801182109211259 ) ) ;
#188 = ORIENTED_EDGE ( 'NONE', *, *, #1145, .F. ) ;
#189 = CARTESIAN_POINT ( 'NONE',  ( 0.000000000000000000, -3.550000000000000266, -3.810000000000000053 ) ) ;
#190 = DIRECTION ( 'NONE',  ( 1.000000000000000000, 0.000000000000000000, 0.000000000000000000 ) ) ;
#191 = VERTEX_POINT ( 'NONE', #2323 ) ;
#192 = SURFACE_STYLE_USAGE ( .BOTH. , #2314 ) ;
#193 = FACE_BOUND ( 'NONE', #2507, .T. ) ;
#194 = DIRECTION ( 'NONE',  ( -1.000000000000000000, 0.000000000000000000, 0.000000000000000000 ) ) ;
#195 = CARTESIAN_POINT ( 'NONE',  ( -0.2819148530620542159, -0.9072638819461315007, -0.3972579066958099592 ) ) ;
#196 = VERTEX_POINT ( 'NONE', #2013 ) ;
#197 = CARTESIAN_POINT ( 'NONE',  ( -0.2237068645310519854, -0.9233005695143152725, 0.08797246971835939733 ) ) ;
#198 = CARTESIAN_POINT ( 'NONE',  ( -0.2536858974358973118, -0.9155017561109008994, 0.4665064102564104309 ) ) ;
#199 = ORIENTED_EDGE ( 'NONE', *, *, #2346, .T. ) ;
#200 = CIRCLE ( 'NONE', #2738, 0.7500000000000000000 ) ;
#201 = DIRECTION ( 'NONE',  ( 1.000000000000000000, 0.000000000000000000, 0.000000000000000000 ) ) ;
#202 = DIRECTION ( 'NONE',  ( 1.000000000000000000, 0.000000000000000000, 0.000000000000000000 ) ) ;
#203 = CARTESIAN_POINT ( 'NONE',  ( 0.1014147142191109130, 0.9446214178705526487, -0.4480992302023116824 ) ) ;
#204 = STYLED_ITEM ( 'NONE', ( #375 ), #549 ) ;
#205 = FACE_BOUND ( 'NONE', #1037, .T. ) ;
#206 = ORIENTED_EDGE ( 'NONE', *, *, #14, .T. ) ;
#207 = EDGE_CURVE ( 'NONE', #2085, #1845, #2751, .T. ) ;
#208 = EDGE_CURVE ( 'NONE', #2875, #1785, #2985, .T. ) ;
#209 = AXIS2_PLACEMENT_3D ( 'NONE', #2903, #2888, #286 ) ;
#210 = ORIENTED_EDGE ( 'NONE', *, *, #998, .F. ) ;
#211 = CARTESIAN_POINT ( 'NONE',  ( -0.2242044771440942774, 0.9231643149661222791, 0.3968502602301501869 ) ) ;
#212 = MECHANICAL_DESIGN_GEOMETRIC_PRESENTATION_REPRESENTATION (  '', ( #2908 ), #2437 ) ;
#213 = DIRECTION ( 'NONE',  ( 0.000000000000000000, -1.000000000000000000, 1.700709290173340163E-16 ) ) ;
#214 = AXIS2_PLACEMENT_3D ( 'NONE', #1022, #951, #1515 ) ;
#215 = DIRECTION ( 'NONE',  ( -1.000000000000000000, 0.000000000000000000, 0.000000000000000000 ) ) ;
#216 = CARTESIAN_POINT ( 'NONE',  ( -0.02821605581098046711, -0.9496191029357596847, 0.1634148891641145906 ) ) ;
#217 = DIRECTION ( 'NONE',  ( -1.000000000000000000, 0.000000000000000000, 0.000000000000000000 ) ) ;
#218 = VERTEX_POINT ( 'NONE', #373 ) ;
#219 = CARTESIAN_POINT ( 'NONE',  ( 0.02139393956664584900, 0.9497590743709330985, 0.02356040734596987277 ) ) ;
#220 = VERTEX_POINT ( 'NONE', #2088 ) ;
#221 = DIRECTION ( 'NONE',  ( 0.000000000000000000, 0.000000000000000000, -1.000000000000000000 ) ) ;
#222 = ORIENTED_EDGE ( 'NONE', *, *, #654, .T. ) ;
#223 = CARTESIAN_POINT ( 'NONE',  ( 0.02948717948717948303, -0.9495422614322601707, -0.8898237179487176185 ) ) ;
#224 = ORIENTED_EDGE ( 'NONE', *, *, #1001, .T. ) ;
#225 =( NAMED_UNIT ( * ) SI_UNIT ( $, .STERADIAN. ) SOLID_ANGLE_UNIT ( ) );
#226 = EDGE_CURVE ( 'NONE', #170, #2351, #1131, .T. ) ;
#227 = ORIENTED_EDGE ( 'NONE', *, *, #860, .T. ) ;
#228 = FACE_BOUND ( 'NONE', #524, .T. ) ;
#229 = CARTESIAN_POINT ( 'NONE',  ( 0.02252326686330647157, -0.9501736101031618142, -0.06298577576456461380 ) ) ;
#230 = EDGE_LOOP ( 'NONE', ( #2213, #1973, #1779, #324, #1721 ) ) ;
#231 = CARTESIAN_POINT ( 'NONE',  ( -0.2017322552354105236, 0.9284257736149594820, -0.7577562967454506415 ) ) ;
#232 = SURFACE_STYLE_FILL_AREA ( #1904 ) ;
#233 = VERTEX_POINT ( 'NONE', #440 ) ;
#234 = ORIENTED_EDGE ( 'NONE', *, *, #278, .T. ) ;
#235 = CARTESIAN_POINT ( 'NONE',  ( -0.04015257249889392366, -0.9491512988720079980, 0.3625447661135475785 ) ) ;
#236 = CARTESIAN_POINT ( 'NONE',  ( 0.000000000000000000, 0.000000000000000000, -3.403937756669170867 ) ) ;
#237 = CARTESIAN_POINT ( 'NONE',  ( -0.1004424037486964794, 0.9449042292405354093, 0.03060102275738866770 ) ) ;
#238 = ORIENTED_EDGE ( 'NONE', *, *, #1319, .F. ) ;
#239 = CARTESIAN_POINT ( 'NONE',  ( 0.03846153846153854000, 0.9492211070447030830, -0.4995993589743591423 ) ) ;
#240 = EDGE_CURVE ( 'NONE', #2733, #559, #1730, .T. ) ;
#241 = PRESENTATION_STYLE_ASSIGNMENT (( #2201 ) ) ;
#242 = CARTESIAN_POINT ( 'NONE',  ( -0.2536858974358973118, 0.9155017561109008994, 0.4665064102564104309 ) ) ;
#243 = ADVANCED_FACE ( 'NONE', ( #3042, #1383 ), #644, .T. ) ;
#244 = EDGE_CURVE ( 'NONE', #170, #220, #527, .T. ) ;
#245 = CARTESIAN_POINT ( 'NONE',  ( 3.673940397442058882E-17, -0.9999999999999997780, 4.110000000000000320 ) ) ;
#246 = ORIENTED_EDGE ( 'NONE', *, *, #244, .T. ) ;
#247 = FILL_AREA_STYLE_COLOUR ( '', #250 ) ;
#248 = CARTESIAN_POINT ( 'NONE',  ( -0.2311503607587695464, -0.9214498024030943757, -0.8913601734182190484 ) ) ;
#249 = CARTESIAN_POINT ( 'NONE',  ( -0.04121620835009380535, -0.9491063942971709189, 0.3582599539466703731 ) ) ;
#250 = COLOUR_RGB ( '',0.8313725490196077761, 0.8313725490196077761, 0.8196078431372548767 ) ;
#251 = CARTESIAN_POINT ( 'NONE',  ( -0.08413310393328143899, 0.9462680701822087093, 0.1134471507169682869 ) ) ;
#252 = VERTEX_POINT ( 'NONE', #1157 ) ;
#253 = AXIS2_PLACEMENT_3D ( 'NONE', #1236, #1654, #32 ) ;
#254 = DIRECTION ( 'NONE',  ( -0.000000000000000000, -0.000000000000000000, -1.000000000000000000 ) ) ;
#255 =( NAMED_UNIT ( * ) SI_UNIT ( $, .STERADIAN. ) SOLID_ANGLE_UNIT ( ) );
#256 = SURFACE_SIDE_STYLE ('',( #1165 ) ) ;
#257 = APPLICATION_CONTEXT ( 'automotive_design' ) ;
#258 = CIRCLE ( 'NONE', #1245, 0.9499999999999999556 ) ;
#259 = CARTESIAN_POINT ( 'NONE',  ( 0.09962995712040605134, -0.9447616743076466816, 0.06413005934491218529 ) ) ;
#260 = CARTESIAN_POINT ( 'NONE',  ( 0.09238782051282053154, 0.9454969543160309797, -0.8519230769230765610 ) ) ;
#261 = PRESENTATION_LAYER_ASSIGNMENT (  '', '', ( #1641 ) ) ;
#262 = EDGE_CURVE ( 'NONE', #889, #196, #2835, .T. ) ;
#263 = VERTEX_POINT ( 'NONE', #1949 ) ;
#264 = CARTESIAN_POINT ( 'NONE',  ( -0.1358974358974357755, -0.9402296990185439185, 0.3056089743589746055 ) ) ;
#265 = AXIS2_PLACEMENT_3D ( 'NONE', #1664, #489, #1243 ) ;
#266 = CARTESIAN_POINT ( 'NONE',  ( -0.01794871794871778087, -0.9498304288261124606, 0.007692307692307823706 ) ) ;
#267 = FILL_AREA_STYLE ('',( #2909 ) ) ;
#268 = CARTESIAN_POINT ( 'NONE',  ( 0.000000000000000000, 0.000000000000000000, 2.810000000000000053 ) ) ;
#269 = CARTESIAN_POINT ( 'NONE',  ( -0.2331866348778729447, 0.9209364762644242086, -0.9212667183903359147 ) ) ;
#270 = VERTEX_POINT ( 'NONE', #1668 ) ;
#271 = ORIENTED_EDGE ( 'NONE', *, *, #1715, .F. ) ;
#272 = CARTESIAN_POINT ( 'NONE',  ( 0.000000000000000000, 0.000000000000000000, -0.9974358974358968899 ) ) ;
#273 = CARTESIAN_POINT ( 'NONE',  ( 0.06402243589743610019, -0.9478402437656668900, 0.1392628205128206564 ) ) ;
#274 = CARTESIAN_POINT ( 'NONE',  ( 0.09999999999999999167, 0.9447221813845592120, -0.9276442307692305267 ) ) ;
#275 = ORIENTED_EDGE ( 'NONE', *, *, #14, .F. ) ;
#276 = CARTESIAN_POINT ( 'NONE',  ( -0.1053997146829588061, -0.9441350405403452495, 0.3540454114264542373 ) ) ;
#277 = DIRECTION ( 'NONE',  ( 0.000000000000000000, -1.000000000000000000, 1.700709290173340163E-16 ) ) ;
#278 = EDGE_CURVE ( 'NONE', #2805, #1545, #1547, .T. ) ;
#279 = CARTESIAN_POINT ( 'NONE',  ( -0.1005608974358973839, 0.9446626413206393735, -0.3102564102564104309 ) ) ;
#280 = CARTESIAN_POINT ( 'NONE',  ( -0.2329068452777726117, 0.9210073061586575571, -0.9126899952657977488 ) ) ;
#281 = ORIENTED_EDGE ( 'NONE', *, *, #2841, .F. ) ;
#282 = ADVANCED_BREP_SHAPE_REPRESENTATION ( 'DO-35_3.90x1.90x0.60x07.62', ( #1738, #1713, #2768, #936 ), #2913 ) ;
#283 = VERTEX_POINT ( 'NONE', #1430 ) ;
#284 = SURFACE_SIDE_STYLE ('',( #2710 ) ) ;
#285 = CARTESIAN_POINT ( 'NONE',  ( -0.09863782051282046770, 0.9448653768471362291, -0.3871794871794873028 ) ) ;
#286 = DIRECTION ( 'NONE',  ( -1.000000000000000000, 0.000000000000000000, 0.000000000000000000 ) ) ;
#287 = CARTESIAN_POINT ( 'NONE',  ( 0.03553125853876032414, 0.9493611785494788791, -0.4656455028065882296 ) ) ;
#288 = CARTESIAN_POINT ( 'NONE',  ( -0.1266221642730973040, -0.9418996397043853941, -0.8181882188731995909 ) ) ;
#289 = CARTESIAN_POINT ( 'NONE',  ( 0.02588166355994479459, -0.9496999205526854837, 0.1629042429818333138 ) ) ;
#290 = CARTESIAN_POINT ( 'NONE',  ( -0.1928502171982348079, 0.9302431711194455444, -0.07868948395547013808 ) ) ;
#291 = DIRECTION ( 'NONE',  ( 0.000000000000000000, 0.000000000000000000, 1.000000000000000000 ) ) ;
#292 = B_SPLINE_CURVE_WITH_KNOTS ( 'NONE', 3,
 ( #2012, #1024, #2050, #357, #1076, #3003, #159, #2489 ),
 .UNSPECIFIED., .F., .F.,
 ( 4, 2, 2, 4 ),
 ( 0.000000000000000000, 8.076302317354989719E-05, 0.0001211445347603248390, 0.0001615260463470997944 ),
 .UNSPECIFIED. ) ;
#293 = DIRECTION ( 'NONE',  ( 1.000000000000000000, 0.000000000000000000, 0.000000000000000000 ) ) ;
#294 = B_SPLINE_CURVE_WITH_KNOTS ( 'NONE', 3,
 ( #2432, #2131, #940, #1906, #1961, #115, #2208, #1055, #1766, #2980 ),
 .UNSPECIFIED., .F., .F.,
 ( 4, 3, 3, 4 ),
 ( 0.000000000000000000, 4.635436833093447521E-05, 6.943586680469715370E-05, 9.312048088133995940E-05 ),
 .UNSPECIFIED. ) ;
#295 = ORIENTED_EDGE ( 'NONE', *, *, #1275, .F. ) ;
#296 = CARTESIAN_POINT ( 'NONE',  ( -0.1537471715220260493, 0.9375044514320396427, -0.7445705413086551872 ) ) ;
#297 = EDGE_CURVE ( 'NONE', #2217, #971, #2894, .T. ) ;
#298 = EDGE_CURVE ( 'NONE', #1560, #2070, #574, .T. ) ;
#299 = CIRCLE ( 'NONE', #253, 0.1999999999999999833 ) ;
#300 = CARTESIAN_POINT ( 'NONE',  ( -0.1158200203053005167, 0.9429253185020538552, 0.3264011125508091138 ) ) ;
#301 = COLOUR_RGB ( '',0.8313725490196077761, 0.8313725490196077761, 0.8196078431372548767 ) ;
#302 = CARTESIAN_POINT ( 'NONE',  ( 0.09411547042473793201, 0.9453387288147175882, 0.008172135839865743434 ) ) ;
#303 = VECTOR ( 'NONE', #1748, 1000.000000000000000 ) ;
#304 = CARTESIAN_POINT ( 'NONE',  ( -0.1024038461538461092, 0.9444646379261106839, -0.6897435897435899577 ) ) ;
#305 = CARTESIAN_POINT ( 'NONE',  ( 0.09969823824548941504, 0.9447540745033841114, -0.9085500154272535545 ) ) ;
#306 =( GEOMETRIC_REPRESENTATION_CONTEXT ( 3 ) GLOBAL_UNCERTAINTY_ASSIGNED_CONTEXT ( ( #2865 ) ) GLOBAL_UNIT_ASSIGNED_CONTEXT ( ( #58, #2630, #2377 ) ) REPRESENTATION_CONTEXT ( 'NONE', 'WORKASPACE' ) );
#307 = CARTESIAN_POINT ( 'NONE',  ( -0.2958023581738238872, 0.9027740386712529430, -0.8696714466533935761 ) ) ;
#308 = ORIENTED_EDGE ( 'NONE', *, *, #80, .T. ) ;
#309 =( GEOMETRIC_REPRESENTATION_CONTEXT ( 3 ) GLOBAL_UNCERTAINTY_ASSIGNED_CONTEXT ( ( #2381 ) ) GLOBAL_UNIT_ASSIGNED_CONTEXT ( ( #1273, #2808, #1564 ) ) REPRESENTATION_CONTEXT ( 'NONE', 'WORKASPACE' ) );
#310 = CARTESIAN_POINT ( 'NONE',  ( -0.2331380451186040315, -0.9209488999289094924, -0.9170039936044910300 ) ) ;
#311 = CARTESIAN_POINT ( 'NONE',  ( -0.01410288725770068169, 0.9499031025668742689, -0.01794656358113925348 ) ) ;
#312 = B_SPLINE_CURVE_WITH_KNOTS ( 'NONE', 3,
 ( #1650, #1429, #2391, #1413, #454, #1701, #29, #2893, #2615, #1448, #2117, #2359, #2147, #989, #1213, #3087 ),
 .UNSPECIFIED., .F., .F.,
 ( 4, 3, 3, 3, 3, 4 ),
 ( 0.000000000000000000, 2.207619798485043459E-05, 3.676322168879874754E-05, 5.149525486452267558E-05, 6.565566155853593325E-05, 8.313502485275748905E-05 ),
 .UNSPECIFIED. ) ;
#313 = MECHANICAL_DESIGN_GEOMETRIC_PRESENTATION_REPRESENTATION (  '', ( #1641 ), #309 ) ;
#314 = VERTEX_POINT ( 'NONE', #1919 ) ;
#315 = CARTESIAN_POINT ( 'NONE',  ( -0.2054336020558643894, -0.9275413215735348604, 0.4115874957674104384 ) ) ;
#316 =( BOUNDED_CURVE ( )  B_SPLINE_CURVE ( 3, ( #2005, #1538, #1036, #1506 ),
 .UNSPECIFIED., .F., .F. ) 
 B_SPLINE_CURVE_WITH_KNOTS ( ( 4, 4 ),
 ( 1.704289625004084208, 1.714338685980024479 ),
 .UNSPECIFIED. ) 
 CURVE ( )  GEOMETRIC_REPRESENTATION_ITEM ( )  RATIONAL_B_SPLINE_CURVE ( ( 1.000000000000000000, 0.9999915847154960957, 0.9999915847154960957, 1.000000000000000000 ) ) 
 REPRESENTATION_ITEM ( '' )  );
#317 = EDGE_CURVE ( 'NONE', #1467, #631, #2247, .T. ) ;
#318 = CARTESIAN_POINT ( 'NONE',  ( 0.05469110777786562183, 0.9484383920870373963, 0.1473803611920733725 ) ) ;
#319 = CARTESIAN_POINT ( 'NONE',  ( -0.2317588089272258900, -0.9212968329934382306, -0.5391430680108062479 ) ) ;
#320 = CARTESIAN_POINT ( 'NONE',  ( -0.05610350113312154857, 0.9483795189842417761, 0.4413423020207628555 ) ) ;
#321 = ORIENTED_EDGE ( 'NONE', *, *, #2841, .T. ) ;
#322 = CARTESIAN_POINT ( 'NONE',  ( -0.1769230769230767664, -0.9333800002421688280, -0.002564102564102431828 ) ) ;
#323 = CARTESIAN_POINT ( 'NONE',  ( -0.2333333333333333648, 0.9208993189027536719, -3.403937756669170867 ) ) ;
#324 = ORIENTED_EDGE ( 'NONE', *, *, #388, .T. ) ;
#325 = CARTESIAN_POINT ( 'NONE',  ( 0.01077282154232915221, -0.9500337900921201895, -0.4220989562966328545 ) ) ;
#326 = VERTEX_POINT ( 'NONE', #55 ) ;
#327 = CARTESIAN_POINT ( 'NONE',  ( -0.002816878758010927988, 0.9500179122550300725, 0.08953306359877248599 ) ) ;
#328 = EDGE_LOOP ( 'NONE', ( #2324, #560, #98, #1333 ) ) ;
#329 = CARTESIAN_POINT ( 'NONE',  ( -0.2384615384615383082, -0.9195847403445516210, 0.05152243589743604052 ) ) ;
#330 = EDGE_CURVE ( 'NONE', #2196, #1449, #294, .T. ) ;
#331 = CARTESIAN_POINT ( 'NONE',  ( 0.000000000000000000, -0.9999999999999997780, -3.809999999999999609 ) ) ;
#332 = CARTESIAN_POINT ( 'NONE',  ( 0.01794871794871810700, -0.9498304288261129047, 0.3463141025641027215 ) ) ;
#333 = CARTESIAN_POINT ( 'NONE',  ( -0.1084434285756111088, 0.9438269994991472789, -0.8180236871233338425 ) ) ;
#334 = EDGE_LOOP ( 'NONE', ( #2984, #1391, #432, #2272 ) ) ;
#335 = DIRECTION ( 'NONE',  ( -0.000000000000000000, -0.000000000000000000, -1.000000000000000000 ) ) ;
#336 = CARTESIAN_POINT ( 'NONE',  ( -0.1217369835202286726, -0.9421707501376443972, 0.08147878248912061860 ) ) ;
#337 = CARTESIAN_POINT ( 'NONE',  ( -0.1051985793489760845, 0.9441574359802969996, 0.3657127436925633468 ) ) ;
#338 = VERTEX_POINT ( 'NONE', #817 ) ;
#339 = DIRECTION ( 'NONE',  ( -0.000000000000000000, -0.000000000000000000, -1.000000000000000000 ) ) ;
#340 = CARTESIAN_POINT ( 'NONE',  ( 0.1044623127444814920, -0.9442394156812423667, -0.4739960683927343377 ) ) ;
#342 = CLOSED_SHELL ( 'NONE', ( #2057, #2239, #635, #1873, #1200, #460, #1945, #1620 ) ) ;
#341 = B_SPLINE_CURVE_WITH_KNOTS ( 'NONE', 3,
 ( #2691, #2770, #1580, #2986, #2755, #2821, #867, #1349, #2569, #390 ),
 .UNSPECIFIED., .F., .F.,
 ( 4, 3, 3, 4 ),
 ( 0.000000000000000000, 7.813754338701338838E-06, 1.563017673329805825E-05, 3.117770489643374742E-05 ),
 .UNSPECIFIED. ) ;
#343 = FACE_OUTER_BOUND ( 'NONE', #793, .T. ) ;
#344 = CARTESIAN_POINT ( 'NONE',  ( -0.2384615384615384193, 0.9195847403445515100, -0.4995993589743591423 ) ) ;
#345 = CARTESIAN_POINT ( 'NONE',  ( -0.06452881015549462307, 0.9478059045302619223, 0.4510929259807759384 ) ) ;
#346 = AXIS2_PLACEMENT_3D ( 'NONE', #189, #2348, #3078 ) ;
#347 = CARTESIAN_POINT ( 'NONE',  ( -0.2384615384615383082, -0.9195847403445516210, 0.05152243589743604052 ) ) ;
#348 = B_SPLINE_CURVE_WITH_KNOTS ( 'NONE', 3,
 ( #2714, #2498, #2944, #319, #1308, #595, #127, #2038, #112, #607, #1274, #1553, #2515, #2756, #378, #3007 ),
 .UNSPECIFIED., .F., .F.,
 ( 4, 3, 3, 3, 3, 4 ),
 ( 0.000000000000000000, 4.014427442123855475E-05, 8.078485178566135018E-05, 0.0001152942240237122575, 0.0001616083740605764741, 0.0002024976700105558217 ),
 .UNSPECIFIED. ) ;
#349 = CARTESIAN_POINT ( 'NONE',  ( -0.2927182123123605040, -0.9037949014306952966, 0.1115690348883122407 ) ) ;
#350 = CARTESIAN_POINT ( 'NONE',  ( -0.3003644119583851468, 0.9012706864199665491, 0.09127935039176621190 ) ) ;
#351 = EDGE_CURVE ( 'NONE', #756, #2733, #583, .T. ) ;
#352 = EDGE_LOOP ( 'NONE', ( #1783, #2716, #2820, #1141 ) ) ;
#353 = CIRCLE ( 'NONE', #1290, 0.2999999999999999889 ) ;
#354 = ORIENTED_EDGE ( 'NONE', *, *, #2508, .T. ) ;
#355 = PRESENTATION_LAYER_ASSIGNMENT (  '', '', ( #2441 ) ) ;
#356 = CARTESIAN_POINT ( 'NONE',  ( -3.673940397442058882E-17, -0.2999999999999999889, -2.810000000000000053 ) ) ;
#357 = CARTESIAN_POINT ( 'NONE',  ( -0.008009648092053385168, 0.9500486027547363488, -0.8348341849146222460 ) ) ;
#358 = CARTESIAN_POINT ( 'NONE',  ( -0.3010291529077547268, 0.9011019836252747162, -0.4457860852216288805 ) ) ;
#359 = AXIS2_PLACEMENT_3D ( 'NONE', #142, #2771, #1565 ) ;
#360 =( LENGTH_UNIT ( ) NAMED_UNIT ( * ) SI_UNIT ( .MILLI., .METRE. ) );
#361 = SURFACE_SIDE_STYLE ('',( #2033 ) ) ;
#362 = ORIENTED_EDGE ( 'NONE', *, *, #317, .T. ) ;
#363 = FILL_AREA_STYLE ('',( #2499 ) ) ;
#364 = LINE ( 'NONE', #1972, #303 ) ;
#365 = ORIENTED_EDGE ( 'NONE', *, *, #545, .T. ) ;
#366 = CARTESIAN_POINT ( 'NONE',  ( -0.3045204146541418688, -0.8998709512816301936, 0.3256171596036903648 ) ) ;
#367 = FACE_OUTER_BOUND ( 'NONE', #2087, .T. ) ;
#368 = DIRECTION ( 'NONE',  ( 0.000000000000000000, 0.000000000000000000, 1.000000000000000000 ) ) ;
#369 = B_SPLINE_CURVE_WITH_KNOTS ( 'NONE', 3,
 ( #1509, #2965, #147, #1103, #2054, #2826, #1087, #216, #1377, #2575, #411, #847, #1814 ),
 .UNSPECIFIED., .F., .F.,
 ( 4, 3, 3, 3, 4 ),
 ( 0.000000000000000000, 4.417947924682421700E-05, 7.192202855151605748E-05, 9.980728977452214183E-05, 0.0001067162337220299968 ),
 .UNSPECIFIED. ) ;
#370 = VERTEX_POINT ( 'NONE', #569 ) ;
#371 = EDGE_CURVE ( 'NONE', #218, #1597, #200, .T. ) ;
#372 = ORIENTED_EDGE ( 'NONE', *, *, #2620, .T. ) ;
#373 = CARTESIAN_POINT ( 'NONE',  ( -0.7500000000000000000, 0.000000000000000000, 1.949999999999999956 ) ) ;
#374 = FACE_OUTER_BOUND ( 'NONE', #419, .T. ) ;
#375 = PRESENTATION_STYLE_ASSIGNMENT (( #2245 ) ) ;
#376 = CARTESIAN_POINT ( 'NONE',  ( -0.2384615384615383360, 0.9195847403445516210, 0.3559294871794874138 ) ) ;
#377 = CARTESIAN_POINT ( 'NONE',  ( -0.9499999999999999556, 0.000000000000000000, 1.749999999999999778 ) ) ;
#378 = CARTESIAN_POINT ( 'NONE',  ( -0.1134385038833068127, -0.9433031878143636195, -0.6126306753184405096 ) ) ;
#379 = CARTESIAN_POINT ( 'NONE',  ( 0.000000000000000000, 0.000000000000000000, -3.403937756669170867 ) ) ;
#380 =( LENGTH_UNIT ( ) NAMED_UNIT ( * ) SI_UNIT ( .MILLI., .METRE. ) );
#381 = CARTESIAN_POINT ( 'NONE',  ( -0.1832296220855664515, -0.9321680191945668215, -0.05387158863181520929 ) ) ;
#382 = CARTESIAN_POINT ( 'NONE',  ( -0.2224503002452507816, 0.9235995395389731133, 0.08902273317132800012 ) ) ;
#383 = CARTESIAN_POINT ( 'NONE',  ( -0.2247846937794037436, 0.9230232074227645578, 0.3190832284450217937 ) ) ;
#384 = VERTEX_POINT ( 'NONE', #1311 ) ;
#385 = ORIENTED_EDGE ( 'NONE', *, *, #771, .T. ) ;
#386 = ORIENTED_EDGE ( 'NONE', *, *, #2842, .F. ) ;
#387 = CARTESIAN_POINT ( 'NONE',  ( 0.03197374868584876989, 0.9494620176717593063, 0.06361372123333459971 ) ) ;
#388 = EDGE_CURVE ( 'NONE', #650, #233, #2171, .T. ) ;
#389 = FILL_AREA_STYLE ('',( #1563 ) ) ;
#390 = CARTESIAN_POINT ( 'NONE',  ( -0.1210737179487177823, 0.9422532328530769385, 0.02820512820512834778 ) ) ;
#391 = CARTESIAN_POINT ( 'NONE',  ( 0.000000000000000000, -0.9999999999999997780, 3.809999999999999609 ) ) ;
#392 = FACE_OUTER_BOUND ( 'NONE', #1643, .T. ) ;
#393 = AXIS2_PLACEMENT_3D ( 'NONE', #1625, #2582, #221 ) ;
#394 = ORIENTED_EDGE ( 'NONE', *, *, #1577, .F. ) ;
#395 = CARTESIAN_POINT ( 'NONE',  ( -0.1697916666666665075, -0.9347035839936399526, 0.4179487179487181292 ) ) ;
#396 = CARTESIAN_POINT ( 'NONE',  ( -0.1093020139752972492, 0.9436959897849872547, 0.3855787615742376495 ) ) ;
#397 = VECTOR ( 'NONE', #608, 1000.000000000000000 ) ;
#398 = FACE_BOUND ( 'NONE', #352, .T. ) ;
#399 = DIRECTION ( 'NONE',  ( 0.000000000000000000, 0.000000000000000000, 1.000000000000000000 ) ) ;
#400 = STYLED_ITEM ( 'NONE', ( #966 ), #1738 ) ;
#401 = CARTESIAN_POINT ( 'NONE',  ( -0.9499999999999999556, 0.000000000000000000, -3.403937756669170867 ) ) ;
#402 = EDGE_LOOP ( 'NONE', ( #2831, #1256 ) ) ;
#403 = DIRECTION ( 'NONE',  ( -0.000000000000000000, -0.000000000000000000, -1.000000000000000000 ) ) ;
#404 = AXIS2_PLACEMENT_3D ( 'NONE', #665, #428, #2845 ) ;
#405 = B_SPLINE_CURVE_WITH_KNOTS ( 'NONE', 3,
 ( #2670, #961, #1923, #2619, #1454, #471, #1417, #2164, #512, #2379, #251, #1187, #2135 ),
 .UNSPECIFIED., .F., .F.,
 ( 4, 3, 3, 3, 4 ),
 ( 0.000000000000000000, 3.022497612257682507E-05, 6.065684436881650085E-05, 9.954666039564620712E-05, 0.0001069455140235967450 ),
 .UNSPECIFIED. ) ;
#406 = CIRCLE ( 'NONE', #2091, 0.1999999999999999833 ) ;
#407 = EDGE_CURVE ( 'NONE', #718, #2009, #2534, .T. ) ;
#408 = CARTESIAN_POINT ( 'NONE',  ( -0.2095776470358137189, 0.9274475364373127029, -0.6762074710518348741 ) ) ;
#409 = FILL_AREA_STYLE ('',( #1824 ) ) ;
#410 = EDGE_LOOP ( 'NONE', ( #1905, #1277, #1877, #769, #2237, #643, #588, #686, #1876, #2786, #2455, #714, #156, #2355, #2538, #461, #662 ) ) ;
#411 = CARTESIAN_POINT ( 'NONE',  ( -0.007252824232532257068, -0.9499751970030413384, 0.1664961113616502952 ) ) ;
#412 = CYLINDRICAL_SURFACE ( 'NONE', #540, 0.9499999999999999556 ) ;
#413 = CARTESIAN_POINT ( 'NONE',  ( -0.2735766609085925616, -0.9097621939302622529, -0.8131185152579690767 ) ) ;
#414 = CARTESIAN_POINT ( 'NONE',  ( 0.03231565125963013069, -0.9494503044738900055, -0.9128893045393248196 ) ) ;
#415 = VERTEX_POINT ( 'NONE', #2930 ) ;
#416 = DIRECTION ( 'NONE',  ( 1.000000000000000000, 0.000000000000000000, 0.000000000000000000 ) ) ;
#417 = CARTESIAN_POINT ( 'NONE',  ( -0.05344551282051267227, -0.9484954281172642832, 0.3306089743589745167 ) ) ;
#418 = SURFACE_SIDE_STYLE ('',( #884 ) ) ;
#419 = EDGE_LOOP ( 'NONE', ( #1574, #1326, #1099, #501, #619 ) ) ;
#420 = CARTESIAN_POINT ( 'NONE',  ( -0.2995896528281907223, -0.9015242869264719072, -0.9053478427511693072 ) ) ;
#421 = CARTESIAN_POINT ( 'NONE',  ( -0.2279789940054972597, 0.9222502407636756772, -0.4490169302720220523 ) ) ;
#422 = CARTESIAN_POINT ( 'NONE',  ( -0.1750801282051280550, -0.9337274488348705770, 0.1051282051282052682 ) ) ;
#423 = PRESENTATION_STYLE_ASSIGNMENT (( #2336 ) ) ;
#424 = CARTESIAN_POINT ( 'NONE',  ( -0.3051282051282049879, -0.8996648144921751689, 0.3591346153846155520 ) ) ;
#425 = CARTESIAN_POINT ( 'NONE',  ( -0.2527632955058798370, -0.9157846127516509060, -0.7891145029411554823 ) ) ;
#426 = CARTESIAN_POINT ( 'NONE',  ( 0.01263587164397027632, 0.9499293744192941480, 0.01649033589015077086 ) ) ;
#427 = ORIENTED_EDGE ( 'NONE', *, *, #511, .F. ) ;
#428 = DIRECTION ( 'NONE',  ( 1.000000000000000000, 0.000000000000000000, 0.000000000000000000 ) ) ;
#429 = VERTEX_POINT ( 'NONE', #347 ) ;
#430 = EDGE_LOOP ( 'NONE', ( #485, #184, #2122, #1455, #2021 ) ) ;
#431 = CARTESIAN_POINT ( 'NONE',  ( -0.2020682658466719517, 0.9282860263831009817, 0.4131250246484551858 ) ) ;
#432 = ORIENTED_EDGE ( 'NONE', *, *, #850, .F. ) ;
#433 = B_SPLINE_CURVE_WITH_KNOTS ( 'NONE', 3,
 ( #2607, #2801, #2553, #3049, #2539, #2834, #667, #914, #1610, #2587 ),
 .UNSPECIFIED., .F., .F.,
 ( 4, 3, 3, 4 ),
 ( 0.000000000000000000, 1.312167183452749928E-05, 2.629780373716480754E-05, 5.243097066154539450E-05 ),
 .UNSPECIFIED. ) ;
#434 = CARTESIAN_POINT ( 'NONE',  ( -0.2159406296443378837, 0.9251474411172666557, 0.009880727396232953305 ) ) ;
#435 = CARTESIAN_POINT ( 'NONE',  ( 0.01794871794871810700, -0.9498304288261129047, 0.3463141025641027215 ) ) ;
#436 = VERTEX_POINT ( 'NONE', #1525 ) ;
#437 = CARTESIAN_POINT ( 'NONE',  ( -0.2934265239016833893, -0.9035607410070066736, 0.4195252424720367079 ) ) ;
#438 = VERTEX_POINT ( 'NONE', #1540 ) ;
#439 = FILL_AREA_STYLE_COLOUR ( '', #1082 ) ;
#440 = CARTESIAN_POINT ( 'NONE',  ( 0.2999999999999999889, 0.000000000000000000, -2.810000000000000053 ) ) ;
#441 = EDGE_CURVE ( 'NONE', #220, #2268, #1784, .T. ) ;
#442 = FACE_BOUND ( 'NONE', #480, .T. ) ;
#443 = VERTEX_POINT ( 'NONE', #1068 ) ;
#444 = UNCERTAINTY_MEASURE_WITH_UNIT (LENGTH_MEASURE( 1.000000000000000082E-05 ), #548, 'distance_accuracy_value', 'NONE');
#445 = PRODUCT_CONTEXT ( 'NONE', #2914, 'mechanical' ) ;
#446 = COLOUR_RGB ( '',1.000000000000000000, 0.4549019607843137192, 0.4352941176470588314 ) ;
#447 = ORIENTED_EDGE ( 'NONE', *, *, #982, .F. ) ;
#448 = CARTESIAN_POINT ( 'NONE',  ( -0.09975961538461532163, -0.9447475954657486019, -0.6128205128205129748 ) ) ;
#449 = CARTESIAN_POINT ( 'NONE',  ( -0.2383793450874402420, 0.9196060516697275311, 0.04985733451880319106 ) ) ;
#450 = AXIS2_PLACEMENT_3D ( 'NONE', #1732, #523, #1703 ) ;
#451 = CARTESIAN_POINT ( 'NONE',  ( -0.1833030638942445001, 0.9322758765014348414, 0.4944598856850644930 ) ) ;
#452 = VECTOR ( 'NONE', #2809, 1000.000000000000000 ) ;
#453 = CARTESIAN_POINT ( 'NONE',  ( -0.2532348240569835540, 0.9156266290823842358, 0.2526568032200449121 ) ) ;
#454 = CARTESIAN_POINT ( 'NONE',  ( -0.05510105190995379099, 0.9484017622019816907, 0.06206972560492432511 ) ) ;
#455 = CARTESIAN_POINT ( 'NONE',  ( -0.2816780512169950179, 0.9073372092316953630, -0.3969420152485673703 ) ) ;
#456 = CARTESIAN_POINT ( 'NONE',  ( 0.09999999999999999167, 0.9447221813845592120, -0.9276442307692305267 ) ) ;
#457 = LINE ( 'NONE', #1908, #2137 ) ;
#458 = CARTESIAN_POINT ( 'NONE',  ( -0.2322160523781799102, 0.9211818117504746439, -0.8998577280760725605 ) ) ;
#459 = EDGE_CURVE ( 'NONE', #897, #1342, #2405, .T. ) ;
#460 = ADVANCED_FACE ( 'NONE', ( #99 ), #788, .T. ) ;
#461 = ORIENTED_EDGE ( 'NONE', *, *, #525, .T. ) ;
#462 = SURFACE_STYLE_USAGE ( .BOTH. , #904 ) ;
#463 = CARTESIAN_POINT ( 'NONE',  ( -0.1137926152689625187, 0.9432833145113852513, -0.3873817507984531061 ) ) ;
#464 = CARTESIAN_POINT ( 'NONE',  ( -0.1923076923076922073, 0.9303320651677496889, -0.2538461538461539990 ) ) ;
#465 = CARTESIAN_POINT ( 'NONE',  ( 0.7500000000000000000, 1.040949779275250140E-16, 1.949999999999999956 ) ) ;
#466 = ORIENTED_EDGE ( 'NONE', *, *, #2368, .F. ) ;
#467 = SURFACE_SIDE_STYLE ('',( #2626 ) ) ;
#468 = CARTESIAN_POINT ( 'NONE',  ( -0.2160053723184310881, 0.9251171164397035129, 0.2346530761831036038 ) ) ;
#469 = ORIENTED_EDGE ( 'NONE', *, *, #921, .T. ) ;
#470 = CARTESIAN_POINT ( 'NONE',  ( -0.005860484209865038548, 0.9502803456124769843, 0.3410766125269730775 ) ) ;
#471 = CARTESIAN_POINT ( 'NONE',  ( -0.05072786415455376313, 0.9486757184828268352, 0.1523858625194612348 ) ) ;
#472 = CARTESIAN_POINT ( 'NONE',  ( -0.03035320130994181159, -0.9495149725888667458, 0.08603588706274099829 ) ) ;
#473 = CARTESIAN_POINT ( 'NONE',  ( -0.2373808514700396222, 0.9198674571240801345, 0.3707299989574532328 ) ) ;
#474 = EDGE_CURVE ( 'NONE', #1719, #1480, #369, .T. ) ;
#475 = EDGE_CURVE ( 'NONE', #1628, #2268, #2850, .T. ) ;
#476 = CARTESIAN_POINT ( 'NONE',  ( -0.2742579617323151475, 0.9095507519794796547, -0.8144359446880878872 ) ) ;
#477 = CARTESIAN_POINT ( 'NONE',  ( 0.09876885602018040111, -0.9448516884036479713, 0.07064788355529290353 ) ) ;
#478 =( NAMED_UNIT ( * ) SI_UNIT ( $, .STERADIAN. ) SOLID_ANGLE_UNIT ( ) );
#479 = ORIENTED_EDGE ( 'NONE', *, *, #2304, .F. ) ;
#480 = EDGE_LOOP ( 'NONE', ( #1761, #1331, #2380, #2330, #1376, #1826, #1221, #2078, #61 ) ) ;
#481 = DIRECTION ( 'NONE',  ( 0.000000000000000000, -1.000000000000000000, 0.000000000000000000 ) ) ;
#482 = SURFACE_SIDE_STYLE ('',( #2406 ) ) ;
#483 = COLOUR_RGB ( '',0.8313725490196077761, 0.8313725490196077761, 0.8196078431372548767 ) ;
#484 = CARTESIAN_POINT ( 'NONE',  ( -0.2332993150468135601, 0.9209079383034036725, -0.9298451633305025998 ) ) ;
#485 = ORIENTED_EDGE ( 'NONE', *, *, #2951, .F. ) ;
#486 = MECHANICAL_DESIGN_GEOMETRIC_PRESENTATION_REPRESENTATION (  '', ( #2329 ), #1136 ) ;
#487 = CARTESIAN_POINT ( 'NONE',  ( -0.2383326438460128260, 0.9196181645706932306, 0.3632672294412450653 ) ) ;
#488 = CARTESIAN_POINT ( 'NONE',  ( -0.1442112198112028565, 0.9390375043306271596, 0.1766410824710134275 ) ) ;
#489 = DIRECTION ( 'NONE',  ( 0.000000000000000000, 0.000000000000000000, -1.000000000000000000 ) ) ;
#490 = EDGE_CURVE ( 'NONE', #572, #1237, #1135, .T. ) ;
#491 = STYLED_ITEM ( 'NONE', ( #959 ), #1873 ) ;
#492 = CARTESIAN_POINT ( 'NONE',  ( 0.08756138909206430399, -0.9459561317205329445, 0.1082044128147917894 ) ) ;
#493 = CARTESIAN_POINT ( 'NONE',  ( -0.01692184176312734947, -0.9498861493607780870, -0.6782079134168408352 ) ) ;
#494 = CARTESIAN_POINT ( 'NONE',  ( 0.02991965863730789224, -0.9495287325964228975, 0.06833422397848419594 ) ) ;
#495 = CARTESIAN_POINT ( 'NONE',  ( -0.1258357325108487856, -0.9416291034284455241, -0.7417211016644790211 ) ) ;
#496 = MECHANICAL_DESIGN_GEOMETRIC_PRESENTATION_REPRESENTATION (  '', ( #2757 ), #1896 ) ;
#497 =( NAMED_UNIT ( * ) PLANE_ANGLE_UNIT ( ) SI_UNIT ( $, .RADIAN. ) );
#498 = DIRECTION ( 'NONE',  ( 1.000000000000000000, 0.000000000000000000, 0.000000000000000000 ) ) ;
#499 = CARTESIAN_POINT ( 'NONE',  ( -0.1160824785047295388, -0.9428817096633675954, 0.04837533206638469641 ) ) ;
#500 = DIRECTION ( 'NONE',  ( 0.000000000000000000, -9.805962535134626294E-17, 1.000000000000000000 ) ) ;
#501 = ORIENTED_EDGE ( 'NONE', *, *, #475, .T. ) ;
#502 = PRESENTATION_STYLE_ASSIGNMENT (( #1590 ) ) ;
#503 = VERTEX_POINT ( 'NONE', #2302 ) ;
#504 = CARTESIAN_POINT ( 'NONE',  ( -0.05719041346914641860, -0.9482774461491286777, 0.05614164316608681593 ) ) ;
#505 = PRESENTATION_STYLE_ASSIGNMENT (( #2661 ) ) ;
#506 = CARTESIAN_POINT ( 'NONE',  ( -0.1358974358974357755, -0.9402296990185439185, 0.3056089743589746055 ) ) ;
#507 = FILL_AREA_STYLE_COLOUR ( '', #2604 ) ;
#508 = CARTESIAN_POINT ( 'NONE',  ( -0.2461479636801058302, 0.9175571807664614221, -0.06007032487333280324 ) ) ;
#509 = EDGE_CURVE ( 'NONE', #2103, #1529, #2799, .T. ) ;
#510 = CARTESIAN_POINT ( 'NONE',  ( 0.09909088650340272530, -0.9448211944736544243, -0.5577291347147876888 ) ) ;
#511 = EDGE_CURVE ( 'NONE', #2070, #2829, #71, .T. ) ;
#512 = CARTESIAN_POINT ( 'NONE',  ( -0.07622046272749403995, 0.9469608376381071224, 0.1267015923670771760 ) ) ;
#513 = ORIENTED_EDGE ( 'NONE', *, *, #2557, .F. ) ;
#514 = ORIENTED_EDGE ( 'NONE', *, *, #2915, .F. ) ;
#515 = CARTESIAN_POINT ( 'NONE',  ( -0.05897435897435880647, -0.9481677198595001022, 0.03541666666666680452 ) ) ;
#516 = FACE_OUTER_BOUND ( 'NONE', #2628, .T. ) ;
#517 = CARTESIAN_POINT ( 'NONE',  ( 0.07862495569851980781, 0.9467718333011228005, -0.02327067592191891729 ) ) ;
#518 = CARTESIAN_POINT ( 'NONE',  ( -0.02528819361649391542, -0.9496633652319199648, -0.6805145487695680728 ) ) ;
#519 = CARTESIAN_POINT ( 'NONE',  ( 0.09944897371635248728, 0.9447803789513697925, -0.9021892995732067044 ) ) ;
#520 = CARTESIAN_POINT ( 'NONE',  ( -0.2915064102564102755, 0.9041703450011073784, -0.8522435897435893803 ) ) ;
#521 = VERTEX_POINT ( 'NONE', #1343 ) ;
#522 = CARTESIAN_POINT ( 'NONE',  ( -0.2337769818967675162, 0.9208758752723981145, -0.06772114232439116477 ) ) ;
#523 = DIRECTION ( 'NONE',  ( 0.000000000000000000, 0.000000000000000000, 1.000000000000000000 ) ) ;
#524 = EDGE_LOOP ( 'NONE', ( #2772, #846, #1752, #3038, #120, #1613 ) ) ;
#525 = EDGE_CURVE ( 'NONE', #1572, #429, #2719, .T. ) ;
#526 = ORIENTED_EDGE ( 'NONE', *, *, #1661, .T. ) ;
#527 = CIRCLE ( 'NONE', #393, 1.299999999999999822 ) ;
#528 = CARTESIAN_POINT ( 'NONE',  ( -0.009294871794871612664, -0.9499545280476939801, 0.08974358974358988272 ) ) ;
#529 = PRESENTATION_LAYER_ASSIGNMENT (  '', '', ( #675 ) ) ;
#530 = CARTESIAN_POINT ( 'NONE',  ( -0.1065236776555659737, 0.9440126394354606543, 0.3466989034453700214 ) ) ;
#531 = CARTESIAN_POINT ( 'NONE',  ( -0.1358974358974357755, 0.9402296990185441405, 0.3056089743589746055 ) ) ;
#532 = PRESENTATION_LAYER_ASSIGNMENT (  '', '', ( #728 ) ) ;
#533 = FILL_AREA_STYLE ('',( #550 ) ) ;
#534 = CARTESIAN_POINT ( 'NONE',  ( 0.01794871794871810700, 0.9498304288261129047, 0.4794871794871796711 ) ) ;
#535 =( NAMED_UNIT ( * ) PLANE_ANGLE_UNIT ( ) SI_UNIT ( $, .RADIAN. ) );
#536 = CIRCLE ( 'NONE', #784, 0.2999999999999999889 ) ;
#537 = CARTESIAN_POINT ( 'NONE',  ( -0.1001602564102564014, 0.9447052043022901024, -0.8179487179487175963 ) ) ;
#538 = ORIENTED_EDGE ( 'NONE', *, *, #2110, .T. ) ;
#539 = SURFACE_SIDE_STYLE ('',( #2697 ) ) ;
#540 = AXIS2_PLACEMENT_3D ( 'NONE', #2827, #2793, #217 ) ;
#541 = CARTESIAN_POINT ( 'NONE',  ( -0.1188759357982090287, -0.9425330296006085851, 0.03569476153561082499 ) ) ;
#542 = CARTESIAN_POINT ( 'NONE',  ( 0.02628968328284799622, -0.9496415567962649407, -0.8765520142667385661 ) ) ;
#543 = ORIENTED_EDGE ( 'NONE', *, *, #2168, .T. ) ;
#544 = CARTESIAN_POINT ( 'NONE',  ( -0.2700002523995507775, 0.9108345843337614101, -0.8077621509822089374 ) ) ;
#545 = EDGE_CURVE ( 'NONE', #1449, #2183, #2483, .T. ) ;
#546 =( NAMED_UNIT ( * ) PLANE_ANGLE_UNIT ( ) SI_UNIT ( $, .RADIAN. ) );
#547 = FACE_OUTER_BOUND ( 'NONE', #2558, .T. ) ;
#548 =( LENGTH_UNIT ( ) NAMED_UNIT ( * ) SI_UNIT ( .MILLI., .METRE. ) );
#549 = ADVANCED_FACE ( 'NONE', ( #1790 ), #2939, .T. ) ;
#550 = FILL_AREA_STYLE_COLOUR ( '', #730 ) ;
#551 = UNCERTAINTY_MEASURE_WITH_UNIT (LENGTH_MEASURE( 1.000000000000000082E-05 ), #2693, 'distance_accuracy_value', 'NONE');
#552 = B_SPLINE_CURVE_WITH_KNOTS ( 'NONE', 3,
 ( #239, #2109, #2853, #1405, #1176, #2124, #933, #776, #110, #2958, #2443, #1985, #1012, #2972, #1722, #796 ),
 .UNSPECIFIED., .F., .F.,
 ( 4, 3, 3, 3, 3, 4 ),
 ( 0.000000000000000000, 4.144347483240984440E-05, 7.511295142572421073E-05, 0.0001087693844609772972, 0.0001421486685163113003, 0.0002015378778104322038 ),
 .UNSPECIFIED. ) ;
#553 = SURFACE_STYLE_USAGE ( .BOTH. , #1969 ) ;
#554 = CARTESIAN_POINT ( 'NONE',  ( 0.1000065825226235938, -0.9447214846164774249, -0.9149467313418474523 ) ) ;
#555 = CARTESIAN_POINT ( 'NONE',  ( -0.2106629758457641277, 0.9263658942915727890, -0.8458224585877719415 ) ) ;
#556 = ORIENTED_EDGE ( 'NONE', *, *, #1101, .T. ) ;
#557 = CARTESIAN_POINT ( 'NONE',  ( 0.000000000000000000, 0.000000000000000000, -1.949999999999999956 ) ) ;
#558 = CARTESIAN_POINT ( 'NONE',  ( -0.2384615384615384193, 0.9195847403445515100, -0.4995993589743591423 ) ) ;
#559 = VERTEX_POINT ( 'NONE', #2511 ) ;
#560 = ORIENTED_EDGE ( 'NONE', *, *, #809, .T. ) ;
#561 = SURFACE_SIDE_STYLE ('',( #2956 ) ) ;
#562 = ORIENTED_EDGE ( 'NONE', *, *, #1389, .F. ) ;
#563 = DIRECTION ( 'NONE',  ( -0.000000000000000000, 1.000000000000000000, 2.168404344971008868E-16 ) ) ;
#564 =( NAMED_UNIT ( * ) PLANE_ANGLE_UNIT ( ) SI_UNIT ( $, .RADIAN. ) );
#565 = DIRECTION ( 'NONE',  ( 1.000000000000000000, 0.000000000000000000, 0.000000000000000000 ) ) ;
#566 = ADVANCED_FACE ( 'NONE', ( #1321 ), #4, .T. ) ;
#567 = CARTESIAN_POINT ( 'NONE',  ( 0.07969601439945613042, -0.9467371151646011285, -0.8129100294811857363 ) ) ;
#568 = ORIENTED_EDGE ( 'NONE', *, *, #2368, .T. ) ;
#569 = CARTESIAN_POINT ( 'NONE',  ( -0.2333333333333333648, -0.9208993189027536719, -0.9974358974358968899 ) ) ;
#570 = CARTESIAN_POINT ( 'NONE',  ( -0.1750801282051280550, -0.9337274488348705770, 0.1051282051282052682 ) ) ;
#571 = CARTESIAN_POINT ( 'NONE',  ( -0.1750801282051280550, 0.9337274488348705770, 0.1051282051282052682 ) ) ;
#572 = VERTEX_POINT ( 'NONE', #779 ) ;
#573 = ORIENTED_EDGE ( 'NONE', *, *, #965, .T. ) ;
#574 = B_SPLINE_CURVE_WITH_KNOTS ( 'NONE', 3,
 ( #264, #1214, #1450, #957, #1198, #2404, #1415, #2148, #276, #2919 ),
 .UNSPECIFIED., .F., .F.,
 ( 4, 3, 3, 4 ),
 ( 2.710505431213760784E-20, 1.663449902882450273E-05, 4.362327208849122232E-05, 6.657892026541329679E-05 ),
 .UNSPECIFIED. ) ;
#575 = CARTESIAN_POINT ( 'NONE',  ( 0.03840621041631415294, -0.9500294282377736987, -0.6535468741100312062 ) ) ;
#576 = AXIS2_PLACEMENT_3D ( 'NONE', #75, #1492, #1780 ) ;
#577 = MECHANICAL_DESIGN_GEOMETRIC_PRESENTATION_REPRESENTATION (  '', ( #204 ), #620 ) ;
#578 = FACE_OUTER_BOUND ( 'NONE', #334, .T. ) ;
#579 = DIRECTION ( 'NONE',  ( 0.000000000000000000, 0.000000000000000000, -1.000000000000000000 ) ) ;
#580 = EDGE_CURVE ( 'NONE', #2155, #838, #888, .T. ) ;
#581 = CARTESIAN_POINT ( 'NONE',  ( -0.04048682300976808729, 0.9491467732125901113, 0.4057770136226527824 ) ) ;
#582 = MECHANICAL_DESIGN_GEOMETRIC_PRESENTATION_REPRESENTATION (  '', ( #6 ), #677 ) ;
#583 = LINE ( 'NONE', #804, #1531 ) ;
#584 = CARTESIAN_POINT ( 'NONE',  ( -0.1769230769230767664, 0.9333800002421688280, -0.002564102564102431828 ) ) ;
#585 = CARTESIAN_POINT ( 'NONE',  ( -0.1867089767724500748, 0.9314898798208400832, 0.1046655643200131991 ) ) ;
#586 = PRESENTATION_LAYER_ASSIGNMENT (  '', '', ( #928 ) ) ;
#587 = ORIENTED_EDGE ( 'NONE', *, *, #1715, .T. ) ;
#588 = ORIENTED_EDGE ( 'NONE', *, *, #1519, .T. ) ;
#589 = CARTESIAN_POINT ( 'NONE',  ( 0.02018865770740247909, -0.9497854589853366170, 0.02243260001371443282 ) ) ;
#590 = B_SPLINE_CURVE_WITH_KNOTS ( 'NONE', 3,
 ( #1080, #1552, #2281, #161, #2035, #1791, #1359, #1822, #617, #594, #2806, #2513, #1306, #854, #1593, #633 ),
 .UNSPECIFIED., .F., .F.,
 ( 4, 3, 3, 3, 3, 4 ),
 ( 0.000000000000000000, 2.943106475974791136E-05, 4.673613040563709555E-05, 6.416644811507900151E-05, 7.711007676054987357E-05, 8.414636847161363056E-05 ),
 .UNSPECIFIED. ) ;
#591 = AXIS2_PLACEMENT_3D ( 'NONE', #1109, #3030, #1546 ) ;
#592 = DIRECTION ( 'NONE',  ( 0.000000000000000000, 0.000000000000000000, -1.000000000000000000 ) ) ;
#593 = CARTESIAN_POINT ( 'NONE',  ( -0.3044581720947818204, 0.8998920613218541753, -0.4727224672945541384 ) ) ;
#594 = CARTESIAN_POINT ( 'NONE',  ( -0.1202273941007075825, 0.9423615939288135790, 0.07829198306611115377 ) ) ;
#595 = CARTESIAN_POINT ( 'NONE',  ( -0.2197542306579039206, -0.9242803301406055105, -0.5635990059914812722 ) ) ;
#596 =( BOUNDED_CURVE ( )  B_SPLINE_CURVE ( 3, ( #1368, #1588, #171, #157 ),
 .UNSPECIFIED., .F., .F. ) 
 B_SPLINE_CURVE_WITH_KNOTS ( ( 4, 4 ),
 ( 4.612357190932751649, 4.845882278593877324 ),
 .UNSPECIFIED. ) 
 CURVE ( )  GEOMETRIC_REPRESENTATION_ITEM ( )  RATIONAL_B_SPLINE_CURVE ( ( 1.000000000000000000, 0.9954606635539994253, 0.9954606635539994253, 1.000000000000000000 ) ) 
 REPRESENTATION_ITEM ( '' )  );
#597 =( NAMED_UNIT ( * ) SI_UNIT ( $, .STERADIAN. ) SOLID_ANGLE_UNIT ( ) );
#598 = CYLINDRICAL_SURFACE ( 'NONE', #2804, 0.9499999999999999556 ) ;
#599 = CARTESIAN_POINT ( 'NONE',  ( -0.3048025540122767940, -0.8997752615596836812, 0.06568889316630827091 ) ) ;
#600 = CARTESIAN_POINT ( 'NONE',  ( -0.1475135734609485660, 0.9385347263909218363, 0.4165752974195909286 ) ) ;
#601 = VERTEX_POINT ( 'NONE', #963 ) ;
#602 = EDGE_CURVE ( 'NONE', #2200, #698, #1060, .T. ) ;
#603 = VERTEX_POINT ( 'NONE', #931 ) ;
#604 = DIRECTION ( 'NONE',  ( -1.000000000000000000, 0.000000000000000000, 0.000000000000000000 ) ) ;
#605 = FILL_AREA_STYLE ('',( #2051 ) ) ;
#606 = B_SPLINE_CURVE_WITH_KNOTS ( 'NONE', 3,
 ( #1689, #484, #741, #269, #1465, #280, #1203, #458, #1640, #925 ),
 .UNSPECIFIED., .F., .F.,
 ( 4, 3, 3, 4 ),
 ( 0.000000000000000000, 1.286878681779053190E-05, 2.574226245263326021E-05, 5.149693594542567739E-05 ),
 .UNSPECIFIED. ) ;
#607 = CARTESIAN_POINT ( 'NONE',  ( -0.1838873555596594322, -0.9320329610401605347, -0.5946186045153991628 ) ) ;
#608 = DIRECTION ( 'NONE',  ( 0.000000000000000000, 0.000000000000000000, -1.000000000000000000 ) ) ;
#609 = CARTESIAN_POINT ( 'NONE',  ( -0.1369355129903759849, -0.9400790739529149009, 0.4123970671828149914 ) ) ;
#610 = CARTESIAN_POINT ( 'NONE',  ( -0.05069995392569597026, 0.9486461482934149814, -0.6859396472681169588 ) ) ;
#611 =( BOUNDED_CURVE ( )  B_SPLINE_CURVE ( 3, ( #2868, #668, #1662, #3067 ),
 .UNSPECIFIED., .F., .F. ) 
 B_SPLINE_CURVE_WITH_KNOTS ( ( 4, 4 ),
 ( 1.577544016326560605, 1.589690838320784616 ),
 .UNSPECIFIED. ) 
 CURVE ( )  GEOMETRIC_REPRESENTATION_ITEM ( )  RATIONAL_B_SPLINE_CURVE ( ( 1.000000000000000000, 0.9999877045974143730, 0.9999877045974143730, 1.000000000000000000 ) ) 
 REPRESENTATION_ITEM ( '' )  );
#612 = DIRECTION ( 'NONE',  ( 0.000000000000000000, -0.000000000000000000, 1.000000000000000000 ) ) ;
#613 = VERTEX_POINT ( 'NONE', #695 ) ;
#614 = CARTESIAN_POINT ( 'NONE',  ( -0.2381727223345586897, -0.9196596345168344122, 0.04567173427455557128 ) ) ;
#615 = EDGE_CURVE ( 'NONE', #2521, #1125, #1926, .T. ) ;
#616 = CYLINDRICAL_SURFACE ( 'NONE', #1380, 0.9499999999999999556 ) ;
#617 = CARTESIAN_POINT ( 'NONE',  ( -0.1230405421450593284, 0.9420026898088122991, 0.08340507000218204403 ) ) ;
#618 = LINE ( 'NONE', #1581, #1992 ) ;
#619 = ORIENTED_EDGE ( 'NONE', *, *, #441, .F. ) ;
#620 =( GEOMETRIC_REPRESENTATION_CONTEXT ( 3 ) GLOBAL_UNCERTAINTY_ASSIGNED_CONTEXT ( ( #649 ) ) GLOBAL_UNIT_ASSIGNED_CONTEXT ( ( #2975, #93, #1551 ) ) REPRESENTATION_CONTEXT ( 'NONE', 'WORKASPACE' ) );
#621 = CARTESIAN_POINT ( 'NONE',  ( -0.008814578273888004287, 0.9499935824870450185, -0.6751721225776129431 ) ) ;
#622 = CARTESIAN_POINT ( 'NONE',  ( -0.2627216804765853397, -0.9129979370691437834, 0.4591956471002948681 ) ) ;
#623 = CARTESIAN_POINT ( 'NONE',  ( -0.2790898528818207547, -0.9080797619253525577, -0.8226829789781821001 ) ) ;
#624 = ORIENTED_EDGE ( 'NONE', *, *, #1976, .T. ) ;
#625 = DIRECTION ( 'NONE',  ( -0.000000000000000000, -0.000000000000000000, -1.000000000000000000 ) ) ;
#626 = VECTOR ( 'NONE', #149, 1000.000000000000000 ) ;
#627 = PLANE ( 'NONE',  #346 ) ;
#628 = PRODUCT_DEFINITION_SHAPE ( 'NONE', 'NONE',  #708 ) ;
#629 = EDGE_CURVE ( 'NONE', #787, #2650, #1074, .T. ) ;
#630 = B_SPLINE_CURVE_WITH_KNOTS ( 'NONE', 3,
 ( #740, #754, #2656, #2394, #1951, #2210, #1006, #510, #77, #2181 ),
 .UNSPECIFIED., .F., .F.,
 ( 4, 3, 3, 4 ),
 ( 0.000000000000000000, 2.161275432765606599E-05, 4.323941805456862783E-05, 8.648921343728265042E-05 ),
 .UNSPECIFIED. ) ;
#631 = VERTEX_POINT ( 'NONE', #1239 ) ;
#632 = AXIS2_PLACEMENT_3D ( 'NONE', #2170, #712, #49 ) ;
#633 = CARTESIAN_POINT ( 'NONE',  ( -0.1153846153846152522, 0.9429668024551788319, 0.05873397435897449725 ) ) ;
#634 = EDGE_CURVE ( 'NONE', #1860, #2590, #181, .T. ) ;
#635 = ADVANCED_FACE ( 'NONE', ( #5 ), #2382, .T. ) ;
#636 = DIRECTION ( 'NONE',  ( 0.000000000000000000, 0.000000000000000000, -1.000000000000000000 ) ) ;
#637 = CARTESIAN_POINT ( 'NONE',  ( -0.2347851832213166123, 0.9205302372725804316, 0.03254065791913719752 ) ) ;
#638 = VERTEX_POINT ( 'NONE', #2225 ) ;
#639 = CARTESIAN_POINT ( 'NONE',  ( -0.1097209706218201936, -0.9436425746077156118, 0.3856862942869115907 ) ) ;
#640 = FACE_OUTER_BOUND ( 'NONE', #2635, .T. ) ;
#641 = ORIENTED_EDGE ( 'NONE', *, *, #1678, .T. ) ;
#642 = CARTESIAN_POINT ( 'NONE',  ( -0.2198733860393395079, -0.9242386889113661796, -0.4346296565241005716 ) ) ;
#643 = ORIENTED_EDGE ( 'NONE', *, *, #1019, .T. ) ;
#644 = CYLINDRICAL_SURFACE ( 'NONE', #2899, 0.9499999999999999556 ) ;
#645 = CARTESIAN_POINT ( 'NONE',  ( 0.03174931525212860289, 0.9494693154499623811, -0.9071484850759304885 ) ) ;
#646 = DIRECTION ( 'NONE',  ( -0.000000000000000000, -0.000000000000000000, -1.000000000000000000 ) ) ;
#647 = VERTEX_POINT ( 'NONE', #109 ) ;
#648 =( LENGTH_UNIT ( ) NAMED_UNIT ( * ) SI_UNIT ( .MILLI., .METRE. ) );
#649 = UNCERTAINTY_MEASURE_WITH_UNIT (LENGTH_MEASURE( 1.000000000000000082E-05 ), #2975, 'distance_accuracy_value', 'NONE');
#650 = VERTEX_POINT ( 'NONE', #356 ) ;
#651 = CARTESIAN_POINT ( 'NONE',  ( 0.000000000000000000, -0.9999999999999997780, -3.510000000000000231 ) ) ;
#652 = CARTESIAN_POINT ( 'NONE',  ( -0.2090269266001221760, -0.9275790244181149058, -0.6764958334572623855 ) ) ;
#653 = CARTESIAN_POINT ( 'NONE',  ( -0.2969684849845596331, 0.9023919463139526975, -0.8755461387199995338 ) ) ;
#654 = EDGE_CURVE ( 'NONE', #2829, #283, #2911, .T. ) ;
#655 = FACE_OUTER_BOUND ( 'NONE', #2082, .T. ) ;
#656 = VERTEX_POINT ( 'NONE', #1498 ) ;
#657 = DIRECTION ( 'NONE',  ( 1.000000000000000000, 0.000000000000000000, 0.000000000000000000 ) ) ;
#658 = CARTESIAN_POINT ( 'NONE',  ( -0.2936808740504663340, -0.9037648537402390714, -0.01611360156545644032 ) ) ;
#659 = CARTESIAN_POINT ( 'NONE',  ( -0.2259943192861287586, 0.9227277863218378284, -0.7698683284067890931 ) ) ;
#660 = CARTESIAN_POINT ( 'NONE',  ( -0.2375862040998354408, 0.9198133099944493241, 0.3439444888542684819 ) ) ;
#661 = EDGE_LOOP ( 'NONE', ( #2672, #281, #295, #1494 ) ) ;
#662 = ORIENTED_EDGE ( 'NONE', *, *, #765, .T. ) ;
#663 = DIRECTION ( 'NONE',  ( -1.000000000000000000, 0.000000000000000000, 0.000000000000000000 ) ) ;
#664 = CARTESIAN_POINT ( 'NONE',  ( 0.03253172488910883314, 0.9494428537051823325, -0.9187578193928990222 ) ) ;
#665 = CARTESIAN_POINT ( 'NONE',  ( 0.000000000000000000, -1.000000000000000000, -2.810000000000000053 ) ) ;
#666 = EDGE_LOOP ( 'NONE', ( #3022, #1831, #2601, #2764 ) ) ;
#667 = CARTESIAN_POINT ( 'NONE',  ( -0.04242637687938188157, 0.9490521600759824761, 0.3543984748756371927 ) ) ;
#668 = CARTESIAN_POINT ( 'NONE',  ( -0.01025668612095516352, -0.9499524178004881136, -0.04358790449277605283 ) ) ;
#669 = FACE_BOUND ( 'NONE', #1268, .T. ) ;
#670 = DIRECTION ( 'NONE',  ( 0.000000000000000000, -1.000000000000000000, 1.700709290173340163E-16 ) ) ;
#671 = CIRCLE ( 'NONE', #2384, 0.2000000000000000944 ) ;
#672 = CARTESIAN_POINT ( 'NONE',  ( -0.2491684950781052066, -0.9170356741695896430, -0.06310221011220973342 ) ) ;
#673 = CARTESIAN_POINT ( 'NONE',  ( -0.2941550368763122814, 0.9033219076813148174, 0.3002819587056382300 ) ) ;
#674 = EDGE_CURVE ( 'NONE', #2223, #1912, #3055, .T. ) ;
#675 = STYLED_ITEM ( 'NONE', ( #1699 ), #964 ) ;
#676 = CARTESIAN_POINT ( 'NONE',  ( 0.03220891953267791818, 0.9494539467371909680, -0.9129472200204946652 ) ) ;
#677 =( GEOMETRIC_REPRESENTATION_CONTEXT ( 3 ) GLOBAL_UNCERTAINTY_ASSIGNED_CONTEXT ( ( #3050 ) ) GLOBAL_UNIT_ASSIGNED_CONTEXT ( ( #2594, #2674, #2169 ) ) REPRESENTATION_CONTEXT ( 'NONE', 'WORKASPACE' ) );
#678 = CARTESIAN_POINT ( 'NONE',  ( -0.1859900014483358566, -0.9316267510847490163, -0.001290520013648662140 ) ) ;
#679 = CARTESIAN_POINT ( 'NONE',  ( -0.3000000000000000444, 0.9013878188659973922, -3.403937756669170867 ) ) ;
#680 = UNCERTAINTY_MEASURE_WITH_UNIT (LENGTH_MEASURE( 1.000000000000000082E-05 ), #1950, 'distance_accuracy_value', 'NONE');
#681 = VERTEX_POINT ( 'NONE', #2782 ) ;
#682 = CARTESIAN_POINT ( 'NONE',  ( -0.06614869800134802469, -0.9482967044626610109, -0.6122866148450100132 ) ) ;
#683 = CARTESIAN_POINT ( 'NONE',  ( -0.1086459736673978660, 0.9437903656028309163, 0.1537596542370419095 ) ) ;
#684 = CARTESIAN_POINT ( 'NONE',  ( -0.2380092559953586595, 0.9197019652845739301, 0.04340625797264134611 ) ) ;
#685 = CARTESIAN_POINT ( 'NONE',  ( 0.02112417123979504208, 0.9526527532088198136, 0.2692357208890874265 ) ) ;
#686 = ORIENTED_EDGE ( 'NONE', *, *, #1577, .T. ) ;
#687 = CIRCLE ( 'NONE', #890, 0.9499999999999999556 ) ;
#688 = CARTESIAN_POINT ( 'NONE',  ( -0.7500000000000000000, 1.040949779275250140E-16, -1.949999999999999956 ) ) ;
#689 = CARTESIAN_POINT ( 'NONE',  ( 0.03333333333333334675, -0.9494150245750743178, -3.403937756669170867 ) ) ;
#690 = CARTESIAN_POINT ( 'NONE',  ( -0.2570225680693085657, 0.9146399111048659769, -0.05334494005817409096 ) ) ;
#691 = CARTESIAN_POINT ( 'NONE',  ( 0.1003482663407207071, 0.9446860580140757913, -0.5505373632288558250 ) ) ;
#692 = DIRECTION ( 'NONE',  ( -0.000000000000000000, -0.000000000000000000, -1.000000000000000000 ) ) ;
#693 = VERTEX_POINT ( 'NONE', #3031 ) ;
#694 = B_SPLINE_CURVE_WITH_KNOTS ( 'NONE', 3,
 ( #1287, #2724, #2002, #1968, #1944, #999, #1049, #517, #1520, #2425, #302, #1246, #1954, #2191, #2926, #760 ),
 .UNSPECIFIED., .F., .F.,
 ( 4, 3, 3, 3, 3, 4 ),
 ( 0.000000000000000000, 5.286569401393957510E-05, 8.718701487257787754E-05, 0.0001214224292972755073, 0.0001571409686069689948, 0.0001760655850180813575 ),
 .UNSPECIFIED. ) ;
#695 = CARTESIAN_POINT ( 'NONE',  ( -0.9499999999999999556, 0.000000000000000000, -1.749999999999999778 ) ) ;
#696 = CARTESIAN_POINT ( 'NONE',  ( -0.2339563291261688716, 0.9207412427288170775, 0.4790628063991632102 ) ) ;
#697 = CARTESIAN_POINT ( 'NONE',  ( 0.003906000321555685908, -0.9500058146161546313, 0.08864640379591519348 ) ) ;
#698 = VERTEX_POINT ( 'NONE', #1158 ) ;
#699 = CARTESIAN_POINT ( 'NONE',  ( -0.1358974358974357755, 0.9402296990185441405, 0.3056089743589746055 ) ) ;
#700 = VERTEX_POINT ( 'NONE', #2073 ) ;
#701 = CARTESIAN_POINT ( 'NONE',  ( -0.1475684988495662153, -0.9384687198555351495, -0.7437681620022082996 ) ) ;
#702 = CARTESIAN_POINT ( 'NONE',  ( 0.000000000000000000, 0.000000000000000000, -1.949999999999999956 ) ) ;
#703 = DIRECTION ( 'NONE',  ( -1.000000000000000000, 0.000000000000000000, 0.000000000000000000 ) ) ;
#704 = DIRECTION ( 'NONE',  ( 0.000000000000000000, -1.000000000000000000, 0.000000000000000000 ) ) ;
#705 = ORIENTED_EDGE ( 'NONE', *, *, #226, .F. ) ;
#706 = DIRECTION ( 'NONE',  ( -0.000000000000000000, -0.000000000000000000, -1.000000000000000000 ) ) ;
#707 = UNCERTAINTY_MEASURE_WITH_UNIT (LENGTH_MEASURE( 1.000000000000000082E-05 ), #812, 'distance_accuracy_value', 'NONE');
#708 = PRODUCT_DEFINITION ( 'UNKNOWN', '', #2190, #3079 ) ;
#709 = EDGE_CURVE ( 'NONE', #1845, #613, #2585, .T. ) ;
#710 = CARTESIAN_POINT ( 'NONE',  ( -0.03106687623210075549, -0.9498901667692591921, -0.6080479384989637692 ) ) ;
#711 = CARTESIAN_POINT ( 'NONE',  ( -0.2648534782130759213, 0.9123498710301015668, -0.8017209259226306672 ) ) ;
#712 = DIRECTION ( 'NONE',  ( -0.000000000000000000, -0.000000000000000000, -1.000000000000000000 ) ) ;
#713 = DIRECTION ( 'NONE',  ( -1.000000000000000000, 0.000000000000000000, 0.000000000000000000 ) ) ;
#714 = ORIENTED_EDGE ( 'NONE', *, *, #602, .T. ) ;
#715 = CARTESIAN_POINT ( 'NONE',  ( 0.05031140677792687865, 0.9493596128409337309, -0.7812043745339872780 ) ) ;
#716 = CARTESIAN_POINT ( 'NONE',  ( -0.2027718347720640635, -0.9281531713358611713, -0.8379720432458038770 ) ) ;
#717 = ORIENTED_EDGE ( 'NONE', *, *, #1734, .F. ) ;
#718 = VERTEX_POINT ( 'NONE', #900 ) ;
#719 = CARTESIAN_POINT ( 'NONE',  ( -0.1403682638828550044, -0.9396009130154364675, -0.7428041190834477892 ) ) ;
#720 = DIRECTION ( 'NONE',  ( 1.000000000000000000, 0.000000000000000000, 0.000000000000000000 ) ) ;
#721 = CYLINDRICAL_SURFACE ( 'NONE', #2702, 0.2999999999999999889 ) ;
#722 = CARTESIAN_POINT ( 'NONE',  ( -0.1176185378658000380, -0.9426909080228295101, 0.04074988151977716744 ) ) ;
#723 = CIRCLE ( 'NONE', #1474, 0.9499999999999999556 ) ;
#724 = CARTESIAN_POINT ( 'NONE',  ( 0.000000000000000000, -3.550000000000000266, 3.810000000000000053 ) ) ;
#725 = ORIENTED_EDGE ( 'NONE', *, *, #1717, .F. ) ;
#726 = CARTESIAN_POINT ( 'NONE',  ( -0.1324645175164022304, 0.9408277874819164222, -0.7418003036496342295 ) ) ;
#728 = STYLED_ITEM ( 'NONE', ( #1516 ), #1164 ) ;
#727 = B_SPLINE_CURVE_WITH_KNOTS ( 'NONE', 3,
 ( #260, #26, #715, #1681, #141, #800 ),
 .UNSPECIFIED., .F., .F.,
 ( 4, 2, 4 ),
 ( 0.000000000000000000, 0.0001211313233351573844, 0.0002422626466703147689 ),
 .UNSPECIFIED. ) ;
#729 = CARTESIAN_POINT ( 'NONE',  ( -0.2087229420412503866, 0.9267873183557527872, 0.4095693668176541569 ) ) ;
#730 = COLOUR_RGB ( '',0.8313725490196077761, 0.8313725490196077761, 0.8196078431372548767 ) ;
#731 = CARTESIAN_POINT ( 'NONE',  ( 0.000000000000000000, 0.000000000000000000, 1.749999999999999778 ) ) ;
#732 = ORIENTED_EDGE ( 'NONE', *, *, #2739, .F. ) ;
#733 = ADVANCED_FACE ( 'NONE', ( #442, #205, #1387, #1850, #1821, #1608 ), #2565, .T. ) ;
#734 = DIRECTION ( 'NONE',  ( -1.000000000000000000, 0.000000000000000000, 0.000000000000000000 ) ) ;
#735 = CARTESIAN_POINT ( 'NONE',  ( -0.1530415117468260089, -0.9379359911571160113, -0.8193464324316223069 ) ) ;
#736 = VERTEX_POINT ( 'NONE', #2277 ) ;
#737 = CARTESIAN_POINT ( 'NONE',  ( -0.3029805702007016821, 0.9004048550344454505, 0.01902798239966627461 ) ) ;
#738 = AXIS2_PLACEMENT_3D ( 'NONE', #3053, #3020, #1130 ) ;
#739 = SURFACE_SIDE_STYLE ('',( #1920 ) ) ;
#740 = CARTESIAN_POINT ( 'NONE',  ( 0.1051282051282051849, -0.9441652718070718819, -0.5005608974358976004 ) ) ;
#741 = CARTESIAN_POINT ( 'NONE',  ( -0.2332725363541540420, 0.9209147254958301998, -0.9255553986422145885 ) ) ;
#742 = VERTEX_POINT ( 'NONE', #223 ) ;
#743 = DIRECTION ( 'NONE',  ( -1.000000000000000000, 0.000000000000000000, 0.000000000000000000 ) ) ;
#744 = EDGE_LOOP ( 'NONE', ( #1966, #2542, #2922, #1260, #7, #2857, #238 ) ) ;
#745 = CARTESIAN_POINT ( 'NONE',  ( -0.1962644937144213397, 0.9295574445336802771, -0.4121220095344585999 ) ) ;
#746 = CYLINDRICAL_SURFACE ( 'NONE', #2999, 0.2999999999999999334 ) ;
#747 =( BOUNDED_CURVE ( )  B_SPLINE_CURVE ( 3, ( #3017, #470, #1712, #2132 ),
 .UNSPECIFIED., .F., .F. ) 
 B_SPLINE_CURVE_WITH_KNOTS ( ( 4, 4 ),
 ( 4.693494468858800950, 4.768677133710864879 ),
 .UNSPECIFIED. ) 
 CURVE ( )  GEOMETRIC_REPRESENTATION_ITEM ( )  RATIONAL_B_SPLINE_CURVE ( ( 1.000000000000000000, 0.9995290193749488683, 0.9995290193749488683, 1.000000000000000000 ) ) 
 REPRESENTATION_ITEM ( '' )  );
#748 =( LENGTH_UNIT ( ) NAMED_UNIT ( * ) SI_UNIT ( .MILLI., .METRE. ) );
#749 = PRESENTATION_STYLE_ASSIGNMENT (( #1930 ) ) ;
#750 = EDGE_CURVE ( 'NONE', #1020, #252, #596, .T. ) ;
#751 = ORIENTED_EDGE ( 'NONE', *, *, #2167, .T. ) ;
#752 = CARTESIAN_POINT ( 'NONE',  ( -0.1038461538461538519, -0.9443071408876250183, -0.7410256410256407245 ) ) ;
#753 = DIRECTION ( 'NONE',  ( 0.000000000000000000, 0.000000000000000000, -1.000000000000000000 ) ) ;
#754 = CARTESIAN_POINT ( 'NONE',  ( 0.1050414550139636971, -0.9441749310098377368, -0.5077646200822099054 ) ) ;
#755 = DIRECTION ( 'NONE',  ( 0.000000000000000000, 0.000000000000000000, -1.000000000000000000 ) ) ;
#756 = VERTEX_POINT ( 'NONE', #1573 ) ;
#757 = B_SPLINE_CURVE_WITH_KNOTS ( 'NONE', 3,
 ( #1140, #2068, #3025, #2828, #2271, #3040, #383, #1585, #876, #1830, #660, #2794, #1622 ),
 .UNSPECIFIED., .F., .F.,
 ( 4, 3, 3, 3, 4 ),
 ( 0.000000000000000000, 3.341385657019813982E-05, 5.536487708649651042E-05, 7.749754690775098663E-05, 9.511007092660427324E-05 ),
 .UNSPECIFIED. ) ;
#758 = ORIENTED_EDGE ( 'NONE', *, *, #46, .F. ) ;
#759 = CARTESIAN_POINT ( 'NONE',  ( 0.08180429775601177900, -0.9465213044738974846, -0.3981965290887998776 ) ) ;
#760 = CARTESIAN_POINT ( 'NONE',  ( 0.1000000000000001582, 0.9447221813845592120, 0.05096153846153859968 ) ) ;
#761 = CARTESIAN_POINT ( 'NONE',  ( 0.09238782051282053154, 0.9454969543160309797, -0.8519230769230765610 ) ) ;
#762 = CARTESIAN_POINT ( 'NONE',  ( 0.09577205392775178794, 0.9451628695676023151, 0.08877998671695137844 ) ) ;
#763 = CARTESIAN_POINT ( 'NONE',  ( -0.1432703632823998652, 0.9393160378698476309, -0.8196694467186371735 ) ) ;
#764 = CARTESIAN_POINT ( 'NONE',  ( -0.2179511923179655863, -0.9252496702652798222, 0.2326894101406020154 ) ) ;
#765 = EDGE_CURVE ( 'NONE', #429, #2495, #2907, .T. ) ;
#766 = DIRECTION ( 'NONE',  ( -0.000000000000000000, -0.000000000000000000, 1.000000000000000000 ) ) ;
#767 = DIRECTION ( 'NONE',  ( 0.000000000000000000, 0.000000000000000000, 1.000000000000000000 ) ) ;
#768 = ORIENTED_EDGE ( 'NONE', *, *, #2461, .T. ) ;
#769 = ORIENTED_EDGE ( 'NONE', *, *, #1424, .T. ) ;
#770 = EDGE_CURVE ( 'NONE', #270, #613, #1282, .T. ) ;
#771 = EDGE_CURVE ( 'NONE', #314, #2473, #606, .T. ) ;
#772 = CARTESIAN_POINT ( 'NONE',  ( -0.1801282051282049879, 0.9327667606198729588, 0.1820512820512822094 ) ) ;
#773 = AXIS2_PLACEMENT_3D ( 'NONE', #2466, #2480, #129 ) ;
#774 = DIRECTION ( 'NONE',  ( 0.000000000000000000, -1.000000000000000000, 2.168404344971008868E-16 ) ) ;
#775 = STYLED_ITEM ( 'NONE', ( #1675 ), #635 ) ;
#776 = CARTESIAN_POINT ( 'NONE',  ( 0.008164361948883428616, 0.9499912335706142130, -0.5786040348336153327 ) ) ;
#777 = DIRECTION ( 'NONE',  ( 1.000000000000000000, 0.000000000000000000, 0.000000000000000000 ) ) ;
#778 = MECHANICAL_DESIGN_GEOMETRIC_PRESENTATION_REPRESENTATION (  '', ( #2182 ), #827 ) ;
#779 = CARTESIAN_POINT ( 'NONE',  ( -3.673940397442059498E-17, -0.9999999999999997780, -4.110000000000000320 ) ) ;
#780 = B_SPLINE_CURVE_WITH_KNOTS ( 'NONE', 3,
 ( #1838, #1858, #2593, #2571, #434, #176, #1823, #2285, #1166, #637, #2854, #684, #1360, #449, #1339, #1614 ),
 .UNSPECIFIED., .F., .F.,
 ( 4, 3, 3, 3, 3, 4 ),
 ( 0.000000000000000000, 3.590341506974018687E-05, 5.367101196722252302E-05, 7.155139779937833748E-05, 8.836574061105877988E-05, 9.082442232213154012E-05 ),
 .UNSPECIFIED. ) ;
#781 = STYLED_ITEM ( 'NONE', ( #1612 ), #1713 ) ;
#782 = CARTESIAN_POINT ( 'NONE',  ( 0.9499999999999999556, 1.163414459189985682E-16, 1.749999999999999778 ) ) ;
#783 = CARTESIAN_POINT ( 'NONE',  ( -0.7500000000000000000, 9.184850993605149670E-17, -1.749999999999999778 ) ) ;
#784 = AXIS2_PLACEMENT_3D ( 'NONE', #1762, #1955, #1522 ) ;
#785 = CARTESIAN_POINT ( 'NONE',  ( 0.08467659205534475153, 0.9462187245857404116, 0.1135152717114688847 ) ) ;
#786 = CYLINDRICAL_SURFACE ( 'NONE', #2226, 0.9499999999999999556 ) ;
#787 = VERTEX_POINT ( 'NONE', #2879 ) ;
#788 = CYLINDRICAL_SURFACE ( 'NONE', #1428, 0.2999999999999999889 ) ;
#789 = CIRCLE ( 'NONE', #2188, 0.2999999999999999889 ) ;
#790 = CARTESIAN_POINT ( 'NONE',  ( -0.2172189040800832360, 0.9248516852524608645, 0.09340484714238549147 ) ) ;
#791 = VERTEX_POINT ( 'NONE', #2895 ) ;
#792 = CARTESIAN_POINT ( 'NONE',  ( -0.06506290006369669365, -0.9483703809018343422, -0.3876979029805188159 ) ) ;
#793 = EDGE_LOOP ( 'NONE', ( #2341, #1889 ) ) ;
#794 = CARTESIAN_POINT ( 'NONE',  ( -0.2868041711626751478, 0.9056777990953240876, -0.8389976989972717236 ) ) ;
#795 = EDGE_CURVE ( 'NONE', #1845, #1155, #1578, .T. ) ;
#796 = CARTESIAN_POINT ( 'NONE',  ( -0.09975961538461532163, 0.9447475954657486019, -0.6128205128205129748 ) ) ;
#797 = CARTESIAN_POINT ( 'NONE',  ( -3.673940397442058882E-17, -0.2999999999999999889, 2.810000000000000053 ) ) ;
#798 = B_SPLINE_CURVE_WITH_KNOTS ( 'NONE', 3,
 ( #520, #1470, #2429, #307, #653, #1859, #1132, #2316, #1566, #1309 ),
 .UNSPECIFIED., .F., .F.,
 ( 4, 3, 3, 4 ),
 ( 0.000000000000000000, 1.800375061881636073E-05, 3.601931318352347578E-05, 7.197511215451866495E-05 ),
 .UNSPECIFIED. ) ;
#799 = UNCERTAINTY_MEASURE_WITH_UNIT (LENGTH_MEASURE( 1.000000000000000082E-05 ), #2390, 'distance_accuracy_value', 'NONE');
#800 = CARTESIAN_POINT ( 'NONE',  ( -0.1038461538461538519, 0.9443071408876250183, -0.7410256410256407245 ) ) ;
#801 = DIRECTION ( 'NONE',  ( -1.000000000000000000, 1.224646799147353454E-16, 0.000000000000000000 ) ) ;
#802 = CARTESIAN_POINT ( 'NONE',  ( 0.01589308635085871779, -0.9498670484895462840, 0.1649145868323785014 ) ) ;
#803 = ORIENTED_EDGE ( 'NONE', *, *, #2988, .T. ) ;
#804 = CARTESIAN_POINT ( 'NONE',  ( -0.1923076923076922073, -0.9303320651677496889, -3.403937756669170867 ) ) ;
#805 = CARTESIAN_POINT ( 'NONE',  ( -0.1933792531346461563, -0.9301337556349377200, 0.1816378916513490538 ) ) ;
#806 = CARTESIAN_POINT ( 'NONE',  ( -0.1270668005442199266, 0.9414731670430507293, 0.4075597513680285222 ) ) ;
#807 = ORIENTED_EDGE ( 'NONE', *, *, #770, .F. ) ;
#808 = CARTESIAN_POINT ( 'NONE',  ( 0.01794871794871810700, -0.9498304288261129047, 0.4794871794871796711 ) ) ;
#809 = EDGE_CURVE ( 'NONE', #1597, #2141, #299, .T. ) ;
#810 = CARTESIAN_POINT ( 'NONE',  ( -0.07973517513362704534, -0.9468764337303344769, 0.03300573317720318506 ) ) ;
#811 = CARTESIAN_POINT ( 'NONE',  ( 0.000000000000000000, -1.000000000000000000, 2.810000000000000053 ) ) ;
#812 =( LENGTH_UNIT ( ) NAMED_UNIT ( * ) SI_UNIT ( .MILLI., .METRE. ) );
#813 = CARTESIAN_POINT ( 'NONE',  ( 0.01908217991946423858, 0.9498083335131292104, 0.1642128764345763270 ) ) ;
#814 =( BOUNDED_CURVE ( )  B_SPLINE_CURVE ( 3, ( #531, #2244, #824, #1987 ),
 .UNSPECIFIED., .F., .F. ) 
 B_SPLINE_CURVE_WITH_KNOTS ( ( 4, 4 ),
 ( 4.568846621199561753, 4.578895682175502024 ),
 .UNSPECIFIED. ) 
 CURVE ( )  GEOMETRIC_REPRESENTATION_ITEM ( )  RATIONAL_B_SPLINE_CURVE ( ( 1.000000000000000000, 0.9999915847154960957, 0.9999915847154960957, 1.000000000000000000 ) ) 
 REPRESENTATION_ITEM ( '' )  );
#815 = CARTESIAN_POINT ( 'NONE',  ( 0.1000000000000001582, 0.9447221813845592120, 0.05096153846153859968 ) ) ;
#816 = CARTESIAN_POINT ( 'NONE',  ( -0.2191080111250772178, 0.9243871913114585226, -0.8573728654784197323 ) ) ;
#817 = CARTESIAN_POINT ( 'NONE',  ( 0.03333333333333351328, -0.9494150245750743178, 0.05160256410256423149 ) ) ;
#818 = CARTESIAN_POINT ( 'NONE',  ( -0.2384615384615383082, 0.9195847403445516210, 0.05152243589743604052 ) ) ;
#819 = VERTEX_POINT ( 'NONE', #2419 ) ;
#820 = VERTEX_POINT ( 'NONE', #2153 ) ;
#821 = CARTESIAN_POINT ( 'NONE',  ( 0.01641038434069588825, -0.9498657700355888078, 0.01901963532566008572 ) ) ;
#822 = CARTESIAN_POINT ( 'NONE',  ( 0.01794871794871810700, -0.9498304288261129047, -3.403937756669170867 ) ) ;
#823 = PRESENTATION_LAYER_ASSIGNMENT (  '', '', ( #1023 ) ) ;
#824 = CARTESIAN_POINT ( 'NONE',  ( -0.1295962115287310201, 0.9411243002155854631, 0.2608596012998679603 ) ) ;
#825 = CARTESIAN_POINT ( 'NONE',  ( -0.2915064102564102755, -0.9041703450011073784, -0.8522435897435893803 ) ) ;
#826 = ORIENTED_EDGE ( 'NONE', *, *, #864, .T. ) ;
#827 =( GEOMETRIC_REPRESENTATION_CONTEXT ( 3 ) GLOBAL_UNCERTAINTY_ASSIGNED_CONTEXT ( ( #1881 ) ) GLOBAL_UNIT_ASSIGNED_CONTEXT ( ( #2249, #2758, #597 ) ) REPRESENTATION_CONTEXT ( 'NONE', 'WORKASPACE' ) );
#828 = CARTESIAN_POINT ( 'NONE',  ( 0.09238782051282053154, -0.9454969543160309797, -0.8519230769230765610 ) ) ;
#829 = B_SPLINE_CURVE_WITH_KNOTS ( 'NONE', 3,
 ( #2069, #1365, #2817, #2580, #642, #1156, #2086, #1603 ),
 .UNSPECIFIED., .F., .F.,
 ( 4, 2, 2, 4 ),
 ( 0.000000000000000000, 0.0001010189599110504819, 0.0001515284398665757567, 0.0002020379198221010451 ),
 .UNSPECIFIED. ) ;
#830 = EDGE_CURVE ( 'NONE', #1472, #3048, #1894, .T. ) ;
#831 = EDGE_CURVE ( 'NONE', #613, #270, #977, .T. ) ;
#832 = CIRCLE ( 'NONE', #1740, 0.9499999999999999556 ) ;
#833 = PRESENTATION_STYLE_ASSIGNMENT (( #1004 ) ) ;
#834 = CARTESIAN_POINT ( 'NONE',  ( -0.1166972990643771885, -0.9428091460042239413, 0.07117563017723126106 ) ) ;
#835 = CARTESIAN_POINT ( 'NONE',  ( -0.2225592425166852961, 0.9239793694749085518, -0.5670964756677000507 ) ) ;
#836 = CARTESIAN_POINT ( 'NONE',  ( -0.1976030836257931245, -0.9292637513801131899, -0.7562869743839669701 ) ) ;
#837 = MECHANICAL_DESIGN_GEOMETRIC_PRESENTATION_REPRESENTATION (  '', ( #491 ), #306 ) ;
#838 = VERTEX_POINT ( 'NONE', #1218 ) ;
#839 = VECTOR ( 'NONE', #3024, 1000.000000000000000 ) ;
#840 = CARTESIAN_POINT ( 'NONE',  ( -0.009294871794871612664, 0.9499545280476939801, 0.08974358974358988272 ) ) ;
#841 = ORIENTED_EDGE ( 'NONE', *, *, #2640, .T. ) ;
#842 = SURFACE_SIDE_STYLE ('',( #1742 ) ) ;
#843 = CARTESIAN_POINT ( 'NONE',  ( 0.09401546713910395592, -0.9453379112607562806, -0.8580805801829679558 ) ) ;
#844 = CARTESIAN_POINT ( 'NONE',  ( 0.2999999999999999889, 0.000000000000000000, -1.949999999999999956 ) ) ;
#845 = DIRECTION ( 'NONE',  ( -1.000000000000000000, 0.000000000000000000, 0.000000000000000000 ) ) ;
#846 = ORIENTED_EDGE ( 'NONE', *, *, #2884, .T. ) ;
#847 = CARTESIAN_POINT ( 'NONE',  ( -0.004908138200918113134, -0.9499902129614259394, 0.1665813646958546335 ) ) ;
#848 = CARTESIAN_POINT ( 'NONE',  ( -0.1692984859128322805, -0.9348115453504377559, 0.1049065893558016743 ) ) ;
#849 = CARTESIAN_POINT ( 'NONE',  ( -0.2355988318505196077, 0.9203223296377165408, 0.06884412821664565030 ) ) ;
#850 = EDGE_CURVE ( 'NONE', #2929, #1981, #2077, .T. ) ;
#851 = CARTESIAN_POINT ( 'NONE',  ( -0.2454876160995368983, -0.9177698787529517954, -0.7827661024023999659 ) ) ;
#852 = CARTESIAN_POINT ( 'NONE',  ( 0.03309328718333378466, 0.9494235306785610007, 0.05702798857443328734 ) ) ;
#853 = ORIENTED_EDGE ( 'NONE', *, *, #1336, .T. ) ;
#854 = CARTESIAN_POINT ( 'NONE',  ( -0.1157049673877200285, 0.9429276143674160116, 0.06353626121137156968 ) ) ;
#855 = CARTESIAN_POINT ( 'NONE',  ( -0.2824821921173261141, 0.9070847638995417350, -0.6016781872742315018 ) ) ;
#856 = CARTESIAN_POINT ( 'NONE',  ( -0.1536946510362662277, -0.9390064655469033683, -0.3112332439281618734 ) ) ;
#857 = CARTESIAN_POINT ( 'NONE',  ( -0.2184929773995377411, -0.9245327570323069732, 0.09202433067005807987 ) ) ;
#858 = LINE ( 'NONE', #2115, #1642 ) ;
#859 = CARTESIAN_POINT ( 'NONE',  ( 0.03313042686930163516, -0.9494221295346900735, -0.9361132116578394502 ) ) ;
#860 = EDGE_CURVE ( 'NONE', #2925, #791, #405, .T. ) ;
#861 = VERTEX_POINT ( 'NONE', #22 ) ;
#862 = FACE_OUTER_BOUND ( 'NONE', #1204, .T. ) ;
#863 = VERTEX_POINT ( 'NONE', #945 ) ;
#864 = EDGE_CURVE ( 'NONE', #718, #270, #2385, .T. ) ;
#865 = EDGE_CURVE ( 'NONE', #1647, #603, #1735, .T. ) ;
#866 = VERTEX_POINT ( 'NONE', #1121 ) ;
#867 = CARTESIAN_POINT ( 'NONE',  ( -0.1171205216425472151, 0.9427527689750784257, 0.04322228894784273939 ) ) ;
#868 = MECHANICAL_DESIGN_GEOMETRIC_PRESENTATION_REPRESENTATION (  '', ( #2 ), #2025 ) ;
#869 = FACE_OUTER_BOUND ( 'NONE', #2813, .T. ) ;
#870 = CARTESIAN_POINT ( 'NONE',  ( -0.09822275283448497762, -0.9449086150665839678, 0.1386527219811307388 ) ) ;
#871 = VERTEX_POINT ( 'NONE', #1107 ) ;
#872 = CARTESIAN_POINT ( 'NONE',  ( -0.1838648157643491543, -0.9320802612899080630, 0.1049619514035442930 ) ) ;
#873 = PRESENTATION_LAYER_ASSIGNMENT (  '', '', ( #775 ) ) ;
#874 = CARTESIAN_POINT ( 'NONE',  ( -0.3047062986472496848, -0.8998079073031778341, 0.3752166524544828241 ) ) ;
#875 = CIRCLE ( 'NONE', #151, 0.2999999999999999889 ) ;
#876 = CARTESIAN_POINT ( 'NONE',  ( -0.2333765714354174847, 0.9208915271055061469, 0.3312935568087005955 ) ) ;
#877 = CARTESIAN_POINT ( 'NONE',  ( 0.02990368823008093466, 0.9495292356897881980, 0.03542365330936198681 ) ) ;
#878 = CARTESIAN_POINT ( 'NONE',  ( 0.07149296914551502014, -0.9474772388308623228, -0.6239413857869726687 ) ) ;
#879 = CARTESIAN_POINT ( 'NONE',  ( 0.1044650347654137446, 0.9442391125974677335, -0.4741046595442226508 ) ) ;
#880 = COLOUR_RGB ( '',0.8313725490196077761, 0.8313725490196077761, 0.8196078431372548767 ) ;
#881 = DIRECTION ( 'NONE',  ( -1.000000000000000000, 0.000000000000000000, 0.000000000000000000 ) ) ;
#882 = CARTESIAN_POINT ( 'NONE',  ( 0.02652280424226667946, 0.9496319202090304223, 0.07447094961977486494 ) ) ;
#883 = AXIS2_PLACEMENT_3D ( 'NONE', #1395, #1599, #2291 ) ;
#884 = SURFACE_STYLE_FILL_AREA ( #2784 ) ;
#885 = CIRCLE ( 'NONE', #404, 1.300000000000000044 ) ;
#886 = SHAPE_DEFINITION_REPRESENTATION ( #628, #282 ) ;
#887 = EDGE_CURVE ( 'NONE', #1466, #819, #757, .T. ) ;
#888 = LINE ( 'NONE', #1174, #2902 ) ;
#889 = VERTEX_POINT ( 'NONE', #2339 ) ;
#890 = AXIS2_PLACEMENT_3D ( 'NONE', #2019, #579, #1084 ) ;
#891 = CARTESIAN_POINT ( 'NONE',  ( -0.2950034299012456729, -0.9030428985537689579, -0.8636297198916068618 ) ) ;
#892 = CARTESIAN_POINT ( 'NONE',  ( -0.3051282051282050989, -0.8996648144921751689, -0.4994391025641026771 ) ) ;
#893 = CARTESIAN_POINT ( 'NONE',  ( -0.1261311505379384967, -0.9415996753100177585, 0.4069398240802558075 ) ) ;
#894 = CARTESIAN_POINT ( 'NONE',  ( -0.2804567040104704589, 0.9076585465774272832, 0.2786410592644256723 ) ) ;
#895 = ORIENTED_EDGE ( 'NONE', *, *, #108, .T. ) ;
#896 = PLANE ( 'NONE',  #2488 ) ;
#897 = VERTEX_POINT ( 'NONE', #1556 ) ;
#898 = DIRECTION ( 'NONE',  ( -0.000000000000000000, -0.000000000000000000, -1.000000000000000000 ) ) ;
#899 = CARTESIAN_POINT ( 'NONE',  ( 0.03333333333333351328, -0.9494150245750743178, 0.05160256410256423149 ) ) ;
#900 = CARTESIAN_POINT ( 'NONE',  ( 0.7500000000000000000, 0.000000000000000000, -1.949999999999999956 ) ) ;
#901 = ORIENTED_EDGE ( 'NONE', *, *, #1502, .T. ) ;
#902 = UNCERTAINTY_MEASURE_WITH_UNIT (LENGTH_MEASURE( 1.000000000000000082E-05 ), #648, 'distance_accuracy_value', 'NONE');
#903 = ORIENTED_EDGE ( 'NONE', *, *, #1594, .T. ) ;
#904 = SURFACE_SIDE_STYLE ('',( #2096 ) ) ;
#905 = EDGE_CURVE ( 'NONE', #700, #897, #91, .T. ) ;
#906 = CARTESIAN_POINT ( 'NONE',  ( -0.2999999999999999889, 3.673940397442058882E-17, 1.949999999999999956 ) ) ;
#907 = CARTESIAN_POINT ( 'NONE',  ( -0.1681089743589742058, 0.9350076859256152284, 0.4948717948717950565 ) ) ;
#908 = ORIENTED_EDGE ( 'NONE', *, *, #2880, .F. ) ;
#909 = CARTESIAN_POINT ( 'NONE',  ( -0.3048424412581293153, 0.8997617334950772650, 0.3433757670844464482 ) ) ;
#910 = PRESENTATION_STYLE_ASSIGNMENT (( #3074 ) ) ;
#911 = ORIENTED_EDGE ( 'NONE', *, *, #2707, .F. ) ;
#912 = CARTESIAN_POINT ( 'NONE',  ( 0.03276656145031887207, -0.9494348198527843286, 0.04338036958254964937 ) ) ;
#913 = CARTESIAN_POINT ( 'NONE',  ( 0.02057369670560248165, 0.9497771965065805455, 0.08032020552141361236 ) ) ;
#914 = CARTESIAN_POINT ( 'NONE',  ( -0.03987552823883827591, 0.9491661930768422462, 0.3626370561216222810 ) ) ;
#915 = B_SPLINE_CURVE_WITH_KNOTS ( 'NONE', 3,
 ( #2647, #985, #493, #518, #2174, #1210, #1648, #2858, #12, #39 ),
 .UNSPECIFIED., .F., .F.,
 ( 4, 3, 3, 4 ),
 ( 0.000000000000000000, 2.604408540870023348E-05, 5.208565394405460130E-05, 0.0001041763842152933157 ),
 .UNSPECIFIED. ) ;
#916 = CARTESIAN_POINT ( 'NONE',  ( 0.08942307692307699396, 0.9457819586530552547, -0.5848557692307693179 ) ) ;
#917 = CARTESIAN_POINT ( 'NONE',  ( -0.2779396989749836622, 0.9084405932009720352, -0.8202069245545948739 ) ) ;
#918 = CARTESIAN_POINT ( 'NONE',  ( -0.3044626440593684036, 0.8998905446208478320, -0.5259799902090628310 ) ) ;
#919 = DIRECTION ( 'NONE',  ( -0.000000000000000000, -0.000000000000000000, 1.000000000000000000 ) ) ;
#920 = CARTESIAN_POINT ( 'NONE',  ( -0.1264423076923075207, 0.9415478441510255481, 0.2384615384615386413 ) ) ;
#921 = EDGE_CURVE ( 'NONE', #603, #889, #2602, .T. ) ;
#922 = CARTESIAN_POINT ( 'NONE',  ( -0.2754475571998665773, 0.9091912027888214842, -0.03517998967343354683 ) ) ;
#923 = DIRECTION ( 'NONE',  ( 0.000000000000000000, -9.805962535134626294E-17, 1.000000000000000000 ) ) ;
#924 = STYLED_ITEM ( 'NONE', ( #502 ), #1202 ) ;
#925 = CARTESIAN_POINT ( 'NONE',  ( -0.2294871794871795323, 0.9218653016851318105, -0.8829326923076920020 ) ) ;
#926 = VERTEX_POINT ( 'NONE', #2763 ) ;
#927 = B_SPLINE_CURVE_WITH_KNOTS ( 'NONE', 3,
 ( #2015, #1517, #1550, #2491, #2470, #2690, #759, #2203, #340, #1487 ),
 .UNSPECIFIED., .F., .F.,
 ( 4, 2, 2, 2, 4 ),
 ( 0.000000000000000000, 7.872064027281446810E-05, 0.0001574412805456289362, 0.0002361619208184433908, 0.0003148825610912578724 ),
 .UNSPECIFIED. ) ;
#928 = STYLED_ITEM ( 'NONE', ( #2447 ), #1621 ) ;
#929 = UNCERTAINTY_MEASURE_WITH_UNIT (LENGTH_MEASURE( 1.000000000000000082E-05 ), #1208, 'distance_accuracy_value', 'NONE');
#930 = COLOUR_RGB ( '',0.8313725490196077761, 0.8313725490196077761, 0.8196078431372548767 ) ;
#931 = CARTESIAN_POINT ( 'NONE',  ( -0.2596153846153846922, -0.9138379791139159547, -0.7958333333333331705 ) ) ;
#932 = VERTEX_POINT ( 'NONE', #1091 ) ;
#933 = CARTESIAN_POINT ( 'NONE',  ( 0.01523456762392360817, 0.9498778384348259829, -0.5698688500152225833 ) ) ;
#934 = AXIS2_PLACEMENT_3D ( 'NONE', #2008, #368, #1511 ) ;
#935 =( NAMED_UNIT ( * ) PLANE_ANGLE_UNIT ( ) SI_UNIT ( $, .RADIAN. ) );
#936 = AXIS2_PLACEMENT_3D ( 'NONE', #138, #1112, #1161 ) ;
#937 = FACE_OUTER_BOUND ( 'NONE', #1513, .T. ) ;
#938 = CARTESIAN_POINT ( 'NONE',  ( -0.006600714438238803466, -0.9499808891486575257, 0.08965603321819753946 ) ) ;
#939 = CYLINDRICAL_SURFACE ( 'NONE', #1839, 0.9499999999999999556 ) ;
#940 = CARTESIAN_POINT ( 'NONE',  ( -0.2280365543904795123, -0.9223424525446619615, 0.4829182319310800220 ) ) ;
#941 = B_SPLINE_CURVE_WITH_KNOTS ( 'NONE', 3,
 ( #2735, #878, #575, #2490 ),
 .UNSPECIFIED., .F., .F.,
 ( 4, 4 ),
 ( 0.000000000000000000, 0.0001269240879305614253 ),
 .UNSPECIFIED. ) ;
#942 = EDGE_CURVE ( 'NONE', #1785, #415, #1632, .T. ) ;
#943 = FILL_AREA_STYLE_COLOUR ( '', #3002 ) ;
#944 =( NAMED_UNIT ( * ) PLANE_ANGLE_UNIT ( ) SI_UNIT ( $, .RADIAN. ) );
#945 = CARTESIAN_POINT ( 'NONE',  ( 0.1000000000000001582, -0.9447221813845592120, 0.05096153846153859968 ) ) ;
#946 = ORIENTED_EDGE ( 'NONE', *, *, #2785, .F. ) ;
#947 = B_SPLINE_CURVE_WITH_KNOTS ( 'NONE', 3,
 ( #1523, #1747, #581, #2450, #2478, #320, #345, #1993, #1291, #1276, #1971, #2945, #2978, #1958, #2928, #1266 ),
 .UNSPECIFIED., .F., .F.,
 ( 4, 3, 3, 3, 3, 4 ),
 ( 0.000000000000000000, 3.837503437215874239E-05, 7.715074069603734656E-05, 0.0001122995621679544979, 0.0001531461667377573635, 0.0001933220267652195471 ),
 .UNSPECIFIED. ) ;
#948 = ORIENTED_EDGE ( 'NONE', *, *, #180, .F. ) ;
#949 = SURFACE_STYLE_FILL_AREA ( #2140 ) ;
#950 = CARTESIAN_POINT ( 'NONE',  ( 0.02394108986032631586, -0.9500964708596971731, -0.5675826774193003521 ) ) ;
#951 = DIRECTION ( 'NONE',  ( 0.000000000000000000, -1.000000000000000000, -1.700709290173340163E-16 ) ) ;
#952 = FACE_OUTER_BOUND ( 'NONE', #2651, .T. ) ;
#953 = CARTESIAN_POINT ( 'NONE',  ( 0.000000000000000000, -0.9999999999999997780, -3.810000000000000053 ) ) ;
#954 = CARTESIAN_POINT ( 'NONE',  ( -0.06531582380848624525, 0.9483439773023869535, -0.3876939976945492639 ) ) ;
#955 = CARTESIAN_POINT ( 'NONE',  ( 0.02037856173552756930, -0.9497854273820314219, 0.08073987604406430985 ) ) ;
#956 = B_SPLINE_CURVE_WITH_KNOTS ( 'NONE', 3,
 ( #907, #451, #2611, #1696, #2871, #968, #696, #1633, #1422, #242 ),
 .UNSPECIFIED., .F., .F.,
 ( 4, 3, 3, 4 ),
 ( 0.000000000000000000, 4.632963714973031117E-05, 6.944023497757685127E-05, 9.318129854886870631E-05 ),
 .UNSPECIFIED. ) ;
#957 = CARTESIAN_POINT ( 'NONE',  ( -0.1238008051072315013, -0.9418988059525295053, 0.3169046444811217667 ) ) ;
#958 = CARTESIAN_POINT ( 'NONE',  ( 0.000000000000000000, 0.000000000000000000, 0.4794871794871796711 ) ) ;
#959 = PRESENTATION_STYLE_ASSIGNMENT (( #1199 ) ) ;
#960 = DIRECTION ( 'NONE',  ( 0.000000000000000000, 0.000000000000000000, -1.000000000000000000 ) ) ;
#961 = CARTESIAN_POINT ( 'NONE',  ( -0.01263239339162045352, 0.9499693646933388136, 0.1663002707651675960 ) ) ;
#962 = ORIENTED_EDGE ( 'NONE', *, *, #865, .T. ) ;
#963 = CARTESIAN_POINT ( 'NONE',  ( -0.2384615384615384193, -0.9195847403445515100, -0.4995993589743591423 ) ) ;
#964 = ADVANCED_FACE ( 'NONE', ( #2533, #398 ), #168, .T. ) ;
#965 = EDGE_CURVE ( 'NONE', #252, #1560, #316, .T. ) ;
#966 = PRESENTATION_STYLE_ASSIGNMENT (( #462 ) ) ;
#967 = CARTESIAN_POINT ( 'NONE',  ( -0.1866177828438988773, 0.9314900982438882870, -0.4065395491901412917 ) ) ;
#968 = CARTESIAN_POINT ( 'NONE',  ( -0.2272465826781882581, 0.9224461600014315366, 0.4825986824619213911 ) ) ;
#969 = CARTESIAN_POINT ( 'NONE',  ( -0.001222800634226041058, -0.9499992130306211813, 0.08925239256779553265 ) ) ;
#970 = ORIENTED_EDGE ( 'NONE', *, *, #100, .F. ) ;
#971 = VERTEX_POINT ( 'NONE', #1764 ) ;
#972 = CARTESIAN_POINT ( 'NONE',  ( -0.1616333258646777404, -0.9362571113434066117, -0.7456513084481505294 ) ) ;
#973 = CARTESIAN_POINT ( 'NONE',  ( 0.09670714207621509961, 0.9450649335741178048, -0.5645041534454053878 ) ) ;
#974 = DIRECTION ( 'NONE',  ( -0.000000000000000000, 1.000000000000000000, 1.700709290173340163E-16 ) ) ;
#975 =( NAMED_UNIT ( * ) SI_UNIT ( $, .STERADIAN. ) SOLID_ANGLE_UNIT ( ) );
#976 = ORIENTED_EDGE ( 'NONE', *, *, #1594, .F. ) ;
#977 = CIRCLE ( 'NONE', #2588, 0.9499999999999999556 ) ;
#978 = B_SPLINE_CURVE_WITH_KNOTS ( 'NONE', 3,
 ( #2026, #1257, #1965, #1803, #325, #86, #792, #1753 ),
 .UNSPECIFIED., .F., .F.,
 ( 4, 2, 2, 4 ),
 ( 0.000000000000000000, 4.968012963727507522E-05, 9.936025927455015045E-05, 0.0001987205185491003009 ),
 .UNSPECIFIED. ) ;
#979 = CARTESIAN_POINT ( 'NONE',  ( -0.1608908007749421665, 0.9363040209390527391, -0.7457718632229793920 ) ) ;
#980 = DIRECTION ( 'NONE',  ( -1.000000000000000000, 0.000000000000000000, 0.000000000000000000 ) ) ;
#981 = PRODUCT_RELATED_PRODUCT_CATEGORY ( 'part', '', ( #1115 ) ) ;
#982 = EDGE_CURVE ( 'NONE', #2166, #521, #2728, .T. ) ;
#983 = AXIS2_PLACEMENT_3D ( 'NONE', #1724, #2712, #565 ) ;
#984 = CARTESIAN_POINT ( 'NONE',  ( -0.1800778856793911198, 0.9327820032075997414, -0.02823034329343965254 ) ) ;
#985 = CARTESIAN_POINT ( 'NONE',  ( -0.008760963589468876572, -0.9499936231864614111, -0.6751502808728970795 ) ) ;
#986 = CARTESIAN_POINT ( 'NONE',  ( -0.1904803109080925316, -0.9307946379909830537, -0.8321186177063195633 ) ) ;
#987 = CIRCLE ( 'NONE', #2754, 0.2999999999999999889 ) ;
#988 = CARTESIAN_POINT ( 'NONE',  ( 0.09981100352072941329, 0.9447421868933738587, 0.05918272035585120383 ) ) ;
#989 = CARTESIAN_POINT ( 'NONE',  ( -0.02114278598087554473, 0.9497812909396075032, 0.08904558897321225575 ) ) ;
#990 = CARTESIAN_POINT ( 'NONE',  ( -0.2995606246715206700, 0.9015393031803973223, 0.4042325311775801233 ) ) ;
#991 = DIRECTION ( 'NONE',  ( 0.000000000000000000, -0.000000000000000000, 1.000000000000000000 ) ) ;
#992 = DIRECTION ( 'NONE',  ( -0.000000000000000000, -0.000000000000000000, -1.000000000000000000 ) ) ;
#993 = CARTESIAN_POINT ( 'NONE',  ( 0.000000000000000000, 0.000000000000000000, -1.749999999999999778 ) ) ;
#994 = EDGE_LOOP ( 'NONE', ( #2657, #1840, #1865, #210, #1299, #23, #2045, #970, #447, #976, #3006, #1524, #3088, #271, #2512, #2412 ) ) ;
#995 = EDGE_LOOP ( 'NONE', ( #768, #63, #705, #2574, #2836 ) ) ;
#996 = CARTESIAN_POINT ( 'NONE',  ( -0.1923076923076922073, 0.9303320651677496889, -3.403937756669170867 ) ) ;
#997 = CARTESIAN_POINT ( 'NONE',  ( -0.2294871794871795323, -0.9218653016851318105, -0.8829326923076920020 ) ) ;
#998 = EDGE_CURVE ( 'NONE', #736, #1219, #947, .T. ) ;
#999 = CARTESIAN_POINT ( 'NONE',  ( 0.06333334188449371571, 0.9479175453957733311, -0.04027595801752768823 ) ) ;
#1000 = CARTESIAN_POINT ( 'NONE',  ( -0.2144449855020855999, -0.9254974936506060734, 0.3088156574168525181 ) ) ;
#1001 = EDGE_CURVE ( 'NONE', #2918, #1710, #1512, .T. ) ;
#1002 = CARTESIAN_POINT ( 'NONE',  ( -0.1789198978122030770, 0.9329992873346416582, -0.8281784228314711394 ) ) ;
#1003 = ORIENTED_EDGE ( 'NONE', *, *, #1124, .T. ) ;
#1004 = SURFACE_STYLE_USAGE ( .BOTH. , #539 ) ;
#1005 = CARTESIAN_POINT ( 'NONE',  ( -0.2324486782118943828, -0.9211230473366430749, -0.9041694794747219266 ) ) ;
#1006 = CARTESIAN_POINT ( 'NONE',  ( 0.1015452084168821795, -0.9445573411114719375, -0.5436060991039657342 ) ) ;
#1007 = ORIENTED_EDGE ( 'NONE', *, *, #2608, .F. ) ;
#1008 = B_SPLINE_CURVE_WITH_KNOTS ( 'NONE', 3,
 ( #2744, #2775, #2504, #835, #2236, #558 ),
 .UNSPECIFIED., .F., .F.,
 ( 4, 2, 4 ),
 ( 0.000000000000000000, 0.0001012385401886140772, 0.0002024770803772281543 ),
 .UNSPECIFIED. ) ;
#1009 = ORIENTED_EDGE ( 'NONE', *, *, #1001, .F. ) ;
#1010 =( LENGTH_UNIT ( ) NAMED_UNIT ( * ) SI_UNIT ( .MILLI., .METRE. ) );
#1011 = ORIENTED_EDGE ( 'NONE', *, *, #2842, .T. ) ;
#1012 = CARTESIAN_POINT ( 'NONE',  ( -0.04082865841386905392, 0.9491222369390666103, -0.6055503596004980782 ) ) ;
#1013 =( NAMED_UNIT ( * ) PLANE_ANGLE_UNIT ( ) SI_UNIT ( $, .RADIAN. ) );
#1014 = CARTESIAN_POINT ( 'NONE',  ( -0.2915064102564102755, -0.9041703450011073784, -0.8522435897435893803 ) ) ;
#1015 = FILL_AREA_STYLE ('',( #78 ) ) ;
#1016 = LINE ( 'NONE', #1970, #1802 ) ;
#1017 = DIRECTION ( 'NONE',  ( -0.000000000000000000, -0.000000000000000000, -1.000000000000000000 ) ) ;
#1018 = CARTESIAN_POINT ( 'NONE',  ( -0.01794871794871778087, 0.9498304288261129047, 0.007692307692307823706 ) ) ;
#1019 = EDGE_CURVE ( 'NONE', #1480, #384, #1139, .T. ) ;
#1020 = VERTEX_POINT ( 'NONE', #1490 ) ;
#1021 = VERTEX_POINT ( 'NONE', #2679 ) ;
#1022 = CARTESIAN_POINT ( 'NONE',  ( 0.000000000000000000, -0.9999999999999997780, -3.809999999999999609 ) ) ;
#1023 = STYLED_ITEM ( 'NONE', ( #833 ), #460 ) ;
#1024 = CARTESIAN_POINT ( 'NONE',  ( -0.07321749022714106603, 0.9475617508281403145, -0.8181906935003745440 ) ) ;
#1025 = COLOUR_RGB ( '',0.8313725490196077761, 0.8313725490196077761, 0.8196078431372548767 ) ;
#1026 = CARTESIAN_POINT ( 'NONE',  ( -0.1250839369903757325, 0.9417405142535603124, 0.3151333511817623889 ) ) ;
#1027 = SURFACE_STYLE_USAGE ( .BOTH. , #1078 ) ;
#1029 = MECHANICAL_DESIGN_GEOMETRIC_PRESENTATION_REPRESENTATION (  '', ( #924 ), #2430 ) ;
#1028 = B_SPLINE_CURVE_WITH_KNOTS ( 'NONE', 3,
 ( #2209, #1510, #834, #2467, #336, #2760, #2269, #2731, #1056, #2219, #1088, #2774, #2043, #3011, #848, #570 ),
 .UNSPECIFIED., .F., .F.,
 ( 4, 3, 3, 3, 3, 4 ),
 ( 1.355252715606880543E-20, 1.838617453786277304E-05, 3.430171079199127379E-05, 4.902650258597967761E-05, 6.651503354057646715E-05, 8.386415710935668825E-05 ),
 .UNSPECIFIED. ) ;
#1030 = CARTESIAN_POINT ( 'NONE',  ( 0.000000000000000000, 0.000000000000000000, -3.403937756669170867 ) ) ;
#1031 =( NAMED_UNIT ( * ) PLANE_ANGLE_UNIT ( ) SI_UNIT ( $, .RADIAN. ) );
#1032 = AXIS2_PLACEMENT_3D ( 'NONE', #2573, #1375, #215 ) ;
#1033 = DIRECTION ( 'NONE',  ( -0.000000000000000000, -0.000000000000000000, -1.000000000000000000 ) ) ;
#1034 = CARTESIAN_POINT ( 'NONE',  ( 0.09740985815656558189, -0.9449932561417768717, -0.8768907064525206518 ) ) ;
#1035 = COLOUR_RGB ( '',0.1019607843137254888, 0.1019607843137254888, 0.1019607843137254888 ) ;
#1036 = CARTESIAN_POINT ( 'NONE',  ( -0.1327479474531946535, -0.9406849148072052857, 0.2832422682888556253 ) ) ;
#1037 = EDGE_LOOP ( 'NONE', ( #2633, #2116, #624, #2360, #1397, #155 ) ) ;
#1038 = AXIS2_PLACEMENT_3D ( 'NONE', #268, #1977, #293 ) ;
#1039 = CARTESIAN_POINT ( 'NONE',  ( -0.2655931264664696534, -0.9121668795926820561, 0.1482187423646514346 ) ) ;
#1040 = CARTESIAN_POINT ( 'NONE',  ( -0.1228954795739978512, 0.9420173571126092549, 0.4038117461879106029 ) ) ;
#1041 = ORIENTED_EDGE ( 'NONE', *, *, #2932, .F. ) ;
#1042 = CARTESIAN_POINT ( 'NONE',  ( 0.03305867682014047154, 0.9494246675835262828, 0.04609647755648006023 ) ) ;
#1043 = EDGE_CURVE ( 'NONE', #1093, #173, #798, .T. ) ;
#1044 = VERTEX_POINT ( 'NONE', #2789 ) ;
#1045 = SURFACE_STYLE_USAGE ( .BOTH. , #561 ) ;
#1046 = VERTEX_POINT ( 'NONE', #1085 ) ;
#1047 = FILL_AREA_STYLE_COLOUR ( '', #1035 ) ;
#1048 = CARTESIAN_POINT ( 'NONE',  ( -0.1256410256410255277, 0.9416551028247397426, -0.1051282051282051294 ) ) ;
#1049 = CARTESIAN_POINT ( 'NONE',  ( 0.07097905360159645349, 0.9473446964804769221, -0.03177342282717543487 ) ) ;
#1050 = LINE ( 'NONE', #1288, #1390 ) ;
#1051 = CARTESIAN_POINT ( 'NONE',  ( -0.2089040030302174167, -0.9267465227978629594, 0.3054023195125559198 ) ) ;
#1052 = DIRECTION ( 'NONE',  ( -1.000000000000000000, 0.000000000000000000, 0.000000000000000000 ) ) ;
#1053 = CARTESIAN_POINT ( 'NONE',  ( -0.2294871794871795323, 0.9218653016851318105, -0.8829326923076920020 ) ) ;
#1054 = ORIENTED_EDGE ( 'NONE', *, *, #371, .T. ) ;
#1055 = CARTESIAN_POINT ( 'NONE',  ( -0.1838245652190475254, -0.9320787079114812856, 0.4943061122017075593 ) ) ;
#1056 = CARTESIAN_POINT ( 'NONE',  ( -0.1367644778173238707, -0.9401144646700109186, 0.09575603510188955558 ) ) ;
#1057 = CARTESIAN_POINT ( 'NONE',  ( -0.2306238330698435479, 0.9215899272900822670, 0.07960051677341369036 ) ) ;
#1058 = ORIENTED_EDGE ( 'NONE', *, *, #1925, .F. ) ;
#1059 = CARTESIAN_POINT ( 'NONE',  ( -0.04525666700431561079, -0.9492500919350161936, -0.8190064593001314952 ) ) ;
#1060 = B_SPLINE_CURVE_WITH_KNOTS ( 'NONE', 3,
 ( #528, #2688, #2673, #472, #2924, #2898, #2422, #1693, #1897, #47, #1222, #504, #2866, #1659, #1720, #515 ),
 .UNSPECIFIED., .F., .F.,
 ( 4, 3, 3, 3, 3, 4 ),
 ( 0.000000000000000000, 2.138676015988012224E-05, 3.621585277165970893E-05, 5.114518133504727807E-05, 6.818121077961085028E-05, 8.305574586954274764E-05 ),
 .UNSPECIFIED. ) ;
#1061 = DIRECTION ( 'NONE',  ( -0.000000000000000000, -0.000000000000000000, -1.000000000000000000 ) ) ;
#1062 = ADVANCED_FACE ( 'NONE', ( #869 ), #3021, .F. ) ;
#1063 = CARTESIAN_POINT ( 'NONE',  ( -0.2383959751541654126, -0.9196017418523586562, 0.05460259181683148333 ) ) ;
#1064 = CARTESIAN_POINT ( 'NONE',  ( -0.2993272141610009429, -0.9016114991184586147, -0.8993606050079031577 ) ) ;
#1065 = CYLINDRICAL_SURFACE ( 'NONE', #1533, 0.9499999999999999556 ) ;
#1066 = DIRECTION ( 'NONE',  ( -1.000000000000000000, 0.000000000000000000, 0.000000000000000000 ) ) ;
#1067 = ORIENTED_EDGE ( 'NONE', *, *, #2409, .F. ) ;
#1068 = CARTESIAN_POINT ( 'NONE',  ( -0.05344551282051267227, -0.9484954281172642832, 0.3306089743589745167 ) ) ;
#1069 = SURFACE_STYLE_FILL_AREA ( #130 ) ;
#1070 = CARTESIAN_POINT ( 'NONE',  ( -0.1923886460566147094, 0.9303153276543344452, 0.1035634516588049281 ) ) ;
#1071 = B_SPLINE_CURVE_WITH_KNOTS ( 'NONE', 3,
 ( #1053, #2979, #1709, #816, #1471, #555, #2195, #2464, #73, #1002, #1959, #763, #1727, #2695, #333, #537 ),
 .UNSPECIFIED., .F., .F.,
 ( 4, 3, 3, 3, 3, 4 ),
 ( 0.000000000000000000, 2.770183767764557614E-05, 4.907095045788266181E-05, 7.885465455969862592E-05, 0.0001343629042684052846, 0.0001591923565365582012 ),
 .UNSPECIFIED. ) ;
#1072 = VERTEX_POINT ( 'NONE', #1596 ) ;
#1073 = ORIENTED_EDGE ( 'NONE', *, *, #2524, .F. ) ;
#1074 =( BOUNDED_CURVE ( )  B_SPLINE_CURVE ( 3, ( #2621, #237, #2121, #1418 ),
 .UNSPECIFIED., .F., .F. ) 
 B_SPLINE_CURVE_WITH_KNOTS ( ( 4, 4 ),
 ( 1.443002754820136291, 1.508678112923220516 ),
 .UNSPECIFIED. ) 
 CURVE ( )  GEOMETRIC_REPRESENTATION_ITEM ( )  RATIONAL_B_SPLINE_CURVE ( ( 1.000000000000000000, 0.9996405945758773948, 0.9996405945758773948, 1.000000000000000000 ) ) 
 REPRESENTATION_ITEM ( '' )  );
#1075 = CARTESIAN_POINT ( 'NONE',  ( -0.2347345600312552294, -0.9205446762818422224, 0.3795027810256074163 ) ) ;
#1076 = CARTESIAN_POINT ( 'NONE',  ( 0.003855570607623892178, 0.9500316794049072922, -0.8423890232588288063 ) ) ;
#1077 = ORIENTED_EDGE ( 'NONE', *, *, #2803, .T. ) ;
#1078 = SURFACE_SIDE_STYLE ('',( #1967 ) ) ;
#1079 = CARTESIAN_POINT ( 'NONE',  ( -0.03846153846153831796, -0.9492211070447030830, 0.3799679487179488668 ) ) ;
#1080 = CARTESIAN_POINT ( 'NONE',  ( -0.1750801282051280550, 0.9337274488348705770, 0.1051282051282052682 ) ) ;
#1081 = ADVANCED_FACE ( 'NONE', ( #1797, #2825 ), #1065, .T. ) ;
#1082 = COLOUR_RGB ( '',0.8313725490196077761, 0.8313725490196077761, 0.8196078431372548767 ) ;
#1083 = CARTESIAN_POINT ( 'NONE',  ( -0.08963010229167076015, 0.9457671965121053903, 0.1216382642349861098 ) ) ;
#1084 = DIRECTION ( 'NONE',  ( -1.000000000000000000, 0.000000000000000000, 0.000000000000000000 ) ) ;
#1085 = CARTESIAN_POINT ( 'NONE',  ( -0.2333333333333333648, -0.9208993189027536719, -0.9341346153846150635 ) ) ;
#1086 = CARTESIAN_POINT ( 'NONE',  ( -0.2080178003318677582, -0.9278172514217312150, -0.3233162536076102933 ) ) ;
#1087 = CARTESIAN_POINT ( 'NONE',  ( -0.03672945489284466097, -0.9492897066456987831, 0.1596360953022276929 ) ) ;
#1088 = CARTESIAN_POINT ( 'NONE',  ( -0.1463663484795025560, -0.9386717439644483019, 0.1006715394250216472 ) ) ;
#1089 = CARTESIAN_POINT ( 'NONE',  ( -0.2801768355547405442, 0.9077759949159966979, 0.1316635421005882822 ) ) ;
#1090 = TOROIDAL_SURFACE ( 'NONE', #158, 0.9999999999999997780, 0.2999999999999999889 ) ;
#1091 = CARTESIAN_POINT ( 'NONE',  ( 0.03333333333333334675, 0.9494150245750743178, -0.9593749999999997558 ) ) ;
#1092 = CARTESIAN_POINT ( 'NONE',  ( 0.0008513225271384703037, 0.9500235061828907757, 0.01096974501525618817 ) ) ;
#1093 = VERTEX_POINT ( 'NONE', #2266 ) ;
#1094 = VECTOR ( 'NONE', #767, 1000.000000000000000 ) ;
#1095 = ORIENTED_EDGE ( 'NONE', *, *, #297, .T. ) ;
#1096 = CARTESIAN_POINT ( 'NONE',  ( 0.03333333333333334675, -0.9494150245750743178, -0.9974358974358968899 ) ) ;
#1097 = CARTESIAN_POINT ( 'NONE',  ( -0.2375577738338592038, -0.9198211520510586325, 0.03966850304200557342 ) ) ;
#1098 = CARTESIAN_POINT ( 'NONE',  ( 0.9499999999999999556, 1.163414459189985682E-16, 1.149999999999999911 ) ) ;
#1099 = ORIENTED_EDGE ( 'NONE', *, *, #2386, .T. ) ;
#1100 =( NAMED_UNIT ( * ) PLANE_ANGLE_UNIT ( ) SI_UNIT ( $, .RADIAN. ) );
#1101 = EDGE_CURVE ( 'NONE', #1529, #233, #144, .T. ) ;
#1102 = ORIENTED_EDGE ( 'NONE', *, *, #3008, .T. ) ;
#1103 = CARTESIAN_POINT ( 'NONE',  ( -0.05999046186015850185, -0.9481039734574703282, 0.1443272464292738866 ) ) ;
#1104 = CARTESIAN_POINT ( 'NONE',  ( -0.09377990951131735808, 0.9453996907017457874, -0.6896942046369186619 ) ) ;
#1105 = CARTESIAN_POINT ( 'NONE',  ( -0.1947578472584118037, 0.9299416050827793434, 0.1817538854332274578 ) ) ;
#1106 = ADVANCED_FACE ( 'NONE', ( #2528 ), #1340, .T. ) ;
#1107 = CARTESIAN_POINT ( 'NONE',  ( -0.1256410256410255277, -0.9416551028247397426, -0.2538461538461535549 ) ) ;
#1108 = CARTESIAN_POINT ( 'NONE',  ( 0.03330115466611967973, -0.9494161543467891651, -0.9535595465993466080 ) ) ;
#1109 = CARTESIAN_POINT ( 'NONE',  ( 0.000000000000000000, -3.550000000000000266, -3.810000000000000053 ) ) ;
#1110 = CARTESIAN_POINT ( 'NONE',  ( 0.03333333333333351328, 0.9494150245750743178, 0.05160256410256423149 ) ) ;
#1111 = FILL_AREA_STYLE ('',( #1575 ) ) ;
#1112 = DIRECTION ( 'NONE',  ( 0.000000000000000000, 0.000000000000000000, 1.000000000000000000 ) ) ;
#1113 = DIRECTION ( 'NONE',  ( 0.000000000000000000, -0.000000000000000000, 1.000000000000000000 ) ) ;
#1114 = CARTESIAN_POINT ( 'NONE',  ( -0.2380994945690552700, 0.9196786235287806033, -0.4866664018301640193 ) ) ;
#1115 = PRODUCT ( 'DO-35_3.90x1.90x0.60x07.62', 'DO-35_3.90x1.90x0.60x07.62', '', ( #445 ) ) ;
#1116 = SURFACE_SIDE_STYLE ('',( #1351 ) ) ;
#1117 = CARTESIAN_POINT ( 'NONE',  ( -0.005860484209865481769, -0.9502803456124769843, 0.3410766125269729665 ) ) ;
#1118 = VERTEX_POINT ( 'NONE', #2112 ) ;
#1119 = CARTESIAN_POINT ( 'NONE',  ( -0.2316956377535815403, -0.9213127218434276067, 0.07714463062596377263 ) ) ;
#1120 = DIRECTION ( 'NONE',  ( -1.000000000000000000, 0.000000000000000000, 0.000000000000000000 ) ) ;
#1121 = CARTESIAN_POINT ( 'NONE',  ( 0.1051282051282051849, -0.9441652718070718819, -0.5005608974358976004 ) ) ;
#1122 =( BOUNDED_CURVE ( )  B_SPLINE_CURVE ( 3, ( #2812, #177, #1117, #435 ),
 .UNSPECIFIED., .F., .F. ) 
 B_SPLINE_CURVE_WITH_KNOTS ( ( 4, 4 ),
 ( 1.514508173468721131, 1.589690838320785060 ),
 .UNSPECIFIED. ) 
 CURVE ( )  GEOMETRIC_REPRESENTATION_ITEM ( )  RATIONAL_B_SPLINE_CURVE ( ( 1.000000000000000000, 0.9995290193749488683, 0.9995290193749488683, 1.000000000000000000 ) ) 
 REPRESENTATION_ITEM ( '' )  );
#1123 = ORIENTED_EDGE ( 'NONE', *, *, #298, .F. ) ;
#1124 = EDGE_CURVE ( 'NONE', #861, #638, #875, .T. ) ;
#1125 = VERTEX_POINT ( 'NONE', #464 ) ;
#1126 = ORIENTED_EDGE ( 'NONE', *, *, #298, .T. ) ;
#1127 = ORIENTED_EDGE ( 'NONE', *, *, #1734, .T. ) ;
#1128 = CARTESIAN_POINT ( 'NONE',  ( -0.2998520010606953168, -0.9014371047872484777, -0.9113330173306267712 ) ) ;
#1129 = CARTESIAN_POINT ( 'NONE',  ( -0.009294871794871612664, -0.9499545280476939801, 0.08974358974358988272 ) ) ;
#1130 = DIRECTION ( 'NONE',  ( -1.000000000000000000, 0.000000000000000000, 0.000000000000000000 ) ) ;
#1131 = CIRCLE ( 'NONE', #143, 0.2999999999999999889 ) ;
#1132 = CARTESIAN_POINT ( 'NONE',  ( -0.2983023968225174682, 0.9019510408275724922, -0.8874824870490395368 ) ) ;
#1133 = CARTESIAN_POINT ( 'NONE',  ( -0.08909517553055046335, -0.9458161737839996253, 0.1194172751888087081 ) ) ;
#1134 = ORIENTED_EDGE ( 'NONE', *, *, #1145, .T. ) ;
#1135 = LINE ( 'NONE', #1861, #2942 ) ;
#1136 =( GEOMETRIC_REPRESENTATION_CONTEXT ( 3 ) GLOBAL_UNCERTAINTY_ASSIGNED_CONTEXT ( ( #2093 ) ) GLOBAL_UNIT_ASSIGNED_CONTEXT ( ( #2280, #2711, #1503 ) ) REPRESENTATION_CONTEXT ( 'NONE', 'WORKASPACE' ) );
#1137 =( NAMED_UNIT ( * ) SI_UNIT ( $, .STERADIAN. ) SOLID_ANGLE_UNIT ( ) );
#1138 = CARTESIAN_POINT ( 'NONE',  ( -0.2869012835185407173, -0.9056826399891881874, 0.4316601619026100289 ) ) ;
#1139 = B_SPLINE_CURVE_WITH_KNOTS ( 'NONE', 3,
 ( #2234, #2963, #113, #802, #289, #1778, #2176, #54, #2917, #1708 ),
 .UNSPECIFIED., .F., .F.,
 ( 4, 3, 3, 4 ),
 ( 0.000000000000000000, 1.854061418489561514E-05, 4.938011379576903671E-05, 7.398792573324404400E-05 ),
 .UNSPECIFIED. ) ;
#1140 = CARTESIAN_POINT ( 'NONE',  ( -0.1769230769230767664, 0.9333800002421688280, 0.2948717948717950454 ) ) ;
#1141 = ORIENTED_EDGE ( 'NONE', *, *, #2540, .F. ) ;
#1142 = CARTESIAN_POINT ( 'NONE',  ( 0.000000000000000000, 0.000000000000000000, -3.403937756669170867 ) ) ;
#1143 = CARTESIAN_POINT ( 'NONE',  ( 0.08205645389567921277, 0.9464995011799967051, -0.3985805146561514078 ) ) ;
#1144 =( LENGTH_UNIT ( ) NAMED_UNIT ( * ) SI_UNIT ( .MILLI., .METRE. ) );
#1145 = EDGE_CURVE ( 'NONE', #2274, #106, #292, .T. ) ;
#1146 = STYLED_ITEM ( 'NONE', ( #1907 ), #1887 ) ;
#1147 = DIRECTION ( 'NONE',  ( -1.000000000000000000, 0.000000000000000000, 0.000000000000000000 ) ) ;
#1148 = AXIS2_PLACEMENT_3D ( 'NONE', #2072, #3045, #881 ) ;
#1149 = TOROIDAL_SURFACE ( 'NONE', #1849, 0.9999999999999997780, 0.2999999999999999889 ) ;
#1150 = CARTESIAN_POINT ( 'NONE',  ( -0.08661858974358957464, -0.9460429270973024218, 0.1091346153846155104 ) ) ;
#1151 = CARTESIAN_POINT ( 'NONE',  ( -0.1855769230769229450, 0.9316980227634391598, 0.2282051282051283658 ) ) ;
#1152 = CARTESIAN_POINT ( 'NONE',  ( -0.1024038461538461092, 0.9444646379261106839, -0.6897435897435899577 ) ) ;
#1153 = CARTESIAN_POINT ( 'NONE',  ( -0.1801282051282049879, -0.9327667606198729588, 0.1820512820512822094 ) ) ;
#1154 = CARTESIAN_POINT ( 'NONE',  ( -0.05897435897435880647, 0.9481677198595001022, 0.03541666666666680452 ) ) ;
#1155 = VERTEX_POINT ( 'NONE', #1098 ) ;
#1156 = CARTESIAN_POINT ( 'NONE',  ( -0.2350965067341233283, -0.9204841619986829926, -0.4651882124857484868 ) ) ;
#1157 = CARTESIAN_POINT ( 'NONE',  ( -0.1264423076923075207, -0.9415478441510257701, 0.2384615384615386413 ) ) ;
#1158 = CARTESIAN_POINT ( 'NONE',  ( -0.05897435897435880647, -0.9481677198595001022, 0.03541666666666680452 ) ) ;
#1159 = UNCERTAINTY_MEASURE_WITH_UNIT (LENGTH_MEASURE( 1.000000000000000082E-05 ), #1144, 'distance_accuracy_value', 'NONE');
#1160 = B_SPLINE_CURVE_WITH_KNOTS ( 'NONE', 3,
 ( #274, #13, #1903, #305, #519, #2428, #2927, #2401, #2145, #761 ),
 .UNSPECIFIED., .F., .F.,
 ( 4, 3, 3, 4 ),
 ( 0.000000000000000000, 1.909662632124582793E-05, 3.819121541621021363E-05, 7.635473783102774185E-05 ),
 .UNSPECIFIED. ) ;
#1161 = DIRECTION ( 'NONE',  ( 1.000000000000000000, 0.000000000000000000, 0.000000000000000000 ) ) ;
#1162 = CARTESIAN_POINT ( 'NONE',  ( -0.2326911711465245169, 0.9210649951867123653, 0.3846529705611296257 ) ) ;
#1163 = EDGE_CURVE ( 'NONE', #2268, #220, #2589, .T. ) ;
#1164 = ADVANCED_FACE ( 'NONE', ( #547 ), #1500, .T. ) ;
#1165 = SURFACE_STYLE_FILL_AREA ( #2869 ) ;
#1166 = CARTESIAN_POINT ( 'NONE',  ( -0.2324238356394255356, 0.9211325090961614004, 0.02705844233947578628 ) ) ;
#1167 = CARTESIAN_POINT ( 'NONE',  ( -0.006410256410256241766, -0.9499783727079026407, -0.06923076923076909583 ) ) ;
#1168 = CARTESIAN_POINT ( 'NONE',  ( 0.2999999999999999889, 0.000000000000000000, 1.949999999999999956 ) ) ;
#1169 = SURFACE_SIDE_STYLE ('',( #232 ) ) ;
#1170 = ORIENTED_EDGE ( 'NONE', *, *, #965, .F. ) ;
#1171 = SURFACE_STYLE_FILL_AREA ( #2618 ) ;
#1172 = DIRECTION ( 'NONE',  ( 0.000000000000000000, 0.000000000000000000, 1.000000000000000000 ) ) ;
#1173 = DIRECTION ( 'NONE',  ( -0.000000000000000000, -0.000000000000000000, -1.000000000000000000 ) ) ;
#1174 = CARTESIAN_POINT ( 'NONE',  ( 0.01794871794871810700, 0.9498304288261129047, -3.403937756669170867 ) ) ;
#1175 = ORIENTED_EDGE ( 'NONE', *, *, #475, .F. ) ;
#1176 = CARTESIAN_POINT ( 'NONE',  ( 0.02807896415376492233, 0.9495925140705618883, -0.5511034417654714357 ) ) ;
#1177 = EDGE_CURVE ( 'NONE', #173, #2322, #2848, .T. ) ;
#1178 = AXIS2_PLACEMENT_3D ( 'NONE', #1750, #335, #2453 ) ;
#1179 = CARTESIAN_POINT ( 'NONE',  ( 0.03308139265552965252, -0.9494238700455756019, 0.05728922076063034524 ) ) ;
#1180 = ORIENTED_EDGE ( 'NONE', *, *, #1220, .T. ) ;
#1181 = AXIS2_PLACEMENT_3D ( 'NONE', #1952, #1172, #1937 ) ;
#1182 = CARTESIAN_POINT ( 'NONE',  ( -0.2656403077225787945, 0.9121891843089890983, 0.4568342145116234820 ) ) ;
#1183 = SURFACE_SIDE_STYLE ('',( #1670 ) ) ;
#1184 = FILL_AREA_STYLE_COLOUR ( '', #2396 ) ;
#1186 = MECHANICAL_DESIGN_GEOMETRIC_PRESENTATION_REPRESENTATION (  '', ( #728 ), #2127 ) ;
#1185 = B_SPLINE_CURVE_WITH_KNOTS ( 'NONE', 3,
 ( #2284, #1083, #1871, #1497, #683, #2641, #2937, #1663, #488, #1882, #1406, #1755, #772 ),
 .UNSPECIFIED., .F., .F.,
 ( 4, 3, 3, 3, 4 ),
 ( 0.000000000000000000, 3.859246335498857307E-05, 7.280609183979880761E-05, 0.0001016006603942271535, 0.0001285041912112130024 ),
 .UNSPECIFIED. ) ;
#1187 = CARTESIAN_POINT ( 'NONE',  ( -0.08537591501383491599, 0.9461567049520250849, 0.1112907460797649822 ) ) ;
#1188 = MECHANICAL_DESIGN_GEOMETRIC_PRESENTATION_REPRESENTATION (  '', ( #928 ), #2333 ) ;
#1189 = VERTEX_POINT ( 'NONE', #2092 ) ;
#1190 = PRESENTATION_LAYER_ASSIGNMENT (  '', '', ( #491 ) ) ;
#1191 = FILL_AREA_STYLE_COLOUR ( '', #1786 ) ;
#1192 = CARTESIAN_POINT ( 'NONE',  ( -0.2124803750733466057, 0.9259330916465683403, -0.4277967456459503826 ) ) ;
#1193 = CARTESIAN_POINT ( 'NONE',  ( -0.006410256410256241766, 0.9499783727079026407, -0.06923076923076909583 ) ) ;
#1194 = ORIENTED_EDGE ( 'NONE', *, *, #262, .F. ) ;
#1195 = CARTESIAN_POINT ( 'NONE',  ( -0.1001602564102564014, -0.9447052043022901024, -0.8179487179487175963 ) ) ;
#1196 = EDGE_CURVE ( 'NONE', #2275, #736, #433, .T. ) ;
#1197 = CARTESIAN_POINT ( 'NONE',  ( 0.000000000000000000, 0.000000000000000000, 2.810000000000000053 ) ) ;
#1198 = CARTESIAN_POINT ( 'NONE',  ( -0.1178222365714588077, -0.9426846139325798513, 0.3234452598207206986 ) ) ;
#1199 = SURFACE_STYLE_USAGE ( .BOTH. , #482 ) ;
#1200 = ADVANCED_FACE ( 'NONE', ( #1388 ), #627, .T. ) ;
#1201 = CARTESIAN_POINT ( 'NONE',  ( -0.1203134239973866065, -0.9423509259277322858, 0.03069320694992322754 ) ) ;
#1202 = ADVANCED_FACE ( 'NONE', ( #3019 ), #616, .T. ) ;
#1203 = CARTESIAN_POINT ( 'NONE',  ( -0.2326762349628899440, 0.9210655620983196901, -0.9084061452450089558 ) ) ;
#1204 = EDGE_LOOP ( 'NONE', ( #1656, #2696, #1409, #128, #1770, #182, #1323, #1567, #2795, #2896, #725, #394, #2146, #1292, #2240, #1602, #1058 ) ) ;
#1205 = ORIENTED_EDGE ( 'NONE', *, *, #240, .T. ) ;
#1206 =( LENGTH_UNIT ( ) NAMED_UNIT ( * ) SI_UNIT ( .MILLI., .METRE. ) );
#1207 = EDGE_LOOP ( 'NONE', ( #1358, #1251, #2256, #2616 ) ) ;
#1208 =( LENGTH_UNIT ( ) NAMED_UNIT ( * ) SI_UNIT ( .MILLI., .METRE. ) );
#1209 = CARTESIAN_POINT ( 'NONE',  ( 0.08171797712585068818, -0.9464970207233541766, 0.1198105159293515465 ) ) ;
#1210 = CARTESIAN_POINT ( 'NONE',  ( -0.04219460355151751635, -0.9491011960728577002, -0.6845394935169683004 ) ) ;
#1211 = CARTESIAN_POINT ( 'NONE',  ( 0.01363685450190214345, -0.9499021192730021657, 0.08486741719876458867 ) ) ;
#1212 = EDGE_LOOP ( 'NONE', ( #466, #2882, #807, #1801 ) ) ;
#1213 = CARTESIAN_POINT ( 'NONE',  ( -0.01516661111124102505, 0.9498970757565082801, 0.08949204356679470174 ) ) ;
#1214 = CARTESIAN_POINT ( 'NONE',  ( -0.1316915683368085344, -0.9408376000642248993, 0.3091707586710244482 ) ) ;
#1215 = CARTESIAN_POINT ( 'NONE',  ( 0.08942307692307699396, 0.9457819586530552547, -0.5848557692307693179 ) ) ;
#1216 = FILL_AREA_STYLE ('',( #943 ) ) ;
#1217 = CARTESIAN_POINT ( 'NONE',  ( -0.1923076923076922073, 0.9303320651677496889, -0.1051282051282051294 ) ) ;
#1218 = CARTESIAN_POINT ( 'NONE',  ( 0.01794871794871810700, 0.9498304288261131267, 0.3463141025641027215 ) ) ;
#1219 = VERTEX_POINT ( 'NONE', #1673 ) ;
#1220 = EDGE_CURVE ( 'NONE', #742, #1728, #1811, .T. ) ;
#1221 = ORIENTED_EDGE ( 'NONE', *, *, #2608, .T. ) ;
#1222 = CARTESIAN_POINT ( 'NONE',  ( -0.05543338311893369896, -0.9483852582043417190, 0.06175814851551535839 ) ) ;
#1223 = PRESENTATION_STYLE_ASSIGNMENT (( #3036 ) ) ;
#1224 = CARTESIAN_POINT ( 'NONE',  ( -0.1769230769230767664, 0.9333800002421688280, -0.002564102564102431828 ) ) ;
#1225 = DIRECTION ( 'NONE',  ( -0.000000000000000000, -0.000000000000000000, -1.000000000000000000 ) ) ;
#1226 = CARTESIAN_POINT ( 'NONE',  ( 0.03802197593991592239, 0.9492389177009414869, -0.4826779456652873779 ) ) ;
#1227 = CARTESIAN_POINT ( 'NONE',  ( -0.2372425302108455147, -0.9199036438159053919, 0.3419934931744502693 ) ) ;
#1228 = DIRECTION ( 'NONE',  ( 0.000000000000000000, 0.000000000000000000, 1.000000000000000000 ) ) ;
#1229 = VERTEX_POINT ( 'NONE', #1316 ) ;
#1230 = CARTESIAN_POINT ( 'NONE',  ( -0.1863782051282049934, 0.9315380639851434941, -0.07948717948717937132 ) ) ;
#1231 = CLOSED_SHELL ( 'NONE', ( #566, #2189, #1887, #1106, #3068, #123, #1621, #1301 ) ) ;
#1232 = DIRECTION ( 'NONE',  ( 1.000000000000000000, 0.000000000000000000, 0.000000000000000000 ) ) ;
#1233 = CARTESIAN_POINT ( 'NONE',  ( 0.000000000000000000, 0.000000000000000000, 1.949999999999999956 ) ) ;
#1234 = DIRECTION ( 'NONE',  ( 0.000000000000000000, 0.000000000000000000, -1.000000000000000000 ) ) ;
#1235 = AXIS2_PLACEMENT_3D ( 'NONE', #1909, #2469, #755 ) ;
#1236 = CARTESIAN_POINT ( 'NONE',  ( 0.7500000000000000000, 9.184850993605149670E-17, 1.749999999999999778 ) ) ;
#1237 = VERTEX_POINT ( 'NONE', #2456 ) ;
#1238 = EDGE_CURVE ( 'NONE', #1310, #2852, #978, .T. ) ;
#1239 = CARTESIAN_POINT ( 'NONE',  ( -0.1863782051282049934, 0.9315380639851434941, -0.07948717948717937132 ) ) ;
#1240 =( GEOMETRIC_REPRESENTATION_CONTEXT ( 3 ) GLOBAL_UNCERTAINTY_ASSIGNED_CONTEXT ( ( #707 ) ) GLOBAL_UNIT_ASSIGNED_CONTEXT ( ( #812, #2172, #1743 ) ) REPRESENTATION_CONTEXT ( 'NONE', 'WORKASPACE' ) );
#1241 = CARTESIAN_POINT ( 'NONE',  ( -0.1053932815214645297, 0.9441357568415490453, 0.3542248507068991858 ) ) ;
#1242 =( GEOMETRIC_REPRESENTATION_CONTEXT ( 3 ) GLOBAL_UNCERTAINTY_ASSIGNED_CONTEXT ( ( #680 ) ) GLOBAL_UNIT_ASSIGNED_CONTEXT ( ( #1950, #1935, #1463 ) ) REPRESENTATION_CONTEXT ( 'NONE', 'WORKASPACE' ) );
#1243 = DIRECTION ( 'NONE',  ( -1.000000000000000000, 0.000000000000000000, 0.000000000000000000 ) ) ;
#1244 =( BOUNDED_CURVE ( )  B_SPLINE_CURVE ( 3, ( #1941, #1441, #984, #1224 ),
 .UNSPECIFIED., .F., .F. ) 
 B_SPLINE_CURVE_WITH_KNOTS ( ( 4, 4 ),
 ( 1.373327902233579367, 1.383467808509868613 ),
 .UNSPECIFIED. ) 
 CURVE ( )  GEOMETRIC_REPRESENTATION_ITEM ( )  RATIONAL_B_SPLINE_CURVE ( ( 1.000000000000000000, 0.9999914318767455512, 0.9999914318767455512, 1.000000000000000000 ) ) 
 REPRESENTATION_ITEM ( '' )  );
#1245 = AXIS2_PLACEMENT_3D ( 'NONE', #1962, #1476, #2198 ) ;
#1246 = CARTESIAN_POINT ( 'NONE',  ( 0.09738222091051838836, 0.9449967282919811140, 0.01993749673795995256 ) ) ;
#1247 = CARTESIAN_POINT ( 'NONE',  ( -0.2238639814665258909, -0.9232469430229858220, 0.3180186942891253810 ) ) ;
#1248 = CIRCLE ( 'NONE', #1895, 0.9499999999999999556 ) ;
#1249 = CARTESIAN_POINT ( 'NONE',  ( 0.09940753582678005240, 0.9447857271142812152, 0.06744644248353447169 ) ) ;
#1250 = DIRECTION ( 'NONE',  ( -0.000000000000000000, -0.000000000000000000, -1.000000000000000000 ) ) ;
#1251 = ORIENTED_EDGE ( 'NONE', *, *, #490, .T. ) ;
#1252 = CARTESIAN_POINT ( 'NONE',  ( -0.2932276153788412887, 0.9036283491510298527, -0.009961995475837702105 ) ) ;
#1253 = STYLED_ITEM ( 'NONE', ( #2031 ), #3068 ) ;
#1254 = DIRECTION ( 'NONE',  ( 1.000000000000000000, 0.000000000000000000, 0.000000000000000000 ) ) ;
#1255 = CARTESIAN_POINT ( 'NONE',  ( -0.01025668612095560588, 0.9499524178004881136, -0.04358790449277309687 ) ) ;
#1256 = ORIENTED_EDGE ( 'NONE', *, *, #509, .T. ) ;
#1257 = CARTESIAN_POINT ( 'NONE',  ( 0.03802539761057190104, -0.9492387790580932849, -0.4828096664115505976 ) ) ;
#1258 = B_SPLINE_CURVE_WITH_KNOTS ( 'NONE', 3,
 ( #2536, #879, #203, #1143, #2833, #2361, #2048, #2583 ),
 .UNSPECIFIED., .F., .F.,
 ( 4, 2, 2, 4 ),
 ( 0.000000000000000000, 7.838000070241377246E-05, 0.0001567600014048275449, 0.0003135200028096552525 ),
 .UNSPECIFIED. ) ;
#1259 = ORIENTED_EDGE ( 'NONE', *, *, #1263, .T. ) ;
#1260 = ORIENTED_EDGE ( 'NONE', *, *, #1835, .F. ) ;
#1261 = ORIENTED_EDGE ( 'NONE', *, *, #1238, .T. ) ;
#1262 =( NAMED_UNIT ( * ) SI_UNIT ( $, .STERADIAN. ) SOLID_ANGLE_UNIT ( ) );
#1263 = EDGE_CURVE ( 'NONE', #1912, #2313, #2102, .T. ) ;
#1264 = CARTESIAN_POINT ( 'NONE',  ( 0.01202093797320578222, 0.9499501978077653508, 0.1659022775020931872 ) ) ;
#1265 = CARTESIAN_POINT ( 'NONE',  ( -0.1697916666666665075, -0.9347035839936399526, 0.4179487179487181292 ) ) ;
#1266 = CARTESIAN_POINT ( 'NONE',  ( -0.1681089743589742058, 0.9350076859256152284, 0.4948717948717950565 ) ) ;
#1267 = LINE ( 'NONE', #2481, #626 ) ;
#1268 = EDGE_LOOP ( 'NONE', ( #2296, #1998, #1205, #1315 ) ) ;
#1269 = CARTESIAN_POINT ( 'NONE',  ( -0.2839559294852011528, 0.9065699256594579314, -0.8325988395077044135 ) ) ;
#1270 = CARTESIAN_POINT ( 'NONE',  ( 0.01372902118592697618, 0.9499086042868718494, 0.08504075951577035053 ) ) ;
#1271 =( NAMED_UNIT ( * ) PLANE_ANGLE_UNIT ( ) SI_UNIT ( $, .RADIAN. ) );
#1272 = CARTESIAN_POINT ( 'NONE',  ( -0.1362189518029121860, -0.9407413275468354819, 0.4940611883029253915 ) ) ;
#1273 =( LENGTH_UNIT ( ) NAMED_UNIT ( * ) SI_UNIT ( .MILLI., .METRE. ) );
#1274 = CARTESIAN_POINT ( 'NONE',  ( -0.1705500588099431170, -0.9346643703702368633, -0.6020018532465690742 ) ) ;
#1275 = EDGE_CURVE ( 'NONE', #2852, #601, #829, .T. ) ;
#1276 = CARTESIAN_POINT ( 'NONE',  ( -0.09105434515861456080, 0.9456263036886495277, 0.4742665415399142659 ) ) ;
#1277 = ORIENTED_EDGE ( 'NONE', *, *, #1957, .T. ) ;
#1278 = CARTESIAN_POINT ( 'NONE',  ( -0.2943540071655007528, -0.9035553593788775428, 0.2921068441711562325 ) ) ;
#1279 = CARTESIAN_POINT ( 'NONE',  ( -0.2376373038708634311, 0.9198004889615895019, 0.06337775648591625899 ) ) ;
#1280 = VERTEX_POINT ( 'NONE', #3026 ) ;
#1281 = ORIENTED_EDGE ( 'NONE', *, *, #100, .T. ) ;
#1282 = CIRCLE ( 'NONE', #1181, 0.9499999999999999556 ) ;
#1283 = CARTESIAN_POINT ( 'NONE',  ( 0.000000000000000000, 0.000000000000000000, -3.403937756669170867 ) ) ;
#1284 = CARTESIAN_POINT ( 'NONE',  ( -0.05897435897435880647, -0.9481677198595001022, 0.03541666666666680452 ) ) ;
#1285 = COLOUR_RGB ( '',0.1019607843137254888, 0.1019607843137254888, 0.1019607843137254888 ) ;
#1286 = ORIENTED_EDGE ( 'NONE', *, *, #2545, .T. ) ;
#1287 = CARTESIAN_POINT ( 'NONE',  ( -0.006410256410256241766, 0.9499783727079026407, -0.06923076923076909583 ) ) ;
#1288 = CARTESIAN_POINT ( 'NONE',  ( 0.03333333333333334675, 0.9494150245750743178, -3.403937756669170867 ) ) ;
#1289 = CARTESIAN_POINT ( 'NONE',  ( -0.2025134682630672089, -0.9281870550917754592, 0.3014656431812040571 ) ) ;
#1290 = AXIS2_PLACEMENT_3D ( 'NONE', #702, #766, #498 ) ;
#1291 = CARTESIAN_POINT ( 'NONE',  ( -0.08117776160268760921, 0.9465773197978474274, 0.4679480579338687884 ) ) ;
#1292 = ORIENTED_EDGE ( 'NONE', *, *, #1019, .F. ) ;
#1293 = PRESENTATION_LAYER_ASSIGNMENT (  '', '', ( #2658 ) ) ;
#1294 = CARTESIAN_POINT ( 'NONE',  ( -0.3051282051282049879, -0.8996648144921751689, 0.04991987179487193671 ) ) ;
#1295 = CARTESIAN_POINT ( 'NONE',  ( -0.1808816330870301747, 0.9326396279511923737, 0.1050184093285535525 ) ) ;
#1296 = ORIENTED_EDGE ( 'NONE', *, *, #905, .T. ) ;
#1297 = AXIS2_PLACEMENT_3D ( 'NONE', #2111, #213, #2098 ) ;
#1298 = CARTESIAN_POINT ( 'NONE',  ( 0.02134900376249517992, -0.9497995163551917752, -0.8637078615933589942 ) ) ;
#1299 = ORIENTED_EDGE ( 'NONE', *, *, #1196, .F. ) ;
#1300 = EDGE_CURVE ( 'NONE', #638, #650, #2851, .T. ) ;
#1301 = ADVANCED_FACE ( 'NONE', ( #3061 ), #896, .F. ) ;
#1302 = CARTESIAN_POINT ( 'NONE',  ( -0.1798498824156861409, -0.9328764793960282464, 0.4176822951352193170 ) ) ;
#1303 = CARTESIAN_POINT ( 'NONE',  ( 0.000000000000000000, 0.2999999999999998224, 2.810000000000000053 ) ) ;
#1304 =( NAMED_UNIT ( * ) SI_UNIT ( $, .STERADIAN. ) SOLID_ANGLE_UNIT ( ) );
#1305 = CARTESIAN_POINT ( 'NONE',  ( -0.03934537776766946354, -0.9491852947147687569, 0.4128117604244698202 ) ) ;
#1306 = CARTESIAN_POINT ( 'NONE',  ( -0.1160564534504300582, 0.9428843511338854677, 0.06591397994497522062 ) ) ;
#1307 = CARTESIAN_POINT ( 'NONE',  ( 0.02987956320991616566, 0.9495914080521304923, 0.1616296041156122243 ) ) ;
#1308 = CARTESIAN_POINT ( 'NONE',  ( -0.2271133734927642811, -0.9224654255085574794, -0.5517810692068096934 ) ) ;
#1309 = CARTESIAN_POINT ( 'NONE',  ( -0.3000000000000000444, 0.9013878188659973922, -0.9233173076923076872 ) ) ;
#1310 = VERTEX_POINT ( 'NONE', #2294 ) ;
#1311 = CARTESIAN_POINT ( 'NONE',  ( 0.06402243589743610019, -0.9478402437656668900, 0.1392628205128206564 ) ) ;
#1312 = B_SPLINE_CURVE_WITH_KNOTS ( 'NONE', 3,
 ( #1195, #288, #735, #986, #716, #2648, #2159, #40 ),
 .UNSPECIFIED., .F., .F.,
 ( 4, 2, 2, 4 ),
 ( 0.000000000000000000, 7.932664876395465988E-05, 0.0001189899731459319830, 0.0001586532975279093198 ),
 .UNSPECIFIED. ) ;
#1313 = FILL_AREA_STYLE_COLOUR ( '', #930 ) ;
#1314 = CARTESIAN_POINT ( 'NONE',  ( -0.1697916666666665075, 0.9347035839936399526, 0.4179487179487181292 ) ) ;
#1315 = ORIENTED_EDGE ( 'NONE', *, *, #1559, .T. ) ;
#1316 = CARTESIAN_POINT ( 'NONE',  ( -0.1264423076923075207, 0.9415478441510255481, 0.2384615384615386413 ) ) ;
#1317 = ORIENTED_EDGE ( 'NONE', *, *, #629, .F. ) ;
#1318 = CARTESIAN_POINT ( 'NONE',  ( -0.2320488923795618053, -0.9212309343061761968, 0.3855652612085695430 ) ) ;
#1319 = EDGE_CURVE ( 'NONE', #1280, #742, #3086, .T. ) ;
#1320 = CARTESIAN_POINT ( 'NONE',  ( -0.1535097871385057156, 0.9390261446139580581, -0.3112298453111287944 ) ) ;
#1321 = FACE_OUTER_BOUND ( 'NONE', #2520, .T. ) ;
#1322 = SURFACE_STYLE_FILL_AREA ( #605 ) ;
#1323 = ORIENTED_EDGE ( 'NONE', *, *, #3047, .F. ) ;
#1324 = DIRECTION ( 'NONE',  ( -1.000000000000000000, 0.000000000000000000, 0.000000000000000000 ) ) ;
#1325 = CARTESIAN_POINT ( 'NONE',  ( -0.1682991425428733423, -0.9350510913891523224, 0.1818128500852888574 ) ) ;
#1326 = ORIENTED_EDGE ( 'NONE', *, *, #226, .T. ) ;
#1327 = DIRECTION ( 'NONE',  ( 0.000000000000000000, 0.000000000000000000, 1.000000000000000000 ) ) ;
#1328 = CARTESIAN_POINT ( 'NONE',  ( -0.2114767024108533122, 0.9261628389961190644, 0.09670995812576857475 ) ) ;
#1329 = CARTESIAN_POINT ( 'NONE',  ( -0.2633222229471904319, -0.9127848906220679126, -0.7999998021993501851 ) ) ;
#1330 = VERTEX_POINT ( 'NONE', #699 ) ;
#1331 = ORIENTED_EDGE ( 'NONE', *, *, #2822, .T. ) ;
#1332 = ORIENTED_EDGE ( 'NONE', *, *, #2261, .F. ) ;
#1333 = ORIENTED_EDGE ( 'NONE', *, *, #137, .F. ) ;
#1334 = EDGE_CURVE ( 'NONE', #2650, #2223, #312, .T. ) ;
#1335 = CARTESIAN_POINT ( 'NONE',  ( -0.2970028315191284851, -0.9023808352046605030, -0.8755321761260962399 ) ) ;
#1336 = EDGE_CURVE ( 'NONE', #1628, #438, #2649, .T. ) ;
#1337 = ADVANCED_FACE ( 'NONE', ( #17 ), #939, .T. ) ;
#1338 = AXIS2_PLACEMENT_3D ( 'NONE', #2811, #1582, #194 ) ;
#1339 = CARTESIAN_POINT ( 'NONE',  ( -0.2384204406023432699, 0.9195953976109731975, 0.05068989474173187654 ) ) ;
#1340 = CYLINDRICAL_SURFACE ( 'NONE', #2387, 0.2999999999999999334 ) ;
#1341 =( GEOMETRIC_REPRESENTATION_CONTEXT ( 3 ) GLOBAL_UNCERTAINTY_ASSIGNED_CONTEXT ( ( #2120 ) ) GLOBAL_UNIT_ASSIGNED_CONTEXT ( ( #1855, #1100, #36 ) ) REPRESENTATION_CONTEXT ( 'NONE', 'WORKASPACE' ) );
#1342 = VERTEX_POINT ( 'NONE', #2020 ) ;
#1343 = CARTESIAN_POINT ( 'NONE',  ( 0.09487179487179507598, 0.9452509415693823858, 0.4794871794871796711 ) ) ;
#1344 = DIRECTION ( 'NONE',  ( 0.000000000000000000, 0.000000000000000000, 1.000000000000000000 ) ) ;
#1345 = STYLED_ITEM ( 'NONE', ( #423 ), #1945 ) ;
#1346 = CARTESIAN_POINT ( 'NONE',  ( -0.2596153846153846922, -0.9138379791139159547, -0.7958333333333331705 ) ) ;
#1347 = DIRECTION ( 'NONE',  ( 1.000000000000000000, 0.000000000000000000, -0.000000000000000000 ) ) ;
#1348 = CARTESIAN_POINT ( 'NONE',  ( 0.000000000000000000, 0.000000000000000000, -3.403937756669170867 ) ) ;
#1349 = CARTESIAN_POINT ( 'NONE',  ( -0.1181455581637501778, 0.9426254261382109867, 0.03814740340415567754 ) ) ;
#1350 = CARTESIAN_POINT ( 'NONE',  ( -0.2384615384615384193, 0.9195847403445515100, -0.4995993589743591423 ) ) ;
#1351 = SURFACE_STYLE_FILL_AREA ( #409 ) ;
#1352 = ADVANCED_FACE ( 'NONE', ( #2451 ), #786, .T. ) ;
#1353 = DIRECTION ( 'NONE',  ( 1.000000000000000000, 0.000000000000000000, 0.000000000000000000 ) ) ;
#1354 = LINE ( 'NONE', #245, #2286 ) ;
#1355 = CARTESIAN_POINT ( 'NONE',  ( -0.2841464213923114990, -0.9065256727133129688, -0.8320604190524927279 ) ) ;
#1356 = CARTESIAN_POINT ( 'NONE',  ( 0.03160741244694844493, -0.9494764195078105873, -0.9012333957444926824 ) ) ;
#1357 = CARTESIAN_POINT ( 'NONE',  ( -0.2262195264204467926, -0.9226725994983753232, 0.01924316093894253010 ) ) ;
#1358 = ORIENTED_EDGE ( 'NONE', *, *, #1775, .F. ) ;
#1359 = CARTESIAN_POINT ( 'NONE',  ( -0.1314831245946194993, 0.9408571559739294932, 0.09166066461710341284 ) ) ;
#1360 = CARTESIAN_POINT ( 'NONE',  ( -0.2383316050809259068, 0.9196184241408312809, 0.04902517155337741267 ) ) ;
#1361 = ORIENTED_EDGE ( 'NONE', *, *, #108, .F. ) ;
#1362 = CARTESIAN_POINT ( 'NONE',  ( -0.1314092580467352833, -0.9408840493816743589, 0.4101707826629599207 ) ) ;
#1363 = EDGE_CURVE ( 'NONE', #2103, #638, #364, .T. ) ;
#1364 = CARTESIAN_POINT ( 'NONE',  ( -0.2224573370981911269, -0.9236239668820012128, -0.7676458420742362510 ) ) ;
#1365 = CARTESIAN_POINT ( 'NONE',  ( -0.1325229755539426846, -0.9413279863120442847, -0.3876317357383176065 ) ) ;
#1366 = DIRECTION ( 'NONE',  ( 0.000000000000000000, 0.000000000000000000, 1.000000000000000000 ) ) ;
#1367 = CARTESIAN_POINT ( 'NONE',  ( 0.03333333333333334675, 0.9494150245750743178, -0.9593749999999997558 ) ) ;
#1368 = CARTESIAN_POINT ( 'NONE',  ( 0.09487179487179507598, -0.9452509415693823858, 0.2846153846153848810 ) ) ;
#1369 = ORIENTED_EDGE ( 'NONE', *, *, #2040, .F. ) ;
#1370 = UNCERTAINTY_MEASURE_WITH_UNIT (LENGTH_MEASURE( 1.000000000000000082E-05 ), #2777, 'distance_accuracy_value', 'NONE');
#1371 = EDGE_LOOP ( 'NONE', ( #1491, #1604, #386, #1412, #1194, #2457, #1979, #2105, #2586 ) ) ;
#1372 = DIRECTION ( 'NONE',  ( 1.000000000000000000, 0.000000000000000000, 0.000000000000000000 ) ) ;
#1373 = ORIENTED_EDGE ( 'NONE', *, *, #860, .F. ) ;
#1374 = CARTESIAN_POINT ( 'NONE',  ( 0.000000000000000000, -3.550000000000000266, 3.510000000000000231 ) ) ;
#1375 = DIRECTION ( 'NONE',  ( -0.000000000000000000, -0.000000000000000000, -1.000000000000000000 ) ) ;
#1376 = ORIENTED_EDGE ( 'NONE', *, *, #2071, .T. ) ;
#1377 = CARTESIAN_POINT ( 'NONE',  ( -0.01889312947686475411, -0.9498576447709694559, 0.1657346708239367805 ) ) ;
#1378 = AXIS2_PLACEMENT_3D ( 'NONE', #724, #2363, #2632 ) ;
#1379 = CARTESIAN_POINT ( 'NONE',  ( -0.2715270316257961669, -0.9104007620221646890, 0.4513762570782562378 ) ) ;
#1380 = AXIS2_PLACEMENT_3D ( 'NONE', #2138, #706, #743 ) ;
#1381 = CARTESIAN_POINT ( 'NONE',  ( -0.2764727943187098025, -0.9088840904876509530, -0.8178296263941877697 ) ) ;
#1382 = FILL_AREA_STYLE ('',( #439 ) ) ;
#1383 = FACE_BOUND ( 'NONE', #661, .T. ) ;
#1384 = LINE ( 'NONE', #1451, #2328 ) ;
#1385 = TOROIDAL_SURFACE ( 'NONE', #1032, 0.7500000000000000000, 0.2000000000000000111 ) ;
#1386 = CARTESIAN_POINT ( 'NONE',  ( 0.02398998911675970583, -0.9497046578128929273, 0.02586639333900708423 ) ) ;
#1387 = FACE_BOUND ( 'NONE', #2452, .T. ) ;
#1388 = FACE_OUTER_BOUND ( 'NONE', #1869, .T. ) ;
#1389 = EDGE_CURVE ( 'NONE', #2473, #2274, #1071, .T. ) ;
#1390 = VECTOR ( 'NONE', #2231, 1000.000000000000000 ) ;
#1391 = ORIENTED_EDGE ( 'NONE', *, *, #2707, .T. ) ;
#1392 = CARTESIAN_POINT ( 'NONE',  ( -0.2536858974358973118, -0.9155017561109008994, 0.4665064102564104309 ) ) ;
#1393 = DIRECTION ( 'NONE',  ( 0.000000000000000000, 0.000000000000000000, -1.000000000000000000 ) ) ;
#1394 = CARTESIAN_POINT ( 'NONE',  ( 0.05197414015032673223, -0.9487834462476831821, -0.05340812821141488476 ) ) ;
#1395 = CARTESIAN_POINT ( 'NONE',  ( 0.000000000000000000, -1.000000000000000000, -2.810000000000000053 ) ) ;
#1396 = CARTESIAN_POINT ( 'NONE',  ( -0.2419330388970274415, 0.9187523633998533334, 0.2447494891035908449 ) ) ;
#1397 = ORIENTED_EDGE ( 'NONE', *, *, #107, .T. ) ;
#1398 = ORIENTED_EDGE ( 'NONE', *, *, #750, .T. ) ;
#1399 = DIRECTION ( 'NONE',  ( 0.000000000000000000, 0.000000000000000000, -1.000000000000000000 ) ) ;
#1400 = CARTESIAN_POINT ( 'NONE',  ( -0.01794871794871778087, 0.9498304288261129047, 0.007692307692307823706 ) ) ;
#1401 = DIRECTION ( 'NONE',  ( 0.000000000000000000, 0.000000000000000000, 1.000000000000000000 ) ) ;
#1402 = PRESENTATION_STYLE_ASSIGNMENT (( #1852 ) ) ;
#1403 = EDGE_CURVE ( 'NONE', #2107, #1072, #2344, .T. ) ;
#1404 = ORIENTED_EDGE ( 'NONE', *, *, #942, .T. ) ;
#1405 = CARTESIAN_POINT ( 'NONE',  ( 0.03186774175443320145, 0.9494653479908323757, -0.5405141948842120403 ) ) ;
#1406 = CARTESIAN_POINT ( 'NONE',  ( -0.1621920546475187075, 0.9360937880003711298, 0.1810806369025124984 ) ) ;
#1407 = B_SPLINE_CURVE_WITH_KNOTS ( 'NONE', 3,
 ( #273, #2126, #1209, #492, #2157, #1915, #477, #259, #2662, #2856 ),
 .UNSPECIFIED., .F., .F.,
 ( 4, 3, 3, 4 ),
 ( 0.000000000000000000, 3.901611057543401609E-05, 7.818766208173321731E-05, 9.769155231930292044E-05 ),
 .UNSPECIFIED. ) ;
#1408 = DIRECTION ( 'NONE',  ( -0.000000000000000000, -0.000000000000000000, -1.000000000000000000 ) ) ;
#1409 = ORIENTED_EDGE ( 'NONE', *, *, #765, .F. ) ;
#1410 = SURFACE_STYLE_USAGE ( .BOTH. , #467 ) ;
#1411 = CARTESIAN_POINT ( 'NONE',  ( -0.2061251806120922292, 0.9274240400174647014, 0.2315923187698922248 ) ) ;
#1412 = ORIENTED_EDGE ( 'NONE', *, *, #2150, .F. ) ;
#1413 = CARTESIAN_POINT ( 'NONE',  ( -0.05652277226183664849, 0.9483170230549288204, 0.05735580859640357354 ) ) ;
#1414 = ORIENTED_EDGE ( 'NONE', *, *, #2884, .F. ) ;
#1415 = CARTESIAN_POINT ( 'NONE',  ( -0.1093804114344149592, -0.9436821104577769459, 0.3392907092494973909 ) ) ;
#1416 = CARTESIAN_POINT ( 'NONE',  ( 0.03311947324488007799, -0.9494225089452299482, 0.04796939765771730119 ) ) ;
#1417 = CARTESIAN_POINT ( 'NONE',  ( -0.05839026575368650579, 0.9482038688306664298, 0.1457488221647426363 ) ) ;
#1418 = CARTESIAN_POINT ( 'NONE',  ( -0.05897435897435880647, 0.9481677198595001022, 0.03541666666666680452 ) ) ;
#1419 = CARTESIAN_POINT ( 'NONE',  ( -0.2350459370111112611, 0.9204636915675104003, 0.3776620168064451777 ) ) ;
#1420 = EDGE_CURVE ( 'NONE', #443, #2875, #1122, .T. ) ;
#1421 =( NAMED_UNIT ( * ) SI_UNIT ( $, .STERADIAN. ) SOLID_ANGLE_UNIT ( ) );
#1422 = CARTESIAN_POINT ( 'NONE',  ( -0.2473466840912737774, 0.9172583546271069199, 0.4710393733812351380 ) ) ;
#1423 = ORIENTED_EDGE ( 'NONE', *, *, #2014, .T. ) ;
#1424 = EDGE_CURVE ( 'NONE', #191, #1719, #2957, .T. ) ;
#1425 = AXIS2_PLACEMENT_3D ( 'NONE', #2309, #185, #3043 ) ;
#1426 = CARTESIAN_POINT ( 'NONE',  ( -0.1051282051282049629, -0.9441652718070718819, 0.3616185897435899022 ) ) ;
#1427 = CARTESIAN_POINT ( 'NONE',  ( 0.03333333333333351328, -0.9494150245750743178, 0.05160256410256423149 ) ) ;
#1428 = AXIS2_PLACEMENT_3D ( 'NONE', #557, #1995, #1729 ) ;
#1429 = CARTESIAN_POINT ( 'NONE',  ( -0.05910057331536443942, 0.9481598695502159169, 0.04277431266915392161 ) ) ;
#1430 = CARTESIAN_POINT ( 'NONE',  ( -0.2384615384615383360, -0.9195847403445516210, 0.3559294871794874138 ) ) ;
#1431 = CYLINDRICAL_SURFACE ( 'NONE', #2796, 0.2999999999999999889 ) ;
#1432 = CARTESIAN_POINT ( 'NONE',  ( -0.006410256410256241766, 0.9499783727079026407, -0.06923076923076909583 ) ) ;
#1433 = CARTESIAN_POINT ( 'NONE',  ( -0.1769230769230767664, -0.9333800002421688280, -0.002564102564102431828 ) ) ;
#1434 =( LENGTH_UNIT ( ) NAMED_UNIT ( * ) SI_UNIT ( .MILLI., .METRE. ) );
#1435 = MECHANICAL_DESIGN_GEOMETRIC_PRESENTATION_REPRESENTATION (  '', ( #2750 ), #2081 ) ;
#1436 = ORIENTED_EDGE ( 'NONE', *, *, #459, .T. ) ;
#1437 = UNCERTAINTY_MEASURE_WITH_UNIT (LENGTH_MEASURE( 1.000000000000000082E-05 ), #2973, 'distance_accuracy_value', 'NONE');
#1438 = CARTESIAN_POINT ( 'NONE',  ( -0.1889423076923077149, 0.9310213769639800185, -0.7532051282051278607 ) ) ;
#1439 = CARTESIAN_POINT ( 'NONE',  ( -0.1872294658368544862, 0.9313673427400166460, 0.4166132116364720250 ) ) ;
#1440 = AXIS2_PLACEMENT_3D ( 'NONE', #59, #1234, #84 ) ;
#1441 = CARTESIAN_POINT ( 'NONE',  ( -0.1832296220855664515, 0.9321680191945668215, -0.05387158863181520929 ) ) ;
#1442 = PRESENTATION_LAYER_ASSIGNMENT (  '', '', ( #1253 ) ) ;
#1443 = CARTESIAN_POINT ( 'NONE',  ( -0.1697916666666665075, 0.9347035839936399526, 0.4179487179487181292 ) ) ;
#1444 = CARTESIAN_POINT ( 'NONE',  ( -0.1153846153846152522, -0.9429668024551788319, 0.05873397435897449725 ) ) ;
#1445 = CARTESIAN_POINT ( 'NONE',  ( 0.03846153846153854000, 0.9492211070447030830, -0.4995993589743591423 ) ) ;
#1446 = ADVANCED_FACE ( 'NONE', ( #3056 ), #1385, .T. ) ;
#1447 = ORIENTED_EDGE ( 'NONE', *, *, #750, .F. ) ;
#1448 = CARTESIAN_POINT ( 'NONE',  ( -0.03964978580503161071, 0.9491722153991137834, 0.08110409167866286517 ) ) ;
#1449 = VERTEX_POINT ( 'NONE', #2759 ) ;
#1450 = CARTESIAN_POINT ( 'NONE',  ( -0.1275271795666797769, -0.9414090206854760501, 0.3128279525765759184 ) ) ;
#1451 = CARTESIAN_POINT ( 'NONE',  ( 0.000000000000000000, -0.9999999999999997780, 3.509999999999999787 ) ) ;
#1452 = CARTESIAN_POINT ( 'NONE',  ( -0.2333333333333333648, -0.9208993189027536719, -0.9341346153846150635 ) ) ;
#1453 = CARTESIAN_POINT ( 'NONE',  ( -0.1155170179946206771, -0.9429506012228647815, 0.05355961036701934602 ) ) ;
#1454 = CARTESIAN_POINT ( 'NONE',  ( -0.04182489325311606471, 0.9491264275744508705, 0.1578733847621517639 ) ) ;
#1455 = ORIENTED_EDGE ( 'NONE', *, *, #1336, .F. ) ;
#1456 = DIRECTION ( 'NONE',  ( 1.000000000000000000, 0.000000000000000000, 0.000000000000000000 ) ) ;
#1457 = CARTESIAN_POINT ( 'NONE',  ( -0.1735061434157771088, 0.9341169271110311145, -0.3989519674600679466 ) ) ;
#1458 = CARTESIAN_POINT ( 'NONE',  ( -0.1750801282051280550, -0.9337274488348705770, 0.1051282051282052682 ) ) ;
#1459 = CARTESIAN_POINT ( 'NONE',  ( 0.02152077909675854939, 0.9497820664432826687, -0.4351226531066392789 ) ) ;
#1460 = CARTESIAN_POINT ( 'NONE',  ( -0.2670098042368138080, 0.9117474950569381953, -0.04488915949307113046 ) ) ;
#1461 = CARTESIAN_POINT ( 'NONE',  ( 0.02948717948717948303, 0.9495422614322601707, -0.8898237179487176185 ) ) ;
#1462 = ADVANCED_FACE ( 'NONE', ( #655 ), #598, .T. ) ;
#1463 =( NAMED_UNIT ( * ) SI_UNIT ( $, .STERADIAN. ) SOLID_ANGLE_UNIT ( ) );
#1464 = DIRECTION ( 'NONE',  ( 1.000000000000000000, 0.000000000000000000, 0.000000000000000000 ) ) ;
#1465 = CARTESIAN_POINT ( 'NONE',  ( -0.2331007163276639649, 0.9209582313562391098, -0.9169771857128572456 ) ) ;
#1466 = VERTEX_POINT ( 'NONE', #2839 ) ;
#1467 = VERTEX_POINT ( 'NONE', #11 ) ;
#1468 = CARTESIAN_POINT ( 'NONE',  ( -0.09863782051282046770, 0.9448653768471362291, -0.3871794871794873028 ) ) ;
#1469 = CARTESIAN_POINT ( 'NONE',  ( -0.1923076923076922073, -0.9303320651677496889, -0.1051282051282051294 ) ) ;
#1470 = CARTESIAN_POINT ( 'NONE',  ( -0.2932605042639478965, 0.9036048214244754018, -0.8579548366595679543 ) ) ;
#1471 = CARTESIAN_POINT ( 'NONE',  ( -0.2153804735427409522, 0.9252707316219866973, -0.8513661485481497371 ) ) ;
#1472 = VERTEX_POINT ( 'NONE', #3084 ) ;
#1473 = CARTESIAN_POINT ( 'NONE',  ( -0.3043442482578652686, 0.8999323979894904291, 0.3789578045041059329 ) ) ;
#1474 = AXIS2_PLACEMENT_3D ( 'NONE', #2666, #923, #481 ) ;
#1475 = CARTESIAN_POINT ( 'NONE',  ( 0.1051282051282051849, 0.9441652718070718819, -0.5005608974358976004 ) ) ;
#1476 = DIRECTION ( 'NONE',  ( 0.000000000000000000, -0.000000000000000000, 1.000000000000000000 ) ) ;
#1477 = DIRECTION ( 'NONE',  ( 1.000000000000000000, 0.000000000000000000, 0.000000000000000000 ) ) ;
#1478 = AXIS2_PLACEMENT_3D ( 'NONE', #811, #190, #3051 ) ;
#1479 = VERTEX_POINT ( 'NONE', #1193 ) ;
#1480 = VERTEX_POINT ( 'NONE', #2371 ) ;
#1481 = MECHANICAL_DESIGN_GEOMETRIC_PRESENTATION_REPRESENTATION (  '', ( #1886 ), #2030 ) ;
#1482 = DIRECTION ( 'NONE',  ( -0.000000000000000000, -0.000000000000000000, -1.000000000000000000 ) ) ;
#1483 = ADVANCED_FACE ( 'NONE', ( #2644 ), #2905, .T. ) ;
#1484 = EDGE_CURVE ( 'NONE', #1219, #2805, #956, .T. ) ;
#1485 = AXIS2_PLACEMENT_3D ( 'NONE', #731, #1225, #713 ) ;
#1486 = CARTESIAN_POINT ( 'NONE',  ( 0.000000000000000000, -0.9999999999999997780, -3.810000000000000053 ) ) ;
#1487 = CARTESIAN_POINT ( 'NONE',  ( 0.1051282051282051849, -0.9441652718070718819, -0.5005608974358976004 ) ) ;
#1488 = VECTOR ( 'NONE', #2518, 1000.000000000000000 ) ;
#1489 = CARTESIAN_POINT ( 'NONE',  ( 0.09487179487179507598, 0.9452509415693823858, 0.2846153846153848810 ) ) ;
#1490 = CARTESIAN_POINT ( 'NONE',  ( 0.09487179487179507598, -0.9452509415693823858, 0.2846153846153848810 ) ) ;
#1491 = ORIENTED_EDGE ( 'NONE', *, *, #2440, .F. ) ;
#1492 = DIRECTION ( 'NONE',  ( 0.000000000000000000, -1.000000000000000000, 2.168404344971008868E-16 ) ) ;
#1493 = CARTESIAN_POINT ( 'NONE',  ( -0.2846683762235305837, -0.9064077278267200777, 0.1256982167511515869 ) ) ;
#1494 = ORIENTED_EDGE ( 'NONE', *, *, #1238, .F. ) ;
#1495 = ORIENTED_EDGE ( 'NONE', *, *, #615, .F. ) ;
#1496 = ORIENTED_EDGE ( 'NONE', *, *, #1775, .T. ) ;
#1497 = CARTESIAN_POINT ( 'NONE',  ( -0.1020359906863540084, 0.9445044502868003011, 0.1444802666741267783 ) ) ;
#1498 = CARTESIAN_POINT ( 'NONE',  ( 0.09999999999999999167, -0.9447221813845592120, -0.9276442307692305267 ) ) ;
#1499 = B_SPLINE_CURVE_WITH_KNOTS ( 'NONE', 3,
 ( #2954, #711, #544, #476, #917, #1679, #1269, #794, #2721, #1820 ),
 .UNSPECIFIED., .F., .F.,
 ( 4, 3, 3, 4 ),
 ( 0.000000000000000000, 2.405914650072924992E-05, 4.482504631021251964E-05, 6.594137337240239718E-05 ),
 .UNSPECIFIED. ) ;
#1500 = CYLINDRICAL_SURFACE ( 'NONE', #1634, 0.9499999999999999556 ) ;
#1501 = ORIENTED_EDGE ( 'NONE', *, *, #2723, .T. ) ;
#1502 = EDGE_CURVE ( 'NONE', #2217, #572, #1534, .T. ) ;
#1503 =( NAMED_UNIT ( * ) SI_UNIT ( $, .STERADIAN. ) SOLID_ANGLE_UNIT ( ) );
#1504 = DIRECTION ( 'NONE',  ( 0.000000000000000000, 0.000000000000000000, 1.000000000000000000 ) ) ;
#1505 = CARTESIAN_POINT ( 'NONE',  ( 0.09806330266152527009, -0.9449253467494451719, -0.8832329212920425610 ) ) ;
#1506 = CARTESIAN_POINT ( 'NONE',  ( -0.1358974358974357755, -0.9402296990185439185, 0.3056089743589746055 ) ) ;
#1507 = DIRECTION ( 'NONE',  ( -1.000000000000000000, 0.000000000000000000, 0.000000000000000000 ) ) ;
#1508 = ORIENTED_EDGE ( 'NONE', *, *, #2221, .T. ) ;
#1509 = CARTESIAN_POINT ( 'NONE',  ( -0.08661858974358957464, -0.9460429270973024218, 0.1091346153846155104 ) ) ;
#1510 = CARTESIAN_POINT ( 'NONE',  ( -0.1157930458063701762, -0.9429168255238566942, 0.06484887052606823354 ) ) ;
#1511 = DIRECTION ( 'NONE',  ( 1.000000000000000000, 0.000000000000000000, 0.000000000000000000 ) ) ;
#1512 = B_SPLINE_CURVE_WITH_KNOTS ( 'NONE', 3,
 ( #815, #988, #1249, #2194, #762, #2207, #785, #1947, #2715, #1726 ),
 .UNSPECIFIED., .F., .F.,
 ( 4, 3, 3, 4 ),
 ( 0.000000000000000000, 2.467013507584419940E-05, 6.535927163824821300E-05, 9.851021129836352126E-05 ),
 .UNSPECIFIED. ) ;
#1513 = EDGE_LOOP ( 'NONE', ( #2327, #1683, #1095, #2987 ) ) ;
#1514 = ORIENTED_EDGE ( 'NONE', *, *, #1334, .F. ) ;
#1515 = DIRECTION ( 'NONE',  ( 0.000000000000000000, 0.000000000000000000, 1.000000000000000000 ) ) ;
#1516 = PRESENTATION_STYLE_ASSIGNMENT (( #1045 ) ) ;
#1517 = CARTESIAN_POINT ( 'NONE',  ( -0.07422041265664044984, -0.9474666294031951486, -0.3107067227807539522 ) ) ;
#1518 = FILL_AREA_STYLE ('',( #2492 ) ) ;
#1519 = EDGE_CURVE ( 'NONE', #384, #863, #1407, .T. ) ;
#1520 = CARTESIAN_POINT ( 'NONE',  ( 0.08476420735794532035, 0.9462220297261578761, -0.01327252946927592013 ) ) ;
#1521 = B_SPLINE_CURVE_WITH_KNOTS ( 'NONE', 3,
 ( #2414, #1874, #2595, #1394, #229, #1167 ),
 .UNSPECIFIED., .F., .F.,
 ( 4, 2, 4 ),
 ( 0.000000000000000000, 8.775652910382133499E-05, 0.0001755130582076426700 ),
 .UNSPECIFIED. ) ;
#1522 = DIRECTION ( 'NONE',  ( 1.000000000000000000, 0.000000000000000000, 0.000000000000000000 ) ) ;
#1523 = CARTESIAN_POINT ( 'NONE',  ( -0.03846153846153831796, 0.9492211070447030830, 0.3799679487179488668 ) ) ;
#1524 = ORIENTED_EDGE ( 'NONE', *, *, #1819, .F. ) ;
#1525 = CARTESIAN_POINT ( 'NONE',  ( -0.1801282051282049879, 0.9327667606198729588, 0.1820512820512822094 ) ) ;
#1526 = CARTESIAN_POINT ( 'NONE',  ( -0.1187324444737164475, 0.9425604662084975383, 0.4000711860075137349 ) ) ;
#1527 = ORIENTED_EDGE ( 'NONE', *, *, #2420, .T. ) ;
#1528 = EDGE_LOOP ( 'NONE', ( #1414, #1369, #132, #1067, #3077, #30 ) ) ;
#1529 = VERTEX_POINT ( 'NONE', #2354 ) ;
#1530 = CARTESIAN_POINT ( 'NONE',  ( -0.009314492585135636729, -0.9499935877132714701, 0.008885614744973848247 ) ) ;
#1531 = VECTOR ( 'NONE', #2730, 1000.000000000000000 ) ;
#1532 = AXIS2_PLACEMENT_3D ( 'NONE', #2847, #625, #2345 ) ;
#1533 = AXIS2_PLACEMENT_3D ( 'NONE', #379, #2287, #1324 ) ;
#1534 = CIRCLE ( 'NONE', #2032, 0.2999999999999999889 ) ;
#1535 = CYLINDRICAL_SURFACE ( 'NONE', #160, 0.2999999999999999334 ) ;
#1536 = CARTESIAN_POINT ( 'NONE',  ( -0.2536858974358973118, 0.9155017561109008994, 0.4665064102564104309 ) ) ;
#1537 = PRESENTATION_LAYER_ASSIGNMENT (  '', '', ( #2908 ) ) ;
#1538 = CARTESIAN_POINT ( 'NONE',  ( -0.1295962115287307981, -0.9411243002155855741, 0.2608596012998664615 ) ) ;
#1539 = VERTEX_POINT ( 'NONE', #3070 ) ;
#1540 = CARTESIAN_POINT ( 'NONE',  ( 0.2999999999999999889, 0.000000000000000000, 2.810000000000000053 ) ) ;
#1541 = AXIS2_PLACEMENT_3D ( 'NONE', #2921, #992, #1464 ) ;
#1542 = FACE_OUTER_BOUND ( 'NONE', #1212, .T. ) ;
#1543 = ADVANCED_FACE ( 'NONE', ( #1902 ), #2144, .T. ) ;
#1544 = VERTEX_POINT ( 'NONE', #1443 ) ;
#1545 = VERTEX_POINT ( 'NONE', #2399 ) ;
#1546 = DIRECTION ( 'NONE',  ( 1.000000000000000000, 0.000000000000000000, 0.000000000000000000 ) ) ;
#1547 = B_SPLINE_CURVE_WITH_KNOTS ( 'NONE', 3,
 ( #2392, #1182, #1890, #2629, #2876, #990, #2197, #1473, #2681, #1711 ),
 .UNSPECIFIED., .F., .F.,
 ( 4, 3, 3, 4 ),
 ( 0.000000000000000000, 4.718995496856832585E-05, 9.493705202396173349E-05, 0.0001242343194715451690 ),
 .UNSPECIFIED. ) ;
#1548 = CARTESIAN_POINT ( 'NONE',  ( -0.1995782577876862307, -0.9287995042087481279, 0.4135790728026270680 ) ) ;
#1549 = CARTESIAN_POINT ( 'NONE',  ( -0.1005608974358973839, 0.9446626413206393735, -0.3102564102564104309 ) ) ;
#1550 = CARTESIAN_POINT ( 'NONE',  ( -0.04808497667617937094, -0.9491228526275445887, -0.3130010485138792764 ) ) ;
#1551 =( NAMED_UNIT ( * ) SI_UNIT ( $, .STERADIAN. ) SOLID_ANGLE_UNIT ( ) );
#1552 = CARTESIAN_POINT ( 'NONE',  ( -0.1654446505378984189, 0.9355341652031227140, 0.1047588682308766006 ) ) ;
#1553 = CARTESIAN_POINT ( 'NONE',  ( -0.1556285535985997837, -0.9372896407235734584, -0.6067766727471476385 ) ) ;
#1554 =( NAMED_UNIT ( * ) PLANE_ANGLE_UNIT ( ) SI_UNIT ( $, .RADIAN. ) );
#1555 = CARTESIAN_POINT ( 'NONE',  ( -0.1054969825552731499, 0.9441244197720131126, 0.3698243039492157269 ) ) ;
#1556 = CARTESIAN_POINT ( 'NONE',  ( -0.1855769230769229450, -0.9316980227634383827, 0.2282051282051283658 ) ) ;
#1557 = ORIENTED_EDGE ( 'NONE', *, *, #3008, .F. ) ;
#1558 = ORIENTED_EDGE ( 'NONE', *, *, #830, .T. ) ;
#1559 = EDGE_CURVE ( 'NONE', #559, #871, #37, .T. ) ;
#1560 = VERTEX_POINT ( 'NONE', #506 ) ;
#1561 = CARTESIAN_POINT ( 'NONE',  ( -0.2384615384615383082, -0.9195847403445516210, 0.05152243589743604052 ) ) ;
#1562 = ORIENTED_EDGE ( 'NONE', *, *, #1484, .T. ) ;
#1563 = FILL_AREA_STYLE_COLOUR ( '', #1025 ) ;
#1564 =( NAMED_UNIT ( * ) SI_UNIT ( $, .STERADIAN. ) SOLID_ANGLE_UNIT ( ) );
#1565 = DIRECTION ( 'NONE',  ( -1.000000000000000000, 0.000000000000000000, 0.000000000000000000 ) ) ;
#1566 = CARTESIAN_POINT ( 'NONE',  ( -0.2998856251938885609, 0.9014258851024333774, -0.9113581054226012057 ) ) ;
#1567 = ORIENTED_EDGE ( 'NONE', *, *, #602, .F. ) ;
#1568 = DIRECTION ( 'NONE',  ( -0.000000000000000000, -0.000000000000000000, 1.000000000000000000 ) ) ;
#1569 = CARTESIAN_POINT ( 'NONE',  ( -0.2335523942390751451, 0.9208462094732748904, 0.07433186049663764727 ) ) ;
#1570 = DIRECTION ( 'NONE',  ( 1.000000000000000000, 0.000000000000000000, 0.000000000000000000 ) ) ;
#1571 = ORIENTED_EDGE ( 'NONE', *, *, #2778, .T. ) ;
#1572 = VERTEX_POINT ( 'NONE', #1458 ) ;
#1573 = CARTESIAN_POINT ( 'NONE',  ( -0.1923076923076922073, -0.9303320651677496889, -0.2538461538461539990 ) ) ;
#1574 = ORIENTED_EDGE ( 'NONE', *, *, #244, .F. ) ;
#1575 = FILL_AREA_STYLE_COLOUR ( '', #2278 ) ;
#1576 = AXIS2_PLACEMENT_3D ( 'NONE', #1587, #2343, #1399 ) ;
#1577 = EDGE_CURVE ( 'NONE', #863, #153, #1521, .T. ) ;
#1578 = CIRCLE ( 'NONE', #3046, 0.9499999999999999556 ) ;
#1579 = ORIENTED_EDGE ( 'NONE', *, *, #2885, .F. ) ;
#1580 = CARTESIAN_POINT ( 'NONE',  ( -0.1155254943786815230, 0.9429496019810308383, 0.05351980591975427637 ) ) ;
#1581 = CARTESIAN_POINT ( 'NONE',  ( -0.2333333333333333648, -0.9208993189027536719, -3.403937756669170867 ) ) ;
#1582 = DIRECTION ( 'NONE',  ( -0.000000000000000000, 0.000000000000000000, -1.000000000000000000 ) ) ;
#1583 = CARTESIAN_POINT ( 'NONE',  ( -0.2596153846153846922, 0.9138379791139159547, -0.7958333333333331705 ) ) ;
#1584 =( GEOMETRIC_REPRESENTATION_CONTEXT ( 3 ) GLOBAL_UNCERTAINTY_ASSIGNED_CONTEXT ( ( #444 ) ) GLOBAL_UNIT_ASSIGNED_CONTEXT ( ( #548, #1271, #2214 ) ) REPRESENTATION_CONTEXT ( 'NONE', 'WORKASPACE' ) );
#1585 = CARTESIAN_POINT ( 'NONE',  ( -0.2295269685833188911, 0.9218683168620035451, 0.3246874672559956210 ) ) ;
#1586 = CARTESIAN_POINT ( 'NONE',  ( 0.03327503440468156104, -0.9494170723760403385, -0.9477439543480007389 ) ) ;
#1587 = CARTESIAN_POINT ( 'NONE',  ( -3.673940397442058882E-17, -1.000000000000000000, -2.810000000000000053 ) ) ;
#1588 = CARTESIAN_POINT ( 'NONE',  ( 0.02112417123979534045, -0.9526527532088198136, 0.2692357208890874820 ) ) ;
#1589 = VERTEX_POINT ( 'NONE', #2113 ) ;
#1590 = SURFACE_STYLE_USAGE ( .BOTH. , #3032 ) ;
#1591 = EDGE_LOOP ( 'NONE', ( #234, #1809, #1684, #2421, #587, #1286, #2374, #1616, #903, #2700, #1281, #2383, #2923, #1769, #2765, #1562 ) ) ;
#1592 = ORIENTED_EDGE ( 'NONE', *, *, #107, .F. ) ;
#1593 = CARTESIAN_POINT ( 'NONE',  ( -0.1155448191883656633, 0.9429471993745288660, 0.06113249702851040329 ) ) ;
#1594 = EDGE_CURVE ( 'NONE', #1229, #2166, #1901, .T. ) ;
#1595 = CYLINDRICAL_SURFACE ( 'NONE', #738, 0.9499999999999999556 ) ;
#1596 = CARTESIAN_POINT ( 'NONE',  ( -0.1005608974358973839, -0.9446626413206393735, -0.3102564102564104309 ) ) ;
#1597 = VERTEX_POINT ( 'NONE', #465 ) ;
#1598 = CARTESIAN_POINT ( 'NONE',  ( -0.1603103275356210777, -0.9363763126465253217, 0.4175955365984240220 ) ) ;
#1599 = DIRECTION ( 'NONE',  ( 1.000000000000000000, 0.000000000000000000, 0.000000000000000000 ) ) ;
#1600 = CARTESIAN_POINT ( 'NONE',  ( -0.2491938896600655040, 0.9167534125766068076, -0.7859620546234571403 ) ) ;
#1601 = CARTESIAN_POINT ( 'NONE',  ( -0.1855769230769229450, -0.9316980227634383827, 0.2282051282051283658 ) ) ;
#1602 = ORIENTED_EDGE ( 'NONE', *, *, #1424, .F. ) ;
#1603 = CARTESIAN_POINT ( 'NONE',  ( -0.2384615384615384193, -0.9195847403445515100, -0.4995993589743591423 ) ) ;
#1604 = ORIENTED_EDGE ( 'NONE', *, *, #1661, .F. ) ;
#1605 = CARTESIAN_POINT ( 'NONE',  ( 0.000000000000000000, 0.000000000000000000, 2.810000000000000053 ) ) ;
#1606 = B_SPLINE_CURVE_WITH_KNOTS ( 'NONE', 3,
 ( #1427, #1179, #2388, #494, #1956, #2873, #27, #955, #1917, #1211, #1698, #697, #969, #2891, #938, #1682 ),
 .UNSPECIFIED., .F., .F.,
 ( 4, 3, 3, 3, 3, 4 ),
 ( 0.000000000000000000, 1.707672529051968728E-05, 2.870408902344301756E-05, 4.027841552891699622E-05, 5.555564700443595464E-05, 6.342841147602998287E-05 ),
 .UNSPECIFIED. ) ;
#1607 = CARTESIAN_POINT ( 'NONE',  ( 0.03274508363124975507, 0.9494354951748867899, -0.9245708412532162024 ) ) ;
#1608 = FACE_OUTER_BOUND ( 'NONE', #2479, .T. ) ;
#1609 = ORIENTED_EDGE ( 'NONE', *, *, #1695, .F. ) ;
#1610 = CARTESIAN_POINT ( 'NONE',  ( -0.03885648150079663854, 0.9492051043275471223, 0.3713518116967699512 ) ) ;
#1611 = ORIENTED_EDGE ( 'NONE', *, *, #2578, .T. ) ;
#1612 = PRESENTATION_STYLE_ASSIGNMENT (( #192 ) ) ;
#1613 = ORIENTED_EDGE ( 'NONE', *, *, #163, .T. ) ;
#1614 = CARTESIAN_POINT ( 'NONE',  ( -0.2384615384615383082, 0.9195847403445516210, 0.05152243589743604052 ) ) ;
#1615 = CARTESIAN_POINT ( 'NONE',  ( -0.1449531970148838500, -0.9388762275598093732, 0.1763759966346878094 ) ) ;
#1616 = ORIENTED_EDGE ( 'NONE', *, *, #3083, .T. ) ;
#1617 = CARTESIAN_POINT ( 'NONE',  ( -0.2073402474938837170, -0.9271196190167498852, 0.09927548723688225940 ) ) ;
#1618 = CARTESIAN_POINT ( 'NONE',  ( -0.1863782051282049934, -0.9315380639851429390, -0.07948717948717937132 ) ) ;
#1619 = CARTESIAN_POINT ( 'NONE',  ( -0.1889423076923077149, 0.9310213769639800185, -0.7532051282051278607 ) ) ;
#1620 = ADVANCED_FACE ( 'NONE', ( #937 ), #746, .T. ) ;
#1621 = ADVANCED_FACE ( 'NONE', ( #343 ), #1760, .T. ) ;
#1622 = CARTESIAN_POINT ( 'NONE',  ( -0.2384615384615383360, 0.9195847403445516210, 0.3559294871794874138 ) ) ;
#1623 = CARTESIAN_POINT ( 'NONE',  ( 0.02784873393192104779, 0.9495939527204487751, 0.03101202695558729142 ) ) ;
#1624 = ORIENTED_EDGE ( 'NONE', *, *, #905, .F. ) ;
#1625 = CARTESIAN_POINT ( 'NONE',  ( 0.000000000000000000, -1.000000000000000000, 2.810000000000000053 ) ) ;
#1626 = ORIENTED_EDGE ( 'NONE', *, *, #46, .T. ) ;
#1627 = CARTESIAN_POINT ( 'NONE',  ( 0.02858173217148842274, 0.9495699471792308222, 0.07090089145011115035 ) ) ;
#1628 = VERTEX_POINT ( 'NONE', #797 ) ;
#1629 = UNCERTAINTY_MEASURE_WITH_UNIT (LENGTH_MEASURE( 1.000000000000000082E-05 ), #1706, 'distance_accuracy_value', 'NONE');
#1630 = PRESENTATION_LAYER_ASSIGNMENT (  '', '', ( #2 ) ) ;
#1631 = CARTESIAN_POINT ( 'NONE',  ( -0.3051282051282050989, 0.8996648144921751689, -0.4994391025641026771 ) ) ;
#1632 = CIRCLE ( 'NONE', #2028, 0.9499999999999999556 ) ;
#1633 = CARTESIAN_POINT ( 'NONE',  ( -0.2408516642315650380, 0.9189891681887734087, 0.4754291295481989921 ) ) ;
#1634 = AXIS2_PLACEMENT_3D ( 'NONE', #236, #403, #1147 ) ;
#1635 = CARTESIAN_POINT ( 'NONE',  ( -0.05925046447531265303, 0.9481891702182004833, -0.6873488651961529028 ) ) ;
#1636 = CARTESIAN_POINT ( 'NONE',  ( -0.2881148253999551434, 0.9052922696422233129, 0.2886858453860648432 ) ) ;
#1637 = ORIENTED_EDGE ( 'NONE', *, *, #1124, .F. ) ;
#1638 = ORIENTED_EDGE ( 'NONE', *, *, #545, .F. ) ;
#1639 = EDGE_CURVE ( 'NONE', #1479, #2918, #694, .T. ) ;
#1640 = CARTESIAN_POINT ( 'NONE',  ( -0.2312839009660883072, 0.9214180296772092049, -0.8912916669915406098 ) ) ;
#1641 = STYLED_ITEM ( 'NONE', ( #2462 ), #2189 ) ;
#1642 = VECTOR ( 'NONE', #2561, 1000.000000000000000 ) ;
#1643 = EDGE_LOOP ( 'NONE', ( #2953, #1989, #1817, #2612 ) ) ;
#1644 = CARTESIAN_POINT ( 'NONE',  ( -0.2145943996539426135, 0.9254649999740491850, 0.4064321902476215054 ) ) ;
#1645 = DIRECTION ( 'NONE',  ( 1.000000000000000000, 0.000000000000000000, 0.000000000000000000 ) ) ;
#1646 = CARTESIAN_POINT ( 'NONE',  ( 0.09487179487179507598, 0.9452509415693823858, 0.2846153846153848810 ) ) ;
#1647 = VERTEX_POINT ( 'NONE', #1014 ) ;
#1648 = CARTESIAN_POINT ( 'NONE',  ( -0.05075353290422289498, -0.9486432832723484809, -0.6859484725829788632 ) ) ;
#1649 = CARTESIAN_POINT ( 'NONE',  ( -0.2379498846279528568, 0.9197353440389781642, -0.7773087619914383906 ) ) ;
#1650 = CARTESIAN_POINT ( 'NONE',  ( -0.05897435897435880647, 0.9481677198595001022, 0.03541666666666680452 ) ) ;
#1651 = ORIENTED_EDGE ( 'NONE', *, *, #3013, .F. ) ;
#1652 = PRESENTATION_STYLE_ASSIGNMENT (( #2118 ) ) ;
#1653 = CARTESIAN_POINT ( 'NONE',  ( -0.04252772373077165491, -0.9490476240496462657, 0.3540730497823335043 ) ) ;
#1654 = DIRECTION ( 'NONE',  ( -1.224646799147353207E-16, 1.000000000000000000, 0.000000000000000000 ) ) ;
#1655 = EDGE_CURVE ( 'NONE', #2881, #787, #341, .T. ) ;
#1656 = ORIENTED_EDGE ( 'NONE', *, *, #1957, .F. ) ;
#1657 = UNCERTAINTY_MEASURE_WITH_UNIT (LENGTH_MEASURE( 1.000000000000000082E-05 ), #1206, 'distance_accuracy_value', 'NONE');
#1658 = B_SPLINE_CURVE_WITH_KNOTS ( 'NONE', 3,
 ( #1215, #19, #2861, #973, #2433, #691, #2417, #2376, #2653, #1475 ),
 .UNSPECIFIED., .F., .F.,
 ( 4, 3, 3, 4 ),
 ( 0.000000000000000000, 2.162775982837937866E-05, 4.323817316993554624E-05, 8.631740333732821106E-05 ),
 .UNSPECIFIED. ) ;
#1659 = CARTESIAN_POINT ( 'NONE',  ( -0.05892816436954232545, -0.9481709418617049190, 0.04552540433363689437 ) ) ;
#1660 = EDGE_CURVE ( 'NONE', #370, #2262, #53, .T. ) ;
#1661 = EDGE_CURVE ( 'NONE', #656, #1021, #2263, .T. ) ;
#1662 = CARTESIAN_POINT ( 'NONE',  ( -0.01410288725770045271, -0.9499031025668742689, -0.01794656358114078004 ) ) ;
#1663 = CARTESIAN_POINT ( 'NONE',  ( -0.1351838755157239724, 0.9403686239500105293, 0.1727743906228225157 ) ) ;
#1664 = CARTESIAN_POINT ( 'NONE',  ( 0.000000000000000000, 0.000000000000000000, -0.2538461538461539990 ) ) ;
#1665 = DIRECTION ( 'NONE',  ( -0.000000000000000000, 1.000000000000000000, 2.168404344971008868E-16 ) ) ;
#1666 = CARTESIAN_POINT ( 'NONE',  ( -0.03043762055906193420, 0.9499023320142583326, -0.3917162642238793957 ) ) ;
#1667 = FILL_AREA_STYLE_COLOUR ( '', #1884 ) ;
#1668 = CARTESIAN_POINT ( 'NONE',  ( 0.9499999999999999556, 1.163414459189985682E-16, -1.749999999999999778 ) ) ;
#1669 =( NAMED_UNIT ( * ) SI_UNIT ( $, .STERADIAN. ) SOLID_ANGLE_UNIT ( ) );
#1670 = SURFACE_STYLE_FILL_AREA ( #1216 ) ;
#1671 = CARTESIAN_POINT ( 'NONE',  ( 0.000000000000000000, -3.550000000000000266, -3.810000000000000053 ) ) ;
#1672 = DIRECTION ( 'NONE',  ( 1.000000000000000000, 0.000000000000000000, 0.000000000000000000 ) ) ;
#1673 = CARTESIAN_POINT ( 'NONE',  ( -0.1681089743589742058, 0.9350076859256152284, 0.4948717948717950565 ) ) ;
#1674 = ORIENTED_EDGE ( 'NONE', *, *, #2785, .T. ) ;
#1675 = PRESENTATION_STYLE_ASSIGNMENT (( #2883 ) ) ;
#1676 = ORIENTED_EDGE ( 'NONE', *, *, #2822, .F. ) ;
#1677 = CARTESIAN_POINT ( 'NONE',  ( -0.0007211538461537750702, 0.9499997262826606059, -0.6718750000000001110 ) ) ;
#1678 = EDGE_CURVE ( 'NONE', #2403, #1647, #2849, .T. ) ;
#1679 = CARTESIAN_POINT ( 'NONE',  ( -0.2811584715605515150, 0.9074461457310777357, -0.8263140707925420436 ) ) ;
#1680 =( BOUNDED_CURVE ( )  B_SPLINE_CURVE ( 3, ( #1284, #810, #92, #2446 ),
 .UNSPECIFIED., .F., .F. ) 
 B_SPLINE_CURVE_WITH_KNOTS ( ( 4, 4 ),
 ( 4.774507194256365494, 4.840182552359450163 ),
 .UNSPECIFIED. ) 
 CURVE ( )  GEOMETRIC_REPRESENTATION_ITEM ( )  RATIONAL_B_SPLINE_CURVE ( ( 1.000000000000000000, 0.9996405945758773948, 0.9996405945758773948, 1.000000000000000000 ) ) 
 REPRESENTATION_ITEM ( '' )  );
#1681 = CARTESIAN_POINT ( 'NONE',  ( -0.02220409189369179984, 0.9504324754808400888, -0.7460039414857654316 ) ) ;
#1682 = CARTESIAN_POINT ( 'NONE',  ( -0.009294871794871612664, -0.9499545280476939801, 0.08974358974358988272 ) ) ;
#1683 = ORIENTED_EDGE ( 'NONE', *, *, #1502, .F. ) ;
#1684 = ORIENTED_EDGE ( 'NONE', *, *, #2204, .T. ) ;
#1685 = CARTESIAN_POINT ( 'NONE',  ( -0.1331121396812983970, -0.9406567120452491437, -0.7421248062149925495 ) ) ;
#1686 = FACE_OUTER_BOUND ( 'NONE', #430, .T. ) ;
#1687 = CARTESIAN_POINT ( 'NONE',  ( -0.1171043020468068574, -0.9427547838341255870, 0.04330269940325653932 ) ) ;
#1688 = AXIS2_PLACEMENT_3D ( 'NONE', #1931, #1017, #1052 ) ;
#1689 = CARTESIAN_POINT ( 'NONE',  ( -0.2333333333333333648, 0.9208993189027536719, -0.9341346153846150635 ) ) ;
#1690 = ORIENTED_EDGE ( 'NONE', *, *, #1420, .T. ) ;
#1691 = AXIS2_PLACEMENT_3D ( 'NONE', #1197, #2130, #2161 ) ;
#1692 = ORIENTED_EDGE ( 'NONE', *, *, #1559, .F. ) ;
#1693 = CARTESIAN_POINT ( 'NONE',  ( -0.04701593909774969687, -0.9488435571883604425, 0.07516651424632148082 ) ) ;
#1694 = COLOUR_RGB ( '',0.8313725490196077761, 0.8313725490196077761, 0.8196078431372548767 ) ;
#1695 = EDGE_CURVE ( 'NONE', #1118, #2881, #590, .T. ) ;
#1696 = CARTESIAN_POINT ( 'NONE',  ( -0.2129794504301070202, 0.9258184237173694431, 0.4878980501357385591 ) ) ;
#1697 =( NAMED_UNIT ( * ) SI_UNIT ( $, .STERADIAN. ) SOLID_ANGLE_UNIT ( ) );
#1698 = CARTESIAN_POINT ( 'NONE',  ( 0.009009103027066679703, -0.9499685555639134638, 0.08715900348843651224 ) ) ;
#1699 = PRESENTATION_STYLE_ASSIGNMENT (( #2874 ) ) ;
#1700 = ORIENTED_EDGE ( 'NONE', *, *, #1695, .T. ) ;
#1701 = CARTESIAN_POINT ( 'NONE',  ( -0.05310346644709897090, 0.9485189767560509022, 0.06671853507542391259 ) ) ;
#1702 = CARTESIAN_POINT ( 'NONE',  ( -0.2981271517896301182, 0.9020089807562569062, 0.004601534730477732996 ) ) ;
#1703 = DIRECTION ( 'NONE',  ( 1.000000000000000000, 0.000000000000000000, -0.000000000000000000 ) ) ;
#1704 = CARTESIAN_POINT ( 'NONE',  ( 0.000000000000000000, 0.000000000000000000, 1.149999999999999911 ) ) ;
#1705 = CARTESIAN_POINT ( 'NONE',  ( -0.1051282051282049629, 0.9441652718070718819, 0.3616185897435899022 ) ) ;
#1706 =( LENGTH_UNIT ( ) NAMED_UNIT ( * ) SI_UNIT ( .MILLI., .METRE. ) );
#1707 = CARTESIAN_POINT ( 'NONE',  ( -0.2321947816075133342, -0.9211907618763395256, 0.3291661444341540399 ) ) ;
#1708 = CARTESIAN_POINT ( 'NONE',  ( 0.06402243589743610019, -0.9478402437656668900, 0.1392628205128206564 ) ) ;
#1709 = CARTESIAN_POINT ( 'NONE',  ( -0.2239393377248698191, 0.9232420192749719590, -0.8651582762600997789 ) ) ;
#1710 = VERTEX_POINT ( 'NONE', #2787 ) ;
#1711 = CARTESIAN_POINT ( 'NONE',  ( -0.3051282051282049879, 0.8996648144921751689, 0.3591346153846155520 ) ) ;
#1712 = CARTESIAN_POINT ( 'NONE',  ( -0.02966977484752853292, 0.9498351356909471299, 0.3358391030264321619 ) ) ;
#1713 = MANIFOLD_SOLID_BREP ( 'MirrorReflection1', #342 ) ;
#1714 = CARTESIAN_POINT ( 'NONE',  ( 0.000000000000000000, 0.000000000000000000, -1.949999999999999956 ) ) ;
#1715 = EDGE_CURVE ( 'NONE', #819, #1544, #2572, .T. ) ;
#1716 = PLANE ( 'NONE',  #450 ) ;
#1717 = EDGE_CURVE ( 'NONE', #153, #103, #611, .T. ) ;
#1718 = CARTESIAN_POINT ( 'NONE',  ( -0.2915064102564102755, -0.9041703450011073784, -0.8522435897435893803 ) ) ;
#1719 = VERTEX_POINT ( 'NONE', #1150 ) ;
#1720 = CARTESIAN_POINT ( 'NONE',  ( -0.05906069130445380094, -0.9481623501409160992, 0.04044939684889280185 ) ) ;
#1721 = ORIENTED_EDGE ( 'NONE', *, *, #1101, .F. ) ;
#1722 = CARTESIAN_POINT ( 'NONE',  ( -0.08002558897105019331, 0.9468313889513920723, -0.6125070445319036327 ) ) ;
#1723 = FILL_AREA_STYLE_COLOUR ( '', #2290 ) ;
#1724 = CARTESIAN_POINT ( 'NONE',  ( 0.000000000000000000, -3.550000000000000266, 3.810000000000000053 ) ) ;
#1725 = FILL_AREA_STYLE ('',( #507 ) ) ;
#1726 = CARTESIAN_POINT ( 'NONE',  ( 0.06402243589743610019, 0.9478402437656668900, 0.1392628205128206564 ) ) ;
#1727 = CARTESIAN_POINT ( 'NONE',  ( -0.1249642069883219742, 0.9417451603126263393, -0.8186504457228235276 ) ) ;
#1728 = VERTEX_POINT ( 'NONE', #8 ) ;
#1729 = DIRECTION ( 'NONE',  ( 1.000000000000000000, 0.000000000000000000, 0.000000000000000000 ) ) ;
#1730 = CIRCLE ( 'NONE', #2742, 0.9499999999999999556 ) ;
#1731 = DIRECTION ( 'NONE',  ( 1.000000000000000000, 0.000000000000000000, 0.000000000000000000 ) ) ;
#1732 = CARTESIAN_POINT ( 'NONE',  ( 3.061616997868390876E-18, 0.000000000000000000, -1.949999999999999956 ) ) ;
#1733 = VECTOR ( 'NONE', #1482, 1000.000000000000000 ) ;
#1734 = EDGE_CURVE ( 'NONE', #1804, #1539, #832, .T. ) ;
#1735 = B_SPLINE_CURVE_WITH_KNOTS ( 'NONE', 3,
 ( #1718, #2685, #1355, #623, #1381, #413, #2579, #1864, #1329, #1346 ),
 .UNSPECIFIED., .F., .F.,
 ( 4, 3, 3, 4 ),
 ( 0.000000000000000000, 3.229990938916025162E-05, 4.897090409980768783E-05, 6.593779237445855700E-05 ),
 .UNSPECIFIED. ) ;
#1736 = ORIENTED_EDGE ( 'NONE', *, *, #2304, .T. ) ;
#1737 = FILL_AREA_STYLE_COLOUR ( '', #1847 ) ;
#1738 = MANIFOLD_SOLID_BREP ( 'AlongTheTrajectory1', #1231 ) ;
#1739 = CARTESIAN_POINT ( 'NONE',  ( -0.2159725005438877243, -0.9251247910462802038, 0.4048477831045874664 ) ) ;
#1740 = AXIS2_PLACEMENT_3D ( 'NONE', #272, #2900, #1372 ) ;
#1741 = AXIS2_PLACEMENT_3D ( 'NONE', #2916, #2904, #734 ) ;
#1742 = SURFACE_STYLE_FILL_AREA ( #389 ) ;
#1743 =( NAMED_UNIT ( * ) SI_UNIT ( $, .STERADIAN. ) SOLID_ANGLE_UNIT ( ) );
#1744 = CARTESIAN_POINT ( 'NONE',  ( 0.000000000000000000, 0.000000000000000000, 1.949999999999999956 ) ) ;
#1745 = DIRECTION ( 'NONE',  ( 1.224646799147353207E-16, 1.000000000000000000, -0.000000000000000000 ) ) ;
#1746 = CIRCLE ( 'NONE', #1297, 0.2999999999999999889 ) ;
#1747 = CARTESIAN_POINT ( 'NONE',  ( -0.03880564254665919838, 0.9492071642737233139, 0.3927549900961220808 ) ) ;
#1748 = DIRECTION ( 'NONE',  ( 0.000000000000000000, 0.000000000000000000, -1.000000000000000000 ) ) ;
#1749 = ORIENTED_EDGE ( 'NONE', *, *, #2461, .F. ) ;
#1750 = CARTESIAN_POINT ( 'NONE',  ( 0.000000000000000000, 0.000000000000000000, -1.949999999999999956 ) ) ;
#1751 = CARTESIAN_POINT ( 'NONE',  ( -0.2383368900897178955, 0.9196170634586779968, 0.05737840069985747360 ) ) ;
#1752 = ORIENTED_EDGE ( 'NONE', *, *, #1403, .T. ) ;
#1753 = CARTESIAN_POINT ( 'NONE',  ( -0.09863782051282046770, -0.9448653768471362291, -0.3871794871794873028 ) ) ;
#1754 = ORIENTED_EDGE ( 'NONE', *, *, #2325, .T. ) ;
#1755 = CARTESIAN_POINT ( 'NONE',  ( -0.1712137078883106678, 0.9344882546259153377, 0.1818715973900998650 ) ) ;
#1756 = EDGE_CURVE ( 'NONE', #1964, #1310, #118, .T. ) ;
#1757 = EDGE_CURVE ( 'NONE', #2254, #1044, #2993, .T. ) ;
#1758 = DIRECTION ( 'NONE',  ( 0.000000000000000000, 0.000000000000000000, -1.000000000000000000 ) ) ;
#1759 = EDGE_CURVE ( 'NONE', #2783, #1918, #552, .T. ) ;
#1760 = PLANE ( 'NONE',  #983 ) ;
#1761 = ORIENTED_EDGE ( 'NONE', *, *, #1177, .T. ) ;
#1762 = CARTESIAN_POINT ( 'NONE',  ( 0.000000000000000000, 0.000000000000000000, 2.810000000000000053 ) ) ;
#1763 = CARTESIAN_POINT ( 'NONE',  ( -0.1153846153846152522, 0.9429668024551788319, 0.05873397435897449725 ) ) ;
#1764 = CARTESIAN_POINT ( 'NONE',  ( 0.000000000000000000, -3.550000000000000266, -3.510000000000000231 ) ) ;
#1765 = CARTESIAN_POINT ( 'NONE',  ( 0.000000000000000000, 0.000000000000000000, -3.403937756669170867 ) ) ;
#1766 = CARTESIAN_POINT ( 'NONE',  ( -0.1759594793213700437, -0.9335962105363811991, 0.4946589690155976382 ) ) ;
#1767 = CARTESIAN_POINT ( 'NONE',  ( -0.1863782051282049934, -0.9315380639851429390, -0.07948717948717937132 ) ) ;
#1768 = CARTESIAN_POINT ( 'NONE',  ( -0.1372452030843610005, 0.9400339112191079538, 0.4125205817157630017 ) ) ;
#1769 = ORIENTED_EDGE ( 'NONE', *, *, #1196, .T. ) ;
#1770 = ORIENTED_EDGE ( 'NONE', *, *, #1911, .F. ) ;
#1771 = CARTESIAN_POINT ( 'NONE',  ( -0.05344551282051267227, 0.9484954281172642832, 0.3306089743589745167 ) ) ;
#1772 = CARTESIAN_POINT ( 'NONE',  ( -0.2208741220108366710, -0.9239804962925537435, 0.4010173088259488261 ) ) ;
#1773 =( LENGTH_UNIT ( ) NAMED_UNIT ( * ) SI_UNIT ( .MILLI., .METRE. ) );
#1774 =( NAMED_UNIT ( * ) SI_UNIT ( $, .STERADIAN. ) SOLID_ANGLE_UNIT ( ) );
#1775 = EDGE_CURVE ( 'NONE', #572, #2217, #3004, .T. ) ;
#1776 = CARTESIAN_POINT ( 'NONE',  ( 0.004695808368944414182, 0.9500161346390285644, 0.1664974078415114578 ) ) ;
#1777 = CARTESIAN_POINT ( 'NONE',  ( -0.1806543448996111023, -0.9326727348078748259, 0.2954823783859617525 ) ) ;
#1778 = CARTESIAN_POINT ( 'NONE',  ( 0.03561101203040048513, -0.9493733066827378941, 0.1590704857768897307 ) ) ;
#1779 = ORIENTED_EDGE ( 'NONE', *, *, #1300, .T. ) ;
#1780 = DIRECTION ( 'NONE',  ( 1.000000000000000000, 0.000000000000000000, 0.000000000000000000 ) ) ;
#1781 = CARTESIAN_POINT ( 'NONE',  ( -0.1867449467661860540, -0.9314889901788955262, 0.1819167745514976009 ) ) ;
#1782 = CARTESIAN_POINT ( 'NONE',  ( -0.2873297702481710236, 0.9055062689599033821, 0.1196141113257025435 ) ) ;
#1783 = ORIENTED_EDGE ( 'NONE', *, *, #1759, .F. ) ;
#1784 = CIRCLE ( 'NONE', #576, 0.2999999999999999889 ) ;
#1785 = VERTEX_POINT ( 'NONE', #808 ) ;
#1786 = COLOUR_RGB ( '',0.8313725490196077761, 0.8313725490196077761, 0.8196078431372548767 ) ;
#1787 = PRESENTATION_LAYER_ASSIGNMENT (  '', '', ( #2329 ) ) ;
#1788 = DIRECTION ( 'NONE',  ( 0.000000000000000000, 0.000000000000000000, 1.000000000000000000 ) ) ;
#1789 = PRESENTATION_LAYER_ASSIGNMENT (  '', '', ( #2182 ) ) ;
#1790 = FACE_OUTER_BOUND ( 'NONE', #1813, .T. ) ;
#1791 = CARTESIAN_POINT ( 'NONE',  ( -0.1359441758723556881, 0.9402337319427157558, 0.09534942899111700787 ) ) ;
#1792 = VECTOR ( 'NONE', #140, 1000.000000000000000 ) ;
#1793 = CARTESIAN_POINT ( 'NONE',  ( -0.3051282051282050989, -0.8996648144921751689, -0.4994391025641026771 ) ) ;
#1794 = CARTESIAN_POINT ( 'NONE',  ( -0.1769230769230767664, -0.9333800002421688280, 0.2948717948717950454 ) ) ;
#1795 = ADVANCED_FACE ( 'NONE', ( #516 ), #2689, .T. ) ;
#1796 = TOROIDAL_SURFACE ( 'NONE', #883, 0.9999999999999997780, 0.2999999999999999889 ) ;
#1797 = FACE_OUTER_BOUND ( 'NONE', #2526, .T. ) ;
#1798 = ORIENTED_EDGE ( 'NONE', *, *, #831, .F. ) ;
#1799 = CIRCLE ( 'NONE', #1440, 0.9499999999999999556 ) ;
#1800 = CARTESIAN_POINT ( 'NONE',  ( -0.1588311329922330595, 0.9366945973073868004, 0.4177747284811986761 ) ) ;
#1801 = ORIENTED_EDGE ( 'NONE', *, *, #864, .F. ) ;
#1802 = VECTOR ( 'NONE', #2004, 1000.000000000000000 ) ;
#1803 = CARTESIAN_POINT ( 'NONE',  ( 0.02176305962071893932, -0.9497764235202704741, -0.4354247814305860498 ) ) ;
#1804 = VERTEX_POINT ( 'NONE', #2938 ) ;
#1805 = ORIENTED_EDGE ( 'NONE', *, *, #1639, .F. ) ;
#1806 = CARTESIAN_POINT ( 'NONE',  ( -0.2363595129343985246, -0.9201272632868654489, 0.3732343875252954746 ) ) ;
#1807 = B_SPLINE_CURVE_WITH_KNOTS ( 'NONE', 3,
 ( #2224, #1530, #2487, #121, #2027, #821, #589, #1386, #2108, #3076, #2863, #912, #1416, #1880, #2603, #899 ),
 .UNSPECIFIED., .F., .F.,
 ( 4, 3, 3, 3, 3, 4 ),
 ( 3.388131789017201356E-21, 2.615347111879680138E-05, 4.131820958960652067E-05, 5.665200333333435354E-05, 7.042622656311916987E-05, 7.399442628094176223E-05 ),
 .UNSPECIFIED. ) ;
#1808 = SURFACE_STYLE_USAGE ( .BOTH. , #842 ) ;
#1809 = ORIENTED_EDGE ( 'NONE', *, *, #2683, .T. ) ;
#1810 = CARTESIAN_POINT ( 'NONE',  ( 0.09644809611570059893, -0.9450914055030107397, -0.8705953575510665399 ) ) ;
#1811 = B_SPLINE_CURVE_WITH_KNOTS ( 'NONE', 3,
 ( #2634, #542, #1298, #2238, #2255, #1059, #2747, #2506 ),
 .UNSPECIFIED., .F., .F.,
 ( 4, 2, 2, 4 ),
 ( 0.000000000000000000, 4.040631604920439139E-05, 8.081263209840878277E-05, 0.0001616252641968175655 ),
 .UNSPECIFIED. ) ;
#1812 = CARTESIAN_POINT ( 'NONE',  ( -0.1262766167396704442, -0.9416035880828244053, 0.1679872922834342863 ) ) ;
#1813 = EDGE_LOOP ( 'NONE', ( #1077, #1924, #895, #2740 ) ) ;
#1814 = CARTESIAN_POINT ( 'NONE',  ( -0.002564102564102377618, -0.9499965396663508921, 0.1666666666666667962 ) ) ;
#1815 = CARTESIAN_POINT ( 'NONE',  ( -0.2978473244988015245, -0.9021014196241572414, 0.09661113728042886040 ) ) ;
#1816 = CARTESIAN_POINT ( 'NONE',  ( -0.2710794057144207403, 0.9105673237845683943, 0.1426496980714634655 ) ) ;
#1817 = ORIENTED_EDGE ( 'NONE', *, *, #709, .T. ) ;
#1818 = CARTESIAN_POINT ( 'NONE',  ( 0.03317067007831892705, 0.9494208171226415915, -0.9361660695313890335 ) ) ;
#1819 = EDGE_CURVE ( 'NONE', #647, #1330, #1870, .T. ) ;
#1820 = CARTESIAN_POINT ( 'NONE',  ( -0.2915064102564102755, 0.9041703450011073784, -0.8522435897435893803 ) ) ;
#1821 = FACE_BOUND ( 'NONE', #1591, .T. ) ;
#1822 = CARTESIAN_POINT ( 'NONE',  ( -0.1270030535690801210, 0.9414832379812816399, 0.08795617315013994075 ) ) ;
#1823 = CARTESIAN_POINT ( 'NONE',  ( -0.2248347566050417079, 0.9230110141389807898, 0.01774960694166972247 ) ) ;
#1824 = FILL_AREA_STYLE_COLOUR ( '', #2802 ) ;
#1825 = CARTESIAN_POINT ( 'NONE',  ( -0.1005608974358973839, -0.9446626413206393735, -0.3102564102564104309 ) ) ;
#1826 = ORIENTED_EDGE ( 'NONE', *, *, #634, .T. ) ;
#1827 = CARTESIAN_POINT ( 'NONE',  ( -0.2283771033521235228, -0.9221472809744624133, 0.08292488345388665527 ) ) ;
#1828 = CARTESIAN_POINT ( 'NONE',  ( -0.02545600811425645718, 0.9496588817311649722, -0.6805607340148487339 ) ) ;
#1829 = CARTESIAN_POINT ( 'NONE',  ( -0.3051282051282049879, 0.8996648144921751689, 0.3591346153846155520 ) ) ;
#1830 = CARTESIAN_POINT ( 'NONE',  ( -0.2357153671425127883, 0.9202924891961010712, 0.3383221856505996827 ) ) ;
#1831 = ORIENTED_EDGE ( 'NONE', *, *, #371, .F. ) ;
#1832 = CARTESIAN_POINT ( 'NONE',  ( 0.03295565725587291245, -0.9494282333922438033, -0.9302988223423160896 ) ) ;
#1833 = CYLINDRICAL_SURFACE ( 'NONE', #15, 0.9499999999999999556 ) ;
#1834 = CARTESIAN_POINT ( 'NONE',  ( 0.03263939345660698405, 0.9494391344338696248, 0.05969803765848911981 ) ) ;
#1835 = EDGE_CURVE ( 'NONE', #263, #1046, #48, .T. ) ;
#1836 = VECTOR ( 'NONE', #1061, 1000.000000000000000 ) ;
#1837 =( GEOMETRIC_REPRESENTATION_CONTEXT ( 3 ) GLOBAL_UNCERTAINTY_ASSIGNED_CONTEXT ( ( #799 ) ) GLOBAL_UNIT_ASSIGNED_CONTEXT ( ( #2390, #2402, #2892 ) ) REPRESENTATION_CONTEXT ( 'NONE', 'WORKASPACE' ) );
#1838 = CARTESIAN_POINT ( 'NONE',  ( -0.1769230769230767664, 0.9333800002421688280, -0.002564102564102431828 ) ) ;
#1839 = AXIS2_PLACEMENT_3D ( 'NONE', #2500, #2991, #1066 ) ;
#1840 = ORIENTED_EDGE ( 'NONE', *, *, #278, .F. ) ;
#1841 = DIRECTION ( 'NONE',  ( 0.000000000000000000, -1.000000000000000000, -1.700709290173340163E-16 ) ) ;
#1842 = CARTESIAN_POINT ( 'NONE',  ( -0.2435235504875883361, 0.9182571972807612726, -0.7815982088192166000 ) ) ;
#1843 = CARTESIAN_POINT ( 'NONE',  ( -0.1798102833716267446, -0.9328327274824601556, 0.2726296118607435259 ) ) ;
#1844 = CARTESIAN_POINT ( 'NONE',  ( 0.01739261051404662056, 0.9498492069048015685, 0.01968038278538604066 ) ) ;
#1845 = VERTEX_POINT ( 'NONE', #2151 ) ;
#1846 = CARTESIAN_POINT ( 'NONE',  ( -0.2072999972993954387, 0.9279914815233775149, -0.3228985535845663724 ) ) ;
#1847 = COLOUR_RGB ( '',0.8313725490196077761, 0.8313725490196077761, 0.8196078431372548767 ) ;
#1848 = CARTESIAN_POINT ( 'NONE',  ( -0.2999999999999999889, 3.673940397442058882E-17, 2.810000000000000053 ) ) ;
#1849 = AXIS2_PLACEMENT_3D ( 'NONE', #2460, #777, #1758 ) ;
#1850 = FACE_BOUND ( 'NONE', #2983, .T. ) ;
#1851 = EDGE_LOOP ( 'NONE', ( #2095, #2530, #188, #562, #2554, #2065, #717 ) ) ;
#1852 = SURFACE_STYLE_USAGE ( .BOTH. , #418 ) ;
#1853 = UNCERTAINTY_MEASURE_WITH_UNIT (LENGTH_MEASURE( 1.000000000000000082E-05 ), #1773, 'distance_accuracy_value', 'NONE');
#1854 = VERTEX_POINT ( 'NONE', #2668 ) ;
#1855 =( LENGTH_UNIT ( ) NAMED_UNIT ( * ) SI_UNIT ( .MILLI., .METRE. ) );
#1856 = EDGE_CURVE ( 'NONE', #1529, #2103, #353, .T. ) ;
#1857 = EDGE_CURVE ( 'NONE', #3048, #2521, #258, .T. ) ;
#1858 = CARTESIAN_POINT ( 'NONE',  ( -0.1885711204345118797, 0.9311721023895875859, -0.0009280626798966782427 ) ) ;
#1859 = CARTESIAN_POINT ( 'NONE',  ( -0.2976549718391144350, 0.9021651637849944505, -0.8815198663638343923 ) ) ;
#1860 = VERTEX_POINT ( 'NONE', #2931 ) ;
#1861 = CARTESIAN_POINT ( 'NONE',  ( -3.673940397442058882E-17, -0.9999999999999997780, -4.110000000000000320 ) ) ;
#1862 = CARTESIAN_POINT ( 'NONE',  ( -0.2184522256723154254, -0.9251208292940743538, -0.07553395712060401168 ) ) ;
#1863 = CARTESIAN_POINT ( 'NONE',  ( -0.2728155833683004738, 0.9100195704650226869, 0.2686185721978678331 ) ) ;
#1864 = CARTESIAN_POINT ( 'NONE',  ( -0.2670321129425358708, -0.9117048405067994521, -0.8041795794315594881 ) ) ;
#1865 = ORIENTED_EDGE ( 'NONE', *, *, #1484, .F. ) ;
#1866 = CARTESIAN_POINT ( 'NONE',  ( -0.01394504445260968603, 0.9498976448729834487, 0.008257099254543967884 ) ) ;
#1867 = ORIENTED_EDGE ( 'NONE', *, *, #2260, .F. ) ;
#1868 = CARTESIAN_POINT ( 'NONE',  ( -0.04913508940148714199, -0.9487383104583638760, 0.3380797856899164233 ) ) ;
#1869 = EDGE_LOOP ( 'NONE', ( #1332, #1916 ) ) ;
#1870 = B_SPLINE_CURVE_WITH_KNOTS ( 'NONE', 3,
 ( #1705, #1241, #530, #2675, #2423, #300, #2459, #1026, #2187, #66 ),
 .UNSPECIFIED., .F., .F.,
 ( 4, 3, 3, 4 ),
 ( 0.000000000000000000, 2.219564421527880230E-05, 4.439612486369882093E-05, 6.584227483802303780E-05 ),
 .UNSPECIFIED. ) ;
#1871 = CARTESIAN_POINT ( 'NONE',  ( -0.09458704732942539717, 0.9453091689038062295, 0.1340231092893997833 ) ) ;
#1872 = CARTESIAN_POINT ( 'NONE',  ( -0.3044595232431410170, -0.8998916030695524038, -0.5261044404462301705 ) ) ;
#1873 = ADVANCED_FACE ( 'NONE', ( #76 ), #2434, .F. ) ;
#1874 = CARTESIAN_POINT ( 'NONE',  ( 0.09911467997427422794, -0.9448158935936267211, 0.02135268964720715701 ) ) ;
#1875 = CARTESIAN_POINT ( 'NONE',  ( -0.2981444926631872661, 0.9020032491590876944, 0.3124264718785061956 ) ) ;
#1876 = ORIENTED_EDGE ( 'NONE', *, *, #1717, .T. ) ;
#1877 = ORIENTED_EDGE ( 'NONE', *, *, #1925, .T. ) ;
#1878 = CARTESIAN_POINT ( 'NONE',  ( -0.3000000000000000444, 0.9013878188659973922, -0.9233173076923076872 ) ) ;
#1879 = CARTESIAN_POINT ( 'NONE',  ( 0.000000000000000000, 0.000000000000000000, -2.810000000000000053 ) ) ;
#1880 = CARTESIAN_POINT ( 'NONE',  ( 0.03321249392236953063, -0.9494192640297046681, 0.04917897610521853452 ) ) ;
#1881 = UNCERTAINTY_MEASURE_WITH_UNIT (LENGTH_MEASURE( 1.000000000000000082E-05 ), #2249, 'distance_accuracy_value', 'NONE');
#1882 = CARTESIAN_POINT ( 'NONE',  ( -0.1534851250099829034, 0.9375192352164614107, 0.1789308541805778308 ) ) ;
#1883 = CARTESIAN_POINT ( 'NONE',  ( -0.3014149137775047893, 0.9009705919255063256, -0.5520485241750353600 ) ) ;
#1884 = COLOUR_RGB ( '',0.1019607843137254888, 0.1019607843137254888, 0.1019607843137254888 ) ;
#1885 = CARTESIAN_POINT ( 'NONE',  ( -0.05298359637202451622, 0.9514127586502081346, 0.2537809511047253164 ) ) ;
#1886 = STYLED_ITEM ( 'NONE', ( #1402 ), #1200 ) ;
#1887 = ADVANCED_FACE ( 'NONE', ( #2655 ), #721, .T. ) ;
#1888 = MECHANICAL_DESIGN_GEOMETRIC_PRESENTATION_REPRESENTATION (  '', ( #781 ), #1341 ) ;
#1889 = ORIENTED_EDGE ( 'NONE', *, *, #2915, .T. ) ;
#1890 = CARTESIAN_POINT ( 'NONE',  ( -0.2770356788349490063, 0.9087501006960553296, 0.4458800453795783714 ) ) ;
#1891 = EDGE_CURVE ( 'NONE', #2141, #1155, #1267, .T. ) ;
#1892 = PRESENTATION_STYLE_ASSIGNMENT (( #186 ) ) ;
#1893 = EDGE_CURVE ( 'NONE', #2495, #681, #1975, .T. ) ;
#1894 = LINE ( 'NONE', #60, #1978 ) ;
#1895 = AXIS2_PLACEMENT_3D ( 'NONE', #1936, #960, #703 ) ;
#1896 =( GEOMETRIC_REPRESENTATION_CONTEXT ( 3 ) GLOBAL_UNCERTAINTY_ASSIGNED_CONTEXT ( ( #551 ) ) GLOBAL_UNIT_ASSIGNED_CONTEXT ( ( #2693, #535, #478 ) ) REPRESENTATION_CONTEXT ( 'NONE', 'WORKASPACE' ) );
#1897 = CARTESIAN_POINT ( 'NONE',  ( -0.05032293762640051293, -0.9486692266811367347, 0.07118765668534254853 ) ) ;
#1898 = B_SPLINE_CURVE_WITH_KNOTS ( 'NONE', 3,
 ( #2448, #111, #318, #126, #2977, #1307, #813, #1264, #1776, #2018 ),
 .UNSPECIFIED., .F., .F.,
 ( 4, 3, 3, 4 ),
 ( 0.000000000000000000, 1.852112720990788838E-05, 5.219614048716266749E-05, 7.402393335362963316E-05 ),
 .UNSPECIFIED. ) ;
#1899 = FILL_AREA_STYLE_COLOUR ( '', #2541 ) ;
#1900 = CARTESIAN_POINT ( 'NONE',  ( -0.1587421148991527142, 0.9367652376613256893, -0.3939830199546398015 ) ) ;
#1901 =( BOUNDED_CURVE ( )  B_SPLINE_CURVE ( 3, ( #920, #1885, #685, #1646 ),
 .UNSPECIFIED., .F., .F. ) 
 B_SPLINE_CURVE_WITH_KNOTS ( ( 4, 4 ),
 ( 1.437303028585709130, 1.670828116246834361 ),
 .UNSPECIFIED. ) 
 CURVE ( )  GEOMETRIC_REPRESENTATION_ITEM ( )  RATIONAL_B_SPLINE_CURVE ( ( 1.000000000000000000, 0.9954606635539994253, 0.9954606635539994253, 1.000000000000000000 ) ) 
 REPRESENTATION_ITEM ( '' )  );
#1902 = FACE_OUTER_BOUND ( 'NONE', #2659, .T. ) ;
#1903 = CARTESIAN_POINT ( 'NONE',  ( 0.09994749845448983039, 0.9447277705112948620, -0.9149106210403412653 ) ) ;
#1904 = FILL_AREA_STYLE ('',( #1667 ) ) ;
#1905 = ORIENTED_EDGE ( 'NONE', *, *, #1893, .T. ) ;
#1906 = CARTESIAN_POINT ( 'NONE',  ( -0.2137073671354982884, -0.9256506691145077736, 0.4876592857872983355 ) ) ;
#1907 = PRESENTATION_STYLE_ASSIGNMENT (( #20 ) ) ;
#1908 = CARTESIAN_POINT ( 'NONE',  ( 0.09487179487179507598, -0.9452509415693823858, -3.403937756669170867 ) ) ;
#1909 = CARTESIAN_POINT ( 'NONE',  ( 0.7500000000000000000, 0.000000000000000000, -1.749999999999999778 ) ) ;
#1910 = ORIENTED_EDGE ( 'NONE', *, *, #2640, .F. ) ;
#1911 = EDGE_CURVE ( 'NONE', #1994, #1572, #1028, .T. ) ;
#1912 = VERTEX_POINT ( 'NONE', #2966 ) ;
#1913 = SURFACE_SIDE_STYLE ('',( #949 ) ) ;
#1914 = CARTESIAN_POINT ( 'NONE',  ( 0.03846153846153854000, -0.9492211070447030830, -0.4995993589743591423 ) ) ;
#1915 = CARTESIAN_POINT ( 'NONE',  ( 0.09705720894460546921, -0.9450306132292473071, 0.08360363839742028513 ) ) ;
#1916 = ORIENTED_EDGE ( 'NONE', *, *, #2407, .F. ) ;
#1917 = CARTESIAN_POINT ( 'NONE',  ( 0.01714582601628783856, -0.9498517442574904157, 0.08312983231397960693 ) ) ;
#1918 = VERTEX_POINT ( 'NONE', #101 ) ;
#1919 = CARTESIAN_POINT ( 'NONE',  ( -0.2333333333333333648, 0.9208993189027536719, -0.9341346153846150635 ) ) ;
#1920 = SURFACE_STYLE_FILL_AREA ( #2906 ) ;
#1921 = CARTESIAN_POINT ( 'NONE',  ( -0.2320754163334139419, -0.9212172536429720227, -0.8998923457783148949 ) ) ;
#1922 = LINE ( 'NONE', #323, #1094 ) ;
#1923 = CARTESIAN_POINT ( 'NONE',  ( -0.02289941274213911152, 0.9497708231766290865, 0.1649717793762998930 ) ) ;
#1924 = ORIENTED_EDGE ( 'NONE', *, *, #1891, .T. ) ;
#1925 = EDGE_CURVE ( 'NONE', #326, #191, #2767, .T. ) ;
#1926 = LINE ( 'NONE', #996, #1733 ) ;
#1927 = CARTESIAN_POINT ( 'NONE',  ( -0.1256410256410255277, -0.9416551028247397426, -3.403937756669170867 ) ) ;
#1928 = MECHANICAL_DESIGN_GEOMETRIC_PRESENTATION_REPRESENTATION (  '', ( #1023 ), #3041 ) ;
#1929 = FILL_AREA_STYLE_COLOUR ( '', #2952 ) ;
#1930 = SURFACE_STYLE_USAGE ( .BOTH. , #1946 ) ;
#1931 = CARTESIAN_POINT ( 'NONE',  ( 0.000000000000000000, 0.000000000000000000, -3.403937756669170867 ) ) ;
#1932 = PRESENTATION_LAYER_ASSIGNMENT (  '', '', ( #204 ) ) ;
#1933 = ORIENTED_EDGE ( 'NONE', *, *, #634, .F. ) ;
#1934 = CARTESIAN_POINT ( 'NONE',  ( -0.3048716512475250773, 0.8997518267036894724, 0.03461699981156445699 ) ) ;
#1935 =( NAMED_UNIT ( * ) PLANE_ANGLE_UNIT ( ) SI_UNIT ( $, .RADIAN. ) );
#1936 = CARTESIAN_POINT ( 'NONE',  ( 0.000000000000000000, 0.000000000000000000, -0.2538461538461539990 ) ) ;
#1937 = DIRECTION ( 'NONE',  ( 1.000000000000000000, 0.000000000000000000, 0.000000000000000000 ) ) ;
#1938 = PRESENTATION_LAYER_ASSIGNMENT (  '', '', ( #2279 ) ) ;
#1939 = CARTESIAN_POINT ( 'NONE',  ( -0.1750224559206134400, 0.9337661082868589091, -0.7490070486853167564 ) ) ;
#1940 = AXIS2_PLACEMENT_3D ( 'NONE', #1744, #1504, #1990 ) ;
#1941 = CARTESIAN_POINT ( 'NONE',  ( -0.1863782051282049934, 0.9315380639851434941, -0.07948717948717937132 ) ) ;
#1942 = PRESENTATION_LAYER_ASSIGNMENT (  '', '', ( #2757 ) ) ;
#1943 = B_SPLINE_CURVE_WITH_KNOTS ( 'NONE', 3,
 ( #1350, #1114, #2062, #3035, #421, #2642, #1192, #2610, #745, #967, #1457, #1900, #2413, #2870, #463, #285 ),
 .UNSPECIFIED., .F., .F.,
 ( 4, 3, 3, 3, 3, 4 ),
 ( 0.000000000000000000, 3.881509284973540778E-05, 7.815283340554611926E-05, 0.0001119756223137631816, 0.0001580660291092891173, 0.0002034455471288112928 ),
 .UNSPECIFIED. ) ;
#1944 = CARTESIAN_POINT ( 'NONE',  ( 0.05389693702321113333, 0.9485237838837173863, -0.04733426741716893066 ) ) ;
#1945 = ADVANCED_FACE ( 'NONE', ( #367 ), #1796, .T. ) ;
#1946 = SURFACE_SIDE_STYLE ('',( #2175 ) ) ;
#1947 = CARTESIAN_POINT ( 'NONE',  ( 0.07912653481637582642, 0.9467153961485588187, 0.1230179695643586479 ) ) ;
#1948 = EDGE_LOOP ( 'NONE', ( #74, #751, #1127, #354, #385, #2306, #1134 ) ) ;
#1949 = CARTESIAN_POINT ( 'NONE',  ( -0.2294871794871795323, -0.9218653016851318105, -0.8829326923076920020 ) ) ;
#1950 =( LENGTH_UNIT ( ) NAMED_UNIT ( * ) SI_UNIT ( .MILLI., .METRE. ) );
#1951 = CARTESIAN_POINT ( 'NONE',  ( 0.1037038834930865960, -0.9443229681074207793, -0.5293414716415066890 ) ) ;
#1952 = CARTESIAN_POINT ( 'NONE',  ( 0.000000000000000000, 0.000000000000000000, -1.749999999999999778 ) ) ;
#1953 = VERTEX_POINT ( 'NONE', #584 ) ;
#1954 = CARTESIAN_POINT ( 'NONE',  ( 0.09882809790788522897, 0.9448454937521506558, 0.03181114439710275993 ) ) ;
#1955 = DIRECTION ( 'NONE',  ( 0.000000000000000000, 0.000000000000000000, 1.000000000000000000 ) ) ;
#1956 = CARTESIAN_POINT ( 'NONE',  ( 0.02825383300305615852, -0.9495812227766724511, 0.07188934437044405823 ) ) ;
#1957 = EDGE_CURVE ( 'NONE', #681, #326, #2000, .T. ) ;
#1958 = CARTESIAN_POINT ( 'NONE',  ( -0.1414069811136307309, 0.9395079252717914997, 0.4934948123825037558 ) ) ;
#1959 = CARTESIAN_POINT ( 'NONE',  ( -0.1617378610942414308, 0.9362942611845848084, -0.8221804966327338482 ) ) ;
#1960 = ORIENTED_EDGE ( 'NONE', *, *, #2862, .T. ) ;
#1961 = CARTESIAN_POINT ( 'NONE',  ( -0.2064980542352511383, -0.9273151018537415524, 0.4900446088428344615 ) ) ;
#1962 = CARTESIAN_POINT ( 'NONE',  ( 0.000000000000000000, 0.000000000000000000, -0.1051282051282051294 ) ) ;
#1963 = CARTESIAN_POINT ( 'NONE',  ( -0.1769230769230767664, -0.9333800002421688280, -0.002564102564102431828 ) ) ;
#1964 = VERTEX_POINT ( 'NONE', #166 ) ;
#1965 = CARTESIAN_POINT ( 'NONE',  ( 0.03574027846509397061, -0.9493532103143957901, -0.4663339295000719087 ) ) ;
#1966 = ORIENTED_EDGE ( 'NONE', *, *, #2620, .F. ) ;
#1967 = SURFACE_STYLE_FILL_AREA ( #2959 ) ;
#1968 = CARTESIAN_POINT ( 'NONE',  ( 0.04379589226254710504, 0.9489899471654240637, -0.05270360208189484724 ) ) ;
#1969 = SURFACE_SIDE_STYLE ('',( #2497 ) ) ;
#1970 = CARTESIAN_POINT ( 'NONE',  ( -0.3000000000000000444, -0.9013878188659973922, -3.403937756669170867 ) ) ;
#1971 = CARTESIAN_POINT ( 'NONE',  ( -0.1025021490792663026, 0.9445239947898455002, 0.4815902037140122882 ) ) ;
#1972 = CARTESIAN_POINT ( 'NONE',  ( -0.2999999999999999889, -3.673940397442058882E-17, -1.949999999999999956 ) ) ;
#1973 = ORIENTED_EDGE ( 'NONE', *, *, #1363, .T. ) ;
#1974 = FILL_AREA_STYLE ('',( #2992 ) ) ;
#1975 =( BOUNDED_CURVE ( )  B_SPLINE_CURVE ( 3, ( #322, #2994, #381, #1767 ),
 .UNSPECIFIED., .F., .F. ) 
 B_SPLINE_CURVE_WITH_KNOTS ( ( 4, 4 ),
 ( 4.899717498669717841, 4.909857404946007087 ),
 .UNSPECIFIED. ) 
 CURVE ( )  GEOMETRIC_REPRESENTATION_ITEM ( )  RATIONAL_B_SPLINE_CURVE ( ( 1.000000000000000000, 0.9999914318767455512, 0.9999914318767455512, 1.000000000000000000 ) ) 
 REPRESENTATION_ITEM ( '' )  );
#1976 = EDGE_CURVE ( 'NONE', #2049, #2254, #2729, .T. ) ;
#1977 = DIRECTION ( 'NONE',  ( 0.000000000000000000, 0.000000000000000000, 1.000000000000000000 ) ) ;
#1978 = VECTOR ( 'NONE', #2864, 1000.000000000000000 ) ;
#1979 = ORIENTED_EDGE ( 'NONE', *, *, #865, .F. ) ;
#1980 = B_SPLINE_CURVE_WITH_KNOTS ( 'NONE', 3,
 ( #1314, #1800, #600, #1768, #2532, #806, #1040, #1526, #117, #2220, #396, #2732, #2253, #1555, #337, #2292 ),
 .UNSPECIFIED., .F., .F.,
 ( 4, 3, 3, 3, 3, 4 ),
 ( 0.000000000000000000, 3.342378409169769940E-05, 5.019351533292942461E-05, 6.684372229561235583E-05, 8.464581666754408297E-05, 9.668904871708040036E-05 ),
 .UNSPECIFIED. ) ;
#1981 = VERTEX_POINT ( 'NONE', #2677 ) ;
#1982 = PRESENTATION_LAYER_ASSIGNMENT (  '', '', ( #924 ) ) ;
#1983 = MECHANICAL_DESIGN_GEOMETRIC_PRESENTATION_REPRESENTATION (  '', ( #2279 ), #1240 ) ;
#1984 = FILL_AREA_STYLE_COLOUR ( '', #1285 ) ;
#1985 = CARTESIAN_POINT ( 'NONE',  ( -0.03007136364597239389, 0.9495849865159305958, -0.6024976185880827062 ) ) ;
#1986 = AXIS2_PLACEMENT_3D ( 'NONE', #1714, #43, #1731 ) ;
#1987 = CARTESIAN_POINT ( 'NONE',  ( -0.1264423076923075207, 0.9415478441510255481, 0.2384615384615386413 ) ) ;
#1988 = CIRCLE ( 'NONE', #1940, 0.2999999999999999889 ) ;
#1989 = ORIENTED_EDGE ( 'NONE', *, *, #795, .F. ) ;
#1990 = DIRECTION ( 'NONE',  ( 1.000000000000000000, 0.000000000000000000, 0.000000000000000000 ) ) ;
#1991 = CARTESIAN_POINT ( 'NONE',  ( 0.09862791317224924026, -0.9448664110567629448, -0.8895767197493319456 ) ) ;
#1992 = VECTOR ( 'NONE', #2546, 1000.000000000000000 ) ;
#1993 = CARTESIAN_POINT ( 'NONE',  ( -0.07221216654731858753, 0.9472828039211654838, 0.4599848869436911070 ) ) ;
#1994 = VERTEX_POINT ( 'NONE', #1444 ) ;
#1995 = DIRECTION ( 'NONE',  ( 0.000000000000000000, 0.000000000000000000, -1.000000000000000000 ) ) ;
#1996 = CARTESIAN_POINT ( 'NONE',  ( -0.2431859358587499242, -0.9183466668967729118, 0.1648411039810512846 ) ) ;
#1997 = CARTESIAN_POINT ( 'NONE',  ( -0.2232081473214155010, 0.9234057195889144865, 0.1746110610745596758 ) ) ;
#1998 = ORIENTED_EDGE ( 'NONE', *, *, #351, .T. ) ;
#1999 = EDGE_CURVE ( 'NONE', #1597, #218, #2654, .T. ) ;
#2000 = B_SPLINE_CURVE_WITH_KNOTS ( 'NONE', 3,
 ( #1618, #1862, #672, #658, #2356, #2100 ),
 .UNSPECIFIED., .F., .F.,
 ( 4, 2, 4 ),
 ( 5.587850095852340640E-20, 9.733979281035852547E-05, 0.0001946795856207169967 ),
 .UNSPECIFIED. ) ;
#2001 = CARTESIAN_POINT ( 'NONE',  ( -0.2367486961057753969, -0.9200277716672179418, 0.06649649459238392291 ) ) ;
#2002 = CARTESIAN_POINT ( 'NONE',  ( 0.02824863456723359853, 0.9497074532096512200, -0.06096793826323316373 ) ) ;
#2003 = CARTESIAN_POINT ( 'NONE',  ( -0.06365031300222458166, -0.9487275071980295627, -0.7415465629307175233 ) ) ;
#2004 = DIRECTION ( 'NONE',  ( 0.000000000000000000, 0.000000000000000000, 1.000000000000000000 ) ) ;
#2005 = CARTESIAN_POINT ( 'NONE',  ( -0.1264423076923075207, -0.9415478441510257701, 0.2384615384615386413 ) ) ;
#2006 = ORIENTED_EDGE ( 'NONE', *, *, #1639, .T. ) ;
#2007 = CARTESIAN_POINT ( 'NONE',  ( -0.1998889326617769857, -0.9287326927642256535, 0.1805923512372605844 ) ) ;
#2008 = CARTESIAN_POINT ( 'NONE',  ( 0.000000000000000000, 0.000000000000000000, -1.749999999999999778 ) ) ;
#2009 = VERTEX_POINT ( 'NONE', #688 ) ;
#2010 = ORIENTED_EDGE ( 'NONE', *, *, #1334, .T. ) ;
#2011 = CARTESIAN_POINT ( 'NONE',  ( -0.2384615384615383360, -0.9195847403445516210, 0.3559294871794874138 ) ) ;
#2012 = CARTESIAN_POINT ( 'NONE',  ( -0.1001602564102564014, 0.9447052043022901024, -0.8179487179487175963 ) ) ;
#2013 = CARTESIAN_POINT ( 'NONE',  ( -0.1038461538461538519, -0.9443071408876250183, -0.7410256410256407245 ) ) ;
#2014 = EDGE_CURVE ( 'NONE', #2570, #2783, #2567, .T. ) ;
#2015 = CARTESIAN_POINT ( 'NONE',  ( -0.1005608974358973839, -0.9446626413206393735, -0.3102564102564104309 ) ) ;
#2016 = CARTESIAN_POINT ( 'NONE',  ( -0.2982954705432983578, -0.9019533315273866592, -0.8874187469770475900 ) ) ;
#2017 = UNCERTAINTY_MEASURE_WITH_UNIT (LENGTH_MEASURE( 1.000000000000000082E-05 ), #748, 'distance_accuracy_value', 'NONE');
#2018 = CARTESIAN_POINT ( 'NONE',  ( -0.002564102564102377618, 0.9499965396663508921, 0.1666666666666667962 ) ) ;
#2019 = CARTESIAN_POINT ( 'NONE',  ( 0.000000000000000000, 0.000000000000000000, -1.074358974358973873 ) ) ;
#2020 = CARTESIAN_POINT ( 'NONE',  ( -0.3051282051282049879, -0.8996648144921751689, 0.3591346153846155520 ) ) ;
#2021 = ORIENTED_EDGE ( 'NONE', *, *, #2386, .F. ) ;
#2022 = SURFACE_SIDE_STYLE ('',( #1069 ) ) ;
#2023 = CARTESIAN_POINT ( 'NONE',  ( -0.1990274846957041932, 0.9289424198464161231, 0.1022752167715626770 ) ) ;
#2024 = CARTESIAN_POINT ( 'NONE',  ( -0.2302862430422914775, -0.9216972990410363664, -0.7721294765450489317 ) ) ;
#2025 =( GEOMETRIC_REPRESENTATION_CONTEXT ( 3 ) GLOBAL_UNCERTAINTY_ASSIGNED_CONTEXT ( ( #2264 ) ) GLOBAL_UNIT_ASSIGNED_CONTEXT ( ( #2149, #497, #1669 ) ) REPRESENTATION_CONTEXT ( 'NONE', 'WORKASPACE' ) );
#2026 = CARTESIAN_POINT ( 'NONE',  ( 0.03846153846153854000, -0.9492211070447030830, -0.4995993589743591423 ) ) ;
#2027 = CARTESIAN_POINT ( 'NONE',  ( 0.01203884833356430595, -0.9499349434419176452, 0.01619211669006527868 ) ) ;
#2028 = AXIS2_PLACEMENT_3D ( 'NONE', #2776, #612, #1570 ) ;
#2029 = CARTESIAN_POINT ( 'NONE',  ( -0.2251053604513622297, -0.9229518108360038608, 0.3961968038829876138 ) ) ;
#2030 =( GEOMETRIC_REPRESENTATION_CONTEXT ( 3 ) GLOBAL_UNCERTAINTY_ASSIGNED_CONTEXT ( ( #902 ) ) GLOBAL_UNIT_ASSIGNED_CONTEXT ( ( #648, #2364, #225 ) ) REPRESENTATION_CONTEXT ( 'NONE', 'WORKASPACE' ) );
#2031 = PRESENTATION_STYLE_ASSIGNMENT (( #1027 ) ) ;
#2032 = AXIS2_PLACEMENT_3D ( 'NONE', #953, #1665, #2624 ) ;
#2033 = SURFACE_STYLE_FILL_AREA ( #1518 ) ;
#2034 = EDGE_LOOP ( 'NONE', ( #1041, #948, #2671, #1592, #2139, #2358 ) ) ;
#2035 = CARTESIAN_POINT ( 'NONE',  ( -0.1410850760339976973, 0.9394809847748201159, 0.09828987632406559205 ) ) ;
#2036 = MECHANICAL_DESIGN_GEOMETRIC_PRESENTATION_REPRESENTATION (  '', ( #2752 ), #1584 ) ;
#2037 = CARTESIAN_POINT ( 'NONE',  ( -0.1826949194570405555, 0.9322720642994382079, 0.2504072301657038757 ) ) ;
#2038 = CARTESIAN_POINT ( 'NONE',  ( -0.2029782022350863357, -0.9280962804973512670, -0.5818290147506799403 ) ) ;
#2039 =( GEOMETRIC_REPRESENTATION_CONTEXT ( 3 ) GLOBAL_UNCERTAINTY_ASSIGNED_CONTEXT ( ( #2637 ) ) GLOBAL_UNIT_ASSIGNED_CONTEXT ( ( #1010, #935, #1421 ) ) REPRESENTATION_CONTEXT ( 'NONE', 'WORKASPACE' ) );
#2040 = EDGE_CURVE ( 'NONE', #3016, #2680, #915, .T. ) ;
#2041 = CARTESIAN_POINT ( 'NONE',  ( 0.000000000000000000, 0.000000000000000000, -3.403937756669170867 ) ) ;
#2042 = CARTESIAN_POINT ( 'NONE',  ( 0.000000000000000000, 0.000000000000000000, -1.949999999999999956 ) ) ;
#2043 = CARTESIAN_POINT ( 'NONE',  ( -0.1577603537989640536, -0.9368093033105784340, 0.1035811158853037900 ) ) ;
#2044 = CARTESIAN_POINT ( 'NONE',  ( -0.2951632272686964820, 0.9030206037766662641, 0.1064183109804884148 ) ) ;
#2045 = ORIENTED_EDGE ( 'NONE', *, *, #580, .F. ) ;
#2046 = CIRCLE ( 'NONE', #265, 0.9499999999999999556 ) ;
#2047 = CARTESIAN_POINT ( 'NONE',  ( -0.01527856760041808142, 0.9498780679852260045, 0.008061337549432672986 ) ) ;
#2048 = CARTESIAN_POINT ( 'NONE',  ( -0.04768225772674595381, 0.9502916597995622050, -0.3111604146409474581 ) ) ;
#2049 = VERTEX_POINT ( 'NONE', #304 ) ;
#2050 = CARTESIAN_POINT ( 'NONE',  ( -0.04553112960663685538, 0.9492380757596493579, -0.8189525958930526928 ) ) ;
#2051 = FILL_AREA_STYLE_COLOUR ( '', #446 ) ;
#2052 = CARTESIAN_POINT ( 'NONE',  ( -0.1552288789457104967, -0.9387370687680233194, -0.6887609846034189465 ) ) ;
#2053 = CARTESIAN_POINT ( 'NONE',  ( -0.08661858974358957464, -0.9460429270973024218, 0.1091346153846155104 ) ) ;
#2054 = CARTESIAN_POINT ( 'NONE',  ( -0.05313085063262041469, -0.9485380094463929934, 0.1505780897612501446 ) ) ;
#2055 = CARTESIAN_POINT ( 'NONE',  ( -0.08513336073564496675, 0.9462172868156522032, -0.6895061211789733635 ) ) ;
#2056 = DIRECTION ( 'NONE',  ( 0.000000000000000000, -1.000000000000000000, 1.700709290173340163E-16 ) ) ;
#2057 = ADVANCED_FACE ( 'NONE', ( #2192 ), #1090, .T. ) ;
#2058 = CARTESIAN_POINT ( 'NONE',  ( 0.03320273410341105513, -0.9494196008341388993, -0.9419288618060448481 ) ) ;
#2059 = CARTESIAN_POINT ( 'NONE',  ( -0.2301100389725374840, -0.9217187292874844395, 0.02360022839506250442 ) ) ;
#2060 = SURFACE_STYLE_FILL_AREA ( #1111 ) ;
#2061 = ORIENTED_EDGE ( 'NONE', *, *, #2150, .T. ) ;
#2062 = CARTESIAN_POINT ( 'NONE',  ( -0.2365905298920402688, 0.9200784920301705583, -0.4734685852659748506 ) ) ;
#2063 = SURFACE_STYLE_FILL_AREA ( #363 ) ;
#2064 = CARTESIAN_POINT ( 'NONE',  ( -0.1561965441865189319, -0.9371403660374523215, 0.1803478561068824759 ) ) ;
#2065 = ORIENTED_EDGE ( 'NONE', *, *, #2508, .F. ) ;
#2066 = CARTESIAN_POINT ( 'NONE',  ( -0.2345865487891833634, -0.9205857032533202311, 0.07210921599188033215 ) ) ;
#2067 =( LENGTH_UNIT ( ) NAMED_UNIT ( * ) SI_UNIT ( .MILLI., .METRE. ) );
#2068 = CARTESIAN_POINT ( 'NONE',  ( -0.1877274226775418053, 0.9313320261110273890, 0.2966398146014207482 ) ) ;
#2069 = CARTESIAN_POINT ( 'NONE',  ( -0.09863782051282046770, -0.9448653768471362291, -0.3871794871794873028 ) ) ;
#2070 = VERTEX_POINT ( 'NONE', #1426 ) ;
#2071 = EDGE_CURVE ( 'NONE', #1189, #1860, #727, .T. ) ;
#2072 = CARTESIAN_POINT ( 'NONE',  ( 0.000000000000000000, 0.000000000000000000, -3.403937756669170867 ) ) ;
#2073 = CARTESIAN_POINT ( 'NONE',  ( -0.1769230769230767664, -0.9333800002421688280, 0.2948717948717950454 ) ) ;
#2074 = ORIENTED_EDGE ( 'NONE', *, *, #1856, .F. ) ;
#2075 =( NAMED_UNIT ( * ) SI_UNIT ( $, .STERADIAN. ) SOLID_ANGLE_UNIT ( ) );
#2076 = CIRCLE ( 'NONE', #2584, 0.9499999999999999556 ) ;
#2077 = CIRCLE ( 'NONE', #1378, 0.2999999999999999889 ) ;
#2078 = ORIENTED_EDGE ( 'NONE', *, *, #2260, .T. ) ;
#2079 = CARTESIAN_POINT ( 'NONE',  ( -0.2999999999999999889, 3.673940397442058882E-17, 1.949999999999999956 ) ) ;
#2080 = PRESENTATION_STYLE_ASSIGNMENT (( #2547 ) ) ;
#2081 =( GEOMETRIC_REPRESENTATION_CONTEXT ( 3 ) GLOBAL_UNCERTAINTY_ASSIGNED_CONTEXT ( ( #1370 ) ) GLOBAL_UNIT_ASSIGNED_CONTEXT ( ( #2777, #2843, #154 ) ) REPRESENTATION_CONTEXT ( 'NONE', 'WORKASPACE' ) );
#2082 = EDGE_LOOP ( 'NONE', ( #2687, #1651, #1692, #2701 ) ) ;
#2083 = CARTESIAN_POINT ( 'NONE',  ( -0.1443598001362976502, -0.9389976238950599186, 0.4153879852118401161 ) ) ;
#2084 = CARTESIAN_POINT ( 'NONE',  ( -0.2544990948435542633, 0.9152914835285668183, -0.7908165446335949644 ) ) ;
#2085 = VERTEX_POINT ( 'NONE', #377 ) ;
#2086 = CARTESIAN_POINT ( 'NONE',  ( -0.2379789000586618186, -0.9197098954183818842, -0.4823585163302920864 ) ) ;
#2087 = EDGE_LOOP ( 'NONE', ( #479, #1496, #1626, #2935, #1637 ) ) ;
#2088 = CARTESIAN_POINT ( 'NONE',  ( 3.673940397442059498E-17, -0.9999999999999997780, 4.110000000000000320 ) ) ;
#2089 = FACE_OUTER_BOUND ( 'NONE', #34, .T. ) ;
#2090 = CARTESIAN_POINT ( 'NONE',  ( -0.3000000000000000444, 0.9013878188659973922, -1.074358974358973873 ) ) ;
#2091 = AXIS2_PLACEMENT_3D ( 'NONE', #783, #1745, #801 ) ;
#2092 = CARTESIAN_POINT ( 'NONE',  ( 0.09238782051282053154, 0.9454969543160309797, -0.8519230769230765610 ) ) ;
#2093 = UNCERTAINTY_MEASURE_WITH_UNIT (LENGTH_MEASURE( 1.000000000000000082E-05 ), #2280, 'distance_accuracy_value', 'NONE');
#2094 = ADVANCED_FACE ( 'NONE', ( #96, #2265 ), #2248, .T. ) ;
#2095 = ORIENTED_EDGE ( 'NONE', *, *, #2167, .F. ) ;
#2096 = SURFACE_STYLE_FILL_AREA ( #2398 ) ;
#2097 = CARTESIAN_POINT ( 'NONE',  ( -0.1798102833716267723, 0.9328327274824601556, 0.2726296118607433039 ) ) ;
#2098 = DIRECTION ( 'NONE',  ( 1.000000000000000000, 0.000000000000000000, 0.000000000000000000 ) ) ;
#2099 = VERTEX_POINT ( 'NONE', #344 ) ;
#2100 = CARTESIAN_POINT ( 'NONE',  ( -0.3051282051282049879, -0.8996648144921751689, 0.04991987179487193671 ) ) ;
#2101 = CARTESIAN_POINT ( 'NONE',  ( -0.3030376206240809611, 0.9003858945045488671, 0.3273219012684254192 ) ) ;
#2102 = B_SPLINE_CURVE_WITH_KNOTS ( 'NONE', 3,
 ( #2718, #1042, #104, #877, #1623, #183, #219, #1844, #426, #2797, #1092, #3015, #1866, #2047, #2273, #2830 ),
 .UNSPECIFIED., .F., .F.,
 ( 4, 3, 3, 3, 3, 4 ),
 ( 0.000000000000000000, 1.653882293778443852E-05, 3.101603317846030045E-05, 4.757338016138128384E-05, 6.971137922967786317E-05, 7.369334534370220336E-05 ),
 .UNSPECIFIED. ) ;
#2103 = VERTEX_POINT ( 'NONE', #2205 ) ;
#2104 = SURFACE_SIDE_STYLE ('',( #2340 ) ) ;
#2105 = ORIENTED_EDGE ( 'NONE', *, *, #1678, .F. ) ;
#2106 = CARTESIAN_POINT ( 'NONE',  ( -0.1889423076923077149, -0.9310213769639800185, -0.7532051282051278607 ) ) ;
#2107 = VERTEX_POINT ( 'NONE', #1793 ) ;
#2108 = CARTESIAN_POINT ( 'NONE',  ( 0.02726245516484463241, -0.9496114424990192981, 0.03004262468039147968 ) ) ;
#2109 = CARTESIAN_POINT ( 'NONE',  ( 0.03810365984261984695, 0.9492356079467203500, -0.5134092065869475530 ) ) ;
#2110 = EDGE_CURVE ( 'NONE', #438, #170, #536, .T. ) ;
#2111 = CARTESIAN_POINT ( 'NONE',  ( 0.000000000000000000, -3.550000000000000266, 3.810000000000000053 ) ) ;
#2112 = CARTESIAN_POINT ( 'NONE',  ( -0.1750801282051280550, 0.9337274488348705770, 0.1051282051282052682 ) ) ;
#2113 = CARTESIAN_POINT ( 'NONE',  ( 0.08942307692307699396, -0.9457819586530552547, -0.5848557692307693179 ) ) ;
#2114 = CARTESIAN_POINT ( 'NONE',  ( -0.07651027949289172791, 0.9469140283742345510, -0.6888688874088734204 ) ) ;
#2115 = CARTESIAN_POINT ( 'NONE',  ( 0.9499999999999999556, 1.163414459189985682E-16, -3.403937756669170867 ) ) ;
#2116 = ORIENTED_EDGE ( 'NONE', *, *, #2932, .T. ) ;
#2117 = CARTESIAN_POINT ( 'NONE',  ( -0.03571525347829081209, 0.9493365726795600645, 0.08379944920265172681 ) ) ;
#2118 = SURFACE_STYLE_USAGE ( .BOTH. , #739 ) ;
#2119 = SURFACE_SIDE_STYLE ('',( #1171 ) ) ;
#2120 = UNCERTAINTY_MEASURE_WITH_UNIT (LENGTH_MEASURE( 1.000000000000000082E-05 ), #1855, 'distance_accuracy_value', 'NONE');
#2121 = CARTESIAN_POINT ( 'NONE',  ( -0.07973517513362735065, 0.9468764337303344769, 0.03300573317720314342 ) ) ;
#2122 = ORIENTED_EDGE ( 'NONE', *, *, #2522, .T. ) ;
#2123 = VECTOR ( 'NONE', #2860, 1000.000000000000000 ) ;
#2124 = CARTESIAN_POINT ( 'NONE',  ( 0.02231034188459698336, 0.9497643539875592067, -0.5611267852520419597 ) ) ;
#2125 = COLOUR_RGB ( '',0.1019607843137254888, 0.1019607843137254888, 0.1019607843137254888 ) ;
#2126 = CARTESIAN_POINT ( 'NONE',  ( 0.07329896861593836188, -0.9472136548175533743, 0.1301692524101057680 ) ) ;
#2127 =( GEOMETRIC_REPRESENTATION_CONTEXT ( 3 ) GLOBAL_UNCERTAINTY_ASSIGNED_CONTEXT ( ( #1853 ) ) GLOBAL_UNIT_ASSIGNED_CONTEXT ( ( #1773, #3066, #2075 ) ) REPRESENTATION_CONTEXT ( 'NONE', 'WORKASPACE' ) );
#2128 = EDGE_CURVE ( 'NONE', #2889, #2625, #1988, .T. ) ;
#2129 = PRESENTATION_LAYER_ASSIGNMENT (  '', '', ( #400 ) ) ;
#2130 = DIRECTION ( 'NONE',  ( 0.000000000000000000, 0.000000000000000000, 1.000000000000000000 ) ) ;
#2131 = CARTESIAN_POINT ( 'NONE',  ( -0.2414247894007295614, -0.9188993139797939635, 0.4752739256516834709 ) ) ;
#2132 = CARTESIAN_POINT ( 'NONE',  ( -0.05344551282051267227, 0.9484954281172642832, 0.3306089743589745167 ) ) ;
#2133 = MECHANICAL_DESIGN_GEOMETRIC_PRESENTATION_REPRESENTATION (  '', ( #1345 ), #2807 ) ;
#2134 = CYLINDRICAL_SURFACE ( 'NONE', #1148, 0.9499999999999999556 ) ;
#2135 = CARTESIAN_POINT ( 'NONE',  ( -0.08661858974358957464, 0.9460429270973024218, 0.1091346153846155104 ) ) ;
#2136 = ORIENTED_EDGE ( 'NONE', *, *, #2325, .F. ) ;
#2137 = VECTOR ( 'NONE', #692, 1000.000000000000000 ) ;
#2138 = CARTESIAN_POINT ( 'NONE',  ( 0.000000000000000000, 0.000000000000000000, -3.403937756669170867 ) ) ;
#2139 = ORIENTED_EDGE ( 'NONE', *, *, #1757, .F. ) ;
#2140 = FILL_AREA_STYLE ('',( #1191 ) ) ;
#2141 = VERTEX_POINT ( 'NONE', #782 ) ;
#2142 =( NAMED_UNIT ( * ) PLANE_ANGLE_UNIT ( ) SI_UNIT ( $, .RADIAN. ) );
#2143 = B_SPLINE_CURVE_WITH_KNOTS ( 'NONE', 3,
 ( #1549, #1320, #1846, #2243, #455, #358, #593, #2832 ),
 .UNSPECIFIED., .F., .F.,
 ( 4, 2, 2, 4 ),
 ( 0.000000000000000000, 0.0001581418292073175449, 0.0002372127438109763173, 0.0003162836584146350898 ),
 .UNSPECIFIED. ) ;
#2144 = CYLINDRICAL_SURFACE ( 'NONE', #209, 0.9499999999999999556 ) ;
#2145 = CARTESIAN_POINT ( 'NONE',  ( 0.09563064579597864434, 0.9451800864944613911, -0.8641909162254554078 ) ) ;
#2146 = ORIENTED_EDGE ( 'NONE', *, *, #1519, .F. ) ;
#2147 = CARTESIAN_POINT ( 'NONE',  ( -0.02675465016409125235, 0.9496231824753649242, 0.08730608302412881661 ) ) ;
#2148 = CARTESIAN_POINT ( 'NONE',  ( -0.1065972591548465520, -0.9440047003829755701, 0.3463318498048221228 ) ) ;
#2149 =( LENGTH_UNIT ( ) NAMED_UNIT ( * ) SI_UNIT ( .MILLI., .METRE. ) );
#2150 = EDGE_CURVE ( 'NONE', #196, #2867, #2613, .T. ) ;
#2151 = CARTESIAN_POINT ( 'NONE',  ( -0.9499999999999999556, 0.000000000000000000, 1.149999999999999911 ) ) ;
#2152 = CARTESIAN_POINT ( 'NONE',  ( -0.1181987272020094265, -0.9426184417857264020, 0.03820862132065914324 ) ) ;
#2153 = CARTESIAN_POINT ( 'NONE',  ( -0.1855769230769229450, 0.9316980227634391598, 0.2282051282051283658 ) ) ;
#2154 = ORIENTED_EDGE ( 'NONE', *, *, #2477, .T. ) ;
#2155 = VERTEX_POINT ( 'NONE', #534 ) ;
#2156 = CARTESIAN_POINT ( 'NONE',  ( -0.2199365079218665586, 0.9242008561239893893, 0.4020246624543649117 ) ) ;
#2157 = CARTESIAN_POINT ( 'NONE',  ( 0.09343364090665580435, -0.9454125731888611828, 0.09654102839677140835 ) ) ;
#2158 = CARTESIAN_POINT ( 'NONE',  ( 0.03846153846153854000, 0.9492211070447030830, -0.4995993589743591423 ) ) ;
#2159 = CARTESIAN_POINT ( 'NONE',  ( -0.2260282448599670313, -0.9227263614844092299, -0.8699705798621144570 ) ) ;
#2160 = ORIENTED_EDGE ( 'NONE', *, *, #795, .T. ) ;
#2161 = DIRECTION ( 'NONE',  ( 1.000000000000000000, 0.000000000000000000, 0.000000000000000000 ) ) ;
#2162 = CARTESIAN_POINT ( 'NONE',  ( -0.3051282051282049879, 0.8996648144921751689, 0.04991987179487193671 ) ) ;
#2163 = CARTESIAN_POINT ( 'NONE',  ( -0.2326788034582845111, -0.9210649132505376313, -0.9084539116075435183 ) ) ;
#2164 = CARTESIAN_POINT ( 'NONE',  ( -0.06817649019180581360, 0.9476012344558756295, 0.1372721630291156847 ) ) ;
#2165 = ORIENTED_EDGE ( 'NONE', *, *, #1420, .F. ) ;
#2166 = VERTEX_POINT ( 'NONE', #1489 ) ;
#2167 = EDGE_CURVE ( 'NONE', #932, #1804, #1050, .T. ) ;
#2168 = EDGE_CURVE ( 'NONE', #1710, #2925, #1898, .T. ) ;
#2169 =( NAMED_UNIT ( * ) SI_UNIT ( $, .STERADIAN. ) SOLID_ANGLE_UNIT ( ) );
#2170 = CARTESIAN_POINT ( 'NONE',  ( 0.000000000000000000, 0.000000000000000000, -3.403937756669170867 ) ) ;
#2171 = CIRCLE ( 'NONE', #773, 0.2999999999999999889 ) ;
#2172 =( NAMED_UNIT ( * ) PLANE_ANGLE_UNIT ( ) SI_UNIT ( $, .RADIAN. ) );
#2173 = AXIS2_PLACEMENT_3D ( 'NONE', #2722, #592, #134 ) ;
#2174 = CARTESIAN_POINT ( 'NONE',  ( -0.03365921406522549841, -0.9494404567849636933, -0.6828224712719760392 ) ) ;
#2175 = SURFACE_STYLE_FILL_AREA ( #1725 ) ;
#2176 = CARTESIAN_POINT ( 'NONE',  ( 0.04442290512310676648, -0.9489608029316842774, 0.1539693614317418635 ) ) ;
#2177 = COLOUR_RGB ( '',0.1019607843137254888, 0.1019607843137254888, 0.1019607843137254888 ) ;
#2178 = CARTESIAN_POINT ( 'NONE',  ( -0.1185242201216903934, -0.9426061861395703678, -0.7413154494306914977 ) ) ;
#2179 = CARTESIAN_POINT ( 'NONE',  ( -0.7500000000000000000, 0.000000000000000000, 1.749999999999999778 ) ) ;
#2180 = CARTESIAN_POINT ( 'NONE',  ( -0.2332654236375287515, -0.9209165255564696340, -0.9255717095488501522 ) ) ;
#2181 = CARTESIAN_POINT ( 'NONE',  ( 0.08942307692307699396, -0.9457819586530552547, -0.5848557692307693179 ) ) ;
#2182 = STYLED_ITEM ( 'NONE', ( #2080 ), #1081 ) ;
#2183 = VERTEX_POINT ( 'NONE', #2737 ) ;
#2184 = PRESENTATION_LAYER_ASSIGNMENT (  '', '', ( #781 ) ) ;
#2185 = AXIS2_PLACEMENT_3D ( 'NONE', #1283, #90, #980 ) ;
#2186 = CARTESIAN_POINT ( 'NONE',  ( -0.1819956783122305688, 0.9324311321191569579, -0.7511069372522862775 ) ) ;
#2187 = CARTESIAN_POINT ( 'NONE',  ( -0.1304262069492326537, 0.9410204908708377225, 0.3102423436114377653 ) ) ;
#2188 = AXIS2_PLACEMENT_3D ( 'NONE', #44, #2684, #1477 ) ;
#2189 = ADVANCED_FACE ( 'NONE', ( #578 ), #1535, .T. ) ;
#2190 = PRODUCT_DEFINITION_FORMATION_WITH_SPECIFIED_SOURCE ( 'ANY', '', #1115, .NOT_KNOWN. ) ;
#2191 = CARTESIAN_POINT ( 'NONE',  ( 0.09960112240222966651, 0.9447646376323750594, 0.03815927808651651404 ) ) ;
#2192 = FACE_OUTER_BOUND ( 'NONE', #2222, .T. ) ;
#2193 = CARTESIAN_POINT ( 'NONE',  ( -0.2195309762572095758, -0.9242975869543880174, 0.3131161796895957639 ) ) ;
#2194 = CARTESIAN_POINT ( 'NONE',  ( 0.09802630214339624892, 0.9449290153699868577, 0.07555172555179286153 ) ) ;
#2195 = CARTESIAN_POINT ( 'NONE',  ( -0.2050828793739273570, 0.9275995971253978567, -0.8415684805822744030 ) ) ;
#2196 = VERTEX_POINT ( 'NONE', #1392 ) ;
#2197 = CARTESIAN_POINT ( 'NONE',  ( -0.3025104088606815345, 0.9005484176226062898, 0.3886470680279286993 ) ) ;
#2198 = DIRECTION ( 'NONE',  ( 1.000000000000000000, 0.000000000000000000, 0.000000000000000000 ) ) ;
#2199 = ORIENTED_EDGE ( 'NONE', *, *, #1163, .F. ) ;
#2200 = VERTEX_POINT ( 'NONE', #1129 ) ;
#2201 = SURFACE_STYLE_USAGE ( .BOTH. , #256 ) ;
#2202 = FILL_AREA_STYLE ('',( #1047 ) ) ;
#2203 = CARTESIAN_POINT ( 'NONE',  ( 0.1011585165825075183, -0.9446488646460915461, -0.4471896416323770107 ) ) ;
#2204 = EDGE_CURVE ( 'NONE', #820, #1466, #2295, .T. ) ;
#2205 = CARTESIAN_POINT ( 'NONE',  ( -0.2999999999999999889, -3.673940397442058882E-17, -1.949999999999999956 ) ) ;
#2206 = CARTESIAN_POINT ( 'NONE',  ( 0.09999999999999999167, -0.9447221813845592120, -0.9276442307692305267 ) ) ;
#2207 = CARTESIAN_POINT ( 'NONE',  ( 0.09143836335494459622, 0.9456136173995997041, 0.1019379010927874418 ) ) ;
#2208 = CARTESIAN_POINT ( 'NONE',  ( -0.1915485709862679298, -0.9304886592286448765, 0.4930897792381501721 ) ) ;
#2209 = CARTESIAN_POINT ( 'NONE',  ( -0.1153846153846152522, -0.9429668024551788319, 0.05873397435897449725 ) ) ;
#2210 = CARTESIAN_POINT ( 'NONE',  ( 0.1027792951162850577, -0.9444246698742255752, -0.5365047281278173541 ) ) ;
#2211 = ORIENTED_EDGE ( 'NONE', *, *, #2346, .F. ) ;
#2212 =( BOUNDED_CURVE ( )  B_SPLINE_CURVE ( 3, ( #1018, #311, #1255, #1432 ),
 .UNSPECIFIED., .F., .F. ) 
 B_SPLINE_CURVE_WITH_KNOTS ( ( 4, 4 ),
 ( 4.693494468858801838, 4.705641290853025183 ),
 .UNSPECIFIED. ) 
 CURVE ( )  GEOMETRIC_REPRESENTATION_ITEM ( )  RATIONAL_B_SPLINE_CURVE ( ( 1.000000000000000000, 0.9999877045974143730, 0.9999877045974143730, 1.000000000000000000 ) ) 
 REPRESENTATION_ITEM ( '' )  );
#2213 = ORIENTED_EDGE ( 'NONE', *, *, #509, .F. ) ;
#2214 =( NAMED_UNIT ( * ) SI_UNIT ( $, .STERADIAN. ) SOLID_ANGLE_UNIT ( ) );
#2215 = CARTESIAN_POINT ( 'NONE',  ( -0.2382600596745661492, -0.9196371207433907680, 0.05770144533898562828 ) ) ;
#2216 = SURFACE_STYLE_USAGE ( .BOTH. , #67 ) ;
#2217 = VERTEX_POINT ( 'NONE', #651 ) ;
#2218 = DIRECTION ( 'NONE',  ( -1.000000000000000000, 0.000000000000000000, 0.000000000000000000 ) ) ;
#2219 = CARTESIAN_POINT ( 'NONE',  ( -0.1411569143318605335, -0.9394544829507869288, 0.09800466366979292132 ) ) ;
#2220 = CARTESIAN_POINT ( 'NONE',  ( -0.1122894772621169379, 0.9433403804017932437, 0.3907610413360225743 ) ) ;
#2221 = EDGE_CURVE ( 'NONE', #791, #436, #1185, .T. ) ;
#2222 = EDGE_LOOP ( 'NONE', ( #901, #1736, #275, #2734, #758 ) ) ;
#2223 = VERTEX_POINT ( 'NONE', #2369 ) ;
#2224 = CARTESIAN_POINT ( 'NONE',  ( -0.01794871794871778087, -0.9498304288261124606, 0.007692307692307823706 ) ) ;
#2225 = CARTESIAN_POINT ( 'NONE',  ( -0.2999999999999999889, -3.673940397442058882E-17, -2.810000000000000053 ) ) ;
#2226 = AXIS2_PLACEMENT_3D ( 'NONE', #1765, #1250, #1507 ) ;
#2227 = CARTESIAN_POINT ( 'NONE',  ( -0.1681089743589742058, -0.9350076859256152284, 0.4948717948717950565 ) ) ;
#2228 = SURFACE_SIDE_STYLE ('',( #2976 ) ) ;
#2229 = ORIENTED_EDGE ( 'NONE', *, *, #407, .F. ) ;
#2230 = UNCERTAINTY_MEASURE_WITH_UNIT (LENGTH_MEASURE( 1.000000000000000082E-05 ), #360, 'distance_accuracy_value', 'NONE');
#2231 = DIRECTION ( 'NONE',  ( -0.000000000000000000, -0.000000000000000000, -1.000000000000000000 ) ) ;
#2232 = CARTESIAN_POINT ( 'NONE',  ( -0.1024038461538461092, -0.9444646379261106839, -0.6897435897435899577 ) ) ;
#2233 = AXIS2_PLACEMENT_3D ( 'NONE', #2303, #179, #1120 ) ;
#2234 = CARTESIAN_POINT ( 'NONE',  ( -0.002564102564102377618, -0.9499965396663508921, 0.1666666666666667962 ) ) ;
#2235 = CARTESIAN_POINT ( 'NONE',  ( -0.2745799588190301344, -0.9094535976135302846, 0.1376087534650224098 ) ) ;
#2236 = CARTESIAN_POINT ( 'NONE',  ( -0.2374843010975431767, 0.9198381520368476005, -0.5338040744776268998 ) ) ;
#2237 = ORIENTED_EDGE ( 'NONE', *, *, #474, .T. ) ;
#2238 = CARTESIAN_POINT ( 'NONE',  ( 0.004041449999221340128, -0.9500308247168144371, -0.8425288581361862761 ) ) ;
#2239 = ADVANCED_FACE ( 'NONE', ( #2886 ), #2439, .T. ) ;
#2240 = ORIENTED_EDGE ( 'NONE', *, *, #474, .F. ) ;
#2241 = CARTESIAN_POINT ( 'NONE',  ( -0.2383594352305045960, -0.9196112171796770873, 0.3617420433546497671 ) ) ;
#2242 = FILL_AREA_STYLE ('',( #1984 ) ) ;
#2243 = CARTESIAN_POINT ( 'NONE',  ( -0.2659925215611641525, 0.9122271362651982463, -0.3750737242915073155 ) ) ;
#2244 = CARTESIAN_POINT ( 'NONE',  ( -0.1327479474531949033, 0.9406849148072051747, 0.2832422682888572352 ) ) ;
#2245 = SURFACE_STYLE_USAGE ( .BOTH. , #361 ) ;
#2246 = CARTESIAN_POINT ( 'NONE',  ( 0.000000000000000000, 0.000000000000000000, -0.9974358974358968899 ) ) ;
#2247 = B_SPLINE_CURVE_WITH_KNOTS ( 'NONE', 3,
 ( #2162, #1934, #737, #1702, #1252, #2665, #922, #1460, #690, #508, #522, #2375, #2416, #18, #290, #1230 ),
 .UNSPECIFIED., .F., .F.,
 ( 4, 3, 3, 3, 3, 4 ),
 ( 0.000000000000000000, 4.591580923391500903E-05, 9.244067217598542067E-05, 0.0001315909301267734590, 0.0001762723731720342035, 0.0001959962643534287534 ),
 .UNSPECIFIED. ) ;
#2248 = CYLINDRICAL_SURFACE ( 'NONE', #2283, 0.9499999999999999556 ) ;
#2249 =( LENGTH_UNIT ( ) NAMED_UNIT ( * ) SI_UNIT ( .MILLI., .METRE. ) );
#2250 = ORIENTED_EDGE ( 'NONE', *, *, #2221, .F. ) ;
#2251 = CARTESIAN_POINT ( 'NONE',  ( -0.3051282051282049879, -0.8996648144921751689, 0.3591346153846155520 ) ) ;
#2252 = CARTESIAN_POINT ( 'NONE',  ( -0.2549163700229973850, -0.9152403490833685984, 0.1575305210192039784 ) ) ;
#2253 = CARTESIAN_POINT ( 'NONE',  ( -0.1062227028984633892, 0.9440427624790747041, 0.3738534195542852490 ) ) ;
#2254 = VERTEX_POINT ( 'NONE', #2704 ) ;
#2255 = CARTESIAN_POINT ( 'NONE',  ( -0.007798134717301015428, -0.9500500854332232237, -0.8349553022589414342 ) ) ;
#2256 = ORIENTED_EDGE ( 'NONE', *, *, #2407, .T. ) ;
#2257 = DIRECTION ( 'NONE',  ( -1.000000000000000000, 0.000000000000000000, 0.000000000000000000 ) ) ;
#2258 = CARTESIAN_POINT ( 'NONE',  ( -0.1900909922882901837, -0.9308381055548499150, 0.4168059744552397028 ) ) ;
#2259 = CARTESIAN_POINT ( 'NONE',  ( 0.000000000000000000, 0.000000000000000000, -0.1051282051282051294 ) ) ;
#2260 = EDGE_CURVE ( 'NONE', #503, #1093, #1499, .T. ) ;
#2261 = EDGE_CURVE ( 'NONE', #971, #1237, #2600, .T. ) ;
#2262 = VERTEX_POINT ( 'NONE', #1096 ) ;
#2263 = LINE ( 'NONE', #125, #1792 ) ;
#2264 = UNCERTAINTY_MEASURE_WITH_UNIT (LENGTH_MEASURE( 1.000000000000000082E-05 ), #2149, 'distance_accuracy_value', 'NONE');
#2265 = FACE_BOUND ( 'NONE', #744, .T. ) ;
#2266 = CARTESIAN_POINT ( 'NONE',  ( -0.2915064102564102755, 0.9041703450011073784, -0.8522435897435893803 ) ) ;
#2267 = CARTESIAN_POINT ( 'NONE',  ( -0.1354260249465614185, -0.9403471286320450595, 0.1730103984684886742 ) ) ;
#2268 = VERTEX_POINT ( 'NONE', #2749 ) ;
#2269 = CARTESIAN_POINT ( 'NONE',  ( -0.1290163877111311086, -0.9411985825016234708, 0.08948208344481675680 ) ) ;
#2270 = CARTESIAN_POINT ( 'NONE',  ( -0.2268196728557765884, 0.9225252495218508875, 0.08398584457700770944 ) ) ;
#2271 = CARTESIAN_POINT ( 'NONE',  ( -0.2143653079171715103, 0.9255206158646001047, 0.3086565098581099398 ) ) ;
#2272 = ORIENTED_EDGE ( 'NONE', *, *, #80, .F. ) ;
#2273 = CARTESIAN_POINT ( 'NONE',  ( -0.01661368632699284850, 0.9498556565986749911, 0.007876817892430233378 ) ) ;
#2274 = VERTEX_POINT ( 'NONE', #2781 ) ;
#2275 = VERTEX_POINT ( 'NONE', #1771 ) ;
#2276 =( GEOMETRIC_REPRESENTATION_CONTEXT ( 3 ) GLOBAL_UNCERTAINTY_ASSIGNED_CONTEXT ( ( #1657 ) ) GLOBAL_UNIT_ASSIGNED_CONTEXT ( ( #1206, #546, #3001 ) ) REPRESENTATION_CONTEXT ( 'NONE', 'WORKASPACE' ) );
#2277 = CARTESIAN_POINT ( 'NONE',  ( -0.03846153846153831796, 0.9492211070447030830, 0.3799679487179488668 ) ) ;
#2278 = COLOUR_RGB ( '',0.1019607843137254888, 0.1019607843137254888, 0.1019607843137254888 ) ;
#2279 = STYLED_ITEM ( 'NONE', ( #2676 ), #1620 ) ;
#2280 =( LENGTH_UNIT ( ) NAMED_UNIT ( * ) SI_UNIT ( .MILLI., .METRE. ) );
#2281 = CARTESIAN_POINT ( 'NONE',  ( -0.1554989083914915249, 0.9372320440294339416, 0.1039074142330233402 ) ) ;
#2282 = ADVANCED_FACE ( 'NONE', ( #862 ), #1833, .T. ) ;
#2283 = AXIS2_PLACEMENT_3D ( 'NONE', #2514, #1033, #2943 ) ;
#2284 = CARTESIAN_POINT ( 'NONE',  ( -0.08661858974358957464, 0.9460429270973024218, 0.1091346153846155104 ) ) ;
#2285 = CARTESIAN_POINT ( 'NONE',  ( -0.2289367029646153240, 0.9220118276750771669, 0.02201212308678836271 ) ) ;
#2286 = VECTOR ( 'NONE', #2056, 1000.000000000000000 ) ;
#2287 = DIRECTION ( 'NONE',  ( -0.000000000000000000, -0.000000000000000000, -1.000000000000000000 ) ) ;
#2288 = CARTESIAN_POINT ( 'NONE',  ( -0.1183949318767974768, -0.9425935710098397591, 0.1615719367884810020 ) ) ;
#2289 = CARTESIAN_POINT ( 'NONE',  ( -0.1927777966689526168, -0.9302737398284789405, 0.1040360326364813404 ) ) ;
#2290 = COLOUR_RGB ( '',0.8313725490196077761, 0.8313725490196077761, 0.8196078431372548767 ) ;
#2291 = DIRECTION ( 'NONE',  ( 0.000000000000000000, 0.000000000000000000, 1.000000000000000000 ) ) ;
#2292 = CARTESIAN_POINT ( 'NONE',  ( -0.1051282051282049629, 0.9441652718070718819, 0.3616185897435899022 ) ) ;
#2293 = CARTESIAN_POINT ( 'NONE',  ( -0.1826949194570405555, -0.9322720642994382079, 0.2504072301657038757 ) ) ;
#2294 = CARTESIAN_POINT ( 'NONE',  ( 0.03846153846153854000, -0.9492211070447030830, -0.4995993589743591423 ) ) ;
#2295 =( BOUNDED_CURVE ( )  B_SPLINE_CURVE ( 3, ( #1151, #2037, #2097, #2353 ),
 .UNSPECIFIED., .F., .F. ) 
 B_SPLINE_CURVE_WITH_KNOTS ( ( 4, 4 ),
 ( 1.374187999359846701, 1.383467808509868613 ),
 .UNSPECIFIED. ) 
 CURVE ( )  GEOMETRIC_REPRESENTATION_ITEM ( )  RATIONAL_B_SPLINE_CURVE ( ( 1.000000000000000000, 0.9999928237747195414, 0.9999928237747195414, 1.000000000000000000 ) ) 
 REPRESENTATION_ITEM ( '' )  );
#2296 = ORIENTED_EDGE ( 'NONE', *, *, #3013, .T. ) ;
#2297 = CARTESIAN_POINT ( 'NONE',  ( -0.2999427011752178185, -0.9014068890676074641, -0.9173260561336453733 ) ) ;
#2298 = FACE_BOUND ( 'NONE', #2998, .T. ) ;
#2299 = EDGE_CURVE ( 'NONE', #103, #338, #1807, .T. ) ;
#2300 = CARTESIAN_POINT ( 'NONE',  ( -0.3013016175947825781, -0.9010111381640805162, -0.4467631029623380656 ) ) ;
#2301 = ORIENTED_EDGE ( 'NONE', *, *, #2664, .T. ) ;
#2302 = CARTESIAN_POINT ( 'NONE',  ( -0.2596153846153846922, 0.9138379791139159547, -0.7958333333333331705 ) ) ;
#2303 = CARTESIAN_POINT ( 'NONE',  ( 0.000000000000000000, 0.000000000000000000, 1.749999999999999778 ) ) ;
#2304 = EDGE_CURVE ( 'NONE', #572, #861, #885, .T. ) ;
#2305 = CARTESIAN_POINT ( 'NONE',  ( -0.1769230769230767664, -0.9333800002421688280, 0.2948717948717950454 ) ) ;
#2306 = ORIENTED_EDGE ( 'NONE', *, *, #1389, .T. ) ;
#2307 = CARTESIAN_POINT ( 'NONE',  ( 0.02948717948717948303, -0.9495422614322601707, -0.8898237179487176185 ) ) ;
#2308 = ORIENTED_EDGE ( 'NONE', *, *, #1263, .F. ) ;
#2309 = CARTESIAN_POINT ( 'NONE',  ( 0.000000000000000000, 0.000000000000000000, -1.749999999999999778 ) ) ;
#2310 = FACE_OUTER_BOUND ( 'NONE', #994, .T. ) ;
#2311 = CARTESIAN_POINT ( 'NONE',  ( -0.2184861391218440307, -0.9245460364923759888, 0.01175469915351556004 ) ) ;
#2312 = B_SPLINE_CURVE_WITH_KNOTS ( 'NONE', 3,
 ( #1829, #909, #2101, #1875, #673, #1636, #894, #1863, #2597, #453, #1396, #2859, #468, #1411, #2549, #2373 ),
 .UNSPECIFIED., .F., .F.,
 ( 4, 3, 3, 3, 3, 4 ),
 ( 5.421010862427521568E-20, 4.728521107357747219E-05, 8.578936014183047591E-05, 0.0001241129334169357112, 0.0001664312286539201585, 0.0001979293770065703665 ),
 .UNSPECIFIED. ) ;
#2313 = VERTEX_POINT ( 'NONE', #1400 ) ;
#2314 = SURFACE_SIDE_STYLE ('',( #1322 ) ) ;
#2315 = CARTESIAN_POINT ( 'NONE',  ( -0.3011557797390407853, -0.9010571070096208279, -0.5530049738241122892 ) ) ;
#2316 = CARTESIAN_POINT ( 'NONE',  ( -0.2995925902175042843, 0.9015243349813926166, -0.8993648425683271608 ) ) ;
#2317 = CARTESIAN_POINT ( 'NONE',  ( -0.2011000990053774251, -0.9284711897415197646, 0.1013154261549190360 ) ) ;
#2318 =( NAMED_UNIT ( * ) PLANE_ANGLE_UNIT ( ) SI_UNIT ( $, .RADIAN. ) );
#2319 = CARTESIAN_POINT ( 'NONE',  ( -0.3029746729828647345, -0.9004088683784664537, 0.3916409632211595993 ) ) ;
#2320 = CARTESIAN_POINT ( 'NONE',  ( -0.2143944391819074813, -0.9254917743815306297, -0.7636921233855618052 ) ) ;
#2321 = DIRECTION ( 'NONE',  ( -0.000000000000000000, -0.000000000000000000, 1.000000000000000000 ) ) ;
#2322 = VERTEX_POINT ( 'NONE', #2090 ) ;
#2323 = CARTESIAN_POINT ( 'NONE',  ( -0.1801282051282049879, -0.9327667606198729588, 0.1820512820512822094 ) ) ;
#2324 = ORIENTED_EDGE ( 'NONE', *, *, #1999, .F. ) ;
#2325 = EDGE_CURVE ( 'NONE', #415, #1020, #457, .T. ) ;
#2326 = ORIENTED_EDGE ( 'NONE', *, *, #1275, .T. ) ;
#2327 = ORIENTED_EDGE ( 'NONE', *, *, #490, .F. ) ;
#2328 = VECTOR ( 'NONE', #277, 1000.000000000000000 ) ;
#2329 = STYLED_ITEM ( 'NONE', ( #2769 ), #566 ) ;
#2330 = ORIENTED_EDGE ( 'NONE', *, *, #2739, .T. ) ;
#2331 = CARTESIAN_POINT ( 'NONE',  ( -0.1814899384592268683, 0.9325211395243313550, 0.4175867577815831622 ) ) ;
#2332 = LINE ( 'NONE', #906, #452 ) ;
#2333 =( GEOMETRIC_REPRESENTATION_CONTEXT ( 3 ) GLOBAL_UNCERTAINTY_ASSIGNED_CONTEXT ( ( #1629 ) ) GLOBAL_UNIT_ASSIGNED_CONTEXT ( ( #1706, #1031, #1262 ) ) REPRESENTATION_CONTEXT ( 'NONE', 'WORKASPACE' ) );
#2334 = ORIENTED_EDGE ( 'NONE', *, *, #317, .F. ) ;
#2335 = CARTESIAN_POINT ( 'NONE',  ( -0.1167699763230782978, -0.9428099292263747433, 0.3979814509916886900 ) ) ;
#2336 = SURFACE_STYLE_USAGE ( .BOTH. , #2022 ) ;
#2337 = CARTESIAN_POINT ( 'NONE',  ( -0.2977923710893177200, -0.9021195617654492738, 0.4067752842223704146 ) ) ;
#2338 = PRESENTATION_LAYER_ASSIGNMENT (  '', '', ( #1146 ) ) ;
#2339 = CARTESIAN_POINT ( 'NONE',  ( -0.1889423076923077149, -0.9310213769639800185, -0.7532051282051278607 ) ) ;
#2340 = SURFACE_STYLE_FILL_AREA ( #1382 ) ;
#2341 = ORIENTED_EDGE ( 'NONE', *, *, #850, .T. ) ;
#2342 = CIRCLE ( 'NONE', #1038, 0.2999999999999999889 ) ;
#2343 = DIRECTION ( 'NONE',  ( 1.000000000000000000, 0.000000000000000000, 0.000000000000000000 ) ) ;
#2344 = B_SPLINE_CURVE_WITH_KNOTS ( 'NONE', 3,
 ( #81, #3037, #2300, #195, #2529, #1086, #856, #1825 ),
 .UNSPECIFIED., .F., .F.,
 ( 4, 2, 2, 4 ),
 ( 0.000000000000000000, 7.872326390875296288E-05, 0.0001574465278175059258, 0.0003148930556350119057 ),
 .UNSPECIFIED. ) ;
#2345 = DIRECTION ( 'NONE',  ( -1.000000000000000000, 0.000000000000000000, 0.000000000000000000 ) ) ;
#2346 = EDGE_CURVE ( 'NONE', #2183, #443, #3044, .T. ) ;
#2347 = ORIENTED_EDGE ( 'NONE', *, *, #208, .T. ) ;
#2348 = DIRECTION ( 'NONE',  ( 0.000000000000000000, -1.000000000000000000, -1.700709290173340163E-16 ) ) ;
#2349 = UNCERTAINTY_MEASURE_WITH_UNIT (LENGTH_MEASURE( 1.000000000000000082E-05 ), #2067, 'distance_accuracy_value', 'NONE');
#2350 = ADVANCED_FACE ( 'NONE', ( #2310 ), #2134, .T. ) ;
#2351 = VERTEX_POINT ( 'NONE', #1848 ) ;
#2352 = CARTESIAN_POINT ( 'NONE',  ( 0.03757959964326700042, -0.9492568423686746915, -0.5336316817791029177 ) ) ;
#2353 = CARTESIAN_POINT ( 'NONE',  ( -0.1769230769230767664, 0.9333800002421688280, 0.2948717948717950454 ) ) ;
#2354 = CARTESIAN_POINT ( 'NONE',  ( 0.2999999999999999889, 0.000000000000000000, -1.949999999999999956 ) ) ;
#2355 = ORIENTED_EDGE ( 'NONE', *, *, #2509, .T. ) ;
#2356 = CARTESIAN_POINT ( 'NONE',  ( -0.3045706553421508866, -0.8998539117679029697, 0.01666325927474723856 ) ) ;
#2357 = CARTESIAN_POINT ( 'NONE',  ( -0.3051282051282049879, 0.8996648144921751689, 0.04991987179487193671 ) ) ;
#2358 = ORIENTED_EDGE ( 'NONE', *, *, #1976, .F. ) ;
#2359 = CARTESIAN_POINT ( 'NONE',  ( -0.03131110350267320847, 0.9494948091191617312, 0.08589372209905690725 ) ) ;
#2360 = ORIENTED_EDGE ( 'NONE', *, *, #1757, .T. ) ;
#2361 = CARTESIAN_POINT ( 'NONE',  ( 0.007643362099628414792, 0.9507819365958112279, -0.3233321431562594106 ) ) ;
#2362 = CARTESIAN_POINT ( 'NONE',  ( -0.03950719886575621009, -0.9491781609570366651, 0.3668848656883417769 ) ) ;
#2363 = DIRECTION ( 'NONE',  ( 0.000000000000000000, -1.000000000000000000, 1.700709290173340163E-16 ) ) ;
#2364 =( NAMED_UNIT ( * ) PLANE_ANGLE_UNIT ( ) SI_UNIT ( $, .RADIAN. ) );
#2365 = B_SPLINE_CURVE_WITH_KNOTS ( 'NONE', 3,
 ( #818, #1751, #1279, #849, #1569, #1057, #2270, #382, #790, #1328, #131, #2023, #1070, #585, #1295, #571 ),
 .UNSPECIFIED., .F., .F.,
 ( 4, 3, 3, 3, 3, 4 ),
 ( 0.000000000000000000, 1.757214135805671326E-05, 3.512383527831317281E-05, 5.518459742093687742E-05, 7.570382939332324338E-05, 9.314814863522596347E-05 ),
 .UNSPECIFIED. ) ;
#2366 = ORIENTED_EDGE ( 'NONE', *, *, #441, .T. ) ;
#2367 = CARTESIAN_POINT ( 'NONE',  ( -0.1946688633026154858, 0.9298718271150380188, 0.4153513313023922682 ) ) ;
#2368 = EDGE_CURVE ( 'NONE', #2009, #718, #2910, .T. ) ;
#2369 = CARTESIAN_POINT ( 'NONE',  ( -0.009294871794871612664, 0.9499545280476939801, 0.08974358974358988272 ) ) ;
#2370 = CARTESIAN_POINT ( 'NONE',  ( 0.000000000000000000, -0.9999999999999997780, 3.809999999999999609 ) ) ;
#2371 = CARTESIAN_POINT ( 'NONE',  ( -0.002564102564102377618, -0.9499965396663508921, 0.1666666666666667962 ) ) ;
#2372 = PRESENTATION_STYLE_ASSIGNMENT (( #1410 ) ) ;
#2373 = CARTESIAN_POINT ( 'NONE',  ( -0.1855769230769229450, 0.9316980227634391598, 0.2282051282051283658 ) ) ;
#2374 = ORIENTED_EDGE ( 'NONE', *, *, #1819, .T. ) ;
#2375 = CARTESIAN_POINT ( 'NONE',  ( -0.2198583553906679200, 0.9243235862703156336, -0.07306016938046631937 ) ) ;
#2376 = CARTESIAN_POINT ( 'NONE',  ( 0.1040152392671217368, 0.9442917201085592183, -0.5293042754490039359 ) ) ;
#2377 =( NAMED_UNIT ( * ) SI_UNIT ( $, .STERADIAN. ) SOLID_ANGLE_UNIT ( ) );
#2378 = CARTESIAN_POINT ( 'NONE',  ( -0.03866186534467774133, -0.9492129899895053180, 0.3755975871655681808 ) ) ;
#2379 = CARTESIAN_POINT ( 'NONE',  ( -0.08285742779494552346, 0.9463797581622297450, 0.1155840320060683990 ) ) ;
#2380 = ORIENTED_EDGE ( 'NONE', *, *, #2524, .T. ) ;
#2381 = UNCERTAINTY_MEASURE_WITH_UNIT (LENGTH_MEASURE( 1.000000000000000082E-05 ), #1273, 'distance_accuracy_value', 'NONE');
#2382 = CYLINDRICAL_SURFACE ( 'NONE', #2173, 0.2999999999999999889 ) ;
#2383 = ORIENTED_EDGE ( 'NONE', *, *, #580, .T. ) ;
#2384 = AXIS2_PLACEMENT_3D ( 'NONE', #2179, #56, #753 ) ;
#2385 = CIRCLE ( 'NONE', #1235, 0.2000000000000000944 ) ;
#2386 = EDGE_CURVE ( 'NONE', #2351, #1628, #2342, .T. ) ;
#2387 = AXIS2_PLACEMENT_3D ( 'NONE', #2370, #670, #1393 ) ;
#2388 = CARTESIAN_POINT ( 'NONE',  ( 0.03233466576793626868, -0.9494526357006950468, 0.06318023851908649569 ) ) ;
#2389 = PRESENTATION_LAYER_ASSIGNMENT (  '', '', ( #2750 ) ) ;
#2390 =( LENGTH_UNIT ( ) NAMED_UNIT ( * ) SI_UNIT ( .MILLI., .METRE. ) );
#2391 = CARTESIAN_POINT ( 'NONE',  ( -0.05864731740505276653, 0.9481903932693501735, 0.05031157554964914291 ) ) ;
#2392 = CARTESIAN_POINT ( 'NONE',  ( -0.2536858974358973118, 0.9155017561109008994, 0.4665064102564104309 ) ) ;
#2393 = CARTESIAN_POINT ( 'NONE',  ( 0.000000000000000000, 0.000000000000000000, 1.949999999999999956 ) ) ;
#2394 = CARTESIAN_POINT ( 'NONE',  ( 0.1043031867505436194, -0.9442567686988966313, -0.5221577055941167833 ) ) ;
#2395 = CARTESIAN_POINT ( 'NONE',  ( -0.1986697673539854214, -0.9290321801465356577, 0.001550018055727862875 ) ) ;
#2396 = COLOUR_RGB ( '',0.1019607843137254888, 0.1019607843137254888, 0.1019607843137254888 ) ;
#2397 = ORIENTED_EDGE ( 'NONE', *, *, #1857, .T. ) ;
#2398 = FILL_AREA_STYLE ('',( #1899 ) ) ;
#2399 = CARTESIAN_POINT ( 'NONE',  ( -0.3051282051282049879, 0.8996648144921751689, 0.3591346153846155520 ) ) ;
#2400 = CARTESIAN_POINT ( 'NONE',  ( -0.0007211538461537750702, 0.9499997262826606059, -0.6718750000000001110 ) ) ;
#2401 = CARTESIAN_POINT ( 'NONE',  ( 0.09749033067336075609, 0.9449851451989875750, -0.8768416088632051686 ) ) ;
#2402 =( NAMED_UNIT ( * ) PLANE_ANGLE_UNIT ( ) SI_UNIT ( $, .RADIAN. ) );
#2403 = VERTEX_POINT ( 'NONE', #2418 ) ;
#2404 = CARTESIAN_POINT ( 'NONE',  ( -0.1126476104796428068, -0.9433034155860137160, 0.3310249711982402032 ) ) ;
#2405 = B_SPLINE_CURVE_WITH_KNOTS ( 'NONE', 3,
 ( #2741, #764, #2502, #1278, #366, #2251 ),
 .UNSPECIFIED., .F., .F.,
 ( 4, 2, 4 ),
 ( 1.459651845771927861E-19, 9.856942327389901478E-05, 0.0001971388465477978669 ),
 .UNSPECIFIED. ) ;
#2406 = SURFACE_STYLE_FILL_AREA ( #267 ) ;
#2407 = EDGE_CURVE ( 'NONE', #1237, #971, #987, .T. ) ;
#2408 = CARTESIAN_POINT ( 'NONE',  ( -0.1153846153846152522, -0.9429668024551788319, 0.05873397435897449725 ) ) ;
#2409 = EDGE_CURVE ( 'NONE', #866, #1589, #630, .T. ) ;
#2410 = CARTESIAN_POINT ( 'NONE',  ( -0.2067899701392927614, -0.9272497435499574836, 0.004518855567741204317 ) ) ;
#2411 =( NAMED_UNIT ( * ) PLANE_ANGLE_UNIT ( ) SI_UNIT ( $, .RADIAN. ) );
#2412 = ORIENTED_EDGE ( 'NONE', *, *, #2204, .F. ) ;
#2413 = CARTESIAN_POINT ( 'NONE',  ( -0.1438109117763197720, 0.9390518737833122298, -0.3911164569514587463 ) ) ;
#2414 = CARTESIAN_POINT ( 'NONE',  ( 0.1000000000000001582, -0.9447221813845592120, 0.05096153846153859968 ) ) ;
#2415 = CARTESIAN_POINT ( 'NONE',  ( -0.2384615384615383360, -0.9195847403445516210, 0.3559294871794874138 ) ) ;
#2416 = CARTESIAN_POINT ( 'NONE',  ( -0.2056504726958095219, 0.9274739258225708216, -0.07634671182070369710 ) ) ;
#2417 = CARTESIAN_POINT ( 'NONE',  ( 0.1015751955521499439, 0.9445541168448435831, -0.5434330032652522346 ) ) ;
#2418 = CARTESIAN_POINT ( 'NONE',  ( -0.3000000000000000444, -0.9013878188659973922, -0.9233173076923076872 ) ) ;
#2419 = CARTESIAN_POINT ( 'NONE',  ( -0.2384615384615383360, 0.9195847403445516210, 0.3559294871794874138 ) ) ;
#2420 = EDGE_CURVE ( 'NONE', #1125, #1472, #1248, .T. ) ;
#2421 = ORIENTED_EDGE ( 'NONE', *, *, #887, .T. ) ;
#2422 = CARTESIAN_POINT ( 'NONE',  ( -0.04319960993991002474, -0.9490172778727620218, 0.07839922069850918662 ) ) ;
#2423 = CARTESIAN_POINT ( 'NONE',  ( -0.1118473067993798892, 0.9433967261296104523, 0.3328811416898828646 ) ) ;
#2424 = VECTOR ( 'NONE', #1366, 1000.000000000000000 ) ;
#2425 = CARTESIAN_POINT ( 'NONE',  ( 0.08933736702536121399, 0.9457900585503351554, -0.002785189120435089833 ) ) ;
#2426 = MECHANICAL_DESIGN_GEOMETRIC_PRESENTATION_REPRESENTATION (  '', ( #675 ), #1837 ) ;
#2427 = CARTESIAN_POINT ( 'NONE',  ( 0.01039106258370208272, 0.9500406560228024100, -0.4216714060176351975 ) ) ;
#2428 = CARTESIAN_POINT ( 'NONE',  ( 0.09918598417632246145, 0.9448081629561873029, -0.8958240113664395210 ) ) ;
#2429 = CARTESIAN_POINT ( 'NONE',  ( -0.2946362774865043388, 0.9031561159157843743, -0.8637969869464798833 ) ) ;
#2430 =( GEOMETRIC_REPRESENTATION_CONTEXT ( 3 ) GLOBAL_UNCERTAINTY_ASSIGNED_CONTEXT ( ( #2568 ) ) GLOBAL_UNIT_ASSIGNED_CONTEXT ( ( #1434, #2411, #975 ) ) REPRESENTATION_CONTEXT ( 'NONE', 'WORKASPACE' ) );
#2431 = ORIENTED_EDGE ( 'NONE', *, *, #2477, .F. ) ;
#2432 = CARTESIAN_POINT ( 'NONE',  ( -0.2536858974358973118, -0.9155017561109008994, 0.4665064102564104309 ) ) ;
#2433 = CARTESIAN_POINT ( 'NONE',  ( 0.09867671153590124034, 0.9448633903501548748, -0.5575705489912419210 ) ) ;
#2434 = PLANE ( 'NONE',  #1986 ) ;
#2435 = CARTESIAN_POINT ( 'NONE',  ( -0.2294871794871795323, 0.9218653016851318105, -0.8829326923076920020 ) ) ;
#2436 = ORIENTED_EDGE ( 'NONE', *, *, #1759, .T. ) ;
#2437 =( GEOMETRIC_REPRESENTATION_CONTEXT ( 3 ) GLOBAL_UNCERTAINTY_ASSIGNED_CONTEXT ( ( #2017 ) ) GLOBAL_UNIT_ASSIGNED_CONTEXT ( ( #748, #70, #1697 ) ) REPRESENTATION_CONTEXT ( 'NONE', 'WORKASPACE' ) );
#2438 = VERTEX_POINT ( 'NONE', #279 ) ;
#2439 = CYLINDRICAL_SURFACE ( 'NONE', #214, 0.2999999999999999334 ) ;
#2440 = EDGE_CURVE ( 'NONE', #1021, #2950, #1799, .T. ) ;
#2441 = STYLED_ITEM ( 'NONE', ( #1892 ), #2350 ) ;
#2442 = CARTESIAN_POINT ( 'NONE',  ( -0.2378153068599317410, -0.9197533033392569779, 0.3676185391133483527 ) ) ;
#2443 = CARTESIAN_POINT ( 'NONE',  ( -0.01956219184885760881, 0.9498462956748503494, -0.5980632773147198655 ) ) ;
#2444 = MECHANICAL_DESIGN_GEOMETRIC_PRESENTATION_REPRESENTATION (  '', ( #1253 ), #3058 ) ;
#2445 = ADVANCED_FACE ( 'NONE', ( #2933 ), #1716, .F. ) ;
#2446 = CARTESIAN_POINT ( 'NONE',  ( -0.1210737179487177823, -0.9422532328530761614, 0.02820512820512834778 ) ) ;
#2447 = PRESENTATION_STYLE_ASSIGNMENT (( #2216 ) ) ;
#2448 = CARTESIAN_POINT ( 'NONE',  ( 0.06402243589743610019, 0.9478402437656668900, 0.1392628205128206564 ) ) ;
#2449 = CARTESIAN_POINT ( 'NONE',  ( -0.2347283588889068628, -0.9205447286974615118, 0.3356044760355877399 ) ) ;
#2450 = CARTESIAN_POINT ( 'NONE',  ( -0.04481558078267183776, 0.9489423395124773064, 0.4178122573773574433 ) ) ;
#2451 = FACE_OUTER_BOUND ( 'NONE', #87, .T. ) ;
#2452 = EDGE_LOOP ( 'NONE', ( #2397, #3014, #1527, #1558 ) ) ;
#2453 = DIRECTION ( 'NONE',  ( 1.000000000000000000, 0.000000000000000000, 0.000000000000000000 ) ) ;
#2454 = CARTESIAN_POINT ( 'NONE',  ( 0.09999999999999999167, 0.9447221813845592120, -1.074358974358973873 ) ) ;
#2455 = ORIENTED_EDGE ( 'NONE', *, *, #2762, .T. ) ;
#2456 = CARTESIAN_POINT ( 'NONE',  ( -3.673940397442059498E-17, -3.550000000000000266, -4.110000000000000320 ) ) ;
#2457 = ORIENTED_EDGE ( 'NONE', *, *, #921, .F. ) ;
#2458 = CARTESIAN_POINT ( 'NONE',  ( 0.003811691662225471806, 0.9500117149079565504, 0.08877861930186456418 ) ) ;
#2459 = CARTESIAN_POINT ( 'NONE',  ( -0.1205181409974163953, 0.9423244545753605150, 0.3206867581755125096 ) ) ;
#2460 = CARTESIAN_POINT ( 'NONE',  ( 0.000000000000000000, -1.000000000000000000, 2.810000000000000053 ) ) ;
#2461 = EDGE_CURVE ( 'NONE', #2625, #2889, #789, .T. ) ;
#2462 = PRESENTATION_STYLE_ASSIGNMENT (( #553 ) ) ;
#2463 = CARTESIAN_POINT ( 'NONE',  ( 0.09238782051282053154, -0.9454969543160309797, -0.8519230769230765610 ) ) ;
#2464 = CARTESIAN_POINT ( 'NONE',  ( -0.1972811383960085818, 0.9293244830663140998, -0.8356208352875809098 ) ) ;
#2465 = ORIENTED_EDGE ( 'NONE', *, *, #2540, .T. ) ;
#2466 = CARTESIAN_POINT ( 'NONE',  ( 0.000000000000000000, 0.000000000000000000, -2.810000000000000053 ) ) ;
#2467 = CARTESIAN_POINT ( 'NONE',  ( -0.1193860514449007620, -0.9424685515838751027, 0.07667252696673650114 ) ) ;
#2468 = CARTESIAN_POINT ( 'NONE',  ( 0.2999999999999999889, 0.000000000000000000, 1.949999999999999956 ) ) ;
#2469 = DIRECTION ( 'NONE',  ( 0.000000000000000000, -1.000000000000000000, 0.000000000000000000 ) ) ;
#2470 = CARTESIAN_POINT ( 'NONE',  ( 0.02683351531675197063, -0.9498259772655612831, -0.3406914718949784482 ) ) ;
#2471 = DIRECTION ( 'NONE',  ( -0.000000000000000000, -0.000000000000000000, -1.000000000000000000 ) ) ;
#2472 = DIRECTION ( 'NONE',  ( 0.000000000000000000, 0.000000000000000000, 1.000000000000000000 ) ) ;
#2473 = VERTEX_POINT ( 'NONE', #2435 ) ;
#2474 = CARTESIAN_POINT ( 'NONE',  ( 0.09238782051282053154, -0.9454969543160309797, -0.8519230769230765610 ) ) ;
#2475 = CARTESIAN_POINT ( 'NONE',  ( 0.09975351794705522579, -0.9447489171457753576, -0.9022236855749873330 ) ) ;
#2476 = B_SPLINE_CURVE_WITH_KNOTS ( 'NONE', 3,
 ( #3063, #2818, #2844, #645, #676, #664, #1607, #1818, #2563, #1367 ),
 .UNSPECIFIED., .F., .F.,
 ( 4, 3, 3, 4 ),
 ( 0.000000000000000000, 1.747198143736281901E-05, 3.490454424928384077E-05, 6.967682593928877920E-05 ),
 .UNSPECIFIED. ) ;
#2477 = EDGE_CURVE ( 'NONE', #2313, #1479, #2212, .T. ) ;
#2478 = CARTESIAN_POINT ( 'NONE',  ( -0.04918072667590473596, 0.9487361873151721747, 0.4299486710105612230 ) ) ;
#2479 = EDGE_LOOP ( 'NONE', ( #1361, #2301, #16, #25 ) ) ;
#2480 = DIRECTION ( 'NONE',  ( -0.000000000000000000, -0.000000000000000000, 1.000000000000000000 ) ) ;
#2481 = CARTESIAN_POINT ( 'NONE',  ( 0.9499999999999999556, 1.163414459189985682E-16, -3.403937756669170867 ) ) ;
#2482 = CARTESIAN_POINT ( 'NONE',  ( -0.2368797715497569512, 0.9201009773178342455, 0.1694532545418101499 ) ) ;
#2483 = B_SPLINE_CURVE_WITH_KNOTS ( 'NONE', 3,
 ( #2227, #1272, #2523, #2960, #1305, #1079 ),
 .UNSPECIFIED., .F., .F.,
 ( 4, 2, 4 ),
 ( 5.421010862427521568E-20, 9.600879104203113358E-05, 0.0001920175820840622129 ),
 .UNSPECIFIED. ) ;
#2484 = AXIS2_PLACEMENT_3D ( 'NONE', #1030, #2471, #604 ) ;
#2485 = ORIENTED_EDGE ( 'NONE', *, *, #674, .F. ) ;
#2486 = PRESENTATION_LAYER_ASSIGNMENT (  '', '', ( #6 ) ) ;
#2487 = CARTESIAN_POINT ( 'NONE',  ( -0.0004862069363093502426, -0.9500327800093409936, 0.01037583259677868353 ) ) ;
#2488 = AXIS2_PLACEMENT_3D ( 'NONE', #2535, #399, #1347 ) ;
#2489 = CARTESIAN_POINT ( 'NONE',  ( 0.02948717948717948303, 0.9495422614322601707, -0.8898237179487176185 ) ) ;
#2490 = CARTESIAN_POINT ( 'NONE',  ( -0.0007211538461537750702, -0.9499997262826606059, -0.6718750000000001110 ) ) ;
#2491 = CARTESIAN_POINT ( 'NONE',  ( 0.002747545858864670898, -0.9503361538705916711, -0.3280932991093420403 ) ) ;
#2492 = FILL_AREA_STYLE_COLOUR ( '', #2125 ) ;
#2493 =( GEOMETRIC_REPRESENTATION_CONTEXT ( 3 ) GLOBAL_UNCERTAINTY_ASSIGNED_CONTEXT ( ( #1159 ) ) GLOBAL_UNIT_ASSIGNED_CONTEXT ( ( #1144, #944, #2564 ) ) REPRESENTATION_CONTEXT ( 'NONE', 'WORKASPACE' ) );
#2494 = DIRECTION ( 'NONE',  ( 0.000000000000000000, -1.000000000000000000, -1.700709290173340163E-16 ) ) ;
#2495 = VERTEX_POINT ( 'NONE', #1963 ) ;
#2496 = UNCERTAINTY_MEASURE_WITH_UNIT (LENGTH_MEASURE( 1.000000000000000082E-05 ), #380, 'distance_accuracy_value', 'NONE');
#2497 = SURFACE_STYLE_FILL_AREA ( #1015 ) ;
#2498 = CARTESIAN_POINT ( 'NONE',  ( -0.2380793941897289823, -0.9196838358460011076, -0.5129749589872423243 ) ) ;
#2499 = FILL_AREA_STYLE_COLOUR ( '', #2177 ) ;
#2500 = CARTESIAN_POINT ( 'NONE',  ( 0.000000000000000000, 0.000000000000000000, -3.403937756669170867 ) ) ;
#2501 = VERTEX_POINT ( 'NONE', #2454 ) ;
#2502 = CARTESIAN_POINT ( 'NONE',  ( -0.2491421607516938475, -0.9170522082916860995, 0.2448638921904816024 ) ) ;
#2503 = CARTESIAN_POINT ( 'NONE',  ( -0.2301502614754755704, -0.9217986233188054657, 0.1729651322743100406 ) ) ;
#2504 = CARTESIAN_POINT ( 'NONE',  ( -0.1682307268783803933, 0.9353977304755567435, -0.6074607322053227065 ) ) ;
#2505 = ORIENTED_EDGE ( 'NONE', *, *, #1999, .T. ) ;
#2506 = CARTESIAN_POINT ( 'NONE',  ( -0.1001602564102564014, -0.9447052043022901024, -0.8179487179487175963 ) ) ;
#2507 = EDGE_LOOP ( 'NONE', ( #1296, #1436, #841, #28, #365, #199, #1690, #2347, #1404, #1754, #1398, #573, #1126, #174, #222, #1674 ) ) ;
#2508 = EDGE_CURVE ( 'NONE', #1539, #314, #1922, .T. ) ;
#2509 = EDGE_CURVE ( 'NONE', #1854, #1994, #2745, .T. ) ;
#2510 = EDGE_LOOP ( 'NONE', ( #3075, #568 ) ) ;
#2511 = CARTESIAN_POINT ( 'NONE',  ( -0.1256410256410255277, -0.9416551028247397426, -0.1051282051282051294 ) ) ;
#2512 = ORIENTED_EDGE ( 'NONE', *, *, #887, .F. ) ;
#2513 = CARTESIAN_POINT ( 'NONE',  ( -0.1166935627416570836, 0.9428059315008613384, 0.07022387116917798433 ) ) ;
#2514 = CARTESIAN_POINT ( 'NONE',  ( 0.000000000000000000, 0.000000000000000000, -3.403937756669170867 ) ) ;
#2515 = CARTESIAN_POINT ( 'NONE',  ( -0.1405608452257428309, -0.9395438514464080626, -0.6094604871755912034 ) ) ;
#2516 = ORIENTED_EDGE ( 'NONE', *, *, #2885, .T. ) ;
#2517 = CARTESIAN_POINT ( 'NONE',  ( 0.000000000000000000, 0.000000000000000000, 1.949999999999999956 ) ) ;
#2518 = DIRECTION ( 'NONE',  ( 0.000000000000000000, 0.000000000000000000, 1.000000000000000000 ) ) ;
#2519 = CARTESIAN_POINT ( 'NONE',  ( -0.1889423076923077149, -0.9310213769639800185, -0.7532051282051278607 ) ) ;
#2520 = EDGE_LOOP ( 'NONE', ( #538, #246, #2199, #1175, #853 ) ) ;
#2521 = VERTEX_POINT ( 'NONE', #1217 ) ;
#2522 = EDGE_CURVE ( 'NONE', #2625, #438, #2982, .T. ) ;
#2523 = CARTESIAN_POINT ( 'NONE',  ( -0.1036415963104232729, -0.9446587913055584096, 0.4862343303415766482 ) ) ;
#2524 = EDGE_CURVE ( 'NONE', #2501, #38, #2761, .T. ) ;
#2525 = CARTESIAN_POINT ( 'NONE',  ( -0.2989430299524589163, -0.9017391696279752900, -0.8933734339803507396 ) ) ;
#2526 = EDGE_LOOP ( 'NONE', ( #1676, #2897, #2720, #1867, #1007, #1933, #2748, #732, #1073 ) ) ;
#2527 = FACE_BOUND ( 'NONE', #410, .T. ) ;
#2528 = FACE_OUTER_BOUND ( 'NONE', #2709, .T. ) ;
#2529 = CARTESIAN_POINT ( 'NONE',  ( -0.2662506531480444139, -0.9121483728105368449, -0.3754151509146977372 ) ) ;
#2530 = ORIENTED_EDGE ( 'NONE', *, *, #21, .F. ) ;
#2531 = CARTESIAN_POINT ( 'NONE',  ( -0.1634663206528189916, -0.9358359975152207300, 0.4178423952980023781 ) ) ;
#2532 = CARTESIAN_POINT ( 'NONE',  ( -0.1320524785925844546, 0.9407920503872053697, 0.4104701081965700382 ) ) ;
#2533 = FACE_OUTER_BOUND ( 'NONE', #2034, .T. ) ;
#2534 = CIRCLE ( 'NONE', #1178, 0.7500000000000000000 ) ;
#2535 = CARTESIAN_POINT ( 'NONE',  ( 0.000000000000000000, 0.000000000000000000, 1.949999999999999956 ) ) ;
#2536 = CARTESIAN_POINT ( 'NONE',  ( 0.1051282051282051849, 0.9441652718070718819, -0.5005608974358976004 ) ) ;
#2537 = CARTESIAN_POINT ( 'NONE',  ( 0.02373467285388643905, 0.9497087246957098827, 0.07767598888693932890 ) ) ;
#2538 = ORIENTED_EDGE ( 'NONE', *, *, #1911, .T. ) ;
#2539 = CARTESIAN_POINT ( 'NONE',  ( -0.04529215369443012618, 0.9489216027845028822, 0.3460904658360715591 ) ) ;
#2540 = EDGE_CURVE ( 'NONE', #1918, #2099, #1008, .T. ) ;
#2541 = COLOUR_RGB ( '',1.000000000000000000, 0.4549019607843137192, 0.4352941176470588314 ) ;
#2542 = ORIENTED_EDGE ( 'NONE', *, *, #1660, .F. ) ;
#2543 = DIRECTION ( 'NONE',  ( 1.000000000000000000, 0.000000000000000000, 0.000000000000000000 ) ) ;
#2544 = ADVANCED_FACE ( 'NONE', ( #1542 ), #2810, .T. ) ;
#2545 = EDGE_CURVE ( 'NONE', #1544, #647, #1980, .T. ) ;
#2546 = DIRECTION ( 'NONE',  ( -0.000000000000000000, -0.000000000000000000, -1.000000000000000000 ) ) ;
#2547 = SURFACE_STYLE_USAGE ( .BOTH. , #2556 ) ;
#2548 = CARTESIAN_POINT ( 'NONE',  ( -0.1064404849390744867, -0.9440240093616227846, 0.3782144404328321441 ) ) ;
#2549 = CARTESIAN_POINT ( 'NONE',  ( -0.1958757281774840819, 0.9296466922730486360, 0.2296316544789897829 ) ) ;
#2550 = CARTESIAN_POINT ( 'NONE',  ( 0.03274199118246460399, -0.9494356018253192753, -0.9244866528771318315 ) ) ;
#2551 = CARTESIAN_POINT ( 'NONE',  ( -0.04510673869506134220, -0.9489320559441903891, 0.3458397582380966506 ) ) ;
#2552 = CARTESIAN_POINT ( 'NONE',  ( -0.2139614720058996000, -0.9255919665257771323, 0.008955510498023920574 ) ) ;
#2553 = CARTESIAN_POINT ( 'NONE',  ( -0.04907071732060968444, 0.9487337001083724353, 0.3381905966894457327 ) ) ;
#2554 = ORIENTED_EDGE ( 'NONE', *, *, #771, .F. ) ;
#2555 = CARTESIAN_POINT ( 'NONE',  ( -0.2671658728341121392, 0.9118759932896380871, -0.6236509587065035554 ) ) ;
#2556 = SURFACE_SIDE_STYLE ('',( #2063 ) ) ;
#2557 = EDGE_CURVE ( 'NONE', #42, #1118, #2365, .T. ) ;
#2558 = EDGE_LOOP ( 'NONE', ( #2334, #2686, #2250, #1373, #2964, #1009, #1805, #2431, #2308, #2485, #1514, #1317, #2599, #1609, #513, #1579, #1557 ) ) ;
#2559 = CARTESIAN_POINT ( 'NONE',  ( -0.1666323477116838370, -0.9352774836128177061, 0.4178985663558277275 ) ) ;
#2560 = CARTESIAN_POINT ( 'NONE',  ( -0.04221618017443326543, 0.9490995596513579491, -0.6845414282964770170 ) ) ;
#2561 = DIRECTION ( 'NONE',  ( -0.000000000000000000, -0.000000000000000000, -1.000000000000000000 ) ) ;
#2562 = CARTESIAN_POINT ( 'NONE',  ( 0.000000000000000000, 0.000000000000000000, -2.810000000000000053 ) ) ;
#2563 = CARTESIAN_POINT ( 'NONE',  ( 0.03326913114960986656, 0.9494172786712652412, -0.9477721326349584086 ) ) ;
#2564 =( NAMED_UNIT ( * ) SI_UNIT ( $, .STERADIAN. ) SOLID_ANGLE_UNIT ( ) );
#2565 = CYLINDRICAL_SURFACE ( 'NONE', #1532, 0.9499999999999999556 ) ;
#2566 = EDGE_LOOP ( 'NONE', ( #1749, #2936 ) ) ;
#2567 = B_SPLINE_CURVE_WITH_KNOTS ( 'NONE', 3,
 ( #1468, #954, #1666, #2427, #1459, #287, #1226, #2158 ),
 .UNSPECIFIED., .F., .F.,
 ( 4, 2, 2, 4 ),
 ( 0.000000000000000000, 9.949261941310585131E-05, 0.0001492389291196588108, 0.0001989852388262117839 ),
 .UNSPECIFIED. ) ;
#2568 = UNCERTAINTY_MEASURE_WITH_UNIT (LENGTH_MEASURE( 1.000000000000000082E-05 ), #1434, 'distance_accuracy_value', 'NONE');
#2569 = CARTESIAN_POINT ( 'NONE',  ( -0.1195613159265121739, 0.9424475671673322452, 0.03315449722016010348 ) ) ;
#2570 = VERTEX_POINT ( 'NONE', #167 ) ;
#2571 = CARTESIAN_POINT ( 'NONE',  ( -0.2107678103242130729, 0.9263244194829175493, 0.007121351210789362250 ) ) ;
#2572 = B_SPLINE_CURVE_WITH_KNOTS ( 'NONE', 3,
 ( #376, #487, #473, #1419, #1162, #2837, #211, #2156, #1644, #729, #431, #2367, #1439, #2331, #2622, #2591 ),
 .UNSPECIFIED., .F., .F.,
 ( 4, 3, 3, 3, 3, 4 ),
 ( 0.000000000000000000, 2.201685110335033731E-05, 4.429936060078100332E-05, 6.479299904040595689E-05, 8.791911789320295450E-05, 0.0001056436808803624586 ),
 .UNSPECIFIED. ) ;
#2573 = CARTESIAN_POINT ( 'NONE',  ( 0.000000000000000000, 0.000000000000000000, 1.749999999999999778 ) ) ;
#2574 = ORIENTED_EDGE ( 'NONE', *, *, #2110, .F. ) ;
#2575 = CARTESIAN_POINT ( 'NONE',  ( -0.009593298803999247490, -0.9499515611958860850, 0.1663430112342227651 ) ) ;
#2576 = CARTESIAN_POINT ( 'NONE',  ( -0.1024038461538461092, 0.9444646379261106839, -0.6897435897435899577 ) ) ;
#2577 = CARTESIAN_POINT ( 'NONE',  ( -0.2320792126463318283, 0.9212374753620374834, -0.7733901275322483393 ) ) ;
#2578 = EDGE_CURVE ( 'NONE', #436, #1467, #2934, .T. ) ;
#2579 = CARTESIAN_POINT ( 'NONE',  ( -0.2703343431024255450, -0.9107246251965412931, -0.8086899632863934206 ) ) ;
#2580 = CARTESIAN_POINT ( 'NONE',  ( -0.2084277182759735336, -0.9269599385253374235, -0.4214233895685273179 ) ) ;
#2581 = EDGE_LOOP ( 'NONE', ( #3065, #2074, #556, #206, #1003 ) ) ;
#2582 = DIRECTION ( 'NONE',  ( 1.000000000000000000, 0.000000000000000000, 0.000000000000000000 ) ) ;
#2583 = CARTESIAN_POINT ( 'NONE',  ( -0.1005608974358973839, 0.9446626413206393735, -0.3102564102564104309 ) ) ;
#2584 = AXIS2_PLACEMENT_3D ( 'NONE', #958, #991, #720 ) ;
#2585 = LINE ( 'NONE', #401, #148 ) ;
#2586 = ORIENTED_EDGE ( 'NONE', *, *, #2862, .F. ) ;
#2587 = CARTESIAN_POINT ( 'NONE',  ( -0.03846153846153831796, 0.9492211070447030830, 0.3799679487179488668 ) ) ;
#2588 = AXIS2_PLACEMENT_3D ( 'NONE', #993, #1401, #1672 ) ;
#2589 = CIRCLE ( 'NONE', #2996, 0.2999999999999999889 ) ;
#2590 = VERTEX_POINT ( 'NONE', #1619 ) ;
#2591 = CARTESIAN_POINT ( 'NONE',  ( -0.1697916666666665075, 0.9347035839936399526, 0.4179487179487181292 ) ) ;
#2592 = VECTOR ( 'NONE', #1408, 1000.000000000000000 ) ;
#2593 = CARTESIAN_POINT ( 'NONE',  ( -0.2004149996288686619, 0.9286800080813233382, 0.001598772996236551410 ) ) ;
#2594 =( LENGTH_UNIT ( ) NAMED_UNIT ( * ) SI_UNIT ( .MILLI., .METRE. ) );
#2595 = CARTESIAN_POINT ( 'NONE',  ( 0.09142587985105171677, -0.9457973607551762862, -0.008516704259550353373 ) ) ;
#2596 = CARTESIAN_POINT ( 'NONE',  ( -0.03375578327137302576, 0.9494364027465416189, -0.6828409205549131888 ) ) ;
#2597 = CARTESIAN_POINT ( 'NONE',  ( -0.2634811837731976247, 0.9127927937421426163, 0.2598256870449964784 ) ) ;
#2598 = MECHANICAL_DESIGN_GEOMETRIC_PRESENTATION_REPRESENTATION (  '', ( #1146 ), #1242 ) ;
#2599 = ORIENTED_EDGE ( 'NONE', *, *, #1655, .F. ) ;
#2600 = CIRCLE ( 'NONE', #591, 0.2999999999999999889 ) ;
#2601 = ORIENTED_EDGE ( 'NONE', *, *, #137, .T. ) ;
#2602 = B_SPLINE_CURVE_WITH_KNOTS ( 'NONE', 3,
 ( #2816, #425, #851, #2997, #2024, #1364, #2320, #152, #836, #2519 ),
 .UNSPECIFIED., .F., .F.,
 ( 4, 3, 3, 4 ),
 ( 1.533293416683374186E-19, 2.937598859114445496E-05, 5.687196713339779926E-05, 8.491456543961603499E-05 ),
 .UNSPECIFIED. ) ;
#2603 = CARTESIAN_POINT ( 'NONE',  ( 0.03327289359057294948, -0.9494171465744526417, 0.05039091814305686479 ) ) ;
#2604 = COLOUR_RGB ( '',1.000000000000000000, 0.4549019607843137192, 0.4352941176470588314 ) ;
#2605 = CARTESIAN_POINT ( 'NONE',  ( -0.1904456417630724929, -0.9307150248779901824, -0.0002923615277874145636 ) ) ;
#2606 = ORIENTED_EDGE ( 'NONE', *, *, #2557, .T. ) ;
#2607 = CARTESIAN_POINT ( 'NONE',  ( -0.05344551282051267227, 0.9484954281172642832, 0.3306089743589745167 ) ) ;
#2608 = EDGE_CURVE ( 'NONE', #2590, #503, #3000, .T. ) ;
#2609 = ORIENTED_EDGE ( 'NONE', *, *, #942, .F. ) ;
#2610 = CARTESIAN_POINT ( 'NONE',  ( -0.2050642199885708838, 0.9276349288832234086, -0.4194264148127394565 ) ) ;
#2611 = CARTESIAN_POINT ( 'NONE',  ( -0.1986324369164019221, 0.9291188754854313725, 0.4925631364241392363 ) ) ;
#2612 = ORIENTED_EDGE ( 'NONE', *, *, #831, .T. ) ;
#2613 = B_SPLINE_CURVE_WITH_KNOTS ( 'NONE', 3,
 ( #2961, #2003, #2713, #2726, #567, #2474 ),
 .UNSPECIFIED., .F., .F.,
 ( 4, 2, 4 ),
 ( 0.000000000000000000, 0.0001200767537238614616, 0.0002401535074477229232 ),
 .UNSPECIFIED. ) ;
#2614 = CARTESIAN_POINT ( 'NONE',  ( -0.3049481730362871290, 0.8997258737535662743, 0.05863757539280299580 ) ) ;
#2615 = CARTESIAN_POINT ( 'NONE',  ( -0.04372793935835658091, 0.9490018586269221013, 0.07831034620878087049 ) ) ;
#2616 = ORIENTED_EDGE ( 'NONE', *, *, #297, .F. ) ;
#2617 = CARTESIAN_POINT ( 'NONE',  ( 0.000000000000000000, -0.9999999999999997780, -3.509999999999999787 ) ) ;
#2618 = FILL_AREA_STYLE ('',( #1184 ) ) ;
#2619 = CARTESIAN_POINT ( 'NONE',  ( -0.03232791207675797529, 0.9494497912481216773, 0.1614354248379018253 ) ) ;
#2620 = EDGE_CURVE ( 'NONE', #2262, #1280, #3059, .T. ) ;
#2621 = CARTESIAN_POINT ( 'NONE',  ( -0.1210737179487177823, 0.9422532328530769385, 0.02820512820512834778 ) ) ;
#2622 = CARTESIAN_POINT ( 'NONE',  ( -0.1756288727081398715, 0.9336432382760982973, 0.4177941015738712016 ) ) ;
#2623 = CARTESIAN_POINT ( 'NONE',  ( -0.0007211538461537750702, -0.9499997262826606059, -0.6718750000000001110 ) ) ;
#2624 = DIRECTION ( 'NONE',  ( 1.000000000000000000, 0.000000000000000000, 0.000000000000000000 ) ) ;
#2625 = VERTEX_POINT ( 'NONE', #1168 ) ;
#2626 = SURFACE_STYLE_FILL_AREA ( #52 ) ;
#2627 = CARTESIAN_POINT ( 'NONE',  ( -0.2380955417715975297, -0.9196796485459669546, 0.3490440949525801528 ) ) ;
#2628 = EDGE_LOOP ( 'NONE', ( #1495, #146, #119, #82 ) ) ;
#2629 = CARTESIAN_POINT ( 'NONE',  ( -0.2853242995632722101, 0.9061401900778636165, 0.4327682354069745108 ) ) ;
#2630 =( NAMED_UNIT ( * ) PLANE_ANGLE_UNIT ( ) SI_UNIT ( $, .RADIAN. ) );
#2631 = DIRECTION ( 'NONE',  ( 1.000000000000000000, 0.000000000000000000, 0.000000000000000000 ) ) ;
#2632 = DIRECTION ( 'NONE',  ( 1.000000000000000000, 0.000000000000000000, 0.000000000000000000 ) ) ;
#2633 = ORIENTED_EDGE ( 'NONE', *, *, #180, .T. ) ;
#2634 = CARTESIAN_POINT ( 'NONE',  ( 0.02948717948717948303, -0.9495422614322601707, -0.8898237179487176185 ) ) ;
#2635 = EDGE_LOOP ( 'NONE', ( #1423, #2436, #2465, #803 ) ) ;
#2636 = ORIENTED_EDGE ( 'NONE', *, *, #1319, .T. ) ;
#2637 = UNCERTAINTY_MEASURE_WITH_UNIT (LENGTH_MEASURE( 1.000000000000000082E-05 ), #1010, 'distance_accuracy_value', 'NONE');
#2638 = CIRCLE ( 'NONE', #1576, 0.7000000000000000666 ) ;
#2639 = CARTESIAN_POINT ( 'NONE',  ( 0.03811474567412152792, 0.9500292069841104192, -0.6536834026646141105 ) ) ;
#2640 = EDGE_CURVE ( 'NONE', #1342, #2196, #2823, .T. ) ;
#2641 = CARTESIAN_POINT ( 'NONE',  ( -0.1173892915016147842, 0.9427694479843630182, 0.1617165647609508095 ) ) ;
#2642 = CARTESIAN_POINT ( 'NONE',  ( -0.2210532630281321909, 0.9239658107873700565, -0.4374726366645879660 ) ) ;
#2643 = MECHANICAL_DESIGN_GEOMETRIC_PRESENTATION_REPRESENTATION (  '', ( #775 ), #2276 ) ;
#2644 = FACE_OUTER_BOUND ( 'NONE', #328, .T. ) ;
#2645 = ADVANCED_FACE ( 'NONE', ( #640 ), #412, .T. ) ;
#2646 = PRESENTATION_LAYER_ASSIGNMENT (  '', '', ( #1886 ) ) ;
#2647 = CARTESIAN_POINT ( 'NONE',  ( -0.0007211538461537750702, -0.9499997262826606059, -0.6718750000000001110 ) ) ;
#2648 = CARTESIAN_POINT ( 'NONE',  ( -0.2207181160734606185, -0.9240499118957961056, -0.8572647982038443804 ) ) ;
#2649 = CIRCLE ( 'NONE', #1691, 0.2999999999999999889 ) ;
#2650 = VERTEX_POINT ( 'NONE', #1154 ) ;
#2651 = EDGE_LOOP ( 'NONE', ( #2912, #372, #2636, #1180, #1571, #2791, #41 ) ) ;
#2652 = CARTESIAN_POINT ( 'NONE',  ( -0.1111881285689805821, -0.9434997385038157436, -0.7411704385945576679 ) ) ;
#2653 = CARTESIAN_POINT ( 'NONE',  ( 0.1049555264131976778, 0.9441844987410787926, -0.5149001243142967699 ) ) ;
#2654 = CIRCLE ( 'NONE', #1741, 0.7500000000000000000 ) ;
#2655 = FACE_OUTER_BOUND ( 'NONE', #995, .T. ) ;
#2656 = CARTESIAN_POINT ( 'NONE',  ( 0.1049020931713156718, -0.9441906131251982526, -0.5149786963737061907 ) ) ;
#2657 = ORIENTED_EDGE ( 'NONE', *, *, #2683, .F. ) ;
#2658 = STYLED_ITEM ( 'NONE', ( #241 ), #2239 ) ;
#2659 = EDGE_LOOP ( 'NONE', ( #321, #133, #1261, #2326 ) ) ;
#2660 = CARTESIAN_POINT ( 'NONE',  ( -0.1465685465308814717, 0.9386254104635266549, -0.7436361419952424168 ) ) ;
#2661 = SURFACE_STYLE_USAGE ( .BOTH. , #284 ) ;
#2662 = CARTESIAN_POINT ( 'NONE',  ( 0.09984888615818324209, -0.9447381769698007803, 0.05753485869014285381 ) ) ;
#2663 = CARTESIAN_POINT ( 'NONE',  ( 0.000000000000000000, -1.000000000000000000, -2.810000000000000053 ) ) ;
#2664 = EDGE_CURVE ( 'NONE', #1155, #270, #858, .T. ) ;
#2665 = CARTESIAN_POINT ( 'NONE',  ( -0.2853881662440292954, 0.9061796069111944796, -0.02374151052584283494 ) ) ;
#2666 = CARTESIAN_POINT ( 'NONE',  ( 0.000000000000000000, 0.000000000000000000, 1.149999999999999911 ) ) ;
#2667 = B_SPLINE_CURVE_WITH_KNOTS ( 'NONE', 3,
 ( #2415, #2627, #1227, #2449, #1707, #2678, #1247, #2193, #1000, #1051, #1289, #2727, #2989, #2962, #1777, #1794 ),
 .UNSPECIFIED., .F., .F.,
 ( 4, 3, 3, 3, 3, 4 ),
 ( 0.000000000000000000, 2.068729768140058017E-05, 4.146564885644954418E-05, 6.119910409666586568E-05, 8.401866900971979553E-05, 9.537548803894077684E-05 ),
 .UNSPECIFIED. ) ;
#2668 = CARTESIAN_POINT ( 'NONE',  ( -0.1210737179487177823, -0.9422532328530761614, 0.02820512820512834778 ) ) ;
#2669 = CARTESIAN_POINT ( 'NONE',  ( -0.1210737179487177823, -0.9422532328530761614, 0.02820512820512834778 ) ) ;
#2670 = CARTESIAN_POINT ( 'NONE',  ( -0.002564102564102377618, 0.9499965396663508921, 0.1666666666666667962 ) ) ;
#2671 = ORIENTED_EDGE ( 'NONE', *, *, #68, .F. ) ;
#2672 = ORIENTED_EDGE ( 'NONE', *, *, #1756, .F. ) ;
#2673 = CARTESIAN_POINT ( 'NONE',  ( -0.02373038526684331448, -0.9497266845411773684, 0.08866552331796230535 ) ) ;
#2674 =( NAMED_UNIT ( * ) PLANE_ANGLE_UNIT ( ) SI_UNIT ( $, .RADIAN. ) );
#2675 = CARTESIAN_POINT ( 'NONE',  ( -0.1091812664511449260, 0.9437051716805781032, 0.3398009907941791918 ) ) ;
#2676 = PRESENTATION_STYLE_ASSIGNMENT (( #50 ) ) ;
#2677 = CARTESIAN_POINT ( 'NONE',  ( 3.673940397442059498E-17, -3.550000000000000266, 4.110000000000000320 ) ) ;
#2678 = CARTESIAN_POINT ( 'NONE',  ( -0.2284077091703107243, -0.9221452042280123829, 0.3231596277355466285 ) ) ;
#2679 = CARTESIAN_POINT ( 'NONE',  ( 0.09999999999999999167, -0.9447221813845592120, -1.074358974358973873 ) ) ;
#2680 = VERTEX_POINT ( 'NONE', #3085 ) ;
#2681 = CARTESIAN_POINT ( 'NONE',  ( -0.3048690931632472845, 0.8997526942975444531, 0.3690113260155166164 ) ) ;
#2682 = CARTESIAN_POINT ( 'NONE',  ( -0.006410256410256241766, -0.9499783727079026407, -0.06923076923076909583 ) ) ;
#2683 = EDGE_CURVE ( 'NONE', #1545, #820, #2312, .T. ) ;
#2684 = DIRECTION ( 'NONE',  ( 0.000000000000000000, 0.000000000000000000, 1.000000000000000000 ) ) ;
#2685 = CARTESIAN_POINT ( 'NONE',  ( -0.2879324266574571078, -0.9053226047882217964, -0.8421530298312275287 ) ) ;
#2686 = ORIENTED_EDGE ( 'NONE', *, *, #2578, .F. ) ;
#2687 = ORIENTED_EDGE ( 'NONE', *, *, #351, .F. ) ;
#2688 = CARTESIAN_POINT ( 'NONE',  ( -0.01641691877296517360, -0.9498848420662875380, 0.08943848020248668096 ) ) ;
#2689 = CYLINDRICAL_SURFACE ( 'NONE', #2185, 0.9499999999999999556 ) ;
#2690 = CARTESIAN_POINT ( 'NONE',  ( 0.06625380850630493978, -0.9478923237853247308, -0.3759414774290453232 ) ) ;
#2691 = CARTESIAN_POINT ( 'NONE',  ( -0.1153846153846152522, 0.9429668024551788319, 0.05873397435897449725 ) ) ;
#2692 = AXIS2_PLACEMENT_3D ( 'NONE', #2042, #1568, #657 ) ;
#2693 =( LENGTH_UNIT ( ) NAMED_UNIT ( * ) SI_UNIT ( .MILLI., .METRE. ) );
#2694 = VECTOR ( 'NONE', #1228, 1000.000000000000000 ) ;
#2695 = CARTESIAN_POINT ( 'NONE',  ( -0.1167191971592444338, 0.9428392260517691748, -0.8181914922925481726 ) ) ;
#2696 = ORIENTED_EDGE ( 'NONE', *, *, #1893, .F. ) ;
#2697 = SURFACE_STYLE_FILL_AREA ( #1974 ) ;
#2698 = CARTESIAN_POINT ( 'NONE',  ( -0.2303883794845822119, -0.9216409588823604171, -0.8871253888673994448 ) ) ;
#2699 = CARTESIAN_POINT ( 'NONE',  ( -0.1195527814567108466, -0.9424476631906064661, 0.03318224900824362500 ) ) ;
#2700 = ORIENTED_EDGE ( 'NONE', *, *, #982, .T. ) ;
#2701 = ORIENTED_EDGE ( 'NONE', *, *, #240, .F. ) ;
#2702 = AXIS2_PLACEMENT_3D ( 'NONE', #1233, #2920, #1254 ) ;
#2703 = ORIENTED_EDGE ( 'NONE', *, *, #2440, .T. ) ;
#2704 = CARTESIAN_POINT ( 'NONE',  ( -0.0007211538461537750702, 0.9499997262826606059, -0.6718750000000001110 ) ) ;
#2705 = CIRCLE ( 'NONE', #2233, 0.9499999999999999556 ) ;
#2706 = CARTESIAN_POINT ( 'NONE',  ( -0.2285327339470068775, -0.9221023747466190468, 0.3909490037782412108 ) ) ;
#2707 = EDGE_CURVE ( 'NONE', #220, #1981, #1354, .T. ) ;
#2708 = DIRECTION ( 'NONE',  ( 1.000000000000000000, 0.000000000000000000, 0.000000000000000000 ) ) ;
#2709 = EDGE_LOOP ( 'NONE', ( #911, #2366, #308, #514 ) ) ;
#2710 = SURFACE_STYLE_FILL_AREA ( #2202 ) ;
#2711 =( NAMED_UNIT ( * ) PLANE_ANGLE_UNIT ( ) SI_UNIT ( $, .RADIAN. ) );
#2712 = DIRECTION ( 'NONE',  ( 0.000000000000000000, -1.000000000000000000, 1.700709290173340163E-16 ) ) ;
#2713 = CARTESIAN_POINT ( 'NONE',  ( -0.02277590361383883058, -0.9504289605290712206, -0.7458060785967933759 ) ) ;
#2714 = CARTESIAN_POINT ( 'NONE',  ( -0.2384615384615384193, -0.9195847403445515100, -0.4995993589743591423 ) ) ;
#2715 = CARTESIAN_POINT ( 'NONE',  ( 0.07187994319269511156, 0.9473095037380795391, 0.1315602898502054308 ) ) ;
#2716 = ORIENTED_EDGE ( 'NONE', *, *, #2014, .F. ) ;
#2717 = CARTESIAN_POINT ( 'NONE',  ( -0.2096080178211882639, 0.9266931799594528840, 0.1797418952469249931 ) ) ;
#2718 = CARTESIAN_POINT ( 'NONE',  ( 0.03333333333333351328, 0.9494150245750743178, 0.05160256410256423149 ) ) ;
#2719 = B_SPLINE_CURVE_WITH_KNOTS ( 'NONE', 3,
 ( #422, #872, #2289, #2317, #1617, #165, #857, #197, #1827, #1119, #2066, #2001, #139, #2215, #1063, #329 ),
 .UNSPECIFIED., .F., .F.,
 ( 4, 3, 3, 3, 3, 4 ),
 ( 0.000000000000000000, 2.681798694162924266E-05, 4.694059280911078814E-05, 6.716301599522916921E-05, 8.466462643036908563E-05, 9.375858420213146007E-05 ),
 .UNSPECIFIED. ) ;
#2720 = ORIENTED_EDGE ( 'NONE', *, *, #1043, .F. ) ;
#2721 = CARTESIAN_POINT ( 'NONE',  ( -0.2891626050058082043, 0.9049259927158553873, -0.8456262378030163784 ) ) ;
#2722 = CARTESIAN_POINT ( 'NONE',  ( 0.000000000000000000, 0.000000000000000000, -1.949999999999999956 ) ) ;
#2723 = EDGE_CURVE ( 'NONE', #2141, #2085, #2705, .T. ) ;
#2724 = CARTESIAN_POINT ( 'NONE',  ( 0.01081460134707501811, 0.9500946024643126542, -0.06551296676565680766 ) ) ;
#2725 = ORIENTED_EDGE ( 'NONE', *, *, #330, .F. ) ;
#2726 = CARTESIAN_POINT ( 'NONE',  ( 0.05026303430885607076, -0.9493722021314210391, -0.7811018627663061098 ) ) ;
#2727 = CARTESIAN_POINT ( 'NONE',  ( -0.1953698276503484932, -0.9297237160692005675, 0.2986325753638940927 ) ) ;
#2728 = LINE ( 'NONE', #72, #2694 ) ;
#2729 = B_SPLINE_CURVE_WITH_KNOTS ( 'NONE', 3,
 ( #2576, #1104, #2055, #2114, #3072, #1635, #610, #2560, #2596, #1828, #2792, #621, #2400 ),
 .UNSPECIFIED., .F., .F.,
 ( 4, 3, 3, 3, 4 ),
 ( 0.000000000000000000, 2.602386236066828510E-05, 5.205682474967682856E-05, 7.788181903388499293E-05, 0.0001041129696675574393 ),
 .UNSPECIFIED. ) ;
#2730 = DIRECTION ( 'NONE',  ( 0.000000000000000000, 0.000000000000000000, 1.000000000000000000 ) ) ;
#2731 = CARTESIAN_POINT ( 'NONE',  ( -0.1326203947320414023, -0.9407045571431411624, 0.09288097696752994903 ) ) ;
#2732 = CARTESIAN_POINT ( 'NONE',  ( -0.1072847218717279810, 0.9439232652165001625, 0.3797496263482825207 ) ) ;
#2733 = VERTEX_POINT ( 'NONE', #1469 ) ;
#2734 = ORIENTED_EDGE ( 'NONE', *, *, #388, .F. ) ;
#2735 = CARTESIAN_POINT ( 'NONE',  ( 0.08942307692307699396, -0.9457819586530552547, -0.5848557692307693179 ) ) ;
#2736 = FILL_AREA_STYLE ('',( #2941 ) ) ;
#2737 = CARTESIAN_POINT ( 'NONE',  ( -0.03846153846153831796, -0.9492211070447030830, 0.3799679487179488668 ) ) ;
#2738 = AXIS2_PLACEMENT_3D ( 'NONE', #2517, #1327, #2218 ) ;
#2739 = EDGE_CURVE ( 'NONE', #38, #1189, #1160, .T. ) ;
#2740 = ORIENTED_EDGE ( 'NONE', *, *, #207, .F. ) ;
#2741 = CARTESIAN_POINT ( 'NONE',  ( -0.1855769230769229450, -0.9316980227634383827, 0.2282051282051283658 ) ) ;
#2742 = AXIS2_PLACEMENT_3D ( 'NONE', #2259, #3062, #136 ) ;
#2743 = CARTESIAN_POINT ( 'NONE',  ( -0.1801282051282049879, -0.9327667606198729588, 0.1820512820512822094 ) ) ;
#2744 = CARTESIAN_POINT ( 'NONE',  ( -0.09975961538461532163, 0.9447475954657486019, -0.6128205128205129748 ) ) ;
#2745 = B_SPLINE_CURVE_WITH_KNOTS ( 'NONE', 3,
 ( #2669, #1201, #2699, #541, #2152, #722, #1687, #499, #1453, #2408 ),
 .UNSPECIFIED., .F., .F.,
 ( 4, 3, 3, 4 ),
 ( 1.694065894508600678E-20, 7.810450692892079302E-06, 1.562779937032397374E-05, 3.121525988797553867E-05 ),
 .UNSPECIFIED. ) ;
#2746 = ORIENTED_EDGE ( 'NONE', *, *, #262, .T. ) ;
#2747 = CARTESIAN_POINT ( 'NONE',  ( -0.07313755633370404297, -0.9475702256404252566, -0.8181914113942918565 ) ) ;
#2748 = ORIENTED_EDGE ( 'NONE', *, *, #2071, .F. ) ;
#2749 = CARTESIAN_POINT ( 'NONE',  ( 0.000000000000000000, -0.9999999999999997780, 3.510000000000000231 ) ) ;
#2750 = STYLED_ITEM ( 'NONE', ( #910 ), #1301 ) ;
#2751 = LINE ( 'NONE', #124, #1836 ) ;
#2752 = STYLED_ITEM ( 'NONE', ( #505 ), #1795 ) ;
#2753 = APPLICATION_PROTOCOL_DEFINITION ( 'draft international standard', 'automotive_design', 1998, #2914 ) ;
#2754 = AXIS2_PLACEMENT_3D ( 'NONE', #1671, #974, #2631 ) ;
#2755 = CARTESIAN_POINT ( 'NONE',  ( -0.1161269521425893902, 0.9428757197337802598, 0.04834386252143309942 ) ) ;
#2756 = CARTESIAN_POINT ( 'NONE',  ( -0.1271623032853095303, -0.9415483458370005332, -0.6118469947512633622 ) ) ;
#2757 = STYLED_ITEM ( 'NONE', ( #749 ), #2768 ) ;
#2758 =( NAMED_UNIT ( * ) PLANE_ANGLE_UNIT ( ) SI_UNIT ( $, .RADIAN. ) );
#2759 = CARTESIAN_POINT ( 'NONE',  ( -0.1681089743589742058, -0.9350076859256152284, 0.4948717948717950565 ) ) ;
#2760 = CARTESIAN_POINT ( 'NONE',  ( -0.1251371444253379650, -0.9417303363366701374, 0.08582361807540669907 ) ) ;
#2761 = LINE ( 'NONE', #2995, #2955 ) ;
#2762 = EDGE_CURVE ( 'NONE', #338, #2200, #1606, .T. ) ;
#2763 = CARTESIAN_POINT ( 'NONE',  ( -0.3051282051282050989, 0.8996648144921751689, -0.4994391025641026771 ) ) ;
#2764 = ORIENTED_EDGE ( 'NONE', *, *, #2723, .F. ) ;
#2765 = ORIENTED_EDGE ( 'NONE', *, *, #998, .T. ) ;
#2766 = CARTESIAN_POINT ( 'NONE',  ( 0.009876630181056974059, 0.9499486576528736181, 0.08649273278972487156 ) ) ;
#2767 = B_SPLINE_CURVE_WITH_KNOTS ( 'NONE', 3,
 ( #1294, #599, #2981, #1815, #349, #1493, #2235, #1039, #2252, #1996, #2503, #116, #2007, #805, #1781, #2743 ),
 .UNSPECIFIED., .F., .F.,
 ( 4, 3, 3, 3, 3, 4 ),
 ( 0.000000000000000000, 4.731831083155423122E-05, 9.509002882953410975E-05, 0.0001373828512334361357, 0.0001848026752902695818, 0.0002048272721499100389 ),
 .UNSPECIFIED. ) ;
#2768 = MANIFOLD_SOLID_BREP ( 'DividingLine2', #2990 ) ;
#2769 = PRESENTATION_STYLE_ASSIGNMENT (( #1808 ) ) ;
#2770 = CARTESIAN_POINT ( 'NONE',  ( -0.1154512398610835211, 0.9429586500583262421, 0.05613025459841777809 ) ) ;
#2771 = DIRECTION ( 'NONE',  ( -0.000000000000000000, -0.000000000000000000, -1.000000000000000000 ) ) ;
#2772 = ORIENTED_EDGE ( 'NONE', *, *, #2040, .T. ) ;
#2773 = CARTESIAN_POINT ( 'NONE',  ( -0.1051282051282049629, -0.9441652718070718819, 0.3616185897435899022 ) ) ;
#2774 = CARTESIAN_POINT ( 'NONE',  ( -0.1520347689636013522, -0.9377735019859553267, 0.1025082179588232556 ) ) ;
#2775 = CARTESIAN_POINT ( 'NONE',  ( -0.1335987173907529912, 0.9411743915567942764, -0.6123508890935678295 ) ) ;
#2776 = CARTESIAN_POINT ( 'NONE',  ( 0.000000000000000000, 0.000000000000000000, 0.4794871794871796711 ) ) ;
#2777 =( LENGTH_UNIT ( ) NAMED_UNIT ( * ) SI_UNIT ( .MILLI., .METRE. ) );
#2778 = EDGE_CURVE ( 'NONE', #1728, #263, #1312, .T. ) ;
#2779 = B_SPLINE_CURVE_WITH_KNOTS ( 'NONE', 3,
 ( #2232, #2052, #652, #3081, #2838, #2315, #1872, #892 ),
 .UNSPECIFIED., .F., .F.,
 ( 4, 2, 2, 4 ),
 ( 0.000000000000000000, 0.0001579681567164945206, 0.0002369522350747417809, 0.0003159363134329890954 ),
 .UNSPECIFIED. ) ;
#2780 = CARTESIAN_POINT ( 'NONE',  ( -0.2384615384615383082, 0.9195847403445516210, 0.05152243589743604052 ) ) ;
#2781 = CARTESIAN_POINT ( 'NONE',  ( -0.1001602564102564014, 0.9447052043022901024, -0.8179487179487175963 ) ) ;
#2782 = CARTESIAN_POINT ( 'NONE',  ( -0.1863782051282049934, -0.9315380639851429390, -0.07948717948717937132 ) ) ;
#2783 = VERTEX_POINT ( 'NONE', #1445 ) ;
#2784 = FILL_AREA_STYLE ('',( #172 ) ) ;
#2785 = EDGE_CURVE ( 'NONE', #283, #700, #2667, .T. ) ;
#2786 = ORIENTED_EDGE ( 'NONE', *, *, #2299, .T. ) ;
#2787 = CARTESIAN_POINT ( 'NONE',  ( 0.06402243589743610019, 0.9478402437656668900, 0.1392628205128206564 ) ) ;
#2788 = CARTESIAN_POINT ( 'NONE',  ( -0.1554234352781499184, 0.9387159739425156024, -0.6887573656363836783 ) ) ;
#2789 = CARTESIAN_POINT ( 'NONE',  ( 0.08942307692307699396, 0.9457819586530552547, -0.5848557692307693179 ) ) ;
#2790 = CARTESIAN_POINT ( 'NONE',  ( -0.1034712681189969979, -0.9443630346672536868, 0.1473893975992759398 ) ) ;
#2791 = ORIENTED_EDGE ( 'NONE', *, *, #1835, .T. ) ;
#2792 = CARTESIAN_POINT ( 'NONE',  ( -0.01703180096847438374, 0.9498846961678901746, -0.6782463624347877529 ) ) ;
#2793 = DIRECTION ( 'NONE',  ( -0.000000000000000000, -0.000000000000000000, -1.000000000000000000 ) ) ;
#2794 = CARTESIAN_POINT ( 'NONE',  ( -0.2381460179962457402, 0.9196665593355249912, 0.3499936898926133133 ) ) ;
#2795 = ORIENTED_EDGE ( 'NONE', *, *, #2762, .F. ) ;
#2796 = AXIS2_PLACEMENT_3D ( 'NONE', #2393, #291, #1232 ) ;
#2797 = CARTESIAN_POINT ( 'NONE',  ( 0.007588098775299492726, 0.9499696946519693430, 0.01412565578562962817 ) ) ;
#2798 = DIRECTION ( 'NONE',  ( -0.000000000000000000, -0.000000000000000000, 1.000000000000000000 ) ) ;
#2799 = CIRCLE ( 'NONE', #2692, 0.2999999999999999889 ) ;
#2800 = CARTESIAN_POINT ( 'NONE',  ( -0.2226552159897249028, -0.9235464919474322132, 0.01525141415152714459 ) ) ;
#2801 = CARTESIAN_POINT ( 'NONE',  ( -0.05126051828338056005, 0.9486185474809271101, 0.3343959995208188318 ) ) ;
#2802 = COLOUR_RGB ( '',0.8313725490196077761, 0.8313725490196077761, 0.8196078431372548767 ) ;
#2803 = EDGE_CURVE ( 'NONE', #2085, #2141, #64, .T. ) ;
#2804 = AXIS2_PLACEMENT_3D ( 'NONE', #2041, #3009, #845 ) ;
#2805 = VERTEX_POINT ( 'NONE', #1536 ) ;
#2806 = CARTESIAN_POINT ( 'NONE',  ( -0.1181308818258341442, 0.9426290689714426074, 0.07448143013574172466 ) ) ;
#2807 =( GEOMETRIC_REPRESENTATION_CONTEXT ( 3 ) GLOBAL_UNCERTAINTY_ASSIGNED_CONTEXT ( ( #2349 ) ) GLOBAL_UNIT_ASSIGNED_CONTEXT ( ( #2067, #2318, #1137 ) ) REPRESENTATION_CONTEXT ( 'NONE', 'WORKASPACE' ) );
#2808 =( NAMED_UNIT ( * ) PLANE_ANGLE_UNIT ( ) SI_UNIT ( $, .RADIAN. ) );
#2809 = DIRECTION ( 'NONE',  ( 0.000000000000000000, 0.000000000000000000, 1.000000000000000000 ) ) ;
#2810 = TOROIDAL_SURFACE ( 'NONE', #934, 0.7500000000000000000, 0.2000000000000000111 ) ;
#2811 = CARTESIAN_POINT ( 'NONE',  ( 0.9499999999999999556, 0.000000000000000000, 1.949999999999999956 ) ) ;
#2812 = CARTESIAN_POINT ( 'NONE',  ( -0.05344551282051267227, -0.9484954281172642832, 0.3306089743589745167 ) ) ;
#2813 = EDGE_LOOP ( 'NONE', ( #1054, #2505 ) ) ;
#2814 = CARTESIAN_POINT ( 'NONE',  ( -0.1052686039706434429, -0.9441496390796794147, 0.3697865590497140253 ) ) ;
#2815 = CARTESIAN_POINT ( 'NONE',  ( -0.2787114142533228534, -0.9081959852171050951, 0.4421629325763061780 ) ) ;
#2816 = CARTESIAN_POINT ( 'NONE',  ( -0.2596153846153846922, -0.9138379791139159547, -0.7958333333333331705 ) ) ;
#2817 = CARTESIAN_POINT ( 'NONE',  ( -0.1672310713082120759, -0.9355859844480443055, -0.3922684418588611721 ) ) ;
#2818 = CARTESIAN_POINT ( 'NONE',  ( 0.03055120532514075254, 0.9495092190684421007, -0.8955495944009168596 ) ) ;
#2819 = CARTESIAN_POINT ( 'NONE',  ( 0.03321345861501839858, 0.9494192332971193027, 0.05430830567229639333 ) ) ;
#2820 = ORIENTED_EDGE ( 'NONE', *, *, #2988, .F. ) ;
#2821 = CARTESIAN_POINT ( 'NONE',  ( -0.1166045906564465579, 0.9428168643648903169, 0.04577662788966851970 ) ) ;
#2822 = EDGE_CURVE ( 'NONE', #2322, #2501, #687, .T. ) ;
#2823 = B_SPLINE_CURVE_WITH_KNOTS ( 'NONE', 3,
 ( #424, #874, #2319, #2337, #437, #1138, #2815, #1379, #622, #198 ),
 .UNSPECIFIED., .F., .F.,
 ( 4, 3, 3, 4 ),
 ( 0.000000000000000000, 4.826462029820986858E-05, 8.880772252152347823E-05, 0.0001241897441206793538 ),
 .UNSPECIFIED. ) ;
#2824 = CARTESIAN_POINT ( 'NONE',  ( 0.1000000000000001582, 0.9447221813845592120, 0.05096153846153859968 ) ) ;
#2825 = FACE_BOUND ( 'NONE', #1851, .T. ) ;
#2826 = CARTESIAN_POINT ( 'NONE',  ( -0.04521585680755136477, -0.9489613549168781637, 0.1558692845188459075 ) ) ;
#2827 = CARTESIAN_POINT ( 'NONE',  ( 0.000000000000000000, 0.000000000000000000, -3.403937756669170867 ) ) ;
#2828 = CARTESIAN_POINT ( 'NONE',  ( -0.2081256919521654869, 0.9269216236274253617, 0.3049302240604106484 ) ) ;
#2829 = VERTEX_POINT ( 'NONE', #1265 ) ;
#2830 = CARTESIAN_POINT ( 'NONE',  ( -0.01794871794871778087, 0.9498304288261129047, 0.007692307692307823706 ) ) ;
#2831 = ORIENTED_EDGE ( 'NONE', *, *, #1856, .T. ) ;
#2832 = CARTESIAN_POINT ( 'NONE',  ( -0.3051282051282050989, 0.8996648144921751689, -0.4994391025641026771 ) ) ;
#2833 = CARTESIAN_POINT ( 'NONE',  ( 0.06652571611884305902, 0.9478715667642647613, -0.3762856298088593787 ) ) ;
#2834 = CARTESIAN_POINT ( 'NONE',  ( -0.04372325743678691368, 0.9489941843970780555, 0.3502098861570831501 ) ) ;
#2835 = B_SPLINE_CURVE_WITH_KNOTS ( 'NONE', 3,
 ( #2106, #31, #972, #701, #719, #1685, #495, #2178, #2652, #752 ),
 .UNSPECIFIED., .F., .F.,
 ( 4, 3, 3, 4 ),
 ( 0.000000000000000000, 4.308493130335892379E-05, 6.506612542751761879E-05, 8.714357186394491308E-05 ),
 .UNSPECIFIED. ) ;
#2836 = ORIENTED_EDGE ( 'NONE', *, *, #2522, .F. ) ;
#2837 = CARTESIAN_POINT ( 'NONE',  ( -0.2288587216626093990, 0.9220339609848673401, 0.3912075454084922299 ) ) ;
#2838 = CARTESIAN_POINT ( 'NONE',  ( -0.2822447371903710200, -0.9071585429742231588, -0.6020160720920563202 ) ) ;
#2839 = CARTESIAN_POINT ( 'NONE',  ( -0.1769230769230767664, 0.9333800002421688280, 0.2948717948717950454 ) ) ;
#2840 = CARTESIAN_POINT ( 'NONE',  ( -0.1889423076923077149, 0.9310213769639800185, -0.7532051282051278607 ) ) ;
#2841 = EDGE_CURVE ( 'NONE', #601, #1964, #348, .T. ) ;
#2842 = EDGE_CURVE ( 'NONE', #2867, #656, #88, .T. ) ;
#2843 =( NAMED_UNIT ( * ) PLANE_ANGLE_UNIT ( ) SI_UNIT ( $, .RADIAN. ) );
#2844 = CARTESIAN_POINT ( 'NONE',  ( 0.03128915369667744500, 0.9494847027974555598, -0.9013427191057997723 ) ) ;
#2845 = DIRECTION ( 'NONE',  ( 0.000000000000000000, 0.000000000000000000, -1.000000000000000000 ) ) ;
#2846 = TOROIDAL_SURFACE ( 'NONE', #1425, 0.7500000000000000000, 0.2000000000000000111 ) ;
#2847 = CARTESIAN_POINT ( 'NONE',  ( 0.000000000000000000, 0.000000000000000000, -3.403937756669170867 ) ) ;
#2848 = LINE ( 'NONE', #679, #2946 ) ;
#2850 = CIRCLE ( 'NONE', #95, 0.7000000000000000666 ) ;
#2849 = B_SPLINE_CURVE_WITH_KNOTS ( 'NONE', 3,
 ( #3034, #2297, #1128, #420, #1064, #2525, #2016, #1335, #891, #825 ),
 .UNSPECIFIED., .F., .F.,
 ( 4, 3, 3, 4 ),
 ( 3.252606517456513302E-19, 1.797466769105152061E-05, 3.595909667224648739E-05, 7.196689139893281187E-05 ),
 .UNSPECIFIED. ) ;
#2851 = CIRCLE ( 'NONE', #51, 0.2999999999999999889 ) ;
#2852 = VERTEX_POINT ( 'NONE', #79 ) ;
#2853 = CARTESIAN_POINT ( 'NONE',  ( 0.03652128055352400066, 0.9493091571693268449, -0.5275080286720806866 ) ) ;
#2854 = CARTESIAN_POINT ( 'NONE',  ( -0.2370006348719733424, 0.9199651768316995382, 0.03768415464463415604 ) ) ;
#2855 = PRESENTATION_LAYER_ASSIGNMENT (  '', '', ( #2752 ) ) ;
#2856 = CARTESIAN_POINT ( 'NONE',  ( 0.1000000000000001582, -0.9447221813845592120, 0.05096153846153859968 ) ) ;
#2857 = ORIENTED_EDGE ( 'NONE', *, *, #1220, .F. ) ;
#2858 = CARTESIAN_POINT ( 'NONE',  ( -0.06781904319721668295, -0.9477302583730469188, -0.6887578130697086243 ) ) ;
#2859 = CARTESIAN_POINT ( 'NONE',  ( -0.2291910612173559403, 0.9220383931199487293, 0.2387378344798268270 ) ) ;
#2860 = DIRECTION ( 'NONE',  ( 0.000000000000000000, -1.000000000000000000, -1.700709290173340163E-16 ) ) ;
#2861 = CARTESIAN_POINT ( 'NONE',  ( 0.09473797724619725802, 0.9452664353929057794, -0.5714363334552281515 ) ) ;
#2862 = EDGE_CURVE ( 'NONE', #2950, #2403, #1016, .T. ) ;
#2863 = CARTESIAN_POINT ( 'NONE',  ( 0.03156143944724451589, -0.9494777608914481970, 0.03876573867203257640 ) ) ;
#2864 = DIRECTION ( 'NONE',  ( 0.000000000000000000, 0.000000000000000000, 1.000000000000000000 ) ) ;
#2865 = UNCERTAINTY_MEASURE_WITH_UNIT (LENGTH_MEASURE( 1.000000000000000082E-05 ), #58, 'distance_accuracy_value', 'NONE');
#2866 = CARTESIAN_POINT ( 'NONE',  ( -0.05811510598659358484, -0.9482207730565500592, 0.05049252705309157513 ) ) ;
#2867 = VERTEX_POINT ( 'NONE', #2463 ) ;
#2868 = CARTESIAN_POINT ( 'NONE',  ( -0.006410256410256241766, -0.9499783727079026407, -0.06923076923076909583 ) ) ;
#2869 = FILL_AREA_STYLE ('',( #1737 ) ) ;
#2870 = CARTESIAN_POINT ( 'NONE',  ( -0.1290121540603461625, 0.9413182265799012738, -0.3882753214439805811 ) ) ;
#2871 = CARTESIAN_POINT ( 'NONE',  ( -0.2202013202674334424, 0.9241570721719382098, 0.4855497812139492053 ) ) ;
#2872 = DIRECTION ( 'NONE',  ( 0.000000000000000000, 0.000000000000000000, 1.000000000000000000 ) ) ;
#2873 = CARTESIAN_POINT ( 'NONE',  ( 0.02591380116958132140, -0.9496505460561855960, 0.07518602291462123111 ) ) ;
#2874 = SURFACE_STYLE_USAGE ( .BOTH. , #1169 ) ;
#2875 = VERTEX_POINT ( 'NONE', #332 ) ;
#2876 = CARTESIAN_POINT ( 'NONE',  ( -0.2936988560166114426, 0.9035032201251274042, 0.4195204832875164547 ) ) ;
#2877 = CARTESIAN_POINT ( 'NONE',  ( -0.2316130673859653488, -0.9213334830646631168, -0.8956279091128132031 ) ) ;
#2878 = CARTESIAN_POINT ( 'NONE',  ( -0.03886372920146492771, -0.9492049437940602852, 0.3712121611850693337 ) ) ;
#2879 = CARTESIAN_POINT ( 'NONE',  ( -0.1210737179487177823, 0.9422532328530769385, 0.02820512820512834778 ) ) ;
#2880 = EDGE_CURVE ( 'NONE', #2009, #613, #406, .T. ) ;
#2881 = VERTEX_POINT ( 'NONE', #1763 ) ;
#2882 = ORIENTED_EDGE ( 'NONE', *, *, #2880, .T. ) ;
#2883 = SURFACE_STYLE_USAGE ( .BOTH. , #1913 ) ;
#2884 = EDGE_CURVE ( 'NONE', #2680, #2107, #2779, .T. ) ;
#2885 = EDGE_CURVE ( 'NONE', #1953, #42, #780, .T. ) ;
#2886 = FACE_OUTER_BOUND ( 'NONE', #1207, .T. ) ;
#2887 = CYLINDRICAL_SURFACE ( 'NONE', #632, 0.9499999999999999556 ) ;
#2888 = DIRECTION ( 'NONE',  ( -0.000000000000000000, -0.000000000000000000, -1.000000000000000000 ) ) ;
#2889 = VERTEX_POINT ( 'NONE', #2079 ) ;
#2890 = DIRECTION ( 'NONE',  ( 1.000000000000000000, 0.000000000000000000, 0.000000000000000000 ) ) ;
#2891 = CARTESIAN_POINT ( 'NONE',  ( -0.003899885240558471217, -0.9499957671953935812, 0.08956870104355776907 ) ) ;
#2892 =( NAMED_UNIT ( * ) SI_UNIT ( $, .STERADIAN. ) SOLID_ANGLE_UNIT ( ) );
#2893 = CARTESIAN_POINT ( 'NONE',  ( -0.04736207754696223488, 0.9488230257917399380, 0.07474182857403065261 ) ) ;
#2894 = LINE ( 'NONE', #2617, #2123 ) ;
#2895 = CARTESIAN_POINT ( 'NONE',  ( -0.08661858974358957464, 0.9460429270973024218, 0.1091346153846155104 ) ) ;
#2896 = ORIENTED_EDGE ( 'NONE', *, *, #2299, .F. ) ;
#2897 = ORIENTED_EDGE ( 'NONE', *, *, #1177, .F. ) ;
#2898 = CARTESIAN_POINT ( 'NONE',  ( -0.03939861601767539329, -0.9491903004916890652, 0.08161893709846715361 ) ) ;
#2899 = AXIS2_PLACEMENT_3D ( 'NONE', #1142, #898, #663 ) ;
#2900 = DIRECTION ( 'NONE',  ( 0.000000000000000000, -0.000000000000000000, 1.000000000000000000 ) ) ;
#2901 = ADVANCED_FACE ( 'NONE', ( #392, #193, #2527, #669, #228, #2298 ), #1595, .T. ) ;
#2902 = VECTOR ( 'NONE', #254, 1000.000000000000000 ) ;
#2903 = CARTESIAN_POINT ( 'NONE',  ( 0.000000000000000000, 0.000000000000000000, -3.403937756669170867 ) ) ;
#2904 = DIRECTION ( 'NONE',  ( 0.000000000000000000, 0.000000000000000000, 1.000000000000000000 ) ) ;
#2905 = TOROIDAL_SURFACE ( 'NONE', #1485, 0.7500000000000000000, 0.2000000000000000111 ) ;
#2906 = FILL_AREA_STYLE ('',( #247 ) ) ;
#2907 = B_SPLINE_CURVE_WITH_KNOTS ( 'NONE', 3,
 ( #1561, #614, #1097, #3018, #187, #2059, #1357, #2800, #2311, #2552, #2410, #2395, #2605, #678, #3, #1433 ),
 .UNSPECIFIED., .F., .F.,
 ( 4, 3, 3, 3, 3, 4 ),
 ( 0.000000000000000000, 1.757491395000254709E-05, 3.529555211731488654E-05, 5.144244294691169327E-05, 7.717341767511883054E-05, 9.097412578236129259E-05 ),
 .UNSPECIFIED. ) ;
#2908 = STYLED_ITEM ( 'NONE', ( #2372 ), #2057 ) ;
#2909 = FILL_AREA_STYLE_COLOUR ( '', #3052 ) ;
#2910 = CIRCLE ( 'NONE', #1541, 0.7500000000000000000 ) ;
#2911 = B_SPLINE_CURVE_WITH_KNOTS ( 'NONE', 3,
 ( #122, #1302, #2258, #1548, #315, #2970, #1739, #1772, #2029, #2706, #1318, #1075, #1806, #2442, #2241, #2011 ),
 .UNSPECIFIED., .F., .F.,
 ( 4, 3, 3, 3, 3, 4 ),
 ( 0.000000000000000000, 3.067886841817892712E-05, 4.954775702954550113E-05, 6.845796466060569390E-05, 8.788347523646239119E-05, 0.0001052090546205378037 ),
 .UNSPECIFIED. ) ;
#2912 = ORIENTED_EDGE ( 'NONE', *, *, #1660, .T. ) ;
#2913 =( GEOMETRIC_REPRESENTATION_CONTEXT ( 3 ) GLOBAL_UNCERTAINTY_ASSIGNED_CONTEXT ( ( #2230 ) ) GLOBAL_UNIT_ASSIGNED_CONTEXT ( ( #360, #564, #1304 ) ) REPRESENTATION_CONTEXT ( 'NONE', 'WORKASPACE' ) );
#2914 = APPLICATION_CONTEXT ( 'automotive_design' ) ;
#2915 = EDGE_CURVE ( 'NONE', #1981, #2929, #1746, .T. ) ;
#2916 = CARTESIAN_POINT ( 'NONE',  ( 0.000000000000000000, 0.000000000000000000, 1.949999999999999956 ) ) ;
#2917 = CARTESIAN_POINT ( 'NONE',  ( 0.05792643746273957311, -0.9482520016242124150, 0.1446962860753145397 ) ) ;
#2918 = VERTEX_POINT ( 'NONE', #2824 ) ;
#2919 = CARTESIAN_POINT ( 'NONE',  ( -0.1051282051282049629, -0.9441652718070718819, 0.3616185897435899022 ) ) ;
#2920 = DIRECTION ( 'NONE',  ( 0.000000000000000000, 0.000000000000000000, 1.000000000000000000 ) ) ;
#2921 = CARTESIAN_POINT ( 'NONE',  ( 0.000000000000000000, 0.000000000000000000, -1.949999999999999956 ) ) ;
#2922 = ORIENTED_EDGE ( 'NONE', *, *, #2974, .F. ) ;
#2923 = ORIENTED_EDGE ( 'NONE', *, *, #69, .T. ) ;
#2924 = CARTESIAN_POINT ( 'NONE',  ( -0.03498372679716370975, -0.9493669483066364823, 0.08419730395508936982 ) ) ;
#2925 = VERTEX_POINT ( 'NONE', #162 ) ;
#2926 = CARTESIAN_POINT ( 'NONE',  ( 0.09980885646127082844, 0.9447424141622472460, 0.04456888950340390232 ) ) ;
#2927 = CARTESIAN_POINT ( 'NONE',  ( 0.09861963497129569434, 0.9448672751228762712, -0.8894838784628555928 ) ) ;
#2928 = CARTESIAN_POINT ( 'NONE',  ( -0.1548533361908185635, 0.9373909730049255762, 0.4945348522636556221 ) ) ;
#2929 = VERTEX_POINT ( 'NONE', #1374 ) ;
#2930 = CARTESIAN_POINT ( 'NONE',  ( 0.09487179487179507598, -0.9452509415693823858, 0.4794871794871796711 ) ) ;
#2931 = CARTESIAN_POINT ( 'NONE',  ( -0.1038461538461538519, 0.9443071408876250183, -0.7410256410256407245 ) ) ;
#2932 = EDGE_CURVE ( 'NONE', #926, #2049, #2968, .T. ) ;
#2933 = FACE_OUTER_BOUND ( 'NONE', #2510, .T. ) ;
#2934 = B_SPLINE_CURVE_WITH_KNOTS ( 'NONE', 3,
 ( #102, #1105, #2717, #1997, #2482, #2948, #150, #1816, #1089, #1782, #2044, #350, #2967, #3012, #2614, #2357 ),
 .UNSPECIFIED., .F., .F.,
 ( 4, 3, 3, 3, 3, 4 ),
 ( 0.000000000000000000, 4.470869486728626868E-05, 8.961017028050152257E-05, 0.0001320105171074983192, 0.0001787820496056272200, 0.0002046915779044963476 ),
 .UNSPECIFIED. ) ;
#2935 = ORIENTED_EDGE ( 'NONE', *, *, #1300, .F. ) ;
#2936 = ORIENTED_EDGE ( 'NONE', *, *, #2128, .F. ) ;
#2937 = CARTESIAN_POINT ( 'NONE',  ( -0.1270219838570301463, 0.9414698166300100590, 0.1677024666827214849 ) ) ;
#2938 = CARTESIAN_POINT ( 'NONE',  ( 0.03333333333333334675, 0.9494150245750743178, -0.9974358974358968899 ) ) ;
#2939 = CYLINDRICAL_SURFACE ( 'NONE', #2484, 0.9499999999999999556 ) ;
#2940 = CIRCLE ( 'NONE', #45, 0.2999999999999999889 ) ;
#2941 = FILL_AREA_STYLE_COLOUR ( '', #880 ) ;
#2942 = VECTOR ( 'NONE', #1841, 1000.000000000000000 ) ;
#2943 = DIRECTION ( 'NONE',  ( -1.000000000000000000, 0.000000000000000000, 0.000000000000000000 ) ) ;
#2944 = CARTESIAN_POINT ( 'NONE',  ( -0.2363582113463628120, -0.9201398204126256530, -0.5266303005654245917 ) ) ;
#2945 = CARTESIAN_POINT ( 'NONE',  ( -0.1153319312996775869, 0.9430661518002306787, 0.4869969515045071695 ) ) ;
#2946 = VECTOR ( 'NONE', #1173, 1000.000000000000000 ) ;
#2947 = ORIENTED_EDGE ( 'NONE', *, *, #1891, .F. ) ;
#2948 = CARTESIAN_POINT ( 'NONE',  ( -0.2497101240581540427, 0.9166651803185019709, 0.1615557070530122263 ) ) ;
#2949 = MECHANICAL_DESIGN_GEOMETRIC_PRESENTATION_REPRESENTATION (  '', ( #400 ), #105 ) ;
#2950 = VERTEX_POINT ( 'NONE', #3069 ) ;
#2951 = EDGE_CURVE ( 'NONE', #2889, #2351, #2332, .T. ) ;
#2952 = COLOUR_RGB ( '',0.8313725490196077761, 0.8313725490196077761, 0.8196078431372548767 ) ;
#2953 = ORIENTED_EDGE ( 'NONE', *, *, #2664, .F. ) ;
#2954 = CARTESIAN_POINT ( 'NONE',  ( -0.2596153846153846922, 0.9138379791139159547, -0.7958333333333331705 ) ) ;
#2955 = VECTOR ( 'NONE', #1344, 1000.000000000000000 ) ;
#2956 = SURFACE_STYLE_FILL_AREA ( #2242 ) ;
#2957 = B_SPLINE_CURVE_WITH_KNOTS ( 'NONE', 3,
 ( #1153, #1325, #2064, #1615, #2267, #1812, #2288, #164, #2790, #870, #145, #1133, #2053 ),
 .UNSPECIFIED., .F., .F.,
 ( 4, 3, 3, 3, 4 ),
 ( 0.000000000000000000, 3.614990520903469854E-05, 6.672713625096196957E-05, 9.724609310923788667E-05, 0.0001287979374061612057 ),
 .UNSPECIFIED. ) ;
#2958 = CARTESIAN_POINT ( 'NONE',  ( -0.01004091944736251740, 0.9499469353270925120, -0.5921821210423433568 ) ) ;
#2959 = FILL_AREA_STYLE ('',( #1723 ) ) ;
#2960 = CARTESIAN_POINT ( 'NONE',  ( -0.05394108598623560680, -0.9487951157754115350, 0.4442541741128625543 ) ) ;
#2961 = CARTESIAN_POINT ( 'NONE',  ( -0.1038461538461538519, -0.9443071408876250183, -0.7410256410256407245 ) ) ;
#2962 = CARTESIAN_POINT ( 'NONE',  ( -0.1843865277977991823, -0.9319418870994488069, 0.2960930861521486879 ) ) ;
#2963 = CARTESIAN_POINT ( 'NONE',  ( 0.003614400728521920993, -0.9500132158493403978, 0.1665226199671724916 ) ) ;
#2964 = ORIENTED_EDGE ( 'NONE', *, *, #2168, .F. ) ;
#2965 = CARTESIAN_POINT ( 'NONE',  ( -0.07927264040574934223, -0.9467155136721250308, 0.1218803697415588028 ) ) ;
#2966 = CARTESIAN_POINT ( 'NONE',  ( 0.03333333333333351328, 0.9494150245750743178, 0.05160256410256423149 ) ) ;
#2967 = CARTESIAN_POINT ( 'NONE',  ( -0.3029824421649617849, 0.9003897154670289504, 0.07598096697835086955 ) ) ;
#2968 = B_SPLINE_CURVE_WITH_KNOTS ( 'NONE', 3,
 ( #1631, #918, #1883, #855, #2555, #408, #2788, #1152 ),
 .UNSPECIFIED., .F., .F.,
 ( 4, 2, 2, 4 ),
 ( 0.000000000000000000, 7.865707772632535147E-05, 0.0001573141554526507029, 0.0003146283109053014601 ),
 .UNSPECIFIED. ) ;
#2969 = ORIENTED_EDGE ( 'NONE', *, *, #207, .T. ) ;
#2970 = CARTESIAN_POINT ( 'NONE',  ( -0.2110815114172197859, -0.9262666036558253602, 0.4086699485192629155 ) ) ;
#2971 = CARTESIAN_POINT ( 'NONE',  ( 0.000000000000000000, -0.9999999999999997780, 3.810000000000000053 ) ) ;
#2972 = CARTESIAN_POINT ( 'NONE',  ( -0.05990464990119356153, 0.9483016396439767348, -0.6109638081321525638 ) ) ;
#2973 =( LENGTH_UNIT ( ) NAMED_UNIT ( * ) SI_UNIT ( .MILLI., .METRE. ) );
#2974 = EDGE_CURVE ( 'NONE', #1046, #370, #618, .T. ) ;
#2975 =( LENGTH_UNIT ( ) NAMED_UNIT ( * ) SI_UNIT ( .MILLI., .METRE. ) );
#2976 = SURFACE_STYLE_FILL_AREA ( #2736 ) ;
#2977 = CARTESIAN_POINT ( 'NONE',  ( 0.04030364961471120944, 0.9491898377378360507, 0.1569178358366747073 ) ) ;
#2978 = CARTESIAN_POINT ( 'NONE',  ( -0.1284474870314779582, 0.9412763903741512284, 0.4902653271007541558 ) ) ;
#2979 = CARTESIAN_POINT ( 'NONE',  ( -0.2271113013934142055, 0.9224567477039231633, -0.8740292574852801533 ) ) ;
#2980 = CARTESIAN_POINT ( 'NONE',  ( -0.1681089743589742058, -0.9350076859256152284, 0.4948717948717950565 ) ) ;
#2981 = CARTESIAN_POINT ( 'NONE',  ( -0.3029343442129754926, -0.9004218355124609108, 0.08177599286400387413 ) ) ;
#2982 = LINE ( 'NONE', #2468, #1488 ) ;
#2983 = EDGE_LOOP ( 'NONE', ( #1611, #362, #1102, #2516, #2606, #1700, #3033, #114, #2010, #3060, #1259, #2154, #2006, #224, #543, #227, #1508 ) ) ;
#2984 = ORIENTED_EDGE ( 'NONE', *, *, #1163, .T. ) ;
#2985 = LINE ( 'NONE', #822, #2424 ) ;
#2986 = CARTESIAN_POINT ( 'NONE',  ( -0.1158261005825598627, 0.9429126759270122227, 0.05093288994688675159 ) ) ;
#2987 = ORIENTED_EDGE ( 'NONE', *, *, #2261, .T. ) ;
#2988 = EDGE_CURVE ( 'NONE', #2099, #2570, #1943, .T. ) ;
#2989 = CARTESIAN_POINT ( 'NONE',  ( -0.1880636294125572761, -0.9311992650836034002, 0.2969432823597121240 ) ) ;
#2990 = CLOSED_SHELL ( 'NONE', ( #1483, #2544, #549, #733, #1352, #2350, #2282, #1164, #1795, #1462, #243, #964, #1543, #2645, #1081, #2094, #1337, #3028, #2901, #2445, #1202, #1062, #33, #1446 ) ) ;
#2991 = DIRECTION ( 'NONE',  ( -0.000000000000000000, -0.000000000000000000, -1.000000000000000000 ) ) ;
#2992 = FILL_AREA_STYLE_COLOUR ( '', #483 ) ;
#2993 = B_SPLINE_CURVE_WITH_KNOTS ( 'NONE', 3,
 ( #1677, #2639, #3080, #916 ),
 .UNSPECIFIED., .F., .F.,
 ( 4, 4 ),
 ( 0.000000000000000000, 0.0001283978268470389004 ),
 .UNSPECIFIED. ) ;
#2994 = CARTESIAN_POINT ( 'NONE',  ( -0.1800778856793910920, -0.9327820032075997414, -0.02823034329343943744 ) ) ;
#2995 = CARTESIAN_POINT ( 'NONE',  ( 0.09999999999999999167, 0.9447221813845592120, -3.403937756669170867 ) ) ;
#2996 = AXIS2_PLACEMENT_3D ( 'NONE', #2971, #774, #2708 ) ;
#2997 = CARTESIAN_POINT ( 'NONE',  ( -0.2376385581872993980, -0.9197977580221984306, -0.7772740003382803131 ) ) ;
#2998 = EDGE_LOOP ( 'NONE', ( #526, #2703, #1960, #641, #962, #469, #2746, #2061, #1011 ) ) ;
#2999 = AXIS2_PLACEMENT_3D ( 'NONE', #331, #2494, #2472 ) ;
#3000 = B_SPLINE_CURVE_WITH_KNOTS ( 'NONE', 3,
 ( #2840, #231, #3073, #659, #2577, #1649, #1842, #1600, #2084, #1583 ),
 .UNSPECIFIED., .F., .F.,
 ( 4, 3, 3, 4 ),
 ( 0.000000000000000000, 4.146441184737484267E-05, 6.296020954334320110E-05, 8.483208545021385719E-05 ),
 .UNSPECIFIED. ) ;
#3001 =( NAMED_UNIT ( * ) SI_UNIT ( $, .STERADIAN. ) SOLID_ANGLE_UNIT ( ) );
#3002 = COLOUR_RGB ( '',0.8313725490196077761, 0.8313725490196077761, 0.8196078431372548767 ) ;
#3003 = CARTESIAN_POINT ( 'NONE',  ( 0.02118118917571065740, 0.9498033557124978543, -0.8634166594643385428 ) ) ;
#3004 = CIRCLE ( 'NONE', #57, 0.2999999999999999889 ) ;
#3005 = APPLICATION_PROTOCOL_DEFINITION ( 'draft international standard', 'automotive_design', 1998, #257 ) ;
#3006 = ORIENTED_EDGE ( 'NONE', *, *, #3083, .F. ) ;
#3007 = CARTESIAN_POINT ( 'NONE',  ( -0.09975961538461532163, -0.9447475954657486019, -0.6128205128205129748 ) ) ;
#3008 = EDGE_CURVE ( 'NONE', #631, #1953, #1244, .T. ) ;
#3009 = DIRECTION ( 'NONE',  ( -0.000000000000000000, -0.000000000000000000, -1.000000000000000000 ) ) ;
#3010 = CARTESIAN_POINT ( 'NONE',  ( -0.1218064466923981792, -0.9421587921094722873, 0.4028012075288823213 ) ) ;
#3011 = CARTESIAN_POINT ( 'NONE',  ( -0.1634685576625088954, -0.9358480316217863137, 0.1046507568504153468 ) ) ;
#3012 = CARTESIAN_POINT ( 'NONE',  ( -0.3044509219214722173, 0.8998955699039973277, 0.06739994820572500767 ) ) ;
#3013 = EDGE_CURVE ( 'NONE', #871, #756, #2046, .T. ) ;
#3014 = ORIENTED_EDGE ( 'NONE', *, *, #615, .T. ) ;
#3015 = CARTESIAN_POINT ( 'NONE',  ( -0.006585165848910100664, 0.9500056921292835410, 0.009337532231834429208 ) ) ;
#3016 = VERTEX_POINT ( 'NONE', #2623 ) ;
#3017 = CARTESIAN_POINT ( 'NONE',  ( 0.01794871794871810700, 0.9498304288261131267, 0.3463141025641027215 ) ) ;
#3018 = CARTESIAN_POINT ( 'NONE',  ( -0.2354692008859030905, -0.9203555049184223291, 0.03422129610391082960 ) ) ;
#3019 = FACE_OUTER_BOUND ( 'NONE', #135, .T. ) ;
#3020 = DIRECTION ( 'NONE',  ( -0.000000000000000000, -0.000000000000000000, -1.000000000000000000 ) ) ;
#3021 = PLANE ( 'NONE',  #1338 ) ;
#3022 = ORIENTED_EDGE ( 'NONE', *, *, #809, .F. ) ;
#3023 = CARTESIAN_POINT ( 'NONE',  ( -3.673940397442058882E-17, -1.000000000000000000, 2.810000000000000053 ) ) ;
#3024 = DIRECTION ( 'NONE',  ( 0.000000000000000000, 0.000000000000000000, 1.000000000000000000 ) ) ;
#3025 = CARTESIAN_POINT ( 'NONE',  ( -0.1987360532388512124, 0.9290299195227587070, 0.2993227511679797392 ) ) ;
#3026 = CARTESIAN_POINT ( 'NONE',  ( 0.03333333333333334675, -0.9494150245750743178, -0.9593749999999997558 ) ) ;
#3027 = ORIENTED_EDGE ( 'NONE', *, *, #654, .F. ) ;
#3028 = ADVANCED_FACE ( 'NONE', ( #952 ), #2887, .T. ) ;
#3029 = EDGE_CURVE ( 'NONE', #1072, #866, #927, .T. ) ;
#3030 = DIRECTION ( 'NONE',  ( -0.000000000000000000, 1.000000000000000000, 1.700709290173340163E-16 ) ) ;
#3031 = CARTESIAN_POINT ( 'NONE',  ( 0.1051282051282051849, 0.9441652718070718819, -0.5005608974358976004 ) ) ;
#3032 = SURFACE_SIDE_STYLE ('',( #2060 ) ) ;
#3033 = ORIENTED_EDGE ( 'NONE', *, *, #1655, .T. ) ;
#3034 = CARTESIAN_POINT ( 'NONE',  ( -0.3000000000000000444, -0.9013878188659973922, -0.9233173076923076872 ) ) ;
#3035 = CARTESIAN_POINT ( 'NONE',  ( -0.2323075785654768188, 0.9211586122597875681, -0.4613075434294456323 ) ) ;
#3036 = SURFACE_STYLE_USAGE ( .BOTH. , #1116 ) ;
#3037 = CARTESIAN_POINT ( 'NONE',  ( -0.3044612162390194499, -0.8998910288770431976, -0.4728438483119893898 ) ) ;
#3038 = ORIENTED_EDGE ( 'NONE', *, *, #3029, .T. ) ;
#3039 = DIRECTION ( 'NONE',  ( 0.000000000000000000, 0.000000000000000000, -1.000000000000000000 ) ) ;
#3040 = CARTESIAN_POINT ( 'NONE',  ( -0.2200617604828381813, 0.9241733877283857534, 0.3135018466869673448 ) ) ;
#3041 =( GEOMETRIC_REPRESENTATION_CONTEXT ( 3 ) GLOBAL_UNCERTAINTY_ASSIGNED_CONTEXT ( ( #2496 ) ) GLOBAL_UNIT_ASSIGNED_CONTEXT ( ( #380, #1554, #83 ) ) REPRESENTATION_CONTEXT ( 'NONE', 'WORKASPACE' ) );
#3042 = FACE_OUTER_BOUND ( 'NONE', #1528, .T. ) ;
#3043 = DIRECTION ( 'NONE',  ( 1.000000000000000000, 0.000000000000000000, 0.000000000000000000 ) ) ;
#3044 = B_SPLINE_CURVE_WITH_KNOTS ( 'NONE', 3,
 ( #1, #2378, #2878, #2362, #235, #249, #1653, #2551, #1868, #417 ),
 .UNSPECIFIED., .F., .F.,
 ( 4, 3, 3, 4 ),
 ( 5.463198353652111349E-20, 1.312487377489741728E-05, 2.630469762939171175E-05, 5.238207519835603369E-05 ),
 .UNSPECIFIED. ) ;
#3045 = DIRECTION ( 'NONE',  ( -0.000000000000000000, -0.000000000000000000, -1.000000000000000000 ) ) ;
#3046 = AXIS2_PLACEMENT_3D ( 'NONE', #1704, #500, #704 ) ;
#3047 = EDGE_CURVE ( 'NONE', #698, #1854, #1680, .T. ) ;
#3048 = VERTEX_POINT ( 'NONE', #1048 ) ;
#3049 = CARTESIAN_POINT ( 'NONE',  ( -0.04718386398634278472, 0.9488275306815876498, 0.3421354540252620757 ) ) ;
#3050 = UNCERTAINTY_MEASURE_WITH_UNIT (LENGTH_MEASURE( 1.000000000000000082E-05 ), #2594, 'distance_accuracy_value', 'NONE');
#3051 = DIRECTION ( 'NONE',  ( 0.000000000000000000, 0.000000000000000000, -1.000000000000000000 ) ) ;
#3052 = COLOUR_RGB ( '',0.8313725490196077761, 0.8313725490196077761, 0.8196078431372548767 ) ;
#3053 = CARTESIAN_POINT ( 'NONE',  ( 0.000000000000000000, 0.000000000000000000, -3.403937756669170867 ) ) ;
#3054 = MECHANICAL_DESIGN_GEOMETRIC_PRESENTATION_REPRESENTATION (  '', ( #2441 ), #2493 ) ;
#3055 = B_SPLINE_CURVE_WITH_KNOTS ( 'NONE', 3,
 ( #840, #327, #2458, #2766, #1270, #89, #913, #2537, #882, #1627, #3064, #387, #1834, #852, #2819, #1110 ),
 .UNSPECIFIED., .F., .F.,
 ( 4, 3, 3, 3, 3, 4 ),
 ( 0.000000000000000000, 1.944516889638816176E-05, 3.173072336671912714E-05, 4.402202973303257757E-05, 5.585433565266309806E-05, 6.382080989213551557E-05 ),
 .UNSPECIFIED. ) ;
#3056 = FACE_OUTER_BOUND ( 'NONE', #666, .T. ) ;
#3057 = CARTESIAN_POINT ( 'NONE',  ( -0.1125325221874786397, -0.9433156646366753773, 0.3920900723958362644 ) ) ;
#3058 =( GEOMETRIC_REPRESENTATION_CONTEXT ( 3 ) GLOBAL_UNCERTAINTY_ASSIGNED_CONTEXT ( ( #1437 ) ) GLOBAL_UNIT_ASSIGNED_CONTEXT ( ( #2973, #1013, #1774 ) ) REPRESENTATION_CONTEXT ( 'NONE', 'WORKASPACE' ) );
#3059 = LINE ( 'NONE', #689, #839 ) ;
#3060 = ORIENTED_EDGE ( 'NONE', *, *, #674, .T. ) ;
#3061 = FACE_OUTER_BOUND ( 'NONE', #2566, .T. ) ;
#3062 = DIRECTION ( 'NONE',  ( 0.000000000000000000, -0.000000000000000000, 1.000000000000000000 ) ) ;
#3063 = CARTESIAN_POINT ( 'NONE',  ( 0.02948717948717948303, 0.9495422614322601707, -0.8898237179487176185 ) ) ;
#3064 = CARTESIAN_POINT ( 'NONE',  ( 0.03056584633730415057, 0.9495102260182426424, 0.06746055588193347607 ) ) ;
#3065 = ORIENTED_EDGE ( 'NONE', *, *, #1363, .F. ) ;
#3066 =( NAMED_UNIT ( * ) PLANE_ANGLE_UNIT ( ) SI_UNIT ( $, .RADIAN. ) );
#3067 = CARTESIAN_POINT ( 'NONE',  ( -0.01794871794871778087, -0.9498304288261124606, 0.007692307692307823706 ) ) ;
#3068 = ADVANCED_FACE ( 'NONE', ( #374 ), #1149, .T. ) ;
#3069 = CARTESIAN_POINT ( 'NONE',  ( -0.3000000000000000444, -0.9013878188659973922, -1.074358974358973873 ) ) ;
#3070 = CARTESIAN_POINT ( 'NONE',  ( -0.2333333333333333648, 0.9208993189027536719, -0.9974358974358968899 ) ) ;
#3071 = ORIENTED_EDGE ( 'NONE', *, *, #459, .F. ) ;
#3072 = CARTESIAN_POINT ( 'NONE',  ( -0.06788393815484133897, 0.9476110333472292924, -0.6882314127222428635 ) ) ;
#3073 = CARTESIAN_POINT ( 'NONE',  ( -0.2142919993740142193, 0.9255939163569470995, -0.7630952894079671145 ) ) ;
#3074 = SURFACE_STYLE_USAGE ( .BOTH. , #2104 ) ;
#3075 = ORIENTED_EDGE ( 'NONE', *, *, #407, .T. ) ;
#3076 = CARTESIAN_POINT ( 'NONE',  ( 0.02952701432381996810, -0.9495410235607478766, 0.03463766536603204299 ) ) ;
#3077 = ORIENTED_EDGE ( 'NONE', *, *, #3029, .F. ) ;
#3078 = DIRECTION ( 'NONE',  ( 1.000000000000000000, 0.000000000000000000, 0.000000000000000000 ) ) ;
#3079 = PRODUCT_DEFINITION_CONTEXT ( 'detailed design', #257, 'design' ) ;
#3080 = CARTESIAN_POINT ( 'NONE',  ( 0.07144285390863594487, 0.9474819771974002380, -0.6240506313621920764 ) ) ;
#3081 = CARTESIAN_POINT ( 'NONE',  ( -0.2668647531568910103, -0.9119659967173120441, -0.6240312937968633955 ) ) ;
#3082 = CARTESIAN_POINT ( 'NONE',  ( 0.000000000000000000, 0.000000000000000000, -2.810000000000000053 ) ) ;
#3083 = EDGE_CURVE ( 'NONE', #1330, #1229, #814, .T. ) ;
#3084 = CARTESIAN_POINT ( 'NONE',  ( -0.1256410256410255277, 0.9416551028247397426, -0.2538461538461535549 ) ) ;
#3085 = CARTESIAN_POINT ( 'NONE',  ( -0.1024038461538461092, -0.9444646379261106839, -0.6897435897435899577 ) ) ;
#3086 = B_SPLINE_CURVE_WITH_KNOTS ( 'NONE', 3,
 ( #169, #1108, #1586, #2058, #859, #1832, #2550, #414, #1356, #2307 ),
 .UNSPECIFIED., .F., .F.,
 ( 4, 3, 3, 4 ),
 ( 0.000000000000000000, 1.744662761061794437E-05, 3.489642080672052311E-05, 6.976956382313573789E-05 ),
 .UNSPECIFIED. ) ;
#3087 = CARTESIAN_POINT ( 'NONE',  ( -0.009294871794871612664, 0.9499545280476939801, 0.08974358974358988272 ) ) ;
#3088 = ORIENTED_EDGE ( 'NONE', *, *, #2545, .F. ) ;
ENDSEC;
END-ISO-10303-21;
