ISO-10303-21;
HEADER;
FILE_DESCRIPTION (( 'STEP AP214' ),
    '1' );
FILE_NAME ('Resistor6.3x2.4x15.24.STEP',
    '2026-02-17T14:16:45',
    ( '' ),
    ( '' ),
    'SwSTEP 2.0',
    'SolidWorks 2026',
    '' );
FILE_SCHEMA (( 'AUTOMOTIVE_DESIGN' ));
ENDSEC;

DATA;
#1 = FILL_AREA_STYLE ('',( #1136 ) ) ;
#2 = CARTESIAN_POINT ( 'NONE',  ( 0.000000000000000000, 1.163414459189985436E-16, 0.6999999999999998446 ) ) ;
#3 =( GEOMETRIC_REPRESENTATION_CONTEXT ( 3 ) GLOBAL_UNCERTAINTY_ASSIGNED_CONTEXT ( ( #283 ) ) GLOBAL_UNIT_ASSIGNED_CONTEXT ( ( #127, #1099, #1577 ) ) REPRESENTATION_CONTEXT ( 'NONE', 'WORKASPACE' ) );
#4 = DIRECTION ( 'NONE',  ( 1.000000000000000000, -0.000000000000000000, -0.000000000000000000 ) ) ;
#5 = STYLED_ITEM ( 'NONE', ( #1681 ), #1231 ) ;
#6 = ADVANCED_FACE ( 'NONE', ( #1462 ), #34, .T. ) ;
#7 = MECHANICAL_DESIGN_GEOMETRIC_PRESENTATION_REPRESENTATION (  '', ( #765 ), #1887 ) ;
#8 = ORIENTED_EDGE ( 'NONE', *, *, #1182, .F. ) ;
#9 = CARTESIAN_POINT ( 'NONE',  ( 1.442928578572857168, 0.000000000000000000, 0.000000000000000000 ) ) ;
#10 =( NAMED_UNIT ( * ) PLANE_ANGLE_UNIT ( ) SI_UNIT ( $, .RADIAN. ) );
#11 = ORIENTED_EDGE ( 'NONE', *, *, #1727, .F. ) ;
#12 = VECTOR ( 'NONE', #97, 1000.000000000000000 ) ;
#13 = UNCERTAINTY_MEASURE_WITH_UNIT (LENGTH_MEASURE( 1.000000000000000082E-05 ), #1509, 'distance_accuracy_value', 'NONE');
#14 = DIRECTION ( 'NONE',  ( -1.000000000000000000, 0.000000000000000000, 0.000000000000000000 ) ) ;
#15 = EDGE_LOOP ( 'NONE', ( #1725, #390, #2005, #911 ) ) ;
#16 = SURFACE_STYLE_USAGE ( .BOTH. , #329 ) ;
#17 = DIRECTION ( 'NONE',  ( -1.000000000000000000, 0.000000000000000000, 0.000000000000000000 ) ) ;
#18 = STYLED_ITEM ( 'NONE', ( #653 ), #815 ) ;
#19 = FILL_AREA_STYLE ('',( #976 ) ) ;
#20 = VERTEX_POINT ( 'NONE', #194 ) ;
#21 = FILL_AREA_STYLE ('',( #1900 ) ) ;
#22 = LINE ( 'NONE', #784, #1032 ) ;
#23 = EDGE_CURVE ( 'NONE', #293, #1908, #823, .T. ) ;
#24 = VERTEX_POINT ( 'NONE', #1378 ) ;
#25 = DIRECTION ( 'NONE',  ( 1.000000000000000000, -0.000000000000000000, -0.000000000000000000 ) ) ;
#26 = CARTESIAN_POINT ( 'NONE',  ( 0.5000000000000004441, 0.000000000000000000, 1.199999999999999956 ) ) ;
#27 =( NAMED_UNIT ( * ) PLANE_ANGLE_UNIT ( ) SI_UNIT ( $, .RADIAN. ) );
#28 = CARTESIAN_POINT ( 'NONE',  ( 2.409297531231849199, 0.000000000000000000, 0.000000000000000000 ) ) ;
#29 = SURFACE_STYLE_USAGE ( .BOTH. , #1643 ) ;
#30 = AXIS2_PLACEMENT_3D ( 'NONE', #1893, #806, #32 ) ;
#31 = ORIENTED_EDGE ( 'NONE', *, *, #1224, .T. ) ;
#32 = DIRECTION ( 'NONE',  ( 0.000000000000000000, 0.000000000000000000, -1.000000000000000000 ) ) ;
#33 = CIRCLE ( 'NONE', #243, 0.2750000000000000222 ) ;
#34 = CYLINDRICAL_SURFACE ( 'NONE', #853, 0.2750000000000000777 ) ;
#35 = MECHANICAL_DESIGN_GEOMETRIC_PRESENTATION_REPRESENTATION (  '', ( #1777 ), #1840 ) ;
#36 = PRESENTATION_STYLE_ASSIGNMENT (( #168 ) ) ;
#37 = EDGE_CURVE ( 'NONE', #1027, #693, #2008, .T. ) ;
#38 = DIRECTION ( 'NONE',  ( 5.100766768294538872E-17, 1.000000000000000000, 0.000000000000000000 ) ) ;
#39 = VERTEX_POINT ( 'NONE', #1833 ) ;
#40 = DIRECTION ( 'NONE',  ( 0.000000000000000000, 0.000000000000000000, -1.000000000000000000 ) ) ;
#41 =( GEOMETRIC_REPRESENTATION_CONTEXT ( 3 ) GLOBAL_UNCERTAINTY_ASSIGNED_CONTEXT ( ( #398 ) ) GLOBAL_UNIT_ASSIGNED_CONTEXT ( ( #1269, #2034, #1872 ) ) REPRESENTATION_CONTEXT ( 'NONE', 'WORKASPACE' ) );
#42 =( NAMED_UNIT ( * ) PLANE_ANGLE_UNIT ( ) SI_UNIT ( $, .RADIAN. ) );
#43 = AXIS2_PLACEMENT_3D ( 'NONE', #439, #104, #1560 ) ;
#44 = DIRECTION ( 'NONE',  ( 1.000000000000000000, 0.000000000000000000, 0.000000000000000000 ) ) ;
#45 = AXIS2_PLACEMENT_3D ( 'NONE', #1683, #1820, #468 ) ;
#46 =( GEOMETRIC_REPRESENTATION_CONTEXT ( 3 ) GLOBAL_UNCERTAINTY_ASSIGNED_CONTEXT ( ( #1087 ) ) GLOBAL_UNIT_ASSIGNED_CONTEXT ( ( #1190, #73, #1022 ) ) REPRESENTATION_CONTEXT ( 'NONE', 'WORKASPACE' ) );
#47 = CARTESIAN_POINT ( 'NONE',  ( 1.959297531231849021, 0.000000000000000000, 0.000000000000000000 ) ) ;
#48 = DIRECTION ( 'NONE',  ( 0.000000000000000000, 0.000000000000000000, 1.000000000000000000 ) ) ;
#49 = PRODUCT_DEFINITION_FORMATION_WITH_SPECIFIED_SOURCE ( 'ANY', '', #741, .NOT_KNOWN. ) ;
#50 = EDGE_LOOP ( 'NONE', ( #479, #1302, #1968, #8 ) ) ;
#51 = DIRECTION ( 'NONE',  ( -1.000000000000000000, 0.000000000000000000, 0.000000000000000000 ) ) ;
#52 = DIRECTION ( 'NONE',  ( 0.000000000000000000, 0.000000000000000000, -1.000000000000000000 ) ) ;
#53 = DIRECTION ( 'NONE',  ( 1.000000000000000000, -0.000000000000000000, -0.000000000000000000 ) ) ;
#54 = DIRECTION ( 'NONE',  ( -1.000000000000000000, 0.000000000000000000, 0.000000000000000000 ) ) ;
#55 = DIRECTION ( 'NONE',  ( 1.000000000000000000, -0.000000000000000000, -0.000000000000000000 ) ) ;
#56 = AXIS2_PLACEMENT_3D ( 'NONE', #1633, #812, #641 ) ;
#57 = EDGE_LOOP ( 'NONE', ( #2012, #204, #2015, #1324 ) ) ;
#58 = DIRECTION ( 'NONE',  ( -1.000000000000000000, -0.000000000000000000, -0.000000000000000000 ) ) ;
#59 = SURFACE_STYLE_FILL_AREA ( #1308 ) ;
#60 = SURFACE_SIDE_STYLE ('',( #186 ) ) ;
#61 = DIRECTION ( 'NONE',  ( -1.734723475976807587E-16, -1.000000000000000000, 0.000000000000000000 ) ) ;
#62 = EDGE_CURVE ( 'NONE', #932, #1523, #1860, .T. ) ;
#63 = ORIENTED_EDGE ( 'NONE', *, *, #1224, .F. ) ;
#64 = CARTESIAN_POINT ( 'NONE',  ( 6.299999999999999822, 1.285879139104720732E-16, 1.050000000000000044 ) ) ;
#65 = PRESENTATION_LAYER_ASSIGNMENT (  '', '', ( #958 ) ) ;
#66 = STYLED_ITEM ( 'NONE', ( #1003 ), #6 ) ;
#67 = CARTESIAN_POINT ( 'NONE',  ( 4.340702468768153466, 1.285879139104720732E-16, 1.050000000000000044 ) ) ;
#68 = TOROIDAL_SURFACE ( 'NONE', #1807, 1.349999999998701794, 0.2999999999999999889 ) ;
#69 = ORIENTED_EDGE ( 'NONE', *, *, #414, .F. ) ;
#70 = FILL_AREA_STYLE ('',( #211 ) ) ;
#71 =( GEOMETRIC_REPRESENTATION_CONTEXT ( 3 ) GLOBAL_UNCERTAINTY_ASSIGNED_CONTEXT ( ( #621 ) ) GLOBAL_UNIT_ASSIGNED_CONTEXT ( ( #699, #1366, #371 ) ) REPRESENTATION_CONTEXT ( 'NONE', 'WORKASPACE' ) );
#72 = DIRECTION ( 'NONE',  ( 1.000000000000000000, 0.000000000000000000, 0.000000000000000000 ) ) ;
#73 =( NAMED_UNIT ( * ) PLANE_ANGLE_UNIT ( ) SI_UNIT ( $, .RADIAN. ) );
#74 = AXIS2_PLACEMENT_3D ( 'NONE', #1261, #288, #1591 ) ;
#75 = FACE_OUTER_BOUND ( 'NONE', #767, .T. ) ;
#76 = CIRCLE ( 'NONE', #1786, 1.199999999999999956 ) ;
#77 = ADVANCED_FACE ( 'NONE', ( #406 ), #1062, .T. ) ;
#78 = AXIS2_PLACEMENT_3D ( 'NONE', #840, #210, #1052 ) ;
#79 = SURFACE_SIDE_STYLE ('',( #1495 ) ) ;
#80 = STYLED_ITEM ( 'NONE', ( #988 ), #1689 ) ;
#81 = ORIENTED_EDGE ( 'NONE', *, *, #1473, .F. ) ;
#82 = SURFACE_SIDE_STYLE ('',( #544 ) ) ;
#83 = ORIENTED_EDGE ( 'NONE', *, *, #1942, .F. ) ;
#84 = AXIS2_PLACEMENT_3D ( 'NONE', #401, #893, #1588 ) ;
#85 = UNCERTAINTY_MEASURE_WITH_UNIT (LENGTH_MEASURE( 1.000000000000000082E-05 ), #1909, 'distance_accuracy_value', 'NONE');
#86 =( NAMED_UNIT ( * ) SI_UNIT ( $, .STERADIAN. ) SOLID_ANGLE_UNIT ( ) );
#87 = PRESENTATION_STYLE_ASSIGNMENT (( #1362 ) ) ;
#88 = CARTESIAN_POINT ( 'NONE',  ( 1.959297531231849021, 0.000000000000000000, 0.000000000000000000 ) ) ;
#89 = ADVANCED_FACE ( 'NONE', ( #764 ), #1240, .T. ) ;
#90 = ORIENTED_EDGE ( 'NONE', *, *, #1453, .F. ) ;
#91 =( NAMED_UNIT ( * ) PLANE_ANGLE_UNIT ( ) SI_UNIT ( $, .RADIAN. ) );
#92 = ORIENTED_EDGE ( 'NONE', *, *, #1863, .F. ) ;
#93 = MECHANICAL_DESIGN_GEOMETRIC_PRESENTATION_REPRESENTATION (  '', ( #1557 ), #1907 ) ;
#94 = PRODUCT_RELATED_PRODUCT_CATEGORY ( 'part', '', ( #741 ) ) ;
#95 = COLOUR_RGB ( '',0.6470588235294117974, 0.6196078431372549211, 0.5882352941176470784 ) ;
#96 = CYLINDRICAL_SURFACE ( 'NONE', #1148, 1.050000000000000044 ) ;
#97 = DIRECTION ( 'NONE',  ( 1.000000000000000000, -0.000000000000000000, -0.000000000000000000 ) ) ;
#98 = UNCERTAINTY_MEASURE_WITH_UNIT (LENGTH_MEASURE( 1.000000000000000082E-05 ), #1773, 'distance_accuracy_value', 'NONE');
#99 = CIRCLE ( 'NONE', #1432, 1.199999999999999956 ) ;
#100 =( NAMED_UNIT ( * ) PLANE_ANGLE_UNIT ( ) SI_UNIT ( $, .RADIAN. ) );
#101 = AXIS2_PLACEMENT_3D ( 'NONE', #47, #1938, #512 ) ;
#102 = DIRECTION ( 'NONE',  ( -1.000000000000000000, -0.000000000000000000, -0.000000000000000000 ) ) ;
#103 = AXIS2_PLACEMENT_3D ( 'NONE', #649, #306, #40 ) ;
#104 = DIRECTION ( 'NONE',  ( 1.000000000000000000, 0.000000000000000000, 0.000000000000000000 ) ) ;
#105 = STYLED_ITEM ( 'NONE', ( #1800 ), #1154 ) ;
#106 = EDGE_LOOP ( 'NONE', ( #115, #11, #1147, #31 ) ) ;
#107 = CIRCLE ( 'NONE', #1283, 0.2750000000000000222 ) ;
#108 =( NAMED_UNIT ( * ) SI_UNIT ( $, .STERADIAN. ) SOLID_ANGLE_UNIT ( ) );
#109 = COLOUR_RGB ( '',0.8313725490196077761, 1.000000000000000000, 0.8666666666666666963 ) ;
#110 = DIRECTION ( 'NONE',  ( 0.000000000000000000, 0.000000000000000000, 1.000000000000000000 ) ) ;
#111 = EDGE_CURVE ( 'NONE', #797, #932, #278, .T. ) ;
#112 = MECHANICAL_DESIGN_GEOMETRIC_PRESENTATION_REPRESENTATION (  '', ( #1894 ), #46 ) ;
#113 = CARTESIAN_POINT ( 'NONE',  ( 6.299999999999999822, 1.469576158976823553E-16, -1.199999999999999956 ) ) ;
#114 =( NAMED_UNIT ( * ) SI_UNIT ( $, .STERADIAN. ) SOLID_ANGLE_UNIT ( ) );
#115 = ORIENTED_EDGE ( 'NONE', *, *, #1991, .F. ) ;
#116 = CARTESIAN_POINT ( 'NONE',  ( 0.5000000000000004441, 0.000000000000000000, 0.000000000000000000 ) ) ;
#117 = ORIENTED_EDGE ( 'NONE', *, *, #866, .F. ) ;
#118 = SURFACE_STYLE_FILL_AREA ( #1586 ) ;
#119 = CARTESIAN_POINT ( 'NONE',  ( 6.299999999999999822, 0.000000000000000000, 0.000000000000000000 ) ) ;
#120 = ADVANCED_FACE ( 'NONE', ( #759 ), #308, .T. ) ;
#121 = PRESENTATION_STYLE_ASSIGNMENT (( #593 ) ) ;
#122 = CARTESIAN_POINT ( 'NONE',  ( 4.857071421427143321, 0.000000000000000000, 0.000000000000000000 ) ) ;
#123 = EDGE_LOOP ( 'NONE', ( #1245, #616, #1282, #1094 ) ) ;
#124 =( NAMED_UNIT ( * ) SI_UNIT ( $, .STERADIAN. ) SOLID_ANGLE_UNIT ( ) );
#125 = AXIS2_PLACEMENT_3D ( 'NONE', #1024, #1016, #1131 ) ;
#126 = ORIENTED_EDGE ( 'NONE', *, *, #254, .T. ) ;
#127 =( LENGTH_UNIT ( ) NAMED_UNIT ( * ) SI_UNIT ( .MILLI., .METRE. ) );
#128 = AXIS2_PLACEMENT_3D ( 'NONE', #949, #2020, #1743 ) ;
#129 = MECHANICAL_DESIGN_GEOMETRIC_PRESENTATION_REPRESENTATION (  '', ( #380 ), #1214 ) ;
#130 = DIRECTION ( 'NONE',  ( 1.000000000000000000, 0.000000000000000000, 0.000000000000000000 ) ) ;
#131 =( GEOMETRIC_REPRESENTATION_CONTEXT ( 3 ) GLOBAL_UNCERTAINTY_ASSIGNED_CONTEXT ( ( #1675 ) ) GLOBAL_UNIT_ASSIGNED_CONTEXT ( ( #382, #1233, #1803 ) ) REPRESENTATION_CONTEXT ( 'NONE', 'WORKASPACE' ) );
#132 =( LENGTH_UNIT ( ) NAMED_UNIT ( * ) SI_UNIT ( .MILLI., .METRE. ) );
#133 = VERTEX_POINT ( 'NONE', #1409 ) ;
#134 = EDGE_CURVE ( 'NONE', #1908, #606, #22, .T. ) ;
#135 = ORIENTED_EDGE ( 'NONE', *, *, #1751, .T. ) ;
#136 = CARTESIAN_POINT ( 'NONE',  ( 6.299999999999999822, 0.000000000000000000, 0.000000000000000000 ) ) ;
#137 =( GEOMETRIC_REPRESENTATION_CONTEXT ( 3 ) GLOBAL_UNCERTAINTY_ASSIGNED_CONTEXT ( ( #578 ) ) GLOBAL_UNIT_ASSIGNED_CONTEXT ( ( #874, #1188, #1482 ) ) REPRESENTATION_CONTEXT ( 'NONE', 'WORKASPACE' ) );
#138 = UNCERTAINTY_MEASURE_WITH_UNIT (LENGTH_MEASURE( 1.000000000000000082E-05 ), #1026, 'distance_accuracy_value', 'NONE');
#139 = AXIS2_PLACEMENT_3D ( 'NONE', #946, #1612, #786 ) ;
#140 = CARTESIAN_POINT ( 'NONE',  ( 3.109297531231848932, 1.285879139104720732E-16, 1.050000000000000044 ) ) ;
#141 = EDGE_LOOP ( 'NONE', ( #2021, #1350, #999, #348 ) ) ;
#142 = VECTOR ( 'NONE', #25, 1000.000000000000000 ) ;
#143 = DIRECTION ( 'NONE',  ( 1.000000000000000000, -0.000000000000000000, -0.000000000000000000 ) ) ;
#144 = CARTESIAN_POINT ( 'NONE',  ( 11.04500000000000171, -1.000000000000001776, 0.000000000000000000 ) ) ;
#145 = TOROIDAL_SURFACE ( 'NONE', #1256, 1.000000000000001332, 0.2750000000000000222 ) ;
#146 = ORIENTED_EDGE ( 'NONE', *, *, #1756, .T. ) ;
#147 = CARTESIAN_POINT ( 'NONE',  ( 2.409297531231849199, 1.285879139104720732E-16, 1.050000000000000044 ) ) ;
#148 = VERTEX_POINT ( 'NONE', #1624 ) ;
#149 = EDGE_CURVE ( 'NONE', #606, #20, #747, .T. ) ;
#150 = CARTESIAN_POINT ( 'NONE',  ( 2.209297531231849021, 0.000000000000000000, -1.050000000000000044 ) ) ;
#151 = ORIENTED_EDGE ( 'NONE', *, *, #180, .F. ) ;
#152 = CARTESIAN_POINT ( 'NONE',  ( 6.299999999999999822, 0.000000000000000000, 0.000000000000000000 ) ) ;
#153 = DIRECTION ( 'NONE',  ( 0.000000000000000000, 0.000000000000000000, -1.000000000000000000 ) ) ;
#154 = FILL_AREA_STYLE ('',( #912 ) ) ;
#155 = DIRECTION ( 'NONE',  ( 0.000000000000000000, 1.000000000000000000, 0.000000000000000000 ) ) ;
#156 =( LENGTH_UNIT ( ) NAMED_UNIT ( * ) SI_UNIT ( .MILLI., .METRE. ) );
#157 = ORIENTED_EDGE ( 'NONE', *, *, #804, .F. ) ;
#158 = FACE_OUTER_BOUND ( 'NONE', #364, .T. ) ;
#159 = SURFACE_STYLE_USAGE ( .BOTH. , #742 ) ;
#160 = ADVANCED_FACE ( 'NONE', ( #189, #167 ), #301, .F. ) ;
#161 = FILL_AREA_STYLE ('',( #1587 ) ) ;
#162 = CYLINDRICAL_SURFACE ( 'NONE', #1318, 1.050000000000000044 ) ;
#163 = CARTESIAN_POINT ( 'NONE',  ( 10.49500000000000277, -6.000000000000001776, 3.367778697655231119E-17 ) ) ;
#164 = AXIS2_PLACEMENT_3D ( 'NONE', #581, #469, #1091 ) ;
#165 = AXIS2_PLACEMENT_3D ( 'NONE', #762, #909, #416 ) ;
#166 = ORIENTED_EDGE ( 'NONE', *, *, #827, .F. ) ;
#167 = FACE_OUTER_BOUND ( 'NONE', #1673, .T. ) ;
#168 = SURFACE_STYLE_USAGE ( .BOTH. , #302 ) ;
#169 = CARTESIAN_POINT ( 'NONE',  ( 9.770000000000001350, -0.2750000000000005218, 3.367778697655224340E-17 ) ) ;
#170 = AXIS2_PLACEMENT_3D ( 'NONE', #703, #1222, #1951 ) ;
#171 = FACE_OUTER_BOUND ( 'NONE', #1734, .T. ) ;
#172 = FILL_AREA_STYLE_COLOUR ( '', #1728 ) ;
#173 = CIRCLE ( 'NONE', #252, 1.050000000000000044 ) ;
#174 = FACE_OUTER_BOUND ( 'NONE', #1112, .T. ) ;
#175 = COLOUR_RGB ( '',0.8313725490196077761, 1.000000000000000000, 0.8666666666666666963 ) ;
#176 = ORIENTED_EDGE ( 'NONE', *, *, #134, .T. ) ;
#177 = CARTESIAN_POINT ( 'NONE',  ( 4.857071421427143321, 0.000000000000000000, 1.199999999999999956 ) ) ;
#178 =( NAMED_UNIT ( * ) SI_UNIT ( $, .STERADIAN. ) SOLID_ANGLE_UNIT ( ) );
#179 = CARTESIAN_POINT ( 'NONE',  ( 4.390702468768152400, 0.000000000000000000, -1.349999999998701794 ) ) ;
#180 = EDGE_CURVE ( 'NONE', #968, #2007, #1238, .T. ) ;
#181 =( NAMED_UNIT ( * ) PLANE_ANGLE_UNIT ( ) SI_UNIT ( $, .RADIAN. ) );
#182 = ORIENTED_EDGE ( 'NONE', *, *, #563, .F. ) ;
#183 = FILL_AREA_STYLE ('',( #1322 ) ) ;
#184 = FACE_OUTER_BOUND ( 'NONE', #1133, .T. ) ;
#185 = ORIENTED_EDGE ( 'NONE', *, *, #1426, .T. ) ;
#186 = SURFACE_STYLE_FILL_AREA ( #497 ) ;
#187 = FILL_AREA_STYLE ('',( #514 ) ) ;
#188 = PRESENTATION_STYLE_ASSIGNMENT (( #1620 ) ) ;
#189 = FACE_BOUND ( 'NONE', #1868, .T. ) ;
#190 = EDGE_CURVE ( 'NONE', #1523, #1423, #666, .T. ) ;
#191 = MECHANICAL_DESIGN_GEOMETRIC_PRESENTATION_REPRESENTATION (  '', ( #218 ), #1395 ) ;
#192 = SURFACE_SIDE_STYLE ('',( #1626 ) ) ;
#193 = DIRECTION ( 'NONE',  ( 0.000000000000000000, 0.000000000000000000, -1.000000000000000000 ) ) ;
#194 = CARTESIAN_POINT ( 'NONE',  ( -4.745000000000001883, -6.000000000000001776, 3.367778697655220642E-17 ) ) ;
#195 = SURFACE_STYLE_FILL_AREA ( #1332 ) ;
#196 = CYLINDRICAL_SURFACE ( 'NONE', #1415, 1.050000000000000044 ) ;
#197 = MECHANICAL_DESIGN_GEOMETRIC_PRESENTATION_REPRESENTATION (  '', ( #1757 ), #929 ) ;
#198 = STYLED_ITEM ( 'NONE', ( #1369 ), #1100 ) ;
#199 = STYLED_ITEM ( 'NONE', ( #36 ), #1358 ) ;
#200 = CARTESIAN_POINT ( 'NONE',  ( 6.299999999999999822, 0.000000000000000000, 0.000000000000000000 ) ) ;
#201 = STYLED_ITEM ( 'NONE', ( #2013 ), #1619 ) ;
#202 = PRESENTATION_LAYER_ASSIGNMENT (  '', '', ( #837 ) ) ;
#203 = CIRCLE ( 'NONE', #554, 0.2750000000000000222 ) ;
#204 = ORIENTED_EDGE ( 'NONE', *, *, #647, .F. ) ;
#205 =( GEOMETRIC_REPRESENTATION_CONTEXT ( 3 ) GLOBAL_UNCERTAINTY_ASSIGNED_CONTEXT ( ( #232 ) ) GLOBAL_UNIT_ASSIGNED_CONTEXT ( ( #1021, #513, #984 ) ) REPRESENTATION_CONTEXT ( 'NONE', 'WORKASPACE' ) );
#206 = DIRECTION ( 'NONE',  ( -3.393051144118360350E-16, 1.000000000000000000, -0.000000000000000000 ) ) ;
#207 = EDGE_CURVE ( 'NONE', #1641, #1691, #917, .T. ) ;
#208 = FILL_AREA_STYLE_COLOUR ( '', #1607 ) ;
#209 = CARTESIAN_POINT ( 'NONE',  ( 9.770000000000001350, -1.000000000000001998, 0.000000000000000000 ) ) ;
#210 = DIRECTION ( 'NONE',  ( 5.100766768294538872E-17, 1.000000000000000000, -0.000000000000000000 ) ) ;
#211 = FILL_AREA_STYLE_COLOUR ( '', #998 ) ;
#212 = DIRECTION ( 'NONE',  ( 1.734723475976807587E-16, -1.000000000000000000, 0.000000000000000000 ) ) ;
#213 = EDGE_CURVE ( 'NONE', #39, #1747, #1592, .T. ) ;
#214 = FILL_AREA_STYLE_COLOUR ( '', #109 ) ;
#215 = CIRCLE ( 'NONE', #342, 1.106249999998377698 ) ;
#216 = CARTESIAN_POINT ( 'NONE',  ( 4.090702468768153466, 0.000000000000000000, -1.050000000000000044 ) ) ;
#217 = MECHANICAL_DESIGN_GEOMETRIC_PRESENTATION_REPRESENTATION (  '', ( #576 ), #1306 ) ;
#218 = STYLED_ITEM ( 'NONE', ( #729 ), #77 ) ;
#219 = CYLINDRICAL_SURFACE ( 'NONE', #1363, 1.050000000000000044 ) ;
#220 = DIRECTION ( 'NONE',  ( 1.224646799147353207E-16, -1.000000000000000000, 0.000000000000000000 ) ) ;
#221 = FILL_AREA_STYLE_COLOUR ( '', #1340 ) ;
#222 = PRESENTATION_LAYER_ASSIGNMENT (  '', '', ( #690 ) ) ;
#223 = SURFACE_SIDE_STYLE ('',( #233 ) ) ;
#224 = ADVANCED_FACE ( 'NONE', ( #709 ), #1273, .T. ) ;
#225 = CARTESIAN_POINT ( 'NONE',  ( 4.390702468768152400, 0.000000000000000000, -1.050000000000000044 ) ) ;
#226 = VECTOR ( 'NONE', #1600, 1000.000000000000000 ) ;
#227 = CARTESIAN_POINT ( 'NONE',  ( 5.799999999999999822, 8.572527594031470725E-17, 0.6999999999999998446 ) ) ;
#228 = AXIS2_PLACEMENT_3D ( 'NONE', #1134, #333, #1126 ) ;
#229 = ORIENTED_EDGE ( 'NONE', *, *, #960, .T. ) ;
#230 = CYLINDRICAL_SURFACE ( 'NONE', #753, 0.2749999999999991895 ) ;
#231 = SURFACE_SIDE_STYLE ('',( #539 ) ) ;
#232 = UNCERTAINTY_MEASURE_WITH_UNIT (LENGTH_MEASURE( 1.000000000000000082E-05 ), #1021, 'distance_accuracy_value', 'NONE');
#233 = SURFACE_STYLE_FILL_AREA ( #257 ) ;
#234 = EDGE_CURVE ( 'NONE', #2038, #693, #215, .T. ) ;
#235 = DIRECTION ( 'NONE',  ( 0.000000000000000000, 1.000000000000000000, -1.224646799147353207E-16 ) ) ;
#236 = ORIENTED_EDGE ( 'NONE', *, *, #760, .T. ) ;
#237 = FILL_AREA_STYLE_COLOUR ( '', #1838 ) ;
#238 = FILL_AREA_STYLE ('',( #208 ) ) ;
#239 = SURFACE_SIDE_STYLE ('',( #277 ) ) ;
#240 = SURFACE_SIDE_STYLE ('',( #746 ) ) ;
#241 = ORIENTED_EDGE ( 'NONE', *, *, #62, .T. ) ;
#242 = PRESENTATION_STYLE_ASSIGNMENT (( #1201 ) ) ;
#243 = AXIS2_PLACEMENT_3D ( 'NONE', #1704, #270, #959 ) ;
#244 =( LENGTH_UNIT ( ) NAMED_UNIT ( * ) SI_UNIT ( .MILLI., .METRE. ) );
#245 = EDGE_CURVE ( 'NONE', #436, #932, #1392, .T. ) ;
#246 = UNCERTAINTY_MEASURE_WITH_UNIT (LENGTH_MEASURE( 1.000000000000000082E-05 ), #1934, 'distance_accuracy_value', 'NONE');
#247 = CIRCLE ( 'NONE', #2050, 1.050000000000000044 ) ;
#248 = DIRECTION ( 'NONE',  ( -1.000000000000000000, 0.000000000000000000, 0.000000000000000000 ) ) ;
#249 =( GEOMETRIC_REPRESENTATION_CONTEXT ( 3 ) GLOBAL_UNCERTAINTY_ASSIGNED_CONTEXT ( ( #1708 ) ) GLOBAL_UNIT_ASSIGNED_CONTEXT ( ( #1085, #442, #921 ) ) REPRESENTATION_CONTEXT ( 'NONE', 'WORKASPACE' ) );
#250 = ORIENTED_EDGE ( 'NONE', *, *, #1315, .T. ) ;
#251 = FACE_OUTER_BOUND ( 'NONE', #1279, .T. ) ;
#252 = AXIS2_PLACEMENT_3D ( 'NONE', #88, #1356, #1959 ) ;
#253 = DIRECTION ( 'NONE',  ( -3.393051144118360350E-16, 1.000000000000000000, -0.000000000000000000 ) ) ;
#254 = EDGE_CURVE ( 'NONE', #1074, #1747, #927, .T. ) ;
#255 =( GEOMETRIC_REPRESENTATION_CONTEXT ( 3 ) GLOBAL_UNCERTAINTY_ASSIGNED_CONTEXT ( ( #1825 ) ) GLOBAL_UNIT_ASSIGNED_CONTEXT ( ( #1225, #1077, #1066 ) ) REPRESENTATION_CONTEXT ( 'NONE', 'WORKASPACE' ) );
#256 = SURFACE_STYLE_FILL_AREA ( #161 ) ;
#257 = FILL_AREA_STYLE ('',( #628 ) ) ;
#258 = FILL_AREA_STYLE_COLOUR ( '', #1239 ) ;
#259 = EDGE_LOOP ( 'NONE', ( #1954, #1401, #543, #1387 ) ) ;
#260 = DIRECTION ( 'NONE',  ( 1.000000000000000000, -0.000000000000000000, -0.000000000000000000 ) ) ;
#261 = PRODUCT_DEFINITION_CONTEXT ( 'detailed design', #625, 'design' ) ;
#262 = SURFACE_SIDE_STYLE ('',( #1090 ) ) ;
#263 = PRODUCT_DEFINITION ( 'UNKNOWN', '', #49, #261 ) ;
#264 = FACE_OUTER_BOUND ( 'NONE', #925, .T. ) ;
#265 = EDGE_CURVE ( 'NONE', #436, #1104, #1291, .T. ) ;
#266 =( NAMED_UNIT ( * ) SI_UNIT ( $, .STERADIAN. ) SOLID_ANGLE_UNIT ( ) );
#267 = ORIENTED_EDGE ( 'NONE', *, *, #1442, .T. ) ;
#268 = CARTESIAN_POINT ( 'NONE',  ( 4.390702468768152400, 0.000000000000000000, 0.000000000000000000 ) ) ;
#269 = CARTESIAN_POINT ( 'NONE',  ( -4.470000000000001528, -6.000000000000001776, 0.000000000000000000 ) ) ;
#270 = DIRECTION ( 'NONE',  ( 3.393051144118359363E-16, 1.000000000000000000, 0.000000000000000000 ) ) ;
#271 = ORIENTED_EDGE ( 'NONE', *, *, #1328, .F. ) ;
#272 = DIRECTION ( 'NONE',  ( 1.000000000000000000, -0.000000000000000000, -0.000000000000000000 ) ) ;
#273 = STYLED_ITEM ( 'NONE', ( #787 ), #460 ) ;
#274 = AXIS2_PLACEMENT_3D ( 'NONE', #116, #412, #1422 ) ;
#275 = FACE_OUTER_BOUND ( 'NONE', #1385, .T. ) ;
#276 = EDGE_CURVE ( 'NONE', #1747, #573, #1303, .T. ) ;
#277 = SURFACE_STYLE_FILL_AREA ( #403 ) ;
#278 = LINE ( 'NONE', #1549, #345 ) ;
#279 = SURFACE_SIDE_STYLE ('',( #1234 ) ) ;
#280 = ORIENTED_EDGE ( 'NONE', *, *, #1769, .F. ) ;
#281 = AXIS2_PLACEMENT_3D ( 'NONE', #546, #1056, #879 ) ;
#282 = FILL_AREA_STYLE_COLOUR ( '', #551 ) ;
#283 = UNCERTAINTY_MEASURE_WITH_UNIT (LENGTH_MEASURE( 1.000000000000000082E-05 ), #127, 'distance_accuracy_value', 'NONE');
#284 = SURFACE_SIDE_STYLE ('',( #444 ) ) ;
#285 = EDGE_LOOP ( 'NONE', ( #956, #1248, #1598, #463 ) ) ;
#286 = PRESENTATION_LAYER_ASSIGNMENT (  '', '', ( #1694 ) ) ;
#287 =( LENGTH_UNIT ( ) NAMED_UNIT ( * ) SI_UNIT ( .MILLI., .METRE. ) );
#288 = DIRECTION ( 'NONE',  ( -0.000000000000000000, -0.000000000000000000, -1.000000000000000000 ) ) ;
#289 = COLOUR_RGB ( '',0.6470588235294117974, 0.6196078431372549211, 0.5882352941176470784 ) ;
#290 = AXIS2_PLACEMENT_3D ( 'NONE', #1057, #1029, #702 ) ;
#291 = FILL_AREA_STYLE_COLOUR ( '', #820 ) ;
#292 = EDGE_CURVE ( 'NONE', #573, #1747, #541, .T. ) ;
#293 = VERTEX_POINT ( 'NONE', #456 ) ;
#294 = DIRECTION ( 'NONE',  ( 0.000000000000000000, 0.000000000000000000, -1.000000000000000000 ) ) ;
#295 = ORIENTED_EDGE ( 'NONE', *, *, #1382, .F. ) ;
#296 = FACE_OUTER_BOUND ( 'NONE', #1278, .T. ) ;
#297 = PLANE ( 'NONE',  #1696 ) ;
#298 = SURFACE_STYLE_USAGE ( .BOTH. , #1736 ) ;
#299 = DIRECTION ( 'NONE',  ( 0.000000000000000000, 0.000000000000000000, -1.000000000000000000 ) ) ;
#300 = ORIENTED_EDGE ( 'NONE', *, *, #1394, .F. ) ;
#301 = PLANE ( 'NONE',  #1137 ) ;
#302 = SURFACE_SIDE_STYLE ('',( #1463 ) ) ;
#303 = UNCERTAINTY_MEASURE_WITH_UNIT (LENGTH_MEASURE( 1.000000000000000082E-05 ), #1075, 'distance_accuracy_value', 'NONE');
#304 = CARTESIAN_POINT ( 'NONE',  ( 2.659297531231849199, 1.285879139104720732E-16, 1.050000000000000044 ) ) ;
#305 = EDGE_CURVE ( 'NONE', #739, #579, #1975, .T. ) ;
#306 = DIRECTION ( 'NONE',  ( 3.393051144118359363E-16, 1.000000000000000000, 0.000000000000000000 ) ) ;
#307 = SURFACE_STYLE_FILL_AREA ( #1333 ) ;
#308 = TOROIDAL_SURFACE ( 'NONE', #1172, 0.6999999999999998446, 0.5000000000000000000 ) ;
#309 = CLOSED_SHELL ( 'NONE', ( #1979, #1967, #601, #1689, #6, #2014, #387, #346, #1671, #120, #89, #224, #1231, #1001, #434, #947, #1799, #631, #402, #1957, #815, #1199, #1100, #2001, #745, #446, #1030, #987, #589, #1901, #1619, #1658, #160, #877, #1845, #1742, #1358, #1337, #1530, #791, #659, #2030, #1154, #1059, #472, #1211, #77, #913, #1916, #460 ) ) ;
#310 = MECHANICAL_DESIGN_GEOMETRIC_PRESENTATION_REPRESENTATION (  '', ( #2048 ), #131 ) ;
#311 = AXIS2_PLACEMENT_3D ( 'NONE', #1854, #1712, #299 ) ;
#312 = EDGE_LOOP ( 'NONE', ( #1705, #1012, #936, #1822 ) ) ;
#313 =( NAMED_UNIT ( * ) PLANE_ANGLE_UNIT ( ) SI_UNIT ( $, .RADIAN. ) );
#314 = CARTESIAN_POINT ( 'NONE',  ( 6.299999999999999822, 1.163414459189985436E-16, 0.6999999999999998446 ) ) ;
#315 = MECHANICAL_DESIGN_GEOMETRIC_PRESENTATION_REPRESENTATION (  '', ( #1565 ), #3 ) ;
#316 = FILL_AREA_STYLE ('',( #800 ) ) ;
#317 = FILL_AREA_STYLE_COLOUR ( '', #1051 ) ;
#318 = TOROIDAL_SURFACE ( 'NONE', #498, 1.000000000000001332, 0.2750000000000000222 ) ;
#319 = EDGE_CURVE ( 'NONE', #1141, #20, #952, .T. ) ;
#320 = VECTOR ( 'NONE', #1330, 1000.000000000000000 ) ;
#321 = SURFACE_STYLE_USAGE ( .BOTH. , #1452 ) ;
#322 = TOROIDAL_SURFACE ( 'NONE', #1668, 0.6999999999999998446, 0.5000000000000000000 ) ;
#323 = PRESENTATION_LAYER_ASSIGNMENT (  '', '', ( #1253 ) ) ;
#324 = SURFACE_STYLE_FILL_AREA ( #1739 ) ;
#325 = STYLED_ITEM ( 'NONE', ( #1005 ), #1979 ) ;
#326 = ORIENTED_EDGE ( 'NONE', *, *, #1111, .T. ) ;
#327 = DIRECTION ( 'NONE',  ( 5.100766768294538872E-17, 1.000000000000000000, -0.000000000000000000 ) ) ;
#328 = CARTESIAN_POINT ( 'NONE',  ( 6.299999999999999822, 0.2750000000000000777, 0.000000000000000000 ) ) ;
#329 = SURFACE_SIDE_STYLE ('',( #1450 ) ) ;
#330 = SURFACE_STYLE_USAGE ( .BOTH. , #349 ) ;
#331 =( NAMED_UNIT ( * ) PLANE_ANGLE_UNIT ( ) SI_UNIT ( $, .RADIAN. ) );
#332 = EDGE_CURVE ( 'NONE', #2038, #133, #1875, .T. ) ;
#333 = DIRECTION ( 'NONE',  ( -1.000000000000000000, -0.000000000000000000, -0.000000000000000000 ) ) ;
#334 = CARTESIAN_POINT ( 'NONE',  ( 0.000000000000000000, 0.000000000000000000, 0.000000000000000000 ) ) ;
#335 = FILL_AREA_STYLE_COLOUR ( '', #95 ) ;
#336 = FILL_AREA_STYLE ('',( #676 ) ) ;
#337 = ORIENTED_EDGE ( 'NONE', *, *, #930, .F. ) ;
#338 = CARTESIAN_POINT ( 'NONE',  ( 4.857071421427143321, 0.000000000000000000, 0.000000000000000000 ) ) ;
#339 =( LENGTH_UNIT ( ) NAMED_UNIT ( * ) SI_UNIT ( .MILLI., .METRE. ) );
#340 = DIRECTION ( 'NONE',  ( -0.000000000000000000, -1.000000000000000000, -0.000000000000000000 ) ) ;
#341 =( NAMED_UNIT ( * ) PLANE_ANGLE_UNIT ( ) SI_UNIT ( $, .RADIAN. ) );
#342 = AXIS2_PLACEMENT_3D ( 'NONE', #640, #1381, #1659 ) ;
#343 = CYLINDRICAL_SURFACE ( 'NONE', #1928, 1.050000000000000044 ) ;
#344 = MECHANICAL_DESIGN_GEOMETRIC_PRESENTATION_REPRESENTATION (  '', ( #273 ), #2010 ) ;
#345 = VECTOR ( 'NONE', #2004, 1000.000000000000000 ) ;
#346 = ADVANCED_FACE ( 'NONE', ( #264 ), #68, .F. ) ;
#347 = FILL_AREA_STYLE ('',( #1170 ) ) ;
#348 = ORIENTED_EDGE ( 'NONE', *, *, #23, .F. ) ;
#349 = SURFACE_SIDE_STYLE ('',( #1931 ) ) ;
#350 = FACE_OUTER_BOUND ( 'NONE', #141, .T. ) ;
#351 = AXIS2_PLACEMENT_3D ( 'NONE', #1939, #476, #972 ) ;
#352 = CARTESIAN_POINT ( 'NONE',  ( 1.734409173984143848, 0.000000000000000000, 0.000000000000000000 ) ) ;
#353 = STYLED_ITEM ( 'NONE', ( #1526 ), #1199 ) ;
#354 = VERTEX_POINT ( 'NONE', #225 ) ;
#355 = PRESENTATION_STYLE_ASSIGNMENT (( #1493 ) ) ;
#356 = TOROIDAL_SURFACE ( 'NONE', #590, 0.6999999999999998446, 0.5000000000000000000 ) ;
#357 = DIRECTION ( 'NONE',  ( -1.000000000000000000, -0.000000000000000000, -0.000000000000000000 ) ) ;
#358 = PRESENTATION_LAYER_ASSIGNMENT (  '', '', ( #1764 ) ) ;
#359 = CARTESIAN_POINT ( 'NONE',  ( -3.470000000000000639, -4.249524393041316327E-16, 0.000000000000000000 ) ) ;
#360 = EDGE_CURVE ( 'NONE', #1161, #1141, #1876, .T. ) ;
#361 = COLOUR_RGB ( '',0.6470588235294117974, 0.6196078431372549211, 0.5882352941176470784 ) ;
#362 = CARTESIAN_POINT ( 'NONE',  ( 2.409297531231849199, 0.000000000000000000, -1.050000000000000044 ) ) ;
#363 =( GEOMETRIC_REPRESENTATION_CONTEXT ( 3 ) GLOBAL_UNCERTAINTY_ASSIGNED_CONTEXT ( ( #1220 ) ) GLOBAL_UNIT_ASSIGNED_CONTEXT ( ( #1962, #880, #108 ) ) REPRESENTATION_CONTEXT ( 'NONE', 'WORKASPACE' ) );
#364 = EDGE_LOOP ( 'NONE', ( #2033, #1948, #1365, #1275 ) ) ;
#365 = CYLINDRICAL_SURFACE ( 'NONE', #1221, 0.2750000000000000777 ) ;
#366 = FACE_OUTER_BOUND ( 'NONE', #1438, .T. ) ;
#367 =( LENGTH_UNIT ( ) NAMED_UNIT ( * ) SI_UNIT ( .MILLI., .METRE. ) );
#368 =( LENGTH_UNIT ( ) NAMED_UNIT ( * ) SI_UNIT ( .MILLI., .METRE. ) );
#369 = CARTESIAN_POINT ( 'NONE',  ( 4.565590826015855974, 0.000000000000000000, 0.000000000000000000 ) ) ;
#370 = APPLICATION_CONTEXT ( 'automotive_design' ) ;
#371 =( NAMED_UNIT ( * ) SI_UNIT ( $, .STERADIAN. ) SOLID_ANGLE_UNIT ( ) );
#372 = ORIENTED_EDGE ( 'NONE', *, *, #706, .T. ) ;
#373 = CARTESIAN_POINT ( 'NONE',  ( 0.000000000000000000, 0.000000000000000000, 0.000000000000000000 ) ) ;
#374 =( NAMED_UNIT ( * ) PLANE_ANGLE_UNIT ( ) SI_UNIT ( $, .RADIAN. ) );
#375 = UNCERTAINTY_MEASURE_WITH_UNIT (LENGTH_MEASURE( 1.000000000000000082E-05 ), #405, 'distance_accuracy_value', 'NONE');
#376 = FILL_AREA_STYLE_COLOUR ( '', #388 ) ;
#377 = LINE ( 'NONE', #1036, #1226 ) ;
#378 = DIRECTION ( 'NONE',  ( 0.000000000000000000, 0.000000000000000000, -1.000000000000000000 ) ) ;
#379 = COLOUR_RGB ( '',0.6470588235294117974, 0.6196078431372549211, 0.5882352941176470784 ) ;
#380 = STYLED_ITEM ( 'NONE', ( #886 ), #89 ) ;
#381 = ORIENTED_EDGE ( 'NONE', *, *, #1442, .F. ) ;
#382 =( LENGTH_UNIT ( ) NAMED_UNIT ( * ) SI_UNIT ( .MILLI., .METRE. ) );
#383 = AXIS2_PLACEMENT_3D ( 'NONE', #1640, #206, #519 ) ;
#384 =( NAMED_UNIT ( * ) PLANE_ANGLE_UNIT ( ) SI_UNIT ( $, .RADIAN. ) );
#385 = CARTESIAN_POINT ( 'NONE',  ( 1.909297531231847422, 0.000000000000000000, 0.000000000000000000 ) ) ;
#386 =( NAMED_UNIT ( * ) SI_UNIT ( $, .STERADIAN. ) SOLID_ANGLE_UNIT ( ) );
#387 = ADVANCED_FACE ( 'NONE', ( #914 ), #1630, .F. ) ;
#388 = COLOUR_RGB ( '',0.000000000000000000, 0.7529411764705882248, 0.000000000000000000 ) ;
#389 =( GEOMETRIC_REPRESENTATION_CONTEXT ( 3 ) GLOBAL_UNCERTAINTY_ASSIGNED_CONTEXT ( ( #1257 ) ) GLOBAL_UNIT_ASSIGNED_CONTEXT ( ( #1004, #508, #178 ) ) REPRESENTATION_CONTEXT ( 'NONE', 'WORKASPACE' ) );
#390 = ORIENTED_EDGE ( 'NONE', *, *, #1625, .T. ) ;
#391 = SURFACE_SIDE_STYLE ('',( #868 ) ) ;
#392 = CIRCLE ( 'NONE', #1344, 0.2999999999999999334 ) ;
#393 = AXIS2_PLACEMENT_3D ( 'NONE', #1364, #1339, #511 ) ;
#394 = ORIENTED_EDGE ( 'NONE', *, *, #1048, .T. ) ;
#395 = SURFACE_SIDE_STYLE ('',( #1805 ) ) ;
#396 = DIRECTION ( 'NONE',  ( -1.000000000000000000, -1.224646799147353454E-16, 0.000000000000000000 ) ) ;
#397 = VECTOR ( 'NONE', #683, 1000.000000000000000 ) ;
#398 = UNCERTAINTY_MEASURE_WITH_UNIT (LENGTH_MEASURE( 1.000000000000000082E-05 ), #1269, 'distance_accuracy_value', 'NONE');
#399 = AXIS2_PLACEMENT_3D ( 'NONE', #1475, #677, #52 ) ;
#400 = SURFACE_SIDE_STYLE ('',( #848 ) ) ;
#401 = CARTESIAN_POINT ( 'NONE',  ( 0.000000000000000000, 0.000000000000000000, 0.000000000000000000 ) ) ;
#402 = ADVANCED_FACE ( 'NONE', ( #1590 ), #1412, .T. ) ;
#403 = FILL_AREA_STYLE ('',( #1092 ) ) ;
#404 = ORIENTED_EDGE ( 'NONE', *, *, #265, .T. ) ;
#405 =( LENGTH_UNIT ( ) NAMED_UNIT ( * ) SI_UNIT ( .MILLI., .METRE. ) );
#406 = FACE_OUTER_BOUND ( 'NONE', #1576, .T. ) ;
#407 = DIRECTION ( 'NONE',  ( 0.000000000000000000, 0.000000000000000000, -1.000000000000000000 ) ) ;
#408 = CARTESIAN_POINT ( 'NONE',  ( 9.770000000000001350, -1.000000000000001998, 0.000000000000000000 ) ) ;
#409 = EDGE_LOOP ( 'NONE', ( #788, #1511, #594, #473 ) ) ;
#410 = FILL_AREA_STYLE ('',( #1676 ) ) ;
#411 =( NAMED_UNIT ( * ) PLANE_ANGLE_UNIT ( ) SI_UNIT ( $, .RADIAN. ) );
#412 = DIRECTION ( 'NONE',  ( 1.000000000000000000, 0.000000000000000000, 0.000000000000000000 ) ) ;
#413 = VECTOR ( 'NONE', #618, 1000.000000000000000 ) ;
#414 = EDGE_CURVE ( 'NONE', #1908, #1141, #33, .T. ) ;
#415 = VERTEX_POINT ( 'NONE', #2 ) ;
#416 = DIRECTION ( 'NONE',  ( 0.000000000000000000, 0.000000000000000000, 1.000000000000000000 ) ) ;
#417 = MECHANICAL_DESIGN_GEOMETRIC_PRESENTATION_REPRESENTATION (  '', ( #1177 ), #2047 ) ;
#418 = DIRECTION ( 'NONE',  ( 1.000000000000000000, -0.000000000000000000, -0.000000000000000000 ) ) ;
#419 = ORIENTED_EDGE ( 'NONE', *, *, #207, .T. ) ;
#420 = VECTOR ( 'NONE', #1886, 1000.000000000000000 ) ;
#421 = SURFACE_SIDE_STYLE ('',( #1121 ) ) ;
#422 = PRODUCT_DEFINITION_SHAPE ( 'NONE', 'NONE',  #263 ) ;
#423 = DIRECTION ( 'NONE',  ( -1.000000000000000000, 0.000000000000000000, 0.000000000000000000 ) ) ;
#424 = CIRCLE ( 'NONE', #931, 0.6999999999999998446 ) ;
#425 =( LENGTH_UNIT ( ) NAMED_UNIT ( * ) SI_UNIT ( .MILLI., .METRE. ) );
#426 = VERTEX_POINT ( 'NONE', #304 ) ;
#427 = DIRECTION ( 'NONE',  ( 1.000000000000000000, -0.000000000000000000, -0.000000000000000000 ) ) ;
#428 = AXIS2_PLACEMENT_3D ( 'NONE', #990, #1149, #1128 ) ;
#429 = EDGE_CURVE ( 'NONE', #1621, #1074, #99, .T. ) ;
#430 = FILL_AREA_STYLE_COLOUR ( '', #1470 ) ;
#431 = APPLICATION_PROTOCOL_DEFINITION ( 'draft international standard', 'automotive_design', 1998, #625 ) ;
#432 = VECTOR ( 'NONE', #1110, 1000.000000000000000 ) ;
#433 = FILL_AREA_STYLE ('',( #775 ) ) ;
#434 = ADVANCED_FACE ( 'NONE', ( #766 ), #1097, .T. ) ;
#435 = AXIS2_PLACEMENT_3D ( 'NONE', #1508, #102, #153 ) ;
#436 = VERTEX_POINT ( 'NONE', #140 ) ;
#437 = LINE ( 'NONE', #1711, #1368 ) ;
#438 = DIRECTION ( 'NONE',  ( 1.000000000000000000, 0.000000000000000000, 0.000000000000000000 ) ) ;
#439 = CARTESIAN_POINT ( 'NONE',  ( 2.859297531231848932, 0.000000000000000000, 0.000000000000000000 ) ) ;
#440 = ORIENTED_EDGE ( 'NONE', *, *, #245, .F. ) ;
#441 =( NAMED_UNIT ( * ) PLANE_ANGLE_UNIT ( ) SI_UNIT ( $, .RADIAN. ) );
#442 =( NAMED_UNIT ( * ) PLANE_ANGLE_UNIT ( ) SI_UNIT ( $, .RADIAN. ) );
#443 = UNCERTAINTY_MEASURE_WITH_UNIT (LENGTH_MEASURE( 1.000000000000000082E-05 ), #1499, 'distance_accuracy_value', 'NONE');
#444 = SURFACE_STYLE_FILL_AREA ( #939 ) ;
#445 = ORIENTED_EDGE ( 'NONE', *, *, #1571, .F. ) ;
#446 = ADVANCED_FACE ( 'NONE', ( #466 ), #1108, .T. ) ;
#447 = LINE ( 'NONE', #1281, #1072 ) ;
#448 = SURFACE_STYLE_FILL_AREA ( #906 ) ;
#449 = SURFACE_STYLE_USAGE ( .BOTH. , #239 ) ;
#450 = ORIENTED_EDGE ( 'NONE', *, *, #1873, .T. ) ;
#451 =( NAMED_UNIT ( * ) SI_UNIT ( $, .STERADIAN. ) SOLID_ANGLE_UNIT ( ) );
#452 = AXIS2_PLACEMENT_3D ( 'NONE', #1284, #357, #527 ) ;
#453 = ORIENTED_EDGE ( 'NONE', *, *, #62, .F. ) ;
#454 = CARTESIAN_POINT ( 'NONE',  ( 6.299999999999999822, -0.2750000000000000222, 3.367778697655221258E-17 ) ) ;
#455 = PRESENTATION_LAYER_ASSIGNMENT (  '', '', ( #822 ) ) ;
#456 = CARTESIAN_POINT ( 'NONE',  ( -3.470000000000000639, -0.2750000000000005218, 0.000000000000000000 ) ) ;
#457 = PRESENTATION_LAYER_ASSIGNMENT (  '', '', ( #1913 ) ) ;
#458 = CARTESIAN_POINT ( 'NONE',  ( 2.859297531231848932, 0.000000000000000000, -1.050000000000000044 ) ) ;
#459 = VERTEX_POINT ( 'NONE', #150 ) ;
#460 = ADVANCED_FACE ( 'NONE', ( #1554 ), #1400, .F. ) ;
#461 =( LENGTH_UNIT ( ) NAMED_UNIT ( * ) SI_UNIT ( .MILLI., .METRE. ) );
#462 = VECTOR ( 'NONE', #1428, 1000.000000000000000 ) ;
#463 = ORIENTED_EDGE ( 'NONE', *, *, #647, .T. ) ;
#464 = STYLED_ITEM ( 'NONE', ( #638 ), #1059 ) ;
#465 = CIRCLE ( 'NONE', #970, 1.050000000000000044 ) ;
#466 = FACE_OUTER_BOUND ( 'NONE', #259, .T. ) ;
#467 = PRESENTATION_LAYER_ASSIGNMENT (  '', '', ( #1153 ) ) ;
#468 = DIRECTION ( 'NONE',  ( 0.000000000000000000, 1.224646799147353207E-16, 1.000000000000000000 ) ) ;
#469 = DIRECTION ( 'NONE',  ( 0.000000000000000000, 1.000000000000000000, -1.224646799147353207E-16 ) ) ;
#470 = ORIENTED_EDGE ( 'NONE', *, *, #844, .F. ) ;
#471 = SURFACE_STYLE_FILL_AREA ( #1446 ) ;
#472 = ADVANCED_FACE ( 'NONE', ( #184 ), #492, .T. ) ;
#473 = ORIENTED_EDGE ( 'NONE', *, *, #292, .T. ) ;
#474 = DIRECTION ( 'NONE',  ( 1.000000000000000000, 0.000000000000000000, 0.000000000000000000 ) ) ;
#475 = SURFACE_SIDE_STYLE ('',( #1417 ) ) ;
#476 = DIRECTION ( 'NONE',  ( 1.000000000000000000, -0.000000000000000000, -0.000000000000000000 ) ) ;
#477 =( NAMED_UNIT ( * ) SI_UNIT ( $, .STERADIAN. ) SOLID_ANGLE_UNIT ( ) );
#478 = LINE ( 'NONE', #1469, #905 ) ;
#479 = ORIENTED_EDGE ( 'NONE', *, *, #1033, .F. ) ;
#480 =( LENGTH_UNIT ( ) NAMED_UNIT ( * ) SI_UNIT ( .MILLI., .METRE. ) );
#481 =( NAMED_UNIT ( * ) PLANE_ANGLE_UNIT ( ) SI_UNIT ( $, .RADIAN. ) );
#482 = VERTEX_POINT ( 'NONE', #328 ) ;
#483 = CARTESIAN_POINT ( 'NONE',  ( 10.77000000000000135, -6.000000000000001776, 0.000000000000000000 ) ) ;
#484 = EDGE_CURVE ( 'NONE', #148, #1169, #717, .T. ) ;
#485 = CARTESIAN_POINT ( 'NONE',  ( 3.367778697655221874E-17, -0.2750000000000000222, 0.000000000000000000 ) ) ;
#486 = DIRECTION ( 'NONE',  ( 0.000000000000000000, 0.000000000000000000, -1.000000000000000000 ) ) ;
#487 = VECTOR ( 'NONE', #143, 1000.000000000000000 ) ;
#488 =( NAMED_UNIT ( * ) SI_UNIT ( $, .STERADIAN. ) SOLID_ANGLE_UNIT ( ) );
#489 =( NAMED_UNIT ( * ) PLANE_ANGLE_UNIT ( ) SI_UNIT ( $, .RADIAN. ) );
#490 = ORIENTED_EDGE ( 'NONE', *, *, #1678, .T. ) ;
#491 = AXIS2_PLACEMENT_3D ( 'NONE', #691, #1531, #110 ) ;
#492 = CYLINDRICAL_SURFACE ( 'NONE', #1657, 0.2750000000000000222 ) ;
#493 = CIRCLE ( 'NONE', #103, 0.2750000000000000222 ) ;
#494 = VERTEX_POINT ( 'NONE', #818 ) ;
#495 = FILL_AREA_STYLE ('',( #1616 ) ) ;
#496 = SURFACE_SIDE_STYLE ('',( #59 ) ) ;
#497 = FILL_AREA_STYLE ('',( #317 ) ) ;
#498 = AXIS2_PLACEMENT_3D ( 'NONE', #1298, #1325, #660 ) ;
#499 = EDGE_CURVE ( 'NONE', #1074, #1621, #1599, .T. ) ;
#500 = CIRCLE ( 'NONE', #934, 0.2750000000000000222 ) ;
#501 = CARTESIAN_POINT ( 'NONE',  ( 11.04500000000000171, -1.000000000000001776, 0.000000000000000000 ) ) ;
#502 = COLOUR_RGB ( '',0.8941176470588234615, 0.8941176470588234615, 0.8941176470588234615 ) ;
#503 = COLOUR_RGB ( '',0.8313725490196077761, 1.000000000000000000, 0.8666666666666666963 ) ;
#504 =( GEOMETRIC_REPRESENTATION_CONTEXT ( 3 ) GLOBAL_UNCERTAINTY_ASSIGNED_CONTEXT ( ( #1870 ) ) GLOBAL_UNIT_ASSIGNED_CONTEXT ( ( #287, #626, #477 ) ) REPRESENTATION_CONTEXT ( 'NONE', 'WORKASPACE' ) );
#505 = VERTEX_POINT ( 'NONE', #362 ) ;
#506 = DIRECTION ( 'NONE',  ( 0.000000000000000000, 0.000000000000000000, -1.000000000000000000 ) ) ;
#507 = CARTESIAN_POINT ( 'NONE',  ( 1.442928578572856724, 0.000000000000000000, 0.000000000000000000 ) ) ;
#508 =( NAMED_UNIT ( * ) PLANE_ANGLE_UNIT ( ) SI_UNIT ( $, .RADIAN. ) );
#509 = PRESENTATION_STYLE_ASSIGNMENT (( #833 ) ) ;
#510 = EDGE_CURVE ( 'NONE', #932, #436, #1335, .T. ) ;
#511 = DIRECTION ( 'NONE',  ( 0.000000000000000000, 0.000000000000000000, -1.000000000000000000 ) ) ;
#512 = DIRECTION ( 'NONE',  ( 0.000000000000000000, 0.000000000000000000, -1.000000000000000000 ) ) ;
#513 =( NAMED_UNIT ( * ) PLANE_ANGLE_UNIT ( ) SI_UNIT ( $, .RADIAN. ) );
#514 = FILL_AREA_STYLE_COLOUR ( '', #533 ) ;
#515 = EDGE_LOOP ( 'NONE', ( #982, #1300, #185, #1216 ) ) ;
#516 = DIRECTION ( 'NONE',  ( 1.000000000000000000, -0.000000000000000000, -0.000000000000000000 ) ) ;
#517 = ORIENTED_EDGE ( 'NONE', *, *, #1244, .F. ) ;
#518 = CARTESIAN_POINT ( 'NONE',  ( 4.340702468768153466, 0.000000000000000000, -1.050000000000000044 ) ) ;
#519 = DIRECTION ( 'NONE',  ( 0.000000000000000000, 0.000000000000000000, -1.000000000000000000 ) ) ;
#520 = EDGE_LOOP ( 'NONE', ( #1778, #1883, #1083, #1496 ) ) ;
#521 = FACE_OUTER_BOUND ( 'NONE', #1195, .T. ) ;
#522 = PRESENTATION_LAYER_ASSIGNMENT (  '', '', ( #1441 ) ) ;
#523 = STYLED_ITEM ( 'NONE', ( #1266 ), #1211 ) ;
#524 = TOROIDAL_SURFACE ( 'NONE', #865, 0.6999999999999998446, 0.5000000000000000000 ) ;
#525 = CARTESIAN_POINT ( 'NONE',  ( 9.770000000000001350, -4.249524393041315834E-16, 0.000000000000000000 ) ) ;
#526 = COLOUR_RGB ( '',0.8313725490196077761, 1.000000000000000000, 0.8666666666666666963 ) ;
#527 = DIRECTION ( 'NONE',  ( 0.000000000000000000, 0.000000000000000000, -1.000000000000000000 ) ) ;
#528 = LINE ( 'NONE', #1198, #1372 ) ;
#529 = AXIS2_PLACEMENT_3D ( 'NONE', #1175, #1918, #973 ) ;
#530 = FILL_AREA_STYLE ('',( #237 ) ) ;
#531 = VERTEX_POINT ( 'NONE', #177 ) ;
#532 = DIRECTION ( 'NONE',  ( 1.000000000000000000, -0.000000000000000000, -0.000000000000000000 ) ) ;
#533 = COLOUR_RGB ( '',0.8313725490196077761, 1.000000000000000000, 0.8666666666666666963 ) ;
#534 = ORIENTED_EDGE ( 'NONE', *, *, #484, .T. ) ;
#535 = CARTESIAN_POINT ( 'NONE',  ( 9.770000000000001350, -4.249524393041315834E-16, 0.000000000000000000 ) ) ;
#536 = FACE_OUTER_BOUND ( 'NONE', #57, .T. ) ;
#537 =( NAMED_UNIT ( * ) PLANE_ANGLE_UNIT ( ) SI_UNIT ( $, .RADIAN. ) );
#538 = EDGE_CURVE ( 'NONE', #754, #887, #1880, .T. ) ;
#539 = SURFACE_STYLE_FILL_AREA ( #1647 ) ;
#540 = DIRECTION ( 'NONE',  ( 0.000000000000000000, 0.000000000000000000, -1.000000000000000000 ) ) ;
#541 = CIRCLE ( 'NONE', #1713, 1.199999999999999956 ) ;
#542 = PRESENTATION_STYLE_ASSIGNMENT (( #1205 ) ) ;
#543 = ORIENTED_EDGE ( 'NONE', *, *, #1328, .T. ) ;
#544 = SURFACE_STYLE_FILL_AREA ( #567 ) ;
#545 = DIRECTION ( 'NONE',  ( 1.000000000000000000, -0.000000000000000000, -0.000000000000000000 ) ) ;
#546 = CARTESIAN_POINT ( 'NONE',  ( 4.857071421427143321, 0.000000000000000000, 0.6999999999999998446 ) ) ;
#547 = EDGE_CURVE ( 'NONE', #459, #668, #1947, .T. ) ;
#548 = FILL_AREA_STYLE ('',( #376 ) ) ;
#549 = PRESENTATION_LAYER_ASSIGNMENT (  '', '', ( #1565 ) ) ;
#550 = SURFACE_STYLE_USAGE ( .BOTH. , #421 ) ;
#551 = COLOUR_RGB ( '',0.8313725490196077761, 1.000000000000000000, 0.8666666666666666963 ) ;
#552 = CIRCLE ( 'NONE', #801, 1.050000000000000044 ) ;
#553 = SURFACE_STYLE_USAGE ( .BOTH. , #2003 ) ;
#554 = AXIS2_PLACEMENT_3D ( 'NONE', #525, #1204, #540 ) ;
#555 = ORIENTED_EDGE ( 'NONE', *, *, #1571, .T. ) ;
#556 = CARTESIAN_POINT ( 'NONE',  ( -4.195000000000002061, -6.000000000000001776, 0.000000000000000000 ) ) ;
#557 = SURFACE_STYLE_USAGE ( .BOTH. , #1541 ) ;
#558 = SURFACE_STYLE_USAGE ( .BOTH. , #395 ) ;
#559 = SURFACE_SIDE_STYLE ('',( #1210 ) ) ;
#560 =( GEOMETRIC_REPRESENTATION_CONTEXT ( 3 ) GLOBAL_UNCERTAINTY_ASSIGNED_CONTEXT ( ( #599 ) ) GLOBAL_UNIT_ASSIGNED_CONTEXT ( ( #1949, #1477, #1774 ) ) REPRESENTATION_CONTEXT ( 'NONE', 'WORKASPACE' ) );
#561 = UNCERTAINTY_MEASURE_WITH_UNIT (LENGTH_MEASURE( 1.000000000000000082E-05 ), #983, 'distance_accuracy_value', 'NONE');
#562 = CYLINDRICAL_SURFACE ( 'NONE', #170, 1.050000000000000044 ) ;
#563 = EDGE_CURVE ( 'NONE', #1691, #293, #1791, .T. ) ;
#564 = LINE ( 'NONE', #113, #1891 ) ;
#565 = DIRECTION ( 'NONE',  ( 0.000000000000000000, 0.000000000000000000, -1.000000000000000000 ) ) ;
#566 = VERTEX_POINT ( 'NONE', #1457 ) ;
#567 = FILL_AREA_STYLE ('',( #1974 ) ) ;
#568 =( NAMED_UNIT ( * ) PLANE_ANGLE_UNIT ( ) SI_UNIT ( $, .RADIAN. ) );
#569 = CARTESIAN_POINT ( 'NONE',  ( 0.000000000000000000, 0.000000000000000000, 0.000000000000000000 ) ) ;
#570 = EDGE_LOOP ( 'NONE', ( #337, #1615, #1295, #90 ) ) ;
#571 = FILL_AREA_STYLE ('',( #926 ) ) ;
#572 = DIRECTION ( 'NONE',  ( 0.000000000000000000, 0.000000000000000000, -1.000000000000000000 ) ) ;
#573 = VERTEX_POINT ( 'NONE', #26 ) ;
#574 = PRESENTATION_STYLE_ASSIGNMENT (( #553 ) ) ;
#575 = VERTEX_POINT ( 'NONE', #169 ) ;
#576 = STYLED_ITEM ( 'NONE', ( #1733 ), #434 ) ;
#577 = DIRECTION ( 'NONE',  ( 0.000000000000000000, 0.000000000000000000, -1.000000000000000000 ) ) ;
#578 = UNCERTAINTY_MEASURE_WITH_UNIT (LENGTH_MEASURE( 1.000000000000000082E-05 ), #874, 'distance_accuracy_value', 'NONE');
#579 = VERTEX_POINT ( 'NONE', #314 ) ;
#580 = STYLED_ITEM ( 'NONE', ( #1545 ), #745 ) ;
#581 = CARTESIAN_POINT ( 'NONE',  ( 4.390702468768152400, 1.653273178847337065E-16, 1.349999999998701794 ) ) ;
#582 = DIRECTION ( 'NONE',  ( 1.000000000000000000, -0.000000000000000000, -0.000000000000000000 ) ) ;
#583 = DIRECTION ( 'NONE',  ( 0.000000000000000000, 0.000000000000000000, 1.000000000000000000 ) ) ;
#584 = CARTESIAN_POINT ( 'NONE',  ( 6.299999999999999822, 0.000000000000000000, 0.000000000000000000 ) ) ;
#585 = VERTEX_POINT ( 'NONE', #971 ) ;
#586 = AXIS2_PLACEMENT_3D ( 'NONE', #1972, #1637, #1944 ) ;
#587 = CARTESIAN_POINT ( 'NONE',  ( 10.77000000000000135, -1.000000000000001776, 0.000000000000000000 ) ) ;
#588 = SURFACE_STYLE_USAGE ( .BOTH. , #1861 ) ;
#589 = ADVANCED_FACE ( 'NONE', ( #1341 ), #219, .T. ) ;
#590 = AXIS2_PLACEMENT_3D ( 'NONE', #122, #423, #1548 ) ;
#591 = STYLED_ITEM ( 'NONE', ( #355 ), #1799 ) ;
#592 = CARTESIAN_POINT ( 'NONE',  ( 6.299999999999999822, 0.000000000000000000, 1.199999999999999956 ) ) ;
#593 = SURFACE_STYLE_USAGE ( .BOTH. , #1546 ) ;
#594 = ORIENTED_EDGE ( 'NONE', *, *, #694, .T. ) ;
#595 = DIRECTION ( 'NONE',  ( 0.000000000000000000, 0.000000000000000000, -1.000000000000000000 ) ) ;
#596 = ORIENTED_EDGE ( 'NONE', *, *, #1991, .T. ) ;
#597 = EDGE_LOOP ( 'NONE', ( #1480, #831, #2049, #1411 ) ) ;
#598 = FACE_OUTER_BOUND ( 'NONE', #1562, .T. ) ;
#599 = UNCERTAINTY_MEASURE_WITH_UNIT (LENGTH_MEASURE( 1.000000000000000082E-05 ), #1949, 'distance_accuracy_value', 'NONE');
#600 = DIRECTION ( 'NONE',  ( -1.000000000000000000, -0.000000000000000000, -0.000000000000000000 ) ) ;
#601 = ADVANCED_FACE ( 'NONE', ( #708 ), #230, .T. ) ;
#602 = EDGE_LOOP ( 'NONE', ( #555, #1019, #1986, #1357 ) ) ;
#603 = CARTESIAN_POINT ( 'NONE',  ( 6.299999999999999822, 1.285879139104720732E-16, 1.050000000000000044 ) ) ;
#604 = FACE_OUTER_BOUND ( 'NONE', #773, .T. ) ;
#605 = PRESENTATION_STYLE_ASSIGNMENT (( #1597 ) ) ;
#606 = VERTEX_POINT ( 'NONE', #556 ) ;
#607 = CARTESIAN_POINT ( 'NONE',  ( 10.77000000000000135, -1.000000000000001776, 0.000000000000000000 ) ) ;
#608 =( NAMED_UNIT ( * ) PLANE_ANGLE_UNIT ( ) SI_UNIT ( $, .RADIAN. ) );
#609 = AXIS2_PLACEMENT_3D ( 'NONE', #1841, #583, #1697 ) ;
#610 = ORIENTED_EDGE ( 'NONE', *, *, #1756, .F. ) ;
#611 = PRESENTATION_STYLE_ASSIGNMENT (( #2043 ) ) ;
#612 = CIRCLE ( 'NONE', #165, 1.050000000000000044 ) ;
#613 = STYLED_ITEM ( 'NONE', ( #726 ), #120 ) ;
#614 = AXIS2_PLACEMENT_3D ( 'NONE', #1551, #1071, #1084 ) ;
#615 = DIRECTION ( 'NONE',  ( 0.000000000000000000, 0.000000000000000000, -1.000000000000000000 ) ) ;
#616 = ORIENTED_EDGE ( 'NONE', *, *, #1808, .T. ) ;
#617 = CARTESIAN_POINT ( 'NONE',  ( 0.000000000000000000, -0.2750000000000000222, 0.000000000000000000 ) ) ;
#618 = DIRECTION ( 'NONE',  ( 1.000000000000000000, -0.000000000000000000, -0.000000000000000000 ) ) ;
#619 = COLOUR_RGB ( '',1.000000000000000000, 0.000000000000000000, 0.000000000000000000 ) ;
#620 = SURFACE_STYLE_USAGE ( .BOTH. , #1435 ) ;
#621 = UNCERTAINTY_MEASURE_WITH_UNIT (LENGTH_MEASURE( 1.000000000000000082E-05 ), #699, 'distance_accuracy_value', 'NONE');
#622 = AXIS2_PLACEMENT_3D ( 'NONE', #1504, #846, #876 ) ;
#623 = DIRECTION ( 'NONE',  ( -1.000000000000000000, 0.000000000000000000, 0.000000000000000000 ) ) ;
#624 = DIRECTION ( 'NONE',  ( 0.000000000000000000, 0.000000000000000000, 1.000000000000000000 ) ) ;
#625 = APPLICATION_CONTEXT ( 'automotive_design' ) ;
#626 =( NAMED_UNIT ( * ) PLANE_ANGLE_UNIT ( ) SI_UNIT ( $, .RADIAN. ) );
#627 = AXIS2_PLACEMENT_3D ( 'NONE', #945, #1582, #155 ) ;
#628 = FILL_AREA_STYLE_COLOUR ( '', #1034 ) ;
#629 = SURFACE_SIDE_STYLE ('',( #953 ) ) ;
#630 = PRESENTATION_LAYER_ASSIGNMENT (  '', '', ( #901 ) ) ;
#631 = ADVANCED_FACE ( 'NONE', ( #1497 ), #1823, .T. ) ;
#632 = FACE_OUTER_BOUND ( 'NONE', #2041, .T. ) ;
#633 = PRESENTATION_STYLE_ASSIGNMENT (( #1925 ) ) ;
#634 = EDGE_LOOP ( 'NONE', ( #980, #126, #1262, #1995 ) ) ;
#635 = DIRECTION ( 'NONE',  ( -1.000000000000000000, 0.000000000000000000, 0.000000000000000000 ) ) ;
#636 =( NAMED_UNIT ( * ) PLANE_ANGLE_UNIT ( ) SI_UNIT ( $, .RADIAN. ) );
#637 = TOROIDAL_SURFACE ( 'NONE', #1797, 0.6999999999999998446, 0.5000000000000000000 ) ;
#638 = PRESENTATION_STYLE_ASSIGNMENT (( #16 ) ) ;
#639 =( NAMED_UNIT ( * ) PLANE_ANGLE_UNIT ( ) SI_UNIT ( $, .RADIAN. ) );
#640 = CARTESIAN_POINT ( 'NONE',  ( 4.565590826015855974, 0.000000000000000000, 0.000000000000000000 ) ) ;
#641 = DIRECTION ( 'NONE',  ( 0.000000000000000000, 0.000000000000000000, -1.000000000000000000 ) ) ;
#642 = SURFACE_SIDE_STYLE ('',( #813 ) ) ;
#643 = DIRECTION ( 'NONE',  ( 0.000000000000000000, 0.000000000000000000, -1.000000000000000000 ) ) ;
#644 = EDGE_CURVE ( 'NONE', #1423, #1460, #612, .T. ) ;
#645 = ORIENTED_EDGE ( 'NONE', *, *, #1789, .T. ) ;
#646 = DIRECTION ( 'NONE',  ( 1.000000000000000000, 0.000000000000000000, 0.000000000000000000 ) ) ;
#647 = EDGE_CURVE ( 'NONE', #531, #1027, #1782, .T. ) ;
#648 = ORIENTED_EDGE ( 'NONE', *, *, #1808, .F. ) ;
#649 = CARTESIAN_POINT ( 'NONE',  ( -4.470000000000002416, -1.000000000000001776, 0.000000000000000000 ) ) ;
#650 = CARTESIAN_POINT ( 'NONE',  ( 5.799999999999999822, 0.000000000000000000, 1.199999999999999956 ) ) ;
#651 = SURFACE_STYLE_USAGE ( .BOTH. , #60 ) ;
#652 = PRESENTATION_LAYER_ASSIGNMENT (  '', '', ( #1557 ) ) ;
#653 = PRESENTATION_STYLE_ASSIGNMENT (( #29 ) ) ;
#654 = SURFACE_SIDE_STYLE ('',( #471 ) ) ;
#655 = ORIENTED_EDGE ( 'NONE', *, *, #682, .F. ) ;
#656 = SURFACE_STYLE_FILL_AREA ( #1 ) ;
#657 = SURFACE_STYLE_USAGE ( .BOTH. , #991 ) ;
#658 = MECHANICAL_DESIGN_GEOMETRIC_PRESENTATION_REPRESENTATION (  '', ( #198 ), #137 ) ;
#659 = ADVANCED_FACE ( 'NONE', ( #251 ), #1602, .F. ) ;
#660 = DIRECTION ( 'NONE',  ( 1.000000000000000000, 0.000000000000000000, 0.000000000000000000 ) ) ;
#661 = FILL_AREA_STYLE ('',( #1919 ) ) ;
#662 = AXIS2_PLACEMENT_3D ( 'NONE', #269, #1413, #2031 ) ;
#663 = CARTESIAN_POINT ( 'NONE',  ( 6.299999999999999822, 1.285879139104720732E-16, 1.050000000000000044 ) ) ;
#664 = PRESENTATION_LAYER_ASSIGNMENT (  '', '', ( #1853 ) ) ;
#665 = STYLED_ITEM ( 'NONE', ( #737 ), #1845 ) ;
#666 = LINE ( 'NONE', #2051, #413 ) ;
#667 =( NAMED_UNIT ( * ) PLANE_ANGLE_UNIT ( ) SI_UNIT ( $, .RADIAN. ) );
#668 = VERTEX_POINT ( 'NONE', #944 ) ;
#669 = PRESENTATION_STYLE_ASSIGNMENT (( #1631 ) ) ;
#670 = SURFACE_STYLE_USAGE ( .BOTH. , #496 ) ;
#671 = CARTESIAN_POINT ( 'NONE',  ( -4.195000000000002949, -1.000000000000001776, 0.000000000000000000 ) ) ;
#672 = CARTESIAN_POINT ( 'NONE',  ( 5.799999999999999822, 0.000000000000000000, 0.000000000000000000 ) ) ;
#673 = DIRECTION ( 'NONE',  ( 0.000000000000000000, 0.000000000000000000, 1.000000000000000000 ) ) ;
#674 = ORIENTED_EDGE ( 'NONE', *, *, #149, .F. ) ;
#675 = CARTESIAN_POINT ( 'NONE',  ( 6.299999999999999822, 1.285879139104720732E-16, 1.050000000000000044 ) ) ;
#676 = FILL_AREA_STYLE_COLOUR ( '', #1717 ) ;
#677 = DIRECTION ( 'NONE',  ( 1.000000000000000000, -0.000000000000000000, -0.000000000000000000 ) ) ;
#678 = SURFACE_STYLE_FILL_AREA ( #661 ) ;
#679 = CARTESIAN_POINT ( 'NONE',  ( 9.770000000000001350, 0.2749999999999995781, 0.000000000000000000 ) ) ;
#680 = MECHANICAL_DESIGN_GEOMETRIC_PRESENTATION_REPRESENTATION (  '', ( #958 ), #1746 ) ;
#681 = MECHANICAL_DESIGN_GEOMETRIC_PRESENTATION_REPRESENTATION (  '', ( #1682 ), #714 ) ;
#682 = EDGE_CURVE ( 'NONE', #575, #887, #965, .T. ) ;
#683 = DIRECTION ( 'NONE',  ( 1.000000000000000000, -0.000000000000000000, -0.000000000000000000 ) ) ;
#684 = PRESENTATION_LAYER_ASSIGNMENT (  '', '', ( #2048 ) ) ;
#685 = VECTOR ( 'NONE', #1391, 1000.000000000000000 ) ;
#686 = DIRECTION ( 'NONE',  ( 0.000000000000000000, 0.000000000000000000, -1.000000000000000000 ) ) ;
#687 = ORIENTED_EDGE ( 'NONE', *, *, #776, .T. ) ;
#688 = FACE_OUTER_BOUND ( 'NONE', #1444, .T. ) ;
#689 = CARTESIAN_POINT ( 'NONE',  ( 4.565590826015855974, 0.000000000000000000, 1.106249999998377698 ) ) ;
#690 = STYLED_ITEM ( 'NONE', ( #1567 ), #987 ) ;
#691 = CARTESIAN_POINT ( 'NONE',  ( 2.209297531231849021, 0.000000000000000000, 0.000000000000000000 ) ) ;
#692 = AXIS2_PLACEMENT_3D ( 'NONE', #483, #327, #294 ) ;
#693 = VERTEX_POINT ( 'NONE', #1272 ) ;
#694 = EDGE_CURVE ( 'NONE', #1621, #573, #904, .T. ) ;
#695 = DIRECTION ( 'NONE',  ( 1.000000000000000000, -0.000000000000000000, -0.000000000000000000 ) ) ;
#696 = COLOUR_RGB ( '',0.8313725490196077761, 1.000000000000000000, 0.8666666666666666963 ) ;
#697 = CARTESIAN_POINT ( 'NONE',  ( 6.299999999999999822, 0.2750000000000000222, 0.000000000000000000 ) ) ;
#698 = VERTEX_POINT ( 'NONE', #163 ) ;
#699 =( LENGTH_UNIT ( ) NAMED_UNIT ( * ) SI_UNIT ( .MILLI., .METRE. ) );
#700 =( LENGTH_UNIT ( ) NAMED_UNIT ( * ) SI_UNIT ( .MILLI., .METRE. ) );
#701 = DIRECTION ( 'NONE',  ( 0.000000000000000000, 0.000000000000000000, -1.000000000000000000 ) ) ;
#702 = DIRECTION ( 'NONE',  ( 0.000000000000000000, 0.000000000000000000, -1.000000000000000000 ) ) ;
#703 = CARTESIAN_POINT ( 'NONE',  ( 6.299999999999999822, 0.000000000000000000, 0.000000000000000000 ) ) ;
#704 = DIRECTION ( 'NONE',  ( -1.000000000000000000, 0.000000000000000000, 0.000000000000000000 ) ) ;
#705 =( NAMED_UNIT ( * ) SI_UNIT ( $, .STERADIAN. ) SOLID_ANGLE_UNIT ( ) );
#706 = EDGE_CURVE ( 'NONE', #887, #698, #1249, .T. ) ;
#707 = ORIENTED_EDGE ( 'NONE', *, *, #1942, .T. ) ;
#708 = FACE_OUTER_BOUND ( 'NONE', #785, .T. ) ;
#709 = FACE_OUTER_BOUND ( 'NONE', #1581, .T. ) ;
#710 =( NAMED_UNIT ( * ) SI_UNIT ( $, .STERADIAN. ) SOLID_ANGLE_UNIT ( ) );
#711 = EDGE_CURVE ( 'NONE', #1074, #566, #1246, .T. ) ;
#712 =( LENGTH_UNIT ( ) NAMED_UNIT ( * ) SI_UNIT ( .MILLI., .METRE. ) );
#713 = UNCERTAINTY_MEASURE_WITH_UNIT (LENGTH_MEASURE( 1.000000000000000082E-05 ), #1754, 'distance_accuracy_value', 'NONE');
#714 =( GEOMETRIC_REPRESENTATION_CONTEXT ( 3 ) GLOBAL_UNCERTAINTY_ASSIGNED_CONTEXT ( ( #2018 ) ) GLOBAL_UNIT_ASSIGNED_CONTEXT ( ( #1830, #1068, #114 ) ) REPRESENTATION_CONTEXT ( 'NONE', 'WORKASPACE' ) );
#715 = EDGE_LOOP ( 'NONE', ( #1664, #596, #1547, #655 ) ) ;
#716 = FILL_AREA_STYLE ('',( #1997 ) ) ;
#717 = CIRCLE ( 'NONE', #101, 1.050000000000000044 ) ;
#718 = DIRECTION ( 'NONE',  ( 0.000000000000000000, -1.224646799147353207E-16, 1.000000000000000000 ) ) ;
#719 = EDGE_CURVE ( 'NONE', #1641, #1161, #447, .T. ) ;
#720 = FILL_AREA_STYLE ('',( #1921 ) ) ;
#721 =( GEOMETRIC_REPRESENTATION_CONTEXT ( 3 ) GLOBAL_UNCERTAINTY_ASSIGNED_CONTEXT ( ( #303 ) ) GLOBAL_UNIT_ASSIGNED_CONTEXT ( ( #1075, #1543, #1307 ) ) REPRESENTATION_CONTEXT ( 'NONE', 'WORKASPACE' ) );
#722 =( GEOMETRIC_REPRESENTATION_CONTEXT ( 3 ) GLOBAL_UNCERTAINTY_ASSIGNED_CONTEXT ( ( #561 ) ) GLOBAL_UNIT_ASSIGNED_CONTEXT ( ( #983, #27, #1779 ) ) REPRESENTATION_CONTEXT ( 'NONE', 'WORKASPACE' ) );
#723 = DIRECTION ( 'NONE',  ( -1.000000000000000000, -0.000000000000000000, -0.000000000000000000 ) ) ;
#724 = TOROIDAL_SURFACE ( 'NONE', #428, 0.6999999999999998446, 0.5000000000000000000 ) ;
#725 = FACE_OUTER_BOUND ( 'NONE', #1759, .T. ) ;
#726 = PRESENTATION_STYLE_ASSIGNMENT (( #2037 ) ) ;
#727 = AXIS2_PLACEMENT_3D ( 'NONE', #1982, #723, #1534 ) ;
#728 = ORIENTED_EDGE ( 'NONE', *, *, #1819, .T. ) ;
#729 = PRESENTATION_STYLE_ASSIGNMENT (( #557 ) ) ;
#730 =( NAMED_UNIT ( * ) PLANE_ANGLE_UNIT ( ) SI_UNIT ( $, .RADIAN. ) );
#731 =( GEOMETRIC_REPRESENTATION_CONTEXT ( 3 ) GLOBAL_UNCERTAINTY_ASSIGNED_CONTEXT ( ( #713 ) ) GLOBAL_UNIT_ASSIGNED_CONTEXT ( ( #1754, #374, #1806 ) ) REPRESENTATION_CONTEXT ( 'NONE', 'WORKASPACE' ) );
#732 = UNCERTAINTY_MEASURE_WITH_UNIT (LENGTH_MEASURE( 1.000000000000000082E-05 ), #339, 'distance_accuracy_value', 'NONE');
#733 = PRESENTATION_LAYER_ASSIGNMENT (  '', '', ( #1290 ) ) ;
#734 = CARTESIAN_POINT ( 'NONE',  ( 3.109297531231848932, 0.000000000000000000, -1.050000000000000044 ) ) ;
#735 = EDGE_CURVE ( 'NONE', #1523, #1104, #247, .T. ) ;
#736 = ORIENTED_EDGE ( 'NONE', *, *, #804, .T. ) ;
#737 = PRESENTATION_STYLE_ASSIGNMENT (( #550 ) ) ;
#738 = CARTESIAN_POINT ( 'NONE',  ( 1.442928578572856724, 0.000000000000000000, 1.199999999999999956 ) ) ;
#739 = VERTEX_POINT ( 'NONE', #1101 ) ;
#740 =( NAMED_UNIT ( * ) SI_UNIT ( $, .STERADIAN. ) SOLID_ANGLE_UNIT ( ) );
#741 = PRODUCT ( 'Resistor6.3x2.4x15.24', 'Resistor6.3x2.4x15.24', '', ( #1086 ) ) ;
#742 = SURFACE_SIDE_STYLE ('',( #118 ) ) ;
#743 = ORIENTED_EDGE ( 'NONE', *, *, #706, .F. ) ;
#744 = DIRECTION ( 'NONE',  ( 0.000000000000000000, 0.000000000000000000, -1.000000000000000000 ) ) ;
#745 = ADVANCED_FACE ( 'NONE', ( #275 ), #1703, .T. ) ;
#746 = SURFACE_STYLE_FILL_AREA ( #907 ) ;
#747 = CIRCLE ( 'NONE', #30, 0.2750000000000000222 ) ;
#748 = ORIENTED_EDGE ( 'NONE', *, *, #1373, .T. ) ;
#749 = SURFACE_SIDE_STYLE ('',( #1859 ) ) ;
#750 = FILL_AREA_STYLE_COLOUR ( '', #1877 ) ;
#751 = SURFACE_STYLE_FILL_AREA ( #1552 ) ;
#752 = UNCERTAINTY_MEASURE_WITH_UNIT (LENGTH_MEASURE( 1.000000000000000082E-05 ), #796, 'distance_accuracy_value', 'NONE');
#753 = AXIS2_PLACEMENT_3D ( 'NONE', #1680, #872, #1987 ) ;
#754 = VERTEX_POINT ( 'NONE', #144 ) ;
#755 = DIRECTION ( 'NONE',  ( 1.000000000000000000, -0.000000000000000000, -0.000000000000000000 ) ) ;
#756 =( GEOMETRIC_REPRESENTATION_CONTEXT ( 3 ) GLOBAL_UNCERTAINTY_ASSIGNED_CONTEXT ( ( #1601 ) ) GLOBAL_UNIT_ASSIGNED_CONTEXT ( ( #1810, #1044, #1064 ) ) REPRESENTATION_CONTEXT ( 'NONE', 'WORKASPACE' ) );
#757 = ORIENTED_EDGE ( 'NONE', *, *, #1492, .T. ) ;
#758 = CIRCLE ( 'NONE', #281, 0.5000000000000000000 ) ;
#759 = FACE_OUTER_BOUND ( 'NONE', #50, .T. ) ;
#760 = EDGE_CURVE ( 'NONE', #2007, #968, #1750, .T. ) ;
#761 = EDGE_LOOP ( 'NONE', ( #648, #1351, #748, #166 ) ) ;
#762 = CARTESIAN_POINT ( 'NONE',  ( 4.340702468768153466, 0.000000000000000000, 0.000000000000000000 ) ) ;
#763 =( GEOMETRIC_REPRESENTATION_CONTEXT ( 3 ) GLOBAL_UNCERTAINTY_ASSIGNED_CONTEXT ( ( #98 ) ) GLOBAL_UNIT_ASSIGNED_CONTEXT ( ( #1773, #313, #1896 ) ) REPRESENTATION_CONTEXT ( 'NONE', 'WORKASPACE' ) );
#764 = FACE_OUTER_BOUND ( 'NONE', #1636, .T. ) ;
#765 = STYLED_ITEM ( 'NONE', ( #542 ), #1530 ) ;
#766 = FACE_OUTER_BOUND ( 'NONE', #634, .T. ) ;
#767 = EDGE_LOOP ( 'NONE', ( #1135, #250, #859, #1098 ) ) ;
#768 = CYLINDRICAL_SURFACE ( 'NONE', #891, 1.050000000000000044 ) ;
#769 = MECHANICAL_DESIGN_GEOMETRIC_PRESENTATION_REPRESENTATION (  '', ( #325 ), #205 ) ;
#770 = DIRECTION ( 'NONE',  ( 1.734723475976807587E-16, -1.000000000000000000, 0.000000000000000000 ) ) ;
#771 = DIRECTION ( 'NONE',  ( -1.000000000000000000, -0.000000000000000000, -0.000000000000000000 ) ) ;
#772 = CYLINDRICAL_SURFACE ( 'NONE', #228, 1.199999999999999956 ) ;
#773 = EDGE_LOOP ( 'NONE', ( #470, #1584, #1772, #394 ) ) ;
#774 = UNCERTAINTY_MEASURE_WITH_UNIT (LENGTH_MEASURE( 1.000000000000000082E-05 ), #1871, 'distance_accuracy_value', 'NONE');
#775 = FILL_AREA_STYLE_COLOUR ( '', #996 ) ;
#776 = EDGE_CURVE ( 'NONE', #426, #24, #2035, .T. ) ;
#777 = ORIENTED_EDGE ( 'NONE', *, *, #850, .F. ) ;
#778 = DIRECTION ( 'NONE',  ( 0.000000000000000000, 0.000000000000000000, -1.000000000000000000 ) ) ;
#779 = CARTESIAN_POINT ( 'NONE',  ( 2.659297531231849199, 0.000000000000000000, -1.050000000000000044 ) ) ;
#780 = DIRECTION ( 'NONE',  ( 1.000000000000000000, -0.000000000000000000, -0.000000000000000000 ) ) ;
#781 = DIRECTION ( 'NONE',  ( 0.000000000000000000, 0.000000000000000000, -1.000000000000000000 ) ) ;
#782 = ORIENTED_EDGE ( 'NONE', *, *, #319, .F. ) ;
#783 =( NAMED_UNIT ( * ) SI_UNIT ( $, .STERADIAN. ) SOLID_ANGLE_UNIT ( ) );
#784 = CARTESIAN_POINT ( 'NONE',  ( -4.195000000000002949, -1.000000000000001776, 0.000000000000000000 ) ) ;
#785 = EDGE_LOOP ( 'NONE', ( #63, #372, #1089, #777 ) ) ;
#786 = DIRECTION ( 'NONE',  ( 0.000000000000000000, 0.000000000000000000, 1.000000000000000000 ) ) ;
#787 = PRESENTATION_STYLE_ASSIGNMENT (( #159 ) ) ;
#788 = ORIENTED_EDGE ( 'NONE', *, *, #254, .F. ) ;
#789 = SURFACE_STYLE_FILL_AREA ( #1839 ) ;
#790 = PRESENTATION_LAYER_ASSIGNMENT (  '', '', ( #1777 ) ) ;
#791 = ADVANCED_FACE ( 'NONE', ( #604 ), #637, .T. ) ;
#792 = AXIS2_PLACEMENT_3D ( 'NONE', #793, #1556, #928 ) ;
#793 = CARTESIAN_POINT ( 'NONE',  ( 6.299999999999999822, 0.000000000000000000, 0.000000000000000000 ) ) ;
#794 = DIRECTION ( 'NONE',  ( 1.734723475976807587E-16, -1.000000000000000000, 0.000000000000000000 ) ) ;
#795 = PRESENTATION_LAYER_ASSIGNMENT (  '', '', ( #1757 ) ) ;
#796 =( LENGTH_UNIT ( ) NAMED_UNIT ( * ) SI_UNIT ( .MILLI., .METRE. ) );
#797 = VERTEX_POINT ( 'NONE', #458 ) ;
#798 = DIRECTION ( 'NONE',  ( 0.000000000000000000, 0.000000000000000000, 1.000000000000000000 ) ) ;
#799 = UNCERTAINTY_MEASURE_WITH_UNIT (LENGTH_MEASURE( 1.000000000000000082E-05 ), #1707, 'distance_accuracy_value', 'NONE');
#800 = FILL_AREA_STYLE_COLOUR ( '', #969 ) ;
#801 = AXIS2_PLACEMENT_3D ( 'NONE', #2026, #1102, #565 ) ;
#802 = PRESENTATION_STYLE_ASSIGNMENT (( #1605 ) ) ;
#803 = DIRECTION ( 'NONE',  ( 0.000000000000000000, 0.000000000000000000, -1.000000000000000000 ) ) ;
#804 = EDGE_CURVE ( 'NONE', #505, #1890, #478, .T. ) ;
#805 = DIRECTION ( 'NONE',  ( 1.000000000000000000, -0.000000000000000000, -0.000000000000000000 ) ) ;
#806 = DIRECTION ( 'NONE',  ( -5.100766768294538872E-17, 1.000000000000000000, 0.000000000000000000 ) ) ;
#807 = CARTESIAN_POINT ( 'NONE',  ( -3.470000000000000639, -4.249524393041316327E-16, 0.000000000000000000 ) ) ;
#808 = DIRECTION ( 'NONE',  ( 0.000000000000000000, 0.000000000000000000, 1.000000000000000000 ) ) ;
#809 = PRESENTATION_LAYER_ASSIGNMENT (  '', '', ( #18 ) ) ;
#810 = EDGE_LOOP ( 'NONE', ( #1183, #1699, #860, #1559 ) ) ;
#811 =( NAMED_UNIT ( * ) SI_UNIT ( $, .STERADIAN. ) SOLID_ANGLE_UNIT ( ) );
#812 = DIRECTION ( 'NONE',  ( 1.000000000000000000, -0.000000000000000000, -0.000000000000000000 ) ) ;
#813 = SURFACE_STYLE_FILL_AREA ( #21 ) ;
#814 = DIRECTION ( 'NONE',  ( 0.000000000000000000, 0.000000000000000000, 1.000000000000000000 ) ) ;
#815 = ADVANCED_FACE ( 'NONE', ( #174 ), #1783, .T. ) ;
#816 = ORIENTED_EDGE ( 'NONE', *, *, #265, .F. ) ;
#817 = DIRECTION ( 'NONE',  ( 1.000000000000000000, 0.000000000000000000, 0.000000000000000000 ) ) ;
#818 = CARTESIAN_POINT ( 'NONE',  ( 11.04500000000000171, -6.000000000000001776, 0.000000000000000000 ) ) ;
#819 =( LENGTH_UNIT ( ) NAMED_UNIT ( * ) SI_UNIT ( .MILLI., .METRE. ) );
#820 = COLOUR_RGB ( '',0.8313725490196077761, 1.000000000000000000, 0.8666666666666666963 ) ;
#821 = DIRECTION ( 'NONE',  ( 0.000000000000000000, 1.000000000000000000, -1.224646799147353207E-16 ) ) ;
#822 = STYLED_ITEM ( 'NONE', ( #121 ), #387 ) ;
#823 = CIRCLE ( 'NONE', #1837, 0.7250000000000011990 ) ;
#824 = CARTESIAN_POINT ( 'NONE',  ( 1.909297531231847422, 0.000000000000000000, 0.000000000000000000 ) ) ;
#825 = MECHANICAL_DESIGN_GEOMETRIC_PRESENTATION_REPRESENTATION (  '', ( #1913 ), #1037 ) ;
#826 = SURFACE_STYLE_USAGE ( .BOTH. , #192 ) ;
#827 = EDGE_CURVE ( 'NONE', #1646, #566, #1936, .T. ) ;
#828 = CIRCLE ( 'NONE', #491, 1.050000000000000044 ) ;
#829 =( NAMED_UNIT ( * ) PLANE_ANGLE_UNIT ( ) SI_UNIT ( $, .RADIAN. ) );
#830 = MECHANICAL_DESIGN_GEOMETRIC_PRESENTATION_REPRESENTATION (  '', ( #464 ), #722 ) ;
#831 = ORIENTED_EDGE ( 'NONE', *, *, #319, .T. ) ;
#832 = CARTESIAN_POINT ( 'NONE',  ( 6.299999999999999822, 0.000000000000000000, 0.000000000000000000 ) ) ;
#833 = SURFACE_STYLE_USAGE ( .BOTH. , #1767 ) ;
#834 = CARTESIAN_POINT ( 'NONE',  ( 6.299999999999999822, 0.000000000000000000, 0.000000000000000000 ) ) ;
#835 = CIRCLE ( 'NONE', #78, 0.2750000000000000222 ) ;
#836 = VECTOR ( 'NONE', #1014, 1000.000000000000000 ) ;
#837 = STYLED_ITEM ( 'NONE', ( #1156 ), #867 ) ;
#838 =( NAMED_UNIT ( * ) SI_UNIT ( $, .STERADIAN. ) SOLID_ANGLE_UNIT ( ) );
#839 =( GEOMETRIC_REPRESENTATION_CONTEXT ( 3 ) GLOBAL_UNCERTAINTY_ASSIGNED_CONTEXT ( ( #1976 ) ) GLOBAL_UNIT_ASSIGNED_CONTEXT ( ( #712, #91, #1654 ) ) REPRESENTATION_CONTEXT ( 'NONE', 'WORKASPACE' ) );
#840 = CARTESIAN_POINT ( 'NONE',  ( 10.77000000000000135, -6.000000000000001776, 0.000000000000000000 ) ) ;
#841 = DIRECTION ( 'NONE',  ( 0.000000000000000000, -0.000000000000000000, -1.000000000000000000 ) ) ;
#842 = FILL_AREA_STYLE_COLOUR ( '', #1002 ) ;
#843 = DIRECTION ( 'NONE',  ( -0.000000000000000000, -0.000000000000000000, -1.000000000000000000 ) ) ;
#844 = EDGE_CURVE ( 'NONE', #1621, #1646, #1738, .T. ) ;
#845 = VECTOR ( 'NONE', #1167, 1000.000000000000000 ) ;
#846 = DIRECTION ( 'NONE',  ( 1.000000000000000000, 0.000000000000000000, 0.000000000000000000 ) ) ;
#847 = CARTESIAN_POINT ( 'NONE',  ( -3.470000000000000639, 0.2749999999999995781, 3.367778697655221258E-17 ) ) ;
#848 = SURFACE_STYLE_FILL_AREA ( #548 ) ;
#849 = AXIS2_PLACEMENT_3D ( 'NONE', #672, #1011, #1952 ) ;
#850 = EDGE_CURVE ( 'NONE', #754, #494, #1144, .T. ) ;
#851 =( GEOMETRIC_REPRESENTATION_CONTEXT ( 3 ) GLOBAL_UNCERTAINTY_ASSIGNED_CONTEXT ( ( #1506 ) ) GLOBAL_UNIT_ASSIGNED_CONTEXT ( ( #700, #537, #1040 ) ) REPRESENTATION_CONTEXT ( 'NONE', 'WORKASPACE' ) );
#852 = PRESENTATION_LAYER_ASSIGNMENT (  '', '', ( #1177 ) ) ;
#853 = AXIS2_PLACEMENT_3D ( 'NONE', #873, #1017, #72 ) ;
#854 = VERTEX_POINT ( 'NONE', #679 ) ;
#855 = FILL_AREA_STYLE ('',( #214 ) ) ;
#856 = STYLED_ITEM ( 'NONE', ( #242 ), #601 ) ;
#857 = PRESENTATION_LAYER_ASSIGNMENT (  '', '', ( #580 ) ) ;
#858 =( NAMED_UNIT ( * ) SI_UNIT ( $, .STERADIAN. ) SOLID_ANGLE_UNIT ( ) );
#859 = ORIENTED_EDGE ( 'NONE', *, *, #484, .F. ) ;
#860 = ORIENTED_EDGE ( 'NONE', *, *, #1514, .T. ) ;
#861 = FACE_OUTER_BOUND ( 'NONE', #918, .T. ) ;
#862 = UNCERTAINTY_MEASURE_WITH_UNIT (LENGTH_MEASURE( 1.000000000000000082E-05 ), #1748, 'distance_accuracy_value', 'NONE');
#863 = MECHANICAL_DESIGN_GEOMETRIC_PRESENTATION_REPRESENTATION (  '', ( #690 ), #41 ) ;
#864 = FILL_AREA_STYLE ('',( #221 ) ) ;
#865 = AXIS2_PLACEMENT_3D ( 'NONE', #1000, #1662, #378 ) ;
#866 = EDGE_CURVE ( 'NONE', #1104, #1460, #1334, .T. ) ;
#867 = MANIFOLD_SOLID_BREP ( 'Mirror1', #309 ) ;
#868 = SURFACE_STYLE_FILL_AREA ( #855 ) ;
#869 = PRESENTATION_LAYER_ASSIGNMENT (  '', '', ( #765 ) ) ;
#870 = DIRECTION ( 'NONE',  ( 1.000000000000000000, 0.000000000000000000, 0.000000000000000000 ) ) ;
#871 = MECHANICAL_DESIGN_GEOMETRIC_PRESENTATION_REPRESENTATION (  '', ( #1536 ), #731 ) ;
#872 = DIRECTION ( 'NONE',  ( -1.734723475976807587E-16, -1.000000000000000000, 0.000000000000000000 ) ) ;
#873 = CARTESIAN_POINT ( 'NONE',  ( -4.470000000000002416, -1.000000000000001776, 0.000000000000000000 ) ) ;
#874 =( LENGTH_UNIT ( ) NAMED_UNIT ( * ) SI_UNIT ( .MILLI., .METRE. ) );
#875 = CARTESIAN_POINT ( 'NONE',  ( 4.390702468768152400, 0.000000000000000000, 0.000000000000000000 ) ) ;
#876 = DIRECTION ( 'NONE',  ( 0.000000000000000000, 0.000000000000000000, -1.000000000000000000 ) ) ;
#877 = ADVANCED_FACE ( 'NONE', ( #1517 ), #562, .T. ) ;
#878 = ORIENTED_EDGE ( 'NONE', *, *, #1933, .T. ) ;
#879 = DIRECTION ( 'NONE',  ( 0.000000000000000000, 0.000000000000000000, -1.000000000000000000 ) ) ;
#880 =( NAMED_UNIT ( * ) PLANE_ANGLE_UNIT ( ) SI_UNIT ( $, .RADIAN. ) );
#881 = UNCERTAINTY_MEASURE_WITH_UNIT (LENGTH_MEASURE( 1.000000000000000082E-05 ), #1776, 'distance_accuracy_value', 'NONE');
#882 = AXIS2_PLACEMENT_3D ( 'NONE', #1046, #704, #1971 ) ;
#883 = COLOUR_RGB ( '',0.8313725490196077761, 1.000000000000000000, 0.8666666666666666963 ) ;
#884 = MECHANICAL_DESIGN_GEOMETRIC_PRESENTATION_REPRESENTATION (  '', ( #66 ), #851 ) ;
#885 = PRESENTATION_LAYER_ASSIGNMENT (  '', '', ( #613 ) ) ;
#886 = PRESENTATION_STYLE_ASSIGNMENT (( #1397 ) ) ;
#887 = VERTEX_POINT ( 'NONE', #1212 ) ;
#888 =( NAMED_UNIT ( * ) PLANE_ANGLE_UNIT ( ) SI_UNIT ( $, .RADIAN. ) );
#889 = CARTESIAN_POINT ( 'NONE',  ( 0.000000000000000000, 0.000000000000000000, 0.000000000000000000 ) ) ;
#890 = SURFACE_STYLE_FILL_AREA ( #720 ) ;
#891 = AXIS2_PLACEMENT_3D ( 'NONE', #1120, #1722, #1735 ) ;
#892 = PRESENTATION_LAYER_ASSIGNMENT (  '', '', ( #464 ) ) ;
#893 = DIRECTION ( 'NONE',  ( -1.000000000000000000, -0.000000000000000000, -0.000000000000000000 ) ) ;
#894 = CIRCLE ( 'NONE', #1610, 1.106249999998377698 ) ;
#895 = FILL_AREA_STYLE_COLOUR ( '', #503 ) ;
#896 = AXIS2_PLACEMENT_3D ( 'NONE', #535, #1785, #1197 ) ;
#897 = ORIENTED_EDGE ( 'NONE', *, *, #1727, .T. ) ;
#898 = FILL_AREA_STYLE_COLOUR ( '', #1178 ) ;
#899 = CARTESIAN_POINT ( 'NONE',  ( 6.299999999999999822, 0.000000000000000000, -1.050000000000000044 ) ) ;
#900 = PLANE ( 'NONE',  #662 ) ;
#901 = STYLED_ITEM ( 'NONE', ( #1642 ), #1957 ) ;
#902 = UNCERTAINTY_MEASURE_WITH_UNIT (LENGTH_MEASURE( 1.000000000000000082E-05 ), #461, 'distance_accuracy_value', 'NONE');
#903 = CARTESIAN_POINT ( 'NONE',  ( 0.5000000000000004441, 0.000000000000000000, 0.000000000000000000 ) ) ;
#904 = LINE ( 'NONE', #592, #420 ) ;
#905 = VECTOR ( 'NONE', #1299, 1000.000000000000000 ) ;
#906 = FILL_AREA_STYLE ('',( #258 ) ) ;
#907 = FILL_AREA_STYLE ('',( #1842 ) ) ;
#908 = ORIENTED_EDGE ( 'NONE', *, *, #1678, .F. ) ;
#909 = DIRECTION ( 'NONE',  ( -1.000000000000000000, 0.000000000000000000, 0.000000000000000000 ) ) ;
#910 = FACE_OUTER_BOUND ( 'NONE', #1573, .T. ) ;
#911 = ORIENTED_EDGE ( 'NONE', *, *, #1398, .F. ) ;
#912 = FILL_AREA_STYLE_COLOUR ( '', #1437 ) ;
#913 = ADVANCED_FACE ( 'NONE', ( #1648 ), #1953, .T. ) ;
#914 = FACE_OUTER_BOUND ( 'NONE', #123, .T. ) ;
#915 =( NAMED_UNIT ( * ) PLANE_ANGLE_UNIT ( ) SI_UNIT ( $, .RADIAN. ) );
#916 =( NAMED_UNIT ( * ) SI_UNIT ( $, .STERADIAN. ) SOLID_ANGLE_UNIT ( ) );
#917 = CIRCLE ( 'NONE', #452, 0.2750000000000000222 ) ;
#918 = EDGE_LOOP ( 'NONE', ( #440, #404, #1719, #453 ) ) ;
#919 = DIRECTION ( 'NONE',  ( -1.734723475976807587E-16, -1.000000000000000000, 0.000000000000000000 ) ) ;
#920 = PRESENTATION_LAYER_ASSIGNMENT (  '', '', ( #1595 ) ) ;
#921 =( NAMED_UNIT ( * ) SI_UNIT ( $, .STERADIAN. ) SOLID_ANGLE_UNIT ( ) );
#922 = UNCERTAINTY_MEASURE_WITH_UNIT (LENGTH_MEASURE( 1.000000000000000082E-05 ), #244, 'distance_accuracy_value', 'NONE');
#923 = AXIS2_PLACEMENT_3D ( 'NONE', #981, #38, #841 ) ;
#924 =( NAMED_UNIT ( * ) SI_UNIT ( $, .STERADIAN. ) SOLID_ANGLE_UNIT ( ) );
#925 = EDGE_LOOP ( 'NONE', ( #1881, #1710, #1802, #83 ) ) ;
#926 = FILL_AREA_STYLE_COLOUR ( '', #1076 ) ;
#927 = LINE ( 'NONE', #1589, #1213 ) ;
#928 = DIRECTION ( 'NONE',  ( 0.000000000000000000, 0.000000000000000000, -1.000000000000000000 ) ) ;
#929 =( GEOMETRIC_REPRESENTATION_CONTEXT ( 3 ) GLOBAL_UNCERTAINTY_ASSIGNED_CONTEXT ( ( #1129 ) ) GLOBAL_UNIT_ASSIGNED_CONTEXT ( ( #367, #1354, #386 ) ) REPRESENTATION_CONTEXT ( 'NONE', 'WORKASPACE' ) );
#930 = EDGE_CURVE ( 'NONE', #668, #459, #828, .T. ) ;
#931 = AXIS2_PLACEMENT_3D ( 'NONE', #373, #1505, #1209 ) ;
#932 = VERTEX_POINT ( 'NONE', #734 ) ;
#933 = CYLINDRICAL_SURFACE ( 'NONE', #2024, 1.050000000000000044 ) ;
#934 = AXIS2_PLACEMENT_3D ( 'NONE', #607, #253, #1235 ) ;
#935 = VECTOR ( 'NONE', #1716, 1000.000000000000000 ) ;
#936 = ORIENTED_EDGE ( 'NONE', *, *, #1270, .T. ) ;
#937 = SURFACE_STYLE_FILL_AREA ( #1542 ) ;
#938 = PRESENTATION_LAYER_ASSIGNMENT (  '', '', ( #1817 ) ) ;
#939 = FILL_AREA_STYLE ('',( #1288 ) ) ;
#940 = CIRCLE ( 'NONE', #1228, 0.2999999999999999334 ) ;
#941 = ORIENTED_EDGE ( 'NONE', *, *, #844, .T. ) ;
#942 = DIRECTION ( 'NONE',  ( 0.000000000000000000, 0.000000000000000000, -1.000000000000000000 ) ) ;
#943 = AXIS2_PLACEMENT_3D ( 'NONE', #1781, #1176, #1459 ) ;
#944 = CARTESIAN_POINT ( 'NONE',  ( 2.209297531231849021, 1.285879139104720732E-16, 1.050000000000000044 ) ) ;
#945 = CARTESIAN_POINT ( 'NONE',  ( 6.299999999999999822, 0.000000000000000000, 0.000000000000000000 ) ) ;
#946 = CARTESIAN_POINT ( 'NONE',  ( 4.340702468768153466, 0.000000000000000000, 0.000000000000000000 ) ) ;
#947 = ADVANCED_FACE ( 'NONE', ( #1507 ), #1193, .T. ) ;
#948 = UNCERTAINTY_MEASURE_WITH_UNIT (LENGTH_MEASURE( 1.000000000000000082E-05 ), #1706, 'distance_accuracy_value', 'NONE');
#949 = CARTESIAN_POINT ( 'NONE',  ( 6.299999999999999822, 0.000000000000000000, 0.000000000000000000 ) ) ;
#950 = CYLINDRICAL_SURFACE ( 'NONE', #351, 1.050000000000000044 ) ;
#951 = CARTESIAN_POINT ( 'NONE',  ( 6.299999999999999822, 0.000000000000000000, 0.000000000000000000 ) ) ;
#952 = LINE ( 'NONE', #2009, #1628 ) ;
#953 = SURFACE_STYLE_FILL_AREA ( #1124 ) ;
#954 = VERTEX_POINT ( 'NONE', #1259 ) ;
#955 =( NAMED_UNIT ( * ) SI_UNIT ( $, .STERADIAN. ) SOLID_ANGLE_UNIT ( ) );
#956 = ORIENTED_EDGE ( 'NONE', *, *, #1889, .F. ) ;
#957 = CARTESIAN_POINT ( 'NONE',  ( 6.299999999999999822, 1.285879139104720732E-16, 1.050000000000000044 ) ) ;
#958 = STYLED_ITEM ( 'NONE', ( #605 ), #224 ) ;
#959 = DIRECTION ( 'NONE',  ( 0.000000000000000000, 0.000000000000000000, -1.000000000000000000 ) ) ;
#960 = EDGE_CURVE ( 'NONE', #585, #575, #1402, .T. ) ;
#961 = COLOUR_RGB ( '',0.8313725490196077761, 1.000000000000000000, 0.8666666666666666963 ) ;
#962 = EDGE_LOOP ( 'NONE', ( #1813, #146, #1611, #1766 ) ) ;
#963 = SURFACE_SIDE_STYLE ('',( #307 ) ) ;
#964 = VECTOR ( 'NONE', #1603, 1000.000000000000000 ) ;
#965 = CIRCLE ( 'NONE', #74, 0.7249999999999999778 ) ;
#966 =( NAMED_UNIT ( * ) PLANE_ANGLE_UNIT ( ) SI_UNIT ( $, .RADIAN. ) );
#967 =( NAMED_UNIT ( * ) SI_UNIT ( $, .STERADIAN. ) SOLID_ANGLE_UNIT ( ) );
#968 = VERTEX_POINT ( 'NONE', #1850 ) ;
#969 = COLOUR_RGB ( '',0.6470588235294117974, 0.6196078431372549211, 0.5882352941176470784 ) ;
#970 = AXIS2_PLACEMENT_3D ( 'NONE', #1627, #635, #1763 ) ;
#971 = CARTESIAN_POINT ( 'NONE',  ( 6.299999999999999822, -0.2750000000000000222, 3.367778697655221258E-17 ) ) ;
#972 = DIRECTION ( 'NONE',  ( 0.000000000000000000, 0.000000000000000000, -1.000000000000000000 ) ) ;
#973 = DIRECTION ( 'NONE',  ( -1.000000000000000000, 0.000000000000000000, 0.000000000000000000 ) ) ;
#974 = COLOUR_RGB ( '',0.6470588235294117974, 0.6196078431372549211, 0.5882352941176470784 ) ;
#975 = CIRCLE ( 'NONE', #84, 0.6999999999999998446 ) ;
#976 = FILL_AREA_STYLE_COLOUR ( '', #502 ) ;
#977 = EDGE_CURVE ( 'NONE', #24, #436, #437, .T. ) ;
#978 = AXIS2_PLACEMENT_3D ( 'NONE', #569, #396, #220 ) ;
#979 =( NAMED_UNIT ( * ) PLANE_ANGLE_UNIT ( ) SI_UNIT ( $, .RADIAN. ) );
#980 = ORIENTED_EDGE ( 'NONE', *, *, #429, .T. ) ;
#981 = CARTESIAN_POINT ( 'NONE',  ( 10.77000000000000135, -6.000000000000001776, 0.000000000000000000 ) ) ;
#982 = ORIENTED_EDGE ( 'NONE', *, *, #960, .F. ) ;
#983 =( LENGTH_UNIT ( ) NAMED_UNIT ( * ) SI_UNIT ( .MILLI., .METRE. ) );
#984 =( NAMED_UNIT ( * ) SI_UNIT ( $, .STERADIAN. ) SOLID_ANGLE_UNIT ( ) );
#985 = SURFACE_SIDE_STYLE ('',( #678 ) ) ;
#986 =( NAMED_UNIT ( * ) SI_UNIT ( $, .STERADIAN. ) SOLID_ANGLE_UNIT ( ) );
#987 = ADVANCED_FACE ( 'NONE', ( #1419 ), #768, .T. ) ;
#988 = PRESENTATION_STYLE_ASSIGNMENT (( #1301 ) ) ;
#989 = FILL_AREA_STYLE ('',( #335 ) ) ;
#990 = CARTESIAN_POINT ( 'NONE',  ( 0.5000000000000004441, 0.000000000000000000, 0.000000000000000000 ) ) ;
#991 = SURFACE_SIDE_STYLE ('',( #1915 ) ) ;
#992 = ORIENTED_EDGE ( 'NONE', *, *, #429, .F. ) ;
#993 = FILL_AREA_STYLE ('',( #1152 ) ) ;
#994 = COLOUR_RGB ( '',0.8313725490196077761, 1.000000000000000000, 0.8666666666666666963 ) ;
#995 =( LENGTH_UNIT ( ) NAMED_UNIT ( * ) SI_UNIT ( .MILLI., .METRE. ) );
#996 = COLOUR_RGB ( '',0.8313725490196077761, 1.000000000000000000, 0.8666666666666666963 ) ;
#997 = COLOUR_RGB ( '',0.8313725490196077761, 1.000000000000000000, 0.8666666666666666963 ) ;
#998 = COLOUR_RGB ( '',0.9098039215686274384, 0.4431372549019607643, 0.03137254901960784270 ) ;
#999 = ORIENTED_EDGE ( 'NONE', *, *, #1018, .T. ) ;
#1000 = CARTESIAN_POINT ( 'NONE',  ( 5.799999999999999822, 0.000000000000000000, 0.000000000000000000 ) ) ;
#1001 = ADVANCED_FACE ( 'NONE', ( #296 ), #950, .T. ) ;
#1002 = COLOUR_RGB ( '',0.8313725490196077761, 1.000000000000000000, 0.8666666666666666963 ) ;
#1003 = PRESENTATION_STYLE_ASSIGNMENT (( #826 ) ) ;
#1004 =( LENGTH_UNIT ( ) NAMED_UNIT ( * ) SI_UNIT ( .MILLI., .METRE. ) );
#1005 = PRESENTATION_STYLE_ASSIGNMENT (( #330 ) ) ;
#1006 = SURFACE_STYLE_USAGE ( .BOTH. , #985 ) ;
#1007 = MECHANICAL_DESIGN_GEOMETRIC_PRESENTATION_REPRESENTATION (  '', ( #5 ), #1814 ) ;
#1008 = COLOUR_RGB ( '',0.8313725490196077761, 1.000000000000000000, 0.8666666666666666963 ) ;
#1009 = DIRECTION ( 'NONE',  ( 1.000000000000000000, -0.000000000000000000, -0.000000000000000000 ) ) ;
#1010 = CIRCLE ( 'NONE', #1346, 1.050000000000000044 ) ;
#1011 = DIRECTION ( 'NONE',  ( 1.000000000000000000, 0.000000000000000000, 0.000000000000000000 ) ) ;
#1012 = ORIENTED_EDGE ( 'NONE', *, *, #866, .T. ) ;
#1013 = CIRCLE ( 'NONE', #1289, 1.275000000000000133 ) ;
#1014 = DIRECTION ( 'NONE',  ( 1.000000000000000000, -0.000000000000000000, -0.000000000000000000 ) ) ;
#1015 = DIRECTION ( 'NONE',  ( 0.000000000000000000, 0.000000000000000000, -1.000000000000000000 ) ) ;
#1016 = DIRECTION ( 'NONE',  ( 0.000000000000000000, -1.000000000000000000, 0.000000000000000000 ) ) ;
#1017 = DIRECTION ( 'NONE',  ( 1.734723475976807587E-16, -1.000000000000000000, 0.000000000000000000 ) ) ;
#1018 = EDGE_CURVE ( 'NONE', #1141, #1908, #493, .T. ) ;
#1019 = ORIENTED_EDGE ( 'NONE', *, *, #977, .T. ) ;
#1020 = DIRECTION ( 'NONE',  ( 0.000000000000000000, 1.224646799147353207E-16, 1.000000000000000000 ) ) ;
#1021 =( LENGTH_UNIT ( ) NAMED_UNIT ( * ) SI_UNIT ( .MILLI., .METRE. ) );
#1022 =( NAMED_UNIT ( * ) SI_UNIT ( $, .STERADIAN. ) SOLID_ANGLE_UNIT ( ) );
#1023 = SURFACE_STYLE_USAGE ( .BOTH. , #1181 ) ;
#1024 = CARTESIAN_POINT ( 'NONE',  ( 0.5000000000000004441, 0.000000000000000000, -0.6999999999999998446 ) ) ;
#1025 = DIRECTION ( 'NONE',  ( 1.000000000000000000, -0.000000000000000000, -0.000000000000000000 ) ) ;
#1026 =( LENGTH_UNIT ( ) NAMED_UNIT ( * ) SI_UNIT ( .MILLI., .METRE. ) );
#1027 = VERTEX_POINT ( 'NONE', #1142 ) ;
#1028 = CARTESIAN_POINT ( 'NONE',  ( -3.470000000000001084, -1.000000000000001998, -3.367778697655221258E-17 ) ) ;
#1029 = DIRECTION ( 'NONE',  ( 1.000000000000000000, -0.000000000000000000, -0.000000000000000000 ) ) ;
#1030 = ADVANCED_FACE ( 'NONE', ( #1917 ), #1604, .T. ) ;
#1031 = SURFACE_STYLE_USAGE ( .BOTH. , #1795 ) ;
#1032 = VECTOR ( 'NONE', #794, 1000.000000000000000 ) ;
#1033 = EDGE_CURVE ( 'NONE', #1027, #531, #76, .T. ) ;
#1034 = COLOUR_RGB ( '',0.8313725490196077761, 1.000000000000000000, 0.8666666666666666963 ) ;
#1035 = AXIS2_PLACEMENT_3D ( 'NONE', #587, #919, #1563 ) ;
#1036 = CARTESIAN_POINT ( 'NONE',  ( 6.299999999999999822, 0.000000000000000000, 1.199999999999999956 ) ) ;
#1037 =( GEOMETRIC_REPRESENTATION_CONTEXT ( 3 ) GLOBAL_UNCERTAINTY_ASSIGNED_CONTEXT ( ( #375 ) ) GLOBAL_UNIT_ASSIGNED_CONTEXT ( ( #405, #888, #1996 ) ) REPRESENTATION_CONTEXT ( 'NONE', 'WORKASPACE' ) );
#1038 = CARTESIAN_POINT ( 'NONE',  ( 4.390702468768152400, 0.000000000000000000, 0.000000000000000000 ) ) ;
#1039 = ORIENTED_EDGE ( 'NONE', *, *, #207, .F. ) ;
#1040 =( NAMED_UNIT ( * ) SI_UNIT ( $, .STERADIAN. ) SOLID_ANGLE_UNIT ( ) );
#1041 = DIRECTION ( 'NONE',  ( 0.000000000000000000, 1.000000000000000000, -1.224646799147353207E-16 ) ) ;
#1042 = UNCERTAINTY_MEASURE_WITH_UNIT (LENGTH_MEASURE( 1.000000000000000082E-05 ), #819, 'distance_accuracy_value', 'NONE');
#1043 = CIRCLE ( 'NONE', #1568, 1.106249999998377032 ) ;
#1044 =( NAMED_UNIT ( * ) PLANE_ANGLE_UNIT ( ) SI_UNIT ( $, .RADIAN. ) );
#1045 = COLOUR_RGB ( '',0.8313725490196077761, 1.000000000000000000, 0.8666666666666666963 ) ;
#1046 = CARTESIAN_POINT ( 'NONE',  ( 3.109297531231848932, 0.000000000000000000, 0.000000000000000000 ) ) ;
#1047 = CIRCLE ( 'NONE', #2022, 1.050000000000000044 ) ;
#1048 = EDGE_CURVE ( 'NONE', #566, #1646, #1043, .T. ) ;
#1049 =( NAMED_UNIT ( * ) SI_UNIT ( $, .STERADIAN. ) SOLID_ANGLE_UNIT ( ) );
#1050 = CIRCLE ( 'NONE', #1639, 0.5000000000000000000 ) ;
#1051 = COLOUR_RGB ( '',0.6470588235294117974, 0.6196078431372549211, 0.5882352941176470784 ) ;
#1052 = DIRECTION ( 'NONE',  ( 0.000000000000000000, 0.000000000000000000, -1.000000000000000000 ) ) ;
#1053 = AXIS2_PLACEMENT_3D ( 'NONE', #28, #1166, #1143 ) ;
#1054 = ORIENTED_EDGE ( 'NONE', *, *, #1638, .F. ) ;
#1055 = PRESENTATION_STYLE_ASSIGNMENT (( #1217 ) ) ;
#1056 = DIRECTION ( 'NONE',  ( 0.000000000000000000, -1.000000000000000000, 0.000000000000000000 ) ) ;
#1057 = CARTESIAN_POINT ( 'NONE',  ( 1.909297531231847422, 0.000000000000000000, 0.000000000000000000 ) ) ;
#1058 = FACE_OUTER_BOUND ( 'NONE', #1127, .T. ) ;
#1059 = ADVANCED_FACE ( 'NONE', ( #171 ), #318, .T. ) ;
#1060 = CARTESIAN_POINT ( 'NONE',  ( 2.659297531231849199, 0.000000000000000000, 0.000000000000000000 ) ) ;
#1061 = SURFACE_STYLE_USAGE ( .BOTH. , #1207 ) ;
#1062 = CYLINDRICAL_SURFACE ( 'NONE', #1035, 0.2749999999999991895 ) ;
#1063 = APPLICATION_PROTOCOL_DEFINITION ( 'draft international standard', 'automotive_design', 1998, #370 ) ;
#1064 =( NAMED_UNIT ( * ) SI_UNIT ( $, .STERADIAN. ) SOLID_ANGLE_UNIT ( ) );
#1065 =( GEOMETRIC_REPRESENTATION_CONTEXT ( 3 ) GLOBAL_UNCERTAINTY_ASSIGNED_CONTEXT ( ( #1575 ) ) GLOBAL_UNIT_ASSIGNED_CONTEXT ( ( #156, #979, #955 ) ) REPRESENTATION_CONTEXT ( 'NONE', 'WORKASPACE' ) );
#1066 =( NAMED_UNIT ( * ) SI_UNIT ( $, .STERADIAN. ) SOLID_ANGLE_UNIT ( ) );
#1067 = MECHANICAL_DESIGN_GEOMETRIC_PRESENTATION_REPRESENTATION (  '', ( #822 ), #1518 ) ;
#1068 =( NAMED_UNIT ( * ) PLANE_ANGLE_UNIT ( ) SI_UNIT ( $, .RADIAN. ) );
#1069 = CARTESIAN_POINT ( 'NONE',  ( 0.000000000000000000, 0.2750000000000000777, 3.367778697655224340E-17 ) ) ;
#1070 = MECHANICAL_DESIGN_GEOMETRIC_PRESENTATION_REPRESENTATION (  '', ( #856 ), #71 ) ;
#1071 = DIRECTION ( 'NONE',  ( 1.000000000000000000, -0.000000000000000000, -0.000000000000000000 ) ) ;
#1072 = VECTOR ( 'NONE', #1737, 1000.000000000000000 ) ;
#1073 = CARTESIAN_POINT ( 'NONE',  ( 1.909297531231847422, 1.285879139104720732E-16, 1.050000000000000044 ) ) ;
#1074 = VERTEX_POINT ( 'NONE', #1465 ) ;
#1075 =( LENGTH_UNIT ( ) NAMED_UNIT ( * ) SI_UNIT ( .MILLI., .METRE. ) );
#1076 = COLOUR_RGB ( '',0.8313725490196077761, 1.000000000000000000, 0.8666666666666666963 ) ;
#1077 =( NAMED_UNIT ( * ) PLANE_ANGLE_UNIT ( ) SI_UNIT ( $, .RADIAN. ) );
#1078 = CIRCLE ( 'NONE', #139, 1.050000000000000044 ) ;
#1079 = ORIENTED_EDGE ( 'NONE', *, *, #414, .T. ) ;
#1080 = MECHANICAL_DESIGN_GEOMETRIC_PRESENTATION_REPRESENTATION (  '', ( #1694 ), #1724 ) ;
#1081 = DIRECTION ( 'NONE',  ( 0.000000000000000000, 0.000000000000000000, -1.000000000000000000 ) ) ;
#1082 = PRESENTATION_LAYER_ASSIGNMENT (  '', '', ( #665 ) ) ;
#1083 = ORIENTED_EDGE ( 'NONE', *, *, #111, .T. ) ;
#1084 = DIRECTION ( 'NONE',  ( 0.000000000000000000, 0.000000000000000000, 1.000000000000000000 ) ) ;
#1085 =( LENGTH_UNIT ( ) NAMED_UNIT ( * ) SI_UNIT ( .MILLI., .METRE. ) );
#1086 = PRODUCT_CONTEXT ( 'NONE', #370, 'mechanical' ) ;
#1087 = UNCERTAINTY_MEASURE_WITH_UNIT (LENGTH_MEASURE( 1.000000000000000082E-05 ), #1190, 'distance_accuracy_value', 'NONE');
#1088 = EDGE_CURVE ( 'NONE', #415, #573, #1884, .T. ) ;
#1089 = ORIENTED_EDGE ( 'NONE', *, *, #1255, .T. ) ;
#1090 = SURFACE_STYLE_FILL_AREA ( #571 ) ;
#1091 = DIRECTION ( 'NONE',  ( 0.000000000000000000, 1.224646799147353207E-16, 1.000000000000000000 ) ) ;
#1092 = FILL_AREA_STYLE_COLOUR ( '', #1345 ) ;
#1093 =( NAMED_UNIT ( * ) PLANE_ANGLE_UNIT ( ) SI_UNIT ( $, .RADIAN. ) );
#1094 = ORIENTED_EDGE ( 'NONE', *, *, #1373, .F. ) ;
#1095 = DIRECTION ( 'NONE',  ( 0.000000000000000000, 1.000000000000000000, 1.224646799147353207E-16 ) ) ;
#1096 = FILL_AREA_STYLE ('',( #1424 ) ) ;
#1097 = CYLINDRICAL_SURFACE ( 'NONE', #1393, 1.199999999999999956 ) ;
#1098 = ORIENTED_EDGE ( 'NONE', *, *, #2032, .F. ) ;
#1099 =( NAMED_UNIT ( * ) PLANE_ANGLE_UNIT ( ) SI_UNIT ( $, .RADIAN. ) );
#1100 = ADVANCED_FACE ( 'NONE', ( #861 ), #1961, .T. ) ;
#1101 = CARTESIAN_POINT ( 'NONE',  ( 6.299999999999999822, 0.000000000000000000, -0.6999999999999998446 ) ) ;
#1102 = DIRECTION ( 'NONE',  ( 1.000000000000000000, -0.000000000000000000, -0.000000000000000000 ) ) ;
#1103 = AXIS2_PLACEMENT_3D ( 'NONE', #119, #1280, #744 ) ;
#1104 = VERTEX_POINT ( 'NONE', #1331 ) ;
#1105 = AXIS2_PLACEMENT_3D ( 'NONE', #1688, #1095, #718 ) ;
#1106 = UNCERTAINTY_MEASURE_WITH_UNIT (LENGTH_MEASURE( 1.000000000000000082E-05 ), #1384, 'distance_accuracy_value', 'NONE');
#1107 = AXIS2_PLACEMENT_3D ( 'NONE', #1186, #14, #808 ) ;
#1108 = CYLINDRICAL_SURFACE ( 'NONE', #128, 1.050000000000000044 ) ;
#1109 = ORIENTED_EDGE ( 'NONE', *, *, #305, .T. ) ;
#1110 = DIRECTION ( 'NONE',  ( 1.000000000000000000, -0.000000000000000000, -0.000000000000000000 ) ) ;
#1111 = EDGE_CURVE ( 'NONE', #482, #585, #2019, .T. ) ;
#1112 = EDGE_LOOP ( 'NONE', ( #1054, #687, #445, #271 ) ) ;
#1113 = CYLINDRICAL_SURFACE ( 'NONE', #627, 0.2750000000000000222 ) ;
#1114 = COLOUR_RGB ( '',0.8313725490196077761, 1.000000000000000000, 0.8666666666666666963 ) ;
#1115 = DIRECTION ( 'NONE',  ( -1.000000000000000000, 0.000000000000000000, 0.000000000000000000 ) ) ;
#1116 = CIRCLE ( 'NONE', #1816, 1.050000000000000044 ) ;
#1117 = ORIENTED_EDGE ( 'NONE', *, *, #719, .F. ) ;
#1118 = DIRECTION ( 'NONE',  ( 0.000000000000000000, 0.000000000000000000, -1.000000000000000000 ) ) ;
#1119 = PRESENTATION_LAYER_ASSIGNMENT (  '', '', ( #1894 ) ) ;
#1120 = CARTESIAN_POINT ( 'NONE',  ( 6.299999999999999822, 0.000000000000000000, 0.000000000000000000 ) ) ;
#1121 = SURFACE_STYLE_FILL_AREA ( #410 ) ;
#1122 = FILL_AREA_STYLE_COLOUR ( '', #883 ) ;
#1123 = DIRECTION ( 'NONE',  ( 0.000000000000000000, 0.000000000000000000, -1.000000000000000000 ) ) ;
#1124 = FILL_AREA_STYLE ('',( #1723 ) ) ;
#1125 = ORIENTED_EDGE ( 'NONE', *, *, #1033, .T. ) ;
#1126 = DIRECTION ( 'NONE',  ( 0.000000000000000000, 0.000000000000000000, 1.000000000000000000 ) ) ;
#1127 = EDGE_LOOP ( 'NONE', ( #1109, #757 ) ) ;
#1128 = DIRECTION ( 'NONE',  ( 0.000000000000000000, 0.000000000000000000, -1.000000000000000000 ) ) ;
#1129 = UNCERTAINTY_MEASURE_WITH_UNIT (LENGTH_MEASURE( 1.000000000000000082E-05 ), #367, 'distance_accuracy_value', 'NONE');
#1130 = SURFACE_STYLE_USAGE ( .BOTH. , #475 ) ;
#1131 = DIRECTION ( 'NONE',  ( 0.000000000000000000, 0.000000000000000000, -1.000000000000000000 ) ) ;
#1132 =( NAMED_UNIT ( * ) PLANE_ANGLE_UNIT ( ) SI_UNIT ( $, .RADIAN. ) );
#1133 = EDGE_LOOP ( 'NONE', ( #1117, #419, #1858, #1721 ) ) ;
#1134 = CARTESIAN_POINT ( 'NONE',  ( 6.299999999999999822, 0.000000000000000000, 0.000000000000000000 ) ) ;
#1135 = ORIENTED_EDGE ( 'NONE', *, *, #2044, .T. ) ;
#1136 = FILL_AREA_STYLE_COLOUR ( '', #1114 ) ;
#1137 = AXIS2_PLACEMENT_3D ( 'NONE', #334, #44, #643 ) ;
#1138 = CARTESIAN_POINT ( 'NONE',  ( 3.109297531231848932, 0.000000000000000000, 0.000000000000000000 ) ) ;
#1139 = AXIS2_PLACEMENT_3D ( 'NONE', #1310, #1260, #1439 ) ;
#1140 = EDGE_CURVE ( 'NONE', #39, #415, #424, .T. ) ;
#1141 = VERTEX_POINT ( 'NONE', #1488 ) ;
#1142 = CARTESIAN_POINT ( 'NONE',  ( 4.857071421427143321, 1.469576158976823553E-16, -1.199999999999999956 ) ) ;
#1143 = DIRECTION ( 'NONE',  ( 0.000000000000000000, 0.000000000000000000, -1.000000000000000000 ) ) ;
#1144 = LINE ( 'NONE', #501, #1580 ) ;
#1145 =( NAMED_UNIT ( * ) SI_UNIT ( $, .STERADIAN. ) SOLID_ANGLE_UNIT ( ) );
#1146 = STYLED_ITEM ( 'NONE', ( #1835 ), #1001 ) ;
#1147 = ORIENTED_EDGE ( 'NONE', *, *, #682, .T. ) ;
#1148 = AXIS2_PLACEMENT_3D ( 'NONE', #1564, #260, #577 ) ;
#1149 = DIRECTION ( 'NONE',  ( 1.000000000000000000, 0.000000000000000000, 0.000000000000000000 ) ) ;
#1150 = CARTESIAN_POINT ( 'NONE',  ( 0.000000000000000000, 0.000000000000000000, 0.000000000000000000 ) ) ;
#1151 = ORIENTED_EDGE ( 'NONE', *, *, #1394, .T. ) ;
#1152 = FILL_AREA_STYLE_COLOUR ( '', #289 ) ;
#1153 = STYLED_ITEM ( 'NONE', ( #574 ), #1658 ) ;
#1154 = ADVANCED_FACE ( 'NONE', ( #688 ), #365, .T. ) ;
#1155 =( GEOMETRIC_REPRESENTATION_CONTEXT ( 3 ) GLOBAL_UNCERTAINTY_ASSIGNED_CONTEXT ( ( #1528 ) ) GLOBAL_UNIT_ASSIGNED_CONTEXT ( ( #368, #42, #838 ) ) REPRESENTATION_CONTEXT ( 'NONE', 'WORKASPACE' ) );
#1156 = PRESENTATION_STYLE_ASSIGNMENT (( #321 ) ) ;
#1157 = CIRCLE ( 'NONE', #1053, 1.050000000000000044 ) ;
#1158 = ORIENTED_EDGE ( 'NONE', *, *, #930, .T. ) ;
#1159 =( NAMED_UNIT ( * ) SI_UNIT ( $, .STERADIAN. ) SOLID_ANGLE_UNIT ( ) );
#1160 =( NAMED_UNIT ( * ) SI_UNIT ( $, .STERADIAN. ) SOLID_ANGLE_UNIT ( ) );
#1161 = VERTEX_POINT ( 'NONE', #847 ) ;
#1162 =( LENGTH_UNIT ( ) NAMED_UNIT ( * ) SI_UNIT ( .MILLI., .METRE. ) );
#1163 = AXIS2_PLACEMENT_3D ( 'NONE', #1906, #821, #1485 ) ;
#1164 = DIRECTION ( 'NONE',  ( 0.000000000000000000, 0.000000000000000000, 1.000000000000000000 ) ) ;
#1165 = CYLINDRICAL_SURFACE ( 'NONE', #399, 1.050000000000000044 ) ;
#1166 = DIRECTION ( 'NONE',  ( 1.000000000000000000, 0.000000000000000000, 0.000000000000000000 ) ) ;
#1167 = DIRECTION ( 'NONE',  ( 1.000000000000000000, -0.000000000000000000, -0.000000000000000000 ) ) ;
#1168 = CARTESIAN_POINT ( 'NONE',  ( 6.299999999999999822, 1.285879139104720732E-16, 1.050000000000000044 ) ) ;
#1169 = VERTEX_POINT ( 'NONE', #1343 ) ;
#1170 = FILL_AREA_STYLE_COLOUR ( '', #1008 ) ;
#1171 = PRESENTATION_STYLE_ASSIGNMENT (( #657 ) ) ;
#1172 = AXIS2_PLACEMENT_3D ( 'NONE', #1461, #1115, #814 ) ;
#1173 = ORIENTED_EDGE ( 'NONE', *, *, #760, .F. ) ;
#1174 = SURFACE_STYLE_FILL_AREA ( #495 ) ;
#1175 = CARTESIAN_POINT ( 'NONE',  ( 9.770000000000001350, -1.000000000000001998, 0.000000000000000000 ) ) ;
#1176 = DIRECTION ( 'NONE',  ( 1.000000000000000000, -1.224646799147353454E-16, 0.000000000000000000 ) ) ;
#1177 = STYLED_ITEM ( 'NONE', ( #87 ), #402 ) ;
#1178 = COLOUR_RGB ( '',0.8313725490196077761, 1.000000000000000000, 0.8666666666666666963 ) ;
#1179 = MECHANICAL_DESIGN_GEOMETRIC_PRESENTATION_REPRESENTATION (  '', ( #613 ), #1065 ) ;
#1180 = AXIS2_PLACEMENT_3D ( 'NONE', #268, #582, #781 ) ;
#1181 = SURFACE_SIDE_STYLE ('',( #1649 ) ) ;
#1182 = EDGE_CURVE ( 'NONE', #531, #2038, #758, .T. ) ;
#1183 = ORIENTED_EDGE ( 'NONE', *, *, #1751, .F. ) ;
#1184 = LINE ( 'NONE', #697, #1760 ) ;
#1185 =( GEOMETRIC_REPRESENTATION_CONTEXT ( 3 ) GLOBAL_UNCERTAINTY_ASSIGNED_CONTEXT ( ( #1655 ) ) GLOBAL_UNIT_ASSIGNED_CONTEXT ( ( #995, #100, #86 ) ) REPRESENTATION_CONTEXT ( 'NONE', 'WORKASPACE' ) );
#1186 = CARTESIAN_POINT ( 'NONE',  ( 2.209297531231849021, 0.000000000000000000, 0.000000000000000000 ) ) ;
#1187 = MECHANICAL_DESIGN_GEOMETRIC_PRESENTATION_REPRESENTATION (  '', ( #105 ), #1498 ) ;
#1188 =( NAMED_UNIT ( * ) PLANE_ANGLE_UNIT ( ) SI_UNIT ( $, .RADIAN. ) );
#1189 = FILL_AREA_STYLE_COLOUR ( '', #361 ) ;
#1190 =( LENGTH_UNIT ( ) NAMED_UNIT ( * ) SI_UNIT ( .MILLI., .METRE. ) );
#1191 = MECHANICAL_DESIGN_GEOMETRIC_PRESENTATION_REPRESENTATION (  '', ( #1608 ), #763 ) ;
#1192 =( GEOMETRIC_REPRESENTATION_CONTEXT ( 3 ) GLOBAL_UNCERTAINTY_ASSIGNED_CONTEXT ( ( #1416 ) ) GLOBAL_UNIT_ASSIGNED_CONTEXT ( ( #480, #181, #1879 ) ) REPRESENTATION_CONTEXT ( 'NONE', 'WORKASPACE' ) );
#1193 = CYLINDRICAL_SURFACE ( 'NONE', #1784, 1.050000000000000044 ) ;
#1194 = MECHANICAL_DESIGN_GEOMETRIC_PRESENTATION_REPRESENTATION (  '', ( #665 ), #255 ) ;
#1195 = EDGE_LOOP ( 'NONE', ( #1869, #1455, #1644, #182 ) ) ;
#1196 = PRESENTATION_LAYER_ASSIGNMENT (  '', '', ( #325 ) ) ;
#1197 = DIRECTION ( 'NONE',  ( 0.000000000000000000, 0.000000000000000000, -1.000000000000000000 ) ) ;
#1198 = CARTESIAN_POINT ( 'NONE',  ( 6.299999999999999822, 0.000000000000000000, -1.050000000000000044 ) ) ;
#1199 = ADVANCED_FACE ( 'NONE', ( #1513 ), #96, .T. ) ;
#1200 = ORIENTED_EDGE ( 'NONE', *, *, #1244, .T. ) ;
#1201 = SURFACE_STYLE_USAGE ( .BOTH. , #1665 ) ;
#1202 = SURFACE_STYLE_USAGE ( .BOTH. , #231 ) ;
#1203 = MECHANICAL_DESIGN_GEOMETRIC_PRESENTATION_REPRESENTATION (  '', ( #18 ), #1865 ) ;
#1204 = DIRECTION ( 'NONE',  ( -1.000000000000000000, -0.000000000000000000, -0.000000000000000000 ) ) ;
#1205 = SURFACE_STYLE_USAGE ( .BOTH. , #79 ) ;
#1206 = EDGE_LOOP ( 'NONE', ( #117, #1200, #1973, #2002 ) ) ;
#1207 = SURFACE_SIDE_STYLE ('',( #1512 ) ) ;
#1208 = ORIENTED_EDGE ( 'NONE', *, *, #1638, .T. ) ;
#1209 = DIRECTION ( 'NONE',  ( 0.000000000000000000, 0.000000000000000000, -1.000000000000000000 ) ) ;
#1210 = SURFACE_STYLE_FILL_AREA ( #1489 ) ;
#1211 = ADVANCED_FACE ( 'NONE', ( #910 ), #900, .F. ) ;
#1212 = CARTESIAN_POINT ( 'NONE',  ( 10.49500000000000277, -1.000000000000001776, 3.367778697655231119E-17 ) ) ;
#1213 = VECTOR ( 'NONE', #1555, 1000.000000000000000 ) ;
#1214 =( GEOMETRIC_REPRESENTATION_CONTEXT ( 3 ) GLOBAL_UNCERTAINTY_ASSIGNED_CONTEXT ( ( #1553 ) ) GLOBAL_UNIT_ASSIGNED_CONTEXT ( ( #425, #1093, #916 ) ) REPRESENTATION_CONTEXT ( 'NONE', 'WORKASPACE' ) );
#1215 = LINE ( 'NONE', #1168, #1613 ) ;
#1216 = ORIENTED_EDGE ( 'NONE', *, *, #1714, .T. ) ;
#1217 = SURFACE_STYLE_USAGE ( .BOTH. , #82 ) ;
#1218 = COLOUR_RGB ( '',1.000000000000000000, 0.000000000000000000, 0.000000000000000000 ) ;
#1219 = LINE ( 'NONE', #1667, #12 ) ;
#1220 = UNCERTAINTY_MEASURE_WITH_UNIT (LENGTH_MEASURE( 1.000000000000000082E-05 ), #1962, 'distance_accuracy_value', 'NONE');
#1221 = AXIS2_PLACEMENT_3D ( 'NONE', #1359, #212, #1815 ) ;
#1222 = DIRECTION ( 'NONE',  ( 1.000000000000000000, -0.000000000000000000, -0.000000000000000000 ) ) ;
#1223 = AXIS2_PLACEMENT_3D ( 'NONE', #807, #646, #506 ) ;
#1224 = EDGE_CURVE ( 'NONE', #887, #754, #500, .T. ) ;
#1225 =( LENGTH_UNIT ( ) NAMED_UNIT ( * ) SI_UNIT ( .MILLI., .METRE. ) );
#1226 = VECTOR ( 'NONE', #1338, 1000.000000000000000 ) ;
#1227 = MECHANICAL_DESIGN_GEOMETRIC_PRESENTATION_REPRESENTATION (  '', ( #1853 ), #1294 ) ;
#1228 = AXIS2_PLACEMENT_3D ( 'NONE', #179, #340, #1484 ) ;
#1229 = TOROIDAL_SURFACE ( 'NONE', #1731, 1.349999999998701572, 0.2999999999999999889 ) ;
#1230 = PRESENTATION_STYLE_ASSIGNMENT (( #298 ) ) ;
#1231 = ADVANCED_FACE ( 'NONE', ( #598 ), #1720, .T. ) ;
#1232 = DIRECTION ( 'NONE',  ( 0.000000000000000000, 0.000000000000000000, 1.000000000000000000 ) ) ;
#1233 =( NAMED_UNIT ( * ) PLANE_ANGLE_UNIT ( ) SI_UNIT ( $, .RADIAN. ) );
#1234 = SURFACE_STYLE_FILL_AREA ( #716 ) ;
#1235 = DIRECTION ( 'NONE',  ( 0.000000000000000000, 0.000000000000000000, -1.000000000000000000 ) ) ;
#1236 = FACE_OUTER_BOUND ( 'NONE', #761, .T. ) ;
#1237 = UNCERTAINTY_MEASURE_WITH_UNIT (LENGTH_MEASURE( 1.000000000000000082E-05 ), #1376, 'distance_accuracy_value', 'NONE');
#1238 = CIRCLE ( 'NONE', #1361, 1.199999999999999956 ) ;
#1239 = COLOUR_RGB ( '',0.8313725490196077761, 1.000000000000000000, 0.8666666666666666963 ) ;
#1240 = TOROIDAL_SURFACE ( 'NONE', #274, 0.6999999999999998446, 0.5000000000000000000 ) ;
#1241 = DIRECTION ( 'NONE',  ( 0.000000000000000000, 0.000000000000000000, -1.000000000000000000 ) ) ;
#1242 = COLOUR_RGB ( '',0.9098039215686274384, 0.4431372549019607643, 0.03137254901960784270 ) ;
#1243 = SURFACE_SIDE_STYLE ('',( #1718 ) ) ;
#1244 = EDGE_CURVE ( 'NONE', #1104, #1523, #1047, .T. ) ;
#1245 = ORIENTED_EDGE ( 'NONE', *, *, #1625, .F. ) ;
#1246 = CIRCLE ( 'NONE', #311, 0.5000000000000000000 ) ;
#1247 =( NAMED_UNIT ( * ) PLANE_ANGLE_UNIT ( ) SI_UNIT ( $, .RADIAN. ) );
#1248 = ORIENTED_EDGE ( 'NONE', *, *, #180, .T. ) ;
#1249 = LINE ( 'NONE', #1866, #685 ) ;
#1250 = CIRCLE ( 'NONE', #586, 1.050000000000000044 ) ;
#1251 = PRESENTATION_LAYER_ASSIGNMENT (  '', '', ( #80 ) ) ;
#1252 = CARTESIAN_POINT ( 'NONE',  ( 6.299999999999999822, 1.285879139104720732E-16, 1.050000000000000044 ) ) ;
#1253 = STYLED_ITEM ( 'NONE', ( #611 ), #1901 ) ;
#1254 = ORIENTED_EDGE ( 'NONE', *, *, #1414, .F. ) ;
#1255 = EDGE_CURVE ( 'NONE', #698, #494, #1851, .T. ) ;
#1256 = AXIS2_PLACEMENT_3D ( 'NONE', #1632, #1458, #1466 ) ;
#1257 = UNCERTAINTY_MEASURE_WITH_UNIT (LENGTH_MEASURE( 1.000000000000000082E-05 ), #1004, 'distance_accuracy_value', 'NONE');
#1258 = CARTESIAN_POINT ( 'NONE',  ( 1.442928578572856724, 0.000000000000000000, 0.000000000000000000 ) ) ;
#1259 = CARTESIAN_POINT ( 'NONE',  ( 1.909297531231847422, 0.000000000000000000, -1.050000000000000044 ) ) ;
#1260 = DIRECTION ( 'NONE',  ( 1.000000000000000000, -0.000000000000000000, -0.000000000000000000 ) ) ;
#1261 = CARTESIAN_POINT ( 'NONE',  ( 9.770000000000001350, -1.000000000000001998, 3.367778697655221258E-17 ) ) ;
#1262 = ORIENTED_EDGE ( 'NONE', *, *, #276, .T. ) ;
#1263 = FACE_OUTER_BOUND ( 'NONE', #409, .T. ) ;
#1264 = EDGE_LOOP ( 'NONE', ( #878, #1151, #1208, #157 ) ) ;
#1265 = ORIENTED_EDGE ( 'NONE', *, *, #510, .F. ) ;
#1266 = PRESENTATION_STYLE_ASSIGNMENT (( #588 ) ) ;
#1267 = SURFACE_STYLE_USAGE ( .BOTH. , #284 ) ;
#1268 = ORIENTED_EDGE ( 'NONE', *, *, #1558, .F. ) ;
#1269 =( LENGTH_UNIT ( ) NAMED_UNIT ( * ) SI_UNIT ( .MILLI., .METRE. ) );
#1270 = EDGE_CURVE ( 'NONE', #1460, #1423, #1078, .T. ) ;
#1271 = DIRECTION ( 'NONE',  ( 1.000000000000000000, 0.000000000000000000, 0.000000000000000000 ) ) ;
#1272 = CARTESIAN_POINT ( 'NONE',  ( 4.565590826015855974, 1.412170840265797980E-16, -1.106249999998377698 ) ) ;
#1273 = TOROIDAL_SURFACE ( 'NONE', #849, 0.6999999999999998446, 0.5000000000000000000 ) ;
#1274 = CARTESIAN_POINT ( 'NONE',  ( 5.799999999999999822, 0.000000000000000000, -0.6999999999999998446 ) ) ;
#1275 = ORIENTED_EDGE ( 'NONE', *, *, #292, .F. ) ;
#1276 = SURFACE_SIDE_STYLE ('',( #751 ) ) ;
#1277 = UNCERTAINTY_MEASURE_WITH_UNIT (LENGTH_MEASURE( 1.000000000000000082E-05 ), #2016, 'distance_accuracy_value', 'NONE');
#1278 = EDGE_LOOP ( 'NONE', ( #534, #135, #1158, #1321 ) ) ;
#1279 = EDGE_LOOP ( 'NONE', ( #1421, #1433, #707, #1787 ) ) ;
#1280 = DIRECTION ( 'NONE',  ( 1.000000000000000000, 0.000000000000000000, 0.000000000000000000 ) ) ;
#1281 = CARTESIAN_POINT ( 'NONE',  ( -3.367778697655221874E-17, 0.2750000000000000222, 3.367778697655221258E-17 ) ) ;
#1282 = ORIENTED_EDGE ( 'NONE', *, *, #1048, .F. ) ;
#1283 = AXIS2_PLACEMENT_3D ( 'NONE', #359, #870, #686 ) ;
#1284 = CARTESIAN_POINT ( 'NONE',  ( 0.000000000000000000, 0.000000000000000000, 0.000000000000000000 ) ) ;
#1285 = CIRCLE ( 'NONE', #393, 0.2750000000000000222 ) ;
#1286 = EDGE_LOOP ( 'NONE', ( #326, #450 ) ) ;
#1287 = AXIS2_PLACEMENT_3D ( 'NONE', #1796, #1801, #673 ) ;
#1288 = FILL_AREA_STYLE_COLOUR ( '', #1464 ) ;
#1289 = AXIS2_PLACEMENT_3D ( 'NONE', #209, #843, #17 ) ;
#1290 = STYLED_ITEM ( 'NONE', ( #1515 ), #2030 ) ;
#1291 = LINE ( 'NONE', #603, #487 ) ;
#1292 = SURFACE_STYLE_USAGE ( .BOTH. , #629 ) ;
#1293 = ORIENTED_EDGE ( 'NONE', *, *, #1492, .F. ) ;
#1294 =( GEOMETRIC_REPRESENTATION_CONTEXT ( 3 ) GLOBAL_UNCERTAINTY_ASSIGNED_CONTEXT ( ( #1897 ) ) GLOBAL_UNIT_ASSIGNED_CONTEXT ( ( #1618, #341, #986 ) ) REPRESENTATION_CONTEXT ( 'NONE', 'WORKASPACE' ) );
#1295 = ORIENTED_EDGE ( 'NONE', *, *, #1933, .F. ) ;
#1296 = CARTESIAN_POINT ( 'NONE',  ( 6.299999999999999822, 0.000000000000000000, 0.000000000000000000 ) ) ;
#1297 = DIRECTION ( 'NONE',  ( 1.224646799147353207E-16, -1.000000000000000000, 0.000000000000000000 ) ) ;
#1298 = CARTESIAN_POINT ( 'NONE',  ( -3.470000000000001084, -1.000000000000001998, 0.000000000000000000 ) ) ;
#1299 = DIRECTION ( 'NONE',  ( 1.000000000000000000, -0.000000000000000000, -0.000000000000000000 ) ) ;
#1300 = ORIENTED_EDGE ( 'NONE', *, *, #1111, .F. ) ;
#1301 = SURFACE_STYLE_USAGE ( .BOTH. , #642 ) ;
#1302 = ORIENTED_EDGE ( 'NONE', *, *, #37, .T. ) ;
#1303 = CIRCLE ( 'NONE', #1516, 1.199999999999999956 ) ;
#1304 = EDGE_CURVE ( 'NONE', #1161, #293, #1692, .T. ) ;
#1305 =( NAMED_UNIT ( * ) SI_UNIT ( $, .STERADIAN. ) SOLID_ANGLE_UNIT ( ) );
#1306 =( GEOMETRIC_REPRESENTATION_CONTEXT ( 3 ) GLOBAL_UNCERTAINTY_ASSIGNED_CONTEXT ( ( #774 ) ) GLOBAL_UNIT_ASSIGNED_CONTEXT ( ( #1871, #1247, #924 ) ) REPRESENTATION_CONTEXT ( 'NONE', 'WORKASPACE' ) );
#1307 =( NAMED_UNIT ( * ) SI_UNIT ( $, .STERADIAN. ) SOLID_ANGLE_UNIT ( ) );
#1308 = FILL_AREA_STYLE ('',( #1189 ) ) ;
#1309 = AXIS2_PLACEMENT_3D ( 'NONE', #1138, #1904, #1946 ) ;
#1310 = CARTESIAN_POINT ( 'NONE',  ( 6.299999999999999822, 0.000000000000000000, 0.000000000000000000 ) ) ;
#1311 = MECHANICAL_DESIGN_GEOMETRIC_PRESENTATION_REPRESENTATION (  '', ( #1661 ), #756 ) ;
#1312 = SURFACE_SIDE_STYLE ('',( #324 ) ) ;
#1313 =( GEOMETRIC_REPRESENTATION_CONTEXT ( 3 ) GLOBAL_UNCERTAINTY_ASSIGNED_CONTEXT ( ( #1353 ) ) GLOBAL_UNIT_ASSIGNED_CONTEXT ( ( #1162, #667, #705 ) ) REPRESENTATION_CONTEXT ( 'NONE', 'WORKASPACE' ) );
#1314 =( LENGTH_UNIT ( ) NAMED_UNIT ( * ) SI_UNIT ( .MILLI., .METRE. ) );
#1315 = EDGE_CURVE ( 'NONE', #2045, #1169, #1456, .T. ) ;
#1316 = CARTESIAN_POINT ( 'NONE',  ( 1.734409173984143848, 0.000000000000000000, 0.000000000000000000 ) ) ;
#1317 = MECHANICAL_DESIGN_GEOMETRIC_PRESENTATION_REPRESENTATION (  '', ( #80 ), #1476 ) ;
#1318 = AXIS2_PLACEMENT_3D ( 'NONE', #1755, #1617, #1768 ) ;
#1319 = SURFACE_STYLE_FILL_AREA ( #19 ) ;
#1320 =( GEOMETRIC_REPRESENTATION_CONTEXT ( 3 ) GLOBAL_UNCERTAINTY_ASSIGNED_CONTEXT ( ( #732 ) ) GLOBAL_UNIT_ASSIGNED_CONTEXT ( ( #339, #639, #811 ) ) REPRESENTATION_CONTEXT ( 'NONE', 'WORKASPACE' ) );
#1321 = ORIENTED_EDGE ( 'NONE', *, *, #1514, .F. ) ;
#1322 = FILL_AREA_STYLE_COLOUR ( '', #1045 ) ;
#1323 = AXIS2_PLACEMENT_3D ( 'NONE', #352, #54, #1745 ) ;
#1324 = ORIENTED_EDGE ( 'NONE', *, *, #234, .T. ) ;
#1325 = DIRECTION ( 'NONE',  ( 0.000000000000000000, 0.000000000000000000, 1.000000000000000000 ) ) ;
#1326 = FILL_AREA_STYLE_COLOUR ( '', #1375 ) ;
#1327 = DIRECTION ( 'NONE',  ( 0.000000000000000000, 0.000000000000000000, -1.000000000000000000 ) ) ;
#1328 = EDGE_CURVE ( 'NONE', #1890, #797, #1914, .T. ) ;
#1329 = FACE_OUTER_BOUND ( 'NONE', #285, .T. ) ;
#1330 = DIRECTION ( 'NONE',  ( 1.000000000000000000, -0.000000000000000000, -0.000000000000000000 ) ) ;
#1331 = CARTESIAN_POINT ( 'NONE',  ( 4.090702468768153466, 1.285879139104720732E-16, 1.050000000000000044 ) ) ;
#1332 = FILL_AREA_STYLE ('',( #1326 ) ) ;
#1333 = FILL_AREA_STYLE ('',( #172 ) ) ;
#1334 = LINE ( 'NONE', #663, #845 ) ;
#1335 = CIRCLE ( 'NONE', #1309, 1.050000000000000044 ) ;
#1336 =( GEOMETRIC_REPRESENTATION_CONTEXT ( 3 ) GLOBAL_UNCERTAINTY_ASSIGNED_CONTEXT ( ( #1732 ) ) GLOBAL_UNIT_ASSIGNED_CONTEXT ( ( #132, #2046, #1570 ) ) REPRESENTATION_CONTEXT ( 'NONE', 'WORKASPACE' ) );
#1337 = ADVANCED_FACE ( 'NONE', ( #158 ), #724, .T. ) ;
#1338 = DIRECTION ( 'NONE',  ( -1.000000000000000000, -0.000000000000000000, -0.000000000000000000 ) ) ;
#1339 = DIRECTION ( 'NONE',  ( -5.100766768294538872E-17, 1.000000000000000000, 0.000000000000000000 ) ) ;
#1340 = COLOUR_RGB ( '',0.6470588235294117974, 0.6196078431372549211, 0.5882352941176470784 ) ;
#1341 = FACE_OUTER_BOUND ( 'NONE', #520, .T. ) ;
#1342 = AXIS2_PLACEMENT_3D ( 'NONE', #1989, #532, #1352 ) ;
#1343 = CARTESIAN_POINT ( 'NONE',  ( 1.959297531231849021, 1.285879139104720732E-16, 1.050000000000000044 ) ) ;
#1344 = AXIS2_PLACEMENT_3D ( 'NONE', #1741, #1481, #1348 ) ;
#1345 = COLOUR_RGB ( '',0.000000000000000000, 0.7529411764705882248, 0.000000000000000000 ) ;
#1346 = AXIS2_PLACEMENT_3D ( 'NONE', #875, #1520, #942 ) ;
#1347 = FILL_AREA_STYLE_COLOUR ( '', #696 ) ;
#1348 = DIRECTION ( 'NONE',  ( 0.000000000000000000, 0.000000000000000000, -1.000000000000000000 ) ) ;
#1349 = EDGE_CURVE ( 'NONE', #1890, #426, #465, .T. ) ;
#1350 = ORIENTED_EDGE ( 'NONE', *, *, #360, .T. ) ;
#1351 = ORIENTED_EDGE ( 'NONE', *, *, #2044, .F. ) ;
#1352 = DIRECTION ( 'NONE',  ( 0.000000000000000000, 0.000000000000000000, -1.000000000000000000 ) ) ;
#1353 = UNCERTAINTY_MEASURE_WITH_UNIT (LENGTH_MEASURE( 1.000000000000000082E-05 ), #1162, 'distance_accuracy_value', 'NONE');
#1354 =( NAMED_UNIT ( * ) PLANE_ANGLE_UNIT ( ) SI_UNIT ( $, .RADIAN. ) );
#1355 = FILL_AREA_STYLE ('',( #1347 ) ) ;
#1356 = DIRECTION ( 'NONE',  ( 1.000000000000000000, 0.000000000000000000, 0.000000000000000000 ) ) ;
#1357 = ORIENTED_EDGE ( 'NONE', *, *, #111, .F. ) ;
#1358 = ADVANCED_FACE ( 'NONE', ( #1622 ), #524, .T. ) ;
#1359 = CARTESIAN_POINT ( 'NONE',  ( -4.470000000000002416, -1.000000000000001776, 0.000000000000000000 ) ) ;
#1360 = PRESENTATION_STYLE_ASSIGNMENT (( #1970 ) ) ;
#1361 = AXIS2_PLACEMENT_3D ( 'NONE', #1609, #1910, #1583 ) ;
#1362 = SURFACE_STYLE_USAGE ( .BOTH. , #223 ) ;
#1363 = AXIS2_PLACEMENT_3D ( 'NONE', #1969, #1832, #1015 ) ;
#1364 = CARTESIAN_POINT ( 'NONE',  ( -4.470000000000001528, -6.000000000000001776, 0.000000000000000000 ) ) ;
#1365 = ORIENTED_EDGE ( 'NONE', *, *, #213, .T. ) ;
#1366 =( NAMED_UNIT ( * ) PLANE_ANGLE_UNIT ( ) SI_UNIT ( $, .RADIAN. ) );
#1367 = SURFACE_STYLE_FILL_AREA ( #1824 ) ;
#1368 = VECTOR ( 'NONE', #272, 1000.000000000000000 ) ;
#1369 = PRESENTATION_STYLE_ASSIGNMENT (( #1202 ) ) ;
#1370 = AXIS2_PLACEMENT_3D ( 'NONE', #1666, #58, #701 ) ;
#1371 = PRESENTATION_STYLE_ASSIGNMENT (( #1031 ) ) ;
#1372 = VECTOR ( 'NONE', #1798, 1000.000000000000000 ) ;
#1373 = EDGE_CURVE ( 'NONE', #954, #566, #392, .T. ) ;
#1374 = AXIS2_PLACEMENT_3D ( 'NONE', #1060, #1677, #1232 ) ;
#1375 = COLOUR_RGB ( '',0.8313725490196077761, 1.000000000000000000, 0.8666666666666666963 ) ;
#1376 =( LENGTH_UNIT ( ) NAMED_UNIT ( * ) SI_UNIT ( .MILLI., .METRE. ) );
#1377 = MECHANICAL_DESIGN_GEOMETRIC_PRESENTATION_REPRESENTATION (  '', ( #1290 ), #839 ) ;
#1378 = CARTESIAN_POINT ( 'NONE',  ( 2.859297531231848932, 1.285879139104720732E-16, 1.050000000000000044 ) ) ;
#1379 = SURFACE_STYLE_USAGE ( .BOTH. , #559 ) ;
#1380 = SURFACE_SIDE_STYLE ('',( #256 ) ) ;
#1381 = DIRECTION ( 'NONE',  ( 1.000000000000000000, -0.000000000000000000, -0.000000000000000000 ) ) ;
#1382 = EDGE_CURVE ( 'NONE', #494, #698, #835, .T. ) ;
#1383 = DIRECTION ( 'NONE',  ( -1.000000000000000000, -0.000000000000000000, -0.000000000000000000 ) ) ;
#1384 =( LENGTH_UNIT ( ) NAMED_UNIT ( * ) SI_UNIT ( .MILLI., .METRE. ) );
#1385 = EDGE_LOOP ( 'NONE', ( #610, #1744, #645, #1550 ) ) ;
#1386 = SURFACE_STYLE_FILL_AREA ( #1984 ) ;
#1387 = ORIENTED_EDGE ( 'NONE', *, *, #1606, .F. ) ;
#1388 =( NAMED_UNIT ( * ) SI_UNIT ( $, .STERADIAN. ) SOLID_ANGLE_UNIT ( ) );
#1389 = PRESENTATION_STYLE_ASSIGNMENT (( #1702 ) ) ;
#1390 = CARTESIAN_POINT ( 'NONE',  ( 0.5000000000000004441, 0.000000000000000000, 0.000000000000000000 ) ) ;
#1391 = DIRECTION ( 'NONE',  ( -1.734723475976807587E-16, -1.000000000000000000, 0.000000000000000000 ) ) ;
#1392 = CIRCLE ( 'NONE', #882, 1.050000000000000044 ) ;
#1393 = AXIS2_PLACEMENT_3D ( 'NONE', #1709, #600, #1848 ) ;
#1394 = EDGE_CURVE ( 'NONE', #1566, #426, #1487, .T. ) ;
#1395 =( GEOMETRIC_REPRESENTATION_CONTEXT ( 3 ) GLOBAL_UNCERTAINTY_ASSIGNED_CONTEXT ( ( #948 ) ) GLOBAL_UNIT_ASSIGNED_CONTEXT ( ( #1706, #1998, #740 ) ) REPRESENTATION_CONTEXT ( 'NONE', 'WORKASPACE' ) );
#1396 = MECHANICAL_DESIGN_GEOMETRIC_PRESENTATION_REPRESENTATION (  '', ( #1491 ), #1561 ) ;
#1397 = SURFACE_STYLE_USAGE ( .BOTH. , #240 ) ;
#1398 = EDGE_CURVE ( 'NONE', #1169, #148, #173, .T. ) ;
#1399 = PRESENTATION_STYLE_ASSIGNMENT (( #1700 ) ) ;
#1400 = PLANE ( 'NONE',  #923 ) ;
#1401 = ORIENTED_EDGE ( 'NONE', *, *, #1349, .F. ) ;
#1402 = LINE ( 'NONE', #454, #462 ) ;
#1403 = FILL_AREA_STYLE ('',( #1122 ) ) ;
#1404 = AXIS2_PLACEMENT_3D ( 'NONE', #1674, #1041, #1020 ) ;
#1405 = CARTESIAN_POINT ( 'NONE',  ( 5.799999999999999822, 0.000000000000000000, 0.000000000000000000 ) ) ;
#1406 = PRESENTATION_LAYER_ASSIGNMENT (  '', '', ( #1608 ) ) ;
#1407 = ORIENTED_EDGE ( 'NONE', *, *, #1088, .T. ) ;
#1408 = DIRECTION ( 'NONE',  ( 0.000000000000000000, 0.000000000000000000, -1.000000000000000000 ) ) ;
#1409 = CARTESIAN_POINT ( 'NONE',  ( 4.390702468768152400, 1.285879139104720732E-16, 1.050000000000000044 ) ) ;
#1410 = MECHANICAL_DESIGN_GEOMETRIC_PRESENTATION_REPRESENTATION (  '', ( #1764 ), #1155 ) ;
#1411 = ORIENTED_EDGE ( 'NONE', *, *, #134, .F. ) ;
#1412 = CYLINDRICAL_SURFACE ( 'NONE', #1139, 1.050000000000000044 ) ;
#1413 = DIRECTION ( 'NONE',  ( -5.100766768294538872E-17, 1.000000000000000000, 0.000000000000000000 ) ) ;
#1414 = EDGE_CURVE ( 'NONE', #1566, #505, #1250, .T. ) ;
#1415 = AXIS2_PLACEMENT_3D ( 'NONE', #834, #53, #1327 ) ;
#1416 = UNCERTAINTY_MEASURE_WITH_UNIT (LENGTH_MEASURE( 1.000000000000000082E-05 ), #480, 'distance_accuracy_value', 'NONE');
#1417 = SURFACE_STYLE_FILL_AREA ( #433 ) ;
#1418 = ORIENTED_EDGE ( 'NONE', *, *, #547, .F. ) ;
#1419 = FACE_OUTER_BOUND ( 'NONE', #1593, .T. ) ;
#1420 = DIRECTION ( 'NONE',  ( 0.000000000000000000, 0.000000000000000000, -1.000000000000000000 ) ) ;
#1421 = ORIENTED_EDGE ( 'NONE', *, *, #332, .F. ) ;
#1422 = DIRECTION ( 'NONE',  ( 0.000000000000000000, 0.000000000000000000, -1.000000000000000000 ) ) ;
#1423 = VERTEX_POINT ( 'NONE', #518 ) ;
#1424 = FILL_AREA_STYLE_COLOUR ( '', #1847 ) ;
#1425 = PRESENTATION_STYLE_ASSIGNMENT (( #1130 ) ) ;
#1426 = EDGE_CURVE ( 'NONE', #482, #854, #1184, .T. ) ;
#1427 = ORIENTED_EDGE ( 'NONE', *, *, #850, .T. ) ;
#1428 = DIRECTION ( 'NONE',  ( 1.000000000000000000, -1.224646799147353454E-16, 0.000000000000000000 ) ) ;
#1429 = FACE_OUTER_BOUND ( 'NONE', #15, .T. ) ;
#1430 = SURFACE_SIDE_STYLE ('',( #2011 ) ) ;
#1431 = FACE_OUTER_BOUND ( 'NONE', #1729, .T. ) ;
#1432 = AXIS2_PLACEMENT_3D ( 'NONE', #1258, #623, #1118 ) ;
#1433 = ORIENTED_EDGE ( 'NONE', *, *, #1503, .F. ) ;
#1434 = AXIS2_PLACEMENT_3D ( 'NONE', #507, #1629, #193 ) ;
#1435 = SURFACE_SIDE_STYLE ('',( #656 ) ) ;
#1436 = UNCERTAINTY_MEASURE_WITH_UNIT (LENGTH_MEASURE( 1.000000000000000082E-05 ), #1862, 'distance_accuracy_value', 'NONE');
#1437 = COLOUR_RGB ( '',0.8313725490196077761, 1.000000000000000000, 0.8666666666666666963 ) ;
#1438 = EDGE_LOOP ( 'NONE', ( #816, #1265, #241, #517 ) ) ;
#1439 = DIRECTION ( 'NONE',  ( 0.000000000000000000, 0.000000000000000000, -1.000000000000000000 ) ) ;
#1440 = CARTESIAN_POINT ( 'NONE',  ( 6.299999999999999822, 1.285879139104720732E-16, 1.050000000000000044 ) ) ;
#1441 = STYLED_ITEM ( 'NONE', ( #669 ), #1030 ) ;
#1442 = EDGE_CURVE ( 'NONE', #2007, #579, #1885, .T. ) ;
#1443 = PRESENTATION_LAYER_ASSIGNMENT (  '', '', ( #105 ) ) ;
#1444 = EDGE_LOOP ( 'NONE', ( #782, #69, #176, #1878 ) ) ;
#1445 = AXIS2_PLACEMENT_3D ( 'NONE', #1296, #1937, #798 ) ;
#1446 = FILL_AREA_STYLE ('',( #291 ) ) ;
#1447 = CIRCLE ( 'NONE', #1500, 1.050000000000000044 ) ;
#1448 = PRESENTATION_STYLE_ASSIGNMENT (( #620 ) ) ;
#1449 = CIRCLE ( 'NONE', #435, 0.2750000000000000222 ) ;
#1450 = SURFACE_STYLE_FILL_AREA ( #316 ) ;
#1451 =( NAMED_UNIT ( * ) SI_UNIT ( $, .STERADIAN. ) SOLID_ANGLE_UNIT ( ) );
#1452 = SURFACE_SIDE_STYLE ('',( #1319 ) ) ;
#1453 = EDGE_CURVE ( 'NONE', #459, #505, #528, .T. ) ;
#1454 = DIRECTION ( 'NONE',  ( 0.000000000000000000, 0.000000000000000000, -1.000000000000000000 ) ) ;
#1455 = ORIENTED_EDGE ( 'NONE', *, *, #719, .T. ) ;
#1456 = LINE ( 'NONE', #957, #226 ) ;
#1457 = CARTESIAN_POINT ( 'NONE',  ( 1.734409173984143848, 0.000000000000000000, -1.106249999998377032 ) ) ;
#1458 = DIRECTION ( 'NONE',  ( 0.000000000000000000, 0.000000000000000000, 1.000000000000000000 ) ) ;
#1459 = DIRECTION ( 'NONE',  ( 0.000000000000000000, 1.000000000000000000, 0.000000000000000000 ) ) ;
#1460 = VERTEX_POINT ( 'NONE', #67 ) ;
#1461 = CARTESIAN_POINT ( 'NONE',  ( 4.857071421427143321, 0.000000000000000000, 0.000000000000000000 ) ) ;
#1462 = FACE_OUTER_BOUND ( 'NONE', #597, .T. ) ;
#1463 = SURFACE_STYLE_FILL_AREA ( #183 ) ;
#1464 = COLOUR_RGB ( '',0.8313725490196077761, 1.000000000000000000, 0.8666666666666666963 ) ;
#1465 = CARTESIAN_POINT ( 'NONE',  ( 1.442928578572856724, 1.469576158976823553E-16, -1.199999999999999956 ) ) ;
#1466 = DIRECTION ( 'NONE',  ( 1.000000000000000000, 0.000000000000000000, 0.000000000000000000 ) ) ;
#1467 = FACE_OUTER_BOUND ( 'NONE', #312, .T. ) ;
#1468 = PRESENTATION_LAYER_ASSIGNMENT (  '', '', ( #856 ) ) ;
#1469 = CARTESIAN_POINT ( 'NONE',  ( 6.299999999999999822, 0.000000000000000000, -1.050000000000000044 ) ) ;
#1470 = COLOUR_RGB ( '',0.8313725490196077761, 1.000000000000000000, 0.8666666666666666963 ) ;
#1471 = PRESENTATION_LAYER_ASSIGNMENT (  '', '', ( #199 ) ) ;
#1472 = CIRCLE ( 'NONE', #43, 1.050000000000000044 ) ;
#1473 = EDGE_CURVE ( 'NONE', #293, #1161, #107, .T. ) ;
#1474 = DIRECTION ( 'NONE',  ( 1.000000000000000000, -0.000000000000000000, -0.000000000000000000 ) ) ;
#1475 = CARTESIAN_POINT ( 'NONE',  ( 6.299999999999999822, 0.000000000000000000, 0.000000000000000000 ) ) ;
#1476 =( GEOMETRIC_REPRESENTATION_CONTEXT ( 3 ) GLOBAL_UNCERTAINTY_ASSIGNED_CONTEXT ( ( #85 ) ) GLOBAL_UNIT_ASSIGNED_CONTEXT ( ( #1909, #489, #783 ) ) REPRESENTATION_CONTEXT ( 'NONE', 'WORKASPACE' ) );
#1477 =( NAMED_UNIT ( * ) PLANE_ANGLE_UNIT ( ) SI_UNIT ( $, .RADIAN. ) );
#1478 =( GEOMETRIC_REPRESENTATION_CONTEXT ( 3 ) GLOBAL_UNCERTAINTY_ASSIGNED_CONTEXT ( ( #1042 ) ) GLOBAL_UNIT_ASSIGNED_CONTEXT ( ( #819, #331, #1451 ) ) REPRESENTATION_CONTEXT ( 'NONE', 'WORKASPACE' ) );
#1479 = AXIS2_PLACEMENT_3D ( 'NONE', #889, #1527, #474 ) ;
#1480 = ORIENTED_EDGE ( 'NONE', *, *, #1018, .F. ) ;
#1481 = DIRECTION ( 'NONE',  ( -0.000000000000000000, -1.000000000000000000, -0.000000000000000000 ) ) ;
#1482 =( NAMED_UNIT ( * ) SI_UNIT ( $, .STERADIAN. ) SOLID_ANGLE_UNIT ( ) );
#1483 = CYLINDRICAL_SURFACE ( 'NONE', #978, 0.2750000000000000222 ) ;
#1484 = DIRECTION ( 'NONE',  ( 0.000000000000000000, 0.000000000000000000, -1.000000000000000000 ) ) ;
#1485 = DIRECTION ( 'NONE',  ( 0.000000000000000000, 1.224646799147353207E-16, 1.000000000000000000 ) ) ;
#1486 = LINE ( 'NONE', #64, #397 ) ;
#1487 = LINE ( 'NONE', #675, #320 ) ;
#1488 = CARTESIAN_POINT ( 'NONE',  ( -4.745000000000002771, -1.000000000000001776, 3.367778697655220642E-17 ) ) ;
#1489 = FILL_AREA_STYLE ('',( #1834 ) ) ;
#1490 = DIRECTION ( 'NONE',  ( -1.000000000000000000, 0.000000000000000000, 0.000000000000000000 ) ) ;
#1491 = STYLED_ITEM ( 'NONE', ( #1171 ), #472 ) ;
#1492 = EDGE_CURVE ( 'NONE', #579, #739, #1532, .T. ) ;
#1493 = SURFACE_STYLE_USAGE ( .BOTH. , #391 ) ;
#1494 = CARTESIAN_POINT ( 'NONE',  ( 4.390702468768152400, 0.000000000000000000, 0.000000000000000000 ) ) ;
#1495 = SURFACE_STYLE_FILL_AREA ( #347 ) ;
#1496 = ORIENTED_EDGE ( 'NONE', *, *, #510, .T. ) ;
#1497 = FACE_OUTER_BOUND ( 'NONE', #602, .T. ) ;
#1498 =( GEOMETRIC_REPRESENTATION_CONTEXT ( 3 ) GLOBAL_UNCERTAINTY_ASSIGNED_CONTEXT ( ( #443 ) ) GLOBAL_UNIT_ASSIGNED_CONTEXT ( ( #1499, #1653, #710 ) ) REPRESENTATION_CONTEXT ( 'NONE', 'WORKASPACE' ) );
#1499 =( LENGTH_UNIT ( ) NAMED_UNIT ( * ) SI_UNIT ( .MILLI., .METRE. ) );
#1500 = AXIS2_PLACEMENT_3D ( 'NONE', #1537, #1857, #595 ) ;
#1501 = MECHANICAL_DESIGN_GEOMETRIC_PRESENTATION_REPRESENTATION (  '', ( #1253 ), #504 ) ;
#1502 = MECHANICAL_DESIGN_GEOMETRIC_PRESENTATION_REPRESENTATION (  '', ( #1817 ), #1478 ) ;
#1503 = EDGE_CURVE ( 'NONE', #693, #2038, #894, .T. ) ;
#1504 = CARTESIAN_POINT ( 'NONE',  ( 6.299999999999999822, 0.000000000000000000, 0.000000000000000000 ) ) ;
#1505 = DIRECTION ( 'NONE',  ( -1.000000000000000000, -0.000000000000000000, -0.000000000000000000 ) ) ;
#1506 = UNCERTAINTY_MEASURE_WITH_UNIT (LENGTH_MEASURE( 1.000000000000000082E-05 ), #700, 'distance_accuracy_value', 'NONE');
#1507 = FACE_OUTER_BOUND ( 'NONE', #1264, .T. ) ;
#1508 = CARTESIAN_POINT ( 'NONE',  ( 0.000000000000000000, 0.000000000000000000, 0.000000000000000000 ) ) ;
#1509 =( LENGTH_UNIT ( ) NAMED_UNIT ( * ) SI_UNIT ( .MILLI., .METRE. ) );
#1510 = EDGE_CURVE ( 'NONE', #20, #606, #1285, .T. ) ;
#1511 = ORIENTED_EDGE ( 'NONE', *, *, #499, .T. ) ;
#1512 = SURFACE_STYLE_FILL_AREA ( #70 ) ;
#1513 = FACE_OUTER_BOUND ( 'NONE', #962, .T. ) ;
#1514 = EDGE_CURVE ( 'NONE', #148, #459, #1650, .T. ) ;
#1515 = PRESENTATION_STYLE_ASSIGNMENT (( #1379 ) ) ;
#1516 = AXIS2_PLACEMENT_3D ( 'NONE', #903, #1271, #1693 ) ;
#1517 = FACE_OUTER_BOUND ( 'NONE', #810, .T. ) ;
#1518 =( GEOMETRIC_REPRESENTATION_CONTEXT ( 3 ) GLOBAL_UNCERTAINTY_ASSIGNED_CONTEXT ( ( #1106 ) ) GLOBAL_UNIT_ASSIGNED_CONTEXT ( ( #1384, #1770, #1145 ) ) REPRESENTATION_CONTEXT ( 'NONE', 'WORKASPACE' ) );
#1519 = PRESENTATION_LAYER_ASSIGNMENT (  '', '', ( #66 ) ) ;
#1520 = DIRECTION ( 'NONE',  ( -1.000000000000000000, 0.000000000000000000, 0.000000000000000000 ) ) ;
#1521 = AXIS2_PLACEMENT_3D ( 'NONE', #136, #427, #1687 ) ;
#1522 = LINE ( 'NONE', #1252, #935 ) ;
#1523 = VERTEX_POINT ( 'NONE', #216 ) ;
#1524 = ADVANCED_BREP_SHAPE_REPRESENTATION ( 'Resistor6.3x2.4x15.24', ( #867, #1479 ), #363 ) ;
#1525 = COLOUR_RGB ( '',1.000000000000000000, 1.000000000000000000, 0.7529411764705882248 ) ;
#1526 = PRESENTATION_STYLE_ASSIGNMENT (( #2017 ) ) ;
#1527 = DIRECTION ( 'NONE',  ( 0.000000000000000000, 0.000000000000000000, 1.000000000000000000 ) ) ;
#1528 = UNCERTAINTY_MEASURE_WITH_UNIT (LENGTH_MEASURE( 1.000000000000000082E-05 ), #368, 'distance_accuracy_value', 'NONE');
#1529 = PRESENTATION_LAYER_ASSIGNMENT (  '', '', ( #353 ) ) ;
#1530 = ADVANCED_FACE ( 'NONE', ( #536 ), #356, .T. ) ;
#1531 = DIRECTION ( 'NONE',  ( -1.000000000000000000, 0.000000000000000000, 0.000000000000000000 ) ) ;
#1532 = CIRCLE ( 'NONE', #622, 0.6999999999999998446 ) ;
#1533 = MECHANICAL_DESIGN_GEOMETRIC_PRESENTATION_REPRESENTATION (  '', ( #1153 ), #1192 ) ;
#1534 = DIRECTION ( 'NONE',  ( 0.000000000000000000, 0.000000000000000000, -1.000000000000000000 ) ) ;
#1535 = CIRCLE ( 'NONE', #45, 0.2999999999999999334 ) ;
#1536 = STYLED_ITEM ( 'NONE', ( #1792 ), #2014 ) ;
#1537 = CARTESIAN_POINT ( 'NONE',  ( 2.859297531231848932, 0.000000000000000000, 0.000000000000000000 ) ) ;
#1538 = CIRCLE ( 'NONE', #290, 1.050000000000000044 ) ;
#1539 = EDGE_LOOP ( 'NONE', ( #381, #151, #490, #1293 ) ) ;
#1540 = FILL_AREA_STYLE ('',( #898 ) ) ;
#1541 = SURFACE_SIDE_STYLE ('',( #1367 ) ) ;
#1542 = FILL_AREA_STYLE ('',( #282 ) ) ;
#1543 =( NAMED_UNIT ( * ) PLANE_ANGLE_UNIT ( ) SI_UNIT ( $, .RADIAN. ) );
#1544 = EDGE_CURVE ( 'NONE', #354, #133, #1116, .T. ) ;
#1545 = PRESENTATION_STYLE_ASSIGNMENT (( #1874 ) ) ;
#1546 = SURFACE_SIDE_STYLE ('',( #448 ) ) ;
#1547 = ORIENTED_EDGE ( 'NONE', *, *, #538, .T. ) ;
#1548 = DIRECTION ( 'NONE',  ( 0.000000000000000000, 0.000000000000000000, 1.000000000000000000 ) ) ;
#1549 = CARTESIAN_POINT ( 'NONE',  ( 6.299999999999999822, 0.000000000000000000, -1.050000000000000044 ) ) ;
#1550 = ORIENTED_EDGE ( 'NONE', *, *, #1544, .T. ) ;
#1551 = CARTESIAN_POINT ( 'NONE',  ( 4.857071421427143321, 0.000000000000000000, 0.000000000000000000 ) ) ;
#1552 = FILL_AREA_STYLE ('',( #430 ) ) ;
#1553 = UNCERTAINTY_MEASURE_WITH_UNIT (LENGTH_MEASURE( 1.000000000000000082E-05 ), #425, 'distance_accuracy_value', 'NONE');
#1554 = FACE_OUTER_BOUND ( 'NONE', #1895, .T. ) ;
#1555 = DIRECTION ( 'NONE',  ( -1.000000000000000000, -0.000000000000000000, -0.000000000000000000 ) ) ;
#1556 = DIRECTION ( 'NONE',  ( 1.000000000000000000, -0.000000000000000000, -0.000000000000000000 ) ) ;
#1557 = STYLED_ITEM ( 'NONE', ( #633 ), #160 ) ;
#1558 = EDGE_CURVE ( 'NONE', #668, #1566, #1522, .T. ) ;
#1559 = ORIENTED_EDGE ( 'NONE', *, *, #547, .T. ) ;
#1560 = DIRECTION ( 'NONE',  ( 0.000000000000000000, 0.000000000000000000, -1.000000000000000000 ) ) ;
#1561 =( GEOMETRIC_REPRESENTATION_CONTEXT ( 3 ) GLOBAL_UNCERTAINTY_ASSIGNED_CONTEXT ( ( #2039 ) ) GLOBAL_UNIT_ASSIGNED_CONTEXT ( ( #1314, #636, #1765 ) ) REPRESENTATION_CONTEXT ( 'NONE', 'WORKASPACE' ) );
#1562 = EDGE_LOOP ( 'NONE', ( #236, #1902, #1125, #280 ) ) ;
#1563 = DIRECTION ( 'NONE',  ( 1.000000000000000000, 0.000000000000000000, 0.000000000000000000 ) ) ;
#1564 = CARTESIAN_POINT ( 'NONE',  ( 6.299999999999999822, 0.000000000000000000, 0.000000000000000000 ) ) ;
#1565 = STYLED_ITEM ( 'NONE', ( #1389 ), #947 ) ;
#1566 = VERTEX_POINT ( 'NONE', #147 ) ;
#1567 = PRESENTATION_STYLE_ASSIGNMENT (( #2042 ) ) ;
#1568 = AXIS2_PLACEMENT_3D ( 'NONE', #1316, #51, #624 ) ;
#1569 = AXIS2_PLACEMENT_3D ( 'NONE', #227, #235, #1672 ) ;
#1570 =( NAMED_UNIT ( * ) SI_UNIT ( $, .STERADIAN. ) SOLID_ANGLE_UNIT ( ) );
#1571 = EDGE_CURVE ( 'NONE', #797, #24, #1447, .T. ) ;
#1572 = MECHANICAL_DESIGN_GEOMETRIC_PRESENTATION_REPRESENTATION (  '', ( #591 ), #1990 ) ;
#1573 = EDGE_LOOP ( 'NONE', ( #674, #1964 ) ) ;
#1574 = SURFACE_SIDE_STYLE ('',( #937 ) ) ;
#1575 = UNCERTAINTY_MEASURE_WITH_UNIT (LENGTH_MEASURE( 1.000000000000000082E-05 ), #156, 'distance_accuracy_value', 'NONE');
#1576 = EDGE_LOOP ( 'NONE', ( #743, #1679, #1427, #1898 ) ) ;
#1577 =( NAMED_UNIT ( * ) SI_UNIT ( $, .STERADIAN. ) SOLID_ANGLE_UNIT ( ) );
#1578 = FACE_BOUND ( 'NONE', #1286, .T. ) ;
#1579 = CARTESIAN_POINT ( 'NONE',  ( 4.090702468768153466, 0.000000000000000000, 0.000000000000000000 ) ) ;
#1580 = VECTOR ( 'NONE', #61, 1000.000000000000000 ) ;
#1581 = EDGE_LOOP ( 'NONE', ( #1173, #267, #1864, #908 ) ) ;
#1582 = DIRECTION ( 'NONE',  ( 1.000000000000000000, -1.224646799147353454E-16, 0.000000000000000000 ) ) ;
#1583 = DIRECTION ( 'NONE',  ( 0.000000000000000000, 0.000000000000000000, -1.000000000000000000 ) ) ;
#1584 = ORIENTED_EDGE ( 'NONE', *, *, #499, .F. ) ;
#1585 = CARTESIAN_POINT ( 'NONE',  ( 6.299999999999999822, 0.000000000000000000, -1.050000000000000044 ) ) ;
#1586 = FILL_AREA_STYLE ('',( #2040 ) ) ;
#1587 = FILL_AREA_STYLE_COLOUR ( '', #1218 ) ;
#1588 = DIRECTION ( 'NONE',  ( 0.000000000000000000, 0.000000000000000000, -1.000000000000000000 ) ) ;
#1589 = CARTESIAN_POINT ( 'NONE',  ( 6.299999999999999822, 1.469576158976823553E-16, -1.199999999999999956 ) ) ;
#1590 = FACE_OUTER_BOUND ( 'NONE', #570, .T. ) ;
#1591 = DIRECTION ( 'NONE',  ( -1.000000000000000000, 0.000000000000000000, 0.000000000000000000 ) ) ;
#1592 = CIRCLE ( 'NONE', #125, 0.5000000000000000000 ) ;
#1593 = EDGE_LOOP ( 'NONE', ( #1268, #1418, #2028, #1254 ) ) ;
#1594 = DIRECTION ( 'NONE',  ( 0.000000000000000000, -1.000000000000000000, 0.000000000000000000 ) ) ;
#1595 = STYLED_ITEM ( 'NONE', ( #1425 ), #446 ) ;
#1596 = VECTOR ( 'NONE', #545, 1000.000000000000000 ) ;
#1597 = SURFACE_STYLE_USAGE ( .BOTH. , #279 ) ;
#1598 = ORIENTED_EDGE ( 'NONE', *, *, #1769, .T. ) ;
#1599 = CIRCLE ( 'NONE', #1434, 1.199999999999999956 ) ;
#1600 = DIRECTION ( 'NONE',  ( 1.000000000000000000, -0.000000000000000000, -0.000000000000000000 ) ) ;
#1601 = UNCERTAINTY_MEASURE_WITH_UNIT (LENGTH_MEASURE( 1.000000000000000082E-05 ), #1810, 'distance_accuracy_value', 'NONE');
#1602 = TOROIDAL_SURFACE ( 'NONE', #1180, 1.349999999998701794, 0.2999999999999999889 ) ;
#1603 = DIRECTION ( 'NONE',  ( -1.000000000000000000, -1.224646799147353454E-16, 0.000000000000000000 ) ) ;
#1604 = CYLINDRICAL_SURFACE ( 'NONE', #1923, 1.050000000000000044 ) ;
#1605 = SURFACE_STYLE_USAGE ( .BOTH. , #963 ) ;
#1606 = EDGE_CURVE ( 'NONE', #24, #797, #1472, .T. ) ;
#1607 = COLOUR_RGB ( '',0.6470588235294117974, 0.6196078431372549211, 0.5882352941176470784 ) ;
#1608 = STYLED_ITEM ( 'NONE', ( #1448 ), #1337 ) ;
#1609 = CARTESIAN_POINT ( 'NONE',  ( 5.799999999999999822, 0.000000000000000000, 0.000000000000000000 ) ) ;
#1610 = AXIS2_PLACEMENT_3D ( 'NONE', #369, #1025, #1812 ) ;
#1611 = ORIENTED_EDGE ( 'NONE', *, *, #1829, .T. ) ;
#1612 = DIRECTION ( 'NONE',  ( -1.000000000000000000, 0.000000000000000000, 0.000000000000000000 ) ) ;
#1613 = VECTOR ( 'NONE', #55, 1000.000000000000000 ) ;
#1614 = PRESENTATION_LAYER_ASSIGNMENT (  '', '', ( #1536 ) ) ;
#1615 = ORIENTED_EDGE ( 'NONE', *, *, #1558, .T. ) ;
#1616 = FILL_AREA_STYLE_COLOUR ( '', #1525 ) ;
#1617 = DIRECTION ( 'NONE',  ( 1.000000000000000000, -0.000000000000000000, -0.000000000000000000 ) ) ;
#1618 =( LENGTH_UNIT ( ) NAMED_UNIT ( * ) SI_UNIT ( .MILLI., .METRE. ) );
#1619 = ADVANCED_FACE ( 'NONE', ( #725 ), #933, .T. ) ;
#1620 = SURFACE_STYLE_USAGE ( .BOTH. , #1312 ) ;
#1621 = VERTEX_POINT ( 'NONE', #738 ) ;
#1622 = FACE_OUTER_BOUND ( 'NONE', #1539, .T. ) ;
#1623 = CARTESIAN_POINT ( 'NONE',  ( 1.442928578572857168, 0.000000000000000000, 0.000000000000000000 ) ) ;
#1624 = CARTESIAN_POINT ( 'NONE',  ( 1.959297531231849021, 0.000000000000000000, -1.050000000000000044 ) ) ;
#1625 = EDGE_CURVE ( 'NONE', #2045, #954, #552, .T. ) ;
#1626 = SURFACE_STYLE_FILL_AREA ( #989 ) ;
#1627 = CARTESIAN_POINT ( 'NONE',  ( 2.659297531231849199, 0.000000000000000000, 0.000000000000000000 ) ) ;
#1628 = VECTOR ( 'NONE', #770, 1000.000000000000000 ) ;
#1629 = DIRECTION ( 'NONE',  ( -1.000000000000000000, 0.000000000000000000, 0.000000000000000000 ) ) ;
#1630 = TOROIDAL_SURFACE ( 'NONE', #1836, 1.349999999998701572, 0.2999999999999999889 ) ;
#1631 = SURFACE_STYLE_USAGE ( .BOTH. , #1753 ) ;
#1632 = CARTESIAN_POINT ( 'NONE',  ( -3.470000000000001084, -1.000000000000001998, 0.000000000000000000 ) ) ;
#1633 = CARTESIAN_POINT ( 'NONE',  ( 6.299999999999999822, 0.000000000000000000, 0.000000000000000000 ) ) ;
#1634 = MECHANICAL_DESIGN_GEOMETRIC_PRESENTATION_REPRESENTATION (  '', ( #1146 ), #721 ) ;
#1635 = CARTESIAN_POINT ( 'NONE',  ( 0.5000000000000004441, 1.469576158976823553E-16, -1.199999999999999956 ) ) ;
#1636 = EDGE_LOOP ( 'NONE', ( #1749, #1407, #1843, #1849 ) ) ;
#1637 = DIRECTION ( 'NONE',  ( 1.000000000000000000, 0.000000000000000000, 0.000000000000000000 ) ) ;
#1638 = EDGE_CURVE ( 'NONE', #426, #1890, #1761, .T. ) ;
#1639 = AXIS2_PLACEMENT_3D ( 'NONE', #1274, #1594, #1771 ) ;
#1640 = CARTESIAN_POINT ( 'NONE',  ( 10.77000000000000135, -1.000000000000001776, 0.000000000000000000 ) ) ;
#1641 = VERTEX_POINT ( 'NONE', #1069 ) ;
#1642 = PRESENTATION_STYLE_ASSIGNMENT (( #1006 ) ) ;
#1643 = SURFACE_SIDE_STYLE ('',( #1941 ) ) ;
#1644 = ORIENTED_EDGE ( 'NONE', *, *, #1304, .T. ) ;
#1645 = SURFACE_STYLE_FILL_AREA ( #530 ) ;
#1646 = VERTEX_POINT ( 'NONE', #1685 ) ;
#1647 = FILL_AREA_STYLE ('',( #842 ) ) ;
#1648 = FACE_OUTER_BOUND ( 'NONE', #106, .T. ) ;
#1649 = SURFACE_STYLE_FILL_AREA ( #1355 ) ;
#1650 = LINE ( 'NONE', #1966, #836 ) ;
#1651 = PRESENTATION_STYLE_ASSIGNMENT (( #1061 ) ) ;
#1652 = DIRECTION ( 'NONE',  ( 1.000000000000000000, 0.000000000000000000, 0.000000000000000000 ) ) ;
#1653 =( NAMED_UNIT ( * ) PLANE_ANGLE_UNIT ( ) SI_UNIT ( $, .RADIAN. ) );
#1654 =( NAMED_UNIT ( * ) SI_UNIT ( $, .STERADIAN. ) SOLID_ANGLE_UNIT ( ) );
#1655 = UNCERTAINTY_MEASURE_WITH_UNIT (LENGTH_MEASURE( 1.000000000000000082E-05 ), #995, 'distance_accuracy_value', 'NONE');
#1656 =( GEOMETRIC_REPRESENTATION_CONTEXT ( 3 ) GLOBAL_UNCERTAINTY_ASSIGNED_CONTEXT ( ( #1436 ) ) GLOBAL_UNIT_ASSIGNED_CONTEXT ( ( #1862, #608, #451 ) ) REPRESENTATION_CONTEXT ( 'NONE', 'WORKASPACE' ) );
#1657 = AXIS2_PLACEMENT_3D ( 'NONE', #1150, #1929, #1297 ) ;
#1658 = ADVANCED_FACE ( 'NONE', ( #1263 ), #772, .T. ) ;
#1659 = DIRECTION ( 'NONE',  ( 0.000000000000000000, 0.000000000000000000, -1.000000000000000000 ) ) ;
#1660 =( LENGTH_UNIT ( ) NAMED_UNIT ( * ) SI_UNIT ( .MILLI., .METRE. ) );
#1661 = STYLED_ITEM ( 'NONE', ( #1360 ), #913 ) ;
#1662 = DIRECTION ( 'NONE',  ( 1.000000000000000000, 0.000000000000000000, 0.000000000000000000 ) ) ;
#1663 = PRESENTATION_LAYER_ASSIGNMENT (  '', '', ( #1146 ) ) ;
#1664 = ORIENTED_EDGE ( 'NONE', *, *, #1714, .F. ) ;
#1665 = SURFACE_SIDE_STYLE ('',( #1645 ) ) ;
#1666 = CARTESIAN_POINT ( 'NONE',  ( 6.299999999999999822, 0.000000000000000000, 0.000000000000000000 ) ) ;
#1667 = CARTESIAN_POINT ( 'NONE',  ( 6.299999999999999822, 0.000000000000000000, -1.050000000000000044 ) ) ;
#1668 = AXIS2_PLACEMENT_3D ( 'NONE', #9, #805, #1454 ) ;
#1669 = PRESENTATION_LAYER_ASSIGNMENT (  '', '', ( #591 ) ) ;
#1670 = MECHANICAL_DESIGN_GEOMETRIC_PRESENTATION_REPRESENTATION (  '', ( #2025 ), #1320 ) ;
#1671 = ADVANCED_FACE ( 'NONE', ( #1431 ), #322, .T. ) ;
#1672 = DIRECTION ( 'NONE',  ( 0.000000000000000000, 1.224646799147353207E-16, 1.000000000000000000 ) ) ;
#1673 = EDGE_LOOP ( 'NONE', ( #1827, #728 ) ) ;
#1674 = CARTESIAN_POINT ( 'NONE',  ( 0.5000000000000004441, 8.572527594031470725E-17, 0.6999999999999998446 ) ) ;
#1675 = UNCERTAINTY_MEASURE_WITH_UNIT (LENGTH_MEASURE( 1.000000000000000082E-05 ), #382, 'distance_accuracy_value', 'NONE');
#1676 = FILL_AREA_STYLE_COLOUR ( '', #1793 ) ;
#1677 = DIRECTION ( 'NONE',  ( -1.000000000000000000, 0.000000000000000000, 0.000000000000000000 ) ) ;
#1678 = EDGE_CURVE ( 'NONE', #968, #739, #1050, .T. ) ;
#1679 = ORIENTED_EDGE ( 'NONE', *, *, #538, .F. ) ;
#1680 = CARTESIAN_POINT ( 'NONE',  ( 10.77000000000000135, -1.000000000000001776, 0.000000000000000000 ) ) ;
#1681 = PRESENTATION_STYLE_ASSIGNMENT (( #1882 ) ) ;
#1682 = STYLED_ITEM ( 'NONE', ( #1230 ), #346 ) ;
#1683 = CARTESIAN_POINT ( 'NONE',  ( 1.909297531231847422, 1.653273178847336819E-16, 1.349999999998701572 ) ) ;
#1684 = MECHANICAL_DESIGN_GEOMETRIC_PRESENTATION_REPRESENTATION (  '', ( #580 ), #1336 ) ;
#1685 = CARTESIAN_POINT ( 'NONE',  ( 1.734409173984143848, 1.412170840265797734E-16, 1.106249999998377032 ) ) ;
#1686 = ORIENTED_EDGE ( 'NONE', *, *, #1349, .T. ) ;
#1687 = DIRECTION ( 'NONE',  ( 0.000000000000000000, 0.000000000000000000, -1.000000000000000000 ) ) ;
#1688 = CARTESIAN_POINT ( 'NONE',  ( 4.857071421427143321, 8.572527594031470725E-17, -0.6999999999999998446 ) ) ;
#1689 = ADVANCED_FACE ( 'NONE', ( #632 ), #1113, .T. ) ;
#1690 = MECHANICAL_DESIGN_GEOMETRIC_PRESENTATION_REPRESENTATION (  '', ( #1441 ), #389 ) ;
#1691 = VERTEX_POINT ( 'NONE', #617 ) ;
#1692 = CIRCLE ( 'NONE', #1223, 0.2750000000000000222 ) ;
#1693 = DIRECTION ( 'NONE',  ( 0.000000000000000000, 0.000000000000000000, -1.000000000000000000 ) ) ;
#1694 = STYLED_ITEM ( 'NONE', ( #188 ), #1671 ) ;
#1695 = DIRECTION ( 'NONE',  ( 0.000000000000000000, 0.000000000000000000, -1.000000000000000000 ) ) ;
#1696 = AXIS2_PLACEMENT_3D ( 'NONE', #951, #1993, #1695 ) ;
#1697 = DIRECTION ( 'NONE',  ( 1.000000000000000000, 0.000000000000000000, 0.000000000000000000 ) ) ;
#1698 = PRESENTATION_LAYER_ASSIGNMENT (  '', '', ( #2025 ) ) ;
#1699 = ORIENTED_EDGE ( 'NONE', *, *, #1398, .T. ) ;
#1700 = SURFACE_STYLE_USAGE ( .BOTH. , #749 ) ;
#1701 = SHAPE_DEFINITION_REPRESENTATION ( #422, #1524 ) ;
#1702 = SURFACE_STYLE_USAGE ( .BOTH. , #400 ) ;
#1703 = CYLINDRICAL_SURFACE ( 'NONE', #792, 1.050000000000000044 ) ;
#1704 = CARTESIAN_POINT ( 'NONE',  ( -4.470000000000002416, -1.000000000000001776, 0.000000000000000000 ) ) ;
#1705 = ORIENTED_EDGE ( 'NONE', *, *, #735, .T. ) ;
#1706 =( LENGTH_UNIT ( ) NAMED_UNIT ( * ) SI_UNIT ( .MILLI., .METRE. ) );
#1707 =( LENGTH_UNIT ( ) NAMED_UNIT ( * ) SI_UNIT ( .MILLI., .METRE. ) );
#1708 = UNCERTAINTY_MEASURE_WITH_UNIT (LENGTH_MEASURE( 1.000000000000000082E-05 ), #1085, 'distance_accuracy_value', 'NONE');
#1709 = CARTESIAN_POINT ( 'NONE',  ( 6.299999999999999822, 0.000000000000000000, 0.000000000000000000 ) ) ;
#1710 = ORIENTED_EDGE ( 'NONE', *, *, #332, .T. ) ;
#1711 = CARTESIAN_POINT ( 'NONE',  ( 6.299999999999999822, 1.285879139104720732E-16, 1.050000000000000044 ) ) ;
#1712 = DIRECTION ( 'NONE',  ( -0.000000000000000000, -1.000000000000000000, -0.000000000000000000 ) ) ;
#1713 = AXIS2_PLACEMENT_3D ( 'NONE', #1390, #130, #1852 ) ;
#1714 = EDGE_CURVE ( 'NONE', #854, #575, #1726, .T. ) ;
#1715 = PRESENTATION_LAYER_ASSIGNMENT (  '', '', ( #1682 ) ) ;
#1716 = DIRECTION ( 'NONE',  ( 1.000000000000000000, -0.000000000000000000, -0.000000000000000000 ) ) ;
#1717 = COLOUR_RGB ( '',0.6470588235294117974, 0.6196078431372549211, 0.5882352941176470784 ) ;
#1718 = SURFACE_STYLE_FILL_AREA ( #2027 ) ;
#1719 = ORIENTED_EDGE ( 'NONE', *, *, #735, .F. ) ;
#1720 = CYLINDRICAL_SURFACE ( 'NONE', #1445, 1.199999999999999956 ) ;
#1721 = ORIENTED_EDGE ( 'NONE', *, *, #1473, .T. ) ;
#1722 = DIRECTION ( 'NONE',  ( 1.000000000000000000, -0.000000000000000000, -0.000000000000000000 ) ) ;
#1723 = FILL_AREA_STYLE_COLOUR ( '', #1762 ) ;
#1724 =( GEOMETRIC_REPRESENTATION_CONTEXT ( 3 ) GLOBAL_UNCERTAINTY_ASSIGNED_CONTEXT ( ( #862 ) ) GLOBAL_UNIT_ASSIGNED_CONTEXT ( ( #1748, #966, #1159 ) ) REPRESENTATION_CONTEXT ( 'NONE', 'WORKASPACE' ) );
#1725 = ORIENTED_EDGE ( 'NONE', *, *, #1315, .F. ) ;
#1726 = CIRCLE ( 'NONE', #896, 0.2750000000000000222 ) ;
#1727 = EDGE_CURVE ( 'NONE', #575, #854, #203, .T. ) ;
#1728 = COLOUR_RGB ( '',0.6470588235294117974, 0.6196078431372549211, 0.5882352941176470784 ) ;
#1729 = EDGE_LOOP ( 'NONE', ( #992, #941, #1927, #1867 ) ) ;
#1730 = DIRECTION ( 'NONE',  ( 0.000000000000000000, 0.000000000000000000, -1.000000000000000000 ) ) ;
#1731 = AXIS2_PLACEMENT_3D ( 'NONE', #385, #418, #407 ) ;
#1732 = UNCERTAINTY_MEASURE_WITH_UNIT (LENGTH_MEASURE( 1.000000000000000082E-05 ), #132, 'distance_accuracy_value', 'NONE');
#1733 = PRESENTATION_STYLE_ASSIGNMENT (( #1267 ) ) ;
#1734 = EDGE_LOOP ( 'NONE', ( #1912, #81, #1752, #1079 ) ) ;
#1735 = DIRECTION ( 'NONE',  ( 0.000000000000000000, 0.000000000000000000, -1.000000000000000000 ) ) ;
#1736 = SURFACE_SIDE_STYLE ('',( #2023 ) ) ;
#1737 = DIRECTION ( 'NONE',  ( -1.000000000000000000, -1.224646799147353454E-16, 0.000000000000000000 ) ) ;
#1738 = CIRCLE ( 'NONE', #1163, 0.5000000000000000000 ) ;
#1739 = FILL_AREA_STYLE ('',( #1892 ) ) ;
#1740 = ORIENTED_EDGE ( 'NONE', *, *, #1255, .F. ) ;
#1741 = CARTESIAN_POINT ( 'NONE',  ( 1.909297531231847422, 0.000000000000000000, -1.349999999998701572 ) ) ;
#1742 = ADVANCED_FACE ( 'NONE', ( #1329 ), #1935, .T. ) ;
#1743 = DIRECTION ( 'NONE',  ( 0.000000000000000000, 0.000000000000000000, -1.000000000000000000 ) ) ;
#1744 = ORIENTED_EDGE ( 'NONE', *, *, #644, .F. ) ;
#1745 = DIRECTION ( 'NONE',  ( 0.000000000000000000, 0.000000000000000000, 1.000000000000000000 ) ) ;
#1746 =( GEOMETRIC_REPRESENTATION_CONTEXT ( 3 ) GLOBAL_UNCERTAINTY_ASSIGNED_CONTEXT ( ( #752 ) ) GLOBAL_UNIT_ASSIGNED_CONTEXT ( ( #796, #10, #967 ) ) REPRESENTATION_CONTEXT ( 'NONE', 'WORKASPACE' ) );
#1747 = VERTEX_POINT ( 'NONE', #1635 ) ;
#1748 =( LENGTH_UNIT ( ) NAMED_UNIT ( * ) SI_UNIT ( .MILLI., .METRE. ) );
#1749 = ORIENTED_EDGE ( 'NONE', *, *, #1819, .F. ) ;
#1750 = CIRCLE ( 'NONE', #1950, 1.199999999999999956 ) ;
#1751 = EDGE_CURVE ( 'NONE', #1169, #668, #1215, .T. ) ;
#1752 = ORIENTED_EDGE ( 'NONE', *, *, #23, .T. ) ;
#1753 = SURFACE_SIDE_STYLE ('',( #1174 ) ) ;
#1754 =( LENGTH_UNIT ( ) NAMED_UNIT ( * ) SI_UNIT ( .MILLI., .METRE. ) );
#1755 = CARTESIAN_POINT ( 'NONE',  ( 6.299999999999999822, 0.000000000000000000, 0.000000000000000000 ) ) ;
#1756 = EDGE_CURVE ( 'NONE', #1460, #133, #1486, .T. ) ;
#1757 = STYLED_ITEM ( 'NONE', ( #1371 ), #877 ) ;
#1758 = PRESENTATION_LAYER_ASSIGNMENT (  '', '', ( #523 ) ) ;
#1759 = EDGE_LOOP ( 'NONE', ( #300, #2036, #736, #1686 ) ) ;
#1760 = VECTOR ( 'NONE', #1788, 1000.000000000000000 ) ;
#1761 = CIRCLE ( 'NONE', #1374, 1.050000000000000044 ) ;
#1762 = COLOUR_RGB ( '',0.8313725490196077761, 1.000000000000000000, 0.8666666666666666963 ) ;
#1763 = DIRECTION ( 'NONE',  ( 0.000000000000000000, 0.000000000000000000, 1.000000000000000000 ) ) ;
#1764 = STYLED_ITEM ( 'NONE', ( #1955 ), #1742 ) ;
#1765 =( NAMED_UNIT ( * ) SI_UNIT ( $, .STERADIAN. ) SOLID_ANGLE_UNIT ( ) );
#1766 = ORIENTED_EDGE ( 'NONE', *, *, #1789, .F. ) ;
#1767 = SURFACE_SIDE_STYLE ('',( #195 ) ) ;
#1768 = DIRECTION ( 'NONE',  ( 0.000000000000000000, 0.000000000000000000, -1.000000000000000000 ) ) ;
#1769 = EDGE_CURVE ( 'NONE', #2007, #531, #377, .T. ) ;
#1770 =( NAMED_UNIT ( * ) PLANE_ANGLE_UNIT ( ) SI_UNIT ( $, .RADIAN. ) );
#1771 = DIRECTION ( 'NONE',  ( 0.000000000000000000, 0.000000000000000000, -1.000000000000000000 ) ) ;
#1772 = ORIENTED_EDGE ( 'NONE', *, *, #711, .T. ) ;
#1773 =( LENGTH_UNIT ( ) NAMED_UNIT ( * ) SI_UNIT ( .MILLI., .METRE. ) );
#1774 =( NAMED_UNIT ( * ) SI_UNIT ( $, .STERADIAN. ) SOLID_ANGLE_UNIT ( ) );
#1775 = CARTESIAN_POINT ( 'NONE',  ( 6.299999999999999822, 0.000000000000000000, -1.050000000000000044 ) ) ;
#1776 =( LENGTH_UNIT ( ) NAMED_UNIT ( * ) SI_UNIT ( .MILLI., .METRE. ) );
#1777 = STYLED_ITEM ( 'NONE', ( #1399 ), #659 ) ;
#1778 = ORIENTED_EDGE ( 'NONE', *, *, #977, .F. ) ;
#1779 =( NAMED_UNIT ( * ) SI_UNIT ( $, .STERADIAN. ) SOLID_ANGLE_UNIT ( ) );
#1780 = FACE_OUTER_BOUND ( 'NONE', #715, .T. ) ;
#1781 = CARTESIAN_POINT ( 'NONE',  ( 6.299999999999999822, 0.000000000000000000, 0.000000000000000000 ) ) ;
#1782 = CIRCLE ( 'NONE', #614, 1.199999999999999956 ) ;
#1783 = CYLINDRICAL_SURFACE ( 'NONE', #56, 1.050000000000000044 ) ;
#1784 = AXIS2_PLACEMENT_3D ( 'NONE', #152, #755, #778 ) ;
#1785 = DIRECTION ( 'NONE',  ( -1.000000000000000000, -0.000000000000000000, -0.000000000000000000 ) ) ;
#1786 = AXIS2_PLACEMENT_3D ( 'NONE', #338, #4, #1164 ) ;
#1787 = ORIENTED_EDGE ( 'NONE', *, *, #1829, .F. ) ;
#1788 = DIRECTION ( 'NONE',  ( 1.000000000000000000, -1.224646799147353454E-16, 0.000000000000000000 ) ) ;
#1789 = EDGE_CURVE ( 'NONE', #1423, #354, #1811, .T. ) ;
#1790 = MECHANICAL_DESIGN_GEOMETRIC_PRESENTATION_REPRESENTATION (  '', ( #201 ), #1926 ) ;
#1791 = LINE ( 'NONE', #485, #964 ) ;
#1792 = PRESENTATION_STYLE_ASSIGNMENT (( #670 ) ) ;
#1793 = COLOUR_RGB ( '',0.8313725490196077761, 1.000000000000000000, 0.8666666666666666963 ) ;
#1794 = COLOUR_RGB ( '',1.000000000000000000, 1.000000000000000000, 0.7529411764705882248 ) ;
#1795 = SURFACE_SIDE_STYLE ('',( #890 ) ) ;
#1796 = CARTESIAN_POINT ( 'NONE',  ( 6.299999999999999822, 0.000000000000000000, 0.000000000000000000 ) ) ;
#1797 = AXIS2_PLACEMENT_3D ( 'NONE', #1623, #1009, #803 ) ;
#1798 = DIRECTION ( 'NONE',  ( 1.000000000000000000, -0.000000000000000000, -0.000000000000000000 ) ) ;
#1799 = ADVANCED_FACE ( 'NONE', ( #75 ), #343, .T. ) ;
#1800 = PRESENTATION_STYLE_ASSIGNMENT (( #558 ) ) ;
#1801 = DIRECTION ( 'NONE',  ( -1.000000000000000000, -0.000000000000000000, -0.000000000000000000 ) ) ;
#1802 = ORIENTED_EDGE ( 'NONE', *, *, #1544, .F. ) ;
#1803 =( NAMED_UNIT ( * ) SI_UNIT ( $, .STERADIAN. ) SOLID_ANGLE_UNIT ( ) );
#1804 = ORIENTED_EDGE ( 'NONE', *, *, #1873, .F. ) ;
#1805 = SURFACE_STYLE_FILL_AREA ( #238 ) ;
#1806 =( NAMED_UNIT ( * ) SI_UNIT ( $, .STERADIAN. ) SOLID_ANGLE_UNIT ( ) );
#1807 = AXIS2_PLACEMENT_3D ( 'NONE', #1494, #695, #1241 ) ;
#1808 = EDGE_CURVE ( 'NONE', #2045, #1646, #1535, .T. ) ;
#1809 = PRESENTATION_LAYER_ASSIGNMENT (  '', '', ( #380 ) ) ;
#1810 =( LENGTH_UNIT ( ) NAMED_UNIT ( * ) SI_UNIT ( .MILLI., .METRE. ) );
#1811 = LINE ( 'NONE', #1775, #1855 ) ;
#1812 = DIRECTION ( 'NONE',  ( 0.000000000000000000, 0.000000000000000000, -1.000000000000000000 ) ) ;
#1813 = ORIENTED_EDGE ( 'NONE', *, *, #1270, .F. ) ;
#1814 =( GEOMETRIC_REPRESENTATION_CONTEXT ( 3 ) GLOBAL_UNCERTAINTY_ASSIGNED_CONTEXT ( ( #922 ) ) GLOBAL_UNIT_ASSIGNED_CONTEXT ( ( #244, #568, #1388 ) ) REPRESENTATION_CONTEXT ( 'NONE', 'WORKASPACE' ) );
#1815 = DIRECTION ( 'NONE',  ( 1.000000000000000000, 0.000000000000000000, 0.000000000000000000 ) ) ;
#1816 = AXIS2_PLACEMENT_3D ( 'NONE', #1038, #248, #1081 ) ;
#1817 = STYLED_ITEM ( 'NONE', ( #1940 ), #1916 ) ;
#1818 = SURFACE_STYLE_FILL_AREA ( #864 ) ;
#1819 = EDGE_CURVE ( 'NONE', #415, #39, #975, .T. ) ;
#1820 = DIRECTION ( 'NONE',  ( 0.000000000000000000, 1.000000000000000000, -1.224646799147353207E-16 ) ) ;
#1821 =( NAMED_UNIT ( * ) SI_UNIT ( $, .STERADIAN. ) SOLID_ANGLE_UNIT ( ) );
#1822 = ORIENTED_EDGE ( 'NONE', *, *, #190, .F. ) ;
#1823 = CYLINDRICAL_SURFACE ( 'NONE', #1521, 1.050000000000000044 ) ;
#1824 = FILL_AREA_STYLE ('',( #750 ) ) ;
#1825 = UNCERTAINTY_MEASURE_WITH_UNIT (LENGTH_MEASURE( 1.000000000000000082E-05 ), #1225, 'distance_accuracy_value', 'NONE');
#1826 = SURFACE_SIDE_STYLE ('',( #1818 ) ) ;
#1827 = ORIENTED_EDGE ( 'NONE', *, *, #1140, .T. ) ;
#1828 = FILL_AREA_STYLE_COLOUR ( '', #175 ) ;
#1829 = EDGE_CURVE ( 'NONE', #133, #354, #1010, .T. ) ;
#1830 =( LENGTH_UNIT ( ) NAMED_UNIT ( * ) SI_UNIT ( .MILLI., .METRE. ) );
#1831 = FILL_AREA_STYLE_COLOUR ( '', #997 ) ;
#1832 = DIRECTION ( 'NONE',  ( 1.000000000000000000, -0.000000000000000000, -0.000000000000000000 ) ) ;
#1833 = CARTESIAN_POINT ( 'NONE',  ( 0.000000000000000000, 0.000000000000000000, -0.6999999999999998446 ) ) ;
#1834 = FILL_AREA_STYLE_COLOUR ( '', #1856 ) ;
#1835 = PRESENTATION_STYLE_ASSIGNMENT (( #1999 ) ) ;
#1836 = AXIS2_PLACEMENT_3D ( 'NONE', #824, #780, #1123 ) ;
#1837 = AXIS2_PLACEMENT_3D ( 'NONE', #1028, #48, #1652 ) ;
#1838 = COLOUR_RGB ( '',0.6470588235294117974, 0.6196078431372549211, 0.5882352941176470784 ) ;
#1839 = FILL_AREA_STYLE ('',( #1828 ) ) ;
#1840 =( GEOMETRIC_REPRESENTATION_CONTEXT ( 3 ) GLOBAL_UNCERTAINTY_ASSIGNED_CONTEXT ( ( #1277 ) ) GLOBAL_UNIT_ASSIGNED_CONTEXT ( ( #2016, #441, #124 ) ) REPRESENTATION_CONTEXT ( 'NONE', 'WORKASPACE' ) );
#1841 = CARTESIAN_POINT ( 'NONE',  ( -3.470000000000001084, -1.000000000000001998, 0.000000000000000000 ) ) ;
#1842 = FILL_AREA_STYLE_COLOUR ( '', #961 ) ;
#1843 = ORIENTED_EDGE ( 'NONE', *, *, #276, .F. ) ;
#1844 =( NAMED_UNIT ( * ) SI_UNIT ( $, .STERADIAN. ) SOLID_ANGLE_UNIT ( ) );
#1845 = ADVANCED_FACE ( 'NONE', ( #1578, #1058 ), #297, .T. ) ;
#1846 = UNCERTAINTY_MEASURE_WITH_UNIT (LENGTH_MEASURE( 1.000000000000000082E-05 ), #1660, 'distance_accuracy_value', 'NONE');
#1847 = COLOUR_RGB ( '',0.6470588235294117974, 0.6196078431372549211, 0.5882352941176470784 ) ;
#1848 = DIRECTION ( 'NONE',  ( 0.000000000000000000, 0.000000000000000000, 1.000000000000000000 ) ) ;
#1849 = ORIENTED_EDGE ( 'NONE', *, *, #213, .F. ) ;
#1850 = CARTESIAN_POINT ( 'NONE',  ( 5.799999999999999822, 1.469576158976823553E-16, -1.199999999999999956 ) ) ;
#1851 = CIRCLE ( 'NONE', #692, 0.2750000000000000222 ) ;
#1852 = DIRECTION ( 'NONE',  ( 0.000000000000000000, 0.000000000000000000, -1.000000000000000000 ) ) ;
#1853 = STYLED_ITEM ( 'NONE', ( #1899 ), #791 ) ;
#1854 = CARTESIAN_POINT ( 'NONE',  ( 1.442928578572857168, 0.000000000000000000, -0.6999999999999998446 ) ) ;
#1855 = VECTOR ( 'NONE', #1943, 1000.000000000000000 ) ;
#1856 = COLOUR_RGB ( '',0.8313725490196077761, 1.000000000000000000, 0.8666666666666666963 ) ;
#1857 = DIRECTION ( 'NONE',  ( 1.000000000000000000, 0.000000000000000000, 0.000000000000000000 ) ) ;
#1858 = ORIENTED_EDGE ( 'NONE', *, *, #563, .T. ) ;
#1859 = SURFACE_STYLE_FILL_AREA ( #1540 ) ;
#1860 = LINE ( 'NONE', #899, #1596 ) ;
#1861 = SURFACE_SIDE_STYLE ('',( #2006 ) ) ;
#1862 =( LENGTH_UNIT ( ) NAMED_UNIT ( * ) SI_UNIT ( .MILLI., .METRE. ) );
#1863 = EDGE_CURVE ( 'NONE', #1691, #1641, #1449, .T. ) ;
#1864 = ORIENTED_EDGE ( 'NONE', *, *, #305, .F. ) ;
#1865 =( GEOMETRIC_REPRESENTATION_CONTEXT ( 3 ) GLOBAL_UNCERTAINTY_ASSIGNED_CONTEXT ( ( #246 ) ) GLOBAL_UNIT_ASSIGNED_CONTEXT ( ( #1934, #1132, #488 ) ) REPRESENTATION_CONTEXT ( 'NONE', 'WORKASPACE' ) );
#1866 = CARTESIAN_POINT ( 'NONE',  ( 10.49500000000000277, -1.000000000000001776, 3.367778697655221258E-17 ) ) ;
#1867 = ORIENTED_EDGE ( 'NONE', *, *, #711, .F. ) ;
#1868 = EDGE_LOOP ( 'NONE', ( #92, #1039 ) ) ;
#1869 = ORIENTED_EDGE ( 'NONE', *, *, #1863, .T. ) ;
#1870 = UNCERTAINTY_MEASURE_WITH_UNIT (LENGTH_MEASURE( 1.000000000000000082E-05 ), #287, 'distance_accuracy_value', 'NONE');
#1871 =( LENGTH_UNIT ( ) NAMED_UNIT ( * ) SI_UNIT ( .MILLI., .METRE. ) );
#1872 =( NAMED_UNIT ( * ) SI_UNIT ( $, .STERADIAN. ) SOLID_ANGLE_UNIT ( ) );
#1873 = EDGE_CURVE ( 'NONE', #585, #482, #1963, .T. ) ;
#1874 = SURFACE_STYLE_USAGE ( .BOTH. , #1430 ) ;
#1875 = CIRCLE ( 'NONE', #164, 0.2999999999999999334 ) ;
#1876 = CIRCLE ( 'NONE', #609, 1.275000000000001465 ) ;
#1877 = COLOUR_RGB ( '',0.6470588235294117974, 0.6196078431372549211, 0.5882352941176470784 ) ;
#1878 = ORIENTED_EDGE ( 'NONE', *, *, #149, .T. ) ;
#1879 =( NAMED_UNIT ( * ) SI_UNIT ( $, .STERADIAN. ) SOLID_ANGLE_UNIT ( ) );
#1880 = CIRCLE ( 'NONE', #383, 0.2750000000000000222 ) ;
#1881 = ORIENTED_EDGE ( 'NONE', *, *, #234, .F. ) ;
#1882 = SURFACE_STYLE_USAGE ( .BOTH. , #1574 ) ;
#1883 = ORIENTED_EDGE ( 'NONE', *, *, #1606, .T. ) ;
#1884 = CIRCLE ( 'NONE', #1404, 0.5000000000000000000 ) ;
#1885 = CIRCLE ( 'NONE', #1569, 0.5000000000000000000 ) ;
#1886 = DIRECTION ( 'NONE',  ( -1.000000000000000000, -0.000000000000000000, -0.000000000000000000 ) ) ;
#1887 =( GEOMETRIC_REPRESENTATION_CONTEXT ( 3 ) GLOBAL_UNCERTAINTY_ASSIGNED_CONTEXT ( ( #13 ) ) GLOBAL_UNIT_ASSIGNED_CONTEXT ( ( #1509, #915, #1821 ) ) REPRESENTATION_CONTEXT ( 'NONE', 'WORKASPACE' ) );
#1888 = MECHANICAL_DESIGN_GEOMETRIC_PRESENTATION_REPRESENTATION (  '', ( #837 ), #1185 ) ;
#1889 = EDGE_CURVE ( 'NONE', #968, #1027, #564, .T. ) ;
#1890 = VERTEX_POINT ( 'NONE', #779 ) ;
#1891 = VECTOR ( 'NONE', #1383, 1000.000000000000000 ) ;
#1892 = FILL_AREA_STYLE_COLOUR ( '', #526 ) ;
#1893 = CARTESIAN_POINT ( 'NONE',  ( -4.470000000000001528, -6.000000000000001776, 0.000000000000000000 ) ) ;
#1894 = STYLED_ITEM ( 'NONE', ( #802 ), #1967 ) ;
#1895 = EDGE_LOOP ( 'NONE', ( #295, #1740 ) ) ;
#1896 =( NAMED_UNIT ( * ) SI_UNIT ( $, .STERADIAN. ) SOLID_ANGLE_UNIT ( ) );
#1897 = UNCERTAINTY_MEASURE_WITH_UNIT (LENGTH_MEASURE( 1.000000000000000082E-05 ), #1618, 'distance_accuracy_value', 'NONE');
#1898 = ORIENTED_EDGE ( 'NONE', *, *, #1382, .T. ) ;
#1899 = PRESENTATION_STYLE_ASSIGNMENT (( #1292 ) ) ;
#1900 = FILL_AREA_STYLE_COLOUR ( '', #974 ) ;
#1901 = ADVANCED_FACE ( 'NONE', ( #1429 ), #162, .T. ) ;
#1902 = ORIENTED_EDGE ( 'NONE', *, *, #1889, .T. ) ;
#1903 = CARTESIAN_POINT ( 'NONE',  ( 4.090702468768153466, 0.000000000000000000, 0.000000000000000000 ) ) ;
#1904 = DIRECTION ( 'NONE',  ( -1.000000000000000000, 0.000000000000000000, 0.000000000000000000 ) ) ;
#1905 = CYLINDRICAL_SURFACE ( 'NONE', #943, 0.2750000000000000222 ) ;
#1906 = CARTESIAN_POINT ( 'NONE',  ( 1.442928578572857168, 8.572527594031470725E-17, 0.6999999999999998446 ) ) ;
#1907 =( GEOMETRIC_REPRESENTATION_CONTEXT ( 3 ) GLOBAL_UNCERTAINTY_ASSIGNED_CONTEXT ( ( #902 ) ) GLOBAL_UNIT_ASSIGNED_CONTEXT ( ( #461, #481, #1160 ) ) REPRESENTATION_CONTEXT ( 'NONE', 'WORKASPACE' ) );
#1908 = VERTEX_POINT ( 'NONE', #671 ) ;
#1909 =( LENGTH_UNIT ( ) NAMED_UNIT ( * ) SI_UNIT ( .MILLI., .METRE. ) );
#1910 = DIRECTION ( 'NONE',  ( -1.000000000000000000, -0.000000000000000000, -0.000000000000000000 ) ) ;
#1911 = PRESENTATION_LAYER_ASSIGNMENT (  '', '', ( #273 ) ) ;
#1912 = ORIENTED_EDGE ( 'NONE', *, *, #360, .F. ) ;
#1913 = STYLED_ITEM ( 'NONE', ( #1055 ), #631 ) ;
#1914 = LINE ( 'NONE', #1585, #142 ) ;
#1915 = SURFACE_STYLE_FILL_AREA ( #336 ) ;
#1916 = ADVANCED_FACE ( 'NONE', ( #1932 ), #1905, .T. ) ;
#1917 = FACE_OUTER_BOUND ( 'NONE', #1206, .T. ) ;
#1918 = DIRECTION ( 'NONE',  ( -0.000000000000000000, -0.000000000000000000, -1.000000000000000000 ) ) ;
#1919 = FILL_AREA_STYLE_COLOUR ( '', #1794 ) ;
#1920 = PRESENTATION_LAYER_ASSIGNMENT (  '', '', ( #1661 ) ) ;
#1921 = FILL_AREA_STYLE_COLOUR ( '', #619 ) ;
#1922 = PRESENTATION_LAYER_ASSIGNMENT (  '', '', ( #198 ) ) ;
#1923 = AXIS2_PLACEMENT_3D ( 'NONE', #832, #1474, #486 ) ;
#1924 = PRESENTATION_LAYER_ASSIGNMENT (  '', '', ( #5 ) ) ;
#1925 = SURFACE_STYLE_USAGE ( .BOTH. , #654 ) ;
#1926 =( GEOMETRIC_REPRESENTATION_CONTEXT ( 3 ) GLOBAL_UNCERTAINTY_ASSIGNED_CONTEXT ( ( #1237 ) ) GLOBAL_UNIT_ASSIGNED_CONTEXT ( ( #1376, #411, #266 ) ) REPRESENTATION_CONTEXT ( 'NONE', 'WORKASPACE' ) );
#1927 = ORIENTED_EDGE ( 'NONE', *, *, #827, .T. ) ;
#1928 = AXIS2_PLACEMENT_3D ( 'NONE', #200, #516, #572 ) ;
#1929 = DIRECTION ( 'NONE',  ( -1.000000000000000000, -1.224646799147353454E-16, 0.000000000000000000 ) ) ;
#1930 = TOROIDAL_SURFACE ( 'NONE', #529, 1.000000000000000444, 0.2750000000000000222 ) ;
#1931 = SURFACE_STYLE_FILL_AREA ( #993 ) ;
#1932 = FACE_OUTER_BOUND ( 'NONE', #515, .T. ) ;
#1933 = EDGE_CURVE ( 'NONE', #505, #1566, #1157, .T. ) ;
#1934 =( LENGTH_UNIT ( ) NAMED_UNIT ( * ) SI_UNIT ( .MILLI., .METRE. ) );
#1935 = CYLINDRICAL_SURFACE ( 'NONE', #1287, 1.199999999999999956 ) ;
#1936 = CIRCLE ( 'NONE', #1323, 1.106249999998377032 ) ;
#1937 = DIRECTION ( 'NONE',  ( -1.000000000000000000, -0.000000000000000000, -0.000000000000000000 ) ) ;
#1938 = DIRECTION ( 'NONE',  ( 1.000000000000000000, 0.000000000000000000, 0.000000000000000000 ) ) ;
#1939 = CARTESIAN_POINT ( 'NONE',  ( 6.299999999999999822, 0.000000000000000000, 0.000000000000000000 ) ) ;
#1940 = PRESENTATION_STYLE_ASSIGNMENT (( #651 ) ) ;
#1941 = SURFACE_STYLE_FILL_AREA ( #187 ) ;
#1942 = EDGE_CURVE ( 'NONE', #693, #354, #940, .T. ) ;
#1943 = DIRECTION ( 'NONE',  ( 1.000000000000000000, -0.000000000000000000, -0.000000000000000000 ) ) ;
#1944 = DIRECTION ( 'NONE',  ( 0.000000000000000000, 0.000000000000000000, -1.000000000000000000 ) ) ;
#1945 = MECHANICAL_DESIGN_GEOMETRIC_PRESENTATION_REPRESENTATION (  '', ( #1595 ), #1656 ) ;
#1946 = DIRECTION ( 'NONE',  ( 0.000000000000000000, 0.000000000000000000, 1.000000000000000000 ) ) ;
#1947 = CIRCLE ( 'NONE', #1107, 1.050000000000000044 ) ;
#1948 = ORIENTED_EDGE ( 'NONE', *, *, #1140, .F. ) ;
#1949 =( LENGTH_UNIT ( ) NAMED_UNIT ( * ) SI_UNIT ( .MILLI., .METRE. ) );
#1950 = AXIS2_PLACEMENT_3D ( 'NONE', #1405, #771, #1420 ) ;
#1951 = DIRECTION ( 'NONE',  ( 0.000000000000000000, 0.000000000000000000, -1.000000000000000000 ) ) ;
#1952 = DIRECTION ( 'NONE',  ( 0.000000000000000000, 0.000000000000000000, -1.000000000000000000 ) ) ;
#1953 = TOROIDAL_SURFACE ( 'NONE', #1983, 1.000000000000000444, 0.2750000000000000222 ) ;
#1954 = ORIENTED_EDGE ( 'NONE', *, *, #776, .F. ) ;
#1955 = PRESENTATION_STYLE_ASSIGNMENT (( #1023 ) ) ;
#1956 = MECHANICAL_DESIGN_GEOMETRIC_PRESENTATION_REPRESENTATION (  '', ( #523 ), #1958 ) ;
#1957 = ADVANCED_FACE ( 'NONE', ( #1467 ), #196, .T. ) ;
#1958 =( GEOMETRIC_REPRESENTATION_CONTEXT ( 3 ) GLOBAL_UNCERTAINTY_ASSIGNED_CONTEXT ( ( #799 ) ) GLOBAL_UNIT_ASSIGNED_CONTEXT ( ( #1707, #730, #1844 ) ) REPRESENTATION_CONTEXT ( 'NONE', 'WORKASPACE' ) );
#1959 = DIRECTION ( 'NONE',  ( 0.000000000000000000, 0.000000000000000000, -1.000000000000000000 ) ) ;
#1960 = PRESENTATION_LAYER_ASSIGNMENT (  '', '', ( #201 ) ) ;
#1961 = CYLINDRICAL_SURFACE ( 'NONE', #1342, 1.050000000000000044 ) ;
#1962 =( LENGTH_UNIT ( ) NAMED_UNIT ( * ) SI_UNIT ( .MILLI., .METRE. ) );
#1963 = CIRCLE ( 'NONE', #727, 0.2750000000000000222 ) ;
#1964 = ORIENTED_EDGE ( 'NONE', *, *, #1510, .F. ) ;
#1965 =( NAMED_UNIT ( * ) PLANE_ANGLE_UNIT ( ) SI_UNIT ( $, .RADIAN. ) );
#1966 = CARTESIAN_POINT ( 'NONE',  ( 6.299999999999999822, 0.000000000000000000, -1.050000000000000044 ) ) ;
#1967 = ADVANCED_FACE ( 'NONE', ( #350 ), #145, .T. ) ;
#1968 = ORIENTED_EDGE ( 'NONE', *, *, #1503, .T. ) ;
#1969 = CARTESIAN_POINT ( 'NONE',  ( 6.299999999999999822, 0.000000000000000000, 0.000000000000000000 ) ) ;
#1970 = SURFACE_STYLE_USAGE ( .BOTH. , #1826 ) ;
#1971 = DIRECTION ( 'NONE',  ( 0.000000000000000000, 0.000000000000000000, 1.000000000000000000 ) ) ;
#1972 = CARTESIAN_POINT ( 'NONE',  ( 2.409297531231849199, 0.000000000000000000, 0.000000000000000000 ) ) ;
#1973 = ORIENTED_EDGE ( 'NONE', *, *, #190, .T. ) ;
#1974 = FILL_AREA_STYLE_COLOUR ( '', #1242 ) ;
#1975 = CIRCLE ( 'NONE', #1103, 0.6999999999999998446 ) ;
#1976 = UNCERTAINTY_MEASURE_WITH_UNIT (LENGTH_MEASURE( 1.000000000000000082E-05 ), #712, 'distance_accuracy_value', 'NONE');
#1977 = PRESENTATION_LAYER_ASSIGNMENT (  '', '', ( #576 ) ) ;
#1978 = PRESENTATION_LAYER_ASSIGNMENT (  '', '', ( #218 ) ) ;
#1979 = ADVANCED_FACE ( 'NONE', ( #1780 ), #1930, .T. ) ;
#1980 = DIRECTION ( 'NONE',  ( -0.000000000000000000, -0.000000000000000000, -1.000000000000000000 ) ) ;
#1981 = PRESENTATION_LAYER_ASSIGNMENT (  '', '', ( #1491 ) ) ;
#1982 = CARTESIAN_POINT ( 'NONE',  ( 6.299999999999999822, 0.000000000000000000, 0.000000000000000000 ) ) ;
#1983 = AXIS2_PLACEMENT_3D ( 'NONE', #408, #1980, #1490 ) ;
#1984 = FILL_AREA_STYLE ('',( #895 ) ) ;
#1985 = MECHANICAL_DESIGN_GEOMETRIC_PRESENTATION_REPRESENTATION (  '', ( #353 ), #249 ) ;
#1986 = ORIENTED_EDGE ( 'NONE', *, *, #245, .T. ) ;
#1987 = DIRECTION ( 'NONE',  ( 1.000000000000000000, 0.000000000000000000, 0.000000000000000000 ) ) ;
#1988 = MECHANICAL_DESIGN_GEOMETRIC_PRESENTATION_REPRESENTATION (  '', ( #199 ), #1313 ) ;
#1989 = CARTESIAN_POINT ( 'NONE',  ( 6.299999999999999822, 0.000000000000000000, 0.000000000000000000 ) ) ;
#1990 =( GEOMETRIC_REPRESENTATION_CONTEXT ( 3 ) GLOBAL_UNCERTAINTY_ASSIGNED_CONTEXT ( ( #1846 ) ) GLOBAL_UNIT_ASSIGNED_CONTEXT ( ( #1660, #1965, #1049 ) ) REPRESENTATION_CONTEXT ( 'NONE', 'WORKASPACE' ) );
#1991 = EDGE_CURVE ( 'NONE', #854, #754, #1013, .T. ) ;
#1992 = MECHANICAL_DESIGN_GEOMETRIC_PRESENTATION_REPRESENTATION (  '', ( #901 ), #560 ) ;
#1993 = DIRECTION ( 'NONE',  ( 1.000000000000000000, 0.000000000000000000, 0.000000000000000000 ) ) ;
#1994 = DIRECTION ( 'NONE',  ( 1.000000000000000000, -0.000000000000000000, -0.000000000000000000 ) ) ;
#1995 = ORIENTED_EDGE ( 'NONE', *, *, #694, .F. ) ;
#1996 =( NAMED_UNIT ( * ) SI_UNIT ( $, .STERADIAN. ) SOLID_ANGLE_UNIT ( ) );
#1997 = FILL_AREA_STYLE_COLOUR ( '', #994 ) ;
#1998 =( NAMED_UNIT ( * ) PLANE_ANGLE_UNIT ( ) SI_UNIT ( $, .RADIAN. ) );
#1999 = SURFACE_STYLE_USAGE ( .BOTH. , #1380 ) ;
#2000 = SURFACE_SIDE_STYLE ('',( #789 ) ) ;
#2001 = ADVANCED_FACE ( 'NONE', ( #366 ), #1165, .T. ) ;
#2002 = ORIENTED_EDGE ( 'NONE', *, *, #644, .T. ) ;
#2003 = SURFACE_SIDE_STYLE ('',( #1386 ) ) ;
#2004 = DIRECTION ( 'NONE',  ( 1.000000000000000000, -0.000000000000000000, -0.000000000000000000 ) ) ;
#2005 = ORIENTED_EDGE ( 'NONE', *, *, #2032, .T. ) ;
#2006 = SURFACE_STYLE_FILL_AREA ( #1096 ) ;
#2007 = VERTEX_POINT ( 'NONE', #650 ) ;
#2008 = CIRCLE ( 'NONE', #1105, 0.5000000000000000000 ) ;
#2009 = CARTESIAN_POINT ( 'NONE',  ( -4.745000000000002771, -1.000000000000001776, 3.367778697655221258E-17 ) ) ;
#2010 =( GEOMETRIC_REPRESENTATION_CONTEXT ( 3 ) GLOBAL_UNCERTAINTY_ASSIGNED_CONTEXT ( ( #881 ) ) GLOBAL_UNIT_ASSIGNED_CONTEXT ( ( #1776, #829, #1305 ) ) REPRESENTATION_CONTEXT ( 'NONE', 'WORKASPACE' ) );
#2011 = SURFACE_STYLE_FILL_AREA ( #154 ) ;
#2012 = ORIENTED_EDGE ( 'NONE', *, *, #37, .F. ) ;
#2013 = PRESENTATION_STYLE_ASSIGNMENT (( #449 ) ) ;
#2014 = ADVANCED_FACE ( 'NONE', ( #521 ), #1483, .T. ) ;
#2015 = ORIENTED_EDGE ( 'NONE', *, *, #1182, .T. ) ;
#2016 =( LENGTH_UNIT ( ) NAMED_UNIT ( * ) SI_UNIT ( .MILLI., .METRE. ) );
#2017 = SURFACE_STYLE_USAGE ( .BOTH. , #1276 ) ;
#2018 = UNCERTAINTY_MEASURE_WITH_UNIT (LENGTH_MEASURE( 1.000000000000000082E-05 ), #1830, 'distance_accuracy_value', 'NONE');
#2019 = CIRCLE ( 'NONE', #1370, 0.2750000000000000222 ) ;
#2020 = DIRECTION ( 'NONE',  ( 1.000000000000000000, -0.000000000000000000, -0.000000000000000000 ) ) ;
#2021 = ORIENTED_EDGE ( 'NONE', *, *, #1304, .F. ) ;
#2022 = AXIS2_PLACEMENT_3D ( 'NONE', #1903, #817, #1730 ) ;
#2023 = SURFACE_STYLE_FILL_AREA ( #1403 ) ;
#2024 = AXIS2_PLACEMENT_3D ( 'NONE', #584, #1994, #1408 ) ;
#2025 = STYLED_ITEM ( 'NONE', ( #509 ), #2001 ) ;
#2026 = CARTESIAN_POINT ( 'NONE',  ( 1.909297531231847422, 0.000000000000000000, 0.000000000000000000 ) ) ;
#2027 = FILL_AREA_STYLE ('',( #1831 ) ) ;
#2028 = ORIENTED_EDGE ( 'NONE', *, *, #1453, .T. ) ;
#2029 = ORIENTED_EDGE ( 'NONE', *, *, #1426, .F. ) ;
#2030 = ADVANCED_FACE ( 'NONE', ( #1236 ), #1229, .F. ) ;
#2031 = DIRECTION ( 'NONE',  ( -0.000000000000000000, 0.000000000000000000, -1.000000000000000000 ) ) ;
#2032 = EDGE_CURVE ( 'NONE', #954, #148, #1219, .T. ) ;
#2033 = ORIENTED_EDGE ( 'NONE', *, *, #1088, .F. ) ;
#2034 =( NAMED_UNIT ( * ) PLANE_ANGLE_UNIT ( ) SI_UNIT ( $, .RADIAN. ) );
#2035 = LINE ( 'NONE', #1440, #432 ) ;
#2036 = ORIENTED_EDGE ( 'NONE', *, *, #1414, .T. ) ;
#2037 = SURFACE_STYLE_USAGE ( .BOTH. , #1243 ) ;
#2038 = VERTEX_POINT ( 'NONE', #689 ) ;
#2039 = UNCERTAINTY_MEASURE_WITH_UNIT (LENGTH_MEASURE( 1.000000000000000082E-05 ), #1314, 'distance_accuracy_value', 'NONE');
#2040 = FILL_AREA_STYLE_COLOUR ( '', #379 ) ;
#2041 = EDGE_LOOP ( 'NONE', ( #1804, #229, #897, #2029 ) ) ;
#2042 = SURFACE_STYLE_USAGE ( .BOTH. , #262 ) ;
#2043 = SURFACE_STYLE_USAGE ( .BOTH. , #2000 ) ;
#2044 = EDGE_CURVE ( 'NONE', #954, #2045, #1538, .T. ) ;
#2045 = VERTEX_POINT ( 'NONE', #1073 ) ;
#2046 =( NAMED_UNIT ( * ) PLANE_ANGLE_UNIT ( ) SI_UNIT ( $, .RADIAN. ) );
#2047 =( GEOMETRIC_REPRESENTATION_CONTEXT ( 3 ) GLOBAL_UNCERTAINTY_ASSIGNED_CONTEXT ( ( #138 ) ) GLOBAL_UNIT_ASSIGNED_CONTEXT ( ( #1026, #384, #858 ) ) REPRESENTATION_CONTEXT ( 'NONE', 'WORKASPACE' ) );
#2048 = STYLED_ITEM ( 'NONE', ( #1651 ), #589 ) ;
#2049 = ORIENTED_EDGE ( 'NONE', *, *, #1510, .T. ) ;
#2050 = AXIS2_PLACEMENT_3D ( 'NONE', #1579, #438, #615 ) ;
#2051 = CARTESIAN_POINT ( 'NONE',  ( 6.299999999999999822, 0.000000000000000000, -1.050000000000000044 ) ) ;
ENDSEC;
END-ISO-10303-21;
