ISO-10303-21;
HEADER;
FILE_DESCRIPTION (( 'STEP AP214' ),
    '1' );
FILE_NAME ('Resistor11.5x4.5x22.86.STEP',
    '2026-02-17T15:34:38',
    ( '' ),
    ( '' ),
    'SwSTEP 2.0',
    'SolidWorks 2026',
    '' );
FILE_SCHEMA (( 'AUTOMOTIVE_DESIGN' ));
ENDSEC;

DATA;
#1 = FACE_OUTER_BOUND ( 'NONE', #1082, .T. ) ;
#2 = SURFACE_STYLE_USAGE ( .BOTH. , #1995 ) ;
#3 = DIRECTION ( 'NONE',  ( 5.100766768294536407E-17, 1.000000000000000000, 0.000000000000000000 ) ) ;
#4 = FACE_OUTER_BOUND ( 'NONE', #868, .T. ) ;
#5 = DIRECTION ( 'NONE',  ( 0.000000000000000000, 0.000000000000000000, -1.000000000000000000 ) ) ;
#6 = LINE ( 'NONE', #1618, #1918 ) ;
#7 = UNCERTAINTY_MEASURE_WITH_UNIT (LENGTH_MEASURE( 1.000000000000000082E-05 ), #1374, 'distance_accuracy_value', 'NONE');
#8 = SURFACE_STYLE_FILL_AREA ( #1437 ) ;
#9 = EDGE_LOOP ( 'NONE', ( #1319, #1553 ) ) ;
#10 = EDGE_CURVE ( 'NONE', #1523, #175, #506, .T. ) ;
#11 = COLOUR_RGB ( '',0.6470588235294117974, 0.6196078431372549211, 0.5882352941176470784 ) ;
#12 =( GEOMETRIC_REPRESENTATION_CONTEXT ( 3 ) GLOBAL_UNCERTAINTY_ASSIGNED_CONTEXT ( ( #1649 ) ) GLOBAL_UNIT_ASSIGNED_CONTEXT ( ( #628, #2038, #648 ) ) REPRESENTATION_CONTEXT ( 'NONE', 'WORKASPACE' ) );
#13 = DIRECTION ( 'NONE',  ( 0.000000000000000000, -1.000000000000000000, 0.000000000000000000 ) ) ;
#14 = SHAPE_DEFINITION_REPRESENTATION ( #470, #203 ) ;
#15 =( GEOMETRIC_REPRESENTATION_CONTEXT ( 3 ) GLOBAL_UNCERTAINTY_ASSIGNED_CONTEXT ( ( #240 ) ) GLOBAL_UNIT_ASSIGNED_CONTEXT ( ( #1732, #1282, #1401 ) ) REPRESENTATION_CONTEXT ( 'NONE', 'WORKASPACE' ) );
#16 = PRESENTATION_STYLE_ASSIGNMENT (( #973 ) ) ;
#17 = AXIS2_PLACEMENT_3D ( 'NONE', #314, #793, #1428 ) ;
#18 =( GEOMETRIC_REPRESENTATION_CONTEXT ( 3 ) GLOBAL_UNCERTAINTY_ASSIGNED_CONTEXT ( ( #392 ) ) GLOBAL_UNIT_ASSIGNED_CONTEXT ( ( #1112, #309, #1302 ) ) REPRESENTATION_CONTEXT ( 'NONE', 'WORKASPACE' ) );
#19 = CARTESIAN_POINT ( 'NONE',  ( -4.679999999999999716, -1.000000000000001554, 0.000000000000000000 ) ) ;
#20 = CARTESIAN_POINT ( 'NONE',  ( 16.17999999999999972, -1.000000000000001554, 4.898587196589413075E-17 ) ) ;
#21 = FACE_OUTER_BOUND ( 'NONE', #504, .T. ) ;
#22 = VECTOR ( 'NONE', #1795, 1000.000000000000000 ) ;
#23 =( NAMED_UNIT ( * ) PLANE_ANGLE_UNIT ( ) SI_UNIT ( $, .RADIAN. ) );
#24 = VECTOR ( 'NONE', #173, 1000.000000000000000 ) ;
#25 = SURFACE_STYLE_FILL_AREA ( #1167 ) ;
#26 = FILL_AREA_STYLE_COLOUR ( '', #1875 ) ;
#27 =( LENGTH_UNIT ( ) NAMED_UNIT ( * ) SI_UNIT ( .MILLI., .METRE. ) );
#28 = MECHANICAL_DESIGN_GEOMETRIC_PRESENTATION_REPRESENTATION (  '', ( #1063 ), #962 ) ;
#29 = ORIENTED_EDGE ( 'NONE', *, *, #1811, .F. ) ;
#30 = DIRECTION ( 'NONE',  ( 1.000000000000000000, 0.000000000000000000, 0.000000000000000000 ) ) ;
#31 = SURFACE_STYLE_FILL_AREA ( #650 ) ;
#32 = ORIENTED_EDGE ( 'NONE', *, *, #1733, .T. ) ;
#33 =( NAMED_UNIT ( * ) PLANE_ANGLE_UNIT ( ) SI_UNIT ( $, .RADIAN. ) );
#34 = DIRECTION ( 'NONE',  ( -1.000000000000000000, 0.000000000000000000, 1.084202172485504187E-16 ) ) ;
#35 = PRESENTATION_STYLE_ASSIGNMENT (( #1614 ) ) ;
#36 = EDGE_CURVE ( 'NONE', #407, #175, #1187, .T. ) ;
#37 = DIRECTION ( 'NONE',  ( 1.000000000000000000, -0.000000000000000000, -0.000000000000000000 ) ) ;
#38 = ORIENTED_EDGE ( 'NONE', *, *, #294, .F. ) ;
#39 =( NAMED_UNIT ( * ) PLANE_ANGLE_UNIT ( ) SI_UNIT ( $, .RADIAN. ) );
#40 = ORIENTED_EDGE ( 'NONE', *, *, #1873, .T. ) ;
#41 = DIRECTION ( 'NONE',  ( 0.000000000000000000, 0.000000000000000000, -1.000000000000000000 ) ) ;
#42 = SURFACE_STYLE_FILL_AREA ( #367 ) ;
#43 = AXIS2_PLACEMENT_3D ( 'NONE', #686, #694, #663 ) ;
#44 = DIRECTION ( 'NONE',  ( 0.000000000000000000, 0.000000000000000000, -1.000000000000000000 ) ) ;
#45 = PRESENTATION_LAYER_ASSIGNMENT (  '', '', ( #75 ) ) ;
#46 = FACE_OUTER_BOUND ( 'NONE', #883, .T. ) ;
#47 = ORIENTED_EDGE ( 'NONE', *, *, #996, .F. ) ;
#48 = SURFACE_STYLE_USAGE ( .BOTH. , #380 ) ;
#49 = DIRECTION ( 'NONE',  ( 0.000000000000000000, 0.000000000000000000, -1.000000000000000000 ) ) ;
#50 = CIRCLE ( 'NONE', #1214, 2.099999999999999645 ) ;
#51 = ADVANCED_FACE ( 'NONE', ( #1815 ), #383, .F. ) ;
#52 = COLOUR_RGB ( '',0.8313725490196077761, 1.000000000000000000, 0.8666666666666666963 ) ;
#53 = STYLED_ITEM ( 'NONE', ( #846 ), #1426 ) ;
#54 = CARTESIAN_POINT ( 'NONE',  ( 1.442928578572856724, 0.000000000000000000, -1.749999999999999778 ) ) ;
#55 = TOROIDAL_SURFACE ( 'NONE', #1910, 1.749999999999999778, 0.5000000000000000000 ) ;
#56 = PRESENTATION_LAYER_ASSIGNMENT (  '', '', ( #958 ) ) ;
#57 = CARTESIAN_POINT ( 'NONE',  ( 10.05707142142714439, 0.000000000000000000, 0.000000000000000000 ) ) ;
#58 = CIRCLE ( 'NONE', #1227, 0.4000000000000000222 ) ;
#59 = ORIENTED_EDGE ( 'NONE', *, *, #774, .T. ) ;
#60 = SURFACE_SIDE_STYLE ('',( #221 ) ) ;
#61 = CARTESIAN_POINT ( 'NONE',  ( 16.17999999999999972, -5.731347020009612152E-16, 0.000000000000000000 ) ) ;
#62 = ADVANCED_FACE ( 'NONE', ( #2050 ), #1403, .T. ) ;
#63 = EDGE_CURVE ( 'NONE', #85, #720, #1247, .T. ) ;
#64 = SURFACE_STYLE_USAGE ( .BOTH. , #1324 ) ;
#65 = FACE_OUTER_BOUND ( 'NONE', #1091, .T. ) ;
#66 = EDGE_LOOP ( 'NONE', ( #991, #1688, #205, #737 ) ) ;
#67 = CARTESIAN_POINT ( 'NONE',  ( 11.00000000000000000, 0.000000000000000000, -1.749999999999999778 ) ) ;
#68 = CARTESIAN_POINT ( 'NONE',  ( 11.50000000000000000, 0.000000000000000000, -2.099999999999999645 ) ) ;
#69 = UNCERTAINTY_MEASURE_WITH_UNIT (LENGTH_MEASURE( 1.000000000000000082E-05 ), #1459, 'distance_accuracy_value', 'NONE');
#70 = DIRECTION ( 'NONE',  ( 0.000000000000000000, 0.000000000000000000, -1.000000000000000000 ) ) ;
#71 = CARTESIAN_POINT ( 'NONE',  ( 1.909297531231847422, 0.000000000000000000, -2.099999999999999645 ) ) ;
#72 = SURFACE_STYLE_USAGE ( .BOTH. , #1373 ) ;
#73 = COLOUR_RGB ( '',0.9098039215686274384, 0.4431372549019607643, 0.03137254901960784270 ) ;
#74 = ORIENTED_EDGE ( 'NONE', *, *, #259, .F. ) ;
#75 = STYLED_ITEM ( 'NONE', ( #1340 ), #347 ) ;
#76 = CARTESIAN_POINT ( 'NONE',  ( 9.590702468768151689, 2.571758278209440971E-16, 2.099999999999999645 ) ) ;
#77 =( GEOMETRIC_REPRESENTATION_CONTEXT ( 3 ) GLOBAL_UNCERTAINTY_ASSIGNED_CONTEXT ( ( #1039 ) ) GLOBAL_UNIT_ASSIGNED_CONTEXT ( ( #1202, #405, #1976 ) ) REPRESENTATION_CONTEXT ( 'NONE', 'WORKASPACE' ) );
#78 = AXIS2_PLACEMENT_3D ( 'NONE', #1947, #1003, #1759 ) ;
#79 = DIRECTION ( 'NONE',  ( 1.000000000000000000, -0.000000000000000000, -0.000000000000000000 ) ) ;
#80 = FILL_AREA_STYLE ('',( #1883 ) ) ;
#81 = PRESENTATION_STYLE_ASSIGNMENT (( #865 ) ) ;
#82 = VECTOR ( 'NONE', #799, 1000.000000000000000 ) ;
#83 = CARTESIAN_POINT ( 'NONE',  ( 11.50000000000000000, 0.000000000000000000, 0.000000000000000000 ) ) ;
#84 = EDGE_CURVE ( 'NONE', #591, #781, #1700, .T. ) ;
#85 = VERTEX_POINT ( 'NONE', #980 ) ;
#86 = TOROIDAL_SURFACE ( 'NONE', #1329, 2.399999999998701394, 0.2999999999999999889 ) ;
#87 = DIRECTION ( 'NONE',  ( 0.000000000000000000, 0.000000000000000000, -1.000000000000000000 ) ) ;
#88 = CYLINDRICAL_SURFACE ( 'NONE', #961, 2.099999999999999645 ) ;
#89 = EDGE_CURVE ( 'NONE', #1505, #1009, #1863, .T. ) ;
#90 = VECTOR ( 'NONE', #1058, 1000.000000000000000 ) ;
#91 = UNCERTAINTY_MEASURE_WITH_UNIT (LENGTH_MEASURE( 1.000000000000000082E-05 ), #27, 'distance_accuracy_value', 'NONE');
#92 = ORIENTED_EDGE ( 'NONE', *, *, #1339, .T. ) ;
#93 = DIRECTION ( 'NONE',  ( 0.000000000000000000, 0.000000000000000000, -1.000000000000000000 ) ) ;
#94 = LINE ( 'NONE', #619, #90 ) ;
#95 = DIRECTION ( 'NONE',  ( 0.000000000000000000, 1.000000000000000000, -1.224646799147353207E-16 ) ) ;
#96 = PRESENTATION_STYLE_ASSIGNMENT (( #590 ) ) ;
#97 = EDGE_CURVE ( 'NONE', #720, #906, #317, .T. ) ;
#98 = EDGE_LOOP ( 'NONE', ( #1239, #472, #588, #1715 ) ) ;
#99 = CARTESIAN_POINT ( 'NONE',  ( 11.50000000000000000, 2.571758278209440971E-16, 2.099999999999999645 ) ) ;
#100 = DIRECTION ( 'NONE',  ( -1.000000000000000000, -0.000000000000000000, -0.000000000000000000 ) ) ;
#101 = CYLINDRICAL_SURFACE ( 'NONE', #423, 0.4000000000000010214 ) ;
#102 = VERTEX_POINT ( 'NONE', #1631 ) ;
#103 = CARTESIAN_POINT ( 'NONE',  ( 11.50000000000000000, 0.000000000000000000, 0.000000000000000000 ) ) ;
#104 = DIRECTION ( 'NONE',  ( 1.000000000000000000, -0.000000000000000000, -0.000000000000000000 ) ) ;
#105 = FILL_AREA_STYLE_COLOUR ( '', #652 ) ;
#106 = FILL_AREA_STYLE ('',( #1013 ) ) ;
#107 = DIRECTION ( 'NONE',  ( -1.000000000000000000, 0.000000000000000000, 0.000000000000000000 ) ) ;
#108 = ORIENTED_EDGE ( 'NONE', *, *, #281, .T. ) ;
#109 = FACE_OUTER_BOUND ( 'NONE', #412, .T. ) ;
#110 = CARTESIAN_POINT ( 'NONE',  ( 0.000000000000000000, 0.000000000000000000, -1.749999999999999778 ) ) ;
#111 = EDGE_CURVE ( 'NONE', #809, #606, #348, .T. ) ;
#112 = AXIS2_PLACEMENT_3D ( 'NONE', #984, #201, #1780 ) ;
#113 = UNCERTAINTY_MEASURE_WITH_UNIT (LENGTH_MEASURE( 1.000000000000000082E-05 ), #1936, 'distance_accuracy_value', 'NONE');
#114 = CYLINDRICAL_SURFACE ( 'NONE', #881, 0.4000000000000000222 ) ;
#115 = STYLED_ITEM ( 'NONE', ( #818 ), #285 ) ;
#116 = EDGE_LOOP ( 'NONE', ( #1691, #974 ) ) ;
#117 = DIRECTION ( 'NONE',  ( 0.000000000000000000, 0.000000000000000000, -1.000000000000000000 ) ) ;
#118 = SURFACE_SIDE_STYLE ('',( #1533 ) ) ;
#119 = AXIS2_PLACEMENT_3D ( 'NONE', #447, #1248, #1998 ) ;
#120 = CARTESIAN_POINT ( 'NONE',  ( 17.58000000000000185, -6.000000000000001776, 0.000000000000000000 ) ) ;
#121 =( GEOMETRIC_REPRESENTATION_CONTEXT ( 3 ) GLOBAL_UNCERTAINTY_ASSIGNED_CONTEXT ( ( #731 ) ) GLOBAL_UNIT_ASSIGNED_CONTEXT ( ( #990, #1748, #1740 ) ) REPRESENTATION_CONTEXT ( 'NONE', 'WORKASPACE' ) );
#122 = ORIENTED_EDGE ( 'NONE', *, *, #323, .T. ) ;
#123 = SURFACE_STYLE_USAGE ( .BOTH. , #1205 ) ;
#124 = CIRCLE ( 'NONE', #225, 2.250000000000000000 ) ;
#125 = SURFACE_STYLE_FILL_AREA ( #1065 ) ;
#126 = AXIS2_PLACEMENT_3D ( 'NONE', #140, #1406, #604 ) ;
#127 = PRESENTATION_LAYER_ASSIGNMENT (  '', '', ( #715 ) ) ;
#128 = PRESENTATION_STYLE_ASSIGNMENT (( #1068 ) ) ;
#129 = ORIENTED_EDGE ( 'NONE', *, *, #1199, .T. ) ;
#130 =( GEOMETRIC_REPRESENTATION_CONTEXT ( 3 ) GLOBAL_UNCERTAINTY_ASSIGNED_CONTEXT ( ( #1270 ) ) GLOBAL_UNIT_ASSIGNED_CONTEXT ( ( #1488, #1972, #409 ) ) REPRESENTATION_CONTEXT ( 'NONE', 'WORKASPACE' ) );
#131 = ORIENTED_EDGE ( 'NONE', *, *, #1937, .F. ) ;
#132 = DIRECTION ( 'NONE',  ( 0.000000000000000000, 0.000000000000000000, -1.000000000000000000 ) ) ;
#133 = ADVANCED_FACE ( 'NONE', ( #1157 ), #1347, .T. ) ;
#134 = EDGE_CURVE ( 'NONE', #311, #373, #245, .T. ) ;
#135 = CYLINDRICAL_SURFACE ( 'NONE', #1085, 2.099999999999999645 ) ;
#136 = CARTESIAN_POINT ( 'NONE',  ( -5.679999999999999716, -6.000000000000001776, 0.000000000000000000 ) ) ;
#137 = ORIENTED_EDGE ( 'NONE', *, *, #1660, .T. ) ;
#138 = FILL_AREA_STYLE ('',( #894 ) ) ;
#139 = SURFACE_STYLE_FILL_AREA ( #1556 ) ;
#140 = CARTESIAN_POINT ( 'NONE',  ( 11.50000000000000000, 0.000000000000000000, 0.000000000000000000 ) ) ;
#141 = UNCERTAINTY_MEASURE_WITH_UNIT (LENGTH_MEASURE( 1.000000000000000082E-05 ), #1031, 'distance_accuracy_value', 'NONE');
#142 =( LENGTH_UNIT ( ) NAMED_UNIT ( * ) SI_UNIT ( .MILLI., .METRE. ) );
#143 = ORIENTED_EDGE ( 'NONE', *, *, #2027, .F. ) ;
#144 = ORIENTED_EDGE ( 'NONE', *, *, #1392, .T. ) ;
#145 = PRESENTATION_STYLE_ASSIGNMENT (( #589 ) ) ;
#146 = FACE_OUTER_BOUND ( 'NONE', #656, .T. ) ;
#147 = CARTESIAN_POINT ( 'NONE',  ( 17.17999999999999972, -6.000000000000001776, 0.000000000000000000 ) ) ;
#148 = ADVANCED_FACE ( 'NONE', ( #1567 ), #1615, .T. ) ;
#149 = DIRECTION ( 'NONE',  ( 0.000000000000000000, 0.000000000000000000, -1.000000000000000000 ) ) ;
#150 =( NAMED_UNIT ( * ) SI_UNIT ( $, .STERADIAN. ) SOLID_ANGLE_UNIT ( ) );
#151 = CARTESIAN_POINT ( 'NONE',  ( 11.50000000000000000, 0.000000000000000000, 0.000000000000000000 ) ) ;
#152 = ORIENTED_EDGE ( 'NONE', *, *, #1967, .F. ) ;
#153 =( GEOMETRIC_REPRESENTATION_CONTEXT ( 3 ) GLOBAL_UNCERTAINTY_ASSIGNED_CONTEXT ( ( #282 ) ) GLOBAL_UNIT_ASSIGNED_CONTEXT ( ( #625, #953, #1753 ) ) REPRESENTATION_CONTEXT ( 'NONE', 'WORKASPACE' ) );
#154 = VERTEX_POINT ( 'NONE', #1764 ) ;
#155 = AXIS2_PLACEMENT_3D ( 'NONE', #692, #1025, #493 ) ;
#156 =( GEOMETRIC_REPRESENTATION_CONTEXT ( 3 ) GLOBAL_UNCERTAINTY_ASSIGNED_CONTEXT ( ( #801 ) ) GLOBAL_UNIT_ASSIGNED_CONTEXT ( ( #866, #696, #1352 ) ) REPRESENTATION_CONTEXT ( 'NONE', 'WORKASPACE' ) );
#157 = PRESENTATION_STYLE_ASSIGNMENT (( #1432 ) ) ;
#158 = DIRECTION ( 'NONE',  ( 1.000000000000000000, 0.000000000000000000, -1.084202172485504434E-16 ) ) ;
#159 = ORIENTED_EDGE ( 'NONE', *, *, #1489, .T. ) ;
#160 = EDGE_CURVE ( 'NONE', #1009, #441, #675, .T. ) ;
#161 =( NAMED_UNIT ( * ) SI_UNIT ( $, .STERADIAN. ) SOLID_ANGLE_UNIT ( ) );
#162 = UNCERTAINTY_MEASURE_WITH_UNIT (LENGTH_MEASURE( 1.000000000000000082E-05 ), #341, 'distance_accuracy_value', 'NONE');
#163 = VECTOR ( 'NONE', #550, 1000.000000000000000 ) ;
#164 = EDGE_CURVE ( 'NONE', #231, #1023, #736, .T. ) ;
#165 = CYLINDRICAL_SURFACE ( 'NONE', #393, 2.099999999999999645 ) ;
#166 = SURFACE_STYLE_USAGE ( .BOTH. , #747 ) ;
#167 = CIRCLE ( 'NONE', #431, 1.749999999999999778 ) ;
#168 = AXIS2_PLACEMENT_3D ( 'NONE', #1367, #1496, #1038 ) ;
#169 = DIRECTION ( 'NONE',  ( 0.000000000000000000, 0.000000000000000000, -1.000000000000000000 ) ) ;
#170 = ORIENTED_EDGE ( 'NONE', *, *, #1939, .F. ) ;
#171 = DIRECTION ( 'NONE',  ( 1.000000000000000000, 0.000000000000000000, 0.000000000000000000 ) ) ;
#172 = EDGE_CURVE ( 'NONE', #231, #1854, #1896, .T. ) ;
#173 = DIRECTION ( 'NONE',  ( 1.000000000000000000, -0.000000000000000000, -0.000000000000000000 ) ) ;
#174 = DIRECTION ( 'NONE',  ( 0.000000000000000000, 0.000000000000000000, 1.000000000000000000 ) ) ;
#175 = VERTEX_POINT ( 'NONE', #997 ) ;
#176 = FILL_AREA_STYLE_COLOUR ( '', #1932 ) ;
#177 = FILL_AREA_STYLE ('',( #1882 ) ) ;
#178 = FACE_OUTER_BOUND ( 'NONE', #1723, .T. ) ;
#179 = AXIS2_PLACEMENT_3D ( 'NONE', #1315, #1144, #1624 ) ;
#180 = STYLED_ITEM ( 'NONE', ( #1000 ), #199 ) ;
#181 = CARTESIAN_POINT ( 'NONE',  ( 11.50000000000000000, 0.000000000000000000, 0.000000000000000000 ) ) ;
#182 = AXIS2_PLACEMENT_3D ( 'NONE', #1654, #352, #1460 ) ;
#183 = PRESENTATION_LAYER_ASSIGNMENT (  '', '', ( #1996 ) ) ;
#184 = DIRECTION ( 'NONE',  ( 0.000000000000000000, 0.000000000000000000, -1.000000000000000000 ) ) ;
#185 = CYLINDRICAL_SURFACE ( 'NONE', #756, 2.099999999999999645 ) ;
#186 = AXIS2_PLACEMENT_3D ( 'NONE', #1524, #104, #716 ) ;
#187 = ORIENTED_EDGE ( 'NONE', *, *, #84, .F. ) ;
#188 = PRESENTATION_LAYER_ASSIGNMENT (  '', '', ( #357 ) ) ;
#189 = PLANE ( 'NONE',  #1837 ) ;
#190 =( NAMED_UNIT ( * ) SI_UNIT ( $, .STERADIAN. ) SOLID_ANGLE_UNIT ( ) );
#191 = EDGE_LOOP ( 'NONE', ( #2029, #915, #1235, #1160 ) ) ;
#192 = AXIS2_PLACEMENT_3D ( 'NONE', #1793, #1467, #1194 ) ;
#193 = VECTOR ( 'NONE', #202, 1000.000000000000000 ) ;
#194 = DIRECTION ( 'NONE',  ( -1.000000000000000000, -0.000000000000000000, -0.000000000000000000 ) ) ;
#195 = EDGE_CURVE ( 'NONE', #522, #1750, #415, .T. ) ;
#196 = CIRCLE ( 'NONE', #228, 2.099999999999999645 ) ;
#197 = PRESENTATION_STYLE_ASSIGNMENT (( #1610 ) ) ;
#198 = COLOUR_RGB ( '',0.6470588235294117974, 0.6196078431372549211, 0.5882352941176470784 ) ;
#199 = ADVANCED_FACE ( 'NONE', ( #1462 ), #1325, .T. ) ;
#200 = MECHANICAL_DESIGN_GEOMETRIC_PRESENTATION_REPRESENTATION (  '', ( #755 ), #130 ) ;
#201 = DIRECTION ( 'NONE',  ( 0.000000000000000000, 1.000000000000000000, -1.224646799147353207E-16 ) ) ;
#202 = DIRECTION ( 'NONE',  ( 1.000000000000000000, -0.000000000000000000, -0.000000000000000000 ) ) ;
#203 = ADVANCED_BREP_SHAPE_REPRESENTATION ( 'Resistor11.5x4.5x22.86', ( #1804, #1480 ), #1720 ) ;
#204 = PRODUCT_DEFINITION_FORMATION_WITH_SPECIFIED_SOURCE ( 'ANY', '', #782, .NOT_KNOWN. ) ;
#205 = ORIENTED_EDGE ( 'NONE', *, *, #1305, .T. ) ;
#206 = DIRECTION ( 'NONE',  ( 1.000000000000000000, -1.224646799147353454E-16, 0.000000000000000000 ) ) ;
#207 = DIRECTION ( 'NONE',  ( 0.000000000000000000, 0.000000000000000000, -1.000000000000000000 ) ) ;
#208 = ADVANCED_FACE ( 'NONE', ( #699 ), #841, .T. ) ;
#209 = SURFACE_STYLE_USAGE ( .BOTH. , #833 ) ;
#210 = CARTESIAN_POINT ( 'NONE',  ( 9.765590826015856152, 0.000000000000000000, 0.000000000000000000 ) ) ;
#211 = PRESENTATION_STYLE_ASSIGNMENT (( #1573 ) ) ;
#212 = ORIENTED_EDGE ( 'NONE', *, *, #1501, .F. ) ;
#213 =( NAMED_UNIT ( * ) SI_UNIT ( $, .STERADIAN. ) SOLID_ANGLE_UNIT ( ) );
#214 =( NAMED_UNIT ( * ) PLANE_ANGLE_UNIT ( ) SI_UNIT ( $, .RADIAN. ) );
#215 = CYLINDRICAL_SURFACE ( 'NONE', #182, 0.4000000000000001887 ) ;
#216 = VECTOR ( 'NONE', #37, 1000.000000000000000 ) ;
#217 = AXIS2_PLACEMENT_3D ( 'NONE', #302, #615, #1114 ) ;
#218 = LINE ( 'NONE', #735, #1813 ) ;
#219 = COLOUR_RGB ( '',0.6470588235294117974, 0.6196078431372549211, 0.5882352941176470784 ) ;
#220 = ORIENTED_EDGE ( 'NONE', *, *, #552, .T. ) ;
#221 = SURFACE_STYLE_FILL_AREA ( #1945 ) ;
#222 =( LENGTH_UNIT ( ) NAMED_UNIT ( * ) SI_UNIT ( .MILLI., .METRE. ) );
#223 = AXIS2_PLACEMENT_3D ( 'NONE', #870, #544, #93 ) ;
#224 = CIRCLE ( 'NONE', #1293, 2.250000000000000000 ) ;
#225 = AXIS2_PLACEMENT_3D ( 'NONE', #1170, #584, #1707 ) ;
#226 = CYLINDRICAL_SURFACE ( 'NONE', #1455, 2.099999999999999645 ) ;
#227 = DIRECTION ( 'NONE',  ( 0.000000000000000000, 0.000000000000000000, 1.000000000000000000 ) ) ;
#228 = AXIS2_PLACEMENT_3D ( 'NONE', #1007, #998, #689 ) ;
#229 = COLOUR_RGB ( '',0.000000000000000000, 0.7529411764705882248, 0.000000000000000000 ) ;
#230 = AXIS2_PLACEMENT_3D ( 'NONE', #904, #1528, #739 ) ;
#231 = VERTEX_POINT ( 'NONE', #540 ) ;
#232 = FACE_OUTER_BOUND ( 'NONE', #1400, .T. ) ;
#233 = SURFACE_SIDE_STYLE ('',( #1802 ) ) ;
#234 = DIRECTION ( 'NONE',  ( 0.000000000000000000, 0.000000000000000000, -1.000000000000000000 ) ) ;
#235 = FILL_AREA_STYLE_COLOUR ( '', #671 ) ;
#236 = SURFACE_STYLE_FILL_AREA ( #1483 ) ;
#237 = CARTESIAN_POINT ( 'NONE',  ( 4.759297531231847955, 2.571758278209440971E-16, 2.099999999999999645 ) ) ;
#238 = EDGE_LOOP ( 'NONE', ( #576, #1076 ) ) ;
#239 = SURFACE_STYLE_USAGE ( .BOTH. , #554 ) ;
#240 = UNCERTAINTY_MEASURE_WITH_UNIT (LENGTH_MEASURE( 1.000000000000000082E-05 ), #1732, 'distance_accuracy_value', 'NONE');
#241 =( NAMED_UNIT ( * ) PLANE_ANGLE_UNIT ( ) SI_UNIT ( $, .RADIAN. ) );
#242 = DIRECTION ( 'NONE',  ( 1.000000000000000000, 0.000000000000000000, 0.000000000000000000 ) ) ;
#243 =( LENGTH_UNIT ( ) NAMED_UNIT ( * ) SI_UNIT ( .MILLI., .METRE. ) );
#244 = CARTESIAN_POINT ( 'NONE',  ( 4.759297531231847955, 0.000000000000000000, 0.000000000000000000 ) ) ;
#245 = CIRCLE ( 'NONE', #1763, 0.5999999999999998668 ) ;
#246 = ORIENTED_EDGE ( 'NONE', *, *, #1895, .F. ) ;
#247 = AXIS2_PLACEMENT_3D ( 'NONE', #461, #1097, #798 ) ;
#248 = CARTESIAN_POINT ( 'NONE',  ( 16.17999999999999972, 0.3999999999999994116, 0.000000000000000000 ) ) ;
#249 = DIRECTION ( 'NONE',  ( 1.000000000000000000, -0.000000000000000000, -0.000000000000000000 ) ) ;
#250 = AXIS2_PLACEMENT_3D ( 'NONE', #890, #2024, #771 ) ;
#251 = AXIS2_PLACEMENT_3D ( 'NONE', #528, #1018, #1079 ) ;
#252 = CIRCLE ( 'NONE', #1121, 2.250000000000000000 ) ;
#253 = VERTEX_POINT ( 'NONE', #902 ) ;
#254 = PLANE ( 'NONE',  #516 ) ;
#255 = FILL_AREA_STYLE ('',( #565 ) ) ;
#256 = ADVANCED_FACE ( 'NONE', ( #109 ), #1084, .T. ) ;
#257 = SURFACE_STYLE_FILL_AREA ( #1395 ) ;
#258 = MECHANICAL_DESIGN_GEOMETRIC_PRESENTATION_REPRESENTATION (  '', ( #715 ), #396 ) ;
#259 = EDGE_CURVE ( 'NONE', #102, #291, #1014, .T. ) ;
#260 = LINE ( 'NONE', #1396, #844 ) ;
#261 = ORIENTED_EDGE ( 'NONE', *, *, #863, .T. ) ;
#262 =( NAMED_UNIT ( * ) PLANE_ANGLE_UNIT ( ) SI_UNIT ( $, .RADIAN. ) );
#263 = DIRECTION ( 'NONE',  ( 0.000000000000000000, 0.000000000000000000, 1.000000000000000000 ) ) ;
#264 = AXIS2_PLACEMENT_3D ( 'NONE', #1979, #1171, #1196 ) ;
#265 = DIRECTION ( 'NONE',  ( 0.000000000000000000, 0.000000000000000000, -1.000000000000000000 ) ) ;
#266 = ORIENTED_EDGE ( 'NONE', *, *, #377, .F. ) ;
#267 = DIRECTION ( 'NONE',  ( 0.000000000000000000, 0.000000000000000000, -1.000000000000000000 ) ) ;
#268 =( NAMED_UNIT ( * ) PLANE_ANGLE_UNIT ( ) SI_UNIT ( $, .RADIAN. ) );
#269 = DIRECTION ( 'NONE',  ( 1.000000000000000000, -0.000000000000000000, -0.000000000000000000 ) ) ;
#270 = DIRECTION ( 'NONE',  ( 1.000000000000000000, -0.000000000000000000, -0.000000000000000000 ) ) ;
#271 = VERTEX_POINT ( 'NONE', #1891 ) ;
#272 = SURFACE_SIDE_STYLE ('',( #593 ) ) ;
#273 = DIRECTION ( 'NONE',  ( 1.734723475976807341E-16, -1.000000000000000000, 0.000000000000000000 ) ) ;
#274 = FILL_AREA_STYLE_COLOUR ( '', #575 ) ;
#275 = ORIENTED_EDGE ( 'NONE', *, *, #164, .F. ) ;
#276 = FILL_AREA_STYLE_COLOUR ( '', #1842 ) ;
#277 =( LENGTH_UNIT ( ) NAMED_UNIT ( * ) SI_UNIT ( .MILLI., .METRE. ) );
#278 = ORIENTED_EDGE ( 'NONE', *, *, #1174, .F. ) ;
#279 = AXIS2_PLACEMENT_3D ( 'NONE', #1440, #1077, #298 ) ;
#280 =( NAMED_UNIT ( * ) PLANE_ANGLE_UNIT ( ) SI_UNIT ( $, .RADIAN. ) );
#281 = EDGE_CURVE ( 'NONE', #921, #606, #874, .T. ) ;
#282 = UNCERTAINTY_MEASURE_WITH_UNIT (LENGTH_MEASURE( 1.000000000000000082E-05 ), #625, 'distance_accuracy_value', 'NONE');
#283 =( NAMED_UNIT ( * ) SI_UNIT ( $, .STERADIAN. ) SOLID_ANGLE_UNIT ( ) );
#284 =( GEOMETRIC_REPRESENTATION_CONTEXT ( 3 ) GLOBAL_UNCERTAINTY_ASSIGNED_CONTEXT ( ( #1242 ) ) GLOBAL_UNIT_ASSIGNED_CONTEXT ( ( #751, #728, #592 ) ) REPRESENTATION_CONTEXT ( 'NONE', 'WORKASPACE' ) );
#285 = ADVANCED_FACE ( 'NONE', ( #4 ), #955, .T. ) ;
#286 = ORIENTED_EDGE ( 'NONE', *, *, #1821, .T. ) ;
#287 =( GEOMETRIC_REPRESENTATION_CONTEXT ( 3 ) GLOBAL_UNCERTAINTY_ASSIGNED_CONTEXT ( ( #1817 ) ) GLOBAL_UNIT_ASSIGNED_CONTEXT ( ( #243, #1835, #427 ) ) REPRESENTATION_CONTEXT ( 'NONE', 'WORKASPACE' ) );
#288 = CARTESIAN_POINT ( 'NONE',  ( 17.17999999999999972, -1.000000000000000888, 0.000000000000000000 ) ) ;
#289 =( NAMED_UNIT ( * ) PLANE_ANGLE_UNIT ( ) SI_UNIT ( $, .RADIAN. ) );
#290 = AXIS2_PLACEMENT_3D ( 'NONE', #381, #859, #389 ) ;
#291 = VERTEX_POINT ( 'NONE', #934 ) ;
#292 = CYLINDRICAL_SURFACE ( 'NONE', #126, 2.250000000000000000 ) ;
#293 = AXIS2_PLACEMENT_3D ( 'NONE', #181, #1560, #1295 ) ;
#294 = EDGE_CURVE ( 'NONE', #1750, #522, #1151, .T. ) ;
#295 = EDGE_LOOP ( 'NONE', ( #212, #804, #1356, #59 ) ) ;
#296 = PRESENTATION_LAYER_ASSIGNMENT (  '', '', ( #755 ) ) ;
#297 = ORIENTED_EDGE ( 'NONE', *, *, #534, .T. ) ;
#298 = DIRECTION ( 'NONE',  ( -1.000000000000000000, 0.000000000000000000, 0.000000000000000000 ) ) ;
#299 =( NAMED_UNIT ( * ) SI_UNIT ( $, .STERADIAN. ) SOLID_ANGLE_UNIT ( ) );
#300 = CARTESIAN_POINT ( 'NONE',  ( 11.50000000000000000, 0.000000000000000000, -2.099999999999999645 ) ) ;
#301 = FILL_AREA_STYLE ('',( #1216 ) ) ;
#302 = CARTESIAN_POINT ( 'NONE',  ( 2.959297531231849909, 0.000000000000000000, 0.000000000000000000 ) ) ;
#303 = CARTESIAN_POINT ( 'NONE',  ( 9.590702468768151689, 0.000000000000000000, 0.000000000000000000 ) ) ;
#304 = SURFACE_SIDE_STYLE ('',( #2005 ) ) ;
#305 = UNCERTAINTY_MEASURE_WITH_UNIT (LENGTH_MEASURE( 1.000000000000000082E-05 ), #521, 'distance_accuracy_value', 'NONE');
#306 = EDGE_LOOP ( 'NONE', ( #29, #361, #1405, #1862 ) ) ;
#307 = ORIENTED_EDGE ( 'NONE', *, *, #1199, .F. ) ;
#308 = ADVANCED_FACE ( 'NONE', ( #1267 ), #704, .T. ) ;
#309 =( NAMED_UNIT ( * ) PLANE_ANGLE_UNIT ( ) SI_UNIT ( $, .RADIAN. ) );
#310 = CARTESIAN_POINT ( 'NONE',  ( 16.17999999999999972, -1.000000000000001554, 0.000000000000000000 ) ) ;
#311 = VERTEX_POINT ( 'NONE', #1807 ) ;
#312 = SURFACE_STYLE_FILL_AREA ( #469 ) ;
#313 =( NAMED_UNIT ( * ) PLANE_ANGLE_UNIT ( ) SI_UNIT ( $, .RADIAN. ) );
#314 = CARTESIAN_POINT ( 'NONE',  ( 11.50000000000000000, 0.000000000000000000, 0.000000000000000000 ) ) ;
#315 = FILL_AREA_STYLE ('',( #1429 ) ) ;
#316 = VERTEX_POINT ( 'NONE', #1761 ) ;
#317 = CIRCLE ( 'NONE', #1799, 0.5000000000000000000 ) ;
#318 = MECHANICAL_DESIGN_GEOMETRIC_PRESENTATION_REPRESENTATION (  '', ( #180 ), #1498 ) ;
#319 = COLOUR_RGB ( '',0.8313725490196077761, 1.000000000000000000, 0.8666666666666666963 ) ;
#320 = STYLED_ITEM ( 'NONE', ( #1341 ), #707 ) ;
#321 = FILL_AREA_STYLE ('',( #1880 ) ) ;
#322 = SURFACE_STYLE_USAGE ( .BOTH. , #483 ) ;
#323 = EDGE_CURVE ( 'NONE', #373, #1531, #1320, .T. ) ;
#324 = DIRECTION ( 'NONE',  ( -1.000000000000000000, 0.000000000000000000, 0.000000000000000000 ) ) ;
#325 = ORIENTED_EDGE ( 'NONE', *, *, #514, .T. ) ;
#326 =( GEOMETRIC_REPRESENTATION_CONTEXT ( 3 ) GLOBAL_UNCERTAINTY_ASSIGNED_CONTEXT ( ( #1100 ) ) GLOBAL_UNIT_ASSIGNED_CONTEXT ( ( #1522, #2028, #283 ) ) REPRESENTATION_CONTEXT ( 'NONE', 'WORKASPACE' ) );
#327 = CARTESIAN_POINT ( 'NONE',  ( -4.679999999999998828, -5.731347020009612152E-16, 0.000000000000000000 ) ) ;
#328 = VECTOR ( 'NONE', #479, 1000.000000000000000 ) ;
#329 = UNCERTAINTY_MEASURE_WITH_UNIT (LENGTH_MEASURE( 1.000000000000000082E-05 ), #1316, 'distance_accuracy_value', 'NONE');
#330 = CIRCLE ( 'NONE', #748, 0.5000000000000000000 ) ;
#331 = DIRECTION ( 'NONE',  ( 0.000000000000000000, 0.000000000000000000, -1.000000000000000000 ) ) ;
#332 =( NAMED_UNIT ( * ) SI_UNIT ( $, .STERADIAN. ) SOLID_ANGLE_UNIT ( ) );
#333 = AXIS2_PLACEMENT_3D ( 'NONE', #83, #1836, #559 ) ;
#334 = AXIS2_PLACEMENT_3D ( 'NONE', #872, #1687, #1201 ) ;
#335 =( GEOMETRIC_REPRESENTATION_CONTEXT ( 3 ) GLOBAL_UNCERTAINTY_ASSIGNED_CONTEXT ( ( #1564 ) ) GLOBAL_UNIT_ASSIGNED_CONTEXT ( ( #1906, #490, #190 ) ) REPRESENTATION_CONTEXT ( 'NONE', 'WORKASPACE' ) );
#336 =( GEOMETRIC_REPRESENTATION_CONTEXT ( 3 ) GLOBAL_UNCERTAINTY_ASSIGNED_CONTEXT ( ( #1388 ) ) GLOBAL_UNIT_ASSIGNED_CONTEXT ( ( #1099, #313, #585 ) ) REPRESENTATION_CONTEXT ( 'NONE', 'WORKASPACE' ) );
#337 =( NAMED_UNIT ( * ) PLANE_ANGLE_UNIT ( ) SI_UNIT ( $, .RADIAN. ) );
#338 = EDGE_CURVE ( 'NONE', #1526, #600, #975, .T. ) ;
#339 = CARTESIAN_POINT ( 'NONE',  ( 9.765590826015856152, 2.698049979370519205E-16, -2.156249999998377742 ) ) ;
#340 = SURFACE_SIDE_STYLE ('',( #633 ) ) ;
#341 =( LENGTH_UNIT ( ) NAMED_UNIT ( * ) SI_UNIT ( .MILLI., .METRE. ) );
#342 = SURFACE_STYLE_USAGE ( .BOTH. , #1254 ) ;
#343 = DIRECTION ( 'NONE',  ( 0.000000000000000000, 0.000000000000000000, -1.000000000000000000 ) ) ;
#344 = ORIENTED_EDGE ( 'NONE', *, *, #386, .T. ) ;
#345 = DIRECTION ( 'NONE',  ( 0.000000000000000000, 0.000000000000000000, -1.000000000000000000 ) ) ;
#346 = CARTESIAN_POINT ( 'NONE',  ( 11.50000000000000000, 0.000000000000000000, 0.000000000000000000 ) ) ;
#347 = ADVANCED_FACE ( 'NONE', ( #65 ), #215, .T. ) ;
#348 = CIRCLE ( 'NONE', #43, 2.250000000000000000 ) ;
#349 = EDGE_CURVE ( 'NONE', #253, #553, #643, .T. ) ;
#350 = PRESENTATION_LAYER_ASSIGNMENT (  '', '', ( #180 ) ) ;
#351 = SURFACE_SIDE_STYLE ('',( #546 ) ) ;
#352 = DIRECTION ( 'NONE',  ( 1.734723475976807341E-16, -1.000000000000000000, 0.000000000000000000 ) ) ;
#353 = TOROIDAL_SURFACE ( 'NONE', #1017, 1.749999999999999778, 0.5000000000000000000 ) ;
#354 = CARTESIAN_POINT ( 'NONE',  ( 1.909297531231847422, 2.939152317952057551E-16, 2.399999999998701394 ) ) ;
#355 = CIRCLE ( 'NONE', #1639, 2.099999999999999645 ) ;
#356 = CARTESIAN_POINT ( 'NONE',  ( 4.898587196589414308E-17, -0.4000000000000000222, 0.000000000000000000 ) ) ;
#357 = STYLED_ITEM ( 'NONE', ( #1164 ), #896 ) ;
#358 = EDGE_LOOP ( 'NONE', ( #1633, #220, #999, #266 ) ) ;
#359 =( GEOMETRIC_REPRESENTATION_CONTEXT ( 3 ) GLOBAL_UNCERTAINTY_ASSIGNED_CONTEXT ( ( #1852 ) ) GLOBAL_UNIT_ASSIGNED_CONTEXT ( ( #1024, #1001, #710 ) ) REPRESENTATION_CONTEXT ( 'NONE', 'WORKASPACE' ) );
#360 = CARTESIAN_POINT ( 'NONE',  ( 6.559297531231848666, 2.571758278209440971E-16, 2.099999999999999645 ) ) ;
#361 = ORIENTED_EDGE ( 'NONE', *, *, #1503, .F. ) ;
#362 = VECTOR ( 'NONE', #1600, 1000.000000000000000 ) ;
#363 = ADVANCED_FACE ( 'NONE', ( #21 ), #353, .T. ) ;
#364 = PRESENTATION_LAYER_ASSIGNMENT (  '', '', ( #1421 ) ) ;
#365 = CARTESIAN_POINT ( 'NONE',  ( 11.50000000000000000, 0.000000000000000000, 2.250000000000000000 ) ) ;
#366 =( GEOMETRIC_REPRESENTATION_CONTEXT ( 3 ) GLOBAL_UNCERTAINTY_ASSIGNED_CONTEXT ( ( #1198 ) ) GLOBAL_UNIT_ASSIGNED_CONTEXT ( ( #564, #1499, #1360 ) ) REPRESENTATION_CONTEXT ( 'NONE', 'WORKASPACE' ) );
#367 = FILL_AREA_STYLE ('',( #1941 ) ) ;
#368 = MECHANICAL_DESIGN_GEOMETRIC_PRESENTATION_REPRESENTATION (  '', ( #1266 ), #366 ) ;
#369 = COLOUR_RGB ( '',0.6470588235294117974, 0.6196078431372549211, 0.5882352941176470784 ) ;
#370 =( LENGTH_UNIT ( ) NAMED_UNIT ( * ) SI_UNIT ( .MILLI., .METRE. ) );
#371 = DIRECTION ( 'NONE',  ( 1.000000000000000000, -0.000000000000000000, -0.000000000000000000 ) ) ;
#372 = EDGE_LOOP ( 'NONE', ( #1409, #971, #1730, #668 ) ) ;
#373 = VERTEX_POINT ( 'NONE', #518 ) ;
#374 = DIRECTION ( 'NONE',  ( 1.000000000000000000, -1.224646799147353454E-16, 0.000000000000000000 ) ) ;
#375 = CARTESIAN_POINT ( 'NONE',  ( -4.679999999999999716, -1.000000000000001554, 0.000000000000000000 ) ) ;
#376 = CARTESIAN_POINT ( 'NONE',  ( 0.000000000000000000, 0.000000000000000000, 0.000000000000000000 ) ) ;
#377 = EDGE_CURVE ( 'NONE', #407, #906, #607, .T. ) ;
#378 = CARTESIAN_POINT ( 'NONE',  ( 1.909297531231847422, 0.000000000000000000, 0.000000000000000000 ) ) ;
#379 = ORIENTED_EDGE ( 'NONE', *, *, #601, .F. ) ;
#380 = SURFACE_SIDE_STYLE ('',( #25 ) ) ;
#381 = CARTESIAN_POINT ( 'NONE',  ( -5.680000000000000604, -1.000000000000001332, 0.000000000000000000 ) ) ;
#382 = DIRECTION ( 'NONE',  ( 0.000000000000000000, 0.000000000000000000, -1.000000000000000000 ) ) ;
#383 = PLANE ( 'NONE',  #1532 ) ;
#384 = PRESENTATION_STYLE_ASSIGNMENT (( #1449 ) ) ;
#385 = PRESENTATION_STYLE_ASSIGNMENT (( #72 ) ) ;
#386 = EDGE_CURVE ( 'NONE', #720, #809, #1048, .T. ) ;
#387 =( GEOMETRIC_REPRESENTATION_CONTEXT ( 3 ) GLOBAL_UNCERTAINTY_ASSIGNED_CONTEXT ( ( #1407 ) ) GLOBAL_UNIT_ASSIGNED_CONTEXT ( ( #603, #1232, #1256 ) ) REPRESENTATION_CONTEXT ( 'NONE', 'WORKASPACE' ) );
#388 = ORIENTED_EDGE ( 'NONE', *, *, #1392, .F. ) ;
#389 = DIRECTION ( 'NONE',  ( 0.000000000000000000, 0.000000000000000000, -1.000000000000000000 ) ) ;
#390 = DIRECTION ( 'NONE',  ( 0.000000000000000000, -1.000000000000000000, 0.000000000000000000 ) ) ;
#391 = DIRECTION ( 'NONE',  ( 1.000000000000000000, 0.000000000000000000, 0.000000000000000000 ) ) ;
#392 = UNCERTAINTY_MEASURE_WITH_UNIT (LENGTH_MEASURE( 1.000000000000000082E-05 ), #1112, 'distance_accuracy_value', 'NONE');
#393 = AXIS2_PLACEMENT_3D ( 'NONE', #1769, #1905, #345 ) ;
#394 =( NAMED_UNIT ( * ) SI_UNIT ( $, .STERADIAN. ) SOLID_ANGLE_UNIT ( ) );
#395 = VECTOR ( 'NONE', #371, 1000.000000000000000 ) ;
#396 =( GEOMETRIC_REPRESENTATION_CONTEXT ( 3 ) GLOBAL_UNCERTAINTY_ASSIGNED_CONTEXT ( ( #712 ) ) GLOBAL_UNIT_ASSIGNED_CONTEXT ( ( #1104, #963, #1725 ) ) REPRESENTATION_CONTEXT ( 'NONE', 'WORKASPACE' ) );
#397 = DIRECTION ( 'NONE',  ( 1.000000000000000000, -0.000000000000000000, -0.000000000000000000 ) ) ;
#398 = TOROIDAL_SURFACE ( 'NONE', #1787, 1.749999999999999778, 0.5000000000000000000 ) ;
#399 = ORIENTED_EDGE ( 'NONE', *, *, #717, .T. ) ;
#400 =( LENGTH_UNIT ( ) NAMED_UNIT ( * ) SI_UNIT ( .MILLI., .METRE. ) );
#401 = FILL_AREA_STYLE_COLOUR ( '', #713 ) ;
#402 = SURFACE_SIDE_STYLE ('',( #1973 ) ) ;
#403 = EDGE_CURVE ( 'NONE', #85, #416, #948, .T. ) ;
#404 = SURFACE_STYLE_FILL_AREA ( #80 ) ;
#405 =( NAMED_UNIT ( * ) PLANE_ANGLE_UNIT ( ) SI_UNIT ( $, .RADIAN. ) );
#406 = SURFACE_SIDE_STYLE ('',( #676 ) ) ;
#407 = VERTEX_POINT ( 'NONE', #71 ) ;
#408 = CARTESIAN_POINT ( 'NONE',  ( 11.50000000000000000, 0.000000000000000000, 0.000000000000000000 ) ) ;
#409 =( NAMED_UNIT ( * ) SI_UNIT ( $, .STERADIAN. ) SOLID_ANGLE_UNIT ( ) );
#410 = UNCERTAINTY_MEASURE_WITH_UNIT (LENGTH_MEASURE( 1.000000000000000082E-05 ), #222, 'distance_accuracy_value', 'NONE');
#411 = EDGE_CURVE ( 'NONE', #1343, #446, #812, .T. ) ;
#412 = EDGE_LOOP ( 'NONE', ( #1894, #453, #1215, #743 ) ) ;
#413 = SURFACE_STYLE_FILL_AREA ( #315 ) ;
#414 = PRESENTATION_STYLE_ASSIGNMENT (( #1383 ) ) ;
#415 = CIRCLE ( 'NONE', #1827, 2.099999999999999645 ) ;
#416 = VERTEX_POINT ( 'NONE', #1500 ) ;
#417 = AXIS2_PLACEMENT_3D ( 'NONE', #501, #1472, #1612 ) ;
#418 = SURFACE_SIDE_STYLE ('',( #125 ) ) ;
#419 = DIRECTION ( 'NONE',  ( -1.000000000000000000, -0.000000000000000000, -0.000000000000000000 ) ) ;
#420 = VECTOR ( 'NONE', #1241, 1000.000000000000000 ) ;
#421 = AXIS2_PLACEMENT_3D ( 'NONE', #495, #1304, #174 ) ;
#422 = PRESENTATION_LAYER_ASSIGNMENT (  '', '', ( #1606 ) ) ;
#423 = AXIS2_PLACEMENT_3D ( 'NONE', #1377, #741, #1234 ) ;
#424 = FACE_OUTER_BOUND ( 'NONE', #9, .T. ) ;
#425 = ADVANCED_FACE ( 'NONE', ( #1662 ), #1213, .T. ) ;
#426 = CIRCLE ( 'NONE', #681, 2.099999999999999645 ) ;
#427 =( NAMED_UNIT ( * ) SI_UNIT ( $, .STERADIAN. ) SOLID_ANGLE_UNIT ( ) );
#428 = DIRECTION ( 'NONE',  ( 1.000000000000000000, -0.000000000000000000, -0.000000000000000000 ) ) ;
#429 = CARTESIAN_POINT ( 'NONE',  ( 9.540702468768150979, 0.000000000000000000, 0.000000000000000000 ) ) ;
#430 = VERTEX_POINT ( 'NONE', #1984 ) ;
#431 = AXIS2_PLACEMENT_3D ( 'NONE', #103, #2013, #267 ) ;
#432 = DIRECTION ( 'NONE',  ( 0.000000000000000000, 0.000000000000000000, 1.000000000000000000 ) ) ;
#433 = CARTESIAN_POINT ( 'NONE',  ( 11.50000000000000000, 2.571758278209440971E-16, 2.099999999999999645 ) ) ;
#434 = AXIS2_PLACEMENT_3D ( 'NONE', #1345, #693, #263 ) ;
#435 = UNCERTAINTY_MEASURE_WITH_UNIT (LENGTH_MEASURE( 1.000000000000000082E-05 ), #1436, 'distance_accuracy_value', 'NONE');
#436 = DIRECTION ( 'NONE',  ( 1.000000000000000000, -1.224646799147353454E-16, 0.000000000000000000 ) ) ;
#437 = ORIENTED_EDGE ( 'NONE', *, *, #323, .F. ) ;
#438 = ORIENTED_EDGE ( 'NONE', *, *, #1545, .F. ) ;
#439 = SURFACE_SIDE_STYLE ('',( #598 ) ) ;
#440 = EDGE_CURVE ( 'NONE', #175, #1523, #740, .T. ) ;
#441 = VERTEX_POINT ( 'NONE', #1195 ) ;
#442 =( NAMED_UNIT ( * ) PLANE_ANGLE_UNIT ( ) SI_UNIT ( $, .RADIAN. ) );
#443 =( LENGTH_UNIT ( ) NAMED_UNIT ( * ) SI_UNIT ( .MILLI., .METRE. ) );
#444 = FILL_AREA_STYLE ('',( #452 ) ) ;
#445 = ORIENTED_EDGE ( 'NONE', *, *, #1339, .F. ) ;
#446 = VERTEX_POINT ( 'NONE', #765 ) ;
#447 = CARTESIAN_POINT ( 'NONE',  ( 9.765590826015856152, 0.000000000000000000, 0.000000000000000000 ) ) ;
#448 = ORIENTED_EDGE ( 'NONE', *, *, #111, .F. ) ;
#449 = PRESENTATION_LAYER_ASSIGNMENT (  '', '', ( #639 ) ) ;
#450 = SURFACE_STYLE_USAGE ( .BOTH. , #754 ) ;
#451 =( GEOMETRIC_REPRESENTATION_CONTEXT ( 3 ) GLOBAL_UNCERTAINTY_ASSIGNED_CONTEXT ( ( #1669 ) ) GLOBAL_UNIT_ASSIGNED_CONTEXT ( ( #788, #1441, #1433 ) ) REPRESENTATION_CONTEXT ( 'NONE', 'WORKASPACE' ) );
#452 = FILL_AREA_STYLE_COLOUR ( '', #647 ) ;
#453 = ORIENTED_EDGE ( 'NONE', *, *, #10, .T. ) ;
#454 = STYLED_ITEM ( 'NONE', ( #81 ), #425 ) ;
#455 = PRESENTATION_LAYER_ASSIGNMENT (  '', '', ( #320 ) ) ;
#456 = ORIENTED_EDGE ( 'NONE', *, *, #552, .F. ) ;
#457 = MECHANICAL_DESIGN_GEOMETRIC_PRESENTATION_REPRESENTATION (  '', ( #1806 ), #326 ) ;
#458 = SURFACE_STYLE_FILL_AREA ( #1381 ) ;
#459 = DIRECTION ( 'NONE',  ( -1.000000000000000000, 0.000000000000000000, 0.000000000000000000 ) ) ;
#460 = CIRCLE ( 'NONE', #1473, 0.2999999999999999334 ) ;
#461 = CARTESIAN_POINT ( 'NONE',  ( 11.50000000000000000, 0.000000000000000000, 0.000000000000000000 ) ) ;
#462 = EDGE_LOOP ( 'NONE', ( #2011, #937, #677, #92 ) ) ;
#463 = CIRCLE ( 'NONE', #492, 0.5000000000000000000 ) ;
#464 = EDGE_CURVE ( 'NONE', #430, #1130, #753, .T. ) ;
#465 = AXIS2_PLACEMENT_3D ( 'NONE', #1814, #1207, #523 ) ;
#466 = ORIENTED_EDGE ( 'NONE', *, *, #377, .T. ) ;
#467 = CARTESIAN_POINT ( 'NONE',  ( 3.759297531231848843, 2.571758278209440971E-16, 2.099999999999999645 ) ) ;
#468 = FILL_AREA_STYLE_COLOUR ( '', #1702 ) ;
#469 = FILL_AREA_STYLE ('',( #26 ) ) ;
#470 = PRODUCT_DEFINITION_SHAPE ( 'NONE', 'NONE',  #811 ) ;
#471 = UNCERTAINTY_MEASURE_WITH_UNIT (LENGTH_MEASURE( 1.000000000000000082E-05 ), #443, 'distance_accuracy_value', 'NONE');
#472 = ORIENTED_EDGE ( 'NONE', *, *, #774, .F. ) ;
#473 = CARTESIAN_POINT ( 'NONE',  ( 0.5000000000000004441, 2.755455298081544285E-16, -2.250000000000000000 ) ) ;
#474 = ADVANCED_FACE ( 'NONE', ( #1708 ), #779, .F. ) ;
#475 = EDGE_CURVE ( 'NONE', #416, #906, #1413, .T. ) ;
#476 = CARTESIAN_POINT ( 'NONE',  ( 0.5000000000000004441, 0.000000000000000000, 0.000000000000000000 ) ) ;
#477 = PLANE ( 'NONE',  #1474 ) ;
#478 = DIRECTION ( 'NONE',  ( 1.000000000000000000, -0.000000000000000000, -0.000000000000000000 ) ) ;
#479 = DIRECTION ( 'NONE',  ( 1.000000000000000000, -0.000000000000000000, -0.000000000000000000 ) ) ;
#480 = EDGE_CURVE ( 'NONE', #1146, #1230, #1083, .T. ) ;
#481 = PRESENTATION_LAYER_ASSIGNMENT (  '', '', ( #1382 ) ) ;
#482 = AXIS2_PLACEMENT_3D ( 'NONE', #354, #1915, #967 ) ;
#483 = SURFACE_SIDE_STYLE ('',( #1912 ) ) ;
#484 = EDGE_CURVE ( 'NONE', #522, #1505, #1412, .T. ) ;
#485 =( GEOMETRIC_REPRESENTATION_CONTEXT ( 3 ) GLOBAL_UNCERTAINTY_ASSIGNED_CONTEXT ( ( #1585 ) ) GLOBAL_UNIT_ASSIGNED_CONTEXT ( ( #1361, #241, #1431 ) ) REPRESENTATION_CONTEXT ( 'NONE', 'WORKASPACE' ) );
#486 = CARTESIAN_POINT ( 'NONE',  ( 16.78000000000000114, -1.000000000000000888, 4.898587196589413075E-17 ) ) ;
#487 = COLOUR_RGB ( '',0.9098039215686274384, 0.4431372549019607643, 0.03137254901960784270 ) ;
#488 = AXIS2_PLACEMENT_3D ( 'NONE', #957, #171, #964 ) ;
#489 = DIRECTION ( 'NONE',  ( 1.000000000000000000, -0.000000000000000000, -0.000000000000000000 ) ) ;
#490 =( NAMED_UNIT ( * ) PLANE_ANGLE_UNIT ( ) SI_UNIT ( $, .RADIAN. ) );
#491 = AXIS2_PLACEMENT_3D ( 'NONE', #581, #459, #2022 ) ;
#492 = AXIS2_PLACEMENT_3D ( 'NONE', #2049, #1887, #1789 ) ;
#493 = DIRECTION ( 'NONE',  ( 0.000000000000000000, 0.000000000000000000, -1.000000000000000000 ) ) ;
#494 = PRESENTATION_STYLE_ASSIGNMENT (( #1751 ) ) ;
#495 = CARTESIAN_POINT ( 'NONE',  ( 9.540702468768150979, 0.000000000000000000, 0.000000000000000000 ) ) ;
#496 = EDGE_CURVE ( 'NONE', #1309, #861, #1934, .T. ) ;
#497 = CARTESIAN_POINT ( 'NONE',  ( 0.5000000000000004441, 2.143131898507868051E-16, 1.749999999999999778 ) ) ;
#498 = PRESENTATION_STYLE_ASSIGNMENT (( #1590 ) ) ;
#499 = ORIENTED_EDGE ( 'NONE', *, *, #1197, .F. ) ;
#500 = FACE_OUTER_BOUND ( 'NONE', #560, .T. ) ;
#501 = CARTESIAN_POINT ( 'NONE',  ( 17.17999999999999972, -6.000000000000001776, 0.000000000000000000 ) ) ;
#502 = CARTESIAN_POINT ( 'NONE',  ( -5.280000000000000249, -6.000000000000001776, 0.000000000000000000 ) ) ;
#503 = APPLICATION_PROTOCOL_DEFINITION ( 'draft international standard', 'automotive_design', 1998, #1595 ) ;
#504 = EDGE_LOOP ( 'NONE', ( #1741, #1193, #1475, #1209 ) ) ;
#505 = EDGE_CURVE ( 'NONE', #1690, #1523, #260, .T. ) ;
#506 = CIRCLE ( 'NONE', #2030, 2.099999999999999645 ) ;
#507 = DIRECTION ( 'NONE',  ( 0.000000000000000000, 0.000000000000000000, -1.000000000000000000 ) ) ;
#508 = AXIS2_PLACEMENT_3D ( 'NONE', #749, #1081, #1538 ) ;
#509 = LINE ( 'NONE', #1033, #992 ) ;
#510 = PRESENTATION_STYLE_ASSIGNMENT (( #986 ) ) ;
#511 = COLOUR_RGB ( '',0.8313725490196077761, 1.000000000000000000, 0.8666666666666666963 ) ;
#512 = DIRECTION ( 'NONE',  ( 0.000000000000000000, -1.224646799147352961E-16, 1.000000000000000000 ) ) ;
#513 = CIRCLE ( 'NONE', #579, 2.099999999999999645 ) ;
#514 = EDGE_CURVE ( 'NONE', #1854, #1646, #1993, .T. ) ;
#515 = AXIS2_PLACEMENT_3D ( 'NONE', #529, #1182, #1326 ) ;
#516 = AXIS2_PLACEMENT_3D ( 'NONE', #1512, #724, #1371 ) ;
#517 = DIRECTION ( 'NONE',  ( 0.000000000000000000, 0.000000000000000000, -1.000000000000000000 ) ) ;
#518 = CARTESIAN_POINT ( 'NONE',  ( 16.78000000000000114, -1.000000000000001110, 4.898587196589400133E-17 ) ) ;
#519 = STYLED_ITEM ( 'NONE', ( #531 ), #1913 ) ;
#520 = FILL_AREA_STYLE_COLOUR ( '', #1803 ) ;
#521 =( LENGTH_UNIT ( ) NAMED_UNIT ( * ) SI_UNIT ( .MILLI., .METRE. ) );
#522 = VERTEX_POINT ( 'NONE', #2001 ) ;
#523 = DIRECTION ( 'NONE',  ( 0.000000000000000000, 0.000000000000000000, -1.000000000000000000 ) ) ;
#524 = SURFACE_STYLE_USAGE ( .BOTH. , #1636 ) ;
#525 = ADVANCED_FACE ( 'NONE', ( #2016 ), #582, .T. ) ;
#526 = CARTESIAN_POINT ( 'NONE',  ( 11.50000000000000000, 0.000000000000000000, 0.000000000000000000 ) ) ;
#527 = DIRECTION ( 'NONE',  ( -3.393051144118360350E-16, 1.000000000000000000, -0.000000000000000000 ) ) ;
#528 = CARTESIAN_POINT ( 'NONE',  ( 11.50000000000000000, 0.000000000000000000, 0.000000000000000000 ) ) ;
#529 = CARTESIAN_POINT ( 'NONE',  ( -4.679999999999999716, -1.000000000000001554, 0.000000000000000000 ) ) ;
#530 = FILL_AREA_STYLE ('',( #1366 ) ) ;
#531 = PRESENTATION_STYLE_ASSIGNMENT (( #895 ) ) ;
#532 = CARTESIAN_POINT ( 'NONE',  ( 1.959297531231849021, 0.000000000000000000, 0.000000000000000000 ) ) ;
#533 = FILL_AREA_STYLE ('',( #235 ) ) ;
#534 = EDGE_CURVE ( 'NONE', #1130, #1531, #1051, .T. ) ;
#535 = STYLED_ITEM ( 'NONE', ( #1726 ), #308 ) ;
#536 = DIRECTION ( 'NONE',  ( -1.000000000000000000, -0.000000000000000000, -0.000000000000000000 ) ) ;
#537 = MECHANICAL_DESIGN_GEOMETRIC_PRESENTATION_REPRESENTATION (  '', ( #810 ), #12 ) ;
#538 = COLOUR_RGB ( '',0.8313725490196077761, 1.000000000000000000, 0.8666666666666666963 ) ;
#539 = ORIENTED_EDGE ( 'NONE', *, *, #1238, .F. ) ;
#540 = CARTESIAN_POINT ( 'NONE',  ( 9.765590826015856152, 0.000000000000000000, 2.156249999998377742 ) ) ;
#541 = SURFACE_SIDE_STYLE ('',( #1338 ) ) ;
#542 = COLOUR_RGB ( '',0.8313725490196077761, 1.000000000000000000, 0.8666666666666666963 ) ;
#543 = UNCERTAINTY_MEASURE_WITH_UNIT (LENGTH_MEASURE( 1.000000000000000082E-05 ), #1695, 'distance_accuracy_value', 'NONE');
#544 = DIRECTION ( 'NONE',  ( -1.000000000000000000, -0.000000000000000000, -0.000000000000000000 ) ) ;
#545 = STYLED_ITEM ( 'NONE', ( #1518 ), #1181 ) ;
#546 = SURFACE_STYLE_FILL_AREA ( #1953 ) ;
#547 = SURFACE_SIDE_STYLE ('',( #557 ) ) ;
#548 = PRESENTATION_LAYER_ASSIGNMENT (  '', '', ( #884 ) ) ;
#549 = AXIS2_PLACEMENT_3D ( 'NONE', #19, #2035, #624 ) ;
#550 = DIRECTION ( 'NONE',  ( -1.734723475976807341E-16, -1.000000000000000000, 0.000000000000000000 ) ) ;
#551 = AXIS2_PLACEMENT_3D ( 'NONE', #61, #419, #1682 ) ;
#552 = EDGE_CURVE ( 'NONE', #1690, #416, #1385, .T. ) ;
#553 = VERTEX_POINT ( 'NONE', #1143 ) ;
#554 = SURFACE_SIDE_STYLE ('',( #679 ) ) ;
#555 = DIRECTION ( 'NONE',  ( 0.000000000000000000, 0.000000000000000000, -1.000000000000000000 ) ) ;
#556 = FILL_AREA_STYLE ('',( #1667 ) ) ;
#557 = SURFACE_STYLE_FILL_AREA ( #255 ) ;
#558 = DIRECTION ( 'NONE',  ( 0.000000000000000000, 0.000000000000000000, -1.000000000000000000 ) ) ;
#559 = DIRECTION ( 'NONE',  ( 0.000000000000000000, 0.000000000000000000, -1.000000000000000000 ) ) ;
#560 = EDGE_LOOP ( 'NONE', ( #2021, #108, #448, #1935 ) ) ;
#561 = FILL_AREA_STYLE ('',( #1073 ) ) ;
#562 = UNCERTAINTY_MEASURE_WITH_UNIT (LENGTH_MEASURE( 1.000000000000000082E-05 ), #636, 'distance_accuracy_value', 'NONE');
#563 = ORIENTED_EDGE ( 'NONE', *, *, #834, .T. ) ;
#564 =( LENGTH_UNIT ( ) NAMED_UNIT ( * ) SI_UNIT ( .MILLI., .METRE. ) );
#565 = FILL_AREA_STYLE_COLOUR ( '', #538 ) ;
#566 =( NAMED_UNIT ( * ) SI_UNIT ( $, .STERADIAN. ) SOLID_ANGLE_UNIT ( ) );
#567 = AXIS2_PLACEMENT_3D ( 'NONE', #1249, #1141, #517 ) ;
#568 = SURFACE_STYLE_USAGE ( .BOTH. , #1404 ) ;
#569 = ORIENTED_EDGE ( 'NONE', *, *, #1632, .T. ) ;
#570 = COLOUR_RGB ( '',1.000000000000000000, 0.000000000000000000, 0.000000000000000000 ) ;
#571 = MECHANICAL_DESIGN_GEOMETRIC_PRESENTATION_REPRESENTATION (  '', ( #1960 ), #387 ) ;
#572 = CIRCLE ( 'NONE', #1738, 2.250000000000000000 ) ;
#573 = PRESENTATION_STYLE_ASSIGNMENT (( #1861 ) ) ;
#574 = VERTEX_POINT ( 'NONE', #467 ) ;
#575 = COLOUR_RGB ( '',0.6470588235294117974, 0.6196078431372549211, 0.5882352941176470784 ) ;
#576 = ORIENTED_EDGE ( 'NONE', *, *, #1746, .T. ) ;
#577 = PRESENTATION_LAYER_ASSIGNMENT (  '', '', ( #1609 ) ) ;
#578 = DIRECTION ( 'NONE',  ( 1.000000000000000000, 0.000000000000000000, -2.168404344971008868E-16 ) ) ;
#579 = AXIS2_PLACEMENT_3D ( 'NONE', #303, #1098, #1681 ) ;
#580 =( NAMED_UNIT ( * ) SI_UNIT ( $, .STERADIAN. ) SOLID_ANGLE_UNIT ( ) );
#581 = CARTESIAN_POINT ( 'NONE',  ( 2.959297531231849909, 0.000000000000000000, 0.000000000000000000 ) ) ;
#582 = CYLINDRICAL_SURFACE ( 'NONE', #1351, 0.4000000000000000222 ) ;
#583 = EDGE_LOOP ( 'NONE', ( #437, #1236, #960, #1399 ) ) ;
#584 = DIRECTION ( 'NONE',  ( -1.000000000000000000, -0.000000000000000000, -0.000000000000000000 ) ) ;
#585 =( NAMED_UNIT ( * ) SI_UNIT ( $, .STERADIAN. ) SOLID_ANGLE_UNIT ( ) );
#586 = CIRCLE ( 'NONE', #1843, 2.099999999999999645 ) ;
#587 = CARTESIAN_POINT ( 'NONE',  ( 11.50000000000000000, 0.000000000000000000, 0.000000000000000000 ) ) ;
#588 = ORIENTED_EDGE ( 'NONE', *, *, #1581, .T. ) ;
#589 = SURFACE_STYLE_USAGE ( .BOTH. , #1856 ) ;
#590 = SURFACE_STYLE_USAGE ( .BOTH. , #439 ) ;
#591 = VERTEX_POINT ( 'NONE', #816 ) ;
#592 =( NAMED_UNIT ( * ) SI_UNIT ( $, .STERADIAN. ) SOLID_ANGLE_UNIT ( ) );
#593 = SURFACE_STYLE_FILL_AREA ( #138 ) ;
#594 = CARTESIAN_POINT ( 'NONE',  ( 11.50000000000000000, 0.4000000000000000222, 0.000000000000000000 ) ) ;
#595 = DIRECTION ( 'NONE',  ( 0.000000000000000000, 1.000000000000000000, 0.000000000000000000 ) ) ;
#596 = VERTEX_POINT ( 'NONE', #655 ) ;
#597 = FACE_OUTER_BOUND ( 'NONE', #583, .T. ) ;
#598 = SURFACE_STYLE_FILL_AREA ( #1823 ) ;
#599 = CARTESIAN_POINT ( 'NONE',  ( 11.50000000000000000, 0.000000000000000000, 0.000000000000000000 ) ) ;
#600 = VERTEX_POINT ( 'NONE', #796 ) ;
#601 = EDGE_CURVE ( 'NONE', #446, #1230, #1277, .T. ) ;
#602 = PRESENTATION_LAYER_ASSIGNMENT (  '', '', ( #1634 ) ) ;
#603 =( LENGTH_UNIT ( ) NAMED_UNIT ( * ) SI_UNIT ( .MILLI., .METRE. ) );
#604 = DIRECTION ( 'NONE',  ( 0.000000000000000000, 0.000000000000000000, 1.000000000000000000 ) ) ;
#605 = UNCERTAINTY_MEASURE_WITH_UNIT (LENGTH_MEASURE( 1.000000000000000082E-05 ), #400, 'distance_accuracy_value', 'NONE');
#606 = VERTEX_POINT ( 'NONE', #1125 ) ;
#607 = CIRCLE ( 'NONE', #1348, 0.2999999999999999334 ) ;
#608 = STYLED_ITEM ( 'NONE', ( #385 ), #742 ) ;
#609 = ORIENTED_EDGE ( 'NONE', *, *, #834, .F. ) ;
#610 = DIRECTION ( 'NONE',  ( 1.000000000000000000, -0.000000000000000000, -0.000000000000000000 ) ) ;
#611 = CARTESIAN_POINT ( 'NONE',  ( 11.50000000000000000, 0.000000000000000000, 0.000000000000000000 ) ) ;
#612 = CIRCLE ( 'NONE', #1092, 0.5000000000000000000 ) ;
#613 = STYLED_ITEM ( 'NONE', ( #211 ), #1369 ) ;
#614 = SURFACE_STYLE_FILL_AREA ( #301 ) ;
#615 = DIRECTION ( 'NONE',  ( -1.000000000000000000, 0.000000000000000000, 0.000000000000000000 ) ) ;
#616 = CYLINDRICAL_SURFACE ( 'NONE', #1327, 0.4000000000000000222 ) ;
#617 = DIRECTION ( 'NONE',  ( 1.000000000000000000, -0.000000000000000000, -0.000000000000000000 ) ) ;
#618 = EDGE_CURVE ( 'NONE', #574, #154, #355, .T. ) ;
#619 = CARTESIAN_POINT ( 'NONE',  ( 11.50000000000000000, 0.000000000000000000, 2.250000000000000000 ) ) ;
#620 = ORIENTED_EDGE ( 'NONE', *, *, #496, .F. ) ;
#621 = CIRCLE ( 'NONE', #551, 0.4000000000000000222 ) ;
#622 = EDGE_LOOP ( 'NONE', ( #74, #938, #1070, #131 ) ) ;
#623 = FILL_AREA_STYLE_COLOUR ( '', #1147 ) ;
#624 = DIRECTION ( 'NONE',  ( 1.000000000000000000, 0.000000000000000000, 0.000000000000000000 ) ) ;
#625 =( LENGTH_UNIT ( ) NAMED_UNIT ( * ) SI_UNIT ( .MILLI., .METRE. ) );
#626 = FILL_AREA_STYLE_COLOUR ( '', #1771 ) ;
#627 = ORIENTED_EDGE ( 'NONE', *, *, #1608, .T. ) ;
#628 =( LENGTH_UNIT ( ) NAMED_UNIT ( * ) SI_UNIT ( .MILLI., .METRE. ) );
#629 = FACE_BOUND ( 'NONE', #1978, .T. ) ;
#630 = UNCERTAINTY_MEASURE_WITH_UNIT (LENGTH_MEASURE( 1.000000000000000082E-05 ), #142, 'distance_accuracy_value', 'NONE');
#631 = CYLINDRICAL_SURFACE ( 'NONE', #192, 2.099999999999999645 ) ;
#632 = SURFACE_SIDE_STYLE ('',( #31 ) ) ;
#633 = SURFACE_STYLE_FILL_AREA ( #321 ) ;
#634 = DIRECTION ( 'NONE',  ( -2.065146995210484941E-16, 0.000000000000000000, -1.000000000000000000 ) ) ;
#635 = DIRECTION ( 'NONE',  ( 1.000000000000000000, 0.000000000000000000, -1.084202172485504187E-16 ) ) ;
#636 =( LENGTH_UNIT ( ) NAMED_UNIT ( * ) SI_UNIT ( .MILLI., .METRE. ) );
#637 = SURFACE_STYLE_USAGE ( .BOTH. , #808 ) ;
#638 = SURFACE_STYLE_USAGE ( .BOTH. , #118 ) ;
#639 = STYLED_ITEM ( 'NONE', ( #760 ), #62 ) ;
#640 = DIRECTION ( 'NONE',  ( -3.393051144118360350E-16, 1.000000000000000000, -0.000000000000000000 ) ) ;
#641 = AXIS2_PLACEMENT_3D ( 'NONE', #1278, #1135, #1916 ) ;
#642 = SURFACE_STYLE_FILL_AREA ( #1886 ) ;
#643 = CIRCLE ( 'NONE', #1118, 0.4000000000000000222 ) ;
#644 = CYLINDRICAL_SURFACE ( 'NONE', #1542, 2.099999999999999645 ) ;
#645 = EDGE_CURVE ( 'NONE', #861, #1309, #1180, .T. ) ;
#646 =( NAMED_UNIT ( * ) SI_UNIT ( $, .STERADIAN. ) SOLID_ANGLE_UNIT ( ) );
#647 = COLOUR_RGB ( '',0.6470588235294117974, 0.6196078431372549211, 0.5882352941176470784 ) ;
#648 =( NAMED_UNIT ( * ) SI_UNIT ( $, .STERADIAN. ) SOLID_ANGLE_UNIT ( ) );
#649 = CARTESIAN_POINT ( 'NONE',  ( 17.17999999999999972, -6.000000000000001776, 0.000000000000000000 ) ) ;
#650 = FILL_AREA_STYLE ('',( #1468 ) ) ;
#651 = ORIENTED_EDGE ( 'NONE', *, *, #464, .T. ) ;
#652 = COLOUR_RGB ( '',0.8313725490196077761, 1.000000000000000000, 0.8666666666666666963 ) ;
#653 = TOROIDAL_SURFACE ( 'NONE', #1192, 1.749999999999999778, 0.5000000000000000000 ) ;
#654 = CARTESIAN_POINT ( 'NONE',  ( 17.17999999999999972, -1.000000000000000888, 0.000000000000000000 ) ) ;
#655 = CARTESIAN_POINT ( 'NONE',  ( 10.05707142142714439, 0.000000000000000000, 2.250000000000000000 ) ) ;
#656 = EDGE_LOOP ( 'NONE', ( #1672, #1701, #1593, #1982 ) ) ;
#657 =( NAMED_UNIT ( * ) SI_UNIT ( $, .STERADIAN. ) SOLID_ANGLE_UNIT ( ) );
#658 = DIRECTION ( 'NONE',  ( 1.000000000000000000, 0.000000000000000000, 0.000000000000000000 ) ) ;
#659 = ORIENTED_EDGE ( 'NONE', *, *, #1137, .F. ) ;
#660 = FACE_OUTER_BOUND ( 'NONE', #1420, .T. ) ;
#661 = SURFACE_STYLE_USAGE ( .BOTH. , #632 ) ;
#662 = LINE ( 'NONE', #1172, #1974 ) ;
#663 = DIRECTION ( 'NONE',  ( 0.000000000000000000, 0.000000000000000000, -1.000000000000000000 ) ) ;
#664 = ADVANCED_FACE ( 'NONE', ( #1434 ), #940, .T. ) ;
#665 = ORIENTED_EDGE ( 'NONE', *, *, #134, .F. ) ;
#666 = DIRECTION ( 'NONE',  ( 0.000000000000000000, 1.000000000000000000, 1.224646799147353207E-16 ) ) ;
#667 = DIRECTION ( 'NONE',  ( 1.000000000000000000, 0.000000000000000000, 0.000000000000000000 ) ) ;
#668 = ORIENTED_EDGE ( 'NONE', *, *, #1713, .F. ) ;
#669 = MECHANICAL_DESIGN_GEOMETRIC_PRESENTATION_REPRESENTATION (  '', ( #1634 ), #1178 ) ;
#670 = CARTESIAN_POINT ( 'NONE',  ( 9.540702468768150979, 2.571758278209440971E-16, 2.099999999999999645 ) ) ;
#671 = COLOUR_RGB ( '',0.6470588235294117974, 0.6196078431372549211, 0.5882352941176470784 ) ;
#672 = FACE_OUTER_BOUND ( 'NONE', #1463, .T. ) ;
#673 = AXIS2_PLACEMENT_3D ( 'NONE', #136, #1848, #1525 ) ;
#674 = AXIS2_PLACEMENT_3D ( 'NONE', #1663, #536, #1040 ) ;
#675 = LINE ( 'NONE', #1306, #216 ) ;
#676 = SURFACE_STYLE_FILL_AREA ( #1664 ) ;
#677 = ORIENTED_EDGE ( 'NONE', *, *, #1283, .T. ) ;
#678 = STYLED_ITEM ( 'NONE', ( #1587 ), #1022 ) ;
#679 = SURFACE_STYLE_FILL_AREA ( #530 ) ;
#680 = EDGE_CURVE ( 'NONE', #1023, #231, #814, .T. ) ;
#681 = AXIS2_PLACEMENT_3D ( 'NONE', #244, #1796, #1484 ) ;
#682 = STYLED_ITEM ( 'NONE', ( #939 ), #1561 ) ;
#683 = FACE_OUTER_BOUND ( 'NONE', #1884, .T. ) ;
#684 = AXIS2_PLACEMENT_3D ( 'NONE', #1380, #578, #1225 ) ;
#685 =( NAMED_UNIT ( * ) SI_UNIT ( $, .STERADIAN. ) SOLID_ANGLE_UNIT ( ) );
#686 = CARTESIAN_POINT ( 'NONE',  ( 0.5000000000000004441, 0.000000000000000000, 0.000000000000000000 ) ) ;
#687 =( GEOMETRIC_REPRESENTATION_CONTEXT ( 3 ) GLOBAL_UNCERTAINTY_ASSIGNED_CONTEXT ( ( #1521 ) ) GLOBAL_UNIT_ASSIGNED_CONTEXT ( ( #1129, #1117, #332 ) ) REPRESENTATION_CONTEXT ( 'NONE', 'WORKASPACE' ) );
#688 = PRESENTATION_LAYER_ASSIGNMENT (  '', '', ( #1132 ) ) ;
#689 = DIRECTION ( 'NONE',  ( 0.000000000000000000, 0.000000000000000000, -1.000000000000000000 ) ) ;
#690 = ORIENTED_EDGE ( 'NONE', *, *, #349, .F. ) ;
#691 = SURFACE_STYLE_USAGE ( .BOTH. , #60 ) ;
#692 = CARTESIAN_POINT ( 'NONE',  ( 1.442928578572856724, 0.000000000000000000, 0.000000000000000000 ) ) ;
#693 = DIRECTION ( 'NONE',  ( -1.000000000000000000, 0.000000000000000000, 1.084202172485504434E-16 ) ) ;
#694 = DIRECTION ( 'NONE',  ( 1.000000000000000000, 0.000000000000000000, 0.000000000000000000 ) ) ;
#695 = SURFACE_STYLE_FILL_AREA ( #533 ) ;
#696 =( NAMED_UNIT ( * ) PLANE_ANGLE_UNIT ( ) SI_UNIT ( $, .RADIAN. ) );
#697 = CARTESIAN_POINT ( 'NONE',  ( 11.50000000000000000, -0.4000000000000000222, 4.898587196589413075E-17 ) ) ;
#698 = ORIENTED_EDGE ( 'NONE', *, *, #863, .F. ) ;
#699 = FACE_OUTER_BOUND ( 'NONE', #1830, .T. ) ;
#700 = PRESENTATION_STYLE_ASSIGNMENT (( #1794 ) ) ;
#701 = DIRECTION ( 'NONE',  ( 0.000000000000000000, 0.000000000000000000, 1.000000000000000000 ) ) ;
#702 = CARTESIAN_POINT ( 'NONE',  ( 1.909297531231847422, 0.000000000000000000, -2.399999999998701394 ) ) ;
#703 = ADVANCED_FACE ( 'NONE', ( #597 ), #2015, .T. ) ;
#704 = TOROIDAL_SURFACE ( 'NONE', #1865, 1.749999999999999778, 0.5000000000000000000 ) ;
#705 = VECTOR ( 'NONE', #886, 1000.000000000000000 ) ;
#706 = CARTESIAN_POINT ( 'NONE',  ( 0.000000000000000000, 0.000000000000000000, 0.000000000000000000 ) ) ;
#707 = ADVANCED_FACE ( 'NONE', ( #1694 ), #135, .T. ) ;
#708 = ORIENTED_EDGE ( 'NONE', *, *, #1846, .T. ) ;
#709 = CARTESIAN_POINT ( 'NONE',  ( 17.17999999999999972, -1.000000000000000888, 0.000000000000000000 ) ) ;
#710 =( NAMED_UNIT ( * ) SI_UNIT ( $, .STERADIAN. ) SOLID_ANGLE_UNIT ( ) );
#711 =( GEOMETRIC_REPRESENTATION_CONTEXT ( 3 ) GLOBAL_UNCERTAINTY_ASSIGNED_CONTEXT ( ( #882 ) ) GLOBAL_UNIT_ASSIGNED_CONTEXT ( ( #1485, #2047, #1841 ) ) REPRESENTATION_CONTEXT ( 'NONE', 'WORKASPACE' ) );
#712 = UNCERTAINTY_MEASURE_WITH_UNIT (LENGTH_MEASURE( 1.000000000000000082E-05 ), #1104, 'distance_accuracy_value', 'NONE');
#713 = COLOUR_RGB ( '',0.8313725490196077761, 1.000000000000000000, 0.8666666666666666963 ) ;
#714 = MECHANICAL_DESIGN_GEOMETRIC_PRESENTATION_REPRESENTATION (  '', ( #1609 ), #359 ) ;
#715 = STYLED_ITEM ( 'NONE', ( #157 ), #1574 ) ;
#716 = DIRECTION ( 'NONE',  ( 0.000000000000000000, 0.000000000000000000, -1.000000000000000000 ) ) ;
#717 = EDGE_CURVE ( 'NONE', #1523, #102, #1675, .T. ) ;
#718 = STYLED_ITEM ( 'NONE', ( #947 ), #1696 ) ;
#719 = SURFACE_STYLE_FILL_AREA ( #1502 ) ;
#720 = VERTEX_POINT ( 'NONE', #1203 ) ;
#721 = CYLINDRICAL_SURFACE ( 'NONE', #78, 2.250000000000000000 ) ;
#722 = FILL_AREA_STYLE ('',( #401 ) ) ;
#723 = ORIENTED_EDGE ( 'NONE', *, *, #505, .T. ) ;
#724 = DIRECTION ( 'NONE',  ( -5.100766768294536407E-17, 1.000000000000000000, 0.000000000000000000 ) ) ;
#725 = CARTESIAN_POINT ( 'NONE',  ( -4.679999999999999716, -1.000000000000001554, -4.898587196589413075E-17 ) ) ;
#726 = DIRECTION ( 'NONE',  ( -1.000000000000000000, 0.000000000000000000, 0.000000000000000000 ) ) ;
#727 = ORIENTED_EDGE ( 'NONE', *, *, #480, .T. ) ;
#728 =( NAMED_UNIT ( * ) PLANE_ANGLE_UNIT ( ) SI_UNIT ( $, .RADIAN. ) );
#729 = FACE_OUTER_BOUND ( 'NONE', #1731, .T. ) ;
#730 = CARTESIAN_POINT ( 'NONE',  ( 11.50000000000000000, 0.000000000000000000, -2.099999999999999645 ) ) ;
#731 = UNCERTAINTY_MEASURE_WITH_UNIT (LENGTH_MEASURE( 1.000000000000000082E-05 ), #990, 'distance_accuracy_value', 'NONE');
#732 = CARTESIAN_POINT ( 'NONE',  ( 4.759297531231847955, 0.000000000000000000, -2.099999999999999645 ) ) ;
#733 = EDGE_LOOP ( 'NONE', ( #456, #1547, #466, #930 ) ) ;
#734 = CARTESIAN_POINT ( 'NONE',  ( 5.559297531231847778, 2.571758278209440971E-16, 2.099999999999999645 ) ) ;
#735 = CARTESIAN_POINT ( 'NONE',  ( 11.50000000000000000, 2.755455298081544285E-16, -2.250000000000000000 ) ) ;
#736 = CIRCLE ( 'NONE', #1318, 2.156249999998377742 ) ;
#737 = ORIENTED_EDGE ( 'NONE', *, *, #1489, .F. ) ;
#738 = PRESENTATION_STYLE_ASSIGNMENT (( #1679 ) ) ;
#739 = DIRECTION ( 'NONE',  ( 0.000000000000000000, 0.000000000000000000, 1.000000000000000000 ) ) ;
#740 = CIRCLE ( 'NONE', #1703, 2.099999999999999645 ) ;
#741 = DIRECTION ( 'NONE',  ( -1.734723475976807341E-16, -1.000000000000000000, 0.000000000000000000 ) ) ;
#742 = ADVANCED_FACE ( 'NONE', ( #876 ), #1087, .F. ) ;
#743 = ORIENTED_EDGE ( 'NONE', *, *, #1503, .T. ) ;
#744 = ORIENTED_EDGE ( 'NONE', *, *, #281, .F. ) ;
#745 = SURFACE_STYLE_FILL_AREA ( #932 ) ;
#746 = PRESENTATION_LAYER_ASSIGNMENT (  '', '', ( #678 ) ) ;
#747 = SURFACE_SIDE_STYLE ('',( #404 ) ) ;
#748 = AXIS2_PLACEMENT_3D ( 'NONE', #2039, #13, #184 ) ;
#749 = CARTESIAN_POINT ( 'NONE',  ( 1.734409173984146069, 0.000000000000000000, 0.000000000000000000 ) ) ;
#750 = ORIENTED_EDGE ( 'NONE', *, *, #618, .T. ) ;
#751 =( LENGTH_UNIT ( ) NAMED_UNIT ( * ) SI_UNIT ( .MILLI., .METRE. ) );
#752 = SURFACE_STYLE_USAGE ( .BOTH. , #418 ) ;
#753 = LINE ( 'NONE', #594, #420 ) ;
#754 = SURFACE_SIDE_STYLE ('',( #1269 ) ) ;
#755 = STYLED_ITEM ( 'NONE', ( #700 ), #1831 ) ;
#756 = AXIS2_PLACEMENT_3D ( 'NONE', #1737, #1308, #1755 ) ;
#757 = ORIENTED_EDGE ( 'NONE', *, *, #792, .F. ) ;
#758 = ORIENTED_EDGE ( 'NONE', *, *, #403, .F. ) ;
#759 = EDGE_CURVE ( 'NONE', #921, #1944, #1322, .T. ) ;
#760 = PRESENTATION_STYLE_ASSIGNMENT (( #322 ) ) ;
#761 = FILL_AREA_STYLE ('',( #1719 ) ) ;
#762 = ORIENTED_EDGE ( 'NONE', *, *, #440, .F. ) ;
#763 = SURFACE_SIDE_STYLE ('',( #1554 ) ) ;
#764 = CYLINDRICAL_SURFACE ( 'NONE', #787, 2.250000000000000000 ) ;
#765 = CARTESIAN_POINT ( 'NONE',  ( -5.280000000000001137, -1.000000000000001554, 0.000000000000000000 ) ) ;
#766 = PRESENTATION_STYLE_ASSIGNMENT (( #450 ) ) ;
#767 =( NAMED_UNIT ( * ) SI_UNIT ( $, .STERADIAN. ) SOLID_ANGLE_UNIT ( ) );
#768 = EDGE_LOOP ( 'NONE', ( #275, #1824, #307, #659 ) ) ;
#769 = EDGE_LOOP ( 'NONE', ( #758, #2002, #1540, #2046 ) ) ;
#770 = EDGE_CURVE ( 'NONE', #1690, #407, #50, .T. ) ;
#771 = DIRECTION ( 'NONE',  ( 0.000000000000000000, 0.000000000000000000, -1.000000000000000000 ) ) ;
#772 = MECHANICAL_DESIGN_GEOMETRIC_PRESENTATION_REPRESENTATION (  '', ( #1957 ), #1047 ) ;
#773 = LINE ( 'NONE', #433, #1101 ) ;
#774 = EDGE_CURVE ( 'NONE', #596, #316, #572, .T. ) ;
#775 = PRESENTATION_LAYER_ASSIGNMENT (  '', '', ( #810 ) ) ;
#776 = UNCERTAINTY_MEASURE_WITH_UNIT (LENGTH_MEASURE( 1.000000000000000082E-05 ), #1311, 'distance_accuracy_value', 'NONE');
#777 = CARTESIAN_POINT ( 'NONE',  ( 11.00000000000000000, 2.143131898507868051E-16, 1.749999999999999778 ) ) ;
#778 = ORIENTED_EDGE ( 'NONE', *, *, #36, .F. ) ;
#779 = TOROIDAL_SURFACE ( 'NONE', #250, 2.399999999998701394, 0.2999999999999999889 ) ;
#780 = PRESENTATION_STYLE_ASSIGNMENT (( #1470 ) ) ;
#781 = VERTEX_POINT ( 'NONE', #1961 ) ;
#782 = PRODUCT ( 'Resistor11.5x4.5x22.86', 'Resistor11.5x4.5x22.86', '', ( #943 ) ) ;
#783 = TOROIDAL_SURFACE ( 'NONE', #1904, 1.749999999999999778, 0.5000000000000000000 ) ;
#784 = STYLED_ITEM ( 'NONE', ( #1487 ), #1153 ) ;
#785 =( NAMED_UNIT ( * ) PLANE_ANGLE_UNIT ( ) SI_UNIT ( $, .RADIAN. ) );
#786 =( NAMED_UNIT ( * ) SI_UNIT ( $, .STERADIAN. ) SOLID_ANGLE_UNIT ( ) );
#787 = AXIS2_PLACEMENT_3D ( 'NONE', #2026, #819, #1279 ) ;
#788 =( LENGTH_UNIT ( ) NAMED_UNIT ( * ) SI_UNIT ( .MILLI., .METRE. ) );
#789 =( GEOMETRIC_REPRESENTATION_CONTEXT ( 3 ) GLOBAL_UNCERTAINTY_ASSIGNED_CONTEXT ( ( #7 ) ) GLOBAL_UNIT_ASSIGNED_CONTEXT ( ( #1374, #1676, #889 ) ) REPRESENTATION_CONTEXT ( 'NONE', 'WORKASPACE' ) );
#790 = DIRECTION ( 'NONE',  ( 5.100766768294536407E-17, 1.000000000000000000, -0.000000000000000000 ) ) ;
#791 = AXIS2_PLACEMENT_3D ( 'NONE', #1983, #1832, #1845 ) ;
#792 = EDGE_CURVE ( 'NONE', #1619, #1259, #845, .T. ) ;
#793 = DIRECTION ( 'NONE',  ( 1.000000000000000000, 0.000000000000000000, 0.000000000000000000 ) ) ;
#794 = ORIENTED_EDGE ( 'NONE', *, *, #484, .F. ) ;
#795 = MECHANICAL_DESIGN_GEOMETRIC_PRESENTATION_REPRESENTATION (  '', ( #519 ), #1332 ) ;
#796 = CARTESIAN_POINT ( 'NONE',  ( 16.78000000000000114, -6.000000000000001776, 4.898587196589400133E-17 ) ) ;
#797 = PRESENTATION_STYLE_ASSIGNMENT (( #1582 ) ) ;
#798 = DIRECTION ( 'NONE',  ( 0.000000000000000000, 0.000000000000000000, -1.000000000000000000 ) ) ;
#799 = DIRECTION ( 'NONE',  ( -1.000000000000000000, -1.224646799147353454E-16, 0.000000000000000000 ) ) ;
#800 = APPLICATION_PROTOCOL_DEFINITION ( 'draft international standard', 'automotive_design', 1998, #1398 ) ;
#801 = UNCERTAINTY_MEASURE_WITH_UNIT (LENGTH_MEASURE( 1.000000000000000082E-05 ), #866, 'distance_accuracy_value', 'NONE');
#802 = DIRECTION ( 'NONE',  ( -1.000000000000000000, -0.000000000000000000, -0.000000000000000000 ) ) ;
#803 = EDGE_CURVE ( 'NONE', #720, #85, #252, .T. ) ;
#804 = ORIENTED_EDGE ( 'NONE', *, *, #792, .T. ) ;
#805 = FILL_AREA_STYLE ('',( #176 ) ) ;
#806 = CARTESIAN_POINT ( 'NONE',  ( -4.679999999999998828, -0.4000000000000006883, 0.000000000000000000 ) ) ;
#807 =( NAMED_UNIT ( * ) SI_UNIT ( $, .STERADIAN. ) SOLID_ANGLE_UNIT ( ) );
#808 = SURFACE_SIDE_STYLE ('',( #8 ) ) ;
#809 = VERTEX_POINT ( 'NONE', #473 ) ;
#810 = STYLED_ITEM ( 'NONE', ( #738 ), #256 ) ;
#811 = PRODUCT_DEFINITION ( 'UNKNOWN', '', #204, #1828 ) ;
#812 = CIRCLE ( 'NONE', #1253, 0.6000000000000007550 ) ;
#813 = FACE_OUTER_BOUND ( 'NONE', #858, .T. ) ;
#814 = CIRCLE ( 'NONE', #119, 2.156249999998377742 ) ;
#815 = SURFACE_STYLE_FILL_AREA ( #1911 ) ;
#816 = CARTESIAN_POINT ( 'NONE',  ( -4.679999999999998828, 0.3999999999999994116, 4.898587196589413075E-17 ) ) ;
#817 = STYLED_ITEM ( 'NONE', ( #780 ), #875 ) ;
#818 = PRESENTATION_STYLE_ASSIGNMENT (( #342 ) ) ;
#819 = DIRECTION ( 'NONE',  ( -1.000000000000000000, -0.000000000000000000, -0.000000000000000000 ) ) ;
#820 = ORIENTED_EDGE ( 'NONE', *, *, #1238, .T. ) ;
#821 = SURFACE_STYLE_USAGE ( .BOTH. , #1591 ) ;
#822 = COLOUR_RGB ( '',0.6470588235294117974, 0.6196078431372549211, 0.5882352941176470784 ) ;
#823 = STYLED_ITEM ( 'NONE', ( #16 ), #1797 ) ;
#824 = SURFACE_STYLE_FILL_AREA ( #1301 ) ;
#825 = DIRECTION ( 'NONE',  ( 0.000000000000000000, 0.000000000000000000, -1.000000000000000000 ) ) ;
#826 = ADVANCED_FACE ( 'NONE', ( #1274 ), #1183, .F. ) ;
#827 = DIRECTION ( 'NONE',  ( 1.000000000000000000, 0.000000000000000000, -1.084202172485504187E-16 ) ) ;
#828 = CARTESIAN_POINT ( 'NONE',  ( 11.00000000000000000, 0.000000000000000000, 2.250000000000000000 ) ) ;
#829 = EDGE_LOOP ( 'NONE', ( #1064, #1364, #1510, #1758 ) ) ;
#830 = CARTESIAN_POINT ( 'NONE',  ( 11.50000000000000000, 0.000000000000000000, 0.000000000000000000 ) ) ;
#831 = ORIENTED_EDGE ( 'NONE', *, *, #1746, .F. ) ;
#832 =( NAMED_UNIT ( * ) SI_UNIT ( $, .STERADIAN. ) SOLID_ANGLE_UNIT ( ) );
#833 = SURFACE_SIDE_STYLE ('',( #968 ) ) ;
#834 = EDGE_CURVE ( 'NONE', #606, #809, #224, .T. ) ;
#835 = CARTESIAN_POINT ( 'NONE',  ( 5.559297531231847778, 0.000000000000000000, 0.000000000000000000 ) ) ;
#836 = ORIENTED_EDGE ( 'NONE', *, *, #259, .T. ) ;
#837 = EDGE_CURVE ( 'NONE', #1531, #373, #1021, .T. ) ;
#838 = DIRECTION ( 'NONE',  ( 0.000000000000000000, 0.000000000000000000, -1.000000000000000000 ) ) ;
#839 = AXIS2_PLACEMENT_3D ( 'NONE', #375, #227, #1015 ) ;
#840 = SURFACE_SIDE_STYLE ('',( #824 ) ) ;
#841 = TOROIDAL_SURFACE ( 'NONE', #2032, 0.9999999999999995559, 0.4000000000000000222 ) ;
#842 = FILL_AREA_STYLE_COLOUR ( '', #229 ) ;
#843 = SURFACE_SIDE_STYLE ('',( #1930 ) ) ;
#844 = VECTOR ( 'NONE', #920, 1000.000000000000000 ) ;
#845 = CIRCLE ( 'NONE', #223, 2.250000000000000000 ) ;
#846 = PRESENTATION_STYLE_ASSIGNMENT (( #1041 ) ) ;
#847 = STYLED_ITEM ( 'NONE', ( #573 ), #994 ) ;
#848 = ORIENTED_EDGE ( 'NONE', *, *, #996, .T. ) ;
#849 = MECHANICAL_DESIGN_GEOMETRIC_PRESENTATION_REPRESENTATION (  '', ( #847 ), #1607 ) ;
#850 = DIRECTION ( 'NONE',  ( -0.000000000000000000, -1.000000000000000000, -0.000000000000000000 ) ) ;
#851 = ADVANCED_FACE ( 'NONE', ( #1987 ), #721, .T. ) ;
#852 = MECHANICAL_DESIGN_GEOMETRIC_PRESENTATION_REPRESENTATION (  '', ( #1026 ), #2003 ) ;
#853 = MECHANICAL_DESIGN_GEOMETRIC_PRESENTATION_REPRESENTATION (  '', ( #1779 ), #1263 ) ;
#854 = CARTESIAN_POINT ( 'NONE',  ( 11.50000000000000000, 0.000000000000000000, 0.000000000000000000 ) ) ;
#855 =( LENGTH_UNIT ( ) NAMED_UNIT ( * ) SI_UNIT ( .MILLI., .METRE. ) );
#856 = PRESENTATION_LAYER_ASSIGNMENT (  '', '', ( #926 ) ) ;
#857 = DIRECTION ( 'NONE',  ( -1.000000000000000000, -1.224646799147353454E-16, 0.000000000000000000 ) ) ;
#858 = EDGE_LOOP ( 'NONE', ( #1386, #1889, #1200, #1986 ) ) ;
#859 = DIRECTION ( 'NONE',  ( 3.393051144118360350E-16, 1.000000000000000000, 0.000000000000000000 ) ) ;
#860 = FILL_AREA_STYLE_COLOUR ( '', #369 ) ;
#861 = VERTEX_POINT ( 'NONE', #670 ) ;
#862 = UNCERTAINTY_MEASURE_WITH_UNIT (LENGTH_MEASURE( 1.000000000000000082E-05 ), #855, 'distance_accuracy_value', 'NONE');
#863 = EDGE_CURVE ( 'NONE', #85, #606, #1629, .T. ) ;
#864 = CARTESIAN_POINT ( 'NONE',  ( -4.898587196589414308E-17, 0.4000000000000000222, 4.898587196589413075E-17 ) ) ;
#865 = SURFACE_STYLE_USAGE ( .BOTH. , #547 ) ;
#866 =( LENGTH_UNIT ( ) NAMED_UNIT ( * ) SI_UNIT ( .MILLI., .METRE. ) );
#867 = DIRECTION ( 'NONE',  ( 0.000000000000000000, 0.000000000000000000, -1.000000000000000000 ) ) ;
#868 = EDGE_LOOP ( 'NONE', ( #1072, #159, #848, #2044 ) ) ;
#869 =( NAMED_UNIT ( * ) SI_UNIT ( $, .STERADIAN. ) SOLID_ANGLE_UNIT ( ) );
#870 = CARTESIAN_POINT ( 'NONE',  ( 11.00000000000000000, 0.000000000000000000, 0.000000000000000000 ) ) ;
#871 = VECTOR ( 'NONE', #1346, 1000.000000000000000 ) ;
#872 = CARTESIAN_POINT ( 'NONE',  ( 11.50000000000000000, 0.000000000000000000, 0.000000000000000000 ) ) ;
#873 = DIRECTION ( 'NONE',  ( 0.000000000000000000, 0.000000000000000000, 1.000000000000000000 ) ) ;
#874 = CIRCLE ( 'NONE', #1179, 0.5000000000000000000 ) ;
#875 = ADVANCED_FACE ( 'NONE', ( #813 ), #644, .T. ) ;
#876 = FACE_OUTER_BOUND ( 'NONE', #358, .T. ) ;
#877 = FILL_AREA_STYLE_COLOUR ( '', #1028 ) ;
#878 = ORIENTED_EDGE ( 'NONE', *, *, #1818, .T. ) ;
#879 = CARTESIAN_POINT ( 'NONE',  ( -6.080000000000000071, -6.000000000000001776, 4.898587196589410610E-17 ) ) ;
#880 = DIRECTION ( 'NONE',  ( 0.000000000000000000, 0.000000000000000000, -1.000000000000000000 ) ) ;
#881 = AXIS2_PLACEMENT_3D ( 'NONE', #587, #436, #595 ) ;
#882 = UNCERTAINTY_MEASURE_WITH_UNIT (LENGTH_MEASURE( 1.000000000000000082E-05 ), #1485, 'distance_accuracy_value', 'NONE');
#883 = EDGE_LOOP ( 'NONE', ( #187, #445, #1034, #32 ) ) ;
#884 = STYLED_ITEM ( 'NONE', ( #1264 ), #1569 ) ;
#885 = CYLINDRICAL_SURFACE ( 'NONE', #334, 2.099999999999999645 ) ;
#886 = DIRECTION ( 'NONE',  ( -1.000000000000000000, -0.000000000000000000, -0.000000000000000000 ) ) ;
#887 = STYLED_ITEM ( 'NONE', ( #197 ), #1659 ) ;
#888 = CIRCLE ( 'NONE', #264, 2.099999999999999645 ) ;
#889 =( NAMED_UNIT ( * ) SI_UNIT ( $, .STERADIAN. ) SOLID_ANGLE_UNIT ( ) );
#890 = CARTESIAN_POINT ( 'NONE',  ( 9.590702468768151689, 0.000000000000000000, 0.000000000000000000 ) ) ;
#891 = PRESENTATION_LAYER_ASSIGNMENT (  '', '', ( #1063 ) ) ;
#892 = FILL_AREA_STYLE ('',( #1645 ) ) ;
#893 = EDGE_LOOP ( 'NONE', ( #1722, #1792, #1885, #1994 ) ) ;
#894 = FILL_AREA_STYLE_COLOUR ( '', #1188 ) ;
#895 = SURFACE_STYLE_USAGE ( .BOTH. , #541 ) ;
#896 = ADVANCED_FACE ( 'NONE', ( #683 ), #783, .T. ) ;
#897 = ORIENTED_EDGE ( 'NONE', *, *, #1197, .T. ) ;
#898 =( NAMED_UNIT ( * ) SI_UNIT ( $, .STERADIAN. ) SOLID_ANGLE_UNIT ( ) );
#899 = DIRECTION ( 'NONE',  ( 0.000000000000000000, 0.000000000000000000, -1.000000000000000000 ) ) ;
#900 = EDGE_CURVE ( 'NONE', #1259, #1678, #1938, .T. ) ;
#901 = ORIENTED_EDGE ( 'NONE', *, *, #1447, .F. ) ;
#902 = CARTESIAN_POINT ( 'NONE',  ( 0.000000000000000000, 0.4000000000000000222, 4.898587196589416157E-17 ) ) ;
#903 = PRESENTATION_STYLE_ASSIGNMENT (( #1527 ) ) ;
#904 = CARTESIAN_POINT ( 'NONE',  ( 1.734409173984146069, 0.000000000000000000, 0.000000000000000000 ) ) ;
#905 = CARTESIAN_POINT ( 'NONE',  ( 0.000000000000000000, 0.000000000000000000, 0.000000000000000000 ) ) ;
#906 = VERTEX_POINT ( 'NONE', #1417 ) ;
#907 = FILL_AREA_STYLE ('',( #276 ) ) ;
#908 =( NAMED_UNIT ( * ) PLANE_ANGLE_UNIT ( ) SI_UNIT ( $, .RADIAN. ) );
#909 = COLOUR_RGB ( '',0.6470588235294117974, 0.6196078431372549211, 0.5882352941176470784 ) ;
#910 = VERTEX_POINT ( 'NONE', #732 ) ;
#911 = MECHANICAL_DESIGN_GEOMETRIC_PRESENTATION_REPRESENTATION (  '', ( #1898 ), #284 ) ;
#912 = MECHANICAL_DESIGN_GEOMETRIC_PRESENTATION_REPRESENTATION (  '', ( #320 ), #287 ) ;
#913 = FILL_AREA_STYLE ('',( #274 ) ) ;
#914 = ORIENTED_EDGE ( 'NONE', *, *, #803, .T. ) ;
#915 = ORIENTED_EDGE ( 'NONE', *, *, #160, .T. ) ;
#916 = TOROIDAL_SURFACE ( 'NONE', #1124, 1.749999999999999778, 0.5000000000000000000 ) ;
#917 = DIRECTION ( 'NONE',  ( -1.734723475976807341E-16, -1.000000000000000000, 0.000000000000000000 ) ) ;
#918 = LINE ( 'NONE', #1552, #1476 ) ;
#919 = COLOUR_RGB ( '',0.8313725490196077761, 1.000000000000000000, 0.8666666666666666963 ) ;
#920 = DIRECTION ( 'NONE',  ( 1.000000000000000000, -0.000000000000000000, -0.000000000000000000 ) ) ;
#921 = VERTEX_POINT ( 'NONE', #929 ) ;
#922 = AXIS2_PLACEMENT_3D ( 'NONE', #995, #1492, #234 ) ;
#923 = FILL_AREA_STYLE ('',( #1365 ) ) ;
#924 = DIRECTION ( 'NONE',  ( -1.000000000000000000, 0.000000000000000000, 0.000000000000000000 ) ) ;
#925 = FILL_AREA_STYLE ('',( #1541 ) ) ;
#926 = STYLED_ITEM ( 'NONE', ( #1464 ), #1804 ) ;
#927 = UNCERTAINTY_MEASURE_WITH_UNIT (LENGTH_MEASURE( 1.000000000000000082E-05 ), #1422, 'distance_accuracy_value', 'NONE');
#928 = PRESENTATION_LAYER_ASSIGNMENT (  '', '', ( #1909 ) ) ;
#929 = CARTESIAN_POINT ( 'NONE',  ( 0.000000000000000000, 2.449293598294706414E-16, 1.749999999999999778 ) ) ;
#930 = ORIENTED_EDGE ( 'NONE', *, *, #475, .F. ) ;
#931 = ORIENTED_EDGE ( 'NONE', *, *, #1775, .T. ) ;
#932 = FILL_AREA_STYLE ('',( #1111 ) ) ;
#933 = EDGE_CURVE ( 'NONE', #553, #253, #1218, .T. ) ;
#934 = CARTESIAN_POINT ( 'NONE',  ( 2.959297531231849909, 0.000000000000000000, -2.099999999999999645 ) ) ;
#935 =( LENGTH_UNIT ( ) NAMED_UNIT ( * ) SI_UNIT ( .MILLI., .METRE. ) );
#936 = DIRECTION ( 'NONE',  ( 1.000000000000000000, -0.000000000000000000, -0.000000000000000000 ) ) ;
#937 = ORIENTED_EDGE ( 'NONE', *, *, #349, .T. ) ;
#938 = ORIENTED_EDGE ( 'NONE', *, *, #1811, .T. ) ;
#939 = PRESENTATION_STYLE_ASSIGNMENT (( #1204 ) ) ;
#940 = CYLINDRICAL_SURFACE ( 'NONE', #251, 2.099999999999999645 ) ;
#941 = MECHANICAL_DESIGN_GEOMETRIC_PRESENTATION_REPRESENTATION (  '', ( #639 ), #153 ) ;
#942 = SURFACE_SIDE_STYLE ('',( #312 ) ) ;
#943 = PRODUCT_CONTEXT ( 'NONE', #1398, 'mechanical' ) ;
#944 = PRESENTATION_LAYER_ASSIGNMENT (  '', '', ( #115 ) ) ;
#945 = UNCERTAINTY_MEASURE_WITH_UNIT (LENGTH_MEASURE( 1.000000000000000082E-05 ), #1537, 'distance_accuracy_value', 'NONE');
#946 = LINE ( 'NONE', #965, #1419 ) ;
#947 = PRESENTATION_STYLE_ASSIGNMENT (( #2 ) ) ;
#948 = CIRCLE ( 'NONE', #1321, 0.5000000000000000000 ) ;
#949 = DIRECTION ( 'NONE',  ( -1.000000000000000000, 0.000000000000000000, 0.000000000000000000 ) ) ;
#950 = AXIS2_PLACEMENT_3D ( 'NONE', #777, #1699, #1389 ) ;
#951 = MECHANICAL_DESIGN_GEOMETRIC_PRESENTATION_REPRESENTATION (  '', ( #1772 ), #1711 ) ;
#952 = DIRECTION ( 'NONE',  ( 1.000000000000000000, 0.000000000000000000, 0.000000000000000000 ) ) ;
#953 =( NAMED_UNIT ( * ) PLANE_ANGLE_UNIT ( ) SI_UNIT ( $, .RADIAN. ) );
#954 = COLOUR_RGB ( '',0.6470588235294117974, 0.6196078431372549211, 0.5882352941176470784 ) ;
#955 = CYLINDRICAL_SURFACE ( 'NONE', #247, 2.099999999999999645 ) ;
#956 = PRESENTATION_LAYER_ASSIGNMENT (  '', '', ( #682 ) ) ;
#957 = CARTESIAN_POINT ( 'NONE',  ( -4.679999999999998828, -5.731347020009612152E-16, 0.000000000000000000 ) ) ;
#958 = STYLED_ITEM ( 'NONE', ( #1920 ), #1788 ) ;
#959 = FACE_BOUND ( 'NONE', #1272, .T. ) ;
#960 = ORIENTED_EDGE ( 'NONE', *, *, #1310, .T. ) ;
#961 = AXIS2_PLACEMENT_3D ( 'NONE', #1044, #249, #880 ) ;
#962 =( GEOMETRIC_REPRESENTATION_CONTEXT ( 3 ) GLOBAL_UNCERTAINTY_ASSIGNED_CONTEXT ( ( #435 ) ) GLOBAL_UNIT_ASSIGNED_CONTEXT ( ( #1436, #1298, #807 ) ) REPRESENTATION_CONTEXT ( 'NONE', 'WORKASPACE' ) );
#963 =( NAMED_UNIT ( * ) PLANE_ANGLE_UNIT ( ) SI_UNIT ( $, .RADIAN. ) );
#964 = DIRECTION ( 'NONE',  ( 0.000000000000000000, 0.000000000000000000, -1.000000000000000000 ) ) ;
#965 = CARTESIAN_POINT ( 'NONE',  ( 11.50000000000000000, 0.000000000000000000, -2.099999999999999645 ) ) ;
#966 = SURFACE_STYLE_USAGE ( .BOTH. , #1897 ) ;
#967 = DIRECTION ( 'NONE',  ( 0.000000000000000000, 1.224646799147353207E-16, 1.000000000000000000 ) ) ;
#968 = SURFACE_STYLE_FILL_AREA ( #1847 ) ;
#969 = SURFACE_STYLE_FILL_AREA ( #805 ) ;
#970 = LINE ( 'NONE', #1443, #362 ) ;
#971 = ORIENTED_EDGE ( 'NONE', *, *, #1501, .T. ) ;
#972 = PRESENTATION_LAYER_ASSIGNMENT (  '', '', ( #1379 ) ) ;
#973 = SURFACE_STYLE_USAGE ( .BOTH. , #1627 ) ;
#974 = ORIENTED_EDGE ( 'NONE', *, *, #759, .T. ) ;
#975 = CIRCLE ( 'NONE', #417, 0.4000000000000000222 ) ;
#976 = MECHANICAL_DESIGN_GEOMETRIC_PRESENTATION_REPRESENTATION (  '', ( #1602 ), #1050 ) ;
#977 = ADVANCED_FACE ( 'NONE', ( #2043 ), #114, .T. ) ;
#978 = VECTOR ( 'NONE', #1762, 1000.000000000000000 ) ;
#979 = CYLINDRICAL_SURFACE ( 'NONE', #1128, 0.4000000000000000222 ) ;
#980 = CARTESIAN_POINT ( 'NONE',  ( 1.442928578572857612, 0.000000000000000000, 2.250000000000000000 ) ) ;
#981 = DIRECTION ( 'NONE',  ( -1.000000000000000000, -0.000000000000000000, -0.000000000000000000 ) ) ;
#982 = FILL_AREA_STYLE ('',( #626 ) ) ;
#983 = PRESENTATION_LAYER_ASSIGNMENT (  '', '', ( #1772 ) ) ;
#984 = CARTESIAN_POINT ( 'NONE',  ( 9.590702468768151689, 2.939152317952057551E-16, 2.399999999998701394 ) ) ;
#985 = FACE_OUTER_BOUND ( 'NONE', #116, .T. ) ;
#986 = SURFACE_STYLE_USAGE ( .BOTH. , #1601 ) ;
#987 = MECHANICAL_DESIGN_GEOMETRIC_PRESENTATION_REPRESENTATION (  '', ( #545 ), #1810 ) ;
#988 = ORIENTED_EDGE ( 'NONE', *, *, #1660, .F. ) ;
#989 = CIRCLE ( 'NONE', #1577, 0.4000000000000000222 ) ;
#990 =( LENGTH_UNIT ( ) NAMED_UNIT ( * ) SI_UNIT ( .MILLI., .METRE. ) );
#991 = ORIENTED_EDGE ( 'NONE', *, *, #160, .F. ) ;
#992 = VECTOR ( 'NONE', #1791, 1000.000000000000000 ) ;
#993 = CIRCLE ( 'NONE', #1061, 0.4000000000000000222 ) ;
#994 = ADVANCED_FACE ( 'NONE', ( #1408 ), #101, .T. ) ;
#995 = CARTESIAN_POINT ( 'NONE',  ( 0.000000000000000000, 0.000000000000000000, 0.000000000000000000 ) ) ;
#996 = EDGE_CURVE ( 'NONE', #271, #1309, #1300, .T. ) ;
#997 = CARTESIAN_POINT ( 'NONE',  ( 1.959297531231849021, 0.000000000000000000, -2.099999999999999645 ) ) ;
#998 = DIRECTION ( 'NONE',  ( 1.000000000000000000, 0.000000000000000000, -2.168404344971008868E-16 ) ) ;
#999 = ORIENTED_EDGE ( 'NONE', *, *, #1956, .F. ) ;
#1000 = PRESENTATION_STYLE_ASSIGNMENT (( #48 ) ) ;
#1001 =( NAMED_UNIT ( * ) PLANE_ANGLE_UNIT ( ) SI_UNIT ( $, .RADIAN. ) );
#1002 =( NAMED_UNIT ( * ) PLANE_ANGLE_UNIT ( ) SI_UNIT ( $, .RADIAN. ) );
#1003 = DIRECTION ( 'NONE',  ( -1.000000000000000000, -0.000000000000000000, -0.000000000000000000 ) ) ;
#1004 = CARTESIAN_POINT ( 'NONE',  ( 16.17999999999999972, -5.731347020009612152E-16, 0.000000000000000000 ) ) ;
#1005 = DIRECTION ( 'NONE',  ( -0.000000000000000000, -1.000000000000000000, -0.000000000000000000 ) ) ;
#1006 = DIRECTION ( 'NONE',  ( 0.000000000000000000, 0.000000000000000000, -1.000000000000000000 ) ) ;
#1007 = CARTESIAN_POINT ( 'NONE',  ( 8.540702468768152755, 0.000000000000000000, 0.000000000000000000 ) ) ;
#1008 = EDGE_CURVE ( 'NONE', #910, #522, #946, .T. ) ;
#1009 = VERTEX_POINT ( 'NONE', #360 ) ;
#1010 = DIRECTION ( 'NONE',  ( 0.000000000000000000, 0.000000000000000000, -1.000000000000000000 ) ) ;
#1011 = CARTESIAN_POINT ( 'NONE',  ( 9.590702468768151689, 0.000000000000000000, -2.399999999998701394 ) ) ;
#1012 = DIRECTION ( 'NONE',  ( 1.000000000000000000, 0.000000000000000000, -1.084202172485504434E-16 ) ) ;
#1013 = FILL_AREA_STYLE_COLOUR ( '', #909 ) ;
#1014 = CIRCLE ( 'NONE', #217, 2.099999999999999645 ) ;
#1015 = DIRECTION ( 'NONE',  ( 1.000000000000000000, 0.000000000000000000, 0.000000000000000000 ) ) ;
#1016 = FILL_AREA_STYLE_COLOUR ( '', #1152 ) ;
#1017 = AXIS2_PLACEMENT_3D ( 'NONE', #1623, #1166, #1372 ) ;
#1018 = DIRECTION ( 'NONE',  ( 1.000000000000000000, -0.000000000000000000, -0.000000000000000000 ) ) ;
#1019 =( GEOMETRIC_REPRESENTATION_CONTEXT ( 3 ) GLOBAL_UNCERTAINTY_ASSIGNED_CONTEXT ( ( #1055 ) ) GLOBAL_UNIT_ASSIGNED_CONTEXT ( ( #277, #908, #580 ) ) REPRESENTATION_CONTEXT ( 'NONE', 'WORKASPACE' ) );
#1020 = DIRECTION ( 'NONE',  ( 1.224646799147353454E-16, -1.000000000000000000, 0.000000000000000000 ) ) ;
#1021 = CIRCLE ( 'NONE', #1834, 0.4000000000000000222 ) ;
#1022 = ADVANCED_FACE ( 'NONE', ( #959, #1919 ), #189, .T. ) ;
#1023 = VERTEX_POINT ( 'NONE', #339 ) ;
#1024 =( LENGTH_UNIT ( ) NAMED_UNIT ( * ) SI_UNIT ( .MILLI., .METRE. ) );
#1025 = DIRECTION ( 'NONE',  ( 1.000000000000000000, -0.000000000000000000, -0.000000000000000000 ) ) ;
#1026 = STYLED_ITEM ( 'NONE', ( #498 ), #1275 ) ;
#1027 = VECTOR ( 'NONE', #273, 1000.000000000000000 ) ;
#1028 = COLOUR_RGB ( '',0.8313725490196077761, 1.000000000000000000, 0.8666666666666666963 ) ;
#1029 = PRESENTATION_LAYER_ASSIGNMENT (  '', '', ( #887 ) ) ;
#1030 = FACE_OUTER_BOUND ( 'NONE', #1069, .T. ) ;
#1031 =( LENGTH_UNIT ( ) NAMED_UNIT ( * ) SI_UNIT ( .MILLI., .METRE. ) );
#1032 = COLOUR_RGB ( '',0.8313725490196077761, 1.000000000000000000, 0.8666666666666666963 ) ;
#1033 = CARTESIAN_POINT ( 'NONE',  ( 11.50000000000000000, 2.571758278209440971E-16, 2.099999999999999645 ) ) ;
#1034 = ORIENTED_EDGE ( 'NONE', *, *, #411, .T. ) ;
#1035 =( NAMED_UNIT ( * ) SI_UNIT ( $, .STERADIAN. ) SOLID_ANGLE_UNIT ( ) );
#1036 = SURFACE_SIDE_STYLE ('',( #1801 ) ) ;
#1037 = CARTESIAN_POINT ( 'NONE',  ( 1.959297531231849021, 0.000000000000000000, 0.000000000000000000 ) ) ;
#1038 = DIRECTION ( 'NONE',  ( 1.000000000000000000, 0.000000000000000000, 0.000000000000000000 ) ) ;
#1039 = UNCERTAINTY_MEASURE_WITH_UNIT (LENGTH_MEASURE( 1.000000000000000082E-05 ), #1202, 'distance_accuracy_value', 'NONE');
#1040 = DIRECTION ( 'NONE',  ( 0.000000000000000000, 0.000000000000000000, -1.000000000000000000 ) ) ;
#1041 = SURFACE_STYLE_USAGE ( .BOTH. , #406 ) ;
#1042 = ORIENTED_EDGE ( 'NONE', *, *, #1333, .T. ) ;
#1043 = PRESENTATION_STYLE_ASSIGNMENT (( #239 ) ) ;
#1044 = CARTESIAN_POINT ( 'NONE',  ( 11.50000000000000000, 0.000000000000000000, 0.000000000000000000 ) ) ;
#1045 = SURFACE_STYLE_USAGE ( .BOTH. , #402 ) ;
#1046 = ORIENTED_EDGE ( 'NONE', *, *, #111, .T. ) ;
#1047 =( GEOMETRIC_REPRESENTATION_CONTEXT ( 3 ) GLOBAL_UNCERTAINTY_ASSIGNED_CONTEXT ( ( #1728 ) ) GLOBAL_UNIT_ASSIGNED_CONTEXT ( ( #370, #1923, #657 ) ) REPRESENTATION_CONTEXT ( 'NONE', 'WORKASPACE' ) );
#1048 = LINE ( 'NONE', #1673, #705 ) ;
#1049 = PRESENTATION_LAYER_ASSIGNMENT (  '', '', ( #535 ) ) ;
#1050 =( GEOMETRIC_REPRESENTATION_CONTEXT ( 3 ) GLOBAL_UNCERTAINTY_ASSIGNED_CONTEXT ( ( #862 ) ) GLOBAL_UNIT_ASSIGNED_CONTEXT ( ( #855, #1778, #832 ) ) REPRESENTATION_CONTEXT ( 'NONE', 'WORKASPACE' ) );
#1051 = CIRCLE ( 'NONE', #1867, 1.400000000000000133 ) ;
#1052 = CARTESIAN_POINT ( 'NONE',  ( 16.17999999999999972, -1.000000000000001554, 0.000000000000000000 ) ) ;
#1053 = CARTESIAN_POINT ( 'NONE',  ( 10.05707142142714439, 0.000000000000000000, 0.000000000000000000 ) ) ;
#1054 = MECHANICAL_DESIGN_GEOMETRIC_PRESENTATION_REPRESENTATION (  '', ( #817 ), #485 ) ;
#1055 = UNCERTAINTY_MEASURE_WITH_UNIT (LENGTH_MEASURE( 1.000000000000000082E-05 ), #277, 'distance_accuracy_value', 'NONE');
#1056 = ORIENTED_EDGE ( 'NONE', *, *, #1086, .T. ) ;
#1057 = MECHANICAL_DESIGN_GEOMETRIC_PRESENTATION_REPRESENTATION (  '', ( #1421 ), #789 ) ;
#1058 = DIRECTION ( 'NONE',  ( -1.000000000000000000, -0.000000000000000000, -0.000000000000000000 ) ) ;
#1059 = ADVANCED_FACE ( 'NONE', ( #660 ), #165, .T. ) ;
#1060 = PRESENTATION_LAYER_ASSIGNMENT (  '', '', ( #1266 ) ) ;
#1061 = AXIS2_PLACEMENT_3D ( 'NONE', #346, #802, #1438 ) ;
#1062 = CARTESIAN_POINT ( 'NONE',  ( 6.559297531231848666, 0.000000000000000000, -2.099999999999999645 ) ) ;
#1063 = STYLED_ITEM ( 'NONE', ( #510 ), #2023 ) ;
#1064 = ORIENTED_EDGE ( 'NONE', *, *, #1980, .F. ) ;
#1065 = FILL_AREA_STYLE ('',( #1217 ) ) ;
#1066 = PRESENTATION_STYLE_ASSIGNMENT (( #1519 ) ) ;
#1067 = LINE ( 'NONE', #1563, #1027 ) ;
#1068 = SURFACE_STYLE_USAGE ( .BOTH. , #1271 ) ;
#1069 = EDGE_LOOP ( 'NONE', ( #170, #137, #627, #1656 ) ) ;
#1070 = ORIENTED_EDGE ( 'NONE', *, *, #1927, .F. ) ;
#1071 = FACE_OUTER_BOUND ( 'NONE', #191, .T. ) ;
#1072 = ORIENTED_EDGE ( 'NONE', *, *, #1452, .F. ) ;
#1073 = FILL_AREA_STYLE_COLOUR ( '', #1765 ) ;
#1074 = UNCERTAINTY_MEASURE_WITH_UNIT (LENGTH_MEASURE( 1.000000000000000082E-05 ), #1954, 'distance_accuracy_value', 'NONE');
#1075 = ORIENTED_EDGE ( 'NONE', *, *, #134, .T. ) ;
#1076 = ORIENTED_EDGE ( 'NONE', *, *, #1090, .T. ) ;
#1077 = DIRECTION ( 'NONE',  ( -0.000000000000000000, -0.000000000000000000, -1.000000000000000000 ) ) ;
#1078 = AXIS2_PLACEMENT_3D ( 'NONE', #599, #1276, #169 ) ;
#1079 = DIRECTION ( 'NONE',  ( 0.000000000000000000, 0.000000000000000000, -1.000000000000000000 ) ) ;
#1080 = CARTESIAN_POINT ( 'NONE',  ( 17.58000000000000185, -1.000000000000000666, 0.000000000000000000 ) ) ;
#1081 = DIRECTION ( 'NONE',  ( -1.000000000000000000, 0.000000000000000000, 0.000000000000000000 ) ) ;
#1082 = EDGE_LOOP ( 'NONE', ( #931, #1858, #1844, #47 ) ) ;
#1083 = CIRCLE ( 'NONE', #673, 0.4000000000000000222 ) ;
#1084 = CYLINDRICAL_SURFACE ( 'NONE', #641, 2.099999999999999645 ) ;
#1085 = AXIS2_PLACEMENT_3D ( 'NONE', #1212, #1808, #558 ) ;
#1086 = EDGE_CURVE ( 'NONE', #316, #1023, #612, .T. ) ;
#1087 = TOROIDAL_SURFACE ( 'NONE', #186, 2.399999999998701394, 0.2999999999999999889 ) ;
#1088 =( NAMED_UNIT ( * ) PLANE_ANGLE_UNIT ( ) SI_UNIT ( $, .RADIAN. ) );
#1089 = VERTEX_POINT ( 'NONE', #1729 ) ;
#1090 = EDGE_CURVE ( 'NONE', #1678, #1089, #1448, .T. ) ;
#1091 = EDGE_LOOP ( 'NONE', ( #1139, #2031, #727, #379 ) ) ;
#1092 = AXIS2_PLACEMENT_3D ( 'NONE', #1457, #666, #512 ) ;
#1093 =( GEOMETRIC_REPRESENTATION_CONTEXT ( 3 ) GLOBAL_UNCERTAINTY_ASSIGNED_CONTEXT ( ( #1874 ) ) GLOBAL_UNIT_ASSIGNED_CONTEXT ( ( #935, #2004, #150 ) ) REPRESENTATION_CONTEXT ( 'NONE', 'WORKASPACE' ) );
#1094 = SURFACE_SIDE_STYLE ('',( #458 ) ) ;
#1095 = CARTESIAN_POINT ( 'NONE',  ( 1.959297531231849021, 2.571758278209440971E-16, 2.099999999999999645 ) ) ;
#1096 = DIRECTION ( 'NONE',  ( 0.000000000000000000, 0.000000000000000000, 1.000000000000000000 ) ) ;
#1097 = DIRECTION ( 'NONE',  ( 1.000000000000000000, -0.000000000000000000, -0.000000000000000000 ) ) ;
#1098 = DIRECTION ( 'NONE',  ( -1.000000000000000000, 0.000000000000000000, 0.000000000000000000 ) ) ;
#1099 =( LENGTH_UNIT ( ) NAMED_UNIT ( * ) SI_UNIT ( .MILLI., .METRE. ) );
#1100 = UNCERTAINTY_MEASURE_WITH_UNIT (LENGTH_MEASURE( 1.000000000000000082E-05 ), #1522, 'distance_accuracy_value', 'NONE');
#1101 = VECTOR ( 'NONE', #617, 1000.000000000000000 ) ;
#1102 = EDGE_LOOP ( 'NONE', ( #1925, #1969, #325, #1628 ) ) ;
#1103 = ORIENTED_EDGE ( 'NONE', *, *, #1090, .F. ) ;
#1104 =( LENGTH_UNIT ( ) NAMED_UNIT ( * ) SI_UNIT ( .MILLI., .METRE. ) );
#1105 = FILL_AREA_STYLE_COLOUR ( '', #73 ) ;
#1106 = SURFACE_SIDE_STYLE ('',( #1424 ) ) ;
#1107 = LINE ( 'NONE', #486, #1159 ) ;
#1108 = CARTESIAN_POINT ( 'NONE',  ( 10.05707142142714439, 0.000000000000000000, 0.000000000000000000 ) ) ;
#1109 =( NAMED_UNIT ( * ) PLANE_ANGLE_UNIT ( ) SI_UNIT ( $, .RADIAN. ) );
#1110 = ORIENTED_EDGE ( 'NONE', *, *, #1980, .T. ) ;
#1111 = FILL_AREA_STYLE_COLOUR ( '', #52 ) ;
#1112 =( LENGTH_UNIT ( ) NAMED_UNIT ( * ) SI_UNIT ( .MILLI., .METRE. ) );
#1113 = ADVANCED_FACE ( 'NONE', ( #1 ), #631, .T. ) ;
#1114 = DIRECTION ( 'NONE',  ( 0.000000000000000000, 0.000000000000000000, 1.000000000000000000 ) ) ;
#1115 = DIRECTION ( 'NONE',  ( 0.000000000000000000, 0.000000000000000000, -1.000000000000000000 ) ) ;
#1116 = UNCERTAINTY_MEASURE_WITH_UNIT (LENGTH_MEASURE( 1.000000000000000082E-05 ), #1344, 'distance_accuracy_value', 'NONE');
#1117 =( NAMED_UNIT ( * ) PLANE_ANGLE_UNIT ( ) SI_UNIT ( $, .RADIAN. ) );
#1118 = AXIS2_PLACEMENT_3D ( 'NONE', #376, #981, #1006 ) ;
#1119 = PRESENTATION_LAYER_ASSIGNMENT (  '', '', ( #1605 ) ) ;
#1120 = DIRECTION ( 'NONE',  ( 0.000000000000000000, 0.000000000000000000, -1.000000000000000000 ) ) ;
#1121 = AXIS2_PLACEMENT_3D ( 'NONE', #1692, #949, #117 ) ;
#1122 = STYLED_ITEM ( 'NONE', ( #1291 ), #1059 ) ;
#1123 = EDGE_CURVE ( 'NONE', #781, #446, #1185, .T. ) ;
#1124 = AXIS2_PLACEMENT_3D ( 'NONE', #1053, #924, #432 ) ;
#1125 = CARTESIAN_POINT ( 'NONE',  ( 0.5000000000000004441, 0.000000000000000000, 2.250000000000000000 ) ) ;
#1126 =( NAMED_UNIT ( * ) SI_UNIT ( $, .STERADIAN. ) SOLID_ANGLE_UNIT ( ) );
#1127 =( NAMED_UNIT ( * ) SI_UNIT ( $, .STERADIAN. ) SOLID_ANGLE_UNIT ( ) );
#1128 = AXIS2_PLACEMENT_3D ( 'NONE', #854, #374, #1776 ) ;
#1129 =( LENGTH_UNIT ( ) NAMED_UNIT ( * ) SI_UNIT ( .MILLI., .METRE. ) );
#1130 = VERTEX_POINT ( 'NONE', #248 ) ;
#1131 = CIRCLE ( 'NONE', #465, 0.4000000000000000222 ) ;
#1132 = STYLED_ITEM ( 'NONE', ( #766 ), #1981 ) ;
#1133 = FILL_AREA_STYLE_COLOUR ( '', #1710 ) ;
#1134 = EDGE_LOOP ( 'NONE', ( #1566, #1697, #1328, #1223 ) ) ;
#1135 = DIRECTION ( 'NONE',  ( 1.000000000000000000, -0.000000000000000000, -0.000000000000000000 ) ) ;
#1136 =( NAMED_UNIT ( * ) PLANE_ANGLE_UNIT ( ) SI_UNIT ( $, .RADIAN. ) );
#1137 = EDGE_CURVE ( 'NONE', #1023, #1646, #460, .T. ) ;
#1138 = DIRECTION ( 'NONE',  ( 1.000000000000000000, -0.000000000000000000, -0.000000000000000000 ) ) ;
#1139 = ORIENTED_EDGE ( 'NONE', *, *, #1123, .F. ) ;
#1140 =( LENGTH_UNIT ( ) NAMED_UNIT ( * ) SI_UNIT ( .MILLI., .METRE. ) );
#1141 = DIRECTION ( 'NONE',  ( -1.000000000000000000, 0.000000000000000000, 0.000000000000000000 ) ) ;
#1142 = SURFACE_STYLE_USAGE ( .BOTH. , #1482 ) ;
#1143 = CARTESIAN_POINT ( 'NONE',  ( 0.000000000000000000, -0.4000000000000000222, 0.000000000000000000 ) ) ;
#1144 = DIRECTION ( 'NONE',  ( -1.000000000000000000, -0.000000000000000000, -0.000000000000000000 ) ) ;
#1145 = CARTESIAN_POINT ( 'NONE',  ( 0.000000000000000000, 0.000000000000000000, 0.000000000000000000 ) ) ;
#1146 = VERTEX_POINT ( 'NONE', #879 ) ;
#1147 = COLOUR_RGB ( '',0.8313725490196077761, 1.000000000000000000, 0.8666666666666666963 ) ;
#1148 = FILL_AREA_STYLE_COLOUR ( '', #487 ) ;
#1149 = DIRECTION ( 'NONE',  ( 0.000000000000000000, 0.000000000000000000, -1.000000000000000000 ) ) ;
#1150 = ADVANCED_FACE ( 'NONE', ( #1820 ), #1971, .T. ) ;
#1151 = CIRCLE ( 'NONE', #1599, 2.099999999999999645 ) ;
#1152 = COLOUR_RGB ( '',0.8313725490196077761, 1.000000000000000000, 0.8666666666666666963 ) ;
#1153 = ADVANCED_FACE ( 'NONE', ( #232 ), #916, .T. ) ;
#1154 = MECHANICAL_DESIGN_GEOMETRIC_PRESENTATION_REPRESENTATION (  '', ( #608 ), #156 ) ;
#1155 = MECHANICAL_DESIGN_GEOMETRIC_PRESENTATION_REPRESENTATION (  '', ( #1416 ), #15 ) ;
#1156 = FACE_OUTER_BOUND ( 'NONE', #1686, .T. ) ;
#1157 = FACE_OUTER_BOUND ( 'NONE', #1950, .T. ) ;
#1158 = LINE ( 'NONE', #1655, #395 ) ;
#1159 = VECTOR ( 'NONE', #1268, 1000.000000000000000 ) ;
#1160 = ORIENTED_EDGE ( 'NONE', *, *, #1305, .F. ) ;
#1161 = SURFACE_STYLE_USAGE ( .BOTH. , #1036 ) ;
#1162 = CARTESIAN_POINT ( 'NONE',  ( 11.50000000000000000, 0.000000000000000000, 0.000000000000000000 ) ) ;
#1163 = ORIENTED_EDGE ( 'NONE', *, *, #1927, .T. ) ;
#1164 = PRESENTATION_STYLE_ASSIGNMENT (( #1045 ) ) ;
#1165 = MECHANICAL_DESIGN_GEOMETRIC_PRESENTATION_REPRESENTATION (  '', ( #1909 ), #1458 ) ;
#1166 = DIRECTION ( 'NONE',  ( 1.000000000000000000, -0.000000000000000000, -0.000000000000000000 ) ) ;
#1167 = FILL_AREA_STYLE ('',( #520 ) ) ;
#1168 = DIRECTION ( 'NONE',  ( 0.000000000000000000, 0.000000000000000000, 1.000000000000000000 ) ) ;
#1169 = ORIENTED_EDGE ( 'NONE', *, *, #1846, .F. ) ;
#1170 = CARTESIAN_POINT ( 'NONE',  ( 11.00000000000000000, 0.000000000000000000, 0.000000000000000000 ) ) ;
#1171 = DIRECTION ( 'NONE',  ( -1.000000000000000000, 0.000000000000000000, 1.084202172485504187E-16 ) ) ;
#1172 = CARTESIAN_POINT ( 'NONE',  ( 11.50000000000000000, -0.4000000000000000222, 4.898587196589413075E-17 ) ) ;
#1173 = SURFACE_SIDE_STYLE ('',( #1948 ) ) ;
#1174 = EDGE_CURVE ( 'NONE', #1259, #1619, #124, .T. ) ;
#1175 =( NAMED_UNIT ( * ) PLANE_ANGLE_UNIT ( ) SI_UNIT ( $, .RADIAN. ) );
#1176 = ORIENTED_EDGE ( 'NONE', *, *, #1310, .F. ) ;
#1177 = FACE_OUTER_BOUND ( 'NONE', #66, .T. ) ;
#1178 =( GEOMETRIC_REPRESENTATION_CONTEXT ( 3 ) GLOBAL_UNCERTAINTY_ASSIGNED_CONTEXT ( ( #1074 ) ) GLOBAL_UNIT_ASSIGNED_CONTEXT ( ( #1954, #268, #1246 ) ) REPRESENTATION_CONTEXT ( 'NONE', 'WORKASPACE' ) );
#1179 = AXIS2_PLACEMENT_3D ( 'NONE', #497, #1414, #1754 ) ;
#1180 = CIRCLE ( 'NONE', #421, 2.099999999999999645 ) ;
#1181 = ADVANCED_FACE ( 'NONE', ( #729 ), #2018, .T. ) ;
#1182 = DIRECTION ( 'NONE',  ( 0.000000000000000000, 0.000000000000000000, 1.000000000000000000 ) ) ;
#1183 = TOROIDAL_SURFACE ( 'NONE', #1870, 2.399999999998701394, 0.2999999999999999889 ) ;
#1184 = EDGE_LOOP ( 'NONE', ( #744, #2017, #2020, #609 ) ) ;
#1185 = CIRCLE ( 'NONE', #290, 0.4000000000000000222 ) ;
#1186 =( NAMED_UNIT ( * ) PLANE_ANGLE_UNIT ( ) SI_UNIT ( $, .RADIAN. ) );
#1187 = LINE ( 'NONE', #68, #871 ) ;
#1188 = COLOUR_RGB ( '',0.8313725490196077761, 1.000000000000000000, 0.8666666666666666963 ) ;
#1189 = AXIS2_PLACEMENT_3D ( 'NONE', #378, #1643, #867 ) ;
#1190 = STYLED_ITEM ( 'NONE', ( #1760 ), #1586 ) ;
#1191 = COLOUR_RGB ( '',0.8313725490196077761, 1.000000000000000000, 0.8666666666666666963 ) ;
#1192 = AXIS2_PLACEMENT_3D ( 'NONE', #1108, #2019, #1727 ) ;
#1193 = ORIENTED_EDGE ( 'NONE', *, *, #403, .T. ) ;
#1194 = DIRECTION ( 'NONE',  ( 0.000000000000000000, 0.000000000000000000, -1.000000000000000000 ) ) ;
#1195 = CARTESIAN_POINT ( 'NONE',  ( 8.540702468768152755, 2.571758278209440971E-16, 2.099999999999999645 ) ) ;
#1196 = DIRECTION ( 'NONE',  ( 0.000000000000000000, 0.000000000000000000, 1.000000000000000000 ) ) ;
#1197 = EDGE_CURVE ( 'NONE', #1456, #1750, #1231, .T. ) ;
#1198 = UNCERTAINTY_MEASURE_WITH_UNIT (LENGTH_MEASURE( 1.000000000000000082E-05 ), #564, 'distance_accuracy_value', 'NONE');
#1199 = EDGE_CURVE ( 'NONE', #1646, #1854, #513, .T. ) ;
#1200 = ORIENTED_EDGE ( 'NONE', *, *, #36, .T. ) ;
#1201 = DIRECTION ( 'NONE',  ( 0.000000000000000000, 0.000000000000000000, -1.000000000000000000 ) ) ;
#1202 =( LENGTH_UNIT ( ) NAMED_UNIT ( * ) SI_UNIT ( .MILLI., .METRE. ) );
#1203 = CARTESIAN_POINT ( 'NONE',  ( 1.442928578572857612, 2.755455298081544285E-16, -2.250000000000000000 ) ) ;
#1204 = SURFACE_STYLE_USAGE ( .BOTH. , #1362 ) ;
#1205 = SURFACE_SIDE_STYLE ('',( #1988 ) ) ;
#1206 = DIRECTION ( 'NONE',  ( 1.000000000000000000, -0.000000000000000000, -0.000000000000000000 ) ) ;
#1207 = DIRECTION ( 'NONE',  ( -5.100766768294536407E-17, 1.000000000000000000, 0.000000000000000000 ) ) ;
#1208 = ADVANCED_FACE ( 'NONE', ( #1859 ), #764, .T. ) ;
#1209 = ORIENTED_EDGE ( 'NONE', *, *, #97, .F. ) ;
#1210 = CLOSED_SHELL ( 'NONE', ( #133, #1574, #703, #1586, #347, #1369, #742, #826, #363, #1153, #1569, #896, #148, #1696, #851, #1181, #1150, #1059, #707, #1113, #664, #1561, #1788, #1913, #2023, #1529, #285, #199, #62, #875, #1659, #1208, #1275, #256, #1022, #1992, #1797, #308, #1981, #425, #474, #1491, #1831, #1426, #525, #1724, #994, #208, #977, #51 ) ) ;
#1211 = MECHANICAL_DESIGN_GEOMETRIC_PRESENTATION_REPRESENTATION (  '', ( #75 ), #1901 ) ;
#1212 = CARTESIAN_POINT ( 'NONE',  ( 11.50000000000000000, 0.000000000000000000, 0.000000000000000000 ) ) ;
#1213 = TOROIDAL_SURFACE ( 'NONE', #155, 1.749999999999999778, 0.5000000000000000000 ) ;
#1214 = AXIS2_PLACEMENT_3D ( 'NONE', #1652, #79, #1378 ) ;
#1215 = ORIENTED_EDGE ( 'NONE', *, *, #2027, .T. ) ;
#1216 = FILL_AREA_STYLE_COLOUR ( '', #511 ) ;
#1217 = FILL_AREA_STYLE_COLOUR ( '', #1840 ) ;
#1218 = CIRCLE ( 'NONE', #1323, 0.4000000000000000222 ) ;
#1219 = UNCERTAINTY_MEASURE_WITH_UNIT (LENGTH_MEASURE( 1.000000000000000082E-05 ), #1255, 'distance_accuracy_value', 'NONE');
#1220 = MECHANICAL_DESIGN_GEOMETRIC_PRESENTATION_REPRESENTATION (  '', ( #784 ), #1576 ) ;
#1221 = DIRECTION ( 'NONE',  ( 1.000000000000000000, 0.000000000000000000, 0.000000000000000000 ) ) ;
#1222 = EDGE_CURVE ( 'NONE', #373, #600, #1107, .T. ) ;
#1223 = ORIENTED_EDGE ( 'NONE', *, *, #514, .F. ) ;
#1224 = PRESENTATION_LAYER_ASSIGNMENT (  '', '', ( #53 ) ) ;
#1225 = DIRECTION ( 'NONE',  ( 0.000000000000000000, 0.000000000000000000, -1.000000000000000000 ) ) ;
#1226 = MECHANICAL_DESIGN_GEOMETRIC_PRESENTATION_REPRESENTATION (  '', ( #958 ), #335 ) ;
#1227 = AXIS2_PLACEMENT_3D ( 'NONE', #151, #100, #2040 ) ;
#1228 = FACE_OUTER_BOUND ( 'NONE', #1102, .T. ) ;
#1229 = SURFACE_STYLE_FILL_AREA ( #761 ) ;
#1230 = VERTEX_POINT ( 'NONE', #502 ) ;
#1231 = LINE ( 'NONE', #99, #1968 ) ;
#1232 =( NAMED_UNIT ( * ) PLANE_ANGLE_UNIT ( ) SI_UNIT ( $, .RADIAN. ) );
#1233 = SURFACE_STYLE_USAGE ( .BOTH. , #304 ) ;
#1234 = DIRECTION ( 'NONE',  ( 1.000000000000000000, 0.000000000000000000, 0.000000000000000000 ) ) ;
#1235 = ORIENTED_EDGE ( 'NONE', *, *, #1775, .F. ) ;
#1236 = ORIENTED_EDGE ( 'NONE', *, *, #1222, .T. ) ;
#1237 = PRESENTATION_STYLE_ASSIGNMENT (( #1550 ) ) ;
#1238 = EDGE_CURVE ( 'NONE', #574, #1456, #1766, .T. ) ;
#1239 = ORIENTED_EDGE ( 'NONE', *, *, #1086, .F. ) ;
#1240 = CARTESIAN_POINT ( 'NONE',  ( 11.50000000000000000, 0.000000000000000000, 0.000000000000000000 ) ) ;
#1241 = DIRECTION ( 'NONE',  ( 1.000000000000000000, -1.224646799147353454E-16, 0.000000000000000000 ) ) ;
#1242 = UNCERTAINTY_MEASURE_WITH_UNIT (LENGTH_MEASURE( 1.000000000000000082E-05 ), #751, 'distance_accuracy_value', 'NONE');
#1243 = SURFACE_SIDE_STYLE ('',( #1991 ) ) ;
#1244 = ORIENTED_EDGE ( 'NONE', *, *, #1008, .F. ) ;
#1245 = DIRECTION ( 'NONE',  ( 1.000000000000000000, 0.000000000000000000, 0.000000000000000000 ) ) ;
#1246 =( NAMED_UNIT ( * ) SI_UNIT ( $, .STERADIAN. ) SOLID_ANGLE_UNIT ( ) );
#1247 = CIRCLE ( 'NONE', #567, 2.250000000000000000 ) ;
#1248 = DIRECTION ( 'NONE',  ( 1.000000000000000000, -0.000000000000000000, -0.000000000000000000 ) ) ;
#1249 = CARTESIAN_POINT ( 'NONE',  ( 1.442928578572857612, 0.000000000000000000, 0.000000000000000000 ) ) ;
#1250 = AXIS2_PLACEMENT_3D ( 'NONE', #654, #527, #207 ) ;
#1251 = PRODUCT_RELATED_PRODUCT_CATEGORY ( 'part', '', ( #782 ) ) ;
#1252 = ORIENTED_EDGE ( 'NONE', *, *, #534, .F. ) ;
#1253 = AXIS2_PLACEMENT_3D ( 'NONE', #725, #873, #242 ) ;
#1254 = SURFACE_SIDE_STYLE ('',( #969 ) ) ;
#1255 =( LENGTH_UNIT ( ) NAMED_UNIT ( * ) SI_UNIT ( .MILLI., .METRE. ) );
#1256 =( NAMED_UNIT ( * ) SI_UNIT ( $, .STERADIAN. ) SOLID_ANGLE_UNIT ( ) );
#1257 =( GEOMETRIC_REPRESENTATION_CONTEXT ( 3 ) GLOBAL_UNCERTAINTY_ASSIGNED_CONTEXT ( ( #162 ) ) GLOBAL_UNIT_ASSIGNED_CONTEXT ( ( #341, #23, #1580 ) ) REPRESENTATION_CONTEXT ( 'NONE', 'WORKASPACE' ) );
#1258 = MECHANICAL_DESIGN_GEOMETRIC_PRESENTATION_REPRESENTATION (  '', ( #357 ), #711 ) ;
#1259 = VERTEX_POINT ( 'NONE', #828 ) ;
#1260 = COLOUR_RGB ( '',0.8313725490196077761, 1.000000000000000000, 0.8666666666666666963 ) ;
#1261 = ORIENTED_EDGE ( 'NONE', *, *, #933, .F. ) ;
#1262 = CIRCLE ( 'NONE', #488, 0.4000000000000000222 ) ;
#1263 =( GEOMETRIC_REPRESENTATION_CONTEXT ( 3 ) GLOBAL_UNCERTAINTY_ASSIGNED_CONTEXT ( ( #543 ) ) GLOBAL_UNIT_ASSIGNED_CONTEXT ( ( #1695, #289, #566 ) ) REPRESENTATION_CONTEXT ( 'NONE', 'WORKASPACE' ) );
#1264 = PRESENTATION_STYLE_ASSIGNMENT (( #966 ) ) ;
#1265 = CIRCLE ( 'NONE', #491, 2.099999999999999645 ) ;
#1266 = STYLED_ITEM ( 'NONE', ( #1394 ), #1724 ) ;
#1267 = FACE_OUTER_BOUND ( 'NONE', #1184, .T. ) ;
#1268 = DIRECTION ( 'NONE',  ( -1.734723475976807341E-16, -1.000000000000000000, 0.000000000000000000 ) ) ;
#1269 = SURFACE_STYLE_FILL_AREA ( #925 ) ;
#1270 = UNCERTAINTY_MEASURE_WITH_UNIT (LENGTH_MEASURE( 1.000000000000000082E-05 ), #1488, 'distance_accuracy_value', 'NONE');
#1271 = SURFACE_SIDE_STYLE ('',( #1530 ) ) ;
#1272 = EDGE_LOOP ( 'NONE', ( #878, #2025 ) ) ;
#1273 = ORIENTED_EDGE ( 'NONE', *, *, #900, .T. ) ;
#1274 = FACE_OUTER_BOUND ( 'NONE', #768, .T. ) ;
#1275 = ADVANCED_FACE ( 'NONE', ( #629, #985 ), #477, .F. ) ;
#1276 = DIRECTION ( 'NONE',  ( 1.000000000000000000, -0.000000000000000000, -0.000000000000000000 ) ) ;
#1277 = LINE ( 'NONE', #1899, #978 ) ;
#1278 = CARTESIAN_POINT ( 'NONE',  ( 11.50000000000000000, 0.000000000000000000, 0.000000000000000000 ) ) ;
#1279 = DIRECTION ( 'NONE',  ( 0.000000000000000000, 0.000000000000000000, 1.000000000000000000 ) ) ;
#1280 = SURFACE_STYLE_FILL_AREA ( #1425 ) ;
#1281 = FILL_AREA_STYLE ('',( #1620 ) ) ;
#1282 =( NAMED_UNIT ( * ) PLANE_ANGLE_UNIT ( ) SI_UNIT ( $, .RADIAN. ) );
#1283 = EDGE_CURVE ( 'NONE', #553, #1343, #1307, .T. ) ;
#1284 = FILL_AREA_STYLE_COLOUR ( '', #1453 ) ;
#1285 = FILL_AREA_STYLE ('',( #1105 ) ) ;
#1286 =( LENGTH_UNIT ( ) NAMED_UNIT ( * ) SI_UNIT ( .MILLI., .METRE. ) );
#1287 = SURFACE_STYLE_USAGE ( .BOTH. , #1106 ) ;
#1288 =( GEOMETRIC_REPRESENTATION_CONTEXT ( 3 ) GLOBAL_UNCERTAINTY_ASSIGNED_CONTEXT ( ( #945 ) ) GLOBAL_UNIT_ASSIGNED_CONTEXT ( ( #1537, #1869, #786 ) ) REPRESENTATION_CONTEXT ( 'NONE', 'WORKASPACE' ) );
#1289 = CARTESIAN_POINT ( 'NONE',  ( 0.000000000000000000, 0.000000000000000000, 0.000000000000000000 ) ) ;
#1290 = MECHANICAL_DESIGN_GEOMETRIC_PRESENTATION_REPRESENTATION (  '', ( #115 ), #1570 ) ;
#1291 = PRESENTATION_STYLE_ASSIGNMENT (( #637 ) ) ;
#1292 = COLOUR_RGB ( '',0.6470588235294117974, 0.6196078431372549211, 0.5882352941176470784 ) ;
#1293 = AXIS2_PLACEMENT_3D ( 'NONE', #2012, #1245, #1010 ) ;
#1294 = MECHANICAL_DESIGN_GEOMETRIC_PRESENTATION_REPRESENTATION (  '', ( #1122 ), #1677 ) ;
#1295 = DIRECTION ( 'NONE',  ( 0.000000000000000000, 0.000000000000000000, -1.000000000000000000 ) ) ;
#1296 = AXIS2_PLACEMENT_3D ( 'NONE', #1240, #1989, #1555 ) ;
#1297 = CIRCLE ( 'NONE', #2045, 2.250000000000000000 ) ;
#1298 =( NAMED_UNIT ( * ) PLANE_ANGLE_UNIT ( ) SI_UNIT ( $, .RADIAN. ) );
#1299 = MECHANICAL_DESIGN_GEOMETRIC_PRESENTATION_REPRESENTATION (  '', ( #1190 ), #2009 ) ;
#1300 = LINE ( 'NONE', #1604, #328 ) ;
#1301 = FILL_AREA_STYLE ('',( #1133 ) ) ;
#1302 =( NAMED_UNIT ( * ) SI_UNIT ( $, .STERADIAN. ) SOLID_ANGLE_UNIT ( ) );
#1303 = SURFACE_STYLE_USAGE ( .BOTH. , #843 ) ;
#1304 = DIRECTION ( 'NONE',  ( -1.000000000000000000, 0.000000000000000000, 0.000000000000000000 ) ) ;
#1305 = EDGE_CURVE ( 'NONE', #1505, #271, #1747, .T. ) ;
#1306 = CARTESIAN_POINT ( 'NONE',  ( 11.50000000000000000, 2.571758278209440971E-16, 2.099999999999999645 ) ) ;
#1307 = LINE ( 'NONE', #356, #82 ) ;
#1308 = DIRECTION ( 'NONE',  ( 1.000000000000000000, -0.000000000000000000, -0.000000000000000000 ) ) ;
#1309 = VERTEX_POINT ( 'NONE', #1583 ) ;
#1310 = EDGE_CURVE ( 'NONE', #600, #1526, #1390, .T. ) ;
#1311 =( LENGTH_UNIT ( ) NAMED_UNIT ( * ) SI_UNIT ( .MILLI., .METRE. ) );
#1312 = CARTESIAN_POINT ( 'NONE',  ( 11.50000000000000000, 2.449293598294706414E-16, 1.749999999999999778 ) ) ;
#1313 = FILL_AREA_STYLE_COLOUR ( '', #11 ) ;
#1314 = FILL_AREA_STYLE ('',( #1016 ) ) ;
#1315 = CARTESIAN_POINT ( 'NONE',  ( 11.50000000000000000, 0.000000000000000000, 0.000000000000000000 ) ) ;
#1316 =( LENGTH_UNIT ( ) NAMED_UNIT ( * ) SI_UNIT ( .MILLI., .METRE. ) );
#1317 = ORIENTED_EDGE ( 'NONE', *, *, #1895, .T. ) ;
#1318 = AXIS2_PLACEMENT_3D ( 'NONE', #210, #1790, #1931 ) ;
#1319 = ORIENTED_EDGE ( 'NONE', *, *, #1821, .F. ) ;
#1320 = CIRCLE ( 'NONE', #1250, 0.4000000000000000222 ) ;
#1321 = AXIS2_PLACEMENT_3D ( 'NONE', #1964, #95, #1493 ) ;
#1322 = CIRCLE ( 'NONE', #674, 1.749999999999999778 ) ;
#1323 = AXIS2_PLACEMENT_3D ( 'NONE', #905, #1853, #265 ) ;
#1324 = SURFACE_SIDE_STYLE ('',( #42 ) ) ;
#1325 = CYLINDRICAL_SURFACE ( 'NONE', #1670, 2.099999999999999645 ) ;
#1326 = DIRECTION ( 'NONE',  ( 1.000000000000000000, 0.000000000000000000, 0.000000000000000000 ) ) ;
#1327 = AXIS2_PLACEMENT_3D ( 'NONE', #706, #857, #1020 ) ;
#1328 = ORIENTED_EDGE ( 'NONE', *, *, #1137, .T. ) ;
#1329 = AXIS2_PLACEMENT_3D ( 'NONE', #1402, #270, #899 ) ;
#1330 = FILL_AREA_STYLE_COLOUR ( '', #1504 ) ;
#1331 = FACE_OUTER_BOUND ( 'NONE', #1864, .T. ) ;
#1332 =( GEOMETRIC_REPRESENTATION_CONTEXT ( 3 ) GLOBAL_UNCERTAINTY_ASSIGNED_CONTEXT ( ( #410 ) ) GLOBAL_UNIT_ASSIGNED_CONTEXT ( ( #222, #1186, #869 ) ) REPRESENTATION_CONTEXT ( 'NONE', 'WORKASPACE' ) );
#1333 = EDGE_CURVE ( 'NONE', #591, #1343, #989, .T. ) ;
#1334 = DIRECTION ( 'NONE',  ( 0.000000000000000000, 0.000000000000000000, 1.000000000000000000 ) ) ;
#1335 =( NAMED_UNIT ( * ) PLANE_ANGLE_UNIT ( ) SI_UNIT ( $, .RADIAN. ) );
#1336 = CARTESIAN_POINT ( 'NONE',  ( 11.50000000000000000, 2.571758278209440971E-16, 2.099999999999999645 ) ) ;
#1337 = EDGE_LOOP ( 'NONE', ( #1786, #1176 ) ) ;
#1338 = SURFACE_STYLE_FILL_AREA ( #556 ) ;
#1339 = EDGE_CURVE ( 'NONE', #1343, #591, #1262, .T. ) ;
#1340 = PRESENTATION_STYLE_ASSIGNMENT (( #1142 ) ) ;
#1341 = PRESENTATION_STYLE_ASSIGNMENT (( #209 ) ) ;
#1342 =( NAMED_UNIT ( * ) PLANE_ANGLE_UNIT ( ) SI_UNIT ( $, .RADIAN. ) );
#1343 = VERTEX_POINT ( 'NONE', #806 ) ;
#1344 =( LENGTH_UNIT ( ) NAMED_UNIT ( * ) SI_UNIT ( .MILLI., .METRE. ) );
#1345 = CARTESIAN_POINT ( 'NONE',  ( 4.759297531231847955, 0.000000000000000000, 0.000000000000000000 ) ) ;
#1346 = DIRECTION ( 'NONE',  ( 1.000000000000000000, -0.000000000000000000, -0.000000000000000000 ) ) ;
#1347 = TOROIDAL_SURFACE ( 'NONE', #279, 0.9999999999999995559, 0.4000000000000000222 ) ;
#1348 = AXIS2_PLACEMENT_3D ( 'NONE', #702, #1513, #1350 ) ;
#1349 =( NAMED_UNIT ( * ) SI_UNIT ( $, .STERADIAN. ) SOLID_ANGLE_UNIT ( ) );
#1350 = DIRECTION ( 'NONE',  ( 0.000000000000000000, 0.000000000000000000, -1.000000000000000000 ) ) ;
#1351 = AXIS2_PLACEMENT_3D ( 'NONE', #1589, #1922, #1461 ) ;
#1352 =( NAMED_UNIT ( * ) SI_UNIT ( $, .STERADIAN. ) SOLID_ANGLE_UNIT ( ) );
#1353 = FILL_AREA_STYLE_COLOUR ( '', #954 ) ;
#1354 = EDGE_CURVE ( 'NONE', #1309, #1646, #970, .T. ) ;
#1355 = PRESENTATION_LAYER_ASSIGNMENT (  '', '', ( #1806 ) ) ;
#1356 = ORIENTED_EDGE ( 'NONE', *, *, #1713, .T. ) ;
#1357 = PRESENTATION_LAYER_ASSIGNMENT (  '', '', ( #1122 ) ) ;
#1358 =( GEOMETRIC_REPRESENTATION_CONTEXT ( 3 ) GLOBAL_UNCERTAINTY_ASSIGNED_CONTEXT ( ( #1497 ) ) GLOBAL_UNIT_ASSIGNED_CONTEXT ( ( #1140, #785, #299 ) ) REPRESENTATION_CONTEXT ( 'NONE', 'WORKASPACE' ) );
#1359 = PRESENTATION_LAYER_ASSIGNMENT (  '', '', ( #1190 ) ) ;
#1360 =( NAMED_UNIT ( * ) SI_UNIT ( $, .STERADIAN. ) SOLID_ANGLE_UNIT ( ) );
#1361 =( LENGTH_UNIT ( ) NAMED_UNIT ( * ) SI_UNIT ( .MILLI., .METRE. ) );
#1362 = SURFACE_SIDE_STYLE ('',( #719 ) ) ;
#1363 = EDGE_CURVE ( 'NONE', #1944, #809, #330, .T. ) ;
#1364 = ORIENTED_EDGE ( 'NONE', *, *, #294, .T. ) ;
#1365 = FILL_AREA_STYLE_COLOUR ( '', #570 ) ;
#1366 = FILL_AREA_STYLE_COLOUR ( '', #1742 ) ;
#1367 = CARTESIAN_POINT ( 'NONE',  ( -5.680000000000000604, -1.000000000000001332, 0.000000000000000000 ) ) ;
#1368 = UNCERTAINTY_MEASURE_WITH_UNIT (LENGTH_MEASURE( 1.000000000000000082E-05 ), #1735, 'distance_accuracy_value', 'NONE');
#1369 = ADVANCED_FACE ( 'NONE', ( #1454 ), #616, .T. ) ;
#1370 = ORIENTED_EDGE ( 'NONE', *, *, #63, .T. ) ;
#1371 = DIRECTION ( 'NONE',  ( -0.000000000000000000, 0.000000000000000000, -1.000000000000000000 ) ) ;
#1372 = DIRECTION ( 'NONE',  ( 0.000000000000000000, 0.000000000000000000, -1.000000000000000000 ) ) ;
#1373 = SURFACE_SIDE_STYLE ('',( #236 ) ) ;
#1374 =( LENGTH_UNIT ( ) NAMED_UNIT ( * ) SI_UNIT ( .MILLI., .METRE. ) );
#1375 = DIRECTION ( 'NONE',  ( 0.000000000000000000, 0.000000000000000000, -1.000000000000000000 ) ) ;
#1376 = EDGE_CURVE ( 'NONE', #1531, #1526, #1465, .T. ) ;
#1377 = CARTESIAN_POINT ( 'NONE',  ( 17.17999999999999972, -1.000000000000000888, 0.000000000000000000 ) ) ;
#1378 = DIRECTION ( 'NONE',  ( 0.000000000000000000, 0.000000000000000000, -1.000000000000000000 ) ) ;
#1379 = STYLED_ITEM ( 'NONE', ( #2000 ), #51 ) ;
#1380 = CARTESIAN_POINT ( 'NONE',  ( 8.540702468768152755, 0.000000000000000000, 0.000000000000000000 ) ) ;
#1381 = FILL_AREA_STYLE ('',( #1866 ) ) ;
#1382 = STYLED_ITEM ( 'NONE', ( #1838 ), #525 ) ;
#1383 = SURFACE_STYLE_USAGE ( .BOTH. , #1977 ) ;
#1384 = SURFACE_STYLE_FILL_AREA ( #106 ) ;
#1385 = CIRCLE ( 'NONE', #482, 0.2999999999999999334 ) ;
#1386 = ORIENTED_EDGE ( 'NONE', *, *, #505, .F. ) ;
#1387 = SURFACE_SIDE_STYLE ('',( #139 ) ) ;
#1388 = UNCERTAINTY_MEASURE_WITH_UNIT (LENGTH_MEASURE( 1.000000000000000082E-05 ), #1099, 'distance_accuracy_value', 'NONE');
#1389 = DIRECTION ( 'NONE',  ( 0.000000000000000000, 1.224646799147352961E-16, 1.000000000000000000 ) ) ;
#1390 = CIRCLE ( 'NONE', #1613, 0.4000000000000000222 ) ;
#1391 = VERTEX_POINT ( 'NONE', #697 ) ;
#1392 = EDGE_CURVE ( 'NONE', #1456, #910, #426, .T. ) ;
#1393 =( GEOMETRIC_REPRESENTATION_CONTEXT ( 3 ) GLOBAL_UNCERTAINTY_ASSIGNED_CONTEXT ( ( #329 ) ) GLOBAL_UNIT_ASSIGNED_CONTEXT ( ( #1316, #1175, #1494 ) ) REPRESENTATION_CONTEXT ( 'NONE', 'WORKASPACE' ) );
#1394 = PRESENTATION_STYLE_ASSIGNMENT (( #166 ) ) ;
#1395 = FILL_AREA_STYLE ('',( #105 ) ) ;
#1396 = CARTESIAN_POINT ( 'NONE',  ( 11.50000000000000000, 2.571758278209440971E-16, 2.099999999999999645 ) ) ;
#1397 = COLOUR_RGB ( '',0.8313725490196077761, 1.000000000000000000, 0.8666666666666666963 ) ;
#1398 = APPLICATION_CONTEXT ( 'automotive_design' ) ;
#1399 = ORIENTED_EDGE ( 'NONE', *, *, #1376, .F. ) ;
#1400 = EDGE_LOOP ( 'NONE', ( #1958, #1056, #1712, #1558 ) ) ;
#1401 =( NAMED_UNIT ( * ) SI_UNIT ( $, .STERADIAN. ) SOLID_ANGLE_UNIT ( ) );
#1402 = CARTESIAN_POINT ( 'NONE',  ( 1.909297531231847422, 0.000000000000000000, 0.000000000000000000 ) ) ;
#1403 = CYLINDRICAL_SURFACE ( 'NONE', #1078, 2.099999999999999645 ) ;
#1404 = SURFACE_SIDE_STYLE ('',( #1229 ) ) ;
#1405 = ORIENTED_EDGE ( 'NONE', *, *, #1937, .T. ) ;
#1406 = DIRECTION ( 'NONE',  ( -1.000000000000000000, -0.000000000000000000, -0.000000000000000000 ) ) ;
#1407 = UNCERTAINTY_MEASURE_WITH_UNIT (LENGTH_MEASURE( 1.000000000000000082E-05 ), #603, 'distance_accuracy_value', 'NONE');
#1408 = FACE_OUTER_BOUND ( 'NONE', #893, .T. ) ;
#1409 = ORIENTED_EDGE ( 'NONE', *, *, #1174, .T. ) ;
#1410 = ORIENTED_EDGE ( 'NONE', *, *, #1873, .F. ) ;
#1411 = DIRECTION ( 'NONE',  ( -0.000000000000000000, -0.000000000000000000, -1.000000000000000000 ) ) ;
#1412 = LINE ( 'NONE', #300, #1671 ) ;
#1413 = CIRCLE ( 'NONE', #508, 2.156249999998379963 ) ;
#1414 = DIRECTION ( 'NONE',  ( 0.000000000000000000, 1.000000000000000000, -1.224646799147353207E-16 ) ) ;
#1415 = FACE_OUTER_BOUND ( 'NONE', #98, .T. ) ;
#1416 = STYLED_ITEM ( 'NONE', ( #145 ), #826 ) ;
#1417 = CARTESIAN_POINT ( 'NONE',  ( 1.734409173984146069, 0.000000000000000000, -2.156249999998379963 ) ) ;
#1418 = ORIENTED_EDGE ( 'NONE', *, *, #1283, .F. ) ;
#1419 = VECTOR ( 'NONE', #489, 1000.000000000000000 ) ;
#1420 = EDGE_LOOP ( 'NONE', ( #1486, #1110, #1822, #794 ) ) ;
#1421 = STYLED_ITEM ( 'NONE', ( #414 ), #1491 ) ;
#1422 =( LENGTH_UNIT ( ) NAMED_UNIT ( * ) SI_UNIT ( .MILLI., .METRE. ) );
#1423 = COLOUR_RGB ( '',0.8313725490196077761, 1.000000000000000000, 0.8666666666666666963 ) ;
#1424 = SURFACE_STYLE_FILL_AREA ( #1902 ) ;
#1425 = FILL_AREA_STYLE ('',( #1584 ) ) ;
#1426 = ADVANCED_FACE ( 'NONE', ( #46 ), #1877, .T. ) ;
#1427 = UNCERTAINTY_MEASURE_WITH_UNIT (LENGTH_MEASURE( 1.000000000000000082E-05 ), #1286, 'distance_accuracy_value', 'NONE');
#1428 = DIRECTION ( 'NONE',  ( 0.000000000000000000, 0.000000000000000000, -1.000000000000000000 ) ) ;
#1429 = FILL_AREA_STYLE_COLOUR ( '', #1478 ) ;
#1430 = EDGE_LOOP ( 'NONE', ( #2008, #914, #261, #563 ) ) ;
#1431 =( NAMED_UNIT ( * ) SI_UNIT ( $, .STERADIAN. ) SOLID_ANGLE_UNIT ( ) );
#1432 = SURFACE_STYLE_USAGE ( .BOTH. , #340 ) ;
#1433 =( NAMED_UNIT ( * ) SI_UNIT ( $, .STERADIAN. ) SOLID_ANGLE_UNIT ( ) );
#1434 = FACE_OUTER_BOUND ( 'NONE', #1565, .T. ) ;
#1435 = DIRECTION ( 'NONE',  ( 1.000000000000000000, 0.000000000000000000, 0.000000000000000000 ) ) ;
#1436 =( LENGTH_UNIT ( ) NAMED_UNIT ( * ) SI_UNIT ( .MILLI., .METRE. ) );
#1437 = FILL_AREA_STYLE ('',( #1148 ) ) ;
#1438 = DIRECTION ( 'NONE',  ( 0.000000000000000000, 0.000000000000000000, -1.000000000000000000 ) ) ;
#1439 = EDGE_CURVE ( 'NONE', #316, #596, #1297, .T. ) ;
#1440 = CARTESIAN_POINT ( 'NONE',  ( 16.17999999999999972, -1.000000000000001554, 0.000000000000000000 ) ) ;
#1441 =( NAMED_UNIT ( * ) PLANE_ANGLE_UNIT ( ) SI_UNIT ( $, .RADIAN. ) );
#1442 = ORIENTED_EDGE ( 'NONE', *, *, #837, .T. ) ;
#1443 = CARTESIAN_POINT ( 'NONE',  ( 11.50000000000000000, 0.000000000000000000, -2.099999999999999645 ) ) ;
#1444 =( NAMED_UNIT ( * ) PLANE_ANGLE_UNIT ( ) SI_UNIT ( $, .RADIAN. ) );
#1445 = VECTOR ( 'NONE', #269, 1000.000000000000000 ) ;
#1446 =( GEOMETRIC_REPRESENTATION_CONTEXT ( 3 ) GLOBAL_UNCERTAINTY_ASSIGNED_CONTEXT ( ( #1427 ) ) GLOBAL_UNIT_ASSIGNED_CONTEXT ( ( #1286, #337, #1965 ) ) REPRESENTATION_CONTEXT ( 'NONE', 'WORKASPACE' ) );
#1447 = EDGE_CURVE ( 'NONE', #861, #1854, #509, .T. ) ;
#1448 = CIRCLE ( 'NONE', #17, 1.749999999999999778 ) ;
#1449 = SURFACE_STYLE_USAGE ( .BOTH. , #1173 ) ;
#1450 = COLOUR_RGB ( '',0.8313725490196077761, 1.000000000000000000, 0.8666666666666666963 ) ;
#1451 = DIRECTION ( 'NONE',  ( -0.000000000000000000, -0.000000000000000000, -1.000000000000000000 ) ) ;
#1452 = EDGE_CURVE ( 'NONE', #441, #861, #1158, .T. ) ;
#1453 = COLOUR_RGB ( '',0.8313725490196077761, 1.000000000000000000, 0.8666666666666666963 ) ;
#1454 = FACE_OUTER_BOUND ( 'NONE', #1466, .T. ) ;
#1455 = AXIS2_PLACEMENT_3D ( 'NONE', #526, #1481, #507 ) ;
#1456 = VERTEX_POINT ( 'NONE', #237 ) ;
#1457 = CARTESIAN_POINT ( 'NONE',  ( 10.05707142142714439, 2.143131898507868051E-16, -1.749999999999999778 ) ) ;
#1458 =( GEOMETRIC_REPRESENTATION_CONTEXT ( 3 ) GLOBAL_UNCERTAINTY_ASSIGNED_CONTEXT ( ( #471 ) ) GLOBAL_UNIT_ASSIGNED_CONTEXT ( ( #443, #280, #1709 ) ) REPRESENTATION_CONTEXT ( 'NONE', 'WORKASPACE' ) );
#1459 =( LENGTH_UNIT ( ) NAMED_UNIT ( * ) SI_UNIT ( .MILLI., .METRE. ) );
#1460 = DIRECTION ( 'NONE',  ( 1.000000000000000000, 0.000000000000000000, 0.000000000000000000 ) ) ;
#1461 = DIRECTION ( 'NONE',  ( 1.224646799147353454E-16, -1.000000000000000000, 0.000000000000000000 ) ) ;
#1462 = FACE_OUTER_BOUND ( 'NONE', #306, .T. ) ;
#1463 = EDGE_LOOP ( 'NONE', ( #539, #750, #1665, #1317 ) ) ;
#1464 = PRESENTATION_STYLE_ASSIGNMENT (( #661 ) ) ;
#1465 = LINE ( 'NONE', #1949, #163 ) ;
#1466 = EDGE_LOOP ( 'NONE', ( #1871, #569, #1042, #1418 ) ) ;
#1467 = DIRECTION ( 'NONE',  ( 1.000000000000000000, -0.000000000000000000, -0.000000000000000000 ) ) ;
#1468 = FILL_AREA_STYLE_COLOUR ( '', #1879 ) ;
#1469 = MECHANICAL_DESIGN_GEOMETRIC_PRESENTATION_REPRESENTATION (  '', ( #1996 ), #1833 ) ;
#1470 = SURFACE_STYLE_USAGE ( .BOTH. , #840 ) ;
#1471 =( LENGTH_UNIT ( ) NAMED_UNIT ( * ) SI_UNIT ( .MILLI., .METRE. ) );
#1472 = DIRECTION ( 'NONE',  ( 5.100766768294536407E-17, 1.000000000000000000, -0.000000000000000000 ) ) ;
#1473 = AXIS2_PLACEMENT_3D ( 'NONE', #1011, #850, #49 ) ;
#1474 = AXIS2_PLACEMENT_3D ( 'NONE', #1145, #1435, #1115 ) ;
#1475 = ORIENTED_EDGE ( 'NONE', *, *, #475, .T. ) ;
#1476 = VECTOR ( 'NONE', #428, 1000.000000000000000 ) ;
#1477 = EDGE_CURVE ( 'NONE', #407, #1690, #1683, .T. ) ;
#1478 = COLOUR_RGB ( '',1.000000000000000000, 0.000000000000000000, 0.000000000000000000 ) ;
#1479 = VECTOR ( 'NONE', #936, 1000.000000000000000 ) ;
#1480 = AXIS2_PLACEMENT_3D ( 'NONE', #1289, #1933, #658 ) ;
#1481 = DIRECTION ( 'NONE',  ( 1.000000000000000000, -0.000000000000000000, -0.000000000000000000 ) ) ;
#1482 = SURFACE_SIDE_STYLE ('',( #695 ) ) ;
#1483 = FILL_AREA_STYLE ('',( #1966 ) ) ;
#1484 = DIRECTION ( 'NONE',  ( 0.000000000000000000, 0.000000000000000000, 1.000000000000000000 ) ) ;
#1485 =( LENGTH_UNIT ( ) NAMED_UNIT ( * ) SI_UNIT ( .MILLI., .METRE. ) );
#1486 = ORIENTED_EDGE ( 'NONE', *, *, #195, .T. ) ;
#1487 = PRESENTATION_STYLE_ASSIGNMENT (( #691 ) ) ;
#1488 =( LENGTH_UNIT ( ) NAMED_UNIT ( * ) SI_UNIT ( .MILLI., .METRE. ) );
#1489 = EDGE_CURVE ( 'NONE', #441, #271, #196, .T. ) ;
#1490 = CARTESIAN_POINT ( 'NONE',  ( 10.05707142142714439, 0.000000000000000000, 0.000000000000000000 ) ) ;
#1491 = ADVANCED_FACE ( 'NONE', ( #1625 ), #86, .F. ) ;
#1492 = DIRECTION ( 'NONE',  ( -1.000000000000000000, -0.000000000000000000, -0.000000000000000000 ) ) ;
#1493 = DIRECTION ( 'NONE',  ( 0.000000000000000000, 1.224646799147352961E-16, 1.000000000000000000 ) ) ;
#1494 =( NAMED_UNIT ( * ) SI_UNIT ( $, .STERADIAN. ) SOLID_ANGLE_UNIT ( ) );
#1495 = ORIENTED_EDGE ( 'NONE', *, *, #1477, .T. ) ;
#1496 = DIRECTION ( 'NONE',  ( 1.734723475976807341E-16, -1.000000000000000000, 0.000000000000000000 ) ) ;
#1497 = UNCERTAINTY_MEASURE_WITH_UNIT (LENGTH_MEASURE( 1.000000000000000082E-05 ), #1140, 'distance_accuracy_value', 'NONE');
#1498 =( GEOMETRIC_REPRESENTATION_CONTEXT ( 3 ) GLOBAL_UNCERTAINTY_ASSIGNED_CONTEXT ( ( #605 ) ) GLOBAL_UNIT_ASSIGNED_CONTEXT ( ( #400, #39, #1035 ) ) REPRESENTATION_CONTEXT ( 'NONE', 'WORKASPACE' ) );
#1499 =( NAMED_UNIT ( * ) PLANE_ANGLE_UNIT ( ) SI_UNIT ( $, .RADIAN. ) );
#1500 = CARTESIAN_POINT ( 'NONE',  ( 1.734409173984146069, 2.698049979370521178E-16, 2.156249999998379963 ) ) ;
#1501 = EDGE_CURVE ( 'NONE', #1619, #316, #218, .T. ) ;
#1502 = FILL_AREA_STYLE ('',( #877 ) ) ;
#1503 = EDGE_CURVE ( 'NONE', #291, #102, #1265, .T. ) ;
#1504 = COLOUR_RGB ( '',0.8313725490196077761, 1.000000000000000000, 0.8666666666666666963 ) ;
#1505 = VERTEX_POINT ( 'NONE', #1062 ) ;
#1506 = STYLED_ITEM ( 'NONE', ( #903 ), #1208 ) ;
#1507 =( NAMED_UNIT ( * ) SI_UNIT ( $, .STERADIAN. ) SOLID_ANGLE_UNIT ( ) );
#1508 = CARTESIAN_POINT ( 'NONE',  ( 3.759297531231848399, 0.000000000000000000, 0.000000000000000000 ) ) ;
#1509 = TOROIDAL_SURFACE ( 'NONE', #549, 1.000000000000000888, 0.4000000000000000222 ) ;
#1510 = ORIENTED_EDGE ( 'NONE', *, *, #484, .T. ) ;
#1511 = DIRECTION ( 'NONE',  ( 1.000000000000000000, -0.000000000000000000, -0.000000000000000000 ) ) ;
#1512 = CARTESIAN_POINT ( 'NONE',  ( -5.679999999999999716, -6.000000000000001776, 0.000000000000000000 ) ) ;
#1513 = DIRECTION ( 'NONE',  ( -0.000000000000000000, -1.000000000000000000, -0.000000000000000000 ) ) ;
#1514 = PRESENTATION_LAYER_ASSIGNMENT (  '', '', ( #823 ) ) ;
#1515 = FACE_OUTER_BOUND ( 'NONE', #1876, .T. ) ;
#1516 = CARTESIAN_POINT ( 'NONE',  ( 9.590702468768151689, 0.000000000000000000, 0.000000000000000000 ) ) ;
#1517 = ORIENTED_EDGE ( 'NONE', *, *, #1008, .T. ) ;
#1518 = PRESENTATION_STYLE_ASSIGNMENT (( #752 ) ) ;
#1519 = SURFACE_STYLE_USAGE ( .BOTH. , #1387 ) ;
#1520 = FILL_AREA_STYLE ('',( #1557 ) ) ;
#1521 = UNCERTAINTY_MEASURE_WITH_UNIT (LENGTH_MEASURE( 1.000000000000000082E-05 ), #1129, 'distance_accuracy_value', 'NONE');
#1522 =( LENGTH_UNIT ( ) NAMED_UNIT ( * ) SI_UNIT ( .MILLI., .METRE. ) );
#1523 = VERTEX_POINT ( 'NONE', #1095 ) ;
#1524 = CARTESIAN_POINT ( 'NONE',  ( 1.909297531231847422, 0.000000000000000000, 0.000000000000000000 ) ) ;
#1525 = DIRECTION ( 'NONE',  ( 0.000000000000000000, 0.000000000000000000, -1.000000000000000000 ) ) ;
#1526 = VERTEX_POINT ( 'NONE', #120 ) ;
#1527 = SURFACE_STYLE_USAGE ( .BOTH. , #272 ) ;
#1528 = DIRECTION ( 'NONE',  ( -1.000000000000000000, 0.000000000000000000, 0.000000000000000000 ) ) ;
#1529 = ADVANCED_FACE ( 'NONE', ( #1515 ), #1868, .T. ) ;
#1530 = SURFACE_STYLE_FILL_AREA ( #444 ) ;
#1531 = VERTEX_POINT ( 'NONE', #1080 ) ;
#1532 = AXIS2_PLACEMENT_3D ( 'NONE', #147, #3, #1881 ) ;
#1533 = SURFACE_STYLE_FILL_AREA ( #907 ) ;
#1534 = MECHANICAL_DESIGN_GEOMETRIC_PRESENTATION_REPRESENTATION (  '', ( #535 ), #451 ) ;
#1535 = FILL_AREA_STYLE_COLOUR ( '', #1539 ) ;
#1536 = PRESENTATION_LAYER_ASSIGNMENT (  '', '', ( #1602 ) ) ;
#1537 =( LENGTH_UNIT ( ) NAMED_UNIT ( * ) SI_UNIT ( .MILLI., .METRE. ) );
#1538 = DIRECTION ( 'NONE',  ( 0.000000000000000000, 0.000000000000000000, 1.000000000000000000 ) ) ;
#1539 = COLOUR_RGB ( '',0.8313725490196077761, 1.000000000000000000, 0.8666666666666666963 ) ;
#1540 = ORIENTED_EDGE ( 'NONE', *, *, #97, .T. ) ;
#1541 = FILL_AREA_STYLE_COLOUR ( '', #1032 ) ;
#1542 = AXIS2_PLACEMENT_3D ( 'NONE', #611, #1773, #41 ) ;
#1543 = UNCERTAINTY_MEASURE_WITH_UNIT (LENGTH_MEASURE( 1.000000000000000082E-05 ), #1471, 'distance_accuracy_value', 'NONE');
#1544 = DIRECTION ( 'NONE',  ( 0.000000000000000000, 0.000000000000000000, -1.000000000000000000 ) ) ;
#1545 = EDGE_CURVE ( 'NONE', #154, #910, #918, .T. ) ;
#1546 = VECTOR ( 'NONE', #1924, 1000.000000000000000 ) ;
#1547 = ORIENTED_EDGE ( 'NONE', *, *, #1477, .F. ) ;
#1548 = CARTESIAN_POINT ( 'NONE',  ( 9.590702468768151689, 0.000000000000000000, 0.000000000000000000 ) ) ;
#1549 =( GEOMETRIC_REPRESENTATION_CONTEXT ( 3 ) GLOBAL_UNCERTAINTY_ASSIGNED_CONTEXT ( ( #1543 ) ) GLOBAL_UNIT_ASSIGNED_CONTEXT ( ( #1471, #33, #685 ) ) REPRESENTATION_CONTEXT ( 'NONE', 'WORKASPACE' ) );
#1550 = SURFACE_STYLE_USAGE ( .BOTH. , #1094 ) ;
#1551 = CIRCLE ( 'NONE', #1717, 0.5000000000000000000 ) ;
#1552 = CARTESIAN_POINT ( 'NONE',  ( 11.50000000000000000, 0.000000000000000000, -2.099999999999999645 ) ) ;
#1553 = ORIENTED_EDGE ( 'NONE', *, *, #480, .F. ) ;
#1554 = SURFACE_STYLE_FILL_AREA ( #923 ) ;
#1555 = DIRECTION ( 'NONE',  ( 0.000000000000000000, 0.000000000000000000, -1.000000000000000000 ) ) ;
#1556 = FILL_AREA_STYLE ('',( #1850 ) ) ;
#1557 = FILL_AREA_STYLE_COLOUR ( '', #2014 ) ;
#1558 = ORIENTED_EDGE ( 'NONE', *, *, #1581, .F. ) ;
#1559 = EDGE_LOOP ( 'NONE', ( #901, #620, #1849, #129 ) ) ;
#1560 = DIRECTION ( 'NONE',  ( 1.000000000000000000, -0.000000000000000000, -0.000000000000000000 ) ) ;
#1561 = ADVANCED_FACE ( 'NONE', ( #1228 ), #1718, .T. ) ;
#1562 = CARTESIAN_POINT ( 'NONE',  ( 5.559297531231847778, 0.000000000000000000, 0.000000000000000000 ) ) ;
#1563 = CARTESIAN_POINT ( 'NONE',  ( -6.080000000000000959, -1.000000000000001332, 4.898587196589413075E-17 ) ) ;
#1564 = UNCERTAINTY_MEASURE_WITH_UNIT (LENGTH_MEASURE( 1.000000000000000082E-05 ), #1906, 'distance_accuracy_value', 'NONE');
#1565 = EDGE_LOOP ( 'NONE', ( #388, #897, #1705, #1244 ) ) ;
#1566 = ORIENTED_EDGE ( 'NONE', *, *, #172, .F. ) ;
#1567 = FACE_OUTER_BOUND ( 'NONE', #372, .T. ) ;
#1568 = MECHANICAL_DESIGN_GEOMETRIC_PRESENTATION_REPRESENTATION (  '', ( #1379 ), #1288 ) ;
#1569 = ADVANCED_FACE ( 'NONE', ( #500 ), #55, .T. ) ;
#1570 =( GEOMETRIC_REPRESENTATION_CONTEXT ( 3 ) GLOBAL_UNCERTAINTY_ASSIGNED_CONTEXT ( ( #1368 ) ) GLOBAL_UNIT_ASSIGNED_CONTEXT ( ( #1735, #1598, #1126 ) ) REPRESENTATION_CONTEXT ( 'NONE', 'WORKASPACE' ) );
#1571 =( NAMED_UNIT ( * ) PLANE_ANGLE_UNIT ( ) SI_UNIT ( $, .RADIAN. ) );
#1572 = MECHANICAL_DESIGN_GEOMETRIC_PRESENTATION_REPRESENTATION (  '', ( #454 ), #77 ) ;
#1573 = SURFACE_STYLE_USAGE ( .BOTH. , #942 ) ;
#1574 = ADVANCED_FACE ( 'NONE', ( #146 ), #1509, .T. ) ;
#1575 = SURFACE_STYLE_FILL_AREA ( #1281 ) ;
#1576 =( GEOMETRIC_REPRESENTATION_CONTEXT ( 3 ) GLOBAL_UNCERTAINTY_ASSIGNED_CONTEXT ( ( #1116 ) ) GLOBAL_UNIT_ASSIGNED_CONTEXT ( ( #1344, #262, #1826 ) ) REPRESENTATION_CONTEXT ( 'NONE', 'WORKASPACE' ) );
#1577 = AXIS2_PLACEMENT_3D ( 'NONE', #327, #1617, #5 ) ;
#1578 = MECHANICAL_DESIGN_GEOMETRIC_PRESENTATION_REPRESENTATION (  '', ( #884 ), #1358 ) ;
#1579 = CIRCLE ( 'NONE', #684, 2.099999999999999645 ) ;
#1580 =( NAMED_UNIT ( * ) SI_UNIT ( $, .STERADIAN. ) SOLID_ANGLE_UNIT ( ) );
#1581 = EDGE_CURVE ( 'NONE', #596, #231, #463, .T. ) ;
#1582 = SURFACE_STYLE_USAGE ( .BOTH. , #1890 ) ;
#1583 = CARTESIAN_POINT ( 'NONE',  ( 9.540702468768150979, 0.000000000000000000, -2.099999999999999645 ) ) ;
#1584 = FILL_AREA_STYLE_COLOUR ( '', #1397 ) ;
#1585 = UNCERTAINTY_MEASURE_WITH_UNIT (LENGTH_MEASURE( 1.000000000000000082E-05 ), #1361, 'distance_accuracy_value', 'NONE');
#1586 = ADVANCED_FACE ( 'NONE', ( #1030 ), #979, .T. ) ;
#1587 = PRESENTATION_STYLE_ASSIGNMENT (( #821 ) ) ;
#1588 = CARTESIAN_POINT ( 'NONE',  ( 11.50000000000000000, 2.571758278209440971E-16, 2.099999999999999645 ) ) ;
#1589 = CARTESIAN_POINT ( 'NONE',  ( 0.000000000000000000, 0.000000000000000000, 0.000000000000000000 ) ) ;
#1590 = SURFACE_STYLE_USAGE ( .BOTH. , #1903 ) ;
#1591 = SURFACE_SIDE_STYLE ('',( #1575 ) ) ;
#1592 = LINE ( 'NONE', #1588, #24 ) ;
#1593 = ORIENTED_EDGE ( 'NONE', *, *, #1123, .T. ) ;
#1594 = EDGE_CURVE ( 'NONE', #1944, #921, #1716, .T. ) ;
#1595 = APPLICATION_CONTEXT ( 'automotive_design' ) ;
#1597 = PRESENTATION_LAYER_ASSIGNMENT (  '', '', ( #1957 ) ) ;
#1596 = CARTESIAN_POINT ( 'NONE',  ( 3.759297531231848399, 0.000000000000000000, 0.000000000000000000 ) ) ;
#1598 =( NAMED_UNIT ( * ) PLANE_ANGLE_UNIT ( ) SI_UNIT ( $, .RADIAN. ) );
#1599 = AXIS2_PLACEMENT_3D ( 'NONE', #1562, #635, #149 ) ;
#1600 = DIRECTION ( 'NONE',  ( 1.000000000000000000, -0.000000000000000000, -0.000000000000000000 ) ) ;
#1601 = SURFACE_SIDE_STYLE ('',( #1280 ) ) ;
#1602 = STYLED_ITEM ( 'NONE', ( #1641 ), #363 ) ;
#1603 = EDGE_LOOP ( 'NONE', ( #1495, #723, #762, #778 ) ) ;
#1604 = CARTESIAN_POINT ( 'NONE',  ( 11.50000000000000000, 0.000000000000000000, -2.099999999999999645 ) ) ;
#1605 = STYLED_ITEM ( 'NONE', ( #1237 ), #703 ) ;
#1606 = STYLED_ITEM ( 'NONE', ( #797 ), #851 ) ;
#1607 =( GEOMETRIC_REPRESENTATION_CONTEXT ( 3 ) GLOBAL_UNCERTAINTY_ASSIGNED_CONTEXT ( ( #630 ) ) GLOBAL_UNIT_ASSIGNED_CONTEXT ( ( #142, #1088, #767 ) ) REPRESENTATION_CONTEXT ( 'NONE', 'WORKASPACE' ) );
#1608 = EDGE_CURVE ( 'NONE', #311, #1130, #1914, .T. ) ;
#1609 = STYLED_ITEM ( 'NONE', ( #1657 ), #1150 ) ;
#1610 = SURFACE_STYLE_USAGE ( .BOTH. , #351 ) ;
#1611 = CARTESIAN_POINT ( 'NONE',  ( 6.559297531231848666, 0.000000000000000000, 0.000000000000000000 ) ) ;
#1612 = DIRECTION ( 'NONE',  ( 0.000000000000000000, 0.000000000000000000, -1.000000000000000000 ) ) ;
#1613 = AXIS2_PLACEMENT_3D ( 'NONE', #649, #790, #343 ) ;
#1614 = SURFACE_STYLE_USAGE ( .BOTH. , #1888 ) ;
#1615 = CYLINDRICAL_SURFACE ( 'NONE', #179, 2.250000000000000000 ) ;
#1616 = COLOUR_RGB ( '',0.6470588235294117974, 0.6196078431372549211, 0.5882352941176470784 ) ;
#1617 = DIRECTION ( 'NONE',  ( 1.000000000000000000, 0.000000000000000000, 0.000000000000000000 ) ) ;
#1618 = CARTESIAN_POINT ( 'NONE',  ( 11.50000000000000000, 0.000000000000000000, -2.099999999999999645 ) ) ;
#1619 = VERTEX_POINT ( 'NONE', #1963 ) ;
#1620 = FILL_AREA_STYLE_COLOUR ( '', #1260 ) ;
#1621 = MECHANICAL_DESIGN_GEOMETRIC_PRESENTATION_REPRESENTATION (  '', ( #926 ), #687 ) ;
#1622 = CARTESIAN_POINT ( 'NONE',  ( 9.590702468768151689, 0.000000000000000000, -2.099999999999999645 ) ) ;
#1623 = CARTESIAN_POINT ( 'NONE',  ( 1.442928578572856724, 0.000000000000000000, 0.000000000000000000 ) ) ;
#1624 = DIRECTION ( 'NONE',  ( 0.000000000000000000, 0.000000000000000000, 1.000000000000000000 ) ) ;
#1625 = FACE_OUTER_BOUND ( 'NONE', #733, .T. ) ;
#1626 = ORIENTED_EDGE ( 'NONE', *, *, #1818, .F. ) ;
#1627 = SURFACE_SIDE_STYLE ('',( #1770 ) ) ;
#1628 = ORIENTED_EDGE ( 'NONE', *, *, #1354, .F. ) ;
#1629 = LINE ( 'NONE', #365, #1640 ) ;
#1630 = DIRECTION ( 'NONE',  ( -1.000000000000000000, -0.000000000000000000, -0.000000000000000000 ) ) ;
#1631 = CARTESIAN_POINT ( 'NONE',  ( 2.959297531231849909, 2.571758278209440971E-16, 2.099999999999999645 ) ) ;
#1632 = EDGE_CURVE ( 'NONE', #253, #591, #1653, .T. ) ;
#1633 = ORIENTED_EDGE ( 'NONE', *, *, #770, .F. ) ;
#1634 = STYLED_ITEM ( 'NONE', ( #384 ), #133 ) ;
#1635 = CYLINDRICAL_SURFACE ( 'NONE', #168, 0.4000000000000001887 ) ;
#1636 = SURFACE_SIDE_STYLE ('',( #1384 ) ) ;
#1637 = PRESENTATION_LAYER_ASSIGNMENT (  '', '', ( #1898 ) ) ;
#1638 = MECHANICAL_DESIGN_GEOMETRIC_PRESENTATION_REPRESENTATION (  '', ( #1382 ), #1257 ) ;
#1639 = AXIS2_PLACEMENT_3D ( 'NONE', #1596, #158, #634 ) ;
#1640 = VECTOR ( 'NONE', #194, 1000.000000000000000 ) ;
#1641 = PRESENTATION_STYLE_ASSIGNMENT (( #1303 ) ) ;
#1642 = MECHANICAL_DESIGN_GEOMETRIC_PRESENTATION_REPRESENTATION (  '', ( #678 ), #121 ) ;
#1643 = DIRECTION ( 'NONE',  ( 1.000000000000000000, -0.000000000000000000, -0.000000000000000000 ) ) ;
#1644 = MECHANICAL_DESIGN_GEOMETRIC_PRESENTATION_REPRESENTATION (  '', ( #1506 ), #1093 ) ;
#1645 = FILL_AREA_STYLE_COLOUR ( '', #1739 ) ;
#1646 = VERTEX_POINT ( 'NONE', #1622 ) ;
#1647 = DIRECTION ( 'NONE',  ( 0.000000000000000000, 0.000000000000000000, -1.000000000000000000 ) ) ;
#1648 = DIRECTION ( 'NONE',  ( 1.000000000000000000, -0.000000000000000000, -0.000000000000000000 ) ) ;
#1649 = UNCERTAINTY_MEASURE_WITH_UNIT (LENGTH_MEASURE( 1.000000000000000082E-05 ), #628, 'distance_accuracy_value', 'NONE');
#1650 =( GEOMETRIC_REPRESENTATION_CONTEXT ( 3 ) GLOBAL_UNCERTAINTY_ASSIGNED_CONTEXT ( ( #776 ) ) GLOBAL_UNIT_ASSIGNED_CONTEXT ( ( #1311, #1002, #213 ) ) REPRESENTATION_CONTEXT ( 'NONE', 'WORKASPACE' ) );
#1651 = MECHANICAL_DESIGN_GEOMETRIC_PRESENTATION_REPRESENTATION (  '', ( #1132 ), #336 ) ;
#1652 = CARTESIAN_POINT ( 'NONE',  ( 1.909297531231847422, 0.000000000000000000, 0.000000000000000000 ) ) ;
#1653 = LINE ( 'NONE', #864, #22 ) ;
#1654 = CARTESIAN_POINT ( 'NONE',  ( -5.680000000000000604, -1.000000000000001332, 0.000000000000000000 ) ) ;
#1655 = CARTESIAN_POINT ( 'NONE',  ( 11.50000000000000000, 2.571758278209440971E-16, 2.099999999999999645 ) ) ;
#1656 = ORIENTED_EDGE ( 'NONE', *, *, #464, .F. ) ;
#1657 = PRESENTATION_STYLE_ASSIGNMENT (( #1161 ) ) ;
#1658 = DIRECTION ( 'NONE',  ( 1.000000000000000000, 0.000000000000000000, 0.000000000000000000 ) ) ;
#1659 = ADVANCED_FACE ( 'NONE', ( #672 ), #226, .T. ) ;
#1660 = EDGE_CURVE ( 'NONE', #1391, #311, #662, .T. ) ;
#1661 =( LENGTH_UNIT ( ) NAMED_UNIT ( * ) SI_UNIT ( .MILLI., .METRE. ) );
#1662 = FACE_OUTER_BOUND ( 'NONE', #769, .T. ) ;
#1663 = CARTESIAN_POINT ( 'NONE',  ( 0.000000000000000000, 0.000000000000000000, 0.000000000000000000 ) ) ;
#1664 = FILL_AREA_STYLE ('',( #1353 ) ) ;
#1665 = ORIENTED_EDGE ( 'NONE', *, *, #1545, .T. ) ;
#1666 =( LENGTH_UNIT ( ) NAMED_UNIT ( * ) SI_UNIT ( .MILLI., .METRE. ) );
#1667 = FILL_AREA_STYLE_COLOUR ( '', #1423 ) ;
#1668 = AXIS2_PLACEMENT_3D ( 'NONE', #1611, #34, #1334 ) ;
#1669 = UNCERTAINTY_MEASURE_WITH_UNIT (LENGTH_MEASURE( 1.000000000000000082E-05 ), #788, 'distance_accuracy_value', 'NONE');
#1670 = AXIS2_PLACEMENT_3D ( 'NONE', #1951, #1800, #1647 ) ;
#1671 = VECTOR ( 'NONE', #2036, 1000.000000000000000 ) ;
#1672 = ORIENTED_EDGE ( 'NONE', *, *, #1333, .F. ) ;
#1673 = CARTESIAN_POINT ( 'NONE',  ( 11.50000000000000000, 2.755455298081544285E-16, -2.250000000000000000 ) ) ;
#1674 = MECHANICAL_DESIGN_GEOMETRIC_PRESENTATION_REPRESENTATION (  '', ( #1606 ), #1446 ) ;
#1675 = LINE ( 'NONE', #1336, #1445 ) ;
#1676 =( NAMED_UNIT ( * ) PLANE_ANGLE_UNIT ( ) SI_UNIT ( $, .RADIAN. ) );
#1677 =( GEOMETRIC_REPRESENTATION_CONTEXT ( 3 ) GLOBAL_UNCERTAINTY_ASSIGNED_CONTEXT ( ( #113 ) ) GLOBAL_UNIT_ASSIGNED_CONTEXT ( ( #1936, #1926, #1756 ) ) REPRESENTATION_CONTEXT ( 'NONE', 'WORKASPACE' ) );
#1678 = VERTEX_POINT ( 'NONE', #1312 ) ;
#1679 = SURFACE_STYLE_USAGE ( .BOTH. , #763 ) ;
#1680 = PRESENTATION_LAYER_ASSIGNMENT (  '', '', ( #1506 ) ) ;
#1681 = DIRECTION ( 'NONE',  ( 0.000000000000000000, 0.000000000000000000, -1.000000000000000000 ) ) ;
#1682 = DIRECTION ( 'NONE',  ( 0.000000000000000000, 0.000000000000000000, -1.000000000000000000 ) ) ;
#1683 = CIRCLE ( 'NONE', #1189, 2.099999999999999645 ) ;
#1684 = CIRCLE ( 'NONE', #791, 0.4000000000000000222 ) ;
#1685 = PRESENTATION_LAYER_ASSIGNMENT (  '', '', ( #519 ) ) ;
#1686 = EDGE_LOOP ( 'NONE', ( #1839, #399, #836, #143 ) ) ;
#1687 = DIRECTION ( 'NONE',  ( 1.000000000000000000, -0.000000000000000000, -0.000000000000000000 ) ) ;
#1688 = ORIENTED_EDGE ( 'NONE', *, *, #89, .F. ) ;
#1689 = LINE ( 'NONE', #730, #1479 ) ;
#1690 = VERTEX_POINT ( 'NONE', #1928 ) ;
#1691 = ORIENTED_EDGE ( 'NONE', *, *, #1594, .T. ) ;
#1692 = CARTESIAN_POINT ( 'NONE',  ( 1.442928578572857612, 0.000000000000000000, 0.000000000000000000 ) ) ;
#1693 = CYLINDRICAL_SURFACE ( 'NONE', #2010, 2.099999999999999645 ) ;
#1694 = FACE_OUTER_BOUND ( 'NONE', #622, .T. ) ;
#1695 =( LENGTH_UNIT ( ) NAMED_UNIT ( * ) SI_UNIT ( .MILLI., .METRE. ) );
#1696 = ADVANCED_FACE ( 'NONE', ( #1156 ), #885, .T. ) ;
#1697 = ORIENTED_EDGE ( 'NONE', *, *, #680, .F. ) ;
#1698 = DIRECTION ( 'NONE',  ( -1.000000000000000000, 0.000000000000000000, 0.000000000000000000 ) ) ;
#1699 = DIRECTION ( 'NONE',  ( 0.000000000000000000, 1.000000000000000000, -1.224646799147353207E-16 ) ) ;
#1700 = CIRCLE ( 'NONE', #839, 1.400000000000001021 ) ;
#1701 = ORIENTED_EDGE ( 'NONE', *, *, #84, .T. ) ;
#1702 = COLOUR_RGB ( '',0.8313725490196077761, 1.000000000000000000, 0.8666666666666666963 ) ;
#1703 = AXIS2_PLACEMENT_3D ( 'NONE', #1037, #1658, #555 ) ;
#1704 = AXIS2_PLACEMENT_3D ( 'NONE', #288, #917, #1857 ) ;
#1705 = ORIENTED_EDGE ( 'NONE', *, *, #195, .F. ) ;
#1706 = DIRECTION ( 'NONE',  ( -0.000000000000000000, -0.000000000000000000, -1.000000000000000000 ) ) ;
#1707 = DIRECTION ( 'NONE',  ( 0.000000000000000000, 0.000000000000000000, -1.000000000000000000 ) ) ;
#1708 = FACE_OUTER_BOUND ( 'NONE', #1134, .T. ) ;
#1709 =( NAMED_UNIT ( * ) SI_UNIT ( $, .STERADIAN. ) SOLID_ANGLE_UNIT ( ) );
#1710 = COLOUR_RGB ( '',0.8313725490196077761, 1.000000000000000000, 0.8666666666666666963 ) ;
#1711 =( GEOMETRIC_REPRESENTATION_CONTEXT ( 3 ) GLOBAL_UNCERTAINTY_ASSIGNED_CONTEXT ( ( #1893 ) ) GLOBAL_UNIT_ASSIGNED_CONTEXT ( ( #1666, #1784, #1507 ) ) REPRESENTATION_CONTEXT ( 'NONE', 'WORKASPACE' ) );
#1712 = ORIENTED_EDGE ( 'NONE', *, *, #680, .T. ) ;
#1713 = EDGE_CURVE ( 'NONE', #1259, #596, #94, .T. ) ;
#1714 = PRESENTATION_LAYER_ASSIGNMENT (  '', '', ( #545 ) ) ;
#1715 = ORIENTED_EDGE ( 'NONE', *, *, #164, .T. ) ;
#1716 = CIRCLE ( 'NONE', #922, 1.749999999999999778 ) ;
#1717 = AXIS2_PLACEMENT_3D ( 'NONE', #67, #390, #382 ) ;
#1718 = CYLINDRICAL_SURFACE ( 'NONE', #293, 2.099999999999999645 ) ;
#1719 = FILL_AREA_STYLE_COLOUR ( '', #219 ) ;
#1720 =( GEOMETRIC_REPRESENTATION_CONTEXT ( 3 ) GLOBAL_UNCERTAINTY_ASSIGNED_CONTEXT ( ( #91 ) ) GLOBAL_UNIT_ASSIGNED_CONTEXT ( ( #27, #1444, #161 ) ) REPRESENTATION_CONTEXT ( 'NONE', 'WORKASPACE' ) );
#1721 = FACE_OUTER_BOUND ( 'NONE', #1559, .T. ) ;
#1722 = ORIENTED_EDGE ( 'NONE', *, *, #1222, .F. ) ;
#1723 = EDGE_LOOP ( 'NONE', ( #1855, #757, #40, #1103 ) ) ;
#1724 = ADVANCED_FACE ( 'NONE', ( #424 ), #254, .F. ) ;
#1725 =( NAMED_UNIT ( * ) SI_UNIT ( $, .STERADIAN. ) SOLID_ANGLE_UNIT ( ) );
#1726 = PRESENTATION_STYLE_ASSIGNMENT (( #1287 ) ) ;
#1727 = DIRECTION ( 'NONE',  ( 0.000000000000000000, 0.000000000000000000, 1.000000000000000000 ) ) ;
#1728 = UNCERTAINTY_MEASURE_WITH_UNIT (LENGTH_MEASURE( 1.000000000000000082E-05 ), #370, 'distance_accuracy_value', 'NONE');
#1729 = CARTESIAN_POINT ( 'NONE',  ( 11.50000000000000000, 0.000000000000000000, -1.749999999999999778 ) ) ;
#1730 = ORIENTED_EDGE ( 'NONE', *, *, #1439, .T. ) ;
#1731 = EDGE_LOOP ( 'NONE', ( #1163, #820, #144, #438 ) ) ;
#1732 =( LENGTH_UNIT ( ) NAMED_UNIT ( * ) SI_UNIT ( .MILLI., .METRE. ) );
#1733 = EDGE_CURVE ( 'NONE', #446, #781, #1684, .T. ) ;
#1734 = AXIS2_PLACEMENT_3D ( 'NONE', #429, #107, #1096 ) ;
#1735 =( LENGTH_UNIT ( ) NAMED_UNIT ( * ) SI_UNIT ( .MILLI., .METRE. ) );
#1736 = CARTESIAN_POINT ( 'NONE',  ( 11.50000000000000000, 0.000000000000000000, -2.099999999999999645 ) ) ;
#1737 = CARTESIAN_POINT ( 'NONE',  ( 11.50000000000000000, 0.000000000000000000, 0.000000000000000000 ) ) ;
#1738 = AXIS2_PLACEMENT_3D ( 'NONE', #1490, #1511, #701 ) ;
#1739 = COLOUR_RGB ( '',0.8313725490196077761, 1.000000000000000000, 0.8666666666666666963 ) ;
#1740 =( NAMED_UNIT ( * ) SI_UNIT ( $, .STERADIAN. ) SOLID_ANGLE_UNIT ( ) );
#1741 = ORIENTED_EDGE ( 'NONE', *, *, #63, .F. ) ;
#1742 = COLOUR_RGB ( '',1.000000000000000000, 1.000000000000000000, 0.7529411764705882248 ) ;
#1743 = PRESENTATION_LAYER_ASSIGNMENT (  '', '', ( #1026 ) ) ;
#1744 = MECHANICAL_DESIGN_GEOMETRIC_PRESENTATION_REPRESENTATION (  '', ( #718 ), #1943 ) ;
#1745 = CIRCLE ( 'NONE', #230, 2.156249999998379963 ) ;
#1746 = EDGE_CURVE ( 'NONE', #1089, #1678, #167, .T. ) ;
#1747 = LINE ( 'NONE', #1736, #1546 ) ;
#1748 =( NAMED_UNIT ( * ) PLANE_ANGLE_UNIT ( ) SI_UNIT ( $, .RADIAN. ) );
#1749 = FILL_AREA_STYLE ('',( #1757 ) ) ;
#1750 = VERTEX_POINT ( 'NONE', #734 ) ;
#1751 = SURFACE_STYLE_USAGE ( .BOTH. , #1908 ) ;
#1752 = DIRECTION ( 'NONE',  ( 0.000000000000000000, 0.000000000000000000, -1.000000000000000000 ) ) ;
#1753 =( NAMED_UNIT ( * ) SI_UNIT ( $, .STERADIAN. ) SOLID_ANGLE_UNIT ( ) );
#1754 = DIRECTION ( 'NONE',  ( 0.000000000000000000, 1.224646799147352961E-16, 1.000000000000000000 ) ) ;
#1755 = DIRECTION ( 'NONE',  ( 0.000000000000000000, 0.000000000000000000, -1.000000000000000000 ) ) ;
#1756 =( NAMED_UNIT ( * ) SI_UNIT ( $, .STERADIAN. ) SOLID_ANGLE_UNIT ( ) );
#1757 = FILL_AREA_STYLE_COLOUR ( '', #1191 ) ;
#1758 = ORIENTED_EDGE ( 'NONE', *, *, #89, .T. ) ;
#1759 = DIRECTION ( 'NONE',  ( 0.000000000000000000, 0.000000000000000000, 1.000000000000000000 ) ) ;
#1760 = PRESENTATION_STYLE_ASSIGNMENT (( #64 ) ) ;
#1761 = CARTESIAN_POINT ( 'NONE',  ( 10.05707142142714439, 2.755455298081544285E-16, -2.250000000000000000 ) ) ;
#1763 = AXIS2_PLACEMENT_3D ( 'NONE', #20, #1411, #2033 ) ;
#1762 = DIRECTION ( 'NONE',  ( 1.734723475976807341E-16, -1.000000000000000000, 0.000000000000000000 ) ) ;
#1764 = CARTESIAN_POINT ( 'NONE',  ( 3.759297531231847955, 0.000000000000000000, -2.099999999999999645 ) ) ;
#1765 = COLOUR_RGB ( '',0.6470588235294117974, 0.6196078431372549211, 0.5882352941176470784 ) ;
#1766 = LINE ( 'NONE', #1892, #193 ) ;
#1767 = PRESENTATION_LAYER_ASSIGNMENT (  '', '', ( #1960 ) ) ;
#1768 = ORIENTED_EDGE ( 'NONE', *, *, #1608, .F. ) ;
#1769 = CARTESIAN_POINT ( 'NONE',  ( 11.50000000000000000, 0.000000000000000000, 0.000000000000000000 ) ) ;
#1770 = SURFACE_STYLE_FILL_AREA ( #1749 ) ;
#1771 = COLOUR_RGB ( '',0.8313725490196077761, 1.000000000000000000, 0.8666666666666666963 ) ;
#1772 = STYLED_ITEM ( 'NONE', ( #1043 ), #1113 ) ;
#1773 = DIRECTION ( 'NONE',  ( 1.000000000000000000, -0.000000000000000000, -0.000000000000000000 ) ) ;
#1774 = PRESENTATION_LAYER_ASSIGNMENT (  '', '', ( #613 ) ) ;
#1775 = EDGE_CURVE ( 'NONE', #271, #441, #1579, .T. ) ;
#1776 = DIRECTION ( 'NONE',  ( 0.000000000000000000, 1.000000000000000000, 0.000000000000000000 ) ) ;
#1777 = FILL_AREA_STYLE ('',( #1313 ) ) ;
#1778 =( NAMED_UNIT ( * ) PLANE_ANGLE_UNIT ( ) SI_UNIT ( $, .RADIAN. ) );
#1779 = STYLED_ITEM ( 'NONE', ( #96 ), #1529 ) ;
#1780 = DIRECTION ( 'NONE',  ( 0.000000000000000000, 1.224646799147353207E-16, 1.000000000000000000 ) ) ;
#1781 = AXIS2_PLACEMENT_3D ( 'NONE', #1004, #1630, #70 ) ;
#1782 = CIRCLE ( 'NONE', #434, 2.099999999999999645 ) ;
#1783 = EDGE_LOOP ( 'NONE', ( #1370, #344, #1046, #698 ) ) ;
#1784 =( NAMED_UNIT ( * ) PLANE_ANGLE_UNIT ( ) SI_UNIT ( $, .RADIAN. ) );
#1785 = CARTESIAN_POINT ( 'NONE',  ( 11.00000000000000000, 0.000000000000000000, 0.000000000000000000 ) ) ;
#1786 = ORIENTED_EDGE ( 'NONE', *, *, #338, .F. ) ;
#1787 = AXIS2_PLACEMENT_3D ( 'NONE', #1785, #667, #838 ) ;
#1788 = ADVANCED_FACE ( 'NONE', ( #1071 ), #1693, .T. ) ;
#1789 = DIRECTION ( 'NONE',  ( 0.000000000000000000, 0.000000000000000000, -1.000000000000000000 ) ) ;
#1790 = DIRECTION ( 'NONE',  ( 1.000000000000000000, -0.000000000000000000, -0.000000000000000000 ) ) ;
#1791 = DIRECTION ( 'NONE',  ( 1.000000000000000000, -0.000000000000000000, -0.000000000000000000 ) ) ;
#1792 = ORIENTED_EDGE ( 'NONE', *, *, #837, .F. ) ;
#1793 = CARTESIAN_POINT ( 'NONE',  ( 11.50000000000000000, 0.000000000000000000, 0.000000000000000000 ) ) ;
#1794 = SURFACE_STYLE_USAGE ( .BOTH. , #233 ) ;
#1795 = DIRECTION ( 'NONE',  ( -1.000000000000000000, -1.224646799147353454E-16, 0.000000000000000000 ) ) ;
#1796 = DIRECTION ( 'NONE',  ( -1.000000000000000000, 0.000000000000000000, 1.084202172485504434E-16 ) ) ;
#1797 = ADVANCED_FACE ( 'NONE', ( #178 ), #398, .T. ) ;
#1798 = ORIENTED_EDGE ( 'NONE', *, *, #601, .T. ) ;
#1799 = AXIS2_PLACEMENT_3D ( 'NONE', #54, #1005, #1929 ) ;
#1800 = DIRECTION ( 'NONE',  ( 1.000000000000000000, -0.000000000000000000, -0.000000000000000000 ) ) ;
#1801 = SURFACE_STYLE_FILL_AREA ( #722 ) ;
#1802 = SURFACE_STYLE_FILL_AREA ( #1952 ) ;
#1803 = COLOUR_RGB ( '',0.8313725490196077761, 1.000000000000000000, 0.8666666666666666963 ) ;
#1804 = MANIFOLD_SOLID_BREP ( 'Mirror1', #1210 ) ;
#1805 = MECHANICAL_DESIGN_GEOMETRIC_PRESENTATION_REPRESENTATION (  '', ( #1605 ), #1019 ) ;
#1806 = STYLED_ITEM ( 'NONE', ( #128 ), #977 ) ;
#1807 = CARTESIAN_POINT ( 'NONE',  ( 16.17999999999999972, -0.4000000000000006883, 4.898587196589417389E-17 ) ) ;
#1808 = DIRECTION ( 'NONE',  ( 1.000000000000000000, -0.000000000000000000, -0.000000000000000000 ) ) ;
#1809 =( NAMED_UNIT ( * ) SI_UNIT ( $, .STERADIAN. ) SOLID_ANGLE_UNIT ( ) );
#1810 =( GEOMETRIC_REPRESENTATION_CONTEXT ( 3 ) GLOBAL_UNCERTAINTY_ASSIGNED_CONTEXT ( ( #1219 ) ) GLOBAL_UNIT_ASSIGNED_CONTEXT ( ( #1255, #442, #1872 ) ) REPRESENTATION_CONTEXT ( 'NONE', 'WORKASPACE' ) );
#1811 = EDGE_CURVE ( 'NONE', #102, #574, #1592, .T. ) ;
#1812 = EDGE_LOOP ( 'NONE', ( #988, #1626, #651, #708 ) ) ;
#1813 = VECTOR ( 'NONE', #1999, 1000.000000000000000 ) ;
#1814 = CARTESIAN_POINT ( 'NONE',  ( -5.679999999999999716, -6.000000000000001776, 0.000000000000000000 ) ) ;
#1815 = FACE_OUTER_BOUND ( 'NONE', #1337, .T. ) ;
#1816 = MECHANICAL_DESIGN_GEOMETRIC_PRESENTATION_REPRESENTATION (  '', ( #887 ), #1549 ) ;
#1817 = UNCERTAINTY_MEASURE_WITH_UNIT (LENGTH_MEASURE( 1.000000000000000082E-05 ), #243, 'distance_accuracy_value', 'NONE');
#1818 = EDGE_CURVE ( 'NONE', #430, #1391, #993, .T. ) ;
#1819 = ORIENTED_EDGE ( 'NONE', *, *, #1733, .F. ) ;
#1820 = FACE_OUTER_BOUND ( 'NONE', #1603, .T. ) ;
#1821 = EDGE_CURVE ( 'NONE', #1230, #1146, #1131, .T. ) ;
#1822 = ORIENTED_EDGE ( 'NONE', *, *, #1900, .T. ) ;
#1823 = FILL_AREA_STYLE ('',( #1985 ) ) ;
#1824 = ORIENTED_EDGE ( 'NONE', *, *, #172, .T. ) ;
#1825 = PRESENTATION_STYLE_ASSIGNMENT (( #123 ) ) ;
#1826 =( NAMED_UNIT ( * ) SI_UNIT ( $, .STERADIAN. ) SOLID_ANGLE_UNIT ( ) );
#1827 = AXIS2_PLACEMENT_3D ( 'NONE', #835, #827, #44 ) ;
#1828 = PRODUCT_DEFINITION_CONTEXT ( 'detailed design', #1595, 'design' ) ;
#1829 = PRESENTATION_LAYER_ASSIGNMENT (  '', '', ( #454 ) ) ;
#1830 = EDGE_LOOP ( 'NONE', ( #1252, #1768, #1075, #122 ) ) ;
#1831 = ADVANCED_FACE ( 'NONE', ( #1331 ), #1635, .T. ) ;
#1832 = DIRECTION ( 'NONE',  ( 3.393051144118360350E-16, 1.000000000000000000, 0.000000000000000000 ) ) ;
#1833 =( GEOMETRIC_REPRESENTATION_CONTEXT ( 3 ) GLOBAL_UNCERTAINTY_ASSIGNED_CONTEXT ( ( #927 ) ) GLOBAL_UNIT_ASSIGNED_CONTEXT ( ( #1422, #1571, #646 ) ) REPRESENTATION_CONTEXT ( 'NONE', 'WORKASPACE' ) );
#1834 = AXIS2_PLACEMENT_3D ( 'NONE', #709, #640, #1120 ) ;
#1835 =( NAMED_UNIT ( * ) PLANE_ANGLE_UNIT ( ) SI_UNIT ( $, .RADIAN. ) );
#1836 = DIRECTION ( 'NONE',  ( 1.000000000000000000, -0.000000000000000000, -0.000000000000000000 ) ) ;
#1837 = AXIS2_PLACEMENT_3D ( 'NONE', #830, #30, #331 ) ;
#1838 = PRESENTATION_STYLE_ASSIGNMENT (( #568 ) ) ;
#1839 = ORIENTED_EDGE ( 'NONE', *, *, #440, .T. ) ;
#1840 = COLOUR_RGB ( '',0.000000000000000000, 0.7529411764705882248, 0.000000000000000000 ) ;
#1841 =( NAMED_UNIT ( * ) SI_UNIT ( $, .STERADIAN. ) SOLID_ANGLE_UNIT ( ) );
#1842 = COLOUR_RGB ( '',0.8313725490196077761, 1.000000000000000000, 0.8666666666666666963 ) ;
#1843 = AXIS2_PLACEMENT_3D ( 'NONE', #1508, #1012, #1860 ) ;
#1844 = ORIENTED_EDGE ( 'NONE', *, *, #645, .T. ) ;
#1845 = DIRECTION ( 'NONE',  ( 0.000000000000000000, 0.000000000000000000, -1.000000000000000000 ) ) ;
#1846 = EDGE_CURVE ( 'NONE', #1130, #311, #621, .T. ) ;
#1847 = FILL_AREA_STYLE ('',( #1535 ) ) ;
#1848 = DIRECTION ( 'NONE',  ( -5.100766768294536407E-17, 1.000000000000000000, 0.000000000000000000 ) ) ;
#1849 = ORIENTED_EDGE ( 'NONE', *, *, #1354, .T. ) ;
#1850 = FILL_AREA_STYLE_COLOUR ( '', #319 ) ;
#1851 = PRESENTATION_STYLE_ASSIGNMENT (( #1233 ) ) ;
#1852 = UNCERTAINTY_MEASURE_WITH_UNIT (LENGTH_MEASURE( 1.000000000000000082E-05 ), #1024, 'distance_accuracy_value', 'NONE');
#1853 = DIRECTION ( 'NONE',  ( -1.000000000000000000, -0.000000000000000000, -0.000000000000000000 ) ) ;
#1854 = VERTEX_POINT ( 'NONE', #76 ) ;
#1855 = ORIENTED_EDGE ( 'NONE', *, *, #900, .F. ) ;
#1856 = SURFACE_SIDE_STYLE ('',( #745 ) ) ;
#1857 = DIRECTION ( 'NONE',  ( 1.000000000000000000, 0.000000000000000000, 0.000000000000000000 ) ) ;
#1858 = ORIENTED_EDGE ( 'NONE', *, *, #1452, .T. ) ;
#1859 = FACE_OUTER_BOUND ( 'NONE', #1430, .T. ) ;
#1860 = DIRECTION ( 'NONE',  ( -2.065146995210484941E-16, 0.000000000000000000, -1.000000000000000000 ) ) ;
#1861 = SURFACE_STYLE_USAGE ( .BOTH. , #1243 ) ;
#1862 = ORIENTED_EDGE ( 'NONE', *, *, #618, .F. ) ;
#1863 = CIRCLE ( 'NONE', #1668, 2.099999999999999645 ) ;
#1864 = EDGE_LOOP ( 'NONE', ( #152, #1819, #1798, #286 ) ) ;
#1865 = AXIS2_PLACEMENT_3D ( 'NONE', #1955, #1921, #825 ) ;
#1866 = FILL_AREA_STYLE_COLOUR ( '', #1292 ) ;
#1867 = AXIS2_PLACEMENT_3D ( 'NONE', #310, #1451, #324 ) ;
#1868 = CYLINDRICAL_SURFACE ( 'NONE', #333, 2.099999999999999645 ) ;
#1869 =( NAMED_UNIT ( * ) PLANE_ANGLE_UNIT ( ) SI_UNIT ( $, .RADIAN. ) );
#1870 = AXIS2_PLACEMENT_3D ( 'NONE', #1548, #610, #132 ) ;
#1871 = ORIENTED_EDGE ( 'NONE', *, *, #933, .T. ) ;
#1872 =( NAMED_UNIT ( * ) SI_UNIT ( $, .STERADIAN. ) SOLID_ANGLE_UNIT ( ) );
#1873 = EDGE_CURVE ( 'NONE', #1619, #1089, #1551, .T. ) ;
#1874 = UNCERTAINTY_MEASURE_WITH_UNIT (LENGTH_MEASURE( 1.000000000000000082E-05 ), #935, 'distance_accuracy_value', 'NONE');
#1875 = COLOUR_RGB ( '',0.6470588235294117974, 0.6196078431372549211, 0.5882352941176470784 ) ;
#1876 = EDGE_LOOP ( 'NONE', ( #499, #246, #1517, #38 ) ) ;
#1877 = TOROIDAL_SURFACE ( 'NONE', #515, 1.000000000000000888, 0.4000000000000000222 ) ;
#1878 = PRESENTATION_LAYER_ASSIGNMENT (  '', '', ( #718 ) ) ;
#1879 = COLOUR_RGB ( '',0.8941176470588234615, 0.8941176470588234615, 0.8941176470588234615 ) ;
#1880 = FILL_AREA_STYLE_COLOUR ( '', #1616 ) ;
#1881 = DIRECTION ( 'NONE',  ( 0.000000000000000000, -0.000000000000000000, -1.000000000000000000 ) ) ;
#1882 = FILL_AREA_STYLE_COLOUR ( '', #1450 ) ;
#1883 = FILL_AREA_STYLE_COLOUR ( '', #822 ) ;
#1884 = EDGE_LOOP ( 'NONE', ( #278, #1273, #831, #1410 ) ) ;
#1885 = ORIENTED_EDGE ( 'NONE', *, *, #1376, .T. ) ;
#1886 = FILL_AREA_STYLE ('',( #623 ) ) ;
#1887 = DIRECTION ( 'NONE',  ( 0.000000000000000000, -1.000000000000000000, 0.000000000000000000 ) ) ;
#1888 = SURFACE_SIDE_STYLE ('',( #2051 ) ) ;
#1889 = ORIENTED_EDGE ( 'NONE', *, *, #770, .T. ) ;
#1890 = SURFACE_SIDE_STYLE ('',( #614 ) ) ;
#1891 = CARTESIAN_POINT ( 'NONE',  ( 8.540702468768152755, 0.000000000000000000, -2.099999999999999645 ) ) ;
#1892 = CARTESIAN_POINT ( 'NONE',  ( 11.50000000000000000, 2.571758278209440971E-16, 2.099999999999999645 ) ) ;
#1893 = UNCERTAINTY_MEASURE_WITH_UNIT (LENGTH_MEASURE( 1.000000000000000082E-05 ), #1666, 'distance_accuracy_value', 'NONE');
#1894 = ORIENTED_EDGE ( 'NONE', *, *, #717, .F. ) ;
#1895 = EDGE_CURVE ( 'NONE', #910, #1456, #1782, .T. ) ;
#1896 = CIRCLE ( 'NONE', #112, 0.2999999999999999334 ) ;
#1897 = SURFACE_SIDE_STYLE ('',( #815 ) ) ;
#1898 = STYLED_ITEM ( 'NONE', ( #1825 ), #208 ) ;
#1899 = CARTESIAN_POINT ( 'NONE',  ( -5.280000000000001137, -1.000000000000001332, 0.000000000000000000 ) ) ;
#1900 = EDGE_CURVE ( 'NONE', #1009, #1505, #888, .T. ) ;
#1901 =( GEOMETRIC_REPRESENTATION_CONTEXT ( 3 ) GLOBAL_UNCERTAINTY_ASSIGNED_CONTEXT ( ( #141 ) ) GLOBAL_UNIT_ASSIGNED_CONTEXT ( ( #1031, #1335, #394 ) ) REPRESENTATION_CONTEXT ( 'NONE', 'WORKASPACE' ) );
#1902 = FILL_AREA_STYLE ('',( #468 ) ) ;
#1903 = SURFACE_SIDE_STYLE ('',( #1917 ) ) ;
#1904 = AXIS2_PLACEMENT_3D ( 'NONE', #2007, #1221, #1544 ) ;
#1905 = DIRECTION ( 'NONE',  ( 1.000000000000000000, -0.000000000000000000, -0.000000000000000000 ) ) ;
#1906 =( LENGTH_UNIT ( ) NAMED_UNIT ( * ) SI_UNIT ( .MILLI., .METRE. ) );
#1907 =( GEOMETRIC_REPRESENTATION_CONTEXT ( 3 ) GLOBAL_UNCERTAINTY_ASSIGNED_CONTEXT ( ( #305 ) ) GLOBAL_UNIT_ASSIGNED_CONTEXT ( ( #521, #1342, #1809 ) ) REPRESENTATION_CONTEXT ( 'NONE', 'WORKASPACE' ) );
#1908 = SURFACE_SIDE_STYLE ('',( #642 ) ) ;
#1909 = STYLED_ITEM ( 'NONE', ( #1851 ), #1992 ) ;
#1910 = AXIS2_PLACEMENT_3D ( 'NONE', #476, #952, #1752 ) ;
#1911 = FILL_AREA_STYLE ('',( #1284 ) ) ;
#1912 = SURFACE_STYLE_FILL_AREA ( #1285 ) ;
#1913 = ADVANCED_FACE ( 'NONE', ( #1177 ), #88, .T. ) ;
#1914 = CIRCLE ( 'NONE', #1781, 0.4000000000000000222 ) ;
#1915 = DIRECTION ( 'NONE',  ( 0.000000000000000000, 1.000000000000000000, -1.224646799147353207E-16 ) ) ;
#1916 = DIRECTION ( 'NONE',  ( 0.000000000000000000, 0.000000000000000000, -1.000000000000000000 ) ) ;
#1917 = SURFACE_STYLE_FILL_AREA ( #177 ) ;
#1918 = VECTOR ( 'NONE', #478, 1000.000000000000000 ) ;
#1919 = FACE_OUTER_BOUND ( 'NONE', #238, .T. ) ;
#1920 = PRESENTATION_STYLE_ASSIGNMENT (( #638 ) ) ;
#1921 = DIRECTION ( 'NONE',  ( 1.000000000000000000, 0.000000000000000000, 0.000000000000000000 ) ) ;
#1922 = DIRECTION ( 'NONE',  ( -1.000000000000000000, -1.224646799147353454E-16, 0.000000000000000000 ) ) ;
#1923 =( NAMED_UNIT ( * ) PLANE_ANGLE_UNIT ( ) SI_UNIT ( $, .RADIAN. ) );
#1924 = DIRECTION ( 'NONE',  ( 1.000000000000000000, -0.000000000000000000, -0.000000000000000000 ) ) ;
#1925 = ORIENTED_EDGE ( 'NONE', *, *, #645, .F. ) ;
#1926 =( NAMED_UNIT ( * ) PLANE_ANGLE_UNIT ( ) SI_UNIT ( $, .RADIAN. ) );
#1927 = EDGE_CURVE ( 'NONE', #154, #574, #586, .T. ) ;
#1928 = CARTESIAN_POINT ( 'NONE',  ( 1.909297531231847422, 2.571758278209440971E-16, 2.099999999999999645 ) ) ;
#1929 = DIRECTION ( 'NONE',  ( 0.000000000000000000, 0.000000000000000000, -1.000000000000000000 ) ) ;
#1930 = SURFACE_STYLE_FILL_AREA ( #1314 ) ;
#1931 = DIRECTION ( 'NONE',  ( 0.000000000000000000, 0.000000000000000000, -1.000000000000000000 ) ) ;
#1932 = COLOUR_RGB ( '',1.000000000000000000, 1.000000000000000000, 0.7529411764705882248 ) ;
#1933 = DIRECTION ( 'NONE',  ( 0.000000000000000000, 0.000000000000000000, 1.000000000000000000 ) ) ;
#1934 = CIRCLE ( 'NONE', #1734, 2.099999999999999645 ) ;
#1935 = ORIENTED_EDGE ( 'NONE', *, *, #1363, .F. ) ;
#1936 =( LENGTH_UNIT ( ) NAMED_UNIT ( * ) SI_UNIT ( .MILLI., .METRE. ) );
#1937 = EDGE_CURVE ( 'NONE', #291, #154, #1689, .T. ) ;
#1938 = CIRCLE ( 'NONE', #950, 0.5000000000000000000 ) ;
#1939 = EDGE_CURVE ( 'NONE', #1391, #430, #58, .T. ) ;
#1940 = PRESENTATION_LAYER_ASSIGNMENT (  '', '', ( #784 ) ) ;
#1941 = FILL_AREA_STYLE_COLOUR ( '', #198 ) ;
#1942 = MECHANICAL_DESIGN_GEOMETRIC_PRESENTATION_REPRESENTATION (  '', ( #53 ), #1393 ) ;
#1943 =( GEOMETRIC_REPRESENTATION_CONTEXT ( 3 ) GLOBAL_UNCERTAINTY_ASSIGNED_CONTEXT ( ( #1975 ) ) GLOBAL_UNIT_ASSIGNED_CONTEXT ( ( #1661, #1109, #898 ) ) REPRESENTATION_CONTEXT ( 'NONE', 'WORKASPACE' ) );
#1944 = VERTEX_POINT ( 'NONE', #110 ) ;
#1945 = FILL_AREA_STYLE ('',( #1330 ) ) ;
#1946 = DIRECTION ( 'NONE',  ( 0.000000000000000000, 0.000000000000000000, -1.000000000000000000 ) ) ;
#1947 = CARTESIAN_POINT ( 'NONE',  ( 11.50000000000000000, 0.000000000000000000, 0.000000000000000000 ) ) ;
#1948 = SURFACE_STYLE_FILL_AREA ( #1777 ) ;
#1949 = CARTESIAN_POINT ( 'NONE',  ( 17.58000000000000185, -1.000000000000000888, 0.000000000000000000 ) ) ;
#1950 = EDGE_LOOP ( 'NONE', ( #1169, #297, #1442, #665 ) ) ;
#1951 = CARTESIAN_POINT ( 'NONE',  ( 11.50000000000000000, 0.000000000000000000, 0.000000000000000000 ) ) ;
#1952 = FILL_AREA_STYLE ('',( #860 ) ) ;
#1953 = FILL_AREA_STYLE ('',( #842 ) ) ;
#1954 =( LENGTH_UNIT ( ) NAMED_UNIT ( * ) SI_UNIT ( .MILLI., .METRE. ) );
#1955 = CARTESIAN_POINT ( 'NONE',  ( 0.5000000000000004441, 0.000000000000000000, 0.000000000000000000 ) ) ;
#1956 = EDGE_CURVE ( 'NONE', #906, #416, #1745, .T. ) ;
#1957 = STYLED_ITEM ( 'NONE', ( #494 ), #148 ) ;
#1958 = ORIENTED_EDGE ( 'NONE', *, *, #1439, .F. ) ;
#1959 = AXIS2_PLACEMENT_3D ( 'NONE', #1516, #726, #1375 ) ;
#1960 = STYLED_ITEM ( 'NONE', ( #1066 ), #474 ) ;
#1961 = CARTESIAN_POINT ( 'NONE',  ( -6.080000000000000959, -1.000000000000001110, 4.898587196589421703E-17 ) ) ;
#1962 = PRESENTATION_LAYER_ASSIGNMENT (  '', '', ( #817 ) ) ;
#1963 = CARTESIAN_POINT ( 'NONE',  ( 11.00000000000000000, 2.755455298081544285E-16, -2.250000000000000000 ) ) ;
#1964 = CARTESIAN_POINT ( 'NONE',  ( 1.442928578572856724, 2.143131898507868051E-16, 1.749999999999999778 ) ) ;
#1965 =( NAMED_UNIT ( * ) SI_UNIT ( $, .STERADIAN. ) SOLID_ANGLE_UNIT ( ) );
#1966 = FILL_AREA_STYLE_COLOUR ( '', #542 ) ;
#1967 = EDGE_CURVE ( 'NONE', #781, #1146, #1067, .T. ) ;
#1968 = VECTOR ( 'NONE', #1206, 1000.000000000000000 ) ;
#1969 = ORIENTED_EDGE ( 'NONE', *, *, #1447, .T. ) ;
#1970 = MECHANICAL_DESIGN_GEOMETRIC_PRESENTATION_REPRESENTATION (  '', ( #682 ), #18 ) ;
#1971 = CYLINDRICAL_SURFACE ( 'NONE', #2041, 2.099999999999999645 ) ;
#1972 =( NAMED_UNIT ( * ) PLANE_ANGLE_UNIT ( ) SI_UNIT ( $, .RADIAN. ) );
#1973 = SURFACE_STYLE_FILL_AREA ( #892 ) ;
#1974 = VECTOR ( 'NONE', #206, 1000.000000000000000 ) ;
#1975 = UNCERTAINTY_MEASURE_WITH_UNIT (LENGTH_MEASURE( 1.000000000000000082E-05 ), #1661, 'distance_accuracy_value', 'NONE');
#1976 =( NAMED_UNIT ( * ) SI_UNIT ( $, .STERADIAN. ) SOLID_ANGLE_UNIT ( ) );
#1977 = SURFACE_SIDE_STYLE ('',( #257 ) ) ;
#1978 = EDGE_LOOP ( 'NONE', ( #1261, #690 ) ) ;
#1979 = CARTESIAN_POINT ( 'NONE',  ( 6.559297531231848666, 0.000000000000000000, 0.000000000000000000 ) ) ;
#1980 = EDGE_CURVE ( 'NONE', #1750, #1009, #773, .T. ) ;
#1981 = ADVANCED_FACE ( 'NONE', ( #1415 ), #653, .T. ) ;
#1982 = ORIENTED_EDGE ( 'NONE', *, *, #411, .F. ) ;
#1983 = CARTESIAN_POINT ( 'NONE',  ( -5.680000000000000604, -1.000000000000001332, 0.000000000000000000 ) ) ;
#1984 = CARTESIAN_POINT ( 'NONE',  ( 11.50000000000000000, 0.4000000000000000222, 0.000000000000000000 ) ) ;
#1985 = FILL_AREA_STYLE_COLOUR ( '', #919 ) ;
#1986 = ORIENTED_EDGE ( 'NONE', *, *, #10, .F. ) ;
#1987 = FACE_OUTER_BOUND ( 'NONE', #1783, .T. ) ;
#1988 = SURFACE_STYLE_FILL_AREA ( #561 ) ;
#1989 = DIRECTION ( 'NONE',  ( 1.000000000000000000, -0.000000000000000000, -0.000000000000000000 ) ) ;
#1990 = FACE_OUTER_BOUND ( 'NONE', #295, .T. ) ;
#1991 = SURFACE_STYLE_FILL_AREA ( #913 ) ;
#1992 = ADVANCED_FACE ( 'NONE', ( #1990 ), #292, .T. ) ;
#1993 = CIRCLE ( 'NONE', #1959, 2.099999999999999645 ) ;
#1994 = ORIENTED_EDGE ( 'NONE', *, *, #338, .T. ) ;
#1995 = SURFACE_SIDE_STYLE ('',( #413 ) ) ;
#1996 = STYLED_ITEM ( 'NONE', ( #35 ), #664 ) ;
#1997 = PRESENTATION_LAYER_ASSIGNMENT (  '', '', ( #847 ) ) ;
#1998 = DIRECTION ( 'NONE',  ( 0.000000000000000000, 0.000000000000000000, -1.000000000000000000 ) ) ;
#1999 = DIRECTION ( 'NONE',  ( -1.000000000000000000, -0.000000000000000000, -0.000000000000000000 ) ) ;
#2000 = PRESENTATION_STYLE_ASSIGNMENT (( #524 ) ) ;
#2001 = CARTESIAN_POINT ( 'NONE',  ( 5.559297531231847778, 0.000000000000000000, -2.099999999999999645 ) ) ;
#2002 = ORIENTED_EDGE ( 'NONE', *, *, #803, .F. ) ;
#2003 =( GEOMETRIC_REPRESENTATION_CONTEXT ( 3 ) GLOBAL_UNCERTAINTY_ASSIGNED_CONTEXT ( ( #562 ) ) GLOBAL_UNIT_ASSIGNED_CONTEXT ( ( #636, #1136, #1127 ) ) REPRESENTATION_CONTEXT ( 'NONE', 'WORKASPACE' ) );
#2004 =( NAMED_UNIT ( * ) PLANE_ANGLE_UNIT ( ) SI_UNIT ( $, .RADIAN. ) );
#2005 = SURFACE_STYLE_FILL_AREA ( #1520 ) ;
#2006 = PRESENTATION_LAYER_ASSIGNMENT (  '', '', ( #1779 ) ) ;
#2007 = CARTESIAN_POINT ( 'NONE',  ( 11.00000000000000000, 0.000000000000000000, 0.000000000000000000 ) ) ;
#2008 = ORIENTED_EDGE ( 'NONE', *, *, #386, .F. ) ;
#2009 =( GEOMETRIC_REPRESENTATION_CONTEXT ( 3 ) GLOBAL_UNCERTAINTY_ASSIGNED_CONTEXT ( ( #69 ) ) GLOBAL_UNIT_ASSIGNED_CONTEXT ( ( #1459, #214, #1349 ) ) REPRESENTATION_CONTEXT ( 'NONE', 'WORKASPACE' ) );
#2010 = AXIS2_PLACEMENT_3D ( 'NONE', #1162, #1138, #1149 ) ;
#2011 = ORIENTED_EDGE ( 'NONE', *, *, #1632, .F. ) ;
#2012 = CARTESIAN_POINT ( 'NONE',  ( 0.5000000000000004441, 0.000000000000000000, 0.000000000000000000 ) ) ;
#2013 = DIRECTION ( 'NONE',  ( 1.000000000000000000, 0.000000000000000000, 0.000000000000000000 ) ) ;
#2014 = COLOUR_RGB ( '',0.8313725490196077761, 1.000000000000000000, 0.8666666666666666963 ) ;
#2015 = CYLINDRICAL_SURFACE ( 'NONE', #1704, 0.4000000000000010214 ) ;
#2016 = FACE_OUTER_BOUND ( 'NONE', #462, .T. ) ;
#2017 = ORIENTED_EDGE ( 'NONE', *, *, #1594, .F. ) ;
#2018 = CYLINDRICAL_SURFACE ( 'NONE', #1296, 2.099999999999999645 ) ;
#2019 = DIRECTION ( 'NONE',  ( -1.000000000000000000, 0.000000000000000000, 0.000000000000000000 ) ) ;
#2020 = ORIENTED_EDGE ( 'NONE', *, *, #1363, .T. ) ;
#2021 = ORIENTED_EDGE ( 'NONE', *, *, #759, .F. ) ;
#2022 = DIRECTION ( 'NONE',  ( 0.000000000000000000, 0.000000000000000000, 1.000000000000000000 ) ) ;
#2023 = ADVANCED_FACE ( 'NONE', ( #1721 ), #185, .T. ) ;
#2024 = DIRECTION ( 'NONE',  ( 1.000000000000000000, -0.000000000000000000, -0.000000000000000000 ) ) ;
#2025 = ORIENTED_EDGE ( 'NONE', *, *, #1939, .T. ) ;
#2026 = CARTESIAN_POINT ( 'NONE',  ( 11.50000000000000000, 0.000000000000000000, 0.000000000000000000 ) ) ;
#2027 = EDGE_CURVE ( 'NONE', #175, #291, #6, .T. ) ;
#2028 =( NAMED_UNIT ( * ) PLANE_ANGLE_UNIT ( ) SI_UNIT ( $, .RADIAN. ) );
#2029 = ORIENTED_EDGE ( 'NONE', *, *, #1900, .F. ) ;
#2030 = AXIS2_PLACEMENT_3D ( 'NONE', #532, #391, #1946 ) ;
#2031 = ORIENTED_EDGE ( 'NONE', *, *, #1967, .T. ) ;
#2032 = AXIS2_PLACEMENT_3D ( 'NONE', #1052, #1706, #1698 ) ;
#2033 = DIRECTION ( 'NONE',  ( -1.000000000000000000, 0.000000000000000000, 0.000000000000000000 ) ) ;
#2034 = PRESENTATION_LAYER_ASSIGNMENT (  '', '', ( #608 ) ) ;
#2035 = DIRECTION ( 'NONE',  ( 0.000000000000000000, 0.000000000000000000, 1.000000000000000000 ) ) ;
#2036 = DIRECTION ( 'NONE',  ( 1.000000000000000000, -0.000000000000000000, -0.000000000000000000 ) ) ;
#2037 = PRESENTATION_LAYER_ASSIGNMENT (  '', '', ( #1416 ) ) ;
#2038 =( NAMED_UNIT ( * ) PLANE_ANGLE_UNIT ( ) SI_UNIT ( $, .RADIAN. ) );
#2039 = CARTESIAN_POINT ( 'NONE',  ( 0.5000000000000004441, 0.000000000000000000, -1.749999999999999778 ) ) ;
#2040 = DIRECTION ( 'NONE',  ( 0.000000000000000000, 0.000000000000000000, -1.000000000000000000 ) ) ;
#2041 = AXIS2_PLACEMENT_3D ( 'NONE', #408, #1648, #87 ) ;
#2042 = MECHANICAL_DESIGN_GEOMETRIC_PRESENTATION_REPRESENTATION (  '', ( #613 ), #1907 ) ;
#2043 = FACE_OUTER_BOUND ( 'NONE', #1812, .T. ) ;
#2044 = ORIENTED_EDGE ( 'NONE', *, *, #496, .T. ) ;
#2045 = AXIS2_PLACEMENT_3D ( 'NONE', #57, #397, #1168 ) ;
#2046 = ORIENTED_EDGE ( 'NONE', *, *, #1956, .T. ) ;
#2047 =( NAMED_UNIT ( * ) PLANE_ANGLE_UNIT ( ) SI_UNIT ( $, .RADIAN. ) );
#2048 = MECHANICAL_DESIGN_GEOMETRIC_PRESENTATION_REPRESENTATION (  '', ( #823 ), #1650 ) ;
#2049 = CARTESIAN_POINT ( 'NONE',  ( 10.05707142142714439, 0.000000000000000000, 1.749999999999999778 ) ) ;
#2050 = FACE_OUTER_BOUND ( 'NONE', #829, .T. ) ;
#2051 = SURFACE_STYLE_FILL_AREA ( #982 ) ;
ENDSEC;
END-ISO-10303-21;
