ISO-10303-21;
HEADER;
FILE_DESCRIPTION (( 'STEP AP214' ),
    '1' );
FILE_NAME ('Resistor6.3x2.4x12.70.STEP',
    '2026-02-17T14:17:45',
    ( '' ),
    ( '' ),
    'SwSTEP 2.0',
    'SolidWorks 2026',
    '' );
FILE_SCHEMA (( 'AUTOMOTIVE_DESIGN' ));
ENDSEC;

DATA;
#1 =( NAMED_UNIT ( * ) SI_UNIT ( $, .STERADIAN. ) SOLID_ANGLE_UNIT ( ) );
#2 = MECHANICAL_DESIGN_GEOMETRIC_PRESENTATION_REPRESENTATION (  '', ( #1427 ), #1701 ) ;
#3 = EDGE_CURVE ( 'NONE', #724, #1625, #1567, .T. ) ;
#4 = DIRECTION ( 'NONE',  ( 0.000000000000000000, 0.000000000000000000, -1.000000000000000000 ) ) ;
#5 = CARTESIAN_POINT ( 'NONE',  ( 1.442928578572856724, 1.469576158976823553E-16, -1.199999999999999956 ) ) ;
#6 = ORIENTED_EDGE ( 'NONE', *, *, #152, .F. ) ;
#7 = DIRECTION ( 'NONE',  ( 0.000000000000000000, 1.000000000000000000, -1.224646799147353207E-16 ) ) ;
#8 = SURFACE_SIDE_STYLE ('',( #1480 ) ) ;
#9 = ORIENTED_EDGE ( 'NONE', *, *, #225, .T. ) ;
#10 = UNCERTAINTY_MEASURE_WITH_UNIT (LENGTH_MEASURE( 1.000000000000000082E-05 ), #33, 'distance_accuracy_value', 'NONE');
#11 = CARTESIAN_POINT ( 'NONE',  ( -3.200000000000001954, -6.000000000000001776, 0.000000000000000000 ) ) ;
#12 = ORIENTED_EDGE ( 'NONE', *, *, #73, .T. ) ;
#13 = ADVANCED_FACE ( 'NONE', ( #973 ), #1211, .T. ) ;
#14 = AXIS2_PLACEMENT_3D ( 'NONE', #1587, #1914, #335 ) ;
#15 = DIRECTION ( 'NONE',  ( 1.000000000000000000, 0.000000000000000000, 0.000000000000000000 ) ) ;
#16 = ORIENTED_EDGE ( 'NONE', *, *, #2033, .T. ) ;
#17 = FACE_OUTER_BOUND ( 'NONE', #1173, .T. ) ;
#18 =( NAMED_UNIT ( * ) PLANE_ANGLE_UNIT ( ) SI_UNIT ( $, .RADIAN. ) );
#19 = ORIENTED_EDGE ( 'NONE', *, *, #1128, .F. ) ;
#20 =( NAMED_UNIT ( * ) SI_UNIT ( $, .STERADIAN. ) SOLID_ANGLE_UNIT ( ) );
#21 = EDGE_CURVE ( 'NONE', #724, #740, #1895, .T. ) ;
#22 = FILL_AREA_STYLE ('',( #1151 ) ) ;
#23 =( NAMED_UNIT ( * ) SI_UNIT ( $, .STERADIAN. ) SOLID_ANGLE_UNIT ( ) );
#24 = ORIENTED_EDGE ( 'NONE', *, *, #1724, .F. ) ;
#25 = AXIS2_PLACEMENT_3D ( 'NONE', #1489, #228, #1499 ) ;
#26 =( LENGTH_UNIT ( ) NAMED_UNIT ( * ) SI_UNIT ( .MILLI., .METRE. ) );
#27 = CARTESIAN_POINT ( 'NONE',  ( 4.857071421427143321, 1.469576158976823553E-16, -1.199999999999999956 ) ) ;
#28 = ORIENTED_EDGE ( 'NONE', *, *, #1830, .F. ) ;
#29 = COLOUR_RGB ( '',0.8313725490196077761, 1.000000000000000000, 0.8666666666666666963 ) ;
#30 = AXIS2_PLACEMENT_3D ( 'NONE', #1806, #399, #1034 ) ;
#31 = FILL_AREA_STYLE ('',( #1143 ) ) ;
#32 = ORIENTED_EDGE ( 'NONE', *, *, #345, .F. ) ;
#33 =( LENGTH_UNIT ( ) NAMED_UNIT ( * ) SI_UNIT ( .MILLI., .METRE. ) );
#34 = DIRECTION ( 'NONE',  ( 1.000000000000000000, -1.224646799147353207E-16, 0.000000000000000000 ) ) ;
#35 = CYLINDRICAL_SURFACE ( 'NONE', #384, 0.2750000000000000222 ) ;
#36 =( NAMED_UNIT ( * ) SI_UNIT ( $, .STERADIAN. ) SOLID_ANGLE_UNIT ( ) );
#37 = SURFACE_SIDE_STYLE ('',( #1932 ) ) ;
#38 = ORIENTED_EDGE ( 'NONE', *, *, #662, .F. ) ;
#39 = EDGE_LOOP ( 'NONE', ( #1019, #414, #758, #1236 ) ) ;
#40 = DIRECTION ( 'NONE',  ( 1.000000000000000000, 0.000000000000000000, 0.000000000000000000 ) ) ;
#41 = LINE ( 'NONE', #826, #1503 ) ;
#42 = CIRCLE ( 'NONE', #839, 1.199999999999999956 ) ;
#43 =( NAMED_UNIT ( * ) PLANE_ANGLE_UNIT ( ) SI_UNIT ( $, .RADIAN. ) );
#44 = ORIENTED_EDGE ( 'NONE', *, *, #807, .F. ) ;
#45 = EDGE_CURVE ( 'NONE', #976, #550, #1717, .T. ) ;
#46 = CYLINDRICAL_SURFACE ( 'NONE', #457, 1.050000000000000044 ) ;
#47 = ORIENTED_EDGE ( 'NONE', *, *, #1695, .T. ) ;
#48 = PRESENTATION_STYLE_ASSIGNMENT (( #348 ) ) ;
#49 = TOROIDAL_SURFACE ( 'NONE', #584, 0.6999999999999998446, 0.5000000000000000000 ) ;
#50 = SURFACE_SIDE_STYLE ('',( #66 ) ) ;
#51 = DIRECTION ( 'NONE',  ( 0.000000000000000000, 0.000000000000000000, -1.000000000000000000 ) ) ;
#52 = ORIENTED_EDGE ( 'NONE', *, *, #73, .F. ) ;
#53 = CARTESIAN_POINT ( 'NONE',  ( 3.109297531231848932, 0.000000000000000000, 0.000000000000000000 ) ) ;
#54 = CARTESIAN_POINT ( 'NONE',  ( 0.5000000000000004441, 0.000000000000000000, 0.000000000000000000 ) ) ;
#55 = FACE_OUTER_BOUND ( 'NONE', #1076, .T. ) ;
#56 = COLOUR_RGB ( '',0.6470588235294117974, 0.6196078431372549211, 0.5882352941176470784 ) ;
#57 = COLOUR_RGB ( '',0.9098039215686274384, 0.4431372549019607643, 0.03137254901960784270 ) ;
#58 = AXIS2_PLACEMENT_3D ( 'NONE', #987, #816, #504 ) ;
#59 = AXIS2_PLACEMENT_3D ( 'NONE', #98, #699, #1957 ) ;
#60 = SURFACE_STYLE_FILL_AREA ( #540 ) ;
#61 = EDGE_LOOP ( 'NONE', ( #1615, #1553, #1994, #1819 ) ) ;
#62 = ADVANCED_FACE ( 'NONE', ( #17 ), #1601, .T. ) ;
#63 = AXIS2_PLACEMENT_3D ( 'NONE', #356, #665, #502 ) ;
#64 = AXIS2_PLACEMENT_3D ( 'NONE', #232, #382, #68 ) ;
#65 =( LENGTH_UNIT ( ) NAMED_UNIT ( * ) SI_UNIT ( .MILLI., .METRE. ) );
#66 = SURFACE_STYLE_FILL_AREA ( #395 ) ;
#67 = CARTESIAN_POINT ( 'NONE',  ( 9.500000000000001776, -1.000000000000000888, 0.000000000000000000 ) ) ;
#68 = DIRECTION ( 'NONE',  ( 0.000000000000000000, 0.000000000000000000, 1.000000000000000000 ) ) ;
#69 = APPLICATION_CONTEXT ( 'automotive_design' ) ;
#70 = DIRECTION ( 'NONE',  ( -3.572850611589496600E-17, 1.000000000000000000, -0.000000000000000000 ) ) ;
#71 = EDGE_LOOP ( 'NONE', ( #38, #1077, #1140, #119 ) ) ;
#72 = PRODUCT_DEFINITION_CONTEXT ( 'detailed design', #1963, 'design' ) ;
#73 = EDGE_CURVE ( 'NONE', #646, #1861, #1524, .T. ) ;
#74 =( LENGTH_UNIT ( ) NAMED_UNIT ( * ) SI_UNIT ( .MILLI., .METRE. ) );
#75 = DIRECTION ( 'NONE',  ( 1.000000000000000000, 0.000000000000000000, 0.000000000000000000 ) ) ;
#76 = FILL_AREA_STYLE_COLOUR ( '', #525 ) ;
#77 = CYLINDRICAL_SURFACE ( 'NONE', #1566, 1.050000000000000044 ) ;
#78 = DIRECTION ( 'NONE',  ( 1.000000000000000000, -0.000000000000000000, -0.000000000000000000 ) ) ;
#79 = DIRECTION ( 'NONE',  ( 1.000000000000000000, 0.000000000000000000, 0.000000000000000000 ) ) ;
#80 = DIRECTION ( 'NONE',  ( 1.000000000000000000, -0.000000000000000000, -0.000000000000000000 ) ) ;
#81 = DIRECTION ( 'NONE',  ( -1.000000000000000000, -0.000000000000000000, -0.000000000000000000 ) ) ;
#82 = FACE_OUTER_BOUND ( 'NONE', #1585, .T. ) ;
#83 = DIRECTION ( 'NONE',  ( -1.000000000000000000, -1.224646799147353207E-16, 0.000000000000000000 ) ) ;
#84 = EDGE_CURVE ( 'NONE', #1093, #392, #125, .T. ) ;
#85 = MECHANICAL_DESIGN_GEOMETRIC_PRESENTATION_REPRESENTATION (  '', ( #952 ), #1732 ) ;
#86 = CARTESIAN_POINT ( 'NONE',  ( 8.500000000000000000, -1.000000000000001554, 0.000000000000000000 ) ) ;
#87 = VECTOR ( 'NONE', #1518, 1000.000000000000000 ) ;
#88 = SURFACE_STYLE_USAGE ( .BOTH. , #1039 ) ;
#89 = PRESENTATION_LAYER_ASSIGNMENT (  '', '', ( #1341 ) ) ;
#90 = CARTESIAN_POINT ( 'NONE',  ( -3.200000000000002398, -1.000000000000001332, 0.000000000000000000 ) ) ;
#91 = PRESENTATION_LAYER_ASSIGNMENT (  '', '', ( #1088 ) ) ;
#92 = PRESENTATION_LAYER_ASSIGNMENT (  '', '', ( #2006 ) ) ;
#93 = UNCERTAINTY_MEASURE_WITH_UNIT (LENGTH_MEASURE( 1.000000000000000082E-05 ), #1433, 'distance_accuracy_value', 'NONE');
#94 = AXIS2_PLACEMENT_3D ( 'NONE', #1879, #452, #1897 ) ;
#95 =( GEOMETRIC_REPRESENTATION_CONTEXT ( 3 ) GLOBAL_UNCERTAINTY_ASSIGNED_CONTEXT ( ( #2037 ) ) GLOBAL_UNIT_ASSIGNED_CONTEXT ( ( #1438, #870, #216 ) ) REPRESENTATION_CONTEXT ( 'NONE', 'WORKASPACE' ) );
#96 = TOROIDAL_SURFACE ( 'NONE', #429, 1.349999999998701794, 0.2999999999999999889 ) ;
#97 = CARTESIAN_POINT ( 'NONE',  ( 6.299999999999999822, 0.000000000000000000, 0.000000000000000000 ) ) ;
#98 = CARTESIAN_POINT ( 'NONE',  ( 8.500000000000000000, -1.000000000000001554, 0.000000000000000000 ) ) ;
#99 = AXIS2_PLACEMENT_3D ( 'NONE', #983, #186, #1266 ) ;
#100 = CARTESIAN_POINT ( 'NONE',  ( 3.109297531231848932, 0.000000000000000000, 0.000000000000000000 ) ) ;
#101 = DIRECTION ( 'NONE',  ( 1.000000000000000000, 0.000000000000000000, 0.000000000000000000 ) ) ;
#102 = CARTESIAN_POINT ( 'NONE',  ( 6.299999999999999822, 0.000000000000000000, 0.000000000000000000 ) ) ;
#103 = SURFACE_STYLE_FILL_AREA ( #1506 ) ;
#104 =( NAMED_UNIT ( * ) SI_UNIT ( $, .STERADIAN. ) SOLID_ANGLE_UNIT ( ) );
#105 = DIRECTION ( 'NONE',  ( 1.000000000000000000, -1.224646799147353207E-16, 0.000000000000000000 ) ) ;
#106 = CARTESIAN_POINT ( 'NONE',  ( 4.565590826015855974, 0.000000000000000000, 1.106249999998377698 ) ) ;
#107 = ORIENTED_EDGE ( 'NONE', *, *, #1147, .F. ) ;
#108 = SURFACE_STYLE_FILL_AREA ( #1650 ) ;
#109 = CARTESIAN_POINT ( 'NONE',  ( 6.299999999999999822, 1.285879139104720732E-16, 1.050000000000000044 ) ) ;
#110 = EDGE_LOOP ( 'NONE', ( #597, #694, #1098, #1086 ) ) ;
#111 = EDGE_CURVE ( 'NONE', #1460, #1661, #386, .T. ) ;
#112 = ADVANCED_FACE ( 'NONE', ( #908 ), #763, .T. ) ;
#113 = UNCERTAINTY_MEASURE_WITH_UNIT (LENGTH_MEASURE( 1.000000000000000082E-05 ), #947, 'distance_accuracy_value', 'NONE');
#114 = SURFACE_STYLE_FILL_AREA ( #1254 ) ;
#115 = DIRECTION ( 'NONE',  ( 0.000000000000000000, 0.000000000000000000, -1.000000000000000000 ) ) ;
#116 = PRESENTATION_STYLE_ASSIGNMENT (( #1063 ) ) ;
#117 = DIRECTION ( 'NONE',  ( 0.000000000000000000, 0.000000000000000000, -1.000000000000000000 ) ) ;
#118 = TOROIDAL_SURFACE ( 'NONE', #1762, 1.000000000000001332, 0.2750000000000000222 ) ;
#119 = ORIENTED_EDGE ( 'NONE', *, *, #1630, .T. ) ;
#120 = PRESENTATION_LAYER_ASSIGNMENT (  '', '', ( #1184 ) ) ;
#121 = AXIS2_PLACEMENT_3D ( 'NONE', #1323, #231, #568 ) ;
#122 = VERTEX_POINT ( 'NONE', #716 ) ;
#123 = PRESENTATION_LAYER_ASSIGNMENT (  '', '', ( #1768 ) ) ;
#124 = STYLED_ITEM ( 'NONE', ( #338 ), #173 ) ;
#125 = CIRCLE ( 'NONE', #189, 1.050000000000000044 ) ;
#126 = PRESENTATION_LAYER_ASSIGNMENT (  '', '', ( #1470 ) ) ;
#127 = DIRECTION ( 'NONE',  ( 1.000000000000000000, -0.000000000000000000, -0.000000000000000000 ) ) ;
#128 = DIRECTION ( 'NONE',  ( 1.000000000000000000, 0.000000000000000000, 0.000000000000000000 ) ) ;
#129 = COLOUR_RGB ( '',0.6470588235294117974, 0.6196078431372549211, 0.5882352941176470784 ) ;
#130 = SURFACE_SIDE_STYLE ('',( #474 ) ) ;
#131 = DIRECTION ( 'NONE',  ( -1.000000000000000000, 0.000000000000000000, 0.000000000000000000 ) ) ;
#132 = TOROIDAL_SURFACE ( 'NONE', #790, 0.6999999999999998446, 0.5000000000000000000 ) ;
#133 = DIRECTION ( 'NONE',  ( -1.000000000000000000, -0.000000000000000000, -0.000000000000000000 ) ) ;
#134 = ORIENTED_EDGE ( 'NONE', *, *, #512, .F. ) ;
#135 = EDGE_LOOP ( 'NONE', ( #938, #1069, #1557, #1864 ) ) ;
#136 = PRESENTATION_STYLE_ASSIGNMENT (( #2016 ) ) ;
#137 = FILL_AREA_STYLE ('',( #770 ) ) ;
#138 = UNCERTAINTY_MEASURE_WITH_UNIT (LENGTH_MEASURE( 1.000000000000000082E-05 ), #720, 'distance_accuracy_value', 'NONE');
#139 = ORIENTED_EDGE ( 'NONE', *, *, #1681, .T. ) ;
#140 = DIRECTION ( 'NONE',  ( 1.000000000000000000, -0.000000000000000000, -0.000000000000000000 ) ) ;
#141 = EDGE_CURVE ( 'NONE', #334, #1625, #1243, .T. ) ;
#142 = CARTESIAN_POINT ( 'NONE',  ( 8.500000000000000000, 0.2749999999999997446, 0.000000000000000000 ) ) ;
#143 = FILL_AREA_STYLE_COLOUR ( '', #380 ) ;
#144 = DIRECTION ( 'NONE',  ( 0.000000000000000000, 0.000000000000000000, -1.000000000000000000 ) ) ;
#145 = ORIENTED_EDGE ( 'NONE', *, *, #21, .F. ) ;
#146 = DIRECTION ( 'NONE',  ( 1.000000000000000000, -0.000000000000000000, -0.000000000000000000 ) ) ;
#147 = CARTESIAN_POINT ( 'NONE',  ( 2.859297531231848932, 1.285879139104720732E-16, 1.050000000000000044 ) ) ;
#148 = EDGE_LOOP ( 'NONE', ( #753, #1889, #246, #28 ) ) ;
#149 = ORIENTED_EDGE ( 'NONE', *, *, #1596, .T. ) ;
#150 = CARTESIAN_POINT ( 'NONE',  ( 0.000000000000000000, 0.000000000000000000, 0.000000000000000000 ) ) ;
#151 =( NAMED_UNIT ( * ) SI_UNIT ( $, .STERADIAN. ) SOLID_ANGLE_UNIT ( ) );
#152 = EDGE_CURVE ( 'NONE', #550, #1262, #622, .T. ) ;
#153 =( LENGTH_UNIT ( ) NAMED_UNIT ( * ) SI_UNIT ( .MILLI., .METRE. ) );
#154 = PRESENTATION_STYLE_ASSIGNMENT (( #808 ) ) ;
#155 = VERTEX_POINT ( 'NONE', #795 ) ;
#156 = UNCERTAINTY_MEASURE_WITH_UNIT (LENGTH_MEASURE( 1.000000000000000082E-05 ), #1462, 'distance_accuracy_value', 'NONE');
#157 =( GEOMETRIC_REPRESENTATION_CONTEXT ( 3 ) GLOBAL_UNCERTAINTY_ASSIGNED_CONTEXT ( ( #907 ) ) GLOBAL_UNIT_ASSIGNED_CONTEXT ( ( #725, #1824, #1795 ) ) REPRESENTATION_CONTEXT ( 'NONE', 'WORKASPACE' ) );
#158 = PRESENTATION_LAYER_ASSIGNMENT (  '', '', ( #1634 ) ) ;
#159 =( LENGTH_UNIT ( ) NAMED_UNIT ( * ) SI_UNIT ( .MILLI., .METRE. ) );
#160 = CIRCLE ( 'NONE', #1769, 1.050000000000000044 ) ;
#161 = DIRECTION ( 'NONE',  ( 0.000000000000000000, 0.000000000000000000, -1.000000000000000000 ) ) ;
#162 = COLOUR_RGB ( '',0.8313725490196077761, 1.000000000000000000, 0.8666666666666666963 ) ;
#163 = ORIENTED_EDGE ( 'NONE', *, *, #978, .F. ) ;
#164 =( LENGTH_UNIT ( ) NAMED_UNIT ( * ) SI_UNIT ( .MILLI., .METRE. ) );
#165 = AXIS2_PLACEMENT_3D ( 'NONE', #1822, #259, #417 ) ;
#166 =( NAMED_UNIT ( * ) SI_UNIT ( $, .STERADIAN. ) SOLID_ANGLE_UNIT ( ) );
#167 = CARTESIAN_POINT ( 'NONE',  ( 6.299999999999999822, 0.000000000000000000, -0.6999999999999998446 ) ) ;
#168 = DIRECTION ( 'NONE',  ( 0.000000000000000000, 0.000000000000000000, -1.000000000000000000 ) ) ;
#169 = FACE_OUTER_BOUND ( 'NONE', #656, .T. ) ;
#170 = CARTESIAN_POINT ( 'NONE',  ( 6.299999999999999822, 0.000000000000000000, 0.000000000000000000 ) ) ;
#171 = ORIENTED_EDGE ( 'NONE', *, *, #1138, .F. ) ;
#172 = CARTESIAN_POINT ( 'NONE',  ( 6.299999999999999822, 0.000000000000000000, 0.000000000000000000 ) ) ;
#173 = ADVANCED_FACE ( 'NONE', ( #1432 ), #605, .T. ) ;
#174 = CARTESIAN_POINT ( 'NONE',  ( 6.299999999999999822, 0.000000000000000000, 0.000000000000000000 ) ) ;
#175 = CARTESIAN_POINT ( 'NONE',  ( -2.200000000000001066, 0.2749999999999997446, 3.367778697655221258E-17 ) ) ;
#176 =( NAMED_UNIT ( * ) PLANE_ANGLE_UNIT ( ) SI_UNIT ( $, .RADIAN. ) );
#177 = FILL_AREA_STYLE ('',( #1309 ) ) ;
#178 = PRESENTATION_STYLE_ASSIGNMENT (( #1757 ) ) ;
#179 = EDGE_LOOP ( 'NONE', ( #1407, #847, #295, #163 ) ) ;
#180 = CARTESIAN_POINT ( 'NONE',  ( 2.409297531231849199, 0.000000000000000000, -1.050000000000000044 ) ) ;
#181 = ORIENTED_EDGE ( 'NONE', *, *, #111, .T. ) ;
#182 =( GEOMETRIC_REPRESENTATION_CONTEXT ( 3 ) GLOBAL_UNCERTAINTY_ASSIGNED_CONTEXT ( ( #1652 ) ) GLOBAL_UNIT_ASSIGNED_CONTEXT ( ( #405, #722, #210 ) ) REPRESENTATION_CONTEXT ( 'NONE', 'WORKASPACE' ) );
#183 = SURFACE_STYLE_FILL_AREA ( #676 ) ;
#184 = AXIS2_PLACEMENT_3D ( 'NONE', #1119, #1058, #1899 ) ;
#185 = FILL_AREA_STYLE ('',( #1597 ) ) ;
#186 = DIRECTION ( 'NONE',  ( -3.393051144118360350E-16, 1.000000000000000000, -0.000000000000000000 ) ) ;
#187 = CIRCLE ( 'NONE', #1700, 1.050000000000000044 ) ;
#188 = AXIS2_PLACEMENT_3D ( 'NONE', #150, #1374, #1389 ) ;
#189 = AXIS2_PLACEMENT_3D ( 'NONE', #473, #1387, #304 ) ;
#190 = MECHANICAL_DESIGN_GEOMETRIC_PRESENTATION_REPRESENTATION (  '', ( #1088 ), #1498 ) ;
#191 = ORIENTED_EDGE ( 'NONE', *, *, #1110, .T. ) ;
#192 = MECHANICAL_DESIGN_GEOMETRIC_PRESENTATION_REPRESENTATION (  '', ( #1183 ), #1288 ) ;
#193 = COLOUR_RGB ( '',0.6470588235294117974, 0.6196078431372549211, 0.5882352941176470784 ) ;
#194 = PRESENTATION_LAYER_ASSIGNMENT (  '', '', ( #1425 ) ) ;
#195 = ORIENTED_EDGE ( 'NONE', *, *, #236, .F. ) ;
#196 = APPLICATION_PROTOCOL_DEFINITION ( 'draft international standard', 'automotive_design', 1998, #1963 ) ;
#197 =( NAMED_UNIT ( * ) SI_UNIT ( $, .STERADIAN. ) SOLID_ANGLE_UNIT ( ) );
#198 = EDGE_CURVE ( 'NONE', #1305, #1594, #914, .T. ) ;
#199 = EDGE_CURVE ( 'NONE', #805, #976, #1862, .T. ) ;
#200 = CARTESIAN_POINT ( 'NONE',  ( 6.299999999999999822, 0.000000000000000000, 0.000000000000000000 ) ) ;
#201 = AXIS2_PLACEMENT_3D ( 'NONE', #1457, #40, #981 ) ;
#202 = ORIENTED_EDGE ( 'NONE', *, *, #1302, .F. ) ;
#203 = MECHANICAL_DESIGN_GEOMETRIC_PRESENTATION_REPRESENTATION (  '', ( #1190 ), #647 ) ;
#204 = VERTEX_POINT ( 'NONE', #737 ) ;
#205 = SURFACE_STYLE_USAGE ( .BOTH. , #822 ) ;
#206 = DIRECTION ( 'NONE',  ( 1.000000000000000000, -0.000000000000000000, -0.000000000000000000 ) ) ;
#207 = FILL_AREA_STYLE_COLOUR ( '', #314 ) ;
#208 = DIRECTION ( 'NONE',  ( 0.000000000000000000, 0.000000000000000000, -1.000000000000000000 ) ) ;
#209 = EDGE_CURVE ( 'NONE', #303, #155, #1469, .T. ) ;
#210 =( NAMED_UNIT ( * ) SI_UNIT ( $, .STERADIAN. ) SOLID_ANGLE_UNIT ( ) );
#211 =( LENGTH_UNIT ( ) NAMED_UNIT ( * ) SI_UNIT ( .MILLI., .METRE. ) );
#212 = FILL_AREA_STYLE_COLOUR ( '', #1767 ) ;
#213 = CYLINDRICAL_SURFACE ( 'NONE', #848, 1.199999999999999956 ) ;
#214 = CARTESIAN_POINT ( 'NONE',  ( -3.367778697655221258E-17, 0.2750000000000000222, 3.367778697655221258E-17 ) ) ;
#215 = AXIS2_PLACEMENT_3D ( 'NONE', #1805, #880, #1169 ) ;
#216 =( NAMED_UNIT ( * ) SI_UNIT ( $, .STERADIAN. ) SOLID_ANGLE_UNIT ( ) );
#217 = SURFACE_STYLE_FILL_AREA ( #1622 ) ;
#218 = DIRECTION ( 'NONE',  ( 1.000000000000000000, 0.000000000000000000, 0.000000000000000000 ) ) ;
#219 = PRESENTATION_LAYER_ASSIGNMENT (  '', '', ( #1603 ) ) ;
#220 = STYLED_ITEM ( 'NONE', ( #1032 ), #1904 ) ;
#221 = VECTOR ( 'NONE', #984, 1000.000000000000000 ) ;
#222 = AXIS2_PLACEMENT_3D ( 'NONE', #1789, #1759, #838 ) ;
#223 = STYLED_ITEM ( 'NONE', ( #1602 ), #387 ) ;
#224 = CYLINDRICAL_SURFACE ( 'NONE', #1799, 0.2750000000000000777 ) ;
#225 = EDGE_CURVE ( 'NONE', #979, #740, #626, .T. ) ;
#226 = STYLED_ITEM ( 'NONE', ( #476 ), #1808 ) ;
#227 = FILL_AREA_STYLE ('',( #1342 ) ) ;
#228 = DIRECTION ( 'NONE',  ( -0.000000000000000000, -0.000000000000000000, -1.000000000000000000 ) ) ;
#229 = DIRECTION ( 'NONE',  ( 0.000000000000000000, 0.000000000000000000, -1.000000000000000000 ) ) ;
#230 = DIRECTION ( 'NONE',  ( 0.000000000000000000, 0.000000000000000000, -1.000000000000000000 ) ) ;
#231 = DIRECTION ( 'NONE',  ( -1.000000000000000000, -0.000000000000000000, -0.000000000000000000 ) ) ;
#232 = CARTESIAN_POINT ( 'NONE',  ( 4.340702468768153466, 0.000000000000000000, 0.000000000000000000 ) ) ;
#233 = FILL_AREA_STYLE_COLOUR ( '', #1826 ) ;
#234 = DIRECTION ( 'NONE',  ( 0.000000000000000000, 0.000000000000000000, -1.000000000000000000 ) ) ;
#235 = UNCERTAINTY_MEASURE_WITH_UNIT (LENGTH_MEASURE( 1.000000000000000082E-05 ), #339, 'distance_accuracy_value', 'NONE');
#236 = EDGE_CURVE ( 'NONE', #1573, #976, #889, .T. ) ;
#237 =( NAMED_UNIT ( * ) PLANE_ANGLE_UNIT ( ) SI_UNIT ( $, .RADIAN. ) );
#238 =( NAMED_UNIT ( * ) SI_UNIT ( $, .STERADIAN. ) SOLID_ANGLE_UNIT ( ) );
#239 = SURFACE_STYLE_FILL_AREA ( #1804 ) ;
#240 = CARTESIAN_POINT ( 'NONE',  ( 1.909297531231847422, 0.000000000000000000, 0.000000000000000000 ) ) ;
#241 = CARTESIAN_POINT ( 'NONE',  ( 4.340702468768153466, 0.000000000000000000, 0.000000000000000000 ) ) ;
#242 = ADVANCED_FACE ( 'NONE', ( #1753 ), #77, .T. ) ;
#243 = PRESENTATION_LAYER_ASSIGNMENT (  '', '', ( #814 ) ) ;
#244 = DIRECTION ( 'NONE',  ( -1.000000000000000000, 0.000000000000000000, 0.000000000000000000 ) ) ;
#245 = AXIS2_PLACEMENT_3D ( 'NONE', #575, #1983, #1649 ) ;
#246 = ORIENTED_EDGE ( 'NONE', *, *, #1959, .F. ) ;
#247 = MECHANICAL_DESIGN_GEOMETRIC_PRESENTATION_REPRESENTATION (  '', ( #558 ), #1416 ) ;
#248 = DIRECTION ( 'NONE',  ( 0.000000000000000000, 0.000000000000000000, -1.000000000000000000 ) ) ;
#249 = VECTOR ( 'NONE', #654, 1000.000000000000000 ) ;
#250 = CIRCLE ( 'NONE', #58, 1.199999999999999956 ) ;
#251 = MECHANICAL_DESIGN_GEOMETRIC_PRESENTATION_REPRESENTATION (  '', ( #1768 ), #1085 ) ;
#252 = AXIS2_PLACEMENT_3D ( 'NONE', #1556, #1888, #117 ) ;
#253 = STYLED_ITEM ( 'NONE', ( #1820 ), #481 ) ;
#254 = DIRECTION ( 'NONE',  ( 1.000000000000000000, -0.000000000000000000, -0.000000000000000000 ) ) ;
#255 = FILL_AREA_STYLE_COLOUR ( '', #493 ) ;
#256 = COLOUR_RGB ( '',0.8941176470588234615, 0.8941176470588234615, 0.8941176470588234615 ) ;
#257 = EDGE_CURVE ( 'NONE', #646, #1262, #1345, .T. ) ;
#258 = ADVANCED_FACE ( 'NONE', ( #1631 ), #1718, .F. ) ;
#259 = DIRECTION ( 'NONE',  ( 3.393051144118359363E-16, 1.000000000000000000, 0.000000000000000000 ) ) ;
#260 = CARTESIAN_POINT ( 'NONE',  ( 6.299999999999999822, 0.000000000000000000, -1.050000000000000044 ) ) ;
#261 = CARTESIAN_POINT ( 'NONE',  ( 9.500000000000001776, -6.000000000000001776, 0.000000000000000000 ) ) ;
#262 = SURFACE_STYLE_FILL_AREA ( #1411 ) ;
#263 =( NAMED_UNIT ( * ) PLANE_ANGLE_UNIT ( ) SI_UNIT ( $, .RADIAN. ) );
#264 = SURFACE_STYLE_USAGE ( .BOTH. , #1691 ) ;
#265 =( NAMED_UNIT ( * ) SI_UNIT ( $, .STERADIAN. ) SOLID_ANGLE_UNIT ( ) );
#266 = CARTESIAN_POINT ( 'NONE',  ( 6.299999999999999822, 0.000000000000000000, -1.050000000000000044 ) ) ;
#267 = SURFACE_SIDE_STYLE ('',( #2027 ) ) ;
#268 = STYLED_ITEM ( 'NONE', ( #1940 ), #603 ) ;
#269 = UNCERTAINTY_MEASURE_WITH_UNIT (LENGTH_MEASURE( 1.000000000000000082E-05 ), #1436, 'distance_accuracy_value', 'NONE');
#270 = DIRECTION ( 'NONE',  ( 1.000000000000000000, 0.000000000000000000, 0.000000000000000000 ) ) ;
#271 = DIRECTION ( 'NONE',  ( 1.000000000000000000, 0.000000000000000000, 0.000000000000000000 ) ) ;
#272 = PRESENTATION_STYLE_ASSIGNMENT (( #264 ) ) ;
#273 = DIRECTION ( 'NONE',  ( 0.000000000000000000, 0.000000000000000000, -1.000000000000000000 ) ) ;
#274 = COLOUR_RGB ( '',0.9098039215686274384, 0.4431372549019607643, 0.03137254901960784270 ) ;
#275 = EDGE_CURVE ( 'NONE', #408, #1512, #1210, .T. ) ;
#276 = EDGE_CURVE ( 'NONE', #1072, #392, #939, .T. ) ;
#277 = STYLED_ITEM ( 'NONE', ( #1320 ), #1073 ) ;
#278 = ORIENTED_EDGE ( 'NONE', *, *, #1539, .T. ) ;
#279 = AXIS2_PLACEMENT_3D ( 'NONE', #878, #1490, #1973 ) ;
#280 = STYLED_ITEM ( 'NONE', ( #347 ), #242 ) ;
#281 = VECTOR ( 'NONE', #1590, 1000.000000000000000 ) ;
#282 = AXIS2_PLACEMENT_3D ( 'NONE', #1624, #1202, #1369 ) ;
#283 = CIRCLE ( 'NONE', #1931, 1.199999999999999956 ) ;
#284 =( NAMED_UNIT ( * ) PLANE_ANGLE_UNIT ( ) SI_UNIT ( $, .RADIAN. ) );
#285 = CIRCLE ( 'NONE', #1317, 0.5000000000000000000 ) ;
#286 = CARTESIAN_POINT ( 'NONE',  ( 6.299999999999999822, 0.000000000000000000, 0.000000000000000000 ) ) ;
#287 =( LENGTH_UNIT ( ) NAMED_UNIT ( * ) SI_UNIT ( .MILLI., .METRE. ) );
#288 = FACE_OUTER_BOUND ( 'NONE', #1781, .T. ) ;
#289 = ORIENTED_EDGE ( 'NONE', *, *, #1630, .F. ) ;
#290 = CARTESIAN_POINT ( 'NONE',  ( -3.200000000000001954, -6.000000000000001776, 0.000000000000000000 ) ) ;
#291 = FILL_AREA_STYLE ('',( #1269 ) ) ;
#292 = SURFACE_STYLE_USAGE ( .BOTH. , #267 ) ;
#293 = ORIENTED_EDGE ( 'NONE', *, *, #544, .F. ) ;
#294 = UNCERTAINTY_MEASURE_WITH_UNIT (LENGTH_MEASURE( 1.000000000000000082E-05 ), #543, 'distance_accuracy_value', 'NONE');
#295 = ORIENTED_EDGE ( 'NONE', *, *, #798, .F. ) ;
#296 = EDGE_CURVE ( 'NONE', #1248, #1230, #1025, .T. ) ;
#297 = SURFACE_SIDE_STYLE ('',( #262 ) ) ;
#298 = SURFACE_STYLE_FILL_AREA ( #936 ) ;
#299 = SURFACE_SIDE_STYLE ('',( #1552 ) ) ;
#300 = DIRECTION ( 'NONE',  ( 0.000000000000000000, 1.000000000000000000, -1.224646799147353207E-16 ) ) ;
#301 = CARTESIAN_POINT ( 'NONE',  ( 6.299999999999999822, 1.285879139104720732E-16, 1.050000000000000044 ) ) ;
#302 = ORIENTED_EDGE ( 'NONE', *, *, #915, .F. ) ;
#303 = VERTEX_POINT ( 'NONE', #1074 ) ;
#304 = DIRECTION ( 'NONE',  ( 0.000000000000000000, 0.000000000000000000, -1.000000000000000000 ) ) ;
#305 = DIRECTION ( 'NONE',  ( 1.000000000000000000, 0.000000000000000000, 0.000000000000000000 ) ) ;
#306 = SURFACE_STYLE_USAGE ( .BOTH. , #1104 ) ;
#307 =( NAMED_UNIT ( * ) SI_UNIT ( $, .STERADIAN. ) SOLID_ANGLE_UNIT ( ) );
#308 = EDGE_CURVE ( 'NONE', #1262, #1362, #1545, .T. ) ;
#309 = VERTEX_POINT ( 'NONE', #769 ) ;
#310 = CARTESIAN_POINT ( 'NONE',  ( 1.959297531231849021, 0.000000000000000000, 0.000000000000000000 ) ) ;
#311 = UNCERTAINTY_MEASURE_WITH_UNIT (LENGTH_MEASURE( 1.000000000000000082E-05 ), #468, 'distance_accuracy_value', 'NONE');
#312 = STYLED_ITEM ( 'NONE', ( #1644 ), #673 ) ;
#313 =( GEOMETRIC_REPRESENTATION_CONTEXT ( 3 ) GLOBAL_UNCERTAINTY_ASSIGNED_CONTEXT ( ( #1720 ) ) GLOBAL_UNIT_ASSIGNED_CONTEXT ( ( #1714, #1061, #416 ) ) REPRESENTATION_CONTEXT ( 'NONE', 'WORKASPACE' ) );
#314 = COLOUR_RGB ( '',0.000000000000000000, 0.7529411764705882248, 0.000000000000000000 ) ;
#315 =( GEOMETRIC_REPRESENTATION_CONTEXT ( 3 ) GLOBAL_UNCERTAINTY_ASSIGNED_CONTEXT ( ( #156 ) ) GLOBAL_UNIT_ASSIGNED_CONTEXT ( ( #1462, #1559, #1347 ) ) REPRESENTATION_CONTEXT ( 'NONE', 'WORKASPACE' ) );
#316 = AXIS2_PLACEMENT_3D ( 'NONE', #1657, #403, #1802 ) ;
#317 = FACE_OUTER_BOUND ( 'NONE', #39, .T. ) ;
#318 = PRESENTATION_LAYER_ASSIGNMENT (  '', '', ( #1090 ) ) ;
#319 = DIRECTION ( 'NONE',  ( 0.000000000000000000, -1.000000000000000000, 0.000000000000000000 ) ) ;
#320 = MECHANICAL_DESIGN_GEOMETRIC_PRESENTATION_REPRESENTATION (  '', ( #1150 ), #963 ) ;
#321 = COLOUR_RGB ( '',0.8313725490196077761, 1.000000000000000000, 0.8666666666666666963 ) ;
#322 = AXIS2_PLACEMENT_3D ( 'NONE', #1703, #1071, #1415 ) ;
#323 = CARTESIAN_POINT ( 'NONE',  ( 1.909297531231847422, 1.285879139104720732E-16, 1.050000000000000044 ) ) ;
#324 = ADVANCED_FACE ( 'NONE', ( #1383 ), #637, .T. ) ;
#325 = SURFACE_SIDE_STYLE ('',( #1896 ) ) ;
#326 = FILL_AREA_STYLE_COLOUR ( '', #162 ) ;
#327 = EDGE_LOOP ( 'NONE', ( #1409, #1163, #1267, #997 ) ) ;
#328 = CARTESIAN_POINT ( 'NONE',  ( 4.090702468768153466, 0.000000000000000000, 0.000000000000000000 ) ) ;
#329 = SURFACE_SIDE_STYLE ('',( #971 ) ) ;
#330 = CARTESIAN_POINT ( 'NONE',  ( 6.299999999999999822, 0.2750000000000000222, 0.000000000000000000 ) ) ;
#331 = CARTESIAN_POINT ( 'NONE',  ( 6.299999999999999822, 0.000000000000000000, -1.050000000000000044 ) ) ;
#332 =( NAMED_UNIT ( * ) PLANE_ANGLE_UNIT ( ) SI_UNIT ( $, .RADIAN. ) );
#333 = FILL_AREA_STYLE ('',( #1593 ) ) ;
#334 = VERTEX_POINT ( 'NONE', #323 ) ;
#335 = DIRECTION ( 'NONE',  ( -1.000000000000000000, 0.000000000000000000, 0.000000000000000000 ) ) ;
#336 = FACE_BOUND ( 'NONE', #940, .T. ) ;
#337 = DIRECTION ( 'NONE',  ( 0.000000000000000000, 0.000000000000000000, -1.000000000000000000 ) ) ;
#338 = PRESENTATION_STYLE_ASSIGNMENT (( #968 ) ) ;
#339 =( LENGTH_UNIT ( ) NAMED_UNIT ( * ) SI_UNIT ( .MILLI., .METRE. ) );
#340 = EDGE_LOOP ( 'NONE', ( #107, #278, #768, #986 ) ) ;
#341 = DIRECTION ( 'NONE',  ( -1.000000000000000000, 0.000000000000000000, 0.000000000000000000 ) ) ;
#342 = ORIENTED_EDGE ( 'NONE', *, *, #275, .F. ) ;
#343 = COLOUR_RGB ( '',0.8313725490196077761, 1.000000000000000000, 0.8666666666666666963 ) ;
#344 = ADVANCED_FACE ( 'NONE', ( #1268 ), #2025, .T. ) ;
#345 = EDGE_CURVE ( 'NONE', #155, #740, #283, .T. ) ;
#346 = PRESENTATION_LAYER_ASSIGNMENT (  '', '', ( #742 ) ) ;
#347 = PRESENTATION_STYLE_ASSIGNMENT (( #205 ) ) ;
#348 = SURFACE_STYLE_USAGE ( .BOTH. , #823 ) ;
#349 = SURFACE_STYLE_USAGE ( .BOTH. , #1893 ) ;
#350 = CIRCLE ( 'NONE', #282, 1.106249999998377032 ) ;
#351 = CIRCLE ( 'NONE', #1375, 1.050000000000000044 ) ;
#352 = AXIS2_PLACEMENT_3D ( 'NONE', #437, #1368, #1996 ) ;
#353 = AXIS2_PLACEMENT_3D ( 'NONE', #2024, #300, #1099 ) ;
#354 = CARTESIAN_POINT ( 'NONE',  ( 4.090702468768153466, 1.285879139104720732E-16, 1.050000000000000044 ) ) ;
#355 = STYLED_ITEM ( 'NONE', ( #178 ), #1569 ) ;
#356 = CARTESIAN_POINT ( 'NONE',  ( -3.200000000000002398, -1.000000000000001332, 0.000000000000000000 ) ) ;
#357 = CIRCLE ( 'NONE', #630, 1.050000000000000044 ) ;
#358 =( GEOMETRIC_REPRESENTATION_CONTEXT ( 3 ) GLOBAL_UNCERTAINTY_ASSIGNED_CONTEXT ( ( #616 ) ) GLOBAL_UNIT_ASSIGNED_CONTEXT ( ( #1756, #1299, #508 ) ) REPRESENTATION_CONTEXT ( 'NONE', 'WORKASPACE' ) );
#359 = CARTESIAN_POINT ( 'NONE',  ( -2.200000000000001066, -2.694222958124178486E-16, 0.000000000000000000 ) ) ;
#360 = ORIENTED_EDGE ( 'NONE', *, *, #641, .F. ) ;
#361 = EDGE_CURVE ( 'NONE', #1512, #1547, #1911, .T. ) ;
#362 = CARTESIAN_POINT ( 'NONE',  ( -2.925000000000002043, -1.000000000000001332, 0.000000000000000000 ) ) ;
#363 = PRESENTATION_STYLE_ASSIGNMENT (( #1778 ) ) ;
#364 = ORIENTED_EDGE ( 'NONE', *, *, #1852, .F. ) ;
#365 = VERTEX_POINT ( 'NONE', #1322 ) ;
#366 =( NAMED_UNIT ( * ) SI_UNIT ( $, .STERADIAN. ) SOLID_ANGLE_UNIT ( ) );
#367 = DIRECTION ( 'NONE',  ( 0.000000000000000000, 0.000000000000000000, -1.000000000000000000 ) ) ;
#368 = ORIENTED_EDGE ( 'NONE', *, *, #1937, .T. ) ;
#369 = PRESENTATION_STYLE_ASSIGNMENT (( #692 ) ) ;
#370 = LINE ( 'NONE', #362, #850 ) ;
#371 = EDGE_CURVE ( 'NONE', #1678, #1855, #672, .T. ) ;
#372 = SURFACE_STYLE_USAGE ( .BOTH. , #1783 ) ;
#373 = FILL_AREA_STYLE ('',( #811 ) ) ;
#374 = DIRECTION ( 'NONE',  ( 0.000000000000000000, -1.224646799147353207E-16, 1.000000000000000000 ) ) ;
#375 = DIRECTION ( 'NONE',  ( -8.673617379884036705E-17, -1.000000000000000000, 0.000000000000000000 ) ) ;
#376 = DIRECTION ( 'NONE',  ( 0.000000000000000000, 0.000000000000000000, 1.000000000000000000 ) ) ;
#377 = UNCERTAINTY_MEASURE_WITH_UNIT (LENGTH_MEASURE( 1.000000000000000082E-05 ), #902, 'distance_accuracy_value', 'NONE');
#378 = VECTOR ( 'NONE', #1816, 1000.000000000000000 ) ;
#379 = DIRECTION ( 'NONE',  ( -1.000000000000000000, -1.224646799147353207E-16, 0.000000000000000000 ) ) ;
#380 = COLOUR_RGB ( '',0.6470588235294117974, 0.6196078431372549211, 0.5882352941176470784 ) ;
#381 = PRESENTATION_STYLE_ASSIGNMENT (( #688 ) ) ;
#382 = DIRECTION ( 'NONE',  ( -1.000000000000000000, 0.000000000000000000, 0.000000000000000000 ) ) ;
#383 = COLOUR_RGB ( '',0.8313725490196077761, 1.000000000000000000, 0.8666666666666666963 ) ;
#384 = AXIS2_PLACEMENT_3D ( 'NONE', #721, #83, #1484 ) ;
#385 = PRESENTATION_LAYER_ASSIGNMENT (  '', '', ( #124 ) ) ;
#386 = CIRCLE ( 'NONE', #1530, 1.106249999998377698 ) ;
#387 = ADVANCED_FACE ( 'NONE', ( #687 ), #1135, .T. ) ;
#388 = AXIS2_PLACEMENT_3D ( 'NONE', #359, #1607, #367 ) ;
#389 = FILL_AREA_STYLE ('',( #1684 ) ) ;
#390 = AXIS2_PLACEMENT_3D ( 'NONE', #200, #509, #337 ) ;
#391 = PRESENTATION_STYLE_ASSIGNMENT (( #422 ) ) ;
#392 = VERTEX_POINT ( 'NONE', #354 ) ;
#393 = CARTESIAN_POINT ( 'NONE',  ( 2.409297531231849199, 0.000000000000000000, 0.000000000000000000 ) ) ;
#394 =( NAMED_UNIT ( * ) PLANE_ANGLE_UNIT ( ) SI_UNIT ( $, .RADIAN. ) );
#395 = FILL_AREA_STYLE ('',( #1188 ) ) ;
#396 = ORIENTED_EDGE ( 'NONE', *, *, #1170, .F. ) ;
#397 = DIRECTION ( 'NONE',  ( -1.000000000000000000, 0.000000000000000000, 0.000000000000000000 ) ) ;
#398 = CARTESIAN_POINT ( 'NONE',  ( -3.475000000000002309, -1.000000000000001332, 3.367778697655220642E-17 ) ) ;
#399 = DIRECTION ( 'NONE',  ( 1.000000000000000000, -0.000000000000000000, -0.000000000000000000 ) ) ;
#400 =( NAMED_UNIT ( * ) PLANE_ANGLE_UNIT ( ) SI_UNIT ( $, .RADIAN. ) );
#401 = CARTESIAN_POINT ( 'NONE',  ( 4.390702468768152400, 0.000000000000000000, 0.000000000000000000 ) ) ;
#402 = CARTESIAN_POINT ( 'NONE',  ( -2.200000000000001066, -1.000000000000001554, 0.000000000000000000 ) ) ;
#403 = DIRECTION ( 'NONE',  ( -1.000000000000000000, 0.000000000000000000, 0.000000000000000000 ) ) ;
#404 = DIRECTION ( 'NONE',  ( 1.000000000000000000, -0.000000000000000000, -0.000000000000000000 ) ) ;
#405 =( LENGTH_UNIT ( ) NAMED_UNIT ( * ) SI_UNIT ( .MILLI., .METRE. ) );
#406 = LINE ( 'NONE', #576, #632 ) ;
#407 = SURFACE_STYLE_USAGE ( .BOTH. , #579 ) ;
#408 = VERTEX_POINT ( 'NONE', #1294 ) ;
#409 = EDGE_CURVE ( 'NONE', #1594, #2032, #2047, .T. ) ;
#410 = ADVANCED_FACE ( 'NONE', ( #1908 ), #1742, .F. ) ;
#411 = SURFACE_STYLE_FILL_AREA ( #227 ) ;
#412 =( LENGTH_UNIT ( ) NAMED_UNIT ( * ) SI_UNIT ( .MILLI., .METRE. ) );
#413 = CARTESIAN_POINT ( 'NONE',  ( 0.000000000000000000, 0.000000000000000000, 0.000000000000000000 ) ) ;
#414 = ORIENTED_EDGE ( 'NONE', *, *, #1404, .F. ) ;
#415 =( GEOMETRIC_REPRESENTATION_CONTEXT ( 3 ) GLOBAL_UNCERTAINTY_ASSIGNED_CONTEXT ( ( #138 ) ) GLOBAL_UNIT_ASSIGNED_CONTEXT ( ( #720, #885, #1010 ) ) REPRESENTATION_CONTEXT ( 'NONE', 'WORKASPACE' ) );
#416 =( NAMED_UNIT ( * ) SI_UNIT ( $, .STERADIAN. ) SOLID_ANGLE_UNIT ( ) );
#417 = DIRECTION ( 'NONE',  ( 0.000000000000000000, 0.000000000000000000, -1.000000000000000000 ) ) ;
#418 = CIRCLE ( 'NONE', #1142, 1.199999999999999956 ) ;
#419 = ORIENTED_EDGE ( 'NONE', *, *, #641, .T. ) ;
#420 = SURFACE_STYLE_USAGE ( .BOTH. , #703 ) ;
#421 = AXIS2_PLACEMENT_3D ( 'NONE', #1414, #105, #735 ) ;
#422 = SURFACE_STYLE_USAGE ( .BOTH. , #1338 ) ;
#423 = AXIS2_PLACEMENT_3D ( 'NONE', #917, #1526, #128 ) ;
#424 =( GEOMETRIC_REPRESENTATION_CONTEXT ( 3 ) GLOBAL_UNCERTAINTY_ASSIGNED_CONTEXT ( ( #294 ) ) GLOBAL_UNIT_ASSIGNED_CONTEXT ( ( #543, #1818, #238 ) ) REPRESENTATION_CONTEXT ( 'NONE', 'WORKASPACE' ) );
#425 = UNCERTAINTY_MEASURE_WITH_UNIT (LENGTH_MEASURE( 1.000000000000000082E-05 ), #74, 'distance_accuracy_value', 'NONE');
#426 = PRESENTATION_LAYER_ASSIGNMENT (  '', '', ( #526 ) ) ;
#427 = ORIENTED_EDGE ( 'NONE', *, *, #276, .F. ) ;
#428 = AXIS2_PLACEMENT_3D ( 'NONE', #1517, #2011, #1391 ) ;
#429 = AXIS2_PLACEMENT_3D ( 'NONE', #937, #1544, #144 ) ;
#430 = FACE_OUTER_BOUND ( 'NONE', #71, .T. ) ;
#431 = DIRECTION ( 'NONE',  ( 0.000000000000000000, 0.000000000000000000, 1.000000000000000000 ) ) ;
#432 = MECHANICAL_DESIGN_GEOMETRIC_PRESENTATION_REPRESENTATION (  '', ( #1939 ), #358 ) ;
#433 = EDGE_CURVE ( 'NONE', #1072, #1855, #357, .T. ) ;
#434 = SURFACE_STYLE_FILL_AREA ( #585 ) ;
#435 = ORIENTED_EDGE ( 'NONE', *, *, #1596, .F. ) ;
#436 = CARTESIAN_POINT ( 'NONE',  ( 1.442928578572857168, 0.000000000000000000, 0.000000000000000000 ) ) ;
#437 = CARTESIAN_POINT ( 'NONE',  ( 0.5000000000000004441, 0.000000000000000000, -0.6999999999999998446 ) ) ;
#438 = CARTESIAN_POINT ( 'NONE',  ( 9.500000000000001776, -6.000000000000001776, 0.000000000000000000 ) ) ;
#439 = PRESENTATION_LAYER_ASSIGNMENT (  '', '', ( #1190 ) ) ;
#440 = EDGE_LOOP ( 'NONE', ( #1617, #813 ) ) ;
#441 = DIRECTION ( 'NONE',  ( 1.000000000000000000, -0.000000000000000000, -0.000000000000000000 ) ) ;
#442 = EDGE_CURVE ( 'NONE', #1362, #1678, #1485, .T. ) ;
#443 = PRESENTATION_STYLE_ASSIGNMENT (( #1878 ) ) ;
#444 = EDGE_CURVE ( 'NONE', #1633, #646, #1792, .T. ) ;
#445 = EDGE_CURVE ( 'NONE', #1855, #1072, #160, .T. ) ;
#446 = FACE_OUTER_BOUND ( 'NONE', #485, .T. ) ;
#447 = UNCERTAINTY_MEASURE_WITH_UNIT (LENGTH_MEASURE( 1.000000000000000082E-05 ), #412, 'distance_accuracy_value', 'NONE');
#448 = ORIENTED_EDGE ( 'NONE', *, *, #1454, .T. ) ;
#449 = FACE_OUTER_BOUND ( 'NONE', #1758, .T. ) ;
#450 =( LENGTH_UNIT ( ) NAMED_UNIT ( * ) SI_UNIT ( .MILLI., .METRE. ) );
#451 = ORIENTED_EDGE ( 'NONE', *, *, #257, .F. ) ;
#452 = DIRECTION ( 'NONE',  ( 1.000000000000000000, -0.000000000000000000, -0.000000000000000000 ) ) ;
#453 = MECHANICAL_DESIGN_GEOMETRIC_PRESENTATION_REPRESENTATION (  '', ( #657 ), #815 ) ;
#454 = VERTEX_POINT ( 'NONE', #1037 ) ;
#455 = ADVANCED_FACE ( 'NONE', ( #1501 ), #1953, .T. ) ;
#456 = VECTOR ( 'NONE', #554, 1000.000000000000000 ) ;
#457 = AXIS2_PLACEMENT_3D ( 'NONE', #680, #1304, #1924 ) ;
#458 = ORIENTED_EDGE ( 'NONE', *, *, #1724, .T. ) ;
#459 = CIRCLE ( 'NONE', #316, 1.050000000000000044 ) ;
#460 = AXIS2_PLACEMENT_3D ( 'NONE', #393, #895, #1017 ) ;
#461 = CIRCLE ( 'NONE', #524, 1.050000000000000044 ) ;
#462 = PRESENTATION_STYLE_ASSIGNMENT (( #618 ) ) ;
#463 = CARTESIAN_POINT ( 'NONE',  ( 1.909297531231847422, 0.000000000000000000, 0.000000000000000000 ) ) ;
#464 = ORIENTED_EDGE ( 'NONE', *, *, #545, .T. ) ;
#465 = CIRCLE ( 'NONE', #94, 1.050000000000000044 ) ;
#466 = FILL_AREA_STYLE_COLOUR ( '', #1849 ) ;
#467 = VECTOR ( 'NONE', #1511, 1000.000000000000000 ) ;
#468 =( LENGTH_UNIT ( ) NAMED_UNIT ( * ) SI_UNIT ( .MILLI., .METRE. ) );
#469 = SURFACE_STYLE_FILL_AREA ( #1907 ) ;
#470 =( NAMED_UNIT ( * ) PLANE_ANGLE_UNIT ( ) SI_UNIT ( $, .RADIAN. ) );
#471 = ORIENTED_EDGE ( 'NONE', *, *, #1513, .T. ) ;
#472 = UNCERTAINTY_MEASURE_WITH_UNIT (LENGTH_MEASURE( 1.000000000000000082E-05 ), #1739, 'distance_accuracy_value', 'NONE');
#473 = CARTESIAN_POINT ( 'NONE',  ( 4.090702468768153466, 0.000000000000000000, 0.000000000000000000 ) ) ;
#474 = SURFACE_STYLE_FILL_AREA ( #1070 ) ;
#475 = CARTESIAN_POINT ( 'NONE',  ( 4.857071421427143321, 0.000000000000000000, 0.000000000000000000 ) ) ;
#476 = PRESENTATION_STYLE_ASSIGNMENT (( #1683 ) ) ;
#477 = ORIENTED_EDGE ( 'NONE', *, *, #45, .T. ) ;
#478 = DIRECTION ( 'NONE',  ( 8.673617379884036705E-17, -1.000000000000000000, 0.000000000000000000 ) ) ;
#479 = CARTESIAN_POINT ( 'NONE',  ( 5.799999999999999822, 8.572527594031470725E-17, 0.6999999999999998446 ) ) ;
#480 = ORIENTED_EDGE ( 'NONE', *, *, #45, .F. ) ;
#481 = ADVANCED_FACE ( 'NONE', ( #1168 ), #574, .T. ) ;
#482 = EDGE_CURVE ( 'NONE', #2032, #1594, #964, .T. ) ;
#483 = DIRECTION ( 'NONE',  ( 0.000000000000000000, 0.000000000000000000, 1.000000000000000000 ) ) ;
#484 = SURFACE_STYLE_USAGE ( .BOTH. , #1002 ) ;
#485 = EDGE_LOOP ( 'NONE', ( #471, #1987, #1137, #988 ) ) ;
#486 = SURFACE_SIDE_STYLE ('',( #1293 ) ) ;
#487 = FILL_AREA_STYLE_COLOUR ( '', #929 ) ;
#488 = CYLINDRICAL_SURFACE ( 'NONE', #1451, 1.050000000000000044 ) ;
#489 = EDGE_LOOP ( 'NONE', ( #970, #1719, #139, #697 ) ) ;
#490 = COLOUR_RGB ( '',0.6470588235294117974, 0.6196078431372549211, 0.5882352941176470784 ) ;
#491 = AXIS2_PLACEMENT_3D ( 'NONE', #1080, #634, #1257 ) ;
#492 = CIRCLE ( 'NONE', #1046, 0.2999999999999999334 ) ;
#493 = COLOUR_RGB ( '',0.6470588235294117974, 0.6196078431372549211, 0.5882352941176470784 ) ;
#494 = AXIS2_PLACEMENT_3D ( 'NONE', #1417, #478, #270 ) ;
#495 = CIRCLE ( 'NONE', #423, 0.7250000000000011990 ) ;
#496 = SURFACE_STYLE_FILL_AREA ( #185 ) ;
#497 = FACE_OUTER_BOUND ( 'NONE', #1880, .T. ) ;
#498 = PRESENTATION_LAYER_ASSIGNMENT (  '', '', ( #1473 ) ) ;
#499 =( NAMED_UNIT ( * ) SI_UNIT ( $, .STERADIAN. ) SOLID_ANGLE_UNIT ( ) );
#500 = PRESENTATION_LAYER_ASSIGNMENT (  '', '', ( #994 ) ) ;
#501 = DIRECTION ( 'NONE',  ( 1.000000000000000000, -0.000000000000000000, -0.000000000000000000 ) ) ;
#502 = DIRECTION ( 'NONE',  ( 0.000000000000000000, 0.000000000000000000, -1.000000000000000000 ) ) ;
#503 = ORIENTED_EDGE ( 'NONE', *, *, #409, .F. ) ;
#504 = DIRECTION ( 'NONE',  ( 0.000000000000000000, 0.000000000000000000, -1.000000000000000000 ) ) ;
#505 = ORIENTED_EDGE ( 'NONE', *, *, #1623, .T. ) ;
#506 =( LENGTH_UNIT ( ) NAMED_UNIT ( * ) SI_UNIT ( .MILLI., .METRE. ) );
#507 = SURFACE_SIDE_STYLE ('',( #1915 ) ) ;
#508 =( NAMED_UNIT ( * ) SI_UNIT ( $, .STERADIAN. ) SOLID_ANGLE_UNIT ( ) );
#509 = DIRECTION ( 'NONE',  ( 1.000000000000000000, 0.000000000000000000, 0.000000000000000000 ) ) ;
#510 = PRESENTATION_STYLE_ASSIGNMENT (( #812 ) ) ;
#511 = VERTEX_POINT ( 'NONE', #1228 ) ;
#512 = EDGE_CURVE ( 'NONE', #2032, #1661, #1217, .T. ) ;
#513 = DIRECTION ( 'NONE',  ( 0.000000000000000000, 0.000000000000000000, 1.000000000000000000 ) ) ;
#514 = DIRECTION ( 'NONE',  ( 1.000000000000000000, 0.000000000000000000, 0.000000000000000000 ) ) ;
#515 = DIRECTION ( 'NONE',  ( 1.000000000000000000, -1.224646799147353207E-16, 0.000000000000000000 ) ) ;
#516 = DIRECTION ( 'NONE',  ( 0.000000000000000000, 0.000000000000000000, -1.000000000000000000 ) ) ;
#517 = ADVANCED_FACE ( 'NONE', ( #1264 ), #1542, .T. ) ;
#518 = EDGE_CURVE ( 'NONE', #408, #1305, #42, .T. ) ;
#519 = TOROIDAL_SURFACE ( 'NONE', #705, 0.6999999999999998446, 0.5000000000000000000 ) ;
#520 = AXIS2_PLACEMENT_3D ( 'NONE', #1945, #1642, #1628 ) ;
#521 = CIRCLE ( 'NONE', #1966, 0.2750000000000000222 ) ;
#522 = FILL_AREA_STYLE ('',( #670 ) ) ;
#523 = ORIENTED_EDGE ( 'NONE', *, *, #3, .T. ) ;
#524 = AXIS2_PLACEMENT_3D ( 'NONE', #1285, #341, #376 ) ;
#525 = COLOUR_RGB ( '',1.000000000000000000, 0.000000000000000000, 0.000000000000000000 ) ;
#526 = STYLED_ITEM ( 'NONE', ( #136 ), #324 ) ;
#527 = DIRECTION ( 'NONE',  ( 0.000000000000000000, 0.000000000000000000, -1.000000000000000000 ) ) ;
#528 = PRESENTATION_LAYER_ASSIGNMENT (  '', '', ( #859 ) ) ;
#529 = SURFACE_STYLE_FILL_AREA ( #1583 ) ;
#530 = ORIENTED_EDGE ( 'NONE', *, *, #345, .T. ) ;
#531 =( GEOMETRIC_REPRESENTATION_CONTEXT ( 3 ) GLOBAL_UNCERTAINTY_ASSIGNED_CONTEXT ( ( #1031 ) ) GLOBAL_UNIT_ASSIGNED_CONTEXT ( ( #1991, #1060, #1326 ) ) REPRESENTATION_CONTEXT ( 'NONE', 'WORKASPACE' ) );
#532 = CIRCLE ( 'NONE', #1094, 1.275000000000001465 ) ;
#533 = PRESENTATION_LAYER_ASSIGNMENT (  '', '', ( #1427 ) ) ;
#534 = PRESENTATION_STYLE_ASSIGNMENT (( #846 ) ) ;
#535 = CARTESIAN_POINT ( 'NONE',  ( 6.299999999999999822, 1.285879139104720732E-16, 1.050000000000000044 ) ) ;
#536 =( NAMED_UNIT ( * ) PLANE_ANGLE_UNIT ( ) SI_UNIT ( $, .RADIAN. ) );
#537 = ORIENTED_EDGE ( 'NONE', *, *, #1917, .T. ) ;
#538 = FACE_OUTER_BOUND ( 'NONE', #931, .T. ) ;
#539 = DIRECTION ( 'NONE',  ( 1.000000000000000000, 0.000000000000000000, 0.000000000000000000 ) ) ;
#540 = FILL_AREA_STYLE ('',( #212 ) ) ;
#541 = SURFACE_STYLE_FILL_AREA ( #1331 ) ;
#542 = MECHANICAL_DESIGN_GEOMETRIC_PRESENTATION_REPRESENTATION (  '', ( #268 ), #642 ) ;
#543 =( LENGTH_UNIT ( ) NAMED_UNIT ( * ) SI_UNIT ( .MILLI., .METRE. ) );
#544 = EDGE_CURVE ( 'NONE', #1362, #1861, #1139, .T. ) ;
#545 = EDGE_CURVE ( 'NONE', #1886, #724, #833, .T. ) ;
#546 = VERTEX_POINT ( 'NONE', #142 ) ;
#547 = DIRECTION ( 'NONE',  ( 1.000000000000000000, -0.000000000000000000, -0.000000000000000000 ) ) ;
#548 =( NAMED_UNIT ( * ) PLANE_ANGLE_UNIT ( ) SI_UNIT ( $, .RADIAN. ) );
#549 = FACE_OUTER_BOUND ( 'NONE', #615, .T. ) ;
#550 = VERTEX_POINT ( 'NONE', #604 ) ;
#551 = UNCERTAINTY_MEASURE_WITH_UNIT (LENGTH_MEASURE( 1.000000000000000082E-05 ), #211, 'distance_accuracy_value', 'NONE');
#552 =( GEOMETRIC_REPRESENTATION_CONTEXT ( 3 ) GLOBAL_UNCERTAINTY_ASSIGNED_CONTEXT ( ( #10 ) ) GLOBAL_UNIT_ASSIGNED_CONTEXT ( ( #33, #832, #1125 ) ) REPRESENTATION_CONTEXT ( 'NONE', 'WORKASPACE' ) );
#553 = STYLED_ITEM ( 'NONE', ( #867 ), #663 ) ;
#554 = DIRECTION ( 'NONE',  ( 1.000000000000000000, -0.000000000000000000, -0.000000000000000000 ) ) ;
#555 = PRESENTATION_LAYER_ASSIGNMENT (  '', '', ( #657 ) ) ;
#556 = CARTESIAN_POINT ( 'NONE',  ( 6.299999999999999822, 1.285879139104720732E-16, 1.050000000000000044 ) ) ;
#557 = CARTESIAN_POINT ( 'NONE',  ( 4.857071421427143321, 8.572527594031470725E-17, -0.6999999999999998446 ) ) ;
#558 = STYLED_ITEM ( 'NONE', ( #1791 ), #1092 ) ;
#559 = TOROIDAL_SURFACE ( 'NONE', #818, 1.349999999998701572, 0.2999999999999999889 ) ;
#560 = MECHANICAL_DESIGN_GEOMETRIC_PRESENTATION_REPRESENTATION (  '', ( #927 ), #1738 ) ;
#561 = CIRCLE ( 'NONE', #1704, 0.6999999999999998446 ) ;
#562 = FILL_AREA_STYLE ('',( #233 ) ) ;
#563 = FILL_AREA_STYLE_COLOUR ( '', #1970 ) ;
#564 = ORIENTED_EDGE ( 'NONE', *, *, #84, .T. ) ;
#565 = AXIS2_PLACEMENT_3D ( 'NONE', #1258, #1405, #1562 ) ;
#566 =( NAMED_UNIT ( * ) PLANE_ANGLE_UNIT ( ) SI_UNIT ( $, .RADIAN. ) );
#567 = DIRECTION ( 'NONE',  ( 1.000000000000000000, 0.000000000000000000, 0.000000000000000000 ) ) ;
#568 = DIRECTION ( 'NONE',  ( 0.000000000000000000, 0.000000000000000000, -1.000000000000000000 ) ) ;
#569 = CARTESIAN_POINT ( 'NONE',  ( 9.775000000000000355, -1.000000000000000888, 0.000000000000000000 ) ) ;
#570 = DIRECTION ( 'NONE',  ( 1.000000000000000000, -0.000000000000000000, -0.000000000000000000 ) ) ;
#571 = ORIENTED_EDGE ( 'NONE', *, *, #1750, .T. ) ;
#572 = ADVANCED_FACE ( 'NONE', ( #1870 ), #1550, .T. ) ;
#573 = UNCERTAINTY_MEASURE_WITH_UNIT (LENGTH_MEASURE( 1.000000000000000082E-05 ), #287, 'distance_accuracy_value', 'NONE');
#574 = CYLINDRICAL_SURFACE ( 'NONE', #428, 1.199999999999999956 ) ;
#575 = CARTESIAN_POINT ( 'NONE',  ( 9.500000000000001776, -6.000000000000001776, 0.000000000000000000 ) ) ;
#576 = CARTESIAN_POINT ( 'NONE',  ( 3.367778697655221258E-17, -0.2750000000000000222, 0.000000000000000000 ) ) ;
#577 = ORIENTED_EDGE ( 'NONE', *, *, #1350, .F. ) ;
#578 = DIRECTION ( 'NONE',  ( 1.000000000000000000, 0.000000000000000000, 0.000000000000000000 ) ) ;
#579 = SURFACE_SIDE_STYLE ('',( #103 ) ) ;
#580 = EDGE_CURVE ( 'NONE', #309, #1130, #911, .T. ) ;
#581 = ORIENTED_EDGE ( 'NONE', *, *, #1623, .F. ) ;
#582 = DIRECTION ( 'NONE',  ( -1.000000000000000000, -0.000000000000000000, -0.000000000000000000 ) ) ;
#583 =( NAMED_UNIT ( * ) SI_UNIT ( $, .STERADIAN. ) SOLID_ANGLE_UNIT ( ) );
#584 = AXIS2_PLACEMENT_3D ( 'NONE', #436, #1065, #1337 ) ;
#585 = FILL_AREA_STYLE ('',( #1993 ) ) ;
#586 = ORIENTED_EDGE ( 'NONE', *, *, #1513, .F. ) ;
#587 = CIRCLE ( 'NONE', #849, 0.5000000000000000000 ) ;
#588 = ORIENTED_EDGE ( 'NONE', *, *, #1167, .T. ) ;
#589 =( NAMED_UNIT ( * ) PLANE_ANGLE_UNIT ( ) SI_UNIT ( $, .RADIAN. ) );
#590 = CARTESIAN_POINT ( 'NONE',  ( 0.5000000000000004441, 8.572527594031470725E-17, 0.6999999999999998446 ) ) ;
#591 =( NAMED_UNIT ( * ) PLANE_ANGLE_UNIT ( ) SI_UNIT ( $, .RADIAN. ) );
#592 = STYLED_ITEM ( 'NONE', ( #534 ), #1303 ) ;
#593 = COLOUR_RGB ( '',0.6470588235294117974, 0.6196078431372549211, 0.5882352941176470784 ) ;
#594 = UNCERTAINTY_MEASURE_WITH_UNIT (LENGTH_MEASURE( 1.000000000000000082E-05 ), #1000, 'distance_accuracy_value', 'NONE');
#595 = VECTOR ( 'NONE', #570, 1000.000000000000000 ) ;
#596 = AXIS2_PLACEMENT_3D ( 'NONE', #1272, #1775, #980 ) ;
#597 = ORIENTED_EDGE ( 'NONE', *, *, #1977, .F. ) ;
#598 = MECHANICAL_DESIGN_GEOMETRIC_PRESENTATION_REPRESENTATION (  '', ( #1837 ), #1921 ) ;
#599 = CIRCLE ( 'NONE', #322, 0.2999999999999999334 ) ;
#600 =( NAMED_UNIT ( * ) SI_UNIT ( $, .STERADIAN. ) SOLID_ANGLE_UNIT ( ) );
#601 = SURFACE_STYLE_USAGE ( .BOTH. , #648 ) ;
#602 = EDGE_CURVE ( 'NONE', #1573, #1633, #1579, .T. ) ;
#603 = ADVANCED_FACE ( 'NONE', ( #1435 ), #831, .T. ) ;
#604 = CARTESIAN_POINT ( 'NONE',  ( 2.209297531231849021, 0.000000000000000000, -1.050000000000000044 ) ) ;
#605 = CYLINDRICAL_SURFACE ( 'NONE', #1737, 1.050000000000000044 ) ;
#606 =( NAMED_UNIT ( * ) SI_UNIT ( $, .STERADIAN. ) SOLID_ANGLE_UNIT ( ) );
#607 = ORIENTED_EDGE ( 'NONE', *, *, #442, .F. ) ;
#608 = DIRECTION ( 'NONE',  ( -3.393051144118360350E-16, 1.000000000000000000, -0.000000000000000000 ) ) ;
#609 = FACE_OUTER_BOUND ( 'NONE', #489, .T. ) ;
#610 =( NAMED_UNIT ( * ) PLANE_ANGLE_UNIT ( ) SI_UNIT ( $, .RADIAN. ) );
#611 = ADVANCED_FACE ( 'NONE', ( #1611 ), #1463, .T. ) ;
#612 = ORIENTED_EDGE ( 'NONE', *, *, #779, .F. ) ;
#613 = CARTESIAN_POINT ( 'NONE',  ( 6.299999999999999822, 0.000000000000000000, -1.050000000000000044 ) ) ;
#614 = CARTESIAN_POINT ( 'NONE',  ( 9.225000000000001421, -1.000000000000000888, 3.367778697655221258E-17 ) ) ;
#615 = EDGE_LOOP ( 'NONE', ( #1813, #523, #1771, #1604 ) ) ;
#616 = UNCERTAINTY_MEASURE_WITH_UNIT (LENGTH_MEASURE( 1.000000000000000082E-05 ), #1756, 'distance_accuracy_value', 'NONE');
#617 = ORIENTED_EDGE ( 'NONE', *, *, #1654, .T. ) ;
#618 = SURFACE_STYLE_USAGE ( .BOTH. , #1226 ) ;
#619 =( NAMED_UNIT ( * ) PLANE_ANGLE_UNIT ( ) SI_UNIT ( $, .RADIAN. ) );
#620 =( GEOMETRIC_REPRESENTATION_CONTEXT ( 3 ) GLOBAL_UNCERTAINTY_ASSIGNED_CONTEXT ( ( #425 ) ) GLOBAL_UNIT_ASSIGNED_CONTEXT ( ( #74, #900, #1364 ) ) REPRESENTATION_CONTEXT ( 'NONE', 'WORKASPACE' ) );
#621 = ADVANCED_FACE ( 'NONE', ( #317 ), #118, .T. ) ;
#622 = LINE ( 'NONE', #1887, #249 ) ;
#623 =( NAMED_UNIT ( * ) PLANE_ANGLE_UNIT ( ) SI_UNIT ( $, .RADIAN. ) );
#624 = AXIS2_PLACEMENT_3D ( 'NONE', #1005, #1186, #1033 ) ;
#625 = ORIENTED_EDGE ( 'NONE', *, *, #445, .T. ) ;
#626 = CIRCLE ( 'NONE', #1797, 0.5000000000000000000 ) ;
#627 = ORIENTED_EDGE ( 'NONE', *, *, #1989, .F. ) ;
#628 = VECTOR ( 'NONE', #78, 1000.000000000000000 ) ;
#629 = CIRCLE ( 'NONE', #63, 0.2750000000000000222 ) ;
#630 = AXIS2_PLACEMENT_3D ( 'NONE', #53, #1641, #1658 ) ;
#631 = FILL_AREA_STYLE_COLOUR ( '', #593 ) ;
#632 = VECTOR ( 'NONE', #1200, 1000.000000000000000 ) ;
#633 = DIRECTION ( 'NONE',  ( 0.000000000000000000, 0.000000000000000000, -1.000000000000000000 ) ) ;
#634 = DIRECTION ( 'NONE',  ( 1.000000000000000000, -0.000000000000000000, -0.000000000000000000 ) ) ;
#635 = CARTESIAN_POINT ( 'NONE',  ( 6.299999999999999822, 1.469576158976823553E-16, -1.199999999999999956 ) ) ;
#636 = ORIENTED_EDGE ( 'NONE', *, *, #1350, .T. ) ;
#637 = CYLINDRICAL_SURFACE ( 'NONE', #1122, 0.2749999999999991895 ) ;
#638 = DIRECTION ( 'NONE',  ( 0.000000000000000000, 0.000000000000000000, -1.000000000000000000 ) ) ;
#639 = UNCERTAINTY_MEASURE_WITH_UNIT (LENGTH_MEASURE( 1.000000000000000082E-05 ), #1456, 'distance_accuracy_value', 'NONE');
#640 = ADVANCED_FACE ( 'NONE', ( #169 ), #213, .T. ) ;
#641 = EDGE_CURVE ( 'NONE', #1516, #1072, #1195, .T. ) ;
#642 =( GEOMETRIC_REPRESENTATION_CONTEXT ( 3 ) GLOBAL_UNCERTAINTY_ASSIGNED_CONTEXT ( ( #1968 ) ) GLOBAL_UNIT_ASSIGNED_CONTEXT ( ( #506, #840, #1734 ) ) REPRESENTATION_CONTEXT ( 'NONE', 'WORKASPACE' ) );
#643 =( LENGTH_UNIT ( ) NAMED_UNIT ( * ) SI_UNIT ( .MILLI., .METRE. ) );
#644 = DIRECTION ( 'NONE',  ( 1.000000000000000000, 0.000000000000000000, 0.000000000000000000 ) ) ;
#645 = DIRECTION ( 'NONE',  ( 1.000000000000000000, 0.000000000000000000, 0.000000000000000000 ) ) ;
#646 = VERTEX_POINT ( 'NONE', #1655 ) ;
#647 =( GEOMETRIC_REPRESENTATION_CONTEXT ( 3 ) GLOBAL_UNCERTAINTY_ASSIGNED_CONTEXT ( ( #772 ) ) GLOBAL_UNIT_ASSIGNED_CONTEXT ( ( #643, #263, #1850 ) ) REPRESENTATION_CONTEXT ( 'NONE', 'WORKASPACE' ) );
#648 = SURFACE_SIDE_STYLE ('',( #1680 ) ) ;
#649 = CARTESIAN_POINT ( 'NONE',  ( 6.299999999999999822, 0.000000000000000000, 0.000000000000000000 ) ) ;
#650 = FILL_AREA_STYLE_COLOUR ( '', #1141 ) ;
#651 = CARTESIAN_POINT ( 'NONE',  ( 6.299999999999999822, 0.2750000000000000222, 0.000000000000000000 ) ) ;
#652 = FILL_AREA_STYLE ('',( #671 ) ) ;
#653 = DIRECTION ( 'NONE',  ( 1.000000000000000000, -0.000000000000000000, -0.000000000000000000 ) ) ;
#654 = DIRECTION ( 'NONE',  ( 1.000000000000000000, -0.000000000000000000, -0.000000000000000000 ) ) ;
#655 = ORIENTED_EDGE ( 'NONE', *, *, #1127, .T. ) ;
#656 = EDGE_LOOP ( 'NONE', ( #1401, #738, #2030, #727 ) ) ;
#657 = STYLED_ITEM ( 'NONE', ( #272 ), #845 ) ;
#658 = AXIS2_PLACEMENT_3D ( 'NONE', #1618, #1179, #1656 ) ;
#659 = CIRCLE ( 'NONE', #685, 0.6999999999999998446 ) ;
#660 = FILL_AREA_STYLE_COLOUR ( '', #1662 ) ;
#661 = PRESENTATION_LAYER_ASSIGNMENT (  '', '', ( #355 ) ) ;
#662 = EDGE_CURVE ( 'NONE', #392, #1270, #729, .T. ) ;
#663 = ADVANCED_FACE ( 'NONE', ( #851 ), #1474, .T. ) ;
#664 = CARTESIAN_POINT ( 'NONE',  ( 0.5000000000000004441, 0.000000000000000000, 0.000000000000000000 ) ) ;
#665 = DIRECTION ( 'NONE',  ( 3.393051144118359363E-16, 1.000000000000000000, 0.000000000000000000 ) ) ;
#666 = ORIENTED_EDGE ( 'NONE', *, *, #739, .T. ) ;
#667 =( LENGTH_UNIT ( ) NAMED_UNIT ( * ) SI_UNIT ( .MILLI., .METRE. ) );
#668 = AXIS2_PLACEMENT_3D ( 'NONE', #1561, #131, #633 ) ;
#669 = DIRECTION ( 'NONE',  ( -1.000000000000000000, 0.000000000000000000, 0.000000000000000000 ) ) ;
#670 = FILL_AREA_STYLE_COLOUR ( '', #965 ) ;
#671 = FILL_AREA_STYLE_COLOUR ( '', #892 ) ;
#672 = LINE ( 'NONE', #1786, #1472 ) ;
#673 = ADVANCED_FACE ( 'NONE', ( #904 ), #519, .T. ) ;
#674 =( LENGTH_UNIT ( ) NAMED_UNIT ( * ) SI_UNIT ( .MILLI., .METRE. ) );
#675 = ORIENTED_EDGE ( 'NONE', *, *, #1654, .F. ) ;
#676 = FILL_AREA_STYLE ('',( #1291 ) ) ;
#677 = CARTESIAN_POINT ( 'NONE',  ( 3.109297531231848932, 0.000000000000000000, -1.050000000000000044 ) ) ;
#678 = SURFACE_SIDE_STYLE ('',( #1944 ) ) ;
#679 = ORIENTED_EDGE ( 'NONE', *, *, #152, .T. ) ;
#680 = CARTESIAN_POINT ( 'NONE',  ( 6.299999999999999822, 0.000000000000000000, 0.000000000000000000 ) ) ;
#681 = COLOUR_RGB ( '',0.8313725490196077761, 1.000000000000000000, 0.8666666666666666963 ) ;
#682 = CIRCLE ( 'NONE', #520, 1.106249999998377032 ) ;
#683 = CARTESIAN_POINT ( 'NONE',  ( -2.200000000000001066, -0.2750000000000002998, 0.000000000000000000 ) ) ;
#684 = MECHANICAL_DESIGN_GEOMETRIC_PRESENTATION_REPRESENTATION (  '', ( #1470 ), #1379 ) ;
#685 = AXIS2_PLACEMENT_3D ( 'NONE', #869, #1500, #208 ) ;
#686 = AXIS2_PLACEMENT_3D ( 'NONE', #479, #7, #1100 ) ;
#687 = FACE_OUTER_BOUND ( 'NONE', #1174, .T. ) ;
#688 = SURFACE_STYLE_USAGE ( .BOTH. , #842 ) ;
#689 = AXIS2_PLACEMENT_3D ( 'NONE', #1376, #1413, #4 ) ;
#690 = CIRCLE ( 'NONE', #165, 0.2750000000000000222 ) ;
#691 = ADVANCED_FACE ( 'NONE', ( #549 ), #49, .T. ) ;
#692 = SURFACE_STYLE_USAGE ( .BOTH. , #329 ) ;
#693 = CYLINDRICAL_SURFACE ( 'NONE', #1447, 1.050000000000000044 ) ;
#694 = ORIENTED_EDGE ( 'NONE', *, *, #2033, .F. ) ;
#695 = PRESENTATION_STYLE_ASSIGNMENT (( #1478 ) ) ;
#696 = FACE_OUTER_BOUND ( 'NONE', #1536, .T. ) ;
#697 = ORIENTED_EDGE ( 'NONE', *, *, #1404, .T. ) ;
#698 =( NAMED_UNIT ( * ) SI_UNIT ( $, .STERADIAN. ) SOLID_ANGLE_UNIT ( ) );
#699 = DIRECTION ( 'NONE',  ( -0.000000000000000000, -0.000000000000000000, -1.000000000000000000 ) ) ;
#700 = DIRECTION ( 'NONE',  ( 0.000000000000000000, 0.000000000000000000, 1.000000000000000000 ) ) ;
#701 = FILL_AREA_STYLE_COLOUR ( '', #1340 ) ;
#702 = CARTESIAN_POINT ( 'NONE',  ( -2.200000000000001066, -1.000000000000001554, 0.000000000000000000 ) ) ;
#703 = SURFACE_SIDE_STYLE ('',( #108 ) ) ;
#704 = FILL_AREA_STYLE ('',( #563 ) ) ;
#705 = AXIS2_PLACEMENT_3D ( 'NONE', #1995, #79, #1954 ) ;
#706 =( NAMED_UNIT ( * ) SI_UNIT ( $, .STERADIAN. ) SOLID_ANGLE_UNIT ( ) );
#707 = MECHANICAL_DESIGN_GEOMETRIC_PRESENTATION_REPRESENTATION (  '', ( #1176 ), #182 ) ;
#708 = FILL_AREA_STYLE ('',( #207 ) ) ;
#709 = SURFACE_SIDE_STYLE ('',( #1197 ) ) ;
#710 = AXIS2_PLACEMENT_3D ( 'NONE', #475, #949, #483 ) ;
#711 =( NAMED_UNIT ( * ) PLANE_ANGLE_UNIT ( ) SI_UNIT ( $, .RADIAN. ) );
#712 = FILL_AREA_STYLE ('',( #701 ) ) ;
#713 = ADVANCED_FACE ( 'NONE', ( #1962 ), #1191, .T. ) ;
#714 =( GEOMETRIC_REPRESENTATION_CONTEXT ( 3 ) GLOBAL_UNCERTAINTY_ASSIGNED_CONTEXT ( ( #866 ) ) GLOBAL_UNIT_ASSIGNED_CONTEXT ( ( #667, #1008, #20 ) ) REPRESENTATION_CONTEXT ( 'NONE', 'WORKASPACE' ) );
#715 = COLOUR_RGB ( '',0.6470588235294117974, 0.6196078431372549211, 0.5882352941176470784 ) ;
#716 = CARTESIAN_POINT ( 'NONE',  ( 4.390702468768152400, 1.285879139104720732E-16, 1.050000000000000044 ) ) ;
#717 = MECHANICAL_DESIGN_GEOMETRIC_PRESENTATION_REPRESENTATION (  '', ( #526 ), #824 ) ;
#718 = CARTESIAN_POINT ( 'NONE',  ( 2.659297531231849199, 0.000000000000000000, -1.050000000000000044 ) ) ;
#719 = EDGE_LOOP ( 'NONE', ( #1760, #505, #960, #607 ) ) ;
#720 =( LENGTH_UNIT ( ) NAMED_UNIT ( * ) SI_UNIT ( .MILLI., .METRE. ) );
#721 = CARTESIAN_POINT ( 'NONE',  ( 0.000000000000000000, 0.000000000000000000, 0.000000000000000000 ) ) ;
#722 =( NAMED_UNIT ( * ) PLANE_ANGLE_UNIT ( ) SI_UNIT ( $, .RADIAN. ) );
#723 =( NAMED_UNIT ( * ) SI_UNIT ( $, .STERADIAN. ) SOLID_ANGLE_UNIT ( ) );
#724 = VERTEX_POINT ( 'NONE', #871 ) ;
#725 =( LENGTH_UNIT ( ) NAMED_UNIT ( * ) SI_UNIT ( .MILLI., .METRE. ) );
#726 =( LENGTH_UNIT ( ) NAMED_UNIT ( * ) SI_UNIT ( .MILLI., .METRE. ) );
#727 = ORIENTED_EDGE ( 'NONE', *, *, #1891, .F. ) ;
#728 = UNCERTAINTY_MEASURE_WITH_UNIT (LENGTH_MEASURE( 1.000000000000000082E-05 ), #1779, 'distance_accuracy_value', 'NONE');
#729 = LINE ( 'NONE', #1646, #378 ) ;
#730 = CARTESIAN_POINT ( 'NONE',  ( 1.959297531231849021, 0.000000000000000000, 0.000000000000000000 ) ) ;
#731 = PRESENTATION_STYLE_ASSIGNMENT (( #601 ) ) ;
#732 =( NAMED_UNIT ( * ) PLANE_ANGLE_UNIT ( ) SI_UNIT ( $, .RADIAN. ) );
#733 = ORIENTED_EDGE ( 'NONE', *, *, #662, .T. ) ;
#734 = SURFACE_SIDE_STYLE ('',( #239 ) ) ;
#735 = DIRECTION ( 'NONE',  ( 0.000000000000000000, 1.000000000000000000, 0.000000000000000000 ) ) ;
#736 = CARTESIAN_POINT ( 'NONE',  ( 1.734409173984143848, 0.000000000000000000, -1.106249999998377032 ) ) ;
#737 = CARTESIAN_POINT ( 'NONE',  ( 9.775000000000000355, -6.000000000000001776, 0.000000000000000000 ) ) ;
#738 = ORIENTED_EDGE ( 'NONE', *, *, #198, .T. ) ;
#739 = EDGE_CURVE ( 'NONE', #1009, #454, #1496, .T. ) ;
#740 = VERTEX_POINT ( 'NONE', #890 ) ;
#741 = PRODUCT ( 'Resistor6.3x2.4x12.70', 'Resistor6.3x2.4x12.70', '', ( #1586 ) ) ;
#742 = STYLED_ITEM ( 'NONE', ( #1505 ), #713 ) ;
#743 = CARTESIAN_POINT ( 'NONE',  ( 5.799999999999999822, 0.000000000000000000, 0.000000000000000000 ) ) ;
#744 = MECHANICAL_DESIGN_GEOMETRIC_PRESENTATION_REPRESENTATION (  '', ( #1079 ), #1902 ) ;
#745 = ORIENTED_EDGE ( 'NONE', *, *, #807, .T. ) ;
#746 =( LENGTH_UNIT ( ) NAMED_UNIT ( * ) SI_UNIT ( .MILLI., .METRE. ) );
#747 = DIRECTION ( 'NONE',  ( -0.000000000000000000, -1.000000000000000000, -0.000000000000000000 ) ) ;
#748 = AXIS2_PLACEMENT_3D ( 'NONE', #1836, #431, #305 ) ;
#749 = ORIENTED_EDGE ( 'NONE', *, *, #482, .T. ) ;
#750 =( GEOMETRIC_REPRESENTATION_CONTEXT ( 3 ) GLOBAL_UNCERTAINTY_ASSIGNED_CONTEXT ( ( #1089 ) ) GLOBAL_UNIT_ASSIGNED_CONTEXT ( ( #674, #1325, #1770 ) ) REPRESENTATION_CONTEXT ( 'NONE', 'WORKASPACE' ) );
#751 = UNCERTAINTY_MEASURE_WITH_UNIT (LENGTH_MEASURE( 1.000000000000000082E-05 ), #153, 'distance_accuracy_value', 'NONE');
#752 = PRESENTATION_LAYER_ASSIGNMENT (  '', '', ( #2008 ) ) ;
#753 = ORIENTED_EDGE ( 'NONE', *, *, #518, .F. ) ;
#754 = ADVANCED_FACE ( 'NONE', ( #1811 ), #1867, .T. ) ;
#755 = CARTESIAN_POINT ( 'NONE',  ( -2.925000000000001599, -6.000000000000001776, 0.000000000000000000 ) ) ;
#756 = DIRECTION ( 'NONE',  ( -1.000000000000000000, -0.000000000000000000, -0.000000000000000000 ) ) ;
#757 =( NAMED_UNIT ( * ) SI_UNIT ( $, .STERADIAN. ) SOLID_ANGLE_UNIT ( ) );
#758 = ORIENTED_EDGE ( 'NONE', *, *, #1204, .T. ) ;
#759 = ORIENTED_EDGE ( 'NONE', *, *, #780, .F. ) ;
#760 =( LENGTH_UNIT ( ) NAMED_UNIT ( * ) SI_UNIT ( .MILLI., .METRE. ) );
#761 = EDGE_LOOP ( 'NONE', ( #1563, #1144, #1532, #875 ) ) ;
#762 = VERTEX_POINT ( 'NONE', #398 ) ;
#763 = CYLINDRICAL_SURFACE ( 'NONE', #1527, 1.050000000000000044 ) ;
#764 = DIRECTION ( 'NONE',  ( 0.000000000000000000, 0.000000000000000000, -1.000000000000000000 ) ) ;
#765 = EDGE_CURVE ( 'NONE', #1594, #1460, #587, .T. ) ;
#766 =( NAMED_UNIT ( * ) PLANE_ANGLE_UNIT ( ) SI_UNIT ( $, .RADIAN. ) );
#767 = CARTESIAN_POINT ( 'NONE',  ( 0.000000000000000000, 0.2750000000000000222, 3.367778697655223723E-17 ) ) ;
#768 = ORIENTED_EDGE ( 'NONE', *, *, #804, .T. ) ;
#769 = CARTESIAN_POINT ( 'NONE',  ( 8.500000000000000000, -0.2750000000000002998, 3.367778697655222491E-17 ) ) ;
#770 = FILL_AREA_STYLE_COLOUR ( '', #1668 ) ;
#771 = ORIENTED_EDGE ( 'NONE', *, *, #371, .F. ) ;
#772 = UNCERTAINTY_MEASURE_WITH_UNIT (LENGTH_MEASURE( 1.000000000000000082E-05 ), #643, 'distance_accuracy_value', 'NONE');
#773 = ORIENTED_EDGE ( 'NONE', *, *, #296, .F. ) ;
#774 = DIRECTION ( 'NONE',  ( 0.000000000000000000, 0.000000000000000000, -1.000000000000000000 ) ) ;
#775 = CARTESIAN_POINT ( 'NONE',  ( 4.857071421427143321, 0.000000000000000000, 0.000000000000000000 ) ) ;
#776 = EDGE_LOOP ( 'NONE', ( #1102, #1133, #1827, #749 ) ) ;
#777 = PRESENTATION_LAYER_ASSIGNMENT (  '', '', ( #952 ) ) ;
#778 = CARTESIAN_POINT ( 'NONE',  ( 5.799999999999999822, 0.000000000000000000, 0.000000000000000000 ) ) ;
#779 = EDGE_CURVE ( 'NONE', #1661, #1460, #1238, .T. ) ;
#780 = EDGE_CURVE ( 'NONE', #740, #155, #418, .T. ) ;
#781 = FACE_OUTER_BOUND ( 'NONE', #1676, .T. ) ;
#782 = MECHANICAL_DESIGN_GEOMETRIC_PRESENTATION_REPRESENTATION (  '', ( #742 ), #157 ) ;
#783 = ORIENTED_EDGE ( 'NONE', *, *, #978, .T. ) ;
#784 = VECTOR ( 'NONE', #80, 1000.000000000000000 ) ;
#785 = ORIENTED_EDGE ( 'NONE', *, *, #1314, .T. ) ;
#786 = AXIS2_PLACEMENT_3D ( 'NONE', #1582, #1692, #273 ) ;
#787 = PRESENTATION_LAYER_ASSIGNMENT (  '', '', ( #927 ) ) ;
#788 = STYLED_ITEM ( 'NONE', ( #2035 ), #1522 ) ;
#789 = CIRCLE ( 'NONE', #1576, 1.050000000000000044 ) ;
#790 = AXIS2_PLACEMENT_3D ( 'NONE', #1612, #1903, #1459 ) ;
#791 = PLANE ( 'NONE',  #1315 ) ;
#792 = DIRECTION ( 'NONE',  ( 0.000000000000000000, 0.000000000000000000, -1.000000000000000000 ) ) ;
#793 = PRESENTATION_STYLE_ASSIGNMENT (( #1114 ) ) ;
#794 = DIRECTION ( 'NONE',  ( -8.673617379884036705E-17, -1.000000000000000000, 0.000000000000000000 ) ) ;
#795 = CARTESIAN_POINT ( 'NONE',  ( 0.5000000000000004441, 1.469576158976823553E-16, -1.199999999999999956 ) ) ;
#796 = FACE_OUTER_BOUND ( 'NONE', #921, .T. ) ;
#797 = ORIENTED_EDGE ( 'NONE', *, *, #1784, .T. ) ;
#798 = EDGE_CURVE ( 'NONE', #1711, #1625, #682, .T. ) ;
#799 = UNCERTAINTY_MEASURE_WITH_UNIT (LENGTH_MEASURE( 1.000000000000000082E-05 ), #854, 'distance_accuracy_value', 'NONE');
#800 = FILL_AREA_STYLE_COLOUR ( '', #1120 ) ;
#801 = SHAPE_DEFINITION_REPRESENTATION ( #1847, #1801 ) ;
#802 = CARTESIAN_POINT ( 'NONE',  ( 1.959297531231849021, 0.000000000000000000, -1.050000000000000044 ) ) ;
#803 =( LENGTH_UNIT ( ) NAMED_UNIT ( * ) SI_UNIT ( .MILLI., .METRE. ) );
#804 = EDGE_CURVE ( 'NONE', #1300, #204, #1312, .T. ) ;
#805 = VERTEX_POINT ( 'NONE', #1199 ) ;
#806 = EDGE_CURVE ( 'NONE', #334, #805, #955, .T. ) ;
#807 = EDGE_CURVE ( 'NONE', #1460, #511, #1961, .T. ) ;
#808 = SURFACE_STYLE_USAGE ( .BOTH. , #8 ) ;
#809 = DIRECTION ( 'NONE',  ( 1.000000000000000000, -0.000000000000000000, -0.000000000000000000 ) ) ;
#810 = CARTESIAN_POINT ( 'NONE',  ( 0.000000000000000000, 0.000000000000000000, 0.000000000000000000 ) ) ;
#811 = FILL_AREA_STYLE_COLOUR ( '', #991 ) ;
#812 = SURFACE_STYLE_USAGE ( .BOTH. , #1136 ) ;
#813 = ORIENTED_EDGE ( 'NONE', *, *, #804, .F. ) ;
#814 = STYLED_ITEM ( 'NONE', ( #369 ), #621 ) ;
#815 =( GEOMETRIC_REPRESENTATION_CONTEXT ( 3 ) GLOBAL_UNCERTAINTY_ASSIGNED_CONTEXT ( ( #573 ) ) GLOBAL_UNIT_ASSIGNED_CONTEXT ( ( #287, #766, #151 ) ) REPRESENTATION_CONTEXT ( 'NONE', 'WORKASPACE' ) );
#816 = DIRECTION ( 'NONE',  ( -1.000000000000000000, -0.000000000000000000, -0.000000000000000000 ) ) ;
#817 = CIRCLE ( 'NONE', #184, 0.2750000000000000222 ) ;
#818 = AXIS2_PLACEMENT_3D ( 'NONE', #463, #1095, #764 ) ;
#819 = MECHANICAL_DESIGN_GEOMETRIC_PRESENTATION_REPRESENTATION (  '', ( #280 ), #315 ) ;
#820 = ADVANCED_FACE ( 'NONE', ( #538 ), #1975, .T. ) ;
#821 = CIRCLE ( 'NONE', #1869, 0.2750000000000000222 ) ;
#822 = SURFACE_SIDE_STYLE ('',( #183 ) ) ;
#823 = SURFACE_SIDE_STYLE ('',( #496 ) ) ;
#824 =( GEOMETRIC_REPRESENTATION_CONTEXT ( 3 ) GLOBAL_UNCERTAINTY_ASSIGNED_CONTEXT ( ( #1507 ) ) GLOBAL_UNIT_ASSIGNED_CONTEXT ( ( #760, #1396, #1568 ) ) REPRESENTATION_CONTEXT ( 'NONE', 'WORKASPACE' ) );
#825 = LINE ( 'NONE', #1011, #456 ) ;
#826 = CARTESIAN_POINT ( 'NONE',  ( 6.299999999999999822, 0.000000000000000000, 1.199999999999999956 ) ) ;
#827 = PRESENTATION_LAYER_ASSIGNMENT (  '', '', ( #1150 ) ) ;
#828 = AXIS2_PLACEMENT_3D ( 'NONE', #102, #1493, #1788 ) ;
#829 = ORIENTED_EDGE ( 'NONE', *, *, #444, .F. ) ;
#830 = ORIENTED_EDGE ( 'NONE', *, *, #1363, .T. ) ;
#831 = TOROIDAL_SURFACE ( 'NONE', #201, 0.6999999999999998446, 0.5000000000000000000 ) ;
#832 =( NAMED_UNIT ( * ) PLANE_ANGLE_UNIT ( ) SI_UNIT ( $, .RADIAN. ) );
#833 = CIRCLE ( 'NONE', #668, 1.199999999999999956 ) ;
#834 = CARTESIAN_POINT ( 'NONE',  ( 0.000000000000000000, 1.163414459189985436E-16, 0.6999999999999998446 ) ) ;
#835 = CARTESIAN_POINT ( 'NONE',  ( 2.659297531231849199, 1.285879139104720732E-16, 1.050000000000000044 ) ) ;
#836 = SURFACE_SIDE_STYLE ('',( #1014 ) ) ;
#837 =( NAMED_UNIT ( * ) SI_UNIT ( $, .STERADIAN. ) SOLID_ANGLE_UNIT ( ) );
#838 = DIRECTION ( 'NONE',  ( 0.000000000000000000, 0.000000000000000000, 1.000000000000000000 ) ) ;
#839 = AXIS2_PLACEMENT_3D ( 'NONE', #1884, #944, #1528 ) ;
#840 =( NAMED_UNIT ( * ) PLANE_ANGLE_UNIT ( ) SI_UNIT ( $, .RADIAN. ) );
#841 =( NAMED_UNIT ( * ) SI_UNIT ( $, .STERADIAN. ) SOLID_ANGLE_UNIT ( ) );
#842 = SURFACE_SIDE_STYLE ('',( #1352 ) ) ;
#843 = SURFACE_STYLE_FILL_AREA ( #1324 ) ;
#844 = ADVANCED_FACE ( 'NONE', ( #1240 ), #1510, .T. ) ;
#845 = ADVANCED_FACE ( 'NONE', ( #1543 ), #1860, .T. ) ;
#846 = SURFACE_STYLE_USAGE ( .BOTH. , #37 ) ;
#847 = ORIENTED_EDGE ( 'NONE', *, *, #141, .T. ) ;
#848 = AXIS2_PLACEMENT_3D ( 'NONE', #1160, #81, #1809 ) ;
#849 = AXIS2_PLACEMENT_3D ( 'NONE', #557, #1465, #374 ) ;
#850 = VECTOR ( 'NONE', #1332, 1000.000000000000000 ) ;
#851 = FACE_OUTER_BOUND ( 'NONE', #1918, .T. ) ;
#852 = AXIS2_PLACEMENT_3D ( 'NONE', #1024, #1639, #51 ) ;
#853 = DIRECTION ( 'NONE',  ( 0.000000000000000000, 0.000000000000000000, -1.000000000000000000 ) ) ;
#854 =( LENGTH_UNIT ( ) NAMED_UNIT ( * ) SI_UNIT ( .MILLI., .METRE. ) );
#855 = MECHANICAL_DESIGN_GEOMETRIC_PRESENTATION_REPRESENTATION (  '', ( #1969 ), #1933 ) ;
#856 = EDGE_LOOP ( 'NONE', ( #2001, #1013, #745, #1410 ) ) ;
#857 = COLOUR_RGB ( '',1.000000000000000000, 1.000000000000000000, 0.7529411764705882248 ) ;
#858 = SURFACE_STYLE_FILL_AREA ( #1509 ) ;
#859 = STYLED_ITEM ( 'NONE', ( #1708 ), #1481 ) ;
#860 = SURFACE_SIDE_STYLE ('',( #217 ) ) ;
#861 = LINE ( 'NONE', #1172, #932 ) ;
#862 = VECTOR ( 'NONE', #133, 1000.000000000000000 ) ;
#863 = FILL_AREA_STYLE ('',( #1722 ) ) ;
#864 = DIRECTION ( 'NONE',  ( 8.673617379884036705E-17, -1.000000000000000000, 0.000000000000000000 ) ) ;
#865 = EDGE_CURVE ( 'NONE', #1093, #1082, #1366, .T. ) ;
#866 = UNCERTAINTY_MEASURE_WITH_UNIT (LENGTH_MEASURE( 1.000000000000000082E-05 ), #667, 'distance_accuracy_value', 'NONE');
#867 = PRESENTATION_STYLE_ASSIGNMENT (( #1971 ) ) ;
#868 = CARTESIAN_POINT ( 'NONE',  ( 2.409297531231849199, 0.000000000000000000, 0.000000000000000000 ) ) ;
#869 = CARTESIAN_POINT ( 'NONE',  ( 6.299999999999999822, 0.000000000000000000, 0.000000000000000000 ) ) ;
#870 =( NAMED_UNIT ( * ) PLANE_ANGLE_UNIT ( ) SI_UNIT ( $, .RADIAN. ) );
#871 = CARTESIAN_POINT ( 'NONE',  ( 1.442928578572856724, 0.000000000000000000, 1.199999999999999956 ) ) ;
#872 = SURFACE_STYLE_FILL_AREA ( #1486 ) ;
#873 = SURFACE_STYLE_FILL_AREA ( #562 ) ;
#874 = CARTESIAN_POINT ( 'NONE',  ( 0.000000000000000000, 0.000000000000000000, 0.000000000000000000 ) ) ;
#875 = ORIENTED_EDGE ( 'NONE', *, *, #580, .F. ) ;
#876 = EDGE_CURVE ( 'NONE', #762, #1248, #1292, .T. ) ;
#877 = CARTESIAN_POINT ( 'NONE',  ( 4.340702468768153466, 0.000000000000000000, -1.050000000000000044 ) ) ;
#878 = CARTESIAN_POINT ( 'NONE',  ( 4.390702468768152400, 0.000000000000000000, 0.000000000000000000 ) ) ;
#879 = FILL_AREA_STYLE_COLOUR ( '', #857 ) ;
#880 = DIRECTION ( 'NONE',  ( -0.000000000000000000, -1.000000000000000000, -0.000000000000000000 ) ) ;
#881 = SURFACE_STYLE_USAGE ( .BOTH. , #1038 ) ;
#882 =( NAMED_UNIT ( * ) SI_UNIT ( $, .STERADIAN. ) SOLID_ANGLE_UNIT ( ) );
#883 = FACE_OUTER_BOUND ( 'NONE', #1520, .T. ) ;
#884 = UNCERTAINTY_MEASURE_WITH_UNIT (LENGTH_MEASURE( 1.000000000000000082E-05 ), #65, 'distance_accuracy_value', 'NONE');
#885 =( NAMED_UNIT ( * ) PLANE_ANGLE_UNIT ( ) SI_UNIT ( $, .RADIAN. ) );
#886 = SURFACE_STYLE_USAGE ( .BOTH. , #50 ) ;
#887 = CYLINDRICAL_SURFACE ( 'NONE', #852, 1.050000000000000044 ) ;
#888 = TOROIDAL_SURFACE ( 'NONE', #710, 0.6999999999999998446, 0.5000000000000000000 ) ;
#889 = CIRCLE ( 'NONE', #1418, 1.050000000000000044 ) ;
#890 = CARTESIAN_POINT ( 'NONE',  ( 0.5000000000000004441, 0.000000000000000000, 1.199999999999999956 ) ) ;
#891 = PRESENTATION_STYLE_ASSIGNMENT (( #881 ) ) ;
#892 = COLOUR_RGB ( '',0.6470588235294117974, 0.6196078431372549211, 0.5882352941176470784 ) ;
#893 = ORIENTED_EDGE ( 'NONE', *, *, #1390, .T. ) ;
#894 = MECHANICAL_DESIGN_GEOMETRIC_PRESENTATION_REPRESENTATION (  '', ( #1091 ), #930 ) ;
#895 = DIRECTION ( 'NONE',  ( 1.000000000000000000, 0.000000000000000000, 0.000000000000000000 ) ) ;
#896 = MECHANICAL_DESIGN_GEOMETRIC_PRESENTATION_REPRESENTATION (  '', ( #253 ), #531 ) ;
#897 = EDGE_LOOP ( 'NONE', ( #342, #1041, #1890, #1621 ) ) ;
#898 = COLOUR_RGB ( '',0.8313725490196077761, 1.000000000000000000, 0.8666666666666666963 ) ;
#899 = CIRCLE ( 'NONE', #1673, 0.5000000000000000000 ) ;
#900 =( NAMED_UNIT ( * ) PLANE_ANGLE_UNIT ( ) SI_UNIT ( $, .RADIAN. ) );
#901 = SURFACE_SIDE_STYLE ('',( #1388 ) ) ;
#902 =( LENGTH_UNIT ( ) NAMED_UNIT ( * ) SI_UNIT ( .MILLI., .METRE. ) );
#903 = CARTESIAN_POINT ( 'NONE',  ( 1.734409173984143848, 1.412170840265797734E-16, 1.106249999998377032 ) ) ;
#904 = FACE_OUTER_BOUND ( 'NONE', #1281, .T. ) ;
#905 = FILL_AREA_STYLE_COLOUR ( '', #1216 ) ;
#906 = ORIENTED_EDGE ( 'NONE', *, *, #444, .T. ) ;
#907 = UNCERTAINTY_MEASURE_WITH_UNIT (LENGTH_MEASURE( 1.000000000000000082E-05 ), #725, 'distance_accuracy_value', 'NONE');
#908 = FACE_OUTER_BOUND ( 'NONE', #2015, .T. ) ;
#909 = PRESENTATION_STYLE_ASSIGNMENT (( #1990 ) ) ;
#910 = SURFACE_SIDE_STYLE ('',( #918 ) ) ;
#911 = CIRCLE ( 'NONE', #14, 0.7249999999999999778 ) ;
#912 = FILL_AREA_STYLE ('',( #2023 ) ) ;
#913 = VERTEX_POINT ( 'NONE', #175 ) ;
#914 = LINE ( 'NONE', #1233, #1146 ) ;
#915 = EDGE_CURVE ( 'NONE', #1009, #546, #1275, .T. ) ;
#916 = ORIENTED_EDGE ( 'NONE', *, *, #21, .T. ) ;
#917 = CARTESIAN_POINT ( 'NONE',  ( -2.200000000000001066, -1.000000000000001554, -3.367778697655221258E-17 ) ) ;
#918 = SURFACE_STYLE_FILL_AREA ( #1725 ) ;
#919 = SURFACE_STYLE_USAGE ( .BOTH. , #1392 ) ;
#920 = PRESENTATION_STYLE_ASSIGNMENT (( #1840 ) ) ;
#921 = EDGE_LOOP ( 'NONE', ( #627, #1439, #1999, #195 ) ) ;
#922 = SURFACE_SIDE_STYLE ('',( #1419 ) ) ;
#923 =( GEOMETRIC_REPRESENTATION_CONTEXT ( 3 ) GLOBAL_UNCERTAINTY_ASSIGNED_CONTEXT ( ( #2019 ) ) GLOBAL_UNIT_ASSIGNED_CONTEXT ( ( #1647, #237, #1782 ) ) REPRESENTATION_CONTEXT ( 'NONE', 'WORKASPACE' ) );
#924 = SURFACE_STYLE_FILL_AREA ( #137 ) ;
#925 =( GEOMETRIC_REPRESENTATION_CONTEXT ( 3 ) GLOBAL_UNCERTAINTY_ASSIGNED_CONTEXT ( ( #799 ) ) GLOBAL_UNIT_ASSIGNED_CONTEXT ( ( #854, #619, #1059 ) ) REPRESENTATION_CONTEXT ( 'NONE', 'WORKASPACE' ) );
#926 = EDGE_LOOP ( 'NONE', ( #1057, #797, #530, #145 ) ) ;
#927 = STYLED_ITEM ( 'NONE', ( #793 ), #13 ) ;
#928 = UNCERTAINTY_MEASURE_WITH_UNIT (LENGTH_MEASURE( 1.000000000000000082E-05 ), #726, 'distance_accuracy_value', 'NONE');
#929 = COLOUR_RGB ( '',0.8313725490196077761, 1.000000000000000000, 0.8666666666666666963 ) ;
#930 =( GEOMETRIC_REPRESENTATION_CONTEXT ( 3 ) GLOBAL_UNCERTAINTY_ASSIGNED_CONTEXT ( ( #639 ) ) GLOBAL_UNIT_ASSIGNED_CONTEXT ( ( #1456, #969, #837 ) ) REPRESENTATION_CONTEXT ( 'NONE', 'WORKASPACE' ) );
#931 = EDGE_LOOP ( 'NONE', ( #998, #419, #1361, #771 ) ) ;
#932 = VECTOR ( 'NONE', #1960, 1000.000000000000000 ) ;
#933 = CARTESIAN_POINT ( 'NONE',  ( 6.299999999999999822, 1.285879139104720732E-16, 1.050000000000000044 ) ) ;
#934 =( NAMED_UNIT ( * ) SI_UNIT ( $, .STERADIAN. ) SOLID_ANGLE_UNIT ( ) );
#935 = DIRECTION ( 'NONE',  ( 0.000000000000000000, 0.000000000000000000, 1.000000000000000000 ) ) ;
#936 = FILL_AREA_STYLE ('',( #1839 ) ) ;
#937 = CARTESIAN_POINT ( 'NONE',  ( 4.390702468768152400, 0.000000000000000000, 0.000000000000000000 ) ) ;
#938 = ORIENTED_EDGE ( 'NONE', *, *, #765, .F. ) ;
#939 = LINE ( 'NONE', #301, #1450 ) ;
#940 = EDGE_LOOP ( 'NONE', ( #666, #1538 ) ) ;
#941 = ORIENTED_EDGE ( 'NONE', *, *, #209, .F. ) ;
#942 = PRESENTATION_STYLE_ASSIGNMENT (( #1689 ) ) ;
#943 = EDGE_CURVE ( 'NONE', #724, #1886, #1081, .T. ) ;
#944 = DIRECTION ( 'NONE',  ( -1.000000000000000000, -0.000000000000000000, -0.000000000000000000 ) ) ;
#945 =( NAMED_UNIT ( * ) PLANE_ANGLE_UNIT ( ) SI_UNIT ( $, .RADIAN. ) );
#946 = UNCERTAINTY_MEASURE_WITH_UNIT (LENGTH_MEASURE( 1.000000000000000082E-05 ), #1807, 'distance_accuracy_value', 'NONE');
#947 =( LENGTH_UNIT ( ) NAMED_UNIT ( * ) SI_UNIT ( .MILLI., .METRE. ) );
#948 = PRESENTATION_STYLE_ASSIGNMENT (( #306 ) ) ;
#949 = DIRECTION ( 'NONE',  ( -1.000000000000000000, 0.000000000000000000, 0.000000000000000000 ) ) ;
#950 = DIRECTION ( 'NONE',  ( 1.000000000000000000, 0.000000000000000000, 0.000000000000000000 ) ) ;
#951 = ORIENTED_EDGE ( 'NONE', *, *, #1204, .F. ) ;
#952 = STYLED_ITEM ( 'NONE', ( #1843 ), #691 ) ;
#953 = DIRECTION ( 'NONE',  ( 0.000000000000000000, 0.000000000000000000, -1.000000000000000000 ) ) ;
#954 = DIRECTION ( 'NONE',  ( 1.000000000000000000, 0.000000000000000000, 0.000000000000000000 ) ) ;
#955 = CIRCLE ( 'NONE', #1560, 1.050000000000000044 ) ;
#956 = EDGE_LOOP ( 'NONE', ( #427, #1698, #448, #171 ) ) ;
#957 = TOROIDAL_SURFACE ( 'NONE', #25, 1.000000000000000444, 0.2750000000000000222 ) ;
#958 = AXIS2_PLACEMENT_3D ( 'NONE', #290, #1431, #1535 ) ;
#959 = MECHANICAL_DESIGN_GEOMETRIC_PRESENTATION_REPRESENTATION (  '', ( #1050 ), #714 ) ;
#960 = ORIENTED_EDGE ( 'NONE', *, *, #1938, .F. ) ;
#961 = STYLED_ITEM ( 'NONE', ( #1012 ), #1988 ) ;
#962 = PRESENTATION_LAYER_ASSIGNMENT (  '', '', ( #223 ) ) ;
#963 =( GEOMETRIC_REPRESENTATION_CONTEXT ( 3 ) GLOBAL_UNCERTAINTY_ASSIGNED_CONTEXT ( ( #928 ) ) GLOBAL_UNIT_ASSIGNED_CONTEXT ( ( #726, #1986, #1997 ) ) REPRESENTATION_CONTEXT ( 'NONE', 'WORKASPACE' ) );
#964 = CIRCLE ( 'NONE', #1319, 1.199999999999999956 ) ;
#965 = COLOUR_RGB ( '',0.6470588235294117974, 0.6196078431372549211, 0.5882352941176470784 ) ;
#966 = FILL_AREA_STYLE ('',( #660 ) ) ;
#967 = CARTESIAN_POINT ( 'NONE',  ( 2.209297531231849021, 0.000000000000000000, 0.000000000000000000 ) ) ;
#968 = SURFACE_STYLE_USAGE ( .BOTH. , #325 ) ;
#969 =( NAMED_UNIT ( * ) PLANE_ANGLE_UNIT ( ) SI_UNIT ( $, .RADIAN. ) );
#970 = ORIENTED_EDGE ( 'NONE', *, *, #1127, .F. ) ;
#971 = SURFACE_STYLE_FILL_AREA ( #1745 ) ;
#972 = DIRECTION ( 'NONE',  ( 8.673617379884036705E-17, -1.000000000000000000, 0.000000000000000000 ) ) ;
#973 = FACE_OUTER_BOUND ( 'NONE', #897, .T. ) ;
#974 =( NAMED_UNIT ( * ) PLANE_ANGLE_UNIT ( ) SI_UNIT ( $, .RADIAN. ) );
#975 = CARTESIAN_POINT ( 'NONE',  ( 6.299999999999999822, 0.000000000000000000, 0.000000000000000000 ) ) ;
#976 = VERTEX_POINT ( 'NONE', #802 ) ;
#977 = CARTESIAN_POINT ( 'NONE',  ( -2.925000000000002043, -1.000000000000001332, 0.000000000000000000 ) ) ;
#978 = EDGE_CURVE ( 'NONE', #805, #1711, #492, .T. ) ;
#979 = VERTEX_POINT ( 'NONE', #834 ) ;
#980 = DIRECTION ( 'NONE',  ( 1.000000000000000000, 0.000000000000000000, 0.000000000000000000 ) ) ;
#981 = DIRECTION ( 'NONE',  ( 0.000000000000000000, 0.000000000000000000, -1.000000000000000000 ) ) ;
#982 = FILL_AREA_STYLE_COLOUR ( '', #383 ) ;
#983 = CARTESIAN_POINT ( 'NONE',  ( 9.500000000000001776, -1.000000000000000888, 0.000000000000000000 ) ) ;
#984 = DIRECTION ( 'NONE',  ( -1.000000000000000000, -0.000000000000000000, -0.000000000000000000 ) ) ;
#985 = CARTESIAN_POINT ( 'NONE',  ( 6.299999999999999822, 0.000000000000000000, 0.000000000000000000 ) ) ;
#986 = ORIENTED_EDGE ( 'NONE', *, *, #1653, .F. ) ;
#987 = CARTESIAN_POINT ( 'NONE',  ( 5.799999999999999822, 0.000000000000000000, 0.000000000000000000 ) ) ;
#988 = ORIENTED_EDGE ( 'NONE', *, *, #199, .F. ) ;
#989 = MECHANICAL_DESIGN_GEOMETRIC_PRESENTATION_REPRESENTATION (  '', ( #277 ), #923 ) ;
#990 = PRESENTATION_LAYER_ASSIGNMENT (  '', '', ( #1871 ) ) ;
#991 = COLOUR_RGB ( '',0.8313725490196077761, 1.000000000000000000, 0.8666666666666666963 ) ;
#992 =( NAMED_UNIT ( * ) PLANE_ANGLE_UNIT ( ) SI_UNIT ( $, .RADIAN. ) );
#993 =( LENGTH_UNIT ( ) NAMED_UNIT ( * ) SI_UNIT ( .MILLI., .METRE. ) );
#994 = STYLED_ITEM ( 'NONE', ( #116 ), #1815 ) ;
#995 = DIRECTION ( 'NONE',  ( 1.000000000000000000, -0.000000000000000000, -0.000000000000000000 ) ) ;
#996 = FACE_OUTER_BOUND ( 'NONE', #1504, .T. ) ;
#997 = ORIENTED_EDGE ( 'NONE', *, *, #798, .T. ) ;
#998 = ORIENTED_EDGE ( 'NONE', *, *, #1938, .T. ) ;
#999 = CARTESIAN_POINT ( 'NONE',  ( 6.299999999999999822, 0.000000000000000000, 0.000000000000000000 ) ) ;
#1000 =( LENGTH_UNIT ( ) NAMED_UNIT ( * ) SI_UNIT ( .MILLI., .METRE. ) );
#1001 = LINE ( 'NONE', #214, #2041 ) ;
#1002 = SURFACE_SIDE_STYLE ('',( #1441 ) ) ;
#1003 = ADVANCED_FACE ( 'NONE', ( #336, #497 ), #791, .T. ) ;
#1004 = EDGE_LOOP ( 'NONE', ( #581, #293, #1118, #24 ) ) ;
#1005 = CARTESIAN_POINT ( 'NONE',  ( 4.565590826015855974, 0.000000000000000000, 0.000000000000000000 ) ) ;
#1006 = PRESENTATION_STYLE_ASSIGNMENT (( #1780 ) ) ;
#1007 = DIRECTION ( 'NONE',  ( 0.000000000000000000, 0.000000000000000000, -1.000000000000000000 ) ) ;
#1008 =( NAMED_UNIT ( * ) PLANE_ANGLE_UNIT ( ) SI_UNIT ( $, .RADIAN. ) );
#1009 = VERTEX_POINT ( 'NONE', #330 ) ;
#1010 =( NAMED_UNIT ( * ) SI_UNIT ( $, .STERADIAN. ) SOLID_ANGLE_UNIT ( ) );
#1011 = CARTESIAN_POINT ( 'NONE',  ( 6.299999999999999822, 0.000000000000000000, -1.050000000000000044 ) ) ;
#1012 = PRESENTATION_STYLE_ASSIGNMENT (( #372 ) ) ;
#1013 = ORIENTED_EDGE ( 'NONE', *, *, #111, .F. ) ;
#1014 = SURFACE_STYLE_FILL_AREA ( #373 ) ;
#1015 = FILL_AREA_STYLE_COLOUR ( '', #274 ) ;
#1016 = FILL_AREA_STYLE_COLOUR ( '', #1670 ) ;
#1017 = DIRECTION ( 'NONE',  ( 0.000000000000000000, 0.000000000000000000, -1.000000000000000000 ) ) ;
#1018 = CARTESIAN_POINT ( 'NONE',  ( 4.340702468768153466, 1.285879139104720732E-16, 1.050000000000000044 ) ) ;
#1019 = ORIENTED_EDGE ( 'NONE', *, *, #1619, .F. ) ;
#1020 = AXIS2_PLACEMENT_3D ( 'NONE', #67, #1659, #1327 ) ;
#1021 = AXIS2_PLACEMENT_3D ( 'NONE', #328, #271, #115 ) ;
#1022 = FILL_AREA_STYLE_COLOUR ( '', #1998 ) ;
#1023 =( NAMED_UNIT ( * ) SI_UNIT ( $, .STERADIAN. ) SOLID_ANGLE_UNIT ( ) );
#1024 = CARTESIAN_POINT ( 'NONE',  ( 6.299999999999999822, 0.000000000000000000, 0.000000000000000000 ) ) ;
#1025 = CIRCLE ( 'NONE', #786, 0.2750000000000000222 ) ;
#1026 = DIRECTION ( 'NONE',  ( 1.000000000000000000, -0.000000000000000000, -0.000000000000000000 ) ) ;
#1027 = CIRCLE ( 'NONE', #1574, 1.050000000000000044 ) ;
#1028 =( GEOMETRIC_REPRESENTATION_CONTEXT ( 3 ) GLOBAL_UNCERTAINTY_ASSIGNED_CONTEXT ( ( #1575 ) ) GLOBAL_UNIT_ASSIGNED_CONTEXT ( ( #993, #176, #23 ) ) REPRESENTATION_CONTEXT ( 'NONE', 'WORKASPACE' ) );
#1029 = ORIENTED_EDGE ( 'NONE', *, *, #1249, .T. ) ;
#1030 = ADVANCED_FACE ( 'NONE', ( #1440 ), #888, .T. ) ;
#1031 = UNCERTAINTY_MEASURE_WITH_UNIT (LENGTH_MEASURE( 1.000000000000000082E-05 ), #1991, 'distance_accuracy_value', 'NONE');
#1032 = PRESENTATION_STYLE_ASSIGNMENT (( #1951 ) ) ;
#1033 = DIRECTION ( 'NONE',  ( 0.000000000000000000, 0.000000000000000000, -1.000000000000000000 ) ) ;
#1034 = DIRECTION ( 'NONE',  ( 0.000000000000000000, 0.000000000000000000, -1.000000000000000000 ) ) ;
#1035 = CARTESIAN_POINT ( 'NONE',  ( 4.565590826015855974, 1.412170840265797980E-16, -1.106249999998377698 ) ) ;
#1036 = DIRECTION ( 'NONE',  ( 0.000000000000000000, 0.000000000000000000, -1.000000000000000000 ) ) ;
#1037 = CARTESIAN_POINT ( 'NONE',  ( 6.299999999999999822, -0.2750000000000000222, 3.367778697655221258E-17 ) ) ;
#1038 = SURFACE_SIDE_STYLE ('',( #872 ) ) ;
#1039 = SURFACE_SIDE_STYLE ('',( #873 ) ) ;
#1040 = PRESENTATION_STYLE_ASSIGNMENT (( #407 ) ) ;
#1041 = ORIENTED_EDGE ( 'NONE', *, *, #1273, .F. ) ;
#1042 = UNCERTAINTY_MEASURE_WITH_UNIT (LENGTH_MEASURE( 1.000000000000000082E-05 ), #746, 'distance_accuracy_value', 'NONE');
#1043 = EDGE_CURVE ( 'NONE', #1082, #511, #825, .T. ) ;
#1044 = FILL_AREA_STYLE_COLOUR ( '', #1242 ) ;
#1045 = DIRECTION ( 'NONE',  ( -1.000000000000000000, -0.000000000000000000, -0.000000000000000000 ) ) ;
#1046 = AXIS2_PLACEMENT_3D ( 'NONE', #1746, #1735, #1265 ) ;
#1047 = FILL_AREA_STYLE_COLOUR ( '', #2050 ) ;
#1048 =( LENGTH_UNIT ( ) NAMED_UNIT ( * ) SI_UNIT ( .MILLI., .METRE. ) );
#1049 = LINE ( 'NONE', #1672, #467 ) ;
#1050 = STYLED_ITEM ( 'NONE', ( #1595 ), #1232 ) ;
#1051 = MECHANICAL_DESIGN_GEOMETRIC_PRESENTATION_REPRESENTATION (  '', ( #2008 ), #1935 ) ;
#1052 =( GEOMETRIC_REPRESENTATION_CONTEXT ( 3 ) GLOBAL_UNCERTAINTY_ASSIGNED_CONTEXT ( ( #93 ) ) GLOBAL_UNIT_ASSIGNED_CONTEXT ( ( #1433, #623, #606 ) ) REPRESENTATION_CONTEXT ( 'NONE', 'WORKASPACE' ) );
#1053 = SURFACE_STYLE_USAGE ( .BOTH. , #1812 ) ;
#1054 =( NAMED_UNIT ( * ) SI_UNIT ( $, .STERADIAN. ) SOLID_ANGLE_UNIT ( ) );
#1055 = AXIS2_PLACEMENT_3D ( 'NONE', #743, #950, #161 ) ;
#1056 = AXIS2_PLACEMENT_3D ( 'NONE', #967, #1747, #513 ) ;
#1057 = ORIENTED_EDGE ( 'NONE', *, *, #943, .T. ) ;
#1058 = DIRECTION ( 'NONE',  ( -1.000000000000000000, -0.000000000000000000, -0.000000000000000000 ) ) ;
#1059 =( NAMED_UNIT ( * ) SI_UNIT ( $, .STERADIAN. ) SOLID_ANGLE_UNIT ( ) );
#1060 =( NAMED_UNIT ( * ) PLANE_ANGLE_UNIT ( ) SI_UNIT ( $, .RADIAN. ) );
#1061 =( NAMED_UNIT ( * ) PLANE_ANGLE_UNIT ( ) SI_UNIT ( $, .RADIAN. ) );
#1062 = EDGE_CURVE ( 'NONE', #1219, #1752, #1868, .T. ) ;
#1063 = SURFACE_STYLE_USAGE ( .BOTH. , #2014 ) ;
#1064 = ORIENTED_EDGE ( 'NONE', *, *, #1539, .F. ) ;
#1065 = DIRECTION ( 'NONE',  ( 1.000000000000000000, -0.000000000000000000, -0.000000000000000000 ) ) ;
#1066 = DIRECTION ( 'NONE',  ( 0.000000000000000000, 1.000000000000000000, -1.224646799147353207E-16 ) ) ;
#1067 = ORIENTED_EDGE ( 'NONE', *, *, #1128, .T. ) ;
#1068 = UNCERTAINTY_MEASURE_WITH_UNIT (LENGTH_MEASURE( 1.000000000000000082E-05 ), #1491, 'distance_accuracy_value', 'NONE');
#1069 = ORIENTED_EDGE ( 'NONE', *, *, #482, .F. ) ;
#1070 = FILL_AREA_STYLE ('',( #631 ) ) ;
#1071 = DIRECTION ( 'NONE',  ( 0.000000000000000000, 1.000000000000000000, -1.224646799147353207E-16 ) ) ;
#1072 = VERTEX_POINT ( 'NONE', #1307 ) ;
#1073 = ADVANCED_FACE ( 'NONE', ( #1483 ), #957, .T. ) ;
#1074 = CARTESIAN_POINT ( 'NONE',  ( 0.000000000000000000, 0.000000000000000000, -0.6999999999999998446 ) ) ;
#1075 = SURFACE_STYLE_USAGE ( .BOTH. , #1863 ) ;
#1076 = EDGE_LOOP ( 'NONE', ( #1442, #2039, #1193, #588 ) ) ;
#1077 = ORIENTED_EDGE ( 'NONE', *, *, #1138, .T. ) ;
#1078 =( LENGTH_UNIT ( ) NAMED_UNIT ( * ) SI_UNIT ( .MILLI., .METRE. ) );
#1079 = STYLED_ITEM ( 'NONE', ( #1377 ), #844 ) ;
#1080 = CARTESIAN_POINT ( 'NONE',  ( 6.299999999999999822, 0.000000000000000000, 0.000000000000000000 ) ) ;
#1081 = CIRCLE ( 'NONE', #1083, 1.199999999999999956 ) ;
#1082 = VERTEX_POINT ( 'NONE', #877 ) ;
#1083 = AXIS2_PLACEMENT_3D ( 'NONE', #1126, #669, #1298 ) ;
#1084 =( LENGTH_UNIT ( ) NAMED_UNIT ( * ) SI_UNIT ( .MILLI., .METRE. ) );
#1085 =( GEOMETRIC_REPRESENTATION_CONTEXT ( 3 ) GLOBAL_UNCERTAINTY_ASSIGNED_CONTEXT ( ( #1487 ) ) GLOBAL_UNIT_ASSIGNED_CONTEXT ( ( #1078, #284, #934 ) ) REPRESENTATION_CONTEXT ( 'NONE', 'WORKASPACE' ) );
#1086 = ORIENTED_EDGE ( 'NONE', *, *, #1147, .T. ) ;
#1087 = AXIS2_PLACEMENT_3D ( 'NONE', #778, #644, #953 ) ;
#1088 = STYLED_ITEM ( 'NONE', ( #391 ), #1434 ) ;
#1089 = UNCERTAINTY_MEASURE_WITH_UNIT (LENGTH_MEASURE( 1.000000000000000082E-05 ), #674, 'distance_accuracy_value', 'NONE');
#1090 = STYLED_ITEM ( 'NONE', ( #1613 ), #410 ) ;
#1091 = STYLED_ITEM ( 'NONE', ( #510 ), #1549 ) ;
#1092 = ADVANCED_FACE ( 'NONE', ( #82 ), #693, .T. ) ;
#1093 = VERTEX_POINT ( 'NONE', #1777 ) ;
#1094 = AXIS2_PLACEMENT_3D ( 'NONE', #702, #1336, #218 ) ;
#1095 = DIRECTION ( 'NONE',  ( 1.000000000000000000, -0.000000000000000000, -0.000000000000000000 ) ) ;
#1096 = CARTESIAN_POINT ( 'NONE',  ( 2.659297531231849199, 0.000000000000000000, 0.000000000000000000 ) ) ;
#1097 = FACE_OUTER_BOUND ( 'NONE', #327, .T. ) ;
#1098 = ORIENTED_EDGE ( 'NONE', *, *, #580, .T. ) ;
#1099 = DIRECTION ( 'NONE',  ( 0.000000000000000000, 1.224646799147353207E-16, 1.000000000000000000 ) ) ;
#1100 = DIRECTION ( 'NONE',  ( 0.000000000000000000, 1.224646799147353207E-16, 1.000000000000000000 ) ) ;
#1101 =( NAMED_UNIT ( * ) PLANE_ANGLE_UNIT ( ) SI_UNIT ( $, .RADIAN. ) );
#1102 = ORIENTED_EDGE ( 'NONE', *, *, #198, .F. ) ;
#1103 = FILL_AREA_STYLE_COLOUR ( '', #1346 ) ;
#1104 = SURFACE_SIDE_STYLE ('',( #1713 ) ) ;
#1105 = ORIENTED_EDGE ( 'NONE', *, *, #209, .T. ) ;
#1106 = CARTESIAN_POINT ( 'NONE',  ( 6.299999999999999822, 0.000000000000000000, 0.000000000000000000 ) ) ;
#1107 = EDGE_LOOP ( 'NONE', ( #396, #773 ) ) ;
#1108 = UNCERTAINTY_MEASURE_WITH_UNIT (LENGTH_MEASURE( 1.000000000000000082E-05 ), #1763, 'distance_accuracy_value', 'NONE');
#1109 = DIRECTION ( 'NONE',  ( 1.000000000000000000, -0.000000000000000000, -0.000000000000000000 ) ) ;
#1110 = EDGE_CURVE ( 'NONE', #1329, #1230, #370, .T. ) ;
#1111 = SURFACE_STYLE_USAGE ( .BOTH. , #1925 ) ;
#1112 = ORIENTED_EDGE ( 'NONE', *, *, #308, .F. ) ;
#1113 = STYLED_ITEM ( 'NONE', ( #48 ), #611 ) ;
#1114 = SURFACE_STYLE_USAGE ( .BOTH. , #1455 ) ;
#1115 = FILL_AREA_STYLE ('',( #487 ) ) ;
#1116 = DIRECTION ( 'NONE',  ( 0.000000000000000000, 0.000000000000000000, -1.000000000000000000 ) ) ;
#1117 = MECHANICAL_DESIGN_GEOMETRIC_PRESENTATION_REPRESENTATION (  '', ( #1280 ), #313 ) ;
#1118 = ORIENTED_EDGE ( 'NONE', *, *, #442, .T. ) ;
#1119 = CARTESIAN_POINT ( 'NONE',  ( 8.500000000000000000, -2.694222958124177500E-16, 0.000000000000000000 ) ) ;
#1120 = COLOUR_RGB ( '',1.000000000000000000, 1.000000000000000000, 0.7529411764705882248 ) ;
#1121 = EDGE_LOOP ( 'NONE', ( #1731, #906, #19, #6 ) ) ;
#1122 = AXIS2_PLACEMENT_3D ( 'NONE', #1244, #794, #645 ) ;
#1123 = CIRCLE ( 'NONE', #565, 1.050000000000000044 ) ;
#1124 = DIRECTION ( 'NONE',  ( 0.000000000000000000, 0.000000000000000000, -1.000000000000000000 ) ) ;
#1125 =( NAMED_UNIT ( * ) SI_UNIT ( $, .STERADIAN. ) SOLID_ANGLE_UNIT ( ) );
#1126 = CARTESIAN_POINT ( 'NONE',  ( 1.442928578572856724, 0.000000000000000000, 0.000000000000000000 ) ) ;
#1127 = EDGE_CURVE ( 'NONE', #1752, #913, #1001, .T. ) ;
#1128 = EDGE_CURVE ( 'NONE', #1262, #646, #187, .T. ) ;
#1129 = CARTESIAN_POINT ( 'NONE',  ( 6.299999999999999822, 0.000000000000000000, 0.000000000000000000 ) ) ;
#1130 = VERTEX_POINT ( 'NONE', #1956 ) ;
#1131 = ORIENTED_EDGE ( 'NONE', *, *, #1540, .T. ) ;
#1132 = FILL_AREA_STYLE ('',( #982 ) ) ;
#1133 = ORIENTED_EDGE ( 'NONE', *, *, #1273, .T. ) ;
#1134 =( NAMED_UNIT ( * ) SI_UNIT ( $, .STERADIAN. ) SOLID_ANGLE_UNIT ( ) );
#1135 = CYLINDRICAL_SURFACE ( 'NONE', #1608, 1.050000000000000044 ) ;
#1136 = SURFACE_SIDE_STYLE ('',( #843 ) ) ;
#1137 = ORIENTED_EDGE ( 'NONE', *, *, #1540, .F. ) ;
#1138 = EDGE_CURVE ( 'NONE', #392, #1093, #1906, .T. ) ;
#1139 = CIRCLE ( 'NONE', #1551, 1.050000000000000044 ) ;
#1140 = ORIENTED_EDGE ( 'NONE', *, *, #865, .T. ) ;
#1141 = COLOUR_RGB ( '',0.6470588235294117974, 0.6196078431372549211, 0.5882352941176470784 ) ;
#1142 = AXIS2_PLACEMENT_3D ( 'NONE', #54, #101, #1492 ) ;
#1143 = FILL_AREA_STYLE_COLOUR ( '', #1212 ) ;
#1144 = ORIENTED_EDGE ( 'NONE', *, *, #1977, .T. ) ;
#1145 = AXIS2_PLACEMENT_3D ( 'NONE', #1271, #608, #2007 ) ;
#1146 = VECTOR ( 'NONE', #1844, 1000.000000000000000 ) ;
#1147 = EDGE_CURVE ( 'NONE', #1130, #365, #1282, .T. ) ;
#1148 = PRESENTATION_LAYER_ASSIGNMENT (  '', '', ( #220 ) ) ;
#1149 = COLOUR_RGB ( '',0.8313725490196077761, 1.000000000000000000, 0.8666666666666666963 ) ;
#1150 = STYLED_ITEM ( 'NONE', ( #1040 ), #1466 ) ;
#1151 = FILL_AREA_STYLE_COLOUR ( '', #1165 ) ;
#1152 = PRESENTATION_LAYER_ASSIGNMENT (  '', '', ( #253 ) ) ;
#1153 = DIRECTION ( 'NONE',  ( 1.000000000000000000, -0.000000000000000000, -0.000000000000000000 ) ) ;
#1154 = SURFACE_SIDE_STYLE ('',( #1894 ) ) ;
#1155 = PRESENTATION_LAYER_ASSIGNMENT (  '', '', ( #1939 ) ) ;
#1156 = SURFACE_STYLE_USAGE ( .BOTH. , #678 ) ;
#1157 = SURFACE_SIDE_STYLE ('',( #529 ) ) ;
#1158 = ORIENTED_EDGE ( 'NONE', *, *, #308, .T. ) ;
#1159 = PRODUCT_RELATED_PRODUCT_CATEGORY ( 'part', '', ( #741 ) ) ;
#1160 = CARTESIAN_POINT ( 'NONE',  ( 6.299999999999999822, 0.000000000000000000, 0.000000000000000000 ) ) ;
#1161 = DIRECTION ( 'NONE',  ( 0.000000000000000000, 0.000000000000000000, -1.000000000000000000 ) ) ;
#1162 = FILL_AREA_STYLE ('',( #1981 ) ) ;
#1163 = ORIENTED_EDGE ( 'NONE', *, *, #545, .F. ) ;
#1164 = DIRECTION ( 'NONE',  ( 0.000000000000000000, 0.000000000000000000, -1.000000000000000000 ) ) ;
#1165 = COLOUR_RGB ( '',0.8313725490196077761, 1.000000000000000000, 0.8666666666666666963 ) ;
#1166 = SURFACE_STYLE_FILL_AREA ( #708 ) ;
#1167 = EDGE_CURVE ( 'NONE', #546, #309, #817, .T. ) ;
#1168 = FACE_OUTER_BOUND ( 'NONE', #776, .T. ) ;
#1169 = DIRECTION ( 'NONE',  ( 0.000000000000000000, 0.000000000000000000, -1.000000000000000000 ) ) ;
#1170 = EDGE_CURVE ( 'NONE', #1230, #1248, #521, .T. ) ;
#1171 = ADVANCED_FACE ( 'NONE', ( #1206 ), #2021, .F. ) ;
#1172 = CARTESIAN_POINT ( 'NONE',  ( 6.299999999999999822, 1.285879139104720732E-16, 1.050000000000000044 ) ) ;
#1173 = EDGE_LOOP ( 'NONE', ( #1381, #1399, #191, #1276 ) ) ;
#1174 = EDGE_LOOP ( 'NONE', ( #675, #636, #368, #1709 ) ) ;
#1175 = MECHANICAL_DESIGN_GEOMETRIC_PRESENTATION_REPRESENTATION (  '', ( #312 ), #1598 ) ;
#1176 = STYLED_ITEM ( 'NONE', ( #381 ), #754 ) ;
#1177 = PRESENTATION_LAYER_ASSIGNMENT (  '', '', ( #558 ) ) ;
#1178 = COLOUR_RGB ( '',0.8313725490196077761, 1.000000000000000000, 0.8666666666666666963 ) ;
#1179 = DIRECTION ( 'NONE',  ( -1.000000000000000000, -0.000000000000000000, -0.000000000000000000 ) ) ;
#1180 = COLOUR_RGB ( '',0.8313725490196077761, 1.000000000000000000, 0.8666666666666666963 ) ;
#1181 = CARTESIAN_POINT ( 'NONE',  ( 2.859297531231848932, 0.000000000000000000, 0.000000000000000000 ) ) ;
#1182 = AXIS2_PLACEMENT_3D ( 'NONE', #172, #1461, #516 ) ;
#1183 = STYLED_ITEM ( 'NONE', ( #443 ), #344 ) ;
#1184 = STYLED_ITEM ( 'NONE', ( #462 ), #112 ) ;
#1185 = CARTESIAN_POINT ( 'NONE',  ( 6.299999999999999822, 0.000000000000000000, -1.050000000000000044 ) ) ;
#1186 = DIRECTION ( 'NONE',  ( 1.000000000000000000, -0.000000000000000000, -0.000000000000000000 ) ) ;
#1187 = VECTOR ( 'NONE', #375, 1000.000000000000000 ) ;
#1188 = FILL_AREA_STYLE_COLOUR ( '', #56 ) ;
#1189 = DIRECTION ( 'NONE',  ( 0.000000000000000000, 0.000000000000000000, -1.000000000000000000 ) ) ;
#1190 = STYLED_ITEM ( 'NONE', ( #948 ), #572 ) ;
#1191 = CYLINDRICAL_SURFACE ( 'NONE', #1020, 0.2749999999999991895 ) ;
#1192 = SURFACE_STYLE_FILL_AREA ( #389 ) ;
#1193 = ORIENTED_EDGE ( 'NONE', *, *, #915, .T. ) ;
#1194 = ADVANCED_FACE ( 'NONE', ( #430 ), #1373, .T. ) ;
#1195 = LINE ( 'NONE', #535, #1277 ) ;
#1196 = FILL_AREA_STYLE ('',( #800 ) ) ;
#1197 = SURFACE_STYLE_FILL_AREA ( #1648 ) ;
#1198 = SURFACE_SIDE_STYLE ('',( #858 ) ) ;
#1199 = CARTESIAN_POINT ( 'NONE',  ( 1.909297531231847422, 0.000000000000000000, -1.050000000000000044 ) ) ;
#1200 = DIRECTION ( 'NONE',  ( -1.000000000000000000, -1.224646799147353207E-16, 0.000000000000000000 ) ) ;
#1201 = DIRECTION ( 'NONE',  ( 0.000000000000000000, 1.000000000000000000, -1.224646799147353207E-16 ) ) ;
#1202 = DIRECTION ( 'NONE',  ( -1.000000000000000000, 0.000000000000000000, 0.000000000000000000 ) ) ;
#1203 = UNCERTAINTY_MEASURE_WITH_UNIT (LENGTH_MEASURE( 1.000000000000000082E-05 ), #450, 'distance_accuracy_value', 'NONE');
#1204 = EDGE_CURVE ( 'NONE', #1910, #1329, #495, .T. ) ;
#1205 = CARTESIAN_POINT ( 'NONE',  ( 6.299999999999999822, 0.000000000000000000, 0.000000000000000000 ) ) ;
#1206 = FACE_OUTER_BOUND ( 'NONE', #440, .T. ) ;
#1207 = MECHANICAL_DESIGN_GEOMETRIC_PRESENTATION_REPRESENTATION (  '', ( #1184 ), #1699 ) ;
#1208 = MECHANICAL_DESIGN_GEOMETRIC_PRESENTATION_REPRESENTATION (  '', ( #1603 ), #1468 ) ;
#1209 = SURFACE_STYLE_USAGE ( .BOTH. , #734 ) ;
#1210 = CIRCLE ( 'NONE', #686, 0.5000000000000000000 ) ;
#1211 = TOROIDAL_SURFACE ( 'NONE', #1087, 0.6999999999999998446, 0.5000000000000000000 ) ;
#1212 = COLOUR_RGB ( '',0.8313725490196077761, 1.000000000000000000, 0.8666666666666666963 ) ;
#1213 = CIRCLE ( 'NONE', #1471, 0.2750000000000000222 ) ;
#1214 =( GEOMETRIC_REPRESENTATION_CONTEXT ( 3 ) GLOBAL_UNCERTAINTY_ASSIGNED_CONTEXT ( ( #728 ) ) GLOBAL_UNIT_ASSIGNED_CONTEXT ( ( #1779, #332, #366 ) ) REPRESENTATION_CONTEXT ( 'NONE', 'WORKASPACE' ) );
#1215 = ORIENTED_EDGE ( 'NONE', *, *, #1681, .F. ) ;
#1216 = COLOUR_RGB ( '',0.6470588235294117974, 0.6196078431372549211, 0.5882352941176470784 ) ;
#1217 = CIRCLE ( 'NONE', #689, 0.5000000000000000000 ) ;
#1218 =( GEOMETRIC_REPRESENTATION_CONTEXT ( 3 ) GLOBAL_UNCERTAINTY_ASSIGNED_CONTEXT ( ( #1400 ) ) GLOBAL_UNIT_ASSIGNED_CONTEXT ( ( #1794, #548, #723 ) ) REPRESENTATION_CONTEXT ( 'NONE', 'WORKASPACE' ) );
#1219 = VERTEX_POINT ( 'NONE', #1858 ) ;
#1220 = DIRECTION ( 'NONE',  ( 3.572850611589496600E-17, 1.000000000000000000, 0.000000000000000000 ) ) ;
#1221 = SURFACE_STYLE_FILL_AREA ( #1403 ) ;
#1222 =( LENGTH_UNIT ( ) NAMED_UNIT ( * ) SI_UNIT ( .MILLI., .METRE. ) );
#1223 = DIRECTION ( 'NONE',  ( 1.000000000000000000, -0.000000000000000000, -0.000000000000000000 ) ) ;
#1224 = CARTESIAN_POINT ( 'NONE',  ( 6.299999999999999822, 0.000000000000000000, 0.000000000000000000 ) ) ;
#1225 = UNCERTAINTY_MEASURE_WITH_UNIT (LENGTH_MEASURE( 1.000000000000000082E-05 ), #1972, 'distance_accuracy_value', 'NONE');
#1226 = SURFACE_SIDE_STYLE ('',( #114 ) ) ;
#1227 = CARTESIAN_POINT ( 'NONE',  ( 6.299999999999999822, 1.285879139104720732E-16, 1.050000000000000044 ) ) ;
#1228 = CARTESIAN_POINT ( 'NONE',  ( 4.390702468768152400, 0.000000000000000000, -1.050000000000000044 ) ) ;
#1229 = DIRECTION ( 'NONE',  ( 1.000000000000000000, -0.000000000000000000, -0.000000000000000000 ) ) ;
#1230 = VERTEX_POINT ( 'NONE', #755 ) ;
#1231 = SURFACE_SIDE_STYLE ('',( #1853 ) ) ;
#1232 = ADVANCED_FACE ( 'NONE', ( #449 ), #1605, .T. ) ;
#1233 = CARTESIAN_POINT ( 'NONE',  ( 6.299999999999999822, 1.469576158976823553E-16, -1.199999999999999956 ) ) ;
#1234 = PLANE ( 'NONE',  #252 ) ;
#1235 = ORIENTED_EDGE ( 'NONE', *, *, #1062, .F. ) ;
#1236 = ORIENTED_EDGE ( 'NONE', *, *, #1685, .T. ) ;
#1237 = CARTESIAN_POINT ( 'NONE',  ( 4.565590826015855974, 0.000000000000000000, 0.000000000000000000 ) ) ;
#1238 = CIRCLE ( 'NONE', #624, 1.106249999998377698 ) ;
#1239 = FILL_AREA_STYLE_COLOUR ( '', #321 ) ;
#1240 = FACE_OUTER_BOUND ( 'NONE', #1121, .T. ) ;
#1241 = LINE ( 'NONE', #635, #862 ) ;
#1242 = COLOUR_RGB ( '',0.6470588235294117974, 0.6196078431372549211, 0.5882352941176470784 ) ;
#1243 = CIRCLE ( 'NONE', #1284, 0.2999999999999999334 ) ;
#1244 = CARTESIAN_POINT ( 'NONE',  ( 9.500000000000001776, -1.000000000000000888, 0.000000000000000000 ) ) ;
#1245 = MECHANICAL_DESIGN_GEOMETRIC_PRESENTATION_REPRESENTATION (  '', ( #592 ), #750 ) ;
#1246 = DIRECTION ( 'NONE',  ( 0.000000000000000000, 0.000000000000000000, -1.000000000000000000 ) ) ;
#1247 = VECTOR ( 'NONE', #1255, 1000.000000000000000 ) ;
#1248 = VERTEX_POINT ( 'NONE', #1947 ) ;
#1249 = EDGE_CURVE ( 'NONE', #1633, #550, #461, .T. ) ;
#1250 = PRESENTATION_LAYER_ASSIGNMENT (  '', '', ( #788 ) ) ;
#1251 = AXIS2_PLACEMENT_3D ( 'NONE', #1359, #1026, #230 ) ;
#1252 = EDGE_LOOP ( 'NONE', ( #1426, #9, #32, #941 ) ) ;
#1253 = CIRCLE ( 'NONE', #1056, 1.050000000000000044 ) ;
#1254 = FILL_AREA_STYLE ('',( #1103 ) ) ;
#1255 = DIRECTION ( 'NONE',  ( 1.000000000000000000, -0.000000000000000000, -0.000000000000000000 ) ) ;
#1256 = FILL_AREA_STYLE ('',( #466 ) ) ;
#1257 = DIRECTION ( 'NONE',  ( 0.000000000000000000, 0.000000000000000000, -1.000000000000000000 ) ) ;
#1258 = CARTESIAN_POINT ( 'NONE',  ( 2.659297531231849199, 0.000000000000000000, 0.000000000000000000 ) ) ;
#1259 = ORIENTED_EDGE ( 'NONE', *, *, #361, .T. ) ;
#1260 = CARTESIAN_POINT ( 'NONE',  ( 6.299999999999999822, 0.000000000000000000, 1.199999999999999956 ) ) ;
#1261 = FACE_BOUND ( 'NONE', #1706, .T. ) ;
#1262 = VERTEX_POINT ( 'NONE', #180 ) ;
#1263 =( NAMED_UNIT ( * ) PLANE_ANGLE_UNIT ( ) SI_UNIT ( $, .RADIAN. ) );
#1264 = FACE_OUTER_BOUND ( 'NONE', #926, .T. ) ;
#1265 = DIRECTION ( 'NONE',  ( 0.000000000000000000, 0.000000000000000000, -1.000000000000000000 ) ) ;
#1266 = DIRECTION ( 'NONE',  ( 0.000000000000000000, 0.000000000000000000, -1.000000000000000000 ) ) ;
#1267 = ORIENTED_EDGE ( 'NONE', *, *, #1502, .T. ) ;
#1268 = FACE_OUTER_BOUND ( 'NONE', #719, .T. ) ;
#1269 = FILL_AREA_STYLE_COLOUR ( '', #57 ) ;
#1270 = VERTEX_POINT ( 'NONE', #1018 ) ;
#1271 = CARTESIAN_POINT ( 'NONE',  ( 9.500000000000001776, -1.000000000000000888, 0.000000000000000000 ) ) ;
#1272 = CARTESIAN_POINT ( 'NONE',  ( 0.000000000000000000, 0.000000000000000000, 0.000000000000000000 ) ) ;
#1273 = EDGE_CURVE ( 'NONE', #1305, #408, #250, .T. ) ;
#1274 = SURFACE_STYLE_FILL_AREA ( #22 ) ;
#1275 = LINE ( 'NONE', #651, #1766 ) ;
#1276 = ORIENTED_EDGE ( 'NONE', *, *, #1170, .T. ) ;
#1277 = VECTOR ( 'NONE', #1482, 1000.000000000000000 ) ;
#1278 = DIRECTION ( 'NONE',  ( 1.000000000000000000, -0.000000000000000000, -0.000000000000000000 ) ) ;
#1279 = DIRECTION ( 'NONE',  ( 1.000000000000000000, -0.000000000000000000, -0.000000000000000000 ) ) ;
#1280 = STYLED_ITEM ( 'NONE', ( #695 ), #820 ) ;
#1281 = EDGE_LOOP ( 'NONE', ( #1736, #2049, #1105, #759 ) ) ;
#1282 = CIRCLE ( 'NONE', #1145, 0.2750000000000000222 ) ;
#1283 =( GEOMETRIC_REPRESENTATION_CONTEXT ( 3 ) GLOBAL_UNCERTAINTY_ASSIGNED_CONTEXT ( ( #1636 ) ) GLOBAL_UNIT_ASSIGNED_CONTEXT ( ( #159, #1723, #1428 ) ) REPRESENTATION_CONTEXT ( 'NONE', 'WORKASPACE' ) );
#1284 = AXIS2_PLACEMENT_3D ( 'NONE', #1985, #1201, #1571 ) ;
#1285 = CARTESIAN_POINT ( 'NONE',  ( 2.209297531231849021, 0.000000000000000000, 0.000000000000000000 ) ) ;
#1286 = CLOSED_SHELL ( 'NONE', ( #1073, #2034, #713, #845, #1466, #1901, #1988, #1773, #691, #1232, #603, #1808, #640, #1904, #517, #572, #1522, #820, #844, #455, #344, #387, #242, #611, #1610, #1303, #1194, #1667, #173, #1549, #1092, #663, #1481, #112, #1003, #481, #13, #673, #1030, #1815, #1434, #410, #62, #621, #2004, #258, #324, #754, #1569, #1171 ) ) ;
#1287 = CIRCLE ( 'NONE', #388, 0.2750000000000000222 ) ;
#1288 =( GEOMETRIC_REPRESENTATION_CONTEXT ( 3 ) GLOBAL_UNCERTAINTY_ASSIGNED_CONTEXT ( ( #1814 ) ) GLOBAL_UNIT_ASSIGNED_CONTEXT ( ( #26, #974, #36 ) ) REPRESENTATION_CONTEXT ( 'NONE', 'WORKASPACE' ) );
#1289 = MECHANICAL_DESIGN_GEOMETRIC_PRESENTATION_REPRESENTATION (  '', ( #788 ), #1743 ) ;
#1290 = CIRCLE ( 'NONE', #2012, 1.050000000000000044 ) ;
#1291 = FILL_AREA_STYLE_COLOUR ( '', #1180 ) ;
#1292 = LINE ( 'NONE', #1580, #1928 ) ;
#1293 = SURFACE_STYLE_FILL_AREA ( #652 ) ;
#1294 = CARTESIAN_POINT ( 'NONE',  ( 5.799999999999999822, 0.000000000000000000, 1.199999999999999956 ) ) ;
#1295 = SURFACE_STYLE_FILL_AREA ( #333 ) ;
#1296 = APPLICATION_PROTOCOL_DEFINITION ( 'draft international standard', 'automotive_design', 1998, #69 ) ;
#1297 = CARTESIAN_POINT ( 'NONE',  ( 6.299999999999999822, 1.285879139104720732E-16, 1.050000000000000044 ) ) ;
#1298 = DIRECTION ( 'NONE',  ( 0.000000000000000000, 0.000000000000000000, -1.000000000000000000 ) ) ;
#1299 =( NAMED_UNIT ( * ) PLANE_ANGLE_UNIT ( ) SI_UNIT ( $, .RADIAN. ) );
#1300 = VERTEX_POINT ( 'NONE', #1616 ) ;
#1301 = CYLINDRICAL_SURFACE ( 'NONE', #1874, 0.2750000000000000222 ) ;
#1302 = EDGE_CURVE ( 'NONE', #454, #1009, #1798, .T. ) ;
#1303 = ADVANCED_FACE ( 'NONE', ( #1913 ), #46, .T. ) ;
#1304 = DIRECTION ( 'NONE',  ( 1.000000000000000000, -0.000000000000000000, -0.000000000000000000 ) ) ;
#1305 = VERTEX_POINT ( 'NONE', #1751 ) ;
#1306 = DIRECTION ( 'NONE',  ( 1.000000000000000000, -0.000000000000000000, -0.000000000000000000 ) ) ;
#1307 = CARTESIAN_POINT ( 'NONE',  ( 3.109297531231848932, 1.285879139104720732E-16, 1.050000000000000044 ) ) ;
#1308 = DIRECTION ( 'NONE',  ( -1.000000000000000000, -0.000000000000000000, -0.000000000000000000 ) ) ;
#1309 = FILL_AREA_STYLE_COLOUR ( '', #1149 ) ;
#1310 = CYLINDRICAL_SURFACE ( 'NONE', #828, 1.050000000000000044 ) ;
#1311 =( GEOMETRIC_REPRESENTATION_CONTEXT ( 3 ) GLOBAL_UNCERTAINTY_ASSIGNED_CONTEXT ( ( #884 ) ) GLOBAL_UNIT_ASSIGNED_CONTEXT ( ( #65, #394, #706 ) ) REPRESENTATION_CONTEXT ( 'NONE', 'WORKASPACE' ) );
#1312 = CIRCLE ( 'NONE', #245, 0.2750000000000000222 ) ;
#1313 = SURFACE_STYLE_USAGE ( .BOTH. , #1467 ) ;
#1314 = EDGE_CURVE ( 'NONE', #913, #1910, #1287, .T. ) ;
#1315 = AXIS2_PLACEMENT_3D ( 'NONE', #170, #15, #1429 ) ;
#1316 = TOROIDAL_SURFACE ( 'NONE', #1422, 1.349999999998701794, 0.2999999999999999889 ) ;
#1317 = AXIS2_PLACEMENT_3D ( 'NONE', #1854, #747, #1246 ) ;
#1318 = DIRECTION ( 'NONE',  ( 0.000000000000000000, 0.000000000000000000, -1.000000000000000000 ) ) ;
#1319 = AXIS2_PLACEMENT_3D ( 'NONE', #775, #441, #1690 ) ;
#1320 = PRESENTATION_STYLE_ASSIGNMENT (( #886 ) ) ;
#1321 =( GEOMETRIC_REPRESENTATION_CONTEXT ( 3 ) GLOBAL_UNCERTAINTY_ASSIGNED_CONTEXT ( ( #1423 ) ) GLOBAL_UNIT_ASSIGNED_CONTEXT ( ( #1222, #1531, #757 ) ) REPRESENTATION_CONTEXT ( 'NONE', 'WORKASPACE' ) );
#1322 = CARTESIAN_POINT ( 'NONE',  ( 9.775000000000000355, -1.000000000000000888, 0.000000000000000000 ) ) ;
#1323 = CARTESIAN_POINT ( 'NONE',  ( 6.299999999999999822, 0.000000000000000000, 0.000000000000000000 ) ) ;
#1324 = FILL_AREA_STYLE ('',( #1922 ) ) ;
#1325 =( NAMED_UNIT ( * ) PLANE_ANGLE_UNIT ( ) SI_UNIT ( $, .RADIAN. ) );
#1326 =( NAMED_UNIT ( * ) SI_UNIT ( $, .STERADIAN. ) SOLID_ANGLE_UNIT ( ) );
#1327 = DIRECTION ( 'NONE',  ( 1.000000000000000000, 0.000000000000000000, 0.000000000000000000 ) ) ;
#1328 = CARTESIAN_POINT ( 'NONE',  ( -2.200000000000001066, -2.694222958124178486E-16, 0.000000000000000000 ) ) ;
#1329 = VERTEX_POINT ( 'NONE', #977 ) ;
#1330 = UNCERTAINTY_MEASURE_WITH_UNIT (LENGTH_MEASURE( 1.000000000000000082E-05 ), #1084, 'distance_accuracy_value', 'NONE');
#1331 = FILL_AREA_STYLE ('',( #1022 ) ) ;
#1332 = DIRECTION ( 'NONE',  ( 8.673617379884036705E-17, -1.000000000000000000, 0.000000000000000000 ) ) ;
#1333 = CARTESIAN_POINT ( 'NONE',  ( 6.299999999999999822, 0.000000000000000000, 0.000000000000000000 ) ) ;
#1334 = EDGE_CURVE ( 'NONE', #1625, #1711, #350, .T. ) ;
#1335 = DIRECTION ( 'NONE',  ( 0.000000000000000000, 0.000000000000000000, -1.000000000000000000 ) ) ;
#1336 = DIRECTION ( 'NONE',  ( 0.000000000000000000, 0.000000000000000000, 1.000000000000000000 ) ) ;
#1337 = DIRECTION ( 'NONE',  ( 0.000000000000000000, 0.000000000000000000, -1.000000000000000000 ) ) ;
#1338 = SURFACE_SIDE_STYLE ('',( #1825 ) ) ;
#1339 = MECHANICAL_DESIGN_GEOMETRIC_PRESENTATION_REPRESENTATION (  '', ( #1629 ), #1311 ) ;
#1340 = COLOUR_RGB ( '',0.6470588235294117974, 0.6196078431372549211, 0.5882352941176470784 ) ;
#1341 = STYLED_ITEM ( 'NONE', ( #731 ), #1171 ) ;
#1342 = FILL_AREA_STYLE_COLOUR ( '', #343 ) ;
#1343 = TOROIDAL_SURFACE ( 'NONE', #748, 1.000000000000001332, 0.2750000000000000222 ) ;
#1344 = SURFACE_STYLE_USAGE ( .BOTH. , #1950 ) ;
#1345 = CIRCLE ( 'NONE', #460, 1.050000000000000044 ) ;
#1346 = COLOUR_RGB ( '',1.000000000000000000, 0.000000000000000000, 0.000000000000000000 ) ;
#1347 =( NAMED_UNIT ( * ) SI_UNIT ( $, .STERADIAN. ) SOLID_ANGLE_UNIT ( ) );
#1348 = AXIS2_PLACEMENT_3D ( 'NONE', #1592, #501, #1927 ) ;
#1349 =( NAMED_UNIT ( * ) SI_UNIT ( $, .STERADIAN. ) SOLID_ANGLE_UNIT ( ) );
#1350 = EDGE_CURVE ( 'NONE', #1270, #122, #1651, .T. ) ;
#1351 = PRESENTATION_LAYER_ASSIGNMENT (  '', '', ( #1091 ) ) ;
#1352 = SURFACE_STYLE_FILL_AREA ( #712 ) ;
#1353 =( NAMED_UNIT ( * ) SI_UNIT ( $, .STERADIAN. ) SOLID_ANGLE_UNIT ( ) );
#1354 =( LENGTH_UNIT ( ) NAMED_UNIT ( * ) SI_UNIT ( .MILLI., .METRE. ) );
#1355 = DIRECTION ( 'NONE',  ( -1.000000000000000000, -0.000000000000000000, -0.000000000000000000 ) ) ;
#1356 = ORIENTED_EDGE ( 'NONE', *, *, #1653, .T. ) ;
#1357 = CARTESIAN_POINT ( 'NONE',  ( 6.299999999999999822, 0.000000000000000000, 0.000000000000000000 ) ) ;
#1358 = LINE ( 'NONE', #1227, #1247 ) ;
#1359 = CARTESIAN_POINT ( 'NONE',  ( 1.909297531231847422, 0.000000000000000000, 0.000000000000000000 ) ) ;
#1360 = CYLINDRICAL_SURFACE ( 'NONE', #30, 1.050000000000000044 ) ;
#1361 = ORIENTED_EDGE ( 'NONE', *, *, #433, .T. ) ;
#1362 = VERTEX_POINT ( 'NONE', #718 ) ;
#1363 = EDGE_CURVE ( 'NONE', #204, #1300, #1449, .T. ) ;
#1364 =( NAMED_UNIT ( * ) SI_UNIT ( $, .STERADIAN. ) SOLID_ANGLE_UNIT ( ) );
#1365 = PRESENTATION_STYLE_ASSIGNMENT (( #1665 ) ) ;
#1366 = LINE ( 'NONE', #1992, #87 ) ;
#1367 = CARTESIAN_POINT ( 'NONE',  ( 5.799999999999999822, 0.000000000000000000, -0.6999999999999998446 ) ) ;
#1368 = DIRECTION ( 'NONE',  ( 0.000000000000000000, -1.000000000000000000, 0.000000000000000000 ) ) ;
#1369 = DIRECTION ( 'NONE',  ( 0.000000000000000000, 0.000000000000000000, 1.000000000000000000 ) ) ;
#1370 = UNCERTAINTY_MEASURE_WITH_UNIT (LENGTH_MEASURE( 1.000000000000000082E-05 ), #1048, 'distance_accuracy_value', 'NONE');
#1371 = PRESENTATION_LAYER_ASSIGNMENT (  '', '', ( #312 ) ) ;
#1372 = PRESENTATION_LAYER_ASSIGNMENT (  '', '', ( #1176 ) ) ;
#1373 = CYLINDRICAL_SURFACE ( 'NONE', #2005, 1.050000000000000044 ) ;
#1374 = DIRECTION ( 'NONE',  ( -1.000000000000000000, -1.224646799147353207E-16, 0.000000000000000000 ) ) ;
#1375 = AXIS2_PLACEMENT_3D ( 'NONE', #1181, #567, #1189 ) ;
#1376 = CARTESIAN_POINT ( 'NONE',  ( 4.857071421427143321, 0.000000000000000000, 0.6999999999999998446 ) ) ;
#1377 = PRESENTATION_STYLE_ASSIGNMENT (( #919 ) ) ;
#1378 = SURFACE_STYLE_FILL_AREA ( #912 ) ;
#1379 =( GEOMETRIC_REPRESENTATION_CONTEXT ( 3 ) GLOBAL_UNCERTAINTY_ASSIGNED_CONTEXT ( ( #1696 ) ) GLOBAL_UNIT_ASSIGNED_CONTEXT ( ( #1664, #1817, #1508 ) ) REPRESENTATION_CONTEXT ( 'NONE', 'WORKASPACE' ) );
#1380 = MECHANICAL_DESIGN_GEOMETRIC_PRESENTATION_REPRESENTATION (  '', ( #223 ), #1214 ) ;
#1381 = ORIENTED_EDGE ( 'NONE', *, *, #876, .F. ) ;
#1382 =( GEOMETRIC_REPRESENTATION_CONTEXT ( 3 ) GLOBAL_UNCERTAINTY_ASSIGNED_CONTEXT ( ( #235 ) ) GLOBAL_UNIT_ASSIGNED_CONTEXT ( ( #339, #43, #1445 ) ) REPRESENTATION_CONTEXT ( 'NONE', 'WORKASPACE' ) );
#1383 = FACE_OUTER_BOUND ( 'NONE', #1688, .T. ) ;
#1384 = CARTESIAN_POINT ( 'NONE',  ( 6.299999999999999822, 1.163414459189985436E-16, 0.6999999999999998446 ) ) ;
#1385 = PRESENTATION_LAYER_ASSIGNMENT (  '', '', ( #226 ) ) ;
#1386 = ORIENTED_EDGE ( 'NONE', *, *, #1110, .F. ) ;
#1387 = DIRECTION ( 'NONE',  ( 1.000000000000000000, 0.000000000000000000, 0.000000000000000000 ) ) ;
#1388 = SURFACE_STYLE_FILL_AREA ( #1196 ) ;
#1389 = DIRECTION ( 'NONE',  ( 1.224646799147353207E-16, -1.000000000000000000, 0.000000000000000000 ) ) ;
#1390 = EDGE_CURVE ( 'NONE', #979, #303, #561, .T. ) ;
#1391 = DIRECTION ( 'NONE',  ( 0.000000000000000000, 0.000000000000000000, 1.000000000000000000 ) ) ;
#1392 = SURFACE_SIDE_STYLE ('',( #298 ) ) ;
#1393 = FACE_OUTER_BOUND ( 'NONE', #148, .T. ) ;
#1394 = ORIENTED_EDGE ( 'NONE', *, *, #371, .T. ) ;
#1395 = ORIENTED_EDGE ( 'NONE', *, *, #296, .T. ) ;
#1396 =( NAMED_UNIT ( * ) PLANE_ANGLE_UNIT ( ) SI_UNIT ( $, .RADIAN. ) );
#1397 = DIRECTION ( 'NONE',  ( 1.000000000000000000, -0.000000000000000000, -0.000000000000000000 ) ) ;
#1398 = DIRECTION ( 'NONE',  ( 1.000000000000000000, 0.000000000000000000, 0.000000000000000000 ) ) ;
#1399 = ORIENTED_EDGE ( 'NONE', *, *, #1685, .F. ) ;
#1400 = UNCERTAINTY_MEASURE_WITH_UNIT (LENGTH_MEASURE( 1.000000000000000082E-05 ), #1794, 'distance_accuracy_value', 'NONE');
#1401 = ORIENTED_EDGE ( 'NONE', *, *, #518, .T. ) ;
#1402 = SURFACE_STYLE_USAGE ( .BOTH. , #910 ) ;
#1403 = FILL_AREA_STYLE ('',( #143 ) ) ;
#1404 = EDGE_CURVE ( 'NONE', #1910, #913, #821, .T. ) ;
#1405 = DIRECTION ( 'NONE',  ( -1.000000000000000000, 0.000000000000000000, 0.000000000000000000 ) ) ;
#1406 = ORIENTED_EDGE ( 'NONE', *, *, #1923, .T. ) ;
#1407 = ORIENTED_EDGE ( 'NONE', *, *, #806, .F. ) ;
#1408 = FILL_AREA_STYLE_COLOUR ( '', #29 ) ;
#1409 = ORIENTED_EDGE ( 'NONE', *, *, #3, .F. ) ;
#1410 = ORIENTED_EDGE ( 'NONE', *, *, #1937, .F. ) ;
#1411 = FILL_AREA_STYLE ('',( #255 ) ) ;
#1412 = PRESENTATION_LAYER_ASSIGNMENT (  '', '', ( #1280 ) ) ;
#1413 = DIRECTION ( 'NONE',  ( 0.000000000000000000, -1.000000000000000000, 0.000000000000000000 ) ) ;
#1414 = CARTESIAN_POINT ( 'NONE',  ( 6.299999999999999822, 0.000000000000000000, 0.000000000000000000 ) ) ;
#1415 = DIRECTION ( 'NONE',  ( 0.000000000000000000, 1.224646799147353207E-16, 1.000000000000000000 ) ) ;
#1416 =( GEOMETRIC_REPRESENTATION_CONTEXT ( 3 ) GLOBAL_UNCERTAINTY_ASSIGNED_CONTEXT ( ( #1225 ) ) GLOBAL_UNIT_ASSIGNED_CONTEXT ( ( #1972, #566, #1023 ) ) REPRESENTATION_CONTEXT ( 'NONE', 'WORKASPACE' ) );
#1417 = CARTESIAN_POINT ( 'NONE',  ( -3.200000000000002398, -1.000000000000001332, 0.000000000000000000 ) ) ;
#1418 = AXIS2_PLACEMENT_3D ( 'NONE', #730, #578, #1124 ) ;
#1419 = SURFACE_STYLE_FILL_AREA ( #1555 ) ;
#1420 = CIRCLE ( 'NONE', #279, 1.050000000000000044 ) ;
#1421 = ORIENTED_EDGE ( 'NONE', *, *, #141, .F. ) ;
#1422 = AXIS2_PLACEMENT_3D ( 'NONE', #401, #1675, #234 ) ;
#1423 = UNCERTAINTY_MEASURE_WITH_UNIT (LENGTH_MEASURE( 1.000000000000000082E-05 ), #1222, 'distance_accuracy_value', 'NONE');
#1424 = AXIS2_PLACEMENT_3D ( 'NONE', #1810, #404, #1335 ) ;
#1425 = STYLED_ITEM ( 'NONE', ( #891 ), #1667 ) ;
#1426 = ORIENTED_EDGE ( 'NONE', *, *, #1390, .F. ) ;
#1427 = STYLED_ITEM ( 'NONE', ( #363 ), #1901 ) ;
#1428 =( NAMED_UNIT ( * ) SI_UNIT ( $, .STERADIAN. ) SOLID_ANGLE_UNIT ( ) );
#1429 = DIRECTION ( 'NONE',  ( 0.000000000000000000, 0.000000000000000000, -1.000000000000000000 ) ) ;
#1430 = ORIENTED_EDGE ( 'NONE', *, *, #765, .T. ) ;
#1431 = DIRECTION ( 'NONE',  ( 3.572850611589496600E-17, 1.000000000000000000, 0.000000000000000000 ) ) ;
#1432 = FACE_OUTER_BOUND ( 'NONE', #1846, .T. ) ;
#1433 =( LENGTH_UNIT ( ) NAMED_UNIT ( * ) SI_UNIT ( .MILLI., .METRE. ) );
#1434 = ADVANCED_FACE ( 'NONE', ( #1955 ), #1316, .F. ) ;
#1435 = FACE_OUTER_BOUND ( 'NONE', #1252, .T. ) ;
#1436 =( LENGTH_UNIT ( ) NAMED_UNIT ( * ) SI_UNIT ( .MILLI., .METRE. ) );
#1437 = PRESENTATION_LAYER_ASSIGNMENT (  '', '', ( #268 ) ) ;
#1438 =( LENGTH_UNIT ( ) NAMED_UNIT ( * ) SI_UNIT ( .MILLI., .METRE. ) );
#1439 = ORIENTED_EDGE ( 'NONE', *, *, #806, .T. ) ;
#1440 = FACE_OUTER_BOUND ( 'NONE', #135, .T. ) ;
#1441 = SURFACE_STYLE_FILL_AREA ( #1453 ) ;
#1442 = ORIENTED_EDGE ( 'NONE', *, *, #1695, .F. ) ;
#1443 = MECHANICAL_DESIGN_GEOMETRIC_PRESENTATION_REPRESENTATION (  '', ( #814 ), #415 ) ;
#1444 =( NAMED_UNIT ( * ) PLANE_ANGLE_UNIT ( ) SI_UNIT ( $, .RADIAN. ) );
#1445 =( NAMED_UNIT ( * ) SI_UNIT ( $, .STERADIAN. ) SOLID_ANGLE_UNIT ( ) );
#1446 = EDGE_LOOP ( 'NONE', ( #1952, #2036, #149, #951 ) ) ;
#1447 = AXIS2_PLACEMENT_3D ( 'NONE', #97, #1153, #1161 ) ;
#1448 = MECHANICAL_DESIGN_GEOMETRIC_PRESENTATION_REPRESENTATION (  '', ( #961 ), #925 ) ;
#1449 = CIRCLE ( 'NONE', #1930, 0.2750000000000000222 ) ;
#1450 = VECTOR ( 'NONE', #1223, 1000.000000000000000 ) ;
#1451 = AXIS2_PLACEMENT_3D ( 'NONE', #975, #1279, #1116 ) ;
#1452 =( GEOMETRIC_REPRESENTATION_CONTEXT ( 3 ) GLOBAL_UNCERTAINTY_ASSIGNED_CONTEXT ( ( #551 ) ) GLOBAL_UNIT_ASSIGNED_CONTEXT ( ( #211, #18, #1353 ) ) REPRESENTATION_CONTEXT ( 'NONE', 'WORKASPACE' ) );
#1453 = FILL_AREA_STYLE ('',( #1589 ) ) ;
#1454 = EDGE_CURVE ( 'NONE', #1855, #1093, #1494, .T. ) ;
#1455 = SURFACE_SIDE_STYLE ('',( #469 ) ) ;
#1456 =( LENGTH_UNIT ( ) NAMED_UNIT ( * ) SI_UNIT ( .MILLI., .METRE. ) );
#1457 = CARTESIAN_POINT ( 'NONE',  ( 0.5000000000000004441, 0.000000000000000000, 0.000000000000000000 ) ) ;
#1458 =( NAMED_UNIT ( * ) PLANE_ANGLE_UNIT ( ) SI_UNIT ( $, .RADIAN. ) );
#1459 = DIRECTION ( 'NONE',  ( 0.000000000000000000, 0.000000000000000000, -1.000000000000000000 ) ) ;
#1460 = VERTEX_POINT ( 'NONE', #1035 ) ;
#1461 = DIRECTION ( 'NONE',  ( -1.000000000000000000, -0.000000000000000000, -0.000000000000000000 ) ) ;
#1462 =( LENGTH_UNIT ( ) NAMED_UNIT ( * ) SI_UNIT ( .MILLI., .METRE. ) );
#1463 = CYLINDRICAL_SURFACE ( 'NONE', #1866, 1.050000000000000044 ) ;
#1464 = SURFACE_STYLE_FILL_AREA ( #1162 ) ;
#1465 = DIRECTION ( 'NONE',  ( 0.000000000000000000, 1.000000000000000000, 1.224646799147353207E-16 ) ) ;
#1466 = ADVANCED_FACE ( 'NONE', ( #883 ), #224, .T. ) ;
#1467 = SURFACE_SIDE_STYLE ('',( #60 ) ) ;
#1468 =( GEOMETRIC_REPRESENTATION_CONTEXT ( 3 ) GLOBAL_UNCERTAINTY_ASSIGNED_CONTEXT ( ( #269 ) ) GLOBAL_UNIT_ASSIGNED_CONTEXT ( ( #1436, #1458, #307 ) ) REPRESENTATION_CONTEXT ( 'NONE', 'WORKASPACE' ) );
#1469 = CIRCLE ( 'NONE', #352, 0.5000000000000000000 ) ;
#1470 = STYLED_ITEM ( 'NONE', ( #909 ), #1194 ) ;
#1471 = AXIS2_PLACEMENT_3D ( 'NONE', #1712, #1883, #774 ) ;
#1472 = VECTOR ( 'NONE', #653, 1000.000000000000000 ) ;
#1473 = STYLED_ITEM ( 'NONE', ( #1006 ), #1610 ) ;
#1474 = CYLINDRICAL_SURFACE ( 'NONE', #1558, 1.199999999999999956 ) ;
#1475 = PRESENTATION_LAYER_ASSIGNMENT (  '', '', ( #1837 ) ) ;
#1476 = FACE_OUTER_BOUND ( 'NONE', #1744, .T. ) ;
#1477 = MECHANICAL_DESIGN_GEOMETRIC_PRESENTATION_REPRESENTATION (  '', ( #1425 ), #1218 ) ;
#1478 = SURFACE_STYLE_USAGE ( .BOTH. , #860 ) ;
#1479 = DIRECTION ( 'NONE',  ( 0.000000000000000000, 0.000000000000000000, 1.000000000000000000 ) ) ;
#1480 = SURFACE_STYLE_FILL_AREA ( #863 ) ;
#1481 = ADVANCED_FACE ( 'NONE', ( #1261, #781 ), #1234, .F. ) ;
#1482 = DIRECTION ( 'NONE',  ( 1.000000000000000000, -0.000000000000000000, -0.000000000000000000 ) ) ;
#1483 = FACE_OUTER_BOUND ( 'NONE', #761, .T. ) ;
#1484 = DIRECTION ( 'NONE',  ( 1.224646799147353207E-16, -1.000000000000000000, 0.000000000000000000 ) ) ;
#1485 = LINE ( 'NONE', #1185, #1772 ) ;
#1486 = FILL_AREA_STYLE ('',( #1016 ) ) ;
#1487 = UNCERTAINTY_MEASURE_WITH_UNIT (LENGTH_MEASURE( 1.000000000000000082E-05 ), #1078, 'distance_accuracy_value', 'NONE');
#1488 = DIRECTION ( 'NONE',  ( 1.000000000000000000, 0.000000000000000000, 0.000000000000000000 ) ) ;
#1489 = CARTESIAN_POINT ( 'NONE',  ( 8.500000000000000000, -1.000000000000001554, 0.000000000000000000 ) ) ;
#1490 = DIRECTION ( 'NONE',  ( -1.000000000000000000, 0.000000000000000000, 0.000000000000000000 ) ) ;
#1491 =( LENGTH_UNIT ( ) NAMED_UNIT ( * ) SI_UNIT ( .MILLI., .METRE. ) );
#1492 = DIRECTION ( 'NONE',  ( 0.000000000000000000, 0.000000000000000000, -1.000000000000000000 ) ) ;
#1493 = DIRECTION ( 'NONE',  ( 1.000000000000000000, -0.000000000000000000, -0.000000000000000000 ) ) ;
#1494 = LINE ( 'NONE', #260, #595 ) ;
#1495 = PRESENTATION_LAYER_ASSIGNMENT (  '', '', ( #553 ) ) ;
#1496 = CIRCLE ( 'NONE', #121, 0.2750000000000000222 ) ;
#1497 =( GEOMETRIC_REPRESENTATION_CONTEXT ( 3 ) GLOBAL_UNCERTAINTY_ASSIGNED_CONTEXT ( ( #594 ) ) GLOBAL_UNIT_ASSIGNED_CONTEXT ( ( #1000, #1941, #698 ) ) REPRESENTATION_CONTEXT ( 'NONE', 'WORKASPACE' ) );
#1498 =( GEOMETRIC_REPRESENTATION_CONTEXT ( 3 ) GLOBAL_UNCERTAINTY_ASSIGNED_CONTEXT ( ( #946 ) ) GLOBAL_UNIT_ASSIGNED_CONTEXT ( ( #1807, #591, #1054 ) ) REPRESENTATION_CONTEXT ( 'NONE', 'WORKASPACE' ) );
#1499 = DIRECTION ( 'NONE',  ( -1.000000000000000000, 0.000000000000000000, 0.000000000000000000 ) ) ;
#1500 = DIRECTION ( 'NONE',  ( 1.000000000000000000, 0.000000000000000000, 0.000000000000000000 ) ) ;
#1501 = FACE_OUTER_BOUND ( 'NONE', #1943, .T. ) ;
#1502 = EDGE_CURVE ( 'NONE', #1886, #1711, #285, .T. ) ;
#1503 = VECTOR ( 'NONE', #1308, 1000.000000000000000 ) ;
#1504 = EDGE_LOOP ( 'NONE', ( #577, #289, #1898, #537 ) ) ;
#1505 = PRESENTATION_STYLE_ASSIGNMENT (( #1053 ) ) ;
#1506 = FILL_AREA_STYLE ('',( #905 ) ) ;
#1507 = UNCERTAINTY_MEASURE_WITH_UNIT (LENGTH_MEASURE( 1.000000000000000082E-05 ), #760, 'distance_accuracy_value', 'NONE');
#1508 =( NAMED_UNIT ( * ) SI_UNIT ( $, .STERADIAN. ) SOLID_ANGLE_UNIT ( ) );
#1509 = FILL_AREA_STYLE ('',( #1047 ) ) ;
#1510 = CYLINDRICAL_SURFACE ( 'NONE', #1525, 1.050000000000000044 ) ;
#1511 = DIRECTION ( 'NONE',  ( 1.000000000000000000, -1.224646799147353207E-16, 0.000000000000000000 ) ) ;
#1512 = VERTEX_POINT ( 'NONE', #1384 ) ;
#1513 = EDGE_CURVE ( 'NONE', #805, #334, #465, .T. ) ;
#1514 = FILL_AREA_STYLE_COLOUR ( '', #681 ) ;
#1515 = DIRECTION ( 'NONE',  ( 1.000000000000000000, -0.000000000000000000, -0.000000000000000000 ) ) ;
#1516 = VERTEX_POINT ( 'NONE', #147 ) ;
#1517 = CARTESIAN_POINT ( 'NONE',  ( 6.299999999999999822, 0.000000000000000000, 0.000000000000000000 ) ) ;
#1518 = DIRECTION ( 'NONE',  ( 1.000000000000000000, -0.000000000000000000, -0.000000000000000000 ) ) ;
#1519 =( NAMED_UNIT ( * ) PLANE_ANGLE_UNIT ( ) SI_UNIT ( $, .RADIAN. ) );
#1520 = EDGE_LOOP ( 'NONE', ( #435, #1584, #1395, #1386 ) ) ;
#1521 = ORIENTED_EDGE ( 'NONE', *, *, #1881, .F. ) ;
#1522 = ADVANCED_FACE ( 'NONE', ( #446 ), #1687, .T. ) ;
#1523 = COLOUR_RGB ( '',0.8313725490196077761, 1.000000000000000000, 0.8666666666666666963 ) ;
#1524 = LINE ( 'NONE', #933, #2003 ) ;
#1525 = AXIS2_PLACEMENT_3D ( 'NONE', #2013, #1229, #1682 ) ;
#1526 = DIRECTION ( 'NONE',  ( 0.000000000000000000, 0.000000000000000000, 1.000000000000000000 ) ) ;
#1527 = AXIS2_PLACEMENT_3D ( 'NONE', #649, #1109, #1007 ) ;
#1528 = DIRECTION ( 'NONE',  ( 0.000000000000000000, 0.000000000000000000, -1.000000000000000000 ) ) ;
#1529 = MECHANICAL_DESIGN_GEOMETRIC_PRESENTATION_REPRESENTATION (  '', ( #124 ), #1497 ) ;
#1530 = AXIS2_PLACEMENT_3D ( 'NONE', #1237, #140, #1679 ) ;
#1531 =( NAMED_UNIT ( * ) PLANE_ANGLE_UNIT ( ) SI_UNIT ( $, .RADIAN. ) );
#1532 = ORIENTED_EDGE ( 'NONE', *, *, #1881, .T. ) ;
#1533 = AXIS2_PLACEMENT_3D ( 'NONE', #1749, #995, #1916 ) ;
#1534 = MECHANICAL_DESIGN_GEOMETRIC_PRESENTATION_REPRESENTATION (  '', ( #355 ), #1382 ) ;
#1535 = DIRECTION ( 'NONE',  ( 0.000000000000000000, 0.000000000000000000, -1.000000000000000000 ) ) ;
#1536 = EDGE_LOOP ( 'NONE', ( #829, #2029, #679, #451 ) ) ;
#1537 = PRESENTATION_LAYER_ASSIGNMENT (  '', '', ( #1838 ) ) ;
#1538 = ORIENTED_EDGE ( 'NONE', *, *, #1302, .T. ) ;
#1539 = EDGE_CURVE ( 'NONE', #1130, #1300, #1728, .T. ) ;
#1540 = EDGE_CURVE ( 'NONE', #976, #1573, #1027, .T. ) ;
#1541 = CARTESIAN_POINT ( 'NONE',  ( 4.857071421427143321, 0.000000000000000000, 1.199999999999999956 ) ) ;
#1542 = CYLINDRICAL_SURFACE ( 'NONE', #1726, 1.199999999999999956 ) ;
#1543 = FACE_OUTER_BOUND ( 'NONE', #2020, .T. ) ;
#1544 = DIRECTION ( 'NONE',  ( 1.000000000000000000, -0.000000000000000000, -0.000000000000000000 ) ) ;
#1545 = LINE ( 'NONE', #613, #1705 ) ;
#1546 = FILL_AREA_STYLE ('',( #1408 ) ) ;
#1547 = VERTEX_POINT ( 'NONE', #167 ) ;
#1548 = ORIENTED_EDGE ( 'NONE', *, *, #236, .T. ) ;
#1549 = ADVANCED_FACE ( 'NONE', ( #796 ), #488, .T. ) ;
#1550 = CYLINDRICAL_SURFACE ( 'NONE', #1591, 1.050000000000000044 ) ;
#1551 = AXIS2_PLACEMENT_3D ( 'NONE', #1096, #1702, #935 ) ;
#1552 = SURFACE_STYLE_FILL_AREA ( #1715 ) ;
#1553 = ORIENTED_EDGE ( 'NONE', *, *, #276, .T. ) ;
#1554 = SURFACE_STYLE_USAGE ( .BOTH. , #486 ) ;
#1555 = FILL_AREA_STYLE ('',( #1727 ) ) ;
#1556 = CARTESIAN_POINT ( 'NONE',  ( 0.000000000000000000, 0.000000000000000000, 0.000000000000000000 ) ) ;
#1557 = ORIENTED_EDGE ( 'NONE', *, *, #512, .T. ) ;
#1558 = AXIS2_PLACEMENT_3D ( 'NONE', #1205, #582, #1832 ) ;
#1559 =( NAMED_UNIT ( * ) PLANE_ANGLE_UNIT ( ) SI_UNIT ( $, .RADIAN. ) );
#1560 = AXIS2_PLACEMENT_3D ( 'NONE', #240, #547, #1821 ) ;
#1561 = CARTESIAN_POINT ( 'NONE',  ( 1.442928578572856724, 0.000000000000000000, 0.000000000000000000 ) ) ;
#1562 = DIRECTION ( 'NONE',  ( 0.000000000000000000, 0.000000000000000000, 1.000000000000000000 ) ) ;
#1563 = ORIENTED_EDGE ( 'NONE', *, *, #1167, .F. ) ;
#1564 = MECHANICAL_DESIGN_GEOMETRIC_PRESENTATION_REPRESENTATION (  '', ( #1634 ), #2000 ) ;
#1565 = FILL_AREA_STYLE_COLOUR ( '', #1666 ) ;
#1566 = AXIS2_PLACEMENT_3D ( 'NONE', #1333, #1965, #1036 ) ;
#1567 = CIRCLE ( 'NONE', #353, 0.5000000000000000000 ) ;
#1568 =( NAMED_UNIT ( * ) SI_UNIT ( $, .STERADIAN. ) SOLID_ANGLE_UNIT ( ) );
#1569 = ADVANCED_FACE ( 'NONE', ( #55 ), #1301, .T. ) ;
#1570 =( GEOMETRIC_REPRESENTATION_CONTEXT ( 3 ) GLOBAL_UNCERTAINTY_ASSIGNED_CONTEXT ( ( #447 ) ) GLOBAL_UNIT_ASSIGNED_CONTEXT ( ( #412, #1730, #104 ) ) REPRESENTATION_CONTEXT ( 'NONE', 'WORKASPACE' ) );
#1571 = DIRECTION ( 'NONE',  ( 0.000000000000000000, 1.224646799147353207E-16, 1.000000000000000000 ) ) ;
#1572 = DIRECTION ( 'NONE',  ( 0.000000000000000000, 0.000000000000000000, -1.000000000000000000 ) ) ;
#1573 = VERTEX_POINT ( 'NONE', #1614 ) ;
#1574 = AXIS2_PLACEMENT_3D ( 'NONE', #310, #954, #1572 ) ;
#1575 = UNCERTAINTY_MEASURE_WITH_UNIT (LENGTH_MEASURE( 1.000000000000000082E-05 ), #993, 'distance_accuracy_value', 'NONE');
#1576 = AXIS2_PLACEMENT_3D ( 'NONE', #241, #244, #1479 ) ;
#1577 = DIRECTION ( 'NONE',  ( -3.572850611589496600E-17, 1.000000000000000000, 0.000000000000000000 ) ) ;
#1578 = AXIS2_PLACEMENT_3D ( 'NONE', #810, #1600, #792 ) ;
#1579 = LINE ( 'NONE', #1297, #1857 ) ;
#1580 = CARTESIAN_POINT ( 'NONE',  ( -3.475000000000002309, -1.000000000000001332, 3.367778697655221258E-17 ) ) ;
#1581 = PRESENTATION_STYLE_ASSIGNMENT (( #1554 ) ) ;
#1582 = CARTESIAN_POINT ( 'NONE',  ( -3.200000000000001954, -6.000000000000001776, 0.000000000000000000 ) ) ;
#1583 = FILL_AREA_STYLE ('',( #326 ) ) ;
#1584 = ORIENTED_EDGE ( 'NONE', *, *, #876, .T. ) ;
#1585 = EDGE_LOOP ( 'NONE', ( #52, #2018, #1158, #1741 ) ) ;
#1586 = PRODUCT_CONTEXT ( 'NONE', #69, 'mechanical' ) ;
#1587 = CARTESIAN_POINT ( 'NONE',  ( 8.500000000000000000, -1.000000000000001554, 3.367778697655221258E-17 ) ) ;
#1588 = SURFACE_STYLE_USAGE ( .BOTH. , #507 ) ;
#1589 = FILL_AREA_STYLE_COLOUR ( '', #256 ) ;
#1590 = DIRECTION ( 'NONE',  ( 1.000000000000000000, -0.000000000000000000, -0.000000000000000000 ) ) ;
#1591 = AXIS2_PLACEMENT_3D ( 'NONE', #174, #1306, #1318 ) ;
#1592 = CARTESIAN_POINT ( 'NONE',  ( 6.299999999999999822, 0.000000000000000000, 0.000000000000000000 ) ) ;
#1593 = FILL_AREA_STYLE_COLOUR ( '', #193 ) ;
#1594 = VERTEX_POINT ( 'NONE', #27 ) ;
#1595 = PRESENTATION_STYLE_ASSIGNMENT (( #1313 ) ) ;
#1596 = EDGE_CURVE ( 'NONE', #762, #1329, #629, .T. ) ;
#1597 = FILL_AREA_STYLE_COLOUR ( '', #1523 ) ;
#1598 =( GEOMETRIC_REPRESENTATION_CONTEXT ( 3 ) GLOBAL_UNCERTAINTY_ASSIGNED_CONTEXT ( ( #1042 ) ) GLOBAL_UNIT_ASSIGNED_CONTEXT ( ( #746, #400, #882 ) ) REPRESENTATION_CONTEXT ( 'NONE', 'WORKASPACE' ) );
#1599 = SURFACE_STYLE_FILL_AREA ( #1132 ) ;
#1600 = DIRECTION ( 'NONE',  ( -1.000000000000000000, -0.000000000000000000, -0.000000000000000000 ) ) ;
#1601 = CYLINDRICAL_SURFACE ( 'NONE', #494, 0.2750000000000000777 ) ;
#1602 = PRESENTATION_STYLE_ASSIGNMENT (( #1156 ) ) ;
#1603 = STYLED_ITEM ( 'NONE', ( #1919 ), #1003 ) ;
#1604 = ORIENTED_EDGE ( 'NONE', *, *, #1502, .F. ) ;
#1605 = TOROIDAL_SURFACE ( 'NONE', #222, 0.6999999999999998446, 0.5000000000000000000 ) ;
#1606 = MECHANICAL_DESIGN_GEOMETRIC_PRESENTATION_REPRESENTATION (  '', ( #220 ), #424 ) ;
#1607 = DIRECTION ( 'NONE',  ( 1.000000000000000000, 0.000000000000000000, 0.000000000000000000 ) ) ;
#1608 = AXIS2_PLACEMENT_3D ( 'NONE', #985, #1278, #1764 ) ;
#1609 = MECHANICAL_DESIGN_GEOMETRIC_PRESENTATION_REPRESENTATION (  '', ( #1838 ), #1321 ) ;
#1610 = ADVANCED_FACE ( 'NONE', ( #996 ), #1310, .T. ) ;
#1611 = FACE_OUTER_BOUND ( 'NONE', #956, .T. ) ;
#1612 = CARTESIAN_POINT ( 'NONE',  ( 1.442928578572857168, 0.000000000000000000, 0.000000000000000000 ) ) ;
#1613 = PRESENTATION_STYLE_ASSIGNMENT (( #1627 ) ) ;
#1614 = CARTESIAN_POINT ( 'NONE',  ( 1.959297531231849021, 1.285879139104720732E-16, 1.050000000000000044 ) ) ;
#1615 = ORIENTED_EDGE ( 'NONE', *, *, #433, .F. ) ;
#1616 = CARTESIAN_POINT ( 'NONE',  ( 9.225000000000001421, -6.000000000000001776, 3.367778697655231119E-17 ) ) ;
#1617 = ORIENTED_EDGE ( 'NONE', *, *, #1363, .F. ) ;
#1618 = CARTESIAN_POINT ( 'NONE',  ( 0.000000000000000000, 0.000000000000000000, 0.000000000000000000 ) ) ;
#1619 = EDGE_CURVE ( 'NONE', #913, #762, #532, .T. ) ;
#1620 = PRESENTATION_STYLE_ASSIGNMENT (( #484 ) ) ;
#1621 = ORIENTED_EDGE ( 'NONE', *, *, #361, .F. ) ;
#1622 = FILL_AREA_STYLE ('',( #1015 ) ) ;
#1623 = EDGE_CURVE ( 'NONE', #1861, #1516, #861, .T. ) ;
#1624 = CARTESIAN_POINT ( 'NONE',  ( 1.734409173984143848, 0.000000000000000000, 0.000000000000000000 ) ) ;
#1625 = VERTEX_POINT ( 'NONE', #903 ) ;
#1626 = PRESENTATION_STYLE_ASSIGNMENT (( #1638 ) ) ;
#1627 = SURFACE_STYLE_USAGE ( .BOTH. , #836 ) ;
#1628 = DIRECTION ( 'NONE',  ( 0.000000000000000000, 0.000000000000000000, 1.000000000000000000 ) ) ;
#1629 = STYLED_ITEM ( 'NONE', ( #1626 ), #640 ) ;
#1630 = EDGE_CURVE ( 'NONE', #1082, #1270, #789, .T. ) ;
#1631 = FACE_OUTER_BOUND ( 'NONE', #1107, .T. ) ;
#1632 = PRESENTATION_LAYER_ASSIGNMENT (  '', '', ( #1079 ) ) ;
#1633 = VERTEX_POINT ( 'NONE', #1643 ) ;
#1634 = STYLED_ITEM ( 'NONE', ( #1755 ), #1030 ) ;
#1635 =( GEOMETRIC_REPRESENTATION_CONTEXT ( 3 ) GLOBAL_UNCERTAINTY_ASSIGNED_CONTEXT ( ( #377 ) ) GLOBAL_UNIT_ASSIGNED_CONTEXT ( ( #902, #732, #583 ) ) REPRESENTATION_CONTEXT ( 'NONE', 'WORKASPACE' ) );
#1636 = UNCERTAINTY_MEASURE_WITH_UNIT (LENGTH_MEASURE( 1.000000000000000082E-05 ), #159, 'distance_accuracy_value', 'NONE');
#1637 = PRESENTATION_LAYER_ASSIGNMENT (  '', '', ( #592 ) ) ;
#1638 = SURFACE_STYLE_USAGE ( .BOTH. , #1800 ) ;
#1639 = DIRECTION ( 'NONE',  ( 1.000000000000000000, -0.000000000000000000, -0.000000000000000000 ) ) ;
#1640 = MECHANICAL_DESIGN_GEOMETRIC_PRESENTATION_REPRESENTATION (  '', ( #994 ), #1028 ) ;
#1641 = DIRECTION ( 'NONE',  ( -1.000000000000000000, 0.000000000000000000, 0.000000000000000000 ) ) ;
#1642 = DIRECTION ( 'NONE',  ( -1.000000000000000000, 0.000000000000000000, 0.000000000000000000 ) ) ;
#1643 = CARTESIAN_POINT ( 'NONE',  ( 2.209297531231849021, 1.285879139104720732E-16, 1.050000000000000044 ) ) ;
#1644 = PRESENTATION_STYLE_ASSIGNMENT (( #420 ) ) ;
#1645 = DIRECTION ( 'NONE',  ( 0.000000000000000000, 0.000000000000000000, -1.000000000000000000 ) ) ;
#1646 = CARTESIAN_POINT ( 'NONE',  ( 6.299999999999999822, 1.285879139104720732E-16, 1.050000000000000044 ) ) ;
#1647 =( LENGTH_UNIT ( ) NAMED_UNIT ( * ) SI_UNIT ( .MILLI., .METRE. ) );
#1648 = FILL_AREA_STYLE ('',( #76 ) ) ;
#1649 = DIRECTION ( 'NONE',  ( 0.000000000000000000, 0.000000000000000000, -1.000000000000000000 ) ) ;
#1650 = FILL_AREA_STYLE ('',( #1514 ) ) ;
#1651 = LINE ( 'NONE', #109, #784 ) ;
#1652 = UNCERTAINTY_MEASURE_WITH_UNIT (LENGTH_MEASURE( 1.000000000000000082E-05 ), #405, 'distance_accuracy_value', 'NONE');
#1653 = EDGE_CURVE ( 'NONE', #365, #204, #1976, .T. ) ;
#1654 = EDGE_CURVE ( 'NONE', #1270, #1082, #1774, .T. ) ;
#1655 = CARTESIAN_POINT ( 'NONE',  ( 2.409297531231849199, 1.285879139104720732E-16, 1.050000000000000044 ) ) ;
#1656 = DIRECTION ( 'NONE',  ( 0.000000000000000000, 0.000000000000000000, -1.000000000000000000 ) ) ;
#1657 = CARTESIAN_POINT ( 'NONE',  ( 4.390702468768152400, 0.000000000000000000, 0.000000000000000000 ) ) ;
#1658 = DIRECTION ( 'NONE',  ( 0.000000000000000000, 0.000000000000000000, 1.000000000000000000 ) ) ;
#1659 = DIRECTION ( 'NONE',  ( -8.673617379884036705E-17, -1.000000000000000000, 0.000000000000000000 ) ) ;
#1660 = MECHANICAL_DESIGN_GEOMETRIC_PRESENTATION_REPRESENTATION (  '', ( #553 ), #620 ) ;
#1661 = VERTEX_POINT ( 'NONE', #106 ) ;
#1662 = COLOUR_RGB ( '',0.8313725490196077761, 1.000000000000000000, 0.8666666666666666963 ) ;
#1663 = PRESENTATION_LAYER_ASSIGNMENT (  '', '', ( #1050 ) ) ;
#1664 =( LENGTH_UNIT ( ) NAMED_UNIT ( * ) SI_UNIT ( .MILLI., .METRE. ) );
#1665 = SURFACE_STYLE_USAGE ( .BOTH. , #130 ) ;
#1666 = COLOUR_RGB ( '',0.8313725490196077761, 1.000000000000000000, 0.8666666666666666963 ) ;
#1667 = ADVANCED_FACE ( 'NONE', ( #696 ), #1360, .T. ) ;
#1668 = COLOUR_RGB ( '',0.8313725490196077761, 1.000000000000000000, 0.8666666666666666963 ) ;
#1669 = SURFACE_STYLE_USAGE ( .BOTH. , #1198 ) ;
#1670 = COLOUR_RGB ( '',0.8313725490196077761, 1.000000000000000000, 0.8666666666666666963 ) ;
#1671 =( NAMED_UNIT ( * ) SI_UNIT ( $, .STERADIAN. ) SOLID_ANGLE_UNIT ( ) );
#1672 = CARTESIAN_POINT ( 'NONE',  ( 6.299999999999999822, -0.2750000000000000222, 3.367778697655221258E-17 ) ) ;
#1673 = AXIS2_PLACEMENT_3D ( 'NONE', #1367, #319, #1920 ) ;
#1674 =( NAMED_UNIT ( * ) SI_UNIT ( $, .STERADIAN. ) SOLID_ANGLE_UNIT ( ) );
#1675 = DIRECTION ( 'NONE',  ( 1.000000000000000000, -0.000000000000000000, -0.000000000000000000 ) ) ;
#1676 = EDGE_LOOP ( 'NONE', ( #1406, #893 ) ) ;
#1677 = UNCERTAINTY_MEASURE_WITH_UNIT (LENGTH_MEASURE( 1.000000000000000082E-05 ), #1354, 'distance_accuracy_value', 'NONE');
#1678 = VERTEX_POINT ( 'NONE', #1984 ) ;
#1679 = DIRECTION ( 'NONE',  ( 0.000000000000000000, 0.000000000000000000, -1.000000000000000000 ) ) ;
#1680 = SURFACE_STYLE_FILL_AREA ( #1848 ) ;
#1681 = EDGE_CURVE ( 'NONE', #1219, #1910, #406, .T. ) ;
#1682 = DIRECTION ( 'NONE',  ( 0.000000000000000000, 0.000000000000000000, -1.000000000000000000 ) ) ;
#1683 = SURFACE_STYLE_USAGE ( .BOTH. , #1885 ) ;
#1684 = FILL_AREA_STYLE_COLOUR ( '', #490 ) ;
#1685 = EDGE_CURVE ( 'NONE', #1329, #762, #690, .T. ) ;
#1686 = DIRECTION ( 'NONE',  ( 0.000000000000000000, 1.224646799147353207E-16, 1.000000000000000000 ) ) ;
#1687 = CYLINDRICAL_SURFACE ( 'NONE', #2010, 1.050000000000000044 ) ;
#1688 = EDGE_LOOP ( 'NONE', ( #1064, #1521, #1356, #830 ) ) ;
#1689 = SURFACE_STYLE_USAGE ( .BOTH. , #297 ) ;
#1690 = DIRECTION ( 'NONE',  ( 0.000000000000000000, 0.000000000000000000, 1.000000000000000000 ) ) ;
#1691 = SURFACE_SIDE_STYLE ('',( #1221 ) ) ;
#1692 = DIRECTION ( 'NONE',  ( 3.572850611589496600E-17, 1.000000000000000000, 0.000000000000000000 ) ) ;
#1693 = DIRECTION ( 'NONE',  ( -8.673617379884036705E-17, -1.000000000000000000, 0.000000000000000000 ) ) ;
#1694 = ORIENTED_EDGE ( 'NONE', *, *, #1784, .F. ) ;
#1695 = EDGE_CURVE ( 'NONE', #454, #309, #1049, .T. ) ;
#1696 = UNCERTAINTY_MEASURE_WITH_UNIT (LENGTH_MEASURE( 1.000000000000000082E-05 ), #1664, 'distance_accuracy_value', 'NONE');
#1697 = MECHANICAL_DESIGN_GEOMETRIC_PRESENTATION_REPRESENTATION (  '', ( #1113 ), #552 ) ;
#1698 = ORIENTED_EDGE ( 'NONE', *, *, #445, .F. ) ;
#1699 =( GEOMETRIC_REPRESENTATION_CONTEXT ( 3 ) GLOBAL_UNCERTAINTY_ASSIGNED_CONTEXT ( ( #113 ) ) GLOBAL_UNIT_ASSIGNED_CONTEXT ( ( #947, #1263, #600 ) ) REPRESENTATION_CONTEXT ( 'NONE', 'WORKASPACE' ) );
#1700 = AXIS2_PLACEMENT_3D ( 'NONE', #868, #75, #853 ) ;
#1701 =( GEOMETRIC_REPRESENTATION_CONTEXT ( 3 ) GLOBAL_UNCERTAINTY_ASSIGNED_CONTEXT ( ( #1865 ) ) GLOBAL_UNIT_ASSIGNED_CONTEXT ( ( #803, #536, #841 ) ) REPRESENTATION_CONTEXT ( 'NONE', 'WORKASPACE' ) );
#1702 = DIRECTION ( 'NONE',  ( -1.000000000000000000, 0.000000000000000000, 0.000000000000000000 ) ) ;
#1703 = CARTESIAN_POINT ( 'NONE',  ( 4.390702468768152400, 1.653273178847337065E-16, 1.349999999998701794 ) ) ;
#1704 = AXIS2_PLACEMENT_3D ( 'NONE', #874, #1355, #248 ) ;
#1705 = VECTOR ( 'NONE', #146, 1000.000000000000000 ) ;
#1706 = EDGE_LOOP ( 'NONE', ( #1235, #364 ) ) ;
#1707 = COLOUR_RGB ( '',0.8313725490196077761, 1.000000000000000000, 0.8666666666666666963 ) ;
#1708 = PRESENTATION_STYLE_ASSIGNMENT (( #292 ) ) ;
#1709 = ORIENTED_EDGE ( 'NONE', *, *, #1043, .F. ) ;
#1710 = COLOUR_RGB ( '',0.8313725490196077761, 1.000000000000000000, 0.8666666666666666963 ) ;
#1711 = VERTEX_POINT ( 'NONE', #736 ) ;
#1712 = CARTESIAN_POINT ( 'NONE',  ( 8.500000000000000000, -2.694222958124177500E-16, 0.000000000000000000 ) ) ;
#1713 = SURFACE_STYLE_FILL_AREA ( #1256 ) ;
#1714 =( LENGTH_UNIT ( ) NAMED_UNIT ( * ) SI_UNIT ( .MILLI., .METRE. ) );
#1715 = FILL_AREA_STYLE ('',( #1873 ) ) ;
#1716 = ORIENTED_EDGE ( 'NONE', *, *, #602, .T. ) ;
#1717 = LINE ( 'NONE', #331, #281 ) ;
#1718 = PLANE ( 'NONE',  #958 ) ;
#1719 = ORIENTED_EDGE ( 'NONE', *, *, #1852, .T. ) ;
#1720 = UNCERTAINTY_MEASURE_WITH_UNIT (LENGTH_MEASURE( 1.000000000000000082E-05 ), #1714, 'distance_accuracy_value', 'NONE');
#1721 = EDGE_LOOP ( 'NONE', ( #1421, #586, #783, #1748 ) ) ;
#1722 = FILL_AREA_STYLE_COLOUR ( '', #715 ) ;
#1723 =( NAMED_UNIT ( * ) PLANE_ANGLE_UNIT ( ) SI_UNIT ( $, .RADIAN. ) );
#1724 = EDGE_CURVE ( 'NONE', #1516, #1678, #1290, .T. ) ;
#1725 = FILL_AREA_STYLE ('',( #1239 ) ) ;
#1726 = AXIS2_PLACEMENT_3D ( 'NONE', #286, #756, #2022 ) ;
#1727 = FILL_AREA_STYLE_COLOUR ( '', #129 ) ;
#1728 = LINE ( 'NONE', #614, #2048 ) ;
#1729 = ORIENTED_EDGE ( 'NONE', *, *, #1785, .T. ) ;
#1730 =( NAMED_UNIT ( * ) PLANE_ANGLE_UNIT ( ) SI_UNIT ( $, .RADIAN. ) );
#1731 = ORIENTED_EDGE ( 'NONE', *, *, #1249, .F. ) ;
#1732 =( GEOMETRIC_REPRESENTATION_CONTEXT ( 3 ) GLOBAL_UNCERTAINTY_ASSIGNED_CONTEXT ( ( #1677 ) ) GLOBAL_UNIT_ASSIGNED_CONTEXT ( ( #1354, #589, #1674 ) ) REPRESENTATION_CONTEXT ( 'NONE', 'WORKASPACE' ) );
#1733 = COLOUR_RGB ( '',0.8313725490196077761, 1.000000000000000000, 0.8666666666666666963 ) ;
#1734 =( NAMED_UNIT ( * ) SI_UNIT ( $, .STERADIAN. ) SOLID_ANGLE_UNIT ( ) );
#1735 = DIRECTION ( 'NONE',  ( -0.000000000000000000, -1.000000000000000000, -0.000000000000000000 ) ) ;
#1736 = ORIENTED_EDGE ( 'NONE', *, *, #225, .F. ) ;
#1737 = AXIS2_PLACEMENT_3D ( 'NONE', #1224, #1397, #2026 ) ;
#1738 =( GEOMETRIC_REPRESENTATION_CONTEXT ( 3 ) GLOBAL_UNCERTAINTY_ASSIGNED_CONTEXT ( ( #1845 ) ) GLOBAL_UNIT_ASSIGNED_CONTEXT ( ( #164, #945, #499 ) ) REPRESENTATION_CONTEXT ( 'NONE', 'WORKASPACE' ) );
#1739 =( LENGTH_UNIT ( ) NAMED_UNIT ( * ) SI_UNIT ( .MILLI., .METRE. ) );
#1740 = MECHANICAL_DESIGN_GEOMETRIC_PRESENTATION_REPRESENTATION (  '', ( #2006 ), #1635 ) ;
#1741 = ORIENTED_EDGE ( 'NONE', *, *, #544, .T. ) ;
#1742 = TOROIDAL_SURFACE ( 'NONE', #1251, 1.349999999998701572, 0.2999999999999999889 ) ;
#1743 =( GEOMETRIC_REPRESENTATION_CONTEXT ( 3 ) GLOBAL_UNCERTAINTY_ASSIGNED_CONTEXT ( ( #1330 ) ) GLOBAL_UNIT_ASSIGNED_CONTEXT ( ( #1084, #1101, #1 ) ) REPRESENTATION_CONTEXT ( 'NONE', 'WORKASPACE' ) );
#1744 = EDGE_LOOP ( 'NONE', ( #1131, #1716, #1029, #480 ) ) ;
#1745 = FILL_AREA_STYLE ('',( #650 ) ) ;
#1746 = CARTESIAN_POINT ( 'NONE',  ( 1.909297531231847422, 0.000000000000000000, -1.349999999998701572 ) ) ;
#1747 = DIRECTION ( 'NONE',  ( -1.000000000000000000, 0.000000000000000000, 0.000000000000000000 ) ) ;
#1748 = ORIENTED_EDGE ( 'NONE', *, *, #1334, .F. ) ;
#1749 = CARTESIAN_POINT ( 'NONE',  ( 4.857071421427143321, 0.000000000000000000, 0.000000000000000000 ) ) ;
#1750 = EDGE_CURVE ( 'NONE', #1661, #122, #599, .T. ) ;
#1751 = CARTESIAN_POINT ( 'NONE',  ( 5.799999999999999822, 1.469576158976823553E-16, -1.199999999999999956 ) ) ;
#1752 = VERTEX_POINT ( 'NONE', #767 ) ;
#1753 = FACE_OUTER_BOUND ( 'NONE', #61, .T. ) ;
#1754 = DIRECTION ( 'NONE',  ( 0.000000000000000000, 0.000000000000000000, -1.000000000000000000 ) ) ;
#1755 = PRESENTATION_STYLE_ASSIGNMENT (( #349 ) ) ;
#1756 =( LENGTH_UNIT ( ) NAMED_UNIT ( * ) SI_UNIT ( .MILLI., .METRE. ) );
#1757 = SURFACE_STYLE_USAGE ( .BOTH. , #1909 ) ;
#1758 = EDGE_LOOP ( 'NONE', ( #503, #1430, #181, #134 ) ) ;
#1759 = DIRECTION ( 'NONE',  ( -1.000000000000000000, 0.000000000000000000, 0.000000000000000000 ) ) ;
#1760 = ORIENTED_EDGE ( 'NONE', *, *, #1785, .F. ) ;
#1761 = PRODUCT_DEFINITION ( 'UNKNOWN', '', #1876, #72 ) ;
#1762 = AXIS2_PLACEMENT_3D ( 'NONE', #402, #1949, #1488 ) ;
#1763 =( LENGTH_UNIT ( ) NAMED_UNIT ( * ) SI_UNIT ( .MILLI., .METRE. ) );
#1764 = DIRECTION ( 'NONE',  ( 0.000000000000000000, 0.000000000000000000, -1.000000000000000000 ) ) ;
#1765 = DIRECTION ( 'NONE',  ( 0.000000000000000000, 1.000000000000000000, 0.000000000000000000 ) ) ;
#1766 = VECTOR ( 'NONE', #34, 1000.000000000000000 ) ;
#1767 = COLOUR_RGB ( '',0.8313725490196077761, 1.000000000000000000, 0.8666666666666666963 ) ;
#1768 = STYLED_ITEM ( 'NONE', ( #942 ), #2004 ) ;
#1769 = AXIS2_PLACEMENT_3D ( 'NONE', #100, #397, #700 ) ;
#1770 =( NAMED_UNIT ( * ) SI_UNIT ( $, .STERADIAN. ) SOLID_ANGLE_UNIT ( ) );
#1771 = ORIENTED_EDGE ( 'NONE', *, *, #1334, .T. ) ;
#1772 = VECTOR ( 'NONE', #1982, 1000.000000000000000 ) ;
#1773 = ADVANCED_FACE ( 'NONE', ( #288 ), #96, .F. ) ;
#1774 = CIRCLE ( 'NONE', #64, 1.050000000000000044 ) ;
#1775 = DIRECTION ( 'NONE',  ( 0.000000000000000000, 0.000000000000000000, 1.000000000000000000 ) ) ;
#1776 = CIRCLE ( 'NONE', #1578, 0.2750000000000000222 ) ;
#1777 = CARTESIAN_POINT ( 'NONE',  ( 4.090702468768153466, 0.000000000000000000, -1.050000000000000044 ) ) ;
#1778 = SURFACE_STYLE_USAGE ( .BOTH. , #1154 ) ;
#1779 =( LENGTH_UNIT ( ) NAMED_UNIT ( * ) SI_UNIT ( .MILLI., .METRE. ) );
#1780 = SURFACE_STYLE_USAGE ( .BOTH. , #1157 ) ;
#1781 = EDGE_LOOP ( 'NONE', ( #612, #571, #2028, #44 ) ) ;
#1782 =( NAMED_UNIT ( * ) SI_UNIT ( $, .STERADIAN. ) SOLID_ANGLE_UNIT ( ) );
#1783 = SURFACE_SIDE_STYLE ('',( #1464 ) ) ;
#1784 = EDGE_CURVE ( 'NONE', #1886, #155, #1241, .T. ) ;
#1785 = EDGE_CURVE ( 'NONE', #1861, #1362, #1123, .T. ) ;
#1786 = CARTESIAN_POINT ( 'NONE',  ( 6.299999999999999822, 0.000000000000000000, -1.050000000000000044 ) ) ;
#1787 = DIRECTION ( 'NONE',  ( -1.000000000000000000, 0.000000000000000000, 0.000000000000000000 ) ) ;
#1788 = DIRECTION ( 'NONE',  ( 0.000000000000000000, 0.000000000000000000, -1.000000000000000000 ) ) ;
#1789 = CARTESIAN_POINT ( 'NONE',  ( 4.857071421427143321, 0.000000000000000000, 0.000000000000000000 ) ) ;
#1790 = EDGE_LOOP ( 'NONE', ( #1842, #655, #785, #1215 ) ) ;
#1791 = PRESENTATION_STYLE_ASSIGNMENT (( #1344 ) ) ;
#1792 = LINE ( 'NONE', #556, #628 ) ;
#1793 = DIRECTION ( 'NONE',  ( -0.000000000000000000, -0.000000000000000000, -1.000000000000000000 ) ) ;
#1794 =( LENGTH_UNIT ( ) NAMED_UNIT ( * ) SI_UNIT ( .MILLI., .METRE. ) );
#1795 =( NAMED_UNIT ( * ) SI_UNIT ( $, .STERADIAN. ) SOLID_ANGLE_UNIT ( ) );
#1796 = CIRCLE ( 'NONE', #59, 1.275000000000000133 ) ;
#1797 = AXIS2_PLACEMENT_3D ( 'NONE', #590, #1066, #1686 ) ;
#1798 = CIRCLE ( 'NONE', #1182, 0.2750000000000000222 ) ;
#1799 = AXIS2_PLACEMENT_3D ( 'NONE', #90, #864, #1398 ) ;
#1800 = SURFACE_SIDE_STYLE ('',( #541 ) ) ;
#1801 = ADVANCED_BREP_SHAPE_REPRESENTATION ( 'Resistor6.3x2.4x12.70', ( #1859, #596 ), #1283 ) ;
#1802 = DIRECTION ( 'NONE',  ( 0.000000000000000000, 0.000000000000000000, -1.000000000000000000 ) ) ;
#1803 = TOROIDAL_SURFACE ( 'NONE', #1055, 0.6999999999999998446, 0.5000000000000000000 ) ;
#1804 = FILL_AREA_STYLE ('',( #879 ) ) ;
#1805 = CARTESIAN_POINT ( 'NONE',  ( 4.390702468768152400, 0.000000000000000000, -1.349999999998701794 ) ) ;
#1806 = CARTESIAN_POINT ( 'NONE',  ( 6.299999999999999822, 0.000000000000000000, 0.000000000000000000 ) ) ;
#1807 =( LENGTH_UNIT ( ) NAMED_UNIT ( * ) SI_UNIT ( .MILLI., .METRE. ) );
#1808 = ADVANCED_FACE ( 'NONE', ( #1393 ), #1803, .T. ) ;
#1809 = DIRECTION ( 'NONE',  ( 0.000000000000000000, 0.000000000000000000, 1.000000000000000000 ) ) ;
#1810 = CARTESIAN_POINT ( 'NONE',  ( 6.299999999999999822, 0.000000000000000000, 0.000000000000000000 ) ) ;
#1811 = FACE_OUTER_BOUND ( 'NONE', #110, .T. ) ;
#1812 = SURFACE_SIDE_STYLE ('',( #1192 ) ) ;
#1813 = ORIENTED_EDGE ( 'NONE', *, *, #943, .F. ) ;
#1814 = UNCERTAINTY_MEASURE_WITH_UNIT (LENGTH_MEASURE( 1.000000000000000082E-05 ), #26, 'distance_accuracy_value', 'NONE');
#1815 = ADVANCED_FACE ( 'NONE', ( #1097 ), #132, .T. ) ;
#1816 = DIRECTION ( 'NONE',  ( 1.000000000000000000, -0.000000000000000000, -0.000000000000000000 ) ) ;
#1817 =( NAMED_UNIT ( * ) PLANE_ANGLE_UNIT ( ) SI_UNIT ( $, .RADIAN. ) );
#1818 =( NAMED_UNIT ( * ) PLANE_ANGLE_UNIT ( ) SI_UNIT ( $, .RADIAN. ) );
#1819 = ORIENTED_EDGE ( 'NONE', *, *, #1454, .F. ) ;
#1820 = PRESENTATION_STYLE_ASSIGNMENT (( #1669 ) ) ;
#1821 = DIRECTION ( 'NONE',  ( 0.000000000000000000, 0.000000000000000000, -1.000000000000000000 ) ) ;
#1822 = CARTESIAN_POINT ( 'NONE',  ( -3.200000000000002398, -1.000000000000001332, 0.000000000000000000 ) ) ;
#1823 = ORIENTED_EDGE ( 'NONE', *, *, #1959, .T. ) ;
#1824 =( NAMED_UNIT ( * ) PLANE_ANGLE_UNIT ( ) SI_UNIT ( $, .RADIAN. ) );
#1825 = SURFACE_STYLE_FILL_AREA ( #704 ) ;
#1826 = COLOUR_RGB ( '',0.8313725490196077761, 1.000000000000000000, 0.8666666666666666963 ) ;
#1827 = ORIENTED_EDGE ( 'NONE', *, *, #1891, .T. ) ;
#1828 = PRESENTATION_LAYER_ASSIGNMENT (  '', '', ( #277 ) ) ;
#1829 =( GEOMETRIC_REPRESENTATION_CONTEXT ( 3 ) GLOBAL_UNCERTAINTY_ASSIGNED_CONTEXT ( ( #472 ) ) GLOBAL_UNIT_ASSIGNED_CONTEXT ( ( #1739, #470, #166 ) ) REPRESENTATION_CONTEXT ( 'NONE', 'WORKASPACE' ) );
#1830 = EDGE_CURVE ( 'NONE', #1305, #1547, #899, .T. ) ;
#1831 = AXIS2_PLACEMENT_3D ( 'NONE', #261, #1577, #168 ) ;
#1832 = DIRECTION ( 'NONE',  ( 0.000000000000000000, 0.000000000000000000, 1.000000000000000000 ) ) ;
#1833 = PRESENTATION_LAYER_ASSIGNMENT (  '', '', ( #961 ) ) ;
#1834 = DIRECTION ( 'NONE',  ( 0.000000000000000000, 0.000000000000000000, -1.000000000000000000 ) ) ;
#1835 = PRESENTATION_LAYER_ASSIGNMENT (  '', '', ( #1183 ) ) ;
#1836 = CARTESIAN_POINT ( 'NONE',  ( -2.200000000000001066, -1.000000000000001554, 0.000000000000000000 ) ) ;
#1837 = STYLED_ITEM ( 'NONE', ( #2031 ), #517 ) ;
#1838 = STYLED_ITEM ( 'NONE', ( #920 ), #1773 ) ;
#1839 = FILL_AREA_STYLE_COLOUR ( '', #1733 ) ;
#1840 = SURFACE_STYLE_USAGE ( .BOTH. , #299 ) ;
#1841 = CIRCLE ( 'NONE', #99, 0.2750000000000000222 ) ;
#1842 = ORIENTED_EDGE ( 'NONE', *, *, #1062, .T. ) ;
#1843 = PRESENTATION_STYLE_ASSIGNMENT (( #88 ) ) ;
#1844 = DIRECTION ( 'NONE',  ( -1.000000000000000000, -0.000000000000000000, -0.000000000000000000 ) ) ;
#1845 = UNCERTAINTY_MEASURE_WITH_UNIT (LENGTH_MEASURE( 1.000000000000000082E-05 ), #164, 'distance_accuracy_value', 'NONE');
#1846 = EDGE_LOOP ( 'NONE', ( #360, #458, #1394, #625 ) ) ;
#1847 = PRODUCT_DEFINITION_SHAPE ( 'NONE', 'NONE',  #1761 ) ;
#1848 = FILL_AREA_STYLE ('',( #1044 ) ) ;
#1849 = COLOUR_RGB ( '',0.000000000000000000, 0.7529411764705882248, 0.000000000000000000 ) ;
#1850 =( NAMED_UNIT ( * ) SI_UNIT ( $, .STERADIAN. ) SOLID_ANGLE_UNIT ( ) );
#1851 = EDGE_CURVE ( 'NONE', #550, #1633, #1253, .T. ) ;
#1852 = EDGE_CURVE ( 'NONE', #1752, #1219, #1776, .T. ) ;
#1853 = SURFACE_STYLE_FILL_AREA ( #1115 ) ;
#1854 = CARTESIAN_POINT ( 'NONE',  ( 1.442928578572857168, 0.000000000000000000, -0.6999999999999998446 ) ) ;
#1855 = VERTEX_POINT ( 'NONE', #677 ) ;
#1856 = EDGE_LOOP ( 'NONE', ( #1067, #12, #1729, #1112 ) ) ;
#1857 = VECTOR ( 'NONE', #809, 1000.000000000000000 ) ;
#1858 = CARTESIAN_POINT ( 'NONE',  ( 0.000000000000000000, -0.2750000000000000222, 0.000000000000000000 ) ) ;
#1859 = MANIFOLD_SOLID_BREP ( 'Mirror1', #1286 ) ;
#1860 = CYLINDRICAL_SURFACE ( 'NONE', #421, 0.2750000000000000222 ) ;
#1861 = VERTEX_POINT ( 'NONE', #835 ) ;
#1862 = LINE ( 'NONE', #266, #2002 ) ;
#1863 = SURFACE_SIDE_STYLE ('',( #924 ) ) ;
#1864 = ORIENTED_EDGE ( 'NONE', *, *, #779, .T. ) ;
#1865 = UNCERTAINTY_MEASURE_WITH_UNIT (LENGTH_MEASURE( 1.000000000000000082E-05 ), #803, 'distance_accuracy_value', 'NONE');
#1866 = AXIS2_PLACEMENT_3D ( 'NONE', #999, #206, #1754 ) ;
#1867 = TOROIDAL_SURFACE ( 'NONE', #2040, 1.000000000000000444, 0.2750000000000000222 ) ;
#1868 = CIRCLE ( 'NONE', #658, 0.2750000000000000222 ) ;
#1869 = AXIS2_PLACEMENT_3D ( 'NONE', #1328, #1978, #1645 ) ;
#1870 = FACE_OUTER_BOUND ( 'NONE', #1856, .T. ) ;
#1871 = STYLED_ITEM ( 'NONE', ( #154 ), #258 ) ;
#1872 = PRESENTATION_LAYER_ASSIGNMENT (  '', '', ( #1969 ) ) ;
#1873 = FILL_AREA_STYLE_COLOUR ( '', #898 ) ;
#1874 = AXIS2_PLACEMENT_3D ( 'NONE', #1129, #515, #1765 ) ;
#1875 = ORIENTED_EDGE ( 'NONE', *, *, #602, .F. ) ;
#1876 = PRODUCT_DEFINITION_FORMATION_WITH_SPECIFIED_SOURCE ( 'ANY', '', #741, .NOT_KNOWN. ) ;
#1877 = MECHANICAL_DESIGN_GEOMETRIC_PRESENTATION_REPRESENTATION (  '', ( #1090 ), #95 ) ;
#1878 = SURFACE_STYLE_USAGE ( .BOTH. , #1231 ) ;
#1879 = CARTESIAN_POINT ( 'NONE',  ( 1.909297531231847422, 0.000000000000000000, 0.000000000000000000 ) ) ;
#1880 = EDGE_LOOP ( 'NONE', ( #1823, #1259 ) ) ;
#1881 = EDGE_CURVE ( 'NONE', #365, #1130, #1841, .T. ) ;
#1882 = ORIENTED_EDGE ( 'NONE', *, *, #780, .T. ) ;
#1883 = DIRECTION ( 'NONE',  ( -1.000000000000000000, -0.000000000000000000, -0.000000000000000000 ) ) ;
#1884 = CARTESIAN_POINT ( 'NONE',  ( 5.799999999999999822, 0.000000000000000000, 0.000000000000000000 ) ) ;
#1885 = SURFACE_SIDE_STYLE ('',( #1378 ) ) ;
#1886 = VERTEX_POINT ( 'NONE', #5 ) ;
#1887 = CARTESIAN_POINT ( 'NONE',  ( 6.299999999999999822, 0.000000000000000000, -1.050000000000000044 ) ) ;
#1888 = DIRECTION ( 'NONE',  ( 1.000000000000000000, 0.000000000000000000, 0.000000000000000000 ) ) ;
#1889 = ORIENTED_EDGE ( 'NONE', *, *, #275, .T. ) ;
#1890 = ORIENTED_EDGE ( 'NONE', *, *, #1830, .T. ) ;
#1891 = EDGE_CURVE ( 'NONE', #408, #2032, #41, .T. ) ;
#1892 =( NAMED_UNIT ( * ) PLANE_ANGLE_UNIT ( ) SI_UNIT ( $, .RADIAN. ) );
#1893 = SURFACE_SIDE_STYLE ('',( #1599 ) ) ;
#1894 = SURFACE_STYLE_FILL_AREA ( #522 ) ;
#1895 = LINE ( 'NONE', #1260, #221 ) ;
#1896 = SURFACE_STYLE_FILL_AREA ( #291 ) ;
#1897 = DIRECTION ( 'NONE',  ( 0.000000000000000000, 0.000000000000000000, -1.000000000000000000 ) ) ;
#1898 = ORIENTED_EDGE ( 'NONE', *, *, #1043, .T. ) ;
#1899 = DIRECTION ( 'NONE',  ( 0.000000000000000000, 0.000000000000000000, -1.000000000000000000 ) ) ;
#1900 = PRESENTATION_LAYER_ASSIGNMENT (  '', '', ( #1629 ) ) ;
#1901 = ADVANCED_FACE ( 'NONE', ( #1926 ), #35, .T. ) ;
#1902 =( GEOMETRIC_REPRESENTATION_CONTEXT ( 3 ) GLOBAL_UNCERTAINTY_ASSIGNED_CONTEXT ( ( #1370 ) ) GLOBAL_UNIT_ASSIGNED_CONTEXT ( ( #1048, #610, #1671 ) ) REPRESENTATION_CONTEXT ( 'NONE', 'WORKASPACE' ) );
#1903 = DIRECTION ( 'NONE',  ( 1.000000000000000000, -0.000000000000000000, -0.000000000000000000 ) ) ;
#1904 = ADVANCED_FACE ( 'NONE', ( #1476 ), #887, .T. ) ;
#1905 = ORIENTED_EDGE ( 'NONE', *, *, #865, .F. ) ;
#1906 = CIRCLE ( 'NONE', #1021, 1.050000000000000044 ) ;
#1907 = FILL_AREA_STYLE ('',( #1565 ) ) ;
#1908 = FACE_OUTER_BOUND ( 'NONE', #1721, .T. ) ;
#1909 = SURFACE_SIDE_STYLE ('',( #1295 ) ) ;
#1910 = VERTEX_POINT ( 'NONE', #683 ) ;
#1911 = CIRCLE ( 'NONE', #390, 0.6999999999999998446 ) ;
#1912 = MECHANICAL_DESIGN_GEOMETRIC_PRESENTATION_REPRESENTATION (  '', ( #1473 ), #1452 ) ;
#1913 = FACE_OUTER_BOUND ( 'NONE', #1004, .T. ) ;
#1914 = DIRECTION ( 'NONE',  ( -0.000000000000000000, -0.000000000000000000, -1.000000000000000000 ) ) ;
#1915 = SURFACE_STYLE_FILL_AREA ( #966 ) ;
#1916 = DIRECTION ( 'NONE',  ( 0.000000000000000000, 0.000000000000000000, 1.000000000000000000 ) ) ;
#1917 = EDGE_CURVE ( 'NONE', #511, #122, #459, .T. ) ;
#1918 = EDGE_LOOP ( 'NONE', ( #1694, #464, #916, #1882 ) ) ;
#1919 = PRESENTATION_STYLE_ASSIGNMENT (( #1588 ) ) ;
#1920 = DIRECTION ( 'NONE',  ( 0.000000000000000000, 0.000000000000000000, -1.000000000000000000 ) ) ;
#1921 =( GEOMETRIC_REPRESENTATION_CONTEXT ( 3 ) GLOBAL_UNCERTAINTY_ASSIGNED_CONTEXT ( ( #1203 ) ) GLOBAL_UNIT_ASSIGNED_CONTEXT ( ( #450, #1892, #2046 ) ) REPRESENTATION_CONTEXT ( 'NONE', 'WORKASPACE' ) );
#1922 = FILL_AREA_STYLE_COLOUR ( '', #1707 ) ;
#1923 = EDGE_CURVE ( 'NONE', #303, #979, #2045, .T. ) ;
#1924 = DIRECTION ( 'NONE',  ( 0.000000000000000000, 0.000000000000000000, -1.000000000000000000 ) ) ;
#1925 = SURFACE_SIDE_STYLE ('',( #1274 ) ) ;
#1926 = FACE_OUTER_BOUND ( 'NONE', #1790, .T. ) ;
#1927 = DIRECTION ( 'NONE',  ( 0.000000000000000000, 0.000000000000000000, -1.000000000000000000 ) ) ;
#1928 = VECTOR ( 'NONE', #972, 1000.000000000000000 ) ;
#1929 = PRESENTATION_LAYER_ASSIGNMENT (  '', '', ( #280 ) ) ;
#1930 = AXIS2_PLACEMENT_3D ( 'NONE', #438, #70, #1964 ) ;
#1931 = AXIS2_PLACEMENT_3D ( 'NONE', #664, #514, #527 ) ;
#1932 = SURFACE_STYLE_FILL_AREA ( #31 ) ;
#1933 =( GEOMETRIC_REPRESENTATION_CONTEXT ( 3 ) GLOBAL_UNCERTAINTY_ASSIGNED_CONTEXT ( ( #751 ) ) GLOBAL_UNIT_ASSIGNED_CONTEXT ( ( #153, #1444, #1134 ) ) REPRESENTATION_CONTEXT ( 'NONE', 'WORKASPACE' ) );
#1934 = MECHANICAL_DESIGN_GEOMETRIC_PRESENTATION_REPRESENTATION (  '', ( #859 ), #1052 ) ;
#1935 =( GEOMETRIC_REPRESENTATION_CONTEXT ( 3 ) GLOBAL_UNCERTAINTY_ASSIGNED_CONTEXT ( ( #1068 ) ) GLOBAL_UNIT_ASSIGNED_CONTEXT ( ( #1491, #711, #1349 ) ) REPRESENTATION_CONTEXT ( 'NONE', 'WORKASPACE' ) );
#1936 =( GEOMETRIC_REPRESENTATION_CONTEXT ( 3 ) GLOBAL_UNCERTAINTY_ASSIGNED_CONTEXT ( ( #311 ) ) GLOBAL_UNIT_ASSIGNED_CONTEXT ( ( #468, #1519, #265 ) ) REPRESENTATION_CONTEXT ( 'NONE', 'WORKASPACE' ) );
#1937 = EDGE_CURVE ( 'NONE', #122, #511, #1420, .T. ) ;
#1938 = EDGE_CURVE ( 'NONE', #1678, #1516, #351, .T. ) ;
#1939 = STYLED_ITEM ( 'NONE', ( #1620 ), #1859 ) ;
#1940 = PRESENTATION_STYLE_ASSIGNMENT (( #1111 ) ) ;
#1941 =( NAMED_UNIT ( * ) PLANE_ANGLE_UNIT ( ) SI_UNIT ( $, .RADIAN. ) );
#1942 = FACE_OUTER_BOUND ( 'NONE', #179, .T. ) ;
#1943 = EDGE_LOOP ( 'NONE', ( #564, #733, #617, #1905 ) ) ;
#1944 = SURFACE_STYLE_FILL_AREA ( #177 ) ;
#1945 = CARTESIAN_POINT ( 'NONE',  ( 1.734409173984143848, 0.000000000000000000, 0.000000000000000000 ) ) ;
#1946 = CARTESIAN_POINT ( 'NONE',  ( 2.859297531231848932, 0.000000000000000000, 0.000000000000000000 ) ) ;
#1947 = CARTESIAN_POINT ( 'NONE',  ( -3.475000000000001865, -6.000000000000001776, 3.367778697655220642E-17 ) ) ;
#1948 = ORIENTED_EDGE ( 'NONE', *, *, #1851, .T. ) ;
#1949 = DIRECTION ( 'NONE',  ( 0.000000000000000000, 0.000000000000000000, 1.000000000000000000 ) ) ;
#1950 = SURFACE_SIDE_STYLE ('',( #1166 ) ) ;
#1951 = SURFACE_STYLE_USAGE ( .BOTH. , #709 ) ;
#1952 = ORIENTED_EDGE ( 'NONE', *, *, #1314, .F. ) ;
#1953 = CYLINDRICAL_SURFACE ( 'NONE', #1424, 1.050000000000000044 ) ;
#1954 = DIRECTION ( 'NONE',  ( 0.000000000000000000, 0.000000000000000000, -1.000000000000000000 ) ) ;
#1955 = FACE_OUTER_BOUND ( 'NONE', #856, .T. ) ;
#1956 = CARTESIAN_POINT ( 'NONE',  ( 9.225000000000001421, -1.000000000000000888, 3.367778697655231119E-17 ) ) ;
#1957 = DIRECTION ( 'NONE',  ( -1.000000000000000000, 0.000000000000000000, 0.000000000000000000 ) ) ;
#1958 = PRESENTATION_STYLE_ASSIGNMENT (( #1209 ) ) ;
#1959 = EDGE_CURVE ( 'NONE', #1547, #1512, #659, .T. ) ;
#1960 = DIRECTION ( 'NONE',  ( 1.000000000000000000, -0.000000000000000000, -0.000000000000000000 ) ) ;
#1961 = CIRCLE ( 'NONE', #215, 0.2999999999999999334 ) ;
#1962 = FACE_OUTER_BOUND ( 'NONE', #340, .T. ) ;
#1963 = APPLICATION_CONTEXT ( 'automotive_design' ) ;
#1964 = DIRECTION ( 'NONE',  ( 0.000000000000000000, 0.000000000000000000, -1.000000000000000000 ) ) ;
#1965 = DIRECTION ( 'NONE',  ( 1.000000000000000000, -0.000000000000000000, -0.000000000000000000 ) ) ;
#1966 = AXIS2_PLACEMENT_3D ( 'NONE', #11, #1220, #1980 ) ;
#1967 = AXIS2_PLACEMENT_3D ( 'NONE', #413, #1045, #229 ) ;
#1968 = UNCERTAINTY_MEASURE_WITH_UNIT (LENGTH_MEASURE( 1.000000000000000082E-05 ), #506, 'distance_accuracy_value', 'NONE');
#1969 = STYLED_ITEM ( 'NONE', ( #1581 ), #62 ) ;
#1970 = COLOUR_RGB ( '',0.8313725490196077761, 1.000000000000000000, 0.8666666666666666963 ) ;
#1971 = SURFACE_STYLE_USAGE ( .BOTH. , #1979 ) ;
#1972 =( LENGTH_UNIT ( ) NAMED_UNIT ( * ) SI_UNIT ( .MILLI., .METRE. ) );
#1973 = DIRECTION ( 'NONE',  ( 0.000000000000000000, 0.000000000000000000, -1.000000000000000000 ) ) ;
#1974 = MECHANICAL_DESIGN_GEOMETRIC_PRESENTATION_REPRESENTATION (  '', ( #226 ), #1936 ) ;
#1975 = CYLINDRICAL_SURFACE ( 'NONE', #491, 1.050000000000000044 ) ;
#1976 = LINE ( 'NONE', #569, #1187 ) ;
#1977 = EDGE_CURVE ( 'NONE', #546, #365, #1796, .T. ) ;
#1978 = DIRECTION ( 'NONE',  ( 1.000000000000000000, 0.000000000000000000, 0.000000000000000000 ) ) ;
#1979 = SURFACE_SIDE_STYLE ('',( #411 ) ) ;
#1980 = DIRECTION ( 'NONE',  ( 0.000000000000000000, 0.000000000000000000, -1.000000000000000000 ) ) ;
#1981 = FILL_AREA_STYLE_COLOUR ( '', #1178 ) ;
#1982 = DIRECTION ( 'NONE',  ( 1.000000000000000000, -0.000000000000000000, -0.000000000000000000 ) ) ;
#1983 = DIRECTION ( 'NONE',  ( -3.572850611589496600E-17, 1.000000000000000000, -0.000000000000000000 ) ) ;
#1984 = CARTESIAN_POINT ( 'NONE',  ( 2.859297531231848932, 0.000000000000000000, -1.050000000000000044 ) ) ;
#1985 = CARTESIAN_POINT ( 'NONE',  ( 1.909297531231847422, 1.653273178847336819E-16, 1.349999999998701572 ) ) ;
#1986 =( NAMED_UNIT ( * ) PLANE_ANGLE_UNIT ( ) SI_UNIT ( $, .RADIAN. ) );
#1987 = ORIENTED_EDGE ( 'NONE', *, *, #1989, .T. ) ;
#1988 = ADVANCED_FACE ( 'NONE', ( #1942 ), #559, .F. ) ;
#1989 = EDGE_CURVE ( 'NONE', #334, #1573, #1358, .T. ) ;
#1990 = SURFACE_STYLE_USAGE ( .BOTH. , #901 ) ;
#1991 =( LENGTH_UNIT ( ) NAMED_UNIT ( * ) SI_UNIT ( .MILLI., .METRE. ) );
#1992 = CARTESIAN_POINT ( 'NONE',  ( 6.299999999999999822, 0.000000000000000000, -1.050000000000000044 ) ) ;
#1993 = FILL_AREA_STYLE_COLOUR ( '', #1710 ) ;
#1994 = ORIENTED_EDGE ( 'NONE', *, *, #84, .F. ) ;
#1995 = CARTESIAN_POINT ( 'NONE',  ( 0.5000000000000004441, 0.000000000000000000, 0.000000000000000000 ) ) ;
#1996 = DIRECTION ( 'NONE',  ( 0.000000000000000000, 0.000000000000000000, -1.000000000000000000 ) ) ;
#1997 =( NAMED_UNIT ( * ) SI_UNIT ( $, .STERADIAN. ) SOLID_ANGLE_UNIT ( ) );
#1998 = COLOUR_RGB ( '',0.8313725490196077761, 1.000000000000000000, 0.8666666666666666963 ) ;
#1999 = ORIENTED_EDGE ( 'NONE', *, *, #199, .T. ) ;
#2000 =( GEOMETRIC_REPRESENTATION_CONTEXT ( 3 ) GLOBAL_UNCERTAINTY_ASSIGNED_CONTEXT ( ( #1108 ) ) GLOBAL_UNIT_ASSIGNED_CONTEXT ( ( #1763, #992, #197 ) ) REPRESENTATION_CONTEXT ( 'NONE', 'WORKASPACE' ) );
#2001 = ORIENTED_EDGE ( 'NONE', *, *, #1750, .F. ) ;
#2002 = VECTOR ( 'NONE', #1515, 1000.000000000000000 ) ;
#2003 = VECTOR ( 'NONE', #127, 1000.000000000000000 ) ;
#2004 = ADVANCED_FACE ( 'NONE', ( #609 ), #2009, .T. ) ;
#2005 = AXIS2_PLACEMENT_3D ( 'NONE', #1357, #254, #1834 ) ;
#2006 = STYLED_ITEM ( 'NONE', ( #1365 ), #2034 ) ;
#2007 = DIRECTION ( 'NONE',  ( 0.000000000000000000, 0.000000000000000000, -1.000000000000000000 ) ) ;
#2008 = STYLED_ITEM ( 'NONE', ( #1958 ), #455 ) ;
#2009 = CYLINDRICAL_SURFACE ( 'NONE', #188, 0.2750000000000000222 ) ;
#2010 = AXIS2_PLACEMENT_3D ( 'NONE', #1106, #2017, #638 ) ;
#2011 = DIRECTION ( 'NONE',  ( -1.000000000000000000, -0.000000000000000000, -0.000000000000000000 ) ) ;
#2012 = AXIS2_PLACEMENT_3D ( 'NONE', #1946, #539, #1164 ) ;
#2013 = CARTESIAN_POINT ( 'NONE',  ( 6.299999999999999822, 0.000000000000000000, 0.000000000000000000 ) ) ;
#2014 = SURFACE_SIDE_STYLE ('',( #434 ) ) ;
#2015 = EDGE_LOOP ( 'NONE', ( #1875, #1548, #477, #1948 ) ) ;
#2016 = SURFACE_STYLE_USAGE ( .BOTH. , #922 ) ;
#2017 = DIRECTION ( 'NONE',  ( 1.000000000000000000, -0.000000000000000000, -0.000000000000000000 ) ) ;
#2018 = ORIENTED_EDGE ( 'NONE', *, *, #257, .T. ) ;
#2019 = UNCERTAINTY_MEASURE_WITH_UNIT (LENGTH_MEASURE( 1.000000000000000082E-05 ), #1647, 'distance_accuracy_value', 'NONE');
#2020 = EDGE_LOOP ( 'NONE', ( #202, #47, #16, #302 ) ) ;
#2021 = PLANE ( 'NONE',  #1831 ) ;
#2022 = DIRECTION ( 'NONE',  ( 0.000000000000000000, 0.000000000000000000, 1.000000000000000000 ) ) ;
#2023 = FILL_AREA_STYLE_COLOUR ( '', #2051 ) ;
#2024 = CARTESIAN_POINT ( 'NONE',  ( 1.442928578572857168, 8.572527594031470725E-17, 0.6999999999999998446 ) ) ;
#2025 = CYLINDRICAL_SURFACE ( 'NONE', #1348, 1.050000000000000044 ) ;
#2026 = DIRECTION ( 'NONE',  ( 0.000000000000000000, 0.000000000000000000, -1.000000000000000000 ) ) ;
#2027 = SURFACE_STYLE_FILL_AREA ( #1546 ) ;
#2028 = ORIENTED_EDGE ( 'NONE', *, *, #1917, .F. ) ;
#2029 = ORIENTED_EDGE ( 'NONE', *, *, #1851, .F. ) ;
#2030 = ORIENTED_EDGE ( 'NONE', *, *, #409, .T. ) ;
#2031 = PRESENTATION_STYLE_ASSIGNMENT (( #1402 ) ) ;
#2032 = VERTEX_POINT ( 'NONE', #1541 ) ;
#2033 = EDGE_CURVE ( 'NONE', #309, #546, #1213, .T. ) ;
#2034 = ADVANCED_FACE ( 'NONE', ( #2042 ), #1343, .T. ) ;
#2035 = PRESENTATION_STYLE_ASSIGNMENT (( #1075 ) ) ;
#2036 = ORIENTED_EDGE ( 'NONE', *, *, #1619, .T. ) ;
#2037 = UNCERTAINTY_MEASURE_WITH_UNIT (LENGTH_MEASURE( 1.000000000000000082E-05 ), #1438, 'distance_accuracy_value', 'NONE');
#2038 = PRESENTATION_LAYER_ASSIGNMENT (  '', '', ( #1113 ) ) ;
#2039 = ORIENTED_EDGE ( 'NONE', *, *, #739, .F. ) ;
#2040 = AXIS2_PLACEMENT_3D ( 'NONE', #86, #1793, #1787 ) ;
#2041 = VECTOR ( 'NONE', #379, 1000.000000000000000 ) ;
#2042 = FACE_OUTER_BOUND ( 'NONE', #1446, .T. ) ;
#2043 = MECHANICAL_DESIGN_GEOMETRIC_PRESENTATION_REPRESENTATION (  '', ( #1871 ), #1829 ) ;
#2044 = MECHANICAL_DESIGN_GEOMETRIC_PRESENTATION_REPRESENTATION (  '', ( #1341 ), #1570 ) ;
#2045 = CIRCLE ( 'NONE', #1967, 0.6999999999999998446 ) ;
#2046 =( NAMED_UNIT ( * ) SI_UNIT ( $, .STERADIAN. ) SOLID_ANGLE_UNIT ( ) );
#2047 = CIRCLE ( 'NONE', #1533, 1.199999999999999956 ) ;
#2048 = VECTOR ( 'NONE', #1693, 1000.000000000000000 ) ;
#2049 = ORIENTED_EDGE ( 'NONE', *, *, #1923, .F. ) ;
#2050 = COLOUR_RGB ( '',0.8313725490196077761, 1.000000000000000000, 0.8666666666666666963 ) ;
#2051 = COLOUR_RGB ( '',0.8313725490196077761, 1.000000000000000000, 0.8666666666666666963 ) ;
ENDSEC;
END-ISO-10303-21;
