ISO-10303-21;
HEADER;
/* Generated by software containing ST-Developer
 * from STEP Tools, Inc. (www.steptools.com) 
 */
/* OPTION: using custom schema-name function */

FILE_DESCRIPTION(
/* description */ (''),
/* implementation_level */ '2;1');

FILE_NAME(
/* name */ 'OWR-4009T-38E_3D_20230717.stp',
/* time_stamp */ '2023-07-17T17:19:17+08:00',
/* author */ (''),
/* organization */ (''),
/* preprocessor_version */ 'ST-DEVELOPER v14',
/* originating_system */ 'SIEMENS PLM Software NX 8.0',
/* authorisation */ '');

FILE_SCHEMA (('AUTOMOTIVE_DESIGN { 1 0 10303 214 3 1 1 1 }'));
ENDSEC;

DATA;
#10=PROPERTY_DEFINITION_REPRESENTATION(#14,#12);
#11=PROPERTY_DEFINITION_REPRESENTATION(#15,#13);
#12=REPRESENTATION('',(#16),#3486);
#13=REPRESENTATION('',(#17),#3486);
#14=PROPERTY_DEFINITION('pmi validation property','',#21);
#15=PROPERTY_DEFINITION('pmi validation property','',#21);
#16=VALUE_REPRESENTATION_ITEM('number of annotations',COUNT_MEASURE(0.));
#17=VALUE_REPRESENTATION_ITEM('number of views',COUNT_MEASURE(0.));
#18=SHAPE_REPRESENTATION_RELATIONSHIP('None',
'relationship between nepc06643400x2ow-None and nepc06643400x2ow-None',#30,
#19);
#19=ADVANCED_BREP_SHAPE_REPRESENTATION('nepc06643400x2ow-None',(#70),#3486);
#20=SHAPE_DEFINITION_REPRESENTATION(#21,#30);
#21=PRODUCT_DEFINITION_SHAPE('','',#22);
#22=PRODUCT_DEFINITION(' ','',#24,#23);
#23=PRODUCT_DEFINITION_CONTEXT('part definition',#29,'design');
#24=PRODUCT_DEFINITION_FORMATION_WITH_SPECIFIED_SOURCE(' ',' ',#26,
 .NOT_KNOWN.);
#25=PRODUCT_RELATED_PRODUCT_CATEGORY('part','',(#26));
#26=PRODUCT('nepc06643400x2ow','nepc06643400x2ow',' ',(#27));
#27=PRODUCT_CONTEXT(' ',#29,'mechanical');
#28=APPLICATION_PROTOCOL_DEFINITION('international standard',
'automotive_design',2010,#29);
#29=APPLICATION_CONTEXT(
'core data for automotive mechanical design processes');
#30=SHAPE_REPRESENTATION('nepc06643400x2ow-None',(#2000),#3486);
#31=OVER_RIDING_STYLED_ITEM('',(#38),#519,#36);
#32=OVER_RIDING_STYLED_ITEM('',(#39),#520,#36);
#33=OVER_RIDING_STYLED_ITEM('',(#40),#521,#36);
#34=OVER_RIDING_STYLED_ITEM('',(#41),#522,#36);
#35=PRESENTATION_LAYER_ASSIGNMENT('1','Layer 1',(#70));
#36=STYLED_ITEM('',(#37),#70);
#37=PRESENTATION_STYLE_ASSIGNMENT((#42));
#38=PRESENTATION_STYLE_ASSIGNMENT((#43));
#39=PRESENTATION_STYLE_ASSIGNMENT((#44));
#40=PRESENTATION_STYLE_ASSIGNMENT((#45));
#41=PRESENTATION_STYLE_ASSIGNMENT((#46));
#42=SURFACE_STYLE_USAGE(.BOTH.,#47);
#43=SURFACE_STYLE_USAGE(.BOTH.,#48);
#44=SURFACE_STYLE_USAGE(.BOTH.,#49);
#45=SURFACE_STYLE_USAGE(.BOTH.,#50);
#46=SURFACE_STYLE_USAGE(.BOTH.,#51);
#47=SURFACE_SIDE_STYLE('',(#52));
#48=SURFACE_SIDE_STYLE('',(#53));
#49=SURFACE_SIDE_STYLE('',(#54));
#50=SURFACE_SIDE_STYLE('',(#55));
#51=SURFACE_SIDE_STYLE('',(#56));
#52=SURFACE_STYLE_FILL_AREA(#57);
#53=SURFACE_STYLE_FILL_AREA(#58);
#54=SURFACE_STYLE_FILL_AREA(#59);
#55=SURFACE_STYLE_FILL_AREA(#60);
#56=SURFACE_STYLE_FILL_AREA(#61);
#57=FILL_AREA_STYLE('',(#62));
#58=FILL_AREA_STYLE('',(#63));
#59=FILL_AREA_STYLE('',(#64));
#60=FILL_AREA_STYLE('',(#65));
#61=FILL_AREA_STYLE('',(#66));
#62=FILL_AREA_STYLE_COLOUR('',#67);
#63=FILL_AREA_STYLE_COLOUR('',#68);
#64=FILL_AREA_STYLE_COLOUR('',#69);
#65=FILL_AREA_STYLE_COLOUR('',#68);
#66=FILL_AREA_STYLE_COLOUR('',#68);
#67=COLOUR_RGB('Medium Steel',0.596063172350652,0.666666666666667,0.686259250782025);
#68=COLOUR_RGB('Light Gray',0.8,0.8,0.8);
#69=COLOUR_RGB('Ash Gray',0.874494544899672,0.874494544899672,0.874494544899672);
#70=BREP_WITH_VOIDS('4009-38E DUMMY BODY',#85,(#71,#72,#73,#74,#75,#76,#77,
#78,#79,#80,#81,#82,#83,#84));
#71=ORIENTED_CLOSED_SHELL('',*,#86,.F.);
#72=ORIENTED_CLOSED_SHELL('',*,#87,.F.);
#73=ORIENTED_CLOSED_SHELL('',*,#88,.F.);
#74=ORIENTED_CLOSED_SHELL('',*,#89,.F.);
#75=ORIENTED_CLOSED_SHELL('',*,#90,.F.);
#76=ORIENTED_CLOSED_SHELL('',*,#91,.F.);
#77=ORIENTED_CLOSED_SHELL('',*,#92,.F.);
#78=ORIENTED_CLOSED_SHELL('',*,#93,.F.);
#79=ORIENTED_CLOSED_SHELL('',*,#94,.F.);
#80=ORIENTED_CLOSED_SHELL('',*,#95,.F.);
#81=ORIENTED_CLOSED_SHELL('',*,#96,.F.);
#82=ORIENTED_CLOSED_SHELL('',*,#97,.F.);
#83=ORIENTED_CLOSED_SHELL('',*,#98,.F.);
#84=ORIENTED_CLOSED_SHELL('',*,#99,.F.);
#85=CLOSED_SHELL('',(#487,#488,#489,#490,#491,#492,#493,#494,#495,#496,#497,
#498,#499,#500,#501,#502,#503,#504,#505,#506,#507,#508,#509,#510,#511,#512,
#513,#514,#515,#516,#517,#518,#519,#520,#521,#522,#523,#524,#525,#526,#527,
#528,#529,#530,#531,#532,#533,#534,#535,#536,#537,#538,#539,#540,#541,#542,
#543,#544,#545,#546,#547,#548,#549,#550,#551,#552,#553,#554,#555,#556,#557,
#558,#559,#560,#561,#562,#563,#564,#565,#566,#567,#568,#569,#570,#571,#572,
#573,#574,#575,#576,#577,#578,#579,#580,#581,#582,#583,#584,#585));
#86=CLOSED_SHELL('',(#586,#587,#588));
#87=CLOSED_SHELL('',(#589,#590,#591));
#88=CLOSED_SHELL('',(#592,#593,#594));
#89=CLOSED_SHELL('',(#595,#596,#597));
#90=CLOSED_SHELL('',(#598,#599,#600));
#91=CLOSED_SHELL('',(#601,#602,#603));
#92=CLOSED_SHELL('',(#604,#605,#606));
#93=CLOSED_SHELL('',(#607,#608,#609));
#94=CLOSED_SHELL('',(#610,#611,#612));
#95=CLOSED_SHELL('',(#613,#614,#615));
#96=CLOSED_SHELL('',(#616,#617,#618));
#97=CLOSED_SHELL('',(#619,#620,#621));
#98=CLOSED_SHELL('',(#622,#623,#624));
#99=CLOSED_SHELL('',(#625,#626,#627));
#100=B_SPLINE_CURVE_WITH_KNOTS('',3,(#2957,#2958,#2959,#2960,#2961,#2962,
#2963),.UNSPECIFIED.,.F.,.F.,(4,3,4),(0.,0.859828978333265,1.),
 .UNSPECIFIED.);
#101=B_SPLINE_CURVE_WITH_KNOTS('',3,(#2971,#2972,#2973,#2974,#2975,#2976,
#2977),.UNSPECIFIED.,.F.,.F.,(4,3,4),(0.,0.140171021666735,1.),
 .UNSPECIFIED.);
#102=B_SPLINE_CURVE_WITH_KNOTS('',3,(#2997,#2998,#2999,#3000,#3001,#3002,
#3003),.UNSPECIFIED.,.F.,.F.,(4,3,4),(0.,0.597176928153269,1.),
 .UNSPECIFIED.);
#103=B_SPLINE_CURVE_WITH_KNOTS('',3,(#3005,#3006,#3007,#3008),
 .UNSPECIFIED.,.F.,.F.,(4,4),(0.,1.),.UNSPECIFIED.);
#104=B_SPLINE_CURVE_WITH_KNOTS('',3,(#3141,#3142,#3143,#3144),
 .UNSPECIFIED.,.F.,.F.,(4,4),(0.,1.),.UNSPECIFIED.);
#105=B_SPLINE_CURVE_WITH_KNOTS('',3,(#3149,#3150,#3151,#3152),
 .UNSPECIFIED.,.F.,.F.,(4,4),(0.,1.),.UNSPECIFIED.);
#106=CYLINDRICAL_SURFACE('',#2027,19.015);
#107=CYLINDRICAL_SURFACE('',#2045,12.4);
#108=CYLINDRICAL_SURFACE('',#2047,12.4);
#109=CYLINDRICAL_SURFACE('',#2049,12.4);
#110=CYLINDRICAL_SURFACE('',#2052,18.87);
#111=CYLINDRICAL_SURFACE('',#2117,0.5);
#112=CYLINDRICAL_SURFACE('',#2119,0.3);
#113=CYLINDRICAL_SURFACE('',#2121,16.5);
#114=CYLINDRICAL_SURFACE('',#2123,0.3);
#115=CYLINDRICAL_SURFACE('',#2126,0.3);
#116=CYLINDRICAL_SURFACE('',#2128,13.5);
#117=CYLINDRICAL_SURFACE('',#2130,0.3);
#118=CYLINDRICAL_SURFACE('',#2132,1.5);
#119=CYLINDRICAL_SURFACE('',#2134,0.3);
#120=CYLINDRICAL_SURFACE('',#2137,0.3);
#121=CYLINDRICAL_SURFACE('',#2140,0.3);
#122=CYLINDRICAL_SURFACE('',#2142,13.5);
#123=CYLINDRICAL_SURFACE('',#2144,0.3);
#124=CYLINDRICAL_SURFACE('',#2147,0.3);
#125=CYLINDRICAL_SURFACE('',#2149,1.5);
#126=CYLINDRICAL_SURFACE('',#2151,0.3);
#127=CYLINDRICAL_SURFACE('',#2153,16.5);
#128=CYLINDRICAL_SURFACE('',#2156,17.530799428579);
#129=CYLINDRICAL_SURFACE('',#2159,12.6674550649282);
#130=CYLINDRICAL_SURFACE('',#2162,0.5);
#131=CYLINDRICAL_SURFACE('',#2166,0.5);
#132=CYLINDRICAL_SURFACE('',#2178,11.);
#133=CYLINDRICAL_SURFACE('',#2179,11.);
#134=CYLINDRICAL_SURFACE('',#2184,2.6);
#135=CYLINDRICAL_SURFACE('',#2186,2.6);
#136=CYLINDRICAL_SURFACE('',#2193,2.99999999999727);
#137=CYLINDRICAL_SURFACE('',#2197,2.);
#138=CYLINDRICAL_SURFACE('',#2203,2.);
#139=CYLINDRICAL_SURFACE('',#2208,2.);
#140=CYLINDRICAL_SURFACE('',#2213,2.);
#141=CYLINDRICAL_SURFACE('',#2218,2.);
#142=CYLINDRICAL_SURFACE('',#2222,2.);
#143=CYLINDRICAL_SURFACE('',#2227,2.);
#144=CYLINDRICAL_SURFACE('',#2232,2.);
#145=CYLINDRICAL_SURFACE('',#2237,2.);
#146=CYLINDRICAL_SURFACE('',#2242,2.);
#147=CYLINDRICAL_SURFACE('',#2248,2.);
#148=CYLINDRICAL_SURFACE('',#2253,2.);
#149=CYLINDRICAL_SURFACE('',#2258,2.);
#150=CYLINDRICAL_SURFACE('',#2261,2.);
#151=LINE('',#2927,#261);
#152=LINE('',#2930,#262);
#153=LINE('',#2932,#263);
#154=LINE('',#2934,#264);
#155=LINE('',#2954,#265);
#156=LINE('',#2955,#266);
#157=LINE('',#2965,#267);
#158=LINE('',#2969,#268);
#159=LINE('',#2982,#269);
#160=LINE('',#2989,#270);
#161=LINE('',#2993,#271);
#162=LINE('',#3012,#272);
#163=LINE('',#3014,#273);
#164=LINE('',#3016,#274);
#165=LINE('',#3020,#275);
#166=LINE('',#3024,#276);
#167=LINE('',#3028,#277);
#168=LINE('',#3030,#278);
#169=LINE('',#3032,#279);
#170=LINE('',#3036,#280);
#171=LINE('',#3041,#281);
#172=LINE('',#3044,#282);
#173=LINE('',#3046,#283);
#174=LINE('',#3048,#284);
#175=LINE('',#3052,#285);
#176=LINE('',#3056,#286);
#177=LINE('',#3059,#287);
#178=LINE('',#3060,#288);
#179=LINE('',#3062,#289);
#180=LINE('',#3065,#290);
#181=LINE('',#3067,#291);
#182=LINE('',#3069,#292);
#183=LINE('',#3071,#293);
#184=LINE('',#3073,#294);
#185=LINE('',#3075,#295);
#186=LINE('',#3077,#296);
#187=LINE('',#3079,#297);
#188=LINE('',#3081,#298);
#189=LINE('',#3083,#299);
#190=LINE('',#3085,#300);
#191=LINE('',#3095,#301);
#192=LINE('',#3103,#302);
#193=LINE('',#3111,#303);
#194=LINE('',#3124,#304);
#195=LINE('',#3135,#305);
#196=LINE('',#3139,#306);
#197=LINE('',#3163,#307);
#198=LINE('',#3167,#308);
#199=LINE('',#3171,#309);
#200=LINE('',#3175,#310);
#201=LINE('',#3179,#311);
#202=LINE('',#3183,#312);
#203=LINE('',#3185,#313);
#204=LINE('',#3188,#314);
#205=LINE('',#3189,#315);
#206=LINE('',#3191,#316);
#207=LINE('',#3193,#317);
#208=LINE('',#3195,#318);
#209=LINE('',#3197,#319);
#210=LINE('',#3199,#320);
#211=LINE('',#3201,#321);
#212=LINE('',#3203,#322);
#213=LINE('',#3205,#323);
#214=LINE('',#3207,#324);
#215=LINE('',#3209,#325);
#216=LINE('',#3211,#326);
#217=LINE('',#3213,#327);
#218=LINE('',#3215,#328);
#219=LINE('',#3217,#329);
#220=LINE('',#3219,#330);
#221=LINE('',#3221,#331);
#222=LINE('',#3223,#332);
#223=LINE('',#3225,#333);
#224=LINE('',#3227,#334);
#225=LINE('',#3229,#335);
#226=LINE('',#3231,#336);
#227=LINE('',#3236,#337);
#228=LINE('',#3240,#338);
#229=LINE('',#3244,#339);
#230=LINE('',#3248,#340);
#231=LINE('',#3250,#341);
#232=LINE('',#3252,#342);
#233=LINE('',#3256,#343);
#234=LINE('',#3260,#344);
#235=LINE('',#3264,#345);
#236=LINE('',#3268,#346);
#237=LINE('',#3272,#347);
#238=LINE('',#3274,#348);
#239=LINE('',#3276,#349);
#240=LINE('',#3280,#350);
#241=LINE('',#3282,#351);
#242=LINE('',#3284,#352);
#243=LINE('',#3288,#353);
#244=LINE('',#3292,#354);
#245=LINE('',#3296,#355);
#246=LINE('',#3298,#356);
#247=LINE('',#3300,#357);
#248=LINE('',#3304,#358);
#249=LINE('',#3308,#359);
#250=LINE('',#3312,#360);
#251=LINE('',#3316,#361);
#252=LINE('',#3318,#362);
#253=LINE('',#3320,#363);
#254=LINE('',#3324,#364);
#255=LINE('',#3326,#365);
#256=LINE('',#3328,#366);
#257=LINE('',#3360,#367);
#258=LINE('',#3361,#368);
#259=LINE('',#3369,#369);
#260=LINE('',#3373,#370);
#261=VECTOR('',#2298,1.);
#262=VECTOR('',#2299,1.);
#263=VECTOR('',#2300,1.);
#264=VECTOR('',#2301,1.);
#265=VECTOR('',#2326,1.);
#266=VECTOR('',#2327,1.);
#267=VECTOR('',#2330,1.);
#268=VECTOR('',#2335,1.);
#269=VECTOR('',#2342,1.);
#270=VECTOR('',#2349,1.);
#271=VECTOR('',#2352,1.);
#272=VECTOR('',#2361,1.);
#273=VECTOR('',#2364,1.);
#274=VECTOR('',#2365,1.);
#275=VECTOR('',#2370,1.);
#276=VECTOR('',#2375,1.);
#277=VECTOR('',#2380,1.);
#278=VECTOR('',#2381,1.);
#279=VECTOR('',#2384,1.);
#280=VECTOR('',#2389,1.);
#281=VECTOR('',#2396,1.);
#282=VECTOR('',#2397,1.);
#283=VECTOR('',#2398,1.);
#284=VECTOR('',#2399,1.);
#285=VECTOR('',#2404,1.);
#286=VECTOR('',#2409,1.);
#287=VECTOR('',#2410,0.999999999999999);
#288=VECTOR('',#2411,1.);
#289=VECTOR('',#2414,1.);
#290=VECTOR('',#2415,1.);
#291=VECTOR('',#2416,1.);
#292=VECTOR('',#2417,1.);
#293=VECTOR('',#2418,1.);
#294=VECTOR('',#2419,1.);
#295=VECTOR('',#2420,1.);
#296=VECTOR('',#2421,1.);
#297=VECTOR('',#2422,1.);
#298=VECTOR('',#2423,1.);
#299=VECTOR('',#2424,1.);
#300=VECTOR('',#2425,1.);
#301=VECTOR('',#2436,1.);
#302=VECTOR('',#2443,1.);
#303=VECTOR('',#2452,1.);
#304=VECTOR('',#2463,1.);
#305=VECTOR('',#2474,1.);
#306=VECTOR('',#2477,1.);
#307=VECTOR('',#2498,1.);
#308=VECTOR('',#2501,1.);
#309=VECTOR('',#2508,1.);
#310=VECTOR('',#2511,1.);
#311=VECTOR('',#2518,1.);
#312=VECTOR('',#2521,1.);
#313=VECTOR('',#2524,1.);
#314=VECTOR('',#2525,1.);
#315=VECTOR('',#2526,1.);
#316=VECTOR('',#2529,1.);
#317=VECTOR('',#2530,1.);
#318=VECTOR('',#2533,1.);
#319=VECTOR('',#2534,1.);
#320=VECTOR('',#2537,1.);
#321=VECTOR('',#2538,1.);
#322=VECTOR('',#2541,1.);
#323=VECTOR('',#2542,1.);
#324=VECTOR('',#2545,1.);
#325=VECTOR('',#2546,1.);
#326=VECTOR('',#2549,1.);
#327=VECTOR('',#2550,1.);
#328=VECTOR('',#2553,1.);
#329=VECTOR('',#2554,1.);
#330=VECTOR('',#2557,1.);
#331=VECTOR('',#2558,1.);
#332=VECTOR('',#2561,1.);
#333=VECTOR('',#2562,1.);
#334=VECTOR('',#2565,1.);
#335=VECTOR('',#2566,1.);
#336=VECTOR('',#2569,1.);
#337=VECTOR('',#2576,1.);
#338=VECTOR('',#2579,1.);
#339=VECTOR('',#2584,1.);
#340=VECTOR('',#2589,1.);
#341=VECTOR('',#2592,1.);
#342=VECTOR('',#2593,1.);
#343=VECTOR('',#2598,1.);
#344=VECTOR('',#2603,1.);
#345=VECTOR('',#2608,1.);
#346=VECTOR('',#2613,1.);
#347=VECTOR('',#2618,1.);
#348=VECTOR('',#2621,1.);
#349=VECTOR('',#2624,1.);
#350=VECTOR('',#2627,1.);
#351=VECTOR('',#2630,1.);
#352=VECTOR('',#2631,1.);
#353=VECTOR('',#2636,1.);
#354=VECTOR('',#2641,1.);
#355=VECTOR('',#2646,1.);
#356=VECTOR('',#2649,1.);
#357=VECTOR('',#2650,1.);
#358=VECTOR('',#2655,1.);
#359=VECTOR('',#2660,1.);
#360=VECTOR('',#2665,1.);
#361=VECTOR('',#2672,1.);
#362=VECTOR('',#2673,1.);
#363=VECTOR('',#2674,1.);
#364=VECTOR('',#2679,1.);
#365=VECTOR('',#2682,1.);
#366=VECTOR('',#2683,1.);
#367=VECTOR('',#2726,1.);
#368=VECTOR('',#2727,1.);
#369=VECTOR('',#2738,1.);
#370=VECTOR('',#2741,1.);
#371=TOROIDAL_SURFACE('',#2015,16.,1.02884620383878);
#372=TOROIDAL_SURFACE('',#2016,16.,1.26166666666667);
#373=TOROIDAL_SURFACE('',#2177,10.8,0.2);
#374=TOROIDAL_SURFACE('',#2182,2.7,0.1);
#375=TOROIDAL_SURFACE('',#2188,2.7,0.1);
#376=CONICAL_SURFACE('',#2009,15.0553464179212,71.8115766746639);
#377=CONICAL_SURFACE('',#2011,13.9,18.1884233253369);
#378=CONICAL_SURFACE('',#2013,14.9725446362337,71.8115766746632);
#379=CONICAL_SURFACE('',#2020,19.02,1.);
#380=CONICAL_SURFACE('',#2024,18.82,1.);
#381=CONICAL_SURFACE('',#2042,20.,1.5);
#382=CONICAL_SURFACE('',#2087,19.02,1.);
#383=CONICAL_SURFACE('',#2090,12.15,1.);
#384=CONICAL_SURFACE('',#2093,11.9167974969538,89.0000000000002);
#385=CONICAL_SURFACE('',#2095,11.8493606359172,38.8756657927412);
#386=CONICAL_SURFACE('',#2097,11.8493606359172,38.8756657927412);
#387=CONICAL_SURFACE('',#2099,11.0000076152422,1.);
#388=CONICAL_SURFACE('',#2101,11.0000076152422,1.);
#389=SPHERICAL_SURFACE('',#2005,31.0194711538464);
#390=FACE_OUTER_BOUND('',#800,.T.);
#391=FACE_OUTER_BOUND('',#813,.T.);
#392=FACE_OUTER_BOUND('',#826,.T.);
#393=FACE_OUTER_BOUND('',#827,.T.);
#394=FACE_OUTER_BOUND('',#828,.T.);
#395=FACE_OUTER_BOUND('',#829,.T.);
#396=FACE_OUTER_BOUND('',#830,.T.);
#397=FACE_OUTER_BOUND('',#833,.T.);
#398=FACE_OUTER_BOUND('',#834,.T.);
#399=FACE_OUTER_BOUND('',#835,.T.);
#400=FACE_OUTER_BOUND('',#836,.T.);
#401=FACE_OUTER_BOUND('',#837,.T.);
#402=FACE_OUTER_BOUND('',#838,.T.);
#403=FACE_OUTER_BOUND('',#839,.T.);
#404=FACE_OUTER_BOUND('',#842,.T.);
#405=FACE_OUTER_BOUND('',#845,.T.);
#406=FACE_OUTER_BOUND('',#846,.T.);
#407=FACE_OUTER_BOUND('',#847,.T.);
#408=FACE_OUTER_BOUND('',#848,.T.);
#409=FACE_OUTER_BOUND('',#849,.T.);
#410=FACE_OUTER_BOUND('',#850,.T.);
#411=FACE_OUTER_BOUND('',#857,.T.);
#412=FACE_OUTER_BOUND('',#858,.T.);
#413=FACE_OUTER_BOUND('',#859,.T.);
#414=FACE_OUTER_BOUND('',#860,.T.);
#415=FACE_OUTER_BOUND('',#861,.T.);
#416=FACE_OUTER_BOUND('',#862,.T.);
#417=FACE_OUTER_BOUND('',#863,.T.);
#418=FACE_OUTER_BOUND('',#864,.T.);
#419=FACE_OUTER_BOUND('',#865,.T.);
#420=FACE_OUTER_BOUND('',#866,.T.);
#421=FACE_OUTER_BOUND('',#867,.T.);
#422=FACE_OUTER_BOUND('',#868,.T.);
#423=FACE_OUTER_BOUND('',#869,.T.);
#424=FACE_OUTER_BOUND('',#870,.T.);
#425=FACE_OUTER_BOUND('',#871,.T.);
#426=FACE_OUTER_BOUND('',#872,.T.);
#427=FACE_OUTER_BOUND('',#873,.T.);
#428=FACE_OUTER_BOUND('',#876,.T.);
#429=FACE_OUTER_BOUND('',#877,.T.);
#430=FACE_OUTER_BOUND('',#878,.T.);
#431=FACE_OUTER_BOUND('',#879,.T.);
#432=FACE_OUTER_BOUND('',#880,.T.);
#433=FACE_OUTER_BOUND('',#881,.T.);
#434=FACE_OUTER_BOUND('',#882,.T.);
#435=FACE_OUTER_BOUND('',#883,.T.);
#436=FACE_OUTER_BOUND('',#884,.T.);
#437=FACE_OUTER_BOUND('',#885,.T.);
#438=FACE_OUTER_BOUND('',#886,.T.);
#439=FACE_OUTER_BOUND('',#887,.T.);
#440=FACE_OUTER_BOUND('',#888,.T.);
#441=FACE_OUTER_BOUND('',#889,.T.);
#442=FACE_OUTER_BOUND('',#890,.T.);
#443=FACE_OUTER_BOUND('',#891,.T.);
#444=FACE_OUTER_BOUND('',#892,.T.);
#445=FACE_OUTER_BOUND('',#893,.T.);
#446=FACE_OUTER_BOUND('',#894,.T.);
#447=FACE_OUTER_BOUND('',#895,.T.);
#448=FACE_OUTER_BOUND('',#896,.T.);
#449=FACE_OUTER_BOUND('',#897,.T.);
#450=FACE_OUTER_BOUND('',#898,.T.);
#451=FACE_OUTER_BOUND('',#899,.T.);
#452=FACE_OUTER_BOUND('',#911,.T.);
#453=FACE_OUTER_BOUND('',#912,.T.);
#454=FACE_OUTER_BOUND('',#919,.T.);
#455=FACE_OUTER_BOUND('',#920,.T.);
#456=FACE_OUTER_BOUND('',#923,.T.);
#457=FACE_OUTER_BOUND('',#924,.T.);
#458=FACE_OUTER_BOUND('',#929,.T.);
#459=FACE_OUTER_BOUND('',#932,.F.);
#460=FACE_OUTER_BOUND('',#935,.F.);
#461=FACE_OUTER_BOUND('',#936,.F.);
#462=FACE_OUTER_BOUND('',#937,.F.);
#463=FACE_OUTER_BOUND('',#940,.F.);
#464=FACE_OUTER_BOUND('',#941,.F.);
#465=FACE_OUTER_BOUND('',#944,.F.);
#466=FACE_OUTER_BOUND('',#945,.F.);
#467=FACE_OUTER_BOUND('',#948,.F.);
#468=FACE_OUTER_BOUND('',#949,.F.);
#469=FACE_OUTER_BOUND('',#952,.F.);
#470=FACE_OUTER_BOUND('',#955,.F.);
#471=FACE_OUTER_BOUND('',#956,.F.);
#472=FACE_OUTER_BOUND('',#959,.F.);
#473=FACE_OUTER_BOUND('',#960,.F.);
#474=FACE_OUTER_BOUND('',#963,.F.);
#475=FACE_OUTER_BOUND('',#964,.F.);
#476=FACE_OUTER_BOUND('',#967,.F.);
#477=FACE_OUTER_BOUND('',#968,.F.);
#478=FACE_OUTER_BOUND('',#971,.F.);
#479=FACE_OUTER_BOUND('',#972,.F.);
#480=FACE_OUTER_BOUND('',#973,.F.);
#481=FACE_OUTER_BOUND('',#976,.F.);
#482=FACE_OUTER_BOUND('',#977,.F.);
#483=FACE_OUTER_BOUND('',#980,.F.);
#484=FACE_OUTER_BOUND('',#981,.F.);
#485=FACE_OUTER_BOUND('',#986,.F.);
#486=FACE_OUTER_BOUND('',#987,.F.);
#487=ADVANCED_FACE('',(#705,#706),#628,.F.);
#488=ADVANCED_FACE('',(#390),#389,.T.);
#489=ADVANCED_FACE('',(#707,#708),#629,.T.);
#490=ADVANCED_FACE('',(#709,#710),#376,.F.);
#491=ADVANCED_FACE('',(#711,#712),#377,.F.);
#492=ADVANCED_FACE('',(#713,#714),#378,.F.);
#493=ADVANCED_FACE('',(#715,#716),#371,.T.);
#494=ADVANCED_FACE('',(#717,#718),#372,.T.);
#495=ADVANCED_FACE('',(#391),#630,.T.);
#496=ADVANCED_FACE('',(#719,#720),#379,.F.);
#497=ADVANCED_FACE('',(#721,#722),#631,.T.);
#498=ADVANCED_FACE('',(#723,#724),#380,.T.);
#499=ADVANCED_FACE('',(#725,#726),#632,.F.);
#500=ADVANCED_FACE('',(#727,#728),#106,.T.);
#501=ADVANCED_FACE('',(#729,#730),#633,.F.);
#502=ADVANCED_FACE('',(#392),#634,.T.);
#503=ADVANCED_FACE('',(#393),#635,.F.);
#504=ADVANCED_FACE('',(#394),#636,.T.);
#505=ADVANCED_FACE('',(#395),#637,.F.);
#506=ADVANCED_FACE('',(#396),#638,.T.);
#507=ADVANCED_FACE('',(#731,#732),#381,.T.);
#508=ADVANCED_FACE('',(#397),#639,.T.);
#509=ADVANCED_FACE('',(#398),#107,.F.);
#510=ADVANCED_FACE('',(#399),#108,.F.);
#511=ADVANCED_FACE('',(#400),#109,.F.);
#512=ADVANCED_FACE('',(#401),#640,.T.);
#513=ADVANCED_FACE('',(#402),#110,.T.);
#514=ADVANCED_FACE('',(#403),#641,.T.);
#515=ADVANCED_FACE('',(#733,#734),#642,.T.);
#516=ADVANCED_FACE('',(#404),#643,.T.);
#517=ADVANCED_FACE('',(#735,#736),#644,.T.);
#518=ADVANCED_FACE('',(#405),#645,.T.);
#519=ADVANCED_FACE('',(#406),#646,.T.);
#520=ADVANCED_FACE('',(#407),#647,.T.);
#521=ADVANCED_FACE('',(#408),#648,.F.);
#522=ADVANCED_FACE('',(#409),#649,.F.);
#523=ADVANCED_FACE('',(#410),#650,.F.);
#524=ADVANCED_FACE('',(#737,#738),#382,.T.);
#525=ADVANCED_FACE('',(#739,#740),#383,.T.);
#526=ADVANCED_FACE('',(#741,#742),#384,.F.);
#527=ADVANCED_FACE('',(#411),#385,.F.);
#528=ADVANCED_FACE('',(#412),#386,.F.);
#529=ADVANCED_FACE('',(#413),#387,.F.);
#530=ADVANCED_FACE('',(#414),#388,.F.);
#531=ADVANCED_FACE('',(#415),#651,.T.);
#532=ADVANCED_FACE('',(#416),#652,.F.);
#533=ADVANCED_FACE('',(#417),#653,.F.);
#534=ADVANCED_FACE('',(#418),#654,.F.);
#535=ADVANCED_FACE('',(#419),#655,.F.);
#536=ADVANCED_FACE('',(#420),#656,.F.);
#537=ADVANCED_FACE('',(#421),#657,.F.);
#538=ADVANCED_FACE('',(#422),#658,.F.);
#539=ADVANCED_FACE('',(#423),#659,.F.);
#540=ADVANCED_FACE('',(#424),#660,.F.);
#541=ADVANCED_FACE('',(#425),#661,.F.);
#542=ADVANCED_FACE('',(#426),#662,.F.);
#543=ADVANCED_FACE('',(#427),#663,.F.);
#544=ADVANCED_FACE('',(#743,#744),#111,.F.);
#545=ADVANCED_FACE('',(#428),#112,.T.);
#546=ADVANCED_FACE('',(#429),#113,.T.);
#547=ADVANCED_FACE('',(#430),#114,.T.);
#548=ADVANCED_FACE('',(#431),#664,.F.);
#549=ADVANCED_FACE('',(#432),#115,.T.);
#550=ADVANCED_FACE('',(#433),#116,.F.);
#551=ADVANCED_FACE('',(#434),#117,.T.);
#552=ADVANCED_FACE('',(#435),#118,.F.);
#553=ADVANCED_FACE('',(#436),#119,.T.);
#554=ADVANCED_FACE('',(#437),#665,.F.);
#555=ADVANCED_FACE('',(#438),#120,.T.);
#556=ADVANCED_FACE('',(#439),#666,.F.);
#557=ADVANCED_FACE('',(#440),#121,.T.);
#558=ADVANCED_FACE('',(#441),#122,.F.);
#559=ADVANCED_FACE('',(#442),#123,.T.);
#560=ADVANCED_FACE('',(#443),#667,.F.);
#561=ADVANCED_FACE('',(#444),#124,.T.);
#562=ADVANCED_FACE('',(#445),#125,.F.);
#563=ADVANCED_FACE('',(#446),#126,.T.);
#564=ADVANCED_FACE('',(#447),#127,.T.);
#565=ADVANCED_FACE('',(#448),#668,.T.);
#566=ADVANCED_FACE('',(#449),#128,.F.);
#567=ADVANCED_FACE('',(#450),#669,.T.);
#568=ADVANCED_FACE('',(#451),#129,.T.);
#569=ADVANCED_FACE('',(#745,#746),#130,.F.);
#570=ADVANCED_FACE('',(#747,#748,#749,#750,#751,#752,#753),#670,.T.);
#571=ADVANCED_FACE('',(#754,#755),#131,.F.);
#572=ADVANCED_FACE('',(#452),#671,.F.);
#573=ADVANCED_FACE('',(#453),#672,.F.);
#574=ADVANCED_FACE('',(#756,#757),#673,.F.);
#575=ADVANCED_FACE('',(#758,#759),#674,.F.);
#576=ADVANCED_FACE('',(#760,#761),#373,.T.);
#577=ADVANCED_FACE('',(#454),#132,.T.);
#578=ADVANCED_FACE('',(#455),#133,.T.);
#579=ADVANCED_FACE('',(#762,#763),#374,.T.);
#580=ADVANCED_FACE('',(#456),#134,.F.);
#581=ADVANCED_FACE('',(#457),#135,.F.);
#582=ADVANCED_FACE('',(#764,#765),#375,.T.);
#583=ADVANCED_FACE('',(#766,#767),#675,.T.);
#584=ADVANCED_FACE('',(#458),#676,.F.);
#585=ADVANCED_FACE('',(#768,#769),#136,.F.);
#586=ADVANCED_FACE('',(#459),#677,.T.);
#587=ADVANCED_FACE('',(#770,#771),#137,.T.);
#588=ADVANCED_FACE('',(#460),#678,.T.);
#589=ADVANCED_FACE('',(#461),#679,.T.);
#590=ADVANCED_FACE('',(#462),#680,.T.);
#591=ADVANCED_FACE('',(#772,#773),#138,.T.);
#592=ADVANCED_FACE('',(#463),#681,.T.);
#593=ADVANCED_FACE('',(#464),#682,.T.);
#594=ADVANCED_FACE('',(#774,#775),#139,.T.);
#595=ADVANCED_FACE('',(#465),#683,.T.);
#596=ADVANCED_FACE('',(#466),#684,.T.);
#597=ADVANCED_FACE('',(#776,#777),#140,.T.);
#598=ADVANCED_FACE('',(#467),#685,.T.);
#599=ADVANCED_FACE('',(#468),#686,.T.);
#600=ADVANCED_FACE('',(#778,#779),#141,.T.);
#601=ADVANCED_FACE('',(#469),#687,.T.);
#602=ADVANCED_FACE('',(#780,#781),#142,.T.);
#603=ADVANCED_FACE('',(#470),#688,.T.);
#604=ADVANCED_FACE('',(#471),#689,.T.);
#605=ADVANCED_FACE('',(#782,#783),#143,.T.);
#606=ADVANCED_FACE('',(#472),#690,.T.);
#607=ADVANCED_FACE('',(#473),#691,.T.);
#608=ADVANCED_FACE('',(#784,#785),#144,.T.);
#609=ADVANCED_FACE('',(#474),#692,.T.);
#610=ADVANCED_FACE('',(#475),#693,.T.);
#611=ADVANCED_FACE('',(#786,#787),#145,.T.);
#612=ADVANCED_FACE('',(#476),#694,.T.);
#613=ADVANCED_FACE('',(#477),#695,.T.);
#614=ADVANCED_FACE('',(#788,#789),#146,.T.);
#615=ADVANCED_FACE('',(#478),#696,.T.);
#616=ADVANCED_FACE('',(#479),#697,.T.);
#617=ADVANCED_FACE('',(#480),#698,.T.);
#618=ADVANCED_FACE('',(#790,#791),#147,.T.);
#619=ADVANCED_FACE('',(#481),#699,.T.);
#620=ADVANCED_FACE('',(#482),#700,.T.);
#621=ADVANCED_FACE('',(#792,#793),#148,.T.);
#622=ADVANCED_FACE('',(#483),#701,.T.);
#623=ADVANCED_FACE('',(#484),#702,.T.);
#624=ADVANCED_FACE('',(#794,#795),#149,.T.);
#625=ADVANCED_FACE('',(#796,#797),#150,.T.);
#626=ADVANCED_FACE('',(#485),#703,.T.);
#627=ADVANCED_FACE('',(#486),#704,.T.);
#628=PLANE('',#2003);
#629=PLANE('',#2007);
#630=PLANE('',#2017);
#631=PLANE('',#2022);
#632=PLANE('',#2026);
#633=PLANE('',#2029);
#634=PLANE('',#2030);
#635=PLANE('',#2032);
#636=PLANE('',#2033);
#637=PLANE('',#2035);
#638=PLANE('',#2040);
#639=PLANE('',#2043);
#640=PLANE('',#2050);
#641=PLANE('',#2053);
#642=PLANE('',#2055);
#643=PLANE('',#2056);
#644=PLANE('',#2059);
#645=PLANE('',#2060);
#646=PLANE('',#2061);
#647=PLANE('',#2063);
#648=PLANE('',#2072);
#649=PLANE('',#2081);
#650=PLANE('',#2084);
#651=PLANE('',#2103);
#652=PLANE('',#2104);
#653=PLANE('',#2105);
#654=PLANE('',#2106);
#655=PLANE('',#2107);
#656=PLANE('',#2108);
#657=PLANE('',#2109);
#658=PLANE('',#2110);
#659=PLANE('',#2111);
#660=PLANE('',#2112);
#661=PLANE('',#2113);
#662=PLANE('',#2114);
#663=PLANE('',#2115);
#664=PLANE('',#2124);
#665=PLANE('',#2135);
#666=PLANE('',#2138);
#667=PLANE('',#2145);
#668=PLANE('',#2154);
#669=PLANE('',#2157);
#670=PLANE('',#2164);
#671=PLANE('',#2167);
#672=PLANE('',#2168);
#673=PLANE('',#2171);
#674=PLANE('',#2174);
#675=PLANE('',#2190);
#676=PLANE('',#2192);
#677=PLANE('',#2195);
#678=PLANE('',#2198);
#679=PLANE('',#2200);
#680=PLANE('',#2202);
#681=PLANE('',#2205);
#682=PLANE('',#2207);
#683=PLANE('',#2210);
#684=PLANE('',#2212);
#685=PLANE('',#2215);
#686=PLANE('',#2217);
#687=PLANE('',#2220);
#688=PLANE('',#2223);
#689=PLANE('',#2225);
#690=PLANE('',#2228);
#691=PLANE('',#2230);
#692=PLANE('',#2233);
#693=PLANE('',#2235);
#694=PLANE('',#2238);
#695=PLANE('',#2240);
#696=PLANE('',#2243);
#697=PLANE('',#2245);
#698=PLANE('',#2247);
#699=PLANE('',#2250);
#700=PLANE('',#2252);
#701=PLANE('',#2255);
#702=PLANE('',#2257);
#703=PLANE('',#2262);
#704=PLANE('',#2263);
#705=FACE_BOUND('',#798,.T.);
#706=FACE_BOUND('',#799,.T.);
#707=FACE_BOUND('',#801,.T.);
#708=FACE_BOUND('',#802,.T.);
#709=FACE_BOUND('',#803,.T.);
#710=FACE_BOUND('',#804,.T.);
#711=FACE_BOUND('',#805,.T.);
#712=FACE_BOUND('',#806,.T.);
#713=FACE_BOUND('',#807,.T.);
#714=FACE_BOUND('',#808,.T.);
#715=FACE_BOUND('',#809,.T.);
#716=FACE_BOUND('',#810,.T.);
#717=FACE_BOUND('',#811,.T.);
#718=FACE_BOUND('',#812,.T.);
#719=FACE_BOUND('',#814,.T.);
#720=FACE_BOUND('',#815,.T.);
#721=FACE_BOUND('',#816,.T.);
#722=FACE_BOUND('',#817,.T.);
#723=FACE_BOUND('',#818,.T.);
#724=FACE_BOUND('',#819,.T.);
#725=FACE_BOUND('',#820,.T.);
#726=FACE_BOUND('',#821,.T.);
#727=FACE_BOUND('',#822,.T.);
#728=FACE_BOUND('',#823,.T.);
#729=FACE_BOUND('',#824,.T.);
#730=FACE_BOUND('',#825,.T.);
#731=FACE_BOUND('',#831,.T.);
#732=FACE_BOUND('',#832,.T.);
#733=FACE_BOUND('',#840,.T.);
#734=FACE_BOUND('',#841,.T.);
#735=FACE_BOUND('',#843,.T.);
#736=FACE_BOUND('',#844,.T.);
#737=FACE_BOUND('',#851,.T.);
#738=FACE_BOUND('',#852,.T.);
#739=FACE_BOUND('',#853,.T.);
#740=FACE_BOUND('',#854,.T.);
#741=FACE_BOUND('',#855,.T.);
#742=FACE_BOUND('',#856,.T.);
#743=FACE_BOUND('',#874,.T.);
#744=FACE_BOUND('',#875,.T.);
#745=FACE_BOUND('',#900,.T.);
#746=FACE_BOUND('',#901,.T.);
#747=FACE_BOUND('',#902,.T.);
#748=FACE_BOUND('',#903,.T.);
#749=FACE_BOUND('',#904,.T.);
#750=FACE_BOUND('',#905,.T.);
#751=FACE_BOUND('',#906,.T.);
#752=FACE_BOUND('',#907,.T.);
#753=FACE_BOUND('',#908,.T.);
#754=FACE_BOUND('',#909,.T.);
#755=FACE_BOUND('',#910,.T.);
#756=FACE_BOUND('',#913,.T.);
#757=FACE_BOUND('',#914,.T.);
#758=FACE_BOUND('',#915,.T.);
#759=FACE_BOUND('',#916,.T.);
#760=FACE_BOUND('',#917,.T.);
#761=FACE_BOUND('',#918,.T.);
#762=FACE_BOUND('',#921,.T.);
#763=FACE_BOUND('',#922,.T.);
#764=FACE_BOUND('',#925,.T.);
#765=FACE_BOUND('',#926,.T.);
#766=FACE_BOUND('',#927,.T.);
#767=FACE_BOUND('',#928,.T.);
#768=FACE_BOUND('',#930,.T.);
#769=FACE_BOUND('',#931,.T.);
#770=FACE_BOUND('',#933,.F.);
#771=FACE_BOUND('',#934,.F.);
#772=FACE_BOUND('',#938,.F.);
#773=FACE_BOUND('',#939,.F.);
#774=FACE_BOUND('',#942,.F.);
#775=FACE_BOUND('',#943,.F.);
#776=FACE_BOUND('',#946,.F.);
#777=FACE_BOUND('',#947,.F.);
#778=FACE_BOUND('',#950,.F.);
#779=FACE_BOUND('',#951,.F.);
#780=FACE_BOUND('',#953,.F.);
#781=FACE_BOUND('',#954,.F.);
#782=FACE_BOUND('',#957,.F.);
#783=FACE_BOUND('',#958,.F.);
#784=FACE_BOUND('',#961,.F.);
#785=FACE_BOUND('',#962,.F.);
#786=FACE_BOUND('',#965,.F.);
#787=FACE_BOUND('',#966,.F.);
#788=FACE_BOUND('',#969,.F.);
#789=FACE_BOUND('',#970,.F.);
#790=FACE_BOUND('',#974,.F.);
#791=FACE_BOUND('',#975,.F.);
#792=FACE_BOUND('',#978,.F.);
#793=FACE_BOUND('',#979,.F.);
#794=FACE_BOUND('',#982,.F.);
#795=FACE_BOUND('',#983,.F.);
#796=FACE_BOUND('',#984,.F.);
#797=FACE_BOUND('',#985,.F.);
#798=EDGE_LOOP('',(#988));
#799=EDGE_LOOP('',(#989));
#800=EDGE_LOOP('',(#990));
#801=EDGE_LOOP('',(#991));
#802=EDGE_LOOP('',(#992));
#803=EDGE_LOOP('',(#993));
#804=EDGE_LOOP('',(#994));
#805=EDGE_LOOP('',(#995));
#806=EDGE_LOOP('',(#996));
#807=EDGE_LOOP('',(#997));
#808=EDGE_LOOP('',(#998));
#809=EDGE_LOOP('',(#999));
#810=EDGE_LOOP('',(#1000));
#811=EDGE_LOOP('',(#1001));
#812=EDGE_LOOP('',(#1002));
#813=EDGE_LOOP('',(#1003,#1004,#1005,#1006));
#814=EDGE_LOOP('',(#1007));
#815=EDGE_LOOP('',(#1008));
#816=EDGE_LOOP('',(#1009));
#817=EDGE_LOOP('',(#1010));
#818=EDGE_LOOP('',(#1011));
#819=EDGE_LOOP('',(#1012));
#820=EDGE_LOOP('',(#1013));
#821=EDGE_LOOP('',(#1014));
#822=EDGE_LOOP('',(#1015));
#823=EDGE_LOOP('',(#1016));
#824=EDGE_LOOP('',(#1017,#1018,#1019,#1020));
#825=EDGE_LOOP('',(#1021));
#826=EDGE_LOOP('',(#1022,#1023,#1024,#1025));
#827=EDGE_LOOP('',(#1026,#1027,#1028,#1029));
#828=EDGE_LOOP('',(#1030,#1031,#1032,#1033));
#829=EDGE_LOOP('',(#1034,#1035));
#830=EDGE_LOOP('',(#1036,#1037,#1038,#1039,#1040,#1041));
#831=EDGE_LOOP('',(#1042,#1043,#1044,#1045));
#832=EDGE_LOOP('',(#1046,#1047,#1048,#1049));
#833=EDGE_LOOP('',(#1050,#1051,#1052,#1053));
#834=EDGE_LOOP('',(#1054,#1055,#1056,#1057));
#835=EDGE_LOOP('',(#1058,#1059,#1060,#1061));
#836=EDGE_LOOP('',(#1062,#1063,#1064,#1065));
#837=EDGE_LOOP('',(#1066,#1067,#1068,#1069));
#838=EDGE_LOOP('',(#1070,#1071,#1072,#1073));
#839=EDGE_LOOP('',(#1074,#1075,#1076,#1077));
#840=EDGE_LOOP('',(#1078,#1079));
#841=EDGE_LOOP('',(#1080));
#842=EDGE_LOOP('',(#1081,#1082,#1083,#1084));
#843=EDGE_LOOP('',(#1085,#1086,#1087,#1088));
#844=EDGE_LOOP('',(#1089,#1090,#1091,#1092,#1093,#1094));
#845=EDGE_LOOP('',(#1095,#1096,#1097,#1098));
#846=EDGE_LOOP('',(#1099,#1100,#1101,#1102,#1103,#1104,#1105,#1106,#1107,
#1108,#1109,#1110));
#847=EDGE_LOOP('',(#1111));
#848=EDGE_LOOP('',(#1112,#1113,#1114,#1115,#1116,#1117,#1118,#1119,#1120,
#1121));
#849=EDGE_LOOP('',(#1122,#1123,#1124,#1125,#1126,#1127,#1128,#1129,#1130,
#1131));
#850=EDGE_LOOP('',(#1132,#1133,#1134,#1135));
#851=EDGE_LOOP('',(#1136,#1137,#1138,#1139,#1140,#1141,#1142,#1143));
#852=EDGE_LOOP('',(#1144));
#853=EDGE_LOOP('',(#1145));
#854=EDGE_LOOP('',(#1146,#1147,#1148,#1149));
#855=EDGE_LOOP('',(#1150,#1151));
#856=EDGE_LOOP('',(#1152));
#857=EDGE_LOOP('',(#1153,#1154,#1155,#1156));
#858=EDGE_LOOP('',(#1157,#1158,#1159,#1160));
#859=EDGE_LOOP('',(#1161,#1162,#1163,#1164));
#860=EDGE_LOOP('',(#1165,#1166,#1167,#1168));
#861=EDGE_LOOP('',(#1169,#1170,#1171,#1172,#1173,#1174,#1175,#1176));
#862=EDGE_LOOP('',(#1177,#1178,#1179,#1180));
#863=EDGE_LOOP('',(#1181,#1182,#1183,#1184));
#864=EDGE_LOOP('',(#1185,#1186,#1187,#1188));
#865=EDGE_LOOP('',(#1189,#1190,#1191,#1192));
#866=EDGE_LOOP('',(#1193,#1194,#1195,#1196));
#867=EDGE_LOOP('',(#1197,#1198,#1199,#1200));
#868=EDGE_LOOP('',(#1201,#1202,#1203,#1204));
#869=EDGE_LOOP('',(#1205,#1206,#1207,#1208));
#870=EDGE_LOOP('',(#1209,#1210,#1211,#1212));
#871=EDGE_LOOP('',(#1213,#1214,#1215,#1216));
#872=EDGE_LOOP('',(#1217,#1218,#1219,#1220));
#873=EDGE_LOOP('',(#1221,#1222,#1223,#1224));
#874=EDGE_LOOP('',(#1225));
#875=EDGE_LOOP('',(#1226));
#876=EDGE_LOOP('',(#1227,#1228,#1229,#1230));
#877=EDGE_LOOP('',(#1231,#1232,#1233,#1234));
#878=EDGE_LOOP('',(#1235,#1236,#1237,#1238));
#879=EDGE_LOOP('',(#1239,#1240,#1241,#1242));
#880=EDGE_LOOP('',(#1243,#1244,#1245,#1246));
#881=EDGE_LOOP('',(#1247,#1248,#1249,#1250));
#882=EDGE_LOOP('',(#1251,#1252,#1253,#1254));
#883=EDGE_LOOP('',(#1255,#1256,#1257,#1258));
#884=EDGE_LOOP('',(#1259,#1260,#1261,#1262));
#885=EDGE_LOOP('',(#1263,#1264,#1265,#1266));
#886=EDGE_LOOP('',(#1267,#1268,#1269,#1270));
#887=EDGE_LOOP('',(#1271,#1272,#1273,#1274));
#888=EDGE_LOOP('',(#1275,#1276,#1277,#1278));
#889=EDGE_LOOP('',(#1279,#1280,#1281,#1282));
#890=EDGE_LOOP('',(#1283,#1284,#1285,#1286));
#891=EDGE_LOOP('',(#1287,#1288,#1289,#1290));
#892=EDGE_LOOP('',(#1291,#1292,#1293,#1294));
#893=EDGE_LOOP('',(#1295,#1296,#1297,#1298));
#894=EDGE_LOOP('',(#1299,#1300,#1301,#1302));
#895=EDGE_LOOP('',(#1303,#1304,#1305,#1306));
#896=EDGE_LOOP('',(#1307,#1308,#1309,#1310,#1311,#1312));
#897=EDGE_LOOP('',(#1313,#1314,#1315,#1316));
#898=EDGE_LOOP('',(#1317,#1318,#1319,#1320,#1321,#1322));
#899=EDGE_LOOP('',(#1323,#1324,#1325,#1326));
#900=EDGE_LOOP('',(#1327));
#901=EDGE_LOOP('',(#1328));
#902=EDGE_LOOP('',(#1329,#1330,#1331,#1332));
#903=EDGE_LOOP('',(#1333,#1334,#1335,#1336,#1337,#1338,#1339,#1340,#1341,
#1342));
#904=EDGE_LOOP('',(#1343,#1344,#1345,#1346,#1347,#1348,#1349,#1350,#1351,
#1352));
#905=EDGE_LOOP('',(#1353));
#906=EDGE_LOOP('',(#1354));
#907=EDGE_LOOP('',(#1355,#1356,#1357,#1358,#1359,#1360,#1361,#1362,#1363,
#1364,#1365,#1366));
#908=EDGE_LOOP('',(#1367));
#909=EDGE_LOOP('',(#1368));
#910=EDGE_LOOP('',(#1369));
#911=EDGE_LOOP('',(#1370));
#912=EDGE_LOOP('',(#1371));
#913=EDGE_LOOP('',(#1372,#1373));
#914=EDGE_LOOP('',(#1374,#1375));
#915=EDGE_LOOP('',(#1376));
#916=EDGE_LOOP('',(#1377));
#917=EDGE_LOOP('',(#1378,#1379));
#918=EDGE_LOOP('',(#1380));
#919=EDGE_LOOP('',(#1381,#1382,#1383,#1384));
#920=EDGE_LOOP('',(#1385,#1386,#1387,#1388));
#921=EDGE_LOOP('',(#1389));
#922=EDGE_LOOP('',(#1390,#1391));
#923=EDGE_LOOP('',(#1392,#1393,#1394,#1395));
#924=EDGE_LOOP('',(#1396,#1397,#1398,#1399));
#925=EDGE_LOOP('',(#1400,#1401));
#926=EDGE_LOOP('',(#1402));
#927=EDGE_LOOP('',(#1403));
#928=EDGE_LOOP('',(#1404));
#929=EDGE_LOOP('',(#1405));
#930=EDGE_LOOP('',(#1406));
#931=EDGE_LOOP('',(#1407));
#932=EDGE_LOOP('',(#1408));
#933=EDGE_LOOP('',(#1409));
#934=EDGE_LOOP('',(#1410));
#935=EDGE_LOOP('',(#1411));
#936=EDGE_LOOP('',(#1412));
#937=EDGE_LOOP('',(#1413));
#938=EDGE_LOOP('',(#1414));
#939=EDGE_LOOP('',(#1415));
#940=EDGE_LOOP('',(#1416));
#941=EDGE_LOOP('',(#1417));
#942=EDGE_LOOP('',(#1418));
#943=EDGE_LOOP('',(#1419));
#944=EDGE_LOOP('',(#1420));
#945=EDGE_LOOP('',(#1421));
#946=EDGE_LOOP('',(#1422));
#947=EDGE_LOOP('',(#1423));
#948=EDGE_LOOP('',(#1424));
#949=EDGE_LOOP('',(#1425));
#950=EDGE_LOOP('',(#1426));
#951=EDGE_LOOP('',(#1427));
#952=EDGE_LOOP('',(#1428));
#953=EDGE_LOOP('',(#1429));
#954=EDGE_LOOP('',(#1430));
#955=EDGE_LOOP('',(#1431));
#956=EDGE_LOOP('',(#1432));
#957=EDGE_LOOP('',(#1433));
#958=EDGE_LOOP('',(#1434));
#959=EDGE_LOOP('',(#1435));
#960=EDGE_LOOP('',(#1436));
#961=EDGE_LOOP('',(#1437));
#962=EDGE_LOOP('',(#1438));
#963=EDGE_LOOP('',(#1439));
#964=EDGE_LOOP('',(#1440));
#965=EDGE_LOOP('',(#1441));
#966=EDGE_LOOP('',(#1442));
#967=EDGE_LOOP('',(#1443));
#968=EDGE_LOOP('',(#1444));
#969=EDGE_LOOP('',(#1445));
#970=EDGE_LOOP('',(#1446));
#971=EDGE_LOOP('',(#1447));
#972=EDGE_LOOP('',(#1448));
#973=EDGE_LOOP('',(#1449));
#974=EDGE_LOOP('',(#1450));
#975=EDGE_LOOP('',(#1451));
#976=EDGE_LOOP('',(#1452));
#977=EDGE_LOOP('',(#1453));
#978=EDGE_LOOP('',(#1454));
#979=EDGE_LOOP('',(#1455));
#980=EDGE_LOOP('',(#1456));
#981=EDGE_LOOP('',(#1457));
#982=EDGE_LOOP('',(#1458));
#983=EDGE_LOOP('',(#1459));
#984=EDGE_LOOP('',(#1460));
#985=EDGE_LOOP('',(#1461));
#986=EDGE_LOOP('',(#1462));
#987=EDGE_LOOP('',(#1463));
#988=ORIENTED_EDGE('',*,*,#1640,.T.);
#989=ORIENTED_EDGE('',*,*,#1641,.T.);
#990=ORIENTED_EDGE('',*,*,#1642,.F.);
#991=ORIENTED_EDGE('',*,*,#1642,.T.);
#992=ORIENTED_EDGE('',*,*,#1643,.F.);
#993=ORIENTED_EDGE('',*,*,#1644,.T.);
#994=ORIENTED_EDGE('',*,*,#1643,.T.);
#995=ORIENTED_EDGE('',*,*,#1645,.F.);
#996=ORIENTED_EDGE('',*,*,#1644,.F.);
#997=ORIENTED_EDGE('',*,*,#1646,.F.);
#998=ORIENTED_EDGE('',*,*,#1645,.T.);
#999=ORIENTED_EDGE('',*,*,#1647,.F.);
#1000=ORIENTED_EDGE('',*,*,#1646,.T.);
#1001=ORIENTED_EDGE('',*,*,#1640,.F.);
#1002=ORIENTED_EDGE('',*,*,#1647,.T.);
#1003=ORIENTED_EDGE('',*,*,#1648,.F.);
#1004=ORIENTED_EDGE('',*,*,#1649,.F.);
#1005=ORIENTED_EDGE('',*,*,#1650,.T.);
#1006=ORIENTED_EDGE('',*,*,#1651,.T.);
#1007=ORIENTED_EDGE('',*,*,#1652,.F.);
#1008=ORIENTED_EDGE('',*,*,#1653,.F.);
#1009=ORIENTED_EDGE('',*,*,#1652,.T.);
#1010=ORIENTED_EDGE('',*,*,#1654,.T.);
#1011=ORIENTED_EDGE('',*,*,#1655,.F.);
#1012=ORIENTED_EDGE('',*,*,#1654,.F.);
#1013=ORIENTED_EDGE('',*,*,#1656,.F.);
#1014=ORIENTED_EDGE('',*,*,#1655,.T.);
#1015=ORIENTED_EDGE('',*,*,#1641,.F.);
#1016=ORIENTED_EDGE('',*,*,#1656,.T.);
#1017=ORIENTED_EDGE('',*,*,#1657,.T.);
#1018=ORIENTED_EDGE('',*,*,#1658,.T.);
#1019=ORIENTED_EDGE('',*,*,#1648,.T.);
#1020=ORIENTED_EDGE('',*,*,#1659,.T.);
#1021=ORIENTED_EDGE('',*,*,#1653,.T.);
#1022=ORIENTED_EDGE('',*,*,#1658,.F.);
#1023=ORIENTED_EDGE('',*,*,#1660,.T.);
#1024=ORIENTED_EDGE('',*,*,#1661,.T.);
#1025=ORIENTED_EDGE('',*,*,#1649,.T.);
#1026=ORIENTED_EDGE('',*,*,#1662,.F.);
#1027=ORIENTED_EDGE('',*,*,#1663,.F.);
#1028=ORIENTED_EDGE('',*,*,#1650,.F.);
#1029=ORIENTED_EDGE('',*,*,#1661,.F.);
#1030=ORIENTED_EDGE('',*,*,#1663,.T.);
#1031=ORIENTED_EDGE('',*,*,#1664,.T.);
#1032=ORIENTED_EDGE('',*,*,#1659,.F.);
#1033=ORIENTED_EDGE('',*,*,#1651,.F.);
#1034=ORIENTED_EDGE('',*,*,#1665,.T.);
#1035=ORIENTED_EDGE('',*,*,#1666,.T.);
#1036=ORIENTED_EDGE('',*,*,#1667,.T.);
#1037=ORIENTED_EDGE('',*,*,#1668,.T.);
#1038=ORIENTED_EDGE('',*,*,#1669,.T.);
#1039=ORIENTED_EDGE('',*,*,#1670,.T.);
#1040=ORIENTED_EDGE('',*,*,#1671,.T.);
#1041=ORIENTED_EDGE('',*,*,#1672,.T.);
#1042=ORIENTED_EDGE('',*,*,#1673,.F.);
#1043=ORIENTED_EDGE('',*,*,#1665,.F.);
#1044=ORIENTED_EDGE('',*,*,#1674,.F.);
#1045=ORIENTED_EDGE('',*,*,#1675,.F.);
#1046=ORIENTED_EDGE('',*,*,#1664,.F.);
#1047=ORIENTED_EDGE('',*,*,#1662,.T.);
#1048=ORIENTED_EDGE('',*,*,#1660,.F.);
#1049=ORIENTED_EDGE('',*,*,#1657,.F.);
#1050=ORIENTED_EDGE('',*,*,#1673,.T.);
#1051=ORIENTED_EDGE('',*,*,#1676,.T.);
#1052=ORIENTED_EDGE('',*,*,#1674,.T.);
#1053=ORIENTED_EDGE('',*,*,#1666,.F.);
#1054=ORIENTED_EDGE('',*,*,#1677,.T.);
#1055=ORIENTED_EDGE('',*,*,#1672,.F.);
#1056=ORIENTED_EDGE('',*,*,#1678,.F.);
#1057=ORIENTED_EDGE('',*,*,#1679,.T.);
#1058=ORIENTED_EDGE('',*,*,#1680,.T.);
#1059=ORIENTED_EDGE('',*,*,#1667,.F.);
#1060=ORIENTED_EDGE('',*,*,#1677,.F.);
#1061=ORIENTED_EDGE('',*,*,#1681,.T.);
#1062=ORIENTED_EDGE('',*,*,#1682,.T.);
#1063=ORIENTED_EDGE('',*,*,#1668,.F.);
#1064=ORIENTED_EDGE('',*,*,#1680,.F.);
#1065=ORIENTED_EDGE('',*,*,#1683,.T.);
#1066=ORIENTED_EDGE('',*,*,#1684,.T.);
#1067=ORIENTED_EDGE('',*,*,#1669,.F.);
#1068=ORIENTED_EDGE('',*,*,#1682,.F.);
#1069=ORIENTED_EDGE('',*,*,#1685,.T.);
#1070=ORIENTED_EDGE('',*,*,#1686,.T.);
#1071=ORIENTED_EDGE('',*,*,#1670,.F.);
#1072=ORIENTED_EDGE('',*,*,#1684,.F.);
#1073=ORIENTED_EDGE('',*,*,#1687,.T.);
#1074=ORIENTED_EDGE('',*,*,#1678,.T.);
#1075=ORIENTED_EDGE('',*,*,#1671,.F.);
#1076=ORIENTED_EDGE('',*,*,#1686,.F.);
#1077=ORIENTED_EDGE('',*,*,#1688,.T.);
#1078=ORIENTED_EDGE('',*,*,#1676,.F.);
#1079=ORIENTED_EDGE('',*,*,#1675,.T.);
#1080=ORIENTED_EDGE('',*,*,#1689,.F.);
#1081=ORIENTED_EDGE('',*,*,#1690,.T.);
#1082=ORIENTED_EDGE('',*,*,#1691,.T.);
#1083=ORIENTED_EDGE('',*,*,#1692,.F.);
#1084=ORIENTED_EDGE('',*,*,#1693,.F.);
#1085=ORIENTED_EDGE('',*,*,#1694,.F.);
#1086=ORIENTED_EDGE('',*,*,#1695,.F.);
#1087=ORIENTED_EDGE('',*,*,#1696,.T.);
#1088=ORIENTED_EDGE('',*,*,#1690,.F.);
#1089=ORIENTED_EDGE('',*,*,#1688,.F.);
#1090=ORIENTED_EDGE('',*,*,#1687,.F.);
#1091=ORIENTED_EDGE('',*,*,#1685,.F.);
#1092=ORIENTED_EDGE('',*,*,#1683,.F.);
#1093=ORIENTED_EDGE('',*,*,#1681,.F.);
#1094=ORIENTED_EDGE('',*,*,#1679,.F.);
#1095=ORIENTED_EDGE('',*,*,#1697,.F.);
#1096=ORIENTED_EDGE('',*,*,#1698,.T.);
#1097=ORIENTED_EDGE('',*,*,#1695,.T.);
#1098=ORIENTED_EDGE('',*,*,#1699,.T.);
#1099=ORIENTED_EDGE('',*,*,#1700,.F.);
#1100=ORIENTED_EDGE('',*,*,#1701,.F.);
#1101=ORIENTED_EDGE('',*,*,#1702,.F.);
#1102=ORIENTED_EDGE('',*,*,#1703,.F.);
#1103=ORIENTED_EDGE('',*,*,#1704,.F.);
#1104=ORIENTED_EDGE('',*,*,#1705,.F.);
#1105=ORIENTED_EDGE('',*,*,#1706,.F.);
#1106=ORIENTED_EDGE('',*,*,#1707,.F.);
#1107=ORIENTED_EDGE('',*,*,#1708,.F.);
#1108=ORIENTED_EDGE('',*,*,#1709,.F.);
#1109=ORIENTED_EDGE('',*,*,#1710,.F.);
#1110=ORIENTED_EDGE('',*,*,#1711,.F.);
#1111=ORIENTED_EDGE('',*,*,#1712,.F.);
#1112=ORIENTED_EDGE('',*,*,#1713,.F.);
#1113=ORIENTED_EDGE('',*,*,#1714,.T.);
#1114=ORIENTED_EDGE('',*,*,#1715,.T.);
#1115=ORIENTED_EDGE('',*,*,#1716,.T.);
#1116=ORIENTED_EDGE('',*,*,#1717,.T.);
#1117=ORIENTED_EDGE('',*,*,#1718,.T.);
#1118=ORIENTED_EDGE('',*,*,#1719,.T.);
#1119=ORIENTED_EDGE('',*,*,#1720,.T.);
#1120=ORIENTED_EDGE('',*,*,#1721,.T.);
#1121=ORIENTED_EDGE('',*,*,#1722,.T.);
#1122=ORIENTED_EDGE('',*,*,#1723,.T.);
#1123=ORIENTED_EDGE('',*,*,#1724,.T.);
#1124=ORIENTED_EDGE('',*,*,#1725,.F.);
#1125=ORIENTED_EDGE('',*,*,#1726,.T.);
#1126=ORIENTED_EDGE('',*,*,#1727,.T.);
#1127=ORIENTED_EDGE('',*,*,#1728,.T.);
#1128=ORIENTED_EDGE('',*,*,#1729,.T.);
#1129=ORIENTED_EDGE('',*,*,#1730,.T.);
#1130=ORIENTED_EDGE('',*,*,#1731,.T.);
#1131=ORIENTED_EDGE('',*,*,#1732,.T.);
#1132=ORIENTED_EDGE('',*,*,#1733,.F.);
#1133=ORIENTED_EDGE('',*,*,#1734,.F.);
#1134=ORIENTED_EDGE('',*,*,#1735,.F.);
#1135=ORIENTED_EDGE('',*,*,#1736,.F.);
#1136=ORIENTED_EDGE('',*,*,#1737,.F.);
#1137=ORIENTED_EDGE('',*,*,#1738,.F.);
#1138=ORIENTED_EDGE('',*,*,#1691,.F.);
#1139=ORIENTED_EDGE('',*,*,#1696,.F.);
#1140=ORIENTED_EDGE('',*,*,#1698,.F.);
#1141=ORIENTED_EDGE('',*,*,#1739,.F.);
#1142=ORIENTED_EDGE('',*,*,#1740,.T.);
#1143=ORIENTED_EDGE('',*,*,#1735,.T.);
#1144=ORIENTED_EDGE('',*,*,#1689,.T.);
#1145=ORIENTED_EDGE('',*,*,#1741,.T.);
#1146=ORIENTED_EDGE('',*,*,#1699,.F.);
#1147=ORIENTED_EDGE('',*,*,#1694,.T.);
#1148=ORIENTED_EDGE('',*,*,#1693,.T.);
#1149=ORIENTED_EDGE('',*,*,#1742,.T.);
#1150=ORIENTED_EDGE('',*,*,#1743,.T.);
#1151=ORIENTED_EDGE('',*,*,#1744,.T.);
#1152=ORIENTED_EDGE('',*,*,#1741,.F.);
#1153=ORIENTED_EDGE('',*,*,#1745,.F.);
#1154=ORIENTED_EDGE('',*,*,#1746,.F.);
#1155=ORIENTED_EDGE('',*,*,#1747,.F.);
#1156=ORIENTED_EDGE('',*,*,#1743,.F.);
#1157=ORIENTED_EDGE('',*,*,#1747,.T.);
#1158=ORIENTED_EDGE('',*,*,#1748,.F.);
#1159=ORIENTED_EDGE('',*,*,#1745,.T.);
#1160=ORIENTED_EDGE('',*,*,#1744,.F.);
#1161=ORIENTED_EDGE('',*,*,#1749,.T.);
#1162=ORIENTED_EDGE('',*,*,#1750,.T.);
#1163=ORIENTED_EDGE('',*,*,#1751,.T.);
#1164=ORIENTED_EDGE('',*,*,#1748,.T.);
#1165=ORIENTED_EDGE('',*,*,#1751,.F.);
#1166=ORIENTED_EDGE('',*,*,#1752,.T.);
#1167=ORIENTED_EDGE('',*,*,#1749,.F.);
#1168=ORIENTED_EDGE('',*,*,#1746,.T.);
#1169=ORIENTED_EDGE('',*,*,#1692,.T.);
#1170=ORIENTED_EDGE('',*,*,#1738,.T.);
#1171=ORIENTED_EDGE('',*,*,#1753,.F.);
#1172=ORIENTED_EDGE('',*,*,#1754,.F.);
#1173=ORIENTED_EDGE('',*,*,#1755,.F.);
#1174=ORIENTED_EDGE('',*,*,#1739,.T.);
#1175=ORIENTED_EDGE('',*,*,#1697,.T.);
#1176=ORIENTED_EDGE('',*,*,#1742,.F.);
#1177=ORIENTED_EDGE('',*,*,#1756,.T.);
#1178=ORIENTED_EDGE('',*,*,#1757,.T.);
#1179=ORIENTED_EDGE('',*,*,#1701,.T.);
#1180=ORIENTED_EDGE('',*,*,#1758,.F.);
#1181=ORIENTED_EDGE('',*,*,#1759,.T.);
#1182=ORIENTED_EDGE('',*,*,#1760,.T.);
#1183=ORIENTED_EDGE('',*,*,#1702,.T.);
#1184=ORIENTED_EDGE('',*,*,#1757,.F.);
#1185=ORIENTED_EDGE('',*,*,#1761,.T.);
#1186=ORIENTED_EDGE('',*,*,#1762,.T.);
#1187=ORIENTED_EDGE('',*,*,#1703,.T.);
#1188=ORIENTED_EDGE('',*,*,#1760,.F.);
#1189=ORIENTED_EDGE('',*,*,#1763,.T.);
#1190=ORIENTED_EDGE('',*,*,#1764,.T.);
#1191=ORIENTED_EDGE('',*,*,#1704,.T.);
#1192=ORIENTED_EDGE('',*,*,#1762,.F.);
#1193=ORIENTED_EDGE('',*,*,#1765,.T.);
#1194=ORIENTED_EDGE('',*,*,#1766,.T.);
#1195=ORIENTED_EDGE('',*,*,#1705,.T.);
#1196=ORIENTED_EDGE('',*,*,#1764,.F.);
#1197=ORIENTED_EDGE('',*,*,#1767,.T.);
#1198=ORIENTED_EDGE('',*,*,#1768,.T.);
#1199=ORIENTED_EDGE('',*,*,#1706,.T.);
#1200=ORIENTED_EDGE('',*,*,#1766,.F.);
#1201=ORIENTED_EDGE('',*,*,#1769,.T.);
#1202=ORIENTED_EDGE('',*,*,#1770,.T.);
#1203=ORIENTED_EDGE('',*,*,#1707,.T.);
#1204=ORIENTED_EDGE('',*,*,#1768,.F.);
#1205=ORIENTED_EDGE('',*,*,#1771,.T.);
#1206=ORIENTED_EDGE('',*,*,#1772,.T.);
#1207=ORIENTED_EDGE('',*,*,#1708,.T.);
#1208=ORIENTED_EDGE('',*,*,#1770,.F.);
#1209=ORIENTED_EDGE('',*,*,#1773,.T.);
#1210=ORIENTED_EDGE('',*,*,#1774,.T.);
#1211=ORIENTED_EDGE('',*,*,#1709,.T.);
#1212=ORIENTED_EDGE('',*,*,#1772,.F.);
#1213=ORIENTED_EDGE('',*,*,#1775,.T.);
#1214=ORIENTED_EDGE('',*,*,#1776,.T.);
#1215=ORIENTED_EDGE('',*,*,#1710,.T.);
#1216=ORIENTED_EDGE('',*,*,#1774,.F.);
#1217=ORIENTED_EDGE('',*,*,#1777,.T.);
#1218=ORIENTED_EDGE('',*,*,#1778,.T.);
#1219=ORIENTED_EDGE('',*,*,#1711,.T.);
#1220=ORIENTED_EDGE('',*,*,#1776,.F.);
#1221=ORIENTED_EDGE('',*,*,#1779,.T.);
#1222=ORIENTED_EDGE('',*,*,#1758,.T.);
#1223=ORIENTED_EDGE('',*,*,#1700,.T.);
#1224=ORIENTED_EDGE('',*,*,#1778,.F.);
#1225=ORIENTED_EDGE('',*,*,#1712,.T.);
#1226=ORIENTED_EDGE('',*,*,#1780,.T.);
#1227=ORIENTED_EDGE('',*,*,#1716,.F.);
#1228=ORIENTED_EDGE('',*,*,#1781,.F.);
#1229=ORIENTED_EDGE('',*,*,#1782,.F.);
#1230=ORIENTED_EDGE('',*,*,#1783,.F.);
#1231=ORIENTED_EDGE('',*,*,#1717,.F.);
#1232=ORIENTED_EDGE('',*,*,#1783,.T.);
#1233=ORIENTED_EDGE('',*,*,#1784,.T.);
#1234=ORIENTED_EDGE('',*,*,#1785,.T.);
#1235=ORIENTED_EDGE('',*,*,#1718,.F.);
#1236=ORIENTED_EDGE('',*,*,#1785,.F.);
#1237=ORIENTED_EDGE('',*,*,#1786,.F.);
#1238=ORIENTED_EDGE('',*,*,#1787,.F.);
#1239=ORIENTED_EDGE('',*,*,#1719,.F.);
#1240=ORIENTED_EDGE('',*,*,#1787,.T.);
#1241=ORIENTED_EDGE('',*,*,#1788,.T.);
#1242=ORIENTED_EDGE('',*,*,#1789,.T.);
#1243=ORIENTED_EDGE('',*,*,#1720,.F.);
#1244=ORIENTED_EDGE('',*,*,#1789,.F.);
#1245=ORIENTED_EDGE('',*,*,#1790,.F.);
#1246=ORIENTED_EDGE('',*,*,#1791,.F.);
#1247=ORIENTED_EDGE('',*,*,#1721,.F.);
#1248=ORIENTED_EDGE('',*,*,#1791,.T.);
#1249=ORIENTED_EDGE('',*,*,#1792,.T.);
#1250=ORIENTED_EDGE('',*,*,#1793,.T.);
#1251=ORIENTED_EDGE('',*,*,#1722,.F.);
#1252=ORIENTED_EDGE('',*,*,#1793,.F.);
#1253=ORIENTED_EDGE('',*,*,#1794,.F.);
#1254=ORIENTED_EDGE('',*,*,#1795,.F.);
#1255=ORIENTED_EDGE('',*,*,#1796,.F.);
#1256=ORIENTED_EDGE('',*,*,#1797,.T.);
#1257=ORIENTED_EDGE('',*,*,#1713,.T.);
#1258=ORIENTED_EDGE('',*,*,#1795,.T.);
#1259=ORIENTED_EDGE('',*,*,#1798,.F.);
#1260=ORIENTED_EDGE('',*,*,#1799,.F.);
#1261=ORIENTED_EDGE('',*,*,#1714,.F.);
#1262=ORIENTED_EDGE('',*,*,#1797,.F.);
#1263=ORIENTED_EDGE('',*,*,#1715,.F.);
#1264=ORIENTED_EDGE('',*,*,#1799,.T.);
#1265=ORIENTED_EDGE('',*,*,#1800,.T.);
#1266=ORIENTED_EDGE('',*,*,#1781,.T.);
#1267=ORIENTED_EDGE('',*,*,#1728,.F.);
#1268=ORIENTED_EDGE('',*,*,#1801,.F.);
#1269=ORIENTED_EDGE('',*,*,#1802,.F.);
#1270=ORIENTED_EDGE('',*,*,#1803,.F.);
#1271=ORIENTED_EDGE('',*,*,#1729,.F.);
#1272=ORIENTED_EDGE('',*,*,#1803,.T.);
#1273=ORIENTED_EDGE('',*,*,#1804,.T.);
#1274=ORIENTED_EDGE('',*,*,#1805,.T.);
#1275=ORIENTED_EDGE('',*,*,#1730,.F.);
#1276=ORIENTED_EDGE('',*,*,#1805,.F.);
#1277=ORIENTED_EDGE('',*,*,#1806,.F.);
#1278=ORIENTED_EDGE('',*,*,#1807,.F.);
#1279=ORIENTED_EDGE('',*,*,#1731,.F.);
#1280=ORIENTED_EDGE('',*,*,#1807,.T.);
#1281=ORIENTED_EDGE('',*,*,#1808,.T.);
#1282=ORIENTED_EDGE('',*,*,#1809,.T.);
#1283=ORIENTED_EDGE('',*,*,#1732,.F.);
#1284=ORIENTED_EDGE('',*,*,#1809,.F.);
#1285=ORIENTED_EDGE('',*,*,#1810,.F.);
#1286=ORIENTED_EDGE('',*,*,#1811,.F.);
#1287=ORIENTED_EDGE('',*,*,#1812,.T.);
#1288=ORIENTED_EDGE('',*,*,#1813,.T.);
#1289=ORIENTED_EDGE('',*,*,#1723,.F.);
#1290=ORIENTED_EDGE('',*,*,#1811,.T.);
#1291=ORIENTED_EDGE('',*,*,#1724,.F.);
#1292=ORIENTED_EDGE('',*,*,#1813,.F.);
#1293=ORIENTED_EDGE('',*,*,#1814,.F.);
#1294=ORIENTED_EDGE('',*,*,#1815,.F.);
#1295=ORIENTED_EDGE('',*,*,#1725,.T.);
#1296=ORIENTED_EDGE('',*,*,#1815,.T.);
#1297=ORIENTED_EDGE('',*,*,#1816,.F.);
#1298=ORIENTED_EDGE('',*,*,#1817,.T.);
#1299=ORIENTED_EDGE('',*,*,#1818,.F.);
#1300=ORIENTED_EDGE('',*,*,#1819,.F.);
#1301=ORIENTED_EDGE('',*,*,#1726,.F.);
#1302=ORIENTED_EDGE('',*,*,#1817,.F.);
#1303=ORIENTED_EDGE('',*,*,#1820,.T.);
#1304=ORIENTED_EDGE('',*,*,#1801,.T.);
#1305=ORIENTED_EDGE('',*,*,#1727,.F.);
#1306=ORIENTED_EDGE('',*,*,#1819,.T.);
#1307=ORIENTED_EDGE('',*,*,#1821,.F.);
#1308=ORIENTED_EDGE('',*,*,#1736,.T.);
#1309=ORIENTED_EDGE('',*,*,#1740,.F.);
#1310=ORIENTED_EDGE('',*,*,#1755,.T.);
#1311=ORIENTED_EDGE('',*,*,#1822,.T.);
#1312=ORIENTED_EDGE('',*,*,#1823,.F.);
#1313=ORIENTED_EDGE('',*,*,#1824,.F.);
#1314=ORIENTED_EDGE('',*,*,#1825,.F.);
#1315=ORIENTED_EDGE('',*,*,#1733,.T.);
#1316=ORIENTED_EDGE('',*,*,#1821,.T.);
#1317=ORIENTED_EDGE('',*,*,#1826,.F.);
#1318=ORIENTED_EDGE('',*,*,#1753,.T.);
#1319=ORIENTED_EDGE('',*,*,#1737,.T.);
#1320=ORIENTED_EDGE('',*,*,#1734,.T.);
#1321=ORIENTED_EDGE('',*,*,#1825,.T.);
#1322=ORIENTED_EDGE('',*,*,#1827,.F.);
#1323=ORIENTED_EDGE('',*,*,#1822,.F.);
#1324=ORIENTED_EDGE('',*,*,#1754,.T.);
#1325=ORIENTED_EDGE('',*,*,#1826,.T.);
#1326=ORIENTED_EDGE('',*,*,#1828,.F.);
#1327=ORIENTED_EDGE('',*,*,#1829,.F.);
#1328=ORIENTED_EDGE('',*,*,#1830,.T.);
#1329=ORIENTED_EDGE('',*,*,#1828,.T.);
#1330=ORIENTED_EDGE('',*,*,#1827,.T.);
#1331=ORIENTED_EDGE('',*,*,#1824,.T.);
#1332=ORIENTED_EDGE('',*,*,#1823,.T.);
#1333=ORIENTED_EDGE('',*,*,#1820,.F.);
#1334=ORIENTED_EDGE('',*,*,#1818,.T.);
#1335=ORIENTED_EDGE('',*,*,#1816,.T.);
#1336=ORIENTED_EDGE('',*,*,#1814,.T.);
#1337=ORIENTED_EDGE('',*,*,#1812,.F.);
#1338=ORIENTED_EDGE('',*,*,#1810,.T.);
#1339=ORIENTED_EDGE('',*,*,#1808,.F.);
#1340=ORIENTED_EDGE('',*,*,#1806,.T.);
#1341=ORIENTED_EDGE('',*,*,#1804,.F.);
#1342=ORIENTED_EDGE('',*,*,#1802,.T.);
#1343=ORIENTED_EDGE('',*,*,#1800,.F.);
#1344=ORIENTED_EDGE('',*,*,#1798,.T.);
#1345=ORIENTED_EDGE('',*,*,#1796,.T.);
#1346=ORIENTED_EDGE('',*,*,#1794,.T.);
#1347=ORIENTED_EDGE('',*,*,#1792,.F.);
#1348=ORIENTED_EDGE('',*,*,#1790,.T.);
#1349=ORIENTED_EDGE('',*,*,#1788,.F.);
#1350=ORIENTED_EDGE('',*,*,#1786,.T.);
#1351=ORIENTED_EDGE('',*,*,#1784,.F.);
#1352=ORIENTED_EDGE('',*,*,#1782,.T.);
#1353=ORIENTED_EDGE('',*,*,#1829,.T.);
#1354=ORIENTED_EDGE('',*,*,#1780,.F.);
#1355=ORIENTED_EDGE('',*,*,#1779,.F.);
#1356=ORIENTED_EDGE('',*,*,#1777,.F.);
#1357=ORIENTED_EDGE('',*,*,#1775,.F.);
#1358=ORIENTED_EDGE('',*,*,#1773,.F.);
#1359=ORIENTED_EDGE('',*,*,#1771,.F.);
#1360=ORIENTED_EDGE('',*,*,#1769,.F.);
#1361=ORIENTED_EDGE('',*,*,#1767,.F.);
#1362=ORIENTED_EDGE('',*,*,#1765,.F.);
#1363=ORIENTED_EDGE('',*,*,#1763,.F.);
#1364=ORIENTED_EDGE('',*,*,#1761,.F.);
#1365=ORIENTED_EDGE('',*,*,#1759,.F.);
#1366=ORIENTED_EDGE('',*,*,#1756,.F.);
#1367=ORIENTED_EDGE('',*,*,#1831,.T.);
#1368=ORIENTED_EDGE('',*,*,#1831,.F.);
#1369=ORIENTED_EDGE('',*,*,#1832,.F.);
#1370=ORIENTED_EDGE('',*,*,#1832,.T.);
#1371=ORIENTED_EDGE('',*,*,#1830,.F.);
#1372=ORIENTED_EDGE('',*,*,#1833,.T.);
#1373=ORIENTED_EDGE('',*,*,#1834,.T.);
#1374=ORIENTED_EDGE('',*,*,#1752,.F.);
#1375=ORIENTED_EDGE('',*,*,#1750,.F.);
#1376=ORIENTED_EDGE('',*,*,#1835,.T.);
#1377=ORIENTED_EDGE('',*,*,#1836,.T.);
#1378=ORIENTED_EDGE('',*,*,#1837,.F.);
#1379=ORIENTED_EDGE('',*,*,#1838,.F.);
#1380=ORIENTED_EDGE('',*,*,#1836,.F.);
#1381=ORIENTED_EDGE('',*,*,#1833,.F.);
#1382=ORIENTED_EDGE('',*,*,#1839,.F.);
#1383=ORIENTED_EDGE('',*,*,#1838,.T.);
#1384=ORIENTED_EDGE('',*,*,#1840,.T.);
#1385=ORIENTED_EDGE('',*,*,#1834,.F.);
#1386=ORIENTED_EDGE('',*,*,#1840,.F.);
#1387=ORIENTED_EDGE('',*,*,#1837,.T.);
#1388=ORIENTED_EDGE('',*,*,#1839,.T.);
#1389=ORIENTED_EDGE('',*,*,#1835,.F.);
#1390=ORIENTED_EDGE('',*,*,#1841,.F.);
#1391=ORIENTED_EDGE('',*,*,#1842,.F.);
#1392=ORIENTED_EDGE('',*,*,#1843,.F.);
#1393=ORIENTED_EDGE('',*,*,#1844,.T.);
#1394=ORIENTED_EDGE('',*,*,#1845,.T.);
#1395=ORIENTED_EDGE('',*,*,#1841,.T.);
#1396=ORIENTED_EDGE('',*,*,#1845,.F.);
#1397=ORIENTED_EDGE('',*,*,#1846,.T.);
#1398=ORIENTED_EDGE('',*,*,#1843,.T.);
#1399=ORIENTED_EDGE('',*,*,#1842,.T.);
#1400=ORIENTED_EDGE('',*,*,#1846,.F.);
#1401=ORIENTED_EDGE('',*,*,#1844,.F.);
#1402=ORIENTED_EDGE('',*,*,#1847,.F.);
#1403=ORIENTED_EDGE('',*,*,#1847,.T.);
#1404=ORIENTED_EDGE('',*,*,#1848,.F.);
#1405=ORIENTED_EDGE('',*,*,#1849,.T.);
#1406=ORIENTED_EDGE('',*,*,#1848,.T.);
#1407=ORIENTED_EDGE('',*,*,#1849,.F.);
#1408=ORIENTED_EDGE('',*,*,#1850,.F.);
#1409=ORIENTED_EDGE('',*,*,#1850,.T.);
#1410=ORIENTED_EDGE('',*,*,#1851,.T.);
#1411=ORIENTED_EDGE('',*,*,#1851,.F.);
#1412=ORIENTED_EDGE('',*,*,#1852,.T.);
#1413=ORIENTED_EDGE('',*,*,#1853,.T.);
#1414=ORIENTED_EDGE('',*,*,#1853,.F.);
#1415=ORIENTED_EDGE('',*,*,#1852,.F.);
#1416=ORIENTED_EDGE('',*,*,#1854,.T.);
#1417=ORIENTED_EDGE('',*,*,#1855,.T.);
#1418=ORIENTED_EDGE('',*,*,#1855,.F.);
#1419=ORIENTED_EDGE('',*,*,#1854,.F.);
#1420=ORIENTED_EDGE('',*,*,#1856,.T.);
#1421=ORIENTED_EDGE('',*,*,#1857,.T.);
#1422=ORIENTED_EDGE('',*,*,#1857,.F.);
#1423=ORIENTED_EDGE('',*,*,#1856,.F.);
#1424=ORIENTED_EDGE('',*,*,#1858,.T.);
#1425=ORIENTED_EDGE('',*,*,#1859,.T.);
#1426=ORIENTED_EDGE('',*,*,#1859,.F.);
#1427=ORIENTED_EDGE('',*,*,#1858,.F.);
#1428=ORIENTED_EDGE('',*,*,#1860,.F.);
#1429=ORIENTED_EDGE('',*,*,#1860,.T.);
#1430=ORIENTED_EDGE('',*,*,#1861,.T.);
#1431=ORIENTED_EDGE('',*,*,#1861,.F.);
#1432=ORIENTED_EDGE('',*,*,#1862,.F.);
#1433=ORIENTED_EDGE('',*,*,#1862,.T.);
#1434=ORIENTED_EDGE('',*,*,#1863,.T.);
#1435=ORIENTED_EDGE('',*,*,#1863,.F.);
#1436=ORIENTED_EDGE('',*,*,#1864,.F.);
#1437=ORIENTED_EDGE('',*,*,#1864,.T.);
#1438=ORIENTED_EDGE('',*,*,#1865,.T.);
#1439=ORIENTED_EDGE('',*,*,#1865,.F.);
#1440=ORIENTED_EDGE('',*,*,#1866,.F.);
#1441=ORIENTED_EDGE('',*,*,#1866,.T.);
#1442=ORIENTED_EDGE('',*,*,#1867,.T.);
#1443=ORIENTED_EDGE('',*,*,#1867,.F.);
#1444=ORIENTED_EDGE('',*,*,#1868,.F.);
#1445=ORIENTED_EDGE('',*,*,#1868,.T.);
#1446=ORIENTED_EDGE('',*,*,#1869,.T.);
#1447=ORIENTED_EDGE('',*,*,#1869,.F.);
#1448=ORIENTED_EDGE('',*,*,#1870,.T.);
#1449=ORIENTED_EDGE('',*,*,#1871,.F.);
#1450=ORIENTED_EDGE('',*,*,#1871,.T.);
#1451=ORIENTED_EDGE('',*,*,#1870,.F.);
#1452=ORIENTED_EDGE('',*,*,#1872,.T.);
#1453=ORIENTED_EDGE('',*,*,#1873,.T.);
#1454=ORIENTED_EDGE('',*,*,#1873,.F.);
#1455=ORIENTED_EDGE('',*,*,#1872,.F.);
#1456=ORIENTED_EDGE('',*,*,#1874,.T.);
#1457=ORIENTED_EDGE('',*,*,#1875,.T.);
#1458=ORIENTED_EDGE('',*,*,#1875,.F.);
#1459=ORIENTED_EDGE('',*,*,#1874,.F.);
#1460=ORIENTED_EDGE('',*,*,#1876,.T.);
#1461=ORIENTED_EDGE('',*,*,#1877,.T.);
#1462=ORIENTED_EDGE('',*,*,#1876,.F.);
#1463=ORIENTED_EDGE('',*,*,#1877,.F.);
#1464=VERTEX_POINT('',#2904);
#1465=VERTEX_POINT('',#2906);
#1466=VERTEX_POINT('',#2909);
#1467=VERTEX_POINT('',#2912);
#1468=VERTEX_POINT('',#2915);
#1469=VERTEX_POINT('',#2918);
#1470=VERTEX_POINT('',#2921);
#1471=VERTEX_POINT('',#2924);
#1472=VERTEX_POINT('',#2928);
#1473=VERTEX_POINT('',#2929);
#1474=VERTEX_POINT('',#2931);
#1475=VERTEX_POINT('',#2933);
#1476=VERTEX_POINT('',#2937);
#1477=VERTEX_POINT('',#2939);
#1478=VERTEX_POINT('',#2942);
#1479=VERTEX_POINT('',#2945);
#1480=VERTEX_POINT('',#2948);
#1481=VERTEX_POINT('',#2952);
#1482=VERTEX_POINT('',#2953);
#1483=VERTEX_POINT('',#2964);
#1484=VERTEX_POINT('',#2968);
#1485=VERTEX_POINT('',#2980);
#1486=VERTEX_POINT('',#2981);
#1487=VERTEX_POINT('',#2985);
#1488=VERTEX_POINT('',#2986);
#1489=VERTEX_POINT('',#2988);
#1490=VERTEX_POINT('',#2990);
#1491=VERTEX_POINT('',#2992);
#1492=VERTEX_POINT('',#2994);
#1493=VERTEX_POINT('',#3004);
#1494=VERTEX_POINT('',#3009);
#1495=VERTEX_POINT('',#3015);
#1496=VERTEX_POINT('',#3017);
#1497=VERTEX_POINT('',#3021);
#1498=VERTEX_POINT('',#3025);
#1499=VERTEX_POINT('',#3029);
#1500=VERTEX_POINT('',#3033);
#1501=VERTEX_POINT('',#3039);
#1502=VERTEX_POINT('',#3042);
#1503=VERTEX_POINT('',#3043);
#1504=VERTEX_POINT('',#3045);
#1505=VERTEX_POINT('',#3047);
#1506=VERTEX_POINT('',#3051);
#1507=VERTEX_POINT('',#3053);
#1508=VERTEX_POINT('',#3057);
#1509=VERTEX_POINT('',#3058);
#1510=VERTEX_POINT('',#3063);
#1511=VERTEX_POINT('',#3064);
#1512=VERTEX_POINT('',#3066);
#1513=VERTEX_POINT('',#3068);
#1514=VERTEX_POINT('',#3070);
#1515=VERTEX_POINT('',#3072);
#1516=VERTEX_POINT('',#3074);
#1517=VERTEX_POINT('',#3076);
#1518=VERTEX_POINT('',#3078);
#1519=VERTEX_POINT('',#3080);
#1520=VERTEX_POINT('',#3082);
#1521=VERTEX_POINT('',#3084);
#1522=VERTEX_POINT('',#3088);
#1523=VERTEX_POINT('',#3091);
#1524=VERTEX_POINT('',#3092);
#1525=VERTEX_POINT('',#3094);
#1526=VERTEX_POINT('',#3096);
#1527=VERTEX_POINT('',#3098);
#1528=VERTEX_POINT('',#3100);
#1529=VERTEX_POINT('',#3102);
#1530=VERTEX_POINT('',#3104);
#1531=VERTEX_POINT('',#3106);
#1532=VERTEX_POINT('',#3108);
#1533=VERTEX_POINT('',#3112);
#1534=VERTEX_POINT('',#3113);
#1535=VERTEX_POINT('',#3115);
#1536=VERTEX_POINT('',#3117);
#1537=VERTEX_POINT('',#3119);
#1538=VERTEX_POINT('',#3121);
#1539=VERTEX_POINT('',#3123);
#1540=VERTEX_POINT('',#3125);
#1541=VERTEX_POINT('',#3127);
#1542=VERTEX_POINT('',#3129);
#1543=VERTEX_POINT('',#3133);
#1544=VERTEX_POINT('',#3134);
#1545=VERTEX_POINT('',#3136);
#1546=VERTEX_POINT('',#3138);
#1547=VERTEX_POINT('',#3145);
#1548=VERTEX_POINT('',#3148);
#1549=VERTEX_POINT('',#3155);
#1550=VERTEX_POINT('',#3159);
#1551=VERTEX_POINT('',#3160);
#1552=VERTEX_POINT('',#3164);
#1553=VERTEX_POINT('',#3166);
#1554=VERTEX_POINT('',#3172);
#1555=VERTEX_POINT('',#3174);
#1556=VERTEX_POINT('',#3180);
#1557=VERTEX_POINT('',#3182);
#1558=VERTEX_POINT('',#3186);
#1559=VERTEX_POINT('',#3187);
#1560=VERTEX_POINT('',#3192);
#1561=VERTEX_POINT('',#3196);
#1562=VERTEX_POINT('',#3200);
#1563=VERTEX_POINT('',#3204);
#1564=VERTEX_POINT('',#3208);
#1565=VERTEX_POINT('',#3212);
#1566=VERTEX_POINT('',#3216);
#1567=VERTEX_POINT('',#3220);
#1568=VERTEX_POINT('',#3224);
#1569=VERTEX_POINT('',#3228);
#1570=VERTEX_POINT('',#3234);
#1571=VERTEX_POINT('',#3237);
#1572=VERTEX_POINT('',#3239);
#1573=VERTEX_POINT('',#3243);
#1574=VERTEX_POINT('',#3247);
#1575=VERTEX_POINT('',#3251);
#1576=VERTEX_POINT('',#3255);
#1577=VERTEX_POINT('',#3259);
#1578=VERTEX_POINT('',#3263);
#1579=VERTEX_POINT('',#3267);
#1580=VERTEX_POINT('',#3271);
#1581=VERTEX_POINT('',#3277);
#1582=VERTEX_POINT('',#3279);
#1583=VERTEX_POINT('',#3283);
#1584=VERTEX_POINT('',#3287);
#1585=VERTEX_POINT('',#3291);
#1586=VERTEX_POINT('',#3295);
#1587=VERTEX_POINT('',#3299);
#1588=VERTEX_POINT('',#3303);
#1589=VERTEX_POINT('',#3307);
#1590=VERTEX_POINT('',#3311);
#1591=VERTEX_POINT('',#3317);
#1592=VERTEX_POINT('',#3319);
#1593=VERTEX_POINT('',#3323);
#1594=VERTEX_POINT('',#3327);
#1595=VERTEX_POINT('',#3333);
#1596=VERTEX_POINT('',#3335);
#1597=VERTEX_POINT('',#3338);
#1598=VERTEX_POINT('',#3341);
#1599=VERTEX_POINT('',#3346);
#1600=VERTEX_POINT('',#3347);
#1601=VERTEX_POINT('',#3351);
#1602=VERTEX_POINT('',#3353);
#1603=VERTEX_POINT('',#3356);
#1604=VERTEX_POINT('',#3357);
#1605=VERTEX_POINT('',#3365);
#1606=VERTEX_POINT('',#3366);
#1607=VERTEX_POINT('',#3370);
#1608=VERTEX_POINT('',#3372);
#1609=VERTEX_POINT('',#3378);
#1610=VERTEX_POINT('',#3381);
#1611=VERTEX_POINT('',#3384);
#1612=VERTEX_POINT('',#3388);
#1613=VERTEX_POINT('',#3391);
#1614=VERTEX_POINT('',#3395);
#1615=VERTEX_POINT('',#3398);
#1616=VERTEX_POINT('',#3402);
#1617=VERTEX_POINT('',#3405);
#1618=VERTEX_POINT('',#3409);
#1619=VERTEX_POINT('',#3412);
#1620=VERTEX_POINT('',#3416);
#1621=VERTEX_POINT('',#3419);
#1622=VERTEX_POINT('',#3423);
#1623=VERTEX_POINT('',#3426);
#1624=VERTEX_POINT('',#3430);
#1625=VERTEX_POINT('',#3433);
#1626=VERTEX_POINT('',#3437);
#1627=VERTEX_POINT('',#3440);
#1628=VERTEX_POINT('',#3444);
#1629=VERTEX_POINT('',#3447);
#1630=VERTEX_POINT('',#3451);
#1631=VERTEX_POINT('',#3454);
#1632=VERTEX_POINT('',#3458);
#1633=VERTEX_POINT('',#3461);
#1634=VERTEX_POINT('',#3465);
#1635=VERTEX_POINT('',#3468);
#1636=VERTEX_POINT('',#3472);
#1637=VERTEX_POINT('',#3475);
#1638=VERTEX_POINT('',#3479);
#1639=VERTEX_POINT('',#3481);
#1640=EDGE_CURVE('',#1464,#1464,#1878,.T.);
#1641=EDGE_CURVE('',#1465,#1465,#1879,.T.);
#1642=EDGE_CURVE('',#1466,#1466,#1880,.T.);
#1643=EDGE_CURVE('',#1467,#1467,#1881,.T.);
#1644=EDGE_CURVE('',#1468,#1468,#1882,.T.);
#1645=EDGE_CURVE('',#1469,#1469,#1883,.T.);
#1646=EDGE_CURVE('',#1470,#1470,#1884,.T.);
#1647=EDGE_CURVE('',#1471,#1471,#1885,.T.);
#1648=EDGE_CURVE('',#1472,#1473,#151,.T.);
#1649=EDGE_CURVE('',#1474,#1472,#152,.T.);
#1650=EDGE_CURVE('',#1474,#1475,#153,.T.);
#1651=EDGE_CURVE('',#1475,#1473,#154,.T.);
#1652=EDGE_CURVE('',#1476,#1476,#1886,.T.);
#1653=EDGE_CURVE('',#1477,#1477,#1887,.T.);
#1654=EDGE_CURVE('',#1478,#1478,#1888,.T.);
#1655=EDGE_CURVE('',#1479,#1479,#1889,.T.);
#1656=EDGE_CURVE('',#1480,#1480,#1890,.T.);
#1657=EDGE_CURVE('',#1481,#1482,#1891,.T.);
#1658=EDGE_CURVE('',#1482,#1472,#155,.T.);
#1659=EDGE_CURVE('',#1473,#1481,#156,.T.);
#1660=EDGE_CURVE('',#1482,#1483,#100,.T.);
#1661=EDGE_CURVE('',#1483,#1474,#157,.T.);
#1662=EDGE_CURVE('',#1484,#1483,#1892,.T.);
#1663=EDGE_CURVE('',#1475,#1484,#158,.T.);
#1664=EDGE_CURVE('',#1484,#1481,#101,.T.);
#1665=EDGE_CURVE('',#1485,#1486,#1893,.T.);
#1666=EDGE_CURVE('',#1486,#1485,#159,.T.);
#1667=EDGE_CURVE('',#1487,#1488,#1894,.T.);
#1668=EDGE_CURVE('',#1488,#1489,#1895,.T.);
#1669=EDGE_CURVE('',#1489,#1490,#160,.T.);
#1670=EDGE_CURVE('',#1490,#1491,#1896,.T.);
#1671=EDGE_CURVE('',#1491,#1492,#161,.T.);
#1672=EDGE_CURVE('',#1492,#1487,#1897,.T.);
#1673=EDGE_CURVE('',#1486,#1493,#102,.T.);
#1674=EDGE_CURVE('',#1494,#1485,#103,.T.);
#1675=EDGE_CURVE('',#1493,#1494,#1898,.T.);
#1676=EDGE_CURVE('',#1493,#1494,#162,.T.);
#1677=EDGE_CURVE('',#1495,#1487,#163,.T.);
#1678=EDGE_CURVE('',#1496,#1492,#164,.T.);
#1679=EDGE_CURVE('',#1496,#1495,#1899,.T.);
#1680=EDGE_CURVE('',#1497,#1488,#165,.T.);
#1681=EDGE_CURVE('',#1495,#1497,#1900,.T.);
#1682=EDGE_CURVE('',#1498,#1489,#166,.T.);
#1683=EDGE_CURVE('',#1497,#1498,#1901,.T.);
#1684=EDGE_CURVE('',#1499,#1490,#167,.T.);
#1685=EDGE_CURVE('',#1498,#1499,#168,.T.);
#1686=EDGE_CURVE('',#1500,#1491,#169,.T.);
#1687=EDGE_CURVE('',#1499,#1500,#1902,.T.);
#1688=EDGE_CURVE('',#1500,#1496,#170,.T.);
#1689=EDGE_CURVE('',#1501,#1501,#1903,.T.);
#1690=EDGE_CURVE('',#1502,#1503,#171,.T.);
#1691=EDGE_CURVE('',#1503,#1504,#172,.T.);
#1692=EDGE_CURVE('',#1505,#1504,#173,.T.);
#1693=EDGE_CURVE('',#1502,#1505,#174,.T.);
#1694=EDGE_CURVE('',#1506,#1502,#1904,.T.);
#1695=EDGE_CURVE('',#1507,#1506,#175,.T.);
#1696=EDGE_CURVE('',#1507,#1503,#1905,.T.);
#1697=EDGE_CURVE('',#1508,#1509,#176,.T.);
#1698=EDGE_CURVE('',#1508,#1507,#177,.T.);
#1699=EDGE_CURVE('',#1506,#1509,#178,.T.);
#1700=EDGE_CURVE('',#1510,#1511,#179,.T.);
#1701=EDGE_CURVE('',#1512,#1510,#180,.T.);
#1702=EDGE_CURVE('',#1513,#1512,#181,.T.);
#1703=EDGE_CURVE('',#1514,#1513,#182,.T.);
#1704=EDGE_CURVE('',#1515,#1514,#183,.T.);
#1705=EDGE_CURVE('',#1516,#1515,#184,.T.);
#1706=EDGE_CURVE('',#1517,#1516,#185,.T.);
#1707=EDGE_CURVE('',#1518,#1517,#186,.T.);
#1708=EDGE_CURVE('',#1519,#1518,#187,.T.);
#1709=EDGE_CURVE('',#1520,#1519,#188,.T.);
#1710=EDGE_CURVE('',#1521,#1520,#189,.T.);
#1711=EDGE_CURVE('',#1511,#1521,#190,.T.);
#1712=EDGE_CURVE('',#1522,#1522,#1906,.T.);
#1713=EDGE_CURVE('',#1523,#1524,#1907,.T.);
#1714=EDGE_CURVE('',#1523,#1525,#1908,.T.);
#1715=EDGE_CURVE('',#1525,#1526,#191,.T.);
#1716=EDGE_CURVE('',#1526,#1527,#1909,.T.);
#1717=EDGE_CURVE('',#1527,#1528,#1910,.T.);
#1718=EDGE_CURVE('',#1528,#1529,#1911,.T.);
#1719=EDGE_CURVE('',#1529,#1530,#192,.T.);
#1720=EDGE_CURVE('',#1530,#1531,#1912,.T.);
#1721=EDGE_CURVE('',#1531,#1532,#1913,.T.);
#1722=EDGE_CURVE('',#1532,#1524,#1914,.T.);
#1723=EDGE_CURVE('',#1533,#1534,#193,.T.);
#1724=EDGE_CURVE('',#1534,#1535,#1915,.T.);
#1725=EDGE_CURVE('',#1536,#1535,#1916,.T.);
#1726=EDGE_CURVE('',#1536,#1537,#1917,.T.);
#1727=EDGE_CURVE('',#1537,#1538,#1918,.T.);
#1728=EDGE_CURVE('',#1538,#1539,#1919,.T.);
#1729=EDGE_CURVE('',#1539,#1540,#194,.T.);
#1730=EDGE_CURVE('',#1540,#1541,#1920,.T.);
#1731=EDGE_CURVE('',#1541,#1542,#1921,.T.);
#1732=EDGE_CURVE('',#1542,#1533,#1922,.T.);
#1733=EDGE_CURVE('',#1543,#1544,#1923,.T.);
#1734=EDGE_CURVE('',#1545,#1543,#195,.T.);
#1735=EDGE_CURVE('',#1546,#1545,#1924,.T.);
#1736=EDGE_CURVE('',#1544,#1546,#196,.T.);
#1737=EDGE_CURVE('',#1547,#1545,#104,.T.);
#1738=EDGE_CURVE('',#1504,#1547,#1925,.T.);
#1739=EDGE_CURVE('',#1548,#1508,#1926,.T.);
#1740=EDGE_CURVE('',#1548,#1546,#105,.T.);
#1741=EDGE_CURVE('',#1549,#1549,#1927,.T.);
#1742=EDGE_CURVE('',#1505,#1509,#1928,.T.);
#1743=EDGE_CURVE('',#1550,#1551,#1929,.T.);
#1744=EDGE_CURVE('',#1551,#1550,#1930,.T.);
#1745=EDGE_CURVE('',#1552,#1550,#197,.T.);
#1746=EDGE_CURVE('',#1553,#1552,#1931,.T.);
#1747=EDGE_CURVE('',#1551,#1553,#198,.T.);
#1748=EDGE_CURVE('',#1552,#1553,#1932,.T.);
#1749=EDGE_CURVE('',#1553,#1554,#199,.T.);
#1750=EDGE_CURVE('',#1554,#1555,#1933,.T.);
#1751=EDGE_CURVE('',#1555,#1552,#200,.T.);
#1752=EDGE_CURVE('',#1555,#1554,#1934,.T.);
#1753=EDGE_CURVE('',#1556,#1547,#201,.T.);
#1754=EDGE_CURVE('',#1557,#1556,#1935,.T.);
#1755=EDGE_CURVE('',#1548,#1557,#202,.T.);
#1756=EDGE_CURVE('',#1558,#1559,#203,.T.);
#1757=EDGE_CURVE('',#1559,#1512,#204,.T.);
#1758=EDGE_CURVE('',#1558,#1510,#205,.T.);
#1759=EDGE_CURVE('',#1559,#1560,#206,.T.);
#1760=EDGE_CURVE('',#1560,#1513,#207,.T.);
#1761=EDGE_CURVE('',#1560,#1561,#208,.T.);
#1762=EDGE_CURVE('',#1561,#1514,#209,.T.);
#1763=EDGE_CURVE('',#1561,#1562,#210,.T.);
#1764=EDGE_CURVE('',#1562,#1515,#211,.T.);
#1765=EDGE_CURVE('',#1562,#1563,#212,.T.);
#1766=EDGE_CURVE('',#1563,#1516,#213,.T.);
#1767=EDGE_CURVE('',#1563,#1564,#214,.T.);
#1768=EDGE_CURVE('',#1564,#1517,#215,.T.);
#1769=EDGE_CURVE('',#1564,#1565,#216,.T.);
#1770=EDGE_CURVE('',#1565,#1518,#217,.T.);
#1771=EDGE_CURVE('',#1565,#1566,#218,.T.);
#1772=EDGE_CURVE('',#1566,#1519,#219,.T.);
#1773=EDGE_CURVE('',#1566,#1567,#220,.T.);
#1774=EDGE_CURVE('',#1567,#1520,#221,.T.);
#1775=EDGE_CURVE('',#1567,#1568,#222,.T.);
#1776=EDGE_CURVE('',#1568,#1521,#223,.T.);
#1777=EDGE_CURVE('',#1568,#1569,#224,.T.);
#1778=EDGE_CURVE('',#1569,#1511,#225,.T.);
#1779=EDGE_CURVE('',#1569,#1558,#226,.T.);
#1780=EDGE_CURVE('',#1570,#1570,#1936,.T.);
#1781=EDGE_CURVE('',#1571,#1526,#227,.T.);
#1782=EDGE_CURVE('',#1572,#1571,#1937,.T.);
#1783=EDGE_CURVE('',#1527,#1572,#228,.T.);
#1784=EDGE_CURVE('',#1572,#1573,#1938,.T.);
#1785=EDGE_CURVE('',#1573,#1528,#229,.T.);
#1786=EDGE_CURVE('',#1574,#1573,#1939,.T.);
#1787=EDGE_CURVE('',#1529,#1574,#230,.T.);
#1788=EDGE_CURVE('',#1574,#1575,#231,.T.);
#1789=EDGE_CURVE('',#1575,#1530,#232,.T.);
#1790=EDGE_CURVE('',#1576,#1575,#1940,.T.);
#1791=EDGE_CURVE('',#1531,#1576,#233,.T.);
#1792=EDGE_CURVE('',#1576,#1577,#1941,.T.);
#1793=EDGE_CURVE('',#1577,#1532,#234,.T.);
#1794=EDGE_CURVE('',#1578,#1577,#1942,.T.);
#1795=EDGE_CURVE('',#1524,#1578,#235,.T.);
#1796=EDGE_CURVE('',#1579,#1578,#1943,.T.);
#1797=EDGE_CURVE('',#1579,#1523,#236,.T.);
#1798=EDGE_CURVE('',#1580,#1579,#1944,.T.);
#1799=EDGE_CURVE('',#1525,#1580,#237,.T.);
#1800=EDGE_CURVE('',#1580,#1571,#238,.T.);
#1801=EDGE_CURVE('',#1581,#1538,#239,.T.);
#1802=EDGE_CURVE('',#1582,#1581,#1945,.T.);
#1803=EDGE_CURVE('',#1539,#1582,#240,.T.);
#1804=EDGE_CURVE('',#1582,#1583,#241,.T.);
#1805=EDGE_CURVE('',#1583,#1540,#242,.T.);
#1806=EDGE_CURVE('',#1584,#1583,#1946,.T.);
#1807=EDGE_CURVE('',#1541,#1584,#243,.T.);
#1808=EDGE_CURVE('',#1584,#1585,#1947,.T.);
#1809=EDGE_CURVE('',#1585,#1542,#244,.T.);
#1810=EDGE_CURVE('',#1586,#1585,#1948,.T.);
#1811=EDGE_CURVE('',#1533,#1586,#245,.T.);
#1812=EDGE_CURVE('',#1586,#1587,#246,.T.);
#1813=EDGE_CURVE('',#1587,#1534,#247,.T.);
#1814=EDGE_CURVE('',#1588,#1587,#1949,.T.);
#1815=EDGE_CURVE('',#1535,#1588,#248,.T.);
#1816=EDGE_CURVE('',#1589,#1588,#1950,.T.);
#1817=EDGE_CURVE('',#1589,#1536,#249,.T.);
#1818=EDGE_CURVE('',#1590,#1589,#1951,.T.);
#1819=EDGE_CURVE('',#1537,#1590,#250,.T.);
#1820=EDGE_CURVE('',#1590,#1581,#1952,.T.);
#1821=EDGE_CURVE('',#1544,#1591,#251,.T.);
#1822=EDGE_CURVE('',#1557,#1592,#252,.T.);
#1823=EDGE_CURVE('',#1591,#1592,#253,.T.);
#1824=EDGE_CURVE('',#1593,#1591,#1953,.T.);
#1825=EDGE_CURVE('',#1543,#1593,#254,.T.);
#1826=EDGE_CURVE('',#1556,#1594,#255,.T.);
#1827=EDGE_CURVE('',#1594,#1593,#256,.T.);
#1828=EDGE_CURVE('',#1592,#1594,#1954,.T.);
#1829=EDGE_CURVE('',#1595,#1595,#1955,.T.);
#1830=EDGE_CURVE('',#1596,#1596,#1956,.T.);
#1831=EDGE_CURVE('',#1597,#1597,#1957,.T.);
#1832=EDGE_CURVE('',#1598,#1598,#1958,.T.);
#1833=EDGE_CURVE('',#1599,#1600,#1959,.T.);
#1834=EDGE_CURVE('',#1600,#1599,#1960,.T.);
#1835=EDGE_CURVE('',#1601,#1601,#1961,.T.);
#1836=EDGE_CURVE('',#1602,#1602,#1962,.T.);
#1837=EDGE_CURVE('',#1603,#1604,#1963,.T.);
#1838=EDGE_CURVE('',#1604,#1603,#1964,.T.);
#1839=EDGE_CURVE('',#1604,#1599,#257,.T.);
#1840=EDGE_CURVE('',#1603,#1600,#258,.T.);
#1841=EDGE_CURVE('',#1605,#1606,#1965,.T.);
#1842=EDGE_CURVE('',#1606,#1605,#1966,.T.);
#1843=EDGE_CURVE('',#1607,#1606,#259,.T.);
#1844=EDGE_CURVE('',#1607,#1608,#1967,.T.);
#1845=EDGE_CURVE('',#1608,#1605,#260,.T.);
#1846=EDGE_CURVE('',#1608,#1607,#1968,.T.);
#1847=EDGE_CURVE('',#1609,#1609,#1969,.T.);
#1848=EDGE_CURVE('',#1610,#1610,#1970,.T.);
#1849=EDGE_CURVE('',#1611,#1611,#1971,.T.);
#1850=EDGE_CURVE('',#1612,#1612,#1972,.T.);
#1851=EDGE_CURVE('',#1613,#1613,#1973,.T.);
#1852=EDGE_CURVE('',#1614,#1614,#1974,.T.);
#1853=EDGE_CURVE('',#1615,#1615,#1975,.T.);
#1854=EDGE_CURVE('',#1616,#1616,#1976,.T.);
#1855=EDGE_CURVE('',#1617,#1617,#1977,.T.);
#1856=EDGE_CURVE('',#1618,#1618,#1978,.T.);
#1857=EDGE_CURVE('',#1619,#1619,#1979,.T.);
#1858=EDGE_CURVE('',#1620,#1620,#1980,.T.);
#1859=EDGE_CURVE('',#1621,#1621,#1981,.T.);
#1860=EDGE_CURVE('',#1622,#1622,#1982,.T.);
#1861=EDGE_CURVE('',#1623,#1623,#1983,.T.);
#1862=EDGE_CURVE('',#1624,#1624,#1984,.T.);
#1863=EDGE_CURVE('',#1625,#1625,#1985,.T.);
#1864=EDGE_CURVE('',#1626,#1626,#1986,.T.);
#1865=EDGE_CURVE('',#1627,#1627,#1987,.T.);
#1866=EDGE_CURVE('',#1628,#1628,#1988,.T.);
#1867=EDGE_CURVE('',#1629,#1629,#1989,.T.);
#1868=EDGE_CURVE('',#1630,#1630,#1990,.T.);
#1869=EDGE_CURVE('',#1631,#1631,#1991,.T.);
#1870=EDGE_CURVE('',#1632,#1632,#1992,.T.);
#1871=EDGE_CURVE('',#1633,#1633,#1993,.T.);
#1872=EDGE_CURVE('',#1634,#1634,#1994,.T.);
#1873=EDGE_CURVE('',#1635,#1635,#1995,.T.);
#1874=EDGE_CURVE('',#1636,#1636,#1996,.T.);
#1875=EDGE_CURVE('',#1637,#1637,#1997,.T.);
#1876=EDGE_CURVE('',#1638,#1638,#1998,.T.);
#1877=EDGE_CURVE('',#1639,#1639,#1999,.T.);
#1878=CIRCLE('',#2001,17.1532562594671);
#1879=CIRCLE('',#2002,19.015);
#1880=CIRCLE('',#2004,8.88597912444096);
#1881=CIRCLE('',#2006,9.07392151399016);
#1882=CIRCLE('',#2008,13.9);
#1883=CIRCLE('',#2010,13.87502856246);
#1884=CIRCLE('',#2012,14.982032305498);
#1885=CIRCLE('',#2014,16.);
#1886=CIRCLE('',#2018,19.02);
#1887=CIRCLE('',#2019,19.039200571421);
#1888=CIRCLE('',#2021,18.8252365194785);
#1889=CIRCLE('',#2023,18.82);
#1890=CIRCLE('',#2025,19.015);
#1891=CIRCLE('',#2028,19.9947628156862);
#1892=CIRCLE('',#2031,19.9607211176462);
#1893=CIRCLE('',#2034,19.9816698549016);
#1894=CIRCLE('',#2036,12.4);
#1895=CIRCLE('',#2037,12.4);
#1896=CIRCLE('',#2038,18.87);
#1897=CIRCLE('',#2039,12.4);
#1898=CIRCLE('',#2041,19.9345351960771);
#1899=CIRCLE('',#2044,12.4);
#1900=CIRCLE('',#2046,12.4);
#1901=CIRCLE('',#2048,12.4);
#1902=CIRCLE('',#2051,18.87);
#1903=CIRCLE('',#2054,19.030473038957);
#1904=CIRCLE('',#2057,12.169200571421);
#1905=CIRCLE('',#2058,19.0130179740287);
#1906=CIRCLE('',#2062,0.5);
#1907=CIRCLE('',#2064,1.5);
#1908=CIRCLE('',#2065,0.3);
#1909=CIRCLE('',#2066,0.3);
#1910=CIRCLE('',#2067,16.5);
#1911=CIRCLE('',#2068,0.3);
#1912=CIRCLE('',#2069,0.3);
#1913=CIRCLE('',#2070,13.5);
#1914=CIRCLE('',#2071,0.3);
#1915=CIRCLE('',#2073,0.3);
#1916=CIRCLE('',#2074,1.5);
#1917=CIRCLE('',#2075,0.3);
#1918=CIRCLE('',#2076,16.5);
#1919=CIRCLE('',#2077,0.3);
#1920=CIRCLE('',#2078,0.3);
#1921=CIRCLE('',#2079,13.5);
#1922=CIRCLE('',#2080,0.3);
#1923=CIRCLE('',#2082,17.530799428579);
#1924=CIRCLE('',#2083,19.0077814545502);
#1925=CIRCLE('',#2085,19.005163194811);
#1926=CIRCLE('',#2086,19.005163194811);
#1927=CIRCLE('',#2088,12.116767035985);
#1928=CIRCLE('',#2089,12.1613457922033);
#1929=CIRCLE('',#2091,11.8493606359172);
#1930=CIRCLE('',#2092,11.8493606359172);
#1931=CIRCLE('',#2094,11.0320300733548);
#1932=CIRCLE('',#2096,11.0320300733548);
#1933=CIRCLE('',#2098,11.0113381758012);
#1934=CIRCLE('',#2100,11.0113381758012);
#1935=CIRCLE('',#2102,12.6674550649282);
#1936=CIRCLE('',#2116,0.5);
#1937=CIRCLE('',#2118,0.3);
#1938=CIRCLE('',#2120,16.5);
#1939=CIRCLE('',#2122,0.3);
#1940=CIRCLE('',#2125,0.3);
#1941=CIRCLE('',#2127,13.5);
#1942=CIRCLE('',#2129,0.3);
#1943=CIRCLE('',#2131,1.5);
#1944=CIRCLE('',#2133,0.3);
#1945=CIRCLE('',#2136,0.3);
#1946=CIRCLE('',#2139,0.3);
#1947=CIRCLE('',#2141,13.5);
#1948=CIRCLE('',#2143,0.3);
#1949=CIRCLE('',#2146,0.3);
#1950=CIRCLE('',#2148,1.5);
#1951=CIRCLE('',#2150,0.3);
#1952=CIRCLE('',#2152,16.5);
#1953=CIRCLE('',#2155,17.530799428579);
#1954=CIRCLE('',#2158,12.6674550649282);
#1955=CIRCLE('',#2160,0.5);
#1956=CIRCLE('',#2161,0.5);
#1957=CIRCLE('',#2163,0.5);
#1958=CIRCLE('',#2165,0.5);
#1959=CIRCLE('',#2169,11.);
#1960=CIRCLE('',#2170,11.);
#1961=CIRCLE('',#2172,2.7);
#1962=CIRCLE('',#2173,10.8);
#1963=CIRCLE('',#2175,11.);
#1964=CIRCLE('',#2176,11.);
#1965=CIRCLE('',#2180,2.6);
#1966=CIRCLE('',#2181,2.6);
#1967=CIRCLE('',#2183,2.6);
#1968=CIRCLE('',#2185,2.6);
#1969=CIRCLE('',#2187,2.7);
#1970=CIRCLE('',#2189,2.99999999999727);
#1971=CIRCLE('',#2191,2.99999999999727);
#1972=CIRCLE('',#2194,2.);
#1973=CIRCLE('',#2196,2.);
#1974=CIRCLE('',#2199,2.);
#1975=CIRCLE('',#2201,2.);
#1976=CIRCLE('',#2204,2.);
#1977=CIRCLE('',#2206,2.);
#1978=CIRCLE('',#2209,2.);
#1979=CIRCLE('',#2211,2.);
#1980=CIRCLE('',#2214,2.);
#1981=CIRCLE('',#2216,2.);
#1982=CIRCLE('',#2219,2.);
#1983=CIRCLE('',#2221,2.);
#1984=CIRCLE('',#2224,2.);
#1985=CIRCLE('',#2226,2.);
#1986=CIRCLE('',#2229,2.);
#1987=CIRCLE('',#2231,2.);
#1988=CIRCLE('',#2234,2.);
#1989=CIRCLE('',#2236,2.);
#1990=CIRCLE('',#2239,2.);
#1991=CIRCLE('',#2241,2.);
#1992=CIRCLE('',#2244,2.);
#1993=CIRCLE('',#2246,2.);
#1994=CIRCLE('',#2249,2.);
#1995=CIRCLE('',#2251,2.);
#1996=CIRCLE('',#2254,2.);
#1997=CIRCLE('',#2256,2.);
#1998=CIRCLE('',#2259,2.);
#1999=CIRCLE('',#2260,2.);
#2000=AXIS2_PLACEMENT_3D('',#2902,#2264,#2265);
#2001=AXIS2_PLACEMENT_3D('',#2903,#2266,#2267);
#2002=AXIS2_PLACEMENT_3D('',#2905,#2268,#2269);
#2003=AXIS2_PLACEMENT_3D('',#2907,#2270,#2271);
#2004=AXIS2_PLACEMENT_3D('',#2908,#2272,#2273);
#2005=AXIS2_PLACEMENT_3D('',#2910,#2274,#2275);
#2006=AXIS2_PLACEMENT_3D('',#2911,#2276,#2277);
#2007=AXIS2_PLACEMENT_3D('',#2913,#2278,#2279);
#2008=AXIS2_PLACEMENT_3D('',#2914,#2280,#2281);
#2009=AXIS2_PLACEMENT_3D('',#2916,#2282,#2283);
#2010=AXIS2_PLACEMENT_3D('',#2917,#2284,#2285);
#2011=AXIS2_PLACEMENT_3D('',#2919,#2286,#2287);
#2012=AXIS2_PLACEMENT_3D('',#2920,#2288,#2289);
#2013=AXIS2_PLACEMENT_3D('',#2922,#2290,#2291);
#2014=AXIS2_PLACEMENT_3D('',#2923,#2292,#2293);
#2015=AXIS2_PLACEMENT_3D('',#2925,#2294,#2295);
#2016=AXIS2_PLACEMENT_3D('',#2926,#2296,#2297);
#2017=AXIS2_PLACEMENT_3D('',#2935,#2302,#2303);
#2018=AXIS2_PLACEMENT_3D('',#2936,#2304,#2305);
#2019=AXIS2_PLACEMENT_3D('',#2938,#2306,#2307);
#2020=AXIS2_PLACEMENT_3D('',#2940,#2308,#2309);
#2021=AXIS2_PLACEMENT_3D('',#2941,#2310,#2311);
#2022=AXIS2_PLACEMENT_3D('',#2943,#2312,#2313);
#2023=AXIS2_PLACEMENT_3D('',#2944,#2314,#2315);
#2024=AXIS2_PLACEMENT_3D('',#2946,#2316,#2317);
#2025=AXIS2_PLACEMENT_3D('',#2947,#2318,#2319);
#2026=AXIS2_PLACEMENT_3D('',#2949,#2320,#2321);
#2027=AXIS2_PLACEMENT_3D('',#2950,#2322,#2323);
#2028=AXIS2_PLACEMENT_3D('',#2951,#2324,#2325);
#2029=AXIS2_PLACEMENT_3D('',#2956,#2328,#2329);
#2030=AXIS2_PLACEMENT_3D('',#2966,#2331,#2332);
#2031=AXIS2_PLACEMENT_3D('',#2967,#2333,#2334);
#2032=AXIS2_PLACEMENT_3D('',#2970,#2336,#2337);
#2033=AXIS2_PLACEMENT_3D('',#2978,#2338,#2339);
#2034=AXIS2_PLACEMENT_3D('',#2979,#2340,#2341);
#2035=AXIS2_PLACEMENT_3D('',#2983,#2343,#2344);
#2036=AXIS2_PLACEMENT_3D('',#2984,#2345,#2346);
#2037=AXIS2_PLACEMENT_3D('',#2987,#2347,#2348);
#2038=AXIS2_PLACEMENT_3D('',#2991,#2350,#2351);
#2039=AXIS2_PLACEMENT_3D('',#2995,#2353,#2354);
#2040=AXIS2_PLACEMENT_3D('',#2996,#2355,#2356);
#2041=AXIS2_PLACEMENT_3D('',#3010,#2357,#2358);
#2042=AXIS2_PLACEMENT_3D('',#3011,#2359,#2360);
#2043=AXIS2_PLACEMENT_3D('',#3013,#2362,#2363);
#2044=AXIS2_PLACEMENT_3D('',#3018,#2366,#2367);
#2045=AXIS2_PLACEMENT_3D('',#3019,#2368,#2369);
#2046=AXIS2_PLACEMENT_3D('',#3022,#2371,#2372);
#2047=AXIS2_PLACEMENT_3D('',#3023,#2373,#2374);
#2048=AXIS2_PLACEMENT_3D('',#3026,#2376,#2377);
#2049=AXIS2_PLACEMENT_3D('',#3027,#2378,#2379);
#2050=AXIS2_PLACEMENT_3D('',#3031,#2382,#2383);
#2051=AXIS2_PLACEMENT_3D('',#3034,#2385,#2386);
#2052=AXIS2_PLACEMENT_3D('',#3035,#2387,#2388);
#2053=AXIS2_PLACEMENT_3D('',#3037,#2390,#2391);
#2054=AXIS2_PLACEMENT_3D('',#3038,#2392,#2393);
#2055=AXIS2_PLACEMENT_3D('',#3040,#2394,#2395);
#2056=AXIS2_PLACEMENT_3D('',#3049,#2400,#2401);
#2057=AXIS2_PLACEMENT_3D('',#3050,#2402,#2403);
#2058=AXIS2_PLACEMENT_3D('',#3054,#2405,#2406);
#2059=AXIS2_PLACEMENT_3D('',#3055,#2407,#2408);
#2060=AXIS2_PLACEMENT_3D('',#3061,#2412,#2413);
#2061=AXIS2_PLACEMENT_3D('',#3086,#2426,#2427);
#2062=AXIS2_PLACEMENT_3D('',#3087,#2428,#2429);
#2063=AXIS2_PLACEMENT_3D('',#3089,#2430,#2431);
#2064=AXIS2_PLACEMENT_3D('',#3090,#2432,#2433);
#2065=AXIS2_PLACEMENT_3D('',#3093,#2434,#2435);
#2066=AXIS2_PLACEMENT_3D('',#3097,#2437,#2438);
#2067=AXIS2_PLACEMENT_3D('',#3099,#2439,#2440);
#2068=AXIS2_PLACEMENT_3D('',#3101,#2441,#2442);
#2069=AXIS2_PLACEMENT_3D('',#3105,#2444,#2445);
#2070=AXIS2_PLACEMENT_3D('',#3107,#2446,#2447);
#2071=AXIS2_PLACEMENT_3D('',#3109,#2448,#2449);
#2072=AXIS2_PLACEMENT_3D('',#3110,#2450,#2451);
#2073=AXIS2_PLACEMENT_3D('',#3114,#2453,#2454);
#2074=AXIS2_PLACEMENT_3D('',#3116,#2455,#2456);
#2075=AXIS2_PLACEMENT_3D('',#3118,#2457,#2458);
#2076=AXIS2_PLACEMENT_3D('',#3120,#2459,#2460);
#2077=AXIS2_PLACEMENT_3D('',#3122,#2461,#2462);
#2078=AXIS2_PLACEMENT_3D('',#3126,#2464,#2465);
#2079=AXIS2_PLACEMENT_3D('',#3128,#2466,#2467);
#2080=AXIS2_PLACEMENT_3D('',#3130,#2468,#2469);
#2081=AXIS2_PLACEMENT_3D('',#3131,#2470,#2471);
#2082=AXIS2_PLACEMENT_3D('',#3132,#2472,#2473);
#2083=AXIS2_PLACEMENT_3D('',#3137,#2475,#2476);
#2084=AXIS2_PLACEMENT_3D('',#3140,#2478,#2479);
#2085=AXIS2_PLACEMENT_3D('',#3146,#2480,#2481);
#2086=AXIS2_PLACEMENT_3D('',#3147,#2482,#2483);
#2087=AXIS2_PLACEMENT_3D('',#3153,#2484,#2485);
#2088=AXIS2_PLACEMENT_3D('',#3154,#2486,#2487);
#2089=AXIS2_PLACEMENT_3D('',#3156,#2488,#2489);
#2090=AXIS2_PLACEMENT_3D('',#3157,#2490,#2491);
#2091=AXIS2_PLACEMENT_3D('',#3158,#2492,#2493);
#2092=AXIS2_PLACEMENT_3D('',#3161,#2494,#2495);
#2093=AXIS2_PLACEMENT_3D('',#3162,#2496,#2497);
#2094=AXIS2_PLACEMENT_3D('',#3165,#2499,#2500);
#2095=AXIS2_PLACEMENT_3D('',#3168,#2502,#2503);
#2096=AXIS2_PLACEMENT_3D('',#3169,#2504,#2505);
#2097=AXIS2_PLACEMENT_3D('',#3170,#2506,#2507);
#2098=AXIS2_PLACEMENT_3D('',#3173,#2509,#2510);
#2099=AXIS2_PLACEMENT_3D('',#3176,#2512,#2513);
#2100=AXIS2_PLACEMENT_3D('',#3177,#2514,#2515);
#2101=AXIS2_PLACEMENT_3D('',#3178,#2516,#2517);
#2102=AXIS2_PLACEMENT_3D('',#3181,#2519,#2520);
#2103=AXIS2_PLACEMENT_3D('',#3184,#2522,#2523);
#2104=AXIS2_PLACEMENT_3D('',#3190,#2527,#2528);
#2105=AXIS2_PLACEMENT_3D('',#3194,#2531,#2532);
#2106=AXIS2_PLACEMENT_3D('',#3198,#2535,#2536);
#2107=AXIS2_PLACEMENT_3D('',#3202,#2539,#2540);
#2108=AXIS2_PLACEMENT_3D('',#3206,#2543,#2544);
#2109=AXIS2_PLACEMENT_3D('',#3210,#2547,#2548);
#2110=AXIS2_PLACEMENT_3D('',#3214,#2551,#2552);
#2111=AXIS2_PLACEMENT_3D('',#3218,#2555,#2556);
#2112=AXIS2_PLACEMENT_3D('',#3222,#2559,#2560);
#2113=AXIS2_PLACEMENT_3D('',#3226,#2563,#2564);
#2114=AXIS2_PLACEMENT_3D('',#3230,#2567,#2568);
#2115=AXIS2_PLACEMENT_3D('',#3232,#2570,#2571);
#2116=AXIS2_PLACEMENT_3D('',#3233,#2572,#2573);
#2117=AXIS2_PLACEMENT_3D('',#3235,#2574,#2575);
#2118=AXIS2_PLACEMENT_3D('',#3238,#2577,#2578);
#2119=AXIS2_PLACEMENT_3D('',#3241,#2580,#2581);
#2120=AXIS2_PLACEMENT_3D('',#3242,#2582,#2583);
#2121=AXIS2_PLACEMENT_3D('',#3245,#2585,#2586);
#2122=AXIS2_PLACEMENT_3D('',#3246,#2587,#2588);
#2123=AXIS2_PLACEMENT_3D('',#3249,#2590,#2591);
#2124=AXIS2_PLACEMENT_3D('',#3253,#2594,#2595);
#2125=AXIS2_PLACEMENT_3D('',#3254,#2596,#2597);
#2126=AXIS2_PLACEMENT_3D('',#3257,#2599,#2600);
#2127=AXIS2_PLACEMENT_3D('',#3258,#2601,#2602);
#2128=AXIS2_PLACEMENT_3D('',#3261,#2604,#2605);
#2129=AXIS2_PLACEMENT_3D('',#3262,#2606,#2607);
#2130=AXIS2_PLACEMENT_3D('',#3265,#2609,#2610);
#2131=AXIS2_PLACEMENT_3D('',#3266,#2611,#2612);
#2132=AXIS2_PLACEMENT_3D('',#3269,#2614,#2615);
#2133=AXIS2_PLACEMENT_3D('',#3270,#2616,#2617);
#2134=AXIS2_PLACEMENT_3D('',#3273,#2619,#2620);
#2135=AXIS2_PLACEMENT_3D('',#3275,#2622,#2623);
#2136=AXIS2_PLACEMENT_3D('',#3278,#2625,#2626);
#2137=AXIS2_PLACEMENT_3D('',#3281,#2628,#2629);
#2138=AXIS2_PLACEMENT_3D('',#3285,#2632,#2633);
#2139=AXIS2_PLACEMENT_3D('',#3286,#2634,#2635);
#2140=AXIS2_PLACEMENT_3D('',#3289,#2637,#2638);
#2141=AXIS2_PLACEMENT_3D('',#3290,#2639,#2640);
#2142=AXIS2_PLACEMENT_3D('',#3293,#2642,#2643);
#2143=AXIS2_PLACEMENT_3D('',#3294,#2644,#2645);
#2144=AXIS2_PLACEMENT_3D('',#3297,#2647,#2648);
#2145=AXIS2_PLACEMENT_3D('',#3301,#2651,#2652);
#2146=AXIS2_PLACEMENT_3D('',#3302,#2653,#2654);
#2147=AXIS2_PLACEMENT_3D('',#3305,#2656,#2657);
#2148=AXIS2_PLACEMENT_3D('',#3306,#2658,#2659);
#2149=AXIS2_PLACEMENT_3D('',#3309,#2661,#2662);
#2150=AXIS2_PLACEMENT_3D('',#3310,#2663,#2664);
#2151=AXIS2_PLACEMENT_3D('',#3313,#2666,#2667);
#2152=AXIS2_PLACEMENT_3D('',#3314,#2668,#2669);
#2153=AXIS2_PLACEMENT_3D('',#3315,#2670,#2671);
#2154=AXIS2_PLACEMENT_3D('',#3321,#2675,#2676);
#2155=AXIS2_PLACEMENT_3D('',#3322,#2677,#2678);
#2156=AXIS2_PLACEMENT_3D('',#3325,#2680,#2681);
#2157=AXIS2_PLACEMENT_3D('',#3329,#2684,#2685);
#2158=AXIS2_PLACEMENT_3D('',#3330,#2686,#2687);
#2159=AXIS2_PLACEMENT_3D('',#3331,#2688,#2689);
#2160=AXIS2_PLACEMENT_3D('',#3332,#2690,#2691);
#2161=AXIS2_PLACEMENT_3D('',#3334,#2692,#2693);
#2162=AXIS2_PLACEMENT_3D('',#3336,#2694,#2695);
#2163=AXIS2_PLACEMENT_3D('',#3337,#2696,#2697);
#2164=AXIS2_PLACEMENT_3D('',#3339,#2698,#2699);
#2165=AXIS2_PLACEMENT_3D('',#3340,#2700,#2701);
#2166=AXIS2_PLACEMENT_3D('',#3342,#2702,#2703);
#2167=AXIS2_PLACEMENT_3D('',#3343,#2704,#2705);
#2168=AXIS2_PLACEMENT_3D('',#3344,#2706,#2707);
#2169=AXIS2_PLACEMENT_3D('',#3345,#2708,#2709);
#2170=AXIS2_PLACEMENT_3D('',#3348,#2710,#2711);
#2171=AXIS2_PLACEMENT_3D('',#3349,#2712,#2713);
#2172=AXIS2_PLACEMENT_3D('',#3350,#2714,#2715);
#2173=AXIS2_PLACEMENT_3D('',#3352,#2716,#2717);
#2174=AXIS2_PLACEMENT_3D('',#3354,#2718,#2719);
#2175=AXIS2_PLACEMENT_3D('',#3355,#2720,#2721);
#2176=AXIS2_PLACEMENT_3D('',#3358,#2722,#2723);
#2177=AXIS2_PLACEMENT_3D('',#3359,#2724,#2725);
#2178=AXIS2_PLACEMENT_3D('',#3362,#2728,#2729);
#2179=AXIS2_PLACEMENT_3D('',#3363,#2730,#2731);
#2180=AXIS2_PLACEMENT_3D('',#3364,#2732,#2733);
#2181=AXIS2_PLACEMENT_3D('',#3367,#2734,#2735);
#2182=AXIS2_PLACEMENT_3D('',#3368,#2736,#2737);
#2183=AXIS2_PLACEMENT_3D('',#3371,#2739,#2740);
#2184=AXIS2_PLACEMENT_3D('',#3374,#2742,#2743);
#2185=AXIS2_PLACEMENT_3D('',#3375,#2744,#2745);
#2186=AXIS2_PLACEMENT_3D('',#3376,#2746,#2747);
#2187=AXIS2_PLACEMENT_3D('',#3377,#2748,#2749);
#2188=AXIS2_PLACEMENT_3D('',#3379,#2750,#2751);
#2189=AXIS2_PLACEMENT_3D('',#3380,#2752,#2753);
#2190=AXIS2_PLACEMENT_3D('',#3382,#2754,#2755);
#2191=AXIS2_PLACEMENT_3D('',#3383,#2756,#2757);
#2192=AXIS2_PLACEMENT_3D('',#3385,#2758,#2759);
#2193=AXIS2_PLACEMENT_3D('',#3386,#2760,#2761);
#2194=AXIS2_PLACEMENT_3D('',#3387,#2762,#2763);
#2195=AXIS2_PLACEMENT_3D('',#3389,#2764,#2765);
#2196=AXIS2_PLACEMENT_3D('',#3390,#2766,#2767);
#2197=AXIS2_PLACEMENT_3D('',#3392,#2768,#2769);
#2198=AXIS2_PLACEMENT_3D('',#3393,#2770,#2771);
#2199=AXIS2_PLACEMENT_3D('',#3394,#2772,#2773);
#2200=AXIS2_PLACEMENT_3D('',#3396,#2774,#2775);
#2201=AXIS2_PLACEMENT_3D('',#3397,#2776,#2777);
#2202=AXIS2_PLACEMENT_3D('',#3399,#2778,#2779);
#2203=AXIS2_PLACEMENT_3D('',#3400,#2780,#2781);
#2204=AXIS2_PLACEMENT_3D('',#3401,#2782,#2783);
#2205=AXIS2_PLACEMENT_3D('',#3403,#2784,#2785);
#2206=AXIS2_PLACEMENT_3D('',#3404,#2786,#2787);
#2207=AXIS2_PLACEMENT_3D('',#3406,#2788,#2789);
#2208=AXIS2_PLACEMENT_3D('',#3407,#2790,#2791);
#2209=AXIS2_PLACEMENT_3D('',#3408,#2792,#2793);
#2210=AXIS2_PLACEMENT_3D('',#3410,#2794,#2795);
#2211=AXIS2_PLACEMENT_3D('',#3411,#2796,#2797);
#2212=AXIS2_PLACEMENT_3D('',#3413,#2798,#2799);
#2213=AXIS2_PLACEMENT_3D('',#3414,#2800,#2801);
#2214=AXIS2_PLACEMENT_3D('',#3415,#2802,#2803);
#2215=AXIS2_PLACEMENT_3D('',#3417,#2804,#2805);
#2216=AXIS2_PLACEMENT_3D('',#3418,#2806,#2807);
#2217=AXIS2_PLACEMENT_3D('',#3420,#2808,#2809);
#2218=AXIS2_PLACEMENT_3D('',#3421,#2810,#2811);
#2219=AXIS2_PLACEMENT_3D('',#3422,#2812,#2813);
#2220=AXIS2_PLACEMENT_3D('',#3424,#2814,#2815);
#2221=AXIS2_PLACEMENT_3D('',#3425,#2816,#2817);
#2222=AXIS2_PLACEMENT_3D('',#3427,#2818,#2819);
#2223=AXIS2_PLACEMENT_3D('',#3428,#2820,#2821);
#2224=AXIS2_PLACEMENT_3D('',#3429,#2822,#2823);
#2225=AXIS2_PLACEMENT_3D('',#3431,#2824,#2825);
#2226=AXIS2_PLACEMENT_3D('',#3432,#2826,#2827);
#2227=AXIS2_PLACEMENT_3D('',#3434,#2828,#2829);
#2228=AXIS2_PLACEMENT_3D('',#3435,#2830,#2831);
#2229=AXIS2_PLACEMENT_3D('',#3436,#2832,#2833);
#2230=AXIS2_PLACEMENT_3D('',#3438,#2834,#2835);
#2231=AXIS2_PLACEMENT_3D('',#3439,#2836,#2837);
#2232=AXIS2_PLACEMENT_3D('',#3441,#2838,#2839);
#2233=AXIS2_PLACEMENT_3D('',#3442,#2840,#2841);
#2234=AXIS2_PLACEMENT_3D('',#3443,#2842,#2843);
#2235=AXIS2_PLACEMENT_3D('',#3445,#2844,#2845);
#2236=AXIS2_PLACEMENT_3D('',#3446,#2846,#2847);
#2237=AXIS2_PLACEMENT_3D('',#3448,#2848,#2849);
#2238=AXIS2_PLACEMENT_3D('',#3449,#2850,#2851);
#2239=AXIS2_PLACEMENT_3D('',#3450,#2852,#2853);
#2240=AXIS2_PLACEMENT_3D('',#3452,#2854,#2855);
#2241=AXIS2_PLACEMENT_3D('',#3453,#2856,#2857);
#2242=AXIS2_PLACEMENT_3D('',#3455,#2858,#2859);
#2243=AXIS2_PLACEMENT_3D('',#3456,#2860,#2861);
#2244=AXIS2_PLACEMENT_3D('',#3457,#2862,#2863);
#2245=AXIS2_PLACEMENT_3D('',#3459,#2864,#2865);
#2246=AXIS2_PLACEMENT_3D('',#3460,#2866,#2867);
#2247=AXIS2_PLACEMENT_3D('',#3462,#2868,#2869);
#2248=AXIS2_PLACEMENT_3D('',#3463,#2870,#2871);
#2249=AXIS2_PLACEMENT_3D('',#3464,#2872,#2873);
#2250=AXIS2_PLACEMENT_3D('',#3466,#2874,#2875);
#2251=AXIS2_PLACEMENT_3D('',#3467,#2876,#2877);
#2252=AXIS2_PLACEMENT_3D('',#3469,#2878,#2879);
#2253=AXIS2_PLACEMENT_3D('',#3470,#2880,#2881);
#2254=AXIS2_PLACEMENT_3D('',#3471,#2882,#2883);
#2255=AXIS2_PLACEMENT_3D('',#3473,#2884,#2885);
#2256=AXIS2_PLACEMENT_3D('',#3474,#2886,#2887);
#2257=AXIS2_PLACEMENT_3D('',#3476,#2888,#2889);
#2258=AXIS2_PLACEMENT_3D('',#3477,#2890,#2891);
#2259=AXIS2_PLACEMENT_3D('',#3478,#2892,#2893);
#2260=AXIS2_PLACEMENT_3D('',#3480,#2894,#2895);
#2261=AXIS2_PLACEMENT_3D('',#3482,#2896,#2897);
#2262=AXIS2_PLACEMENT_3D('',#3483,#2898,#2899);
#2263=AXIS2_PLACEMENT_3D('',#3484,#2900,#2901);
#2264=DIRECTION('',(0.,0.,1.));
#2265=DIRECTION('',(1.,0.,0.));
#2266=DIRECTION('',(0.,-1.,0.));
#2267=DIRECTION('',(0.,0.,1.));
#2268=DIRECTION('',(0.,1.,0.));
#2269=DIRECTION('',(0.,0.,1.));
#2270=DIRECTION('',(0.,-1.,0.));
#2271=DIRECTION('',(0.,0.,1.));
#2272=DIRECTION('',(-5.55111512312578E-017,-1.,5.55111512312578E-017));
#2273=DIRECTION('',(0.,-4.88050740296428E-017,-1.));
#2274=DIRECTION('',(5.72118872611461E-018,-1.,5.55111512312578E-017));
#2275=DIRECTION('',(1.,0.,0.));
#2276=DIRECTION('',(-5.55111512312578E-017,-1.,5.55111512312578E-017));
#2277=DIRECTION('',(0.,4.77942054408949E-017,1.));
#2278=DIRECTION('',(5.55111512312578E-017,1.,-5.55111512312578E-017));
#2279=DIRECTION('',(0.,-5.55111512312578E-017,-1.));
#2280=DIRECTION('',(5.55111512312578E-017,1.,-5.55111512312578E-017));
#2281=DIRECTION('',(0.,6.24001250351369E-017,1.));
#2282=DIRECTION('',(5.55111512312578E-017,1.,-5.55111512312578E-017));
#2283=DIRECTION('',(0.,-4.89170516356409E-017,-1.));
#2284=DIRECTION('',(0.,-1.,0.));
#2285=DIRECTION('',(0.,0.,-1.));
#2286=DIRECTION('',(0.,-1.,0.));
#2287=DIRECTION('',(0.,6.3318582774445E-017,1.));
#2288=DIRECTION('',(0.,-1.,0.));
#2289=DIRECTION('',(0.,0.,-1.));
#2290=DIRECTION('',(0.,1.,0.));
#2291=DIRECTION('',(0.,2.97764027364679E-018,-1.));
#2292=DIRECTION('',(0.,-1.,0.));
#2293=DIRECTION('',(0.,0.,1.));
#2294=DIRECTION('',(0.,-1.,0.));
#2295=DIRECTION('',(0.,0.,1.));
#2296=DIRECTION('',(0.,-1.,0.));
#2297=DIRECTION('',(0.,0.,1.));
#2298=DIRECTION('',(-1.,0.,2.31296463463574E-015));
#2299=DIRECTION('',(0.,1.,0.));
#2300=DIRECTION('',(-1.,0.,2.31296463463574E-015));
#2301=DIRECTION('',(0.,1.,0.));
#2302=DIRECTION('',(-2.31296463463574E-015,0.,-1.));
#2303=DIRECTION('',(-1.,0.,2.31412111695306E-015));
#2304=DIRECTION('',(0.,1.,0.));
#2305=DIRECTION('',(0.,0.,1.));
#2306=DIRECTION('',(0.,-1.,0.));
#2307=DIRECTION('',(0.,0.,-1.));
#2308=DIRECTION('',(0.,1.,0.));
#2309=DIRECTION('',(0.,4.75591607414742E-017,1.));
#2310=DIRECTION('',(0.,-1.,0.));
#2311=DIRECTION('',(0.,0.,1.));
#2312=DIRECTION('',(0.,1.,0.));
#2313=DIRECTION('',(0.,0.,1.));
#2314=DIRECTION('',(0.,1.,0.));
#2315=DIRECTION('',(0.,0.,-1.));
#2316=DIRECTION('',(0.,-1.,0.));
#2317=DIRECTION('',(0.,-8.6078474647452E-016,1.));
#2318=DIRECTION('',(0.,1.,0.));
#2319=DIRECTION('',(-1.22464679914744E-016,0.,1.));
#2320=DIRECTION('',(0.,1.,0.));
#2321=DIRECTION('',(0.,0.,-1.));
#2322=DIRECTION('',(0.,-1.,0.));
#2323=DIRECTION('',(0.,0.,1.));
#2324=DIRECTION('',(0.,1.,0.));
#2325=DIRECTION('',(0.,0.,-1.));
#2326=DIRECTION('',(7.22801448323666E-017,0.,-1.));
#2327=DIRECTION('',(7.22801448323667E-017,0.,1.));
#2328=DIRECTION('',(0.,-1.,0.));
#2329=DIRECTION('',(1.,0.,0.));
#2330=DIRECTION('',(7.22801448323666E-017,0.,-1.));
#2331=DIRECTION('',(1.,0.,7.22801448323666E-017));
#2332=DIRECTION('',(7.23162849047831E-017,0.,-1.));
#2333=DIRECTION('',(0.,-1.,0.));
#2334=DIRECTION('',(0.,0.,1.));
#2335=DIRECTION('',(7.22801448323667E-017,0.,1.));
#2336=DIRECTION('',(0.,1.,0.));
#2337=DIRECTION('',(0.,0.,1.));
#2338=DIRECTION('',(-1.,0.,7.22801448323667E-017));
#2339=DIRECTION('',(7.23162849047831E-017,0.,1.));
#2340=DIRECTION('',(0.,-1.,0.));
#2341=DIRECTION('',(0.,0.,1.));
#2342=DIRECTION('',(-0.707106781186545,0.,0.70710678118655));
#2343=DIRECTION('',(0.,1.,0.));
#2344=DIRECTION('',(0.,0.,1.));
#2345=DIRECTION('',(0.,1.,0.));
#2346=DIRECTION('',(0.,0.,-1.));
#2347=DIRECTION('',(0.,1.,0.));
#2348=DIRECTION('',(0.,0.,-1.));
#2349=DIRECTION('',(-0.250238486744093,0.,0.968184228208674));
#2350=DIRECTION('',(0.,-1.,0.));
#2351=DIRECTION('',(0.,0.,-1.));
#2352=DIRECTION('',(-0.250238486744093,0.,-0.968184228208674));
#2353=DIRECTION('',(0.,1.,0.));
#2354=DIRECTION('',(0.,0.,-1.));
#2355=DIRECTION('',(0.,-1.,0.));
#2356=DIRECTION('',(-1.,0.,0.));
#2357=DIRECTION('',(0.,-1.,0.));
#2358=DIRECTION('',(0.,0.,-1.));
#2359=DIRECTION('',(0.,1.,0.));
#2360=DIRECTION('',(0.,1.74652012761259E-015,1.));
#2361=DIRECTION('',(-0.707106781186545,0.,0.70710678118655));
#2362=DIRECTION('',(-0.706864473353023,-0.0261769483078732,-0.706864473353018));
#2363=DIRECTION('',(-0.707106781186545,0.,0.70710678118655));
#2364=DIRECTION('',(0.,-1.,0.));
#2365=DIRECTION('',(0.,-1.,0.));
#2366=DIRECTION('',(0.,1.,0.));
#2367=DIRECTION('',(0.,0.,-1.));
#2368=DIRECTION('',(0.,-1.,0.));
#2369=DIRECTION('',(-1.,0.,0.));
#2370=DIRECTION('',(0.,-1.,0.));
#2371=DIRECTION('',(0.,1.,0.));
#2372=DIRECTION('',(0.,0.,-1.));
#2373=DIRECTION('',(0.,-1.,0.));
#2374=DIRECTION('',(-1.,0.,0.));
#2375=DIRECTION('',(0.,-1.,0.));
#2376=DIRECTION('',(0.,1.,0.));
#2377=DIRECTION('',(0.,0.,-1.));
#2378=DIRECTION('',(0.,-1.,0.));
#2379=DIRECTION('',(-1.,0.,0.));
#2380=DIRECTION('',(2.6645352591E-014,-1.,0.));
#2381=DIRECTION('',(-0.250238486744093,0.,0.968184228208674));
#2382=DIRECTION('',(0.968184228208674,0.,0.250238486744093));
#2383=DIRECTION('',(-0.250238486744093,0.,0.968184228208674));
#2384=DIRECTION('',(0.,-1.,0.));
#2385=DIRECTION('',(0.,-1.,0.));
#2386=DIRECTION('',(0.,0.,-1.));
#2387=DIRECTION('',(0.,-1.,0.));
#2388=DIRECTION('',(-1.,0.,0.));
#2389=DIRECTION('',(-0.250238486744093,0.,-0.968184228208674));
#2390=DIRECTION('',(-0.968184228208674,0.,0.250238486744093));
#2391=DIRECTION('',(-0.250238486744093,0.,-0.968184228208674));
#2392=DIRECTION('',(0.,-1.,0.));
#2393=DIRECTION('',(0.,0.,-1.));
#2394=DIRECTION('',(0.,-1.,0.));
#2395=DIRECTION('',(0.,0.,-1.));
#2396=DIRECTION('',(0.250238486744093,0.,0.968184228208674));
#2397=DIRECTION('',(-0.00439654314576216,-0.999845645963211,-0.0170104278834074));
#2398=DIRECTION('',(0.250238486744093,0.,0.968184228208674));
#2399=DIRECTION('',(-0.00443987614630124,-0.99984258805408,-0.0171780852577946));
#2400=DIRECTION('',(0.968184228208674,0.,-0.250238486744093));
#2401=DIRECTION('',(-0.250238486744093,0.,-0.968184228208674));
#2402=DIRECTION('',(0.,-1.,0.));
#2403=DIRECTION('',(0.,0.,-1.));
#2404=DIRECTION('',(0.250238486744093,0.,-0.968184228208674));
#2405=DIRECTION('',(0.,-1.,0.));
#2406=DIRECTION('',(0.,0.,-1.));
#2407=DIRECTION('',(0.,-1.,0.));
#2408=DIRECTION('',(1.,0.,0.));
#2409=DIRECTION('',(0.250238486744093,0.,-0.968184228208674));
#2410=DIRECTION('',(-0.00439658940419475,0.999845642714856,0.017010606859439));
#2411=DIRECTION('',(0.0044398761463043,-0.99984258805408,-0.0171780852577946));
#2412=DIRECTION('',(-0.968184228208674,0.,-0.250238486744093));
#2413=DIRECTION('',(-0.250238486744093,0.,0.968184228208674));
#2414=DIRECTION('',(-4.33680868994201E-015,0.,1.));
#2415=DIRECTION('',(-1.,0.,5.78241158658937E-015));
#2416=DIRECTION('',(1.44560289664734E-015,0.,1.));
#2417=DIRECTION('',(-1.,0.,0.));
#2418=DIRECTION('',(0.,0.,-1.));
#2419=DIRECTION('',(-1.,0.,0.));
#2420=DIRECTION('',(0.,0.,-1.));
#2421=DIRECTION('',(1.,0.,-1.04083408558604E-013));
#2422=DIRECTION('',(-1.87928376564157E-014,0.,-1.));
#2423=DIRECTION('',(1.,0.,-8.67361737988388E-015));
#2424=DIRECTION('',(4.33680868994202E-015,0.,1.));
#2425=DIRECTION('',(1.,0.,-5.78241158658935E-015));
#2426=DIRECTION('',(0.,-1.,0.));
#2427=DIRECTION('',(0.,0.,-1.));
#2428=DIRECTION('',(0.,1.,1.22464679914735E-016));
#2429=DIRECTION('',(-1.,0.,0.));
#2430=DIRECTION('',(0.,-1.,-1.22464679914735E-016));
#2431=DIRECTION('',(0.,1.22460635382238E-016,-1.));
#2432=DIRECTION('',(0.,-1.,0.));
#2433=DIRECTION('',(0.,0.,1.));
#2434=DIRECTION('',(0.,-1.,0.));
#2435=DIRECTION('',(0.,0.,1.));
#2436=DIRECTION('',(-0.0925925925925927,0.,0.995704078427412));
#2437=DIRECTION('',(0.,-1.,0.));
#2438=DIRECTION('',(0.,0.,1.00000000000001));
#2439=DIRECTION('',(0.,-1.,0.));
#2440=DIRECTION('',(1.,0.,-6.12323399573677E-017));
#2441=DIRECTION('',(0.,-1.,0.));
#2442=DIRECTION('',(0.,0.,1.00000000000001));
#2443=DIRECTION('',(0.214814814814815,0.,-0.976654798450341));
#2444=DIRECTION('',(0.,-1.,0.));
#2445=DIRECTION('',(0.,0.,1.));
#2446=DIRECTION('',(0.,1.,0.));
#2447=DIRECTION('',(1.,0.,6.12323399573677E-017));
#2448=DIRECTION('',(0.,-1.,0.));
#2449=DIRECTION('',(0.,0.,1.));
#2450=DIRECTION('',(0.,1.,0.));
#2451=DIRECTION('',(0.,0.,1.));
#2452=DIRECTION('',(0.214814814814815,0.,0.976654798450341));
#2453=DIRECTION('',(0.,-1.,0.));
#2454=DIRECTION('',(0.,0.,1.));
#2455=DIRECTION('',(0.,-1.,0.));
#2456=DIRECTION('',(0.,0.,1.));
#2457=DIRECTION('',(0.,-1.,0.));
#2458=DIRECTION('',(0.,0.,1.00000000000001));
#2459=DIRECTION('',(0.,-1.,0.));
#2460=DIRECTION('',(1.,0.,-6.12323399573677E-017));
#2461=DIRECTION('',(0.,-1.,0.));
#2462=DIRECTION('',(0.,0.,1.00000000000001));
#2463=DIRECTION('',(-0.0925925925925927,0.,-0.995704078427412));
#2464=DIRECTION('',(0.,-1.,0.));
#2465=DIRECTION('',(0.,0.,1.));
#2466=DIRECTION('',(0.,1.,0.));
#2467=DIRECTION('',(1.,0.,6.12323399573677E-017));
#2468=DIRECTION('',(0.,-1.,0.));
#2469=DIRECTION('',(0.,0.,1.));
#2470=DIRECTION('',(0.,1.,0.));
#2471=DIRECTION('',(0.,0.,1.));
#2472=DIRECTION('',(0.,-1.,0.));
#2473=DIRECTION('',(0.,0.,1.));
#2474=DIRECTION('',(-0.250238486745002,0.,-0.96818422820844));
#2475=DIRECTION('',(0.,1.,0.));
#2476=DIRECTION('',(0.,0.,1.));
#2477=DIRECTION('',(-0.250238486744797,0.,0.968184228208493));
#2478=DIRECTION('',(0.,1.,0.));
#2479=DIRECTION('',(0.,0.,1.));
#2480=DIRECTION('',(0.,-1.,0.));
#2481=DIRECTION('',(0.,0.,-1.));
#2482=DIRECTION('',(0.,-1.,0.));
#2483=DIRECTION('',(0.,0.,-1.));
#2484=DIRECTION('',(0.,1.,0.));
#2485=DIRECTION('',(0.,-6.04149963794039E-016,-1.));
#2486=DIRECTION('',(0.,1.,0.));
#2487=DIRECTION('',(0.,0.,1.));
#2488=DIRECTION('',(0.,-1.,0.));
#2489=DIRECTION('',(0.,0.,-1.));
#2490=DIRECTION('',(0.,1.,0.));
#2491=DIRECTION('',(0.,1.08401668374598E-015,-1.));
#2492=DIRECTION('',(0.,1.,0.));
#2493=DIRECTION('',(0.,0.,1.));
#2494=DIRECTION('',(0.,1.,0.));
#2495=DIRECTION('',(0.,0.,1.));
#2496=DIRECTION('',(0.,-1.,0.));
#2497=DIRECTION('',(0.,-1.91479342152606E-018,-0.999999999999999));
#2498=DIRECTION('',(-0.627632471789886,-0.778509781797838,1.15294214642764E-016));
#2499=DIRECTION('',(0.,-1.,0.));
#2500=DIRECTION('',(0.,0.,1.));
#2501=DIRECTION('',(-0.627632471789886,0.778509781797838,3.8431404880921E-017));
#2502=DIRECTION('',(0.,-1.,0.));
#2503=DIRECTION('',(0.,3.44592287779672E-017,-1.));
#2504=DIRECTION('',(0.,-1.,0.));
#2505=DIRECTION('',(0.,0.,1.));
#2506=DIRECTION('',(0.,-1.,0.));
#2507=DIRECTION('',(0.,3.44592287779672E-017,-1.));
#2508=DIRECTION('',(-0.0174524064372835,0.999847695156391,1.0686516840419E-018));
#2509=DIRECTION('',(0.,1.,0.));
#2510=DIRECTION('',(0.,0.,1.));
#2511=DIRECTION('',(-0.0174524064372835,-0.999847695156391,3.20595505212569E-018));
#2512=DIRECTION('',(0.,-1.,0.));
#2513=DIRECTION('',(0.,3.14153017831529E-015,-1.));
#2514=DIRECTION('',(0.,1.,0.));
#2515=DIRECTION('',(0.,0.,1.));
#2516=DIRECTION('',(0.,-1.,0.));
#2517=DIRECTION('',(0.,3.14153017831529E-015,-1.));
#2518=DIRECTION('',(0.250238486744903,0.,0.968184228208465));
#2519=DIRECTION('',(0.,1.,0.));
#2520=DIRECTION('',(0.,0.,-1.));
#2521=DIRECTION('',(0.250238486744797,0.,-0.968184228208492));
#2522=DIRECTION('',(0.,-1.,0.));
#2523=DIRECTION('',(1.,0.,0.));
#2524=DIRECTION('',(1.,0.,-5.78241158658937E-015));
#2525=DIRECTION('',(0.,1.,0.));
#2526=DIRECTION('',(0.,1.,0.));
#2527=DIRECTION('',(-5.78241158658937E-015,0.,-1.));
#2528=DIRECTION('',(-1.,0.,5.7818333454307E-015));
#2529=DIRECTION('',(-1.44560289664734E-015,0.,-1.));
#2530=DIRECTION('',(0.,1.,0.));
#2531=DIRECTION('',(-1.,0.,1.44560289664734E-015));
#2532=DIRECTION('',(1.44545833635767E-015,0.,1.));
#2533=DIRECTION('',(1.,0.,0.));
#2534=DIRECTION('',(0.,1.,0.));
#2535=DIRECTION('',(0.,0.,-1.));
#2536=DIRECTION('',(-1.,0.,0.));
#2537=DIRECTION('',(0.,0.,1.));
#2538=DIRECTION('',(0.,1.,0.));
#2539=DIRECTION('',(1.,0.,0.));
#2540=DIRECTION('',(0.,0.,-1.));
#2541=DIRECTION('',(1.,0.,0.));
#2542=DIRECTION('',(0.,1.,0.));
#2543=DIRECTION('',(0.,0.,-1.));
#2544=DIRECTION('',(-1.,0.,0.));
#2545=DIRECTION('',(0.,0.,1.));
#2546=DIRECTION('',(0.,1.,0.));
#2547=DIRECTION('',(1.,0.,0.));
#2548=DIRECTION('',(0.,0.,-1.));
#2549=DIRECTION('',(-1.,0.,1.04083408558604E-013));
#2550=DIRECTION('',(0.,1.,0.));
#2551=DIRECTION('',(1.04083408558604E-013,0.,1.));
#2552=DIRECTION('',(1.,0.,-1.04083408558608E-013));
#2553=DIRECTION('',(1.87928376564157E-014,0.,1.));
#2554=DIRECTION('',(0.,1.,0.));
#2555=DIRECTION('',(1.,0.,-1.87928376564157E-014));
#2556=DIRECTION('',(-1.87926930961257E-014,0.,-1.));
#2557=DIRECTION('',(-1.,0.,8.67361737988388E-015));
#2558=DIRECTION('',(0.,1.,0.));
#2559=DIRECTION('',(8.67361737988388E-015,0.,1.));
#2560=DIRECTION('',(1.,0.,-8.67361737988404E-015));
#2561=DIRECTION('',(-4.33680868994202E-015,0.,-1.));
#2562=DIRECTION('',(0.,1.,0.));
#2563=DIRECTION('',(-1.,0.,4.33680868994202E-015));
#2564=DIRECTION('',(4.33680868994202E-015,0.,1.));
#2565=DIRECTION('',(-1.,0.,5.78241158658935E-015));
#2566=DIRECTION('',(0.,1.,0.));
#2567=DIRECTION('',(5.78241158658935E-015,0.,1.));
#2568=DIRECTION('',(1.,0.,-5.7818333454307E-015));
#2569=DIRECTION('',(4.33680868994201E-015,0.,-1.));
#2570=DIRECTION('',(-1.,0.,-4.33680868994201E-015));
#2571=DIRECTION('',(-4.33680868994202E-015,0.,1.));
#2572=DIRECTION('',(0.,-1.,-1.22464679914735E-016));
#2573=DIRECTION('',(-1.,0.,0.));
#2574=DIRECTION('',(0.,-1.,-1.22464679914735E-016));
#2575=DIRECTION('',(0.,1.35525271560688E-016,-1.));
#2576=DIRECTION('',(0.,-1.,0.));
#2577=DIRECTION('',(0.,1.,0.));
#2578=DIRECTION('',(0.,0.,-1.00000000000001));
#2579=DIRECTION('',(0.,1.,0.));
#2580=DIRECTION('',(0.,1.,0.));
#2581=DIRECTION('',(0.,0.,1.00000000000001));
#2582=DIRECTION('',(0.,-1.,0.));
#2583=DIRECTION('',(1.,0.,-6.12323399573677E-017));
#2584=DIRECTION('',(0.,-1.,0.));
#2585=DIRECTION('',(0.,1.,0.));
#2586=DIRECTION('',(0.,0.,1.));
#2587=DIRECTION('',(0.,1.,0.));
#2588=DIRECTION('',(0.,0.,-1.));
#2589=DIRECTION('',(0.,1.,0.));
#2590=DIRECTION('',(0.,1.,0.));
#2591=DIRECTION('',(0.,0.,1.00000000000001));
#2592=DIRECTION('',(0.214814814814815,0.,-0.976654798450341));
#2593=DIRECTION('',(0.,-1.,0.));
#2594=DIRECTION('',(0.976654798450341,0.,0.214814814814815));
#2595=DIRECTION('',(0.214814814814815,0.,-0.976654798450341));
#2596=DIRECTION('',(0.,1.,0.));
#2597=DIRECTION('',(0.,0.,-1.));
#2598=DIRECTION('',(0.,1.,0.));
#2599=DIRECTION('',(0.,1.,0.));
#2600=DIRECTION('',(0.,0.,1.));
#2601=DIRECTION('',(0.,1.,0.));
#2602=DIRECTION('',(1.,0.,6.12323399573677E-017));
#2603=DIRECTION('',(0.,-1.,0.));
#2604=DIRECTION('',(0.,1.,0.));
#2605=DIRECTION('',(0.,0.,1.));
#2606=DIRECTION('',(0.,1.,0.));
#2607=DIRECTION('',(0.,0.,-1.));
#2608=DIRECTION('',(0.,1.,1.22464679914735E-016));
#2609=DIRECTION('',(0.,1.,1.22464679914735E-016));
#2610=DIRECTION('',(0.,-1.80700362080917E-016,1.));
#2611=DIRECTION('',(0.,-1.,-1.22464679914735E-016));
#2612=DIRECTION('',(-1.,0.,0.));
#2613=DIRECTION('',(0.,-1.,-1.22464679914735E-016));
#2614=DIRECTION('',(0.,1.,1.22464679914735E-016));
#2615=DIRECTION('',(0.,-1.44560289664734E-016,1.));
#2616=DIRECTION('',(0.,1.,0.));
#2617=DIRECTION('',(0.,0.,-1.));
#2618=DIRECTION('',(-1.12906093754083E-017,1.,1.21414742672668E-016));
#2619=DIRECTION('',(0.,1.,1.22464679914735E-016));
#2620=DIRECTION('',(0.,0.,1.));
#2621=DIRECTION('',(-0.0925925925925927,0.,0.995704078427412));
#2622=DIRECTION('',(-0.995704078427412,0.,-0.0925925925925927));
#2623=DIRECTION('',(-0.0925925925925927,0.,0.995704078427412));
#2624=DIRECTION('',(0.,-1.,0.));
#2625=DIRECTION('',(0.,1.,0.));
#2626=DIRECTION('',(0.,0.,-1.00000000000001));
#2627=DIRECTION('',(0.,1.,0.));
#2628=DIRECTION('',(0.,1.,0.));
#2629=DIRECTION('',(0.,0.,1.00000000000001));
#2630=DIRECTION('',(-0.0925925925925927,0.,-0.995704078427412));
#2631=DIRECTION('',(0.,-1.,0.));
#2632=DIRECTION('',(0.995704078427412,0.,-0.0925925925925927));
#2633=DIRECTION('',(-0.0925925925925927,0.,-0.995704078427412));
#2634=DIRECTION('',(0.,1.,0.));
#2635=DIRECTION('',(0.,0.,-1.));
#2636=DIRECTION('',(0.,1.,0.));
#2637=DIRECTION('',(0.,1.,0.));
#2638=DIRECTION('',(0.,0.,1.));
#2639=DIRECTION('',(0.,1.,0.));
#2640=DIRECTION('',(1.,0.,6.12323399573677E-017));
#2641=DIRECTION('',(0.,-1.,0.));
#2642=DIRECTION('',(0.,1.,0.));
#2643=DIRECTION('',(0.,0.,1.));
#2644=DIRECTION('',(0.,1.,0.));
#2645=DIRECTION('',(0.,0.,-1.));
#2646=DIRECTION('',(0.,1.,0.));
#2647=DIRECTION('',(0.,1.,0.));
#2648=DIRECTION('',(0.,0.,1.));
#2649=DIRECTION('',(0.214814814814815,0.,0.976654798450341));
#2650=DIRECTION('',(-2.56930800081699E-017,-1.,-1.16813497703032E-016));
#2651=DIRECTION('',(-0.976654798450341,0.,0.214814814814815));
#2652=DIRECTION('',(0.214814814814815,0.,0.976654798450341));
#2653=DIRECTION('',(0.,1.,0.));
#2654=DIRECTION('',(0.,0.,-1.));
#2655=DIRECTION('',(0.,1.,1.22464679914735E-016));
#2656=DIRECTION('',(0.,1.,1.22464679914735E-016));
#2657=DIRECTION('',(0.,0.,1.));
#2658=DIRECTION('',(0.,-1.,0.));
#2659=DIRECTION('',(0.,0.,-1.));
#2660=DIRECTION('',(0.,-1.,-1.22464679914735E-016));
#2661=DIRECTION('',(0.,1.,1.22464679914735E-016));
#2662=DIRECTION('',(0.,-1.44560289664734E-016,1.));
#2663=DIRECTION('',(0.,1.,0.));
#2664=DIRECTION('',(0.,0.,-1.00000000000001));
#2665=DIRECTION('',(0.,1.,0.));
#2666=DIRECTION('',(0.,1.,1.22464679914735E-016));
#2667=DIRECTION('',(0.,-1.80700362080917E-016,1.00000000000001));
#2668=DIRECTION('',(0.,-1.,0.));
#2669=DIRECTION('',(1.,0.,-6.12323399573677E-017));
#2670=DIRECTION('',(0.,1.,0.));
#2671=DIRECTION('',(0.,0.,1.));
#2672=DIRECTION('',(0.,1.,0.));
#2673=DIRECTION('',(0.,1.,0.));
#2674=DIRECTION('',(0.250238486744797,0.,-0.968184228208492));
#2675=DIRECTION('',(0.968184228208492,0.,0.250238486744797));
#2676=DIRECTION('',(0.250238486744797,0.,-0.968184228208493));
#2677=DIRECTION('',(0.,-1.,0.));
#2678=DIRECTION('',(1.,0.,-6.12323399573677E-017));
#2679=DIRECTION('',(0.,1.,0.));
#2680=DIRECTION('',(0.,1.,0.));
#2681=DIRECTION('',(0.,0.,1.));
#2682=DIRECTION('',(0.,1.,0.));
#2683=DIRECTION('',(0.250238486745002,0.,0.96818422820844));
#2684=DIRECTION('',(-0.968184228208439,0.,0.250238486745002));
#2685=DIRECTION('',(0.250238486745002,0.,0.96818422820844));
#2686=DIRECTION('',(0.,1.,0.));
#2687=DIRECTION('',(0.,0.,-1.));
#2688=DIRECTION('',(0.,1.,0.));
#2689=DIRECTION('',(0.,0.,1.));
#2690=DIRECTION('',(0.,1.,0.));
#2691=DIRECTION('',(0.,0.,-1.));
#2692=DIRECTION('',(0.,1.,0.));
#2693=DIRECTION('',(0.,0.,1.));
#2694=DIRECTION('',(0.,1.,0.));
#2695=DIRECTION('',(0.,0.,1.));
#2696=DIRECTION('',(0.,1.,0.));
#2697=DIRECTION('',(0.,0.,-1.));
#2698=DIRECTION('',(0.,-1.,0.));
#2699=DIRECTION('',(0.,0.,-1.));
#2700=DIRECTION('',(0.,-1.,0.));
#2701=DIRECTION('',(0.,0.,1.));
#2702=DIRECTION('',(0.,-1.,0.));
#2703=DIRECTION('',(0.,0.,-1.));
#2704=DIRECTION('',(0.,1.,0.));
#2705=DIRECTION('',(0.,0.,1.));
#2706=DIRECTION('',(0.,1.,0.));
#2707=DIRECTION('',(0.,0.,1.));
#2708=DIRECTION('',(0.,1.,0.));
#2709=DIRECTION('',(0.,0.,1.));
#2710=DIRECTION('',(0.,1.,0.));
#2711=DIRECTION('',(0.,0.,1.));
#2712=DIRECTION('',(0.,1.,0.));
#2713=DIRECTION('',(0.,0.,1.));
#2714=DIRECTION('',(0.,1.,0.));
#2715=DIRECTION('',(0.,0.,1.));
#2716=DIRECTION('',(0.,-1.,0.));
#2717=DIRECTION('',(0.,0.,1.));
#2718=DIRECTION('',(0.,1.,0.));
#2719=DIRECTION('',(-1.,0.,0.));
#2720=DIRECTION('',(0.,1.,0.));
#2721=DIRECTION('',(0.,0.,1.));
#2722=DIRECTION('',(0.,1.,0.));
#2723=DIRECTION('',(0.,0.,1.));
#2724=DIRECTION('',(0.,1.,0.));
#2725=DIRECTION('',(0.,0.,1.));
#2726=DIRECTION('',(0.,1.,0.));
#2727=DIRECTION('',(0.,1.,0.));
#2728=DIRECTION('',(0.,1.,0.));
#2729=DIRECTION('',(-1.,0.,0.));
#2730=DIRECTION('',(0.,1.,0.));
#2731=DIRECTION('',(-1.,0.,0.));
#2732=DIRECTION('',(0.,-1.,0.));
#2733=DIRECTION('',(0.,0.,1.));
#2734=DIRECTION('',(0.,-1.,0.));
#2735=DIRECTION('',(0.,0.,1.));
#2736=DIRECTION('',(0.,1.,0.));
#2737=DIRECTION('',(0.,0.,1.));
#2738=DIRECTION('',(0.,-1.,0.));
#2739=DIRECTION('',(0.,1.,0.));
#2740=DIRECTION('',(0.,0.,1.));
#2741=DIRECTION('',(0.,-1.,0.));
#2742=DIRECTION('',(0.,1.,0.));
#2743=DIRECTION('',(1.,0.,0.));
#2744=DIRECTION('',(0.,1.,0.));
#2745=DIRECTION('',(0.,0.,1.));
#2746=DIRECTION('',(0.,1.,0.));
#2747=DIRECTION('',(1.,0.,0.));
#2748=DIRECTION('',(0.,-1.,0.));
#2749=DIRECTION('',(0.,0.,1.));
#2750=DIRECTION('',(0.,1.,0.));
#2751=DIRECTION('',(0.,0.,1.));
#2752=DIRECTION('',(0.,-1.,0.));
#2753=DIRECTION('',(0.,0.,1.));
#2754=DIRECTION('',(0.,1.,0.));
#2755=DIRECTION('',(-1.,0.,0.));
#2756=DIRECTION('',(0.,-1.,0.));
#2757=DIRECTION('',(0.,0.,-1.));
#2758=DIRECTION('',(0.,1.,0.));
#2759=DIRECTION('',(0.,0.,1.));
#2760=DIRECTION('',(0.,-1.,0.));
#2761=DIRECTION('',(0.,0.,-1.));
#2762=DIRECTION('',(0.,-1.,0.));
#2763=DIRECTION('',(-0.342020143325668,0.,-0.939692620785909));
#2764=DIRECTION('',(0.,-1.,0.));
#2765=DIRECTION('',(-1.,0.,0.));
#2766=DIRECTION('',(0.,1.,0.));
#2767=DIRECTION('',(0.,0.,1.));
#2768=DIRECTION('',(0.,-1.,0.));
#2769=DIRECTION('',(0.,0.,-1.));
#2770=DIRECTION('',(0.,1.,0.));
#2771=DIRECTION('',(0.,0.,1.));
#2772=DIRECTION('',(0.,-1.,0.));
#2773=DIRECTION('',(0.,0.,1.));
#2774=DIRECTION('',(0.,1.,0.));
#2775=DIRECTION('',(0.,0.,1.));
#2776=DIRECTION('',(0.,1.,0.));
#2777=DIRECTION('',(-0.406736643075808,0.,-0.913545457642597));
#2778=DIRECTION('',(0.,-1.,0.));
#2779=DIRECTION('',(-1.,0.,0.));
#2780=DIRECTION('',(0.,-1.,0.));
#2781=DIRECTION('',(0.,0.,-1.));
#2782=DIRECTION('',(0.,-1.,0.));
#2783=DIRECTION('',(0.,0.,1.));
#2784=DIRECTION('',(0.,1.,0.));
#2785=DIRECTION('',(0.,0.,1.));
#2786=DIRECTION('',(0.,1.,0.));
#2787=DIRECTION('',(-0.719339800338657,0.,-0.694658370458992));
#2788=DIRECTION('',(0.,-1.,0.));
#2789=DIRECTION('',(-1.,0.,0.));
#2790=DIRECTION('',(0.,-1.,0.));
#2791=DIRECTION('',(0.,0.,-1.));
#2792=DIRECTION('',(0.,-1.,0.));
#2793=DIRECTION('',(0.,0.,1.));
#2794=DIRECTION('',(0.,1.,0.));
#2795=DIRECTION('',(0.,0.,1.));
#2796=DIRECTION('',(0.,1.,0.));
#2797=DIRECTION('',(-0.0348994967025095,0.,-0.999390827019095));
#2798=DIRECTION('',(0.,-1.,0.));
#2799=DIRECTION('',(-1.,0.,0.));
#2800=DIRECTION('',(0.,-1.,0.));
#2801=DIRECTION('',(0.,0.,-1.));
#2802=DIRECTION('',(0.,-1.,0.));
#2803=DIRECTION('',(0.,0.,1.));
#2804=DIRECTION('',(0.,1.,0.));
#2805=DIRECTION('',(0.,0.,1.));
#2806=DIRECTION('',(0.,1.,0.));
#2807=DIRECTION('',(-0.92718385456679,0.,-0.374606593415905));
#2808=DIRECTION('',(0.,-1.,0.));
#2809=DIRECTION('',(-1.,0.,0.));
#2810=DIRECTION('',(0.,-1.,0.));
#2811=DIRECTION('',(0.,0.,-1.));
#2812=DIRECTION('',(0.,-1.,0.));
#2813=DIRECTION('',(1.,0.,0.));
#2814=DIRECTION('',(0.,-1.,0.));
#2815=DIRECTION('',(-1.,0.,0.));
#2816=DIRECTION('',(0.,1.,0.));
#2817=DIRECTION('',(0.,0.,1.));
#2818=DIRECTION('',(0.,-1.,0.));
#2819=DIRECTION('',(0.,0.,-1.));
#2820=DIRECTION('',(0.,1.,0.));
#2821=DIRECTION('',(0.,0.,1.));
#2822=DIRECTION('',(0.,-1.,0.));
#2823=DIRECTION('',(0.927183854566788,0.,-0.374606593415912));
#2824=DIRECTION('',(0.,-1.,0.));
#2825=DIRECTION('',(-1.,0.,0.));
#2826=DIRECTION('',(0.,1.,0.));
#2827=DIRECTION('',(0.,0.,1.));
#2828=DIRECTION('',(0.,-1.,0.));
#2829=DIRECTION('',(0.,0.,-1.));
#2830=DIRECTION('',(0.,1.,0.));
#2831=DIRECTION('',(0.,0.,1.));
#2832=DIRECTION('',(0.,-1.,0.));
#2833=DIRECTION('',(0.719339800338652,0.,-0.694658370458997));
#2834=DIRECTION('',(0.,-1.,0.));
#2835=DIRECTION('',(-1.,0.,0.));
#2836=DIRECTION('',(0.,1.,0.));
#2837=DIRECTION('',(0.,0.,1.));
#2838=DIRECTION('',(0.,-1.,0.));
#2839=DIRECTION('',(0.,0.,-1.));
#2840=DIRECTION('',(0.,1.,0.));
#2841=DIRECTION('',(0.,0.,1.));
#2842=DIRECTION('',(0.,-1.,0.));
#2843=DIRECTION('',(0.406736643075801,0.,-0.913545457642601));
#2844=DIRECTION('',(0.,-1.,0.));
#2845=DIRECTION('',(-1.,0.,0.));
#2846=DIRECTION('',(0.,1.,0.));
#2847=DIRECTION('',(0.,0.,1.));
#2848=DIRECTION('',(0.,-1.,0.));
#2849=DIRECTION('',(0.,0.,-1.));
#2850=DIRECTION('',(0.,1.,0.));
#2851=DIRECTION('',(0.,0.,1.));
#2852=DIRECTION('',(0.,-1.,0.));
#2853=DIRECTION('',(0.0348994967025026,0.,-0.999390827019096));
#2854=DIRECTION('',(0.,-1.,0.));
#2855=DIRECTION('',(-1.,0.,0.));
#2856=DIRECTION('',(0.,1.,0.));
#2857=DIRECTION('',(0.,0.,1.));
#2858=DIRECTION('',(0.,-1.,0.));
#2859=DIRECTION('',(0.,0.,-1.));
#2860=DIRECTION('',(0.,1.,0.));
#2861=DIRECTION('',(0.,0.,1.));
#2862=DIRECTION('',(0.,-1.,0.));
#2863=DIRECTION('',(0.,0.,1.));
#2864=DIRECTION('',(0.,1.,0.));
#2865=DIRECTION('',(0.,0.,1.));
#2866=DIRECTION('',(0.,-1.,0.));
#2867=DIRECTION('',(1.,0.,0.));
#2868=DIRECTION('',(0.,-1.,0.));
#2869=DIRECTION('',(-1.,0.,0.));
#2870=DIRECTION('',(0.,-1.,0.));
#2871=DIRECTION('',(0.,0.,-1.));
#2872=DIRECTION('',(0.,-1.,0.));
#2873=DIRECTION('',(0.,0.,1.));
#2874=DIRECTION('',(0.,1.,0.));
#2875=DIRECTION('',(0.,0.,1.));
#2876=DIRECTION('',(0.,1.,0.));
#2877=DIRECTION('',(-1.,0.,0.));
#2878=DIRECTION('',(0.,-1.,0.));
#2879=DIRECTION('',(-1.,0.,0.));
#2880=DIRECTION('',(0.,-1.,0.));
#2881=DIRECTION('',(0.,0.,-1.));
#2882=DIRECTION('',(0.,-1.,0.));
#2883=DIRECTION('',(0.,0.,1.));
#2884=DIRECTION('',(0.,1.,0.));
#2885=DIRECTION('',(0.,0.,1.));
#2886=DIRECTION('',(0.,1.,0.));
#2887=DIRECTION('',(-1.,0.,0.));
#2888=DIRECTION('',(0.,-1.,0.));
#2889=DIRECTION('',(-1.,0.,0.));
#2890=DIRECTION('',(0.,-1.,0.));
#2891=DIRECTION('',(0.,0.,-1.));
#2892=DIRECTION('',(0.,-1.,0.));
#2893=DIRECTION('',(0.342020143325661,0.,-0.939692620785911));
#2894=DIRECTION('',(0.,1.,0.));
#2895=DIRECTION('',(0.,0.,1.));
#2896=DIRECTION('',(0.,-1.,0.));
#2897=DIRECTION('',(0.,0.,-1.));
#2898=DIRECTION('',(0.,-1.,0.));
#2899=DIRECTION('',(-1.,0.,0.));
#2900=DIRECTION('',(0.,1.,0.));
#2901=DIRECTION('',(0.,0.,1.));
#2902=CARTESIAN_POINT('',(0.,0.,0.));
#2903=CARTESIAN_POINT('',(-2.72857394360237E-012,3.38,0.));
#2904=CARTESIAN_POINT('',(-2.72857394360237E-012,3.38,17.1532562594671));
#2905=CARTESIAN_POINT('',(-2.72848410531878E-012,3.38,0.));
#2906=CARTESIAN_POINT('',(-2.72848410531878E-012,3.38,19.015));
#2907=CARTESIAN_POINT('',(-17.1000000000027,3.38,0.));
#2908=CARTESIAN_POINT('',(-2.73386307544854E-012,1.225,-1.64976205773417E-015));
#2909=CARTESIAN_POINT('',(-2.73386307544854E-012,1.225,-8.88597912444096));
#2910=CARTESIAN_POINT('',(-2.73551283750627E-012,-28.4944711538464,0.));
#2911=CARTESIAN_POINT('',(-2.73543192230708E-012,1.225,-8.09151991935655E-017));
#2912=CARTESIAN_POINT('',(-2.73543192230708E-012,1.225,9.07392151399016));
#2913=CARTESIAN_POINT('',(9.14999999999745,1.225,-4.16333634234432E-018));
#2914=CARTESIAN_POINT('',(-2.72848410531878E-012,2.81065342000329,0.));
#2915=CARTESIAN_POINT('',(-2.72848410531878E-012,2.81065342000329,13.9));
#2916=CARTESIAN_POINT('',(-2.73532282883181E-012,3.19025333827564,-1.90008674462319E-016));
#2917=CARTESIAN_POINT('',(-2.72848410531878E-012,2.88665623118276,0.));
#2918=CARTESIAN_POINT('',(-2.72848410531878E-012,2.88665623118276,-13.87502856246));
#2919=CARTESIAN_POINT('',(-2.72848410531878E-012,2.81065342000328,0.));
#2920=CARTESIAN_POINT('',(-2.72857394360237E-012,3.25037270951878,0.));
#2921=CARTESIAN_POINT('',(-2.72857394360237E-012,3.25037270951878,-14.982032305498));
#2922=CARTESIAN_POINT('',(-2.72848410531878E-012,3.24725544666026,0.));
#2923=CARTESIAN_POINT('',(-2.72857394360237E-012,4.13,0.));
#2924=CARTESIAN_POINT('',(-2.72857394360237E-012,4.13,16.));
#2925=CARTESIAN_POINT('',(-2.72857394360237E-012,3.10115379616122,0.));
#2926=CARTESIAN_POINT('',(-2.72857394360237E-012,2.86833333333333,0.));
#2927=CARTESIAN_POINT('',(0.749999999997272,3.1,-21.));
#2928=CARTESIAN_POINT('',(0.749999999997272,3.1,-21.));
#2929=CARTESIAN_POINT('',(-0.750000000002728,3.1,-21.));
#2930=CARTESIAN_POINT('',(0.749999999997272,1.8,-21.));
#2931=CARTESIAN_POINT('',(0.749999999997272,1.8,-21.));
#2932=CARTESIAN_POINT('',(0.749999999997272,1.8,-21.));
#2933=CARTESIAN_POINT('',(-0.750000000002728,1.8,-21.));
#2934=CARTESIAN_POINT('',(-0.750000000002728,1.8,-21.));
#2935=CARTESIAN_POINT('',(0.749999999997272,1.8,-21.));
#2936=CARTESIAN_POINT('',(-2.7285E-012,2.,0.));
#2937=CARTESIAN_POINT('',(-2.7285E-012,2.,19.02));
#2938=CARTESIAN_POINT('',(-2.7285E-012,3.1,0.));
#2939=CARTESIAN_POINT('',(-2.7285E-012,3.1,-19.039200571421));
#2940=CARTESIAN_POINT('',(-2.7285E-012,2.,0.));
#2941=CARTESIAN_POINT('',(-2.72848410531878E-012,2.,0.));
#2942=CARTESIAN_POINT('',(-2.72848410531878E-012,2.,18.8252365194785));
#2943=CARTESIAN_POINT('',(-2.72848410531878E-012,2.,0.));
#2944=CARTESIAN_POINT('',(-2.72848410531878E-012,2.3,0.));
#2945=CARTESIAN_POINT('',(-2.72848410531878E-012,2.3,-18.82));
#2946=CARTESIAN_POINT('',(-2.72848410531878E-012,2.3,0.));
#2947=CARTESIAN_POINT('',(-2.72848410531878E-012,2.3,0.));
#2948=CARTESIAN_POINT('',(-2.73081277120736E-012,2.3,19.015));
#2949=CARTESIAN_POINT('',(-2.72848410531878E-012,2.3,0.));
#2950=CARTESIAN_POINT('',(-2.72848410531878E-012,3.3,0.));
#2951=CARTESIAN_POINT('',(-2.7285E-012,3.1,0.));
#2952=CARTESIAN_POINT('',(-0.750000000002728,3.1,-19.9806916811092));
#2953=CARTESIAN_POINT('',(0.749999999997271,3.1,-19.9806916811092));
#2954=CARTESIAN_POINT('',(0.749999999997271,3.1,-19.5));
#2955=CARTESIAN_POINT('',(-0.750000000002728,3.1,-21.));
#2956=CARTESIAN_POINT('',(-2.7285E-012,3.1,0.));
#2957=CARTESIAN_POINT('',(0.749999999997271,3.1,-19.9806916811092));
#2958=CARTESIAN_POINT('',(0.749999999997271,2.72740744241507,-19.9709281306081));
#2959=CARTESIAN_POINT('',(0.749999999997271,2.35481488509382,-19.961164570045));
#2960=CARTESIAN_POINT('',(0.749999999997271,1.98222232803739,-19.9514009993754));
#2961=CARTESIAN_POINT('',(0.749999999997271,1.92148155201789,-19.9498093227625));
#2962=CARTESIAN_POINT('',(0.749999999997271,1.86074077600542,-19.9482176458811));
#2963=CARTESIAN_POINT('',(0.749999999997271,1.8,-19.9466259687308));
#2964=CARTESIAN_POINT('',(0.749999999997271,1.8,-19.9466259687308));
#2965=CARTESIAN_POINT('',(0.749999999997271,1.8,-19.5));
#2966=CARTESIAN_POINT('',(0.749999999997271,1.8,-19.5));
#2967=CARTESIAN_POINT('',(-2.7285E-012,1.8,0.));
#2968=CARTESIAN_POINT('',(-0.750000000002728,1.8,-19.9466259687308));
#2969=CARTESIAN_POINT('',(-0.750000000002728,1.8,-21.));
#2970=CARTESIAN_POINT('',(0.,1.8,0.));
#2971=CARTESIAN_POINT('',(-0.750000000002728,1.8,-19.9466259687308));
#2972=CARTESIAN_POINT('',(-0.750000000002728,1.86074077600542,-19.9482176458811));
#2973=CARTESIAN_POINT('',(-0.750000000002728,1.92148155201789,-19.9498093227625));
#2974=CARTESIAN_POINT('',(-0.750000000002728,1.98222232803739,-19.9514009993754));
#2975=CARTESIAN_POINT('',(-0.750000000002728,2.35481488509382,-19.961164570045));
#2976=CARTESIAN_POINT('',(-0.750000000002728,2.72740744241507,-19.9709281306081));
#2977=CARTESIAN_POINT('',(-0.750000000002728,3.1,-19.9806916811092));
#2978=CARTESIAN_POINT('',(-0.750000000002728,1.8,-21.));
#2979=CARTESIAN_POINT('',(-2.7285E-012,2.6,0.));
#2980=CARTESIAN_POINT('',(-15.3475774032553,2.6,-12.795272487972));
#2981=CARTESIAN_POINT('',(-12.7952724879749,2.6,-15.3475774032524));
#2982=CARTESIAN_POINT('',(-14.0714249456151,2.6,-14.0714249456122));
#2983=CARTESIAN_POINT('',(0.,2.6,0.));
#2984=CARTESIAN_POINT('',(-2.7285E-012,-0.3,0.));
#2985=CARTESIAN_POINT('',(12.4,-0.3,0.));
#2986=CARTESIAN_POINT('',(-12.4,-0.3,0.));
#2987=CARTESIAN_POINT('',(-2.7285E-012,-0.3,0.));
#2988=CARTESIAN_POINT('',(-5.31159860809,-0.3,11.20477220771));
#2989=CARTESIAN_POINT('',(-2.26433191514325,-0.3,-0.585242948007405));
#2990=CARTESIAN_POINT('',(-6.94992440748399,-0.3,17.54353016728));
#2991=CARTESIAN_POINT('',(-2.7285E-012,-0.3,0.));
#2992=CARTESIAN_POINT('',(6.949924407484,-0.3,17.54353016728));
#2993=CARTESIAN_POINT('',(2.26433191514365,-0.3,-0.585242948008919));
#2994=CARTESIAN_POINT('',(5.311598608089,-0.3,11.2047722077));
#2995=CARTESIAN_POINT('',(-2.7285E-012,-0.3,0.));
#2996=CARTESIAN_POINT('',(-2.7285E-012,-0.3,0.));
#2997=CARTESIAN_POINT('',(-12.7952724879749,2.6,-15.3475774032524));
#2998=CARTESIAN_POINT('',(-12.7889382323189,2.24169384281049,-15.3406426913642));
#2999=CARTESIAN_POINT('',(-12.7826040826136,1.88338768579838,-15.3337078735317));
#3000=CARTESIAN_POINT('',(-12.7762700390837,1.52508152896423,-15.3267729495304));
#3001=CARTESIAN_POINT('',(-12.7719974378636,1.28338768589515,-15.3220950270295));
#3002=CARTESIAN_POINT('',(-12.7677248849544,1.04169384290701,-15.3174170562206));
#3003=CARTESIAN_POINT('',(-12.7634523804256,0.8,-15.3127390370343));
#3004=CARTESIAN_POINT('',(-12.7634523804256,0.8,-15.3127390370343));
#3005=CARTESIAN_POINT('',(-15.3127390370371,0.8,-12.7634523804227));
#3006=CARTESIAN_POINT('',(-15.3243521235588,1.39999999950085,-12.7740587851383));
#3007=CARTESIAN_POINT('',(-15.335964911946,1.99999999950174,-12.784665488007));
#3008=CARTESIAN_POINT('',(-15.3475774032553,2.6,-12.795272487972));
#3009=CARTESIAN_POINT('',(-15.3127390370371,0.8,-12.7634523804227));
#3010=CARTESIAN_POINT('',(-2.7285E-012,0.8,0.));
#3011=CARTESIAN_POINT('',(-2.7285E-012,3.3,0.));
#3012=CARTESIAN_POINT('',(-14.0380957087313,0.8,-14.0380957087285));
#3013=CARTESIAN_POINT('',(-14.0714249456151,2.6,-14.0714249456122));
#3014=CARTESIAN_POINT('',(12.4,0.,0.));
#3015=CARTESIAN_POINT('',(12.3999999999973,-0.2,0.));
#3016=CARTESIAN_POINT('',(5.311598608089,0.,11.2047722077));
#3017=CARTESIAN_POINT('',(5.311598608089,-0.2,11.2047722077));
#3018=CARTESIAN_POINT('',(-2.7285E-012,-0.2,0.));
#3019=CARTESIAN_POINT('',(-2.7285E-012,0.,0.));
#3020=CARTESIAN_POINT('',(-12.4,0.,0.));
#3021=CARTESIAN_POINT('',(-12.4000000000027,-0.2,0.));
#3022=CARTESIAN_POINT('',(-2.7285E-012,-0.2,0.));
#3023=CARTESIAN_POINT('',(-2.7285E-012,0.,0.));
#3024=CARTESIAN_POINT('',(-5.31159860809,0.,11.20477220771));
#3025=CARTESIAN_POINT('',(-5.31159860808819,-0.2,11.2047722077062));
#3026=CARTESIAN_POINT('',(-2.7285E-012,-0.2,0.));
#3027=CARTESIAN_POINT('',(-2.7285E-012,0.,0.));
#3028=CARTESIAN_POINT('',(-6.949924407484,0.,17.54353016728));
#3029=CARTESIAN_POINT('',(-6.94992440748431,-0.2,17.5435301672808));
#3030=CARTESIAN_POINT('',(-2.26433191514325,-0.2,-0.585242948007405));
#3031=CARTESIAN_POINT('',(-5.31159860809,0.,11.20477220771));
#3032=CARTESIAN_POINT('',(6.949924407484,0.,17.54353016728));
#3033=CARTESIAN_POINT('',(6.949924407484,-0.2,17.54353016728));
#3034=CARTESIAN_POINT('',(-2.7285E-012,-0.2,0.));
#3035=CARTESIAN_POINT('',(-2.7285E-012,0.,0.));
#3036=CARTESIAN_POINT('',(2.26433191514365,-0.2,-0.585242948008919));
#3037=CARTESIAN_POINT('',(6.949924407484,0.,17.54353016728));
#3038=CARTESIAN_POINT('',(2.726739046674E-012,0.8,0.));
#3039=CARTESIAN_POINT('',(2.726739046674E-012,0.8,-19.030473038957));
#3040=CARTESIAN_POINT('',(-2.7285E-012,0.8,0.));
#3041=CARTESIAN_POINT('',(2.11910428091174,-0.2,-0.547707174997147));
#3042=CARTESIAN_POINT('',(5.11464676522585,-0.2,11.0421846357215));
#3043=CARTESIAN_POINT('',(6.84526253262975,-0.2,17.7380167312986));
#3044=CARTESIAN_POINT('',(6.8385567692693,-1.72500000034519,17.7120718240693));
#3045=CARTESIAN_POINT('',(6.84328378278613,-0.65,17.7303608570359));
#3046=CARTESIAN_POINT('',(2.11910428091174,-0.65,-0.547707174997146));
#3047=CARTESIAN_POINT('',(5.1126485064102,-0.65,11.0344532803478));
#3048=CARTESIAN_POINT('',(5.10787488812229,-1.72500000137253,11.0159839313759));
#3049=CARTESIAN_POINT('',(5.135198708134,-1.3,11.12170104921));
#3050=CARTESIAN_POINT('',(-2.7285E-012,-0.2,0.));
#3051=CARTESIAN_POINT('',(-5.11464676522633,-0.2,11.0421846357238));
#3052=CARTESIAN_POINT('',(-2.1191042809144,-0.2,-0.547707174996423));
#3053=CARTESIAN_POINT('',(-6.84526260320594,-0.2,17.7380170043616));
#3054=CARTESIAN_POINT('',(2.726739046674E-012,-0.2,0.));
#3055=CARTESIAN_POINT('',(-2.7285E-012,-0.2,0.));
#3056=CARTESIAN_POINT('',(-2.1191042809144,-0.65,-0.547707174996423));
#3057=CARTESIAN_POINT('',(-6.84328383253638,-0.65,17.7303610495225));
#3058=CARTESIAN_POINT('',(-5.11264850641068,-0.65,11.0344532803501));
#3059=CARTESIAN_POINT('',(-6.8385567692687,-1.72500000034519,17.7120718240675));
#3060=CARTESIAN_POINT('',(-5.10787488812277,-1.72500000137253,11.0159839313782));
#3061=CARTESIAN_POINT('',(-6.847021365199,-1.3,17.74482173549));
#3062=CARTESIAN_POINT('',(-4.10000000000274,-0.1,13.1));
#3063=CARTESIAN_POINT('',(-4.10000000000274,-0.1,12.9));
#3064=CARTESIAN_POINT('',(-4.10000000000274,-0.1,13.1));
#3065=CARTESIAN_POINT('',(-4.10000000000274,-0.1,12.9));
#3066=CARTESIAN_POINT('',(-3.80000000000274,-0.1,12.9));
#3067=CARTESIAN_POINT('',(-3.80000000000274,-0.1,12.9));
#3068=CARTESIAN_POINT('',(-3.80000000000274,-0.1,12.6));
#3069=CARTESIAN_POINT('',(-3.80000000000274,-0.1,12.6));
#3070=CARTESIAN_POINT('',(-3.60000000000274,-0.1,12.6));
#3071=CARTESIAN_POINT('',(-3.60000000000274,-0.1,12.6));
#3072=CARTESIAN_POINT('',(-3.60000000000274,-0.1,12.9));
#3073=CARTESIAN_POINT('',(-3.60000000000274,-0.1,12.9));
#3074=CARTESIAN_POINT('',(-3.30000000000273,-0.1,12.9));
#3075=CARTESIAN_POINT('',(-3.30000000000273,-0.1,12.9));
#3076=CARTESIAN_POINT('',(-3.30000000000273,-0.1,13.1));
#3077=CARTESIAN_POINT('',(-3.30000000000273,-0.1,13.1));
#3078=CARTESIAN_POINT('',(-3.60000000000274,-0.1,13.1));
#3079=CARTESIAN_POINT('',(-3.60000000000274,-0.1,13.1));
#3080=CARTESIAN_POINT('',(-3.60000000000274,-0.1,13.4));
#3081=CARTESIAN_POINT('',(-3.60000000000274,-0.1,13.4));
#3082=CARTESIAN_POINT('',(-3.80000000000274,-0.1,13.4));
#3083=CARTESIAN_POINT('',(-3.80000000000274,-0.1,13.4));
#3084=CARTESIAN_POINT('',(-3.80000000000274,-0.1,13.1));
#3085=CARTESIAN_POINT('',(-3.80000000000274,-0.1,13.1));
#3086=CARTESIAN_POINT('',(0.,-0.1,0.));
#3087=CARTESIAN_POINT('',(-4.20000000000273,-0.100000000000002,15.));
#3088=CARTESIAN_POINT('',(-4.70000000000273,-0.100000000000002,15.));
#3089=CARTESIAN_POINT('',(-4.20000000000273,-0.100000000000002,15.));
#3090=CARTESIAN_POINT('',(-2.72872002771152E-012,-0.3,13.7));
#3091=CARTESIAN_POINT('',(-1.36961893789169,-0.3,14.3116730866859));
#3092=CARTESIAN_POINT('',(-1.49992596825454,-0.3,13.685097323601));
#3093=CARTESIAN_POINT('',(-1.64354272546949,-0.3,14.4340077040231));
#3094=CARTESIAN_POINT('',(-1.34483150194126,-0.3,14.4617854818009));
#3095=CARTESIAN_POINT('',(-1.25000000000273,-0.3,13.4420050587701));
#3096=CARTESIAN_POINT('',(-1.49974277630196,-0.3,16.1276399886945));
#3097=CARTESIAN_POINT('',(-1.79845399983018,-0.3,16.0998622109167));
#3098=CARTESIAN_POINT('',(-1.83175870353069,-0.3,16.3980078074152));
#3099=CARTESIAN_POINT('',(-2.7285E-012,-0.3,0.));
#3100=CARTESIAN_POINT('',(-3.24541433484257,-0.3,16.177678628135));
#3101=CARTESIAN_POINT('',(-3.18640680148185,-0.3,15.8835390167144));
#3102=CARTESIAN_POINT('',(-3.47940324101695,-0.3,15.8190945722699));
#3103=CARTESIAN_POINT('',(-3.54444444444717,-0.3,16.1148041744306));
#3104=CARTESIAN_POINT('',(-2.96374387857554,-0.3,13.4746510983484));
#3105=CARTESIAN_POINT('',(-2.67074743904043,-0.3,13.5390955427929));
#3106=CARTESIAN_POINT('',(-2.61268771210483,-0.3,13.2447673788191));
#3107=CARTESIAN_POINT('',(-2.7285E-012,-0.3,0.));
#3108=CARTESIAN_POINT('',(-1.76078265838529,-0.3,13.3846794668359));
#3109=CARTESIAN_POINT('',(-1.79991116190491,-0.3,13.6821167883212));
#3110=CARTESIAN_POINT('',(-2.7285E-012,-0.3,0.));
#3111=CARTESIAN_POINT('',(2.89999999999727,-0.3,13.1848397790796));
#3112=CARTESIAN_POINT('',(2.96374387857008,-0.3,13.4746510983484));
#3113=CARTESIAN_POINT('',(3.27148333597761,-0.3,14.8737874568378));
#3114=CARTESIAN_POINT('',(2.97848689644251,-0.3,14.9382319012822));
#3115=CARTESIAN_POINT('',(3.23207241370163,-0.3,15.0985265844019));
#3116=CARTESIAN_POINT('',(4.49999999999727,-0.3,15.9));
#3117=CARTESIAN_POINT('',(3.00123962252511,-0.3,15.9609699181525));
#3118=CARTESIAN_POINT('',(2.70148754703068,-0.3,15.973163901783));
#3119=CARTESIAN_POINT('',(2.75151509419797,-0.3,16.2689632332975));
#3120=CARTESIAN_POINT('',(-2.7285E-012,-0.3,0.));
#3121=CARTESIAN_POINT('',(1.83175870352524,-0.3,16.3980078074152));
#3122=CARTESIAN_POINT('',(1.79845399982473,-0.3,16.0998622109167));
#3123=CARTESIAN_POINT('',(1.4997427762965,-0.3,16.1276399886945));
#3124=CARTESIAN_POINT('',(1.52777777777505,-0.3,16.4291172940523));
#3125=CARTESIAN_POINT('',(1.27747580972693,-0.3,13.737469037474));
#3126=CARTESIAN_POINT('',(1.57618703325515,-0.3,13.7096912596962));
#3127=CARTESIAN_POINT('',(1.54192209774955,-0.3,13.411654493181));
#3128=CARTESIAN_POINT('',(-2.7285E-012,-0.3,0.));
#3129=CARTESIAN_POINT('',(2.61268771209937,-0.3,13.2447673788191));
#3130=CARTESIAN_POINT('',(2.67074743903497,-0.3,13.5390955427929));
#3131=CARTESIAN_POINT('',(-2.7285E-012,-0.3,0.));
#3132=CARTESIAN_POINT('',(-2.7285E-012,-0.5,0.));
#3133=CARTESIAN_POINT('',(5.71765131954147,-0.5,16.5721873026218));
#3134=CARTESIAN_POINT('',(-5.71765131954257,-0.5,16.5721873026233));
#3135=CARTESIAN_POINT('',(4.44541830440784,-0.5,11.6498591832321));
#3136=CARTESIAN_POINT('',(6.08832331056899,-0.5,18.0063343046262));
#3137=CARTESIAN_POINT('',(2.726739046674E-012,-0.5,0.));
#3138=CARTESIAN_POINT('',(-6.08832331056891,-0.5,18.0063343046244));
#3139=CARTESIAN_POINT('',(-5.71765131954257,-0.5,16.5721873026233));
#3140=CARTESIAN_POINT('',(-2.7285E-012,-0.5,-3.34144879147361E-028));
#3141=CARTESIAN_POINT('',(6.08766636523469,-0.65,18.0037925528768));
#3142=CARTESIAN_POINT('',(6.08788534709373,-0.600000000005661,18.0046398037731));
#3143=CARTESIAN_POINT('',(6.08810432887181,-0.55000000000566,18.0054870543562));
#3144=CARTESIAN_POINT('',(6.08832331056899,-0.5,18.0063343046262));
#3145=CARTESIAN_POINT('',(6.08766636523469,-0.65,18.0037925528768));
#3146=CARTESIAN_POINT('',(2.726739046674E-012,-0.65,0.));
#3147=CARTESIAN_POINT('',(2.726739046674E-012,-0.65,0.));
#3148=CARTESIAN_POINT('',(-6.08766636523461,-0.65,18.003792552875));
#3149=CARTESIAN_POINT('',(-6.08766636523461,-0.65,18.003792552875));
#3150=CARTESIAN_POINT('',(-6.08788534709365,-0.600000000005661,18.0046398037713));
#3151=CARTESIAN_POINT('',(-6.08810432887173,-0.55000000000566,18.0054870543544));
#3152=CARTESIAN_POINT('',(-6.08832331056891,-0.5,18.0063343046244));
#3153=CARTESIAN_POINT('',(2.726739046674E-012,0.2,0.));
#3154=CARTESIAN_POINT('',(-2.7285E-012,-3.20391523329545,0.));
#3155=CARTESIAN_POINT('',(-2.7285E-012,-3.20391523329545,12.116767035985));
#3156=CARTESIAN_POINT('',(-2.7285E-012,-0.65,0.));
#3157=CARTESIAN_POINT('',(-2.7285E-012,-1.3,0.));
#3158=CARTESIAN_POINT('',(-2.7285E-012,-3.19924763722004,0.));
#3159=CARTESIAN_POINT('',(-11.8493606359199,-3.19924763722004,2.17669223620779E-015));
#3160=CARTESIAN_POINT('',(11.8493606359144,-3.19924763722004,-7.25564078735927E-016));
#3161=CARTESIAN_POINT('',(-2.7285E-012,-3.19924763722004,0.));
#3162=CARTESIAN_POINT('',(-2.7285E-012,-3.20042475200799,0.));
#3163=CARTESIAN_POINT('',(-11.0320300733575,-2.18543801691383,2.02655104761469E-015));
#3164=CARTESIAN_POINT('',(-11.0320300733575,-2.18543801691383,2.02655104761469E-015));
#3165=CARTESIAN_POINT('',(-2.7285E-012,-2.18543801691373,0.));
#3166=CARTESIAN_POINT('',(11.0320300733521,-2.18543801691383,-6.75517015871561E-016));
#3167=CARTESIAN_POINT('',(11.8493606359144,-3.19924763722004,-7.25564078735927E-016));
#3168=CARTESIAN_POINT('',(-2.7285E-012,-3.19924763722004,0.));
#3169=CARTESIAN_POINT('',(-2.7285E-012,-2.18543801691373,0.));
#3170=CARTESIAN_POINT('',(-2.7285E-012,-3.19924763722004,0.));
#3171=CARTESIAN_POINT('',(11.0000076152395,-0.350872620322163,-6.73556205830142E-016));
#3172=CARTESIAN_POINT('',(11.0113381757985,-1.,-6.74250002566196E-016));
#3173=CARTESIAN_POINT('',(-2.7285E-012,-1.,0.));
#3174=CARTESIAN_POINT('',(-11.0113381758039,-1.,2.02275000769859E-015));
#3175=CARTESIAN_POINT('',(-11.0000076152449,-0.350872620322163,2.02066861749043E-015));
#3176=CARTESIAN_POINT('',(-2.7285E-012,-0.350872620322163,0.));
#3177=CARTESIAN_POINT('',(-2.7285E-012,-1.,0.));
#3178=CARTESIAN_POINT('',(-2.7285E-012,-0.350872620322163,0.));
#3179=CARTESIAN_POINT('',(4.49533488485117,-0.65,11.8429887315255));
#3180=CARTESIAN_POINT('',(4.49533488485117,-0.65,11.8429887315255));
#3181=CARTESIAN_POINT('',(2.72669185379817E-012,-0.65,0.));
#3182=CARTESIAN_POINT('',(-4.49533488485169,-0.65,11.8429887315232));
#3183=CARTESIAN_POINT('',(-6.08963719978077,-0.65,18.0114178024872));
#3184=CARTESIAN_POINT('',(-2.7285E-012,-0.65,0.));
#3185=CARTESIAN_POINT('',(-4.10000000000274,-0.2,12.9));
#3186=CARTESIAN_POINT('',(-4.10000000000274,-0.2,12.9));
#3187=CARTESIAN_POINT('',(-3.80000000000274,-0.2,12.9));
#3188=CARTESIAN_POINT('',(-3.80000000000274,-0.1,12.9));
#3189=CARTESIAN_POINT('',(-4.10000000000274,-0.1,12.9));
#3190=CARTESIAN_POINT('',(-4.10000000000274,-0.1,12.9));
#3191=CARTESIAN_POINT('',(-3.80000000000274,-0.2,12.9));
#3192=CARTESIAN_POINT('',(-3.80000000000274,-0.2,12.6));
#3193=CARTESIAN_POINT('',(-3.80000000000274,-0.1,12.6));
#3194=CARTESIAN_POINT('',(-3.80000000000274,-0.1,12.9));
#3195=CARTESIAN_POINT('',(-3.80000000000274,-0.2,12.6));
#3196=CARTESIAN_POINT('',(-3.60000000000274,-0.2,12.6));
#3197=CARTESIAN_POINT('',(-3.60000000000274,-0.1,12.6));
#3198=CARTESIAN_POINT('',(-3.80000000000274,-0.1,12.6));
#3199=CARTESIAN_POINT('',(-3.60000000000274,-0.2,12.6));
#3200=CARTESIAN_POINT('',(-3.60000000000274,-0.2,12.9));
#3201=CARTESIAN_POINT('',(-3.60000000000274,-0.1,12.9));
#3202=CARTESIAN_POINT('',(-3.60000000000274,-0.1,12.6));
#3203=CARTESIAN_POINT('',(-3.60000000000274,-0.2,12.9));
#3204=CARTESIAN_POINT('',(-3.30000000000273,-0.2,12.9));
#3205=CARTESIAN_POINT('',(-3.30000000000273,-0.1,12.9));
#3206=CARTESIAN_POINT('',(-3.60000000000274,-0.1,12.9));
#3207=CARTESIAN_POINT('',(-3.30000000000273,-0.2,12.9));
#3208=CARTESIAN_POINT('',(-3.30000000000273,-0.2,13.1));
#3209=CARTESIAN_POINT('',(-3.30000000000273,-0.1,13.1));
#3210=CARTESIAN_POINT('',(-3.30000000000273,-0.1,12.9));
#3211=CARTESIAN_POINT('',(-3.30000000000273,-0.2,13.1));
#3212=CARTESIAN_POINT('',(-3.60000000000274,-0.2,13.1));
#3213=CARTESIAN_POINT('',(-3.60000000000274,-0.1,13.1));
#3214=CARTESIAN_POINT('',(-3.30000000000273,-0.1,13.1));
#3215=CARTESIAN_POINT('',(-3.60000000000274,-0.2,13.1));
#3216=CARTESIAN_POINT('',(-3.60000000000274,-0.2,13.4));
#3217=CARTESIAN_POINT('',(-3.60000000000274,-0.1,13.4));
#3218=CARTESIAN_POINT('',(-3.60000000000274,-0.1,13.1));
#3219=CARTESIAN_POINT('',(-3.60000000000274,-0.2,13.4));
#3220=CARTESIAN_POINT('',(-3.80000000000274,-0.2,13.4));
#3221=CARTESIAN_POINT('',(-3.80000000000274,-0.1,13.4));
#3222=CARTESIAN_POINT('',(-3.60000000000274,-0.1,13.4));
#3223=CARTESIAN_POINT('',(-3.80000000000274,-0.2,13.4));
#3224=CARTESIAN_POINT('',(-3.80000000000274,-0.2,13.1));
#3225=CARTESIAN_POINT('',(-3.80000000000274,-0.1,13.1));
#3226=CARTESIAN_POINT('',(-3.80000000000274,-0.1,13.4));
#3227=CARTESIAN_POINT('',(-3.80000000000274,-0.2,13.1));
#3228=CARTESIAN_POINT('',(-4.10000000000274,-0.2,13.1));
#3229=CARTESIAN_POINT('',(-4.10000000000274,-0.1,13.1));
#3230=CARTESIAN_POINT('',(-3.80000000000274,-0.1,13.1));
#3231=CARTESIAN_POINT('',(-4.10000000000274,-0.2,13.1));
#3232=CARTESIAN_POINT('',(-4.10000000000274,-0.1,13.1));
#3233=CARTESIAN_POINT('',(-4.20000000000273,-0.200000000000002,15.));
#3234=CARTESIAN_POINT('',(-4.70000000000273,-0.200000000000002,15.));
#3235=CARTESIAN_POINT('',(-4.20000000000273,-0.100000000000002,15.));
#3236=CARTESIAN_POINT('',(-1.49974277630196,-0.3,16.1276399886945));
#3237=CARTESIAN_POINT('',(-1.49974277630196,-0.2,16.1276399886945));
#3238=CARTESIAN_POINT('',(-1.79845399983018,-0.2,16.0998622109167));
#3239=CARTESIAN_POINT('',(-1.83175870353069,-0.2,16.3980078074152));
#3240=CARTESIAN_POINT('',(-1.83175870353069,-0.3,16.3980078074152));
#3241=CARTESIAN_POINT('',(-1.79845399983018,-0.3,16.0998622109167));
#3242=CARTESIAN_POINT('',(-2.7285E-012,-0.2,0.));
#3243=CARTESIAN_POINT('',(-3.24541433484257,-0.2,16.177678628135));
#3244=CARTESIAN_POINT('',(-3.24541433484257,-0.3,16.177678628135));
#3245=CARTESIAN_POINT('',(-2.7285E-012,-0.3,0.));
#3246=CARTESIAN_POINT('',(-3.18640680148185,-0.2,15.8835390167144));
#3247=CARTESIAN_POINT('',(-3.47940324101695,-0.2,15.8190945722699));
#3248=CARTESIAN_POINT('',(-3.47940324101695,-0.3,15.8190945722699));
#3249=CARTESIAN_POINT('',(-3.18640680148185,-0.3,15.8835390167144));
#3250=CARTESIAN_POINT('',(-3.54444444444717,-0.2,16.1148041744306));
#3251=CARTESIAN_POINT('',(-2.96374387857554,-0.2,13.4746510983484));
#3252=CARTESIAN_POINT('',(-2.96374387857554,-0.3,13.4746510983484));
#3253=CARTESIAN_POINT('',(-3.54444444444717,-0.3,16.1148041744306));
#3254=CARTESIAN_POINT('',(-2.67074743904043,-0.2,13.5390955427929));
#3255=CARTESIAN_POINT('',(-2.61268771210483,-0.2,13.2447673788191));
#3256=CARTESIAN_POINT('',(-2.61268771210483,-0.3,13.2447673788191));
#3257=CARTESIAN_POINT('',(-2.67074743904043,-0.3,13.5390955427929));
#3258=CARTESIAN_POINT('',(-2.7285E-012,-0.2,0.));
#3259=CARTESIAN_POINT('',(-1.76078265838529,-0.2,13.3846794668359));
#3260=CARTESIAN_POINT('',(-1.76078265838529,-0.3,13.3846794668359));
#3261=CARTESIAN_POINT('',(-2.7285E-012,-0.3,0.));
#3262=CARTESIAN_POINT('',(-1.79991116190491,-0.2,13.6821167883212));
#3263=CARTESIAN_POINT('',(-1.49992596825454,-0.200000000000002,13.685097323601));
#3264=CARTESIAN_POINT('',(-1.49992596825454,-1.1,13.685097323601));
#3265=CARTESIAN_POINT('',(-1.79991116190491,-0.3,13.6821167883212));
#3266=CARTESIAN_POINT('',(-2.72872002771152E-012,-0.200000000000002,13.7));
#3267=CARTESIAN_POINT('',(-1.36961893789169,-0.200000000000002,14.3116730866859));
#3268=CARTESIAN_POINT('',(-1.36961893789169,-1.1,14.3116730866859));
#3269=CARTESIAN_POINT('',(-2.72872002771152E-012,-1.1,13.7));
#3270=CARTESIAN_POINT('',(-1.64354272546949,-0.2,14.4340077040231));
#3271=CARTESIAN_POINT('',(-1.34483150194126,-0.2,14.4617854818009));
#3272=CARTESIAN_POINT('',(-1.34483150194126,-0.200000000000002,14.4617854818009));
#3273=CARTESIAN_POINT('',(-1.64354272546949,-1.1,14.4340077040231));
#3274=CARTESIAN_POINT('',(-1.25000000000273,-0.2,13.4420050587701));
#3275=CARTESIAN_POINT('',(-1.25000000000273,-0.3,13.4420050587701));
#3276=CARTESIAN_POINT('',(1.83175870352524,-0.3,16.3980078074152));
#3277=CARTESIAN_POINT('',(1.83175870352524,-0.2,16.3980078074152));
#3278=CARTESIAN_POINT('',(1.79845399982473,-0.2,16.0998622109167));
#3279=CARTESIAN_POINT('',(1.4997427762965,-0.2,16.1276399886945));
#3280=CARTESIAN_POINT('',(1.4997427762965,-0.3,16.1276399886945));
#3281=CARTESIAN_POINT('',(1.79845399982473,-0.3,16.0998622109167));
#3282=CARTESIAN_POINT('',(1.52777777777505,-0.2,16.4291172940523));
#3283=CARTESIAN_POINT('',(1.27747580972693,-0.2,13.737469037474));
#3284=CARTESIAN_POINT('',(1.27747580972693,-0.3,13.737469037474));
#3285=CARTESIAN_POINT('',(1.52777777777505,-0.3,16.4291172940523));
#3286=CARTESIAN_POINT('',(1.57618703325515,-0.2,13.7096912596962));
#3287=CARTESIAN_POINT('',(1.54192209774955,-0.2,13.411654493181));
#3288=CARTESIAN_POINT('',(1.54192209774955,-0.3,13.411654493181));
#3289=CARTESIAN_POINT('',(1.57618703325515,-0.3,13.7096912596962));
#3290=CARTESIAN_POINT('',(-2.7285E-012,-0.2,0.));
#3291=CARTESIAN_POINT('',(2.61268771209937,-0.2,13.2447673788191));
#3292=CARTESIAN_POINT('',(2.61268771209937,-0.3,13.2447673788191));
#3293=CARTESIAN_POINT('',(-2.7285E-012,-0.3,0.));
#3294=CARTESIAN_POINT('',(2.67074743903497,-0.2,13.5390955427929));
#3295=CARTESIAN_POINT('',(2.96374387857008,-0.2,13.4746510983484));
#3296=CARTESIAN_POINT('',(2.96374387857008,-0.3,13.4746510983484));
#3297=CARTESIAN_POINT('',(2.67074743903497,-0.3,13.5390955427929));
#3298=CARTESIAN_POINT('',(2.89999999999727,-0.2,13.1848397790796));
#3299=CARTESIAN_POINT('',(3.27148333597761,-0.2,14.8737874568378));
#3300=CARTESIAN_POINT('',(3.27148333597761,-0.3,14.8737874568378));
#3301=CARTESIAN_POINT('',(2.89999999999727,-0.3,13.1848397790796));
#3302=CARTESIAN_POINT('',(2.97848689644251,-0.2,14.9382319012822));
#3303=CARTESIAN_POINT('',(3.23207241370163,-0.2,15.0985265844019));
#3304=CARTESIAN_POINT('',(3.23207241370163,-1.2,15.0985265844019));
#3305=CARTESIAN_POINT('',(2.97848689644251,-1.2,14.9382319012822));
#3306=CARTESIAN_POINT('',(4.49999999999727,-0.2,15.9));
#3307=CARTESIAN_POINT('',(3.00123962252511,-0.2,15.9609699181525));
#3308=CARTESIAN_POINT('',(3.00123962252511,-1.2,15.9609699181525));
#3309=CARTESIAN_POINT('',(4.49999999999727,-1.2,15.9));
#3310=CARTESIAN_POINT('',(2.70148754703068,-0.2,15.973163901783));
#3311=CARTESIAN_POINT('',(2.75151509419797,-0.2,16.2689632332975));
#3312=CARTESIAN_POINT('',(2.75151509419797,-0.3,16.2689632332975));
#3313=CARTESIAN_POINT('',(2.70148754703068,-0.3,15.973163901783));
#3314=CARTESIAN_POINT('',(-2.7285E-012,-0.2,0.));
#3315=CARTESIAN_POINT('',(-2.7285E-012,-0.3,0.));
#3316=CARTESIAN_POINT('',(-5.71765131954257,-0.3,16.5721873026233));
#3317=CARTESIAN_POINT('',(-5.71765131954257,-0.2,16.5721873026233));
#3318=CARTESIAN_POINT('',(-4.49533488485169,-3.765,11.8429887315232));
#3319=CARTESIAN_POINT('',(-4.49533488485169,-0.2,11.8429887315232));
#3320=CARTESIAN_POINT('',(-5.71765131954257,-0.2,16.5721873026233));
#3321=CARTESIAN_POINT('',(-5.71765131954257,-0.3,16.5721873026233));
#3322=CARTESIAN_POINT('',(-2.7285E-012,-0.2,0.));
#3323=CARTESIAN_POINT('',(5.71765131954147,-0.2,16.5721873026218));
#3324=CARTESIAN_POINT('',(5.71765131954147,-0.3,16.5721873026218));
#3325=CARTESIAN_POINT('',(-2.7285E-012,-0.3,0.));
#3326=CARTESIAN_POINT('',(4.49533488485117,-3.765,11.8429887315255));
#3327=CARTESIAN_POINT('',(4.49533488485117,-0.2,11.8429887315255));
#3328=CARTESIAN_POINT('',(4.44541830440784,-0.2,11.6498591832321));
#3329=CARTESIAN_POINT('',(4.44541830440784,-0.3,11.6498591832321));
#3330=CARTESIAN_POINT('',(2.72669185379817E-012,-0.2,0.));
#3331=CARTESIAN_POINT('',(2.72669185379817E-012,-3.765,0.));
#3332=CARTESIAN_POINT('',(-2.72872002771152E-012,-0.2,13.7));
#3333=CARTESIAN_POINT('',(-2.72872002771152E-012,-0.2,13.2));
#3334=CARTESIAN_POINT('',(-2.72872002771152E-012,-1.30104260698261E-015,
13.7));
#3335=CARTESIAN_POINT('',(-2.72872002771152E-012,-1.30104260698261E-015,
14.2));
#3336=CARTESIAN_POINT('',(-2.72872002771152E-012,-2.4,13.7));
#3337=CARTESIAN_POINT('',(4.49999999999727,-0.2,15.9));
#3338=CARTESIAN_POINT('',(4.49999999999727,-0.2,15.4));
#3339=CARTESIAN_POINT('',(-2.7285E-012,-0.2,0.));
#3340=CARTESIAN_POINT('',(4.49999999999727,-1.30104260698261E-015,15.9));
#3341=CARTESIAN_POINT('',(4.49999999999727,-1.30104260698261E-015,16.4));
#3342=CARTESIAN_POINT('',(4.49999999999727,3.9,15.9));
#3343=CARTESIAN_POINT('',(-18.6,-1.42247325030098E-015,0.));
#3344=CARTESIAN_POINT('',(-18.6,-1.42247325030098E-015,0.));
#3345=CARTESIAN_POINT('',(-2.7285E-012,-1.,0.));
#3346=CARTESIAN_POINT('',(-11.0000000000027,-1.,-7.46803654464298E-011));
#3347=CARTESIAN_POINT('',(10.9999999999973,-1.,7.46782477328576E-011));
#3348=CARTESIAN_POINT('',(-2.7285E-012,-1.,0.));
#3349=CARTESIAN_POINT('',(-11.2,-1.,0.));
#3350=CARTESIAN_POINT('',(-2.7285E-012,-4.7500000000003,0.));
#3351=CARTESIAN_POINT('',(-2.7285E-012,-4.7500000000003,2.7));
#3352=CARTESIAN_POINT('',(-2.7285E-012,-4.7500000000003,0.));
#3353=CARTESIAN_POINT('',(-2.7285E-012,-4.7500000000003,10.8));
#3354=CARTESIAN_POINT('',(-2.7285E-012,-4.7500000000003,0.));
#3355=CARTESIAN_POINT('',(-2.7285E-012,-4.5500000000003,0.));
#3356=CARTESIAN_POINT('',(10.9999999999973,-4.5500000000003,7.46782477328576E-011));
#3357=CARTESIAN_POINT('',(-11.0000000000027,-4.5500000000003,-7.46803654464298E-011));
#3358=CARTESIAN_POINT('',(-2.7285E-012,-4.5500000000003,0.));
#3359=CARTESIAN_POINT('',(-2.7285E-012,-4.5500000000003,0.));
#3360=CARTESIAN_POINT('',(-11.0000000000027,-2.5750000000003,-7.46803654464298E-011));
#3361=CARTESIAN_POINT('',(10.9999999999973,-2.5750000000003,7.46782477328576E-011));
#3362=CARTESIAN_POINT('',(-2.7285E-012,-5.0425000000003,0.));
#3363=CARTESIAN_POINT('',(-2.7285E-012,-5.0425000000003,0.));
#3364=CARTESIAN_POINT('',(-2.7285E-012,-4.6500000000003,0.));
#3365=CARTESIAN_POINT('',(2.59999999999727,-4.6500000000003,0.));
#3366=CARTESIAN_POINT('',(-2.60000000000273,-4.6500000000003,0.));
#3367=CARTESIAN_POINT('',(-2.7285E-012,-4.6500000000003,0.));
#3368=CARTESIAN_POINT('',(-2.7285E-012,-4.6500000000003,0.));
#3369=CARTESIAN_POINT('',(-2.60000000000273,-3.2500000000003,0.));
#3370=CARTESIAN_POINT('',(-2.60000000000273,-3.3500000000003,0.));
#3371=CARTESIAN_POINT('',(-2.7285E-012,-3.3500000000003,0.));
#3372=CARTESIAN_POINT('',(2.59999999999727,-3.3500000000003,0.));
#3373=CARTESIAN_POINT('',(2.59999999999727,-3.2500000000003,0.));
#3374=CARTESIAN_POINT('',(-2.7285E-012,-3.2500000000003,0.));
#3375=CARTESIAN_POINT('',(-2.7285E-012,-3.3500000000003,0.));
#3376=CARTESIAN_POINT('',(-2.7285E-012,-3.2500000000003,0.));
#3377=CARTESIAN_POINT('',(-2.7285E-012,-3.2500000000003,0.));
#3378=CARTESIAN_POINT('',(-2.7285E-012,-3.2500000000003,2.7));
#3379=CARTESIAN_POINT('',(-2.7285E-012,-3.3500000000003,0.));
#3380=CARTESIAN_POINT('',(-2.7285E-012,-3.2500000000003,0.));
#3381=CARTESIAN_POINT('',(-2.7285E-012,-3.2500000000003,2.99999999999727));
#3382=CARTESIAN_POINT('',(-2.7285E-012,-3.2500000000003,0.));
#3383=CARTESIAN_POINT('',(-2.7285E-012,-2.5,0.));
#3384=CARTESIAN_POINT('',(-2.7285E-012,-2.5,-2.99999999999727));
#3385=CARTESIAN_POINT('',(-3.,-2.5,0.));
#3386=CARTESIAN_POINT('',(-2.7285E-012,3.1,0.));
#3387=CARTESIAN_POINT('',(-9.11147945052291,-0.2,12.0913416221153));
#3388=CARTESIAN_POINT('',(-9.79551973717425,-0.2,10.2119563805435));
#3389=CARTESIAN_POINT('',(-2.7285E-012,-0.2,0.));
#3390=CARTESIAN_POINT('',(-9.11147945052291,-1.73472347597681E-015,12.0913416221153));
#3391=CARTESIAN_POINT('',(-9.11147945052291,-1.73472347597681E-015,14.0913416221153));
#3392=CARTESIAN_POINT('',(-9.11147945052291,13.66,12.0913416221153));
#3393=CARTESIAN_POINT('',(-18.6,-1.42247325030098E-015,0.));
#3394=CARTESIAN_POINT('',(14.9536014766106,-1.73472347597681E-015,2.36841780070789));
#3395=CARTESIAN_POINT('',(14.9536014766106,-1.73472347597681E-015,4.36841780070788));
#3396=CARTESIAN_POINT('',(-18.6,-1.42247325030098E-015,0.));
#3397=CARTESIAN_POINT('',(14.9536014766106,-0.2,2.36841780070789));
#3398=CARTESIAN_POINT('',(14.140128190459,-0.2,0.541326885422691));
#3399=CARTESIAN_POINT('',(-2.7285E-012,-0.2,0.));
#3400=CARTESIAN_POINT('',(14.9536014766106,13.66,2.36841780070789));
#3401=CARTESIAN_POINT('',(14.7519627808482,-1.73472347597681E-015,-3.40575896276731));
#3402=CARTESIAN_POINT('',(14.7519627808482,-1.73472347597681E-015,-1.40575896276731));
#3403=CARTESIAN_POINT('',(-18.6,-1.42247325030098E-015,0.));
#3404=CARTESIAN_POINT('',(14.7519627808482,-0.2,-3.40575896276731));
#3405=CARTESIAN_POINT('',(13.3132831801709,-0.2,-4.79507570368529));
#3406=CARTESIAN_POINT('',(-2.7285E-012,-0.2,0.));
#3407=CARTESIAN_POINT('',(14.7519627808482,13.66,-3.40575896276731));
#3408=CARTESIAN_POINT('',(12.9775129326306,-1.73472347597681E-015,7.79767645413716));
#3409=CARTESIAN_POINT('',(12.9775129326306,-1.73472347597681E-015,9.79767645413716));
#3410=CARTESIAN_POINT('',(-18.6,-1.42247325030098E-015,0.));
#3411=CARTESIAN_POINT('',(12.9775129326306,-0.2,7.79767645413716));
#3412=CARTESIAN_POINT('',(12.9077139392256,-0.2,5.79889480009897));
#3413=CARTESIAN_POINT('',(-2.7285E-012,-0.2,0.));
#3414=CARTESIAN_POINT('',(12.9775129326306,13.66,7.79767645413716));
#3415=CARTESIAN_POINT('',(12.4019619505346,-1.73472347597681E-015,-8.68394724635583));
#3416=CARTESIAN_POINT('',(12.4019619505346,-1.73472347597681E-015,-6.68394724635583));
#3417=CARTESIAN_POINT('',(-18.6,-1.42247325030098E-015,0.));
#3418=CARTESIAN_POINT('',(12.4019619505346,-0.2,-8.68394724635583));
#3419=CARTESIAN_POINT('',(10.5475942414011,-0.2,-9.43316043318764));
#3420=CARTESIAN_POINT('',(-2.7285E-012,-0.2,0.));
#3421=CARTESIAN_POINT('',(12.4019619505346,13.66,-8.68394724635583));
#3422=CARTESIAN_POINT('',(-8.24583499012659,-0.2,-12.6974723986943));
#3423=CARTESIAN_POINT('',(-6.24583499012659,-0.2,-12.6974723986943));
#3424=CARTESIAN_POINT('',(-2.7285E-012,-0.2,0.));
#3425=CARTESIAN_POINT('',(-8.24583499012659,-1.73472347597681E-015,-12.6974723986943));
#3426=CARTESIAN_POINT('',(-8.24583499012659,-1.73472347597681E-015,-10.6974723986943));
#3427=CARTESIAN_POINT('',(-8.24583499012659,13.66,-12.6974723986943));
#3428=CARTESIAN_POINT('',(-18.6,-1.42247325030098E-015,0.));
#3429=CARTESIAN_POINT('',(-12.4019619505347,-0.2,-8.68394724635574));
#3430=CARTESIAN_POINT('',(-10.5475942414011,-0.2,-9.43316043318756));
#3431=CARTESIAN_POINT('',(-2.7285E-012,-0.2,0.));
#3432=CARTESIAN_POINT('',(-12.4019619505347,-1.73472347597681E-015,-8.68394724635574));
#3433=CARTESIAN_POINT('',(-12.4019619505347,-1.73472347597681E-015,-6.68394724635574));
#3434=CARTESIAN_POINT('',(-12.4019619505347,13.66,-8.68394724635574));
#3435=CARTESIAN_POINT('',(-18.6,-1.42247325030098E-015,0.));
#3436=CARTESIAN_POINT('',(-14.7519627808482,-0.2,-3.4057589627672));
#3437=CARTESIAN_POINT('',(-13.3132831801709,-0.2,-4.79507570368519));
#3438=CARTESIAN_POINT('',(-2.7285E-012,-0.2,0.));
#3439=CARTESIAN_POINT('',(-14.7519627808482,-1.73472347597681E-015,-3.4057589627672));
#3440=CARTESIAN_POINT('',(-14.7519627808482,-1.73472347597681E-015,-1.4057589627672));
#3441=CARTESIAN_POINT('',(-14.7519627808482,13.66,-3.4057589627672));
#3442=CARTESIAN_POINT('',(-18.6,-1.42247325030098E-015,0.));
#3443=CARTESIAN_POINT('',(-14.9536014766106,-0.2,2.368417800708));
#3444=CARTESIAN_POINT('',(-14.140128190459,-0.2,0.541326885422798));
#3445=CARTESIAN_POINT('',(-2.7285E-012,-0.2,0.));
#3446=CARTESIAN_POINT('',(-14.9536014766106,-1.73472347597681E-015,2.368417800708));
#3447=CARTESIAN_POINT('',(-14.9536014766106,-1.73472347597681E-015,4.368417800708));
#3448=CARTESIAN_POINT('',(-14.9536014766106,13.66,2.368417800708));
#3449=CARTESIAN_POINT('',(-18.6,-1.42247325030098E-015,0.));
#3450=CARTESIAN_POINT('',(-12.9775129326305,-0.2,7.79767645413726));
#3451=CARTESIAN_POINT('',(-12.9077139392255,-0.2,5.79889480009907));
#3452=CARTESIAN_POINT('',(-2.7285E-012,-0.2,0.));
#3453=CARTESIAN_POINT('',(-12.9775129326305,-1.73472347597681E-015,7.79767645413726));
#3454=CARTESIAN_POINT('',(-12.9775129326305,-1.73472347597681E-015,9.79767645413726));
#3455=CARTESIAN_POINT('',(-12.9775129326305,13.66,7.79767645413726));
#3456=CARTESIAN_POINT('',(-18.6,-1.42247325030098E-015,0.));
#3457=CARTESIAN_POINT('',(-2.88884818999944,-1.73472347597681E-015,-14.8618355573979));
#3458=CARTESIAN_POINT('',(-2.88884818999944,-1.73472347597681E-015,-12.8618355573979));
#3459=CARTESIAN_POINT('',(-18.6,-1.42247325030098E-015,0.));
#3460=CARTESIAN_POINT('',(-2.88884818999944,-0.2,-14.8618355573979));
#3461=CARTESIAN_POINT('',(-0.88884818999944,-0.2,-14.8618355573979));
#3462=CARTESIAN_POINT('',(-2.7285E-012,-0.2,0.));
#3463=CARTESIAN_POINT('',(-2.88884818999944,13.66,-14.8618355573979));
#3464=CARTESIAN_POINT('',(2.88884818999944,-1.73472347597681E-015,-14.8618355573979));
#3465=CARTESIAN_POINT('',(2.88884818999944,-1.73472347597681E-015,-12.8618355573979));
#3466=CARTESIAN_POINT('',(-18.6,-1.42247325030098E-015,0.));
#3467=CARTESIAN_POINT('',(2.88884818999944,-0.2,-14.8618355573979));
#3468=CARTESIAN_POINT('',(0.88884818999944,-0.2,-14.8618355573979));
#3469=CARTESIAN_POINT('',(-2.7285E-012,-0.2,0.));
#3470=CARTESIAN_POINT('',(2.88884818999944,13.66,-14.8618355573979));
#3471=CARTESIAN_POINT('',(8.24583499012659,-1.73472347597681E-015,-12.6974723986943));
#3472=CARTESIAN_POINT('',(8.24583499012659,-1.73472347597681E-015,-10.6974723986943));
#3473=CARTESIAN_POINT('',(-18.6,-1.42247325030098E-015,0.));
#3474=CARTESIAN_POINT('',(8.24583499012659,-0.2,-12.6974723986943));
#3475=CARTESIAN_POINT('',(6.24583499012659,-0.2,-12.6974723986943));
#3476=CARTESIAN_POINT('',(-2.7285E-012,-0.2,0.));
#3477=CARTESIAN_POINT('',(8.24583499012659,13.66,-12.6974723986943));
#3478=CARTESIAN_POINT('',(9.111479450523,-0.2,12.0913416221153));
#3479=CARTESIAN_POINT('',(9.79551973717432,-0.2,10.2119563805434));
#3480=CARTESIAN_POINT('',(9.111479450523,-1.73472347597681E-015,12.0913416221153));
#3481=CARTESIAN_POINT('',(9.111479450523,-1.73472347597681E-015,14.0913416221153));
#3482=CARTESIAN_POINT('',(9.111479450523,13.66,12.0913416221153));
#3483=CARTESIAN_POINT('',(-2.7285E-012,-0.2,0.));
#3484=CARTESIAN_POINT('',(-18.6,-1.42247325030098E-015,0.));
#3485=MECHANICAL_DESIGN_GEOMETRIC_PRESENTATION_REPRESENTATION('',(#36,#31,
#32,#33,#34),#3486);
#3486=(
GEOMETRIC_REPRESENTATION_CONTEXT(3)
GLOBAL_UNCERTAINTY_ASSIGNED_CONTEXT((#3487))
GLOBAL_UNIT_ASSIGNED_CONTEXT((#3493,#3489,#3488))
REPRESENTATION_CONTEXT('OWR-4009T-38E_3D_20230717',
'TOP_LEVEL_ASSEMBLY_PART')
);
#3487=UNCERTAINTY_MEASURE_WITH_UNIT(LENGTH_MEASURE(0.00508),#3493,
'DISTANCE_ACCURACY_VALUE','Maximum Tolerance applied to model');
#3488=(
NAMED_UNIT(*)
SI_UNIT($,.STERADIAN.)
SOLID_ANGLE_UNIT()
);
#3489=(
CONVERSION_BASED_UNIT('DEGREE',#3491)
NAMED_UNIT(#3490)
PLANE_ANGLE_UNIT()
);
#3490=DIMENSIONAL_EXPONENTS(0.,0.,0.,0.,0.,0.,0.);
#3491=PLANE_ANGLE_MEASURE_WITH_UNIT(PLANE_ANGLE_MEASURE(0.0174532925),#3492);
#3492=(
NAMED_UNIT(*)
PLANE_ANGLE_UNIT()
SI_UNIT($,.RADIAN.)
);
#3493=(
LENGTH_UNIT()
NAMED_UNIT(*)
SI_UNIT(.MILLI.,.METRE.)
);
ENDSEC;
END-ISO-10303-21;
