ISO-10303-21;
HEADER;
/* Generated by software containing ST-Developer
 * from STEP Tools, Inc. (www.steptools.com) 
 */

FILE_DESCRIPTION(
/* description */ (''),
/* implementation_level */ '2;1');

FILE_NAME(
/* name */ 'ZX Spectrum Speaker 40ohm.step',
/* time_stamp */ '2026-09-01T20:28:41+02:00',
/* author */ (''),
/* organization */ (''),
/* preprocessor_version */ 'ST-DEVELOPER v20.1',
/* originating_system */ 'Autodesk Translation Framework v15.8.0.0',
/* authorisation */ '');

FILE_SCHEMA (('AUTOMOTIVE_DESIGN { 1 0 10303 214 3 1 1 }'));
ENDSEC;

DATA;
#10=MECHANICAL_DESIGN_GEOMETRIC_PRESENTATION_REPRESENTATION('',(#642,#643,
#644,#645,#646,#647,#648,#649,#650,#651,#652,#653,#654,#655,#656,#657,#658,
#659,#660,#661,#662,#663),#14617);
#11=ITEM_DEFINED_TRANSFORMATION($,$,#6426,#6784);
#12=ITEM_DEFINED_TRANSFORMATION($,$,#6499,#6785);
#13=ITEM_DEFINED_TRANSFORMATION($,$,#6555,#6786);
#14=ITEM_DEFINED_TRANSFORMATION($,$,#6597,#6787);
#15=ITEM_DEFINED_TRANSFORMATION($,$,#6707,#6788);
#16=ITEM_DEFINED_TRANSFORMATION($,$,#6739,#6789);
#17=(
REPRESENTATION_RELATIONSHIP($,$,#14643,#14642)
REPRESENTATION_RELATIONSHIP_WITH_TRANSFORMATION(#11)
SHAPE_REPRESENTATION_RELATIONSHIP()
);
#18=(
REPRESENTATION_RELATIONSHIP($,$,#14644,#14642)
REPRESENTATION_RELATIONSHIP_WITH_TRANSFORMATION(#12)
SHAPE_REPRESENTATION_RELATIONSHIP()
);
#19=(
REPRESENTATION_RELATIONSHIP($,$,#14645,#14642)
REPRESENTATION_RELATIONSHIP_WITH_TRANSFORMATION(#13)
SHAPE_REPRESENTATION_RELATIONSHIP()
);
#20=(
REPRESENTATION_RELATIONSHIP($,$,#14646,#14642)
REPRESENTATION_RELATIONSHIP_WITH_TRANSFORMATION(#14)
SHAPE_REPRESENTATION_RELATIONSHIP()
);
#21=(
REPRESENTATION_RELATIONSHIP($,$,#14647,#14642)
REPRESENTATION_RELATIONSHIP_WITH_TRANSFORMATION(#15)
SHAPE_REPRESENTATION_RELATIONSHIP()
);
#22=(
REPRESENTATION_RELATIONSHIP($,$,#14648,#14642)
REPRESENTATION_RELATIONSHIP_WITH_TRANSFORMATION(#16)
SHAPE_REPRESENTATION_RELATIONSHIP()
);
#23=CONTEXT_DEPENDENT_SHAPE_REPRESENTATION(#17,#14636);
#24=CONTEXT_DEPENDENT_SHAPE_REPRESENTATION(#18,#14637);
#25=CONTEXT_DEPENDENT_SHAPE_REPRESENTATION(#19,#14638);
#26=CONTEXT_DEPENDENT_SHAPE_REPRESENTATION(#20,#14639);
#27=CONTEXT_DEPENDENT_SHAPE_REPRESENTATION(#21,#14640);
#28=CONTEXT_DEPENDENT_SHAPE_REPRESENTATION(#22,#14641);
#29=NEXT_ASSEMBLY_USAGE_OCCURRENCE('Body:1','Body:1','Body:1',#14650,#14651,
'Body:1');
#30=NEXT_ASSEMBLY_USAGE_OCCURRENCE('Magnet:1','Magnet:1','Magnet:1',#14650,
#14652,'Magnet:1');
#31=NEXT_ASSEMBLY_USAGE_OCCURRENCE('Plastic Cover:1','Plastic Cover:1',
'Plastic Cover:1',#14650,#14653,'Plastic Cover:1');
#32=NEXT_ASSEMBLY_USAGE_OCCURRENCE('Board:1','Board:1','Board:1',#14650,
#14654,'Board:1');
#33=NEXT_ASSEMBLY_USAGE_OCCURRENCE('CopperWire:1','CopperWire:1',
'CopperWire:1',#14650,#14655,'CopperWire:1');
#34=NEXT_ASSEMBLY_USAGE_OCCURRENCE('Pins:1','Pins:1','Pins:1',#14650,#14656,
'Pins:1');
#35=ELLIPSE('',#6660,8.17952133208711,0.6);
#36=ELLIPSE('',#6690,0.601603503421109,0.6);
#37=(
BOUNDED_CURVE()
B_SPLINE_CURVE(2,(#12121,#12122,#12123),.UNSPECIFIED.,.F.,.F.)
B_SPLINE_CURVE_WITH_KNOTS((3,3),(-0.114559126035347,-0.0503340426454128),
 .UNSPECIFIED.)
CURVE()
GEOMETRIC_REPRESENTATION_ITEM()
RATIONAL_B_SPLINE_CURVE((1.,1.,1.))
REPRESENTATION_ITEM('')
);
#38=(
BOUNDED_CURVE()
B_SPLINE_CURVE(2,(#12220,#12221,#12222),.UNSPECIFIED.,.F.,.F.)
B_SPLINE_CURVE_WITH_KNOTS((3,3),(-0.114559126035345,-0.0503340426453994),
 .UNSPECIFIED.)
CURVE()
GEOMETRIC_REPRESENTATION_ITEM()
RATIONAL_B_SPLINE_CURVE((1.,1.,1.))
REPRESENTATION_ITEM('')
);
#39=(
BOUNDED_CURVE()
B_SPLINE_CURVE(2,(#12249,#12250,#12251),.UNSPECIFIED.,.F.,.F.)
B_SPLINE_CURVE_WITH_KNOTS((3,3),(0.010596635400806,0.0754502515379886),
 .UNSPECIFIED.)
CURVE()
GEOMETRIC_REPRESENTATION_ITEM()
RATIONAL_B_SPLINE_CURVE((1.,1.,1.))
REPRESENTATION_ITEM('')
);
#40=(
BOUNDED_CURVE()
B_SPLINE_CURVE(2,(#12252,#12253,#12254),.UNSPECIFIED.,.F.,.F.)
B_SPLINE_CURVE_WITH_KNOTS((3,3),(0.0101379490817527,0.0744446305950611),
 .UNSPECIFIED.)
CURVE()
GEOMETRIC_REPRESENTATION_ITEM()
RATIONAL_B_SPLINE_CURVE((1.,1.,1.))
REPRESENTATION_ITEM('')
);
#41=(
BOUNDED_CURVE()
B_SPLINE_CURVE(2,(#12256,#12257,#12258),.UNSPECIFIED.,.F.,.F.)
B_SPLINE_CURVE_WITH_KNOTS((3,3),(0.0104579244598466,0.0745418887671533),
 .UNSPECIFIED.)
CURVE()
GEOMETRIC_REPRESENTATION_ITEM()
RATIONAL_B_SPLINE_CURVE((1.,1.,1.))
REPRESENTATION_ITEM('')
);
#42=(
BOUNDED_CURVE()
B_SPLINE_CURVE(2,(#12262,#12263,#12264),.UNSPECIFIED.,.F.,.F.)
B_SPLINE_CURVE_WITH_KNOTS((3,3),(0.0101379490817488,0.0744446305950485),
 .UNSPECIFIED.)
CURVE()
GEOMETRIC_REPRESENTATION_ITEM()
RATIONAL_B_SPLINE_CURVE((1.,1.,1.))
REPRESENTATION_ITEM('')
);
#43=(
BOUNDED_CURVE()
B_SPLINE_CURVE(2,(#12465,#12466,#12467),.UNSPECIFIED.,.F.,.F.)
B_SPLINE_CURVE_WITH_KNOTS((3,3),(0.0104579244598428,0.0745418887671422),
 .UNSPECIFIED.)
CURVE()
GEOMETRIC_REPRESENTATION_ITEM()
RATIONAL_B_SPLINE_CURVE((1.,1.,1.))
REPRESENTATION_ITEM('')
);
#44=(
BOUNDED_CURVE()
B_SPLINE_CURVE(2,(#12509,#12510,#12511),.UNSPECIFIED.,.F.,.F.)
B_SPLINE_CURVE_WITH_KNOTS((3,3),(0.260611501739249,0.298888225546134),
 .UNSPECIFIED.)
CURVE()
GEOMETRIC_REPRESENTATION_ITEM()
RATIONAL_B_SPLINE_CURVE((1.,1.,1.))
REPRESENTATION_ITEM('')
);
#45=(
BOUNDED_CURVE()
B_SPLINE_CURVE(2,(#12514,#12515,#12516),.UNSPECIFIED.,.F.,.F.)
B_SPLINE_CURVE_WITH_KNOTS((3,3),(0.0101379490817466,0.0744446305950414),
 .UNSPECIFIED.)
CURVE()
GEOMETRIC_REPRESENTATION_ITEM()
RATIONAL_B_SPLINE_CURVE((1.,1.,1.))
REPRESENTATION_ITEM('')
);
#46=(
BOUNDED_CURVE()
B_SPLINE_CURVE(2,(#12518,#12519,#12520),.UNSPECIFIED.,.F.,.F.)
B_SPLINE_CURVE_WITH_KNOTS((3,3),(0.0105966354008047,0.0754502515379845),
 .UNSPECIFIED.)
CURVE()
GEOMETRIC_REPRESENTATION_ITEM()
RATIONAL_B_SPLINE_CURVE((1.,1.,1.))
REPRESENTATION_ITEM('')
);
#47=(
BOUNDED_CURVE()
B_SPLINE_CURVE(2,(#12570,#12571,#12572),.UNSPECIFIED.,.F.,.F.)
B_SPLINE_CURVE_WITH_KNOTS((3,3),(0.0101379490817451,0.0744446305950364),
 .UNSPECIFIED.)
CURVE()
GEOMETRIC_REPRESENTATION_ITEM()
RATIONAL_B_SPLINE_CURVE((1.,1.,1.))
REPRESENTATION_ITEM('')
);
#48=(
BOUNDED_CURVE()
B_SPLINE_CURVE(2,(#12574,#12575,#12576),.UNSPECIFIED.,.F.,.F.)
B_SPLINE_CURVE_WITH_KNOTS((3,3),(-0.114559126035343,-0.0883819293677866),
 .UNSPECIFIED.)
CURVE()
GEOMETRIC_REPRESENTATION_ITEM()
RATIONAL_B_SPLINE_CURVE((1.,1.,1.))
REPRESENTATION_ITEM('')
);
#49=(
BOUNDED_CURVE()
B_SPLINE_CURVE(2,(#12579,#12580,#12581),.UNSPECIFIED.,.F.,.F.)
B_SPLINE_CURVE_WITH_KNOTS((3,3),(-0.114559126035344,-0.0503340426453964),
 .UNSPECIFIED.)
CURVE()
GEOMETRIC_REPRESENTATION_ITEM()
RATIONAL_B_SPLINE_CURVE((1.,1.,1.))
REPRESENTATION_ITEM('')
);
#50=CONICAL_SURFACE('',#6638,11.5,0.523598775598299);
#51=CONICAL_SURFACE('',#6658,8.8,0.523598775598299);
#52=CONICAL_SURFACE('',#6664,7.8,0.523598775598299);
#53=CONICAL_SURFACE('',#6668,11.5,0.523598775598299);
#54=CONICAL_SURFACE('',#6674,11.5,0.523598775598299);
#55=CONICAL_SURFACE('',#6701,11.5,0.523598775598299);
#56=CONICAL_SURFACE('',#6704,8.8,0.523598775598299);
#57=CONICAL_SURFACE('',#6706,7.8,0.523598775598299);
#58=SPHERICAL_SURFACE('',#6587,11.4382352941177);
#59=SPHERICAL_SURFACE('',#6635,0.6);
#60=SPHERICAL_SURFACE('',#6646,0.6);
#61=SPHERICAL_SURFACE('',#6670,0.6);
#62=SPHERICAL_SURFACE('',#6682,0.6);
#63=(
BOUNDED_SURFACE()
B_SPLINE_SURFACE(2,2,((#11832,#11833,#11834,#11835,#11836,#11837,#11838,
#11839,#11840),(#11841,#11842,#11843,#11844,#11845,#11846,#11847,#11848,
#11849),(#11850,#11851,#11852,#11853,#11854,#11855,#11856,#11857,#11858)),
 .UNSPECIFIED.,.F.,.T.,.F.)
B_SPLINE_SURFACE_WITH_KNOTS((3,3),(3,2,2,2,3),(-1.57105560248622,-1.0183430123127),
(-3.14159265358979,-1.5707963267949,0.,1.5707963267949,3.14159265358979),
 .UNSPECIFIED.)
GEOMETRIC_REPRESENTATION_ITEM()
RATIONAL_B_SPLINE_SURFACE(((1.,0.707106781186548,1.,0.707106781186548,1.,
0.707106781186548,1.,0.707106781186548,1.),(0.962056014756797,0.680276331915836,
0.962056014756797,0.680276331915836,0.962056014756797,0.680276331915836,
0.962056014756797,0.680276331915836,0.962056014756797),(1.,0.707106781186548,
1.,0.707106781186548,1.,0.707106781186548,1.,0.707106781186548,1.)))
REPRESENTATION_ITEM('')
SURFACE()
);
#64=B_SPLINE_CURVE_WITH_KNOTS('',2,(#8107,#8108,#8109),.UNSPECIFIED.,.F.,
 .F.,(3,3),(0.,1.),.UNSPECIFIED.);
#65=B_SPLINE_CURVE_WITH_KNOTS('',2,(#8112,#8113,#8114),.UNSPECIFIED.,.F.,
 .F.,(3,3),(0.,1.),.UNSPECIFIED.);
#66=B_SPLINE_CURVE_WITH_KNOTS('',2,(#8126,#8127,#8128),.UNSPECIFIED.,.F.,
 .F.,(3,3),(0.,1.),.UNSPECIFIED.);
#67=B_SPLINE_CURVE_WITH_KNOTS('',2,(#8132,#8133,#8134),.UNSPECIFIED.,.F.,
 .F.,(3,3),(0.,1.),.UNSPECIFIED.);
#68=B_SPLINE_CURVE_WITH_KNOTS('',2,(#8143,#8144,#8145),.UNSPECIFIED.,.F.,
 .F.,(3,3),(0.,1.),.UNSPECIFIED.);
#69=B_SPLINE_CURVE_WITH_KNOTS('',2,(#8148,#8149,#8150),.UNSPECIFIED.,.F.,
 .F.,(3,3),(0.,1.),.UNSPECIFIED.);
#70=B_SPLINE_CURVE_WITH_KNOTS('',2,(#8164,#8165,#8166),.UNSPECIFIED.,.F.,
 .F.,(3,3),(0.,1.),.UNSPECIFIED.);
#71=B_SPLINE_CURVE_WITH_KNOTS('',2,(#8169,#8170,#8171),.UNSPECIFIED.,.F.,
 .F.,(3,3),(0.,1.),.UNSPECIFIED.);
#72=B_SPLINE_CURVE_WITH_KNOTS('',2,(#8185,#8186,#8187),.UNSPECIFIED.,.F.,
 .F.,(3,3),(0.,1.),.UNSPECIFIED.);
#73=B_SPLINE_CURVE_WITH_KNOTS('',2,(#8190,#8191,#8192),.UNSPECIFIED.,.F.,
 .F.,(3,3),(0.,1.),.UNSPECIFIED.);
#74=B_SPLINE_CURVE_WITH_KNOTS('',2,(#8200,#8201,#8202),.UNSPECIFIED.,.F.,
 .F.,(3,3),(0.,1.),.UNSPECIFIED.);
#75=B_SPLINE_CURVE_WITH_KNOTS('',2,(#8205,#8206,#8207),.UNSPECIFIED.,.F.,
 .F.,(3,3),(0.,1.),.UNSPECIFIED.);
#76=B_SPLINE_CURVE_WITH_KNOTS('',2,(#8215,#8216,#8217),.UNSPECIFIED.,.F.,
 .F.,(3,3),(0.,1.),.UNSPECIFIED.);
#77=B_SPLINE_CURVE_WITH_KNOTS('',2,(#8220,#8221,#8222),.UNSPECIFIED.,.F.,
 .F.,(3,3),(0.,1.),.UNSPECIFIED.);
#78=B_SPLINE_CURVE_WITH_KNOTS('',2,(#8236,#8237,#8238),.UNSPECIFIED.,.F.,
 .F.,(3,3),(0.,1.),.UNSPECIFIED.);
#79=B_SPLINE_CURVE_WITH_KNOTS('',2,(#8241,#8242,#8243),.UNSPECIFIED.,.F.,
 .F.,(3,3),(0.,1.),.UNSPECIFIED.);
#80=B_SPLINE_CURVE_WITH_KNOTS('',2,(#8251,#8252,#8253),.UNSPECIFIED.,.F.,
 .F.,(3,3),(0.,1.),.UNSPECIFIED.);
#81=B_SPLINE_CURVE_WITH_KNOTS('',2,(#8256,#8257,#8258),.UNSPECIFIED.,.F.,
 .F.,(3,3),(0.,1.),.UNSPECIFIED.);
#82=B_SPLINE_CURVE_WITH_KNOTS('',2,(#8266,#8267,#8268),.UNSPECIFIED.,.F.,
 .F.,(3,3),(0.,1.),.UNSPECIFIED.);
#83=B_SPLINE_CURVE_WITH_KNOTS('',2,(#8271,#8272,#8273),.UNSPECIFIED.,.F.,
 .F.,(3,3),(0.,1.),.UNSPECIFIED.);
#84=B_SPLINE_CURVE_WITH_KNOTS('',2,(#8281,#8282,#8283),.UNSPECIFIED.,.F.,
 .F.,(3,3),(0.,1.),.UNSPECIFIED.);
#85=B_SPLINE_CURVE_WITH_KNOTS('',2,(#8286,#8287,#8288),.UNSPECIFIED.,.F.,
 .F.,(3,3),(0.,1.),.UNSPECIFIED.);
#86=B_SPLINE_CURVE_WITH_KNOTS('',2,(#8302,#8303,#8304),.UNSPECIFIED.,.F.,
 .F.,(3,3),(0.,1.),.UNSPECIFIED.);
#87=B_SPLINE_CURVE_WITH_KNOTS('',2,(#8307,#8308,#8309),.UNSPECIFIED.,.F.,
 .F.,(3,3),(0.,1.),.UNSPECIFIED.);
#88=B_SPLINE_CURVE_WITH_KNOTS('',2,(#8317,#8318,#8319),.UNSPECIFIED.,.F.,
 .F.,(3,3),(0.,1.),.UNSPECIFIED.);
#89=B_SPLINE_CURVE_WITH_KNOTS('',2,(#8322,#8323,#8324),.UNSPECIFIED.,.F.,
 .F.,(3,3),(0.,1.),.UNSPECIFIED.);
#90=B_SPLINE_CURVE_WITH_KNOTS('',2,(#8332,#8333,#8334),.UNSPECIFIED.,.F.,
 .F.,(3,3),(0.,1.),.UNSPECIFIED.);
#91=B_SPLINE_CURVE_WITH_KNOTS('',2,(#8337,#8338,#8339),.UNSPECIFIED.,.F.,
 .F.,(3,3),(0.,1.),.UNSPECIFIED.);
#92=B_SPLINE_CURVE_WITH_KNOTS('',2,(#8353,#8354,#8355),.UNSPECIFIED.,.F.,
 .F.,(3,3),(0.,1.),.UNSPECIFIED.);
#93=B_SPLINE_CURVE_WITH_KNOTS('',2,(#8358,#8359,#8360),.UNSPECIFIED.,.F.,
 .F.,(3,3),(0.,1.),.UNSPECIFIED.);
#94=B_SPLINE_CURVE_WITH_KNOTS('',2,(#8368,#8369,#8370),.UNSPECIFIED.,.F.,
 .F.,(3,3),(0.,1.),.UNSPECIFIED.);
#95=B_SPLINE_CURVE_WITH_KNOTS('',2,(#8373,#8374,#8375),.UNSPECIFIED.,.F.,
 .F.,(3,3),(0.,1.),.UNSPECIFIED.);
#96=B_SPLINE_CURVE_WITH_KNOTS('',2,(#8382,#8383,#8384),.UNSPECIFIED.,.F.,
 .F.,(3,3),(0.,1.),.UNSPECIFIED.);
#97=B_SPLINE_CURVE_WITH_KNOTS('',2,(#8385,#8386,#8387),.UNSPECIFIED.,.F.,
 .F.,(3,3),(0.,1.),.UNSPECIFIED.);
#98=B_SPLINE_CURVE_WITH_KNOTS('',2,(#8397,#8398,#8399),.UNSPECIFIED.,.F.,
 .F.,(3,3),(0.,1.),.UNSPECIFIED.);
#99=B_SPLINE_CURVE_WITH_KNOTS('',2,(#8403,#8404,#8405),.UNSPECIFIED.,.F.,
 .F.,(3,3),(0.,1.),.UNSPECIFIED.);
#100=B_SPLINE_CURVE_WITH_KNOTS('',2,(#8414,#8415,#8416),.UNSPECIFIED.,.F.,
 .F.,(3,3),(0.,1.),.UNSPECIFIED.);
#101=B_SPLINE_CURVE_WITH_KNOTS('',2,(#8419,#8420,#8421),.UNSPECIFIED.,.F.,
 .F.,(3,3),(0.,1.),.UNSPECIFIED.);
#102=B_SPLINE_CURVE_WITH_KNOTS('',2,(#8429,#8430,#8431),.UNSPECIFIED.,.F.,
 .F.,(3,3),(0.,1.),.UNSPECIFIED.);
#103=B_SPLINE_CURVE_WITH_KNOTS('',2,(#8434,#8435,#8436),.UNSPECIFIED.,.F.,
 .F.,(3,3),(0.,1.),.UNSPECIFIED.);
#104=B_SPLINE_CURVE_WITH_KNOTS('',2,(#8444,#8445,#8446),.UNSPECIFIED.,.F.,
 .F.,(3,3),(0.,1.),.UNSPECIFIED.);
#105=B_SPLINE_CURVE_WITH_KNOTS('',2,(#8449,#8450,#8451),.UNSPECIFIED.,.F.,
 .F.,(3,3),(0.,1.),.UNSPECIFIED.);
#106=B_SPLINE_CURVE_WITH_KNOTS('',2,(#8459,#8460,#8461),.UNSPECIFIED.,.F.,
 .F.,(3,3),(0.,1.),.UNSPECIFIED.);
#107=B_SPLINE_CURVE_WITH_KNOTS('',2,(#8464,#8465,#8466),.UNSPECIFIED.,.F.,
 .F.,(3,3),(0.,1.),.UNSPECIFIED.);
#108=B_SPLINE_CURVE_WITH_KNOTS('',2,(#8474,#8475,#8476),.UNSPECIFIED.,.F.,
 .F.,(3,3),(0.,1.),.UNSPECIFIED.);
#109=B_SPLINE_CURVE_WITH_KNOTS('',2,(#8479,#8480,#8481),.UNSPECIFIED.,.F.,
 .F.,(3,3),(0.,1.),.UNSPECIFIED.);
#110=B_SPLINE_CURVE_WITH_KNOTS('',2,(#8489,#8490,#8491),.UNSPECIFIED.,.F.,
 .F.,(3,3),(0.,1.),.UNSPECIFIED.);
#111=B_SPLINE_CURVE_WITH_KNOTS('',2,(#8494,#8495,#8496),.UNSPECIFIED.,.F.,
 .F.,(3,3),(0.,1.),.UNSPECIFIED.);
#112=B_SPLINE_CURVE_WITH_KNOTS('',2,(#8504,#8505,#8506),.UNSPECIFIED.,.F.,
 .F.,(3,3),(0.,1.),.UNSPECIFIED.);
#113=B_SPLINE_CURVE_WITH_KNOTS('',2,(#8509,#8510,#8511),.UNSPECIFIED.,.F.,
 .F.,(3,3),(0.,1.),.UNSPECIFIED.);
#114=B_SPLINE_CURVE_WITH_KNOTS('',2,(#8519,#8520,#8521),.UNSPECIFIED.,.F.,
 .F.,(3,3),(0.,1.),.UNSPECIFIED.);
#115=B_SPLINE_CURVE_WITH_KNOTS('',2,(#8524,#8525,#8526),.UNSPECIFIED.,.F.,
 .F.,(3,3),(0.,1.),.UNSPECIFIED.);
#116=B_SPLINE_CURVE_WITH_KNOTS('',2,(#8534,#8535,#8536),.UNSPECIFIED.,.F.,
 .F.,(3,3),(0.,1.),.UNSPECIFIED.);
#117=B_SPLINE_CURVE_WITH_KNOTS('',2,(#8539,#8540,#8541),.UNSPECIFIED.,.F.,
 .F.,(3,3),(0.,1.),.UNSPECIFIED.);
#118=B_SPLINE_CURVE_WITH_KNOTS('',2,(#8549,#8550,#8551),.UNSPECIFIED.,.F.,
 .F.,(3,3),(0.,1.),.UNSPECIFIED.);
#119=B_SPLINE_CURVE_WITH_KNOTS('',2,(#8554,#8555,#8556),.UNSPECIFIED.,.F.,
 .F.,(3,3),(0.,1.),.UNSPECIFIED.);
#120=B_SPLINE_CURVE_WITH_KNOTS('',2,(#8564,#8565,#8566),.UNSPECIFIED.,.F.,
 .F.,(3,3),(0.,1.),.UNSPECIFIED.);
#121=B_SPLINE_CURVE_WITH_KNOTS('',2,(#8569,#8570,#8571),.UNSPECIFIED.,.F.,
 .F.,(3,3),(0.,1.),.UNSPECIFIED.);
#122=B_SPLINE_CURVE_WITH_KNOTS('',2,(#8579,#8580,#8581),.UNSPECIFIED.,.F.,
 .F.,(3,3),(0.,1.),.UNSPECIFIED.);
#123=B_SPLINE_CURVE_WITH_KNOTS('',2,(#8584,#8585,#8586),.UNSPECIFIED.,.F.,
 .F.,(3,3),(0.,1.),.UNSPECIFIED.);
#124=B_SPLINE_CURVE_WITH_KNOTS('',2,(#8594,#8595,#8596),.UNSPECIFIED.,.F.,
 .F.,(3,3),(0.,1.),.UNSPECIFIED.);
#125=B_SPLINE_CURVE_WITH_KNOTS('',2,(#8599,#8600,#8601),.UNSPECIFIED.,.F.,
 .F.,(3,3),(0.,1.),.UNSPECIFIED.);
#126=B_SPLINE_CURVE_WITH_KNOTS('',2,(#8609,#8610,#8611),.UNSPECIFIED.,.F.,
 .F.,(3,3),(0.,1.),.UNSPECIFIED.);
#127=B_SPLINE_CURVE_WITH_KNOTS('',2,(#8614,#8615,#8616),.UNSPECIFIED.,.F.,
 .F.,(3,3),(0.,1.),.UNSPECIFIED.);
#128=B_SPLINE_CURVE_WITH_KNOTS('',2,(#8624,#8625,#8626),.UNSPECIFIED.,.F.,
 .F.,(3,3),(0.,1.),.UNSPECIFIED.);
#129=B_SPLINE_CURVE_WITH_KNOTS('',2,(#8629,#8630,#8631),.UNSPECIFIED.,.F.,
 .F.,(3,3),(0.,1.),.UNSPECIFIED.);
#130=B_SPLINE_CURVE_WITH_KNOTS('',2,(#8639,#8640,#8641),.UNSPECIFIED.,.F.,
 .F.,(3,3),(0.,1.),.UNSPECIFIED.);
#131=B_SPLINE_CURVE_WITH_KNOTS('',2,(#8644,#8645,#8646),.UNSPECIFIED.,.F.,
 .F.,(3,3),(0.,1.),.UNSPECIFIED.);
#132=B_SPLINE_CURVE_WITH_KNOTS('',2,(#8654,#8655,#8656),.UNSPECIFIED.,.F.,
 .F.,(3,3),(0.,1.),.UNSPECIFIED.);
#133=B_SPLINE_CURVE_WITH_KNOTS('',2,(#8659,#8660,#8661),.UNSPECIFIED.,.F.,
 .F.,(3,3),(0.,1.),.UNSPECIFIED.);
#134=B_SPLINE_CURVE_WITH_KNOTS('',2,(#8669,#8670,#8671),.UNSPECIFIED.,.F.,
 .F.,(3,3),(0.,1.),.UNSPECIFIED.);
#135=B_SPLINE_CURVE_WITH_KNOTS('',2,(#8674,#8675,#8676),.UNSPECIFIED.,.F.,
 .F.,(3,3),(0.,1.),.UNSPECIFIED.);
#136=B_SPLINE_CURVE_WITH_KNOTS('',2,(#8684,#8685,#8686),.UNSPECIFIED.,.F.,
 .F.,(3,3),(0.,1.),.UNSPECIFIED.);
#137=B_SPLINE_CURVE_WITH_KNOTS('',2,(#8689,#8690,#8691),.UNSPECIFIED.,.F.,
 .F.,(3,3),(0.,1.),.UNSPECIFIED.);
#138=B_SPLINE_CURVE_WITH_KNOTS('',2,(#8698,#8699,#8700),.UNSPECIFIED.,.F.,
 .F.,(3,3),(0.,1.),.UNSPECIFIED.);
#139=B_SPLINE_CURVE_WITH_KNOTS('',2,(#8701,#8702,#8703),.UNSPECIFIED.,.F.,
 .F.,(3,3),(0.,1.),.UNSPECIFIED.);
#140=B_SPLINE_CURVE_WITH_KNOTS('',2,(#8712,#8713,#8714),.UNSPECIFIED.,.F.,
 .F.,(3,3),(0.,1.),.UNSPECIFIED.);
#141=B_SPLINE_CURVE_WITH_KNOTS('',2,(#8718,#8719,#8720),.UNSPECIFIED.,.F.,
 .F.,(3,3),(0.,1.),.UNSPECIFIED.);
#142=B_SPLINE_CURVE_WITH_KNOTS('',2,(#8729,#8730,#8731),.UNSPECIFIED.,.F.,
 .F.,(3,3),(0.,1.),.UNSPECIFIED.);
#143=B_SPLINE_CURVE_WITH_KNOTS('',2,(#8734,#8735,#8736),.UNSPECIFIED.,.F.,
 .F.,(3,3),(0.,1.),.UNSPECIFIED.);
#144=B_SPLINE_CURVE_WITH_KNOTS('',2,(#8744,#8745,#8746),.UNSPECIFIED.,.F.,
 .F.,(3,3),(0.,1.),.UNSPECIFIED.);
#145=B_SPLINE_CURVE_WITH_KNOTS('',2,(#8749,#8750,#8751),.UNSPECIFIED.,.F.,
 .F.,(3,3),(0.,1.),.UNSPECIFIED.);
#146=B_SPLINE_CURVE_WITH_KNOTS('',2,(#8759,#8760,#8761),.UNSPECIFIED.,.F.,
 .F.,(3,3),(0.,1.),.UNSPECIFIED.);
#147=B_SPLINE_CURVE_WITH_KNOTS('',2,(#8764,#8765,#8766),.UNSPECIFIED.,.F.,
 .F.,(3,3),(0.,1.),.UNSPECIFIED.);
#148=B_SPLINE_CURVE_WITH_KNOTS('',2,(#8774,#8775,#8776),.UNSPECIFIED.,.F.,
 .F.,(3,3),(0.,1.),.UNSPECIFIED.);
#149=B_SPLINE_CURVE_WITH_KNOTS('',2,(#8779,#8780,#8781),.UNSPECIFIED.,.F.,
 .F.,(3,3),(0.,1.),.UNSPECIFIED.);
#150=B_SPLINE_CURVE_WITH_KNOTS('',2,(#8789,#8790,#8791),.UNSPECIFIED.,.F.,
 .F.,(3,3),(0.,1.),.UNSPECIFIED.);
#151=B_SPLINE_CURVE_WITH_KNOTS('',2,(#8794,#8795,#8796),.UNSPECIFIED.,.F.,
 .F.,(3,3),(0.,1.),.UNSPECIFIED.);
#152=B_SPLINE_CURVE_WITH_KNOTS('',2,(#8804,#8805,#8806),.UNSPECIFIED.,.F.,
 .F.,(3,3),(0.,1.),.UNSPECIFIED.);
#153=B_SPLINE_CURVE_WITH_KNOTS('',2,(#8809,#8810,#8811),.UNSPECIFIED.,.F.,
 .F.,(3,3),(0.,1.),.UNSPECIFIED.);
#154=B_SPLINE_CURVE_WITH_KNOTS('',2,(#8819,#8820,#8821),.UNSPECIFIED.,.F.,
 .F.,(3,3),(0.,1.),.UNSPECIFIED.);
#155=B_SPLINE_CURVE_WITH_KNOTS('',2,(#8824,#8825,#8826),.UNSPECIFIED.,.F.,
 .F.,(3,3),(0.,1.),.UNSPECIFIED.);
#156=B_SPLINE_CURVE_WITH_KNOTS('',2,(#8834,#8835,#8836),.UNSPECIFIED.,.F.,
 .F.,(3,3),(0.,1.),.UNSPECIFIED.);
#157=B_SPLINE_CURVE_WITH_KNOTS('',2,(#8839,#8840,#8841),.UNSPECIFIED.,.F.,
 .F.,(3,3),(0.,1.),.UNSPECIFIED.);
#158=B_SPLINE_CURVE_WITH_KNOTS('',2,(#8849,#8850,#8851),.UNSPECIFIED.,.F.,
 .F.,(3,3),(0.,1.),.UNSPECIFIED.);
#159=B_SPLINE_CURVE_WITH_KNOTS('',2,(#8854,#8855,#8856),.UNSPECIFIED.,.F.,
 .F.,(3,3),(0.,1.),.UNSPECIFIED.);
#160=B_SPLINE_CURVE_WITH_KNOTS('',2,(#8864,#8865,#8866),.UNSPECIFIED.,.F.,
 .F.,(3,3),(0.,1.),.UNSPECIFIED.);
#161=B_SPLINE_CURVE_WITH_KNOTS('',2,(#8869,#8870,#8871),.UNSPECIFIED.,.F.,
 .F.,(3,3),(0.,1.),.UNSPECIFIED.);
#162=B_SPLINE_CURVE_WITH_KNOTS('',2,(#8879,#8880,#8881),.UNSPECIFIED.,.F.,
 .F.,(3,3),(0.,1.),.UNSPECIFIED.);
#163=B_SPLINE_CURVE_WITH_KNOTS('',2,(#8884,#8885,#8886),.UNSPECIFIED.,.F.,
 .F.,(3,3),(0.,1.),.UNSPECIFIED.);
#164=B_SPLINE_CURVE_WITH_KNOTS('',2,(#8894,#8895,#8896),.UNSPECIFIED.,.F.,
 .F.,(3,3),(0.,1.),.UNSPECIFIED.);
#165=B_SPLINE_CURVE_WITH_KNOTS('',2,(#8899,#8900,#8901),.UNSPECIFIED.,.F.,
 .F.,(3,3),(0.,1.),.UNSPECIFIED.);
#166=B_SPLINE_CURVE_WITH_KNOTS('',2,(#8909,#8910,#8911),.UNSPECIFIED.,.F.,
 .F.,(3,3),(0.,1.),.UNSPECIFIED.);
#167=B_SPLINE_CURVE_WITH_KNOTS('',2,(#8914,#8915,#8916),.UNSPECIFIED.,.F.,
 .F.,(3,3),(0.,1.),.UNSPECIFIED.);
#168=B_SPLINE_CURVE_WITH_KNOTS('',2,(#8924,#8925,#8926),.UNSPECIFIED.,.F.,
 .F.,(3,3),(0.,1.),.UNSPECIFIED.);
#169=B_SPLINE_CURVE_WITH_KNOTS('',2,(#8929,#8930,#8931),.UNSPECIFIED.,.F.,
 .F.,(3,3),(0.,1.),.UNSPECIFIED.);
#170=B_SPLINE_CURVE_WITH_KNOTS('',2,(#8938,#8939,#8940),.UNSPECIFIED.,.F.,
 .F.,(3,3),(0.,1.),.UNSPECIFIED.);
#171=B_SPLINE_CURVE_WITH_KNOTS('',2,(#8941,#8942,#8943),.UNSPECIFIED.,.F.,
 .F.,(3,3),(0.,1.),.UNSPECIFIED.);
#172=B_SPLINE_CURVE_WITH_KNOTS('',2,(#8961,#8962,#8963),.UNSPECIFIED.,.F.,
 .F.,(3,3),(0.,1.),.UNSPECIFIED.);
#173=B_SPLINE_CURVE_WITH_KNOTS('',2,(#8966,#8967,#8968),.UNSPECIFIED.,.F.,
 .F.,(3,3),(0.,1.),.UNSPECIFIED.);
#174=B_SPLINE_CURVE_WITH_KNOTS('',2,(#8976,#8977,#8978),.UNSPECIFIED.,.F.,
 .F.,(3,3),(0.,1.),.UNSPECIFIED.);
#175=B_SPLINE_CURVE_WITH_KNOTS('',2,(#8981,#8982,#8983),.UNSPECIFIED.,.F.,
 .F.,(3,3),(0.,1.),.UNSPECIFIED.);
#176=B_SPLINE_CURVE_WITH_KNOTS('',2,(#8991,#8992,#8993),.UNSPECIFIED.,.F.,
 .F.,(3,3),(0.,1.),.UNSPECIFIED.);
#177=B_SPLINE_CURVE_WITH_KNOTS('',2,(#8996,#8997,#8998),.UNSPECIFIED.,.F.,
 .F.,(3,3),(0.,1.),.UNSPECIFIED.);
#178=B_SPLINE_CURVE_WITH_KNOTS('',2,(#9006,#9007,#9008),.UNSPECIFIED.,.F.,
 .F.,(3,3),(0.,1.),.UNSPECIFIED.);
#179=B_SPLINE_CURVE_WITH_KNOTS('',2,(#9011,#9012,#9013),.UNSPECIFIED.,.F.,
 .F.,(3,3),(0.,1.),.UNSPECIFIED.);
#180=B_SPLINE_CURVE_WITH_KNOTS('',2,(#9021,#9022,#9023),.UNSPECIFIED.,.F.,
 .F.,(3,3),(0.,1.),.UNSPECIFIED.);
#181=B_SPLINE_CURVE_WITH_KNOTS('',2,(#9026,#9027,#9028),.UNSPECIFIED.,.F.,
 .F.,(3,3),(0.,1.),.UNSPECIFIED.);
#182=B_SPLINE_CURVE_WITH_KNOTS('',2,(#9036,#9037,#9038),.UNSPECIFIED.,.F.,
 .F.,(3,3),(0.,1.),.UNSPECIFIED.);
#183=B_SPLINE_CURVE_WITH_KNOTS('',2,(#9041,#9042,#9043),.UNSPECIFIED.,.F.,
 .F.,(3,3),(0.,1.),.UNSPECIFIED.);
#184=B_SPLINE_CURVE_WITH_KNOTS('',2,(#9051,#9052,#9053),.UNSPECIFIED.,.F.,
 .F.,(3,3),(0.,1.),.UNSPECIFIED.);
#185=B_SPLINE_CURVE_WITH_KNOTS('',2,(#9056,#9057,#9058),.UNSPECIFIED.,.F.,
 .F.,(3,3),(0.,1.),.UNSPECIFIED.);
#186=B_SPLINE_CURVE_WITH_KNOTS('',2,(#9066,#9067,#9068),.UNSPECIFIED.,.F.,
 .F.,(3,3),(0.,1.),.UNSPECIFIED.);
#187=B_SPLINE_CURVE_WITH_KNOTS('',2,(#9071,#9072,#9073),.UNSPECIFIED.,.F.,
 .F.,(3,3),(0.,1.),.UNSPECIFIED.);
#188=B_SPLINE_CURVE_WITH_KNOTS('',2,(#9111,#9112,#9113),.UNSPECIFIED.,.F.,
 .F.,(3,3),(0.,1.),.UNSPECIFIED.);
#189=B_SPLINE_CURVE_WITH_KNOTS('',2,(#9116,#9117,#9118),.UNSPECIFIED.,.F.,
 .F.,(3,3),(0.,1.),.UNSPECIFIED.);
#190=B_SPLINE_CURVE_WITH_KNOTS('',2,(#9126,#9127,#9128),.UNSPECIFIED.,.F.,
 .F.,(3,3),(0.,1.),.UNSPECIFIED.);
#191=B_SPLINE_CURVE_WITH_KNOTS('',2,(#9131,#9132,#9133),.UNSPECIFIED.,.F.,
 .F.,(3,3),(0.,1.),.UNSPECIFIED.);
#192=B_SPLINE_CURVE_WITH_KNOTS('',2,(#9141,#9142,#9143),.UNSPECIFIED.,.F.,
 .F.,(3,3),(0.,1.),.UNSPECIFIED.);
#193=B_SPLINE_CURVE_WITH_KNOTS('',2,(#9146,#9147,#9148),.UNSPECIFIED.,.F.,
 .F.,(3,3),(0.,1.),.UNSPECIFIED.);
#194=B_SPLINE_CURVE_WITH_KNOTS('',2,(#9156,#9157,#9158),.UNSPECIFIED.,.F.,
 .F.,(3,3),(0.,1.),.UNSPECIFIED.);
#195=B_SPLINE_CURVE_WITH_KNOTS('',2,(#9161,#9162,#9163),.UNSPECIFIED.,.F.,
 .F.,(3,3),(0.,1.),.UNSPECIFIED.);
#196=B_SPLINE_CURVE_WITH_KNOTS('',2,(#9171,#9172,#9173),.UNSPECIFIED.,.F.,
 .F.,(3,3),(0.,1.),.UNSPECIFIED.);
#197=B_SPLINE_CURVE_WITH_KNOTS('',2,(#9176,#9177,#9178),.UNSPECIFIED.,.F.,
 .F.,(3,3),(0.,1.),.UNSPECIFIED.);
#198=B_SPLINE_CURVE_WITH_KNOTS('',2,(#9186,#9187,#9188),.UNSPECIFIED.,.F.,
 .F.,(3,3),(0.,1.),.UNSPECIFIED.);
#199=B_SPLINE_CURVE_WITH_KNOTS('',2,(#9191,#9192,#9193),.UNSPECIFIED.,.F.,
 .F.,(3,3),(0.,1.),.UNSPECIFIED.);
#200=B_SPLINE_CURVE_WITH_KNOTS('',2,(#9201,#9202,#9203),.UNSPECIFIED.,.F.,
 .F.,(3,3),(0.,1.),.UNSPECIFIED.);
#201=B_SPLINE_CURVE_WITH_KNOTS('',2,(#9206,#9207,#9208),.UNSPECIFIED.,.F.,
 .F.,(3,3),(0.,1.),.UNSPECIFIED.);
#202=B_SPLINE_CURVE_WITH_KNOTS('',2,(#9216,#9217,#9218),.UNSPECIFIED.,.F.,
 .F.,(3,3),(0.,1.),.UNSPECIFIED.);
#203=B_SPLINE_CURVE_WITH_KNOTS('',2,(#9221,#9222,#9223),.UNSPECIFIED.,.F.,
 .F.,(3,3),(0.,1.),.UNSPECIFIED.);
#204=B_SPLINE_CURVE_WITH_KNOTS('',2,(#9231,#9232,#9233),.UNSPECIFIED.,.F.,
 .F.,(3,3),(0.,1.),.UNSPECIFIED.);
#205=B_SPLINE_CURVE_WITH_KNOTS('',2,(#9236,#9237,#9238),.UNSPECIFIED.,.F.,
 .F.,(3,3),(0.,1.),.UNSPECIFIED.);
#206=B_SPLINE_CURVE_WITH_KNOTS('',2,(#9246,#9247,#9248),.UNSPECIFIED.,.F.,
 .F.,(3,3),(0.,1.),.UNSPECIFIED.);
#207=B_SPLINE_CURVE_WITH_KNOTS('',2,(#9251,#9252,#9253),.UNSPECIFIED.,.F.,
 .F.,(3,3),(0.,1.),.UNSPECIFIED.);
#208=B_SPLINE_CURVE_WITH_KNOTS('',2,(#9261,#9262,#9263),.UNSPECIFIED.,.F.,
 .F.,(3,3),(0.,1.),.UNSPECIFIED.);
#209=B_SPLINE_CURVE_WITH_KNOTS('',2,(#9266,#9267,#9268),.UNSPECIFIED.,.F.,
 .F.,(3,3),(0.,1.),.UNSPECIFIED.);
#210=B_SPLINE_CURVE_WITH_KNOTS('',2,(#9276,#9277,#9278),.UNSPECIFIED.,.F.,
 .F.,(3,3),(0.,1.),.UNSPECIFIED.);
#211=B_SPLINE_CURVE_WITH_KNOTS('',2,(#9281,#9282,#9283),.UNSPECIFIED.,.F.,
 .F.,(3,3),(0.,1.),.UNSPECIFIED.);
#212=B_SPLINE_CURVE_WITH_KNOTS('',2,(#9328,#9329,#9330),.UNSPECIFIED.,.F.,
 .F.,(3,3),(0.,1.),.UNSPECIFIED.);
#213=B_SPLINE_CURVE_WITH_KNOTS('',2,(#9334,#9335,#9336),.UNSPECIFIED.,.F.,
 .F.,(3,3),(-1.,0.),.UNSPECIFIED.);
#214=B_SPLINE_CURVE_WITH_KNOTS('',2,(#9345,#9346,#9347),.UNSPECIFIED.,.F.,
 .F.,(3,3),(0.,1.),.UNSPECIFIED.);
#215=B_SPLINE_CURVE_WITH_KNOTS('',2,(#9349,#9350,#9351),.UNSPECIFIED.,.F.,
 .F.,(3,3),(-1.,0.),.UNSPECIFIED.);
#216=B_SPLINE_CURVE_WITH_KNOTS('',2,(#9360,#9361,#9362),.UNSPECIFIED.,.F.,
 .F.,(3,3),(0.,1.),.UNSPECIFIED.);
#217=B_SPLINE_CURVE_WITH_KNOTS('',2,(#9364,#9365,#9366),.UNSPECIFIED.,.F.,
 .F.,(3,3),(-1.,0.),.UNSPECIFIED.);
#218=B_SPLINE_CURVE_WITH_KNOTS('',2,(#9375,#9376,#9377),.UNSPECIFIED.,.F.,
 .F.,(3,3),(0.,1.),.UNSPECIFIED.);
#219=B_SPLINE_CURVE_WITH_KNOTS('',2,(#9379,#9380,#9381),.UNSPECIFIED.,.F.,
 .F.,(3,3),(-1.,0.),.UNSPECIFIED.);
#220=B_SPLINE_CURVE_WITH_KNOTS('',2,(#9390,#9391,#9392),.UNSPECIFIED.,.F.,
 .F.,(3,3),(0.,1.),.UNSPECIFIED.);
#221=B_SPLINE_CURVE_WITH_KNOTS('',2,(#9394,#9395,#9396),.UNSPECIFIED.,.F.,
 .F.,(3,3),(-1.,0.),.UNSPECIFIED.);
#222=B_SPLINE_CURVE_WITH_KNOTS('',2,(#9405,#9406,#9407),.UNSPECIFIED.,.F.,
 .F.,(3,3),(0.,1.),.UNSPECIFIED.);
#223=B_SPLINE_CURVE_WITH_KNOTS('',2,(#9409,#9410,#9411),.UNSPECIFIED.,.F.,
 .F.,(3,3),(-1.,0.),.UNSPECIFIED.);
#224=B_SPLINE_CURVE_WITH_KNOTS('',2,(#9420,#9421,#9422),.UNSPECIFIED.,.F.,
 .F.,(3,3),(0.,1.),.UNSPECIFIED.);
#225=B_SPLINE_CURVE_WITH_KNOTS('',2,(#9424,#9425,#9426),.UNSPECIFIED.,.F.,
 .F.,(3,3),(-1.,0.),.UNSPECIFIED.);
#226=B_SPLINE_CURVE_WITH_KNOTS('',2,(#9435,#9436,#9437),.UNSPECIFIED.,.F.,
 .F.,(3,3),(0.,1.),.UNSPECIFIED.);
#227=B_SPLINE_CURVE_WITH_KNOTS('',2,(#9439,#9440,#9441),.UNSPECIFIED.,.F.,
 .F.,(3,3),(-1.,0.),.UNSPECIFIED.);
#228=B_SPLINE_CURVE_WITH_KNOTS('',2,(#9450,#9451,#9452),.UNSPECIFIED.,.F.,
 .F.,(3,3),(0.,1.),.UNSPECIFIED.);
#229=B_SPLINE_CURVE_WITH_KNOTS('',2,(#9454,#9455,#9456),.UNSPECIFIED.,.F.,
 .F.,(3,3),(-1.,0.),.UNSPECIFIED.);
#230=B_SPLINE_CURVE_WITH_KNOTS('',2,(#9465,#9466,#9467),.UNSPECIFIED.,.F.,
 .F.,(3,3),(0.,1.),.UNSPECIFIED.);
#231=B_SPLINE_CURVE_WITH_KNOTS('',2,(#9469,#9470,#9471),.UNSPECIFIED.,.F.,
 .F.,(3,3),(-1.,0.),.UNSPECIFIED.);
#232=B_SPLINE_CURVE_WITH_KNOTS('',2,(#9480,#9481,#9482),.UNSPECIFIED.,.F.,
 .F.,(3,3),(0.,1.),.UNSPECIFIED.);
#233=B_SPLINE_CURVE_WITH_KNOTS('',2,(#9484,#9485,#9486),.UNSPECIFIED.,.F.,
 .F.,(3,3),(-1.,0.),.UNSPECIFIED.);
#234=B_SPLINE_CURVE_WITH_KNOTS('',2,(#9495,#9496,#9497),.UNSPECIFIED.,.F.,
 .F.,(3,3),(0.,1.),.UNSPECIFIED.);
#235=B_SPLINE_CURVE_WITH_KNOTS('',2,(#9499,#9500,#9501),.UNSPECIFIED.,.F.,
 .F.,(3,3),(-1.,0.),.UNSPECIFIED.);
#236=B_SPLINE_CURVE_WITH_KNOTS('',2,(#9510,#9511,#9512),.UNSPECIFIED.,.F.,
 .F.,(3,3),(0.,1.),.UNSPECIFIED.);
#237=B_SPLINE_CURVE_WITH_KNOTS('',2,(#9514,#9515,#9516),.UNSPECIFIED.,.F.,
 .F.,(3,3),(-1.,0.),.UNSPECIFIED.);
#238=B_SPLINE_CURVE_WITH_KNOTS('',2,(#9525,#9526,#9527),.UNSPECIFIED.,.F.,
 .F.,(3,3),(0.,1.),.UNSPECIFIED.);
#239=B_SPLINE_CURVE_WITH_KNOTS('',2,(#9529,#9530,#9531),.UNSPECIFIED.,.F.,
 .F.,(3,3),(-1.,0.),.UNSPECIFIED.);
#240=B_SPLINE_CURVE_WITH_KNOTS('',2,(#9540,#9541,#9542),.UNSPECIFIED.,.F.,
 .F.,(3,3),(0.,1.),.UNSPECIFIED.);
#241=B_SPLINE_CURVE_WITH_KNOTS('',2,(#9544,#9545,#9546),.UNSPECIFIED.,.F.,
 .F.,(3,3),(-1.,0.),.UNSPECIFIED.);
#242=B_SPLINE_CURVE_WITH_KNOTS('',2,(#9555,#9556,#9557),.UNSPECIFIED.,.F.,
 .F.,(3,3),(0.,1.),.UNSPECIFIED.);
#243=B_SPLINE_CURVE_WITH_KNOTS('',2,(#9559,#9560,#9561),.UNSPECIFIED.,.F.,
 .F.,(3,3),(-1.,0.),.UNSPECIFIED.);
#244=B_SPLINE_CURVE_WITH_KNOTS('',2,(#9570,#9571,#9572),.UNSPECIFIED.,.F.,
 .F.,(3,3),(0.,1.),.UNSPECIFIED.);
#245=B_SPLINE_CURVE_WITH_KNOTS('',2,(#9574,#9575,#9576),.UNSPECIFIED.,.F.,
 .F.,(3,3),(-1.,0.),.UNSPECIFIED.);
#246=B_SPLINE_CURVE_WITH_KNOTS('',2,(#9585,#9586,#9587),.UNSPECIFIED.,.F.,
 .F.,(3,3),(0.,1.),.UNSPECIFIED.);
#247=B_SPLINE_CURVE_WITH_KNOTS('',2,(#9589,#9590,#9591),.UNSPECIFIED.,.F.,
 .F.,(3,3),(-1.,0.),.UNSPECIFIED.);
#248=B_SPLINE_CURVE_WITH_KNOTS('',2,(#9600,#9601,#9602),.UNSPECIFIED.,.F.,
 .F.,(3,3),(0.,1.),.UNSPECIFIED.);
#249=B_SPLINE_CURVE_WITH_KNOTS('',2,(#9604,#9605,#9606),.UNSPECIFIED.,.F.,
 .F.,(3,3),(-1.,0.),.UNSPECIFIED.);
#250=B_SPLINE_CURVE_WITH_KNOTS('',2,(#9615,#9616,#9617),.UNSPECIFIED.,.F.,
 .F.,(3,3),(0.,1.),.UNSPECIFIED.);
#251=B_SPLINE_CURVE_WITH_KNOTS('',2,(#9619,#9620,#9621),.UNSPECIFIED.,.F.,
 .F.,(3,3),(-1.,0.),.UNSPECIFIED.);
#252=B_SPLINE_CURVE_WITH_KNOTS('',2,(#9629,#9630,#9631),.UNSPECIFIED.,.F.,
 .F.,(3,3),(0.,1.),.UNSPECIFIED.);
#253=B_SPLINE_CURVE_WITH_KNOTS('',2,(#9632,#9633,#9634),.UNSPECIFIED.,.F.,
 .F.,(3,3),(-1.,0.),.UNSPECIFIED.);
#254=B_SPLINE_CURVE_WITH_KNOTS('',2,(#9643,#9644,#9645),.UNSPECIFIED.,.F.,
 .F.,(3,3),(0.,1.),.UNSPECIFIED.);
#255=B_SPLINE_CURVE_WITH_KNOTS('',2,(#9649,#9650,#9651),.UNSPECIFIED.,.F.,
 .F.,(3,3),(-1.,0.),.UNSPECIFIED.);
#256=B_SPLINE_CURVE_WITH_KNOTS('',2,(#9660,#9661,#9662),.UNSPECIFIED.,.F.,
 .F.,(3,3),(0.,1.),.UNSPECIFIED.);
#257=B_SPLINE_CURVE_WITH_KNOTS('',2,(#9664,#9665,#9666),.UNSPECIFIED.,.F.,
 .F.,(3,3),(-1.,0.),.UNSPECIFIED.);
#258=B_SPLINE_CURVE_WITH_KNOTS('',2,(#9675,#9676,#9677),.UNSPECIFIED.,.F.,
 .F.,(3,3),(0.,1.),.UNSPECIFIED.);
#259=B_SPLINE_CURVE_WITH_KNOTS('',2,(#9679,#9680,#9681),.UNSPECIFIED.,.F.,
 .F.,(3,3),(-1.,0.),.UNSPECIFIED.);
#260=B_SPLINE_CURVE_WITH_KNOTS('',2,(#9690,#9691,#9692),.UNSPECIFIED.,.F.,
 .F.,(3,3),(0.,1.),.UNSPECIFIED.);
#261=B_SPLINE_CURVE_WITH_KNOTS('',2,(#9694,#9695,#9696),.UNSPECIFIED.,.F.,
 .F.,(3,3),(-1.,0.),.UNSPECIFIED.);
#262=B_SPLINE_CURVE_WITH_KNOTS('',2,(#9705,#9706,#9707),.UNSPECIFIED.,.F.,
 .F.,(3,3),(0.,1.),.UNSPECIFIED.);
#263=B_SPLINE_CURVE_WITH_KNOTS('',2,(#9709,#9710,#9711),.UNSPECIFIED.,.F.,
 .F.,(3,3),(-1.,0.),.UNSPECIFIED.);
#264=B_SPLINE_CURVE_WITH_KNOTS('',2,(#9720,#9721,#9722),.UNSPECIFIED.,.F.,
 .F.,(3,3),(0.,1.),.UNSPECIFIED.);
#265=B_SPLINE_CURVE_WITH_KNOTS('',2,(#9724,#9725,#9726),.UNSPECIFIED.,.F.,
 .F.,(3,3),(-1.,0.),.UNSPECIFIED.);
#266=B_SPLINE_CURVE_WITH_KNOTS('',2,(#9735,#9736,#9737),.UNSPECIFIED.,.F.,
 .F.,(3,3),(0.,1.),.UNSPECIFIED.);
#267=B_SPLINE_CURVE_WITH_KNOTS('',2,(#9739,#9740,#9741),.UNSPECIFIED.,.F.,
 .F.,(3,3),(-1.,0.),.UNSPECIFIED.);
#268=B_SPLINE_CURVE_WITH_KNOTS('',2,(#9750,#9751,#9752),.UNSPECIFIED.,.F.,
 .F.,(3,3),(0.,1.),.UNSPECIFIED.);
#269=B_SPLINE_CURVE_WITH_KNOTS('',2,(#9754,#9755,#9756),.UNSPECIFIED.,.F.,
 .F.,(3,3),(-1.,0.),.UNSPECIFIED.);
#270=B_SPLINE_CURVE_WITH_KNOTS('',2,(#9765,#9766,#9767),.UNSPECIFIED.,.F.,
 .F.,(3,3),(0.,1.),.UNSPECIFIED.);
#271=B_SPLINE_CURVE_WITH_KNOTS('',2,(#9769,#9770,#9771),.UNSPECIFIED.,.F.,
 .F.,(3,3),(-1.,0.),.UNSPECIFIED.);
#272=B_SPLINE_CURVE_WITH_KNOTS('',2,(#9780,#9781,#9782),.UNSPECIFIED.,.F.,
 .F.,(3,3),(0.,1.),.UNSPECIFIED.);
#273=B_SPLINE_CURVE_WITH_KNOTS('',2,(#9784,#9785,#9786),.UNSPECIFIED.,.F.,
 .F.,(3,3),(-1.,0.),.UNSPECIFIED.);
#274=B_SPLINE_CURVE_WITH_KNOTS('',2,(#9795,#9796,#9797),.UNSPECIFIED.,.F.,
 .F.,(3,3),(0.,1.),.UNSPECIFIED.);
#275=B_SPLINE_CURVE_WITH_KNOTS('',2,(#9799,#9800,#9801),.UNSPECIFIED.,.F.,
 .F.,(3,3),(-1.,0.),.UNSPECIFIED.);
#276=B_SPLINE_CURVE_WITH_KNOTS('',2,(#9810,#9811,#9812),.UNSPECIFIED.,.F.,
 .F.,(3,3),(0.,1.),.UNSPECIFIED.);
#277=B_SPLINE_CURVE_WITH_KNOTS('',2,(#9814,#9815,#9816),.UNSPECIFIED.,.F.,
 .F.,(3,3),(-1.,0.),.UNSPECIFIED.);
#278=B_SPLINE_CURVE_WITH_KNOTS('',2,(#9825,#9826,#9827),.UNSPECIFIED.,.F.,
 .F.,(3,3),(0.,1.),.UNSPECIFIED.);
#279=B_SPLINE_CURVE_WITH_KNOTS('',2,(#9829,#9830,#9831),.UNSPECIFIED.,.F.,
 .F.,(3,3),(-1.,0.),.UNSPECIFIED.);
#280=B_SPLINE_CURVE_WITH_KNOTS('',2,(#9840,#9841,#9842),.UNSPECIFIED.,.F.,
 .F.,(3,3),(0.,1.),.UNSPECIFIED.);
#281=B_SPLINE_CURVE_WITH_KNOTS('',2,(#9844,#9845,#9846),.UNSPECIFIED.,.F.,
 .F.,(3,3),(-1.,0.),.UNSPECIFIED.);
#282=B_SPLINE_CURVE_WITH_KNOTS('',2,(#9855,#9856,#9857),.UNSPECIFIED.,.F.,
 .F.,(3,3),(0.,1.),.UNSPECIFIED.);
#283=B_SPLINE_CURVE_WITH_KNOTS('',2,(#9859,#9860,#9861),.UNSPECIFIED.,.F.,
 .F.,(3,3),(-1.,0.),.UNSPECIFIED.);
#284=B_SPLINE_CURVE_WITH_KNOTS('',2,(#9869,#9870,#9871),.UNSPECIFIED.,.F.,
 .F.,(3,3),(0.,1.),.UNSPECIFIED.);
#285=B_SPLINE_CURVE_WITH_KNOTS('',2,(#9872,#9873,#9874),.UNSPECIFIED.,.F.,
 .F.,(3,3),(-1.,0.),.UNSPECIFIED.);
#286=B_SPLINE_CURVE_WITH_KNOTS('',2,(#9885,#9886,#9887),.UNSPECIFIED.,.F.,
 .F.,(3,3),(0.,1.),.UNSPECIFIED.);
#287=B_SPLINE_CURVE_WITH_KNOTS('',2,(#9891,#9892,#9893),.UNSPECIFIED.,.F.,
 .F.,(3,3),(-1.,0.),.UNSPECIFIED.);
#288=B_SPLINE_CURVE_WITH_KNOTS('',2,(#9918,#9919,#9920),.UNSPECIFIED.,.F.,
 .F.,(3,3),(0.,1.),.UNSPECIFIED.);
#289=B_SPLINE_CURVE_WITH_KNOTS('',2,(#9924,#9925,#9926),.UNSPECIFIED.,.F.,
 .F.,(3,3),(-1.,0.),.UNSPECIFIED.);
#290=B_SPLINE_CURVE_WITH_KNOTS('',2,(#9935,#9936,#9937),.UNSPECIFIED.,.F.,
 .F.,(3,3),(0.,1.),.UNSPECIFIED.);
#291=B_SPLINE_CURVE_WITH_KNOTS('',2,(#9939,#9940,#9941),.UNSPECIFIED.,.F.,
 .F.,(3,3),(-1.,0.),.UNSPECIFIED.);
#292=B_SPLINE_CURVE_WITH_KNOTS('',2,(#9956,#9957,#9958),.UNSPECIFIED.,.F.,
 .F.,(3,3),(0.,1.),.UNSPECIFIED.);
#293=B_SPLINE_CURVE_WITH_KNOTS('',2,(#9960,#9961,#9962),.UNSPECIFIED.,.F.,
 .F.,(3,3),(-1.,0.),.UNSPECIFIED.);
#294=B_SPLINE_CURVE_WITH_KNOTS('',2,(#9971,#9972,#9973),.UNSPECIFIED.,.F.,
 .F.,(3,3),(0.,1.),.UNSPECIFIED.);
#295=B_SPLINE_CURVE_WITH_KNOTS('',2,(#9975,#9976,#9977),.UNSPECIFIED.,.F.,
 .F.,(3,3),(-1.,0.),.UNSPECIFIED.);
#296=B_SPLINE_CURVE_WITH_KNOTS('',2,(#9986,#9987,#9988),.UNSPECIFIED.,.F.,
 .F.,(3,3),(0.,1.),.UNSPECIFIED.);
#297=B_SPLINE_CURVE_WITH_KNOTS('',2,(#9990,#9991,#9992),.UNSPECIFIED.,.F.,
 .F.,(3,3),(-1.,0.),.UNSPECIFIED.);
#298=B_SPLINE_CURVE_WITH_KNOTS('',2,(#10007,#10008,#10009),
 .UNSPECIFIED.,.F.,.F.,(3,3),(0.,1.),.UNSPECIFIED.);
#299=B_SPLINE_CURVE_WITH_KNOTS('',2,(#10011,#10012,#10013),
 .UNSPECIFIED.,.F.,.F.,(3,3),(-1.,0.),.UNSPECIFIED.);
#300=B_SPLINE_CURVE_WITH_KNOTS('',2,(#10022,#10023,#10024),
 .UNSPECIFIED.,.F.,.F.,(3,3),(0.,1.),.UNSPECIFIED.);
#301=B_SPLINE_CURVE_WITH_KNOTS('',2,(#10026,#10027,#10028),
 .UNSPECIFIED.,.F.,.F.,(3,3),(-1.,0.),.UNSPECIFIED.);
#302=B_SPLINE_CURVE_WITH_KNOTS('',2,(#10037,#10038,#10039),
 .UNSPECIFIED.,.F.,.F.,(3,3),(0.,1.),.UNSPECIFIED.);
#303=B_SPLINE_CURVE_WITH_KNOTS('',2,(#10041,#10042,#10043),
 .UNSPECIFIED.,.F.,.F.,(3,3),(-1.,0.),.UNSPECIFIED.);
#304=B_SPLINE_CURVE_WITH_KNOTS('',2,(#10052,#10053,#10054),
 .UNSPECIFIED.,.F.,.F.,(3,3),(0.,1.),.UNSPECIFIED.);
#305=B_SPLINE_CURVE_WITH_KNOTS('',2,(#10056,#10057,#10058),
 .UNSPECIFIED.,.F.,.F.,(3,3),(-1.,0.),.UNSPECIFIED.);
#306=B_SPLINE_CURVE_WITH_KNOTS('',2,(#10073,#10074,#10075),
 .UNSPECIFIED.,.F.,.F.,(3,3),(0.,1.),.UNSPECIFIED.);
#307=B_SPLINE_CURVE_WITH_KNOTS('',2,(#10077,#10078,#10079),
 .UNSPECIFIED.,.F.,.F.,(3,3),(-1.,0.),.UNSPECIFIED.);
#308=B_SPLINE_CURVE_WITH_KNOTS('',2,(#10088,#10089,#10090),
 .UNSPECIFIED.,.F.,.F.,(3,3),(0.,1.),.UNSPECIFIED.);
#309=B_SPLINE_CURVE_WITH_KNOTS('',2,(#10092,#10093,#10094),
 .UNSPECIFIED.,.F.,.F.,(3,3),(-1.,0.),.UNSPECIFIED.);
#310=B_SPLINE_CURVE_WITH_KNOTS('',2,(#10103,#10104,#10105),
 .UNSPECIFIED.,.F.,.F.,(3,3),(0.,1.),.UNSPECIFIED.);
#311=B_SPLINE_CURVE_WITH_KNOTS('',2,(#10107,#10108,#10109),
 .UNSPECIFIED.,.F.,.F.,(3,3),(-1.,0.),.UNSPECIFIED.);
#312=B_SPLINE_CURVE_WITH_KNOTS('',2,(#10124,#10125,#10126),
 .UNSPECIFIED.,.F.,.F.,(3,3),(0.,1.),.UNSPECIFIED.);
#313=B_SPLINE_CURVE_WITH_KNOTS('',2,(#10128,#10129,#10130),
 .UNSPECIFIED.,.F.,.F.,(3,3),(-1.,0.),.UNSPECIFIED.);
#314=B_SPLINE_CURVE_WITH_KNOTS('',2,(#10145,#10146,#10147),
 .UNSPECIFIED.,.F.,.F.,(3,3),(0.,1.),.UNSPECIFIED.);
#315=B_SPLINE_CURVE_WITH_KNOTS('',2,(#10149,#10150,#10151),
 .UNSPECIFIED.,.F.,.F.,(3,3),(-1.,0.),.UNSPECIFIED.);
#316=B_SPLINE_CURVE_WITH_KNOTS('',2,(#10160,#10161,#10162),
 .UNSPECIFIED.,.F.,.F.,(3,3),(0.,1.),.UNSPECIFIED.);
#317=B_SPLINE_CURVE_WITH_KNOTS('',2,(#10164,#10165,#10166),
 .UNSPECIFIED.,.F.,.F.,(3,3),(-1.,0.),.UNSPECIFIED.);
#318=B_SPLINE_CURVE_WITH_KNOTS('',2,(#10174,#10175,#10176),
 .UNSPECIFIED.,.F.,.F.,(3,3),(0.,1.),.UNSPECIFIED.);
#319=B_SPLINE_CURVE_WITH_KNOTS('',2,(#10177,#10178,#10179),
 .UNSPECIFIED.,.F.,.F.,(3,3),(-1.,0.),.UNSPECIFIED.);
#320=B_SPLINE_CURVE_WITH_KNOTS('',2,(#10210,#10211,#10212),
 .UNSPECIFIED.,.F.,.F.,(3,3),(0.,1.),.UNSPECIFIED.);
#321=B_SPLINE_CURVE_WITH_KNOTS('',2,(#10214,#10215,#10216),
 .UNSPECIFIED.,.F.,.F.,(3,3),(-1.,0.),.UNSPECIFIED.);
#322=B_SPLINE_CURVE_WITH_KNOTS('',2,(#10225,#10226,#10227),
 .UNSPECIFIED.,.F.,.F.,(3,3),(0.,1.),.UNSPECIFIED.);
#323=B_SPLINE_CURVE_WITH_KNOTS('',2,(#10229,#10230,#10231),
 .UNSPECIFIED.,.F.,.F.,(3,3),(-1.,0.),.UNSPECIFIED.);
#324=B_SPLINE_CURVE_WITH_KNOTS('',2,(#10240,#10241,#10242),
 .UNSPECIFIED.,.F.,.F.,(3,3),(0.,1.),.UNSPECIFIED.);
#325=B_SPLINE_CURVE_WITH_KNOTS('',2,(#10244,#10245,#10246),
 .UNSPECIFIED.,.F.,.F.,(3,3),(-1.,0.),.UNSPECIFIED.);
#326=B_SPLINE_CURVE_WITH_KNOTS('',2,(#10255,#10256,#10257),
 .UNSPECIFIED.,.F.,.F.,(3,3),(0.,1.),.UNSPECIFIED.);
#327=B_SPLINE_CURVE_WITH_KNOTS('',2,(#10259,#10260,#10261),
 .UNSPECIFIED.,.F.,.F.,(3,3),(-1.,0.),.UNSPECIFIED.);
#328=B_SPLINE_CURVE_WITH_KNOTS('',2,(#10270,#10271,#10272),
 .UNSPECIFIED.,.F.,.F.,(3,3),(0.,1.),.UNSPECIFIED.);
#329=B_SPLINE_CURVE_WITH_KNOTS('',2,(#10274,#10275,#10276),
 .UNSPECIFIED.,.F.,.F.,(3,3),(-1.,0.),.UNSPECIFIED.);
#330=B_SPLINE_CURVE_WITH_KNOTS('',2,(#10285,#10286,#10287),
 .UNSPECIFIED.,.F.,.F.,(3,3),(0.,1.),.UNSPECIFIED.);
#331=B_SPLINE_CURVE_WITH_KNOTS('',2,(#10289,#10290,#10291),
 .UNSPECIFIED.,.F.,.F.,(3,3),(-1.,0.),.UNSPECIFIED.);
#332=B_SPLINE_CURVE_WITH_KNOTS('',2,(#10300,#10301,#10302),
 .UNSPECIFIED.,.F.,.F.,(3,3),(0.,1.),.UNSPECIFIED.);
#333=B_SPLINE_CURVE_WITH_KNOTS('',2,(#10304,#10305,#10306),
 .UNSPECIFIED.,.F.,.F.,(3,3),(-1.,0.),.UNSPECIFIED.);
#334=B_SPLINE_CURVE_WITH_KNOTS('',2,(#10315,#10316,#10317),
 .UNSPECIFIED.,.F.,.F.,(3,3),(0.,1.),.UNSPECIFIED.);
#335=B_SPLINE_CURVE_WITH_KNOTS('',2,(#10319,#10320,#10321),
 .UNSPECIFIED.,.F.,.F.,(3,3),(-1.,0.),.UNSPECIFIED.);
#336=B_SPLINE_CURVE_WITH_KNOTS('',2,(#10330,#10331,#10332),
 .UNSPECIFIED.,.F.,.F.,(3,3),(0.,1.),.UNSPECIFIED.);
#337=B_SPLINE_CURVE_WITH_KNOTS('',2,(#10334,#10335,#10336),
 .UNSPECIFIED.,.F.,.F.,(3,3),(-1.,0.),.UNSPECIFIED.);
#338=B_SPLINE_CURVE_WITH_KNOTS('',2,(#10345,#10346,#10347),
 .UNSPECIFIED.,.F.,.F.,(3,3),(0.,1.),.UNSPECIFIED.);
#339=B_SPLINE_CURVE_WITH_KNOTS('',2,(#10349,#10350,#10351),
 .UNSPECIFIED.,.F.,.F.,(3,3),(-1.,0.),.UNSPECIFIED.);
#340=B_SPLINE_CURVE_WITH_KNOTS('',2,(#10360,#10361,#10362),
 .UNSPECIFIED.,.F.,.F.,(3,3),(0.,1.),.UNSPECIFIED.);
#341=B_SPLINE_CURVE_WITH_KNOTS('',2,(#10364,#10365,#10366),
 .UNSPECIFIED.,.F.,.F.,(3,3),(-1.,0.),.UNSPECIFIED.);
#342=B_SPLINE_CURVE_WITH_KNOTS('',2,(#10375,#10376,#10377),
 .UNSPECIFIED.,.F.,.F.,(3,3),(0.,1.),.UNSPECIFIED.);
#343=B_SPLINE_CURVE_WITH_KNOTS('',2,(#10379,#10380,#10381),
 .UNSPECIFIED.,.F.,.F.,(3,3),(-1.,0.),.UNSPECIFIED.);
#344=B_SPLINE_CURVE_WITH_KNOTS('',2,(#10420,#10421,#10422),
 .UNSPECIFIED.,.F.,.F.,(3,3),(0.,1.),.UNSPECIFIED.);
#345=B_SPLINE_CURVE_WITH_KNOTS('',2,(#10424,#10425,#10426),
 .UNSPECIFIED.,.F.,.F.,(3,3),(-1.,0.),.UNSPECIFIED.);
#346=B_SPLINE_CURVE_WITH_KNOTS('',2,(#10435,#10436,#10437),
 .UNSPECIFIED.,.F.,.F.,(3,3),(0.,1.),.UNSPECIFIED.);
#347=B_SPLINE_CURVE_WITH_KNOTS('',2,(#10439,#10440,#10441),
 .UNSPECIFIED.,.F.,.F.,(3,3),(-1.,0.),.UNSPECIFIED.);
#348=B_SPLINE_CURVE_WITH_KNOTS('',2,(#10450,#10451,#10452),
 .UNSPECIFIED.,.F.,.F.,(3,3),(0.,1.),.UNSPECIFIED.);
#349=B_SPLINE_CURVE_WITH_KNOTS('',2,(#10454,#10455,#10456),
 .UNSPECIFIED.,.F.,.F.,(3,3),(-1.,0.),.UNSPECIFIED.);
#350=B_SPLINE_CURVE_WITH_KNOTS('',2,(#10465,#10466,#10467),
 .UNSPECIFIED.,.F.,.F.,(3,3),(0.,1.),.UNSPECIFIED.);
#351=B_SPLINE_CURVE_WITH_KNOTS('',2,(#10469,#10470,#10471),
 .UNSPECIFIED.,.F.,.F.,(3,3),(-1.,0.),.UNSPECIFIED.);
#352=B_SPLINE_CURVE_WITH_KNOTS('',2,(#10480,#10481,#10482),
 .UNSPECIFIED.,.F.,.F.,(3,3),(0.,1.),.UNSPECIFIED.);
#353=B_SPLINE_CURVE_WITH_KNOTS('',2,(#10484,#10485,#10486),
 .UNSPECIFIED.,.F.,.F.,(3,3),(-1.,0.),.UNSPECIFIED.);
#354=B_SPLINE_CURVE_WITH_KNOTS('',2,(#10495,#10496,#10497),
 .UNSPECIFIED.,.F.,.F.,(3,3),(0.,1.),.UNSPECIFIED.);
#355=B_SPLINE_CURVE_WITH_KNOTS('',2,(#10499,#10500,#10501),
 .UNSPECIFIED.,.F.,.F.,(3,3),(-1.,0.),.UNSPECIFIED.);
#356=B_SPLINE_CURVE_WITH_KNOTS('',2,(#10510,#10511,#10512),
 .UNSPECIFIED.,.F.,.F.,(3,3),(0.,1.),.UNSPECIFIED.);
#357=B_SPLINE_CURVE_WITH_KNOTS('',2,(#10514,#10515,#10516),
 .UNSPECIFIED.,.F.,.F.,(3,3),(-1.,0.),.UNSPECIFIED.);
#358=B_SPLINE_CURVE_WITH_KNOTS('',2,(#10525,#10526,#10527),
 .UNSPECIFIED.,.F.,.F.,(3,3),(0.,1.),.UNSPECIFIED.);
#359=B_SPLINE_CURVE_WITH_KNOTS('',2,(#10529,#10530,#10531),
 .UNSPECIFIED.,.F.,.F.,(3,3),(-1.,0.),.UNSPECIFIED.);
#360=B_SPLINE_CURVE_WITH_KNOTS('',3,(#10547,#10548,#10549,#10550,#10551,
#10552,#10553,#10554,#10555,#10556,#10557,#10558,#10559,#10560,#10561,#10562,
#10563,#10564,#10565,#10566,#10567,#10568,#10569,#10570,#10571,#10572,#10573,
#10574,#10575,#10576,#10577,#10578,#10579,#10580,#10581,#10582,#10583,#10584,
#10585,#10586,#10587,#10588,#10589,#10590,#10591,#10592,#10593,#10594,#10595,
#10596,#10597,#10598),.UNSPECIFIED.,.T.,.F.,(4,2,2,2,2,2,2,2,2,2,2,2,2,
2,2,2,2,2,2,2,2,2,2,2,2,4),(-1.12273749083431,-0.991085425142203,-0.942592535982904,
-0.917166190819486,-0.903441948742677,-0.894104440229165,-0.884468827274354,
-0.876365361138209,-0.868992456053724,-0.859420494120287,-0.840439563381691,
-0.7796631439445,-0.678020923449169,-0.481994250709225,-0.395245924053348,
-0.368188427185855,-0.358413477273309,-0.353713966441847,-0.350733298058818,
-0.348159530225119,-0.345068012843366,-0.340806872162523,-0.332931870004694,
-0.308052176796005,-0.223418527833046,0.),.UNSPECIFIED.);
#361=B_SPLINE_CURVE_WITH_KNOTS('',3,(#10601,#10602,#10603,#10604,#10605,
#10606,#10607,#10608,#10609,#10610,#10611,#10612,#10613,#10614,#10615,#10616,
#10617,#10618,#10619,#10620,#10621,#10622,#10623,#10624,#10625,#10626,#10627,
#10628,#10629,#10630,#10631,#10632,#10633,#10634,#10635,#10636,#10637,#10638,
#10639,#10640,#10641,#10642,#10643,#10644,#10645,#10646,#10647,#10648,#10649,
#10650),.UNSPECIFIED.,.T.,.F.,(4,2,2,2,2,2,2,2,2,2,2,2,2,2,2,2,2,2,2,2,
2,2,2,2,4),(-1.15187323587102,-1.02635467206646,-0.974856907301146,-0.948318924807579,
-0.934257547954601,-0.924861970622747,-0.916738382609186,-0.90829646341682,
-0.900288719971317,-0.889331991979864,-0.86593330665685,-0.783091275280981,
-0.546391177802317,-0.411966756790792,-0.373892261494008,-0.361110205743288,
-0.355377761488956,-0.351995263357417,-0.349314650183359,-0.346332925503242,
-0.342224971770482,-0.334129031035375,-0.305394204349486,-0.205927424609565,
0.),.UNSPECIFIED.);
#362=B_SPLINE_CURVE_WITH_KNOTS('',3,(#10653,#10654,#10655,#10656,#10657,
#10658,#10659,#10660,#10661,#10662,#10663,#10664,#10665,#10666,#10667,#10668,
#10669,#10670,#10671,#10672,#10673,#10674,#10675,#10676,#10677,#10678,#10679,
#10680,#10681,#10682,#10683,#10684,#10685,#10686,#10687,#10688,#10689,#10690,
#10691,#10692,#10693,#10694,#10695,#10696,#10697,#10698,#10699,#10700,#10701,
#10702,#10703,#10704),.UNSPECIFIED.,.T.,.F.,(4,2,2,2,2,2,2,2,2,2,2,2,2,
2,2,2,2,2,2,2,2,2,2,2,2,4),(-1.02936933585565,-0.942224571938325,-0.871173135919071,
-0.839307274909405,-0.824358875733429,-0.815549770694544,-0.808930370374239,
-0.801717324775152,-0.795522470038878,-0.787734264483491,-0.772876912275781,
-0.730051674897383,-0.653436596145571,-0.585241099706512,-0.457914291081739,
-0.399800377504141,-0.378110208034013,-0.369213927589743,-0.364409857026203,
-0.360965094920634,-0.357442739013475,-0.352931786681079,-0.34448099165243,
-0.315313130983296,-0.215237467260889,0.),.UNSPECIFIED.);
#363=B_SPLINE_CURVE_WITH_KNOTS('',3,(#10707,#10708,#10709,#10710,#10711,
#10712,#10713,#10714,#10715,#10716,#10717,#10718,#10719,#10720,#10721,#10722,
#10723,#10724,#10725,#10726,#10727,#10728,#10729,#10730,#10731,#10732,#10733,
#10734,#10735,#10736,#10737,#10738,#10739,#10740,#10741,#10742,#10743,#10744,
#10745,#10746,#10747,#10748,#10749,#10750,#10751,#10752,#10753,#10754,#10755,
#10756),.UNSPECIFIED.,.T.,.F.,(4,2,2,2,2,2,2,2,2,2,2,2,2,2,2,2,2,2,2,2,
2,2,2,2,4),(-1.1616821267757,-1.03208927213669,-0.982621895275716,-0.956770820485829,
-0.942883116038255,-0.933468799993592,-0.92518966760745,-0.916694777248882,
-0.908535729846468,-0.897244026285442,-0.872710309608989,-0.782315753273547,
-0.544271741575877,-0.411667244480058,-0.374000495046591,-0.361307167678826,
-0.355594307881348,-0.352211022594463,-0.349518247718922,-0.346510938638038,
-0.342364658473379,-0.334232017141078,-0.30565870788808,-0.207313516242334,
0.),.UNSPECIFIED.);
#364=B_SPLINE_CURVE_WITH_KNOTS('',3,(#10759,#10760,#10761,#10762,#10763,
#10764,#10765,#10766,#10767,#10768,#10769,#10770,#10771,#10772,#10773,#10774,
#10775,#10776,#10777,#10778,#10779,#10780,#10781,#10782,#10783,#10784,#10785,
#10786,#10787,#10788,#10789,#10790,#10791,#10792,#10793,#10794,#10795,#10796,
#10797,#10798,#10799,#10800,#10801,#10802,#10803,#10804,#10805,#10806,#10807,
#10808),.UNSPECIFIED.,.T.,.F.,(4,2,2,2,2,2,2,2,2,2,2,2,2,2,2,2,2,2,2,2,
2,2,2,2,4),(-0.946564808617459,-0.807934683767631,-0.778456408356094,-0.76623505799465,
-0.759247575425866,-0.754198605433499,-0.748711772063475,-0.743981346502702,
-0.738931938361588,-0.731159322610709,-0.711495547368784,-0.641595881897583,
-0.474837229094033,-0.38446802790618,-0.357748764563065,-0.348370835269752,
-0.343977877618378,-0.341269070728715,-0.339020115344656,-0.336396899098381,
-0.33267164851084,-0.325254362070721,-0.2992209248054,-0.208425617728981,
0.),.UNSPECIFIED.);
#365=B_SPLINE_CURVE_WITH_KNOTS('',3,(#10811,#10812,#10813,#10814,#10815,
#10816,#10817,#10818,#10819,#10820,#10821,#10822,#10823,#10824,#10825,#10826,
#10827,#10828,#10829,#10830,#10831,#10832,#10833,#10834,#10835,#10836,#10837,
#10838,#10839,#10840,#10841,#10842,#10843,#10844,#10845,#10846,#10847,#10848,
#10849,#10850,#10851,#10852,#10853,#10854,#10855,#10856,#10857,#10858,#10859,
#10860,#10861,#10862),.UNSPECIFIED.,.T.,.F.,(4,2,2,2,2,2,2,2,2,2,2,2,2,
2,2,2,2,2,2,2,2,2,2,2,2,4),(-0.913818507932543,-0.772321992010329,-0.743419310445562,
-0.731320594760697,-0.724351883143256,-0.719283987785326,-0.714499475986252,
-0.709628680775264,-0.705077126718364,-0.69900735832364,-0.686651181518758,
-0.646098801005223,-0.576020782038502,-0.437313427956779,-0.374215029273893,
-0.353995176507698,-0.346487474440889,-0.342777597262021,-0.340359223705291,
-0.338213259523439,-0.335563960081347,-0.331808188388273,-0.32466807988651,
-0.301458100336952,-0.220262137757615,0.),.UNSPECIFIED.);
#366=B_SPLINE_CURVE_WITH_KNOTS('',3,(#10865,#10866,#10867,#10868,#10869,
#10870,#10871,#10872,#10873,#10874,#10875,#10876,#10877,#10878,#10879,#10880,
#10881,#10882,#10883,#10884,#10885,#10886,#10887,#10888,#10889,#10890,#10891,
#10892,#10893,#10894,#10895,#10896,#10897,#10898,#10899,#10900,#10901,#10902,
#10903,#10904,#10905,#10906,#10907,#10908,#10909,#10910,#10911,#10912,#10913,
#10914,#10915,#10916),.UNSPECIFIED.,.T.,.F.,(4,2,2,2,2,2,2,2,2,2,2,2,2,
2,2,2,2,2,2,2,2,2,2,2,2,4),(-1.12273749082907,-0.991085425136993,-0.942592535977615,
-0.917166190814132,-0.903441948737298,-0.894104440223772,-0.884468827268957,
-0.876365361132812,-0.868992456048331,-0.859420494114931,-0.840439563376456,
-0.779663143939735,-0.678020923445332,-0.48199425070735,-0.395245924052429,
-0.368188427185259,-0.358413477272842,-0.353713966441448,-0.350733298058462,
-0.348159530224794,-0.34506801284308,-0.340806872162302,-0.332931870004588,
-0.308052176796165,-0.223418527833141,0.),.UNSPECIFIED.);
#367=B_SPLINE_CURVE_WITH_KNOTS('',3,(#10919,#10920,#10921,#10922,#10923,
#10924,#10925,#10926,#10927,#10928,#10929,#10930,#10931,#10932,#10933,#10934,
#10935,#10936,#10937,#10938,#10939,#10940,#10941,#10942,#10943,#10944,#10945,
#10946,#10947,#10948,#10949,#10950,#10951,#10952,#10953,#10954,#10955,#10956,
#10957,#10958,#10959,#10960,#10961,#10962,#10963,#10964,#10965,#10966,#10967,
#10968),.UNSPECIFIED.,.T.,.F.,(4,2,2,2,2,2,2,2,2,2,2,2,2,2,2,2,2,2,2,2,
2,2,2,2,4),(-1.15187323587033,-1.02635467206579,-0.974856907300491,-0.948318924806961,
-0.934257547954015,-0.924861970622159,-0.916738382608592,-0.908296463416224,
-0.900288719970731,-0.8893319919793,-0.865933306656296,-0.783091275280519,
-0.546391177802011,-0.411966756790599,-0.373892261493875,-0.361110205743164,
-0.355377761488842,-0.351995263357308,-0.34931465018326,-0.346332925503157,
-0.342224971770412,-0.33412903103533,-0.305394204349512,-0.205927424609585,
0.),.UNSPECIFIED.);
#368=B_SPLINE_CURVE_WITH_KNOTS('',3,(#10971,#10972,#10973,#10974,#10975,
#10976,#10977,#10978,#10979,#10980,#10981,#10982,#10983,#10984,#10985,#10986,
#10987,#10988,#10989,#10990,#10991,#10992,#10993,#10994,#10995,#10996,#10997,
#10998,#10999,#11000,#11001,#11002,#11003,#11004,#11005,#11006,#11007,#11008,
#11009,#11010,#11011,#11012,#11013,#11014,#11015,#11016,#11017,#11018,#11019,
#11020,#11021,#11022),.UNSPECIFIED.,.T.,.F.,(4,2,2,2,2,2,2,2,2,2,2,2,2,
2,2,2,2,2,2,2,2,2,2,2,2,4),(-1.02936933585353,-0.94222457193618,-0.871173135916898,
-0.839307274907247,-0.82435887573129,-0.815549770692417,-0.808930370372126,
-0.801717324773056,-0.795522470036797,-0.787734264481422,-0.772876912273751,
-0.730051674895489,-0.653436596143999,-0.585241099705238,-0.45791429108106,
-0.399800377503727,-0.378110208033736,-0.369213927589498,-0.364409857025986,
-0.360965094920439,-0.357442739013298,-0.352931786680918,-0.34448099165231,
-0.315313130983298,-0.215237467260907,0.),.UNSPECIFIED.);
#369=B_SPLINE_CURVE_WITH_KNOTS('',3,(#11025,#11026,#11027,#11028,#11029,
#11030,#11031,#11032,#11033,#11034,#11035,#11036,#11037,#11038,#11039,#11040,
#11041,#11042,#11043,#11044,#11045,#11046,#11047,#11048,#11049,#11050,#11051,
#11052,#11053,#11054,#11055,#11056,#11057,#11058,#11059,#11060,#11061,#11062,
#11063,#11064,#11065,#11066,#11067,#11068,#11069,#11070,#11071,#11072,#11073,
#11074),.UNSPECIFIED.,.T.,.F.,(4,2,2,2,2,2,2,2,2,2,2,2,2,2,2,2,2,2,2,2,
2,2,2,2,4),(-1.16168212678221,-1.03208927214316,-0.982621895281741,-0.956770820491392,
-0.94288311604356,-0.933468799998721,-0.925189667612451,-0.916694777253766,
-0.908535729851247,-0.897244026290094,-0.872710309613423,-0.78231575327712,
-0.544271741577486,-0.411667244480698,-0.374000495046992,-0.36130716767919,
-0.355594307881672,-0.352211022594764,-0.349518247719211,-0.346510938638317,
-0.342364658473643,-0.334232017141332,-0.305658707888312,-0.207313516242425,
0.),.UNSPECIFIED.);
#370=B_SPLINE_CURVE_WITH_KNOTS('',3,(#11077,#11078,#11079,#11080,#11081,
#11082,#11083,#11084,#11085,#11086,#11087,#11088,#11089,#11090,#11091,#11092,
#11093,#11094,#11095,#11096,#11097,#11098,#11099,#11100,#11101,#11102,#11103,
#11104,#11105,#11106,#11107,#11108,#11109,#11110,#11111,#11112,#11113,#11114,
#11115,#11116,#11117,#11118,#11119,#11120,#11121,#11122,#11123,#11124,#11125,
#11126),.UNSPECIFIED.,.T.,.F.,(4,2,2,2,2,2,2,2,2,2,2,2,2,2,2,2,2,2,2,2,
2,2,2,2,4),(-0.946564808616724,-0.807934683766811,-0.778456408355303,-0.766235057993882,
-0.759247575425112,-0.75419860543275,-0.748711772062735,-0.74398134650197,
-0.738931938360855,-0.731159322609974,-0.711495547368029,-0.641595881896872,
-0.474837229093633,-0.384468027905999,-0.357748764562961,-0.348370835269668,
-0.343977877618315,-0.341269070728651,-0.3390201153446,-0.336396899098338,
-0.332671648510811,-0.325254362070706,-0.299220924805454,-0.208425617729025,
0.),.UNSPECIFIED.);
#371=B_SPLINE_CURVE_WITH_KNOTS('',3,(#11129,#11130,#11131,#11132,#11133,
#11134,#11135,#11136,#11137,#11138,#11139,#11140,#11141,#11142,#11143,#11144,
#11145,#11146,#11147,#11148,#11149,#11150,#11151,#11152,#11153,#11154,#11155,
#11156,#11157,#11158,#11159,#11160,#11161,#11162,#11163,#11164,#11165,#11166,
#11167,#11168,#11169,#11170,#11171,#11172,#11173,#11174,#11175,#11176,#11177,
#11178,#11179,#11180),.UNSPECIFIED.,.T.,.F.,(4,2,2,2,2,2,2,2,2,2,2,2,2,
2,2,2,2,2,2,2,2,2,2,2,2,4),(-0.913818507932368,-0.772321992010154,-0.743419310445342,
-0.731320594760456,-0.72435188314299,-0.71928398778505,-0.714499475985969,
-0.709628680774977,-0.705077126718075,-0.699007358323352,-0.686651181518477,
-0.646098801004958,-0.576020782038242,-0.437313427956619,-0.37421502927381,
-0.353995176507653,-0.346487474440868,-0.342777597262005,-0.340359223705276,
-0.33821325952343,-0.33556396008135,-0.331808188388294,-0.324668079886563,
-0.30145810033706,-0.220262137757665,0.),.UNSPECIFIED.);
#372=B_SPLINE_CURVE_WITH_KNOTS('',3,(#11184,#11185,#11186,#11187,#11188,
#11189,#11190,#11191,#11192,#11193,#11194,#11195,#11196,#11197,#11198,#11199,
#11200,#11201,#11202,#11203,#11204,#11205,#11206,#11207,#11208,#11209,#11210,
#11211),.UNSPECIFIED.,.F.,.F.,(4,2,2,2,2,2,2,2,2,2,2,2,2,4),(-1.12273749082613,
-0.991085425134044,-0.942592535975095,-0.917166190812058,-0.903441948735463,
-0.894104440222073,-0.884468827267386,-0.876365361131344,-0.868992456046949,
-0.859420494113631,-0.840439563375281,-0.779663143938868,-0.678020923444794,
-0.506903983422472),.UNSPECIFIED.);
#373=B_SPLINE_CURVE_WITH_KNOTS('',3,(#11213,#11214,#11215,#11216),
 .UNSPECIFIED.,.F.,.F.,(4,4),(-0.177196828945358,0.),.UNSPECIFIED.);
#374=B_SPLINE_CURVE_WITH_KNOTS('',3,(#11217,#11218,#11219,#11220,#11221,
#11222,#11223,#11224,#11225,#11226,#11227,#11228,#11229,#11230,#11231,#11232,
#11233,#11234,#11235,#11236,#11237,#11238,#11239,#11240,#11241,#11242,#11243,
#11244),.UNSPECIFIED.,.F.,.F.,(4,2,2,2,2,2,2,2,2,2,2,2,2,4),(-0.506903983422472,
-0.48199425070732,-0.395245924052549,-0.368188427185412,-0.358413477272993,
-0.353713966441589,-0.350733298058591,-0.348159530224912,-0.345068012843184,
-0.340806872162385,-0.33293187000462,-0.308052176796059,-0.223418527833058,
-0.177196828945358),.UNSPECIFIED.);
#375=B_SPLINE_CURVE_WITH_KNOTS('',3,(#11247,#11248,#11249,#11250,#11251,
#11252,#11253,#11254,#11255,#11256,#11257,#11258,#11259,#11260,#11261,#11262,
#11263,#11264,#11265,#11266,#11267,#11268,#11269,#11270,#11271,#11272,#11273,
#11274,#11275,#11276,#11277,#11278,#11279,#11280,#11281,#11282,#11283,#11284,
#11285,#11286,#11287,#11288,#11289,#11290,#11291,#11292,#11293,#11294,#11295,
#11296),.UNSPECIFIED.,.T.,.F.,(4,2,2,2,2,2,2,2,2,2,2,2,2,2,2,2,2,2,2,2,
2,2,2,2,4),(-1.1518732358716,-1.02635467206707,-0.974856907301738,-0.948318924808146,
-0.934257547955161,-0.924861970623304,-0.916738382609732,-0.908296463417349,
-0.900288719971836,-0.889331991980381,-0.865933306657346,-0.783091275281456,
-0.546391177802498,-0.411966756790799,-0.373892261493962,-0.361110205743241,
-0.355377761488892,-0.351995263357355,-0.349314650183303,-0.346332925503195,
-0.34222497177045,-0.334129031035355,-0.305394204349488,-0.205927424609567,
0.),.UNSPECIFIED.);
#376=B_SPLINE_CURVE_WITH_KNOTS('',3,(#11299,#11300,#11301,#11302,#11303,
#11304,#11305,#11306,#11307,#11308,#11309,#11310,#11311,#11312,#11313,#11314,
#11315,#11316,#11317,#11318,#11319,#11320,#11321,#11322,#11323,#11324,#11325,
#11326,#11327,#11328,#11329,#11330,#11331,#11332,#11333,#11334,#11335,#11336,
#11337,#11338,#11339,#11340,#11341,#11342,#11343,#11344,#11345,#11346,#11347,
#11348,#11349,#11350),.UNSPECIFIED.,.T.,.F.,(4,2,2,2,2,2,2,2,2,2,2,2,2,
2,2,2,2,2,2,2,2,2,2,2,2,4),(-1.02936933585433,-0.942224571936973,-0.8711731359176,
-0.839307274907871,-0.824358875731896,-0.815549770693021,-0.80893037037272,
-0.801717324773639,-0.795522470037381,-0.787734264482028,-0.772876912274405,
-0.730051674896129,-0.653436596144429,-0.585241099705553,-0.457914291081255,
-0.399800377503902,-0.378110208033909,-0.369213927589689,-0.364409857026175,
-0.360965094920617,-0.357442739013466,-0.352931786681089,-0.344480991652517,
-0.315313130983554,-0.215237467261002,0.),.UNSPECIFIED.);
#377=B_SPLINE_CURVE_WITH_KNOTS('',3,(#11353,#11354,#11355,#11356,#11357,
#11358,#11359,#11360,#11361,#11362,#11363,#11364,#11365,#11366,#11367,#11368,
#11369,#11370,#11371,#11372,#11373,#11374,#11375,#11376,#11377,#11378,#11379,
#11380,#11381,#11382,#11383,#11384,#11385,#11386,#11387,#11388,#11389,#11390,
#11391,#11392,#11393,#11394,#11395,#11396,#11397,#11398,#11399,#11400,#11401,
#11402),.UNSPECIFIED.,.T.,.F.,(4,2,2,2,2,2,2,2,2,2,2,2,2,2,2,2,2,2,2,2,
2,2,2,2,4),(-1.1616821267768,-1.03208927213776,-0.982621895276624,-0.956770820486557,
-0.942883116038872,-0.933468799994136,-0.925189667607951,-0.91669477724935,
-0.908535729846904,-0.897244026285851,-0.872710309609372,-0.782315753273793,
-0.544271741575989,-0.411667244480207,-0.374000495046776,-0.361307167679048,
-0.355594307881576,-0.352211022594693,-0.349518247719147,-0.346510938638254,
-0.342364658473583,-0.33423201714128,-0.305658707888287,-0.207313516242414,
0.),.UNSPECIFIED.);
#378=B_SPLINE_CURVE_WITH_KNOTS('',3,(#11405,#11406,#11407,#11408,#11409,
#11410,#11411,#11412,#11413,#11414,#11415,#11416,#11417,#11418,#11419,#11420,
#11421,#11422,#11423,#11424,#11425,#11426,#11427,#11428,#11429,#11430,#11431,
#11432,#11433,#11434,#11435,#11436,#11437,#11438,#11439,#11440,#11441,#11442,
#11443,#11444,#11445,#11446,#11447,#11448,#11449,#11450,#11451,#11452,#11453,
#11454),.UNSPECIFIED.,.T.,.F.,(4,2,2,2,2,2,2,2,2,2,2,2,2,2,2,2,2,2,2,2,
2,2,2,2,4),(-0.946564808617603,-0.807934683767801,-0.778456408356205,-0.766235057994737,
-0.759247575425946,-0.754198605433574,-0.748711772063555,-0.743981346502785,
-0.738931938361662,-0.731159322610762,-0.711495547368809,-0.64159588189759,
-0.474837229094037,-0.384468027906232,-0.35774876456315,-0.348370835269853,
-0.343977877618493,-0.341269070728839,-0.339020115344781,-0.336396899098502,
-0.332671648510959,-0.32525436207083,-0.299220924805511,-0.208425617729042,
0.),.UNSPECIFIED.);
#379=B_SPLINE_CURVE_WITH_KNOTS('',3,(#11457,#11458,#11459,#11460,#11461,
#11462,#11463,#11464,#11465,#11466,#11467,#11468,#11469,#11470,#11471,#11472,
#11473,#11474,#11475,#11476,#11477,#11478,#11479,#11480,#11481,#11482,#11483,
#11484,#11485,#11486,#11487,#11488,#11489,#11490,#11491,#11492,#11493,#11494,
#11495,#11496,#11497,#11498,#11499,#11500,#11501,#11502,#11503,#11504,#11505,
#11506,#11507,#11508),.UNSPECIFIED.,.T.,.F.,(4,2,2,2,2,2,2,2,2,2,2,2,2,
2,2,2,2,2,2,2,2,2,2,2,2,4),(-0.913818507932365,-0.772321992010155,-0.743419310445402,
-0.731320594760545,-0.724351883143105,-0.719283987785185,-0.714499475986115,
-0.709628680775128,-0.70507712671823,-0.699007358323515,-0.686651181518644,
-0.646098801005133,-0.576020782038436,-0.437313427956772,-0.374215029273915,
-0.353995176507728,-0.346487474440919,-0.342777597262047,-0.340359223705313,
-0.338213259523462,-0.335563960081372,-0.331808188388292,-0.324668079886518,
-0.301458100336944,-0.220262137757606,0.),.UNSPECIFIED.);
#380=B_SPLINE_CURVE_WITH_KNOTS('',3,(#11511,#11512,#11513,#11514,#11515,
#11516,#11517,#11518,#11519,#11520,#11521,#11522,#11523,#11524,#11525,#11526,
#11527,#11528,#11529,#11530,#11531,#11532,#11533,#11534,#11535,#11536,#11537,
#11538,#11539,#11540,#11541,#11542,#11543,#11544,#11545,#11546,#11547,#11548,
#11549,#11550,#11551,#11552,#11553,#11554,#11555,#11556,#11557,#11558,#11559,
#11560,#11561,#11562),.UNSPECIFIED.,.T.,.F.,(4,2,2,2,2,2,2,2,2,2,2,2,2,
2,2,2,2,2,2,2,2,2,2,2,2,4),(-1.12273749083106,-0.991085425138956,-0.942592535979743,
-0.917166190816422,-0.90344194873966,-0.894104440226164,-0.884468827271372,
-0.876365361135248,-0.868992456050787,-0.859420494117374,-0.840439563378809,
-0.779663143941833,-0.678020923447105,-0.481994250708322,-0.395245924052975,
-0.36818842718564,-0.358413477273149,-0.353713966441713,-0.350733298058694,
-0.348159530225001,-0.345068012843258,-0.340806872162438,-0.332931870004639,
-0.308052176796019,-0.22341852783305,0.),.UNSPECIFIED.);
#381=B_SPLINE_CURVE_WITH_KNOTS('',3,(#11565,#11566,#11567,#11568,#11569,
#11570,#11571,#11572,#11573,#11574,#11575,#11576,#11577,#11578,#11579,#11580,
#11581,#11582,#11583,#11584,#11585,#11586,#11587,#11588,#11589,#11590,#11591,
#11592,#11593,#11594,#11595,#11596,#11597,#11598,#11599,#11600,#11601,#11602,
#11603,#11604,#11605,#11606,#11607,#11608,#11609,#11610,#11611,#11612,#11613,
#11614),.UNSPECIFIED.,.T.,.F.,(4,2,2,2,2,2,2,2,2,2,2,2,2,2,2,2,2,2,2,2,
2,2,2,2,4),(-1.15187323587243,-1.02635467206787,-0.974856907302446,-0.948318924808756,
-0.93425754795573,-0.924861970623845,-0.916738382610259,-0.908296463417862,
-0.900288719972325,-0.889331991980835,-0.865933306657743,-0.783091275281715,
-0.546391177802616,-0.411966756790862,-0.373892261494028,-0.361110205743285,
-0.355377761488949,-0.351995263357409,-0.349314650183354,-0.346332925503244,
-0.342224971770498,-0.334129031035409,-0.305394204349561,-0.205927424609583,
0.),.UNSPECIFIED.);
#382=B_SPLINE_CURVE_WITH_KNOTS('',3,(#11617,#11618,#11619,#11620,#11621,
#11622,#11623,#11624,#11625,#11626,#11627,#11628,#11629,#11630,#11631,#11632,
#11633,#11634,#11635,#11636,#11637,#11638,#11639,#11640,#11641,#11642,#11643,
#11644,#11645,#11646,#11647,#11648,#11649,#11650,#11651,#11652,#11653,#11654,
#11655,#11656,#11657,#11658,#11659,#11660,#11661,#11662,#11663,#11664,#11665,
#11666,#11667,#11668),.UNSPECIFIED.,.T.,.F.,(4,2,2,2,2,2,2,2,2,2,2,2,2,
2,2,2,2,2,2,2,2,2,2,2,2,4),(-1.02936933585355,-0.942224571936227,-0.871173135916955,
-0.839307274907287,-0.824358875731334,-0.815549770692475,-0.808930370372195,
-0.801717324773138,-0.795522470036892,-0.787734264481542,-0.772876912273935,
-0.730051674895746,-0.653436596144198,-0.585241099705437,-0.457914291081322,
-0.399800377503963,-0.378110208033937,-0.369213927589696,-0.364409857026176,
-0.360965094920616,-0.357442739013464,-0.352931786681084,-0.344480991652486,
-0.315313130983468,-0.215237467260972,0.),.UNSPECIFIED.);
#383=B_SPLINE_CURVE_WITH_KNOTS('',3,(#11671,#11672,#11673,#11674,#11675,
#11676,#11677,#11678,#11679,#11680,#11681,#11682,#11683,#11684,#11685,#11686,
#11687,#11688,#11689,#11690,#11691,#11692,#11693,#11694,#11695,#11696,#11697,
#11698,#11699,#11700,#11701,#11702,#11703,#11704,#11705,#11706,#11707,#11708,
#11709,#11710,#11711,#11712,#11713,#11714,#11715,#11716,#11717,#11718,#11719,
#11720),.UNSPECIFIED.,.T.,.F.,(4,2,2,2,2,2,2,2,2,2,2,2,2,2,2,2,2,2,2,2,
2,2,2,2,4),(-1.16168212677459,-1.03208927213556,-0.982621895274617,-0.956770820484764,
-0.942883116037206,-0.933468799992542,-0.925189667606405,-0.916694777247835,
-0.908535729845415,-0.89724402628443,-0.872710309608048,-0.782315753272772,
-0.544271741575586,-0.411667244480045,-0.374000495046666,-0.361307167678956,
-0.355594307881477,-0.352211022594587,-0.349518247719046,-0.346510938638159,
-0.342364658473479,-0.334232017141164,-0.305658707888117,-0.207313516242334,
0.),.UNSPECIFIED.);
#384=B_SPLINE_CURVE_WITH_KNOTS('',3,(#11723,#11724,#11725,#11726,#11727,
#11728,#11729,#11730,#11731,#11732,#11733,#11734,#11735,#11736,#11737,#11738,
#11739,#11740,#11741,#11742,#11743,#11744,#11745,#11746,#11747,#11748,#11749,
#11750,#11751,#11752,#11753,#11754,#11755,#11756,#11757,#11758,#11759,#11760,
#11761,#11762,#11763,#11764,#11765,#11766,#11767,#11768,#11769,#11770,#11771,
#11772),.UNSPECIFIED.,.T.,.F.,(4,2,2,2,2,2,2,2,2,2,2,2,2,2,2,2,2,2,2,2,
2,2,2,2,4),(-0.946564808617012,-0.807934683767182,-0.778456408355646,-0.766235057994216,
-0.759247575425434,-0.75419860543307,-0.748711772063056,-0.743981346502294,
-0.73893193836119,-0.731159322610312,-0.711495547368378,-0.641595881897223,
-0.474837229093848,-0.384468027906112,-0.357748764563032,-0.348370835269735,
-0.343977877618373,-0.341269070728706,-0.339020115344654,-0.336396899098388,
-0.332671648510854,-0.325254362070737,-0.299220924805437,-0.208425617729007,
0.),.UNSPECIFIED.);
#385=B_SPLINE_CURVE_WITH_KNOTS('',3,(#11775,#11776,#11777,#11778,#11779,
#11780,#11781,#11782,#11783,#11784,#11785,#11786,#11787,#11788,#11789,#11790,
#11791,#11792,#11793,#11794,#11795,#11796,#11797,#11798,#11799,#11800,#11801,
#11802,#11803,#11804,#11805,#11806,#11807,#11808,#11809,#11810,#11811,#11812,
#11813,#11814,#11815,#11816,#11817,#11818,#11819,#11820,#11821,#11822),
 .UNSPECIFIED.,.T.,.F.,(4,2,2,2,2,2,2,2,2,2,2,2,2,2,2,2,2,2,2,2,2,2,2,4),
(-0.933746506126774,-0.793135790132333,-0.764425043379794,-0.752515143874714,
-0.745721231247017,-0.74079677808249,-0.735591394178344,-0.730638762403993,
-0.723909824027999,-0.709668937179849,-0.663273994191297,-0.586436741836764,
-0.47611485916681,-0.392360310830082,-0.366234084548118,-0.356603001885335,
-0.351893547552107,-0.348205415817735,-0.345429307176471,-0.342026463896042,
-0.334977911108087,-0.30489470496173,-0.186236111713109,0.),
 .UNSPECIFIED.);
#386=B_SPLINE_CURVE_WITH_KNOTS('',3,(#11999,#12000,#12001,#12002,#12003,
#12004,#12005,#12006,#12007,#12008,#12009,#12010,#12011,#12012,#12013,#12014,
#12015,#12016,#12017,#12018,#12019,#12020,#12021,#12022,#12023,#12024,#12025,
#12026,#12027,#12028,#12029,#12030,#12031,#12032,#12033,#12034,#12035,#12036,
#12037,#12038),.UNSPECIFIED.,.F.,.F.,(4,3,3,3,3,3,3,3,3,3,3,3,3,4),(0.,
0.00898908325861386,0.017372157723625,0.0227881249531702,0.0316571921001496,
0.040044829336152,0.0418885042136709,0.0427338955767778,0.0514643511881494,
0.060183274170968,0.0686739446657198,0.0726386333001104,0.0814933696003289,
0.0856605700198277),.UNSPECIFIED.);
#387=B_SPLINE_CURVE_WITH_KNOTS('',3,(#12040,#12041,#12042,#12043),
 .UNSPECIFIED.,.F.,.F.,(4,4),(0.0780015490498726,0.143390323910181),
 .UNSPECIFIED.);
#388=B_SPLINE_CURVE_WITH_KNOTS('',3,(#12046,#12047,#12048,#12049),
 .UNSPECIFIED.,.F.,.F.,(4,4),(-0.143390323910181,-0.0780015486970641),
 .UNSPECIFIED.);
#389=B_SPLINE_CURVE_WITH_KNOTS('',3,(#12058,#12059,#12060,#12061),
 .UNSPECIFIED.,.F.,.F.,(4,4),(-0.10817428998821,-0.0420870467347811),
 .UNSPECIFIED.);
#390=B_SPLINE_CURVE_WITH_KNOTS('',3,(#12078,#12079,#12080,#12081,#12082,
#12083,#12084,#12085,#12086,#12087,#12088,#12089,#12090,#12091,#12092,#12093,
#12094,#12095,#12096,#12097,#12098,#12099,#12100,#12101,#12102,#12103,#12104,
#12105,#12106,#12107,#12108,#12109,#12110,#12111,#12112,#12113,#12114,#12115,
#12116,#12117),.UNSPECIFIED.,.F.,.F.,(4,3,3,3,3,3,3,3,3,3,3,3,3,4),(0.,
0.00904655161885508,0.0174659178267993,0.023065737970806,0.0319087549229732,
0.0402304403278685,0.0421410028196648,0.0442603423685933,0.0530446665935644,
0.0602064948294244,0.0686024100836527,0.0738966141581472,0.082698133494063,
0.0882455169119746),.UNSPECIFIED.);
#391=B_SPLINE_CURVE_WITH_KNOTS('',3,(#12150,#12151,#12152,#12153),
 .UNSPECIFIED.,.F.,.F.,(4,4),(0.0420870385548848,0.10817428998821),
 .UNSPECIFIED.);
#392=B_SPLINE_CURVE_WITH_KNOTS('',3,(#12160,#12161,#12162,#12163,#12164,
#12165,#12166,#12167,#12168,#12169),.UNSPECIFIED.,.F.,.F.,(4,2,2,2,4),(-0.00043398622009109,
0.,0.0272036946374889,0.0535229299783931,0.0776603263127548),
 .UNSPECIFIED.);
#393=B_SPLINE_CURVE_WITH_KNOTS('',3,(#12175,#12176,#12177,#12178,#12179,
#12180,#12181,#12182),.UNSPECIFIED.,.F.,.F.,(4,2,2,4),(0.0463790132950008,
0.051062679036335,0.0789611664418535,0.0794066743444096),.UNSPECIFIED.);
#394=B_SPLINE_CURVE_WITH_KNOTS('',3,(#12183,#12184,#12185,#12186,#12187,
#12188,#12189,#12190),.UNSPECIFIED.,.F.,.F.,(4,2,2,4),(0.0351034677963807,
0.0513212805360664,0.0736383788309413,0.0747297057023566),.UNSPECIFIED.);
#395=B_SPLINE_CURVE_WITH_KNOTS('',3,(#12196,#12197,#12198,#12199,#12200,
#12201,#12202,#12203),.UNSPECIFIED.,.F.,.F.,(4,2,2,4),(0.000155876850588635,
0.024019831427385,0.0510604404506079,0.0534656645775759),.UNSPECIFIED.);
#396=B_SPLINE_CURVE_WITH_KNOTS('',3,(#12205,#12206,#12207,#12208),
 .UNSPECIFIED.,.F.,.F.,(4,4),(0.0257287309044434,0.0328474097575371),
 .UNSPECIFIED.);
#397=B_SPLINE_CURVE_WITH_KNOTS('',3,(#12212,#12213,#12214,#12215,#12216,
#12217,#12218,#12219),.UNSPECIFIED.,.F.,.F.,(4,2,2,4),(0.316534570529958,
0.317625834657357,0.339942932952232,0.356160745692053),.UNSPECIFIED.);
#398=B_SPLINE_CURVE_WITH_KNOTS('',3,(#12227,#12228,#12229,#12230,#12231,
#12232,#12233,#12234),.UNSPECIFIED.,.F.,.F.,(4,2,2,4),(-0.0798203209453758,
-0.0526062607020054,-0.0242843048552224,0.),.UNSPECIFIED.);
#399=B_SPLINE_CURVE_WITH_KNOTS('',3,(#12239,#12240,#12241,#12242,#12243,
#12244,#12245,#12246),.UNSPECIFIED.,.F.,.F.,(4,2,2,4),(-0.0833877306441177,
-0.0605403161818585,-0.0300445400582879,-0.00293160004489966),
 .UNSPECIFIED.);
#400=B_SPLINE_CURVE_WITH_KNOTS('',3,(#12296,#12297,#12298,#12299,#12300,
#12301,#12302,#12303,#12304,#12305,#12306,#12307,#12308,#12309,#12310,#12311,
#12312,#12313,#12314,#12315,#12316,#12317,#12318,#12319,#12320,#12321,#12322,
#12323,#12324,#12325,#12326,#12327,#12328,#12329,#12330,#12331,#12332,#12333,
#12334,#12335),.UNSPECIFIED.,.F.,.F.,(4,3,3,3,3,3,3,3,3,3,3,3,3,4),(0.,
0.00904498541365626,0.0174660707204263,0.0228011062224248,0.0317014800824706,
0.0400923341437153,0.0419190859630263,0.0429603187216125,0.0516920910986048,
0.0601669652314751,0.0686145235253065,0.0726434046526627,0.081455350383999,
0.0856565900220671),.UNSPECIFIED.);
#401=B_SPLINE_CURVE_WITH_KNOTS('',3,(#12336,#12337,#12338,#12339),
 .UNSPECIFIED.,.F.,.F.,(4,4),(0.0408178585329336,0.106206638819334),
 .UNSPECIFIED.);
#402=B_SPLINE_CURVE_WITH_KNOTS('',3,(#12340,#12341,#12342,#12343),
 .UNSPECIFIED.,.F.,.F.,(4,4),(-0.106206638819334,-0.0408178587942544),
 .UNSPECIFIED.);
#403=B_SPLINE_CURVE_WITH_KNOTS('',3,(#12348,#12349,#12350,#12351),
 .UNSPECIFIED.,.F.,.F.,(4,4),(0.0787247285974993,0.144811973612562),
 .UNSPECIFIED.);
#404=B_SPLINE_CURVE_WITH_KNOTS('',3,(#12361,#12362,#12363,#12364,#12365,
#12366,#12367,#12368),.UNSPECIFIED.,.F.,.F.,(4,2,2,4),(0.316534507785942,
0.317625834657357,0.339942932952232,0.356160745692053),.UNSPECIFIED.);
#405=B_SPLINE_CURVE_WITH_KNOTS('',3,(#12370,#12371,#12372,#12373,#12374,
#12375,#12376,#12377),.UNSPECIFIED.,.F.,.F.,(4,2,2,4),(-0.0328045800962736,
-0.0280889406083124,0.,0.000448549231795674),.UNSPECIFIED.);
#406=B_SPLINE_CURVE_WITH_KNOTS('',3,(#12400,#12401,#12402,#12403,#12404,
#12405,#12406,#12407,#12408,#12409,#12410,#12411,#12412,#12413,#12414,#12415,
#12416,#12417,#12418,#12419,#12420,#12421,#12422,#12423,#12424,#12425,#12426,
#12427,#12428,#12429,#12430,#12431,#12432,#12433,#12434,#12435,#12436,#12437,
#12438,#12439),.UNSPECIFIED.,.F.,.F.,(4,3,3,3,3,3,3,3,3,3,3,3,3,4),(0.,
0.00899265436103114,0.0173737127709981,0.0230505787704109,0.0318578489800993,
0.0401716702960295,0.042103814940714,0.0440082763011441,0.0527843918281399,
0.0602155750275379,0.0686540205078007,0.0738839451653867,0.082726971300201,
0.0882491366318214),.UNSPECIFIED.);
#407=B_SPLINE_CURVE_WITH_KNOTS('',3,(#12442,#12443,#12444,#12445),
 .UNSPECIFIED.,.F.,.F.,(4,4),(-0.144811973612562,-0.0787247281313306),
 .UNSPECIFIED.);
#408=B_SPLINE_CURVE_WITH_KNOTS('',3,(#12475,#12476,#12477,#12478,#12479,
#12480,#12481,#12482,#12483,#12484,#12485,#12486,#12487,#12488),
 .UNSPECIFIED.,.F.,.F.,(4,2,2,2,2,2,4),(0.0301021305048016,0.0475450801209503,
0.0694786081946435,0.0914121362683368,0.11334566434203,0.135279192415723,
0.152722142031872),.UNSPECIFIED.);
#409=B_SPLINE_CURVE_WITH_KNOTS('',3,(#12491,#12492,#12493,#12494,#12495,
#12496,#12497,#12498,#12499,#12500,#12501,#12502,#12503,#12504,#12505,#12506),
 .UNSPECIFIED.,.F.,.F.,(4,2,2,2,2,2,2,4),(-0.108015606248936,-0.10056145427844,
-0.0932620789794094,-0.0848662920766205,-0.0782994020554523,-0.0697474517188027,
-0.0546840557406388,-0.0382740995550701),.UNSPECIFIED.);
#410=B_SPLINE_CURVE_WITH_KNOTS('',3,(#12523,#12524,#12525,#12526,#12527,
#12528),.UNSPECIFIED.,.F.,.F.,(4,2,4),(-0.0407157726057484,-0.0242843048552213,
0.),.UNSPECIFIED.);
#411=B_SPLINE_CURVE_WITH_KNOTS('',3,(#12531,#12532,#12533,#12534,#12535,
#12536,#12537,#12538),.UNSPECIFIED.,.F.,.F.,(4,2,2,4),(0.426367681284685,
0.442585494024365,0.46490259231924,0.465993919212165),.UNSPECIFIED.);
#412=B_SPLINE_CURVE_WITH_KNOTS('',3,(#12539,#12540,#12541,#12542,#12543,
#12544),.UNSPECIFIED.,.F.,.F.,(4,2,4),(0.0328111389289142,0.0550132163771185,
0.0793582905569359),.UNSPECIFIED.);
#413=B_SPLINE_CURVE_WITH_KNOTS('',3,(#12548,#12549,#12550,#12551,#12552,
#12553,#12554,#12555,#12556,#12557),.UNSPECIFIED.,.F.,.F.,(4,2,2,2,4),(-0.0776065131207277,
-0.0771752377026912,-0.0501414651225511,-0.0239866272532392,0.),
 .UNSPECIFIED.);
#414=B_SPLINE_CURVE_WITH_KNOTS('',3,(#12564,#12565,#12566,#12567),
 .UNSPECIFIED.,.F.,.F.,(4,4),(-0.0371315074576759,-0.0340066801500228),
 .UNSPECIFIED.);
#415=B_SPLINE_CURVE_WITH_KNOTS('',3,(#13193,#13194,#13195,#13196,#13197,
#13198,#13199,#13200,#13201,#13202,#13203,#13204,#13205,#13206,#13207,#13208,
#13209,#13210,#13211,#13212,#13213,#13214,#13215,#13216,#13217,#13218,#13219,
#13220,#13221,#13222,#13223,#13224,#13225,#13226,#13227,#13228,#13229,#13230,
#13231,#13232,#13233,#13234,#13235,#13236,#13237,#13238,#13239,#13240,#13241,
#13242,#13243,#13244,#13245,#13246,#13247),.UNSPECIFIED.,.F.,.F.,(4,1,1,
1,1,1,1,1,1,1,1,1,1,1,1,1,1,1,1,1,1,1,1,1,1,1,1,1,1,1,1,1,1,1,1,1,1,1,1,
1,1,1,1,1,1,1,1,1,1,1,1,1,4),(0.,0.483321946706122,0.966643893412244,1.44996584011837,
1.93328778682449,2.41660973353061,2.89993168023673,3.38325362694285,3.86657557364898,
4.3498975203551,4.83321946706122,5.31654141376734,5.79986336047346,6.28318530717959,
6.76650725388571,7.24982920059183,7.73315114729795,8.21647309400407,8.6997950407102,
9.18311698741632,9.66643893412244,10.1497608808286,10.6330828275347,11.1164047742408,
11.5997267209469,12.083048667653,12.5663706143592,13.0496925610653,13.5330145077714,
14.0163364544775,14.4996584011837,14.9829803478898,15.4663022945959,15.949624241302,
16.4329461880081,16.9162681347143,17.3995900814204,17.8829120281265,18.3662339748326,
18.8495559215388,19.3328778682449,19.816199814951,20.2995217616571,20.7828437083632,
21.2661656550694,21.7494876017755,22.2328095484816,22.7161314951877,23.1994534418939,
23.6827753886,24.1660973353061,24.6494192820122,25.1327412287183),
 .UNSPECIFIED.);
#416=B_SPLINE_CURVE_WITH_KNOTS('',3,(#13859,#13860,#13861,#13862,#13863,
#13864,#13865,#13866,#13867,#13868,#13869,#13870,#13871,#13872,#13873,#13874,
#13875,#13876,#13877,#13878,#13879,#13880,#13881,#13882,#13883,#13884,#13885,
#13886,#13887,#13888,#13889,#13890,#13891,#13892,#13893,#13894,#13895,#13896,
#13897,#13898,#13899,#13900,#13901,#13902,#13903,#13904,#13905,#13906,#13907,
#13908,#13909,#13910,#13911,#13912,#13913),.UNSPECIFIED.,.F.,.F.,(4,1,1,
1,1,1,1,1,1,1,1,1,1,1,1,1,1,1,1,1,1,1,1,1,1,1,1,1,1,1,1,1,1,1,1,1,1,1,1,
1,1,1,1,1,1,1,1,1,1,1,1,1,4),(0.,0.483321946706122,0.966643893412244,1.44996584011837,
1.93328778682449,2.41660973353061,2.89993168023673,3.38325362694285,3.86657557364898,
4.3498975203551,4.83321946706122,5.31654141376734,5.79986336047346,6.28318530717959,
6.76650725388571,7.24982920059183,7.73315114729795,8.21647309400407,8.6997950407102,
9.18311698741632,9.66643893412244,10.1497608808286,10.6330828275347,11.1164047742408,
11.5997267209469,12.083048667653,12.5663706143592,13.0496925610653,13.5330145077714,
14.0163364544775,14.4996584011837,14.9829803478898,15.4663022945959,15.949624241302,
16.4329461880081,16.9162681347143,17.3995900814204,17.8829120281265,18.3662339748326,
18.8495559215388,19.3328778682449,19.816199814951,20.2995217616571,20.7828437083632,
21.2661656550694,21.7494876017755,22.2328095484816,22.7161314951877,23.1994534418939,
23.6827753886,24.1660973353061,24.6494192820122,25.1327412287183),
 .UNSPECIFIED.);
#417=B_SPLINE_CURVE_WITH_KNOTS('',3,(#14371,#14372,#14373,#14374,#14375,
#14376,#14377,#14378,#14379,#14380,#14381,#14382,#14383,#14384,#14385,#14386,
#14387,#14388,#14389,#14390,#14391,#14392,#14393,#14394,#14395,#14396,#14397,
#14398,#14399,#14400,#14401,#14402,#14403,#14404,#14405,#14406,#14407,#14408,
#14409,#14410,#14411),.UNSPECIFIED.,.F.,.F.,(4,1,1,1,1,1,1,1,1,1,1,1,1,
1,1,1,1,1,1,1,1,1,1,1,1,1,1,1,1,1,1,1,1,1,1,1,1,1,4),(0.,0.496040945303652,
0.992081890607303,1.48812283591095,1.98416378121461,2.48020472651826,2.97624567182191,
3.47228661712556,3.96832756242921,4.46436850773286,4.96040945303652,5.45645039834017,
5.95249134364382,6.44853228894747,6.94457323425112,7.44061417955477,7.93665512485842,
8.43269607016208,8.92873701546573,9.42477796076938,9.92081890607303,10.4168598513767,
10.9129007966803,11.408941741984,11.9049826872876,12.4010236325913,12.8970645778949,
13.3931055231986,13.8891464685022,14.3851874138059,14.8812283591095,15.3772693044132,
15.8733102497168,16.3693511950205,16.8653921403242,17.3614330856278,17.8574740309315,
18.3535149762351,18.8495559215388),.UNSPECIFIED.);
#418=B_SPLINE_SURFACE_WITH_KNOTS('',2,1,((#8100,#8101),(#8102,#8103),(#8104,
#8105)),.UNSPECIFIED.,.F.,.F.,.F.,(3,3),(2,2),(0.,1.),(0.,0.01),
 .UNSPECIFIED.);
#419=B_SPLINE_SURFACE_WITH_KNOTS('',2,1,((#8118,#8119),(#8120,#8121),(#8122,
#8123)),.UNSPECIFIED.,.F.,.F.,.F.,(3,3),(2,2),(0.,1.),(0.,0.01),
 .UNSPECIFIED.);
#420=B_SPLINE_SURFACE_WITH_KNOTS('',2,1,((#8136,#8137),(#8138,#8139),(#8140,
#8141)),.UNSPECIFIED.,.F.,.F.,.F.,(3,3),(2,2),(0.,1.),(0.,0.01),
 .UNSPECIFIED.);
#421=B_SPLINE_SURFACE_WITH_KNOTS('',2,1,((#8157,#8158),(#8159,#8160),(#8161,
#8162)),.UNSPECIFIED.,.F.,.F.,.F.,(3,3),(2,2),(0.,1.),(0.,0.01),
 .UNSPECIFIED.);
#422=B_SPLINE_SURFACE_WITH_KNOTS('',2,1,((#8178,#8179),(#8180,#8181),(#8182,
#8183)),.UNSPECIFIED.,.F.,.F.,.F.,(3,3),(2,2),(0.,1.),(0.,0.01),
 .UNSPECIFIED.);
#423=B_SPLINE_SURFACE_WITH_KNOTS('',2,1,((#8193,#8194),(#8195,#8196),(#8197,
#8198)),.UNSPECIFIED.,.F.,.F.,.F.,(3,3),(2,2),(0.,1.),(0.,0.01),
 .UNSPECIFIED.);
#424=B_SPLINE_SURFACE_WITH_KNOTS('',2,1,((#8208,#8209),(#8210,#8211),(#8212,
#8213)),.UNSPECIFIED.,.F.,.F.,.F.,(3,3),(2,2),(0.,1.),(0.,0.01),
 .UNSPECIFIED.);
#425=B_SPLINE_SURFACE_WITH_KNOTS('',2,1,((#8229,#8230),(#8231,#8232),(#8233,
#8234)),.UNSPECIFIED.,.F.,.F.,.F.,(3,3),(2,2),(0.,1.),(0.,0.01),
 .UNSPECIFIED.);
#426=B_SPLINE_SURFACE_WITH_KNOTS('',2,1,((#8244,#8245),(#8246,#8247),(#8248,
#8249)),.UNSPECIFIED.,.F.,.F.,.F.,(3,3),(2,2),(0.,1.),(0.,0.01),
 .UNSPECIFIED.);
#427=B_SPLINE_SURFACE_WITH_KNOTS('',2,1,((#8259,#8260),(#8261,#8262),(#8263,
#8264)),.UNSPECIFIED.,.F.,.F.,.F.,(3,3),(2,2),(0.,1.),(0.,0.01),
 .UNSPECIFIED.);
#428=B_SPLINE_SURFACE_WITH_KNOTS('',2,1,((#8274,#8275),(#8276,#8277),(#8278,
#8279)),.UNSPECIFIED.,.F.,.F.,.F.,(3,3),(2,2),(0.,1.),(0.,0.01),
 .UNSPECIFIED.);
#429=B_SPLINE_SURFACE_WITH_KNOTS('',2,1,((#8295,#8296),(#8297,#8298),(#8299,
#8300)),.UNSPECIFIED.,.F.,.F.,.F.,(3,3),(2,2),(0.,1.),(0.,0.01),
 .UNSPECIFIED.);
#430=B_SPLINE_SURFACE_WITH_KNOTS('',2,1,((#8310,#8311),(#8312,#8313),(#8314,
#8315)),.UNSPECIFIED.,.F.,.F.,.F.,(3,3),(2,2),(0.,1.),(0.,0.01),
 .UNSPECIFIED.);
#431=B_SPLINE_SURFACE_WITH_KNOTS('',2,1,((#8325,#8326),(#8327,#8328),(#8329,
#8330)),.UNSPECIFIED.,.F.,.F.,.F.,(3,3),(2,2),(0.,1.),(0.,0.01),
 .UNSPECIFIED.);
#432=B_SPLINE_SURFACE_WITH_KNOTS('',2,1,((#8346,#8347),(#8348,#8349),(#8350,
#8351)),.UNSPECIFIED.,.F.,.F.,.F.,(3,3),(2,2),(0.,1.),(0.,0.01),
 .UNSPECIFIED.);
#433=B_SPLINE_SURFACE_WITH_KNOTS('',2,1,((#8361,#8362),(#8363,#8364),(#8365,
#8366)),.UNSPECIFIED.,.F.,.F.,.F.,(3,3),(2,2),(0.,1.),(0.,0.01),
 .UNSPECIFIED.);
#434=B_SPLINE_SURFACE_WITH_KNOTS('',2,1,((#8376,#8377),(#8378,#8379),(#8380,
#8381)),.UNSPECIFIED.,.F.,.F.,.F.,(3,3),(2,2),(0.,1.),(0.,0.01),
 .UNSPECIFIED.);
#435=B_SPLINE_SURFACE_WITH_KNOTS('',2,1,((#8389,#8390),(#8391,#8392),(#8393,
#8394)),.UNSPECIFIED.,.F.,.F.,.F.,(3,3),(2,2),(0.,1.),(0.,0.01),
 .UNSPECIFIED.);
#436=B_SPLINE_SURFACE_WITH_KNOTS('',2,1,((#8407,#8408),(#8409,#8410),(#8411,
#8412)),.UNSPECIFIED.,.F.,.F.,.F.,(3,3),(2,2),(0.,1.),(0.,0.01),
 .UNSPECIFIED.);
#437=B_SPLINE_SURFACE_WITH_KNOTS('',2,1,((#8422,#8423),(#8424,#8425),(#8426,
#8427)),.UNSPECIFIED.,.F.,.F.,.F.,(3,3),(2,2),(0.,1.),(0.,0.01),
 .UNSPECIFIED.);
#438=B_SPLINE_SURFACE_WITH_KNOTS('',2,1,((#8437,#8438),(#8439,#8440),(#8441,
#8442)),.UNSPECIFIED.,.F.,.F.,.F.,(3,3),(2,2),(0.,1.),(0.,0.01),
 .UNSPECIFIED.);
#439=B_SPLINE_SURFACE_WITH_KNOTS('',2,1,((#8452,#8453),(#8454,#8455),(#8456,
#8457)),.UNSPECIFIED.,.F.,.F.,.F.,(3,3),(2,2),(0.,1.),(0.,0.01),
 .UNSPECIFIED.);
#440=B_SPLINE_SURFACE_WITH_KNOTS('',2,1,((#8467,#8468),(#8469,#8470),(#8471,
#8472)),.UNSPECIFIED.,.F.,.F.,.F.,(3,3),(2,2),(0.,1.),(0.,0.01),
 .UNSPECIFIED.);
#441=B_SPLINE_SURFACE_WITH_KNOTS('',2,1,((#8482,#8483),(#8484,#8485),(#8486,
#8487)),.UNSPECIFIED.,.F.,.F.,.F.,(3,3),(2,2),(0.,1.),(0.,0.01),
 .UNSPECIFIED.);
#442=B_SPLINE_SURFACE_WITH_KNOTS('',2,1,((#8497,#8498),(#8499,#8500),(#8501,
#8502)),.UNSPECIFIED.,.F.,.F.,.F.,(3,3),(2,2),(0.,1.),(0.,0.01),
 .UNSPECIFIED.);
#443=B_SPLINE_SURFACE_WITH_KNOTS('',2,1,((#8512,#8513),(#8514,#8515),(#8516,
#8517)),.UNSPECIFIED.,.F.,.F.,.F.,(3,3),(2,2),(0.,1.),(0.,0.01),
 .UNSPECIFIED.);
#444=B_SPLINE_SURFACE_WITH_KNOTS('',2,1,((#8527,#8528),(#8529,#8530),(#8531,
#8532)),.UNSPECIFIED.,.F.,.F.,.F.,(3,3),(2,2),(0.,1.),(0.,0.01),
 .UNSPECIFIED.);
#445=B_SPLINE_SURFACE_WITH_KNOTS('',2,1,((#8542,#8543),(#8544,#8545),(#8546,
#8547)),.UNSPECIFIED.,.F.,.F.,.F.,(3,3),(2,2),(0.,1.),(0.,0.01),
 .UNSPECIFIED.);
#446=B_SPLINE_SURFACE_WITH_KNOTS('',2,1,((#8557,#8558),(#8559,#8560),(#8561,
#8562)),.UNSPECIFIED.,.F.,.F.,.F.,(3,3),(2,2),(0.,1.),(0.,0.01),
 .UNSPECIFIED.);
#447=B_SPLINE_SURFACE_WITH_KNOTS('',2,1,((#8572,#8573),(#8574,#8575),(#8576,
#8577)),.UNSPECIFIED.,.F.,.F.,.F.,(3,3),(2,2),(0.,1.),(0.,0.01),
 .UNSPECIFIED.);
#448=B_SPLINE_SURFACE_WITH_KNOTS('',2,1,((#8587,#8588),(#8589,#8590),(#8591,
#8592)),.UNSPECIFIED.,.F.,.F.,.F.,(3,3),(2,2),(0.,1.),(0.,0.01),
 .UNSPECIFIED.);
#449=B_SPLINE_SURFACE_WITH_KNOTS('',2,1,((#8602,#8603),(#8604,#8605),(#8606,
#8607)),.UNSPECIFIED.,.F.,.F.,.F.,(3,3),(2,2),(0.,1.),(0.,0.01),
 .UNSPECIFIED.);
#450=B_SPLINE_SURFACE_WITH_KNOTS('',2,1,((#8617,#8618),(#8619,#8620),(#8621,
#8622)),.UNSPECIFIED.,.F.,.F.,.F.,(3,3),(2,2),(0.,1.),(0.,0.01),
 .UNSPECIFIED.);
#451=B_SPLINE_SURFACE_WITH_KNOTS('',2,1,((#8632,#8633),(#8634,#8635),(#8636,
#8637)),.UNSPECIFIED.,.F.,.F.,.F.,(3,3),(2,2),(0.,1.),(0.,0.01),
 .UNSPECIFIED.);
#452=B_SPLINE_SURFACE_WITH_KNOTS('',2,1,((#8647,#8648),(#8649,#8650),(#8651,
#8652)),.UNSPECIFIED.,.F.,.F.,.F.,(3,3),(2,2),(0.,1.),(0.,0.01),
 .UNSPECIFIED.);
#453=B_SPLINE_SURFACE_WITH_KNOTS('',2,1,((#8662,#8663),(#8664,#8665),(#8666,
#8667)),.UNSPECIFIED.,.F.,.F.,.F.,(3,3),(2,2),(0.,1.),(0.,0.01),
 .UNSPECIFIED.);
#454=B_SPLINE_SURFACE_WITH_KNOTS('',2,1,((#8677,#8678),(#8679,#8680),(#8681,
#8682)),.UNSPECIFIED.,.F.,.F.,.F.,(3,3),(2,2),(0.,1.),(0.,0.01),
 .UNSPECIFIED.);
#455=B_SPLINE_SURFACE_WITH_KNOTS('',2,1,((#8692,#8693),(#8694,#8695),(#8696,
#8697)),.UNSPECIFIED.,.F.,.F.,.F.,(3,3),(2,2),(0.,1.),(0.,0.01),
 .UNSPECIFIED.);
#456=B_SPLINE_SURFACE_WITH_KNOTS('',2,1,((#8704,#8705),(#8706,#8707),(#8708,
#8709)),.UNSPECIFIED.,.F.,.F.,.F.,(3,3),(2,2),(0.,1.),(0.,0.01),
 .UNSPECIFIED.);
#457=B_SPLINE_SURFACE_WITH_KNOTS('',2,1,((#8722,#8723),(#8724,#8725),(#8726,
#8727)),.UNSPECIFIED.,.F.,.F.,.F.,(3,3),(2,2),(0.,1.),(0.,0.01),
 .UNSPECIFIED.);
#458=B_SPLINE_SURFACE_WITH_KNOTS('',2,1,((#8737,#8738),(#8739,#8740),(#8741,
#8742)),.UNSPECIFIED.,.F.,.F.,.F.,(3,3),(2,2),(0.,1.),(0.,0.01),
 .UNSPECIFIED.);
#459=B_SPLINE_SURFACE_WITH_KNOTS('',2,1,((#8752,#8753),(#8754,#8755),(#8756,
#8757)),.UNSPECIFIED.,.F.,.F.,.F.,(3,3),(2,2),(0.,1.),(0.,0.01),
 .UNSPECIFIED.);
#460=B_SPLINE_SURFACE_WITH_KNOTS('',2,1,((#8767,#8768),(#8769,#8770),(#8771,
#8772)),.UNSPECIFIED.,.F.,.F.,.F.,(3,3),(2,2),(0.,1.),(0.,0.01),
 .UNSPECIFIED.);
#461=B_SPLINE_SURFACE_WITH_KNOTS('',2,1,((#8782,#8783),(#8784,#8785),(#8786,
#8787)),.UNSPECIFIED.,.F.,.F.,.F.,(3,3),(2,2),(0.,1.),(0.,0.01),
 .UNSPECIFIED.);
#462=B_SPLINE_SURFACE_WITH_KNOTS('',2,1,((#8797,#8798),(#8799,#8800),(#8801,
#8802)),.UNSPECIFIED.,.F.,.F.,.F.,(3,3),(2,2),(0.,1.),(0.,0.01),
 .UNSPECIFIED.);
#463=B_SPLINE_SURFACE_WITH_KNOTS('',2,1,((#8812,#8813),(#8814,#8815),(#8816,
#8817)),.UNSPECIFIED.,.F.,.F.,.F.,(3,3),(2,2),(0.,1.),(0.,0.01),
 .UNSPECIFIED.);
#464=B_SPLINE_SURFACE_WITH_KNOTS('',2,1,((#8827,#8828),(#8829,#8830),(#8831,
#8832)),.UNSPECIFIED.,.F.,.F.,.F.,(3,3),(2,2),(0.,1.),(0.,0.01),
 .UNSPECIFIED.);
#465=B_SPLINE_SURFACE_WITH_KNOTS('',2,1,((#8842,#8843),(#8844,#8845),(#8846,
#8847)),.UNSPECIFIED.,.F.,.F.,.F.,(3,3),(2,2),(0.,1.),(0.,0.01),
 .UNSPECIFIED.);
#466=B_SPLINE_SURFACE_WITH_KNOTS('',2,1,((#8857,#8858),(#8859,#8860),(#8861,
#8862)),.UNSPECIFIED.,.F.,.F.,.F.,(3,3),(2,2),(0.,1.),(0.,0.01),
 .UNSPECIFIED.);
#467=B_SPLINE_SURFACE_WITH_KNOTS('',2,1,((#8872,#8873),(#8874,#8875),(#8876,
#8877)),.UNSPECIFIED.,.F.,.F.,.F.,(3,3),(2,2),(0.,1.),(0.,0.01),
 .UNSPECIFIED.);
#468=B_SPLINE_SURFACE_WITH_KNOTS('',2,1,((#8887,#8888),(#8889,#8890),(#8891,
#8892)),.UNSPECIFIED.,.F.,.F.,.F.,(3,3),(2,2),(0.,1.),(0.,0.01),
 .UNSPECIFIED.);
#469=B_SPLINE_SURFACE_WITH_KNOTS('',2,1,((#8902,#8903),(#8904,#8905),(#8906,
#8907)),.UNSPECIFIED.,.F.,.F.,.F.,(3,3),(2,2),(0.,1.),(0.,0.01),
 .UNSPECIFIED.);
#470=B_SPLINE_SURFACE_WITH_KNOTS('',2,1,((#8917,#8918),(#8919,#8920),(#8921,
#8922)),.UNSPECIFIED.,.F.,.F.,.F.,(3,3),(2,2),(0.,1.),(0.,0.01),
 .UNSPECIFIED.);
#471=B_SPLINE_SURFACE_WITH_KNOTS('',2,1,((#8932,#8933),(#8934,#8935),(#8936,
#8937)),.UNSPECIFIED.,.F.,.F.,.F.,(3,3),(2,2),(0.,1.),(0.,0.01),
 .UNSPECIFIED.);
#472=B_SPLINE_SURFACE_WITH_KNOTS('',2,1,((#8954,#8955),(#8956,#8957),(#8958,
#8959)),.UNSPECIFIED.,.F.,.F.,.F.,(3,3),(2,2),(0.,1.),(0.,0.01),
 .UNSPECIFIED.);
#473=B_SPLINE_SURFACE_WITH_KNOTS('',2,1,((#8969,#8970),(#8971,#8972),(#8973,
#8974)),.UNSPECIFIED.,.F.,.F.,.F.,(3,3),(2,2),(0.,1.),(0.,0.01),
 .UNSPECIFIED.);
#474=B_SPLINE_SURFACE_WITH_KNOTS('',2,1,((#8984,#8985),(#8986,#8987),(#8988,
#8989)),.UNSPECIFIED.,.F.,.F.,.F.,(3,3),(2,2),(0.,1.),(0.,0.01),
 .UNSPECIFIED.);
#475=B_SPLINE_SURFACE_WITH_KNOTS('',2,1,((#8999,#9000),(#9001,#9002),(#9003,
#9004)),.UNSPECIFIED.,.F.,.F.,.F.,(3,3),(2,2),(0.,1.),(0.,0.01),
 .UNSPECIFIED.);
#476=B_SPLINE_SURFACE_WITH_KNOTS('',2,1,((#9014,#9015),(#9016,#9017),(#9018,
#9019)),.UNSPECIFIED.,.F.,.F.,.F.,(3,3),(2,2),(0.,1.),(0.,0.01),
 .UNSPECIFIED.);
#477=B_SPLINE_SURFACE_WITH_KNOTS('',2,1,((#9029,#9030),(#9031,#9032),(#9033,
#9034)),.UNSPECIFIED.,.F.,.F.,.F.,(3,3),(2,2),(0.,1.),(0.,0.01),
 .UNSPECIFIED.);
#478=B_SPLINE_SURFACE_WITH_KNOTS('',2,1,((#9044,#9045),(#9046,#9047),(#9048,
#9049)),.UNSPECIFIED.,.F.,.F.,.F.,(3,3),(2,2),(0.,1.),(0.,0.01),
 .UNSPECIFIED.);
#479=B_SPLINE_SURFACE_WITH_KNOTS('',2,1,((#9059,#9060),(#9061,#9062),(#9063,
#9064)),.UNSPECIFIED.,.F.,.F.,.F.,(3,3),(2,2),(0.,1.),(0.,0.01),
 .UNSPECIFIED.);
#480=B_SPLINE_SURFACE_WITH_KNOTS('',2,1,((#9104,#9105),(#9106,#9107),(#9108,
#9109)),.UNSPECIFIED.,.F.,.F.,.F.,(3,3),(2,2),(0.,1.),(0.,0.01),
 .UNSPECIFIED.);
#481=B_SPLINE_SURFACE_WITH_KNOTS('',2,1,((#9119,#9120),(#9121,#9122),(#9123,
#9124)),.UNSPECIFIED.,.F.,.F.,.F.,(3,3),(2,2),(0.,1.),(0.,0.01),
 .UNSPECIFIED.);
#482=B_SPLINE_SURFACE_WITH_KNOTS('',2,1,((#9134,#9135),(#9136,#9137),(#9138,
#9139)),.UNSPECIFIED.,.F.,.F.,.F.,(3,3),(2,2),(0.,1.),(0.,0.01),
 .UNSPECIFIED.);
#483=B_SPLINE_SURFACE_WITH_KNOTS('',2,1,((#9149,#9150),(#9151,#9152),(#9153,
#9154)),.UNSPECIFIED.,.F.,.F.,.F.,(3,3),(2,2),(0.,1.),(0.,0.01),
 .UNSPECIFIED.);
#484=B_SPLINE_SURFACE_WITH_KNOTS('',2,1,((#9164,#9165),(#9166,#9167),(#9168,
#9169)),.UNSPECIFIED.,.F.,.F.,.F.,(3,3),(2,2),(0.,1.),(0.,0.01),
 .UNSPECIFIED.);
#485=B_SPLINE_SURFACE_WITH_KNOTS('',2,1,((#9179,#9180),(#9181,#9182),(#9183,
#9184)),.UNSPECIFIED.,.F.,.F.,.F.,(3,3),(2,2),(0.,1.),(0.,0.01),
 .UNSPECIFIED.);
#486=B_SPLINE_SURFACE_WITH_KNOTS('',2,1,((#9194,#9195),(#9196,#9197),(#9198,
#9199)),.UNSPECIFIED.,.F.,.F.,.F.,(3,3),(2,2),(0.,1.),(0.,0.01),
 .UNSPECIFIED.);
#487=B_SPLINE_SURFACE_WITH_KNOTS('',2,1,((#9209,#9210),(#9211,#9212),(#9213,
#9214)),.UNSPECIFIED.,.F.,.F.,.F.,(3,3),(2,2),(0.,1.),(0.,0.01),
 .UNSPECIFIED.);
#488=B_SPLINE_SURFACE_WITH_KNOTS('',2,1,((#9224,#9225),(#9226,#9227),(#9228,
#9229)),.UNSPECIFIED.,.F.,.F.,.F.,(3,3),(2,2),(0.,1.),(0.,0.01),
 .UNSPECIFIED.);
#489=B_SPLINE_SURFACE_WITH_KNOTS('',2,1,((#9239,#9240),(#9241,#9242),(#9243,
#9244)),.UNSPECIFIED.,.F.,.F.,.F.,(3,3),(2,2),(0.,1.),(0.,0.01),
 .UNSPECIFIED.);
#490=B_SPLINE_SURFACE_WITH_KNOTS('',2,1,((#9254,#9255),(#9256,#9257),(#9258,
#9259)),.UNSPECIFIED.,.F.,.F.,.F.,(3,3),(2,2),(0.,1.),(0.,0.01),
 .UNSPECIFIED.);
#491=B_SPLINE_SURFACE_WITH_KNOTS('',2,1,((#9269,#9270),(#9271,#9272),(#9273,
#9274)),.UNSPECIFIED.,.F.,.F.,.F.,(3,3),(2,2),(0.,1.),(0.,0.01),
 .UNSPECIFIED.);
#492=B_SPLINE_SURFACE_WITH_KNOTS('',2,1,((#9320,#9321),(#9322,#9323),(#9324,
#9325)),.UNSPECIFIED.,.F.,.F.,.F.,(3,3),(2,2),(-1.,0.),(0.,0.01),
 .UNSPECIFIED.);
#493=B_SPLINE_SURFACE_WITH_KNOTS('',2,1,((#9338,#9339),(#9340,#9341),(#9342,
#9343)),.UNSPECIFIED.,.F.,.F.,.F.,(3,3),(2,2),(-1.,0.),(0.,0.01),
 .UNSPECIFIED.);
#494=B_SPLINE_SURFACE_WITH_KNOTS('',2,1,((#9353,#9354),(#9355,#9356),(#9357,
#9358)),.UNSPECIFIED.,.F.,.F.,.F.,(3,3),(2,2),(-1.,0.),(0.,0.01),
 .UNSPECIFIED.);
#495=B_SPLINE_SURFACE_WITH_KNOTS('',2,1,((#9368,#9369),(#9370,#9371),(#9372,
#9373)),.UNSPECIFIED.,.F.,.F.,.F.,(3,3),(2,2),(-1.,0.),(0.,0.01),
 .UNSPECIFIED.);
#496=B_SPLINE_SURFACE_WITH_KNOTS('',2,1,((#9383,#9384),(#9385,#9386),(#9387,
#9388)),.UNSPECIFIED.,.F.,.F.,.F.,(3,3),(2,2),(-1.,0.),(0.,0.01),
 .UNSPECIFIED.);
#497=B_SPLINE_SURFACE_WITH_KNOTS('',2,1,((#9398,#9399),(#9400,#9401),(#9402,
#9403)),.UNSPECIFIED.,.F.,.F.,.F.,(3,3),(2,2),(-1.,0.),(0.,0.01),
 .UNSPECIFIED.);
#498=B_SPLINE_SURFACE_WITH_KNOTS('',2,1,((#9413,#9414),(#9415,#9416),(#9417,
#9418)),.UNSPECIFIED.,.F.,.F.,.F.,(3,3),(2,2),(-1.,0.),(0.,0.01),
 .UNSPECIFIED.);
#499=B_SPLINE_SURFACE_WITH_KNOTS('',2,1,((#9428,#9429),(#9430,#9431),(#9432,
#9433)),.UNSPECIFIED.,.F.,.F.,.F.,(3,3),(2,2),(-1.,0.),(0.,0.01),
 .UNSPECIFIED.);
#500=B_SPLINE_SURFACE_WITH_KNOTS('',2,1,((#9443,#9444),(#9445,#9446),(#9447,
#9448)),.UNSPECIFIED.,.F.,.F.,.F.,(3,3),(2,2),(-1.,0.),(0.,0.01),
 .UNSPECIFIED.);
#501=B_SPLINE_SURFACE_WITH_KNOTS('',2,1,((#9458,#9459),(#9460,#9461),(#9462,
#9463)),.UNSPECIFIED.,.F.,.F.,.F.,(3,3),(2,2),(-1.,0.),(0.,0.01),
 .UNSPECIFIED.);
#502=B_SPLINE_SURFACE_WITH_KNOTS('',2,1,((#9473,#9474),(#9475,#9476),(#9477,
#9478)),.UNSPECIFIED.,.F.,.F.,.F.,(3,3),(2,2),(-1.,0.),(0.,0.01),
 .UNSPECIFIED.);
#503=B_SPLINE_SURFACE_WITH_KNOTS('',2,1,((#9488,#9489),(#9490,#9491),(#9492,
#9493)),.UNSPECIFIED.,.F.,.F.,.F.,(3,3),(2,2),(-1.,0.),(0.,0.01),
 .UNSPECIFIED.);
#504=B_SPLINE_SURFACE_WITH_KNOTS('',2,1,((#9503,#9504),(#9505,#9506),(#9507,
#9508)),.UNSPECIFIED.,.F.,.F.,.F.,(3,3),(2,2),(-1.,0.),(0.,0.01),
 .UNSPECIFIED.);
#505=B_SPLINE_SURFACE_WITH_KNOTS('',2,1,((#9518,#9519),(#9520,#9521),(#9522,
#9523)),.UNSPECIFIED.,.F.,.F.,.F.,(3,3),(2,2),(-1.,0.),(0.,0.01),
 .UNSPECIFIED.);
#506=B_SPLINE_SURFACE_WITH_KNOTS('',2,1,((#9533,#9534),(#9535,#9536),(#9537,
#9538)),.UNSPECIFIED.,.F.,.F.,.F.,(3,3),(2,2),(-1.,0.),(0.,0.01),
 .UNSPECIFIED.);
#507=B_SPLINE_SURFACE_WITH_KNOTS('',2,1,((#9548,#9549),(#9550,#9551),(#9552,
#9553)),.UNSPECIFIED.,.F.,.F.,.F.,(3,3),(2,2),(-1.,0.),(0.,0.01),
 .UNSPECIFIED.);
#508=B_SPLINE_SURFACE_WITH_KNOTS('',2,1,((#9563,#9564),(#9565,#9566),(#9567,
#9568)),.UNSPECIFIED.,.F.,.F.,.F.,(3,3),(2,2),(-1.,0.),(0.,0.01),
 .UNSPECIFIED.);
#509=B_SPLINE_SURFACE_WITH_KNOTS('',2,1,((#9578,#9579),(#9580,#9581),(#9582,
#9583)),.UNSPECIFIED.,.F.,.F.,.F.,(3,3),(2,2),(-1.,0.),(0.,0.01),
 .UNSPECIFIED.);
#510=B_SPLINE_SURFACE_WITH_KNOTS('',2,1,((#9593,#9594),(#9595,#9596),(#9597,
#9598)),.UNSPECIFIED.,.F.,.F.,.F.,(3,3),(2,2),(-1.,0.),(0.,0.01),
 .UNSPECIFIED.);
#511=B_SPLINE_SURFACE_WITH_KNOTS('',2,1,((#9608,#9609),(#9610,#9611),(#9612,
#9613)),.UNSPECIFIED.,.F.,.F.,.F.,(3,3),(2,2),(-1.,0.),(0.,0.01),
 .UNSPECIFIED.);
#512=B_SPLINE_SURFACE_WITH_KNOTS('',2,1,((#9623,#9624),(#9625,#9626),(#9627,
#9628)),.UNSPECIFIED.,.F.,.F.,.F.,(3,3),(2,2),(-1.,0.),(0.,0.01),
 .UNSPECIFIED.);
#513=B_SPLINE_SURFACE_WITH_KNOTS('',2,1,((#9635,#9636),(#9637,#9638),(#9639,
#9640)),.UNSPECIFIED.,.F.,.F.,.F.,(3,3),(2,2),(-1.,0.),(0.,0.01),
 .UNSPECIFIED.);
#514=B_SPLINE_SURFACE_WITH_KNOTS('',2,1,((#9653,#9654),(#9655,#9656),(#9657,
#9658)),.UNSPECIFIED.,.F.,.F.,.F.,(3,3),(2,2),(-1.,0.),(0.,0.01),
 .UNSPECIFIED.);
#515=B_SPLINE_SURFACE_WITH_KNOTS('',2,1,((#9668,#9669),(#9670,#9671),(#9672,
#9673)),.UNSPECIFIED.,.F.,.F.,.F.,(3,3),(2,2),(-1.,0.),(0.,0.01),
 .UNSPECIFIED.);
#516=B_SPLINE_SURFACE_WITH_KNOTS('',2,1,((#9683,#9684),(#9685,#9686),(#9687,
#9688)),.UNSPECIFIED.,.F.,.F.,.F.,(3,3),(2,2),(-1.,0.),(0.,0.01),
 .UNSPECIFIED.);
#517=B_SPLINE_SURFACE_WITH_KNOTS('',2,1,((#9698,#9699),(#9700,#9701),(#9702,
#9703)),.UNSPECIFIED.,.F.,.F.,.F.,(3,3),(2,2),(-1.,0.),(0.,0.01),
 .UNSPECIFIED.);
#518=B_SPLINE_SURFACE_WITH_KNOTS('',2,1,((#9713,#9714),(#9715,#9716),(#9717,
#9718)),.UNSPECIFIED.,.F.,.F.,.F.,(3,3),(2,2),(-1.,0.),(0.,0.01),
 .UNSPECIFIED.);
#519=B_SPLINE_SURFACE_WITH_KNOTS('',2,1,((#9728,#9729),(#9730,#9731),(#9732,
#9733)),.UNSPECIFIED.,.F.,.F.,.F.,(3,3),(2,2),(-1.,0.),(0.,0.01),
 .UNSPECIFIED.);
#520=B_SPLINE_SURFACE_WITH_KNOTS('',2,1,((#9743,#9744),(#9745,#9746),(#9747,
#9748)),.UNSPECIFIED.,.F.,.F.,.F.,(3,3),(2,2),(-1.,0.),(0.,0.01),
 .UNSPECIFIED.);
#521=B_SPLINE_SURFACE_WITH_KNOTS('',2,1,((#9758,#9759),(#9760,#9761),(#9762,
#9763)),.UNSPECIFIED.,.F.,.F.,.F.,(3,3),(2,2),(-1.,0.),(0.,0.01),
 .UNSPECIFIED.);
#522=B_SPLINE_SURFACE_WITH_KNOTS('',2,1,((#9773,#9774),(#9775,#9776),(#9777,
#9778)),.UNSPECIFIED.,.F.,.F.,.F.,(3,3),(2,2),(-1.,0.),(0.,0.01),
 .UNSPECIFIED.);
#523=B_SPLINE_SURFACE_WITH_KNOTS('',2,1,((#9788,#9789),(#9790,#9791),(#9792,
#9793)),.UNSPECIFIED.,.F.,.F.,.F.,(3,3),(2,2),(-1.,0.),(0.,0.01),
 .UNSPECIFIED.);
#524=B_SPLINE_SURFACE_WITH_KNOTS('',2,1,((#9803,#9804),(#9805,#9806),(#9807,
#9808)),.UNSPECIFIED.,.F.,.F.,.F.,(3,3),(2,2),(-1.,0.),(0.,0.01),
 .UNSPECIFIED.);
#525=B_SPLINE_SURFACE_WITH_KNOTS('',2,1,((#9818,#9819),(#9820,#9821),(#9822,
#9823)),.UNSPECIFIED.,.F.,.F.,.F.,(3,3),(2,2),(-1.,0.),(0.,0.01),
 .UNSPECIFIED.);
#526=B_SPLINE_SURFACE_WITH_KNOTS('',2,1,((#9833,#9834),(#9835,#9836),(#9837,
#9838)),.UNSPECIFIED.,.F.,.F.,.F.,(3,3),(2,2),(-1.,0.),(0.,0.01),
 .UNSPECIFIED.);
#527=B_SPLINE_SURFACE_WITH_KNOTS('',2,1,((#9848,#9849),(#9850,#9851),(#9852,
#9853)),.UNSPECIFIED.,.F.,.F.,.F.,(3,3),(2,2),(-1.,0.),(0.,0.01),
 .UNSPECIFIED.);
#528=B_SPLINE_SURFACE_WITH_KNOTS('',2,1,((#9863,#9864),(#9865,#9866),(#9867,
#9868)),.UNSPECIFIED.,.F.,.F.,.F.,(3,3),(2,2),(-1.,0.),(0.,0.01),
 .UNSPECIFIED.);
#529=B_SPLINE_SURFACE_WITH_KNOTS('',2,1,((#9877,#9878),(#9879,#9880),(#9881,
#9882)),.UNSPECIFIED.,.F.,.F.,.F.,(3,3),(2,2),(-1.,0.),(0.,0.01),
 .UNSPECIFIED.);
#530=B_SPLINE_SURFACE_WITH_KNOTS('',2,1,((#9910,#9911),(#9912,#9913),(#9914,
#9915)),.UNSPECIFIED.,.F.,.F.,.F.,(3,3),(2,2),(-1.,0.),(0.,0.01),
 .UNSPECIFIED.);
#531=B_SPLINE_SURFACE_WITH_KNOTS('',2,1,((#9928,#9929),(#9930,#9931),(#9932,
#9933)),.UNSPECIFIED.,.F.,.F.,.F.,(3,3),(2,2),(-1.,0.),(0.,0.01),
 .UNSPECIFIED.);
#532=B_SPLINE_SURFACE_WITH_KNOTS('',2,1,((#9949,#9950),(#9951,#9952),(#9953,
#9954)),.UNSPECIFIED.,.F.,.F.,.F.,(3,3),(2,2),(-1.,0.),(0.,0.01),
 .UNSPECIFIED.);
#533=B_SPLINE_SURFACE_WITH_KNOTS('',2,1,((#9964,#9965),(#9966,#9967),(#9968,
#9969)),.UNSPECIFIED.,.F.,.F.,.F.,(3,3),(2,2),(-1.,0.),(0.,0.01),
 .UNSPECIFIED.);
#534=B_SPLINE_SURFACE_WITH_KNOTS('',2,1,((#9979,#9980),(#9981,#9982),(#9983,
#9984)),.UNSPECIFIED.,.F.,.F.,.F.,(3,3),(2,2),(-1.,0.),(0.,0.01),
 .UNSPECIFIED.);
#535=B_SPLINE_SURFACE_WITH_KNOTS('',2,1,((#10000,#10001),(#10002,#10003),
(#10004,#10005)),.UNSPECIFIED.,.F.,.F.,.F.,(3,3),(2,2),(-1.,0.),(0.,0.01),
 .UNSPECIFIED.);
#536=B_SPLINE_SURFACE_WITH_KNOTS('',2,1,((#10015,#10016),(#10017,#10018),
(#10019,#10020)),.UNSPECIFIED.,.F.,.F.,.F.,(3,3),(2,2),(-1.,0.),(0.,0.01),
 .UNSPECIFIED.);
#537=B_SPLINE_SURFACE_WITH_KNOTS('',2,1,((#10030,#10031),(#10032,#10033),
(#10034,#10035)),.UNSPECIFIED.,.F.,.F.,.F.,(3,3),(2,2),(-1.,0.),(0.,0.01),
 .UNSPECIFIED.);
#538=B_SPLINE_SURFACE_WITH_KNOTS('',2,1,((#10045,#10046),(#10047,#10048),
(#10049,#10050)),.UNSPECIFIED.,.F.,.F.,.F.,(3,3),(2,2),(-1.,0.),(0.,0.01),
 .UNSPECIFIED.);
#539=B_SPLINE_SURFACE_WITH_KNOTS('',2,1,((#10066,#10067),(#10068,#10069),
(#10070,#10071)),.UNSPECIFIED.,.F.,.F.,.F.,(3,3),(2,2),(-1.,0.),(0.,0.01),
 .UNSPECIFIED.);
#540=B_SPLINE_SURFACE_WITH_KNOTS('',2,1,((#10081,#10082),(#10083,#10084),
(#10085,#10086)),.UNSPECIFIED.,.F.,.F.,.F.,(3,3),(2,2),(-1.,0.),(0.,0.01),
 .UNSPECIFIED.);
#541=B_SPLINE_SURFACE_WITH_KNOTS('',2,1,((#10096,#10097),(#10098,#10099),
(#10100,#10101)),.UNSPECIFIED.,.F.,.F.,.F.,(3,3),(2,2),(-1.,0.),(0.,0.01),
 .UNSPECIFIED.);
#542=B_SPLINE_SURFACE_WITH_KNOTS('',2,1,((#10117,#10118),(#10119,#10120),
(#10121,#10122)),.UNSPECIFIED.,.F.,.F.,.F.,(3,3),(2,2),(-1.,0.),(0.,0.01),
 .UNSPECIFIED.);
#543=B_SPLINE_SURFACE_WITH_KNOTS('',2,1,((#10138,#10139),(#10140,#10141),
(#10142,#10143)),.UNSPECIFIED.,.F.,.F.,.F.,(3,3),(2,2),(-1.,0.),(0.,0.01),
 .UNSPECIFIED.);
#544=B_SPLINE_SURFACE_WITH_KNOTS('',2,1,((#10153,#10154),(#10155,#10156),
(#10157,#10158)),.UNSPECIFIED.,.F.,.F.,.F.,(3,3),(2,2),(-1.,0.),(0.,0.01),
 .UNSPECIFIED.);
#545=B_SPLINE_SURFACE_WITH_KNOTS('',2,1,((#10168,#10169),(#10170,#10171),
(#10172,#10173)),.UNSPECIFIED.,.F.,.F.,.F.,(3,3),(2,2),(-1.,0.),(0.,0.01),
 .UNSPECIFIED.);
#546=B_SPLINE_SURFACE_WITH_KNOTS('',2,1,((#10203,#10204),(#10205,#10206),
(#10207,#10208)),.UNSPECIFIED.,.F.,.F.,.F.,(3,3),(2,2),(-1.,0.),(0.,0.01),
 .UNSPECIFIED.);
#547=B_SPLINE_SURFACE_WITH_KNOTS('',2,1,((#10218,#10219),(#10220,#10221),
(#10222,#10223)),.UNSPECIFIED.,.F.,.F.,.F.,(3,3),(2,2),(-1.,0.),(0.,0.01),
 .UNSPECIFIED.);
#548=B_SPLINE_SURFACE_WITH_KNOTS('',2,1,((#10233,#10234),(#10235,#10236),
(#10237,#10238)),.UNSPECIFIED.,.F.,.F.,.F.,(3,3),(2,2),(-1.,0.),(0.,0.01),
 .UNSPECIFIED.);
#549=B_SPLINE_SURFACE_WITH_KNOTS('',2,1,((#10248,#10249),(#10250,#10251),
(#10252,#10253)),.UNSPECIFIED.,.F.,.F.,.F.,(3,3),(2,2),(-1.,0.),(0.,0.01),
 .UNSPECIFIED.);
#550=B_SPLINE_SURFACE_WITH_KNOTS('',2,1,((#10263,#10264),(#10265,#10266),
(#10267,#10268)),.UNSPECIFIED.,.F.,.F.,.F.,(3,3),(2,2),(-1.,0.),(0.,0.01),
 .UNSPECIFIED.);
#551=B_SPLINE_SURFACE_WITH_KNOTS('',2,1,((#10278,#10279),(#10280,#10281),
(#10282,#10283)),.UNSPECIFIED.,.F.,.F.,.F.,(3,3),(2,2),(-1.,0.),(0.,0.01),
 .UNSPECIFIED.);
#552=B_SPLINE_SURFACE_WITH_KNOTS('',2,1,((#10293,#10294),(#10295,#10296),
(#10297,#10298)),.UNSPECIFIED.,.F.,.F.,.F.,(3,3),(2,2),(-1.,0.),(0.,0.01),
 .UNSPECIFIED.);
#553=B_SPLINE_SURFACE_WITH_KNOTS('',2,1,((#10308,#10309),(#10310,#10311),
(#10312,#10313)),.UNSPECIFIED.,.F.,.F.,.F.,(3,3),(2,2),(-1.,0.),(0.,0.01),
 .UNSPECIFIED.);
#554=B_SPLINE_SURFACE_WITH_KNOTS('',2,1,((#10323,#10324),(#10325,#10326),
(#10327,#10328)),.UNSPECIFIED.,.F.,.F.,.F.,(3,3),(2,2),(-1.,0.),(0.,0.01),
 .UNSPECIFIED.);
#555=B_SPLINE_SURFACE_WITH_KNOTS('',2,1,((#10338,#10339),(#10340,#10341),
(#10342,#10343)),.UNSPECIFIED.,.F.,.F.,.F.,(3,3),(2,2),(-1.,0.),(0.,0.01),
 .UNSPECIFIED.);
#556=B_SPLINE_SURFACE_WITH_KNOTS('',2,1,((#10353,#10354),(#10355,#10356),
(#10357,#10358)),.UNSPECIFIED.,.F.,.F.,.F.,(3,3),(2,2),(-1.,0.),(0.,0.01),
 .UNSPECIFIED.);
#557=B_SPLINE_SURFACE_WITH_KNOTS('',2,1,((#10368,#10369),(#10370,#10371),
(#10372,#10373)),.UNSPECIFIED.,.F.,.F.,.F.,(3,3),(2,2),(-1.,0.),(0.,0.01),
 .UNSPECIFIED.);
#558=B_SPLINE_SURFACE_WITH_KNOTS('',2,1,((#10413,#10414),(#10415,#10416),
(#10417,#10418)),.UNSPECIFIED.,.F.,.F.,.F.,(3,3),(2,2),(-1.,0.),(0.,0.01),
 .UNSPECIFIED.);
#559=B_SPLINE_SURFACE_WITH_KNOTS('',2,1,((#10428,#10429),(#10430,#10431),
(#10432,#10433)),.UNSPECIFIED.,.F.,.F.,.F.,(3,3),(2,2),(-1.,0.),(0.,0.01),
 .UNSPECIFIED.);
#560=B_SPLINE_SURFACE_WITH_KNOTS('',2,1,((#10443,#10444),(#10445,#10446),
(#10447,#10448)),.UNSPECIFIED.,.F.,.F.,.F.,(3,3),(2,2),(-1.,0.),(0.,0.01),
 .UNSPECIFIED.);
#561=B_SPLINE_SURFACE_WITH_KNOTS('',2,1,((#10458,#10459),(#10460,#10461),
(#10462,#10463)),.UNSPECIFIED.,.F.,.F.,.F.,(3,3),(2,2),(-1.,0.),(0.,0.01),
 .UNSPECIFIED.);
#562=B_SPLINE_SURFACE_WITH_KNOTS('',2,1,((#10473,#10474),(#10475,#10476),
(#10477,#10478)),.UNSPECIFIED.,.F.,.F.,.F.,(3,3),(2,2),(-1.,0.),(0.,0.01),
 .UNSPECIFIED.);
#563=B_SPLINE_SURFACE_WITH_KNOTS('',2,1,((#10488,#10489),(#10490,#10491),
(#10492,#10493)),.UNSPECIFIED.,.F.,.F.,.F.,(3,3),(2,2),(-1.,0.),(0.,0.01),
 .UNSPECIFIED.);
#564=B_SPLINE_SURFACE_WITH_KNOTS('',2,1,((#10503,#10504),(#10505,#10506),
(#10507,#10508)),.UNSPECIFIED.,.F.,.F.,.F.,(3,3),(2,2),(-1.,0.),(0.,0.01),
 .UNSPECIFIED.);
#565=B_SPLINE_SURFACE_WITH_KNOTS('',2,1,((#10518,#10519),(#10520,#10521),
(#10522,#10523)),.UNSPECIFIED.,.F.,.F.,.F.,(3,3),(2,2),(-1.,0.),(0.,0.01),
 .UNSPECIFIED.);
#566=B_SPLINE_SURFACE_WITH_KNOTS('',3,3,((#11977,#11978,#11979,#11980),
(#11981,#11982,#11983,#11984),(#11985,#11986,#11987,#11988),(#11989,#11990,
#11991,#11992),(#11993,#11994,#11995,#11996)),.UNSPECIFIED.,.F.,.F.,.F.,
(4,1,4),(4,4),(0.,0.5,1.),(0.0669337954886703,0.143390323910181),
 .UNSPECIFIED.);
#567=B_SPLINE_SURFACE_WITH_KNOTS('',3,3,((#12130,#12131,#12132,#12133),
(#12134,#12135,#12136,#12137),(#12138,#12139,#12140,#12141),(#12142,#12143,
#12144,#12145),(#12146,#12147,#12148,#12149)),.UNSPECIFIED.,.F.,.F.,.F.,
(4,1,4),(4,4),(0.,0.5,1.),(0.0301094638426908,0.10817428998821),
 .UNSPECIFIED.);
#568=B_SPLINE_SURFACE_WITH_KNOTS('',3,3,((#12274,#12275,#12276,#12277),
(#12278,#12279,#12280,#12281),(#12282,#12283,#12284,#12285),(#12286,#12287,
#12288,#12289),(#12290,#12291,#12292,#12293)),.UNSPECIFIED.,.F.,.F.,.F.,
(4,1,4),(4,4),(0.,0.5,1.),(0.0297365366658942,0.106206638819334),
 .UNSPECIFIED.);
#569=B_SPLINE_SURFACE_WITH_KNOTS('',3,3,((#12379,#12380,#12381,#12382),
(#12383,#12384,#12385,#12386),(#12387,#12388,#12389,#12390),(#12391,#12392,
#12393,#12394),(#12395,#12396,#12397,#12398)),.UNSPECIFIED.,.F.,.F.,.F.,
(4,1,4),(4,4),(0.,0.5,1.),(0.0667586428035718,0.144811973612562),
 .UNSPECIFIED.);
#570=B_SPLINE_SURFACE_WITH_KNOTS('',3,3,((#12585,#12586,#12587,#12588,#12589,
#12590,#12591,#12592,#12593,#12594,#12595,#12596,#12597,#12598,#12599,#12600,
#12601,#12602,#12603,#12604,#12605,#12606,#12607,#12608,#12609,#12610,#12611,
#12612,#12613,#12614,#12615,#12616,#12617,#12618,#12619,#12620,#12621,#12622,
#12623,#12624,#12625,#12626,#12627,#12628,#12629,#12630,#12631,#12632,#12633,
#12634,#12635,#12636,#12637,#12638,#12639),(#12640,#12641,#12642,#12643,
#12644,#12645,#12646,#12647,#12648,#12649,#12650,#12651,#12652,#12653,#12654,
#12655,#12656,#12657,#12658,#12659,#12660,#12661,#12662,#12663,#12664,#12665,
#12666,#12667,#12668,#12669,#12670,#12671,#12672,#12673,#12674,#12675,#12676,
#12677,#12678,#12679,#12680,#12681,#12682,#12683,#12684,#12685,#12686,#12687,
#12688,#12689,#12690,#12691,#12692,#12693,#12694),(#12695,#12696,#12697,
#12698,#12699,#12700,#12701,#12702,#12703,#12704,#12705,#12706,#12707,#12708,
#12709,#12710,#12711,#12712,#12713,#12714,#12715,#12716,#12717,#12718,#12719,
#12720,#12721,#12722,#12723,#12724,#12725,#12726,#12727,#12728,#12729,#12730,
#12731,#12732,#12733,#12734,#12735,#12736,#12737,#12738,#12739,#12740,#12741,
#12742,#12743,#12744,#12745,#12746,#12747,#12748,#12749),(#12750,#12751,
#12752,#12753,#12754,#12755,#12756,#12757,#12758,#12759,#12760,#12761,#12762,
#12763,#12764,#12765,#12766,#12767,#12768,#12769,#12770,#12771,#12772,#12773,
#12774,#12775,#12776,#12777,#12778,#12779,#12780,#12781,#12782,#12783,#12784,
#12785,#12786,#12787,#12788,#12789,#12790,#12791,#12792,#12793,#12794,#12795,
#12796,#12797,#12798,#12799,#12800,#12801,#12802,#12803,#12804),(#12805,
#12806,#12807,#12808,#12809,#12810,#12811,#12812,#12813,#12814,#12815,#12816,
#12817,#12818,#12819,#12820,#12821,#12822,#12823,#12824,#12825,#12826,#12827,
#12828,#12829,#12830,#12831,#12832,#12833,#12834,#12835,#12836,#12837,#12838,
#12839,#12840,#12841,#12842,#12843,#12844,#12845,#12846,#12847,#12848,#12849,
#12850,#12851,#12852,#12853,#12854,#12855,#12856,#12857,#12858,#12859),
(#12860,#12861,#12862,#12863,#12864,#12865,#12866,#12867,#12868,#12869,
#12870,#12871,#12872,#12873,#12874,#12875,#12876,#12877,#12878,#12879,#12880,
#12881,#12882,#12883,#12884,#12885,#12886,#12887,#12888,#12889,#12890,#12891,
#12892,#12893,#12894,#12895,#12896,#12897,#12898,#12899,#12900,#12901,#12902,
#12903,#12904,#12905,#12906,#12907,#12908,#12909,#12910,#12911,#12912,#12913,
#12914),(#12915,#12916,#12917,#12918,#12919,#12920,#12921,#12922,#12923,
#12924,#12925,#12926,#12927,#12928,#12929,#12930,#12931,#12932,#12933,#12934,
#12935,#12936,#12937,#12938,#12939,#12940,#12941,#12942,#12943,#12944,#12945,
#12946,#12947,#12948,#12949,#12950,#12951,#12952,#12953,#12954,#12955,#12956,
#12957,#12958,#12959,#12960,#12961,#12962,#12963,#12964,#12965,#12966,#12967,
#12968,#12969),(#12970,#12971,#12972,#12973,#12974,#12975,#12976,#12977,
#12978,#12979,#12980,#12981,#12982,#12983,#12984,#12985,#12986,#12987,#12988,
#12989,#12990,#12991,#12992,#12993,#12994,#12995,#12996,#12997,#12998,#12999,
#13000,#13001,#13002,#13003,#13004,#13005,#13006,#13007,#13008,#13009,#13010,
#13011,#13012,#13013,#13014,#13015,#13016,#13017,#13018,#13019,#13020,#13021,
#13022,#13023,#13024),(#13025,#13026,#13027,#13028,#13029,#13030,#13031,
#13032,#13033,#13034,#13035,#13036,#13037,#13038,#13039,#13040,#13041,#13042,
#13043,#13044,#13045,#13046,#13047,#13048,#13049,#13050,#13051,#13052,#13053,
#13054,#13055,#13056,#13057,#13058,#13059,#13060,#13061,#13062,#13063,#13064,
#13065,#13066,#13067,#13068,#13069,#13070,#13071,#13072,#13073,#13074,#13075,
#13076,#13077,#13078,#13079),(#13080,#13081,#13082,#13083,#13084,#13085,
#13086,#13087,#13088,#13089,#13090,#13091,#13092,#13093,#13094,#13095,#13096,
#13097,#13098,#13099,#13100,#13101,#13102,#13103,#13104,#13105,#13106,#13107,
#13108,#13109,#13110,#13111,#13112,#13113,#13114,#13115,#13116,#13117,#13118,
#13119,#13120,#13121,#13122,#13123,#13124,#13125,#13126,#13127,#13128,#13129,
#13130,#13131,#13132,#13133,#13134),(#13135,#13136,#13137,#13138,#13139,
#13140,#13141,#13142,#13143,#13144,#13145,#13146,#13147,#13148,#13149,#13150,
#13151,#13152,#13153,#13154,#13155,#13156,#13157,#13158,#13159,#13160,#13161,
#13162,#13163,#13164,#13165,#13166,#13167,#13168,#13169,#13170,#13171,#13172,
#13173,#13174,#13175,#13176,#13177,#13178,#13179,#13180,#13181,#13182,#13183,
#13184,#13185,#13186,#13187,#13188,#13189)),.UNSPECIFIED.,.T.,.F.,.F.,(4,
1,1,1,1,1,1,1,4),(4,1,1,1,1,1,1,1,1,1,1,1,1,1,1,1,1,1,1,1,1,1,1,1,1,1,1,
1,1,1,1,1,1,1,1,1,1,1,1,1,1,1,1,1,1,1,1,1,1,1,1,1,4),(-3.14159265358979,
-2.69279370307697,-1.79519580205131,-1.12199737628207,-0.448798950512828,
0.448798950512828,1.34639685153848,2.24399475256414,3.14159265358979),(0.,
0.483321946706122,0.966643893412244,1.44996584011837,1.93328778682449,2.41660973353061,
2.89993168023673,3.38325362694285,3.86657557364898,4.3498975203551,4.83321946706122,
5.31654141376734,5.79986336047346,6.28318530717959,6.76650725388571,7.24982920059183,
7.73315114729795,8.21647309400407,8.6997950407102,9.18311698741632,9.66643893412244,
10.1497608808286,10.6330828275347,11.1164047742408,11.5997267209469,12.083048667653,
12.5663706143592,13.0496925610653,13.5330145077714,14.0163364544775,14.4996584011837,
14.9829803478898,15.4663022945959,15.949624241302,16.4329461880081,16.9162681347143,
17.3995900814204,17.8829120281265,18.3662339748326,18.8495559215388,19.3328778682449,
19.816199814951,20.2995217616571,20.7828437083632,21.2661656550694,21.7494876017755,
22.2328095484816,22.7161314951877,23.1994534418939,23.6827753886,24.1660973353061,
24.6494192820122,25.1327412287183),.UNSPECIFIED.);
#571=B_SPLINE_SURFACE_WITH_KNOTS('',3,3,((#13251,#13252,#13253,#13254,#13255,
#13256,#13257,#13258,#13259,#13260,#13261,#13262,#13263,#13264,#13265,#13266,
#13267,#13268,#13269,#13270,#13271,#13272,#13273,#13274,#13275,#13276,#13277,
#13278,#13279,#13280,#13281,#13282,#13283,#13284,#13285,#13286,#13287,#13288,
#13289,#13290,#13291,#13292,#13293,#13294,#13295,#13296,#13297,#13298,#13299,
#13300,#13301,#13302,#13303,#13304,#13305),(#13306,#13307,#13308,#13309,
#13310,#13311,#13312,#13313,#13314,#13315,#13316,#13317,#13318,#13319,#13320,
#13321,#13322,#13323,#13324,#13325,#13326,#13327,#13328,#13329,#13330,#13331,
#13332,#13333,#13334,#13335,#13336,#13337,#13338,#13339,#13340,#13341,#13342,
#13343,#13344,#13345,#13346,#13347,#13348,#13349,#13350,#13351,#13352,#13353,
#13354,#13355,#13356,#13357,#13358,#13359,#13360),(#13361,#13362,#13363,
#13364,#13365,#13366,#13367,#13368,#13369,#13370,#13371,#13372,#13373,#13374,
#13375,#13376,#13377,#13378,#13379,#13380,#13381,#13382,#13383,#13384,#13385,
#13386,#13387,#13388,#13389,#13390,#13391,#13392,#13393,#13394,#13395,#13396,
#13397,#13398,#13399,#13400,#13401,#13402,#13403,#13404,#13405,#13406,#13407,
#13408,#13409,#13410,#13411,#13412,#13413,#13414,#13415),(#13416,#13417,
#13418,#13419,#13420,#13421,#13422,#13423,#13424,#13425,#13426,#13427,#13428,
#13429,#13430,#13431,#13432,#13433,#13434,#13435,#13436,#13437,#13438,#13439,
#13440,#13441,#13442,#13443,#13444,#13445,#13446,#13447,#13448,#13449,#13450,
#13451,#13452,#13453,#13454,#13455,#13456,#13457,#13458,#13459,#13460,#13461,
#13462,#13463,#13464,#13465,#13466,#13467,#13468,#13469,#13470),(#13471,
#13472,#13473,#13474,#13475,#13476,#13477,#13478,#13479,#13480,#13481,#13482,
#13483,#13484,#13485,#13486,#13487,#13488,#13489,#13490,#13491,#13492,#13493,
#13494,#13495,#13496,#13497,#13498,#13499,#13500,#13501,#13502,#13503,#13504,
#13505,#13506,#13507,#13508,#13509,#13510,#13511,#13512,#13513,#13514,#13515,
#13516,#13517,#13518,#13519,#13520,#13521,#13522,#13523,#13524,#13525),
(#13526,#13527,#13528,#13529,#13530,#13531,#13532,#13533,#13534,#13535,
#13536,#13537,#13538,#13539,#13540,#13541,#13542,#13543,#13544,#13545,#13546,
#13547,#13548,#13549,#13550,#13551,#13552,#13553,#13554,#13555,#13556,#13557,
#13558,#13559,#13560,#13561,#13562,#13563,#13564,#13565,#13566,#13567,#13568,
#13569,#13570,#13571,#13572,#13573,#13574,#13575,#13576,#13577,#13578,#13579,
#13580),(#13581,#13582,#13583,#13584,#13585,#13586,#13587,#13588,#13589,
#13590,#13591,#13592,#13593,#13594,#13595,#13596,#13597,#13598,#13599,#13600,
#13601,#13602,#13603,#13604,#13605,#13606,#13607,#13608,#13609,#13610,#13611,
#13612,#13613,#13614,#13615,#13616,#13617,#13618,#13619,#13620,#13621,#13622,
#13623,#13624,#13625,#13626,#13627,#13628,#13629,#13630,#13631,#13632,#13633,
#13634,#13635),(#13636,#13637,#13638,#13639,#13640,#13641,#13642,#13643,
#13644,#13645,#13646,#13647,#13648,#13649,#13650,#13651,#13652,#13653,#13654,
#13655,#13656,#13657,#13658,#13659,#13660,#13661,#13662,#13663,#13664,#13665,
#13666,#13667,#13668,#13669,#13670,#13671,#13672,#13673,#13674,#13675,#13676,
#13677,#13678,#13679,#13680,#13681,#13682,#13683,#13684,#13685,#13686,#13687,
#13688,#13689,#13690),(#13691,#13692,#13693,#13694,#13695,#13696,#13697,
#13698,#13699,#13700,#13701,#13702,#13703,#13704,#13705,#13706,#13707,#13708,
#13709,#13710,#13711,#13712,#13713,#13714,#13715,#13716,#13717,#13718,#13719,
#13720,#13721,#13722,#13723,#13724,#13725,#13726,#13727,#13728,#13729,#13730,
#13731,#13732,#13733,#13734,#13735,#13736,#13737,#13738,#13739,#13740,#13741,
#13742,#13743,#13744,#13745),(#13746,#13747,#13748,#13749,#13750,#13751,
#13752,#13753,#13754,#13755,#13756,#13757,#13758,#13759,#13760,#13761,#13762,
#13763,#13764,#13765,#13766,#13767,#13768,#13769,#13770,#13771,#13772,#13773,
#13774,#13775,#13776,#13777,#13778,#13779,#13780,#13781,#13782,#13783,#13784,
#13785,#13786,#13787,#13788,#13789,#13790,#13791,#13792,#13793,#13794,#13795,
#13796,#13797,#13798,#13799,#13800),(#13801,#13802,#13803,#13804,#13805,
#13806,#13807,#13808,#13809,#13810,#13811,#13812,#13813,#13814,#13815,#13816,
#13817,#13818,#13819,#13820,#13821,#13822,#13823,#13824,#13825,#13826,#13827,
#13828,#13829,#13830,#13831,#13832,#13833,#13834,#13835,#13836,#13837,#13838,
#13839,#13840,#13841,#13842,#13843,#13844,#13845,#13846,#13847,#13848,#13849,
#13850,#13851,#13852,#13853,#13854,#13855)),.UNSPECIFIED.,.T.,.F.,.F.,(4,
1,1,1,1,1,1,1,4),(4,1,1,1,1,1,1,1,1,1,1,1,1,1,1,1,1,1,1,1,1,1,1,1,1,1,1,
1,1,1,1,1,1,1,1,1,1,1,1,1,1,1,1,1,1,1,1,1,1,1,1,1,4),(-3.14159265358979,
-2.69279370307697,-1.79519580205131,-1.12199737628207,-0.448798950512828,
0.448798950512828,1.34639685153848,2.24399475256414,3.14159265358979),(0.,
0.483321946706122,0.966643893412244,1.44996584011837,1.93328778682449,2.41660973353061,
2.89993168023673,3.38325362694285,3.86657557364898,4.3498975203551,4.83321946706122,
5.31654141376734,5.79986336047346,6.28318530717959,6.76650725388571,7.24982920059183,
7.73315114729795,8.21647309400407,8.6997950407102,9.18311698741632,9.66643893412244,
10.1497608808286,10.6330828275347,11.1164047742408,11.5997267209469,12.083048667653,
12.5663706143592,13.0496925610653,13.5330145077714,14.0163364544775,14.4996584011837,
14.9829803478898,15.4663022945959,15.949624241302,16.4329461880081,16.9162681347143,
17.3995900814204,17.8829120281265,18.3662339748326,18.8495559215388,19.3328778682449,
19.816199814951,20.2995217616571,20.7828437083632,21.2661656550694,21.7494876017755,
22.2328095484816,22.7161314951877,23.1994534418939,23.6827753886,24.1660973353061,
24.6494192820122,25.1327412287183),.UNSPECIFIED.);
#572=B_SPLINE_SURFACE_WITH_KNOTS('',3,3,((#13917,#13918,#13919,#13920,#13921,
#13922,#13923,#13924,#13925,#13926,#13927,#13928,#13929,#13930,#13931,#13932,
#13933,#13934,#13935,#13936,#13937,#13938,#13939,#13940,#13941,#13942,#13943,
#13944,#13945,#13946,#13947,#13948,#13949,#13950,#13951,#13952,#13953,#13954,
#13955,#13956,#13957),(#13958,#13959,#13960,#13961,#13962,#13963,#13964,
#13965,#13966,#13967,#13968,#13969,#13970,#13971,#13972,#13973,#13974,#13975,
#13976,#13977,#13978,#13979,#13980,#13981,#13982,#13983,#13984,#13985,#13986,
#13987,#13988,#13989,#13990,#13991,#13992,#13993,#13994,#13995,#13996,#13997,
#13998),(#13999,#14000,#14001,#14002,#14003,#14004,#14005,#14006,#14007,
#14008,#14009,#14010,#14011,#14012,#14013,#14014,#14015,#14016,#14017,#14018,
#14019,#14020,#14021,#14022,#14023,#14024,#14025,#14026,#14027,#14028,#14029,
#14030,#14031,#14032,#14033,#14034,#14035,#14036,#14037,#14038,#14039),
(#14040,#14041,#14042,#14043,#14044,#14045,#14046,#14047,#14048,#14049,
#14050,#14051,#14052,#14053,#14054,#14055,#14056,#14057,#14058,#14059,#14060,
#14061,#14062,#14063,#14064,#14065,#14066,#14067,#14068,#14069,#14070,#14071,
#14072,#14073,#14074,#14075,#14076,#14077,#14078,#14079,#14080),(#14081,
#14082,#14083,#14084,#14085,#14086,#14087,#14088,#14089,#14090,#14091,#14092,
#14093,#14094,#14095,#14096,#14097,#14098,#14099,#14100,#14101,#14102,#14103,
#14104,#14105,#14106,#14107,#14108,#14109,#14110,#14111,#14112,#14113,#14114,
#14115,#14116,#14117,#14118,#14119,#14120,#14121),(#14122,#14123,#14124,
#14125,#14126,#14127,#14128,#14129,#14130,#14131,#14132,#14133,#14134,#14135,
#14136,#14137,#14138,#14139,#14140,#14141,#14142,#14143,#14144,#14145,#14146,
#14147,#14148,#14149,#14150,#14151,#14152,#14153,#14154,#14155,#14156,#14157,
#14158,#14159,#14160,#14161,#14162),(#14163,#14164,#14165,#14166,#14167,
#14168,#14169,#14170,#14171,#14172,#14173,#14174,#14175,#14176,#14177,#14178,
#14179,#14180,#14181,#14182,#14183,#14184,#14185,#14186,#14187,#14188,#14189,
#14190,#14191,#14192,#14193,#14194,#14195,#14196,#14197,#14198,#14199,#14200,
#14201,#14202,#14203),(#14204,#14205,#14206,#14207,#14208,#14209,#14210,
#14211,#14212,#14213,#14214,#14215,#14216,#14217,#14218,#14219,#14220,#14221,
#14222,#14223,#14224,#14225,#14226,#14227,#14228,#14229,#14230,#14231,#14232,
#14233,#14234,#14235,#14236,#14237,#14238,#14239,#14240,#14241,#14242,#14243,
#14244),(#14245,#14246,#14247,#14248,#14249,#14250,#14251,#14252,#14253,
#14254,#14255,#14256,#14257,#14258,#14259,#14260,#14261,#14262,#14263,#14264,
#14265,#14266,#14267,#14268,#14269,#14270,#14271,#14272,#14273,#14274,#14275,
#14276,#14277,#14278,#14279,#14280,#14281,#14282,#14283,#14284,#14285),
(#14286,#14287,#14288,#14289,#14290,#14291,#14292,#14293,#14294,#14295,
#14296,#14297,#14298,#14299,#14300,#14301,#14302,#14303,#14304,#14305,#14306,
#14307,#14308,#14309,#14310,#14311,#14312,#14313,#14314,#14315,#14316,#14317,
#14318,#14319,#14320,#14321,#14322,#14323,#14324,#14325,#14326),(#14327,
#14328,#14329,#14330,#14331,#14332,#14333,#14334,#14335,#14336,#14337,#14338,
#14339,#14340,#14341,#14342,#14343,#14344,#14345,#14346,#14347,#14348,#14349,
#14350,#14351,#14352,#14353,#14354,#14355,#14356,#14357,#14358,#14359,#14360,
#14361,#14362,#14363,#14364,#14365,#14366,#14367)),.UNSPECIFIED.,.T.,.F.,
 .F.,(4,1,1,1,1,1,1,1,4),(4,1,1,1,1,1,1,1,1,1,1,1,1,1,1,1,1,1,1,1,1,1,1,
1,1,1,1,1,1,1,1,1,1,1,1,1,1,1,4),(-3.14159265358979,-2.69279370307697,-1.79519580205131,
-1.12199737628207,-0.448798950512828,0.448798950512828,1.34639685153848,
2.24399475256414,3.14159265358979),(0.,0.496040945303652,0.992081890607303,
1.48812283591095,1.98416378121461,2.48020472651826,2.97624567182191,3.47228661712556,
3.96832756242921,4.46436850773286,4.96040945303652,5.45645039834017,5.95249134364382,
6.44853228894747,6.94457323425112,7.44061417955477,7.93665512485842,8.43269607016208,
8.92873701546573,9.42477796076938,9.92081890607303,10.4168598513767,10.9129007966803,
11.408941741984,11.9049826872876,12.4010236325913,12.8970645778949,13.3931055231986,
13.8891464685022,14.3851874138059,14.8812283591095,15.3772693044132,15.8733102497168,
16.3693511950205,16.8653921403242,17.3614330856278,17.8574740309315,18.3535149762351,
18.8495559215388),.UNSPECIFIED.);
#573=SHAPE_REPRESENTATION_RELATIONSHIP('SRR','None',#14643,#579);
#574=SHAPE_REPRESENTATION_RELATIONSHIP('SRR','None',#14644,#580);
#575=SHAPE_REPRESENTATION_RELATIONSHIP('SRR','None',#14645,#581);
#576=SHAPE_REPRESENTATION_RELATIONSHIP('SRR','None',#14646,#582);
#577=SHAPE_REPRESENTATION_RELATIONSHIP('SRR','None',#14647,#583);
#578=SHAPE_REPRESENTATION_RELATIONSHIP('SRR','None',#14648,#584);
#579=ADVANCED_BREP_SHAPE_REPRESENTATION('',(#664,#665,#666,#667,#668,#669,
#670),#14611);
#580=ADVANCED_BREP_SHAPE_REPRESENTATION('',(#671,#672,#673,#674),#14612);
#581=ADVANCED_BREP_SHAPE_REPRESENTATION('',(#675),#14613);
#582=ADVANCED_BREP_SHAPE_REPRESENTATION('',(#676,#677,#678,#679),#14614);
#583=ADVANCED_BREP_SHAPE_REPRESENTATION('',(#680,#681,#682,#683),#14615);
#584=ADVANCED_BREP_SHAPE_REPRESENTATION('',(#684,#685),#14616);
#585=TOROIDAL_SURFACE('',#6468,7.5,0.3);
#586=TOROIDAL_SURFACE('',#6476,7.6,0.2);
#587=TOROIDAL_SURFACE('',#6523,5.,1.);
#588=TOROIDAL_SURFACE('',#6583,8.05,3.35037301378864);
#589=TOROIDAL_SURFACE('',#6590,8.05,3.350373039171);
#590=TOROIDAL_SURFACE('',#6650,10.6917096231345,0.6);
#591=TOROIDAL_SURFACE('',#6654,8.60829037686548,0.6);
#592=TOROIDAL_SURFACE('',#6665,10.6917096231345,0.6);
#593=TOROIDAL_SURFACE('',#6677,10.6917096231345,0.6);
#594=TOROIDAL_SURFACE('',#6695,8.60829037686548,0.6);
#595=TOROIDAL_SURFACE('',#6699,10.6917096231345,0.6);
#596=TOROIDAL_SURFACE('',#6724,0.199999999999997,0.1);
#597=TOROIDAL_SURFACE('',#6731,0.200000000000001,0.1);
#598=FACE_BOUND('',#1274,.T.);
#599=FACE_BOUND('',#1277,.T.);
#600=FACE_BOUND('',#1281,.T.);
#601=FACE_BOUND('',#1283,.T.);
#602=FACE_BOUND('',#1286,.T.);
#603=FACE_BOUND('',#1291,.T.);
#604=FACE_BOUND('',#1295,.T.);
#605=FACE_BOUND('',#1297,.T.);
#606=FACE_BOUND('',#1301,.T.);
#607=FACE_BOUND('',#1303,.T.);
#608=FACE_BOUND('',#1330,.T.);
#609=FACE_BOUND('',#1369,.T.);
#610=FACE_BOUND('',#1405,.T.);
#611=FACE_BOUND('',#1406,.T.);
#612=FACE_BOUND('',#1407,.T.);
#613=FACE_BOUND('',#1448,.T.);
#614=FACE_BOUND('',#1450,.T.);
#615=FACE_BOUND('',#1477,.T.);
#616=FACE_BOUND('',#1479,.T.);
#617=FACE_BOUND('',#1537,.T.);
#618=FACE_BOUND('',#1542,.T.);
#619=FACE_BOUND('',#1543,.T.);
#620=FACE_BOUND('',#1544,.T.);
#621=FACE_BOUND('',#1545,.T.);
#622=FACE_BOUND('',#1546,.T.);
#623=FACE_BOUND('',#1547,.T.);
#624=FACE_BOUND('',#1548,.T.);
#625=FACE_BOUND('',#1549,.T.);
#626=FACE_BOUND('',#1550,.T.);
#627=FACE_BOUND('',#1551,.T.);
#628=FACE_BOUND('',#1552,.T.);
#629=FACE_BOUND('',#1553,.T.);
#630=FACE_BOUND('',#1554,.T.);
#631=FACE_BOUND('',#1555,.T.);
#632=FACE_BOUND('',#1556,.T.);
#633=FACE_BOUND('',#1557,.T.);
#634=FACE_BOUND('',#1558,.T.);
#635=FACE_BOUND('',#1559,.T.);
#636=FACE_BOUND('',#1560,.T.);
#637=FACE_BOUND('',#1561,.T.);
#638=FACE_BOUND('',#1562,.T.);
#639=FACE_BOUND('',#1563,.T.);
#640=FACE_BOUND('',#1564,.T.);
#641=FACE_BOUND('',#1566,.T.);
#642=STYLED_ITEM('',(#14682),#664);
#643=STYLED_ITEM('',(#14682),#665);
#644=STYLED_ITEM('',(#14682),#666);
#645=STYLED_ITEM('',(#14682),#667);
#646=STYLED_ITEM('',(#14682),#668);
#647=STYLED_ITEM('',(#14683),#669);
#648=STYLED_ITEM('',(#14683),#670);
#649=STYLED_ITEM('',(#14684),#671);
#650=STYLED_ITEM('',(#14682),#672);
#651=STYLED_ITEM('',(#14682),#673);
#652=STYLED_ITEM('',(#14682),#674);
#653=STYLED_ITEM('',(#14685),#675);
#654=STYLED_ITEM('',(#14681),#676);
#655=STYLED_ITEM('',(#14681),#677);
#656=STYLED_ITEM('',(#14686),#678);
#657=STYLED_ITEM('',(#14686),#679);
#658=STYLED_ITEM('',(#14687),#680);
#659=STYLED_ITEM('',(#14687),#681);
#660=STYLED_ITEM('',(#14687),#682);
#661=STYLED_ITEM('',(#14687),#683);
#662=STYLED_ITEM('',(#14686),#684);
#663=STYLED_ITEM('',(#14686),#685);
#664=MANIFOLD_SOLID_BREP('Bottom Outer Ring',#6336);
#665=MANIFOLD_SOLID_BREP('Top Outer Ring',#6337);
#666=MANIFOLD_SOLID_BREP('Bottom Inner to Outer Ring',#6338);
#667=MANIFOLD_SOLID_BREP('Middle Surface',#6339);
#668=MANIFOLD_SOLID_BREP('Inner Magnet Extrude',#6340);
#669=MANIFOLD_SOLID_BREP('Outer Foam',#6341);
#670=MANIFOLD_SOLID_BREP('Inner Foam',#6342);
#671=MANIFOLD_SOLID_BREP('Magnet',#6343);
#672=MANIFOLD_SOLID_BREP('Body4',#6344);
#673=MANIFOLD_SOLID_BREP('Body5',#6345);
#674=MANIFOLD_SOLID_BREP('Body6',#6346);
#675=MANIFOLD_SOLID_BREP('Plastic Cover',#6347);
#676=MANIFOLD_SOLID_BREP('Board Left',#6348);
#677=MANIFOLD_SOLID_BREP('Board Right',#6349);
#678=MANIFOLD_SOLID_BREP('Solder Left',#6350);
#679=MANIFOLD_SOLID_BREP('Solder Right',#6351);
#680=MANIFOLD_SOLID_BREP('Coil1',#6352);
#681=MANIFOLD_SOLID_BREP('Coil2',#6353);
#682=MANIFOLD_SOLID_BREP('Coil3',#6354);
#683=MANIFOLD_SOLID_BREP('Wire',#6355);
#684=MANIFOLD_SOLID_BREP('Pin Right',#6356);
#685=MANIFOLD_SOLID_BREP('Pin Left',#6357);
#686=CYLINDRICAL_SURFACE('',#6432,10.8);
#687=CYLINDRICAL_SURFACE('',#6434,11.5);
#688=CYLINDRICAL_SURFACE('',#6442,10.8);
#689=CYLINDRICAL_SURFACE('',#6444,11.5);
#690=CYLINDRICAL_SURFACE('',#6448,10.8);
#691=CYLINDRICAL_SURFACE('',#6452,11.5);
#692=CYLINDRICAL_SURFACE('',#6457,10.1);
#693=CYLINDRICAL_SURFACE('',#6460,6.);
#694=CYLINDRICAL_SURFACE('',#6463,10.8);
#695=CYLINDRICAL_SURFACE('',#6474,7.2);
#696=CYLINDRICAL_SURFACE('',#6480,7.8);
#697=CYLINDRICAL_SURFACE('',#6483,7.8);
#698=CYLINDRICAL_SURFACE('',#6486,10.8);
#699=CYLINDRICAL_SURFACE('',#6491,6.);
#700=CYLINDRICAL_SURFACE('',#6494,7.2);
#701=CYLINDRICAL_SURFACE('',#6528,6.);
#702=CYLINDRICAL_SURFACE('',#6556,0.25);
#703=CYLINDRICAL_SURFACE('',#6557,0.25);
#704=CYLINDRICAL_SURFACE('',#6558,0.25);
#705=CYLINDRICAL_SURFACE('',#6559,0.25);
#706=CYLINDRICAL_SURFACE('',#6560,0.25);
#707=CYLINDRICAL_SURFACE('',#6561,0.25);
#708=CYLINDRICAL_SURFACE('',#6562,0.25);
#709=CYLINDRICAL_SURFACE('',#6563,0.25);
#710=CYLINDRICAL_SURFACE('',#6564,0.25);
#711=CYLINDRICAL_SURFACE('',#6565,0.25);
#712=CYLINDRICAL_SURFACE('',#6566,0.25);
#713=CYLINDRICAL_SURFACE('',#6567,0.25);
#714=CYLINDRICAL_SURFACE('',#6568,0.25);
#715=CYLINDRICAL_SURFACE('',#6569,0.25);
#716=CYLINDRICAL_SURFACE('',#6570,0.25);
#717=CYLINDRICAL_SURFACE('',#6571,0.25);
#718=CYLINDRICAL_SURFACE('',#6572,0.25);
#719=CYLINDRICAL_SURFACE('',#6573,0.25);
#720=CYLINDRICAL_SURFACE('',#6574,0.25);
#721=CYLINDRICAL_SURFACE('',#6575,0.25);
#722=CYLINDRICAL_SURFACE('',#6576,0.25);
#723=CYLINDRICAL_SURFACE('',#6577,0.25);
#724=CYLINDRICAL_SURFACE('',#6578,0.25);
#725=CYLINDRICAL_SURFACE('',#6579,0.25);
#726=CYLINDRICAL_SURFACE('',#6596,10.8);
#727=CYLINDRICAL_SURFACE('',#6599,11.5);
#728=CYLINDRICAL_SURFACE('',#6603,7.8);
#729=CYLINDRICAL_SURFACE('',#6607,11.5);
#730=CYLINDRICAL_SURFACE('',#6611,8.8);
#731=CYLINDRICAL_SURFACE('',#6617,11.5);
#732=CYLINDRICAL_SURFACE('',#6621,8.8);
#733=CYLINDRICAL_SURFACE('',#6625,11.5);
#734=CYLINDRICAL_SURFACE('',#6629,7.8);
#735=CYLINDRICAL_SURFACE('',#6652,0.6);
#736=CYLINDRICAL_SURFACE('',#6653,0.6);
#737=CYLINDRICAL_SURFACE('',#6659,0.6);
#738=CYLINDRICAL_SURFACE('',#6661,0.6);
#739=CYLINDRICAL_SURFACE('',#6680,0.6);
#740=CYLINDRICAL_SURFACE('',#6689,0.6);
#741=CYLINDRICAL_SURFACE('',#6692,0.6);
#742=CYLINDRICAL_SURFACE('',#6693,0.6);
#743=CYLINDRICAL_SURFACE('',#6694,0.6);
#744=CYLINDRICAL_SURFACE('',#6720,0.1);
#745=CYLINDRICAL_SURFACE('',#6728,0.1);
#746=CYLINDRICAL_SURFACE('',#6735,0.1);
#747=CYLINDRICAL_SURFACE('',#6748,1.);
#748=CYLINDRICAL_SURFACE('',#6761,0.4);
#749=CYLINDRICAL_SURFACE('',#6770,1.);
#750=CYLINDRICAL_SURFACE('',#6783,0.4);
#751=CIRCLE('',#6430,10.8);
#752=CIRCLE('',#6431,11.5);
#753=CIRCLE('',#6433,10.8);
#754=CIRCLE('',#6435,11.5);
#755=CIRCLE('',#6440,10.8);
#756=CIRCLE('',#6441,11.5);
#757=CIRCLE('',#6443,10.8);
#758=CIRCLE('',#6445,11.5);
#759=CIRCLE('',#6449,10.8);
#760=CIRCLE('',#6450,10.8);
#761=CIRCLE('',#6453,11.5);
#762=CIRCLE('',#6454,11.5);
#763=CIRCLE('',#6456,10.1);
#764=CIRCLE('',#6458,10.1);
#765=CIRCLE('',#6461,6.);
#766=CIRCLE('',#6462,6.);
#767=CIRCLE('',#6464,10.8);
#768=CIRCLE('',#6465,10.8);
#769=CIRCLE('',#6469,7.5);
#770=CIRCLE('',#6470,0.3);
#771=CIRCLE('',#6471,7.2);
#772=CIRCLE('',#6473,7.6);
#773=CIRCLE('',#6475,7.2);
#774=CIRCLE('',#6477,0.2);
#775=CIRCLE('',#6478,7.8);
#776=CIRCLE('',#6479,7.8);
#777=CIRCLE('',#6481,7.8);
#778=CIRCLE('',#6484,7.8);
#779=CIRCLE('',#6485,7.8);
#780=CIRCLE('',#6487,10.8);
#781=CIRCLE('',#6488,10.8);
#782=CIRCLE('',#6492,6.);
#783=CIRCLE('',#6493,6.);
#784=CIRCLE('',#6495,7.2);
#785=CIRCLE('',#6496,7.2);
#786=CIRCLE('',#6524,5.);
#787=CIRCLE('',#6525,1.);
#788=CIRCLE('',#6526,6.);
#789=CIRCLE('',#6529,6.);
#790=CIRCLE('',#6581,10.8);
#791=CIRCLE('',#6582,10.1);
#792=CIRCLE('',#6584,3.35037301378864);
#793=CIRCLE('',#6585,6.);
#794=CIRCLE('',#6586,11.427778225052);
#795=CIRCLE('',#6588,6.);
#796=CIRCLE('',#6589,11.4382352941177);
#797=CIRCLE('',#6591,10.1);
#798=CIRCLE('',#6592,3.350373039171);
#799=CIRCLE('',#6593,3.350373039171);
#800=CIRCLE('',#6595,10.8);
#801=CIRCLE('',#6600,11.5);
#802=CIRCLE('',#6601,11.5);
#803=CIRCLE('',#6604,7.8);
#804=CIRCLE('',#6605,7.8);
#805=CIRCLE('',#6608,11.5);
#806=CIRCLE('',#6609,11.5);
#807=CIRCLE('',#6612,8.8);
#808=CIRCLE('',#6613,8.8);
#809=CIRCLE('',#6618,11.5);
#810=CIRCLE('',#6619,11.5);
#811=CIRCLE('',#6622,8.8);
#812=CIRCLE('',#6623,8.8);
#813=CIRCLE('',#6626,11.5);
#814=CIRCLE('',#6627,11.5);
#815=CIRCLE('',#6630,7.8);
#816=CIRCLE('',#6631,7.8);
#817=CIRCLE('',#6634,0.599999999998214);
#818=CIRCLE('',#6636,0.6);
#819=CIRCLE('',#6637,0.6);
#820=CIRCLE('',#6639,11.5);
#821=CIRCLE('',#6640,11.2113248654052);
#822=CIRCLE('',#6642,8.8);
#823=CIRCLE('',#6643,11.5);
#824=CIRCLE('',#6644,7.8);
#825=CIRCLE('',#6647,0.6);
#826=CIRCLE('',#6648,0.6);
#827=CIRCLE('',#6649,0.6);
#828=CIRCLE('',#6651,10.6917096231345);
#829=CIRCLE('',#6655,8.60829037686548);
#830=CIRCLE('',#6656,8.08867513459481);
#831=CIRCLE('',#6657,8.36729198369564);
#832=CIRCLE('',#6666,11.2113248654052);
#833=CIRCLE('',#6671,0.599999999999999);
#834=CIRCLE('',#6672,0.6);
#835=CIRCLE('',#6673,0.6);
#836=CIRCLE('',#6675,11.2113248654052);
#837=CIRCLE('',#6676,11.5);
#838=CIRCLE('',#6678,10.6917096231345);
#839=CIRCLE('',#6679,0.6);
#840=CIRCLE('',#6681,0.6);
#841=CIRCLE('',#6683,0.6);
#842=CIRCLE('',#6685,7.8);
#843=CIRCLE('',#6686,11.5);
#844=CIRCLE('',#6687,8.8);
#845=CIRCLE('',#6696,8.36729198369564);
#846=CIRCLE('',#6697,8.08867513459481);
#847=CIRCLE('',#6698,8.60829037686548);
#848=CIRCLE('',#6700,11.2113248654052);
#849=CIRCLE('',#6708,0.05);
#850=CIRCLE('',#6709,0.05);
#851=CIRCLE('',#6712,0.05);
#852=CIRCLE('',#6713,0.05);
#853=CIRCLE('',#6716,0.05);
#854=CIRCLE('',#6717,0.05);
#855=CIRCLE('',#6721,0.1);
#856=CIRCLE('',#6722,0.1);
#857=CIRCLE('',#6723,0.1);
#858=CIRCLE('',#6725,0.0999999999999971);
#859=CIRCLE('',#6726,0.1);
#860=CIRCLE('',#6727,0.1);
#861=CIRCLE('',#6729,0.1);
#862=CIRCLE('',#6730,0.1);
#863=CIRCLE('',#6732,0.100000000000001);
#864=CIRCLE('',#6733,0.1);
#865=CIRCLE('',#6734,0.1);
#866=CIRCLE('',#6736,0.1);
#867=CIRCLE('',#6749,1.);
#868=CIRCLE('',#6750,1.);
#869=CIRCLE('',#6752,0.4);
#870=CIRCLE('',#6758,0.4);
#871=CIRCLE('',#6771,1.);
#872=CIRCLE('',#6772,1.);
#873=CIRCLE('',#6774,0.4);
#874=CIRCLE('',#6780,0.4);
#875=FACE_OUTER_BOUND('',#1257,.T.);
#876=FACE_OUTER_BOUND('',#1258,.T.);
#877=FACE_OUTER_BOUND('',#1259,.T.);
#878=FACE_OUTER_BOUND('',#1260,.T.);
#879=FACE_OUTER_BOUND('',#1261,.T.);
#880=FACE_OUTER_BOUND('',#1262,.T.);
#881=FACE_OUTER_BOUND('',#1263,.T.);
#882=FACE_OUTER_BOUND('',#1264,.T.);
#883=FACE_OUTER_BOUND('',#1265,.T.);
#884=FACE_OUTER_BOUND('',#1266,.T.);
#885=FACE_OUTER_BOUND('',#1267,.T.);
#886=FACE_OUTER_BOUND('',#1268,.T.);
#887=FACE_OUTER_BOUND('',#1269,.T.);
#888=FACE_OUTER_BOUND('',#1270,.T.);
#889=FACE_OUTER_BOUND('',#1271,.T.);
#890=FACE_OUTER_BOUND('',#1272,.T.);
#891=FACE_OUTER_BOUND('',#1273,.T.);
#892=FACE_OUTER_BOUND('',#1275,.T.);
#893=FACE_OUTER_BOUND('',#1276,.T.);
#894=FACE_OUTER_BOUND('',#1278,.T.);
#895=FACE_OUTER_BOUND('',#1279,.T.);
#896=FACE_OUTER_BOUND('',#1280,.T.);
#897=FACE_OUTER_BOUND('',#1282,.T.);
#898=FACE_OUTER_BOUND('',#1284,.T.);
#899=FACE_OUTER_BOUND('',#1285,.T.);
#900=FACE_OUTER_BOUND('',#1287,.T.);
#901=FACE_OUTER_BOUND('',#1288,.T.);
#902=FACE_OUTER_BOUND('',#1289,.T.);
#903=FACE_OUTER_BOUND('',#1290,.T.);
#904=FACE_OUTER_BOUND('',#1292,.T.);
#905=FACE_OUTER_BOUND('',#1293,.T.);
#906=FACE_OUTER_BOUND('',#1294,.T.);
#907=FACE_OUTER_BOUND('',#1296,.T.);
#908=FACE_OUTER_BOUND('',#1298,.T.);
#909=FACE_OUTER_BOUND('',#1299,.T.);
#910=FACE_OUTER_BOUND('',#1300,.T.);
#911=FACE_OUTER_BOUND('',#1302,.T.);
#912=FACE_OUTER_BOUND('',#1304,.T.);
#913=FACE_OUTER_BOUND('',#1305,.T.);
#914=FACE_OUTER_BOUND('',#1306,.T.);
#915=FACE_OUTER_BOUND('',#1307,.T.);
#916=FACE_OUTER_BOUND('',#1308,.T.);
#917=FACE_OUTER_BOUND('',#1309,.T.);
#918=FACE_OUTER_BOUND('',#1310,.T.);
#919=FACE_OUTER_BOUND('',#1311,.T.);
#920=FACE_OUTER_BOUND('',#1312,.T.);
#921=FACE_OUTER_BOUND('',#1313,.T.);
#922=FACE_OUTER_BOUND('',#1314,.T.);
#923=FACE_OUTER_BOUND('',#1315,.T.);
#924=FACE_OUTER_BOUND('',#1316,.T.);
#925=FACE_OUTER_BOUND('',#1317,.T.);
#926=FACE_OUTER_BOUND('',#1318,.T.);
#927=FACE_OUTER_BOUND('',#1319,.T.);
#928=FACE_OUTER_BOUND('',#1320,.T.);
#929=FACE_OUTER_BOUND('',#1321,.T.);
#930=FACE_OUTER_BOUND('',#1322,.T.);
#931=FACE_OUTER_BOUND('',#1323,.T.);
#932=FACE_OUTER_BOUND('',#1324,.T.);
#933=FACE_OUTER_BOUND('',#1325,.T.);
#934=FACE_OUTER_BOUND('',#1326,.T.);
#935=FACE_OUTER_BOUND('',#1327,.T.);
#936=FACE_OUTER_BOUND('',#1328,.T.);
#937=FACE_OUTER_BOUND('',#1329,.T.);
#938=FACE_OUTER_BOUND('',#1331,.T.);
#939=FACE_OUTER_BOUND('',#1332,.T.);
#940=FACE_OUTER_BOUND('',#1333,.T.);
#941=FACE_OUTER_BOUND('',#1334,.T.);
#942=FACE_OUTER_BOUND('',#1335,.T.);
#943=FACE_OUTER_BOUND('',#1336,.T.);
#944=FACE_OUTER_BOUND('',#1337,.T.);
#945=FACE_OUTER_BOUND('',#1338,.T.);
#946=FACE_OUTER_BOUND('',#1339,.T.);
#947=FACE_OUTER_BOUND('',#1340,.T.);
#948=FACE_OUTER_BOUND('',#1341,.T.);
#949=FACE_OUTER_BOUND('',#1342,.T.);
#950=FACE_OUTER_BOUND('',#1343,.T.);
#951=FACE_OUTER_BOUND('',#1344,.T.);
#952=FACE_OUTER_BOUND('',#1345,.T.);
#953=FACE_OUTER_BOUND('',#1346,.T.);
#954=FACE_OUTER_BOUND('',#1347,.T.);
#955=FACE_OUTER_BOUND('',#1348,.T.);
#956=FACE_OUTER_BOUND('',#1349,.T.);
#957=FACE_OUTER_BOUND('',#1350,.T.);
#958=FACE_OUTER_BOUND('',#1351,.T.);
#959=FACE_OUTER_BOUND('',#1352,.T.);
#960=FACE_OUTER_BOUND('',#1353,.T.);
#961=FACE_OUTER_BOUND('',#1354,.T.);
#962=FACE_OUTER_BOUND('',#1355,.T.);
#963=FACE_OUTER_BOUND('',#1356,.T.);
#964=FACE_OUTER_BOUND('',#1357,.T.);
#965=FACE_OUTER_BOUND('',#1358,.T.);
#966=FACE_OUTER_BOUND('',#1359,.T.);
#967=FACE_OUTER_BOUND('',#1360,.T.);
#968=FACE_OUTER_BOUND('',#1361,.T.);
#969=FACE_OUTER_BOUND('',#1362,.T.);
#970=FACE_OUTER_BOUND('',#1363,.T.);
#971=FACE_OUTER_BOUND('',#1364,.T.);
#972=FACE_OUTER_BOUND('',#1365,.T.);
#973=FACE_OUTER_BOUND('',#1366,.T.);
#974=FACE_OUTER_BOUND('',#1367,.T.);
#975=FACE_OUTER_BOUND('',#1368,.T.);
#976=FACE_OUTER_BOUND('',#1370,.T.);
#977=FACE_OUTER_BOUND('',#1371,.T.);
#978=FACE_OUTER_BOUND('',#1372,.T.);
#979=FACE_OUTER_BOUND('',#1373,.T.);
#980=FACE_OUTER_BOUND('',#1374,.T.);
#981=FACE_OUTER_BOUND('',#1375,.T.);
#982=FACE_OUTER_BOUND('',#1376,.T.);
#983=FACE_OUTER_BOUND('',#1377,.T.);
#984=FACE_OUTER_BOUND('',#1378,.T.);
#985=FACE_OUTER_BOUND('',#1379,.T.);
#986=FACE_OUTER_BOUND('',#1380,.T.);
#987=FACE_OUTER_BOUND('',#1381,.T.);
#988=FACE_OUTER_BOUND('',#1382,.T.);
#989=FACE_OUTER_BOUND('',#1383,.T.);
#990=FACE_OUTER_BOUND('',#1384,.T.);
#991=FACE_OUTER_BOUND('',#1385,.T.);
#992=FACE_OUTER_BOUND('',#1386,.T.);
#993=FACE_OUTER_BOUND('',#1387,.T.);
#994=FACE_OUTER_BOUND('',#1388,.T.);
#995=FACE_OUTER_BOUND('',#1389,.T.);
#996=FACE_OUTER_BOUND('',#1390,.T.);
#997=FACE_OUTER_BOUND('',#1391,.T.);
#998=FACE_OUTER_BOUND('',#1392,.T.);
#999=FACE_OUTER_BOUND('',#1393,.T.);
#1000=FACE_OUTER_BOUND('',#1394,.T.);
#1001=FACE_OUTER_BOUND('',#1395,.T.);
#1002=FACE_OUTER_BOUND('',#1396,.T.);
#1003=FACE_OUTER_BOUND('',#1397,.T.);
#1004=FACE_OUTER_BOUND('',#1398,.T.);
#1005=FACE_OUTER_BOUND('',#1399,.T.);
#1006=FACE_OUTER_BOUND('',#1400,.T.);
#1007=FACE_OUTER_BOUND('',#1401,.T.);
#1008=FACE_OUTER_BOUND('',#1402,.T.);
#1009=FACE_OUTER_BOUND('',#1403,.T.);
#1010=FACE_OUTER_BOUND('',#1404,.T.);
#1011=FACE_OUTER_BOUND('',#1408,.T.);
#1012=FACE_OUTER_BOUND('',#1409,.T.);
#1013=FACE_OUTER_BOUND('',#1410,.T.);
#1014=FACE_OUTER_BOUND('',#1411,.T.);
#1015=FACE_OUTER_BOUND('',#1412,.T.);
#1016=FACE_OUTER_BOUND('',#1413,.T.);
#1017=FACE_OUTER_BOUND('',#1414,.T.);
#1018=FACE_OUTER_BOUND('',#1415,.T.);
#1019=FACE_OUTER_BOUND('',#1416,.T.);
#1020=FACE_OUTER_BOUND('',#1417,.T.);
#1021=FACE_OUTER_BOUND('',#1418,.T.);
#1022=FACE_OUTER_BOUND('',#1419,.T.);
#1023=FACE_OUTER_BOUND('',#1420,.T.);
#1024=FACE_OUTER_BOUND('',#1421,.T.);
#1025=FACE_OUTER_BOUND('',#1422,.T.);
#1026=FACE_OUTER_BOUND('',#1423,.T.);
#1027=FACE_OUTER_BOUND('',#1424,.T.);
#1028=FACE_OUTER_BOUND('',#1425,.T.);
#1029=FACE_OUTER_BOUND('',#1426,.T.);
#1030=FACE_OUTER_BOUND('',#1427,.T.);
#1031=FACE_OUTER_BOUND('',#1428,.T.);
#1032=FACE_OUTER_BOUND('',#1429,.T.);
#1033=FACE_OUTER_BOUND('',#1430,.T.);
#1034=FACE_OUTER_BOUND('',#1431,.T.);
#1035=FACE_OUTER_BOUND('',#1432,.T.);
#1036=FACE_OUTER_BOUND('',#1433,.T.);
#1037=FACE_OUTER_BOUND('',#1434,.T.);
#1038=FACE_OUTER_BOUND('',#1435,.T.);
#1039=FACE_OUTER_BOUND('',#1436,.T.);
#1040=FACE_OUTER_BOUND('',#1437,.T.);
#1041=FACE_OUTER_BOUND('',#1438,.T.);
#1042=FACE_OUTER_BOUND('',#1439,.T.);
#1043=FACE_OUTER_BOUND('',#1440,.T.);
#1044=FACE_OUTER_BOUND('',#1441,.T.);
#1045=FACE_OUTER_BOUND('',#1442,.T.);
#1046=FACE_OUTER_BOUND('',#1443,.T.);
#1047=FACE_OUTER_BOUND('',#1444,.T.);
#1048=FACE_OUTER_BOUND('',#1445,.T.);
#1049=FACE_OUTER_BOUND('',#1446,.T.);
#1050=FACE_OUTER_BOUND('',#1447,.T.);
#1051=FACE_OUTER_BOUND('',#1449,.T.);
#1052=FACE_OUTER_BOUND('',#1451,.T.);
#1053=FACE_OUTER_BOUND('',#1452,.T.);
#1054=FACE_OUTER_BOUND('',#1453,.T.);
#1055=FACE_OUTER_BOUND('',#1454,.T.);
#1056=FACE_OUTER_BOUND('',#1455,.T.);
#1057=FACE_OUTER_BOUND('',#1456,.T.);
#1058=FACE_OUTER_BOUND('',#1457,.T.);
#1059=FACE_OUTER_BOUND('',#1458,.T.);
#1060=FACE_OUTER_BOUND('',#1459,.T.);
#1061=FACE_OUTER_BOUND('',#1460,.T.);
#1062=FACE_OUTER_BOUND('',#1461,.T.);
#1063=FACE_OUTER_BOUND('',#1462,.T.);
#1064=FACE_OUTER_BOUND('',#1463,.T.);
#1065=FACE_OUTER_BOUND('',#1464,.T.);
#1066=FACE_OUTER_BOUND('',#1465,.T.);
#1067=FACE_OUTER_BOUND('',#1466,.T.);
#1068=FACE_OUTER_BOUND('',#1467,.T.);
#1069=FACE_OUTER_BOUND('',#1468,.T.);
#1070=FACE_OUTER_BOUND('',#1469,.T.);
#1071=FACE_OUTER_BOUND('',#1470,.T.);
#1072=FACE_OUTER_BOUND('',#1471,.T.);
#1073=FACE_OUTER_BOUND('',#1472,.T.);
#1074=FACE_OUTER_BOUND('',#1473,.T.);
#1075=FACE_OUTER_BOUND('',#1474,.T.);
#1076=FACE_OUTER_BOUND('',#1475,.T.);
#1077=FACE_OUTER_BOUND('',#1476,.T.);
#1078=FACE_OUTER_BOUND('',#1478,.T.);
#1079=FACE_OUTER_BOUND('',#1480,.T.);
#1080=FACE_OUTER_BOUND('',#1481,.T.);
#1081=FACE_OUTER_BOUND('',#1482,.T.);
#1082=FACE_OUTER_BOUND('',#1483,.T.);
#1083=FACE_OUTER_BOUND('',#1484,.T.);
#1084=FACE_OUTER_BOUND('',#1485,.T.);
#1085=FACE_OUTER_BOUND('',#1486,.T.);
#1086=FACE_OUTER_BOUND('',#1487,.T.);
#1087=FACE_OUTER_BOUND('',#1488,.T.);
#1088=FACE_OUTER_BOUND('',#1489,.T.);
#1089=FACE_OUTER_BOUND('',#1490,.T.);
#1090=FACE_OUTER_BOUND('',#1491,.T.);
#1091=FACE_OUTER_BOUND('',#1492,.T.);
#1092=FACE_OUTER_BOUND('',#1493,.T.);
#1093=FACE_OUTER_BOUND('',#1494,.T.);
#1094=FACE_OUTER_BOUND('',#1495,.T.);
#1095=FACE_OUTER_BOUND('',#1496,.T.);
#1096=FACE_OUTER_BOUND('',#1497,.T.);
#1097=FACE_OUTER_BOUND('',#1498,.T.);
#1098=FACE_OUTER_BOUND('',#1499,.T.);
#1099=FACE_OUTER_BOUND('',#1500,.T.);
#1100=FACE_OUTER_BOUND('',#1501,.T.);
#1101=FACE_OUTER_BOUND('',#1502,.T.);
#1102=FACE_OUTER_BOUND('',#1503,.T.);
#1103=FACE_OUTER_BOUND('',#1504,.T.);
#1104=FACE_OUTER_BOUND('',#1505,.T.);
#1105=FACE_OUTER_BOUND('',#1506,.T.);
#1106=FACE_OUTER_BOUND('',#1507,.T.);
#1107=FACE_OUTER_BOUND('',#1508,.T.);
#1108=FACE_OUTER_BOUND('',#1509,.T.);
#1109=FACE_OUTER_BOUND('',#1510,.T.);
#1110=FACE_OUTER_BOUND('',#1511,.T.);
#1111=FACE_OUTER_BOUND('',#1512,.T.);
#1112=FACE_OUTER_BOUND('',#1513,.T.);
#1113=FACE_OUTER_BOUND('',#1514,.T.);
#1114=FACE_OUTER_BOUND('',#1515,.T.);
#1115=FACE_OUTER_BOUND('',#1516,.T.);
#1116=FACE_OUTER_BOUND('',#1517,.T.);
#1117=FACE_OUTER_BOUND('',#1518,.T.);
#1118=FACE_OUTER_BOUND('',#1519,.T.);
#1119=FACE_OUTER_BOUND('',#1520,.T.);
#1120=FACE_OUTER_BOUND('',#1521,.T.);
#1121=FACE_OUTER_BOUND('',#1522,.T.);
#1122=FACE_OUTER_BOUND('',#1523,.T.);
#1123=FACE_OUTER_BOUND('',#1524,.T.);
#1124=FACE_OUTER_BOUND('',#1525,.T.);
#1125=FACE_OUTER_BOUND('',#1526,.T.);
#1126=FACE_OUTER_BOUND('',#1527,.T.);
#1127=FACE_OUTER_BOUND('',#1528,.T.);
#1128=FACE_OUTER_BOUND('',#1529,.T.);
#1129=FACE_OUTER_BOUND('',#1530,.T.);
#1130=FACE_OUTER_BOUND('',#1531,.T.);
#1131=FACE_OUTER_BOUND('',#1532,.T.);
#1132=FACE_OUTER_BOUND('',#1533,.T.);
#1133=FACE_OUTER_BOUND('',#1534,.T.);
#1134=FACE_OUTER_BOUND('',#1535,.T.);
#1135=FACE_OUTER_BOUND('',#1536,.T.);
#1136=FACE_OUTER_BOUND('',#1538,.T.);
#1137=FACE_OUTER_BOUND('',#1539,.T.);
#1138=FACE_OUTER_BOUND('',#1540,.T.);
#1139=FACE_OUTER_BOUND('',#1541,.T.);
#1140=FACE_OUTER_BOUND('',#1565,.T.);
#1141=FACE_OUTER_BOUND('',#1567,.T.);
#1142=FACE_OUTER_BOUND('',#1568,.T.);
#1143=FACE_OUTER_BOUND('',#1569,.T.);
#1144=FACE_OUTER_BOUND('',#1570,.T.);
#1145=FACE_OUTER_BOUND('',#1571,.T.);
#1146=FACE_OUTER_BOUND('',#1572,.T.);
#1147=FACE_OUTER_BOUND('',#1573,.T.);
#1148=FACE_OUTER_BOUND('',#1574,.T.);
#1149=FACE_OUTER_BOUND('',#1575,.T.);
#1150=FACE_OUTER_BOUND('',#1576,.T.);
#1151=FACE_OUTER_BOUND('',#1577,.T.);
#1152=FACE_OUTER_BOUND('',#1578,.T.);
#1153=FACE_OUTER_BOUND('',#1579,.T.);
#1154=FACE_OUTER_BOUND('',#1580,.T.);
#1155=FACE_OUTER_BOUND('',#1581,.T.);
#1156=FACE_OUTER_BOUND('',#1582,.T.);
#1157=FACE_OUTER_BOUND('',#1583,.T.);
#1158=FACE_OUTER_BOUND('',#1584,.T.);
#1159=FACE_OUTER_BOUND('',#1585,.T.);
#1160=FACE_OUTER_BOUND('',#1586,.T.);
#1161=FACE_OUTER_BOUND('',#1587,.T.);
#1162=FACE_OUTER_BOUND('',#1588,.T.);
#1163=FACE_OUTER_BOUND('',#1589,.T.);
#1164=FACE_OUTER_BOUND('',#1590,.T.);
#1165=FACE_OUTER_BOUND('',#1591,.T.);
#1166=FACE_OUTER_BOUND('',#1592,.T.);
#1167=FACE_OUTER_BOUND('',#1593,.T.);
#1168=FACE_OUTER_BOUND('',#1594,.T.);
#1169=FACE_OUTER_BOUND('',#1595,.T.);
#1170=FACE_OUTER_BOUND('',#1596,.T.);
#1171=FACE_OUTER_BOUND('',#1597,.T.);
#1172=FACE_OUTER_BOUND('',#1598,.T.);
#1173=FACE_OUTER_BOUND('',#1599,.T.);
#1174=FACE_OUTER_BOUND('',#1600,.T.);
#1175=FACE_OUTER_BOUND('',#1601,.T.);
#1176=FACE_OUTER_BOUND('',#1602,.T.);
#1177=FACE_OUTER_BOUND('',#1603,.T.);
#1178=FACE_OUTER_BOUND('',#1604,.T.);
#1179=FACE_OUTER_BOUND('',#1605,.T.);
#1180=FACE_OUTER_BOUND('',#1606,.T.);
#1181=FACE_OUTER_BOUND('',#1607,.T.);
#1182=FACE_OUTER_BOUND('',#1608,.T.);
#1183=FACE_OUTER_BOUND('',#1609,.T.);
#1184=FACE_OUTER_BOUND('',#1610,.T.);
#1185=FACE_OUTER_BOUND('',#1611,.T.);
#1186=FACE_OUTER_BOUND('',#1612,.T.);
#1187=FACE_OUTER_BOUND('',#1613,.T.);
#1188=FACE_OUTER_BOUND('',#1614,.T.);
#1189=FACE_OUTER_BOUND('',#1615,.T.);
#1190=FACE_OUTER_BOUND('',#1616,.T.);
#1191=FACE_OUTER_BOUND('',#1617,.T.);
#1192=FACE_OUTER_BOUND('',#1618,.T.);
#1193=FACE_OUTER_BOUND('',#1619,.T.);
#1194=FACE_OUTER_BOUND('',#1620,.T.);
#1195=FACE_OUTER_BOUND('',#1621,.T.);
#1196=FACE_OUTER_BOUND('',#1622,.T.);
#1197=FACE_OUTER_BOUND('',#1623,.T.);
#1198=FACE_OUTER_BOUND('',#1624,.T.);
#1199=FACE_OUTER_BOUND('',#1625,.T.);
#1200=FACE_OUTER_BOUND('',#1626,.T.);
#1201=FACE_OUTER_BOUND('',#1627,.T.);
#1202=FACE_OUTER_BOUND('',#1628,.T.);
#1203=FACE_OUTER_BOUND('',#1629,.T.);
#1204=FACE_OUTER_BOUND('',#1630,.T.);
#1205=FACE_OUTER_BOUND('',#1631,.T.);
#1206=FACE_OUTER_BOUND('',#1632,.T.);
#1207=FACE_OUTER_BOUND('',#1633,.T.);
#1208=FACE_OUTER_BOUND('',#1634,.T.);
#1209=FACE_OUTER_BOUND('',#1635,.T.);
#1210=FACE_OUTER_BOUND('',#1636,.T.);
#1211=FACE_OUTER_BOUND('',#1637,.T.);
#1212=FACE_OUTER_BOUND('',#1638,.T.);
#1213=FACE_OUTER_BOUND('',#1639,.T.);
#1214=FACE_OUTER_BOUND('',#1640,.T.);
#1215=FACE_OUTER_BOUND('',#1641,.T.);
#1216=FACE_OUTER_BOUND('',#1642,.T.);
#1217=FACE_OUTER_BOUND('',#1643,.T.);
#1218=FACE_OUTER_BOUND('',#1644,.T.);
#1219=FACE_OUTER_BOUND('',#1645,.T.);
#1220=FACE_OUTER_BOUND('',#1646,.T.);
#1221=FACE_OUTER_BOUND('',#1647,.T.);
#1222=FACE_OUTER_BOUND('',#1648,.T.);
#1223=FACE_OUTER_BOUND('',#1649,.T.);
#1224=FACE_OUTER_BOUND('',#1650,.T.);
#1225=FACE_OUTER_BOUND('',#1651,.T.);
#1226=FACE_OUTER_BOUND('',#1652,.T.);
#1227=FACE_OUTER_BOUND('',#1653,.T.);
#1228=FACE_OUTER_BOUND('',#1654,.T.);
#1229=FACE_OUTER_BOUND('',#1655,.T.);
#1230=FACE_OUTER_BOUND('',#1656,.T.);
#1231=FACE_OUTER_BOUND('',#1657,.T.);
#1232=FACE_OUTER_BOUND('',#1658,.T.);
#1233=FACE_OUTER_BOUND('',#1659,.T.);
#1234=FACE_OUTER_BOUND('',#1660,.T.);
#1235=FACE_OUTER_BOUND('',#1661,.T.);
#1236=FACE_OUTER_BOUND('',#1662,.T.);
#1237=FACE_OUTER_BOUND('',#1663,.T.);
#1238=FACE_OUTER_BOUND('',#1664,.T.);
#1239=FACE_OUTER_BOUND('',#1665,.T.);
#1240=FACE_OUTER_BOUND('',#1666,.T.);
#1241=FACE_OUTER_BOUND('',#1667,.T.);
#1242=FACE_OUTER_BOUND('',#1668,.T.);
#1243=FACE_OUTER_BOUND('',#1669,.T.);
#1244=FACE_OUTER_BOUND('',#1670,.T.);
#1245=FACE_OUTER_BOUND('',#1671,.T.);
#1246=FACE_OUTER_BOUND('',#1672,.T.);
#1247=FACE_OUTER_BOUND('',#1673,.T.);
#1248=FACE_OUTER_BOUND('',#1674,.T.);
#1249=FACE_OUTER_BOUND('',#1675,.T.);
#1250=FACE_OUTER_BOUND('',#1676,.T.);
#1251=FACE_OUTER_BOUND('',#1677,.T.);
#1252=FACE_OUTER_BOUND('',#1678,.T.);
#1253=FACE_OUTER_BOUND('',#1679,.T.);
#1254=FACE_OUTER_BOUND('',#1680,.T.);
#1255=FACE_OUTER_BOUND('',#1681,.T.);
#1256=FACE_OUTER_BOUND('',#1682,.T.);
#1257=EDGE_LOOP('',(#4009,#4010,#4011,#4012));
#1258=EDGE_LOOP('',(#4013,#4014,#4015,#4016));
#1259=EDGE_LOOP('',(#4017,#4018,#4019,#4020));
#1260=EDGE_LOOP('',(#4021,#4022,#4023,#4024));
#1261=EDGE_LOOP('',(#4025,#4026,#4027,#4028));
#1262=EDGE_LOOP('',(#4029,#4030,#4031,#4032));
#1263=EDGE_LOOP('',(#4033,#4034,#4035,#4036));
#1264=EDGE_LOOP('',(#4037,#4038,#4039,#4040));
#1265=EDGE_LOOP('',(#4041,#4042,#4043,#4044));
#1266=EDGE_LOOP('',(#4045,#4046,#4047,#4048));
#1267=EDGE_LOOP('',(#4049,#4050,#4051,#4052));
#1268=EDGE_LOOP('',(#4053,#4054,#4055,#4056));
#1269=EDGE_LOOP('',(#4057,#4058,#4059,#4060));
#1270=EDGE_LOOP('',(#4061,#4062,#4063,#4064));
#1271=EDGE_LOOP('',(#4065,#4066,#4067,#4068));
#1272=EDGE_LOOP('',(#4069,#4070,#4071,#4072));
#1273=EDGE_LOOP('',(#4073,#4074,#4075,#4076));
#1274=EDGE_LOOP('',(#4077));
#1275=EDGE_LOOP('',(#4078,#4079,#4080,#4081));
#1276=EDGE_LOOP('',(#4082,#4083,#4084,#4085));
#1277=EDGE_LOOP('',(#4086));
#1278=EDGE_LOOP('',(#4087,#4088,#4089,#4090));
#1279=EDGE_LOOP('',(#4091,#4092,#4093,#4094));
#1280=EDGE_LOOP('',(#4095));
#1281=EDGE_LOOP('',(#4096));
#1282=EDGE_LOOP('',(#4097));
#1283=EDGE_LOOP('',(#4098));
#1284=EDGE_LOOP('',(#4099,#4100,#4101,#4102));
#1285=EDGE_LOOP('',(#4103));
#1286=EDGE_LOOP('',(#4104));
#1287=EDGE_LOOP('',(#4105,#4106,#4107,#4108));
#1288=EDGE_LOOP('',(#4109,#4110,#4111,#4112,#4113));
#1289=EDGE_LOOP('',(#4114,#4115,#4116,#4117,#4118));
#1290=EDGE_LOOP('',(#4119));
#1291=EDGE_LOOP('',(#4120));
#1292=EDGE_LOOP('',(#4121,#4122,#4123,#4124));
#1293=EDGE_LOOP('',(#4125,#4126,#4127,#4128));
#1294=EDGE_LOOP('',(#4129));
#1295=EDGE_LOOP('',(#4130));
#1296=EDGE_LOOP('',(#4131));
#1297=EDGE_LOOP('',(#4132));
#1298=EDGE_LOOP('',(#4133,#4134,#4135,#4136));
#1299=EDGE_LOOP('',(#4137,#4138,#4139,#4140));
#1300=EDGE_LOOP('',(#4141));
#1301=EDGE_LOOP('',(#4142));
#1302=EDGE_LOOP('',(#4143));
#1303=EDGE_LOOP('',(#4144));
#1304=EDGE_LOOP('',(#4145,#4146,#4147,#4148));
#1305=EDGE_LOOP('',(#4149,#4150,#4151,#4152));
#1306=EDGE_LOOP('',(#4153,#4154,#4155,#4156));
#1307=EDGE_LOOP('',(#4157,#4158,#4159,#4160));
#1308=EDGE_LOOP('',(#4161,#4162,#4163,#4164));
#1309=EDGE_LOOP('',(#4165,#4166,#4167,#4168));
#1310=EDGE_LOOP('',(#4169,#4170,#4171,#4172));
#1311=EDGE_LOOP('',(#4173,#4174,#4175,#4176));
#1312=EDGE_LOOP('',(#4177,#4178,#4179,#4180));
#1313=EDGE_LOOP('',(#4181,#4182,#4183,#4184));
#1314=EDGE_LOOP('',(#4185,#4186,#4187,#4188));
#1315=EDGE_LOOP('',(#4189,#4190,#4191,#4192));
#1316=EDGE_LOOP('',(#4193,#4194,#4195,#4196));
#1317=EDGE_LOOP('',(#4197,#4198,#4199,#4200));
#1318=EDGE_LOOP('',(#4201,#4202,#4203,#4204));
#1319=EDGE_LOOP('',(#4205,#4206,#4207,#4208));
#1320=EDGE_LOOP('',(#4209,#4210,#4211,#4212));
#1321=EDGE_LOOP('',(#4213,#4214,#4215,#4216));
#1322=EDGE_LOOP('',(#4217,#4218,#4219,#4220));
#1323=EDGE_LOOP('',(#4221,#4222,#4223,#4224));
#1324=EDGE_LOOP('',(#4225,#4226,#4227,#4228));
#1325=EDGE_LOOP('',(#4229,#4230,#4231,#4232));
#1326=EDGE_LOOP('',(#4233,#4234,#4235,#4236));
#1327=EDGE_LOOP('',(#4237,#4238,#4239,#4240));
#1328=EDGE_LOOP('',(#4241,#4242,#4243,#4244));
#1329=EDGE_LOOP('',(#4245,#4246,#4247,#4248,#4249,#4250,#4251,#4252,#4253,
#4254,#4255,#4256,#4257,#4258,#4259,#4260,#4261,#4262,#4263,#4264,#4265));
#1330=EDGE_LOOP('',(#4266,#4267,#4268,#4269));
#1331=EDGE_LOOP('',(#4270,#4271,#4272,#4273));
#1332=EDGE_LOOP('',(#4274,#4275,#4276,#4277));
#1333=EDGE_LOOP('',(#4278,#4279,#4280,#4281));
#1334=EDGE_LOOP('',(#4282,#4283,#4284,#4285));
#1335=EDGE_LOOP('',(#4286,#4287,#4288,#4289));
#1336=EDGE_LOOP('',(#4290,#4291,#4292,#4293));
#1337=EDGE_LOOP('',(#4294,#4295,#4296,#4297));
#1338=EDGE_LOOP('',(#4298,#4299,#4300,#4301));
#1339=EDGE_LOOP('',(#4302,#4303,#4304,#4305));
#1340=EDGE_LOOP('',(#4306,#4307,#4308,#4309));
#1341=EDGE_LOOP('',(#4310,#4311,#4312,#4313));
#1342=EDGE_LOOP('',(#4314,#4315,#4316,#4317));
#1343=EDGE_LOOP('',(#4318,#4319,#4320,#4321));
#1344=EDGE_LOOP('',(#4322,#4323,#4324,#4325));
#1345=EDGE_LOOP('',(#4326,#4327,#4328,#4329));
#1346=EDGE_LOOP('',(#4330,#4331,#4332,#4333));
#1347=EDGE_LOOP('',(#4334,#4335,#4336,#4337));
#1348=EDGE_LOOP('',(#4338,#4339,#4340,#4341));
#1349=EDGE_LOOP('',(#4342,#4343,#4344,#4345));
#1350=EDGE_LOOP('',(#4346,#4347,#4348,#4349));
#1351=EDGE_LOOP('',(#4350,#4351,#4352,#4353));
#1352=EDGE_LOOP('',(#4354,#4355,#4356,#4357));
#1353=EDGE_LOOP('',(#4358,#4359,#4360,#4361));
#1354=EDGE_LOOP('',(#4362,#4363,#4364,#4365));
#1355=EDGE_LOOP('',(#4366,#4367,#4368,#4369));
#1356=EDGE_LOOP('',(#4370,#4371,#4372,#4373));
#1357=EDGE_LOOP('',(#4374,#4375,#4376,#4377));
#1358=EDGE_LOOP('',(#4378,#4379,#4380,#4381));
#1359=EDGE_LOOP('',(#4382,#4383,#4384,#4385));
#1360=EDGE_LOOP('',(#4386,#4387,#4388,#4389));
#1361=EDGE_LOOP('',(#4390,#4391,#4392,#4393));
#1362=EDGE_LOOP('',(#4394,#4395,#4396,#4397));
#1363=EDGE_LOOP('',(#4398,#4399,#4400,#4401));
#1364=EDGE_LOOP('',(#4402,#4403,#4404,#4405));
#1365=EDGE_LOOP('',(#4406,#4407,#4408,#4409));
#1366=EDGE_LOOP('',(#4410,#4411,#4412,#4413));
#1367=EDGE_LOOP('',(#4414,#4415,#4416,#4417));
#1368=EDGE_LOOP('',(#4418,#4419,#4420,#4421,#4422,#4423,#4424,#4425,#4426,
#4427,#4428,#4429,#4430,#4431,#4432,#4433));
#1369=EDGE_LOOP('',(#4434,#4435,#4436,#4437,#4438,#4439,#4440,#4441,#4442,
#4443,#4444,#4445,#4446,#4447,#4448,#4449,#4450,#4451,#4452,#4453,#4454));
#1370=EDGE_LOOP('',(#4455,#4456,#4457,#4458));
#1371=EDGE_LOOP('',(#4459,#4460,#4461,#4462));
#1372=EDGE_LOOP('',(#4463,#4464,#4465,#4466));
#1373=EDGE_LOOP('',(#4467,#4468,#4469,#4470));
#1374=EDGE_LOOP('',(#4471,#4472,#4473,#4474));
#1375=EDGE_LOOP('',(#4475,#4476,#4477,#4478));
#1376=EDGE_LOOP('',(#4479,#4480,#4481,#4482));
#1377=EDGE_LOOP('',(#4483,#4484,#4485,#4486));
#1378=EDGE_LOOP('',(#4487,#4488,#4489,#4490));
#1379=EDGE_LOOP('',(#4491,#4492,#4493,#4494));
#1380=EDGE_LOOP('',(#4495,#4496,#4497,#4498));
#1381=EDGE_LOOP('',(#4499,#4500,#4501,#4502));
#1382=EDGE_LOOP('',(#4503,#4504,#4505,#4506));
#1383=EDGE_LOOP('',(#4507,#4508,#4509,#4510));
#1384=EDGE_LOOP('',(#4511,#4512,#4513,#4514));
#1385=EDGE_LOOP('',(#4515,#4516,#4517,#4518));
#1386=EDGE_LOOP('',(#4519,#4520,#4521,#4522));
#1387=EDGE_LOOP('',(#4523,#4524,#4525,#4526));
#1388=EDGE_LOOP('',(#4527,#4528,#4529,#4530));
#1389=EDGE_LOOP('',(#4531,#4532,#4533,#4534));
#1390=EDGE_LOOP('',(#4535,#4536,#4537,#4538));
#1391=EDGE_LOOP('',(#4539,#4540,#4541,#4542));
#1392=EDGE_LOOP('',(#4543,#4544,#4545,#4546));
#1393=EDGE_LOOP('',(#4547,#4548,#4549,#4550));
#1394=EDGE_LOOP('',(#4551,#4552,#4553,#4554));
#1395=EDGE_LOOP('',(#4555,#4556,#4557,#4558));
#1396=EDGE_LOOP('',(#4559,#4560,#4561,#4562));
#1397=EDGE_LOOP('',(#4563,#4564,#4565,#4566));
#1398=EDGE_LOOP('',(#4567,#4568,#4569,#4570));
#1399=EDGE_LOOP('',(#4571,#4572,#4573,#4574));
#1400=EDGE_LOOP('',(#4575,#4576,#4577,#4578,#4579,#4580,#4581,#4582,#4583,
#4584,#4585,#4586,#4587,#4588,#4589,#4590,#4591,#4592,#4593,#4594,#4595,
#4596,#4597,#4598,#4599,#4600,#4601,#4602,#4603,#4604));
#1401=EDGE_LOOP('',(#4605,#4606,#4607,#4608,#4609,#4610,#4611,#4612,#4613,
#4614,#4615,#4616,#4617,#4618,#4619,#4620,#4621,#4622,#4623,#4624,#4625));
#1402=EDGE_LOOP('',(#4626,#4627,#4628,#4629));
#1403=EDGE_LOOP('',(#4630,#4631,#4632,#4633));
#1404=EDGE_LOOP('',(#4634));
#1405=EDGE_LOOP('',(#4635,#4636,#4637,#4638,#4639,#4640,#4641,#4642,#4643,
#4644,#4645,#4646,#4647,#4648,#4649,#4650,#4651,#4652,#4653,#4654,#4655,
#4656,#4657,#4658,#4659,#4660,#4661,#4662,#4663,#4664));
#1406=EDGE_LOOP('',(#4665,#4666,#4667,#4668,#4669,#4670,#4671,#4672,#4673,
#4674,#4675,#4676,#4677,#4678,#4679,#4680));
#1407=EDGE_LOOP('',(#4681,#4682,#4683,#4684,#4685,#4686,#4687,#4688,#4689,
#4690,#4691,#4692,#4693,#4694,#4695,#4696,#4697,#4698,#4699,#4700,#4701));
#1408=EDGE_LOOP('',(#4702,#4703,#4704,#4705));
#1409=EDGE_LOOP('',(#4706));
#1410=EDGE_LOOP('',(#4707,#4708,#4709,#4710));
#1411=EDGE_LOOP('',(#4711,#4712,#4713,#4714));
#1412=EDGE_LOOP('',(#4715,#4716,#4717,#4718));
#1413=EDGE_LOOP('',(#4719,#4720,#4721,#4722));
#1414=EDGE_LOOP('',(#4723,#4724,#4725,#4726));
#1415=EDGE_LOOP('',(#4727,#4728,#4729,#4730));
#1416=EDGE_LOOP('',(#4731,#4732,#4733,#4734));
#1417=EDGE_LOOP('',(#4735,#4736,#4737,#4738));
#1418=EDGE_LOOP('',(#4739,#4740,#4741,#4742));
#1419=EDGE_LOOP('',(#4743,#4744,#4745,#4746));
#1420=EDGE_LOOP('',(#4747,#4748,#4749,#4750));
#1421=EDGE_LOOP('',(#4751,#4752,#4753,#4754));
#1422=EDGE_LOOP('',(#4755,#4756,#4757,#4758));
#1423=EDGE_LOOP('',(#4759,#4760,#4761,#4762));
#1424=EDGE_LOOP('',(#4763,#4764,#4765,#4766));
#1425=EDGE_LOOP('',(#4767,#4768,#4769,#4770));
#1426=EDGE_LOOP('',(#4771,#4772,#4773,#4774));
#1427=EDGE_LOOP('',(#4775,#4776,#4777,#4778));
#1428=EDGE_LOOP('',(#4779,#4780,#4781,#4782));
#1429=EDGE_LOOP('',(#4783,#4784,#4785,#4786));
#1430=EDGE_LOOP('',(#4787,#4788,#4789,#4790));
#1431=EDGE_LOOP('',(#4791,#4792,#4793,#4794));
#1432=EDGE_LOOP('',(#4795,#4796,#4797,#4798));
#1433=EDGE_LOOP('',(#4799,#4800,#4801,#4802));
#1434=EDGE_LOOP('',(#4803,#4804,#4805,#4806));
#1435=EDGE_LOOP('',(#4807,#4808,#4809,#4810));
#1436=EDGE_LOOP('',(#4811,#4812,#4813,#4814));
#1437=EDGE_LOOP('',(#4815,#4816,#4817,#4818));
#1438=EDGE_LOOP('',(#4819,#4820,#4821,#4822));
#1439=EDGE_LOOP('',(#4823,#4824,#4825,#4826));
#1440=EDGE_LOOP('',(#4827,#4828,#4829,#4830));
#1441=EDGE_LOOP('',(#4831,#4832,#4833,#4834));
#1442=EDGE_LOOP('',(#4835,#4836,#4837,#4838));
#1443=EDGE_LOOP('',(#4839,#4840,#4841,#4842));
#1444=EDGE_LOOP('',(#4843,#4844,#4845,#4846));
#1445=EDGE_LOOP('',(#4847,#4848,#4849,#4850));
#1446=EDGE_LOOP('',(#4851,#4852,#4853,#4854));
#1447=EDGE_LOOP('',(#4855,#4856,#4857,#4858,#4859,#4860,#4861,#4862,#4863,
#4864,#4865,#4866,#4867,#4868,#4869,#4870));
#1448=EDGE_LOOP('',(#4871,#4872,#4873,#4874,#4875,#4876,#4877,#4878,#4879,
#4880,#4881,#4882,#4883,#4884,#4885,#4886,#4887,#4888,#4889,#4890,#4891));
#1449=EDGE_LOOP('',(#4892,#4893,#4894,#4895,#4896,#4897,#4898,#4899,#4900,
#4901,#4902,#4903,#4904,#4905,#4906,#4907));
#1450=EDGE_LOOP('',(#4908,#4909,#4910,#4911,#4912,#4913,#4914,#4915,#4916,
#4917,#4918,#4919,#4920,#4921,#4922,#4923,#4924,#4925,#4926,#4927,#4928));
#1451=EDGE_LOOP('',(#4929,#4930,#4931,#4932));
#1452=EDGE_LOOP('',(#4933,#4934,#4935,#4936));
#1453=EDGE_LOOP('',(#4937,#4938,#4939,#4940));
#1454=EDGE_LOOP('',(#4941,#4942,#4943,#4944));
#1455=EDGE_LOOP('',(#4945,#4946,#4947,#4948));
#1456=EDGE_LOOP('',(#4949,#4950,#4951,#4952));
#1457=EDGE_LOOP('',(#4953,#4954,#4955,#4956));
#1458=EDGE_LOOP('',(#4957,#4958,#4959,#4960));
#1459=EDGE_LOOP('',(#4961,#4962,#4963,#4964));
#1460=EDGE_LOOP('',(#4965,#4966,#4967,#4968));
#1461=EDGE_LOOP('',(#4969,#4970,#4971,#4972));
#1462=EDGE_LOOP('',(#4973,#4974,#4975,#4976));
#1463=EDGE_LOOP('',(#4977,#4978,#4979,#4980));
#1464=EDGE_LOOP('',(#4981,#4982,#4983,#4984));
#1465=EDGE_LOOP('',(#4985,#4986,#4987,#4988));
#1466=EDGE_LOOP('',(#4989,#4990,#4991,#4992));
#1467=EDGE_LOOP('',(#4993,#4994,#4995,#4996));
#1468=EDGE_LOOP('',(#4997,#4998,#4999,#5000));
#1469=EDGE_LOOP('',(#5001,#5002,#5003,#5004));
#1470=EDGE_LOOP('',(#5005,#5006,#5007,#5008));
#1471=EDGE_LOOP('',(#5009,#5010,#5011,#5012));
#1472=EDGE_LOOP('',(#5013,#5014,#5015,#5016));
#1473=EDGE_LOOP('',(#5017,#5018,#5019,#5020));
#1474=EDGE_LOOP('',(#5021,#5022,#5023,#5024));
#1475=EDGE_LOOP('',(#5025,#5026,#5027,#5028));
#1476=EDGE_LOOP('',(#5029,#5030,#5031,#5032,#5033,#5034,#5035,#5036,#5037,
#5038,#5039,#5040,#5041,#5042,#5043,#5044,#5045,#5046,#5047,#5048,#5049));
#1477=EDGE_LOOP('',(#5050,#5051,#5052,#5053));
#1478=EDGE_LOOP('',(#5054,#5055,#5056,#5057,#5058,#5059,#5060,#5061,#5062,
#5063,#5064,#5065,#5066,#5067,#5068,#5069,#5070,#5071,#5072,#5073,#5074));
#1479=EDGE_LOOP('',(#5075,#5076,#5077,#5078));
#1480=EDGE_LOOP('',(#5079,#5080,#5081,#5082));
#1481=EDGE_LOOP('',(#5083,#5084,#5085,#5086));
#1482=EDGE_LOOP('',(#5087,#5088,#5089,#5090));
#1483=EDGE_LOOP('',(#5091,#5092,#5093,#5094));
#1484=EDGE_LOOP('',(#5095,#5096,#5097,#5098));
#1485=EDGE_LOOP('',(#5099,#5100,#5101,#5102));
#1486=EDGE_LOOP('',(#5103,#5104,#5105,#5106));
#1487=EDGE_LOOP('',(#5107,#5108,#5109,#5110));
#1488=EDGE_LOOP('',(#5111,#5112,#5113,#5114));
#1489=EDGE_LOOP('',(#5115,#5116,#5117,#5118));
#1490=EDGE_LOOP('',(#5119,#5120,#5121,#5122));
#1491=EDGE_LOOP('',(#5123,#5124,#5125,#5126));
#1492=EDGE_LOOP('',(#5127,#5128,#5129,#5130));
#1493=EDGE_LOOP('',(#5131,#5132,#5133,#5134));
#1494=EDGE_LOOP('',(#5135,#5136,#5137,#5138));
#1495=EDGE_LOOP('',(#5139,#5140,#5141,#5142));
#1496=EDGE_LOOP('',(#5143,#5144,#5145,#5146));
#1497=EDGE_LOOP('',(#5147,#5148,#5149,#5150));
#1498=EDGE_LOOP('',(#5151,#5152,#5153,#5154));
#1499=EDGE_LOOP('',(#5155,#5156,#5157,#5158));
#1500=EDGE_LOOP('',(#5159,#5160,#5161,#5162));
#1501=EDGE_LOOP('',(#5163,#5164,#5165,#5166));
#1502=EDGE_LOOP('',(#5167,#5168,#5169,#5170));
#1503=EDGE_LOOP('',(#5171,#5172,#5173,#5174));
#1504=EDGE_LOOP('',(#5175,#5176,#5177,#5178));
#1505=EDGE_LOOP('',(#5179,#5180,#5181,#5182));
#1506=EDGE_LOOP('',(#5183,#5184,#5185,#5186));
#1507=EDGE_LOOP('',(#5187,#5188,#5189,#5190));
#1508=EDGE_LOOP('',(#5191,#5192,#5193,#5194));
#1509=EDGE_LOOP('',(#5195,#5196,#5197,#5198));
#1510=EDGE_LOOP('',(#5199,#5200,#5201,#5202,#5203,#5204,#5205,#5206,#5207,
#5208,#5209,#5210,#5211,#5212,#5213,#5214,#5215,#5216,#5217,#5218,#5219,
#5220,#5221,#5222,#5223,#5224,#5225,#5226,#5227,#5228));
#1511=EDGE_LOOP('',(#5229,#5230,#5231,#5232,#5233,#5234,#5235,#5236,#5237,
#5238,#5239,#5240,#5241,#5242,#5243,#5244,#5245,#5246,#5247,#5248,#5249,
#5250,#5251,#5252,#5253,#5254,#5255,#5256,#5257,#5258));
#1512=EDGE_LOOP('',(#5259));
#1513=EDGE_LOOP('',(#5260));
#1514=EDGE_LOOP('',(#5261));
#1515=EDGE_LOOP('',(#5262));
#1516=EDGE_LOOP('',(#5263));
#1517=EDGE_LOOP('',(#5264));
#1518=EDGE_LOOP('',(#5265));
#1519=EDGE_LOOP('',(#5266));
#1520=EDGE_LOOP('',(#5267));
#1521=EDGE_LOOP('',(#5268));
#1522=EDGE_LOOP('',(#5269));
#1523=EDGE_LOOP('',(#5270));
#1524=EDGE_LOOP('',(#5271,#5272,#5273));
#1525=EDGE_LOOP('',(#5274));
#1526=EDGE_LOOP('',(#5275));
#1527=EDGE_LOOP('',(#5276));
#1528=EDGE_LOOP('',(#5277));
#1529=EDGE_LOOP('',(#5278));
#1530=EDGE_LOOP('',(#5279));
#1531=EDGE_LOOP('',(#5280));
#1532=EDGE_LOOP('',(#5281));
#1533=EDGE_LOOP('',(#5282));
#1534=EDGE_LOOP('',(#5283));
#1535=EDGE_LOOP('',(#5284));
#1536=EDGE_LOOP('',(#5285));
#1537=EDGE_LOOP('',(#5286));
#1538=EDGE_LOOP('',(#5287,#5288,#5289,#5290));
#1539=EDGE_LOOP('',(#5291,#5292,#5293));
#1540=EDGE_LOOP('',(#5294,#5295,#5296));
#1541=EDGE_LOOP('',(#5297,#5298,#5299,#5300,#5301,#5302,#5303,#5304,#5305));
#1542=EDGE_LOOP('',(#5306));
#1543=EDGE_LOOP('',(#5307));
#1544=EDGE_LOOP('',(#5308));
#1545=EDGE_LOOP('',(#5309));
#1546=EDGE_LOOP('',(#5310));
#1547=EDGE_LOOP('',(#5311));
#1548=EDGE_LOOP('',(#5312));
#1549=EDGE_LOOP('',(#5313));
#1550=EDGE_LOOP('',(#5314));
#1551=EDGE_LOOP('',(#5315));
#1552=EDGE_LOOP('',(#5316));
#1553=EDGE_LOOP('',(#5317));
#1554=EDGE_LOOP('',(#5318));
#1555=EDGE_LOOP('',(#5319));
#1556=EDGE_LOOP('',(#5320));
#1557=EDGE_LOOP('',(#5321));
#1558=EDGE_LOOP('',(#5322));
#1559=EDGE_LOOP('',(#5323));
#1560=EDGE_LOOP('',(#5324));
#1561=EDGE_LOOP('',(#5325));
#1562=EDGE_LOOP('',(#5326));
#1563=EDGE_LOOP('',(#5327));
#1564=EDGE_LOOP('',(#5328));
#1565=EDGE_LOOP('',(#5329));
#1566=EDGE_LOOP('',(#5330));
#1567=EDGE_LOOP('',(#5331,#5332,#5333,#5334));
#1568=EDGE_LOOP('',(#5335,#5336,#5337,#5338));
#1569=EDGE_LOOP('',(#5339,#5340,#5341,#5342));
#1570=EDGE_LOOP('',(#5343,#5344,#5345,#5346));
#1571=EDGE_LOOP('',(#5347,#5348,#5349,#5350));
#1572=EDGE_LOOP('',(#5351,#5352,#5353,#5354));
#1573=EDGE_LOOP('',(#5355,#5356,#5357,#5358));
#1574=EDGE_LOOP('',(#5359,#5360,#5361,#5362));
#1575=EDGE_LOOP('',(#5363,#5364,#5365,#5366));
#1576=EDGE_LOOP('',(#5367,#5368,#5369,#5370,#5371,#5372,#5373,#5374));
#1577=EDGE_LOOP('',(#5375,#5376,#5377,#5378,#5379,#5380,#5381,#5382));
#1578=EDGE_LOOP('',(#5383,#5384,#5385,#5386));
#1579=EDGE_LOOP('',(#5387,#5388,#5389,#5390));
#1580=EDGE_LOOP('',(#5391,#5392,#5393,#5394));
#1581=EDGE_LOOP('',(#5395,#5396,#5397,#5398));
#1582=EDGE_LOOP('',(#5399,#5400,#5401,#5402));
#1583=EDGE_LOOP('',(#5403,#5404,#5405,#5406));
#1584=EDGE_LOOP('',(#5407,#5408,#5409,#5410));
#1585=EDGE_LOOP('',(#5411,#5412,#5413,#5414));
#1586=EDGE_LOOP('',(#5415,#5416,#5417,#5418,#5419,#5420,#5421,#5422));
#1587=EDGE_LOOP('',(#5423,#5424,#5425,#5426,#5427,#5428,#5429,#5430));
#1588=EDGE_LOOP('',(#5431,#5432,#5433,#5434));
#1589=EDGE_LOOP('',(#5435,#5436,#5437));
#1590=EDGE_LOOP('',(#5438,#5439,#5440,#5441));
#1591=EDGE_LOOP('',(#5442,#5443,#5444,#5445,#5446,#5447,#5448,#5449,#5450,
#5451));
#1592=EDGE_LOOP('',(#5452,#5453,#5454,#5455));
#1593=EDGE_LOOP('',(#5456,#5457,#5458));
#1594=EDGE_LOOP('',(#5459,#5460,#5461,#5462));
#1595=EDGE_LOOP('',(#5463,#5464,#5465,#5466));
#1596=EDGE_LOOP('',(#5467,#5468,#5469,#5470));
#1597=EDGE_LOOP('',(#5471,#5472,#5473,#5474,#5475));
#1598=EDGE_LOOP('',(#5476,#5477,#5478,#5479,#5480,#5481,#5482));
#1599=EDGE_LOOP('',(#5483,#5484,#5485,#5486,#5487,#5488));
#1600=EDGE_LOOP('',(#5489,#5490,#5491,#5492,#5493));
#1601=EDGE_LOOP('',(#5494,#5495,#5496,#5497));
#1602=EDGE_LOOP('',(#5498,#5499,#5500,#5501));
#1603=EDGE_LOOP('',(#5502,#5503,#5504,#5505));
#1604=EDGE_LOOP('',(#5506,#5507,#5508,#5509));
#1605=EDGE_LOOP('',(#5510,#5511,#5512));
#1606=EDGE_LOOP('',(#5513,#5514,#5515,#5516));
#1607=EDGE_LOOP('',(#5517,#5518,#5519,#5520));
#1608=EDGE_LOOP('',(#5521,#5522,#5523,#5524));
#1609=EDGE_LOOP('',(#5525,#5526,#5527));
#1610=EDGE_LOOP('',(#5528,#5529,#5530,#5531));
#1611=EDGE_LOOP('',(#5532,#5533,#5534,#5535));
#1612=EDGE_LOOP('',(#5536,#5537,#5538,#5539));
#1613=EDGE_LOOP('',(#5540,#5541,#5542,#5543,#5544));
#1614=EDGE_LOOP('',(#5545,#5546,#5547,#5548));
#1615=EDGE_LOOP('',(#5549,#5550,#5551));
#1616=EDGE_LOOP('',(#5552,#5553,#5554,#5555,#5556,#5557,#5558,#5559,#5560,
#5561));
#1617=EDGE_LOOP('',(#5562,#5563,#5564,#5565));
#1618=EDGE_LOOP('',(#5566,#5567,#5568,#5569,#5570));
#1619=EDGE_LOOP('',(#5571,#5572,#5573,#5574,#5575,#5576,#5577));
#1620=EDGE_LOOP('',(#5578,#5579,#5580));
#1621=EDGE_LOOP('',(#5581,#5582,#5583));
#1622=EDGE_LOOP('',(#5584,#5585,#5586,#5587));
#1623=EDGE_LOOP('',(#5588,#5589,#5590,#5591,#5592,#5593));
#1624=EDGE_LOOP('',(#5594,#5595,#5596,#5597));
#1625=EDGE_LOOP('',(#5598,#5599,#5600,#5601));
#1626=EDGE_LOOP('',(#5602,#5603,#5604,#5605,#5606));
#1627=EDGE_LOOP('',(#5607,#5608,#5609,#5610));
#1628=EDGE_LOOP('',(#5611,#5612,#5613,#5614,#5615,#5616,#5617,#5618));
#1629=EDGE_LOOP('',(#5619,#5620,#5621,#5622));
#1630=EDGE_LOOP('',(#5623,#5624,#5625,#5626));
#1631=EDGE_LOOP('',(#5627,#5628,#5629,#5630));
#1632=EDGE_LOOP('',(#5631));
#1633=EDGE_LOOP('',(#5632));
#1634=EDGE_LOOP('',(#5633,#5634,#5635,#5636));
#1635=EDGE_LOOP('',(#5637));
#1636=EDGE_LOOP('',(#5638));
#1637=EDGE_LOOP('',(#5639,#5640,#5641,#5642));
#1638=EDGE_LOOP('',(#5643));
#1639=EDGE_LOOP('',(#5644));
#1640=EDGE_LOOP('',(#5645,#5646,#5647,#5648,#5649));
#1641=EDGE_LOOP('',(#5650,#5651,#5652,#5653,#5654,#5655));
#1642=EDGE_LOOP('',(#5656,#5657,#5658,#5659,#5660,#5661));
#1643=EDGE_LOOP('',(#5662,#5663,#5664,#5665,#5666,#5667));
#1644=EDGE_LOOP('',(#5668,#5669,#5670,#5671,#5672));
#1645=EDGE_LOOP('',(#5673));
#1646=EDGE_LOOP('',(#5674));
#1647=EDGE_LOOP('',(#5675,#5676,#5677,#5678));
#1648=EDGE_LOOP('',(#5679,#5680,#5681,#5682));
#1649=EDGE_LOOP('',(#5683,#5684,#5685,#5686));
#1650=EDGE_LOOP('',(#5687,#5688,#5689,#5690));
#1651=EDGE_LOOP('',(#5691,#5692,#5693,#5694));
#1652=EDGE_LOOP('',(#5695,#5696,#5697,#5698));
#1653=EDGE_LOOP('',(#5699,#5700,#5701,#5702));
#1654=EDGE_LOOP('',(#5703,#5704,#5705,#5706));
#1655=EDGE_LOOP('',(#5707,#5708,#5709,#5710));
#1656=EDGE_LOOP('',(#5711,#5712,#5713,#5714));
#1657=EDGE_LOOP('',(#5715,#5716,#5717,#5718));
#1658=EDGE_LOOP('',(#5719,#5720,#5721,#5722));
#1659=EDGE_LOOP('',(#5723,#5724,#5725,#5726));
#1660=EDGE_LOOP('',(#5727,#5728,#5729,#5730));
#1661=EDGE_LOOP('',(#5731,#5732,#5733,#5734));
#1662=EDGE_LOOP('',(#5735,#5736,#5737,#5738));
#1663=EDGE_LOOP('',(#5739,#5740,#5741,#5742));
#1664=EDGE_LOOP('',(#5743,#5744,#5745,#5746));
#1665=EDGE_LOOP('',(#5747,#5748,#5749,#5750));
#1666=EDGE_LOOP('',(#5751,#5752,#5753,#5754));
#1667=EDGE_LOOP('',(#5755,#5756,#5757,#5758));
#1668=EDGE_LOOP('',(#5759,#5760,#5761,#5762));
#1669=EDGE_LOOP('',(#5763,#5764,#5765,#5766));
#1670=EDGE_LOOP('',(#5767,#5768,#5769,#5770));
#1671=EDGE_LOOP('',(#5771,#5772,#5773,#5774));
#1672=EDGE_LOOP('',(#5775,#5776,#5777,#5778));
#1673=EDGE_LOOP('',(#5779,#5780,#5781,#5782));
#1674=EDGE_LOOP('',(#5783,#5784,#5785,#5786));
#1675=EDGE_LOOP('',(#5787,#5788,#5789,#5790));
#1676=EDGE_LOOP('',(#5791,#5792,#5793,#5794));
#1677=EDGE_LOOP('',(#5795,#5796,#5797,#5798));
#1678=EDGE_LOOP('',(#5799,#5800,#5801,#5802));
#1679=EDGE_LOOP('',(#5803,#5804,#5805,#5806));
#1680=EDGE_LOOP('',(#5807,#5808,#5809,#5810));
#1681=EDGE_LOOP('',(#5811,#5812,#5813,#5814));
#1682=EDGE_LOOP('',(#5815,#5816,#5817,#5818));
#1683=LINE('',#7937,#2095);
#1684=LINE('',#7939,#2096);
#1685=LINE('',#7941,#2097);
#1686=LINE('',#7942,#2098);
#1687=LINE('',#7946,#2099);
#1688=LINE('',#7948,#2100);
#1689=LINE('',#7950,#2101);
#1690=LINE('',#7951,#2102);
#1691=LINE('',#7963,#2103);
#1692=LINE('',#7965,#2104);
#1693=LINE('',#7967,#2105);
#1694=LINE('',#7968,#2106);
#1695=LINE('',#7972,#2107);
#1696=LINE('',#7974,#2108);
#1697=LINE('',#7976,#2109);
#1698=LINE('',#7977,#2110);
#1699=LINE('',#7989,#2111);
#1700=LINE('',#7991,#2112);
#1701=LINE('',#7993,#2113);
#1702=LINE('',#7994,#2114);
#1703=LINE('',#7999,#2115);
#1704=LINE('',#8003,#2116);
#1705=LINE('',#8005,#2117);
#1706=LINE('',#8006,#2118);
#1707=LINE('',#8016,#2119);
#1708=LINE('',#8022,#2120);
#1709=LINE('',#8028,#2121);
#1710=LINE('',#8043,#2122);
#1711=LINE('',#8053,#2123);
#1712=LINE('',#8060,#2124);
#1713=LINE('',#8066,#2125);
#1714=LINE('',#8074,#2126);
#1715=LINE('',#8080,#2127);
#1716=LINE('',#8088,#2128);
#1717=LINE('',#8090,#2129);
#1718=LINE('',#8092,#2130);
#1719=LINE('',#8093,#2131);
#1720=LINE('',#8096,#2132);
#1721=LINE('',#8098,#2133);
#1722=LINE('',#8099,#2134);
#1723=LINE('',#8111,#2135);
#1724=LINE('',#8116,#2136);
#1725=LINE('',#8117,#2137);
#1726=LINE('',#8130,#2138);
#1727=LINE('',#8135,#2139);
#1728=LINE('',#8147,#2140);
#1729=LINE('',#8153,#2141);
#1730=LINE('',#8155,#2142);
#1731=LINE('',#8156,#2143);
#1732=LINE('',#8168,#2144);
#1733=LINE('',#8174,#2145);
#1734=LINE('',#8176,#2146);
#1735=LINE('',#8177,#2147);
#1736=LINE('',#8189,#2148);
#1737=LINE('',#8204,#2149);
#1738=LINE('',#8219,#2150);
#1739=LINE('',#8225,#2151);
#1740=LINE('',#8227,#2152);
#1741=LINE('',#8228,#2153);
#1742=LINE('',#8240,#2154);
#1743=LINE('',#8255,#2155);
#1744=LINE('',#8270,#2156);
#1745=LINE('',#8285,#2157);
#1746=LINE('',#8291,#2158);
#1747=LINE('',#8293,#2159);
#1748=LINE('',#8294,#2160);
#1749=LINE('',#8306,#2161);
#1750=LINE('',#8321,#2162);
#1751=LINE('',#8336,#2163);
#1752=LINE('',#8342,#2164);
#1753=LINE('',#8344,#2165);
#1754=LINE('',#8345,#2166);
#1755=LINE('',#8357,#2167);
#1756=LINE('',#8372,#2168);
#1757=LINE('',#8401,#2169);
#1758=LINE('',#8406,#2170);
#1759=LINE('',#8418,#2171);
#1760=LINE('',#8433,#2172);
#1761=LINE('',#8448,#2173);
#1762=LINE('',#8463,#2174);
#1763=LINE('',#8478,#2175);
#1764=LINE('',#8493,#2176);
#1765=LINE('',#8508,#2177);
#1766=LINE('',#8523,#2178);
#1767=LINE('',#8538,#2179);
#1768=LINE('',#8553,#2180);
#1769=LINE('',#8568,#2181);
#1770=LINE('',#8583,#2182);
#1771=LINE('',#8598,#2183);
#1772=LINE('',#8613,#2184);
#1773=LINE('',#8628,#2185);
#1774=LINE('',#8643,#2186);
#1775=LINE('',#8658,#2187);
#1776=LINE('',#8673,#2188);
#1777=LINE('',#8688,#2189);
#1778=LINE('',#8716,#2190);
#1779=LINE('',#8721,#2191);
#1780=LINE('',#8733,#2192);
#1781=LINE('',#8748,#2193);
#1782=LINE('',#8763,#2194);
#1783=LINE('',#8778,#2195);
#1784=LINE('',#8793,#2196);
#1785=LINE('',#8808,#2197);
#1786=LINE('',#8823,#2198);
#1787=LINE('',#8838,#2199);
#1788=LINE('',#8853,#2200);
#1789=LINE('',#8868,#2201);
#1790=LINE('',#8883,#2202);
#1791=LINE('',#8898,#2203);
#1792=LINE('',#8913,#2204);
#1793=LINE('',#8928,#2205);
#1794=LINE('',#8948,#2206);
#1795=LINE('',#8950,#2207);
#1796=LINE('',#8952,#2208);
#1797=LINE('',#8953,#2209);
#1798=LINE('',#8965,#2210);
#1799=LINE('',#8980,#2211);
#1800=LINE('',#8995,#2212);
#1801=LINE('',#9010,#2213);
#1802=LINE('',#9025,#2214);
#1803=LINE('',#9040,#2215);
#1804=LINE('',#9055,#2216);
#1805=LINE('',#9070,#2217);
#1806=LINE('',#9076,#2218);
#1807=LINE('',#9078,#2219);
#1808=LINE('',#9079,#2220);
#1809=LINE('',#9082,#2221);
#1810=LINE('',#9084,#2222);
#1811=LINE('',#9085,#2223);
#1812=LINE('',#9088,#2224);
#1813=LINE('',#9090,#2225);
#1814=LINE('',#9091,#2226);
#1815=LINE('',#9094,#2227);
#1816=LINE('',#9096,#2228);
#1817=LINE('',#9097,#2229);
#1818=LINE('',#9100,#2230);
#1819=LINE('',#9102,#2231);
#1820=LINE('',#9103,#2232);
#1821=LINE('',#9115,#2233);
#1822=LINE('',#9130,#2234);
#1823=LINE('',#9145,#2235);
#1824=LINE('',#9160,#2236);
#1825=LINE('',#9175,#2237);
#1826=LINE('',#9190,#2238);
#1827=LINE('',#9205,#2239);
#1828=LINE('',#9220,#2240);
#1829=LINE('',#9235,#2241);
#1830=LINE('',#9250,#2242);
#1831=LINE('',#9265,#2243);
#1832=LINE('',#9280,#2244);
#1833=LINE('',#9286,#2245);
#1834=LINE('',#9288,#2246);
#1835=LINE('',#9289,#2247);
#1836=LINE('',#9292,#2248);
#1837=LINE('',#9294,#2249);
#1838=LINE('',#9295,#2250);
#1839=LINE('',#9298,#2251);
#1840=LINE('',#9300,#2252);
#1841=LINE('',#9301,#2253);
#1842=LINE('',#9303,#2254);
#1843=LINE('',#9304,#2255);
#1844=LINE('',#9318,#2256);
#1845=LINE('',#9332,#2257);
#1846=LINE('',#9337,#2258);
#1847=LINE('',#9352,#2259);
#1848=LINE('',#9367,#2260);
#1849=LINE('',#9382,#2261);
#1850=LINE('',#9397,#2262);
#1851=LINE('',#9412,#2263);
#1852=LINE('',#9427,#2264);
#1853=LINE('',#9442,#2265);
#1854=LINE('',#9457,#2266);
#1855=LINE('',#9472,#2267);
#1856=LINE('',#9487,#2268);
#1857=LINE('',#9502,#2269);
#1858=LINE('',#9517,#2270);
#1859=LINE('',#9532,#2271);
#1860=LINE('',#9547,#2272);
#1861=LINE('',#9562,#2273);
#1862=LINE('',#9577,#2274);
#1863=LINE('',#9592,#2275);
#1864=LINE('',#9607,#2276);
#1865=LINE('',#9622,#2277);
#1866=LINE('',#9647,#2278);
#1867=LINE('',#9652,#2279);
#1868=LINE('',#9667,#2280);
#1869=LINE('',#9682,#2281);
#1870=LINE('',#9697,#2282);
#1871=LINE('',#9712,#2283);
#1872=LINE('',#9727,#2284);
#1873=LINE('',#9742,#2285);
#1874=LINE('',#9757,#2286);
#1875=LINE('',#9772,#2287);
#1876=LINE('',#9787,#2288);
#1877=LINE('',#9802,#2289);
#1878=LINE('',#9817,#2290);
#1879=LINE('',#9832,#2291);
#1880=LINE('',#9847,#2292);
#1881=LINE('',#9862,#2293);
#1882=LINE('',#9889,#2294);
#1883=LINE('',#9894,#2295);
#1884=LINE('',#9897,#2296);
#1885=LINE('',#9899,#2297);
#1886=LINE('',#9900,#2298);
#1887=LINE('',#9903,#2299);
#1888=LINE('',#9905,#2300);
#1889=LINE('',#9906,#2301);
#1890=LINE('',#9908,#2302);
#1891=LINE('',#9909,#2303);
#1892=LINE('',#9922,#2304);
#1893=LINE('',#9927,#2305);
#1894=LINE('',#9942,#2306);
#1895=LINE('',#9945,#2307);
#1896=LINE('',#9947,#2308);
#1897=LINE('',#9948,#2309);
#1898=LINE('',#9963,#2310);
#1899=LINE('',#9978,#2311);
#1900=LINE('',#9993,#2312);
#1901=LINE('',#9996,#2313);
#1902=LINE('',#9998,#2314);
#1903=LINE('',#9999,#2315);
#1904=LINE('',#10014,#2316);
#1905=LINE('',#10029,#2317);
#1906=LINE('',#10044,#2318);
#1907=LINE('',#10059,#2319);
#1908=LINE('',#10062,#2320);
#1909=LINE('',#10064,#2321);
#1910=LINE('',#10065,#2322);
#1911=LINE('',#10080,#2323);
#1912=LINE('',#10095,#2324);
#1913=LINE('',#10110,#2325);
#1914=LINE('',#10113,#2326);
#1915=LINE('',#10115,#2327);
#1916=LINE('',#10116,#2328);
#1917=LINE('',#10131,#2329);
#1918=LINE('',#10134,#2330);
#1919=LINE('',#10136,#2331);
#1920=LINE('',#10137,#2332);
#1921=LINE('',#10152,#2333);
#1922=LINE('',#10167,#2334);
#1923=LINE('',#10185,#2335);
#1924=LINE('',#10187,#2336);
#1925=LINE('',#10189,#2337);
#1926=LINE('',#10190,#2338);
#1927=LINE('',#10193,#2339);
#1928=LINE('',#10195,#2340);
#1929=LINE('',#10196,#2341);
#1930=LINE('',#10199,#2342);
#1931=LINE('',#10201,#2343);
#1932=LINE('',#10202,#2344);
#1933=LINE('',#10217,#2345);
#1934=LINE('',#10232,#2346);
#1935=LINE('',#10247,#2347);
#1936=LINE('',#10262,#2348);
#1937=LINE('',#10277,#2349);
#1938=LINE('',#10292,#2350);
#1939=LINE('',#10307,#2351);
#1940=LINE('',#10322,#2352);
#1941=LINE('',#10337,#2353);
#1942=LINE('',#10352,#2354);
#1943=LINE('',#10367,#2355);
#1944=LINE('',#10382,#2356);
#1945=LINE('',#10385,#2357);
#1946=LINE('',#10387,#2358);
#1947=LINE('',#10388,#2359);
#1948=LINE('',#10391,#2360);
#1949=LINE('',#10393,#2361);
#1950=LINE('',#10394,#2362);
#1951=LINE('',#10397,#2363);
#1952=LINE('',#10399,#2364);
#1953=LINE('',#10400,#2365);
#1954=LINE('',#10403,#2366);
#1955=LINE('',#10405,#2367);
#1956=LINE('',#10406,#2368);
#1957=LINE('',#10409,#2369);
#1958=LINE('',#10411,#2370);
#1959=LINE('',#10412,#2371);
#1960=LINE('',#10427,#2372);
#1961=LINE('',#10442,#2373);
#1962=LINE('',#10457,#2374);
#1963=LINE('',#10472,#2375);
#1964=LINE('',#10487,#2376);
#1965=LINE('',#10502,#2377);
#1966=LINE('',#10517,#2378);
#1967=LINE('',#10532,#2379);
#1968=LINE('',#10535,#2380);
#1969=LINE('',#10537,#2381);
#1970=LINE('',#10538,#2382);
#1971=LINE('',#10540,#2383);
#1972=LINE('',#10541,#2384);
#1973=LINE('',#11875,#2385);
#1974=LINE('',#11880,#2386);
#1975=LINE('',#11882,#2387);
#1976=LINE('',#11884,#2388);
#1977=LINE('',#11885,#2389);
#1978=LINE('',#11891,#2390);
#1979=LINE('',#11894,#2391);
#1980=LINE('',#11896,#2392);
#1981=LINE('',#11897,#2393);
#1982=LINE('',#11903,#2394);
#1983=LINE('',#11906,#2395);
#1984=LINE('',#11908,#2396);
#1985=LINE('',#11909,#2397);
#1986=LINE('',#11915,#2398);
#1987=LINE('',#11918,#2399);
#1988=LINE('',#11920,#2400);
#1989=LINE('',#11921,#2401);
#1990=LINE('',#11930,#2402);
#1991=LINE('',#11932,#2403);
#1992=LINE('',#11934,#2404);
#1993=LINE('',#11935,#2405);
#1994=LINE('',#11941,#2406);
#1995=LINE('',#11944,#2407);
#1996=LINE('',#11946,#2408);
#1997=LINE('',#11947,#2409);
#1998=LINE('',#11953,#2410);
#1999=LINE('',#11956,#2411);
#2000=LINE('',#11958,#2412);
#2001=LINE('',#11959,#2413);
#2002=LINE('',#11965,#2414);
#2003=LINE('',#11968,#2415);
#2004=LINE('',#11970,#2416);
#2005=LINE('',#11971,#2417);
#2006=LINE('',#12065,#2418);
#2007=LINE('',#12069,#2419);
#2008=LINE('',#12073,#2420);
#2009=LINE('',#12077,#2421);
#2010=LINE('',#12120,#2422);
#2011=LINE('',#12158,#2423);
#2012=LINE('',#12170,#2424);
#2013=LINE('',#12173,#2425);
#2014=LINE('',#12235,#2426);
#2015=LINE('',#12238,#2427);
#2016=LINE('',#12359,#2428);
#2017=LINE('',#12378,#2429);
#2018=LINE('',#12450,#2430);
#2019=LINE('',#12454,#2431);
#2020=LINE('',#12458,#2432);
#2021=LINE('',#12461,#2433);
#2022=LINE('',#12464,#2434);
#2023=LINE('',#12473,#2435);
#2024=LINE('',#12490,#2436);
#2025=LINE('',#12513,#2437);
#2026=LINE('',#12521,#2438);
#2027=LINE('',#12547,#2439);
#2028=LINE('',#14419,#2440);
#2029=LINE('',#14431,#2441);
#2030=LINE('',#14443,#2442);
#2031=LINE('',#14451,#2443);
#2032=LINE('',#14453,#2444);
#2033=LINE('',#14455,#2445);
#2034=LINE('',#14456,#2446);
#2035=LINE('',#14459,#2447);
#2036=LINE('',#14461,#2448);
#2037=LINE('',#14462,#2449);
#2038=LINE('',#14465,#2450);
#2039=LINE('',#14467,#2451);
#2040=LINE('',#14468,#2452);
#2041=LINE('',#14470,#2453);
#2042=LINE('',#14471,#2454);
#2043=LINE('',#14474,#2455);
#2044=LINE('',#14476,#2456);
#2045=LINE('',#14477,#2457);
#2046=LINE('',#14480,#2458);
#2047=LINE('',#14481,#2459);
#2048=LINE('',#14486,#2460);
#2049=LINE('',#14488,#2461);
#2050=LINE('',#14490,#2462);
#2051=LINE('',#14491,#2463);
#2052=LINE('',#14494,#2464);
#2053=LINE('',#14499,#2465);
#2054=LINE('',#14502,#2466);
#2055=LINE('',#14504,#2467);
#2056=LINE('',#14506,#2468);
#2057=LINE('',#14507,#2469);
#2058=LINE('',#14510,#2470);
#2059=LINE('',#14511,#2471);
#2060=LINE('',#14513,#2472);
#2061=LINE('',#14515,#2473);
#2062=LINE('',#14519,#2474);
#2063=LINE('',#14525,#2475);
#2064=LINE('',#14527,#2476);
#2065=LINE('',#14529,#2477);
#2066=LINE('',#14530,#2478);
#2067=LINE('',#14533,#2479);
#2068=LINE('',#14535,#2480);
#2069=LINE('',#14536,#2481);
#2070=LINE('',#14539,#2482);
#2071=LINE('',#14541,#2483);
#2072=LINE('',#14542,#2484);
#2073=LINE('',#14544,#2485);
#2074=LINE('',#14545,#2486);
#2075=LINE('',#14548,#2487);
#2076=LINE('',#14550,#2488);
#2077=LINE('',#14551,#2489);
#2078=LINE('',#14554,#2490);
#2079=LINE('',#14555,#2491);
#2080=LINE('',#14560,#2492);
#2081=LINE('',#14562,#2493);
#2082=LINE('',#14564,#2494);
#2083=LINE('',#14565,#2495);
#2084=LINE('',#14568,#2496);
#2085=LINE('',#14573,#2497);
#2086=LINE('',#14576,#2498);
#2087=LINE('',#14578,#2499);
#2088=LINE('',#14580,#2500);
#2089=LINE('',#14581,#2501);
#2090=LINE('',#14584,#2502);
#2091=LINE('',#14585,#2503);
#2092=LINE('',#14587,#2504);
#2093=LINE('',#14589,#2505);
#2094=LINE('',#14593,#2506);
#2095=VECTOR('',#6796,10.);
#2096=VECTOR('',#6797,10.);
#2097=VECTOR('',#6798,10.);
#2098=VECTOR('',#6799,10.);
#2099=VECTOR('',#6802,10.);
#2100=VECTOR('',#6803,10.);
#2101=VECTOR('',#6804,10.);
#2102=VECTOR('',#6805,10.);
#2103=VECTOR('',#6824,10.);
#2104=VECTOR('',#6825,10.);
#2105=VECTOR('',#6826,10.);
#2106=VECTOR('',#6827,10.);
#2107=VECTOR('',#6830,10.);
#2108=VECTOR('',#6831,10.);
#2109=VECTOR('',#6832,10.);
#2110=VECTOR('',#6833,10.);
#2111=VECTOR('',#6852,10.);
#2112=VECTOR('',#6853,10.);
#2113=VECTOR('',#6854,10.);
#2114=VECTOR('',#6855,10.);
#2115=VECTOR('',#6860,10.);
#2116=VECTOR('',#6865,10.);
#2117=VECTOR('',#6866,10.);
#2118=VECTOR('',#6867,10.);
#2119=VECTOR('',#6882,10.1);
#2120=VECTOR('',#6889,6.);
#2121=VECTOR('',#6896,10.8);
#2122=VECTOR('',#6917,7.2);
#2123=VECTOR('',#6930,7.8);
#2124=VECTOR('',#6939,7.8);
#2125=VECTOR('',#6946,10.8);
#2126=VECTOR('',#6957,6.);
#2127=VECTOR('',#6964,7.2);
#2128=VECTOR('',#6975,10.);
#2129=VECTOR('',#6976,10.);
#2130=VECTOR('',#6977,10.);
#2131=VECTOR('',#6978,10.);
#2132=VECTOR('',#6981,10.);
#2133=VECTOR('',#6982,10.);
#2134=VECTOR('',#6983,10.);
#2135=VECTOR('',#6984,10.);
#2136=VECTOR('',#6987,10.);
#2137=VECTOR('',#6988,10.);
#2138=VECTOR('',#6989,10.);
#2139=VECTOR('',#6990,10.);
#2140=VECTOR('',#6991,10.);
#2141=VECTOR('',#6994,10.);
#2142=VECTOR('',#6995,10.);
#2143=VECTOR('',#6996,10.);
#2144=VECTOR('',#6997,10.);
#2145=VECTOR('',#7000,10.);
#2146=VECTOR('',#7001,10.);
#2147=VECTOR('',#7002,10.);
#2148=VECTOR('',#7003,10.);
#2149=VECTOR('',#7004,10.);
#2150=VECTOR('',#7005,10.);
#2151=VECTOR('',#7008,10.);
#2152=VECTOR('',#7009,10.);
#2153=VECTOR('',#7010,10.);
#2154=VECTOR('',#7011,10.);
#2155=VECTOR('',#7012,10.);
#2156=VECTOR('',#7013,10.);
#2157=VECTOR('',#7014,10.);
#2158=VECTOR('',#7017,10.);
#2159=VECTOR('',#7018,10.);
#2160=VECTOR('',#7019,10.);
#2161=VECTOR('',#7020,10.);
#2162=VECTOR('',#7021,10.);
#2163=VECTOR('',#7022,10.);
#2164=VECTOR('',#7025,10.);
#2165=VECTOR('',#7026,10.);
#2166=VECTOR('',#7027,10.);
#2167=VECTOR('',#7028,10.);
#2168=VECTOR('',#7029,10.);
#2169=VECTOR('',#7032,10.);
#2170=VECTOR('',#7033,10.);
#2171=VECTOR('',#7034,10.);
#2172=VECTOR('',#7035,10.);
#2173=VECTOR('',#7036,10.);
#2174=VECTOR('',#7037,10.);
#2175=VECTOR('',#7038,10.);
#2176=VECTOR('',#7039,10.);
#2177=VECTOR('',#7040,10.);
#2178=VECTOR('',#7041,10.);
#2179=VECTOR('',#7042,10.);
#2180=VECTOR('',#7043,10.);
#2181=VECTOR('',#7044,10.);
#2182=VECTOR('',#7045,10.);
#2183=VECTOR('',#7046,10.);
#2184=VECTOR('',#7047,10.);
#2185=VECTOR('',#7048,10.);
#2186=VECTOR('',#7049,10.);
#2187=VECTOR('',#7050,10.);
#2188=VECTOR('',#7051,10.);
#2189=VECTOR('',#7052,10.);
#2190=VECTOR('',#7053,10.);
#2191=VECTOR('',#7054,10.);
#2192=VECTOR('',#7055,10.);
#2193=VECTOR('',#7056,10.);
#2194=VECTOR('',#7057,10.);
#2195=VECTOR('',#7058,10.);
#2196=VECTOR('',#7059,10.);
#2197=VECTOR('',#7060,10.);
#2198=VECTOR('',#7061,10.);
#2199=VECTOR('',#7062,10.);
#2200=VECTOR('',#7063,10.);
#2201=VECTOR('',#7064,10.);
#2202=VECTOR('',#7065,10.);
#2203=VECTOR('',#7066,10.);
#2204=VECTOR('',#7067,10.);
#2205=VECTOR('',#7068,10.);
#2206=VECTOR('',#7073,10.);
#2207=VECTOR('',#7074,10.);
#2208=VECTOR('',#7075,10.);
#2209=VECTOR('',#7076,10.);
#2210=VECTOR('',#7077,10.);
#2211=VECTOR('',#7078,10.);
#2212=VECTOR('',#7079,10.);
#2213=VECTOR('',#7080,10.);
#2214=VECTOR('',#7081,10.);
#2215=VECTOR('',#7082,10.);
#2216=VECTOR('',#7083,10.);
#2217=VECTOR('',#7084,10.);
#2218=VECTOR('',#7087,10.);
#2219=VECTOR('',#7088,10.);
#2220=VECTOR('',#7089,10.);
#2221=VECTOR('',#7092,10.);
#2222=VECTOR('',#7093,10.);
#2223=VECTOR('',#7094,10.);
#2224=VECTOR('',#7097,10.);
#2225=VECTOR('',#7098,10.);
#2226=VECTOR('',#7099,10.);
#2227=VECTOR('',#7102,10.);
#2228=VECTOR('',#7103,10.);
#2229=VECTOR('',#7104,10.);
#2230=VECTOR('',#7107,10.);
#2231=VECTOR('',#7108,10.);
#2232=VECTOR('',#7109,10.);
#2233=VECTOR('',#7110,10.);
#2234=VECTOR('',#7111,10.);
#2235=VECTOR('',#7112,10.);
#2236=VECTOR('',#7113,10.);
#2237=VECTOR('',#7114,10.);
#2238=VECTOR('',#7115,10.);
#2239=VECTOR('',#7116,10.);
#2240=VECTOR('',#7117,10.);
#2241=VECTOR('',#7118,10.);
#2242=VECTOR('',#7119,10.);
#2243=VECTOR('',#7120,10.);
#2244=VECTOR('',#7121,10.);
#2245=VECTOR('',#7124,10.);
#2246=VECTOR('',#7125,10.);
#2247=VECTOR('',#7126,10.);
#2248=VECTOR('',#7129,10.);
#2249=VECTOR('',#7130,10.);
#2250=VECTOR('',#7131,10.);
#2251=VECTOR('',#7134,10.);
#2252=VECTOR('',#7135,10.);
#2253=VECTOR('',#7136,10.);
#2254=VECTOR('',#7139,10.);
#2255=VECTOR('',#7140,10.);
#2256=VECTOR('',#7161,6.);
#2257=VECTOR('',#7164,10.);
#2258=VECTOR('',#7165,10.);
#2259=VECTOR('',#7166,10.);
#2260=VECTOR('',#7167,10.);
#2261=VECTOR('',#7168,10.);
#2262=VECTOR('',#7169,10.);
#2263=VECTOR('',#7170,10.);
#2264=VECTOR('',#7171,10.);
#2265=VECTOR('',#7172,10.);
#2266=VECTOR('',#7173,10.);
#2267=VECTOR('',#7174,10.);
#2268=VECTOR('',#7175,10.);
#2269=VECTOR('',#7176,10.);
#2270=VECTOR('',#7177,10.);
#2271=VECTOR('',#7178,10.);
#2272=VECTOR('',#7179,10.);
#2273=VECTOR('',#7180,10.);
#2274=VECTOR('',#7181,10.);
#2275=VECTOR('',#7182,10.);
#2276=VECTOR('',#7183,10.);
#2277=VECTOR('',#7184,10.);
#2278=VECTOR('',#7185,10.);
#2279=VECTOR('',#7186,10.);
#2280=VECTOR('',#7187,10.);
#2281=VECTOR('',#7188,10.);
#2282=VECTOR('',#7189,10.);
#2283=VECTOR('',#7190,10.);
#2284=VECTOR('',#7191,10.);
#2285=VECTOR('',#7192,10.);
#2286=VECTOR('',#7193,10.);
#2287=VECTOR('',#7194,10.);
#2288=VECTOR('',#7195,10.);
#2289=VECTOR('',#7196,10.);
#2290=VECTOR('',#7197,10.);
#2291=VECTOR('',#7198,10.);
#2292=VECTOR('',#7199,10.);
#2293=VECTOR('',#7200,10.);
#2294=VECTOR('',#7205,10.);
#2295=VECTOR('',#7206,10.);
#2296=VECTOR('',#7209,10.);
#2297=VECTOR('',#7210,10.);
#2298=VECTOR('',#7211,10.);
#2299=VECTOR('',#7214,10.);
#2300=VECTOR('',#7215,10.);
#2301=VECTOR('',#7216,10.);
#2302=VECTOR('',#7219,10.);
#2303=VECTOR('',#7220,10.);
#2304=VECTOR('',#7221,10.);
#2305=VECTOR('',#7222,10.);
#2306=VECTOR('',#7223,10.);
#2307=VECTOR('',#7226,10.);
#2308=VECTOR('',#7227,10.);
#2309=VECTOR('',#7228,10.);
#2310=VECTOR('',#7229,10.);
#2311=VECTOR('',#7230,10.);
#2312=VECTOR('',#7231,10.);
#2313=VECTOR('',#7234,10.);
#2314=VECTOR('',#7235,10.);
#2315=VECTOR('',#7236,10.);
#2316=VECTOR('',#7237,10.);
#2317=VECTOR('',#7238,10.);
#2318=VECTOR('',#7239,10.);
#2319=VECTOR('',#7240,10.);
#2320=VECTOR('',#7243,10.);
#2321=VECTOR('',#7244,10.);
#2322=VECTOR('',#7245,10.);
#2323=VECTOR('',#7246,10.);
#2324=VECTOR('',#7247,10.);
#2325=VECTOR('',#7248,10.);
#2326=VECTOR('',#7251,10.);
#2327=VECTOR('',#7252,10.);
#2328=VECTOR('',#7253,10.);
#2329=VECTOR('',#7254,10.);
#2330=VECTOR('',#7257,10.);
#2331=VECTOR('',#7258,10.);
#2332=VECTOR('',#7259,10.);
#2333=VECTOR('',#7260,10.);
#2334=VECTOR('',#7261,10.);
#2335=VECTOR('',#7268,10.);
#2336=VECTOR('',#7269,10.);
#2337=VECTOR('',#7270,10.);
#2338=VECTOR('',#7271,10.);
#2339=VECTOR('',#7274,10.);
#2340=VECTOR('',#7275,10.);
#2341=VECTOR('',#7276,10.);
#2342=VECTOR('',#7279,10.);
#2343=VECTOR('',#7280,10.);
#2344=VECTOR('',#7281,10.);
#2345=VECTOR('',#7282,10.);
#2346=VECTOR('',#7283,10.);
#2347=VECTOR('',#7284,10.);
#2348=VECTOR('',#7285,10.);
#2349=VECTOR('',#7286,10.);
#2350=VECTOR('',#7287,10.);
#2351=VECTOR('',#7288,10.);
#2352=VECTOR('',#7289,10.);
#2353=VECTOR('',#7290,10.);
#2354=VECTOR('',#7291,10.);
#2355=VECTOR('',#7292,10.);
#2356=VECTOR('',#7293,10.);
#2357=VECTOR('',#7296,10.);
#2358=VECTOR('',#7297,10.);
#2359=VECTOR('',#7298,10.);
#2360=VECTOR('',#7301,10.);
#2361=VECTOR('',#7302,10.);
#2362=VECTOR('',#7303,10.);
#2363=VECTOR('',#7306,10.);
#2364=VECTOR('',#7307,10.);
#2365=VECTOR('',#7308,10.);
#2366=VECTOR('',#7311,10.);
#2367=VECTOR('',#7312,10.);
#2368=VECTOR('',#7313,10.);
#2369=VECTOR('',#7316,10.);
#2370=VECTOR('',#7317,10.);
#2371=VECTOR('',#7318,10.);
#2372=VECTOR('',#7319,10.);
#2373=VECTOR('',#7320,10.);
#2374=VECTOR('',#7321,10.);
#2375=VECTOR('',#7322,10.);
#2376=VECTOR('',#7323,10.);
#2377=VECTOR('',#7324,10.);
#2378=VECTOR('',#7325,10.);
#2379=VECTOR('',#7326,10.);
#2380=VECTOR('',#7329,10.);
#2381=VECTOR('',#7330,10.);
#2382=VECTOR('',#7331,10.);
#2383=VECTOR('',#7334,10.);
#2384=VECTOR('',#7335,10.);
#2385=VECTOR('',#7424,10.8);
#2386=VECTOR('',#7429,10.);
#2387=VECTOR('',#7430,10.);
#2388=VECTOR('',#7431,10.);
#2389=VECTOR('',#7432,10.);
#2390=VECTOR('',#7439,10.);
#2391=VECTOR('',#7442,10.);
#2392=VECTOR('',#7443,10.);
#2393=VECTOR('',#7444,10.);
#2394=VECTOR('',#7451,10.);
#2395=VECTOR('',#7454,10.);
#2396=VECTOR('',#7455,10.);
#2397=VECTOR('',#7456,10.);
#2398=VECTOR('',#7463,10.);
#2399=VECTOR('',#7466,10.);
#2400=VECTOR('',#7467,10.);
#2401=VECTOR('',#7468,10.);
#2402=VECTOR('',#7481,10.);
#2403=VECTOR('',#7482,10.);
#2404=VECTOR('',#7483,10.);
#2405=VECTOR('',#7484,10.);
#2406=VECTOR('',#7491,10.);
#2407=VECTOR('',#7494,10.);
#2408=VECTOR('',#7495,10.);
#2409=VECTOR('',#7496,10.);
#2410=VECTOR('',#7503,10.);
#2411=VECTOR('',#7506,10.);
#2412=VECTOR('',#7507,10.);
#2413=VECTOR('',#7508,10.);
#2414=VECTOR('',#7515,10.);
#2415=VECTOR('',#7518,10.);
#2416=VECTOR('',#7519,10.);
#2417=VECTOR('',#7520,10.);
#2418=VECTOR('',#7547,10.);
#2419=VECTOR('',#7550,10.);
#2420=VECTOR('',#7553,10.);
#2421=VECTOR('',#7556,10.);
#2422=VECTOR('',#7559,10.);
#2423=VECTOR('',#7574,10.);
#2424=VECTOR('',#7575,10.);
#2425=VECTOR('',#7578,10.);
#2426=VECTOR('',#7593,10.);
#2427=VECTOR('',#7596,10.);
#2428=VECTOR('',#7635,10.);
#2429=VECTOR('',#7636,10.);
#2430=VECTOR('',#7645,10.);
#2431=VECTOR('',#7648,10.);
#2432=VECTOR('',#7651,10.);
#2433=VECTOR('',#7654,10.);
#2434=VECTOR('',#7657,10.);
#2435=VECTOR('',#7662,0.6);
#2436=VECTOR('',#7663,0.6);
#2437=VECTOR('',#7666,10.);
#2438=VECTOR('',#7667,10.);
#2439=VECTOR('',#7674,10.);
#2440=VECTOR('',#7729,0.1);
#2441=VECTOR('',#7744,0.1);
#2442=VECTOR('',#7759,0.1);
#2443=VECTOR('',#7770,10.);
#2444=VECTOR('',#7771,10.);
#2445=VECTOR('',#7772,10.);
#2446=VECTOR('',#7773,10.);
#2447=VECTOR('',#7776,10.);
#2448=VECTOR('',#7777,10.);
#2449=VECTOR('',#7778,10.);
#2450=VECTOR('',#7781,10.);
#2451=VECTOR('',#7782,10.);
#2452=VECTOR('',#7783,10.);
#2453=VECTOR('',#7786,10.);
#2454=VECTOR('',#7787,10.);
#2455=VECTOR('',#7790,10.);
#2456=VECTOR('',#7791,10.);
#2457=VECTOR('',#7792,10.);
#2458=VECTOR('',#7795,10.);
#2459=VECTOR('',#7796,10.);
#2460=VECTOR('',#7801,10.);
#2461=VECTOR('',#7802,10.);
#2462=VECTOR('',#7803,10.);
#2463=VECTOR('',#7804,10.);
#2464=VECTOR('',#7807,10.);
#2465=VECTOR('',#7814,10.);
#2466=VECTOR('',#7817,10.);
#2467=VECTOR('',#7820,10.);
#2468=VECTOR('',#7821,10.);
#2469=VECTOR('',#7822,10.);
#2470=VECTOR('',#7825,10.);
#2471=VECTOR('',#7826,10.);
#2472=VECTOR('',#7829,10.);
#2473=VECTOR('',#7832,10.);
#2474=VECTOR('',#7839,10.);
#2475=VECTOR('',#7846,10.);
#2476=VECTOR('',#7847,10.);
#2477=VECTOR('',#7848,10.);
#2478=VECTOR('',#7849,10.);
#2479=VECTOR('',#7852,10.);
#2480=VECTOR('',#7853,10.);
#2481=VECTOR('',#7854,10.);
#2482=VECTOR('',#7857,10.);
#2483=VECTOR('',#7858,10.);
#2484=VECTOR('',#7859,10.);
#2485=VECTOR('',#7862,10.);
#2486=VECTOR('',#7863,10.);
#2487=VECTOR('',#7866,10.);
#2488=VECTOR('',#7867,10.);
#2489=VECTOR('',#7868,10.);
#2490=VECTOR('',#7871,10.);
#2491=VECTOR('',#7872,10.);
#2492=VECTOR('',#7877,10.);
#2493=VECTOR('',#7878,10.);
#2494=VECTOR('',#7879,10.);
#2495=VECTOR('',#7880,10.);
#2496=VECTOR('',#7883,10.);
#2497=VECTOR('',#7890,10.);
#2498=VECTOR('',#7893,10.);
#2499=VECTOR('',#7896,10.);
#2500=VECTOR('',#7897,10.);
#2501=VECTOR('',#7898,10.);
#2502=VECTOR('',#7901,10.);
#2503=VECTOR('',#7902,10.);
#2504=VECTOR('',#7905,10.);
#2505=VECTOR('',#7908,10.);
#2506=VECTOR('',#7915,10.);
#2507=VERTEX_POINT('',#7935);
#2508=VERTEX_POINT('',#7936);
#2509=VERTEX_POINT('',#7938);
#2510=VERTEX_POINT('',#7940);
#2511=VERTEX_POINT('',#7944);
#2512=VERTEX_POINT('',#7945);
#2513=VERTEX_POINT('',#7947);
#2514=VERTEX_POINT('',#7949);
#2515=VERTEX_POINT('',#7961);
#2516=VERTEX_POINT('',#7962);
#2517=VERTEX_POINT('',#7964);
#2518=VERTEX_POINT('',#7966);
#2519=VERTEX_POINT('',#7970);
#2520=VERTEX_POINT('',#7971);
#2521=VERTEX_POINT('',#7973);
#2522=VERTEX_POINT('',#7975);
#2523=VERTEX_POINT('',#7987);
#2524=VERTEX_POINT('',#7988);
#2525=VERTEX_POINT('',#7990);
#2526=VERTEX_POINT('',#7992);
#2527=VERTEX_POINT('',#7996);
#2528=VERTEX_POINT('',#7998);
#2529=VERTEX_POINT('',#8002);
#2530=VERTEX_POINT('',#8004);
#2531=VERTEX_POINT('',#8011);
#2532=VERTEX_POINT('',#8014);
#2533=VERTEX_POINT('',#8019);
#2534=VERTEX_POINT('',#8021);
#2535=VERTEX_POINT('',#8025);
#2536=VERTEX_POINT('',#8027);
#2537=VERTEX_POINT('',#8033);
#2538=VERTEX_POINT('',#8035);
#2539=VERTEX_POINT('',#8039);
#2540=VERTEX_POINT('',#8042);
#2541=VERTEX_POINT('',#8046);
#2542=VERTEX_POINT('',#8048);
#2543=VERTEX_POINT('',#8052);
#2544=VERTEX_POINT('',#8057);
#2545=VERTEX_POINT('',#8059);
#2546=VERTEX_POINT('',#8063);
#2547=VERTEX_POINT('',#8065);
#2548=VERTEX_POINT('',#8071);
#2549=VERTEX_POINT('',#8073);
#2550=VERTEX_POINT('',#8077);
#2551=VERTEX_POINT('',#8079);
#2552=VERTEX_POINT('',#8086);
#2553=VERTEX_POINT('',#8087);
#2554=VERTEX_POINT('',#8089);
#2555=VERTEX_POINT('',#8091);
#2556=VERTEX_POINT('',#8095);
#2557=VERTEX_POINT('',#8097);
#2558=VERTEX_POINT('',#8106);
#2559=VERTEX_POINT('',#8110);
#2560=VERTEX_POINT('',#8124);
#2561=VERTEX_POINT('',#8125);
#2562=VERTEX_POINT('',#8129);
#2563=VERTEX_POINT('',#8131);
#2564=VERTEX_POINT('',#8142);
#2565=VERTEX_POINT('',#8146);
#2566=VERTEX_POINT('',#8152);
#2567=VERTEX_POINT('',#8154);
#2568=VERTEX_POINT('',#8163);
#2569=VERTEX_POINT('',#8167);
#2570=VERTEX_POINT('',#8173);
#2571=VERTEX_POINT('',#8175);
#2572=VERTEX_POINT('',#8184);
#2573=VERTEX_POINT('',#8188);
#2574=VERTEX_POINT('',#8199);
#2575=VERTEX_POINT('',#8203);
#2576=VERTEX_POINT('',#8214);
#2577=VERTEX_POINT('',#8218);
#2578=VERTEX_POINT('',#8224);
#2579=VERTEX_POINT('',#8226);
#2580=VERTEX_POINT('',#8235);
#2581=VERTEX_POINT('',#8239);
#2582=VERTEX_POINT('',#8250);
#2583=VERTEX_POINT('',#8254);
#2584=VERTEX_POINT('',#8265);
#2585=VERTEX_POINT('',#8269);
#2586=VERTEX_POINT('',#8280);
#2587=VERTEX_POINT('',#8284);
#2588=VERTEX_POINT('',#8290);
#2589=VERTEX_POINT('',#8292);
#2590=VERTEX_POINT('',#8301);
#2591=VERTEX_POINT('',#8305);
#2592=VERTEX_POINT('',#8316);
#2593=VERTEX_POINT('',#8320);
#2594=VERTEX_POINT('',#8331);
#2595=VERTEX_POINT('',#8335);
#2596=VERTEX_POINT('',#8341);
#2597=VERTEX_POINT('',#8343);
#2598=VERTEX_POINT('',#8352);
#2599=VERTEX_POINT('',#8356);
#2600=VERTEX_POINT('',#8367);
#2601=VERTEX_POINT('',#8371);
#2602=VERTEX_POINT('',#8395);
#2603=VERTEX_POINT('',#8396);
#2604=VERTEX_POINT('',#8400);
#2605=VERTEX_POINT('',#8402);
#2606=VERTEX_POINT('',#8413);
#2607=VERTEX_POINT('',#8417);
#2608=VERTEX_POINT('',#8428);
#2609=VERTEX_POINT('',#8432);
#2610=VERTEX_POINT('',#8443);
#2611=VERTEX_POINT('',#8447);
#2612=VERTEX_POINT('',#8458);
#2613=VERTEX_POINT('',#8462);
#2614=VERTEX_POINT('',#8473);
#2615=VERTEX_POINT('',#8477);
#2616=VERTEX_POINT('',#8488);
#2617=VERTEX_POINT('',#8492);
#2618=VERTEX_POINT('',#8503);
#2619=VERTEX_POINT('',#8507);
#2620=VERTEX_POINT('',#8518);
#2621=VERTEX_POINT('',#8522);
#2622=VERTEX_POINT('',#8533);
#2623=VERTEX_POINT('',#8537);
#2624=VERTEX_POINT('',#8548);
#2625=VERTEX_POINT('',#8552);
#2626=VERTEX_POINT('',#8563);
#2627=VERTEX_POINT('',#8567);
#2628=VERTEX_POINT('',#8578);
#2629=VERTEX_POINT('',#8582);
#2630=VERTEX_POINT('',#8593);
#2631=VERTEX_POINT('',#8597);
#2632=VERTEX_POINT('',#8608);
#2633=VERTEX_POINT('',#8612);
#2634=VERTEX_POINT('',#8623);
#2635=VERTEX_POINT('',#8627);
#2636=VERTEX_POINT('',#8638);
#2637=VERTEX_POINT('',#8642);
#2638=VERTEX_POINT('',#8653);
#2639=VERTEX_POINT('',#8657);
#2640=VERTEX_POINT('',#8668);
#2641=VERTEX_POINT('',#8672);
#2642=VERTEX_POINT('',#8683);
#2643=VERTEX_POINT('',#8687);
#2644=VERTEX_POINT('',#8710);
#2645=VERTEX_POINT('',#8711);
#2646=VERTEX_POINT('',#8715);
#2647=VERTEX_POINT('',#8717);
#2648=VERTEX_POINT('',#8728);
#2649=VERTEX_POINT('',#8732);
#2650=VERTEX_POINT('',#8743);
#2651=VERTEX_POINT('',#8747);
#2652=VERTEX_POINT('',#8758);
#2653=VERTEX_POINT('',#8762);
#2654=VERTEX_POINT('',#8773);
#2655=VERTEX_POINT('',#8777);
#2656=VERTEX_POINT('',#8788);
#2657=VERTEX_POINT('',#8792);
#2658=VERTEX_POINT('',#8803);
#2659=VERTEX_POINT('',#8807);
#2660=VERTEX_POINT('',#8818);
#2661=VERTEX_POINT('',#8822);
#2662=VERTEX_POINT('',#8833);
#2663=VERTEX_POINT('',#8837);
#2664=VERTEX_POINT('',#8848);
#2665=VERTEX_POINT('',#8852);
#2666=VERTEX_POINT('',#8863);
#2667=VERTEX_POINT('',#8867);
#2668=VERTEX_POINT('',#8878);
#2669=VERTEX_POINT('',#8882);
#2670=VERTEX_POINT('',#8893);
#2671=VERTEX_POINT('',#8897);
#2672=VERTEX_POINT('',#8908);
#2673=VERTEX_POINT('',#8912);
#2674=VERTEX_POINT('',#8923);
#2675=VERTEX_POINT('',#8927);
#2676=VERTEX_POINT('',#8946);
#2677=VERTEX_POINT('',#8947);
#2678=VERTEX_POINT('',#8949);
#2679=VERTEX_POINT('',#8951);
#2680=VERTEX_POINT('',#8960);
#2681=VERTEX_POINT('',#8964);
#2682=VERTEX_POINT('',#8975);
#2683=VERTEX_POINT('',#8979);
#2684=VERTEX_POINT('',#8990);
#2685=VERTEX_POINT('',#8994);
#2686=VERTEX_POINT('',#9005);
#2687=VERTEX_POINT('',#9009);
#2688=VERTEX_POINT('',#9020);
#2689=VERTEX_POINT('',#9024);
#2690=VERTEX_POINT('',#9035);
#2691=VERTEX_POINT('',#9039);
#2692=VERTEX_POINT('',#9050);
#2693=VERTEX_POINT('',#9054);
#2694=VERTEX_POINT('',#9065);
#2695=VERTEX_POINT('',#9069);
#2696=VERTEX_POINT('',#9075);
#2697=VERTEX_POINT('',#9077);
#2698=VERTEX_POINT('',#9081);
#2699=VERTEX_POINT('',#9083);
#2700=VERTEX_POINT('',#9087);
#2701=VERTEX_POINT('',#9089);
#2702=VERTEX_POINT('',#9093);
#2703=VERTEX_POINT('',#9095);
#2704=VERTEX_POINT('',#9099);
#2705=VERTEX_POINT('',#9101);
#2706=VERTEX_POINT('',#9110);
#2707=VERTEX_POINT('',#9114);
#2708=VERTEX_POINT('',#9125);
#2709=VERTEX_POINT('',#9129);
#2710=VERTEX_POINT('',#9140);
#2711=VERTEX_POINT('',#9144);
#2712=VERTEX_POINT('',#9155);
#2713=VERTEX_POINT('',#9159);
#2714=VERTEX_POINT('',#9170);
#2715=VERTEX_POINT('',#9174);
#2716=VERTEX_POINT('',#9185);
#2717=VERTEX_POINT('',#9189);
#2718=VERTEX_POINT('',#9200);
#2719=VERTEX_POINT('',#9204);
#2720=VERTEX_POINT('',#9215);
#2721=VERTEX_POINT('',#9219);
#2722=VERTEX_POINT('',#9230);
#2723=VERTEX_POINT('',#9234);
#2724=VERTEX_POINT('',#9245);
#2725=VERTEX_POINT('',#9249);
#2726=VERTEX_POINT('',#9260);
#2727=VERTEX_POINT('',#9264);
#2728=VERTEX_POINT('',#9275);
#2729=VERTEX_POINT('',#9279);
#2730=VERTEX_POINT('',#9285);
#2731=VERTEX_POINT('',#9287);
#2732=VERTEX_POINT('',#9291);
#2733=VERTEX_POINT('',#9293);
#2734=VERTEX_POINT('',#9297);
#2735=VERTEX_POINT('',#9299);
#2736=VERTEX_POINT('',#9309);
#2737=VERTEX_POINT('',#9311);
#2738=VERTEX_POINT('',#9316);
#2739=VERTEX_POINT('',#9326);
#2740=VERTEX_POINT('',#9327);
#2741=VERTEX_POINT('',#9331);
#2742=VERTEX_POINT('',#9333);
#2743=VERTEX_POINT('',#9344);
#2744=VERTEX_POINT('',#9348);
#2745=VERTEX_POINT('',#9359);
#2746=VERTEX_POINT('',#9363);
#2747=VERTEX_POINT('',#9374);
#2748=VERTEX_POINT('',#9378);
#2749=VERTEX_POINT('',#9389);
#2750=VERTEX_POINT('',#9393);
#2751=VERTEX_POINT('',#9404);
#2752=VERTEX_POINT('',#9408);
#2753=VERTEX_POINT('',#9419);
#2754=VERTEX_POINT('',#9423);
#2755=VERTEX_POINT('',#9434);
#2756=VERTEX_POINT('',#9438);
#2757=VERTEX_POINT('',#9449);
#2758=VERTEX_POINT('',#9453);
#2759=VERTEX_POINT('',#9464);
#2760=VERTEX_POINT('',#9468);
#2761=VERTEX_POINT('',#9479);
#2762=VERTEX_POINT('',#9483);
#2763=VERTEX_POINT('',#9494);
#2764=VERTEX_POINT('',#9498);
#2765=VERTEX_POINT('',#9509);
#2766=VERTEX_POINT('',#9513);
#2767=VERTEX_POINT('',#9524);
#2768=VERTEX_POINT('',#9528);
#2769=VERTEX_POINT('',#9539);
#2770=VERTEX_POINT('',#9543);
#2771=VERTEX_POINT('',#9554);
#2772=VERTEX_POINT('',#9558);
#2773=VERTEX_POINT('',#9569);
#2774=VERTEX_POINT('',#9573);
#2775=VERTEX_POINT('',#9584);
#2776=VERTEX_POINT('',#9588);
#2777=VERTEX_POINT('',#9599);
#2778=VERTEX_POINT('',#9603);
#2779=VERTEX_POINT('',#9614);
#2780=VERTEX_POINT('',#9618);
#2781=VERTEX_POINT('',#9641);
#2782=VERTEX_POINT('',#9642);
#2783=VERTEX_POINT('',#9646);
#2784=VERTEX_POINT('',#9648);
#2785=VERTEX_POINT('',#9659);
#2786=VERTEX_POINT('',#9663);
#2787=VERTEX_POINT('',#9674);
#2788=VERTEX_POINT('',#9678);
#2789=VERTEX_POINT('',#9689);
#2790=VERTEX_POINT('',#9693);
#2791=VERTEX_POINT('',#9704);
#2792=VERTEX_POINT('',#9708);
#2793=VERTEX_POINT('',#9719);
#2794=VERTEX_POINT('',#9723);
#2795=VERTEX_POINT('',#9734);
#2796=VERTEX_POINT('',#9738);
#2797=VERTEX_POINT('',#9749);
#2798=VERTEX_POINT('',#9753);
#2799=VERTEX_POINT('',#9764);
#2800=VERTEX_POINT('',#9768);
#2801=VERTEX_POINT('',#9779);
#2802=VERTEX_POINT('',#9783);
#2803=VERTEX_POINT('',#9794);
#2804=VERTEX_POINT('',#9798);
#2805=VERTEX_POINT('',#9809);
#2806=VERTEX_POINT('',#9813);
#2807=VERTEX_POINT('',#9824);
#2808=VERTEX_POINT('',#9828);
#2809=VERTEX_POINT('',#9839);
#2810=VERTEX_POINT('',#9843);
#2811=VERTEX_POINT('',#9854);
#2812=VERTEX_POINT('',#9858);
#2813=VERTEX_POINT('',#9883);
#2814=VERTEX_POINT('',#9884);
#2815=VERTEX_POINT('',#9888);
#2816=VERTEX_POINT('',#9890);
#2817=VERTEX_POINT('',#9896);
#2818=VERTEX_POINT('',#9898);
#2819=VERTEX_POINT('',#9902);
#2820=VERTEX_POINT('',#9904);
#2821=VERTEX_POINT('',#9916);
#2822=VERTEX_POINT('',#9917);
#2823=VERTEX_POINT('',#9921);
#2824=VERTEX_POINT('',#9923);
#2825=VERTEX_POINT('',#9934);
#2826=VERTEX_POINT('',#9938);
#2827=VERTEX_POINT('',#9944);
#2828=VERTEX_POINT('',#9946);
#2829=VERTEX_POINT('',#9955);
#2830=VERTEX_POINT('',#9959);
#2831=VERTEX_POINT('',#9970);
#2832=VERTEX_POINT('',#9974);
#2833=VERTEX_POINT('',#9985);
#2834=VERTEX_POINT('',#9989);
#2835=VERTEX_POINT('',#9995);
#2836=VERTEX_POINT('',#9997);
#2837=VERTEX_POINT('',#10006);
#2838=VERTEX_POINT('',#10010);
#2839=VERTEX_POINT('',#10021);
#2840=VERTEX_POINT('',#10025);
#2841=VERTEX_POINT('',#10036);
#2842=VERTEX_POINT('',#10040);
#2843=VERTEX_POINT('',#10051);
#2844=VERTEX_POINT('',#10055);
#2845=VERTEX_POINT('',#10061);
#2846=VERTEX_POINT('',#10063);
#2847=VERTEX_POINT('',#10072);
#2848=VERTEX_POINT('',#10076);
#2849=VERTEX_POINT('',#10087);
#2850=VERTEX_POINT('',#10091);
#2851=VERTEX_POINT('',#10102);
#2852=VERTEX_POINT('',#10106);
#2853=VERTEX_POINT('',#10112);
#2854=VERTEX_POINT('',#10114);
#2855=VERTEX_POINT('',#10123);
#2856=VERTEX_POINT('',#10127);
#2857=VERTEX_POINT('',#10133);
#2858=VERTEX_POINT('',#10135);
#2859=VERTEX_POINT('',#10144);
#2860=VERTEX_POINT('',#10148);
#2861=VERTEX_POINT('',#10159);
#2862=VERTEX_POINT('',#10163);
#2863=VERTEX_POINT('',#10183);
#2864=VERTEX_POINT('',#10184);
#2865=VERTEX_POINT('',#10186);
#2866=VERTEX_POINT('',#10188);
#2867=VERTEX_POINT('',#10192);
#2868=VERTEX_POINT('',#10194);
#2869=VERTEX_POINT('',#10198);
#2870=VERTEX_POINT('',#10200);
#2871=VERTEX_POINT('',#10209);
#2872=VERTEX_POINT('',#10213);
#2873=VERTEX_POINT('',#10224);
#2874=VERTEX_POINT('',#10228);
#2875=VERTEX_POINT('',#10239);
#2876=VERTEX_POINT('',#10243);
#2877=VERTEX_POINT('',#10254);
#2878=VERTEX_POINT('',#10258);
#2879=VERTEX_POINT('',#10269);
#2880=VERTEX_POINT('',#10273);
#2881=VERTEX_POINT('',#10284);
#2882=VERTEX_POINT('',#10288);
#2883=VERTEX_POINT('',#10299);
#2884=VERTEX_POINT('',#10303);
#2885=VERTEX_POINT('',#10314);
#2886=VERTEX_POINT('',#10318);
#2887=VERTEX_POINT('',#10329);
#2888=VERTEX_POINT('',#10333);
#2889=VERTEX_POINT('',#10344);
#2890=VERTEX_POINT('',#10348);
#2891=VERTEX_POINT('',#10359);
#2892=VERTEX_POINT('',#10363);
#2893=VERTEX_POINT('',#10374);
#2894=VERTEX_POINT('',#10378);
#2895=VERTEX_POINT('',#10384);
#2896=VERTEX_POINT('',#10386);
#2897=VERTEX_POINT('',#10390);
#2898=VERTEX_POINT('',#10392);
#2899=VERTEX_POINT('',#10396);
#2900=VERTEX_POINT('',#10398);
#2901=VERTEX_POINT('',#10402);
#2902=VERTEX_POINT('',#10404);
#2903=VERTEX_POINT('',#10408);
#2904=VERTEX_POINT('',#10410);
#2905=VERTEX_POINT('',#10419);
#2906=VERTEX_POINT('',#10423);
#2907=VERTEX_POINT('',#10434);
#2908=VERTEX_POINT('',#10438);
#2909=VERTEX_POINT('',#10449);
#2910=VERTEX_POINT('',#10453);
#2911=VERTEX_POINT('',#10464);
#2912=VERTEX_POINT('',#10468);
#2913=VERTEX_POINT('',#10479);
#2914=VERTEX_POINT('',#10483);
#2915=VERTEX_POINT('',#10494);
#2916=VERTEX_POINT('',#10498);
#2917=VERTEX_POINT('',#10509);
#2918=VERTEX_POINT('',#10513);
#2919=VERTEX_POINT('',#10524);
#2920=VERTEX_POINT('',#10528);
#2921=VERTEX_POINT('',#10534);
#2922=VERTEX_POINT('',#10536);
#2923=VERTEX_POINT('',#10546);
#2924=VERTEX_POINT('',#10600);
#2925=VERTEX_POINT('',#10652);
#2926=VERTEX_POINT('',#10706);
#2927=VERTEX_POINT('',#10758);
#2928=VERTEX_POINT('',#10810);
#2929=VERTEX_POINT('',#10864);
#2930=VERTEX_POINT('',#10918);
#2931=VERTEX_POINT('',#10970);
#2932=VERTEX_POINT('',#11024);
#2933=VERTEX_POINT('',#11076);
#2934=VERTEX_POINT('',#11128);
#2935=VERTEX_POINT('',#11182);
#2936=VERTEX_POINT('',#11183);
#2937=VERTEX_POINT('',#11212);
#2938=VERTEX_POINT('',#11246);
#2939=VERTEX_POINT('',#11298);
#2940=VERTEX_POINT('',#11352);
#2941=VERTEX_POINT('',#11404);
#2942=VERTEX_POINT('',#11456);
#2943=VERTEX_POINT('',#11510);
#2944=VERTEX_POINT('',#11564);
#2945=VERTEX_POINT('',#11616);
#2946=VERTEX_POINT('',#11670);
#2947=VERTEX_POINT('',#11722);
#2948=VERTEX_POINT('',#11774);
#2949=VERTEX_POINT('',#11824);
#2950=VERTEX_POINT('',#11826);
#2951=VERTEX_POINT('',#11829);
#2952=VERTEX_POINT('',#11859);
#2953=VERTEX_POINT('',#11862);
#2954=VERTEX_POINT('',#11864);
#2955=VERTEX_POINT('',#11867);
#2956=VERTEX_POINT('',#11872);
#2957=VERTEX_POINT('',#11878);
#2958=VERTEX_POINT('',#11879);
#2959=VERTEX_POINT('',#11881);
#2960=VERTEX_POINT('',#11883);
#2961=VERTEX_POINT('',#11887);
#2962=VERTEX_POINT('',#11889);
#2963=VERTEX_POINT('',#11893);
#2964=VERTEX_POINT('',#11895);
#2965=VERTEX_POINT('',#11899);
#2966=VERTEX_POINT('',#11901);
#2967=VERTEX_POINT('',#11905);
#2968=VERTEX_POINT('',#11907);
#2969=VERTEX_POINT('',#11911);
#2970=VERTEX_POINT('',#11913);
#2971=VERTEX_POINT('',#11917);
#2972=VERTEX_POINT('',#11919);
#2973=VERTEX_POINT('',#11928);
#2974=VERTEX_POINT('',#11929);
#2975=VERTEX_POINT('',#11931);
#2976=VERTEX_POINT('',#11933);
#2977=VERTEX_POINT('',#11937);
#2978=VERTEX_POINT('',#11939);
#2979=VERTEX_POINT('',#11943);
#2980=VERTEX_POINT('',#11945);
#2981=VERTEX_POINT('',#11949);
#2982=VERTEX_POINT('',#11951);
#2983=VERTEX_POINT('',#11955);
#2984=VERTEX_POINT('',#11957);
#2985=VERTEX_POINT('',#11961);
#2986=VERTEX_POINT('',#11963);
#2987=VERTEX_POINT('',#11967);
#2988=VERTEX_POINT('',#11969);
#2989=VERTEX_POINT('',#11997);
#2990=VERTEX_POINT('',#11998);
#2991=VERTEX_POINT('',#12039);
#2992=VERTEX_POINT('',#12044);
#2993=VERTEX_POINT('',#12051);
#2994=VERTEX_POINT('',#12055);
#2995=VERTEX_POINT('',#12057);
#2996=VERTEX_POINT('',#12064);
#2997=VERTEX_POINT('',#12066);
#2998=VERTEX_POINT('',#12068);
#2999=VERTEX_POINT('',#12070);
#3000=VERTEX_POINT('',#12072);
#3001=VERTEX_POINT('',#12074);
#3002=VERTEX_POINT('',#12076);
#3003=VERTEX_POINT('',#12119);
#3004=VERTEX_POINT('',#12125);
#3005=VERTEX_POINT('',#12127);
#3006=VERTEX_POINT('',#12157);
#3007=VERTEX_POINT('',#12159);
#3008=VERTEX_POINT('',#12172);
#3009=VERTEX_POINT('',#12174);
#3010=VERTEX_POINT('',#12193);
#3011=VERTEX_POINT('',#12195);
#3012=VERTEX_POINT('',#12204);
#3013=VERTEX_POINT('',#12211);
#3014=VERTEX_POINT('',#12224);
#3015=VERTEX_POINT('',#12226);
#3016=VERTEX_POINT('',#12237);
#3017=VERTEX_POINT('',#12268);
#3018=VERTEX_POINT('',#12269);
#3019=VERTEX_POINT('',#12271);
#3020=VERTEX_POINT('',#12294);
#3021=VERTEX_POINT('',#12295);
#3022=VERTEX_POINT('',#12345);
#3023=VERTEX_POINT('',#12347);
#3024=VERTEX_POINT('',#12354);
#3025=VERTEX_POINT('',#12358);
#3026=VERTEX_POINT('',#12360);
#3027=VERTEX_POINT('',#12369);
#3028=VERTEX_POINT('',#12399);
#3029=VERTEX_POINT('',#12440);
#3030=VERTEX_POINT('',#12449);
#3031=VERTEX_POINT('',#12451);
#3032=VERTEX_POINT('',#12453);
#3033=VERTEX_POINT('',#12455);
#3034=VERTEX_POINT('',#12457);
#3035=VERTEX_POINT('',#12459);
#3036=VERTEX_POINT('',#12463);
#3037=VERTEX_POINT('',#12469);
#3038=VERTEX_POINT('',#12470);
#3039=VERTEX_POINT('',#12472);
#3040=VERTEX_POINT('',#12474);
#3041=VERTEX_POINT('',#12489);
#3042=VERTEX_POINT('',#12508);
#3043=VERTEX_POINT('',#12512);
#3044=VERTEX_POINT('',#12517);
#3045=VERTEX_POINT('',#12530);
#3046=VERTEX_POINT('',#12546);
#3047=VERTEX_POINT('',#12563);
#3048=VERTEX_POINT('',#13190);
#3049=VERTEX_POINT('',#13192);
#3050=VERTEX_POINT('',#13856);
#3051=VERTEX_POINT('',#13858);
#3052=VERTEX_POINT('',#14368);
#3053=VERTEX_POINT('',#14370);
#3054=VERTEX_POINT('',#14416);
#3055=VERTEX_POINT('',#14418);
#3056=VERTEX_POINT('',#14420);
#3057=VERTEX_POINT('',#14424);
#3058=VERTEX_POINT('',#14426);
#3059=VERTEX_POINT('',#14430);
#3060=VERTEX_POINT('',#14432);
#3061=VERTEX_POINT('',#14436);
#3062=VERTEX_POINT('',#14438);
#3063=VERTEX_POINT('',#14442);
#3064=VERTEX_POINT('',#14449);
#3065=VERTEX_POINT('',#14450);
#3066=VERTEX_POINT('',#14452);
#3067=VERTEX_POINT('',#14454);
#3068=VERTEX_POINT('',#14458);
#3069=VERTEX_POINT('',#14460);
#3070=VERTEX_POINT('',#14464);
#3071=VERTEX_POINT('',#14466);
#3072=VERTEX_POINT('',#14473);
#3073=VERTEX_POINT('',#14475);
#3074=VERTEX_POINT('',#14479);
#3075=VERTEX_POINT('',#14484);
#3076=VERTEX_POINT('',#14485);
#3077=VERTEX_POINT('',#14487);
#3078=VERTEX_POINT('',#14489);
#3079=VERTEX_POINT('',#14493);
#3080=VERTEX_POINT('',#14498);
#3081=VERTEX_POINT('',#14500);
#3082=VERTEX_POINT('',#14505);
#3083=VERTEX_POINT('',#14509);
#3084=VERTEX_POINT('',#14523);
#3085=VERTEX_POINT('',#14524);
#3086=VERTEX_POINT('',#14526);
#3087=VERTEX_POINT('',#14528);
#3088=VERTEX_POINT('',#14532);
#3089=VERTEX_POINT('',#14534);
#3090=VERTEX_POINT('',#14538);
#3091=VERTEX_POINT('',#14540);
#3092=VERTEX_POINT('',#14547);
#3093=VERTEX_POINT('',#14549);
#3094=VERTEX_POINT('',#14553);
#3095=VERTEX_POINT('',#14558);
#3096=VERTEX_POINT('',#14559);
#3097=VERTEX_POINT('',#14561);
#3098=VERTEX_POINT('',#14563);
#3099=VERTEX_POINT('',#14567);
#3100=VERTEX_POINT('',#14572);
#3101=VERTEX_POINT('',#14574);
#3102=VERTEX_POINT('',#14579);
#3103=VERTEX_POINT('',#14583);
#3104=EDGE_CURVE('',#2507,#2508,#1683,.T.);
#3105=EDGE_CURVE('',#2509,#2507,#1684,.T.);
#3106=EDGE_CURVE('',#2510,#2509,#1685,.T.);
#3107=EDGE_CURVE('',#2508,#2510,#1686,.T.);
#3108=EDGE_CURVE('',#2511,#2512,#1687,.T.);
#3109=EDGE_CURVE('',#2513,#2511,#1688,.T.);
#3110=EDGE_CURVE('',#2514,#2513,#1689,.T.);
#3111=EDGE_CURVE('',#2512,#2514,#1690,.T.);
#3112=EDGE_CURVE('',#2508,#2511,#751,.T.);
#3113=EDGE_CURVE('',#2512,#2507,#752,.T.);
#3114=EDGE_CURVE('',#2510,#2513,#753,.T.);
#3115=EDGE_CURVE('',#2514,#2509,#754,.T.);
#3116=EDGE_CURVE('',#2515,#2516,#1691,.T.);
#3117=EDGE_CURVE('',#2517,#2515,#1692,.T.);
#3118=EDGE_CURVE('',#2518,#2517,#1693,.T.);
#3119=EDGE_CURVE('',#2516,#2518,#1694,.T.);
#3120=EDGE_CURVE('',#2519,#2520,#1695,.T.);
#3121=EDGE_CURVE('',#2521,#2519,#1696,.T.);
#3122=EDGE_CURVE('',#2522,#2521,#1697,.T.);
#3123=EDGE_CURVE('',#2520,#2522,#1698,.T.);
#3124=EDGE_CURVE('',#2521,#2518,#755,.T.);
#3125=EDGE_CURVE('',#2517,#2522,#756,.T.);
#3126=EDGE_CURVE('',#2519,#2516,#757,.T.);
#3127=EDGE_CURVE('',#2515,#2520,#758,.T.);
#3128=EDGE_CURVE('',#2523,#2524,#1699,.T.);
#3129=EDGE_CURVE('',#2523,#2525,#1700,.T.);
#3130=EDGE_CURVE('',#2526,#2525,#1701,.T.);
#3131=EDGE_CURVE('',#2524,#2526,#1702,.T.);
#3132=EDGE_CURVE('',#2527,#2523,#759,.T.);
#3133=EDGE_CURVE('',#2527,#2528,#1703,.T.);
#3134=EDGE_CURVE('',#2525,#2528,#760,.T.);
#3135=EDGE_CURVE('',#2529,#2527,#1704,.T.);
#3136=EDGE_CURVE('',#2530,#2529,#1705,.T.);
#3137=EDGE_CURVE('',#2528,#2530,#1706,.T.);
#3138=EDGE_CURVE('',#2526,#2530,#761,.T.);
#3139=EDGE_CURVE('',#2524,#2529,#762,.T.);
#3140=EDGE_CURVE('',#2531,#2531,#763,.T.);
#3141=EDGE_CURVE('',#2532,#2532,#764,.T.);
#3142=EDGE_CURVE('',#2532,#2531,#1707,.T.);
#3143=EDGE_CURVE('',#2533,#2533,#765,.T.);
#3144=EDGE_CURVE('',#2533,#2534,#1708,.T.);
#3145=EDGE_CURVE('',#2534,#2534,#766,.T.);
#3146=EDGE_CURVE('',#2535,#2535,#767,.T.);
#3147=EDGE_CURVE('',#2535,#2536,#1709,.T.);
#3148=EDGE_CURVE('',#2536,#2536,#768,.T.);
#3149=EDGE_CURVE('',#2537,#2537,#769,.T.);
#3150=EDGE_CURVE('',#2537,#2538,#770,.T.);
#3151=EDGE_CURVE('',#2538,#2538,#771,.T.);
#3152=EDGE_CURVE('',#2539,#2539,#772,.T.);
#3153=EDGE_CURVE('',#2538,#2540,#1710,.T.);
#3154=EDGE_CURVE('',#2540,#2540,#773,.T.);
#3155=EDGE_CURVE('',#2539,#2541,#774,.T.);
#3156=EDGE_CURVE('',#2541,#2542,#775,.T.);
#3157=EDGE_CURVE('',#2542,#2541,#776,.T.);
#3158=EDGE_CURVE('',#2542,#2543,#1711,.T.);
#3159=EDGE_CURVE('',#2543,#2543,#777,.T.);
#3160=EDGE_CURVE('',#2544,#2544,#778,.T.);
#3161=EDGE_CURVE('',#2544,#2545,#1712,.T.);
#3162=EDGE_CURVE('',#2545,#2545,#779,.T.);
#3163=EDGE_CURVE('',#2546,#2546,#780,.T.);
#3164=EDGE_CURVE('',#2546,#2547,#1713,.T.);
#3165=EDGE_CURVE('',#2547,#2547,#781,.T.);
#3166=EDGE_CURVE('',#2548,#2548,#782,.T.);
#3167=EDGE_CURVE('',#2548,#2549,#1714,.T.);
#3168=EDGE_CURVE('',#2549,#2549,#783,.T.);
#3169=EDGE_CURVE('',#2550,#2550,#784,.T.);
#3170=EDGE_CURVE('',#2550,#2551,#1715,.T.);
#3171=EDGE_CURVE('',#2551,#2551,#785,.T.);
#3172=EDGE_CURVE('',#2552,#2553,#1716,.T.);
#3173=EDGE_CURVE('',#2552,#2554,#1717,.T.);
#3174=EDGE_CURVE('',#2554,#2555,#1718,.T.);
#3175=EDGE_CURVE('',#2553,#2555,#1719,.T.);
#3176=EDGE_CURVE('',#2556,#2552,#1720,.T.);
#3177=EDGE_CURVE('',#2556,#2557,#1721,.T.);
#3178=EDGE_CURVE('',#2557,#2554,#1722,.T.);
#3179=EDGE_CURVE('',#2558,#2556,#64,.T.);
#3180=EDGE_CURVE('',#2558,#2559,#1723,.T.);
#3181=EDGE_CURVE('',#2559,#2557,#65,.T.);
#3182=EDGE_CURVE('',#2553,#2558,#1724,.T.);
#3183=EDGE_CURVE('',#2555,#2559,#1725,.T.);
#3184=EDGE_CURVE('',#2560,#2561,#66,.T.);
#3185=EDGE_CURVE('',#2560,#2562,#1726,.T.);
#3186=EDGE_CURVE('',#2562,#2563,#67,.T.);
#3187=EDGE_CURVE('',#2561,#2563,#1727,.T.);
#3188=EDGE_CURVE('',#2564,#2560,#68,.T.);
#3189=EDGE_CURVE('',#2564,#2565,#1728,.T.);
#3190=EDGE_CURVE('',#2565,#2562,#69,.T.);
#3191=EDGE_CURVE('',#2566,#2564,#1729,.T.);
#3192=EDGE_CURVE('',#2566,#2567,#1730,.T.);
#3193=EDGE_CURVE('',#2567,#2565,#1731,.T.);
#3194=EDGE_CURVE('',#2568,#2566,#70,.T.);
#3195=EDGE_CURVE('',#2568,#2569,#1732,.T.);
#3196=EDGE_CURVE('',#2569,#2567,#71,.T.);
#3197=EDGE_CURVE('',#2570,#2568,#1733,.T.);
#3198=EDGE_CURVE('',#2570,#2571,#1734,.T.);
#3199=EDGE_CURVE('',#2571,#2569,#1735,.T.);
#3200=EDGE_CURVE('',#2572,#2570,#72,.T.);
#3201=EDGE_CURVE('',#2572,#2573,#1736,.T.);
#3202=EDGE_CURVE('',#2573,#2571,#73,.T.);
#3203=EDGE_CURVE('',#2574,#2572,#74,.T.);
#3204=EDGE_CURVE('',#2574,#2575,#1737,.T.);
#3205=EDGE_CURVE('',#2575,#2573,#75,.T.);
#3206=EDGE_CURVE('',#2576,#2574,#76,.T.);
#3207=EDGE_CURVE('',#2576,#2577,#1738,.T.);
#3208=EDGE_CURVE('',#2577,#2575,#77,.T.);
#3209=EDGE_CURVE('',#2578,#2576,#1739,.T.);
#3210=EDGE_CURVE('',#2578,#2579,#1740,.T.);
#3211=EDGE_CURVE('',#2579,#2577,#1741,.T.);
#3212=EDGE_CURVE('',#2580,#2578,#78,.T.);
#3213=EDGE_CURVE('',#2580,#2581,#1742,.T.);
#3214=EDGE_CURVE('',#2581,#2579,#79,.T.);
#3215=EDGE_CURVE('',#2582,#2580,#80,.T.);
#3216=EDGE_CURVE('',#2582,#2583,#1743,.T.);
#3217=EDGE_CURVE('',#2583,#2581,#81,.T.);
#3218=EDGE_CURVE('',#2584,#2582,#82,.T.);
#3219=EDGE_CURVE('',#2584,#2585,#1744,.T.);
#3220=EDGE_CURVE('',#2585,#2583,#83,.T.);
#3221=EDGE_CURVE('',#2586,#2584,#84,.T.);
#3222=EDGE_CURVE('',#2586,#2587,#1745,.T.);
#3223=EDGE_CURVE('',#2587,#2585,#85,.T.);
#3224=EDGE_CURVE('',#2588,#2586,#1746,.T.);
#3225=EDGE_CURVE('',#2588,#2589,#1747,.T.);
#3226=EDGE_CURVE('',#2589,#2587,#1748,.T.);
#3227=EDGE_CURVE('',#2590,#2588,#86,.T.);
#3228=EDGE_CURVE('',#2590,#2591,#1749,.T.);
#3229=EDGE_CURVE('',#2591,#2589,#87,.T.);
#3230=EDGE_CURVE('',#2592,#2590,#88,.T.);
#3231=EDGE_CURVE('',#2592,#2593,#1750,.T.);
#3232=EDGE_CURVE('',#2593,#2591,#89,.T.);
#3233=EDGE_CURVE('',#2594,#2592,#90,.T.);
#3234=EDGE_CURVE('',#2594,#2595,#1751,.T.);
#3235=EDGE_CURVE('',#2595,#2593,#91,.T.);
#3236=EDGE_CURVE('',#2596,#2594,#1752,.T.);
#3237=EDGE_CURVE('',#2596,#2597,#1753,.T.);
#3238=EDGE_CURVE('',#2597,#2595,#1754,.T.);
#3239=EDGE_CURVE('',#2598,#2596,#92,.T.);
#3240=EDGE_CURVE('',#2598,#2599,#1755,.T.);
#3241=EDGE_CURVE('',#2599,#2597,#93,.T.);
#3242=EDGE_CURVE('',#2600,#2598,#94,.T.);
#3243=EDGE_CURVE('',#2600,#2601,#1756,.T.);
#3244=EDGE_CURVE('',#2601,#2599,#95,.T.);
#3245=EDGE_CURVE('',#2561,#2600,#96,.T.);
#3246=EDGE_CURVE('',#2563,#2601,#97,.T.);
#3247=EDGE_CURVE('',#2602,#2603,#98,.T.);
#3248=EDGE_CURVE('',#2602,#2604,#1757,.T.);
#3249=EDGE_CURVE('',#2604,#2605,#99,.T.);
#3250=EDGE_CURVE('',#2603,#2605,#1758,.T.);
#3251=EDGE_CURVE('',#2606,#2602,#100,.T.);
#3252=EDGE_CURVE('',#2606,#2607,#1759,.T.);
#3253=EDGE_CURVE('',#2607,#2604,#101,.T.);
#3254=EDGE_CURVE('',#2608,#2606,#102,.T.);
#3255=EDGE_CURVE('',#2608,#2609,#1760,.T.);
#3256=EDGE_CURVE('',#2609,#2607,#103,.T.);
#3257=EDGE_CURVE('',#2610,#2608,#104,.T.);
#3258=EDGE_CURVE('',#2610,#2611,#1761,.T.);
#3259=EDGE_CURVE('',#2611,#2609,#105,.T.);
#3260=EDGE_CURVE('',#2612,#2610,#106,.T.);
#3261=EDGE_CURVE('',#2612,#2613,#1762,.T.);
#3262=EDGE_CURVE('',#2613,#2611,#107,.T.);
#3263=EDGE_CURVE('',#2614,#2612,#108,.T.);
#3264=EDGE_CURVE('',#2614,#2615,#1763,.T.);
#3265=EDGE_CURVE('',#2615,#2613,#109,.T.);
#3266=EDGE_CURVE('',#2616,#2614,#110,.T.);
#3267=EDGE_CURVE('',#2616,#2617,#1764,.T.);
#3268=EDGE_CURVE('',#2617,#2615,#111,.T.);
#3269=EDGE_CURVE('',#2618,#2616,#112,.T.);
#3270=EDGE_CURVE('',#2618,#2619,#1765,.T.);
#3271=EDGE_CURVE('',#2619,#2617,#113,.T.);
#3272=EDGE_CURVE('',#2620,#2618,#114,.T.);
#3273=EDGE_CURVE('',#2620,#2621,#1766,.T.);
#3274=EDGE_CURVE('',#2621,#2619,#115,.T.);
#3275=EDGE_CURVE('',#2622,#2620,#116,.T.);
#3276=EDGE_CURVE('',#2622,#2623,#1767,.T.);
#3277=EDGE_CURVE('',#2623,#2621,#117,.T.);
#3278=EDGE_CURVE('',#2624,#2622,#118,.T.);
#3279=EDGE_CURVE('',#2624,#2625,#1768,.T.);
#3280=EDGE_CURVE('',#2625,#2623,#119,.T.);
#3281=EDGE_CURVE('',#2626,#2624,#120,.T.);
#3282=EDGE_CURVE('',#2626,#2627,#1769,.T.);
#3283=EDGE_CURVE('',#2627,#2625,#121,.T.);
#3284=EDGE_CURVE('',#2628,#2626,#122,.T.);
#3285=EDGE_CURVE('',#2628,#2629,#1770,.T.);
#3286=EDGE_CURVE('',#2629,#2627,#123,.T.);
#3287=EDGE_CURVE('',#2630,#2628,#124,.T.);
#3288=EDGE_CURVE('',#2630,#2631,#1771,.T.);
#3289=EDGE_CURVE('',#2631,#2629,#125,.T.);
#3290=EDGE_CURVE('',#2632,#2630,#126,.T.);
#3291=EDGE_CURVE('',#2632,#2633,#1772,.T.);
#3292=EDGE_CURVE('',#2633,#2631,#127,.T.);
#3293=EDGE_CURVE('',#2634,#2632,#128,.T.);
#3294=EDGE_CURVE('',#2634,#2635,#1773,.T.);
#3295=EDGE_CURVE('',#2635,#2633,#129,.T.);
#3296=EDGE_CURVE('',#2636,#2634,#130,.T.);
#3297=EDGE_CURVE('',#2636,#2637,#1774,.T.);
#3298=EDGE_CURVE('',#2637,#2635,#131,.T.);
#3299=EDGE_CURVE('',#2638,#2636,#132,.T.);
#3300=EDGE_CURVE('',#2638,#2639,#1775,.T.);
#3301=EDGE_CURVE('',#2639,#2637,#133,.T.);
#3302=EDGE_CURVE('',#2640,#2638,#134,.T.);
#3303=EDGE_CURVE('',#2640,#2641,#1776,.T.);
#3304=EDGE_CURVE('',#2641,#2639,#135,.T.);
#3305=EDGE_CURVE('',#2642,#2640,#136,.T.);
#3306=EDGE_CURVE('',#2642,#2643,#1777,.T.);
#3307=EDGE_CURVE('',#2643,#2641,#137,.T.);
#3308=EDGE_CURVE('',#2603,#2642,#138,.T.);
#3309=EDGE_CURVE('',#2605,#2643,#139,.T.);
#3310=EDGE_CURVE('',#2644,#2645,#140,.T.);
#3311=EDGE_CURVE('',#2644,#2646,#1778,.T.);
#3312=EDGE_CURVE('',#2646,#2647,#141,.T.);
#3313=EDGE_CURVE('',#2645,#2647,#1779,.T.);
#3314=EDGE_CURVE('',#2648,#2644,#142,.T.);
#3315=EDGE_CURVE('',#2648,#2649,#1780,.T.);
#3316=EDGE_CURVE('',#2649,#2646,#143,.T.);
#3317=EDGE_CURVE('',#2650,#2648,#144,.T.);
#3318=EDGE_CURVE('',#2650,#2651,#1781,.T.);
#3319=EDGE_CURVE('',#2651,#2649,#145,.T.);
#3320=EDGE_CURVE('',#2652,#2650,#146,.T.);
#3321=EDGE_CURVE('',#2652,#2653,#1782,.T.);
#3322=EDGE_CURVE('',#2653,#2651,#147,.T.);
#3323=EDGE_CURVE('',#2654,#2652,#148,.T.);
#3324=EDGE_CURVE('',#2654,#2655,#1783,.T.);
#3325=EDGE_CURVE('',#2655,#2653,#149,.T.);
#3326=EDGE_CURVE('',#2656,#2654,#150,.T.);
#3327=EDGE_CURVE('',#2656,#2657,#1784,.T.);
#3328=EDGE_CURVE('',#2657,#2655,#151,.T.);
#3329=EDGE_CURVE('',#2658,#2656,#152,.T.);
#3330=EDGE_CURVE('',#2658,#2659,#1785,.T.);
#3331=EDGE_CURVE('',#2659,#2657,#153,.T.);
#3332=EDGE_CURVE('',#2660,#2658,#154,.T.);
#3333=EDGE_CURVE('',#2660,#2661,#1786,.T.);
#3334=EDGE_CURVE('',#2661,#2659,#155,.T.);
#3335=EDGE_CURVE('',#2662,#2660,#156,.T.);
#3336=EDGE_CURVE('',#2662,#2663,#1787,.T.);
#3337=EDGE_CURVE('',#2663,#2661,#157,.T.);
#3338=EDGE_CURVE('',#2664,#2662,#158,.T.);
#3339=EDGE_CURVE('',#2664,#2665,#1788,.T.);
#3340=EDGE_CURVE('',#2665,#2663,#159,.T.);
#3341=EDGE_CURVE('',#2666,#2664,#160,.T.);
#3342=EDGE_CURVE('',#2666,#2667,#1789,.T.);
#3343=EDGE_CURVE('',#2667,#2665,#161,.T.);
#3344=EDGE_CURVE('',#2668,#2666,#162,.T.);
#3345=EDGE_CURVE('',#2668,#2669,#1790,.T.);
#3346=EDGE_CURVE('',#2669,#2667,#163,.T.);
#3347=EDGE_CURVE('',#2670,#2668,#164,.T.);
#3348=EDGE_CURVE('',#2670,#2671,#1791,.T.);
#3349=EDGE_CURVE('',#2671,#2669,#165,.T.);
#3350=EDGE_CURVE('',#2672,#2670,#166,.T.);
#3351=EDGE_CURVE('',#2672,#2673,#1792,.T.);
#3352=EDGE_CURVE('',#2673,#2671,#167,.T.);
#3353=EDGE_CURVE('',#2674,#2672,#168,.T.);
#3354=EDGE_CURVE('',#2674,#2675,#1793,.T.);
#3355=EDGE_CURVE('',#2675,#2673,#169,.T.);
#3356=EDGE_CURVE('',#2645,#2674,#170,.T.);
#3357=EDGE_CURVE('',#2647,#2675,#171,.T.);
#3358=EDGE_CURVE('',#2676,#2677,#1794,.T.);
#3359=EDGE_CURVE('',#2676,#2678,#1795,.T.);
#3360=EDGE_CURVE('',#2678,#2679,#1796,.T.);
#3361=EDGE_CURVE('',#2677,#2679,#1797,.T.);
#3362=EDGE_CURVE('',#2680,#2676,#172,.T.);
#3363=EDGE_CURVE('',#2680,#2681,#1798,.T.);
#3364=EDGE_CURVE('',#2681,#2678,#173,.T.);
#3365=EDGE_CURVE('',#2682,#2680,#174,.T.);
#3366=EDGE_CURVE('',#2682,#2683,#1799,.T.);
#3367=EDGE_CURVE('',#2683,#2681,#175,.T.);
#3368=EDGE_CURVE('',#2684,#2682,#176,.T.);
#3369=EDGE_CURVE('',#2684,#2685,#1800,.T.);
#3370=EDGE_CURVE('',#2685,#2683,#177,.T.);
#3371=EDGE_CURVE('',#2686,#2684,#178,.T.);
#3372=EDGE_CURVE('',#2686,#2687,#1801,.T.);
#3373=EDGE_CURVE('',#2687,#2685,#179,.T.);
#3374=EDGE_CURVE('',#2688,#2686,#180,.T.);
#3375=EDGE_CURVE('',#2688,#2689,#1802,.T.);
#3376=EDGE_CURVE('',#2689,#2687,#181,.T.);
#3377=EDGE_CURVE('',#2690,#2688,#182,.T.);
#3378=EDGE_CURVE('',#2690,#2691,#1803,.T.);
#3379=EDGE_CURVE('',#2691,#2689,#183,.T.);
#3380=EDGE_CURVE('',#2692,#2690,#184,.T.);
#3381=EDGE_CURVE('',#2692,#2693,#1804,.T.);
#3382=EDGE_CURVE('',#2693,#2691,#185,.T.);
#3383=EDGE_CURVE('',#2694,#2692,#186,.T.);
#3384=EDGE_CURVE('',#2694,#2695,#1805,.T.);
#3385=EDGE_CURVE('',#2695,#2693,#187,.T.);
#3386=EDGE_CURVE('',#2696,#2694,#1806,.T.);
#3387=EDGE_CURVE('',#2696,#2697,#1807,.T.);
#3388=EDGE_CURVE('',#2697,#2695,#1808,.T.);
#3389=EDGE_CURVE('',#2698,#2696,#1809,.T.);
#3390=EDGE_CURVE('',#2698,#2699,#1810,.T.);
#3391=EDGE_CURVE('',#2699,#2697,#1811,.T.);
#3392=EDGE_CURVE('',#2700,#2698,#1812,.T.);
#3393=EDGE_CURVE('',#2700,#2701,#1813,.T.);
#3394=EDGE_CURVE('',#2701,#2699,#1814,.T.);
#3395=EDGE_CURVE('',#2702,#2700,#1815,.T.);
#3396=EDGE_CURVE('',#2702,#2703,#1816,.T.);
#3397=EDGE_CURVE('',#2703,#2701,#1817,.T.);
#3398=EDGE_CURVE('',#2704,#2702,#1818,.T.);
#3399=EDGE_CURVE('',#2704,#2705,#1819,.T.);
#3400=EDGE_CURVE('',#2705,#2703,#1820,.T.);
#3401=EDGE_CURVE('',#2706,#2704,#188,.T.);
#3402=EDGE_CURVE('',#2706,#2707,#1821,.T.);
#3403=EDGE_CURVE('',#2707,#2705,#189,.T.);
#3404=EDGE_CURVE('',#2708,#2706,#190,.T.);
#3405=EDGE_CURVE('',#2708,#2709,#1822,.T.);
#3406=EDGE_CURVE('',#2709,#2707,#191,.T.);
#3407=EDGE_CURVE('',#2710,#2708,#192,.T.);
#3408=EDGE_CURVE('',#2710,#2711,#1823,.T.);
#3409=EDGE_CURVE('',#2711,#2709,#193,.T.);
#3410=EDGE_CURVE('',#2712,#2710,#194,.T.);
#3411=EDGE_CURVE('',#2712,#2713,#1824,.T.);
#3412=EDGE_CURVE('',#2713,#2711,#195,.T.);
#3413=EDGE_CURVE('',#2714,#2712,#196,.T.);
#3414=EDGE_CURVE('',#2714,#2715,#1825,.T.);
#3415=EDGE_CURVE('',#2715,#2713,#197,.T.);
#3416=EDGE_CURVE('',#2716,#2714,#198,.T.);
#3417=EDGE_CURVE('',#2716,#2717,#1826,.T.);
#3418=EDGE_CURVE('',#2717,#2715,#199,.T.);
#3419=EDGE_CURVE('',#2718,#2716,#200,.T.);
#3420=EDGE_CURVE('',#2718,#2719,#1827,.T.);
#3421=EDGE_CURVE('',#2719,#2717,#201,.T.);
#3422=EDGE_CURVE('',#2720,#2718,#202,.T.);
#3423=EDGE_CURVE('',#2720,#2721,#1828,.T.);
#3424=EDGE_CURVE('',#2721,#2719,#203,.T.);
#3425=EDGE_CURVE('',#2722,#2720,#204,.T.);
#3426=EDGE_CURVE('',#2722,#2723,#1829,.T.);
#3427=EDGE_CURVE('',#2723,#2721,#205,.T.);
#3428=EDGE_CURVE('',#2724,#2722,#206,.T.);
#3429=EDGE_CURVE('',#2724,#2725,#1830,.T.);
#3430=EDGE_CURVE('',#2725,#2723,#207,.T.);
#3431=EDGE_CURVE('',#2726,#2724,#208,.T.);
#3432=EDGE_CURVE('',#2726,#2727,#1831,.T.);
#3433=EDGE_CURVE('',#2727,#2725,#209,.T.);
#3434=EDGE_CURVE('',#2728,#2726,#210,.T.);
#3435=EDGE_CURVE('',#2728,#2729,#1832,.T.);
#3436=EDGE_CURVE('',#2729,#2727,#211,.T.);
#3437=EDGE_CURVE('',#2730,#2728,#1833,.T.);
#3438=EDGE_CURVE('',#2730,#2731,#1834,.T.);
#3439=EDGE_CURVE('',#2731,#2729,#1835,.T.);
#3440=EDGE_CURVE('',#2732,#2730,#1836,.T.);
#3441=EDGE_CURVE('',#2732,#2733,#1837,.T.);
#3442=EDGE_CURVE('',#2733,#2731,#1838,.T.);
#3443=EDGE_CURVE('',#2734,#2732,#1839,.T.);
#3444=EDGE_CURVE('',#2734,#2735,#1840,.T.);
#3445=EDGE_CURVE('',#2735,#2733,#1841,.T.);
#3446=EDGE_CURVE('',#2677,#2734,#1842,.T.);
#3447=EDGE_CURVE('',#2679,#2735,#1843,.T.);
#3448=EDGE_CURVE('',#2736,#2736,#786,.T.);
#3449=EDGE_CURVE('',#2736,#2737,#787,.T.);
#3450=EDGE_CURVE('',#2737,#2737,#788,.T.);
#3451=EDGE_CURVE('',#2738,#2738,#789,.T.);
#3452=EDGE_CURVE('',#2738,#2737,#1844,.T.);
#3453=EDGE_CURVE('',#2739,#2740,#212,.T.);
#3454=EDGE_CURVE('',#2739,#2741,#1845,.T.);
#3455=EDGE_CURVE('',#2742,#2741,#213,.T.);
#3456=EDGE_CURVE('',#2740,#2742,#1846,.T.);
#3457=EDGE_CURVE('',#2740,#2743,#214,.T.);
#3458=EDGE_CURVE('',#2744,#2742,#215,.T.);
#3459=EDGE_CURVE('',#2743,#2744,#1847,.T.);
#3460=EDGE_CURVE('',#2743,#2745,#216,.T.);
#3461=EDGE_CURVE('',#2746,#2744,#217,.T.);
#3462=EDGE_CURVE('',#2745,#2746,#1848,.T.);
#3463=EDGE_CURVE('',#2745,#2747,#218,.T.);
#3464=EDGE_CURVE('',#2748,#2746,#219,.T.);
#3465=EDGE_CURVE('',#2747,#2748,#1849,.T.);
#3466=EDGE_CURVE('',#2747,#2749,#220,.T.);
#3467=EDGE_CURVE('',#2750,#2748,#221,.T.);
#3468=EDGE_CURVE('',#2749,#2750,#1850,.T.);
#3469=EDGE_CURVE('',#2749,#2751,#222,.T.);
#3470=EDGE_CURVE('',#2752,#2750,#223,.T.);
#3471=EDGE_CURVE('',#2751,#2752,#1851,.T.);
#3472=EDGE_CURVE('',#2751,#2753,#224,.T.);
#3473=EDGE_CURVE('',#2754,#2752,#225,.T.);
#3474=EDGE_CURVE('',#2753,#2754,#1852,.T.);
#3475=EDGE_CURVE('',#2753,#2755,#226,.T.);
#3476=EDGE_CURVE('',#2756,#2754,#227,.T.);
#3477=EDGE_CURVE('',#2755,#2756,#1853,.T.);
#3478=EDGE_CURVE('',#2755,#2757,#228,.T.);
#3479=EDGE_CURVE('',#2758,#2756,#229,.T.);
#3480=EDGE_CURVE('',#2757,#2758,#1854,.T.);
#3481=EDGE_CURVE('',#2757,#2759,#230,.T.);
#3482=EDGE_CURVE('',#2760,#2758,#231,.T.);
#3483=EDGE_CURVE('',#2759,#2760,#1855,.T.);
#3484=EDGE_CURVE('',#2759,#2761,#232,.T.);
#3485=EDGE_CURVE('',#2762,#2760,#233,.T.);
#3486=EDGE_CURVE('',#2761,#2762,#1856,.T.);
#3487=EDGE_CURVE('',#2761,#2763,#234,.T.);
#3488=EDGE_CURVE('',#2764,#2762,#235,.T.);
#3489=EDGE_CURVE('',#2763,#2764,#1857,.T.);
#3490=EDGE_CURVE('',#2763,#2765,#236,.T.);
#3491=EDGE_CURVE('',#2766,#2764,#237,.T.);
#3492=EDGE_CURVE('',#2765,#2766,#1858,.T.);
#3493=EDGE_CURVE('',#2765,#2767,#238,.T.);
#3494=EDGE_CURVE('',#2768,#2766,#239,.T.);
#3495=EDGE_CURVE('',#2767,#2768,#1859,.T.);
#3496=EDGE_CURVE('',#2767,#2769,#240,.T.);
#3497=EDGE_CURVE('',#2770,#2768,#241,.T.);
#3498=EDGE_CURVE('',#2769,#2770,#1860,.T.);
#3499=EDGE_CURVE('',#2769,#2771,#242,.T.);
#3500=EDGE_CURVE('',#2772,#2770,#243,.T.);
#3501=EDGE_CURVE('',#2771,#2772,#1861,.T.);
#3502=EDGE_CURVE('',#2771,#2773,#244,.T.);
#3503=EDGE_CURVE('',#2774,#2772,#245,.T.);
#3504=EDGE_CURVE('',#2773,#2774,#1862,.T.);
#3505=EDGE_CURVE('',#2773,#2775,#246,.T.);
#3506=EDGE_CURVE('',#2776,#2774,#247,.T.);
#3507=EDGE_CURVE('',#2775,#2776,#1863,.T.);
#3508=EDGE_CURVE('',#2775,#2777,#248,.T.);
#3509=EDGE_CURVE('',#2778,#2776,#249,.T.);
#3510=EDGE_CURVE('',#2777,#2778,#1864,.T.);
#3511=EDGE_CURVE('',#2777,#2779,#250,.T.);
#3512=EDGE_CURVE('',#2780,#2778,#251,.T.);
#3513=EDGE_CURVE('',#2779,#2780,#1865,.T.);
#3514=EDGE_CURVE('',#2779,#2739,#252,.T.);
#3515=EDGE_CURVE('',#2741,#2780,#253,.T.);
#3516=EDGE_CURVE('',#2781,#2782,#254,.T.);
#3517=EDGE_CURVE('',#2781,#2783,#1866,.T.);
#3518=EDGE_CURVE('',#2784,#2783,#255,.T.);
#3519=EDGE_CURVE('',#2782,#2784,#1867,.T.);
#3520=EDGE_CURVE('',#2782,#2785,#256,.T.);
#3521=EDGE_CURVE('',#2786,#2784,#257,.T.);
#3522=EDGE_CURVE('',#2785,#2786,#1868,.T.);
#3523=EDGE_CURVE('',#2785,#2787,#258,.T.);
#3524=EDGE_CURVE('',#2788,#2786,#259,.T.);
#3525=EDGE_CURVE('',#2787,#2788,#1869,.T.);
#3526=EDGE_CURVE('',#2787,#2789,#260,.T.);
#3527=EDGE_CURVE('',#2790,#2788,#261,.T.);
#3528=EDGE_CURVE('',#2789,#2790,#1870,.T.);
#3529=EDGE_CURVE('',#2789,#2791,#262,.T.);
#3530=EDGE_CURVE('',#2792,#2790,#263,.T.);
#3531=EDGE_CURVE('',#2791,#2792,#1871,.T.);
#3532=EDGE_CURVE('',#2791,#2793,#264,.T.);
#3533=EDGE_CURVE('',#2794,#2792,#265,.T.);
#3534=EDGE_CURVE('',#2793,#2794,#1872,.T.);
#3535=EDGE_CURVE('',#2793,#2795,#266,.T.);
#3536=EDGE_CURVE('',#2796,#2794,#267,.T.);
#3537=EDGE_CURVE('',#2795,#2796,#1873,.T.);
#3538=EDGE_CURVE('',#2795,#2797,#268,.T.);
#3539=EDGE_CURVE('',#2798,#2796,#269,.T.);
#3540=EDGE_CURVE('',#2797,#2798,#1874,.T.);
#3541=EDGE_CURVE('',#2797,#2799,#270,.T.);
#3542=EDGE_CURVE('',#2800,#2798,#271,.T.);
#3543=EDGE_CURVE('',#2799,#2800,#1875,.T.);
#3544=EDGE_CURVE('',#2799,#2801,#272,.T.);
#3545=EDGE_CURVE('',#2802,#2800,#273,.T.);
#3546=EDGE_CURVE('',#2801,#2802,#1876,.T.);
#3547=EDGE_CURVE('',#2801,#2803,#274,.T.);
#3548=EDGE_CURVE('',#2804,#2802,#275,.T.);
#3549=EDGE_CURVE('',#2803,#2804,#1877,.T.);
#3550=EDGE_CURVE('',#2803,#2805,#276,.T.);
#3551=EDGE_CURVE('',#2806,#2804,#277,.T.);
#3552=EDGE_CURVE('',#2805,#2806,#1878,.T.);
#3553=EDGE_CURVE('',#2805,#2807,#278,.T.);
#3554=EDGE_CURVE('',#2808,#2806,#279,.T.);
#3555=EDGE_CURVE('',#2807,#2808,#1879,.T.);
#3556=EDGE_CURVE('',#2807,#2809,#280,.T.);
#3557=EDGE_CURVE('',#2810,#2808,#281,.T.);
#3558=EDGE_CURVE('',#2809,#2810,#1880,.T.);
#3559=EDGE_CURVE('',#2809,#2811,#282,.T.);
#3560=EDGE_CURVE('',#2812,#2810,#283,.T.);
#3561=EDGE_CURVE('',#2811,#2812,#1881,.T.);
#3562=EDGE_CURVE('',#2811,#2781,#284,.T.);
#3563=EDGE_CURVE('',#2783,#2812,#285,.T.);
#3564=EDGE_CURVE('',#2813,#2814,#286,.T.);
#3565=EDGE_CURVE('',#2813,#2815,#1882,.T.);
#3566=EDGE_CURVE('',#2816,#2815,#287,.T.);
#3567=EDGE_CURVE('',#2814,#2816,#1883,.T.);
#3568=EDGE_CURVE('',#2814,#2817,#1884,.T.);
#3569=EDGE_CURVE('',#2818,#2816,#1885,.T.);
#3570=EDGE_CURVE('',#2817,#2818,#1886,.T.);
#3571=EDGE_CURVE('',#2817,#2819,#1887,.T.);
#3572=EDGE_CURVE('',#2820,#2818,#1888,.T.);
#3573=EDGE_CURVE('',#2819,#2820,#1889,.T.);
#3574=EDGE_CURVE('',#2819,#2813,#1890,.T.);
#3575=EDGE_CURVE('',#2815,#2820,#1891,.T.);
#3576=EDGE_CURVE('',#2821,#2822,#288,.T.);
#3577=EDGE_CURVE('',#2821,#2823,#1892,.T.);
#3578=EDGE_CURVE('',#2824,#2823,#289,.T.);
#3579=EDGE_CURVE('',#2822,#2824,#1893,.T.);
#3580=EDGE_CURVE('',#2822,#2825,#290,.T.);
#3581=EDGE_CURVE('',#2826,#2824,#291,.T.);
#3582=EDGE_CURVE('',#2825,#2826,#1894,.T.);
#3583=EDGE_CURVE('',#2825,#2827,#1895,.T.);
#3584=EDGE_CURVE('',#2828,#2826,#1896,.T.);
#3585=EDGE_CURVE('',#2827,#2828,#1897,.T.);
#3586=EDGE_CURVE('',#2827,#2829,#292,.T.);
#3587=EDGE_CURVE('',#2830,#2828,#293,.T.);
#3588=EDGE_CURVE('',#2829,#2830,#1898,.T.);
#3589=EDGE_CURVE('',#2829,#2831,#294,.T.);
#3590=EDGE_CURVE('',#2832,#2830,#295,.T.);
#3591=EDGE_CURVE('',#2831,#2832,#1899,.T.);
#3592=EDGE_CURVE('',#2831,#2833,#296,.T.);
#3593=EDGE_CURVE('',#2834,#2832,#297,.T.);
#3594=EDGE_CURVE('',#2833,#2834,#1900,.T.);
#3595=EDGE_CURVE('',#2833,#2835,#1901,.T.);
#3596=EDGE_CURVE('',#2836,#2834,#1902,.T.);
#3597=EDGE_CURVE('',#2835,#2836,#1903,.T.);
#3598=EDGE_CURVE('',#2835,#2837,#298,.T.);
#3599=EDGE_CURVE('',#2838,#2836,#299,.T.);
#3600=EDGE_CURVE('',#2837,#2838,#1904,.T.);
#3601=EDGE_CURVE('',#2837,#2839,#300,.T.);
#3602=EDGE_CURVE('',#2840,#2838,#301,.T.);
#3603=EDGE_CURVE('',#2839,#2840,#1905,.T.);
#3604=EDGE_CURVE('',#2839,#2841,#302,.T.);
#3605=EDGE_CURVE('',#2842,#2840,#303,.T.);
#3606=EDGE_CURVE('',#2841,#2842,#1906,.T.);
#3607=EDGE_CURVE('',#2841,#2843,#304,.T.);
#3608=EDGE_CURVE('',#2844,#2842,#305,.T.);
#3609=EDGE_CURVE('',#2843,#2844,#1907,.T.);
#3610=EDGE_CURVE('',#2843,#2845,#1908,.T.);
#3611=EDGE_CURVE('',#2846,#2844,#1909,.T.);
#3612=EDGE_CURVE('',#2845,#2846,#1910,.T.);
#3613=EDGE_CURVE('',#2845,#2847,#306,.T.);
#3614=EDGE_CURVE('',#2848,#2846,#307,.T.);
#3615=EDGE_CURVE('',#2847,#2848,#1911,.T.);
#3616=EDGE_CURVE('',#2847,#2849,#308,.T.);
#3617=EDGE_CURVE('',#2850,#2848,#309,.T.);
#3618=EDGE_CURVE('',#2849,#2850,#1912,.T.);
#3619=EDGE_CURVE('',#2849,#2851,#310,.T.);
#3620=EDGE_CURVE('',#2852,#2850,#311,.T.);
#3621=EDGE_CURVE('',#2851,#2852,#1913,.T.);
#3622=EDGE_CURVE('',#2851,#2853,#1914,.T.);
#3623=EDGE_CURVE('',#2854,#2852,#1915,.T.);
#3624=EDGE_CURVE('',#2853,#2854,#1916,.T.);
#3625=EDGE_CURVE('',#2853,#2855,#312,.T.);
#3626=EDGE_CURVE('',#2856,#2854,#313,.T.);
#3627=EDGE_CURVE('',#2855,#2856,#1917,.T.);
#3628=EDGE_CURVE('',#2855,#2857,#1918,.T.);
#3629=EDGE_CURVE('',#2858,#2856,#1919,.T.);
#3630=EDGE_CURVE('',#2857,#2858,#1920,.T.);
#3631=EDGE_CURVE('',#2857,#2859,#314,.T.);
#3632=EDGE_CURVE('',#2860,#2858,#315,.T.);
#3633=EDGE_CURVE('',#2859,#2860,#1921,.T.);
#3634=EDGE_CURVE('',#2859,#2861,#316,.T.);
#3635=EDGE_CURVE('',#2862,#2860,#317,.T.);
#3636=EDGE_CURVE('',#2861,#2862,#1922,.T.);
#3637=EDGE_CURVE('',#2861,#2821,#318,.T.);
#3638=EDGE_CURVE('',#2823,#2862,#319,.T.);
#3639=EDGE_CURVE('',#2863,#2864,#1923,.T.);
#3640=EDGE_CURVE('',#2863,#2865,#1924,.T.);
#3641=EDGE_CURVE('',#2866,#2865,#1925,.T.);
#3642=EDGE_CURVE('',#2864,#2866,#1926,.T.);
#3643=EDGE_CURVE('',#2864,#2867,#1927,.T.);
#3644=EDGE_CURVE('',#2868,#2866,#1928,.T.);
#3645=EDGE_CURVE('',#2867,#2868,#1929,.T.);
#3646=EDGE_CURVE('',#2867,#2869,#1930,.T.);
#3647=EDGE_CURVE('',#2870,#2868,#1931,.T.);
#3648=EDGE_CURVE('',#2869,#2870,#1932,.T.);
#3649=EDGE_CURVE('',#2869,#2871,#320,.T.);
#3650=EDGE_CURVE('',#2872,#2870,#321,.T.);
#3651=EDGE_CURVE('',#2871,#2872,#1933,.T.);
#3652=EDGE_CURVE('',#2871,#2873,#322,.T.);
#3653=EDGE_CURVE('',#2874,#2872,#323,.T.);
#3654=EDGE_CURVE('',#2873,#2874,#1934,.T.);
#3655=EDGE_CURVE('',#2873,#2875,#324,.T.);
#3656=EDGE_CURVE('',#2876,#2874,#325,.T.);
#3657=EDGE_CURVE('',#2875,#2876,#1935,.T.);
#3658=EDGE_CURVE('',#2875,#2877,#326,.T.);
#3659=EDGE_CURVE('',#2878,#2876,#327,.T.);
#3660=EDGE_CURVE('',#2877,#2878,#1936,.T.);
#3661=EDGE_CURVE('',#2877,#2879,#328,.T.);
#3662=EDGE_CURVE('',#2880,#2878,#329,.T.);
#3663=EDGE_CURVE('',#2879,#2880,#1937,.T.);
#3664=EDGE_CURVE('',#2879,#2881,#330,.T.);
#3665=EDGE_CURVE('',#2882,#2880,#331,.T.);
#3666=EDGE_CURVE('',#2881,#2882,#1938,.T.);
#3667=EDGE_CURVE('',#2881,#2883,#332,.T.);
#3668=EDGE_CURVE('',#2884,#2882,#333,.T.);
#3669=EDGE_CURVE('',#2883,#2884,#1939,.T.);
#3670=EDGE_CURVE('',#2883,#2885,#334,.T.);
#3671=EDGE_CURVE('',#2886,#2884,#335,.T.);
#3672=EDGE_CURVE('',#2885,#2886,#1940,.T.);
#3673=EDGE_CURVE('',#2885,#2887,#336,.T.);
#3674=EDGE_CURVE('',#2888,#2886,#337,.T.);
#3675=EDGE_CURVE('',#2887,#2888,#1941,.T.);
#3676=EDGE_CURVE('',#2887,#2889,#338,.T.);
#3677=EDGE_CURVE('',#2890,#2888,#339,.T.);
#3678=EDGE_CURVE('',#2889,#2890,#1942,.T.);
#3679=EDGE_CURVE('',#2889,#2891,#340,.T.);
#3680=EDGE_CURVE('',#2892,#2890,#341,.T.);
#3681=EDGE_CURVE('',#2891,#2892,#1943,.T.);
#3682=EDGE_CURVE('',#2891,#2893,#342,.T.);
#3683=EDGE_CURVE('',#2894,#2892,#343,.T.);
#3684=EDGE_CURVE('',#2893,#2894,#1944,.T.);
#3685=EDGE_CURVE('',#2893,#2895,#1945,.T.);
#3686=EDGE_CURVE('',#2896,#2894,#1946,.T.);
#3687=EDGE_CURVE('',#2895,#2896,#1947,.T.);
#3688=EDGE_CURVE('',#2895,#2897,#1948,.T.);
#3689=EDGE_CURVE('',#2898,#2896,#1949,.T.);
#3690=EDGE_CURVE('',#2897,#2898,#1950,.T.);
#3691=EDGE_CURVE('',#2897,#2899,#1951,.T.);
#3692=EDGE_CURVE('',#2900,#2898,#1952,.T.);
#3693=EDGE_CURVE('',#2899,#2900,#1953,.T.);
#3694=EDGE_CURVE('',#2899,#2901,#1954,.T.);
#3695=EDGE_CURVE('',#2902,#2900,#1955,.T.);
#3696=EDGE_CURVE('',#2901,#2902,#1956,.T.);
#3697=EDGE_CURVE('',#2901,#2903,#1957,.T.);
#3698=EDGE_CURVE('',#2904,#2902,#1958,.T.);
#3699=EDGE_CURVE('',#2903,#2904,#1959,.T.);
#3700=EDGE_CURVE('',#2903,#2905,#344,.T.);
#3701=EDGE_CURVE('',#2906,#2904,#345,.T.);
#3702=EDGE_CURVE('',#2905,#2906,#1960,.T.);
#3703=EDGE_CURVE('',#2905,#2907,#346,.T.);
#3704=EDGE_CURVE('',#2908,#2906,#347,.T.);
#3705=EDGE_CURVE('',#2907,#2908,#1961,.T.);
#3706=EDGE_CURVE('',#2907,#2909,#348,.T.);
#3707=EDGE_CURVE('',#2910,#2908,#349,.T.);
#3708=EDGE_CURVE('',#2909,#2910,#1962,.T.);
#3709=EDGE_CURVE('',#2909,#2911,#350,.T.);
#3710=EDGE_CURVE('',#2912,#2910,#351,.T.);
#3711=EDGE_CURVE('',#2911,#2912,#1963,.T.);
#3712=EDGE_CURVE('',#2911,#2913,#352,.T.);
#3713=EDGE_CURVE('',#2914,#2912,#353,.T.);
#3714=EDGE_CURVE('',#2913,#2914,#1964,.T.);
#3715=EDGE_CURVE('',#2913,#2915,#354,.T.);
#3716=EDGE_CURVE('',#2916,#2914,#355,.T.);
#3717=EDGE_CURVE('',#2915,#2916,#1965,.T.);
#3718=EDGE_CURVE('',#2915,#2917,#356,.T.);
#3719=EDGE_CURVE('',#2918,#2916,#357,.T.);
#3720=EDGE_CURVE('',#2917,#2918,#1966,.T.);
#3721=EDGE_CURVE('',#2917,#2919,#358,.T.);
#3722=EDGE_CURVE('',#2920,#2918,#359,.T.);
#3723=EDGE_CURVE('',#2919,#2920,#1967,.T.);
#3724=EDGE_CURVE('',#2919,#2921,#1968,.T.);
#3725=EDGE_CURVE('',#2922,#2920,#1969,.T.);
#3726=EDGE_CURVE('',#2921,#2922,#1970,.T.);
#3727=EDGE_CURVE('',#2921,#2863,#1971,.T.);
#3728=EDGE_CURVE('',#2865,#2922,#1972,.T.);
#3729=EDGE_CURVE('',#2923,#2923,#360,.T.);
#3730=EDGE_CURVE('',#2924,#2924,#361,.T.);
#3731=EDGE_CURVE('',#2925,#2925,#362,.T.);
#3732=EDGE_CURVE('',#2926,#2926,#363,.T.);
#3733=EDGE_CURVE('',#2927,#2927,#364,.T.);
#3734=EDGE_CURVE('',#2928,#2928,#365,.T.);
#3735=EDGE_CURVE('',#2929,#2929,#366,.T.);
#3736=EDGE_CURVE('',#2930,#2930,#367,.T.);
#3737=EDGE_CURVE('',#2931,#2931,#368,.T.);
#3738=EDGE_CURVE('',#2932,#2932,#369,.T.);
#3739=EDGE_CURVE('',#2933,#2933,#370,.T.);
#3740=EDGE_CURVE('',#2934,#2934,#371,.T.);
#3741=EDGE_CURVE('',#2935,#2936,#372,.T.);
#3742=EDGE_CURVE('',#2937,#2935,#373,.T.);
#3743=EDGE_CURVE('',#2936,#2937,#374,.T.);
#3744=EDGE_CURVE('',#2938,#2938,#375,.T.);
#3745=EDGE_CURVE('',#2939,#2939,#376,.T.);
#3746=EDGE_CURVE('',#2940,#2940,#377,.T.);
#3747=EDGE_CURVE('',#2941,#2941,#378,.T.);
#3748=EDGE_CURVE('',#2942,#2942,#379,.T.);
#3749=EDGE_CURVE('',#2943,#2943,#380,.T.);
#3750=EDGE_CURVE('',#2944,#2944,#381,.T.);
#3751=EDGE_CURVE('',#2945,#2945,#382,.T.);
#3752=EDGE_CURVE('',#2946,#2946,#383,.T.);
#3753=EDGE_CURVE('',#2947,#2947,#384,.T.);
#3754=EDGE_CURVE('',#2948,#2948,#385,.T.);
#3755=EDGE_CURVE('',#2949,#2949,#790,.T.);
#3756=EDGE_CURVE('',#2950,#2950,#791,.T.);
#3757=EDGE_CURVE('',#2950,#2951,#792,.T.);
#3758=EDGE_CURVE('',#2951,#2951,#793,.T.);
#3759=EDGE_CURVE('',#2951,#2952,#794,.T.);
#3760=EDGE_CURVE('',#2953,#2953,#795,.T.);
#3761=EDGE_CURVE('',#2953,#2954,#796,.T.);
#3762=EDGE_CURVE('',#2955,#2955,#797,.T.);
#3763=EDGE_CURVE('',#2955,#2936,#798,.T.);
#3764=EDGE_CURVE('',#2937,#2953,#799,.T.);
#3765=EDGE_CURVE('',#2956,#2956,#800,.T.);
#3766=EDGE_CURVE('',#2949,#2956,#1973,.T.);
#3767=EDGE_CURVE('',#2957,#2958,#1974,.T.);
#3768=EDGE_CURVE('',#2957,#2959,#1975,.T.);
#3769=EDGE_CURVE('',#2960,#2959,#1976,.T.);
#3770=EDGE_CURVE('',#2958,#2960,#1977,.T.);
#3771=EDGE_CURVE('',#2961,#2958,#801,.T.);
#3772=EDGE_CURVE('',#2962,#2960,#802,.T.);
#3773=EDGE_CURVE('',#2961,#2962,#1978,.T.);
#3774=EDGE_CURVE('',#2963,#2961,#1979,.T.);
#3775=EDGE_CURVE('',#2964,#2962,#1980,.T.);
#3776=EDGE_CURVE('',#2963,#2964,#1981,.T.);
#3777=EDGE_CURVE('',#2963,#2965,#803,.T.);
#3778=EDGE_CURVE('',#2966,#2964,#804,.T.);
#3779=EDGE_CURVE('',#2965,#2966,#1982,.T.);
#3780=EDGE_CURVE('',#2967,#2965,#1983,.T.);
#3781=EDGE_CURVE('',#2968,#2966,#1984,.T.);
#3782=EDGE_CURVE('',#2967,#2968,#1985,.T.);
#3783=EDGE_CURVE('',#2969,#2967,#805,.T.);
#3784=EDGE_CURVE('',#2970,#2968,#806,.T.);
#3785=EDGE_CURVE('',#2969,#2970,#1986,.T.);
#3786=EDGE_CURVE('',#2971,#2969,#1987,.T.);
#3787=EDGE_CURVE('',#2972,#2970,#1988,.T.);
#3788=EDGE_CURVE('',#2971,#2972,#1989,.T.);
#3789=EDGE_CURVE('',#2957,#2971,#807,.T.);
#3790=EDGE_CURVE('',#2959,#2972,#808,.T.);
#3791=EDGE_CURVE('',#2973,#2974,#1990,.T.);
#3792=EDGE_CURVE('',#2974,#2975,#1991,.T.);
#3793=EDGE_CURVE('',#2976,#2975,#1992,.T.);
#3794=EDGE_CURVE('',#2973,#2976,#1993,.T.);
#3795=EDGE_CURVE('',#2977,#2973,#809,.T.);
#3796=EDGE_CURVE('',#2978,#2976,#810,.T.);
#3797=EDGE_CURVE('',#2977,#2978,#1994,.T.);
#3798=EDGE_CURVE('',#2977,#2979,#1995,.T.);
#3799=EDGE_CURVE('',#2980,#2978,#1996,.T.);
#3800=EDGE_CURVE('',#2979,#2980,#1997,.T.);
#3801=EDGE_CURVE('',#2981,#2979,#811,.T.);
#3802=EDGE_CURVE('',#2982,#2980,#812,.T.);
#3803=EDGE_CURVE('',#2981,#2982,#1998,.T.);
#3804=EDGE_CURVE('',#2983,#2981,#1999,.T.);
#3805=EDGE_CURVE('',#2984,#2982,#2000,.T.);
#3806=EDGE_CURVE('',#2983,#2984,#2001,.T.);
#3807=EDGE_CURVE('',#2985,#2983,#813,.T.);
#3808=EDGE_CURVE('',#2986,#2984,#814,.T.);
#3809=EDGE_CURVE('',#2985,#2986,#2002,.T.);
#3810=EDGE_CURVE('',#2987,#2985,#2003,.T.);
#3811=EDGE_CURVE('',#2988,#2986,#2004,.T.);
#3812=EDGE_CURVE('',#2987,#2988,#2005,.T.);
#3813=EDGE_CURVE('',#2987,#2974,#815,.T.);
#3814=EDGE_CURVE('',#2975,#2988,#816,.T.);
#3815=EDGE_CURVE('',#2989,#2990,#386,.T.);
#3816=EDGE_CURVE('',#2990,#2991,#387,.T.);
#3817=EDGE_CURVE('',#2991,#2992,#817,.T.);
#3818=EDGE_CURVE('',#2992,#2989,#388,.T.);
#3819=EDGE_CURVE('',#2991,#2993,#818,.T.);
#3820=EDGE_CURVE('',#2993,#2992,#819,.T.);
#3821=EDGE_CURVE('',#2990,#2994,#820,.T.);
#3822=EDGE_CURVE('',#2995,#2994,#389,.T.);
#3823=EDGE_CURVE('',#2991,#2995,#821,.T.);
#3824=EDGE_CURVE('',#2996,#2989,#2006,.T.);
#3825=EDGE_CURVE('',#2997,#2996,#822,.T.);
#3826=EDGE_CURVE('',#2998,#2997,#2007,.T.);
#3827=EDGE_CURVE('',#2999,#2998,#823,.T.);
#3828=EDGE_CURVE('',#3000,#2999,#2008,.T.);
#3829=EDGE_CURVE('',#3001,#3000,#824,.T.);
#3830=EDGE_CURVE('',#3002,#3001,#2009,.T.);
#3831=EDGE_CURVE('',#2994,#3002,#390,.T.);
#3832=EDGE_CURVE('',#3003,#2992,#2010,.T.);
#3833=EDGE_CURVE('',#2996,#3003,#37,.T.);
#3834=EDGE_CURVE('',#2995,#3004,#825,.T.);
#3835=EDGE_CURVE('',#3004,#3005,#826,.T.);
#3836=EDGE_CURVE('',#3005,#2995,#827,.T.);
#3837=EDGE_CURVE('',#3002,#3004,#391,.T.);
#3838=EDGE_CURVE('',#3005,#2993,#828,.T.);
#3839=EDGE_CURVE('',#3004,#3006,#2011,.T.);
#3840=EDGE_CURVE('',#3007,#3006,#392,.T.);
#3841=EDGE_CURVE('',#3007,#3005,#2012,.T.);
#3842=EDGE_CURVE('',#2993,#3008,#2013,.T.);
#3843=EDGE_CURVE('',#3009,#3008,#393,.T.);
#3844=EDGE_CURVE('',#3009,#3003,#394,.F.);
#3845=EDGE_CURVE('',#3008,#3007,#829,.T.);
#3846=EDGE_CURVE('',#3006,#3010,#830,.T.);
#3847=EDGE_CURVE('',#3010,#3011,#395,.T.);
#3848=EDGE_CURVE('',#3011,#3012,#396,.T.);
#3849=EDGE_CURVE('',#3012,#3009,#831,.T.);
#3850=EDGE_CURVE('',#3013,#3012,#397,.F.);
#3851=EDGE_CURVE('',#2997,#3013,#38,.T.);
#3852=EDGE_CURVE('',#3014,#3011,#35,.T.);
#3853=EDGE_CURVE('',#3014,#3015,#398,.T.);
#3854=EDGE_CURVE('',#3015,#3013,#2014,.T.);
#3855=EDGE_CURVE('',#3010,#3016,#2015,.T.);
#3856=EDGE_CURVE('',#3016,#3014,#399,.T.);
#3857=EDGE_CURVE('',#3000,#3010,#39,.T.);
#3858=EDGE_CURVE('',#2999,#3016,#40,.T.);
#3859=EDGE_CURVE('',#3001,#3006,#41,.T.);
#3860=EDGE_CURVE('',#3016,#3015,#832,.T.);
#3861=EDGE_CURVE('',#2998,#3015,#42,.T.);
#3862=EDGE_CURVE('',#3017,#3018,#833,.T.);
#3863=EDGE_CURVE('',#3018,#3019,#834,.T.);
#3864=EDGE_CURVE('',#3019,#3017,#835,.T.);
#3865=EDGE_CURVE('',#3020,#3021,#400,.T.);
#3866=EDGE_CURVE('',#3021,#3018,#401,.T.);
#3867=EDGE_CURVE('',#3017,#3020,#402,.T.);
#3868=EDGE_CURVE('',#3022,#3017,#836,.T.);
#3869=EDGE_CURVE('',#3023,#3022,#403,.T.);
#3870=EDGE_CURVE('',#3023,#3020,#837,.T.);
#3871=EDGE_CURVE('',#3019,#3024,#838,.T.);
#3872=EDGE_CURVE('',#3022,#3024,#839,.T.);
#3873=EDGE_CURVE('',#3018,#3025,#2016,.T.);
#3874=EDGE_CURVE('',#3025,#3026,#404,.F.);
#3875=EDGE_CURVE('',#3026,#3027,#405,.T.);
#3876=EDGE_CURVE('',#3027,#3019,#2017,.T.);
#3877=EDGE_CURVE('',#3028,#3023,#406,.T.);
#3878=EDGE_CURVE('',#3022,#3029,#840,.T.);
#3879=EDGE_CURVE('',#3029,#3028,#407,.T.);
#3880=EDGE_CURVE('',#3024,#3029,#841,.T.);
#3881=EDGE_CURVE('',#3030,#3028,#2018,.T.);
#3882=EDGE_CURVE('',#3031,#3030,#842,.T.);
#3883=EDGE_CURVE('',#3032,#3031,#2019,.T.);
#3884=EDGE_CURVE('',#3033,#3032,#843,.T.);
#3885=EDGE_CURVE('',#3034,#3033,#2020,.T.);
#3886=EDGE_CURVE('',#3035,#3034,#844,.T.);
#3887=EDGE_CURVE('',#3021,#3035,#2021,.T.);
#3888=EDGE_CURVE('',#3036,#3029,#2022,.T.);
#3889=EDGE_CURVE('',#3030,#3036,#43,.T.);
#3890=EDGE_CURVE('',#3037,#3038,#36,.T.);
#3891=EDGE_CURVE('',#3038,#3039,#2023,.T.);
#3892=EDGE_CURVE('',#3039,#3040,#408,.F.);
#3893=EDGE_CURVE('',#3040,#3041,#2024,.T.);
#3894=EDGE_CURVE('',#3041,#3037,#409,.T.);
#3895=EDGE_CURVE('',#3039,#3042,#44,.T.);
#3896=EDGE_CURVE('',#3043,#3038,#2025,.T.);
#3897=EDGE_CURVE('',#3032,#3043,#45,.T.);
#3898=EDGE_CURVE('',#3031,#3044,#46,.T.);
#3899=EDGE_CURVE('',#3042,#3044,#2026,.T.);
#3900=EDGE_CURVE('',#3037,#3043,#410,.T.);
#3901=EDGE_CURVE('',#3042,#3045,#411,.T.);
#3902=EDGE_CURVE('',#3045,#3044,#412,.T.);
#3903=EDGE_CURVE('',#3024,#3046,#2027,.T.);
#3904=EDGE_CURVE('',#3046,#3036,#413,.T.);
#3905=EDGE_CURVE('',#3045,#3026,#845,.T.);
#3906=EDGE_CURVE('',#3044,#3036,#846,.T.);
#3907=EDGE_CURVE('',#3046,#3027,#847,.T.);
#3908=EDGE_CURVE('',#3041,#3047,#414,.T.);
#3909=EDGE_CURVE('',#3047,#3043,#848,.T.);
#3910=EDGE_CURVE('',#3033,#3047,#47,.T.);
#3911=EDGE_CURVE('',#3034,#3040,#48,.T.);
#3912=EDGE_CURVE('',#3035,#3025,#49,.T.);
#3913=EDGE_CURVE('',#3048,#3048,#849,.T.);
#3914=EDGE_CURVE('',#3048,#3049,#415,.T.);
#3915=EDGE_CURVE('',#3049,#3049,#850,.T.);
#3916=EDGE_CURVE('',#3050,#3050,#851,.T.);
#3917=EDGE_CURVE('',#3050,#3051,#416,.T.);
#3918=EDGE_CURVE('',#3051,#3051,#852,.T.);
#3919=EDGE_CURVE('',#3052,#3052,#853,.T.);
#3920=EDGE_CURVE('',#3052,#3053,#417,.T.);
#3921=EDGE_CURVE('',#3053,#3053,#854,.T.);
#3922=EDGE_CURVE('',#3054,#3054,#855,.T.);
#3923=EDGE_CURVE('',#3054,#3055,#2028,.T.);
#3924=EDGE_CURVE('',#3055,#3056,#856,.T.);
#3925=EDGE_CURVE('',#3056,#3055,#857,.T.);
#3926=EDGE_CURVE('',#3056,#3057,#858,.T.);
#3927=EDGE_CURVE('',#3057,#3058,#859,.T.);
#3928=EDGE_CURVE('',#3058,#3057,#860,.T.);
#3929=EDGE_CURVE('',#3058,#3059,#2029,.T.);
#3930=EDGE_CURVE('',#3059,#3060,#861,.T.);
#3931=EDGE_CURVE('',#3060,#3059,#862,.T.);
#3932=EDGE_CURVE('',#3060,#3061,#863,.T.);
#3933=EDGE_CURVE('',#3061,#3062,#864,.T.);
#3934=EDGE_CURVE('',#3062,#3061,#865,.T.);
#3935=EDGE_CURVE('',#3062,#3063,#2030,.T.);
#3936=EDGE_CURVE('',#3063,#3063,#866,.T.);
#3937=EDGE_CURVE('',#3064,#3065,#2031,.T.);
#3938=EDGE_CURVE('',#3065,#3066,#2032,.T.);
#3939=EDGE_CURVE('',#3066,#3067,#2033,.T.);
#3940=EDGE_CURVE('',#3064,#3067,#2034,.T.);
#3941=EDGE_CURVE('',#3068,#3066,#2035,.T.);
#3942=EDGE_CURVE('',#3065,#3069,#2036,.T.);
#3943=EDGE_CURVE('',#3069,#3068,#2037,.T.);
#3944=EDGE_CURVE('',#3070,#3068,#2038,.T.);
#3945=EDGE_CURVE('',#3069,#3071,#2039,.T.);
#3946=EDGE_CURVE('',#3071,#3070,#2040,.T.);
#3947=EDGE_CURVE('',#3067,#3070,#2041,.T.);
#3948=EDGE_CURVE('',#3071,#3064,#2042,.T.);
#3949=EDGE_CURVE('',#3067,#3072,#2043,.T.);
#3950=EDGE_CURVE('',#3073,#3072,#2044,.T.);
#3951=EDGE_CURVE('',#3073,#3070,#2045,.T.);
#3952=EDGE_CURVE('',#3074,#3066,#2046,.T.);
#3953=EDGE_CURVE('',#3072,#3074,#2047,.T.);
#3954=EDGE_CURVE('',#3075,#3076,#2048,.T.);
#3955=EDGE_CURVE('',#3077,#3076,#2049,.T.);
#3956=EDGE_CURVE('',#3077,#3078,#2050,.T.);
#3957=EDGE_CURVE('',#3075,#3078,#2051,.T.);
#3958=EDGE_CURVE('',#3079,#3075,#2052,.T.);
#3959=EDGE_CURVE('',#3079,#3073,#867,.T.);
#3960=EDGE_CURVE('',#3072,#3075,#868,.T.);
#3961=EDGE_CURVE('',#3080,#3079,#2053,.T.);
#3962=EDGE_CURVE('',#3081,#3080,#869,.T.);
#3963=EDGE_CURVE('',#3081,#3073,#2054,.T.);
#3964=EDGE_CURVE('',#3076,#3080,#2055,.T.);
#3965=EDGE_CURVE('',#3080,#3082,#2056,.T.);
#3966=EDGE_CURVE('',#3082,#3077,#2057,.T.);
#3967=EDGE_CURVE('',#3078,#3083,#2058,.T.);
#3968=EDGE_CURVE('',#3083,#3079,#2059,.T.);
#3969=EDGE_CURVE('',#3068,#3081,#2060,.T.);
#3970=EDGE_CURVE('',#3074,#3081,#2061,.T.);
#3971=EDGE_CURVE('',#3076,#3074,#870,.T.);
#3972=EDGE_CURVE('',#3082,#3083,#2062,.T.);
#3973=EDGE_CURVE('',#3084,#3085,#2063,.T.);
#3974=EDGE_CURVE('',#3085,#3086,#2064,.T.);
#3975=EDGE_CURVE('',#3086,#3087,#2065,.T.);
#3976=EDGE_CURVE('',#3084,#3087,#2066,.T.);
#3977=EDGE_CURVE('',#3088,#3086,#2067,.T.);
#3978=EDGE_CURVE('',#3085,#3089,#2068,.T.);
#3979=EDGE_CURVE('',#3089,#3088,#2069,.T.);
#3980=EDGE_CURVE('',#3090,#3088,#2070,.T.);
#3981=EDGE_CURVE('',#3089,#3091,#2071,.T.);
#3982=EDGE_CURVE('',#3091,#3090,#2072,.T.);
#3983=EDGE_CURVE('',#3087,#3090,#2073,.T.);
#3984=EDGE_CURVE('',#3091,#3084,#2074,.T.);
#3985=EDGE_CURVE('',#3087,#3092,#2075,.T.);
#3986=EDGE_CURVE('',#3093,#3092,#2076,.T.);
#3987=EDGE_CURVE('',#3093,#3090,#2077,.T.);
#3988=EDGE_CURVE('',#3094,#3086,#2078,.T.);
#3989=EDGE_CURVE('',#3092,#3094,#2079,.T.);
#3990=EDGE_CURVE('',#3095,#3096,#2080,.T.);
#3991=EDGE_CURVE('',#3097,#3096,#2081,.T.);
#3992=EDGE_CURVE('',#3097,#3098,#2082,.T.);
#3993=EDGE_CURVE('',#3095,#3098,#2083,.T.);
#3994=EDGE_CURVE('',#3099,#3095,#2084,.T.);
#3995=EDGE_CURVE('',#3099,#3093,#871,.T.);
#3996=EDGE_CURVE('',#3092,#3095,#872,.T.);
#3997=EDGE_CURVE('',#3100,#3099,#2085,.T.);
#3998=EDGE_CURVE('',#3101,#3100,#873,.T.);
#3999=EDGE_CURVE('',#3101,#3093,#2086,.T.);
#4000=EDGE_CURVE('',#3096,#3100,#2087,.T.);
#4001=EDGE_CURVE('',#3100,#3102,#2088,.T.);
#4002=EDGE_CURVE('',#3102,#3097,#2089,.T.);
#4003=EDGE_CURVE('',#3098,#3103,#2090,.T.);
#4004=EDGE_CURVE('',#3103,#3099,#2091,.T.);
#4005=EDGE_CURVE('',#3088,#3101,#2092,.T.);
#4006=EDGE_CURVE('',#3094,#3101,#2093,.T.);
#4007=EDGE_CURVE('',#3096,#3094,#874,.T.);
#4008=EDGE_CURVE('',#3102,#3103,#2094,.T.);
#4009=ORIENTED_EDGE('',*,*,#3104,.F.);
#4010=ORIENTED_EDGE('',*,*,#3105,.F.);
#4011=ORIENTED_EDGE('',*,*,#3106,.F.);
#4012=ORIENTED_EDGE('',*,*,#3107,.F.);
#4013=ORIENTED_EDGE('',*,*,#3108,.F.);
#4014=ORIENTED_EDGE('',*,*,#3109,.F.);
#4015=ORIENTED_EDGE('',*,*,#3110,.F.);
#4016=ORIENTED_EDGE('',*,*,#3111,.F.);
#4017=ORIENTED_EDGE('',*,*,#3104,.T.);
#4018=ORIENTED_EDGE('',*,*,#3112,.T.);
#4019=ORIENTED_EDGE('',*,*,#3108,.T.);
#4020=ORIENTED_EDGE('',*,*,#3113,.T.);
#4021=ORIENTED_EDGE('',*,*,#3107,.T.);
#4022=ORIENTED_EDGE('',*,*,#3114,.T.);
#4023=ORIENTED_EDGE('',*,*,#3109,.T.);
#4024=ORIENTED_EDGE('',*,*,#3112,.F.);
#4025=ORIENTED_EDGE('',*,*,#3105,.T.);
#4026=ORIENTED_EDGE('',*,*,#3113,.F.);
#4027=ORIENTED_EDGE('',*,*,#3111,.T.);
#4028=ORIENTED_EDGE('',*,*,#3115,.T.);
#4029=ORIENTED_EDGE('',*,*,#3106,.T.);
#4030=ORIENTED_EDGE('',*,*,#3115,.F.);
#4031=ORIENTED_EDGE('',*,*,#3110,.T.);
#4032=ORIENTED_EDGE('',*,*,#3114,.F.);
#4033=ORIENTED_EDGE('',*,*,#3116,.F.);
#4034=ORIENTED_EDGE('',*,*,#3117,.F.);
#4035=ORIENTED_EDGE('',*,*,#3118,.F.);
#4036=ORIENTED_EDGE('',*,*,#3119,.F.);
#4037=ORIENTED_EDGE('',*,*,#3120,.F.);
#4038=ORIENTED_EDGE('',*,*,#3121,.F.);
#4039=ORIENTED_EDGE('',*,*,#3122,.F.);
#4040=ORIENTED_EDGE('',*,*,#3123,.F.);
#4041=ORIENTED_EDGE('',*,*,#3122,.T.);
#4042=ORIENTED_EDGE('',*,*,#3124,.T.);
#4043=ORIENTED_EDGE('',*,*,#3118,.T.);
#4044=ORIENTED_EDGE('',*,*,#3125,.T.);
#4045=ORIENTED_EDGE('',*,*,#3121,.T.);
#4046=ORIENTED_EDGE('',*,*,#3126,.T.);
#4047=ORIENTED_EDGE('',*,*,#3119,.T.);
#4048=ORIENTED_EDGE('',*,*,#3124,.F.);
#4049=ORIENTED_EDGE('',*,*,#3123,.T.);
#4050=ORIENTED_EDGE('',*,*,#3125,.F.);
#4051=ORIENTED_EDGE('',*,*,#3117,.T.);
#4052=ORIENTED_EDGE('',*,*,#3127,.T.);
#4053=ORIENTED_EDGE('',*,*,#3120,.T.);
#4054=ORIENTED_EDGE('',*,*,#3127,.F.);
#4055=ORIENTED_EDGE('',*,*,#3116,.T.);
#4056=ORIENTED_EDGE('',*,*,#3126,.F.);
#4057=ORIENTED_EDGE('',*,*,#3128,.F.);
#4058=ORIENTED_EDGE('',*,*,#3129,.T.);
#4059=ORIENTED_EDGE('',*,*,#3130,.F.);
#4060=ORIENTED_EDGE('',*,*,#3131,.F.);
#4061=ORIENTED_EDGE('',*,*,#3132,.F.);
#4062=ORIENTED_EDGE('',*,*,#3133,.T.);
#4063=ORIENTED_EDGE('',*,*,#3134,.F.);
#4064=ORIENTED_EDGE('',*,*,#3129,.F.);
#4065=ORIENTED_EDGE('',*,*,#3135,.F.);
#4066=ORIENTED_EDGE('',*,*,#3136,.F.);
#4067=ORIENTED_EDGE('',*,*,#3137,.F.);
#4068=ORIENTED_EDGE('',*,*,#3133,.F.);
#4069=ORIENTED_EDGE('',*,*,#3131,.T.);
#4070=ORIENTED_EDGE('',*,*,#3138,.T.);
#4071=ORIENTED_EDGE('',*,*,#3136,.T.);
#4072=ORIENTED_EDGE('',*,*,#3139,.F.);
#4073=ORIENTED_EDGE('',*,*,#3130,.T.);
#4074=ORIENTED_EDGE('',*,*,#3134,.T.);
#4075=ORIENTED_EDGE('',*,*,#3137,.T.);
#4076=ORIENTED_EDGE('',*,*,#3138,.F.);
#4077=ORIENTED_EDGE('',*,*,#3140,.F.);
#4078=ORIENTED_EDGE('',*,*,#3141,.F.);
#4079=ORIENTED_EDGE('',*,*,#3142,.T.);
#4080=ORIENTED_EDGE('',*,*,#3140,.T.);
#4081=ORIENTED_EDGE('',*,*,#3142,.F.);
#4082=ORIENTED_EDGE('',*,*,#3128,.T.);
#4083=ORIENTED_EDGE('',*,*,#3139,.T.);
#4084=ORIENTED_EDGE('',*,*,#3135,.T.);
#4085=ORIENTED_EDGE('',*,*,#3132,.T.);
#4086=ORIENTED_EDGE('',*,*,#3141,.T.);
#4087=ORIENTED_EDGE('',*,*,#3143,.F.);
#4088=ORIENTED_EDGE('',*,*,#3144,.T.);
#4089=ORIENTED_EDGE('',*,*,#3145,.T.);
#4090=ORIENTED_EDGE('',*,*,#3144,.F.);
#4091=ORIENTED_EDGE('',*,*,#3146,.F.);
#4092=ORIENTED_EDGE('',*,*,#3147,.T.);
#4093=ORIENTED_EDGE('',*,*,#3148,.T.);
#4094=ORIENTED_EDGE('',*,*,#3147,.F.);
#4095=ORIENTED_EDGE('',*,*,#3146,.T.);
#4096=ORIENTED_EDGE('',*,*,#3143,.T.);
#4097=ORIENTED_EDGE('',*,*,#3148,.F.);
#4098=ORIENTED_EDGE('',*,*,#3145,.F.);
#4099=ORIENTED_EDGE('',*,*,#3149,.T.);
#4100=ORIENTED_EDGE('',*,*,#3150,.T.);
#4101=ORIENTED_EDGE('',*,*,#3151,.T.);
#4102=ORIENTED_EDGE('',*,*,#3150,.F.);
#4103=ORIENTED_EDGE('',*,*,#3152,.F.);
#4104=ORIENTED_EDGE('',*,*,#3149,.F.);
#4105=ORIENTED_EDGE('',*,*,#3151,.F.);
#4106=ORIENTED_EDGE('',*,*,#3153,.T.);
#4107=ORIENTED_EDGE('',*,*,#3154,.T.);
#4108=ORIENTED_EDGE('',*,*,#3153,.F.);
#4109=ORIENTED_EDGE('',*,*,#3152,.T.);
#4110=ORIENTED_EDGE('',*,*,#3155,.T.);
#4111=ORIENTED_EDGE('',*,*,#3156,.T.);
#4112=ORIENTED_EDGE('',*,*,#3157,.T.);
#4113=ORIENTED_EDGE('',*,*,#3155,.F.);
#4114=ORIENTED_EDGE('',*,*,#3157,.F.);
#4115=ORIENTED_EDGE('',*,*,#3158,.T.);
#4116=ORIENTED_EDGE('',*,*,#3159,.T.);
#4117=ORIENTED_EDGE('',*,*,#3158,.F.);
#4118=ORIENTED_EDGE('',*,*,#3156,.F.);
#4119=ORIENTED_EDGE('',*,*,#3159,.F.);
#4120=ORIENTED_EDGE('',*,*,#3154,.F.);
#4121=ORIENTED_EDGE('',*,*,#3160,.F.);
#4122=ORIENTED_EDGE('',*,*,#3161,.T.);
#4123=ORIENTED_EDGE('',*,*,#3162,.T.);
#4124=ORIENTED_EDGE('',*,*,#3161,.F.);
#4125=ORIENTED_EDGE('',*,*,#3163,.F.);
#4126=ORIENTED_EDGE('',*,*,#3164,.T.);
#4127=ORIENTED_EDGE('',*,*,#3165,.T.);
#4128=ORIENTED_EDGE('',*,*,#3164,.F.);
#4129=ORIENTED_EDGE('',*,*,#3163,.T.);
#4130=ORIENTED_EDGE('',*,*,#3160,.T.);
#4131=ORIENTED_EDGE('',*,*,#3165,.F.);
#4132=ORIENTED_EDGE('',*,*,#3162,.F.);
#4133=ORIENTED_EDGE('',*,*,#3166,.F.);
#4134=ORIENTED_EDGE('',*,*,#3167,.T.);
#4135=ORIENTED_EDGE('',*,*,#3168,.T.);
#4136=ORIENTED_EDGE('',*,*,#3167,.F.);
#4137=ORIENTED_EDGE('',*,*,#3169,.F.);
#4138=ORIENTED_EDGE('',*,*,#3170,.T.);
#4139=ORIENTED_EDGE('',*,*,#3171,.T.);
#4140=ORIENTED_EDGE('',*,*,#3170,.F.);
#4141=ORIENTED_EDGE('',*,*,#3169,.T.);
#4142=ORIENTED_EDGE('',*,*,#3166,.T.);
#4143=ORIENTED_EDGE('',*,*,#3171,.F.);
#4144=ORIENTED_EDGE('',*,*,#3168,.F.);
#4145=ORIENTED_EDGE('',*,*,#3172,.F.);
#4146=ORIENTED_EDGE('',*,*,#3173,.T.);
#4147=ORIENTED_EDGE('',*,*,#3174,.T.);
#4148=ORIENTED_EDGE('',*,*,#3175,.F.);
#4149=ORIENTED_EDGE('',*,*,#3176,.F.);
#4150=ORIENTED_EDGE('',*,*,#3177,.T.);
#4151=ORIENTED_EDGE('',*,*,#3178,.T.);
#4152=ORIENTED_EDGE('',*,*,#3173,.F.);
#4153=ORIENTED_EDGE('',*,*,#3179,.F.);
#4154=ORIENTED_EDGE('',*,*,#3180,.T.);
#4155=ORIENTED_EDGE('',*,*,#3181,.T.);
#4156=ORIENTED_EDGE('',*,*,#3177,.F.);
#4157=ORIENTED_EDGE('',*,*,#3182,.F.);
#4158=ORIENTED_EDGE('',*,*,#3175,.T.);
#4159=ORIENTED_EDGE('',*,*,#3183,.T.);
#4160=ORIENTED_EDGE('',*,*,#3180,.F.);
#4161=ORIENTED_EDGE('',*,*,#3184,.F.);
#4162=ORIENTED_EDGE('',*,*,#3185,.T.);
#4163=ORIENTED_EDGE('',*,*,#3186,.T.);
#4164=ORIENTED_EDGE('',*,*,#3187,.F.);
#4165=ORIENTED_EDGE('',*,*,#3188,.F.);
#4166=ORIENTED_EDGE('',*,*,#3189,.T.);
#4167=ORIENTED_EDGE('',*,*,#3190,.T.);
#4168=ORIENTED_EDGE('',*,*,#3185,.F.);
#4169=ORIENTED_EDGE('',*,*,#3191,.F.);
#4170=ORIENTED_EDGE('',*,*,#3192,.T.);
#4171=ORIENTED_EDGE('',*,*,#3193,.T.);
#4172=ORIENTED_EDGE('',*,*,#3189,.F.);
#4173=ORIENTED_EDGE('',*,*,#3194,.F.);
#4174=ORIENTED_EDGE('',*,*,#3195,.T.);
#4175=ORIENTED_EDGE('',*,*,#3196,.T.);
#4176=ORIENTED_EDGE('',*,*,#3192,.F.);
#4177=ORIENTED_EDGE('',*,*,#3197,.F.);
#4178=ORIENTED_EDGE('',*,*,#3198,.T.);
#4179=ORIENTED_EDGE('',*,*,#3199,.T.);
#4180=ORIENTED_EDGE('',*,*,#3195,.F.);
#4181=ORIENTED_EDGE('',*,*,#3200,.F.);
#4182=ORIENTED_EDGE('',*,*,#3201,.T.);
#4183=ORIENTED_EDGE('',*,*,#3202,.T.);
#4184=ORIENTED_EDGE('',*,*,#3198,.F.);
#4185=ORIENTED_EDGE('',*,*,#3203,.F.);
#4186=ORIENTED_EDGE('',*,*,#3204,.T.);
#4187=ORIENTED_EDGE('',*,*,#3205,.T.);
#4188=ORIENTED_EDGE('',*,*,#3201,.F.);
#4189=ORIENTED_EDGE('',*,*,#3206,.F.);
#4190=ORIENTED_EDGE('',*,*,#3207,.T.);
#4191=ORIENTED_EDGE('',*,*,#3208,.T.);
#4192=ORIENTED_EDGE('',*,*,#3204,.F.);
#4193=ORIENTED_EDGE('',*,*,#3209,.F.);
#4194=ORIENTED_EDGE('',*,*,#3210,.T.);
#4195=ORIENTED_EDGE('',*,*,#3211,.T.);
#4196=ORIENTED_EDGE('',*,*,#3207,.F.);
#4197=ORIENTED_EDGE('',*,*,#3212,.F.);
#4198=ORIENTED_EDGE('',*,*,#3213,.T.);
#4199=ORIENTED_EDGE('',*,*,#3214,.T.);
#4200=ORIENTED_EDGE('',*,*,#3210,.F.);
#4201=ORIENTED_EDGE('',*,*,#3215,.F.);
#4202=ORIENTED_EDGE('',*,*,#3216,.T.);
#4203=ORIENTED_EDGE('',*,*,#3217,.T.);
#4204=ORIENTED_EDGE('',*,*,#3213,.F.);
#4205=ORIENTED_EDGE('',*,*,#3218,.F.);
#4206=ORIENTED_EDGE('',*,*,#3219,.T.);
#4207=ORIENTED_EDGE('',*,*,#3220,.T.);
#4208=ORIENTED_EDGE('',*,*,#3216,.F.);
#4209=ORIENTED_EDGE('',*,*,#3221,.F.);
#4210=ORIENTED_EDGE('',*,*,#3222,.T.);
#4211=ORIENTED_EDGE('',*,*,#3223,.T.);
#4212=ORIENTED_EDGE('',*,*,#3219,.F.);
#4213=ORIENTED_EDGE('',*,*,#3224,.F.);
#4214=ORIENTED_EDGE('',*,*,#3225,.T.);
#4215=ORIENTED_EDGE('',*,*,#3226,.T.);
#4216=ORIENTED_EDGE('',*,*,#3222,.F.);
#4217=ORIENTED_EDGE('',*,*,#3227,.F.);
#4218=ORIENTED_EDGE('',*,*,#3228,.T.);
#4219=ORIENTED_EDGE('',*,*,#3229,.T.);
#4220=ORIENTED_EDGE('',*,*,#3225,.F.);
#4221=ORIENTED_EDGE('',*,*,#3230,.F.);
#4222=ORIENTED_EDGE('',*,*,#3231,.T.);
#4223=ORIENTED_EDGE('',*,*,#3232,.T.);
#4224=ORIENTED_EDGE('',*,*,#3228,.F.);
#4225=ORIENTED_EDGE('',*,*,#3233,.F.);
#4226=ORIENTED_EDGE('',*,*,#3234,.T.);
#4227=ORIENTED_EDGE('',*,*,#3235,.T.);
#4228=ORIENTED_EDGE('',*,*,#3231,.F.);
#4229=ORIENTED_EDGE('',*,*,#3236,.F.);
#4230=ORIENTED_EDGE('',*,*,#3237,.T.);
#4231=ORIENTED_EDGE('',*,*,#3238,.T.);
#4232=ORIENTED_EDGE('',*,*,#3234,.F.);
#4233=ORIENTED_EDGE('',*,*,#3239,.F.);
#4234=ORIENTED_EDGE('',*,*,#3240,.T.);
#4235=ORIENTED_EDGE('',*,*,#3241,.T.);
#4236=ORIENTED_EDGE('',*,*,#3237,.F.);
#4237=ORIENTED_EDGE('',*,*,#3242,.F.);
#4238=ORIENTED_EDGE('',*,*,#3243,.T.);
#4239=ORIENTED_EDGE('',*,*,#3244,.T.);
#4240=ORIENTED_EDGE('',*,*,#3240,.F.);
#4241=ORIENTED_EDGE('',*,*,#3245,.F.);
#4242=ORIENTED_EDGE('',*,*,#3187,.T.);
#4243=ORIENTED_EDGE('',*,*,#3246,.T.);
#4244=ORIENTED_EDGE('',*,*,#3243,.F.);
#4245=ORIENTED_EDGE('',*,*,#3246,.F.);
#4246=ORIENTED_EDGE('',*,*,#3186,.F.);
#4247=ORIENTED_EDGE('',*,*,#3190,.F.);
#4248=ORIENTED_EDGE('',*,*,#3193,.F.);
#4249=ORIENTED_EDGE('',*,*,#3196,.F.);
#4250=ORIENTED_EDGE('',*,*,#3199,.F.);
#4251=ORIENTED_EDGE('',*,*,#3202,.F.);
#4252=ORIENTED_EDGE('',*,*,#3205,.F.);
#4253=ORIENTED_EDGE('',*,*,#3208,.F.);
#4254=ORIENTED_EDGE('',*,*,#3211,.F.);
#4255=ORIENTED_EDGE('',*,*,#3214,.F.);
#4256=ORIENTED_EDGE('',*,*,#3217,.F.);
#4257=ORIENTED_EDGE('',*,*,#3220,.F.);
#4258=ORIENTED_EDGE('',*,*,#3223,.F.);
#4259=ORIENTED_EDGE('',*,*,#3226,.F.);
#4260=ORIENTED_EDGE('',*,*,#3229,.F.);
#4261=ORIENTED_EDGE('',*,*,#3232,.F.);
#4262=ORIENTED_EDGE('',*,*,#3235,.F.);
#4263=ORIENTED_EDGE('',*,*,#3238,.F.);
#4264=ORIENTED_EDGE('',*,*,#3241,.F.);
#4265=ORIENTED_EDGE('',*,*,#3244,.F.);
#4266=ORIENTED_EDGE('',*,*,#3183,.F.);
#4267=ORIENTED_EDGE('',*,*,#3174,.F.);
#4268=ORIENTED_EDGE('',*,*,#3178,.F.);
#4269=ORIENTED_EDGE('',*,*,#3181,.F.);
#4270=ORIENTED_EDGE('',*,*,#3247,.F.);
#4271=ORIENTED_EDGE('',*,*,#3248,.T.);
#4272=ORIENTED_EDGE('',*,*,#3249,.T.);
#4273=ORIENTED_EDGE('',*,*,#3250,.F.);
#4274=ORIENTED_EDGE('',*,*,#3251,.F.);
#4275=ORIENTED_EDGE('',*,*,#3252,.T.);
#4276=ORIENTED_EDGE('',*,*,#3253,.T.);
#4277=ORIENTED_EDGE('',*,*,#3248,.F.);
#4278=ORIENTED_EDGE('',*,*,#3254,.F.);
#4279=ORIENTED_EDGE('',*,*,#3255,.T.);
#4280=ORIENTED_EDGE('',*,*,#3256,.T.);
#4281=ORIENTED_EDGE('',*,*,#3252,.F.);
#4282=ORIENTED_EDGE('',*,*,#3257,.F.);
#4283=ORIENTED_EDGE('',*,*,#3258,.T.);
#4284=ORIENTED_EDGE('',*,*,#3259,.T.);
#4285=ORIENTED_EDGE('',*,*,#3255,.F.);
#4286=ORIENTED_EDGE('',*,*,#3260,.F.);
#4287=ORIENTED_EDGE('',*,*,#3261,.T.);
#4288=ORIENTED_EDGE('',*,*,#3262,.T.);
#4289=ORIENTED_EDGE('',*,*,#3258,.F.);
#4290=ORIENTED_EDGE('',*,*,#3263,.F.);
#4291=ORIENTED_EDGE('',*,*,#3264,.T.);
#4292=ORIENTED_EDGE('',*,*,#3265,.T.);
#4293=ORIENTED_EDGE('',*,*,#3261,.F.);
#4294=ORIENTED_EDGE('',*,*,#3266,.F.);
#4295=ORIENTED_EDGE('',*,*,#3267,.T.);
#4296=ORIENTED_EDGE('',*,*,#3268,.T.);
#4297=ORIENTED_EDGE('',*,*,#3264,.F.);
#4298=ORIENTED_EDGE('',*,*,#3269,.F.);
#4299=ORIENTED_EDGE('',*,*,#3270,.T.);
#4300=ORIENTED_EDGE('',*,*,#3271,.T.);
#4301=ORIENTED_EDGE('',*,*,#3267,.F.);
#4302=ORIENTED_EDGE('',*,*,#3272,.F.);
#4303=ORIENTED_EDGE('',*,*,#3273,.T.);
#4304=ORIENTED_EDGE('',*,*,#3274,.T.);
#4305=ORIENTED_EDGE('',*,*,#3270,.F.);
#4306=ORIENTED_EDGE('',*,*,#3275,.F.);
#4307=ORIENTED_EDGE('',*,*,#3276,.T.);
#4308=ORIENTED_EDGE('',*,*,#3277,.T.);
#4309=ORIENTED_EDGE('',*,*,#3273,.F.);
#4310=ORIENTED_EDGE('',*,*,#3278,.F.);
#4311=ORIENTED_EDGE('',*,*,#3279,.T.);
#4312=ORIENTED_EDGE('',*,*,#3280,.T.);
#4313=ORIENTED_EDGE('',*,*,#3276,.F.);
#4314=ORIENTED_EDGE('',*,*,#3281,.F.);
#4315=ORIENTED_EDGE('',*,*,#3282,.T.);
#4316=ORIENTED_EDGE('',*,*,#3283,.T.);
#4317=ORIENTED_EDGE('',*,*,#3279,.F.);
#4318=ORIENTED_EDGE('',*,*,#3284,.F.);
#4319=ORIENTED_EDGE('',*,*,#3285,.T.);
#4320=ORIENTED_EDGE('',*,*,#3286,.T.);
#4321=ORIENTED_EDGE('',*,*,#3282,.F.);
#4322=ORIENTED_EDGE('',*,*,#3287,.F.);
#4323=ORIENTED_EDGE('',*,*,#3288,.T.);
#4324=ORIENTED_EDGE('',*,*,#3289,.T.);
#4325=ORIENTED_EDGE('',*,*,#3285,.F.);
#4326=ORIENTED_EDGE('',*,*,#3290,.F.);
#4327=ORIENTED_EDGE('',*,*,#3291,.T.);
#4328=ORIENTED_EDGE('',*,*,#3292,.T.);
#4329=ORIENTED_EDGE('',*,*,#3288,.F.);
#4330=ORIENTED_EDGE('',*,*,#3293,.F.);
#4331=ORIENTED_EDGE('',*,*,#3294,.T.);
#4332=ORIENTED_EDGE('',*,*,#3295,.T.);
#4333=ORIENTED_EDGE('',*,*,#3291,.F.);
#4334=ORIENTED_EDGE('',*,*,#3296,.F.);
#4335=ORIENTED_EDGE('',*,*,#3297,.T.);
#4336=ORIENTED_EDGE('',*,*,#3298,.T.);
#4337=ORIENTED_EDGE('',*,*,#3294,.F.);
#4338=ORIENTED_EDGE('',*,*,#3299,.F.);
#4339=ORIENTED_EDGE('',*,*,#3300,.T.);
#4340=ORIENTED_EDGE('',*,*,#3301,.T.);
#4341=ORIENTED_EDGE('',*,*,#3297,.F.);
#4342=ORIENTED_EDGE('',*,*,#3302,.F.);
#4343=ORIENTED_EDGE('',*,*,#3303,.T.);
#4344=ORIENTED_EDGE('',*,*,#3304,.T.);
#4345=ORIENTED_EDGE('',*,*,#3300,.F.);
#4346=ORIENTED_EDGE('',*,*,#3305,.F.);
#4347=ORIENTED_EDGE('',*,*,#3306,.T.);
#4348=ORIENTED_EDGE('',*,*,#3307,.T.);
#4349=ORIENTED_EDGE('',*,*,#3303,.F.);
#4350=ORIENTED_EDGE('',*,*,#3308,.F.);
#4351=ORIENTED_EDGE('',*,*,#3250,.T.);
#4352=ORIENTED_EDGE('',*,*,#3309,.T.);
#4353=ORIENTED_EDGE('',*,*,#3306,.F.);
#4354=ORIENTED_EDGE('',*,*,#3310,.F.);
#4355=ORIENTED_EDGE('',*,*,#3311,.T.);
#4356=ORIENTED_EDGE('',*,*,#3312,.T.);
#4357=ORIENTED_EDGE('',*,*,#3313,.F.);
#4358=ORIENTED_EDGE('',*,*,#3314,.F.);
#4359=ORIENTED_EDGE('',*,*,#3315,.T.);
#4360=ORIENTED_EDGE('',*,*,#3316,.T.);
#4361=ORIENTED_EDGE('',*,*,#3311,.F.);
#4362=ORIENTED_EDGE('',*,*,#3317,.F.);
#4363=ORIENTED_EDGE('',*,*,#3318,.T.);
#4364=ORIENTED_EDGE('',*,*,#3319,.T.);
#4365=ORIENTED_EDGE('',*,*,#3315,.F.);
#4366=ORIENTED_EDGE('',*,*,#3320,.F.);
#4367=ORIENTED_EDGE('',*,*,#3321,.T.);
#4368=ORIENTED_EDGE('',*,*,#3322,.T.);
#4369=ORIENTED_EDGE('',*,*,#3318,.F.);
#4370=ORIENTED_EDGE('',*,*,#3323,.F.);
#4371=ORIENTED_EDGE('',*,*,#3324,.T.);
#4372=ORIENTED_EDGE('',*,*,#3325,.T.);
#4373=ORIENTED_EDGE('',*,*,#3321,.F.);
#4374=ORIENTED_EDGE('',*,*,#3326,.F.);
#4375=ORIENTED_EDGE('',*,*,#3327,.T.);
#4376=ORIENTED_EDGE('',*,*,#3328,.T.);
#4377=ORIENTED_EDGE('',*,*,#3324,.F.);
#4378=ORIENTED_EDGE('',*,*,#3329,.F.);
#4379=ORIENTED_EDGE('',*,*,#3330,.T.);
#4380=ORIENTED_EDGE('',*,*,#3331,.T.);
#4381=ORIENTED_EDGE('',*,*,#3327,.F.);
#4382=ORIENTED_EDGE('',*,*,#3332,.F.);
#4383=ORIENTED_EDGE('',*,*,#3333,.T.);
#4384=ORIENTED_EDGE('',*,*,#3334,.T.);
#4385=ORIENTED_EDGE('',*,*,#3330,.F.);
#4386=ORIENTED_EDGE('',*,*,#3335,.F.);
#4387=ORIENTED_EDGE('',*,*,#3336,.T.);
#4388=ORIENTED_EDGE('',*,*,#3337,.T.);
#4389=ORIENTED_EDGE('',*,*,#3333,.F.);
#4390=ORIENTED_EDGE('',*,*,#3338,.F.);
#4391=ORIENTED_EDGE('',*,*,#3339,.T.);
#4392=ORIENTED_EDGE('',*,*,#3340,.T.);
#4393=ORIENTED_EDGE('',*,*,#3336,.F.);
#4394=ORIENTED_EDGE('',*,*,#3341,.F.);
#4395=ORIENTED_EDGE('',*,*,#3342,.T.);
#4396=ORIENTED_EDGE('',*,*,#3343,.T.);
#4397=ORIENTED_EDGE('',*,*,#3339,.F.);
#4398=ORIENTED_EDGE('',*,*,#3344,.F.);
#4399=ORIENTED_EDGE('',*,*,#3345,.T.);
#4400=ORIENTED_EDGE('',*,*,#3346,.T.);
#4401=ORIENTED_EDGE('',*,*,#3342,.F.);
#4402=ORIENTED_EDGE('',*,*,#3347,.F.);
#4403=ORIENTED_EDGE('',*,*,#3348,.T.);
#4404=ORIENTED_EDGE('',*,*,#3349,.T.);
#4405=ORIENTED_EDGE('',*,*,#3345,.F.);
#4406=ORIENTED_EDGE('',*,*,#3350,.F.);
#4407=ORIENTED_EDGE('',*,*,#3351,.T.);
#4408=ORIENTED_EDGE('',*,*,#3352,.T.);
#4409=ORIENTED_EDGE('',*,*,#3348,.F.);
#4410=ORIENTED_EDGE('',*,*,#3353,.F.);
#4411=ORIENTED_EDGE('',*,*,#3354,.T.);
#4412=ORIENTED_EDGE('',*,*,#3355,.T.);
#4413=ORIENTED_EDGE('',*,*,#3351,.F.);
#4414=ORIENTED_EDGE('',*,*,#3356,.F.);
#4415=ORIENTED_EDGE('',*,*,#3313,.T.);
#4416=ORIENTED_EDGE('',*,*,#3357,.T.);
#4417=ORIENTED_EDGE('',*,*,#3354,.F.);
#4418=ORIENTED_EDGE('',*,*,#3357,.F.);
#4419=ORIENTED_EDGE('',*,*,#3312,.F.);
#4420=ORIENTED_EDGE('',*,*,#3316,.F.);
#4421=ORIENTED_EDGE('',*,*,#3319,.F.);
#4422=ORIENTED_EDGE('',*,*,#3322,.F.);
#4423=ORIENTED_EDGE('',*,*,#3325,.F.);
#4424=ORIENTED_EDGE('',*,*,#3328,.F.);
#4425=ORIENTED_EDGE('',*,*,#3331,.F.);
#4426=ORIENTED_EDGE('',*,*,#3334,.F.);
#4427=ORIENTED_EDGE('',*,*,#3337,.F.);
#4428=ORIENTED_EDGE('',*,*,#3340,.F.);
#4429=ORIENTED_EDGE('',*,*,#3343,.F.);
#4430=ORIENTED_EDGE('',*,*,#3346,.F.);
#4431=ORIENTED_EDGE('',*,*,#3349,.F.);
#4432=ORIENTED_EDGE('',*,*,#3352,.F.);
#4433=ORIENTED_EDGE('',*,*,#3355,.F.);
#4434=ORIENTED_EDGE('',*,*,#3309,.F.);
#4435=ORIENTED_EDGE('',*,*,#3249,.F.);
#4436=ORIENTED_EDGE('',*,*,#3253,.F.);
#4437=ORIENTED_EDGE('',*,*,#3256,.F.);
#4438=ORIENTED_EDGE('',*,*,#3259,.F.);
#4439=ORIENTED_EDGE('',*,*,#3262,.F.);
#4440=ORIENTED_EDGE('',*,*,#3265,.F.);
#4441=ORIENTED_EDGE('',*,*,#3268,.F.);
#4442=ORIENTED_EDGE('',*,*,#3271,.F.);
#4443=ORIENTED_EDGE('',*,*,#3274,.F.);
#4444=ORIENTED_EDGE('',*,*,#3277,.F.);
#4445=ORIENTED_EDGE('',*,*,#3280,.F.);
#4446=ORIENTED_EDGE('',*,*,#3283,.F.);
#4447=ORIENTED_EDGE('',*,*,#3286,.F.);
#4448=ORIENTED_EDGE('',*,*,#3289,.F.);
#4449=ORIENTED_EDGE('',*,*,#3292,.F.);
#4450=ORIENTED_EDGE('',*,*,#3295,.F.);
#4451=ORIENTED_EDGE('',*,*,#3298,.F.);
#4452=ORIENTED_EDGE('',*,*,#3301,.F.);
#4453=ORIENTED_EDGE('',*,*,#3304,.F.);
#4454=ORIENTED_EDGE('',*,*,#3307,.F.);
#4455=ORIENTED_EDGE('',*,*,#3358,.F.);
#4456=ORIENTED_EDGE('',*,*,#3359,.T.);
#4457=ORIENTED_EDGE('',*,*,#3360,.T.);
#4458=ORIENTED_EDGE('',*,*,#3361,.F.);
#4459=ORIENTED_EDGE('',*,*,#3362,.F.);
#4460=ORIENTED_EDGE('',*,*,#3363,.T.);
#4461=ORIENTED_EDGE('',*,*,#3364,.T.);
#4462=ORIENTED_EDGE('',*,*,#3359,.F.);
#4463=ORIENTED_EDGE('',*,*,#3365,.F.);
#4464=ORIENTED_EDGE('',*,*,#3366,.T.);
#4465=ORIENTED_EDGE('',*,*,#3367,.T.);
#4466=ORIENTED_EDGE('',*,*,#3363,.F.);
#4467=ORIENTED_EDGE('',*,*,#3368,.F.);
#4468=ORIENTED_EDGE('',*,*,#3369,.T.);
#4469=ORIENTED_EDGE('',*,*,#3370,.T.);
#4470=ORIENTED_EDGE('',*,*,#3366,.F.);
#4471=ORIENTED_EDGE('',*,*,#3371,.F.);
#4472=ORIENTED_EDGE('',*,*,#3372,.T.);
#4473=ORIENTED_EDGE('',*,*,#3373,.T.);
#4474=ORIENTED_EDGE('',*,*,#3369,.F.);
#4475=ORIENTED_EDGE('',*,*,#3374,.F.);
#4476=ORIENTED_EDGE('',*,*,#3375,.T.);
#4477=ORIENTED_EDGE('',*,*,#3376,.T.);
#4478=ORIENTED_EDGE('',*,*,#3372,.F.);
#4479=ORIENTED_EDGE('',*,*,#3377,.F.);
#4480=ORIENTED_EDGE('',*,*,#3378,.T.);
#4481=ORIENTED_EDGE('',*,*,#3379,.T.);
#4482=ORIENTED_EDGE('',*,*,#3375,.F.);
#4483=ORIENTED_EDGE('',*,*,#3380,.F.);
#4484=ORIENTED_EDGE('',*,*,#3381,.T.);
#4485=ORIENTED_EDGE('',*,*,#3382,.T.);
#4486=ORIENTED_EDGE('',*,*,#3378,.F.);
#4487=ORIENTED_EDGE('',*,*,#3383,.F.);
#4488=ORIENTED_EDGE('',*,*,#3384,.T.);
#4489=ORIENTED_EDGE('',*,*,#3385,.T.);
#4490=ORIENTED_EDGE('',*,*,#3381,.F.);
#4491=ORIENTED_EDGE('',*,*,#3386,.F.);
#4492=ORIENTED_EDGE('',*,*,#3387,.T.);
#4493=ORIENTED_EDGE('',*,*,#3388,.T.);
#4494=ORIENTED_EDGE('',*,*,#3384,.F.);
#4495=ORIENTED_EDGE('',*,*,#3389,.F.);
#4496=ORIENTED_EDGE('',*,*,#3390,.T.);
#4497=ORIENTED_EDGE('',*,*,#3391,.T.);
#4498=ORIENTED_EDGE('',*,*,#3387,.F.);
#4499=ORIENTED_EDGE('',*,*,#3392,.F.);
#4500=ORIENTED_EDGE('',*,*,#3393,.T.);
#4501=ORIENTED_EDGE('',*,*,#3394,.T.);
#4502=ORIENTED_EDGE('',*,*,#3390,.F.);
#4503=ORIENTED_EDGE('',*,*,#3395,.F.);
#4504=ORIENTED_EDGE('',*,*,#3396,.T.);
#4505=ORIENTED_EDGE('',*,*,#3397,.T.);
#4506=ORIENTED_EDGE('',*,*,#3393,.F.);
#4507=ORIENTED_EDGE('',*,*,#3398,.F.);
#4508=ORIENTED_EDGE('',*,*,#3399,.T.);
#4509=ORIENTED_EDGE('',*,*,#3400,.T.);
#4510=ORIENTED_EDGE('',*,*,#3396,.F.);
#4511=ORIENTED_EDGE('',*,*,#3401,.F.);
#4512=ORIENTED_EDGE('',*,*,#3402,.T.);
#4513=ORIENTED_EDGE('',*,*,#3403,.T.);
#4514=ORIENTED_EDGE('',*,*,#3399,.F.);
#4515=ORIENTED_EDGE('',*,*,#3404,.F.);
#4516=ORIENTED_EDGE('',*,*,#3405,.T.);
#4517=ORIENTED_EDGE('',*,*,#3406,.T.);
#4518=ORIENTED_EDGE('',*,*,#3402,.F.);
#4519=ORIENTED_EDGE('',*,*,#3407,.F.);
#4520=ORIENTED_EDGE('',*,*,#3408,.T.);
#4521=ORIENTED_EDGE('',*,*,#3409,.T.);
#4522=ORIENTED_EDGE('',*,*,#3405,.F.);
#4523=ORIENTED_EDGE('',*,*,#3410,.F.);
#4524=ORIENTED_EDGE('',*,*,#3411,.T.);
#4525=ORIENTED_EDGE('',*,*,#3412,.T.);
#4526=ORIENTED_EDGE('',*,*,#3408,.F.);
#4527=ORIENTED_EDGE('',*,*,#3413,.F.);
#4528=ORIENTED_EDGE('',*,*,#3414,.T.);
#4529=ORIENTED_EDGE('',*,*,#3415,.T.);
#4530=ORIENTED_EDGE('',*,*,#3411,.F.);
#4531=ORIENTED_EDGE('',*,*,#3416,.F.);
#4532=ORIENTED_EDGE('',*,*,#3417,.T.);
#4533=ORIENTED_EDGE('',*,*,#3418,.T.);
#4534=ORIENTED_EDGE('',*,*,#3414,.F.);
#4535=ORIENTED_EDGE('',*,*,#3419,.F.);
#4536=ORIENTED_EDGE('',*,*,#3420,.T.);
#4537=ORIENTED_EDGE('',*,*,#3421,.T.);
#4538=ORIENTED_EDGE('',*,*,#3417,.F.);
#4539=ORIENTED_EDGE('',*,*,#3422,.F.);
#4540=ORIENTED_EDGE('',*,*,#3423,.T.);
#4541=ORIENTED_EDGE('',*,*,#3424,.T.);
#4542=ORIENTED_EDGE('',*,*,#3420,.F.);
#4543=ORIENTED_EDGE('',*,*,#3425,.F.);
#4544=ORIENTED_EDGE('',*,*,#3426,.T.);
#4545=ORIENTED_EDGE('',*,*,#3427,.T.);
#4546=ORIENTED_EDGE('',*,*,#3423,.F.);
#4547=ORIENTED_EDGE('',*,*,#3428,.F.);
#4548=ORIENTED_EDGE('',*,*,#3429,.T.);
#4549=ORIENTED_EDGE('',*,*,#3430,.T.);
#4550=ORIENTED_EDGE('',*,*,#3426,.F.);
#4551=ORIENTED_EDGE('',*,*,#3431,.F.);
#4552=ORIENTED_EDGE('',*,*,#3432,.T.);
#4553=ORIENTED_EDGE('',*,*,#3433,.T.);
#4554=ORIENTED_EDGE('',*,*,#3429,.F.);
#4555=ORIENTED_EDGE('',*,*,#3434,.F.);
#4556=ORIENTED_EDGE('',*,*,#3435,.T.);
#4557=ORIENTED_EDGE('',*,*,#3436,.T.);
#4558=ORIENTED_EDGE('',*,*,#3432,.F.);
#4559=ORIENTED_EDGE('',*,*,#3437,.F.);
#4560=ORIENTED_EDGE('',*,*,#3438,.T.);
#4561=ORIENTED_EDGE('',*,*,#3439,.T.);
#4562=ORIENTED_EDGE('',*,*,#3435,.F.);
#4563=ORIENTED_EDGE('',*,*,#3440,.F.);
#4564=ORIENTED_EDGE('',*,*,#3441,.T.);
#4565=ORIENTED_EDGE('',*,*,#3442,.T.);
#4566=ORIENTED_EDGE('',*,*,#3438,.F.);
#4567=ORIENTED_EDGE('',*,*,#3443,.F.);
#4568=ORIENTED_EDGE('',*,*,#3444,.T.);
#4569=ORIENTED_EDGE('',*,*,#3445,.T.);
#4570=ORIENTED_EDGE('',*,*,#3441,.F.);
#4571=ORIENTED_EDGE('',*,*,#3446,.F.);
#4572=ORIENTED_EDGE('',*,*,#3361,.T.);
#4573=ORIENTED_EDGE('',*,*,#3447,.T.);
#4574=ORIENTED_EDGE('',*,*,#3444,.F.);
#4575=ORIENTED_EDGE('',*,*,#3447,.F.);
#4576=ORIENTED_EDGE('',*,*,#3360,.F.);
#4577=ORIENTED_EDGE('',*,*,#3364,.F.);
#4578=ORIENTED_EDGE('',*,*,#3367,.F.);
#4579=ORIENTED_EDGE('',*,*,#3370,.F.);
#4580=ORIENTED_EDGE('',*,*,#3373,.F.);
#4581=ORIENTED_EDGE('',*,*,#3376,.F.);
#4582=ORIENTED_EDGE('',*,*,#3379,.F.);
#4583=ORIENTED_EDGE('',*,*,#3382,.F.);
#4584=ORIENTED_EDGE('',*,*,#3385,.F.);
#4585=ORIENTED_EDGE('',*,*,#3388,.F.);
#4586=ORIENTED_EDGE('',*,*,#3391,.F.);
#4587=ORIENTED_EDGE('',*,*,#3394,.F.);
#4588=ORIENTED_EDGE('',*,*,#3397,.F.);
#4589=ORIENTED_EDGE('',*,*,#3400,.F.);
#4590=ORIENTED_EDGE('',*,*,#3403,.F.);
#4591=ORIENTED_EDGE('',*,*,#3406,.F.);
#4592=ORIENTED_EDGE('',*,*,#3409,.F.);
#4593=ORIENTED_EDGE('',*,*,#3412,.F.);
#4594=ORIENTED_EDGE('',*,*,#3415,.F.);
#4595=ORIENTED_EDGE('',*,*,#3418,.F.);
#4596=ORIENTED_EDGE('',*,*,#3421,.F.);
#4597=ORIENTED_EDGE('',*,*,#3424,.F.);
#4598=ORIENTED_EDGE('',*,*,#3427,.F.);
#4599=ORIENTED_EDGE('',*,*,#3430,.F.);
#4600=ORIENTED_EDGE('',*,*,#3433,.F.);
#4601=ORIENTED_EDGE('',*,*,#3436,.F.);
#4602=ORIENTED_EDGE('',*,*,#3439,.F.);
#4603=ORIENTED_EDGE('',*,*,#3442,.F.);
#4604=ORIENTED_EDGE('',*,*,#3445,.F.);
#4605=ORIENTED_EDGE('',*,*,#3247,.T.);
#4606=ORIENTED_EDGE('',*,*,#3308,.T.);
#4607=ORIENTED_EDGE('',*,*,#3305,.T.);
#4608=ORIENTED_EDGE('',*,*,#3302,.T.);
#4609=ORIENTED_EDGE('',*,*,#3299,.T.);
#4610=ORIENTED_EDGE('',*,*,#3296,.T.);
#4611=ORIENTED_EDGE('',*,*,#3293,.T.);
#4612=ORIENTED_EDGE('',*,*,#3290,.T.);
#4613=ORIENTED_EDGE('',*,*,#3287,.T.);
#4614=ORIENTED_EDGE('',*,*,#3284,.T.);
#4615=ORIENTED_EDGE('',*,*,#3281,.T.);
#4616=ORIENTED_EDGE('',*,*,#3278,.T.);
#4617=ORIENTED_EDGE('',*,*,#3275,.T.);
#4618=ORIENTED_EDGE('',*,*,#3272,.T.);
#4619=ORIENTED_EDGE('',*,*,#3269,.T.);
#4620=ORIENTED_EDGE('',*,*,#3266,.T.);
#4621=ORIENTED_EDGE('',*,*,#3263,.T.);
#4622=ORIENTED_EDGE('',*,*,#3260,.T.);
#4623=ORIENTED_EDGE('',*,*,#3257,.T.);
#4624=ORIENTED_EDGE('',*,*,#3254,.T.);
#4625=ORIENTED_EDGE('',*,*,#3251,.T.);
#4626=ORIENTED_EDGE('',*,*,#3172,.T.);
#4627=ORIENTED_EDGE('',*,*,#3182,.T.);
#4628=ORIENTED_EDGE('',*,*,#3179,.T.);
#4629=ORIENTED_EDGE('',*,*,#3176,.T.);
#4630=ORIENTED_EDGE('',*,*,#3448,.T.);
#4631=ORIENTED_EDGE('',*,*,#3449,.T.);
#4632=ORIENTED_EDGE('',*,*,#3450,.T.);
#4633=ORIENTED_EDGE('',*,*,#3449,.F.);
#4634=ORIENTED_EDGE('',*,*,#3448,.F.);
#4635=ORIENTED_EDGE('',*,*,#3358,.T.);
#4636=ORIENTED_EDGE('',*,*,#3446,.T.);
#4637=ORIENTED_EDGE('',*,*,#3443,.T.);
#4638=ORIENTED_EDGE('',*,*,#3440,.T.);
#4639=ORIENTED_EDGE('',*,*,#3437,.T.);
#4640=ORIENTED_EDGE('',*,*,#3434,.T.);
#4641=ORIENTED_EDGE('',*,*,#3431,.T.);
#4642=ORIENTED_EDGE('',*,*,#3428,.T.);
#4643=ORIENTED_EDGE('',*,*,#3425,.T.);
#4644=ORIENTED_EDGE('',*,*,#3422,.T.);
#4645=ORIENTED_EDGE('',*,*,#3419,.T.);
#4646=ORIENTED_EDGE('',*,*,#3416,.T.);
#4647=ORIENTED_EDGE('',*,*,#3413,.T.);
#4648=ORIENTED_EDGE('',*,*,#3410,.T.);
#4649=ORIENTED_EDGE('',*,*,#3407,.T.);
#4650=ORIENTED_EDGE('',*,*,#3404,.T.);
#4651=ORIENTED_EDGE('',*,*,#3401,.T.);
#4652=ORIENTED_EDGE('',*,*,#3398,.T.);
#4653=ORIENTED_EDGE('',*,*,#3395,.T.);
#4654=ORIENTED_EDGE('',*,*,#3392,.T.);
#4655=ORIENTED_EDGE('',*,*,#3389,.T.);
#4656=ORIENTED_EDGE('',*,*,#3386,.T.);
#4657=ORIENTED_EDGE('',*,*,#3383,.T.);
#4658=ORIENTED_EDGE('',*,*,#3380,.T.);
#4659=ORIENTED_EDGE('',*,*,#3377,.T.);
#4660=ORIENTED_EDGE('',*,*,#3374,.T.);
#4661=ORIENTED_EDGE('',*,*,#3371,.T.);
#4662=ORIENTED_EDGE('',*,*,#3368,.T.);
#4663=ORIENTED_EDGE('',*,*,#3365,.T.);
#4664=ORIENTED_EDGE('',*,*,#3362,.T.);
#4665=ORIENTED_EDGE('',*,*,#3310,.T.);
#4666=ORIENTED_EDGE('',*,*,#3356,.T.);
#4667=ORIENTED_EDGE('',*,*,#3353,.T.);
#4668=ORIENTED_EDGE('',*,*,#3350,.T.);
#4669=ORIENTED_EDGE('',*,*,#3347,.T.);
#4670=ORIENTED_EDGE('',*,*,#3344,.T.);
#4671=ORIENTED_EDGE('',*,*,#3341,.T.);
#4672=ORIENTED_EDGE('',*,*,#3338,.T.);
#4673=ORIENTED_EDGE('',*,*,#3335,.T.);
#4674=ORIENTED_EDGE('',*,*,#3332,.T.);
#4675=ORIENTED_EDGE('',*,*,#3329,.T.);
#4676=ORIENTED_EDGE('',*,*,#3326,.T.);
#4677=ORIENTED_EDGE('',*,*,#3323,.T.);
#4678=ORIENTED_EDGE('',*,*,#3320,.T.);
#4679=ORIENTED_EDGE('',*,*,#3317,.T.);
#4680=ORIENTED_EDGE('',*,*,#3314,.T.);
#4681=ORIENTED_EDGE('',*,*,#3184,.T.);
#4682=ORIENTED_EDGE('',*,*,#3245,.T.);
#4683=ORIENTED_EDGE('',*,*,#3242,.T.);
#4684=ORIENTED_EDGE('',*,*,#3239,.T.);
#4685=ORIENTED_EDGE('',*,*,#3236,.T.);
#4686=ORIENTED_EDGE('',*,*,#3233,.T.);
#4687=ORIENTED_EDGE('',*,*,#3230,.T.);
#4688=ORIENTED_EDGE('',*,*,#3227,.T.);
#4689=ORIENTED_EDGE('',*,*,#3224,.T.);
#4690=ORIENTED_EDGE('',*,*,#3221,.T.);
#4691=ORIENTED_EDGE('',*,*,#3218,.T.);
#4692=ORIENTED_EDGE('',*,*,#3215,.T.);
#4693=ORIENTED_EDGE('',*,*,#3212,.T.);
#4694=ORIENTED_EDGE('',*,*,#3209,.T.);
#4695=ORIENTED_EDGE('',*,*,#3206,.T.);
#4696=ORIENTED_EDGE('',*,*,#3203,.T.);
#4697=ORIENTED_EDGE('',*,*,#3200,.T.);
#4698=ORIENTED_EDGE('',*,*,#3197,.T.);
#4699=ORIENTED_EDGE('',*,*,#3194,.T.);
#4700=ORIENTED_EDGE('',*,*,#3191,.T.);
#4701=ORIENTED_EDGE('',*,*,#3188,.T.);
#4702=ORIENTED_EDGE('',*,*,#3451,.F.);
#4703=ORIENTED_EDGE('',*,*,#3452,.T.);
#4704=ORIENTED_EDGE('',*,*,#3450,.F.);
#4705=ORIENTED_EDGE('',*,*,#3452,.F.);
#4706=ORIENTED_EDGE('',*,*,#3451,.T.);
#4707=ORIENTED_EDGE('',*,*,#3453,.F.);
#4708=ORIENTED_EDGE('',*,*,#3454,.T.);
#4709=ORIENTED_EDGE('',*,*,#3455,.F.);
#4710=ORIENTED_EDGE('',*,*,#3456,.F.);
#4711=ORIENTED_EDGE('',*,*,#3457,.F.);
#4712=ORIENTED_EDGE('',*,*,#3456,.T.);
#4713=ORIENTED_EDGE('',*,*,#3458,.F.);
#4714=ORIENTED_EDGE('',*,*,#3459,.F.);
#4715=ORIENTED_EDGE('',*,*,#3460,.F.);
#4716=ORIENTED_EDGE('',*,*,#3459,.T.);
#4717=ORIENTED_EDGE('',*,*,#3461,.F.);
#4718=ORIENTED_EDGE('',*,*,#3462,.F.);
#4719=ORIENTED_EDGE('',*,*,#3463,.F.);
#4720=ORIENTED_EDGE('',*,*,#3462,.T.);
#4721=ORIENTED_EDGE('',*,*,#3464,.F.);
#4722=ORIENTED_EDGE('',*,*,#3465,.F.);
#4723=ORIENTED_EDGE('',*,*,#3466,.F.);
#4724=ORIENTED_EDGE('',*,*,#3465,.T.);
#4725=ORIENTED_EDGE('',*,*,#3467,.F.);
#4726=ORIENTED_EDGE('',*,*,#3468,.F.);
#4727=ORIENTED_EDGE('',*,*,#3469,.F.);
#4728=ORIENTED_EDGE('',*,*,#3468,.T.);
#4729=ORIENTED_EDGE('',*,*,#3470,.F.);
#4730=ORIENTED_EDGE('',*,*,#3471,.F.);
#4731=ORIENTED_EDGE('',*,*,#3472,.F.);
#4732=ORIENTED_EDGE('',*,*,#3471,.T.);
#4733=ORIENTED_EDGE('',*,*,#3473,.F.);
#4734=ORIENTED_EDGE('',*,*,#3474,.F.);
#4735=ORIENTED_EDGE('',*,*,#3475,.F.);
#4736=ORIENTED_EDGE('',*,*,#3474,.T.);
#4737=ORIENTED_EDGE('',*,*,#3476,.F.);
#4738=ORIENTED_EDGE('',*,*,#3477,.F.);
#4739=ORIENTED_EDGE('',*,*,#3478,.F.);
#4740=ORIENTED_EDGE('',*,*,#3477,.T.);
#4741=ORIENTED_EDGE('',*,*,#3479,.F.);
#4742=ORIENTED_EDGE('',*,*,#3480,.F.);
#4743=ORIENTED_EDGE('',*,*,#3481,.F.);
#4744=ORIENTED_EDGE('',*,*,#3480,.T.);
#4745=ORIENTED_EDGE('',*,*,#3482,.F.);
#4746=ORIENTED_EDGE('',*,*,#3483,.F.);
#4747=ORIENTED_EDGE('',*,*,#3484,.F.);
#4748=ORIENTED_EDGE('',*,*,#3483,.T.);
#4749=ORIENTED_EDGE('',*,*,#3485,.F.);
#4750=ORIENTED_EDGE('',*,*,#3486,.F.);
#4751=ORIENTED_EDGE('',*,*,#3487,.F.);
#4752=ORIENTED_EDGE('',*,*,#3486,.T.);
#4753=ORIENTED_EDGE('',*,*,#3488,.F.);
#4754=ORIENTED_EDGE('',*,*,#3489,.F.);
#4755=ORIENTED_EDGE('',*,*,#3490,.F.);
#4756=ORIENTED_EDGE('',*,*,#3489,.T.);
#4757=ORIENTED_EDGE('',*,*,#3491,.F.);
#4758=ORIENTED_EDGE('',*,*,#3492,.F.);
#4759=ORIENTED_EDGE('',*,*,#3493,.F.);
#4760=ORIENTED_EDGE('',*,*,#3492,.T.);
#4761=ORIENTED_EDGE('',*,*,#3494,.F.);
#4762=ORIENTED_EDGE('',*,*,#3495,.F.);
#4763=ORIENTED_EDGE('',*,*,#3496,.F.);
#4764=ORIENTED_EDGE('',*,*,#3495,.T.);
#4765=ORIENTED_EDGE('',*,*,#3497,.F.);
#4766=ORIENTED_EDGE('',*,*,#3498,.F.);
#4767=ORIENTED_EDGE('',*,*,#3499,.F.);
#4768=ORIENTED_EDGE('',*,*,#3498,.T.);
#4769=ORIENTED_EDGE('',*,*,#3500,.F.);
#4770=ORIENTED_EDGE('',*,*,#3501,.F.);
#4771=ORIENTED_EDGE('',*,*,#3502,.F.);
#4772=ORIENTED_EDGE('',*,*,#3501,.T.);
#4773=ORIENTED_EDGE('',*,*,#3503,.F.);
#4774=ORIENTED_EDGE('',*,*,#3504,.F.);
#4775=ORIENTED_EDGE('',*,*,#3505,.F.);
#4776=ORIENTED_EDGE('',*,*,#3504,.T.);
#4777=ORIENTED_EDGE('',*,*,#3506,.F.);
#4778=ORIENTED_EDGE('',*,*,#3507,.F.);
#4779=ORIENTED_EDGE('',*,*,#3508,.F.);
#4780=ORIENTED_EDGE('',*,*,#3507,.T.);
#4781=ORIENTED_EDGE('',*,*,#3509,.F.);
#4782=ORIENTED_EDGE('',*,*,#3510,.F.);
#4783=ORIENTED_EDGE('',*,*,#3511,.F.);
#4784=ORIENTED_EDGE('',*,*,#3510,.T.);
#4785=ORIENTED_EDGE('',*,*,#3512,.F.);
#4786=ORIENTED_EDGE('',*,*,#3513,.F.);
#4787=ORIENTED_EDGE('',*,*,#3514,.F.);
#4788=ORIENTED_EDGE('',*,*,#3513,.T.);
#4789=ORIENTED_EDGE('',*,*,#3515,.F.);
#4790=ORIENTED_EDGE('',*,*,#3454,.F.);
#4791=ORIENTED_EDGE('',*,*,#3516,.F.);
#4792=ORIENTED_EDGE('',*,*,#3517,.T.);
#4793=ORIENTED_EDGE('',*,*,#3518,.F.);
#4794=ORIENTED_EDGE('',*,*,#3519,.F.);
#4795=ORIENTED_EDGE('',*,*,#3520,.F.);
#4796=ORIENTED_EDGE('',*,*,#3519,.T.);
#4797=ORIENTED_EDGE('',*,*,#3521,.F.);
#4798=ORIENTED_EDGE('',*,*,#3522,.F.);
#4799=ORIENTED_EDGE('',*,*,#3523,.F.);
#4800=ORIENTED_EDGE('',*,*,#3522,.T.);
#4801=ORIENTED_EDGE('',*,*,#3524,.F.);
#4802=ORIENTED_EDGE('',*,*,#3525,.F.);
#4803=ORIENTED_EDGE('',*,*,#3526,.F.);
#4804=ORIENTED_EDGE('',*,*,#3525,.T.);
#4805=ORIENTED_EDGE('',*,*,#3527,.F.);
#4806=ORIENTED_EDGE('',*,*,#3528,.F.);
#4807=ORIENTED_EDGE('',*,*,#3529,.F.);
#4808=ORIENTED_EDGE('',*,*,#3528,.T.);
#4809=ORIENTED_EDGE('',*,*,#3530,.F.);
#4810=ORIENTED_EDGE('',*,*,#3531,.F.);
#4811=ORIENTED_EDGE('',*,*,#3532,.F.);
#4812=ORIENTED_EDGE('',*,*,#3531,.T.);
#4813=ORIENTED_EDGE('',*,*,#3533,.F.);
#4814=ORIENTED_EDGE('',*,*,#3534,.F.);
#4815=ORIENTED_EDGE('',*,*,#3535,.F.);
#4816=ORIENTED_EDGE('',*,*,#3534,.T.);
#4817=ORIENTED_EDGE('',*,*,#3536,.F.);
#4818=ORIENTED_EDGE('',*,*,#3537,.F.);
#4819=ORIENTED_EDGE('',*,*,#3538,.F.);
#4820=ORIENTED_EDGE('',*,*,#3537,.T.);
#4821=ORIENTED_EDGE('',*,*,#3539,.F.);
#4822=ORIENTED_EDGE('',*,*,#3540,.F.);
#4823=ORIENTED_EDGE('',*,*,#3541,.F.);
#4824=ORIENTED_EDGE('',*,*,#3540,.T.);
#4825=ORIENTED_EDGE('',*,*,#3542,.F.);
#4826=ORIENTED_EDGE('',*,*,#3543,.F.);
#4827=ORIENTED_EDGE('',*,*,#3544,.F.);
#4828=ORIENTED_EDGE('',*,*,#3543,.T.);
#4829=ORIENTED_EDGE('',*,*,#3545,.F.);
#4830=ORIENTED_EDGE('',*,*,#3546,.F.);
#4831=ORIENTED_EDGE('',*,*,#3547,.F.);
#4832=ORIENTED_EDGE('',*,*,#3546,.T.);
#4833=ORIENTED_EDGE('',*,*,#3548,.F.);
#4834=ORIENTED_EDGE('',*,*,#3549,.F.);
#4835=ORIENTED_EDGE('',*,*,#3550,.F.);
#4836=ORIENTED_EDGE('',*,*,#3549,.T.);
#4837=ORIENTED_EDGE('',*,*,#3551,.F.);
#4838=ORIENTED_EDGE('',*,*,#3552,.F.);
#4839=ORIENTED_EDGE('',*,*,#3553,.F.);
#4840=ORIENTED_EDGE('',*,*,#3552,.T.);
#4841=ORIENTED_EDGE('',*,*,#3554,.F.);
#4842=ORIENTED_EDGE('',*,*,#3555,.F.);
#4843=ORIENTED_EDGE('',*,*,#3556,.F.);
#4844=ORIENTED_EDGE('',*,*,#3555,.T.);
#4845=ORIENTED_EDGE('',*,*,#3557,.F.);
#4846=ORIENTED_EDGE('',*,*,#3558,.F.);
#4847=ORIENTED_EDGE('',*,*,#3559,.F.);
#4848=ORIENTED_EDGE('',*,*,#3558,.T.);
#4849=ORIENTED_EDGE('',*,*,#3560,.F.);
#4850=ORIENTED_EDGE('',*,*,#3561,.F.);
#4851=ORIENTED_EDGE('',*,*,#3562,.F.);
#4852=ORIENTED_EDGE('',*,*,#3561,.T.);
#4853=ORIENTED_EDGE('',*,*,#3563,.F.);
#4854=ORIENTED_EDGE('',*,*,#3517,.F.);
#4855=ORIENTED_EDGE('',*,*,#3563,.T.);
#4856=ORIENTED_EDGE('',*,*,#3560,.T.);
#4857=ORIENTED_EDGE('',*,*,#3557,.T.);
#4858=ORIENTED_EDGE('',*,*,#3554,.T.);
#4859=ORIENTED_EDGE('',*,*,#3551,.T.);
#4860=ORIENTED_EDGE('',*,*,#3548,.T.);
#4861=ORIENTED_EDGE('',*,*,#3545,.T.);
#4862=ORIENTED_EDGE('',*,*,#3542,.T.);
#4863=ORIENTED_EDGE('',*,*,#3539,.T.);
#4864=ORIENTED_EDGE('',*,*,#3536,.T.);
#4865=ORIENTED_EDGE('',*,*,#3533,.T.);
#4866=ORIENTED_EDGE('',*,*,#3530,.T.);
#4867=ORIENTED_EDGE('',*,*,#3527,.T.);
#4868=ORIENTED_EDGE('',*,*,#3524,.T.);
#4869=ORIENTED_EDGE('',*,*,#3521,.T.);
#4870=ORIENTED_EDGE('',*,*,#3518,.T.);
#4871=ORIENTED_EDGE('',*,*,#3515,.T.);
#4872=ORIENTED_EDGE('',*,*,#3512,.T.);
#4873=ORIENTED_EDGE('',*,*,#3509,.T.);
#4874=ORIENTED_EDGE('',*,*,#3506,.T.);
#4875=ORIENTED_EDGE('',*,*,#3503,.T.);
#4876=ORIENTED_EDGE('',*,*,#3500,.T.);
#4877=ORIENTED_EDGE('',*,*,#3497,.T.);
#4878=ORIENTED_EDGE('',*,*,#3494,.T.);
#4879=ORIENTED_EDGE('',*,*,#3491,.T.);
#4880=ORIENTED_EDGE('',*,*,#3488,.T.);
#4881=ORIENTED_EDGE('',*,*,#3485,.T.);
#4882=ORIENTED_EDGE('',*,*,#3482,.T.);
#4883=ORIENTED_EDGE('',*,*,#3479,.T.);
#4884=ORIENTED_EDGE('',*,*,#3476,.T.);
#4885=ORIENTED_EDGE('',*,*,#3473,.T.);
#4886=ORIENTED_EDGE('',*,*,#3470,.T.);
#4887=ORIENTED_EDGE('',*,*,#3467,.T.);
#4888=ORIENTED_EDGE('',*,*,#3464,.T.);
#4889=ORIENTED_EDGE('',*,*,#3461,.T.);
#4890=ORIENTED_EDGE('',*,*,#3458,.T.);
#4891=ORIENTED_EDGE('',*,*,#3455,.T.);
#4892=ORIENTED_EDGE('',*,*,#3562,.T.);
#4893=ORIENTED_EDGE('',*,*,#3516,.T.);
#4894=ORIENTED_EDGE('',*,*,#3520,.T.);
#4895=ORIENTED_EDGE('',*,*,#3523,.T.);
#4896=ORIENTED_EDGE('',*,*,#3526,.T.);
#4897=ORIENTED_EDGE('',*,*,#3529,.T.);
#4898=ORIENTED_EDGE('',*,*,#3532,.T.);
#4899=ORIENTED_EDGE('',*,*,#3535,.T.);
#4900=ORIENTED_EDGE('',*,*,#3538,.T.);
#4901=ORIENTED_EDGE('',*,*,#3541,.T.);
#4902=ORIENTED_EDGE('',*,*,#3544,.T.);
#4903=ORIENTED_EDGE('',*,*,#3547,.T.);
#4904=ORIENTED_EDGE('',*,*,#3550,.T.);
#4905=ORIENTED_EDGE('',*,*,#3553,.T.);
#4906=ORIENTED_EDGE('',*,*,#3556,.T.);
#4907=ORIENTED_EDGE('',*,*,#3559,.T.);
#4908=ORIENTED_EDGE('',*,*,#3514,.T.);
#4909=ORIENTED_EDGE('',*,*,#3453,.T.);
#4910=ORIENTED_EDGE('',*,*,#3457,.T.);
#4911=ORIENTED_EDGE('',*,*,#3460,.T.);
#4912=ORIENTED_EDGE('',*,*,#3463,.T.);
#4913=ORIENTED_EDGE('',*,*,#3466,.T.);
#4914=ORIENTED_EDGE('',*,*,#3469,.T.);
#4915=ORIENTED_EDGE('',*,*,#3472,.T.);
#4916=ORIENTED_EDGE('',*,*,#3475,.T.);
#4917=ORIENTED_EDGE('',*,*,#3478,.T.);
#4918=ORIENTED_EDGE('',*,*,#3481,.T.);
#4919=ORIENTED_EDGE('',*,*,#3484,.T.);
#4920=ORIENTED_EDGE('',*,*,#3487,.T.);
#4921=ORIENTED_EDGE('',*,*,#3490,.T.);
#4922=ORIENTED_EDGE('',*,*,#3493,.T.);
#4923=ORIENTED_EDGE('',*,*,#3496,.T.);
#4924=ORIENTED_EDGE('',*,*,#3499,.T.);
#4925=ORIENTED_EDGE('',*,*,#3502,.T.);
#4926=ORIENTED_EDGE('',*,*,#3505,.T.);
#4927=ORIENTED_EDGE('',*,*,#3508,.T.);
#4928=ORIENTED_EDGE('',*,*,#3511,.T.);
#4929=ORIENTED_EDGE('',*,*,#3564,.F.);
#4930=ORIENTED_EDGE('',*,*,#3565,.T.);
#4931=ORIENTED_EDGE('',*,*,#3566,.F.);
#4932=ORIENTED_EDGE('',*,*,#3567,.F.);
#4933=ORIENTED_EDGE('',*,*,#3568,.F.);
#4934=ORIENTED_EDGE('',*,*,#3567,.T.);
#4935=ORIENTED_EDGE('',*,*,#3569,.F.);
#4936=ORIENTED_EDGE('',*,*,#3570,.F.);
#4937=ORIENTED_EDGE('',*,*,#3571,.F.);
#4938=ORIENTED_EDGE('',*,*,#3570,.T.);
#4939=ORIENTED_EDGE('',*,*,#3572,.F.);
#4940=ORIENTED_EDGE('',*,*,#3573,.F.);
#4941=ORIENTED_EDGE('',*,*,#3574,.F.);
#4942=ORIENTED_EDGE('',*,*,#3573,.T.);
#4943=ORIENTED_EDGE('',*,*,#3575,.F.);
#4944=ORIENTED_EDGE('',*,*,#3565,.F.);
#4945=ORIENTED_EDGE('',*,*,#3576,.F.);
#4946=ORIENTED_EDGE('',*,*,#3577,.T.);
#4947=ORIENTED_EDGE('',*,*,#3578,.F.);
#4948=ORIENTED_EDGE('',*,*,#3579,.F.);
#4949=ORIENTED_EDGE('',*,*,#3580,.F.);
#4950=ORIENTED_EDGE('',*,*,#3579,.T.);
#4951=ORIENTED_EDGE('',*,*,#3581,.F.);
#4952=ORIENTED_EDGE('',*,*,#3582,.F.);
#4953=ORIENTED_EDGE('',*,*,#3583,.F.);
#4954=ORIENTED_EDGE('',*,*,#3582,.T.);
#4955=ORIENTED_EDGE('',*,*,#3584,.F.);
#4956=ORIENTED_EDGE('',*,*,#3585,.F.);
#4957=ORIENTED_EDGE('',*,*,#3586,.F.);
#4958=ORIENTED_EDGE('',*,*,#3585,.T.);
#4959=ORIENTED_EDGE('',*,*,#3587,.F.);
#4960=ORIENTED_EDGE('',*,*,#3588,.F.);
#4961=ORIENTED_EDGE('',*,*,#3589,.F.);
#4962=ORIENTED_EDGE('',*,*,#3588,.T.);
#4963=ORIENTED_EDGE('',*,*,#3590,.F.);
#4964=ORIENTED_EDGE('',*,*,#3591,.F.);
#4965=ORIENTED_EDGE('',*,*,#3592,.F.);
#4966=ORIENTED_EDGE('',*,*,#3591,.T.);
#4967=ORIENTED_EDGE('',*,*,#3593,.F.);
#4968=ORIENTED_EDGE('',*,*,#3594,.F.);
#4969=ORIENTED_EDGE('',*,*,#3595,.F.);
#4970=ORIENTED_EDGE('',*,*,#3594,.T.);
#4971=ORIENTED_EDGE('',*,*,#3596,.F.);
#4972=ORIENTED_EDGE('',*,*,#3597,.F.);
#4973=ORIENTED_EDGE('',*,*,#3598,.F.);
#4974=ORIENTED_EDGE('',*,*,#3597,.T.);
#4975=ORIENTED_EDGE('',*,*,#3599,.F.);
#4976=ORIENTED_EDGE('',*,*,#3600,.F.);
#4977=ORIENTED_EDGE('',*,*,#3601,.F.);
#4978=ORIENTED_EDGE('',*,*,#3600,.T.);
#4979=ORIENTED_EDGE('',*,*,#3602,.F.);
#4980=ORIENTED_EDGE('',*,*,#3603,.F.);
#4981=ORIENTED_EDGE('',*,*,#3604,.F.);
#4982=ORIENTED_EDGE('',*,*,#3603,.T.);
#4983=ORIENTED_EDGE('',*,*,#3605,.F.);
#4984=ORIENTED_EDGE('',*,*,#3606,.F.);
#4985=ORIENTED_EDGE('',*,*,#3607,.F.);
#4986=ORIENTED_EDGE('',*,*,#3606,.T.);
#4987=ORIENTED_EDGE('',*,*,#3608,.F.);
#4988=ORIENTED_EDGE('',*,*,#3609,.F.);
#4989=ORIENTED_EDGE('',*,*,#3610,.F.);
#4990=ORIENTED_EDGE('',*,*,#3609,.T.);
#4991=ORIENTED_EDGE('',*,*,#3611,.F.);
#4992=ORIENTED_EDGE('',*,*,#3612,.F.);
#4993=ORIENTED_EDGE('',*,*,#3613,.F.);
#4994=ORIENTED_EDGE('',*,*,#3612,.T.);
#4995=ORIENTED_EDGE('',*,*,#3614,.F.);
#4996=ORIENTED_EDGE('',*,*,#3615,.F.);
#4997=ORIENTED_EDGE('',*,*,#3616,.F.);
#4998=ORIENTED_EDGE('',*,*,#3615,.T.);
#4999=ORIENTED_EDGE('',*,*,#3617,.F.);
#5000=ORIENTED_EDGE('',*,*,#3618,.F.);
#5001=ORIENTED_EDGE('',*,*,#3619,.F.);
#5002=ORIENTED_EDGE('',*,*,#3618,.T.);
#5003=ORIENTED_EDGE('',*,*,#3620,.F.);
#5004=ORIENTED_EDGE('',*,*,#3621,.F.);
#5005=ORIENTED_EDGE('',*,*,#3622,.F.);
#5006=ORIENTED_EDGE('',*,*,#3621,.T.);
#5007=ORIENTED_EDGE('',*,*,#3623,.F.);
#5008=ORIENTED_EDGE('',*,*,#3624,.F.);
#5009=ORIENTED_EDGE('',*,*,#3625,.F.);
#5010=ORIENTED_EDGE('',*,*,#3624,.T.);
#5011=ORIENTED_EDGE('',*,*,#3626,.F.);
#5012=ORIENTED_EDGE('',*,*,#3627,.F.);
#5013=ORIENTED_EDGE('',*,*,#3628,.F.);
#5014=ORIENTED_EDGE('',*,*,#3627,.T.);
#5015=ORIENTED_EDGE('',*,*,#3629,.F.);
#5016=ORIENTED_EDGE('',*,*,#3630,.F.);
#5017=ORIENTED_EDGE('',*,*,#3631,.F.);
#5018=ORIENTED_EDGE('',*,*,#3630,.T.);
#5019=ORIENTED_EDGE('',*,*,#3632,.F.);
#5020=ORIENTED_EDGE('',*,*,#3633,.F.);
#5021=ORIENTED_EDGE('',*,*,#3634,.F.);
#5022=ORIENTED_EDGE('',*,*,#3633,.T.);
#5023=ORIENTED_EDGE('',*,*,#3635,.F.);
#5024=ORIENTED_EDGE('',*,*,#3636,.F.);
#5025=ORIENTED_EDGE('',*,*,#3637,.F.);
#5026=ORIENTED_EDGE('',*,*,#3636,.T.);
#5027=ORIENTED_EDGE('',*,*,#3638,.F.);
#5028=ORIENTED_EDGE('',*,*,#3577,.F.);
#5029=ORIENTED_EDGE('',*,*,#3638,.T.);
#5030=ORIENTED_EDGE('',*,*,#3635,.T.);
#5031=ORIENTED_EDGE('',*,*,#3632,.T.);
#5032=ORIENTED_EDGE('',*,*,#3629,.T.);
#5033=ORIENTED_EDGE('',*,*,#3626,.T.);
#5034=ORIENTED_EDGE('',*,*,#3623,.T.);
#5035=ORIENTED_EDGE('',*,*,#3620,.T.);
#5036=ORIENTED_EDGE('',*,*,#3617,.T.);
#5037=ORIENTED_EDGE('',*,*,#3614,.T.);
#5038=ORIENTED_EDGE('',*,*,#3611,.T.);
#5039=ORIENTED_EDGE('',*,*,#3608,.T.);
#5040=ORIENTED_EDGE('',*,*,#3605,.T.);
#5041=ORIENTED_EDGE('',*,*,#3602,.T.);
#5042=ORIENTED_EDGE('',*,*,#3599,.T.);
#5043=ORIENTED_EDGE('',*,*,#3596,.T.);
#5044=ORIENTED_EDGE('',*,*,#3593,.T.);
#5045=ORIENTED_EDGE('',*,*,#3590,.T.);
#5046=ORIENTED_EDGE('',*,*,#3587,.T.);
#5047=ORIENTED_EDGE('',*,*,#3584,.T.);
#5048=ORIENTED_EDGE('',*,*,#3581,.T.);
#5049=ORIENTED_EDGE('',*,*,#3578,.T.);
#5050=ORIENTED_EDGE('',*,*,#3575,.T.);
#5051=ORIENTED_EDGE('',*,*,#3572,.T.);
#5052=ORIENTED_EDGE('',*,*,#3569,.T.);
#5053=ORIENTED_EDGE('',*,*,#3566,.T.);
#5054=ORIENTED_EDGE('',*,*,#3637,.T.);
#5055=ORIENTED_EDGE('',*,*,#3576,.T.);
#5056=ORIENTED_EDGE('',*,*,#3580,.T.);
#5057=ORIENTED_EDGE('',*,*,#3583,.T.);
#5058=ORIENTED_EDGE('',*,*,#3586,.T.);
#5059=ORIENTED_EDGE('',*,*,#3589,.T.);
#5060=ORIENTED_EDGE('',*,*,#3592,.T.);
#5061=ORIENTED_EDGE('',*,*,#3595,.T.);
#5062=ORIENTED_EDGE('',*,*,#3598,.T.);
#5063=ORIENTED_EDGE('',*,*,#3601,.T.);
#5064=ORIENTED_EDGE('',*,*,#3604,.T.);
#5065=ORIENTED_EDGE('',*,*,#3607,.T.);
#5066=ORIENTED_EDGE('',*,*,#3610,.T.);
#5067=ORIENTED_EDGE('',*,*,#3613,.T.);
#5068=ORIENTED_EDGE('',*,*,#3616,.T.);
#5069=ORIENTED_EDGE('',*,*,#3619,.T.);
#5070=ORIENTED_EDGE('',*,*,#3622,.T.);
#5071=ORIENTED_EDGE('',*,*,#3625,.T.);
#5072=ORIENTED_EDGE('',*,*,#3628,.T.);
#5073=ORIENTED_EDGE('',*,*,#3631,.T.);
#5074=ORIENTED_EDGE('',*,*,#3634,.T.);
#5075=ORIENTED_EDGE('',*,*,#3574,.T.);
#5076=ORIENTED_EDGE('',*,*,#3564,.T.);
#5077=ORIENTED_EDGE('',*,*,#3568,.T.);
#5078=ORIENTED_EDGE('',*,*,#3571,.T.);
#5079=ORIENTED_EDGE('',*,*,#3639,.F.);
#5080=ORIENTED_EDGE('',*,*,#3640,.T.);
#5081=ORIENTED_EDGE('',*,*,#3641,.F.);
#5082=ORIENTED_EDGE('',*,*,#3642,.F.);
#5083=ORIENTED_EDGE('',*,*,#3643,.F.);
#5084=ORIENTED_EDGE('',*,*,#3642,.T.);
#5085=ORIENTED_EDGE('',*,*,#3644,.F.);
#5086=ORIENTED_EDGE('',*,*,#3645,.F.);
#5087=ORIENTED_EDGE('',*,*,#3646,.F.);
#5088=ORIENTED_EDGE('',*,*,#3645,.T.);
#5089=ORIENTED_EDGE('',*,*,#3647,.F.);
#5090=ORIENTED_EDGE('',*,*,#3648,.F.);
#5091=ORIENTED_EDGE('',*,*,#3649,.F.);
#5092=ORIENTED_EDGE('',*,*,#3648,.T.);
#5093=ORIENTED_EDGE('',*,*,#3650,.F.);
#5094=ORIENTED_EDGE('',*,*,#3651,.F.);
#5095=ORIENTED_EDGE('',*,*,#3652,.F.);
#5096=ORIENTED_EDGE('',*,*,#3651,.T.);
#5097=ORIENTED_EDGE('',*,*,#3653,.F.);
#5098=ORIENTED_EDGE('',*,*,#3654,.F.);
#5099=ORIENTED_EDGE('',*,*,#3655,.F.);
#5100=ORIENTED_EDGE('',*,*,#3654,.T.);
#5101=ORIENTED_EDGE('',*,*,#3656,.F.);
#5102=ORIENTED_EDGE('',*,*,#3657,.F.);
#5103=ORIENTED_EDGE('',*,*,#3658,.F.);
#5104=ORIENTED_EDGE('',*,*,#3657,.T.);
#5105=ORIENTED_EDGE('',*,*,#3659,.F.);
#5106=ORIENTED_EDGE('',*,*,#3660,.F.);
#5107=ORIENTED_EDGE('',*,*,#3661,.F.);
#5108=ORIENTED_EDGE('',*,*,#3660,.T.);
#5109=ORIENTED_EDGE('',*,*,#3662,.F.);
#5110=ORIENTED_EDGE('',*,*,#3663,.F.);
#5111=ORIENTED_EDGE('',*,*,#3664,.F.);
#5112=ORIENTED_EDGE('',*,*,#3663,.T.);
#5113=ORIENTED_EDGE('',*,*,#3665,.F.);
#5114=ORIENTED_EDGE('',*,*,#3666,.F.);
#5115=ORIENTED_EDGE('',*,*,#3667,.F.);
#5116=ORIENTED_EDGE('',*,*,#3666,.T.);
#5117=ORIENTED_EDGE('',*,*,#3668,.F.);
#5118=ORIENTED_EDGE('',*,*,#3669,.F.);
#5119=ORIENTED_EDGE('',*,*,#3670,.F.);
#5120=ORIENTED_EDGE('',*,*,#3669,.T.);
#5121=ORIENTED_EDGE('',*,*,#3671,.F.);
#5122=ORIENTED_EDGE('',*,*,#3672,.F.);
#5123=ORIENTED_EDGE('',*,*,#3673,.F.);
#5124=ORIENTED_EDGE('',*,*,#3672,.T.);
#5125=ORIENTED_EDGE('',*,*,#3674,.F.);
#5126=ORIENTED_EDGE('',*,*,#3675,.F.);
#5127=ORIENTED_EDGE('',*,*,#3676,.F.);
#5128=ORIENTED_EDGE('',*,*,#3675,.T.);
#5129=ORIENTED_EDGE('',*,*,#3677,.F.);
#5130=ORIENTED_EDGE('',*,*,#3678,.F.);
#5131=ORIENTED_EDGE('',*,*,#3679,.F.);
#5132=ORIENTED_EDGE('',*,*,#3678,.T.);
#5133=ORIENTED_EDGE('',*,*,#3680,.F.);
#5134=ORIENTED_EDGE('',*,*,#3681,.F.);
#5135=ORIENTED_EDGE('',*,*,#3682,.F.);
#5136=ORIENTED_EDGE('',*,*,#3681,.T.);
#5137=ORIENTED_EDGE('',*,*,#3683,.F.);
#5138=ORIENTED_EDGE('',*,*,#3684,.F.);
#5139=ORIENTED_EDGE('',*,*,#3685,.F.);
#5140=ORIENTED_EDGE('',*,*,#3684,.T.);
#5141=ORIENTED_EDGE('',*,*,#3686,.F.);
#5142=ORIENTED_EDGE('',*,*,#3687,.F.);
#5143=ORIENTED_EDGE('',*,*,#3688,.F.);
#5144=ORIENTED_EDGE('',*,*,#3687,.T.);
#5145=ORIENTED_EDGE('',*,*,#3689,.F.);
#5146=ORIENTED_EDGE('',*,*,#3690,.F.);
#5147=ORIENTED_EDGE('',*,*,#3691,.F.);
#5148=ORIENTED_EDGE('',*,*,#3690,.T.);
#5149=ORIENTED_EDGE('',*,*,#3692,.F.);
#5150=ORIENTED_EDGE('',*,*,#3693,.F.);
#5151=ORIENTED_EDGE('',*,*,#3694,.F.);
#5152=ORIENTED_EDGE('',*,*,#3693,.T.);
#5153=ORIENTED_EDGE('',*,*,#3695,.F.);
#5154=ORIENTED_EDGE('',*,*,#3696,.F.);
#5155=ORIENTED_EDGE('',*,*,#3697,.F.);
#5156=ORIENTED_EDGE('',*,*,#3696,.T.);
#5157=ORIENTED_EDGE('',*,*,#3698,.F.);
#5158=ORIENTED_EDGE('',*,*,#3699,.F.);
#5159=ORIENTED_EDGE('',*,*,#3700,.F.);
#5160=ORIENTED_EDGE('',*,*,#3699,.T.);
#5161=ORIENTED_EDGE('',*,*,#3701,.F.);
#5162=ORIENTED_EDGE('',*,*,#3702,.F.);
#5163=ORIENTED_EDGE('',*,*,#3703,.F.);
#5164=ORIENTED_EDGE('',*,*,#3702,.T.);
#5165=ORIENTED_EDGE('',*,*,#3704,.F.);
#5166=ORIENTED_EDGE('',*,*,#3705,.F.);
#5167=ORIENTED_EDGE('',*,*,#3706,.F.);
#5168=ORIENTED_EDGE('',*,*,#3705,.T.);
#5169=ORIENTED_EDGE('',*,*,#3707,.F.);
#5170=ORIENTED_EDGE('',*,*,#3708,.F.);
#5171=ORIENTED_EDGE('',*,*,#3709,.F.);
#5172=ORIENTED_EDGE('',*,*,#3708,.T.);
#5173=ORIENTED_EDGE('',*,*,#3710,.F.);
#5174=ORIENTED_EDGE('',*,*,#3711,.F.);
#5175=ORIENTED_EDGE('',*,*,#3712,.F.);
#5176=ORIENTED_EDGE('',*,*,#3711,.T.);
#5177=ORIENTED_EDGE('',*,*,#3713,.F.);
#5178=ORIENTED_EDGE('',*,*,#3714,.F.);
#5179=ORIENTED_EDGE('',*,*,#3715,.F.);
#5180=ORIENTED_EDGE('',*,*,#3714,.T.);
#5181=ORIENTED_EDGE('',*,*,#3716,.F.);
#5182=ORIENTED_EDGE('',*,*,#3717,.F.);
#5183=ORIENTED_EDGE('',*,*,#3718,.F.);
#5184=ORIENTED_EDGE('',*,*,#3717,.T.);
#5185=ORIENTED_EDGE('',*,*,#3719,.F.);
#5186=ORIENTED_EDGE('',*,*,#3720,.F.);
#5187=ORIENTED_EDGE('',*,*,#3721,.F.);
#5188=ORIENTED_EDGE('',*,*,#3720,.T.);
#5189=ORIENTED_EDGE('',*,*,#3722,.F.);
#5190=ORIENTED_EDGE('',*,*,#3723,.F.);
#5191=ORIENTED_EDGE('',*,*,#3724,.F.);
#5192=ORIENTED_EDGE('',*,*,#3723,.T.);
#5193=ORIENTED_EDGE('',*,*,#3725,.F.);
#5194=ORIENTED_EDGE('',*,*,#3726,.F.);
#5195=ORIENTED_EDGE('',*,*,#3727,.F.);
#5196=ORIENTED_EDGE('',*,*,#3726,.T.);
#5197=ORIENTED_EDGE('',*,*,#3728,.F.);
#5198=ORIENTED_EDGE('',*,*,#3640,.F.);
#5199=ORIENTED_EDGE('',*,*,#3728,.T.);
#5200=ORIENTED_EDGE('',*,*,#3725,.T.);
#5201=ORIENTED_EDGE('',*,*,#3722,.T.);
#5202=ORIENTED_EDGE('',*,*,#3719,.T.);
#5203=ORIENTED_EDGE('',*,*,#3716,.T.);
#5204=ORIENTED_EDGE('',*,*,#3713,.T.);
#5205=ORIENTED_EDGE('',*,*,#3710,.T.);
#5206=ORIENTED_EDGE('',*,*,#3707,.T.);
#5207=ORIENTED_EDGE('',*,*,#3704,.T.);
#5208=ORIENTED_EDGE('',*,*,#3701,.T.);
#5209=ORIENTED_EDGE('',*,*,#3698,.T.);
#5210=ORIENTED_EDGE('',*,*,#3695,.T.);
#5211=ORIENTED_EDGE('',*,*,#3692,.T.);
#5212=ORIENTED_EDGE('',*,*,#3689,.T.);
#5213=ORIENTED_EDGE('',*,*,#3686,.T.);
#5214=ORIENTED_EDGE('',*,*,#3683,.T.);
#5215=ORIENTED_EDGE('',*,*,#3680,.T.);
#5216=ORIENTED_EDGE('',*,*,#3677,.T.);
#5217=ORIENTED_EDGE('',*,*,#3674,.T.);
#5218=ORIENTED_EDGE('',*,*,#3671,.T.);
#5219=ORIENTED_EDGE('',*,*,#3668,.T.);
#5220=ORIENTED_EDGE('',*,*,#3665,.T.);
#5221=ORIENTED_EDGE('',*,*,#3662,.T.);
#5222=ORIENTED_EDGE('',*,*,#3659,.T.);
#5223=ORIENTED_EDGE('',*,*,#3656,.T.);
#5224=ORIENTED_EDGE('',*,*,#3653,.T.);
#5225=ORIENTED_EDGE('',*,*,#3650,.T.);
#5226=ORIENTED_EDGE('',*,*,#3647,.T.);
#5227=ORIENTED_EDGE('',*,*,#3644,.T.);
#5228=ORIENTED_EDGE('',*,*,#3641,.T.);
#5229=ORIENTED_EDGE('',*,*,#3727,.T.);
#5230=ORIENTED_EDGE('',*,*,#3639,.T.);
#5231=ORIENTED_EDGE('',*,*,#3643,.T.);
#5232=ORIENTED_EDGE('',*,*,#3646,.T.);
#5233=ORIENTED_EDGE('',*,*,#3649,.T.);
#5234=ORIENTED_EDGE('',*,*,#3652,.T.);
#5235=ORIENTED_EDGE('',*,*,#3655,.T.);
#5236=ORIENTED_EDGE('',*,*,#3658,.T.);
#5237=ORIENTED_EDGE('',*,*,#3661,.T.);
#5238=ORIENTED_EDGE('',*,*,#3664,.T.);
#5239=ORIENTED_EDGE('',*,*,#3667,.T.);
#5240=ORIENTED_EDGE('',*,*,#3670,.T.);
#5241=ORIENTED_EDGE('',*,*,#3673,.T.);
#5242=ORIENTED_EDGE('',*,*,#3676,.T.);
#5243=ORIENTED_EDGE('',*,*,#3679,.T.);
#5244=ORIENTED_EDGE('',*,*,#3682,.T.);
#5245=ORIENTED_EDGE('',*,*,#3685,.T.);
#5246=ORIENTED_EDGE('',*,*,#3688,.T.);
#5247=ORIENTED_EDGE('',*,*,#3691,.T.);
#5248=ORIENTED_EDGE('',*,*,#3694,.T.);
#5249=ORIENTED_EDGE('',*,*,#3697,.T.);
#5250=ORIENTED_EDGE('',*,*,#3700,.T.);
#5251=ORIENTED_EDGE('',*,*,#3703,.T.);
#5252=ORIENTED_EDGE('',*,*,#3706,.T.);
#5253=ORIENTED_EDGE('',*,*,#3709,.T.);
#5254=ORIENTED_EDGE('',*,*,#3712,.T.);
#5255=ORIENTED_EDGE('',*,*,#3715,.T.);
#5256=ORIENTED_EDGE('',*,*,#3718,.T.);
#5257=ORIENTED_EDGE('',*,*,#3721,.T.);
#5258=ORIENTED_EDGE('',*,*,#3724,.T.);
#5259=ORIENTED_EDGE('',*,*,#3729,.F.);
#5260=ORIENTED_EDGE('',*,*,#3730,.F.);
#5261=ORIENTED_EDGE('',*,*,#3731,.F.);
#5262=ORIENTED_EDGE('',*,*,#3732,.F.);
#5263=ORIENTED_EDGE('',*,*,#3733,.F.);
#5264=ORIENTED_EDGE('',*,*,#3734,.F.);
#5265=ORIENTED_EDGE('',*,*,#3735,.F.);
#5266=ORIENTED_EDGE('',*,*,#3736,.F.);
#5267=ORIENTED_EDGE('',*,*,#3737,.F.);
#5268=ORIENTED_EDGE('',*,*,#3738,.F.);
#5269=ORIENTED_EDGE('',*,*,#3739,.F.);
#5270=ORIENTED_EDGE('',*,*,#3740,.F.);
#5271=ORIENTED_EDGE('',*,*,#3741,.F.);
#5272=ORIENTED_EDGE('',*,*,#3742,.F.);
#5273=ORIENTED_EDGE('',*,*,#3743,.F.);
#5274=ORIENTED_EDGE('',*,*,#3744,.F.);
#5275=ORIENTED_EDGE('',*,*,#3745,.F.);
#5276=ORIENTED_EDGE('',*,*,#3746,.F.);
#5277=ORIENTED_EDGE('',*,*,#3747,.F.);
#5278=ORIENTED_EDGE('',*,*,#3748,.F.);
#5279=ORIENTED_EDGE('',*,*,#3749,.F.);
#5280=ORIENTED_EDGE('',*,*,#3750,.F.);
#5281=ORIENTED_EDGE('',*,*,#3751,.F.);
#5282=ORIENTED_EDGE('',*,*,#3752,.F.);
#5283=ORIENTED_EDGE('',*,*,#3753,.F.);
#5284=ORIENTED_EDGE('',*,*,#3754,.F.);
#5285=ORIENTED_EDGE('',*,*,#3755,.T.);
#5286=ORIENTED_EDGE('',*,*,#3756,.F.);
#5287=ORIENTED_EDGE('',*,*,#3756,.T.);
#5288=ORIENTED_EDGE('',*,*,#3757,.T.);
#5289=ORIENTED_EDGE('',*,*,#3758,.F.);
#5290=ORIENTED_EDGE('',*,*,#3757,.F.);
#5291=ORIENTED_EDGE('',*,*,#3758,.T.);
#5292=ORIENTED_EDGE('',*,*,#3759,.T.);
#5293=ORIENTED_EDGE('',*,*,#3759,.F.);
#5294=ORIENTED_EDGE('',*,*,#3760,.F.);
#5295=ORIENTED_EDGE('',*,*,#3761,.T.);
#5296=ORIENTED_EDGE('',*,*,#3761,.F.);
#5297=ORIENTED_EDGE('',*,*,#3762,.F.);
#5298=ORIENTED_EDGE('',*,*,#3763,.T.);
#5299=ORIENTED_EDGE('',*,*,#3743,.T.);
#5300=ORIENTED_EDGE('',*,*,#3764,.T.);
#5301=ORIENTED_EDGE('',*,*,#3760,.T.);
#5302=ORIENTED_EDGE('',*,*,#3764,.F.);
#5303=ORIENTED_EDGE('',*,*,#3742,.T.);
#5304=ORIENTED_EDGE('',*,*,#3741,.T.);
#5305=ORIENTED_EDGE('',*,*,#3763,.F.);
#5306=ORIENTED_EDGE('',*,*,#3729,.T.);
#5307=ORIENTED_EDGE('',*,*,#3730,.T.);
#5308=ORIENTED_EDGE('',*,*,#3731,.T.);
#5309=ORIENTED_EDGE('',*,*,#3732,.T.);
#5310=ORIENTED_EDGE('',*,*,#3733,.T.);
#5311=ORIENTED_EDGE('',*,*,#3734,.T.);
#5312=ORIENTED_EDGE('',*,*,#3735,.T.);
#5313=ORIENTED_EDGE('',*,*,#3736,.T.);
#5314=ORIENTED_EDGE('',*,*,#3737,.T.);
#5315=ORIENTED_EDGE('',*,*,#3738,.T.);
#5316=ORIENTED_EDGE('',*,*,#3739,.T.);
#5317=ORIENTED_EDGE('',*,*,#3740,.T.);
#5318=ORIENTED_EDGE('',*,*,#3744,.T.);
#5319=ORIENTED_EDGE('',*,*,#3745,.T.);
#5320=ORIENTED_EDGE('',*,*,#3746,.T.);
#5321=ORIENTED_EDGE('',*,*,#3747,.T.);
#5322=ORIENTED_EDGE('',*,*,#3748,.T.);
#5323=ORIENTED_EDGE('',*,*,#3749,.T.);
#5324=ORIENTED_EDGE('',*,*,#3750,.T.);
#5325=ORIENTED_EDGE('',*,*,#3751,.T.);
#5326=ORIENTED_EDGE('',*,*,#3752,.T.);
#5327=ORIENTED_EDGE('',*,*,#3753,.T.);
#5328=ORIENTED_EDGE('',*,*,#3754,.T.);
#5329=ORIENTED_EDGE('',*,*,#3765,.F.);
#5330=ORIENTED_EDGE('',*,*,#3762,.T.);
#5331=ORIENTED_EDGE('',*,*,#3755,.F.);
#5332=ORIENTED_EDGE('',*,*,#3766,.T.);
#5333=ORIENTED_EDGE('',*,*,#3765,.T.);
#5334=ORIENTED_EDGE('',*,*,#3766,.F.);
#5335=ORIENTED_EDGE('',*,*,#3767,.F.);
#5336=ORIENTED_EDGE('',*,*,#3768,.T.);
#5337=ORIENTED_EDGE('',*,*,#3769,.F.);
#5338=ORIENTED_EDGE('',*,*,#3770,.F.);
#5339=ORIENTED_EDGE('',*,*,#3771,.T.);
#5340=ORIENTED_EDGE('',*,*,#3770,.T.);
#5341=ORIENTED_EDGE('',*,*,#3772,.F.);
#5342=ORIENTED_EDGE('',*,*,#3773,.F.);
#5343=ORIENTED_EDGE('',*,*,#3774,.T.);
#5344=ORIENTED_EDGE('',*,*,#3773,.T.);
#5345=ORIENTED_EDGE('',*,*,#3775,.F.);
#5346=ORIENTED_EDGE('',*,*,#3776,.F.);
#5347=ORIENTED_EDGE('',*,*,#3777,.F.);
#5348=ORIENTED_EDGE('',*,*,#3776,.T.);
#5349=ORIENTED_EDGE('',*,*,#3778,.F.);
#5350=ORIENTED_EDGE('',*,*,#3779,.F.);
#5351=ORIENTED_EDGE('',*,*,#3780,.T.);
#5352=ORIENTED_EDGE('',*,*,#3779,.T.);
#5353=ORIENTED_EDGE('',*,*,#3781,.F.);
#5354=ORIENTED_EDGE('',*,*,#3782,.F.);
#5355=ORIENTED_EDGE('',*,*,#3783,.T.);
#5356=ORIENTED_EDGE('',*,*,#3782,.T.);
#5357=ORIENTED_EDGE('',*,*,#3784,.F.);
#5358=ORIENTED_EDGE('',*,*,#3785,.F.);
#5359=ORIENTED_EDGE('',*,*,#3786,.T.);
#5360=ORIENTED_EDGE('',*,*,#3785,.T.);
#5361=ORIENTED_EDGE('',*,*,#3787,.F.);
#5362=ORIENTED_EDGE('',*,*,#3788,.F.);
#5363=ORIENTED_EDGE('',*,*,#3789,.T.);
#5364=ORIENTED_EDGE('',*,*,#3788,.T.);
#5365=ORIENTED_EDGE('',*,*,#3790,.F.);
#5366=ORIENTED_EDGE('',*,*,#3768,.F.);
#5367=ORIENTED_EDGE('',*,*,#3790,.T.);
#5368=ORIENTED_EDGE('',*,*,#3787,.T.);
#5369=ORIENTED_EDGE('',*,*,#3784,.T.);
#5370=ORIENTED_EDGE('',*,*,#3781,.T.);
#5371=ORIENTED_EDGE('',*,*,#3778,.T.);
#5372=ORIENTED_EDGE('',*,*,#3775,.T.);
#5373=ORIENTED_EDGE('',*,*,#3772,.T.);
#5374=ORIENTED_EDGE('',*,*,#3769,.T.);
#5375=ORIENTED_EDGE('',*,*,#3789,.F.);
#5376=ORIENTED_EDGE('',*,*,#3767,.T.);
#5377=ORIENTED_EDGE('',*,*,#3771,.F.);
#5378=ORIENTED_EDGE('',*,*,#3774,.F.);
#5379=ORIENTED_EDGE('',*,*,#3777,.T.);
#5380=ORIENTED_EDGE('',*,*,#3780,.F.);
#5381=ORIENTED_EDGE('',*,*,#3783,.F.);
#5382=ORIENTED_EDGE('',*,*,#3786,.F.);
#5383=ORIENTED_EDGE('',*,*,#3791,.T.);
#5384=ORIENTED_EDGE('',*,*,#3792,.T.);
#5385=ORIENTED_EDGE('',*,*,#3793,.F.);
#5386=ORIENTED_EDGE('',*,*,#3794,.F.);
#5387=ORIENTED_EDGE('',*,*,#3795,.T.);
#5388=ORIENTED_EDGE('',*,*,#3794,.T.);
#5389=ORIENTED_EDGE('',*,*,#3796,.F.);
#5390=ORIENTED_EDGE('',*,*,#3797,.F.);
#5391=ORIENTED_EDGE('',*,*,#3798,.F.);
#5392=ORIENTED_EDGE('',*,*,#3797,.T.);
#5393=ORIENTED_EDGE('',*,*,#3799,.F.);
#5394=ORIENTED_EDGE('',*,*,#3800,.F.);
#5395=ORIENTED_EDGE('',*,*,#3801,.T.);
#5396=ORIENTED_EDGE('',*,*,#3800,.T.);
#5397=ORIENTED_EDGE('',*,*,#3802,.F.);
#5398=ORIENTED_EDGE('',*,*,#3803,.F.);
#5399=ORIENTED_EDGE('',*,*,#3804,.T.);
#5400=ORIENTED_EDGE('',*,*,#3803,.T.);
#5401=ORIENTED_EDGE('',*,*,#3805,.F.);
#5402=ORIENTED_EDGE('',*,*,#3806,.F.);
#5403=ORIENTED_EDGE('',*,*,#3807,.T.);
#5404=ORIENTED_EDGE('',*,*,#3806,.T.);
#5405=ORIENTED_EDGE('',*,*,#3808,.F.);
#5406=ORIENTED_EDGE('',*,*,#3809,.F.);
#5407=ORIENTED_EDGE('',*,*,#3810,.T.);
#5408=ORIENTED_EDGE('',*,*,#3809,.T.);
#5409=ORIENTED_EDGE('',*,*,#3811,.F.);
#5410=ORIENTED_EDGE('',*,*,#3812,.F.);
#5411=ORIENTED_EDGE('',*,*,#3813,.F.);
#5412=ORIENTED_EDGE('',*,*,#3812,.T.);
#5413=ORIENTED_EDGE('',*,*,#3814,.F.);
#5414=ORIENTED_EDGE('',*,*,#3792,.F.);
#5415=ORIENTED_EDGE('',*,*,#3814,.T.);
#5416=ORIENTED_EDGE('',*,*,#3811,.T.);
#5417=ORIENTED_EDGE('',*,*,#3808,.T.);
#5418=ORIENTED_EDGE('',*,*,#3805,.T.);
#5419=ORIENTED_EDGE('',*,*,#3802,.T.);
#5420=ORIENTED_EDGE('',*,*,#3799,.T.);
#5421=ORIENTED_EDGE('',*,*,#3796,.T.);
#5422=ORIENTED_EDGE('',*,*,#3793,.T.);
#5423=ORIENTED_EDGE('',*,*,#3813,.T.);
#5424=ORIENTED_EDGE('',*,*,#3791,.F.);
#5425=ORIENTED_EDGE('',*,*,#3795,.F.);
#5426=ORIENTED_EDGE('',*,*,#3798,.T.);
#5427=ORIENTED_EDGE('',*,*,#3801,.F.);
#5428=ORIENTED_EDGE('',*,*,#3804,.F.);
#5429=ORIENTED_EDGE('',*,*,#3807,.F.);
#5430=ORIENTED_EDGE('',*,*,#3810,.F.);
#5431=ORIENTED_EDGE('',*,*,#3815,.T.);
#5432=ORIENTED_EDGE('',*,*,#3816,.T.);
#5433=ORIENTED_EDGE('',*,*,#3817,.T.);
#5434=ORIENTED_EDGE('',*,*,#3818,.T.);
#5435=ORIENTED_EDGE('',*,*,#3817,.F.);
#5436=ORIENTED_EDGE('',*,*,#3819,.T.);
#5437=ORIENTED_EDGE('',*,*,#3820,.T.);
#5438=ORIENTED_EDGE('',*,*,#3816,.F.);
#5439=ORIENTED_EDGE('',*,*,#3821,.T.);
#5440=ORIENTED_EDGE('',*,*,#3822,.F.);
#5441=ORIENTED_EDGE('',*,*,#3823,.F.);
#5442=ORIENTED_EDGE('',*,*,#3815,.F.);
#5443=ORIENTED_EDGE('',*,*,#3824,.F.);
#5444=ORIENTED_EDGE('',*,*,#3825,.F.);
#5445=ORIENTED_EDGE('',*,*,#3826,.F.);
#5446=ORIENTED_EDGE('',*,*,#3827,.F.);
#5447=ORIENTED_EDGE('',*,*,#3828,.F.);
#5448=ORIENTED_EDGE('',*,*,#3829,.F.);
#5449=ORIENTED_EDGE('',*,*,#3830,.F.);
#5450=ORIENTED_EDGE('',*,*,#3831,.F.);
#5451=ORIENTED_EDGE('',*,*,#3821,.F.);
#5452=ORIENTED_EDGE('',*,*,#3818,.F.);
#5453=ORIENTED_EDGE('',*,*,#3832,.F.);
#5454=ORIENTED_EDGE('',*,*,#3833,.F.);
#5455=ORIENTED_EDGE('',*,*,#3824,.T.);
#5456=ORIENTED_EDGE('',*,*,#3834,.T.);
#5457=ORIENTED_EDGE('',*,*,#3835,.T.);
#5458=ORIENTED_EDGE('',*,*,#3836,.T.);
#5459=ORIENTED_EDGE('',*,*,#3831,.T.);
#5460=ORIENTED_EDGE('',*,*,#3837,.T.);
#5461=ORIENTED_EDGE('',*,*,#3834,.F.);
#5462=ORIENTED_EDGE('',*,*,#3822,.T.);
#5463=ORIENTED_EDGE('',*,*,#3819,.F.);
#5464=ORIENTED_EDGE('',*,*,#3823,.T.);
#5465=ORIENTED_EDGE('',*,*,#3836,.F.);
#5466=ORIENTED_EDGE('',*,*,#3838,.T.);
#5467=ORIENTED_EDGE('',*,*,#3835,.F.);
#5468=ORIENTED_EDGE('',*,*,#3839,.T.);
#5469=ORIENTED_EDGE('',*,*,#3840,.F.);
#5470=ORIENTED_EDGE('',*,*,#3841,.T.);
#5471=ORIENTED_EDGE('',*,*,#3820,.F.);
#5472=ORIENTED_EDGE('',*,*,#3842,.T.);
#5473=ORIENTED_EDGE('',*,*,#3843,.F.);
#5474=ORIENTED_EDGE('',*,*,#3844,.T.);
#5475=ORIENTED_EDGE('',*,*,#3832,.T.);
#5476=ORIENTED_EDGE('',*,*,#3843,.T.);
#5477=ORIENTED_EDGE('',*,*,#3845,.T.);
#5478=ORIENTED_EDGE('',*,*,#3840,.T.);
#5479=ORIENTED_EDGE('',*,*,#3846,.T.);
#5480=ORIENTED_EDGE('',*,*,#3847,.T.);
#5481=ORIENTED_EDGE('',*,*,#3848,.T.);
#5482=ORIENTED_EDGE('',*,*,#3849,.T.);
#5483=ORIENTED_EDGE('',*,*,#3849,.F.);
#5484=ORIENTED_EDGE('',*,*,#3850,.F.);
#5485=ORIENTED_EDGE('',*,*,#3851,.F.);
#5486=ORIENTED_EDGE('',*,*,#3825,.T.);
#5487=ORIENTED_EDGE('',*,*,#3833,.T.);
#5488=ORIENTED_EDGE('',*,*,#3844,.F.);
#5489=ORIENTED_EDGE('',*,*,#3848,.F.);
#5490=ORIENTED_EDGE('',*,*,#3852,.F.);
#5491=ORIENTED_EDGE('',*,*,#3853,.T.);
#5492=ORIENTED_EDGE('',*,*,#3854,.T.);
#5493=ORIENTED_EDGE('',*,*,#3850,.T.);
#5494=ORIENTED_EDGE('',*,*,#3847,.F.);
#5495=ORIENTED_EDGE('',*,*,#3855,.T.);
#5496=ORIENTED_EDGE('',*,*,#3856,.T.);
#5497=ORIENTED_EDGE('',*,*,#3852,.T.);
#5498=ORIENTED_EDGE('',*,*,#3842,.F.);
#5499=ORIENTED_EDGE('',*,*,#3838,.F.);
#5500=ORIENTED_EDGE('',*,*,#3841,.F.);
#5501=ORIENTED_EDGE('',*,*,#3845,.F.);
#5502=ORIENTED_EDGE('',*,*,#3855,.F.);
#5503=ORIENTED_EDGE('',*,*,#3857,.F.);
#5504=ORIENTED_EDGE('',*,*,#3828,.T.);
#5505=ORIENTED_EDGE('',*,*,#3858,.T.);
#5506=ORIENTED_EDGE('',*,*,#3846,.F.);
#5507=ORIENTED_EDGE('',*,*,#3859,.F.);
#5508=ORIENTED_EDGE('',*,*,#3829,.T.);
#5509=ORIENTED_EDGE('',*,*,#3857,.T.);
#5510=ORIENTED_EDGE('',*,*,#3856,.F.);
#5511=ORIENTED_EDGE('',*,*,#3860,.T.);
#5512=ORIENTED_EDGE('',*,*,#3853,.F.);
#5513=ORIENTED_EDGE('',*,*,#3854,.F.);
#5514=ORIENTED_EDGE('',*,*,#3861,.F.);
#5515=ORIENTED_EDGE('',*,*,#3826,.T.);
#5516=ORIENTED_EDGE('',*,*,#3851,.T.);
#5517=ORIENTED_EDGE('',*,*,#3860,.F.);
#5518=ORIENTED_EDGE('',*,*,#3858,.F.);
#5519=ORIENTED_EDGE('',*,*,#3827,.T.);
#5520=ORIENTED_EDGE('',*,*,#3861,.T.);
#5521=ORIENTED_EDGE('',*,*,#3837,.F.);
#5522=ORIENTED_EDGE('',*,*,#3830,.T.);
#5523=ORIENTED_EDGE('',*,*,#3859,.T.);
#5524=ORIENTED_EDGE('',*,*,#3839,.F.);
#5525=ORIENTED_EDGE('',*,*,#3862,.T.);
#5526=ORIENTED_EDGE('',*,*,#3863,.T.);
#5527=ORIENTED_EDGE('',*,*,#3864,.T.);
#5528=ORIENTED_EDGE('',*,*,#3865,.T.);
#5529=ORIENTED_EDGE('',*,*,#3866,.T.);
#5530=ORIENTED_EDGE('',*,*,#3862,.F.);
#5531=ORIENTED_EDGE('',*,*,#3867,.T.);
#5532=ORIENTED_EDGE('',*,*,#3867,.F.);
#5533=ORIENTED_EDGE('',*,*,#3868,.F.);
#5534=ORIENTED_EDGE('',*,*,#3869,.F.);
#5535=ORIENTED_EDGE('',*,*,#3870,.T.);
#5536=ORIENTED_EDGE('',*,*,#3864,.F.);
#5537=ORIENTED_EDGE('',*,*,#3871,.T.);
#5538=ORIENTED_EDGE('',*,*,#3872,.F.);
#5539=ORIENTED_EDGE('',*,*,#3868,.T.);
#5540=ORIENTED_EDGE('',*,*,#3863,.F.);
#5541=ORIENTED_EDGE('',*,*,#3873,.T.);
#5542=ORIENTED_EDGE('',*,*,#3874,.T.);
#5543=ORIENTED_EDGE('',*,*,#3875,.T.);
#5544=ORIENTED_EDGE('',*,*,#3876,.T.);
#5545=ORIENTED_EDGE('',*,*,#3877,.T.);
#5546=ORIENTED_EDGE('',*,*,#3869,.T.);
#5547=ORIENTED_EDGE('',*,*,#3878,.T.);
#5548=ORIENTED_EDGE('',*,*,#3879,.T.);
#5549=ORIENTED_EDGE('',*,*,#3878,.F.);
#5550=ORIENTED_EDGE('',*,*,#3872,.T.);
#5551=ORIENTED_EDGE('',*,*,#3880,.T.);
#5552=ORIENTED_EDGE('',*,*,#3865,.F.);
#5553=ORIENTED_EDGE('',*,*,#3870,.F.);
#5554=ORIENTED_EDGE('',*,*,#3877,.F.);
#5555=ORIENTED_EDGE('',*,*,#3881,.F.);
#5556=ORIENTED_EDGE('',*,*,#3882,.F.);
#5557=ORIENTED_EDGE('',*,*,#3883,.F.);
#5558=ORIENTED_EDGE('',*,*,#3884,.F.);
#5559=ORIENTED_EDGE('',*,*,#3885,.F.);
#5560=ORIENTED_EDGE('',*,*,#3886,.F.);
#5561=ORIENTED_EDGE('',*,*,#3887,.F.);
#5562=ORIENTED_EDGE('',*,*,#3879,.F.);
#5563=ORIENTED_EDGE('',*,*,#3888,.F.);
#5564=ORIENTED_EDGE('',*,*,#3889,.F.);
#5565=ORIENTED_EDGE('',*,*,#3881,.T.);
#5566=ORIENTED_EDGE('',*,*,#3890,.T.);
#5567=ORIENTED_EDGE('',*,*,#3891,.T.);
#5568=ORIENTED_EDGE('',*,*,#3892,.T.);
#5569=ORIENTED_EDGE('',*,*,#3893,.T.);
#5570=ORIENTED_EDGE('',*,*,#3894,.T.);
#5571=ORIENTED_EDGE('',*,*,#3895,.F.);
#5572=ORIENTED_EDGE('',*,*,#3891,.F.);
#5573=ORIENTED_EDGE('',*,*,#3896,.F.);
#5574=ORIENTED_EDGE('',*,*,#3897,.F.);
#5575=ORIENTED_EDGE('',*,*,#3883,.T.);
#5576=ORIENTED_EDGE('',*,*,#3898,.T.);
#5577=ORIENTED_EDGE('',*,*,#3899,.F.);
#5578=ORIENTED_EDGE('',*,*,#3890,.F.);
#5579=ORIENTED_EDGE('',*,*,#3900,.T.);
#5580=ORIENTED_EDGE('',*,*,#3896,.T.);
#5581=ORIENTED_EDGE('',*,*,#3901,.F.);
#5582=ORIENTED_EDGE('',*,*,#3899,.T.);
#5583=ORIENTED_EDGE('',*,*,#3902,.F.);
#5584=ORIENTED_EDGE('',*,*,#3880,.F.);
#5585=ORIENTED_EDGE('',*,*,#3903,.T.);
#5586=ORIENTED_EDGE('',*,*,#3904,.T.);
#5587=ORIENTED_EDGE('',*,*,#3888,.T.);
#5588=ORIENTED_EDGE('',*,*,#3905,.F.);
#5589=ORIENTED_EDGE('',*,*,#3902,.T.);
#5590=ORIENTED_EDGE('',*,*,#3906,.T.);
#5591=ORIENTED_EDGE('',*,*,#3904,.F.);
#5592=ORIENTED_EDGE('',*,*,#3907,.T.);
#5593=ORIENTED_EDGE('',*,*,#3875,.F.);
#5594=ORIENTED_EDGE('',*,*,#3894,.F.);
#5595=ORIENTED_EDGE('',*,*,#3908,.T.);
#5596=ORIENTED_EDGE('',*,*,#3909,.T.);
#5597=ORIENTED_EDGE('',*,*,#3900,.F.);
#5598=ORIENTED_EDGE('',*,*,#3909,.F.);
#5599=ORIENTED_EDGE('',*,*,#3910,.F.);
#5600=ORIENTED_EDGE('',*,*,#3884,.T.);
#5601=ORIENTED_EDGE('',*,*,#3897,.T.);
#5602=ORIENTED_EDGE('',*,*,#3893,.F.);
#5603=ORIENTED_EDGE('',*,*,#3911,.F.);
#5604=ORIENTED_EDGE('',*,*,#3885,.T.);
#5605=ORIENTED_EDGE('',*,*,#3910,.T.);
#5606=ORIENTED_EDGE('',*,*,#3908,.F.);
#5607=ORIENTED_EDGE('',*,*,#3876,.F.);
#5608=ORIENTED_EDGE('',*,*,#3907,.F.);
#5609=ORIENTED_EDGE('',*,*,#3903,.F.);
#5610=ORIENTED_EDGE('',*,*,#3871,.F.);
#5611=ORIENTED_EDGE('',*,*,#3905,.T.);
#5612=ORIENTED_EDGE('',*,*,#3874,.F.);
#5613=ORIENTED_EDGE('',*,*,#3912,.F.);
#5614=ORIENTED_EDGE('',*,*,#3886,.T.);
#5615=ORIENTED_EDGE('',*,*,#3911,.T.);
#5616=ORIENTED_EDGE('',*,*,#3892,.F.);
#5617=ORIENTED_EDGE('',*,*,#3895,.T.);
#5618=ORIENTED_EDGE('',*,*,#3901,.T.);
#5619=ORIENTED_EDGE('',*,*,#3866,.F.);
#5620=ORIENTED_EDGE('',*,*,#3887,.T.);
#5621=ORIENTED_EDGE('',*,*,#3912,.T.);
#5622=ORIENTED_EDGE('',*,*,#3873,.F.);
#5623=ORIENTED_EDGE('',*,*,#3906,.F.);
#5624=ORIENTED_EDGE('',*,*,#3898,.F.);
#5625=ORIENTED_EDGE('',*,*,#3882,.T.);
#5626=ORIENTED_EDGE('',*,*,#3889,.T.);
#5627=ORIENTED_EDGE('',*,*,#3913,.T.);
#5628=ORIENTED_EDGE('',*,*,#3914,.T.);
#5629=ORIENTED_EDGE('',*,*,#3915,.F.);
#5630=ORIENTED_EDGE('',*,*,#3914,.F.);
#5631=ORIENTED_EDGE('',*,*,#3915,.T.);
#5632=ORIENTED_EDGE('',*,*,#3913,.F.);
#5633=ORIENTED_EDGE('',*,*,#3916,.T.);
#5634=ORIENTED_EDGE('',*,*,#3917,.T.);
#5635=ORIENTED_EDGE('',*,*,#3918,.F.);
#5636=ORIENTED_EDGE('',*,*,#3917,.F.);
#5637=ORIENTED_EDGE('',*,*,#3918,.T.);
#5638=ORIENTED_EDGE('',*,*,#3916,.F.);
#5639=ORIENTED_EDGE('',*,*,#3919,.T.);
#5640=ORIENTED_EDGE('',*,*,#3920,.T.);
#5641=ORIENTED_EDGE('',*,*,#3921,.F.);
#5642=ORIENTED_EDGE('',*,*,#3920,.F.);
#5643=ORIENTED_EDGE('',*,*,#3921,.T.);
#5644=ORIENTED_EDGE('',*,*,#3919,.F.);
#5645=ORIENTED_EDGE('',*,*,#3922,.F.);
#5646=ORIENTED_EDGE('',*,*,#3923,.T.);
#5647=ORIENTED_EDGE('',*,*,#3924,.T.);
#5648=ORIENTED_EDGE('',*,*,#3925,.T.);
#5649=ORIENTED_EDGE('',*,*,#3923,.F.);
#5650=ORIENTED_EDGE('',*,*,#3924,.F.);
#5651=ORIENTED_EDGE('',*,*,#3925,.F.);
#5652=ORIENTED_EDGE('',*,*,#3926,.T.);
#5653=ORIENTED_EDGE('',*,*,#3927,.T.);
#5654=ORIENTED_EDGE('',*,*,#3928,.T.);
#5655=ORIENTED_EDGE('',*,*,#3926,.F.);
#5656=ORIENTED_EDGE('',*,*,#3928,.F.);
#5657=ORIENTED_EDGE('',*,*,#3929,.T.);
#5658=ORIENTED_EDGE('',*,*,#3930,.T.);
#5659=ORIENTED_EDGE('',*,*,#3931,.T.);
#5660=ORIENTED_EDGE('',*,*,#3929,.F.);
#5661=ORIENTED_EDGE('',*,*,#3927,.F.);
#5662=ORIENTED_EDGE('',*,*,#3930,.F.);
#5663=ORIENTED_EDGE('',*,*,#3931,.F.);
#5664=ORIENTED_EDGE('',*,*,#3932,.T.);
#5665=ORIENTED_EDGE('',*,*,#3933,.T.);
#5666=ORIENTED_EDGE('',*,*,#3934,.T.);
#5667=ORIENTED_EDGE('',*,*,#3932,.F.);
#5668=ORIENTED_EDGE('',*,*,#3934,.F.);
#5669=ORIENTED_EDGE('',*,*,#3935,.T.);
#5670=ORIENTED_EDGE('',*,*,#3936,.T.);
#5671=ORIENTED_EDGE('',*,*,#3935,.F.);
#5672=ORIENTED_EDGE('',*,*,#3933,.F.);
#5673=ORIENTED_EDGE('',*,*,#3922,.T.);
#5674=ORIENTED_EDGE('',*,*,#3936,.F.);
#5675=ORIENTED_EDGE('',*,*,#3937,.T.);
#5676=ORIENTED_EDGE('',*,*,#3938,.T.);
#5677=ORIENTED_EDGE('',*,*,#3939,.T.);
#5678=ORIENTED_EDGE('',*,*,#3940,.F.);
#5679=ORIENTED_EDGE('',*,*,#3941,.T.);
#5680=ORIENTED_EDGE('',*,*,#3938,.F.);
#5681=ORIENTED_EDGE('',*,*,#3942,.T.);
#5682=ORIENTED_EDGE('',*,*,#3943,.T.);
#5683=ORIENTED_EDGE('',*,*,#3944,.T.);
#5684=ORIENTED_EDGE('',*,*,#3943,.F.);
#5685=ORIENTED_EDGE('',*,*,#3945,.T.);
#5686=ORIENTED_EDGE('',*,*,#3946,.T.);
#5687=ORIENTED_EDGE('',*,*,#3947,.T.);
#5688=ORIENTED_EDGE('',*,*,#3946,.F.);
#5689=ORIENTED_EDGE('',*,*,#3948,.T.);
#5690=ORIENTED_EDGE('',*,*,#3940,.T.);
#5691=ORIENTED_EDGE('',*,*,#3947,.F.);
#5692=ORIENTED_EDGE('',*,*,#3949,.T.);
#5693=ORIENTED_EDGE('',*,*,#3950,.F.);
#5694=ORIENTED_EDGE('',*,*,#3951,.T.);
#5695=ORIENTED_EDGE('',*,*,#3939,.F.);
#5696=ORIENTED_EDGE('',*,*,#3952,.F.);
#5697=ORIENTED_EDGE('',*,*,#3953,.F.);
#5698=ORIENTED_EDGE('',*,*,#3949,.F.);
#5699=ORIENTED_EDGE('',*,*,#3937,.F.);
#5700=ORIENTED_EDGE('',*,*,#3948,.F.);
#5701=ORIENTED_EDGE('',*,*,#3945,.F.);
#5702=ORIENTED_EDGE('',*,*,#3942,.F.);
#5703=ORIENTED_EDGE('',*,*,#3954,.T.);
#5704=ORIENTED_EDGE('',*,*,#3955,.F.);
#5705=ORIENTED_EDGE('',*,*,#3956,.T.);
#5706=ORIENTED_EDGE('',*,*,#3957,.F.);
#5707=ORIENTED_EDGE('',*,*,#3958,.F.);
#5708=ORIENTED_EDGE('',*,*,#3959,.T.);
#5709=ORIENTED_EDGE('',*,*,#3950,.T.);
#5710=ORIENTED_EDGE('',*,*,#3960,.T.);
#5711=ORIENTED_EDGE('',*,*,#3961,.F.);
#5712=ORIENTED_EDGE('',*,*,#3962,.F.);
#5713=ORIENTED_EDGE('',*,*,#3963,.T.);
#5714=ORIENTED_EDGE('',*,*,#3959,.F.);
#5715=ORIENTED_EDGE('',*,*,#3964,.T.);
#5716=ORIENTED_EDGE('',*,*,#3965,.T.);
#5717=ORIENTED_EDGE('',*,*,#3966,.T.);
#5718=ORIENTED_EDGE('',*,*,#3955,.T.);
#5719=ORIENTED_EDGE('',*,*,#3958,.T.);
#5720=ORIENTED_EDGE('',*,*,#3957,.T.);
#5721=ORIENTED_EDGE('',*,*,#3967,.T.);
#5722=ORIENTED_EDGE('',*,*,#3968,.T.);
#5723=ORIENTED_EDGE('',*,*,#3944,.F.);
#5724=ORIENTED_EDGE('',*,*,#3951,.F.);
#5725=ORIENTED_EDGE('',*,*,#3963,.F.);
#5726=ORIENTED_EDGE('',*,*,#3969,.F.);
#5727=ORIENTED_EDGE('',*,*,#3941,.F.);
#5728=ORIENTED_EDGE('',*,*,#3969,.T.);
#5729=ORIENTED_EDGE('',*,*,#3970,.F.);
#5730=ORIENTED_EDGE('',*,*,#3952,.T.);
#5731=ORIENTED_EDGE('',*,*,#3954,.F.);
#5732=ORIENTED_EDGE('',*,*,#3960,.F.);
#5733=ORIENTED_EDGE('',*,*,#3953,.T.);
#5734=ORIENTED_EDGE('',*,*,#3971,.F.);
#5735=ORIENTED_EDGE('',*,*,#3966,.F.);
#5736=ORIENTED_EDGE('',*,*,#3972,.T.);
#5737=ORIENTED_EDGE('',*,*,#3967,.F.);
#5738=ORIENTED_EDGE('',*,*,#3956,.F.);
#5739=ORIENTED_EDGE('',*,*,#3961,.T.);
#5740=ORIENTED_EDGE('',*,*,#3968,.F.);
#5741=ORIENTED_EDGE('',*,*,#3972,.F.);
#5742=ORIENTED_EDGE('',*,*,#3965,.F.);
#5743=ORIENTED_EDGE('',*,*,#3964,.F.);
#5744=ORIENTED_EDGE('',*,*,#3971,.T.);
#5745=ORIENTED_EDGE('',*,*,#3970,.T.);
#5746=ORIENTED_EDGE('',*,*,#3962,.T.);
#5747=ORIENTED_EDGE('',*,*,#3973,.T.);
#5748=ORIENTED_EDGE('',*,*,#3974,.T.);
#5749=ORIENTED_EDGE('',*,*,#3975,.T.);
#5750=ORIENTED_EDGE('',*,*,#3976,.F.);
#5751=ORIENTED_EDGE('',*,*,#3977,.T.);
#5752=ORIENTED_EDGE('',*,*,#3974,.F.);
#5753=ORIENTED_EDGE('',*,*,#3978,.T.);
#5754=ORIENTED_EDGE('',*,*,#3979,.T.);
#5755=ORIENTED_EDGE('',*,*,#3980,.T.);
#5756=ORIENTED_EDGE('',*,*,#3979,.F.);
#5757=ORIENTED_EDGE('',*,*,#3981,.T.);
#5758=ORIENTED_EDGE('',*,*,#3982,.T.);
#5759=ORIENTED_EDGE('',*,*,#3983,.T.);
#5760=ORIENTED_EDGE('',*,*,#3982,.F.);
#5761=ORIENTED_EDGE('',*,*,#3984,.T.);
#5762=ORIENTED_EDGE('',*,*,#3976,.T.);
#5763=ORIENTED_EDGE('',*,*,#3983,.F.);
#5764=ORIENTED_EDGE('',*,*,#3985,.T.);
#5765=ORIENTED_EDGE('',*,*,#3986,.F.);
#5766=ORIENTED_EDGE('',*,*,#3987,.T.);
#5767=ORIENTED_EDGE('',*,*,#3975,.F.);
#5768=ORIENTED_EDGE('',*,*,#3988,.F.);
#5769=ORIENTED_EDGE('',*,*,#3989,.F.);
#5770=ORIENTED_EDGE('',*,*,#3985,.F.);
#5771=ORIENTED_EDGE('',*,*,#3973,.F.);
#5772=ORIENTED_EDGE('',*,*,#3984,.F.);
#5773=ORIENTED_EDGE('',*,*,#3981,.F.);
#5774=ORIENTED_EDGE('',*,*,#3978,.F.);
#5775=ORIENTED_EDGE('',*,*,#3990,.T.);
#5776=ORIENTED_EDGE('',*,*,#3991,.F.);
#5777=ORIENTED_EDGE('',*,*,#3992,.T.);
#5778=ORIENTED_EDGE('',*,*,#3993,.F.);
#5779=ORIENTED_EDGE('',*,*,#3994,.F.);
#5780=ORIENTED_EDGE('',*,*,#3995,.T.);
#5781=ORIENTED_EDGE('',*,*,#3986,.T.);
#5782=ORIENTED_EDGE('',*,*,#3996,.T.);
#5783=ORIENTED_EDGE('',*,*,#3997,.F.);
#5784=ORIENTED_EDGE('',*,*,#3998,.F.);
#5785=ORIENTED_EDGE('',*,*,#3999,.T.);
#5786=ORIENTED_EDGE('',*,*,#3995,.F.);
#5787=ORIENTED_EDGE('',*,*,#4000,.T.);
#5788=ORIENTED_EDGE('',*,*,#4001,.T.);
#5789=ORIENTED_EDGE('',*,*,#4002,.T.);
#5790=ORIENTED_EDGE('',*,*,#3991,.T.);
#5791=ORIENTED_EDGE('',*,*,#3994,.T.);
#5792=ORIENTED_EDGE('',*,*,#3993,.T.);
#5793=ORIENTED_EDGE('',*,*,#4003,.T.);
#5794=ORIENTED_EDGE('',*,*,#4004,.T.);
#5795=ORIENTED_EDGE('',*,*,#3980,.F.);
#5796=ORIENTED_EDGE('',*,*,#3987,.F.);
#5797=ORIENTED_EDGE('',*,*,#3999,.F.);
#5798=ORIENTED_EDGE('',*,*,#4005,.F.);
#5799=ORIENTED_EDGE('',*,*,#3977,.F.);
#5800=ORIENTED_EDGE('',*,*,#4005,.T.);
#5801=ORIENTED_EDGE('',*,*,#4006,.F.);
#5802=ORIENTED_EDGE('',*,*,#3988,.T.);
#5803=ORIENTED_EDGE('',*,*,#3990,.F.);
#5804=ORIENTED_EDGE('',*,*,#3996,.F.);
#5805=ORIENTED_EDGE('',*,*,#3989,.T.);
#5806=ORIENTED_EDGE('',*,*,#4007,.F.);
#5807=ORIENTED_EDGE('',*,*,#4002,.F.);
#5808=ORIENTED_EDGE('',*,*,#4008,.T.);
#5809=ORIENTED_EDGE('',*,*,#4003,.F.);
#5810=ORIENTED_EDGE('',*,*,#3992,.F.);
#5811=ORIENTED_EDGE('',*,*,#3997,.T.);
#5812=ORIENTED_EDGE('',*,*,#4004,.F.);
#5813=ORIENTED_EDGE('',*,*,#4008,.F.);
#5814=ORIENTED_EDGE('',*,*,#4001,.F.);
#5815=ORIENTED_EDGE('',*,*,#4000,.F.);
#5816=ORIENTED_EDGE('',*,*,#4007,.T.);
#5817=ORIENTED_EDGE('',*,*,#4006,.T.);
#5818=ORIENTED_EDGE('',*,*,#3998,.T.);
#5819=PLANE('',#6427);
#5820=PLANE('',#6428);
#5821=PLANE('',#6429);
#5822=PLANE('',#6436);
#5823=PLANE('',#6437);
#5824=PLANE('',#6438);
#5825=PLANE('',#6439);
#5826=PLANE('',#6446);
#5827=PLANE('',#6447);
#5828=PLANE('',#6451);
#5829=PLANE('',#6455);
#5830=PLANE('',#6459);
#5831=PLANE('',#6466);
#5832=PLANE('',#6467);
#5833=PLANE('',#6472);
#5834=PLANE('',#6482);
#5835=PLANE('',#6489);
#5836=PLANE('',#6490);
#5837=PLANE('',#6497);
#5838=PLANE('',#6498);
#5839=PLANE('',#6500);
#5840=PLANE('',#6501);
#5841=PLANE('',#6502);
#5842=PLANE('',#6503);
#5843=PLANE('',#6504);
#5844=PLANE('',#6505);
#5845=PLANE('',#6506);
#5846=PLANE('',#6507);
#5847=PLANE('',#6508);
#5848=PLANE('',#6509);
#5849=PLANE('',#6510);
#5850=PLANE('',#6511);
#5851=PLANE('',#6512);
#5852=PLANE('',#6513);
#5853=PLANE('',#6514);
#5854=PLANE('',#6515);
#5855=PLANE('',#6516);
#5856=PLANE('',#6517);
#5857=PLANE('',#6518);
#5858=PLANE('',#6519);
#5859=PLANE('',#6520);
#5860=PLANE('',#6521);
#5861=PLANE('',#6522);
#5862=PLANE('',#6527);
#5863=PLANE('',#6530);
#5864=PLANE('',#6531);
#5865=PLANE('',#6532);
#5866=PLANE('',#6533);
#5867=PLANE('',#6534);
#5868=PLANE('',#6535);
#5869=PLANE('',#6536);
#5870=PLANE('',#6537);
#5871=PLANE('',#6538);
#5872=PLANE('',#6539);
#5873=PLANE('',#6540);
#5874=PLANE('',#6541);
#5875=PLANE('',#6542);
#5876=PLANE('',#6543);
#5877=PLANE('',#6544);
#5878=PLANE('',#6545);
#5879=PLANE('',#6546);
#5880=PLANE('',#6547);
#5881=PLANE('',#6548);
#5882=PLANE('',#6549);
#5883=PLANE('',#6550);
#5884=PLANE('',#6551);
#5885=PLANE('',#6552);
#5886=PLANE('',#6553);
#5887=PLANE('',#6554);
#5888=PLANE('',#6580);
#5889=PLANE('',#6594);
#5890=PLANE('',#6598);
#5891=PLANE('',#6602);
#5892=PLANE('',#6606);
#5893=PLANE('',#6610);
#5894=PLANE('',#6614);
#5895=PLANE('',#6615);
#5896=PLANE('',#6616);
#5897=PLANE('',#6620);
#5898=PLANE('',#6624);
#5899=PLANE('',#6628);
#5900=PLANE('',#6632);
#5901=PLANE('',#6633);
#5902=PLANE('',#6641);
#5903=PLANE('',#6645);
#5904=PLANE('',#6662);
#5905=PLANE('',#6663);
#5906=PLANE('',#6667);
#5907=PLANE('',#6669);
#5908=PLANE('',#6684);
#5909=PLANE('',#6688);
#5910=PLANE('',#6691);
#5911=PLANE('',#6702);
#5912=PLANE('',#6703);
#5913=PLANE('',#6705);
#5914=PLANE('',#6710);
#5915=PLANE('',#6711);
#5916=PLANE('',#6714);
#5917=PLANE('',#6715);
#5918=PLANE('',#6718);
#5919=PLANE('',#6719);
#5920=PLANE('',#6737);
#5921=PLANE('',#6738);
#5922=PLANE('',#6740);
#5923=PLANE('',#6741);
#5924=PLANE('',#6742);
#5925=PLANE('',#6743);
#5926=PLANE('',#6744);
#5927=PLANE('',#6745);
#5928=PLANE('',#6746);
#5929=PLANE('',#6747);
#5930=PLANE('',#6751);
#5931=PLANE('',#6753);
#5932=PLANE('',#6754);
#5933=PLANE('',#6755);
#5934=PLANE('',#6756);
#5935=PLANE('',#6757);
#5936=PLANE('',#6759);
#5937=PLANE('',#6760);
#5938=PLANE('',#6762);
#5939=PLANE('',#6763);
#5940=PLANE('',#6764);
#5941=PLANE('',#6765);
#5942=PLANE('',#6766);
#5943=PLANE('',#6767);
#5944=PLANE('',#6768);
#5945=PLANE('',#6769);
#5946=PLANE('',#6773);
#5947=PLANE('',#6775);
#5948=PLANE('',#6776);
#5949=PLANE('',#6777);
#5950=PLANE('',#6778);
#5951=PLANE('',#6779);
#5952=PLANE('',#6781);
#5953=PLANE('',#6782);
#5954=ADVANCED_FACE('',(#875),#5819,.F.);
#5955=ADVANCED_FACE('',(#876),#5820,.F.);
#5956=ADVANCED_FACE('',(#877),#5821,.T.);
#5957=ADVANCED_FACE('',(#878),#686,.F.);
#5958=ADVANCED_FACE('',(#879),#687,.T.);
#5959=ADVANCED_FACE('',(#880),#5822,.F.);
#5960=ADVANCED_FACE('',(#881),#5823,.F.);
#5961=ADVANCED_FACE('',(#882),#5824,.F.);
#5962=ADVANCED_FACE('',(#883),#5825,.T.);
#5963=ADVANCED_FACE('',(#884),#688,.F.);
#5964=ADVANCED_FACE('',(#885),#689,.T.);
#5965=ADVANCED_FACE('',(#886),#5826,.F.);
#5966=ADVANCED_FACE('',(#887),#5827,.F.);
#5967=ADVANCED_FACE('',(#888),#690,.T.);
#5968=ADVANCED_FACE('',(#889),#5828,.F.);
#5969=ADVANCED_FACE('',(#890),#691,.T.);
#5970=ADVANCED_FACE('',(#891,#598),#5829,.F.);
#5971=ADVANCED_FACE('',(#892),#692,.F.);
#5972=ADVANCED_FACE('',(#893,#599),#5830,.T.);
#5973=ADVANCED_FACE('',(#894),#693,.F.);
#5974=ADVANCED_FACE('',(#895),#694,.T.);
#5975=ADVANCED_FACE('',(#896,#600),#5831,.T.);
#5976=ADVANCED_FACE('',(#897,#601),#5832,.F.);
#5977=ADVANCED_FACE('',(#898),#585,.T.);
#5978=ADVANCED_FACE('',(#899,#602),#5833,.T.);
#5979=ADVANCED_FACE('',(#900),#695,.F.);
#5980=ADVANCED_FACE('',(#901),#586,.T.);
#5981=ADVANCED_FACE('',(#902),#696,.T.);
#5982=ADVANCED_FACE('',(#903,#603),#5834,.F.);
#5983=ADVANCED_FACE('',(#904),#697,.F.);
#5984=ADVANCED_FACE('',(#905),#698,.T.);
#5985=ADVANCED_FACE('',(#906,#604),#5835,.T.);
#5986=ADVANCED_FACE('',(#907,#605),#5836,.F.);
#5987=ADVANCED_FACE('',(#908),#699,.F.);
#5988=ADVANCED_FACE('',(#909),#700,.T.);
#5989=ADVANCED_FACE('',(#910,#606),#5837,.T.);
#5990=ADVANCED_FACE('',(#911,#607),#5838,.F.);
#5991=ADVANCED_FACE('',(#912),#5839,.F.);
#5992=ADVANCED_FACE('',(#913),#5840,.F.);
#5993=ADVANCED_FACE('',(#914),#418,.F.);
#5994=ADVANCED_FACE('',(#915),#5841,.F.);
#5995=ADVANCED_FACE('',(#916),#419,.F.);
#5996=ADVANCED_FACE('',(#917),#420,.F.);
#5997=ADVANCED_FACE('',(#918),#5842,.F.);
#5998=ADVANCED_FACE('',(#919),#421,.F.);
#5999=ADVANCED_FACE('',(#920),#5843,.F.);
#6000=ADVANCED_FACE('',(#921),#422,.F.);
#6001=ADVANCED_FACE('',(#922),#423,.F.);
#6002=ADVANCED_FACE('',(#923),#424,.F.);
#6003=ADVANCED_FACE('',(#924),#5844,.F.);
#6004=ADVANCED_FACE('',(#925),#425,.F.);
#6005=ADVANCED_FACE('',(#926),#426,.F.);
#6006=ADVANCED_FACE('',(#927),#427,.F.);
#6007=ADVANCED_FACE('',(#928),#428,.F.);
#6008=ADVANCED_FACE('',(#929),#5845,.F.);
#6009=ADVANCED_FACE('',(#930),#429,.F.);
#6010=ADVANCED_FACE('',(#931),#430,.F.);
#6011=ADVANCED_FACE('',(#932),#431,.F.);
#6012=ADVANCED_FACE('',(#933),#5846,.F.);
#6013=ADVANCED_FACE('',(#934),#432,.F.);
#6014=ADVANCED_FACE('',(#935),#433,.F.);
#6015=ADVANCED_FACE('',(#936),#434,.F.);
#6016=ADVANCED_FACE('',(#937,#608),#5847,.T.);
#6017=ADVANCED_FACE('',(#938),#435,.F.);
#6018=ADVANCED_FACE('',(#939),#436,.F.);
#6019=ADVANCED_FACE('',(#940),#437,.F.);
#6020=ADVANCED_FACE('',(#941),#438,.F.);
#6021=ADVANCED_FACE('',(#942),#439,.F.);
#6022=ADVANCED_FACE('',(#943),#440,.F.);
#6023=ADVANCED_FACE('',(#944),#441,.F.);
#6024=ADVANCED_FACE('',(#945),#442,.F.);
#6025=ADVANCED_FACE('',(#946),#443,.F.);
#6026=ADVANCED_FACE('',(#947),#444,.F.);
#6027=ADVANCED_FACE('',(#948),#445,.F.);
#6028=ADVANCED_FACE('',(#949),#446,.F.);
#6029=ADVANCED_FACE('',(#950),#447,.F.);
#6030=ADVANCED_FACE('',(#951),#448,.F.);
#6031=ADVANCED_FACE('',(#952),#449,.F.);
#6032=ADVANCED_FACE('',(#953),#450,.F.);
#6033=ADVANCED_FACE('',(#954),#451,.F.);
#6034=ADVANCED_FACE('',(#955),#452,.F.);
#6035=ADVANCED_FACE('',(#956),#453,.F.);
#6036=ADVANCED_FACE('',(#957),#454,.F.);
#6037=ADVANCED_FACE('',(#958),#455,.F.);
#6038=ADVANCED_FACE('',(#959),#456,.F.);
#6039=ADVANCED_FACE('',(#960),#457,.F.);
#6040=ADVANCED_FACE('',(#961),#458,.F.);
#6041=ADVANCED_FACE('',(#962),#459,.F.);
#6042=ADVANCED_FACE('',(#963),#460,.F.);
#6043=ADVANCED_FACE('',(#964),#461,.F.);
#6044=ADVANCED_FACE('',(#965),#462,.F.);
#6045=ADVANCED_FACE('',(#966),#463,.F.);
#6046=ADVANCED_FACE('',(#967),#464,.F.);
#6047=ADVANCED_FACE('',(#968),#465,.F.);
#6048=ADVANCED_FACE('',(#969),#466,.F.);
#6049=ADVANCED_FACE('',(#970),#467,.F.);
#6050=ADVANCED_FACE('',(#971),#468,.F.);
#6051=ADVANCED_FACE('',(#972),#469,.F.);
#6052=ADVANCED_FACE('',(#973),#470,.F.);
#6053=ADVANCED_FACE('',(#974),#471,.F.);
#6054=ADVANCED_FACE('',(#975,#609),#5848,.T.);
#6055=ADVANCED_FACE('',(#976),#5849,.F.);
#6056=ADVANCED_FACE('',(#977),#472,.F.);
#6057=ADVANCED_FACE('',(#978),#473,.F.);
#6058=ADVANCED_FACE('',(#979),#474,.F.);
#6059=ADVANCED_FACE('',(#980),#475,.F.);
#6060=ADVANCED_FACE('',(#981),#476,.F.);
#6061=ADVANCED_FACE('',(#982),#477,.F.);
#6062=ADVANCED_FACE('',(#983),#478,.F.);
#6063=ADVANCED_FACE('',(#984),#479,.F.);
#6064=ADVANCED_FACE('',(#985),#5850,.F.);
#6065=ADVANCED_FACE('',(#986),#5851,.F.);
#6066=ADVANCED_FACE('',(#987),#5852,.F.);
#6067=ADVANCED_FACE('',(#988),#5853,.F.);
#6068=ADVANCED_FACE('',(#989),#5854,.F.);
#6069=ADVANCED_FACE('',(#990),#480,.F.);
#6070=ADVANCED_FACE('',(#991),#481,.F.);
#6071=ADVANCED_FACE('',(#992),#482,.F.);
#6072=ADVANCED_FACE('',(#993),#483,.F.);
#6073=ADVANCED_FACE('',(#994),#484,.F.);
#6074=ADVANCED_FACE('',(#995),#485,.F.);
#6075=ADVANCED_FACE('',(#996),#486,.F.);
#6076=ADVANCED_FACE('',(#997),#487,.F.);
#6077=ADVANCED_FACE('',(#998),#488,.F.);
#6078=ADVANCED_FACE('',(#999),#489,.F.);
#6079=ADVANCED_FACE('',(#1000),#490,.F.);
#6080=ADVANCED_FACE('',(#1001),#491,.F.);
#6081=ADVANCED_FACE('',(#1002),#5855,.F.);
#6082=ADVANCED_FACE('',(#1003),#5856,.F.);
#6083=ADVANCED_FACE('',(#1004),#5857,.F.);
#6084=ADVANCED_FACE('',(#1005),#5858,.F.);
#6085=ADVANCED_FACE('',(#1006),#5859,.T.);
#6086=ADVANCED_FACE('',(#1007),#5860,.F.);
#6087=ADVANCED_FACE('',(#1008),#5861,.F.);
#6088=ADVANCED_FACE('',(#1009),#587,.T.);
#6089=ADVANCED_FACE('',(#1010,#610,#611,#612),#5862,.F.);
#6090=ADVANCED_FACE('',(#1011),#701,.T.);
#6091=ADVANCED_FACE('',(#1012),#5863,.T.);
#6092=ADVANCED_FACE('',(#1013),#492,.T.);
#6093=ADVANCED_FACE('',(#1014),#493,.T.);
#6094=ADVANCED_FACE('',(#1015),#494,.T.);
#6095=ADVANCED_FACE('',(#1016),#495,.T.);
#6096=ADVANCED_FACE('',(#1017),#496,.T.);
#6097=ADVANCED_FACE('',(#1018),#497,.T.);
#6098=ADVANCED_FACE('',(#1019),#498,.T.);
#6099=ADVANCED_FACE('',(#1020),#499,.T.);
#6100=ADVANCED_FACE('',(#1021),#500,.T.);
#6101=ADVANCED_FACE('',(#1022),#501,.T.);
#6102=ADVANCED_FACE('',(#1023),#502,.T.);
#6103=ADVANCED_FACE('',(#1024),#503,.T.);
#6104=ADVANCED_FACE('',(#1025),#504,.T.);
#6105=ADVANCED_FACE('',(#1026),#505,.T.);
#6106=ADVANCED_FACE('',(#1027),#506,.T.);
#6107=ADVANCED_FACE('',(#1028),#507,.T.);
#6108=ADVANCED_FACE('',(#1029),#508,.T.);
#6109=ADVANCED_FACE('',(#1030),#509,.T.);
#6110=ADVANCED_FACE('',(#1031),#510,.T.);
#6111=ADVANCED_FACE('',(#1032),#511,.T.);
#6112=ADVANCED_FACE('',(#1033),#512,.T.);
#6113=ADVANCED_FACE('',(#1034),#513,.T.);
#6114=ADVANCED_FACE('',(#1035),#514,.T.);
#6115=ADVANCED_FACE('',(#1036),#515,.T.);
#6116=ADVANCED_FACE('',(#1037),#516,.T.);
#6117=ADVANCED_FACE('',(#1038),#517,.T.);
#6118=ADVANCED_FACE('',(#1039),#518,.T.);
#6119=ADVANCED_FACE('',(#1040),#519,.T.);
#6120=ADVANCED_FACE('',(#1041),#520,.T.);
#6121=ADVANCED_FACE('',(#1042),#521,.T.);
#6122=ADVANCED_FACE('',(#1043),#522,.T.);
#6123=ADVANCED_FACE('',(#1044),#523,.T.);
#6124=ADVANCED_FACE('',(#1045),#524,.T.);
#6125=ADVANCED_FACE('',(#1046),#525,.T.);
#6126=ADVANCED_FACE('',(#1047),#526,.T.);
#6127=ADVANCED_FACE('',(#1048),#527,.T.);
#6128=ADVANCED_FACE('',(#1049),#528,.T.);
#6129=ADVANCED_FACE('',(#1050,#613),#5864,.T.);
#6130=ADVANCED_FACE('',(#1051,#614),#5865,.F.);
#6131=ADVANCED_FACE('',(#1052),#529,.T.);
#6132=ADVANCED_FACE('',(#1053),#5866,.T.);
#6133=ADVANCED_FACE('',(#1054),#5867,.T.);
#6134=ADVANCED_FACE('',(#1055),#5868,.T.);
#6135=ADVANCED_FACE('',(#1056),#530,.T.);
#6136=ADVANCED_FACE('',(#1057),#531,.T.);
#6137=ADVANCED_FACE('',(#1058),#5869,.T.);
#6138=ADVANCED_FACE('',(#1059),#532,.T.);
#6139=ADVANCED_FACE('',(#1060),#533,.T.);
#6140=ADVANCED_FACE('',(#1061),#534,.T.);
#6141=ADVANCED_FACE('',(#1062),#5870,.T.);
#6142=ADVANCED_FACE('',(#1063),#535,.T.);
#6143=ADVANCED_FACE('',(#1064),#536,.T.);
#6144=ADVANCED_FACE('',(#1065),#537,.T.);
#6145=ADVANCED_FACE('',(#1066),#538,.T.);
#6146=ADVANCED_FACE('',(#1067),#5871,.T.);
#6147=ADVANCED_FACE('',(#1068),#539,.T.);
#6148=ADVANCED_FACE('',(#1069),#540,.T.);
#6149=ADVANCED_FACE('',(#1070),#541,.T.);
#6150=ADVANCED_FACE('',(#1071),#5872,.T.);
#6151=ADVANCED_FACE('',(#1072),#542,.T.);
#6152=ADVANCED_FACE('',(#1073),#5873,.T.);
#6153=ADVANCED_FACE('',(#1074),#543,.T.);
#6154=ADVANCED_FACE('',(#1075),#544,.T.);
#6155=ADVANCED_FACE('',(#1076),#545,.T.);
#6156=ADVANCED_FACE('',(#1077,#615),#5874,.T.);
#6157=ADVANCED_FACE('',(#1078,#616),#5875,.F.);
#6158=ADVANCED_FACE('',(#1079),#5876,.T.);
#6159=ADVANCED_FACE('',(#1080),#5877,.T.);
#6160=ADVANCED_FACE('',(#1081),#5878,.T.);
#6161=ADVANCED_FACE('',(#1082),#546,.T.);
#6162=ADVANCED_FACE('',(#1083),#547,.T.);
#6163=ADVANCED_FACE('',(#1084),#548,.T.);
#6164=ADVANCED_FACE('',(#1085),#549,.T.);
#6165=ADVANCED_FACE('',(#1086),#550,.T.);
#6166=ADVANCED_FACE('',(#1087),#551,.T.);
#6167=ADVANCED_FACE('',(#1088),#552,.T.);
#6168=ADVANCED_FACE('',(#1089),#553,.T.);
#6169=ADVANCED_FACE('',(#1090),#554,.T.);
#6170=ADVANCED_FACE('',(#1091),#555,.T.);
#6171=ADVANCED_FACE('',(#1092),#556,.T.);
#6172=ADVANCED_FACE('',(#1093),#557,.T.);
#6173=ADVANCED_FACE('',(#1094),#5879,.T.);
#6174=ADVANCED_FACE('',(#1095),#5880,.T.);
#6175=ADVANCED_FACE('',(#1096),#5881,.T.);
#6176=ADVANCED_FACE('',(#1097),#5882,.T.);
#6177=ADVANCED_FACE('',(#1098),#5883,.T.);
#6178=ADVANCED_FACE('',(#1099),#558,.T.);
#6179=ADVANCED_FACE('',(#1100),#559,.T.);
#6180=ADVANCED_FACE('',(#1101),#560,.T.);
#6181=ADVANCED_FACE('',(#1102),#561,.T.);
#6182=ADVANCED_FACE('',(#1103),#562,.T.);
#6183=ADVANCED_FACE('',(#1104),#563,.T.);
#6184=ADVANCED_FACE('',(#1105),#564,.T.);
#6185=ADVANCED_FACE('',(#1106),#565,.T.);
#6186=ADVANCED_FACE('',(#1107),#5884,.T.);
#6187=ADVANCED_FACE('',(#1108),#5885,.T.);
#6188=ADVANCED_FACE('',(#1109),#5886,.T.);
#6189=ADVANCED_FACE('',(#1110),#5887,.F.);
#6190=ADVANCED_FACE('',(#1111),#702,.F.);
#6191=ADVANCED_FACE('',(#1112),#703,.F.);
#6192=ADVANCED_FACE('',(#1113),#704,.F.);
#6193=ADVANCED_FACE('',(#1114),#705,.F.);
#6194=ADVANCED_FACE('',(#1115),#706,.F.);
#6195=ADVANCED_FACE('',(#1116),#707,.F.);
#6196=ADVANCED_FACE('',(#1117),#708,.F.);
#6197=ADVANCED_FACE('',(#1118),#709,.F.);
#6198=ADVANCED_FACE('',(#1119),#710,.F.);
#6199=ADVANCED_FACE('',(#1120),#711,.F.);
#6200=ADVANCED_FACE('',(#1121),#712,.F.);
#6201=ADVANCED_FACE('',(#1122),#713,.F.);
#6202=ADVANCED_FACE('',(#1123),#714,.F.);
#6203=ADVANCED_FACE('',(#1124),#715,.F.);
#6204=ADVANCED_FACE('',(#1125),#716,.F.);
#6205=ADVANCED_FACE('',(#1126),#717,.F.);
#6206=ADVANCED_FACE('',(#1127),#718,.F.);
#6207=ADVANCED_FACE('',(#1128),#719,.F.);
#6208=ADVANCED_FACE('',(#1129),#720,.F.);
#6209=ADVANCED_FACE('',(#1130),#721,.F.);
#6210=ADVANCED_FACE('',(#1131),#722,.F.);
#6211=ADVANCED_FACE('',(#1132),#723,.F.);
#6212=ADVANCED_FACE('',(#1133),#724,.F.);
#6213=ADVANCED_FACE('',(#1134),#725,.F.);
#6214=ADVANCED_FACE('',(#1135,#617),#5888,.T.);
#6215=ADVANCED_FACE('',(#1136),#588,.F.);
#6216=ADVANCED_FACE('',(#1137),#63,.T.);
#6217=ADVANCED_FACE('',(#1138),#58,.T.);
#6218=ADVANCED_FACE('',(#1139,#618,#619,#620,#621,#622,#623,#624,#625,#626,
#627,#628,#629,#630,#631,#632,#633,#634,#635,#636,#637,#638,#639,#640),
#589,.T.);
#6219=ADVANCED_FACE('',(#1140,#641),#5889,.T.);
#6220=ADVANCED_FACE('',(#1141),#726,.T.);
#6221=ADVANCED_FACE('',(#1142),#5890,.T.);
#6222=ADVANCED_FACE('',(#1143),#727,.T.);
#6223=ADVANCED_FACE('',(#1144),#5891,.T.);
#6224=ADVANCED_FACE('',(#1145),#728,.F.);
#6225=ADVANCED_FACE('',(#1146),#5892,.T.);
#6226=ADVANCED_FACE('',(#1147),#729,.T.);
#6227=ADVANCED_FACE('',(#1148),#5893,.T.);
#6228=ADVANCED_FACE('',(#1149),#730,.T.);
#6229=ADVANCED_FACE('',(#1150),#5894,.T.);
#6230=ADVANCED_FACE('',(#1151),#5895,.F.);
#6231=ADVANCED_FACE('',(#1152),#5896,.T.);
#6232=ADVANCED_FACE('',(#1153),#731,.T.);
#6233=ADVANCED_FACE('',(#1154),#5897,.T.);
#6234=ADVANCED_FACE('',(#1155),#732,.T.);
#6235=ADVANCED_FACE('',(#1156),#5898,.T.);
#6236=ADVANCED_FACE('',(#1157),#733,.T.);
#6237=ADVANCED_FACE('',(#1158),#5899,.T.);
#6238=ADVANCED_FACE('',(#1159),#734,.F.);
#6239=ADVANCED_FACE('',(#1160),#5900,.T.);
#6240=ADVANCED_FACE('',(#1161),#5901,.F.);
#6241=ADVANCED_FACE('',(#1162),#566,.F.);
#6242=ADVANCED_FACE('',(#1163),#59,.T.);
#6243=ADVANCED_FACE('',(#1164),#50,.T.);
#6244=ADVANCED_FACE('',(#1165),#5902,.F.);
#6245=ADVANCED_FACE('',(#1166),#5903,.T.);
#6246=ADVANCED_FACE('',(#1167),#60,.T.);
#6247=ADVANCED_FACE('',(#1168),#567,.F.);
#6248=ADVANCED_FACE('',(#1169),#590,.T.);
#6249=ADVANCED_FACE('',(#1170),#735,.T.);
#6250=ADVANCED_FACE('',(#1171),#736,.T.);
#6251=ADVANCED_FACE('',(#1172),#591,.T.);
#6252=ADVANCED_FACE('',(#1173),#51,.T.);
#6253=ADVANCED_FACE('',(#1174),#737,.T.);
#6254=ADVANCED_FACE('',(#1175),#738,.T.);
#6255=ADVANCED_FACE('',(#1176),#5904,.T.);
#6256=ADVANCED_FACE('',(#1177),#5905,.T.);
#6257=ADVANCED_FACE('',(#1178),#52,.F.);
#6258=ADVANCED_FACE('',(#1179),#592,.T.);
#6259=ADVANCED_FACE('',(#1180),#5906,.T.);
#6260=ADVANCED_FACE('',(#1181),#53,.T.);
#6261=ADVANCED_FACE('',(#1182),#5907,.T.);
#6262=ADVANCED_FACE('',(#1183),#61,.T.);
#6263=ADVANCED_FACE('',(#1184),#568,.F.);
#6264=ADVANCED_FACE('',(#1185),#54,.T.);
#6265=ADVANCED_FACE('',(#1186),#593,.T.);
#6266=ADVANCED_FACE('',(#1187),#739,.T.);
#6267=ADVANCED_FACE('',(#1188),#569,.F.);
#6268=ADVANCED_FACE('',(#1189),#62,.T.);
#6269=ADVANCED_FACE('',(#1190),#5908,.F.);
#6270=ADVANCED_FACE('',(#1191),#5909,.T.);
#6271=ADVANCED_FACE('',(#1192),#740,.T.);
#6272=ADVANCED_FACE('',(#1193),#5910,.T.);
#6273=ADVANCED_FACE('',(#1194),#741,.T.);
#6274=ADVANCED_FACE('',(#1195),#742,.T.);
#6275=ADVANCED_FACE('',(#1196),#743,.T.);
#6276=ADVANCED_FACE('',(#1197),#594,.T.);
#6277=ADVANCED_FACE('',(#1198),#595,.T.);
#6278=ADVANCED_FACE('',(#1199),#55,.T.);
#6279=ADVANCED_FACE('',(#1200),#5911,.T.);
#6280=ADVANCED_FACE('',(#1201),#5912,.T.);
#6281=ADVANCED_FACE('',(#1202),#56,.T.);
#6282=ADVANCED_FACE('',(#1203),#5913,.T.);
#6283=ADVANCED_FACE('',(#1204),#57,.F.);
#6284=ADVANCED_FACE('',(#1205),#570,.T.);
#6285=ADVANCED_FACE('',(#1206),#5914,.F.);
#6286=ADVANCED_FACE('',(#1207),#5915,.T.);
#6287=ADVANCED_FACE('',(#1208),#571,.T.);
#6288=ADVANCED_FACE('',(#1209),#5916,.F.);
#6289=ADVANCED_FACE('',(#1210),#5917,.T.);
#6290=ADVANCED_FACE('',(#1211),#572,.T.);
#6291=ADVANCED_FACE('',(#1212),#5918,.F.);
#6292=ADVANCED_FACE('',(#1213),#5919,.T.);
#6293=ADVANCED_FACE('',(#1214),#744,.T.);
#6294=ADVANCED_FACE('',(#1215),#596,.T.);
#6295=ADVANCED_FACE('',(#1216),#745,.T.);
#6296=ADVANCED_FACE('',(#1217),#597,.T.);
#6297=ADVANCED_FACE('',(#1218),#746,.T.);
#6298=ADVANCED_FACE('',(#1219),#5920,.T.);
#6299=ADVANCED_FACE('',(#1220),#5921,.F.);
#6300=ADVANCED_FACE('',(#1221),#5922,.T.);
#6301=ADVANCED_FACE('',(#1222),#5923,.T.);
#6302=ADVANCED_FACE('',(#1223),#5924,.T.);
#6303=ADVANCED_FACE('',(#1224),#5925,.T.);
#6304=ADVANCED_FACE('',(#1225),#5926,.T.);
#6305=ADVANCED_FACE('',(#1226),#5927,.T.);
#6306=ADVANCED_FACE('',(#1227),#5928,.T.);
#6307=ADVANCED_FACE('',(#1228),#5929,.T.);
#6308=ADVANCED_FACE('',(#1229),#747,.T.);
#6309=ADVANCED_FACE('',(#1230),#5930,.T.);
#6310=ADVANCED_FACE('',(#1231),#5931,.F.);
#6311=ADVANCED_FACE('',(#1232),#5932,.T.);
#6312=ADVANCED_FACE('',(#1233),#5933,.T.);
#6313=ADVANCED_FACE('',(#1234),#5934,.F.);
#6314=ADVANCED_FACE('',(#1235),#5935,.T.);
#6315=ADVANCED_FACE('',(#1236),#5936,.T.);
#6316=ADVANCED_FACE('',(#1237),#5937,.T.);
#6317=ADVANCED_FACE('',(#1238),#748,.F.);
#6318=ADVANCED_FACE('',(#1239),#5938,.T.);
#6319=ADVANCED_FACE('',(#1240),#5939,.T.);
#6320=ADVANCED_FACE('',(#1241),#5940,.T.);
#6321=ADVANCED_FACE('',(#1242),#5941,.T.);
#6322=ADVANCED_FACE('',(#1243),#5942,.T.);
#6323=ADVANCED_FACE('',(#1244),#5943,.T.);
#6324=ADVANCED_FACE('',(#1245),#5944,.T.);
#6325=ADVANCED_FACE('',(#1246),#5945,.T.);
#6326=ADVANCED_FACE('',(#1247),#749,.T.);
#6327=ADVANCED_FACE('',(#1248),#5946,.T.);
#6328=ADVANCED_FACE('',(#1249),#5947,.F.);
#6329=ADVANCED_FACE('',(#1250),#5948,.T.);
#6330=ADVANCED_FACE('',(#1251),#5949,.T.);
#6331=ADVANCED_FACE('',(#1252),#5950,.F.);
#6332=ADVANCED_FACE('',(#1253),#5951,.T.);
#6333=ADVANCED_FACE('',(#1254),#5952,.T.);
#6334=ADVANCED_FACE('',(#1255),#5953,.T.);
#6335=ADVANCED_FACE('',(#1256),#750,.F.);
#6336=CLOSED_SHELL('',(#5954,#5955,#5956,#5957,#5958,#5959));
#6337=CLOSED_SHELL('',(#5960,#5961,#5962,#5963,#5964,#5965));
#6338=CLOSED_SHELL('',(#5966,#5967,#5968,#5969,#5970,#5971,#5972));
#6339=CLOSED_SHELL('',(#5973,#5974,#5975,#5976));
#6340=CLOSED_SHELL('',(#5977,#5978,#5979,#5980,#5981,#5982));
#6341=CLOSED_SHELL('',(#5983,#5984,#5985,#5986));
#6342=CLOSED_SHELL('',(#5987,#5988,#5989,#5990));
#6343=CLOSED_SHELL('',(#5991,#5992,#5993,#5994,#5995,#5996,#5997,#5998,
#5999,#6000,#6001,#6002,#6003,#6004,#6005,#6006,#6007,#6008,#6009,#6010,
#6011,#6012,#6013,#6014,#6015,#6016,#6017,#6018,#6019,#6020,#6021,#6022,
#6023,#6024,#6025,#6026,#6027,#6028,#6029,#6030,#6031,#6032,#6033,#6034,
#6035,#6036,#6037,#6038,#6039,#6040,#6041,#6042,#6043,#6044,#6045,#6046,
#6047,#6048,#6049,#6050,#6051,#6052,#6053,#6054,#6055,#6056,#6057,#6058,
#6059,#6060,#6061,#6062,#6063,#6064,#6065,#6066,#6067,#6068,#6069,#6070,
#6071,#6072,#6073,#6074,#6075,#6076,#6077,#6078,#6079,#6080,#6081,#6082,
#6083,#6084,#6085,#6086,#6087,#6088,#6089,#6090,#6091));
#6344=CLOSED_SHELL('',(#6092,#6093,#6094,#6095,#6096,#6097,#6098,#6099,
#6100,#6101,#6102,#6103,#6104,#6105,#6106,#6107,#6108,#6109,#6110,#6111,
#6112,#6113,#6114,#6115,#6116,#6117,#6118,#6119,#6120,#6121,#6122,#6123,
#6124,#6125,#6126,#6127,#6128,#6129,#6130));
#6345=CLOSED_SHELL('',(#6131,#6132,#6133,#6134,#6135,#6136,#6137,#6138,
#6139,#6140,#6141,#6142,#6143,#6144,#6145,#6146,#6147,#6148,#6149,#6150,
#6151,#6152,#6153,#6154,#6155,#6156,#6157));
#6346=CLOSED_SHELL('',(#6158,#6159,#6160,#6161,#6162,#6163,#6164,#6165,
#6166,#6167,#6168,#6169,#6170,#6171,#6172,#6173,#6174,#6175,#6176,#6177,
#6178,#6179,#6180,#6181,#6182,#6183,#6184,#6185,#6186,#6187,#6188,#6189));
#6347=CLOSED_SHELL('',(#6190,#6191,#6192,#6193,#6194,#6195,#6196,#6197,
#6198,#6199,#6200,#6201,#6202,#6203,#6204,#6205,#6206,#6207,#6208,#6209,
#6210,#6211,#6212,#6213,#6214,#6215,#6216,#6217,#6218,#6219,#6220));
#6348=CLOSED_SHELL('',(#6221,#6222,#6223,#6224,#6225,#6226,#6227,#6228,
#6229,#6230));
#6349=CLOSED_SHELL('',(#6231,#6232,#6233,#6234,#6235,#6236,#6237,#6238,
#6239,#6240));
#6350=CLOSED_SHELL('',(#6241,#6242,#6243,#6244,#6245,#6246,#6247,#6248,
#6249,#6250,#6251,#6252,#6253,#6254,#6255,#6256,#6257,#6258,#6259,#6260,
#6261));
#6351=CLOSED_SHELL('',(#6262,#6263,#6264,#6265,#6266,#6267,#6268,#6269,
#6270,#6271,#6272,#6273,#6274,#6275,#6276,#6277,#6278,#6279,#6280,#6281,
#6282,#6283));
#6352=CLOSED_SHELL('',(#6284,#6285,#6286));
#6353=CLOSED_SHELL('',(#6287,#6288,#6289));
#6354=CLOSED_SHELL('',(#6290,#6291,#6292));
#6355=CLOSED_SHELL('',(#6293,#6294,#6295,#6296,#6297,#6298,#6299));
#6356=CLOSED_SHELL('',(#6300,#6301,#6302,#6303,#6304,#6305,#6306,#6307,
#6308,#6309,#6310,#6311,#6312,#6313,#6314,#6315,#6316,#6317));
#6357=CLOSED_SHELL('',(#6318,#6319,#6320,#6321,#6322,#6323,#6324,#6325,
#6326,#6327,#6328,#6329,#6330,#6331,#6332,#6333,#6334,#6335));
#6358=DERIVED_UNIT_ELEMENT(#6370,1.);
#6359=DERIVED_UNIT_ELEMENT(#14619,-3.);
#6360=DERIVED_UNIT_ELEMENT(#6370,1.);
#6361=DERIVED_UNIT_ELEMENT(#14619,-3.);
#6362=DERIVED_UNIT_ELEMENT(#6370,1.);
#6363=DERIVED_UNIT_ELEMENT(#14619,-3.);
#6364=DERIVED_UNIT_ELEMENT(#6370,1.);
#6365=DERIVED_UNIT_ELEMENT(#14619,-3.);
#6366=DERIVED_UNIT_ELEMENT(#6370,1.);
#6367=DERIVED_UNIT_ELEMENT(#14619,-3.);
#6368=DERIVED_UNIT_ELEMENT(#6370,1.);
#6369=DERIVED_UNIT_ELEMENT(#14619,-3.);
#6370=(
MASS_UNIT()
NAMED_UNIT(*)
SI_UNIT(.KILO.,.GRAM.)
);
#6371=DERIVED_UNIT((#6358,#6359));
#6372=DERIVED_UNIT((#6360,#6361));
#6373=DERIVED_UNIT((#6362,#6363));
#6374=DERIVED_UNIT((#6364,#6365));
#6375=DERIVED_UNIT((#6366,#6367));
#6376=DERIVED_UNIT((#6368,#6369));
#6377=MEASURE_REPRESENTATION_ITEM('density measure',
POSITIVE_RATIO_MEASURE(7850.),#6371);
#6378=MEASURE_REPRESENTATION_ITEM('density measure',
POSITIVE_RATIO_MEASURE(7850.),#6372);
#6379=MEASURE_REPRESENTATION_ITEM('density measure',
POSITIVE_RATIO_MEASURE(7850.),#6373);
#6380=MEASURE_REPRESENTATION_ITEM('density measure',
POSITIVE_RATIO_MEASURE(7850.),#6374);
#6381=MEASURE_REPRESENTATION_ITEM('density measure',
POSITIVE_RATIO_MEASURE(7850.),#6375);
#6382=MEASURE_REPRESENTATION_ITEM('density measure',
POSITIVE_RATIO_MEASURE(7850.),#6376);
#6383=PROPERTY_DEFINITION_REPRESENTATION(#6413,#6395);
#6384=PROPERTY_DEFINITION_REPRESENTATION(#6414,#6396);
#6385=PROPERTY_DEFINITION_REPRESENTATION(#6415,#6397);
#6386=PROPERTY_DEFINITION_REPRESENTATION(#6416,#6398);
#6387=PROPERTY_DEFINITION_REPRESENTATION(#6417,#6399);
#6388=PROPERTY_DEFINITION_REPRESENTATION(#6418,#6400);
#6389=PROPERTY_DEFINITION_REPRESENTATION(#6419,#6401);
#6390=PROPERTY_DEFINITION_REPRESENTATION(#6420,#6402);
#6391=PROPERTY_DEFINITION_REPRESENTATION(#6421,#6403);
#6392=PROPERTY_DEFINITION_REPRESENTATION(#6422,#6404);
#6393=PROPERTY_DEFINITION_REPRESENTATION(#6423,#6405);
#6394=PROPERTY_DEFINITION_REPRESENTATION(#6424,#6406);
#6395=REPRESENTATION('material name',(#6407),#14611);
#6396=REPRESENTATION('density',(#6377),#14611);
#6397=REPRESENTATION('material name',(#6408),#14612);
#6398=REPRESENTATION('density',(#6378),#14612);
#6399=REPRESENTATION('material name',(#6409),#14613);
#6400=REPRESENTATION('density',(#6379),#14613);
#6401=REPRESENTATION('material name',(#6410),#14614);
#6402=REPRESENTATION('density',(#6380),#14614);
#6403=REPRESENTATION('material name',(#6411),#14615);
#6404=REPRESENTATION('density',(#6381),#14615);
#6405=REPRESENTATION('material name',(#6412),#14616);
#6406=REPRESENTATION('density',(#6382),#14616);
#6407=DESCRIPTIVE_REPRESENTATION_ITEM('Steel','Steel');
#6408=DESCRIPTIVE_REPRESENTATION_ITEM('Steel','Steel');
#6409=DESCRIPTIVE_REPRESENTATION_ITEM('Steel','Steel');
#6410=DESCRIPTIVE_REPRESENTATION_ITEM('Steel','Steel');
#6411=DESCRIPTIVE_REPRESENTATION_ITEM('Steel','Steel');
#6412=DESCRIPTIVE_REPRESENTATION_ITEM('Steel','Steel');
#6413=PROPERTY_DEFINITION('material property','material name',#14651);
#6414=PROPERTY_DEFINITION('material property','density of part',#14651);
#6415=PROPERTY_DEFINITION('material property','material name',#14652);
#6416=PROPERTY_DEFINITION('material property','density of part',#14652);
#6417=PROPERTY_DEFINITION('material property','material name',#14653);
#6418=PROPERTY_DEFINITION('material property','density of part',#14653);
#6419=PROPERTY_DEFINITION('material property','material name',#14654);
#6420=PROPERTY_DEFINITION('material property','density of part',#14654);
#6421=PROPERTY_DEFINITION('material property','material name',#14655);
#6422=PROPERTY_DEFINITION('material property','density of part',#14655);
#6423=PROPERTY_DEFINITION('material property','material name',#14656);
#6424=PROPERTY_DEFINITION('material property','density of part',#14656);
#6425=AXIS2_PLACEMENT_3D('',#7932,#6790,#6791);
#6426=AXIS2_PLACEMENT_3D('',#7933,#6792,#6793);
#6427=AXIS2_PLACEMENT_3D('',#7934,#6794,#6795);
#6428=AXIS2_PLACEMENT_3D('',#7943,#6800,#6801);
#6429=AXIS2_PLACEMENT_3D('',#7952,#6806,#6807);
#6430=AXIS2_PLACEMENT_3D('',#7953,#6808,#6809);
#6431=AXIS2_PLACEMENT_3D('',#7954,#6810,#6811);
#6432=AXIS2_PLACEMENT_3D('',#7955,#6812,#6813);
#6433=AXIS2_PLACEMENT_3D('',#7956,#6814,#6815);
#6434=AXIS2_PLACEMENT_3D('',#7957,#6816,#6817);
#6435=AXIS2_PLACEMENT_3D('',#7958,#6818,#6819);
#6436=AXIS2_PLACEMENT_3D('',#7959,#6820,#6821);
#6437=AXIS2_PLACEMENT_3D('',#7960,#6822,#6823);
#6438=AXIS2_PLACEMENT_3D('',#7969,#6828,#6829);
#6439=AXIS2_PLACEMENT_3D('',#7978,#6834,#6835);
#6440=AXIS2_PLACEMENT_3D('',#7979,#6836,#6837);
#6441=AXIS2_PLACEMENT_3D('',#7980,#6838,#6839);
#6442=AXIS2_PLACEMENT_3D('',#7981,#6840,#6841);
#6443=AXIS2_PLACEMENT_3D('',#7982,#6842,#6843);
#6444=AXIS2_PLACEMENT_3D('',#7983,#6844,#6845);
#6445=AXIS2_PLACEMENT_3D('',#7984,#6846,#6847);
#6446=AXIS2_PLACEMENT_3D('',#7985,#6848,#6849);
#6447=AXIS2_PLACEMENT_3D('',#7986,#6850,#6851);
#6448=AXIS2_PLACEMENT_3D('',#7995,#6856,#6857);
#6449=AXIS2_PLACEMENT_3D('',#7997,#6858,#6859);
#6450=AXIS2_PLACEMENT_3D('',#8000,#6861,#6862);
#6451=AXIS2_PLACEMENT_3D('',#8001,#6863,#6864);
#6452=AXIS2_PLACEMENT_3D('',#8007,#6868,#6869);
#6453=AXIS2_PLACEMENT_3D('',#8008,#6870,#6871);
#6454=AXIS2_PLACEMENT_3D('',#8009,#6872,#6873);
#6455=AXIS2_PLACEMENT_3D('',#8010,#6874,#6875);
#6456=AXIS2_PLACEMENT_3D('',#8012,#6876,#6877);
#6457=AXIS2_PLACEMENT_3D('',#8013,#6878,#6879);
#6458=AXIS2_PLACEMENT_3D('',#8015,#6880,#6881);
#6459=AXIS2_PLACEMENT_3D('',#8017,#6883,#6884);
#6460=AXIS2_PLACEMENT_3D('',#8018,#6885,#6886);
#6461=AXIS2_PLACEMENT_3D('',#8020,#6887,#6888);
#6462=AXIS2_PLACEMENT_3D('',#8023,#6890,#6891);
#6463=AXIS2_PLACEMENT_3D('',#8024,#6892,#6893);
#6464=AXIS2_PLACEMENT_3D('',#8026,#6894,#6895);
#6465=AXIS2_PLACEMENT_3D('',#8029,#6897,#6898);
#6466=AXIS2_PLACEMENT_3D('',#8030,#6899,#6900);
#6467=AXIS2_PLACEMENT_3D('',#8031,#6901,#6902);
#6468=AXIS2_PLACEMENT_3D('',#8032,#6903,#6904);
#6469=AXIS2_PLACEMENT_3D('',#8034,#6905,#6906);
#6470=AXIS2_PLACEMENT_3D('',#8036,#6907,#6908);
#6471=AXIS2_PLACEMENT_3D('',#8037,#6909,#6910);
#6472=AXIS2_PLACEMENT_3D('',#8038,#6911,#6912);
#6473=AXIS2_PLACEMENT_3D('',#8040,#6913,#6914);
#6474=AXIS2_PLACEMENT_3D('',#8041,#6915,#6916);
#6475=AXIS2_PLACEMENT_3D('',#8044,#6918,#6919);
#6476=AXIS2_PLACEMENT_3D('',#8045,#6920,#6921);
#6477=AXIS2_PLACEMENT_3D('',#8047,#6922,#6923);
#6478=AXIS2_PLACEMENT_3D('',#8049,#6924,#6925);
#6479=AXIS2_PLACEMENT_3D('',#8050,#6926,#6927);
#6480=AXIS2_PLACEMENT_3D('',#8051,#6928,#6929);
#6481=AXIS2_PLACEMENT_3D('',#8054,#6931,#6932);
#6482=AXIS2_PLACEMENT_3D('',#8055,#6933,#6934);
#6483=AXIS2_PLACEMENT_3D('',#8056,#6935,#6936);
#6484=AXIS2_PLACEMENT_3D('',#8058,#6937,#6938);
#6485=AXIS2_PLACEMENT_3D('',#8061,#6940,#6941);
#6486=AXIS2_PLACEMENT_3D('',#8062,#6942,#6943);
#6487=AXIS2_PLACEMENT_3D('',#8064,#6944,#6945);
#6488=AXIS2_PLACEMENT_3D('',#8067,#6947,#6948);
#6489=AXIS2_PLACEMENT_3D('',#8068,#6949,#6950);
#6490=AXIS2_PLACEMENT_3D('',#8069,#6951,#6952);
#6491=AXIS2_PLACEMENT_3D('',#8070,#6953,#6954);
#6492=AXIS2_PLACEMENT_3D('',#8072,#6955,#6956);
#6493=AXIS2_PLACEMENT_3D('',#8075,#6958,#6959);
#6494=AXIS2_PLACEMENT_3D('',#8076,#6960,#6961);
#6495=AXIS2_PLACEMENT_3D('',#8078,#6962,#6963);
#6496=AXIS2_PLACEMENT_3D('',#8081,#6965,#6966);
#6497=AXIS2_PLACEMENT_3D('',#8082,#6967,#6968);
#6498=AXIS2_PLACEMENT_3D('',#8083,#6969,#6970);
#6499=AXIS2_PLACEMENT_3D('',#8084,#6971,#6972);
#6500=AXIS2_PLACEMENT_3D('',#8085,#6973,#6974);
#6501=AXIS2_PLACEMENT_3D('',#8094,#6979,#6980);
#6502=AXIS2_PLACEMENT_3D('',#8115,#6985,#6986);
#6503=AXIS2_PLACEMENT_3D('',#8151,#6992,#6993);
#6504=AXIS2_PLACEMENT_3D('',#8172,#6998,#6999);
#6505=AXIS2_PLACEMENT_3D('',#8223,#7006,#7007);
#6506=AXIS2_PLACEMENT_3D('',#8289,#7015,#7016);
#6507=AXIS2_PLACEMENT_3D('',#8340,#7023,#7024);
#6508=AXIS2_PLACEMENT_3D('',#8388,#7030,#7031);
#6509=AXIS2_PLACEMENT_3D('',#8944,#7069,#7070);
#6510=AXIS2_PLACEMENT_3D('',#8945,#7071,#7072);
#6511=AXIS2_PLACEMENT_3D('',#9074,#7085,#7086);
#6512=AXIS2_PLACEMENT_3D('',#9080,#7090,#7091);
#6513=AXIS2_PLACEMENT_3D('',#9086,#7095,#7096);
#6514=AXIS2_PLACEMENT_3D('',#9092,#7100,#7101);
#6515=AXIS2_PLACEMENT_3D('',#9098,#7105,#7106);
#6516=AXIS2_PLACEMENT_3D('',#9284,#7122,#7123);
#6517=AXIS2_PLACEMENT_3D('',#9290,#7127,#7128);
#6518=AXIS2_PLACEMENT_3D('',#9296,#7132,#7133);
#6519=AXIS2_PLACEMENT_3D('',#9302,#7137,#7138);
#6520=AXIS2_PLACEMENT_3D('',#9305,#7141,#7142);
#6521=AXIS2_PLACEMENT_3D('',#9306,#7143,#7144);
#6522=AXIS2_PLACEMENT_3D('',#9307,#7145,#7146);
#6523=AXIS2_PLACEMENT_3D('',#9308,#7147,#7148);
#6524=AXIS2_PLACEMENT_3D('',#9310,#7149,#7150);
#6525=AXIS2_PLACEMENT_3D('',#9312,#7151,#7152);
#6526=AXIS2_PLACEMENT_3D('',#9313,#7153,#7154);
#6527=AXIS2_PLACEMENT_3D('',#9314,#7155,#7156);
#6528=AXIS2_PLACEMENT_3D('',#9315,#7157,#7158);
#6529=AXIS2_PLACEMENT_3D('',#9317,#7159,#7160);
#6530=AXIS2_PLACEMENT_3D('',#9319,#7162,#7163);
#6531=AXIS2_PLACEMENT_3D('',#9875,#7201,#7202);
#6532=AXIS2_PLACEMENT_3D('',#9876,#7203,#7204);
#6533=AXIS2_PLACEMENT_3D('',#9895,#7207,#7208);
#6534=AXIS2_PLACEMENT_3D('',#9901,#7212,#7213);
#6535=AXIS2_PLACEMENT_3D('',#9907,#7217,#7218);
#6536=AXIS2_PLACEMENT_3D('',#9943,#7224,#7225);
#6537=AXIS2_PLACEMENT_3D('',#9994,#7232,#7233);
#6538=AXIS2_PLACEMENT_3D('',#10060,#7241,#7242);
#6539=AXIS2_PLACEMENT_3D('',#10111,#7249,#7250);
#6540=AXIS2_PLACEMENT_3D('',#10132,#7255,#7256);
#6541=AXIS2_PLACEMENT_3D('',#10180,#7262,#7263);
#6542=AXIS2_PLACEMENT_3D('',#10181,#7264,#7265);
#6543=AXIS2_PLACEMENT_3D('',#10182,#7266,#7267);
#6544=AXIS2_PLACEMENT_3D('',#10191,#7272,#7273);
#6545=AXIS2_PLACEMENT_3D('',#10197,#7277,#7278);
#6546=AXIS2_PLACEMENT_3D('',#10383,#7294,#7295);
#6547=AXIS2_PLACEMENT_3D('',#10389,#7299,#7300);
#6548=AXIS2_PLACEMENT_3D('',#10395,#7304,#7305);
#6549=AXIS2_PLACEMENT_3D('',#10401,#7309,#7310);
#6550=AXIS2_PLACEMENT_3D('',#10407,#7314,#7315);
#6551=AXIS2_PLACEMENT_3D('',#10533,#7327,#7328);
#6552=AXIS2_PLACEMENT_3D('',#10539,#7332,#7333);
#6553=AXIS2_PLACEMENT_3D('',#10542,#7336,#7337);
#6554=AXIS2_PLACEMENT_3D('',#10543,#7338,#7339);
#6555=AXIS2_PLACEMENT_3D('',#10544,#7340,#7341);
#6556=AXIS2_PLACEMENT_3D('',#10545,#7342,#7343);
#6557=AXIS2_PLACEMENT_3D('',#10599,#7344,#7345);
#6558=AXIS2_PLACEMENT_3D('',#10651,#7346,#7347);
#6559=AXIS2_PLACEMENT_3D('',#10705,#7348,#7349);
#6560=AXIS2_PLACEMENT_3D('',#10757,#7350,#7351);
#6561=AXIS2_PLACEMENT_3D('',#10809,#7352,#7353);
#6562=AXIS2_PLACEMENT_3D('',#10863,#7354,#7355);
#6563=AXIS2_PLACEMENT_3D('',#10917,#7356,#7357);
#6564=AXIS2_PLACEMENT_3D('',#10969,#7358,#7359);
#6565=AXIS2_PLACEMENT_3D('',#11023,#7360,#7361);
#6566=AXIS2_PLACEMENT_3D('',#11075,#7362,#7363);
#6567=AXIS2_PLACEMENT_3D('',#11127,#7364,#7365);
#6568=AXIS2_PLACEMENT_3D('',#11181,#7366,#7367);
#6569=AXIS2_PLACEMENT_3D('',#11245,#7368,#7369);
#6570=AXIS2_PLACEMENT_3D('',#11297,#7370,#7371);
#6571=AXIS2_PLACEMENT_3D('',#11351,#7372,#7373);
#6572=AXIS2_PLACEMENT_3D('',#11403,#7374,#7375);
#6573=AXIS2_PLACEMENT_3D('',#11455,#7376,#7377);
#6574=AXIS2_PLACEMENT_3D('',#11509,#7378,#7379);
#6575=AXIS2_PLACEMENT_3D('',#11563,#7380,#7381);
#6576=AXIS2_PLACEMENT_3D('',#11615,#7382,#7383);
#6577=AXIS2_PLACEMENT_3D('',#11669,#7384,#7385);
#6578=AXIS2_PLACEMENT_3D('',#11721,#7386,#7387);
#6579=AXIS2_PLACEMENT_3D('',#11773,#7388,#7389);
#6580=AXIS2_PLACEMENT_3D('',#11823,#7390,#7391);
#6581=AXIS2_PLACEMENT_3D('',#11825,#7392,#7393);
#6582=AXIS2_PLACEMENT_3D('',#11827,#7394,#7395);
#6583=AXIS2_PLACEMENT_3D('',#11828,#7396,#7397);
#6584=AXIS2_PLACEMENT_3D('',#11830,#7398,#7399);
#6585=AXIS2_PLACEMENT_3D('',#11831,#7400,#7401);
#6586=AXIS2_PLACEMENT_3D('',#11860,#7402,#7403);
#6587=AXIS2_PLACEMENT_3D('',#11861,#7404,#7405);
#6588=AXIS2_PLACEMENT_3D('',#11863,#7406,#7407);
#6589=AXIS2_PLACEMENT_3D('',#11865,#7408,#7409);
#6590=AXIS2_PLACEMENT_3D('',#11866,#7410,#7411);
#6591=AXIS2_PLACEMENT_3D('',#11868,#7412,#7413);
#6592=AXIS2_PLACEMENT_3D('',#11869,#7414,#7415);
#6593=AXIS2_PLACEMENT_3D('',#11870,#7416,#7417);
#6594=AXIS2_PLACEMENT_3D('',#11871,#7418,#7419);
#6595=AXIS2_PLACEMENT_3D('',#11873,#7420,#7421);
#6596=AXIS2_PLACEMENT_3D('',#11874,#7422,#7423);
#6597=AXIS2_PLACEMENT_3D('',#11876,#7425,#7426);
#6598=AXIS2_PLACEMENT_3D('',#11877,#7427,#7428);
#6599=AXIS2_PLACEMENT_3D('',#11886,#7433,#7434);
#6600=AXIS2_PLACEMENT_3D('',#11888,#7435,#7436);
#6601=AXIS2_PLACEMENT_3D('',#11890,#7437,#7438);
#6602=AXIS2_PLACEMENT_3D('',#11892,#7440,#7441);
#6603=AXIS2_PLACEMENT_3D('',#11898,#7445,#7446);
#6604=AXIS2_PLACEMENT_3D('',#11900,#7447,#7448);
#6605=AXIS2_PLACEMENT_3D('',#11902,#7449,#7450);
#6606=AXIS2_PLACEMENT_3D('',#11904,#7452,#7453);
#6607=AXIS2_PLACEMENT_3D('',#11910,#7457,#7458);
#6608=AXIS2_PLACEMENT_3D('',#11912,#7459,#7460);
#6609=AXIS2_PLACEMENT_3D('',#11914,#7461,#7462);
#6610=AXIS2_PLACEMENT_3D('',#11916,#7464,#7465);
#6611=AXIS2_PLACEMENT_3D('',#11922,#7469,#7470);
#6612=AXIS2_PLACEMENT_3D('',#11923,#7471,#7472);
#6613=AXIS2_PLACEMENT_3D('',#11924,#7473,#7474);
#6614=AXIS2_PLACEMENT_3D('',#11925,#7475,#7476);
#6615=AXIS2_PLACEMENT_3D('',#11926,#7477,#7478);
#6616=AXIS2_PLACEMENT_3D('',#11927,#7479,#7480);
#6617=AXIS2_PLACEMENT_3D('',#11936,#7485,#7486);
#6618=AXIS2_PLACEMENT_3D('',#11938,#7487,#7488);
#6619=AXIS2_PLACEMENT_3D('',#11940,#7489,#7490);
#6620=AXIS2_PLACEMENT_3D('',#11942,#7492,#7493);
#6621=AXIS2_PLACEMENT_3D('',#11948,#7497,#7498);
#6622=AXIS2_PLACEMENT_3D('',#11950,#7499,#7500);
#6623=AXIS2_PLACEMENT_3D('',#11952,#7501,#7502);
#6624=AXIS2_PLACEMENT_3D('',#11954,#7504,#7505);
#6625=AXIS2_PLACEMENT_3D('',#11960,#7509,#7510);
#6626=AXIS2_PLACEMENT_3D('',#11962,#7511,#7512);
#6627=AXIS2_PLACEMENT_3D('',#11964,#7513,#7514);
#6628=AXIS2_PLACEMENT_3D('',#11966,#7516,#7517);
#6629=AXIS2_PLACEMENT_3D('',#11972,#7521,#7522);
#6630=AXIS2_PLACEMENT_3D('',#11973,#7523,#7524);
#6631=AXIS2_PLACEMENT_3D('',#11974,#7525,#7526);
#6632=AXIS2_PLACEMENT_3D('',#11975,#7527,#7528);
#6633=AXIS2_PLACEMENT_3D('',#11976,#7529,#7530);
#6634=AXIS2_PLACEMENT_3D('',#12045,#7531,#7532);
#6635=AXIS2_PLACEMENT_3D('',#12050,#7533,#7534);
#6636=AXIS2_PLACEMENT_3D('',#12052,#7535,#7536);
#6637=AXIS2_PLACEMENT_3D('',#12053,#7537,#7538);
#6638=AXIS2_PLACEMENT_3D('',#12054,#7539,#7540);
#6639=AXIS2_PLACEMENT_3D('',#12056,#7541,#7542);
#6640=AXIS2_PLACEMENT_3D('',#12062,#7543,#7544);
#6641=AXIS2_PLACEMENT_3D('',#12063,#7545,#7546);
#6642=AXIS2_PLACEMENT_3D('',#12067,#7548,#7549);
#6643=AXIS2_PLACEMENT_3D('',#12071,#7551,#7552);
#6644=AXIS2_PLACEMENT_3D('',#12075,#7554,#7555);
#6645=AXIS2_PLACEMENT_3D('',#12118,#7557,#7558);
#6646=AXIS2_PLACEMENT_3D('',#12124,#7560,#7561);
#6647=AXIS2_PLACEMENT_3D('',#12126,#7562,#7563);
#6648=AXIS2_PLACEMENT_3D('',#12128,#7564,#7565);
#6649=AXIS2_PLACEMENT_3D('',#12129,#7566,#7567);
#6650=AXIS2_PLACEMENT_3D('',#12154,#7568,#7569);
#6651=AXIS2_PLACEMENT_3D('',#12155,#7570,#7571);
#6652=AXIS2_PLACEMENT_3D('',#12156,#7572,#7573);
#6653=AXIS2_PLACEMENT_3D('',#12171,#7576,#7577);
#6654=AXIS2_PLACEMENT_3D('',#12191,#7579,#7580);
#6655=AXIS2_PLACEMENT_3D('',#12192,#7581,#7582);
#6656=AXIS2_PLACEMENT_3D('',#12194,#7583,#7584);
#6657=AXIS2_PLACEMENT_3D('',#12209,#7585,#7586);
#6658=AXIS2_PLACEMENT_3D('',#12210,#7587,#7588);
#6659=AXIS2_PLACEMENT_3D('',#12223,#7589,#7590);
#6660=AXIS2_PLACEMENT_3D('',#12225,#7591,#7592);
#6661=AXIS2_PLACEMENT_3D('',#12236,#7594,#7595);
#6662=AXIS2_PLACEMENT_3D('',#12247,#7597,#7598);
#6663=AXIS2_PLACEMENT_3D('',#12248,#7599,#7600);
#6664=AXIS2_PLACEMENT_3D('',#12255,#7601,#7602);
#6665=AXIS2_PLACEMENT_3D('',#12259,#7603,#7604);
#6666=AXIS2_PLACEMENT_3D('',#12260,#7605,#7606);
#6667=AXIS2_PLACEMENT_3D('',#12261,#7607,#7608);
#6668=AXIS2_PLACEMENT_3D('',#12265,#7609,#7610);
#6669=AXIS2_PLACEMENT_3D('',#12266,#7611,#7612);
#6670=AXIS2_PLACEMENT_3D('',#12267,#7613,#7614);
#6671=AXIS2_PLACEMENT_3D('',#12270,#7615,#7616);
#6672=AXIS2_PLACEMENT_3D('',#12272,#7617,#7618);
#6673=AXIS2_PLACEMENT_3D('',#12273,#7619,#7620);
#6674=AXIS2_PLACEMENT_3D('',#12344,#7621,#7622);
#6675=AXIS2_PLACEMENT_3D('',#12346,#7623,#7624);
#6676=AXIS2_PLACEMENT_3D('',#12352,#7625,#7626);
#6677=AXIS2_PLACEMENT_3D('',#12353,#7627,#7628);
#6678=AXIS2_PLACEMENT_3D('',#12355,#7629,#7630);
#6679=AXIS2_PLACEMENT_3D('',#12356,#7631,#7632);
#6680=AXIS2_PLACEMENT_3D('',#12357,#7633,#7634);
#6681=AXIS2_PLACEMENT_3D('',#12441,#7637,#7638);
#6682=AXIS2_PLACEMENT_3D('',#12446,#7639,#7640);
#6683=AXIS2_PLACEMENT_3D('',#12447,#7641,#7642);
#6684=AXIS2_PLACEMENT_3D('',#12448,#7643,#7644);
#6685=AXIS2_PLACEMENT_3D('',#12452,#7646,#7647);
#6686=AXIS2_PLACEMENT_3D('',#12456,#7649,#7650);
#6687=AXIS2_PLACEMENT_3D('',#12460,#7652,#7653);
#6688=AXIS2_PLACEMENT_3D('',#12462,#7655,#7656);
#6689=AXIS2_PLACEMENT_3D('',#12468,#7658,#7659);
#6690=AXIS2_PLACEMENT_3D('',#12471,#7660,#7661);
#6691=AXIS2_PLACEMENT_3D('',#12507,#7664,#7665);
#6692=AXIS2_PLACEMENT_3D('',#12522,#7668,#7669);
#6693=AXIS2_PLACEMENT_3D('',#12529,#7670,#7671);
#6694=AXIS2_PLACEMENT_3D('',#12545,#7672,#7673);
#6695=AXIS2_PLACEMENT_3D('',#12558,#7675,#7676);
#6696=AXIS2_PLACEMENT_3D('',#12559,#7677,#7678);
#6697=AXIS2_PLACEMENT_3D('',#12560,#7679,#7680);
#6698=AXIS2_PLACEMENT_3D('',#12561,#7681,#7682);
#6699=AXIS2_PLACEMENT_3D('',#12562,#7683,#7684);
#6700=AXIS2_PLACEMENT_3D('',#12568,#7685,#7686);
#6701=AXIS2_PLACEMENT_3D('',#12569,#7687,#7688);
#6702=AXIS2_PLACEMENT_3D('',#12573,#7689,#7690);
#6703=AXIS2_PLACEMENT_3D('',#12577,#7691,#7692);
#6704=AXIS2_PLACEMENT_3D('',#12578,#7693,#7694);
#6705=AXIS2_PLACEMENT_3D('',#12582,#7695,#7696);
#6706=AXIS2_PLACEMENT_3D('',#12583,#7697,#7698);
#6707=AXIS2_PLACEMENT_3D('',#12584,#7699,#7700);
#6708=AXIS2_PLACEMENT_3D('',#13191,#7701,#7702);
#6709=AXIS2_PLACEMENT_3D('',#13248,#7703,#7704);
#6710=AXIS2_PLACEMENT_3D('',#13249,#7705,#7706);
#6711=AXIS2_PLACEMENT_3D('',#13250,#7707,#7708);
#6712=AXIS2_PLACEMENT_3D('',#13857,#7709,#7710);
#6713=AXIS2_PLACEMENT_3D('',#13914,#7711,#7712);
#6714=AXIS2_PLACEMENT_3D('',#13915,#7713,#7714);
#6715=AXIS2_PLACEMENT_3D('',#13916,#7715,#7716);
#6716=AXIS2_PLACEMENT_3D('',#14369,#7717,#7718);
#6717=AXIS2_PLACEMENT_3D('',#14412,#7719,#7720);
#6718=AXIS2_PLACEMENT_3D('',#14413,#7721,#7722);
#6719=AXIS2_PLACEMENT_3D('',#14414,#7723,#7724);
#6720=AXIS2_PLACEMENT_3D('',#14415,#7725,#7726);
#6721=AXIS2_PLACEMENT_3D('',#14417,#7727,#7728);
#6722=AXIS2_PLACEMENT_3D('',#14421,#7730,#7731);
#6723=AXIS2_PLACEMENT_3D('',#14422,#7732,#7733);
#6724=AXIS2_PLACEMENT_3D('',#14423,#7734,#7735);
#6725=AXIS2_PLACEMENT_3D('',#14425,#7736,#7737);
#6726=AXIS2_PLACEMENT_3D('',#14427,#7738,#7739);
#6727=AXIS2_PLACEMENT_3D('',#14428,#7740,#7741);
#6728=AXIS2_PLACEMENT_3D('',#14429,#7742,#7743);
#6729=AXIS2_PLACEMENT_3D('',#14433,#7745,#7746);
#6730=AXIS2_PLACEMENT_3D('',#14434,#7747,#7748);
#6731=AXIS2_PLACEMENT_3D('',#14435,#7749,#7750);
#6732=AXIS2_PLACEMENT_3D('',#14437,#7751,#7752);
#6733=AXIS2_PLACEMENT_3D('',#14439,#7753,#7754);
#6734=AXIS2_PLACEMENT_3D('',#14440,#7755,#7756);
#6735=AXIS2_PLACEMENT_3D('',#14441,#7757,#7758);
#6736=AXIS2_PLACEMENT_3D('',#14444,#7760,#7761);
#6737=AXIS2_PLACEMENT_3D('',#14445,#7762,#7763);
#6738=AXIS2_PLACEMENT_3D('',#14446,#7764,#7765);
#6739=AXIS2_PLACEMENT_3D('',#14447,#7766,#7767);
#6740=AXIS2_PLACEMENT_3D('',#14448,#7768,#7769);
#6741=AXIS2_PLACEMENT_3D('',#14457,#7774,#7775);
#6742=AXIS2_PLACEMENT_3D('',#14463,#7779,#7780);
#6743=AXIS2_PLACEMENT_3D('',#14469,#7784,#7785);
#6744=AXIS2_PLACEMENT_3D('',#14472,#7788,#7789);
#6745=AXIS2_PLACEMENT_3D('',#14478,#7793,#7794);
#6746=AXIS2_PLACEMENT_3D('',#14482,#7797,#7798);
#6747=AXIS2_PLACEMENT_3D('',#14483,#7799,#7800);
#6748=AXIS2_PLACEMENT_3D('',#14492,#7805,#7806);
#6749=AXIS2_PLACEMENT_3D('',#14495,#7808,#7809);
#6750=AXIS2_PLACEMENT_3D('',#14496,#7810,#7811);
#6751=AXIS2_PLACEMENT_3D('',#14497,#7812,#7813);
#6752=AXIS2_PLACEMENT_3D('',#14501,#7815,#7816);
#6753=AXIS2_PLACEMENT_3D('',#14503,#7818,#7819);
#6754=AXIS2_PLACEMENT_3D('',#14508,#7823,#7824);
#6755=AXIS2_PLACEMENT_3D('',#14512,#7827,#7828);
#6756=AXIS2_PLACEMENT_3D('',#14514,#7830,#7831);
#6757=AXIS2_PLACEMENT_3D('',#14516,#7833,#7834);
#6758=AXIS2_PLACEMENT_3D('',#14517,#7835,#7836);
#6759=AXIS2_PLACEMENT_3D('',#14518,#7837,#7838);
#6760=AXIS2_PLACEMENT_3D('',#14520,#7840,#7841);
#6761=AXIS2_PLACEMENT_3D('',#14521,#7842,#7843);
#6762=AXIS2_PLACEMENT_3D('',#14522,#7844,#7845);
#6763=AXIS2_PLACEMENT_3D('',#14531,#7850,#7851);
#6764=AXIS2_PLACEMENT_3D('',#14537,#7855,#7856);
#6765=AXIS2_PLACEMENT_3D('',#14543,#7860,#7861);
#6766=AXIS2_PLACEMENT_3D('',#14546,#7864,#7865);
#6767=AXIS2_PLACEMENT_3D('',#14552,#7869,#7870);
#6768=AXIS2_PLACEMENT_3D('',#14556,#7873,#7874);
#6769=AXIS2_PLACEMENT_3D('',#14557,#7875,#7876);
#6770=AXIS2_PLACEMENT_3D('',#14566,#7881,#7882);
#6771=AXIS2_PLACEMENT_3D('',#14569,#7884,#7885);
#6772=AXIS2_PLACEMENT_3D('',#14570,#7886,#7887);
#6773=AXIS2_PLACEMENT_3D('',#14571,#7888,#7889);
#6774=AXIS2_PLACEMENT_3D('',#14575,#7891,#7892);
#6775=AXIS2_PLACEMENT_3D('',#14577,#7894,#7895);
#6776=AXIS2_PLACEMENT_3D('',#14582,#7899,#7900);
#6777=AXIS2_PLACEMENT_3D('',#14586,#7903,#7904);
#6778=AXIS2_PLACEMENT_3D('',#14588,#7906,#7907);
#6779=AXIS2_PLACEMENT_3D('',#14590,#7909,#7910);
#6780=AXIS2_PLACEMENT_3D('',#14591,#7911,#7912);
#6781=AXIS2_PLACEMENT_3D('',#14592,#7913,#7914);
#6782=AXIS2_PLACEMENT_3D('',#14594,#7916,#7917);
#6783=AXIS2_PLACEMENT_3D('',#14595,#7918,#7919);
#6784=AXIS2_PLACEMENT_3D('',#14596,#7920,#7921);
#6785=AXIS2_PLACEMENT_3D('',#14597,#7922,#7923);
#6786=AXIS2_PLACEMENT_3D('',#14598,#7924,#7925);
#6787=AXIS2_PLACEMENT_3D('',#14599,#7926,#7927);
#6788=AXIS2_PLACEMENT_3D('',#14600,#7928,#7929);
#6789=AXIS2_PLACEMENT_3D('',#14601,#7930,#7931);
#6790=DIRECTION('axis',(0.,0.,1.));
#6791=DIRECTION('refdir',(1.,0.,0.));
#6792=DIRECTION('axis',(0.,0.,1.));
#6793=DIRECTION('refdir',(1.,0.,0.));
#6794=DIRECTION('center_axis',(-1.,3.74552245386968E-17,0.));
#6795=DIRECTION('ref_axis',(3.74552245386968E-17,1.,0.));
#6796=DIRECTION('',(3.74552245386968E-17,1.,0.));
#6797=DIRECTION('',(0.,0.,1.));
#6798=DIRECTION('',(-3.74552245386968E-17,-1.,0.));
#6799=DIRECTION('',(0.,0.,-1.));
#6800=DIRECTION('center_axis',(1.,-1.87276122693484E-17,0.));
#6801=DIRECTION('ref_axis',(-1.87276122693484E-17,-1.,0.));
#6802=DIRECTION('',(-1.87276122693484E-17,-1.,0.));
#6803=DIRECTION('',(0.,0.,1.));
#6804=DIRECTION('',(1.87276122693484E-17,1.,0.));
#6805=DIRECTION('',(0.,0.,-1.));
#6806=DIRECTION('center_axis',(0.,0.,1.));
#6807=DIRECTION('ref_axis',(1.,0.,0.));
#6808=DIRECTION('center_axis',(0.,0.,-1.));
#6809=DIRECTION('ref_axis',(1.,0.,0.));
#6810=DIRECTION('center_axis',(0.,0.,1.));
#6811=DIRECTION('ref_axis',(1.,0.,0.));
#6812=DIRECTION('center_axis',(0.,0.,1.));
#6813=DIRECTION('ref_axis',(-1.83697019872103E-16,1.,0.));
#6814=DIRECTION('center_axis',(0.,0.,-1.));
#6815=DIRECTION('ref_axis',(1.,0.,0.));
#6816=DIRECTION('center_axis',(0.,0.,1.));
#6817=DIRECTION('ref_axis',(-1.83697019872103E-16,1.,0.));
#6818=DIRECTION('center_axis',(0.,0.,1.));
#6819=DIRECTION('ref_axis',(1.,0.,0.));
#6820=DIRECTION('center_axis',(0.,0.,1.));
#6821=DIRECTION('ref_axis',(1.,0.,0.));
#6822=DIRECTION('center_axis',(1.,-1.87276122693484E-17,0.));
#6823=DIRECTION('ref_axis',(-1.87276122693484E-17,-1.,0.));
#6824=DIRECTION('',(1.87276122693484E-17,1.,0.));
#6825=DIRECTION('',(0.,0.,-1.));
#6826=DIRECTION('',(-1.87276122693484E-17,-1.,0.));
#6827=DIRECTION('',(0.,0.,1.));
#6828=DIRECTION('center_axis',(-1.,3.74552245386968E-17,0.));
#6829=DIRECTION('ref_axis',(3.74552245386968E-17,1.,0.));
#6830=DIRECTION('',(-3.74552245386968E-17,-1.,0.));
#6831=DIRECTION('',(0.,0.,-1.));
#6832=DIRECTION('',(3.74552245386968E-17,1.,0.));
#6833=DIRECTION('',(0.,0.,1.));
#6834=DIRECTION('center_axis',(0.,0.,1.));
#6835=DIRECTION('ref_axis',(-1.,0.,0.));
#6836=DIRECTION('center_axis',(0.,0.,-1.));
#6837=DIRECTION('ref_axis',(-1.,0.,0.));
#6838=DIRECTION('center_axis',(0.,0.,1.));
#6839=DIRECTION('ref_axis',(-1.,0.,0.));
#6840=DIRECTION('center_axis',(0.,0.,1.));
#6841=DIRECTION('ref_axis',(-6.12323399573677E-17,1.,0.));
#6842=DIRECTION('center_axis',(0.,0.,-1.));
#6843=DIRECTION('ref_axis',(-1.,0.,0.));
#6844=DIRECTION('center_axis',(0.,0.,1.));
#6845=DIRECTION('ref_axis',(-6.12323399573676E-17,1.,0.));
#6846=DIRECTION('center_axis',(0.,0.,1.));
#6847=DIRECTION('ref_axis',(-1.,0.,0.));
#6848=DIRECTION('center_axis',(0.,0.,1.));
#6849=DIRECTION('ref_axis',(-1.,0.,0.));
#6850=DIRECTION('center_axis',(1.,-1.87276122693484E-17,0.));
#6851=DIRECTION('ref_axis',(-1.87276122693484E-17,-1.,0.));
#6852=DIRECTION('',(-1.87276122693484E-17,-1.,0.));
#6853=DIRECTION('',(0.,0.,-1.));
#6854=DIRECTION('',(1.87276122693484E-17,1.,0.));
#6855=DIRECTION('',(0.,0.,-1.));
#6856=DIRECTION('center_axis',(0.,0.,-1.));
#6857=DIRECTION('ref_axis',(-1.,0.,0.));
#6858=DIRECTION('center_axis',(0.,0.,1.));
#6859=DIRECTION('ref_axis',(-1.,0.,0.));
#6860=DIRECTION('',(0.,0.,-1.));
#6861=DIRECTION('center_axis',(0.,0.,-1.));
#6862=DIRECTION('ref_axis',(-1.,0.,0.));
#6863=DIRECTION('center_axis',(-1.,3.74552245386968E-17,0.));
#6864=DIRECTION('ref_axis',(3.74552245386968E-17,1.,0.));
#6865=DIRECTION('',(3.74552245386968E-17,1.,0.));
#6866=DIRECTION('',(0.,0.,1.));
#6867=DIRECTION('',(-3.74552245386968E-17,-1.,0.));
#6868=DIRECTION('center_axis',(0.,0.,1.));
#6869=DIRECTION('ref_axis',(1.83697019872103E-16,1.,0.));
#6870=DIRECTION('center_axis',(0.,0.,1.));
#6871=DIRECTION('ref_axis',(-1.,0.,0.));
#6872=DIRECTION('center_axis',(0.,0.,1.));
#6873=DIRECTION('ref_axis',(-1.,0.,0.));
#6874=DIRECTION('center_axis',(0.,0.,1.));
#6875=DIRECTION('ref_axis',(-1.,0.,0.));
#6876=DIRECTION('center_axis',(0.,0.,-1.));
#6877=DIRECTION('ref_axis',(-1.,0.,0.));
#6878=DIRECTION('center_axis',(0.,0.,1.));
#6879=DIRECTION('ref_axis',(-1.,0.,0.));
#6880=DIRECTION('center_axis',(0.,0.,-1.));
#6881=DIRECTION('ref_axis',(-1.,0.,0.));
#6882=DIRECTION('',(0.,0.,-1.));
#6883=DIRECTION('center_axis',(0.,0.,1.));
#6884=DIRECTION('ref_axis',(-1.,0.,0.));
#6885=DIRECTION('center_axis',(0.,0.,1.));
#6886=DIRECTION('ref_axis',(-1.,0.,0.));
#6887=DIRECTION('center_axis',(0.,0.,-1.));
#6888=DIRECTION('ref_axis',(-1.,0.,0.));
#6889=DIRECTION('',(0.,0.,-1.));
#6890=DIRECTION('center_axis',(0.,0.,-1.));
#6891=DIRECTION('ref_axis',(-1.,0.,0.));
#6892=DIRECTION('center_axis',(0.,0.,1.));
#6893=DIRECTION('ref_axis',(-1.,0.,0.));
#6894=DIRECTION('center_axis',(0.,0.,1.));
#6895=DIRECTION('ref_axis',(-1.,0.,0.));
#6896=DIRECTION('',(0.,0.,-1.));
#6897=DIRECTION('center_axis',(0.,0.,1.));
#6898=DIRECTION('ref_axis',(-1.,0.,0.));
#6899=DIRECTION('center_axis',(0.,0.,1.));
#6900=DIRECTION('ref_axis',(-1.,0.,0.));
#6901=DIRECTION('center_axis',(0.,0.,1.));
#6902=DIRECTION('ref_axis',(-1.,0.,0.));
#6903=DIRECTION('center_axis',(0.,0.,-1.));
#6904=DIRECTION('ref_axis',(-1.,0.,0.));
#6905=DIRECTION('center_axis',(0.,0.,1.));
#6906=DIRECTION('ref_axis',(-1.,0.,0.));
#6907=DIRECTION('center_axis',(-1.22464679914735E-16,-1.,0.));
#6908=DIRECTION('ref_axis',(1.,-1.22464679914735E-16,0.));
#6909=DIRECTION('center_axis',(0.,0.,-1.));
#6910=DIRECTION('ref_axis',(-1.,0.,0.));
#6911=DIRECTION('center_axis',(0.,0.,1.));
#6912=DIRECTION('ref_axis',(-1.,0.,0.));
#6913=DIRECTION('center_axis',(0.,0.,-1.));
#6914=DIRECTION('ref_axis',(-1.,0.,0.));
#6915=DIRECTION('center_axis',(0.,0.,1.));
#6916=DIRECTION('ref_axis',(-1.,0.,0.));
#6917=DIRECTION('',(0.,0.,-1.));
#6918=DIRECTION('center_axis',(0.,0.,-1.));
#6919=DIRECTION('ref_axis',(-1.,0.,0.));
#6920=DIRECTION('center_axis',(0.,0.,1.));
#6921=DIRECTION('ref_axis',(1.,0.,0.));
#6922=DIRECTION('center_axis',(1.22464679914735E-16,-1.,0.));
#6923=DIRECTION('ref_axis',(-1.,-1.22464679914735E-16,0.));
#6924=DIRECTION('center_axis',(0.,0.,1.));
#6925=DIRECTION('ref_axis',(-1.,0.,0.));
#6926=DIRECTION('center_axis',(0.,0.,1.));
#6927=DIRECTION('ref_axis',(-1.,0.,0.));
#6928=DIRECTION('center_axis',(0.,0.,1.));
#6929=DIRECTION('ref_axis',(-1.,0.,0.));
#6930=DIRECTION('',(0.,0.,-1.));
#6931=DIRECTION('center_axis',(0.,0.,1.));
#6932=DIRECTION('ref_axis',(-1.,0.,0.));
#6933=DIRECTION('center_axis',(0.,0.,1.));
#6934=DIRECTION('ref_axis',(-1.,0.,0.));
#6935=DIRECTION('center_axis',(0.,0.,1.));
#6936=DIRECTION('ref_axis',(-1.,0.,0.));
#6937=DIRECTION('center_axis',(0.,0.,-1.));
#6938=DIRECTION('ref_axis',(-1.,0.,0.));
#6939=DIRECTION('',(0.,0.,-1.));
#6940=DIRECTION('center_axis',(0.,0.,-1.));
#6941=DIRECTION('ref_axis',(-1.,0.,0.));
#6942=DIRECTION('center_axis',(0.,0.,1.));
#6943=DIRECTION('ref_axis',(-1.,0.,0.));
#6944=DIRECTION('center_axis',(0.,0.,1.));
#6945=DIRECTION('ref_axis',(-1.,0.,0.));
#6946=DIRECTION('',(0.,0.,-1.));
#6947=DIRECTION('center_axis',(0.,0.,1.));
#6948=DIRECTION('ref_axis',(-1.,0.,0.));
#6949=DIRECTION('center_axis',(0.,0.,1.));
#6950=DIRECTION('ref_axis',(-1.,0.,0.));
#6951=DIRECTION('center_axis',(0.,0.,1.));
#6952=DIRECTION('ref_axis',(-1.,0.,0.));
#6953=DIRECTION('center_axis',(0.,0.,1.));
#6954=DIRECTION('ref_axis',(-1.,0.,0.));
#6955=DIRECTION('center_axis',(0.,0.,-1.));
#6956=DIRECTION('ref_axis',(-1.,0.,0.));
#6957=DIRECTION('',(0.,0.,-1.));
#6958=DIRECTION('center_axis',(0.,0.,-1.));
#6959=DIRECTION('ref_axis',(-1.,0.,0.));
#6960=DIRECTION('center_axis',(0.,0.,1.));
#6961=DIRECTION('ref_axis',(-1.,0.,0.));
#6962=DIRECTION('center_axis',(0.,0.,1.));
#6963=DIRECTION('ref_axis',(-1.,0.,0.));
#6964=DIRECTION('',(0.,0.,-1.));
#6965=DIRECTION('center_axis',(0.,0.,1.));
#6966=DIRECTION('ref_axis',(-1.,0.,0.));
#6967=DIRECTION('center_axis',(0.,0.,1.));
#6968=DIRECTION('ref_axis',(-1.,0.,0.));
#6969=DIRECTION('center_axis',(0.,0.,1.));
#6970=DIRECTION('ref_axis',(-1.,0.,0.));
#6971=DIRECTION('axis',(0.,0.,1.));
#6972=DIRECTION('refdir',(1.,0.,0.));
#6973=DIRECTION('center_axis',(0.808953307249419,-0.587872900115516,0.));
#6974=DIRECTION('ref_axis',(-0.587872900115516,-0.808953307249419,0.));
#6975=DIRECTION('',(-0.587872900115516,-0.808953307249419,0.));
#6976=DIRECTION('',(0.,0.,-1.));
#6977=DIRECTION('',(-0.587872900115516,-0.808953307249419,0.));
#6978=DIRECTION('',(0.,0.,-1.));
#6979=DIRECTION('center_axis',(-0.99938493692225,0.0350677608767649,0.));
#6980=DIRECTION('ref_axis',(0.0350677608767649,0.99938493692225,0.));
#6981=DIRECTION('',(0.0350677608767649,0.99938493692225,0.));
#6982=DIRECTION('',(0.,0.,-1.));
#6983=DIRECTION('',(0.0350677608767649,0.99938493692225,0.));
#6984=DIRECTION('',(0.,0.,-1.));
#6985=DIRECTION('center_axis',(9.31462202740215E-16,1.,0.));
#6986=DIRECTION('ref_axis',(1.,-9.31462202740215E-16,0.));
#6987=DIRECTION('',(1.,-9.31462202740215E-16,0.));
#6988=DIRECTION('',(1.,-9.31462202740215E-16,0.));
#6989=DIRECTION('',(0.,0.,-1.));
#6990=DIRECTION('',(0.,0.,-1.));
#6991=DIRECTION('',(0.,0.,-1.));
#6992=DIRECTION('center_axis',(0.999632228037197,-0.0271184193748399,0.));
#6993=DIRECTION('ref_axis',(-0.0271184193748399,-0.999632228037197,0.));
#6994=DIRECTION('',(-0.0271184193748399,-0.999632228037197,0.));
#6995=DIRECTION('',(0.,0.,-1.));
#6996=DIRECTION('',(-0.0271184193748399,-0.999632228037197,0.));
#6997=DIRECTION('',(0.,0.,-1.));
#6998=DIRECTION('center_axis',(1.,0.,0.));
#6999=DIRECTION('ref_axis',(0.,-1.,0.));
#7000=DIRECTION('',(0.,-1.,0.));
#7001=DIRECTION('',(0.,0.,-1.));
#7002=DIRECTION('',(0.,-1.,0.));
#7003=DIRECTION('',(0.,0.,-1.));
#7004=DIRECTION('',(0.,0.,-1.));
#7005=DIRECTION('',(0.,0.,-1.));
#7006=DIRECTION('center_axis',(0.0323597244350051,0.999476286979581,0.));
#7007=DIRECTION('ref_axis',(0.999476286979581,-0.0323597244350051,0.));
#7008=DIRECTION('',(0.999476286979581,-0.0323597244350051,0.));
#7009=DIRECTION('',(0.,0.,-1.));
#7010=DIRECTION('',(0.999476286979581,-0.0323597244350051,0.));
#7011=DIRECTION('',(0.,0.,-1.));
#7012=DIRECTION('',(0.,0.,-1.));
#7013=DIRECTION('',(0.,0.,-1.));
#7014=DIRECTION('',(0.,0.,-1.));
#7015=DIRECTION('center_axis',(-0.806501392297506,0.591232191463036,0.));
#7016=DIRECTION('ref_axis',(0.591232191463036,0.806501392297506,0.));
#7017=DIRECTION('',(0.591232191463036,0.806501392297506,0.));
#7018=DIRECTION('',(0.,0.,-1.));
#7019=DIRECTION('',(0.591232191463036,0.806501392297506,0.));
#7020=DIRECTION('',(0.,0.,-1.));
#7021=DIRECTION('',(0.,0.,-1.));
#7022=DIRECTION('',(0.,0.,-1.));
#7023=DIRECTION('center_axis',(0.00871173586929149,-0.999962052109051,0.));
#7024=DIRECTION('ref_axis',(-0.999962052109051,-0.00871173586929149,0.));
#7025=DIRECTION('',(-0.999962052109051,-0.00871173586929149,0.));
#7026=DIRECTION('',(0.,0.,-1.));
#7027=DIRECTION('',(-0.999962052109051,-0.00871173586929149,0.));
#7028=DIRECTION('',(0.,0.,-1.));
#7029=DIRECTION('',(0.,0.,-1.));
#7030=DIRECTION('center_axis',(0.,0.,1.));
#7031=DIRECTION('ref_axis',(-1.,0.,0.));
#7032=DIRECTION('',(0.,0.,-1.));
#7033=DIRECTION('',(0.,0.,-1.));
#7034=DIRECTION('',(0.,0.,-1.));
#7035=DIRECTION('',(0.,0.,-1.));
#7036=DIRECTION('',(0.,0.,-1.));
#7037=DIRECTION('',(0.,0.,-1.));
#7038=DIRECTION('',(0.,0.,-1.));
#7039=DIRECTION('',(0.,0.,-1.));
#7040=DIRECTION('',(0.,0.,-1.));
#7041=DIRECTION('',(0.,0.,-1.));
#7042=DIRECTION('',(0.,0.,-1.));
#7043=DIRECTION('',(0.,0.,-1.));
#7044=DIRECTION('',(0.,0.,-1.));
#7045=DIRECTION('',(0.,0.,-1.));
#7046=DIRECTION('',(0.,0.,-1.));
#7047=DIRECTION('',(0.,0.,-1.));
#7048=DIRECTION('',(0.,0.,-1.));
#7049=DIRECTION('',(0.,0.,-1.));
#7050=DIRECTION('',(0.,0.,-1.));
#7051=DIRECTION('',(0.,0.,-1.));
#7052=DIRECTION('',(0.,0.,-1.));
#7053=DIRECTION('',(0.,0.,-1.));
#7054=DIRECTION('',(0.,0.,-1.));
#7055=DIRECTION('',(0.,0.,-1.));
#7056=DIRECTION('',(0.,0.,-1.));
#7057=DIRECTION('',(0.,0.,-1.));
#7058=DIRECTION('',(0.,0.,-1.));
#7059=DIRECTION('',(0.,0.,-1.));
#7060=DIRECTION('',(0.,0.,-1.));
#7061=DIRECTION('',(0.,0.,-1.));
#7062=DIRECTION('',(0.,0.,-1.));
#7063=DIRECTION('',(0.,0.,-1.));
#7064=DIRECTION('',(0.,0.,-1.));
#7065=DIRECTION('',(0.,0.,-1.));
#7066=DIRECTION('',(0.,0.,-1.));
#7067=DIRECTION('',(0.,0.,-1.));
#7068=DIRECTION('',(0.,0.,-1.));
#7069=DIRECTION('center_axis',(0.,0.,1.));
#7070=DIRECTION('ref_axis',(-1.,0.,0.));
#7071=DIRECTION('center_axis',(1.,0.,0.));
#7072=DIRECTION('ref_axis',(0.,-1.,0.));
#7073=DIRECTION('',(0.,-1.,0.));
#7074=DIRECTION('',(0.,0.,-1.));
#7075=DIRECTION('',(0.,-1.,0.));
#7076=DIRECTION('',(0.,0.,-1.));
#7077=DIRECTION('',(0.,0.,-1.));
#7078=DIRECTION('',(0.,0.,-1.));
#7079=DIRECTION('',(0.,0.,-1.));
#7080=DIRECTION('',(0.,0.,-1.));
#7081=DIRECTION('',(0.,0.,-1.));
#7082=DIRECTION('',(0.,0.,-1.));
#7083=DIRECTION('',(0.,0.,-1.));
#7084=DIRECTION('',(0.,0.,-1.));
#7085=DIRECTION('center_axis',(-1.,1.67137411004443E-15,0.));
#7086=DIRECTION('ref_axis',(1.67137411004443E-15,1.,0.));
#7087=DIRECTION('',(1.67137411004443E-15,1.,0.));
#7088=DIRECTION('',(0.,0.,-1.));
#7089=DIRECTION('',(1.67137411004443E-15,1.,0.));
#7090=DIRECTION('center_axis',(0.,1.,0.));
#7091=DIRECTION('ref_axis',(1.,0.,0.));
#7092=DIRECTION('',(1.,0.,0.));
#7093=DIRECTION('',(0.,0.,-1.));
#7094=DIRECTION('',(1.,0.,0.));
#7095=DIRECTION('center_axis',(-1.,-5.95547039475981E-16,0.));
#7096=DIRECTION('ref_axis',(-5.95547039475981E-16,1.,0.));
#7097=DIRECTION('',(-5.95547039475981E-16,1.,0.));
#7098=DIRECTION('',(0.,0.,-1.));
#7099=DIRECTION('',(-5.95547039475981E-16,1.,0.));
#7100=DIRECTION('center_axis',(3.59809381533822E-16,-1.,0.));
#7101=DIRECTION('ref_axis',(-1.,-3.59809381533822E-16,0.));
#7102=DIRECTION('',(-1.,-3.59809381533822E-16,0.));
#7103=DIRECTION('',(0.,0.,-1.));
#7104=DIRECTION('',(-1.,-3.59809381533822E-16,0.));
#7105=DIRECTION('center_axis',(1.,5.355305722614E-16,0.));
#7106=DIRECTION('ref_axis',(5.355305722614E-16,-1.,0.));
#7107=DIRECTION('',(5.355305722614E-16,-1.,0.));
#7108=DIRECTION('',(0.,0.,-1.));
#7109=DIRECTION('',(5.355305722614E-16,-1.,0.));
#7110=DIRECTION('',(0.,0.,-1.));
#7111=DIRECTION('',(0.,0.,-1.));
#7112=DIRECTION('',(0.,0.,-1.));
#7113=DIRECTION('',(0.,0.,-1.));
#7114=DIRECTION('',(0.,0.,-1.));
#7115=DIRECTION('',(0.,0.,-1.));
#7116=DIRECTION('',(0.,0.,-1.));
#7117=DIRECTION('',(0.,0.,-1.));
#7118=DIRECTION('',(0.,0.,-1.));
#7119=DIRECTION('',(0.,0.,-1.));
#7120=DIRECTION('',(0.,0.,-1.));
#7121=DIRECTION('',(0.,0.,-1.));
#7122=DIRECTION('center_axis',(-1.,1.0710611445228E-15,0.));
#7123=DIRECTION('ref_axis',(1.0710611445228E-15,1.,0.));
#7124=DIRECTION('',(1.0710611445228E-15,1.,0.));
#7125=DIRECTION('',(0.,0.,-1.));
#7126=DIRECTION('',(1.0710611445228E-15,1.,0.));
#7127=DIRECTION('center_axis',(0.,-1.,0.));
#7128=DIRECTION('ref_axis',(-1.,0.,0.));
#7129=DIRECTION('',(-1.,0.,0.));
#7130=DIRECTION('',(0.,0.,-1.));
#7131=DIRECTION('',(-1.,0.,0.));
#7132=DIRECTION('center_axis',(1.,-2.38218815790392E-15,0.));
#7133=DIRECTION('ref_axis',(-2.38218815790392E-15,-1.,0.));
#7134=DIRECTION('',(-2.38218815790392E-15,-1.,0.));
#7135=DIRECTION('',(0.,0.,-1.));
#7136=DIRECTION('',(-2.38218815790392E-15,-1.,0.));
#7137=DIRECTION('center_axis',(-1.01097777647844E-15,1.,0.));
#7138=DIRECTION('ref_axis',(1.,1.01097777647844E-15,0.));
#7139=DIRECTION('',(1.,1.01097777647844E-15,0.));
#7140=DIRECTION('',(1.,1.01097777647844E-15,0.));
#7141=DIRECTION('center_axis',(0.,0.,1.));
#7142=DIRECTION('ref_axis',(-1.,0.,0.));
#7143=DIRECTION('center_axis',(0.,0.,-1.));
#7144=DIRECTION('ref_axis',(1.,0.,0.));
#7145=DIRECTION('center_axis',(0.,0.,-1.));
#7146=DIRECTION('ref_axis',(1.,0.,0.));
#7147=DIRECTION('center_axis',(0.,0.,1.));
#7148=DIRECTION('ref_axis',(1.,0.,0.));
#7149=DIRECTION('center_axis',(0.,0.,-1.));
#7150=DIRECTION('ref_axis',(1.,0.,0.));
#7151=DIRECTION('center_axis',(1.22464679914735E-16,-1.,0.));
#7152=DIRECTION('ref_axis',(-1.,-1.22464679914735E-16,0.));
#7153=DIRECTION('center_axis',(0.,0.,1.));
#7154=DIRECTION('ref_axis',(1.,0.,0.));
#7155=DIRECTION('center_axis',(0.,0.,-1.));
#7156=DIRECTION('ref_axis',(1.,0.,0.));
#7157=DIRECTION('center_axis',(0.,0.,-1.));
#7158=DIRECTION('ref_axis',(1.,0.,0.));
#7159=DIRECTION('center_axis',(0.,0.,-1.));
#7160=DIRECTION('ref_axis',(1.,0.,0.));
#7161=DIRECTION('',(0.,0.,1.));
#7162=DIRECTION('center_axis',(0.,0.,-1.));
#7163=DIRECTION('ref_axis',(1.,0.,0.));
#7164=DIRECTION('',(0.,0.,1.));
#7165=DIRECTION('',(0.,0.,1.));
#7166=DIRECTION('',(0.,0.,1.));
#7167=DIRECTION('',(0.,0.,1.));
#7168=DIRECTION('',(0.,0.,1.));
#7169=DIRECTION('',(0.,0.,1.));
#7170=DIRECTION('',(0.,0.,1.));
#7171=DIRECTION('',(0.,0.,1.));
#7172=DIRECTION('',(0.,0.,1.));
#7173=DIRECTION('',(0.,0.,1.));
#7174=DIRECTION('',(0.,0.,1.));
#7175=DIRECTION('',(0.,0.,1.));
#7176=DIRECTION('',(0.,0.,1.));
#7177=DIRECTION('',(0.,0.,1.));
#7178=DIRECTION('',(0.,0.,1.));
#7179=DIRECTION('',(0.,0.,1.));
#7180=DIRECTION('',(0.,0.,1.));
#7181=DIRECTION('',(0.,0.,1.));
#7182=DIRECTION('',(0.,0.,1.));
#7183=DIRECTION('',(0.,0.,1.));
#7184=DIRECTION('',(0.,0.,1.));
#7185=DIRECTION('',(0.,0.,1.));
#7186=DIRECTION('',(0.,0.,1.));
#7187=DIRECTION('',(0.,0.,1.));
#7188=DIRECTION('',(0.,0.,1.));
#7189=DIRECTION('',(0.,0.,1.));
#7190=DIRECTION('',(0.,0.,1.));
#7191=DIRECTION('',(0.,0.,1.));
#7192=DIRECTION('',(0.,0.,1.));
#7193=DIRECTION('',(0.,0.,1.));
#7194=DIRECTION('',(0.,0.,1.));
#7195=DIRECTION('',(0.,0.,1.));
#7196=DIRECTION('',(0.,0.,1.));
#7197=DIRECTION('',(0.,0.,1.));
#7198=DIRECTION('',(0.,0.,1.));
#7199=DIRECTION('',(0.,0.,1.));
#7200=DIRECTION('',(0.,0.,1.));
#7201=DIRECTION('center_axis',(0.,0.,1.));
#7202=DIRECTION('ref_axis',(-1.,0.,0.));
#7203=DIRECTION('center_axis',(0.,0.,1.));
#7204=DIRECTION('ref_axis',(-1.,0.,0.));
#7205=DIRECTION('',(0.,0.,1.));
#7206=DIRECTION('',(0.,0.,1.));
#7207=DIRECTION('center_axis',(-0.99938493692225,0.0350677608767649,0.));
#7208=DIRECTION('ref_axis',(-0.0350677608767649,-0.99938493692225,0.));
#7209=DIRECTION('',(0.0350677608767649,0.99938493692225,0.));
#7210=DIRECTION('',(-0.0350677608767649,-0.99938493692225,0.));
#7211=DIRECTION('',(0.,0.,1.));
#7212=DIRECTION('center_axis',(0.808953307249419,-0.587872900115516,0.));
#7213=DIRECTION('ref_axis',(0.587872900115516,0.808953307249419,0.));
#7214=DIRECTION('',(-0.587872900115516,-0.808953307249419,0.));
#7215=DIRECTION('',(0.587872900115516,0.808953307249419,0.));
#7216=DIRECTION('',(0.,0.,1.));
#7217=DIRECTION('center_axis',(9.31462202740215E-16,1.,0.));
#7218=DIRECTION('ref_axis',(-1.,9.31462202740215E-16,0.));
#7219=DIRECTION('',(1.,-9.31462202740215E-16,0.));
#7220=DIRECTION('',(-1.,9.31462202740215E-16,0.));
#7221=DIRECTION('',(0.,0.,1.));
#7222=DIRECTION('',(0.,0.,1.));
#7223=DIRECTION('',(0.,0.,1.));
#7224=DIRECTION('center_axis',(0.00871173586929149,-0.999962052109051,0.));
#7225=DIRECTION('ref_axis',(0.999962052109051,0.00871173586929149,0.));
#7226=DIRECTION('',(-0.999962052109051,-0.00871173586929149,0.));
#7227=DIRECTION('',(0.999962052109051,0.00871173586929149,0.));
#7228=DIRECTION('',(0.,0.,1.));
#7229=DIRECTION('',(0.,0.,1.));
#7230=DIRECTION('',(0.,0.,1.));
#7231=DIRECTION('',(0.,0.,1.));
#7232=DIRECTION('center_axis',(-0.806501392297506,0.591232191463036,0.));
#7233=DIRECTION('ref_axis',(-0.591232191463036,-0.806501392297506,0.));
#7234=DIRECTION('',(0.591232191463036,0.806501392297506,0.));
#7235=DIRECTION('',(-0.591232191463036,-0.806501392297506,0.));
#7236=DIRECTION('',(0.,0.,1.));
#7237=DIRECTION('',(0.,0.,1.));
#7238=DIRECTION('',(0.,0.,1.));
#7239=DIRECTION('',(0.,0.,1.));
#7240=DIRECTION('',(0.,0.,1.));
#7241=DIRECTION('center_axis',(0.0323597244350051,0.999476286979581,0.));
#7242=DIRECTION('ref_axis',(-0.999476286979581,0.0323597244350051,0.));
#7243=DIRECTION('',(0.999476286979581,-0.0323597244350051,0.));
#7244=DIRECTION('',(-0.999476286979581,0.0323597244350051,0.));
#7245=DIRECTION('',(0.,0.,1.));
#7246=DIRECTION('',(0.,0.,1.));
#7247=DIRECTION('',(0.,0.,1.));
#7248=DIRECTION('',(0.,0.,1.));
#7249=DIRECTION('center_axis',(1.,0.,0.));
#7250=DIRECTION('ref_axis',(0.,1.,0.));
#7251=DIRECTION('',(0.,-1.,0.));
#7252=DIRECTION('',(0.,1.,0.));
#7253=DIRECTION('',(0.,0.,1.));
#7254=DIRECTION('',(0.,0.,1.));
#7255=DIRECTION('center_axis',(0.999632228037197,-0.0271184193748399,0.));
#7256=DIRECTION('ref_axis',(0.0271184193748399,0.999632228037197,0.));
#7257=DIRECTION('',(-0.0271184193748399,-0.999632228037197,0.));
#7258=DIRECTION('',(0.0271184193748399,0.999632228037197,0.));
#7259=DIRECTION('',(0.,0.,1.));
#7260=DIRECTION('',(0.,0.,1.));
#7261=DIRECTION('',(0.,0.,1.));
#7262=DIRECTION('center_axis',(0.,0.,1.));
#7263=DIRECTION('ref_axis',(-1.,0.,0.));
#7264=DIRECTION('center_axis',(0.,0.,1.));
#7265=DIRECTION('ref_axis',(-1.,0.,0.));
#7266=DIRECTION('center_axis',(1.,-2.38218815790392E-15,0.));
#7267=DIRECTION('ref_axis',(2.38218815790392E-15,1.,0.));
#7268=DIRECTION('',(-2.38218815790392E-15,-1.,0.));
#7269=DIRECTION('',(0.,0.,1.));
#7270=DIRECTION('',(2.38218815790392E-15,1.,0.));
#7271=DIRECTION('',(0.,0.,1.));
#7272=DIRECTION('center_axis',(0.,-1.,0.));
#7273=DIRECTION('ref_axis',(1.,0.,0.));
#7274=DIRECTION('',(-1.,0.,0.));
#7275=DIRECTION('',(1.,0.,0.));
#7276=DIRECTION('',(0.,0.,1.));
#7277=DIRECTION('center_axis',(-1.,1.0710611445228E-15,0.));
#7278=DIRECTION('ref_axis',(-1.0710611445228E-15,-1.,0.));
#7279=DIRECTION('',(1.0710611445228E-15,1.,0.));
#7280=DIRECTION('',(-1.0710611445228E-15,-1.,0.));
#7281=DIRECTION('',(0.,0.,1.));
#7282=DIRECTION('',(0.,0.,1.));
#7283=DIRECTION('',(0.,0.,1.));
#7284=DIRECTION('',(0.,0.,1.));
#7285=DIRECTION('',(0.,0.,1.));
#7286=DIRECTION('',(0.,0.,1.));
#7287=DIRECTION('',(0.,0.,1.));
#7288=DIRECTION('',(0.,0.,1.));
#7289=DIRECTION('',(0.,0.,1.));
#7290=DIRECTION('',(0.,0.,1.));
#7291=DIRECTION('',(0.,0.,1.));
#7292=DIRECTION('',(0.,0.,1.));
#7293=DIRECTION('',(0.,0.,1.));
#7294=DIRECTION('center_axis',(1.,5.355305722614E-16,0.));
#7295=DIRECTION('ref_axis',(-5.355305722614E-16,1.,0.));
#7296=DIRECTION('',(5.355305722614E-16,-1.,0.));
#7297=DIRECTION('',(-5.355305722614E-16,1.,0.));
#7298=DIRECTION('',(0.,0.,1.));
#7299=DIRECTION('center_axis',(3.59809381533822E-16,-1.,0.));
#7300=DIRECTION('ref_axis',(1.,3.59809381533822E-16,0.));
#7301=DIRECTION('',(-1.,-3.59809381533822E-16,0.));
#7302=DIRECTION('',(1.,3.59809381533822E-16,0.));
#7303=DIRECTION('',(0.,0.,1.));
#7304=DIRECTION('center_axis',(-1.,-5.95547039475981E-16,0.));
#7305=DIRECTION('ref_axis',(5.95547039475981E-16,-1.,0.));
#7306=DIRECTION('',(-5.95547039475981E-16,1.,0.));
#7307=DIRECTION('',(5.95547039475981E-16,-1.,0.));
#7308=DIRECTION('',(0.,0.,1.));
#7309=DIRECTION('center_axis',(0.,1.,0.));
#7310=DIRECTION('ref_axis',(-1.,0.,0.));
#7311=DIRECTION('',(1.,0.,0.));
#7312=DIRECTION('',(-1.,0.,0.));
#7313=DIRECTION('',(0.,0.,1.));
#7314=DIRECTION('center_axis',(-1.,1.67137411004443E-15,0.));
#7315=DIRECTION('ref_axis',(-1.67137411004443E-15,-1.,0.));
#7316=DIRECTION('',(1.67137411004443E-15,1.,0.));
#7317=DIRECTION('',(-1.67137411004443E-15,-1.,0.));
#7318=DIRECTION('',(0.,0.,1.));
#7319=DIRECTION('',(0.,0.,1.));
#7320=DIRECTION('',(0.,0.,1.));
#7321=DIRECTION('',(0.,0.,1.));
#7322=DIRECTION('',(0.,0.,1.));
#7323=DIRECTION('',(0.,0.,1.));
#7324=DIRECTION('',(0.,0.,1.));
#7325=DIRECTION('',(0.,0.,1.));
#7326=DIRECTION('',(0.,0.,1.));
#7327=DIRECTION('center_axis',(1.,0.,0.));
#7328=DIRECTION('ref_axis',(0.,1.,0.));
#7329=DIRECTION('',(0.,-1.,0.));
#7330=DIRECTION('',(0.,1.,0.));
#7331=DIRECTION('',(0.,0.,1.));
#7332=DIRECTION('center_axis',(-1.01097777647844E-15,1.,0.));
#7333=DIRECTION('ref_axis',(-1.,-1.01097777647844E-15,0.));
#7334=DIRECTION('',(1.,1.01097777647844E-15,0.));
#7335=DIRECTION('',(-1.,-1.01097777647844E-15,0.));
#7336=DIRECTION('center_axis',(0.,0.,1.));
#7337=DIRECTION('ref_axis',(-1.,0.,0.));
#7338=DIRECTION('center_axis',(0.,0.,1.));
#7339=DIRECTION('ref_axis',(-1.,0.,0.));
#7340=DIRECTION('axis',(0.,0.,1.));
#7341=DIRECTION('refdir',(1.,0.,0.));
#7342=DIRECTION('center_axis',(0.656307330617077,-0.749219008749544,-0.0890593325072558));
#7343=DIRECTION('ref_axis',(0.0561776021668792,-0.0691856114512049,0.996020797063446));
#7344=DIRECTION('center_axis',(0.440032052208659,-0.893554826701976,-0.0890593325072558));
#7345=DIRECTION('ref_axis',(0.0363568429013465,-0.0813680022573005,0.996020797063446));
#7346=DIRECTION('center_axis',(0.19376931662957,-0.976996359883839,-0.0890593325072558));
#7347=DIRECTION('ref_axis',(0.0140584248746107,-0.0880052981765426,0.996020797063446));
#7348=DIRECTION('center_axis',(-0.0656984776588889,-0.993857205702442,-0.0890593325072558));
#7349=DIRECTION('ref_axis',(-0.00919805157468425,-0.088645178460685,0.996020797063446));
#7350=DIRECTION('center_axis',(-0.320689029266761,-0.942988325379113,-0.0890593325072558));
#7351=DIRECTION('ref_axis',(-0.0318276960096633,-0.0832440363258155,0.996020797063446));
#7352=DIRECTION('center_axis',(-0.553825153493783,-0.827856349043087,-0.0890593325072558));
#7353=DIRECTION('ref_axis',(-0.0522883355593385,-0.0721699506826163,0.996020797063446));
#7354=DIRECTION('center_axis',(-0.749219008749544,-0.656307330617077,-0.0890593325072558));
#7355=DIRECTION('ref_axis',(-0.0691856114512049,-0.0561776021668792,0.996020797063446));
#7356=DIRECTION('center_axis',(-0.893554826701976,-0.440032052208659,-0.0890593325072558));
#7357=DIRECTION('ref_axis',(-0.0813680022573005,-0.0363568429013465,0.996020797063446));
#7358=DIRECTION('center_axis',(-0.976996359883839,-0.19376931662957,-0.0890593325072558));
#7359=DIRECTION('ref_axis',(-0.0880052981765426,-0.0140584248746107,0.996020797063446));
#7360=DIRECTION('center_axis',(-0.993857205702442,0.0656984776588884,-0.0890593325072558));
#7361=DIRECTION('ref_axis',(-0.088645178460685,0.0091980515746842,0.996020797063446));
#7362=DIRECTION('center_axis',(-0.942988325379113,0.320689029266761,-0.0890593325072558));
#7363=DIRECTION('ref_axis',(-0.0832440363258155,0.0318276960096633,0.996020797063446));
#7364=DIRECTION('center_axis',(-0.827856349043087,0.553825153493783,-0.0890593325072558));
#7365=DIRECTION('ref_axis',(-0.0721699506826163,0.0522883355593385,0.996020797063446));
#7366=DIRECTION('center_axis',(-0.656307330617078,0.749219008749543,-0.0890593325072558));
#7367=DIRECTION('ref_axis',(-0.0561776021668793,0.0691856114512048,0.996020797063446));
#7368=DIRECTION('center_axis',(-0.440032052208659,0.893554826701976,-0.0890593325072558));
#7369=DIRECTION('ref_axis',(-0.0363568429013465,0.0813680022573005,0.996020797063446));
#7370=DIRECTION('center_axis',(-0.19376931662957,0.976996359883839,-0.0890593325072558));
#7371=DIRECTION('ref_axis',(-0.0140584248746108,0.0880052981765426,0.996020797063446));
#7372=DIRECTION('center_axis',(0.0656984776588884,0.993857205702442,-0.0890593325072558));
#7373=DIRECTION('ref_axis',(0.0091980515746842,0.088645178460685,0.996020797063446));
#7374=DIRECTION('center_axis',(0.320689029266761,0.942988325379113,-0.0890593325072558));
#7375=DIRECTION('ref_axis',(0.0318276960096633,0.0832440363258156,0.996020797063446));
#7376=DIRECTION('center_axis',(0.553825153493783,0.827856349043087,-0.0890593325072558));
#7377=DIRECTION('ref_axis',(0.0522883355593385,0.0721699506826163,0.996020797063446));
#7378=DIRECTION('center_axis',(0.749219008749543,0.656307330617078,-0.0890593325072558));
#7379=DIRECTION('ref_axis',(0.0691856114512048,0.0561776021668793,0.996020797063446));
#7380=DIRECTION('center_axis',(0.893554826701976,0.44003205220866,-0.0890593325072558));
#7381=DIRECTION('ref_axis',(0.0813680022573005,0.0363568429013465,0.996020797063446));
#7382=DIRECTION('center_axis',(0.976996359883839,0.19376931662957,-0.0890593325072558));
#7383=DIRECTION('ref_axis',(0.0880052981765426,0.0140584248746108,0.996020797063446));
#7384=DIRECTION('center_axis',(0.993857205702442,-0.0656984776588881,-0.0890593325072558));
#7385=DIRECTION('ref_axis',(0.088645178460685,-0.00919805157468417,0.996020797063446));
#7386=DIRECTION('center_axis',(0.942988325379113,-0.320689029266761,-0.0890593325072558));
#7387=DIRECTION('ref_axis',(0.0832440363258156,-0.0318276960096633,0.996020797063446));
#7388=DIRECTION('center_axis',(0.827856349043087,-0.553825153493783,-0.0890593325072558));
#7389=DIRECTION('ref_axis',(0.0721699506826163,-0.0522883355593384,0.996020797063446));
#7390=DIRECTION('center_axis',(0.,0.,1.));
#7391=DIRECTION('ref_axis',(1.,0.,0.));
#7392=DIRECTION('center_axis',(0.,0.,1.));
#7393=DIRECTION('ref_axis',(1.,0.,0.));
#7394=DIRECTION('center_axis',(0.,0.,1.));
#7395=DIRECTION('ref_axis',(1.,0.,0.));
#7396=DIRECTION('center_axis',(0.,0.,1.));
#7397=DIRECTION('ref_axis',(1.,0.,0.));
#7398=DIRECTION('center_axis',(1.22464679914735E-16,-1.,0.));
#7399=DIRECTION('ref_axis',(-1.,-1.22464679914735E-16,0.));
#7400=DIRECTION('center_axis',(0.,0.,1.));
#7401=DIRECTION('ref_axis',(1.,0.,0.));
#7402=DIRECTION('center_axis',(1.22464679914735E-16,-1.,0.));
#7403=DIRECTION('ref_axis',(-1.,-1.22464679914735E-16,0.));
#7404=DIRECTION('center_axis',(6.12323399573677E-17,0.,1.));
#7405=DIRECTION('ref_axis',(1.,0.,0.));
#7406=DIRECTION('center_axis',(0.,0.,1.));
#7407=DIRECTION('ref_axis',(1.,0.,0.));
#7408=DIRECTION('center_axis',(1.22464679914735E-16,-1.,0.));
#7409=DIRECTION('ref_axis',(-1.,-1.22464679914735E-16,0.));
#7410=DIRECTION('center_axis',(0.,0.,1.));
#7411=DIRECTION('ref_axis',(1.,0.,0.));
#7412=DIRECTION('center_axis',(0.,0.,1.));
#7413=DIRECTION('ref_axis',(1.,0.,0.));
#7414=DIRECTION('center_axis',(1.22464679914735E-16,-1.,0.));
#7415=DIRECTION('ref_axis',(-1.,-1.22464679914735E-16,0.));
#7416=DIRECTION('center_axis',(1.22464679914735E-16,-1.,0.));
#7417=DIRECTION('ref_axis',(-1.,-1.22464679914735E-16,0.));
#7418=DIRECTION('center_axis',(0.,0.,-1.));
#7419=DIRECTION('ref_axis',(-1.,0.,0.));
#7420=DIRECTION('center_axis',(0.,0.,1.));
#7421=DIRECTION('ref_axis',(1.,0.,0.));
#7422=DIRECTION('center_axis',(0.,0.,1.));
#7423=DIRECTION('ref_axis',(1.,0.,0.));
#7424=DIRECTION('',(0.,0.,-1.));
#7425=DIRECTION('axis',(0.,0.,1.));
#7426=DIRECTION('refdir',(1.,0.,0.));
#7427=DIRECTION('center_axis',(0.920261325587692,-0.391304347826067,0.));
#7428=DIRECTION('ref_axis',(0.391304347826067,0.920261325587692,0.));
#7429=DIRECTION('',(-0.391304347826067,-0.920261325587692,0.));
#7430=DIRECTION('',(0.,0.,1.));
#7431=DIRECTION('',(0.391304347826067,0.920261325587692,0.));
#7432=DIRECTION('',(0.,0.,1.));
#7433=DIRECTION('center_axis',(0.,0.,1.));
#7434=DIRECTION('ref_axis',(-1.,0.,0.));
#7435=DIRECTION('center_axis',(0.,0.,1.));
#7436=DIRECTION('ref_axis',(-1.,0.,0.));
#7437=DIRECTION('center_axis',(0.,0.,1.));
#7438=DIRECTION('ref_axis',(-1.,0.,0.));
#7439=DIRECTION('',(0.,0.,1.));
#7440=DIRECTION('center_axis',(-0.853105081319446,0.521739130434877,0.));
#7441=DIRECTION('ref_axis',(-0.521739130434877,-0.853105081319446,0.));
#7442=DIRECTION('',(-0.521739130434877,-0.853105081319446,0.));
#7443=DIRECTION('',(-0.521739130434877,-0.853105081319446,0.));
#7444=DIRECTION('',(0.,0.,1.));
#7445=DIRECTION('center_axis',(0.,0.,1.));
#7446=DIRECTION('ref_axis',(-1.,0.,0.));
#7447=DIRECTION('center_axis',(0.,0.,1.));
#7448=DIRECTION('ref_axis',(-1.,0.,0.));
#7449=DIRECTION('center_axis',(0.,0.,-1.));
#7450=DIRECTION('ref_axis',(-1.,0.,0.));
#7451=DIRECTION('',(0.,0.,1.));
#7452=DIRECTION('center_axis',(1.,-3.74552245386968E-17,0.));
#7453=DIRECTION('ref_axis',(3.74552245386968E-17,1.,0.));
#7454=DIRECTION('',(3.74552245386968E-17,1.,0.));
#7455=DIRECTION('',(3.74552245386968E-17,1.,0.));
#7456=DIRECTION('',(0.,0.,1.));
#7457=DIRECTION('center_axis',(0.,0.,1.));
#7458=DIRECTION('ref_axis',(-1.,0.,0.));
#7459=DIRECTION('center_axis',(0.,0.,1.));
#7460=DIRECTION('ref_axis',(-1.,0.,0.));
#7461=DIRECTION('center_axis',(0.,0.,1.));
#7462=DIRECTION('ref_axis',(-1.,0.,0.));
#7463=DIRECTION('',(0.,0.,1.));
#7464=DIRECTION('center_axis',(-0.95256096957421,0.304347826086932,0.));
#7465=DIRECTION('ref_axis',(-0.304347826086932,-0.95256096957421,0.));
#7466=DIRECTION('',(-0.304347826086932,-0.95256096957421,0.));
#7467=DIRECTION('',(-0.304347826086932,-0.95256096957421,0.));
#7468=DIRECTION('',(0.,0.,1.));
#7469=DIRECTION('center_axis',(0.,0.,1.));
#7470=DIRECTION('ref_axis',(-1.,0.,0.));
#7471=DIRECTION('center_axis',(0.,0.,1.));
#7472=DIRECTION('ref_axis',(-1.,0.,0.));
#7473=DIRECTION('center_axis',(0.,0.,1.));
#7474=DIRECTION('ref_axis',(-1.,0.,0.));
#7475=DIRECTION('center_axis',(0.,0.,1.));
#7476=DIRECTION('ref_axis',(-1.,0.,0.));
#7477=DIRECTION('center_axis',(0.,0.,1.));
#7478=DIRECTION('ref_axis',(-1.,0.,0.));
#7479=DIRECTION('center_axis',(0.853105081319562,0.521739130434688,0.));
#7480=DIRECTION('ref_axis',(-0.521739130434688,0.853105081319562,0.));
#7481=DIRECTION('',(-0.521739130434688,0.853105081319562,0.));
#7482=DIRECTION('',(0.,0.,1.));
#7483=DIRECTION('',(-0.521739130434688,0.853105081319562,0.));
#7484=DIRECTION('',(0.,0.,1.));
#7485=DIRECTION('center_axis',(0.,0.,1.));
#7486=DIRECTION('ref_axis',(-1.,0.,0.));
#7487=DIRECTION('center_axis',(0.,0.,1.));
#7488=DIRECTION('ref_axis',(-1.,0.,0.));
#7489=DIRECTION('center_axis',(0.,0.,1.));
#7490=DIRECTION('ref_axis',(-1.,0.,0.));
#7491=DIRECTION('',(0.,0.,1.));
#7492=DIRECTION('center_axis',(-0.920261325587675,-0.391304347826106,0.));
#7493=DIRECTION('ref_axis',(0.391304347826106,-0.920261325587675,0.));
#7494=DIRECTION('',(-0.391304347826106,0.920261325587675,0.));
#7495=DIRECTION('',(0.391304347826106,-0.920261325587675,0.));
#7496=DIRECTION('',(0.,0.,1.));
#7497=DIRECTION('center_axis',(0.,0.,1.));
#7498=DIRECTION('ref_axis',(-1.,0.,0.));
#7499=DIRECTION('center_axis',(0.,0.,1.));
#7500=DIRECTION('ref_axis',(-1.,0.,0.));
#7501=DIRECTION('center_axis',(0.,0.,1.));
#7502=DIRECTION('ref_axis',(-1.,0.,0.));
#7503=DIRECTION('',(0.,0.,1.));
#7504=DIRECTION('center_axis',(0.952560969574197,0.304347826086971,0.));
#7505=DIRECTION('ref_axis',(-0.304347826086971,0.952560969574197,0.));
#7506=DIRECTION('',(-0.304347826086971,0.952560969574197,0.));
#7507=DIRECTION('',(-0.304347826086971,0.952560969574197,0.));
#7508=DIRECTION('',(0.,0.,1.));
#7509=DIRECTION('center_axis',(0.,0.,1.));
#7510=DIRECTION('ref_axis',(-1.,0.,0.));
#7511=DIRECTION('center_axis',(0.,0.,1.));
#7512=DIRECTION('ref_axis',(-1.,0.,0.));
#7513=DIRECTION('center_axis',(0.,0.,1.));
#7514=DIRECTION('ref_axis',(-1.,0.,0.));
#7515=DIRECTION('',(0.,0.,1.));
#7516=DIRECTION('center_axis',(-1.,1.87276122693484E-17,0.));
#7517=DIRECTION('ref_axis',(-1.87276122693484E-17,-1.,0.));
#7518=DIRECTION('',(-1.87276122693484E-17,-1.,0.));
#7519=DIRECTION('',(-1.87276122693484E-17,-1.,0.));
#7520=DIRECTION('',(0.,0.,1.));
#7521=DIRECTION('center_axis',(0.,0.,1.));
#7522=DIRECTION('ref_axis',(-1.,0.,0.));
#7523=DIRECTION('center_axis',(0.,0.,1.));
#7524=DIRECTION('ref_axis',(-1.,0.,0.));
#7525=DIRECTION('center_axis',(0.,0.,-1.));
#7526=DIRECTION('ref_axis',(-1.,0.,0.));
#7527=DIRECTION('center_axis',(0.,0.,1.));
#7528=DIRECTION('ref_axis',(-1.,0.,0.));
#7529=DIRECTION('center_axis',(0.,0.,1.));
#7530=DIRECTION('ref_axis',(-1.,0.,0.));
#7531=DIRECTION('center_axis',(-0.563671134297016,-0.318246601137727,-0.76222959351143));
#7532=DIRECTION('ref_axis',(-0.200453274318491,-0.842507260989162,0.499999999995535));
#7533=DIRECTION('center_axis',(0.113803551819705,-0.968389395291591,-0.221970112132256));
#7534=DIRECTION('ref_axis',(-0.441808361861411,-0.249443338429363,0.861732784743943));
#7535=DIRECTION('center_axis',(-0.972843587849623,0.231463503775161,0.));
#7536=DIRECTION('ref_axis',(-0.231463503775161,-0.972843587849622,0.));
#7537=DIRECTION('center_axis',(-0.304347826086932,-0.95256096957421,0.));
#7538=DIRECTION('ref_axis',(-0.476280484787106,0.152173913043467,0.866025403784438));
#7539=DIRECTION('center_axis',(0.,0.,-1.));
#7540=DIRECTION('ref_axis',(-1.,0.,0.));
#7541=DIRECTION('center_axis',(0.,0.,1.));
#7542=DIRECTION('ref_axis',(-1.,0.,0.));
#7543=DIRECTION('center_axis',(0.,0.,1.));
#7544=DIRECTION('ref_axis',(-0.176397014513989,-0.984319101343945,0.));
#7545=DIRECTION('center_axis',(0.,0.,1.));
#7546=DIRECTION('ref_axis',(-1.,0.,0.));
#7547=DIRECTION('',(-0.304347826086932,-0.95256096957421,0.));
#7548=DIRECTION('center_axis',(0.,0.,1.));
#7549=DIRECTION('ref_axis',(-1.,0.,0.));
#7550=DIRECTION('',(0.391304347826067,0.920261325587692,0.));
#7551=DIRECTION('center_axis',(0.,0.,1.));
#7552=DIRECTION('ref_axis',(-1.,0.,0.));
#7553=DIRECTION('',(-0.521739130434877,-0.853105081319446,0.));
#7554=DIRECTION('center_axis',(0.,0.,-1.));
#7555=DIRECTION('ref_axis',(-1.,0.,0.));
#7556=DIRECTION('',(3.74552245386968E-17,1.,0.));
#7557=DIRECTION('center_axis',(-0.824941998304802,0.263572948977851,0.5));
#7558=DIRECTION('ref_axis',(-0.304347826086932,-0.95256096957421,0.));
#7559=DIRECTION('',(-0.304347826086932,-0.95256096957421,0.));
#7560=DIRECTION('center_axis',(-0.132423618741778,-0.927922829733188,-0.34845832930106));
#7561=DIRECTION('ref_axis',(0.329635232583426,-0.37277234615775,0.867399211078565));
#7562=DIRECTION('center_axis',(-0.435241478121769,0.492198560430149,0.753860353668282));
#7563=DIRECTION('ref_axis',(-0.105971144169556,-0.859517374230094,0.5));
#7564=DIRECTION('center_axis',(-3.74552245386968E-17,-1.,0.));
#7565=DIRECTION('ref_axis',(0.5,0.,0.866025403784438));
#7566=DIRECTION('center_axis',(0.99248517476981,-0.122364937225252,0.));
#7567=DIRECTION('ref_axis',(-0.122364937225252,-0.99248517476981,0.));
#7568=DIRECTION('center_axis',(0.,0.,-1.));
#7569=DIRECTION('ref_axis',(-1.,0.,0.));
#7570=DIRECTION('center_axis',(0.,0.,-1.));
#7571=DIRECTION('ref_axis',(-0.176397014513989,-0.984319101343945,0.));
#7572=DIRECTION('center_axis',(-3.74552245386968E-17,-1.,0.));
#7573=DIRECTION('ref_axis',(0.5,0.,0.866025403784438));
#7574=DIRECTION('',(3.74552245386968E-17,1.,0.));
#7575=DIRECTION('',(-3.74552245386968E-17,-1.,0.));
#7576=DIRECTION('center_axis',(0.304347826086932,0.95256096957421,0.));
#7577=DIRECTION('ref_axis',(-0.476280484787106,0.152173913043467,0.866025403784438));
#7578=DIRECTION('',(0.304347826086932,0.95256096957421,0.));
#7579=DIRECTION('center_axis',(0.,0.,1.));
#7580=DIRECTION('ref_axis',(1.,0.,0.));
#7581=DIRECTION('center_axis',(0.,0.,1.));
#7582=DIRECTION('ref_axis',(-0.279999096535646,-0.960000263509975,0.));
#7583=DIRECTION('center_axis',(1.31766250771596E-16,-3.84316885862531E-17,
-1.));
#7584=DIRECTION('ref_axis',(-0.279999096535646,-0.960000263509975,0.));
#7585=DIRECTION('center_axis',(0.,0.,1.));
#7586=DIRECTION('ref_axis',(-1.,0.,0.));
#7587=DIRECTION('center_axis',(0.,0.,-1.));
#7588=DIRECTION('ref_axis',(-1.,0.,0.));
#7589=DIRECTION('center_axis',(-0.391304347826067,-0.920261325587692,0.));
#7590=DIRECTION('ref_axis',(0.460130662793846,-0.195652173913034,0.866025403784439));
#7591=DIRECTION('center_axis',(-0.889078405662422,0.457754943812478,0.));
#7592=DIRECTION('ref_axis',(0.457754943812478,0.889078405662422,-8.48325179700544E-18));
#7593=DIRECTION('',(0.391304347826067,0.920261325587692,0.));
#7594=DIRECTION('center_axis',(0.521739130434877,0.853105081319446,0.));
#7595=DIRECTION('ref_axis',(-0.426552540659722,0.260869565217438,0.866025403784439));
#7596=DIRECTION('',(-0.521739130434877,-0.853105081319446,0.));
#7597=DIRECTION('center_axis',(0.,0.,1.));
#7598=DIRECTION('ref_axis',(-1.,0.,0.));
#7599=DIRECTION('center_axis',(-0.738810672520229,0.451839341105006,0.500000000000001));
#7600=DIRECTION('ref_axis',(-0.521739130434877,-0.853105081319446,0.));
#7601=DIRECTION('center_axis',(0.,0.,1.));
#7602=DIRECTION('ref_axis',(-1.,0.,0.));
#7603=DIRECTION('center_axis',(0.,0.,-1.));
#7604=DIRECTION('ref_axis',(-1.,0.,0.));
#7605=DIRECTION('center_axis',(0.,0.,1.));
#7606=DIRECTION('ref_axis',(-0.457754943812478,-0.889078405662422,0.));
#7607=DIRECTION('center_axis',(0.796969686079283,-0.338879505828676,0.500000000000001));
#7608=DIRECTION('ref_axis',(0.391304347826067,0.920261325587692,0.));
#7609=DIRECTION('center_axis',(0.,0.,-1.));
#7610=DIRECTION('ref_axis',(-1.,0.,0.));
#7611=DIRECTION('center_axis',(0.866025403784439,-3.24371759549617E-17,
0.5));
#7612=DIRECTION('ref_axis',(3.74552245386968E-17,1.,0.));
#7613=DIRECTION('center_axis',(-0.113803551823719,-0.968389395290357,-0.221970112135581));
#7614=DIRECTION('ref_axis',(0.441808361867948,-0.249443338434154,0.861732784739205));
#7615=DIRECTION('center_axis',(-0.563671134302155,0.318246601139078,0.762229593507066));
#7616=DIRECTION('ref_axis',(0.200453274318279,-0.842507260986563,0.5));
#7617=DIRECTION('center_axis',(0.304347826086971,-0.952560969574197,0.));
#7618=DIRECTION('ref_axis',(0.4762804847871,0.152173913043485,0.866025403784438));
#7619=DIRECTION('center_axis',(0.972843587849613,0.2314635037752,0.));
#7620=DIRECTION('ref_axis',(0.2314635037752,-0.972843587849613,0.));
#7621=DIRECTION('center_axis',(0.,0.,-1.));
#7622=DIRECTION('ref_axis',(-1.,0.,0.));
#7623=DIRECTION('center_axis',(0.,0.,1.));
#7624=DIRECTION('ref_axis',(0.176397014514009,-0.984319101343941,0.));
#7625=DIRECTION('center_axis',(0.,0.,1.));
#7626=DIRECTION('ref_axis',(-1.,0.,0.));
#7627=DIRECTION('center_axis',(0.,0.,-1.));
#7628=DIRECTION('ref_axis',(-1.,0.,0.));
#7629=DIRECTION('center_axis',(0.,0.,-1.));
#7630=DIRECTION('ref_axis',(0.176397014514009,-0.984319101343941,0.));
#7631=DIRECTION('center_axis',(-0.99248517476981,-0.122364937225252,0.));
#7632=DIRECTION('ref_axis',(0.122364937225252,-0.99248517476981,0.));
#7633=DIRECTION('center_axis',(0.304347826086971,-0.952560969574197,0.));
#7634=DIRECTION('ref_axis',(0.476280484787099,0.152173913043486,0.866025403784438));
#7635=DIRECTION('',(-0.304347826086971,0.952560969574198,0.));
#7636=DIRECTION('',(0.304347826086971,-0.952560969574197,0.));
#7637=DIRECTION('center_axis',(-0.435241478121769,-0.492198560430148,-0.753860353668282));
#7638=DIRECTION('ref_axis',(0.105971144169556,-0.859517374230094,0.5));
#7639=DIRECTION('center_axis',(0.132423618741778,-0.927922829733187,-0.348458329301061));
#7640=DIRECTION('ref_axis',(-0.329635232583424,-0.372772346157753,0.867399211078565));
#7641=DIRECTION('center_axis',(-1.87276122693484E-17,-1.,0.));
#7642=DIRECTION('ref_axis',(-0.5,0.,0.866025403784439));
#7643=DIRECTION('center_axis',(0.,0.,1.));
#7644=DIRECTION('ref_axis',(-1.,0.,0.));
#7645=DIRECTION('',(-1.87276122693484E-17,-1.,0.));
#7646=DIRECTION('center_axis',(0.,0.,-1.));
#7647=DIRECTION('ref_axis',(-1.,0.,0.));
#7648=DIRECTION('',(-0.521739130434688,0.853105081319562,0.));
#7649=DIRECTION('center_axis',(0.,0.,1.));
#7650=DIRECTION('ref_axis',(-1.,0.,0.));
#7651=DIRECTION('',(0.391304347826106,-0.920261325587675,0.));
#7652=DIRECTION('center_axis',(0.,0.,1.));
#7653=DIRECTION('ref_axis',(-1.,0.,0.));
#7654=DIRECTION('',(-0.304347826086971,0.952560969574197,0.));
#7655=DIRECTION('center_axis',(-0.866025403784439,1.62185879774808E-17,
0.5));
#7656=DIRECTION('ref_axis',(-1.87276122693484E-17,-1.,0.));
#7657=DIRECTION('',(-1.87276122693484E-17,-1.,0.));
#7658=DIRECTION('center_axis',(-0.45410445000679,0.881988203237689,-0.126039509018341));
#7659=DIRECTION('ref_axis',(-0.796969686079269,-0.338879505828711,0.499999999999999));
#7660=DIRECTION('center_axis',(-0.489225763987173,0.869865165626726,-0.0631881751624104));
#7661=DIRECTION('ref_axis',(-0.463483486244425,-0.197928783806551,0.863717114870125));
#7662=DIRECTION('',(-0.45410445000679,0.881988203237689,-0.126039509018341));
#7663=DIRECTION('',(0.45410445000679,-0.881988203237689,0.126039509018341));
#7664=DIRECTION('center_axis',(0.738810672520329,0.451839341104842,0.500000000000001));
#7665=DIRECTION('ref_axis',(-0.521739130434688,0.853105081319562,0.));
#7666=DIRECTION('',(-0.521739130434688,0.853105081319562,2.7755575615629E-17));
#7667=DIRECTION('',(-0.521739130434688,0.853105081319562,2.7755575615629E-17));
#7668=DIRECTION('center_axis',(0.521739130434688,-0.853105081319562,0.));
#7669=DIRECTION('ref_axis',(0.42655254065978,0.260869565217344,0.866025403784439));
#7670=DIRECTION('center_axis',(0.521739130434688,-0.853105081319562,0.));
#7671=DIRECTION('ref_axis',(0.42655254065978,0.260869565217344,0.866025403784439));
#7672=DIRECTION('center_axis',(1.87276122693484E-17,1.,0.));
#7673=DIRECTION('ref_axis',(-0.5,0.,0.866025403784439));
#7674=DIRECTION('',(1.87276122693484E-17,1.,0.));
#7675=DIRECTION('center_axis',(0.,0.,1.));
#7676=DIRECTION('ref_axis',(1.,0.,0.));
#7677=DIRECTION('center_axis',(0.,0.,-1.));
#7678=DIRECTION('ref_axis',(-1.,0.,0.));
#7679=DIRECTION('center_axis',(0.,0.,-1.));
#7680=DIRECTION('ref_axis',(0.300122742200538,-0.953900592102777,0.));
#7681=DIRECTION('center_axis',(0.,0.,1.));
#7682=DIRECTION('ref_axis',(0.300122742200538,-0.953900592102777,0.));
#7683=DIRECTION('center_axis',(0.,0.,-1.));
#7684=DIRECTION('ref_axis',(-1.,0.,0.));
#7685=DIRECTION('center_axis',(-2.13563180157507E-17,-6.66863824245258E-17,
1.));
#7686=DIRECTION('ref_axis',(0.457754943812398,-0.889078405662463,-4.95134624120551E-17));
#7687=DIRECTION('center_axis',(0.,0.,-1.));
#7688=DIRECTION('ref_axis',(-1.,0.,0.));
#7689=DIRECTION('center_axis',(-0.796969686079269,-0.33887950582871,0.5));
#7690=DIRECTION('ref_axis',(0.391304347826106,-0.920261325587675,0.));
#7691=DIRECTION('center_axis',(0.,0.,1.));
#7692=DIRECTION('ref_axis',(-1.,0.,0.));
#7693=DIRECTION('center_axis',(0.,0.,-1.));
#7694=DIRECTION('ref_axis',(-1.,0.,0.));
#7695=DIRECTION('center_axis',(0.824941998304791,0.263572948977885,0.5));
#7696=DIRECTION('ref_axis',(-0.304347826086971,0.952560969574197,0.));
#7697=DIRECTION('center_axis',(0.,0.,1.));
#7698=DIRECTION('ref_axis',(-1.,0.,0.));
#7699=DIRECTION('axis',(0.,0.,1.));
#7700=DIRECTION('refdir',(1.,0.,0.));
#7701=DIRECTION('center_axis',(0.,-1.,0.));
#7702=DIRECTION('ref_axis',(1.,0.,0.));
#7703=DIRECTION('center_axis',(9.79717439317883E-16,-1.,0.));
#7704=DIRECTION('ref_axis',(1.,9.79717439317883E-16,0.));
#7705=DIRECTION('center_axis',(-9.79717439317883E-16,1.,0.));
#7706=DIRECTION('ref_axis',(0.,0.,1.));
#7707=DIRECTION('center_axis',(0.,1.,0.));
#7708=DIRECTION('ref_axis',(0.,0.,1.));
#7709=DIRECTION('center_axis',(0.,-1.,0.));
#7710=DIRECTION('ref_axis',(1.,0.,0.));
#7711=DIRECTION('center_axis',(9.79717439317883E-16,-1.,0.));
#7712=DIRECTION('ref_axis',(1.,9.79717439317883E-16,0.));
#7713=DIRECTION('center_axis',(-9.79717439317883E-16,1.,0.));
#7714=DIRECTION('ref_axis',(0.,0.,1.));
#7715=DIRECTION('center_axis',(0.,1.,0.));
#7716=DIRECTION('ref_axis',(0.,0.,1.));
#7717=DIRECTION('center_axis',(0.,-1.,0.));
#7718=DIRECTION('ref_axis',(1.,0.,0.));
#7719=DIRECTION('center_axis',(7.34788079488412E-16,-1.,0.));
#7720=DIRECTION('ref_axis',(1.,7.34788079488412E-16,0.));
#7721=DIRECTION('center_axis',(-7.34788079488412E-16,1.,0.));
#7722=DIRECTION('ref_axis',(0.,0.,1.));
#7723=DIRECTION('center_axis',(0.,1.,0.));
#7724=DIRECTION('ref_axis',(0.,0.,1.));
#7725=DIRECTION('center_axis',(0.494117044751664,0.869393829777795,-0.00164767417293148));
#7726=DIRECTION('ref_axis',(0.356369824217616,-0.204269518579178,-0.911742569021835));
#7727=DIRECTION('center_axis',(0.494117044751666,0.869393829777794,-0.00164767417292333));
#7728=DIRECTION('ref_axis',(0.356369824217618,-0.204269518579174,-0.911742569021835));
#7729=DIRECTION('',(-0.494117044751664,-0.869393829777795,0.00164767417293148));
#7730=DIRECTION('center_axis',(0.494117044751666,0.869393829777794,-0.00164767417292333));
#7731=DIRECTION('ref_axis',(0.356369824217618,-0.204269518579174,-0.911742569021835));
#7732=DIRECTION('center_axis',(0.494117044751666,0.869393829777794,-0.00164767417292333));
#7733=DIRECTION('ref_axis',(0.356369824217618,-0.204269518579174,-0.911742569021835));
#7734=DIRECTION('center_axis',(-0.869371579797552,0.494116650834384,0.00646464295384027));
#7735=DIRECTION('ref_axis',(0.00743578969385045,0.,0.999972354133667));
#7736=DIRECTION('center_axis',(0.869371579797552,-0.494116650834384,-0.00646464295384027));
#7737=DIRECTION('ref_axis',(0.00743578969385069,1.09153428057793E-16,0.999972354133667));
#7738=DIRECTION('center_axis',(0.0056774695055661,-0.00309375769740847,
0.9999790972832));
#7739=DIRECTION('ref_axis',(0.811414287330689,0.584464731096389,-0.00279864611131648));
#7740=DIRECTION('center_axis',(0.0056774695055661,-0.00309375769740847,
0.9999790972832));
#7741=DIRECTION('ref_axis',(0.811414287330689,0.584464731096389,-0.00279864611131648));
#7742=DIRECTION('center_axis',(0.00567746950556662,-0.00309375769740081,
0.9999790972832));
#7743=DIRECTION('ref_axis',(0.811414287330689,0.584464731096388,-0.0027986461113194));
#7744=DIRECTION('',(-0.00567746950556662,0.0030937576974008,-0.9999790972832));
#7745=DIRECTION('center_axis',(0.0056774695055661,-0.00309375769740847,
0.9999790972832));
#7746=DIRECTION('ref_axis',(0.811414287330689,0.584464731096388,-0.00279864611131648));
#7747=DIRECTION('center_axis',(0.0056774695055661,-0.00309375769740847,
0.9999790972832));
#7748=DIRECTION('ref_axis',(0.811414287330689,0.584464731096388,-0.00279864611131648));
#7749=DIRECTION('center_axis',(-0.813056306768926,-0.582178252391326,0.00281504278043112));
#7750=DIRECTION('ref_axis',(0.00346227670147691,0.,0.999994006302059));
#7751=DIRECTION('center_axis',(0.813056306768926,0.582178252391326,-0.00281504278043112));
#7752=DIRECTION('ref_axis',(0.00346227670147697,6.03583973003263E-17,0.999994006302059));
#7753=DIRECTION('center_axis',(0.582180559130878,-0.813059528306543,-4.10808137989051E-17));
#7754=DIRECTION('ref_axis',(0.813059528306542,0.582180559130879,-7.11450752423467E-34));
#7755=DIRECTION('center_axis',(0.582180559130878,-0.813059528306543,-4.10808137989051E-17));
#7756=DIRECTION('ref_axis',(0.813059528306542,0.582180559130879,-7.11450752423467E-34));
#7757=DIRECTION('center_axis',(0.582180559130878,-0.813059528306543,-3.12996676563086E-17));
#7758=DIRECTION('ref_axis',(0.813059528306543,0.582180559130878,-6.24407085147211E-32));
#7759=DIRECTION('',(-0.582180559130878,0.813059528306543,3.12996676563086E-17));
#7760=DIRECTION('center_axis',(0.582180559130878,-0.813059528306543,-4.10808137989051E-17));
#7761=DIRECTION('ref_axis',(0.813059528306542,0.582180559130879,0.));
#7762=DIRECTION('center_axis',(0.494117044751666,0.869393829777794,-0.00164767417292326));
#7763=DIRECTION('ref_axis',(0.792999933463417,-0.449920362423988,0.410758777146982));
#7764=DIRECTION('center_axis',(0.582180559130878,-0.813059528306543,-4.10808137989051E-17));
#7765=DIRECTION('ref_axis',(-7.05636991043355E-17,0.,-1.));
#7766=DIRECTION('axis',(0.,0.,1.));
#7767=DIRECTION('refdir',(1.,0.,0.));
#7768=DIRECTION('center_axis',(0.961523947640823,0.,-0.274721127897379));
#7769=DIRECTION('ref_axis',(-0.274721127897379,0.,-0.961523947640823));
#7770=DIRECTION('',(0.,1.,0.));
#7771=DIRECTION('',(0.26490647141301,0.26490647141301,0.92717264994553));
#7772=DIRECTION('',(0.,-1.,0.));
#7773=DIRECTION('',(0.26490647141301,-0.26490647141301,0.92717264994553));
#7774=DIRECTION('center_axis',(0.,0.961523947640823,-0.274721127897378));
#7775=DIRECTION('ref_axis',(0.,0.274721127897378,0.961523947640823));
#7776=DIRECTION('',(1.,0.,0.));
#7777=DIRECTION('',(-1.,0.,0.));
#7778=DIRECTION('',(-0.264906471413009,0.264906471413009,0.927172649945531));
#7779=DIRECTION('center_axis',(-0.961523947640823,0.,-0.274721127897378));
#7780=DIRECTION('ref_axis',(-0.274721127897378,0.,0.961523947640823));
#7781=DIRECTION('',(0.,1.,0.));
#7782=DIRECTION('',(0.,-1.,0.));
#7783=DIRECTION('',(-0.264906471413009,-0.264906471413009,0.927172649945531));
#7784=DIRECTION('center_axis',(0.,-0.961523947640823,-0.274721127897378));
#7785=DIRECTION('ref_axis',(0.,0.274721127897378,-0.961523947640823));
#7786=DIRECTION('',(-1.,0.,0.));
#7787=DIRECTION('',(1.,0.,0.));
#7788=DIRECTION('center_axis',(0.,-1.,0.));
#7789=DIRECTION('ref_axis',(0.,0.,-1.));
#7790=DIRECTION('',(-3.79239291076057E-16,0.,1.));
#7791=DIRECTION('',(1.,0.,0.));
#7792=DIRECTION('',(3.3183437969155E-16,0.,-1.));
#7793=DIRECTION('center_axis',(1.,0.,3.79239291076057E-16));
#7794=DIRECTION('ref_axis',(-3.79239291076057E-16,0.,1.));
#7795=DIRECTION('',(3.79239291076057E-16,0.,-1.));
#7796=DIRECTION('',(0.,1.,0.));
#7797=DIRECTION('center_axis',(0.,0.,-1.));
#7798=DIRECTION('ref_axis',(1.,0.,0.));
#7799=DIRECTION('center_axis',(1.,3.79239291076057E-16,2.32217091963602E-32));
#7800=DIRECTION('ref_axis',(-3.79239291076057E-16,1.,6.12323399573677E-17));
#7801=DIRECTION('',(0.,6.12323399573677E-17,-1.));
#7802=DIRECTION('',(3.79239291076057E-16,-1.,-6.12323399573677E-17));
#7803=DIRECTION('',(0.,-6.12323399573677E-17,1.));
#7804=DIRECTION('',(-3.79239291076057E-16,1.,6.12323399573677E-17));
#7805=DIRECTION('center_axis',(-1.,0.,0.));
#7806=DIRECTION('ref_axis',(0.,-1.,0.));
#7807=DIRECTION('',(1.,0.,0.));
#7808=DIRECTION('center_axis',(1.,0.,0.));
#7809=DIRECTION('ref_axis',(0.,0.,1.));
#7810=DIRECTION('center_axis',(-1.,0.,0.));
#7811=DIRECTION('ref_axis',(0.,-1.,0.));
#7812=DIRECTION('center_axis',(-1.,0.,0.));
#7813=DIRECTION('ref_axis',(0.,0.,1.));
#7814=DIRECTION('',(0.,-6.12323399573677E-17,1.));
#7815=DIRECTION('center_axis',(-1.,0.,0.));
#7816=DIRECTION('ref_axis',(0.,-1.,0.));
#7817=DIRECTION('',(0.,-1.,0.));
#7818=DIRECTION('center_axis',(0.,-6.12323399573677E-17,1.));
#7819=DIRECTION('ref_axis',(-1.,0.,0.));
#7820=DIRECTION('',(-1.,0.,0.));
#7821=DIRECTION('',(-3.3183437969155E-16,1.,6.12323399573677E-17));
#7822=DIRECTION('',(1.,0.,0.));
#7823=DIRECTION('center_axis',(0.,-6.12323399573677E-17,1.));
#7824=DIRECTION('ref_axis',(0.,-1.,-6.12323399573677E-17));
#7825=DIRECTION('',(-1.,0.,0.));
#7826=DIRECTION('',(3.3183437969155E-16,-1.,-6.12323399573677E-17));
#7827=DIRECTION('center_axis',(-1.,0.,-3.3183437969155E-16));
#7828=DIRECTION('ref_axis',(3.3183437969155E-16,0.,-1.));
#7829=DIRECTION('',(-3.3183437969155E-16,0.,1.));
#7830=DIRECTION('center_axis',(0.,-1.,0.));
#7831=DIRECTION('ref_axis',(-1.,0.,0.));
#7832=DIRECTION('',(-1.,0.,0.));
#7833=DIRECTION('center_axis',(1.,0.,0.));
#7834=DIRECTION('ref_axis',(0.,0.,-1.));
#7835=DIRECTION('center_axis',(1.,0.,0.));
#7836=DIRECTION('ref_axis',(0.,0.,1.));
#7837=DIRECTION('center_axis',(0.,1.,6.12323399573677E-17));
#7838=DIRECTION('ref_axis',(-1.,0.,0.));
#7839=DIRECTION('',(0.,-6.12323399573677E-17,1.));
#7840=DIRECTION('center_axis',(-1.,-3.3183437969155E-16,-2.03189955468152E-32));
#7841=DIRECTION('ref_axis',(3.3183437969155E-16,-1.,-6.12323399573677E-17));
#7842=DIRECTION('center_axis',(-1.,0.,0.));
#7843=DIRECTION('ref_axis',(0.,-1.,0.));
#7844=DIRECTION('center_axis',(0.961523947640823,0.,-0.274721127897379));
#7845=DIRECTION('ref_axis',(-0.274721127897379,0.,-0.961523947640823));
#7846=DIRECTION('',(0.,1.,0.));
#7847=DIRECTION('',(0.26490647141301,0.26490647141301,0.92717264994553));
#7848=DIRECTION('',(0.,-1.,0.));
#7849=DIRECTION('',(0.26490647141301,-0.26490647141301,0.92717264994553));
#7850=DIRECTION('center_axis',(0.,0.961523947640823,-0.274721127897378));
#7851=DIRECTION('ref_axis',(0.,0.274721127897378,0.961523947640823));
#7852=DIRECTION('',(1.,0.,0.));
#7853=DIRECTION('',(-1.,0.,0.));
#7854=DIRECTION('',(-0.264906471413006,0.264906471413009,0.927172649945531));
#7855=DIRECTION('center_axis',(-0.961523947640824,0.,-0.274721127897376));
#7856=DIRECTION('ref_axis',(-0.274721127897376,0.,0.961523947640824));
#7857=DIRECTION('',(0.,1.,0.));
#7858=DIRECTION('',(0.,-1.,0.));
#7859=DIRECTION('',(-0.264906471413006,-0.264906471413009,0.927172649945531));
#7860=DIRECTION('center_axis',(0.,-0.961523947640823,-0.274721127897378));
#7861=DIRECTION('ref_axis',(0.,0.274721127897378,-0.961523947640823));
#7862=DIRECTION('',(-1.,0.,0.));
#7863=DIRECTION('',(1.,0.,0.));
#7864=DIRECTION('center_axis',(0.,-1.,0.));
#7865=DIRECTION('ref_axis',(0.,0.,-1.));
#7866=DIRECTION('',(-3.79239291076057E-16,0.,1.));
#7867=DIRECTION('',(1.,0.,0.));
#7868=DIRECTION('',(3.3183437969155E-16,0.,-1.));
#7869=DIRECTION('center_axis',(1.,0.,3.79239291076057E-16));
#7870=DIRECTION('ref_axis',(-3.79239291076057E-16,0.,1.));
#7871=DIRECTION('',(3.79239291076057E-16,0.,-1.));
#7872=DIRECTION('',(0.,1.,0.));
#7873=DIRECTION('center_axis',(0.,0.,-1.));
#7874=DIRECTION('ref_axis',(1.,0.,0.));
#7875=DIRECTION('center_axis',(1.,3.79239291076057E-16,2.32217091963602E-32));
#7876=DIRECTION('ref_axis',(-3.79239291076057E-16,1.,6.12323399573677E-17));
#7877=DIRECTION('',(0.,6.12323399573677E-17,-1.));
#7878=DIRECTION('',(3.79239291076057E-16,-1.,-6.12323399573677E-17));
#7879=DIRECTION('',(0.,-6.12323399573677E-17,1.));
#7880=DIRECTION('',(-3.79239291076057E-16,1.,6.12323399573677E-17));
#7881=DIRECTION('center_axis',(-1.,0.,0.));
#7882=DIRECTION('ref_axis',(0.,-1.,0.));
#7883=DIRECTION('',(1.,0.,0.));
#7884=DIRECTION('center_axis',(1.,0.,0.));
#7885=DIRECTION('ref_axis',(0.,0.,1.));
#7886=DIRECTION('center_axis',(-1.,0.,0.));
#7887=DIRECTION('ref_axis',(0.,-1.,0.));
#7888=DIRECTION('center_axis',(-1.,0.,0.));
#7889=DIRECTION('ref_axis',(0.,0.,1.));
#7890=DIRECTION('',(0.,-6.12323399573677E-17,1.));
#7891=DIRECTION('center_axis',(-1.,0.,0.));
#7892=DIRECTION('ref_axis',(0.,-1.,0.));
#7893=DIRECTION('',(0.,-1.,0.));
#7894=DIRECTION('center_axis',(0.,-6.12323399573677E-17,1.));
#7895=DIRECTION('ref_axis',(-1.,0.,0.));
#7896=DIRECTION('',(-1.,0.,0.));
#7897=DIRECTION('',(-3.3183437969155E-16,1.,6.12323399573677E-17));
#7898=DIRECTION('',(1.,0.,0.));
#7899=DIRECTION('center_axis',(0.,-6.12323399573677E-17,1.));
#7900=DIRECTION('ref_axis',(0.,-1.,-6.12323399573677E-17));
#7901=DIRECTION('',(-1.,0.,0.));
#7902=DIRECTION('',(3.3183437969155E-16,-1.,-6.12323399573677E-17));
#7903=DIRECTION('center_axis',(-1.,0.,-3.3183437969155E-16));
#7904=DIRECTION('ref_axis',(3.3183437969155E-16,0.,-1.));
#7905=DIRECTION('',(-3.3183437969155E-16,0.,1.));
#7906=DIRECTION('center_axis',(0.,-1.,0.));
#7907=DIRECTION('ref_axis',(-1.,0.,0.));
#7908=DIRECTION('',(-1.,0.,0.));
#7909=DIRECTION('center_axis',(1.,0.,0.));
#7910=DIRECTION('ref_axis',(0.,0.,-1.));
#7911=DIRECTION('center_axis',(1.,0.,0.));
#7912=DIRECTION('ref_axis',(0.,0.,1.));
#7913=DIRECTION('center_axis',(0.,1.,6.12323399573677E-17));
#7914=DIRECTION('ref_axis',(-1.,0.,0.));
#7915=DIRECTION('',(0.,-6.12323399573677E-17,1.));
#7916=DIRECTION('center_axis',(-1.,-3.3183437969155E-16,-2.03189955468152E-32));
#7917=DIRECTION('ref_axis',(3.3183437969155E-16,-1.,-6.12323399573677E-17));
#7918=DIRECTION('center_axis',(-1.,0.,0.));
#7919=DIRECTION('ref_axis',(0.,-1.,0.));
#7920=DIRECTION('',(0.,0.,1.));
#7921=DIRECTION('',(1.,0.,0.));
#7922=DIRECTION('',(0.,0.,1.));
#7923=DIRECTION('',(1.,0.,0.));
#7924=DIRECTION('',(0.,0.,1.));
#7925=DIRECTION('',(1.,0.,0.));
#7926=DIRECTION('',(0.,0.,1.));
#7927=DIRECTION('',(1.,0.,0.));
#7928=DIRECTION('',(0.,0.,1.));
#7929=DIRECTION('',(1.,0.,0.));
#7930=DIRECTION('',(0.,0.,1.));
#7931=DIRECTION('',(1.,0.,0.));
#7932=CARTESIAN_POINT('',(0.,0.,0.));
#7933=CARTESIAN_POINT('',(0.,0.,0.));
#7934=CARTESIAN_POINT('Origin',(-0.5,-11.4891252930761,4.2));
#7935=CARTESIAN_POINT('',(-0.5,-11.4891252930761,2.));
#7936=CARTESIAN_POINT('',(-0.5,-10.7884197174563,2.));
#7937=CARTESIAN_POINT('',(-0.5,-5.74456264653803,2.));
#7938=CARTESIAN_POINT('',(-0.5,-11.4891252930761,0.));
#7939=CARTESIAN_POINT('',(-0.5,-11.4891252930761,0.));
#7940=CARTESIAN_POINT('',(-0.5,-10.7884197174563,0.));
#7941=CARTESIAN_POINT('',(-0.5,-5.74456264653803,0.));
#7942=CARTESIAN_POINT('',(-0.5,-10.7884197174563,0.));
#7943=CARTESIAN_POINT('Origin',(0.5,-10.7884197174563,4.2));
#7944=CARTESIAN_POINT('',(0.5,-10.7884197174563,2.));
#7945=CARTESIAN_POINT('',(0.5,-11.4891252930761,2.));
#7946=CARTESIAN_POINT('',(0.5,-5.39420985872815,2.));
#7947=CARTESIAN_POINT('',(0.5,-10.7884197174563,0.));
#7948=CARTESIAN_POINT('',(0.5,-10.7884197174563,0.));
#7949=CARTESIAN_POINT('',(0.5,-11.4891252930761,0.));
#7950=CARTESIAN_POINT('',(0.5,-5.39420985872815,0.));
#7951=CARTESIAN_POINT('',(0.5,-11.4891252930761,0.));
#7952=CARTESIAN_POINT('Origin',(0.,0.,2.));
#7953=CARTESIAN_POINT('Origin',(0.,0.,2.));
#7954=CARTESIAN_POINT('Origin',(0.,0.,2.));
#7955=CARTESIAN_POINT('Origin',(0.,0.,0.));
#7956=CARTESIAN_POINT('Origin',(0.,0.,0.));
#7957=CARTESIAN_POINT('Origin',(0.,0.,0.));
#7958=CARTESIAN_POINT('Origin',(0.,0.,0.));
#7959=CARTESIAN_POINT('Origin',(0.,0.,0.));
#7960=CARTESIAN_POINT('Origin',(0.5,-10.7884197174563,4.2));
#7961=CARTESIAN_POINT('',(0.5,-11.4891252930761,2.));
#7962=CARTESIAN_POINT('',(0.5,-10.7884197174563,2.));
#7963=CARTESIAN_POINT('',(0.5,-5.39420985872815,2.));
#7964=CARTESIAN_POINT('',(0.5,-11.4891252930761,4.2));
#7965=CARTESIAN_POINT('',(0.5,-11.4891252930761,2.));
#7966=CARTESIAN_POINT('',(0.5,-10.7884197174563,4.2));
#7967=CARTESIAN_POINT('',(0.5,-5.39420985872815,4.2));
#7968=CARTESIAN_POINT('',(0.5,-10.7884197174563,2.));
#7969=CARTESIAN_POINT('Origin',(-0.5,-11.4891252930761,4.2));
#7970=CARTESIAN_POINT('',(-0.5,-10.7884197174563,2.));
#7971=CARTESIAN_POINT('',(-0.5,-11.4891252930761,2.));
#7972=CARTESIAN_POINT('',(-0.5,-5.74456264653803,2.));
#7973=CARTESIAN_POINT('',(-0.5,-10.7884197174563,4.2));
#7974=CARTESIAN_POINT('',(-0.5,-10.7884197174563,2.));
#7975=CARTESIAN_POINT('',(-0.5,-11.4891252930761,4.2));
#7976=CARTESIAN_POINT('',(-0.5,-5.74456264653803,4.2));
#7977=CARTESIAN_POINT('',(-0.5,-11.4891252930761,2.));
#7978=CARTESIAN_POINT('Origin',(0.,0.,4.2));
#7979=CARTESIAN_POINT('Origin',(0.,0.,4.2));
#7980=CARTESIAN_POINT('Origin',(0.,0.,4.2));
#7981=CARTESIAN_POINT('Origin',(0.,0.,2.));
#7982=CARTESIAN_POINT('Origin',(0.,0.,2.));
#7983=CARTESIAN_POINT('Origin',(0.,0.,2.));
#7984=CARTESIAN_POINT('Origin',(0.,0.,2.));
#7985=CARTESIAN_POINT('Origin',(0.,0.,2.));
#7986=CARTESIAN_POINT('Origin',(0.5,-10.7884197174563,4.2));
#7987=CARTESIAN_POINT('',(0.5,-10.7884197174563,2.5));
#7988=CARTESIAN_POINT('',(0.5,-11.4891252930761,2.5));
#7989=CARTESIAN_POINT('',(0.5,-5.39420985872815,2.5));
#7990=CARTESIAN_POINT('',(0.5,-10.7884197174563,2.));
#7991=CARTESIAN_POINT('',(0.5,-10.7884197174563,4.2));
#7992=CARTESIAN_POINT('',(0.5,-11.4891252930761,2.));
#7993=CARTESIAN_POINT('',(0.5,-5.39420985872815,2.));
#7994=CARTESIAN_POINT('',(0.5,-11.4891252930761,2.));
#7995=CARTESIAN_POINT('Origin',(0.,0.,4.2));
#7996=CARTESIAN_POINT('',(-0.5,-10.7884197174563,2.5));
#7997=CARTESIAN_POINT('Origin',(0.,0.,2.5));
#7998=CARTESIAN_POINT('',(-0.5,-10.7884197174563,2.));
#7999=CARTESIAN_POINT('',(-0.5,-10.7884197174563,4.2));
#8000=CARTESIAN_POINT('Origin',(0.,0.,2.));
#8001=CARTESIAN_POINT('Origin',(-0.5,-11.4891252930761,4.2));
#8002=CARTESIAN_POINT('',(-0.5,-11.4891252930761,2.5));
#8003=CARTESIAN_POINT('',(-0.5,-5.74456264653803,2.5));
#8004=CARTESIAN_POINT('',(-0.5,-11.4891252930761,2.));
#8005=CARTESIAN_POINT('',(-0.5,-11.4891252930761,2.));
#8006=CARTESIAN_POINT('',(-0.5,-5.74456264653803,2.));
#8007=CARTESIAN_POINT('Origin',(0.,0.,2.));
#8008=CARTESIAN_POINT('Origin',(0.,0.,2.));
#8009=CARTESIAN_POINT('Origin',(0.,0.,2.5));
#8010=CARTESIAN_POINT('Origin',(0.,0.,2.));
#8011=CARTESIAN_POINT('',(10.1,1.23689326713883E-15,2.));
#8012=CARTESIAN_POINT('Origin',(0.,0.,2.));
#8013=CARTESIAN_POINT('Origin',(0.,0.,2.));
#8014=CARTESIAN_POINT('',(10.1,1.23689326713883E-15,2.5));
#8015=CARTESIAN_POINT('Origin',(0.,0.,2.5));
#8016=CARTESIAN_POINT('',(10.1,1.23689326713883E-15,2.));
#8017=CARTESIAN_POINT('Origin',(0.,0.,2.5));
#8018=CARTESIAN_POINT('Origin',(0.,0.,2.5));
#8019=CARTESIAN_POINT('',(6.,7.34788079488412E-16,3.5));
#8020=CARTESIAN_POINT('Origin',(0.,0.,3.5));
#8021=CARTESIAN_POINT('',(6.,7.34788079488412E-16,2.5));
#8022=CARTESIAN_POINT('',(6.,7.34788079488412E-16,2.5));
#8023=CARTESIAN_POINT('Origin',(0.,0.,2.5));
#8024=CARTESIAN_POINT('Origin',(0.,0.,2.5));
#8025=CARTESIAN_POINT('',(10.8,1.32261854307914E-15,3.5));
#8026=CARTESIAN_POINT('Origin',(0.,0.,3.5));
#8027=CARTESIAN_POINT('',(10.8,1.32261854307914E-15,2.5));
#8028=CARTESIAN_POINT('',(10.8,1.32261854307914E-15,2.5));
#8029=CARTESIAN_POINT('Origin',(0.,0.,2.5));
#8030=CARTESIAN_POINT('Origin',(0.,0.,3.5));
#8031=CARTESIAN_POINT('Origin',(0.,0.,2.5));
#8032=CARTESIAN_POINT('Origin',(0.,0.,5.));
#8033=CARTESIAN_POINT('',(7.5,9.18485099360515E-16,5.3));
#8034=CARTESIAN_POINT('Origin',(0.,0.,5.3));
#8035=CARTESIAN_POINT('',(7.2,-8.81745695386094E-16,5.));
#8036=CARTESIAN_POINT('Origin',(7.5,-9.18485099360515E-16,5.));
#8037=CARTESIAN_POINT('Origin',(0.,0.,5.));
#8038=CARTESIAN_POINT('Origin',(0.,0.,5.3));
#8039=CARTESIAN_POINT('',(-7.6,-9.30731567351989E-16,5.3));
#8040=CARTESIAN_POINT('Origin',(0.,0.,5.3));
#8041=CARTESIAN_POINT('Origin',(0.,0.,3.5));
#8042=CARTESIAN_POINT('',(7.2,8.81745695386094E-16,3.5));
#8043=CARTESIAN_POINT('',(7.2,8.81745695386094E-16,3.5));
#8044=CARTESIAN_POINT('Origin',(0.,0.,3.5));
#8045=CARTESIAN_POINT('Origin',(0.,0.,5.1));
#8046=CARTESIAN_POINT('',(-7.8,-9.55224503334935E-16,5.1));
#8047=CARTESIAN_POINT('Origin',(-7.6,-9.30731567351989E-16,5.1));
#8048=CARTESIAN_POINT('',(7.8,9.55224503334935E-16,5.1));
#8049=CARTESIAN_POINT('Origin',(0.,0.,5.1));
#8050=CARTESIAN_POINT('Origin',(0.,0.,5.1));
#8051=CARTESIAN_POINT('Origin',(0.,0.,3.5));
#8052=CARTESIAN_POINT('',(7.8,9.55224503334935E-16,3.5));
#8053=CARTESIAN_POINT('',(7.8,9.55224503334935E-16,3.5));
#8054=CARTESIAN_POINT('Origin',(0.,0.,3.5));
#8055=CARTESIAN_POINT('Origin',(0.,0.,3.5));
#8056=CARTESIAN_POINT('Origin',(0.,0.,3.5));
#8057=CARTESIAN_POINT('',(7.8,9.55224503334935E-16,4.2));
#8058=CARTESIAN_POINT('Origin',(0.,0.,4.2));
#8059=CARTESIAN_POINT('',(7.8,9.55224503334935E-16,3.5));
#8060=CARTESIAN_POINT('',(7.8,9.55224503334935E-16,3.5));
#8061=CARTESIAN_POINT('Origin',(0.,0.,3.5));
#8062=CARTESIAN_POINT('Origin',(0.,0.,3.5));
#8063=CARTESIAN_POINT('',(10.8,1.32261854307914E-15,4.2));
#8064=CARTESIAN_POINT('Origin',(0.,0.,4.2));
#8065=CARTESIAN_POINT('',(10.8,1.32261854307914E-15,3.5));
#8066=CARTESIAN_POINT('',(10.8,1.32261854307914E-15,3.5));
#8067=CARTESIAN_POINT('Origin',(0.,0.,3.5));
#8068=CARTESIAN_POINT('Origin',(0.,0.,4.2));
#8069=CARTESIAN_POINT('Origin',(0.,0.,3.5));
#8070=CARTESIAN_POINT('Origin',(0.,0.,3.5));
#8071=CARTESIAN_POINT('',(6.,7.34788079488412E-16,4.8));
#8072=CARTESIAN_POINT('Origin',(0.,0.,4.8));
#8073=CARTESIAN_POINT('',(6.,7.34788079488412E-16,3.5));
#8074=CARTESIAN_POINT('',(6.,7.34788079488412E-16,3.5));
#8075=CARTESIAN_POINT('Origin',(0.,0.,3.5));
#8076=CARTESIAN_POINT('Origin',(0.,0.,3.5));
#8077=CARTESIAN_POINT('',(7.2,8.81745695386094E-16,4.8));
#8078=CARTESIAN_POINT('Origin',(0.,0.,4.8));
#8079=CARTESIAN_POINT('',(7.2,8.81745695386094E-16,3.5));
#8080=CARTESIAN_POINT('',(7.2,8.81745695386094E-16,3.5));
#8081=CARTESIAN_POINT('Origin',(0.,0.,3.5));
#8082=CARTESIAN_POINT('Origin',(0.,0.,4.8));
#8083=CARTESIAN_POINT('Origin',(0.,0.,3.5));
#8084=CARTESIAN_POINT('',(0.,0.,0.));
#8085=CARTESIAN_POINT('Origin',(-0.889558915007467,1.92376325520235,7.3));
#8086=CARTESIAN_POINT('',(-0.889558915007467,1.92376325520235,7.3));
#8087=CARTESIAN_POINT('',(-1.20293858059581,1.49253140754856,7.3));
#8088=CARTESIAN_POINT('',(-1.19327964780465,1.50582275951319,7.3));
#8089=CARTESIAN_POINT('',(-0.889558915007467,1.92376325520235,7.2));
#8090=CARTESIAN_POINT('',(-0.889558915007467,1.92376325520235,7.3));
#8091=CARTESIAN_POINT('',(-1.20293858059581,1.49253140754856,7.2));
#8092=CARTESIAN_POINT('',(-0.889558915007467,1.92376325520235,7.2));
#8093=CARTESIAN_POINT('',(-1.20293858059581,1.49253140754856,7.3));
#8094=CARTESIAN_POINT('Origin',(-0.902951828845694,1.54208287365593,7.3));
#8095=CARTESIAN_POINT('',(-0.902951828845694,1.54208287365593,7.3));
#8096=CARTESIAN_POINT('',(-0.929418693538022,0.787812134955958,7.3));
#8097=CARTESIAN_POINT('',(-0.902951828845694,1.54208287365593,7.2));
#8098=CARTESIAN_POINT('',(-0.902951828845694,1.54208287365593,7.3));
#8099=CARTESIAN_POINT('',(-0.902951828845694,1.54208287365593,7.2));
#8100=CARTESIAN_POINT('Ctrl Pts',(-0.904960031020994,1.49253140754856,7.3));
#8101=CARTESIAN_POINT('Ctrl Pts',(-0.904960031020994,1.49253140754856,7.2));
#8102=CARTESIAN_POINT('Ctrl Pts',(-0.902951828845694,1.53471690036215,7.3));
#8103=CARTESIAN_POINT('Ctrl Pts',(-0.902951828845694,1.53471690036215,7.2));
#8104=CARTESIAN_POINT('Ctrl Pts',(-0.902951828845694,1.54208287365593,7.3));
#8105=CARTESIAN_POINT('Ctrl Pts',(-0.902951828845694,1.54208287365593,7.2));
#8106=CARTESIAN_POINT('',(-0.904960031020994,1.49253140754856,7.3));
#8107=CARTESIAN_POINT('Ctrl Pts',(-0.904960031020994,1.49253140754856,7.3));
#8108=CARTESIAN_POINT('Ctrl Pts',(-0.902951828845694,1.53471690036215,7.3));
#8109=CARTESIAN_POINT('Ctrl Pts',(-0.902951828845694,1.54208287365593,7.3));
#8110=CARTESIAN_POINT('',(-0.904960031020994,1.49253140754856,7.2));
#8111=CARTESIAN_POINT('',(-0.904960031020994,1.49253140754856,7.3));
#8112=CARTESIAN_POINT('Ctrl Pts',(-0.904960031020994,1.49253140754856,7.2));
#8113=CARTESIAN_POINT('Ctrl Pts',(-0.902951828845694,1.53471690036215,7.2));
#8114=CARTESIAN_POINT('Ctrl Pts',(-0.902951828845694,1.54208287365593,7.2));
#8115=CARTESIAN_POINT('Origin',(-1.20293858059581,1.49253140754856,7.3));
#8116=CARTESIAN_POINT('',(-0.601469290297902,1.49253140754856,7.3));
#8117=CARTESIAN_POINT('',(-1.20293858059581,1.49253140754856,7.2));
#8118=CARTESIAN_POINT('Ctrl Pts',(-0.808538602251167,1.14700683422245,7.3));
#8119=CARTESIAN_POINT('Ctrl Pts',(-0.808538602251167,1.14700683422245,7.2));
#8120=CARTESIAN_POINT('Ctrl Pts',(-0.808538602251167,1.12959694829938,7.3));
#8121=CARTESIAN_POINT('Ctrl Pts',(-0.808538602251167,1.12959694829938,7.2));
#8122=CARTESIAN_POINT('Ctrl Pts',(-0.807199821828161,1.09410725004829,7.3));
#8123=CARTESIAN_POINT('Ctrl Pts',(-0.807199821828161,1.09410725004829,7.2));
#8124=CARTESIAN_POINT('',(-0.808538602251167,1.14700683422245,7.3));
#8125=CARTESIAN_POINT('',(-0.807199821828161,1.09410725004829,7.3));
#8126=CARTESIAN_POINT('Ctrl Pts',(-0.808538602251167,1.14700683422245,7.3));
#8127=CARTESIAN_POINT('Ctrl Pts',(-0.808538602251167,1.12959694829938,7.3));
#8128=CARTESIAN_POINT('Ctrl Pts',(-0.807199821828161,1.09410725004829,7.3));
#8129=CARTESIAN_POINT('',(-0.808538602251167,1.14700683422245,7.2));
#8130=CARTESIAN_POINT('',(-0.808538602251167,1.14700683422245,7.3));
#8131=CARTESIAN_POINT('',(-0.807199821828161,1.09410725004829,7.2));
#8132=CARTESIAN_POINT('Ctrl Pts',(-0.808538602251167,1.14700683422245,7.2));
#8133=CARTESIAN_POINT('Ctrl Pts',(-0.808538602251167,1.12959694829938,7.2));
#8134=CARTESIAN_POINT('Ctrl Pts',(-0.807199821828161,1.09410725004829,7.2));
#8135=CARTESIAN_POINT('',(-0.807199821828161,1.09410725004829,7.3));
#8136=CARTESIAN_POINT('Ctrl Pts',(-0.807199821828161,1.21195947942493,7.3));
#8137=CARTESIAN_POINT('Ctrl Pts',(-0.807199821828161,1.21195947942493,7.2));
#8138=CARTESIAN_POINT('Ctrl Pts',(-0.808538602251167,1.16240801331756,7.3));
#8139=CARTESIAN_POINT('Ctrl Pts',(-0.808538602251167,1.16240801331756,7.2));
#8140=CARTESIAN_POINT('Ctrl Pts',(-0.808538602251167,1.14700683422245,7.3));
#8141=CARTESIAN_POINT('Ctrl Pts',(-0.808538602251167,1.14700683422245,7.2));
#8142=CARTESIAN_POINT('',(-0.807199821828161,1.21195947942493,7.3));
#8143=CARTESIAN_POINT('Ctrl Pts',(-0.807199821828161,1.21195947942493,7.3));
#8144=CARTESIAN_POINT('Ctrl Pts',(-0.808538602251167,1.16240801331756,7.3));
#8145=CARTESIAN_POINT('Ctrl Pts',(-0.808538602251167,1.14700683422245,7.3));
#8146=CARTESIAN_POINT('',(-0.807199821828161,1.21195947942493,7.2));
#8147=CARTESIAN_POINT('',(-0.807199821828161,1.21195947942493,7.3));
#8148=CARTESIAN_POINT('Ctrl Pts',(-0.807199821828161,1.21195947942493,7.2));
#8149=CARTESIAN_POINT('Ctrl Pts',(-0.808538602251167,1.16240801331756,7.2));
#8150=CARTESIAN_POINT('Ctrl Pts',(-0.808538602251167,1.14700683422245,7.2));
#8151=CARTESIAN_POINT('Origin',(-0.801840978322779,1.40949579593894,7.3));
#8152=CARTESIAN_POINT('',(-0.801840978322779,1.40949579593894,7.3));
#8153=CARTESIAN_POINT('',(-0.820650758241303,0.716134507106286,7.3));
#8154=CARTESIAN_POINT('',(-0.801840978322779,1.40949579593894,7.2));
#8155=CARTESIAN_POINT('',(-0.801840978322779,1.40949579593894,7.3));
#8156=CARTESIAN_POINT('',(-0.801840978322779,1.40949579593894,7.2));
#8157=CARTESIAN_POINT('Ctrl Pts',(-0.647830133595422,1.40681911823508,7.3));
#8158=CARTESIAN_POINT('Ctrl Pts',(-0.647830133595422,1.40681911823508,7.2));
#8159=CARTESIAN_POINT('Ctrl Pts',(-0.701398950277125,1.40949579593894,7.3));
#8160=CARTESIAN_POINT('Ctrl Pts',(-0.701398950277125,1.40949579593894,7.2));
#8161=CARTESIAN_POINT('Ctrl Pts',(-0.801840978322779,1.40949579593894,7.3));
#8162=CARTESIAN_POINT('Ctrl Pts',(-0.801840978322779,1.40949579593894,7.2));
#8163=CARTESIAN_POINT('',(-0.647830133595422,1.40681911823508,7.3));
#8164=CARTESIAN_POINT('Ctrl Pts',(-0.647830133595422,1.40681911823508,7.3));
#8165=CARTESIAN_POINT('Ctrl Pts',(-0.701398950277125,1.40949579593894,7.3));
#8166=CARTESIAN_POINT('Ctrl Pts',(-0.801840978322779,1.40949579593894,7.3));
#8167=CARTESIAN_POINT('',(-0.647830133595422,1.40681911823508,7.2));
#8168=CARTESIAN_POINT('',(-0.647830133595422,1.40681911823508,7.3));
#8169=CARTESIAN_POINT('Ctrl Pts',(-0.647830133595422,1.40681911823508,7.2));
#8170=CARTESIAN_POINT('Ctrl Pts',(-0.701398950277125,1.40949579593894,7.2));
#8171=CARTESIAN_POINT('Ctrl Pts',(-0.801840978322779,1.40949579593894,7.2));
#8172=CARTESIAN_POINT('Origin',(-0.647830133595422,1.42155049708841,7.3));
#8173=CARTESIAN_POINT('',(-0.647830133595422,1.42155049708841,7.3));
#8174=CARTESIAN_POINT('',(-0.647830133595422,0.710775248544203,7.3));
#8175=CARTESIAN_POINT('',(-0.647830133595422,1.42155049708841,7.2));
#8176=CARTESIAN_POINT('',(-0.647830133595422,1.42155049708841,7.3));
#8177=CARTESIAN_POINT('',(-0.647830133595422,1.42155049708841,7.2));
#8178=CARTESIAN_POINT('Ctrl Pts',(-0.645819281993662,1.4985562033192,7.3));
#8179=CARTESIAN_POINT('Ctrl Pts',(-0.645819281993662,1.4985562033192,7.2));
#8180=CARTESIAN_POINT('Ctrl Pts',(-0.647830133595422,1.46440585322536,7.3));
#8181=CARTESIAN_POINT('Ctrl Pts',(-0.647830133595422,1.46440585322536,7.2));
#8182=CARTESIAN_POINT('Ctrl Pts',(-0.647830133595422,1.42155049708841,7.3));
#8183=CARTESIAN_POINT('Ctrl Pts',(-0.647830133595422,1.42155049708841,7.2));
#8184=CARTESIAN_POINT('',(-0.645819281993662,1.4985562033192,7.3));
#8185=CARTESIAN_POINT('Ctrl Pts',(-0.645819281993662,1.4985562033192,7.3));
#8186=CARTESIAN_POINT('Ctrl Pts',(-0.647830133595422,1.46440585322536,7.3));
#8187=CARTESIAN_POINT('Ctrl Pts',(-0.647830133595422,1.42155049708841,7.3));
#8188=CARTESIAN_POINT('',(-0.645819281993662,1.4985562033192,7.2));
#8189=CARTESIAN_POINT('',(-0.645819281993662,1.4985562033192,7.3));
#8190=CARTESIAN_POINT('Ctrl Pts',(-0.645819281993662,1.4985562033192,7.2));
#8191=CARTESIAN_POINT('Ctrl Pts',(-0.647830133595422,1.46440585322536,7.2));
#8192=CARTESIAN_POINT('Ctrl Pts',(-0.647830133595422,1.42155049708841,7.2));
#8193=CARTESIAN_POINT('Ctrl Pts',(-0.667246833898976,1.49587939945218,7.3));
#8194=CARTESIAN_POINT('Ctrl Pts',(-0.667246833898976,1.49587939945218,7.2));
#8195=CARTESIAN_POINT('Ctrl Pts',(-0.656533310272648,1.49655147063094,7.3));
#8196=CARTESIAN_POINT('Ctrl Pts',(-0.656533310272648,1.49655147063094,7.2));
#8197=CARTESIAN_POINT('Ctrl Pts',(-0.645819281993662,1.4985562033192,7.3));
#8198=CARTESIAN_POINT('Ctrl Pts',(-0.645819281993662,1.4985562033192,7.2));
#8199=CARTESIAN_POINT('',(-0.667246833898976,1.49587939945218,7.3));
#8200=CARTESIAN_POINT('Ctrl Pts',(-0.667246833898976,1.49587939945218,7.3));
#8201=CARTESIAN_POINT('Ctrl Pts',(-0.656533310272648,1.49655147063094,7.3));
#8202=CARTESIAN_POINT('Ctrl Pts',(-0.645819281993662,1.4985562033192,7.3));
#8203=CARTESIAN_POINT('',(-0.667246833898976,1.49587939945218,7.2));
#8204=CARTESIAN_POINT('',(-0.667246833898976,1.49587939945218,7.3));
#8205=CARTESIAN_POINT('Ctrl Pts',(-0.667246833898976,1.49587939945218,7.2));
#8206=CARTESIAN_POINT('Ctrl Pts',(-0.656533310272648,1.49655147063094,7.2));
#8207=CARTESIAN_POINT('Ctrl Pts',(-0.645819281993662,1.4985562033192,7.2));
#8208=CARTESIAN_POINT('Ctrl Pts',(-0.777063668229535,1.49520732827343,7.3));
#8209=CARTESIAN_POINT('Ctrl Pts',(-0.777063668229535,1.49520732827343,7.2));
#8210=CARTESIAN_POINT('Ctrl Pts',(-0.677960736014798,1.49520732827343,7.3));
#8211=CARTESIAN_POINT('Ctrl Pts',(-0.677960736014798,1.49520732827343,7.2));
#8212=CARTESIAN_POINT('Ctrl Pts',(-0.667246833898976,1.49587939945218,7.3));
#8213=CARTESIAN_POINT('Ctrl Pts',(-0.667246833898976,1.49587939945218,7.2));
#8214=CARTESIAN_POINT('',(-0.777063668229535,1.49520732827343,7.3));
#8215=CARTESIAN_POINT('Ctrl Pts',(-0.777063668229535,1.49520732827343,7.3));
#8216=CARTESIAN_POINT('Ctrl Pts',(-0.677960736014798,1.49520732827343,7.3));
#8217=CARTESIAN_POINT('Ctrl Pts',(-0.667246833898976,1.49587939945218,7.3));
#8218=CARTESIAN_POINT('',(-0.777063668229535,1.49520732827343,7.2));
#8219=CARTESIAN_POINT('',(-0.777063668229535,1.49520732827343,7.3));
#8220=CARTESIAN_POINT('Ctrl Pts',(-0.777063668229535,1.49520732827343,7.2));
#8221=CARTESIAN_POINT('Ctrl Pts',(-0.677960736014798,1.49520732827343,7.2));
#8222=CARTESIAN_POINT('Ctrl Pts',(-0.667246833898976,1.49587939945218,7.2));
#8223=CARTESIAN_POINT('Origin',(-0.797821546056225,1.49587939945218,7.3));
#8224=CARTESIAN_POINT('',(-0.797821546056225,1.49587939945218,7.3));
#8225=CARTESIAN_POINT('',(-0.375138046061662,1.48219431081003,7.3));
#8226=CARTESIAN_POINT('',(-0.797821546056225,1.49587939945218,7.2));
#8227=CARTESIAN_POINT('',(-0.797821546056225,1.49587939945218,7.3));
#8228=CARTESIAN_POINT('',(-0.797821546056225,1.49587939945218,7.2));
#8229=CARTESIAN_POINT('Ctrl Pts',(-0.77371561324433,2.00813463508941,7.3));
#8230=CARTESIAN_POINT('Ctrl Pts',(-0.77371561324433,2.00813463508941,7.2));
#8231=CARTESIAN_POINT('Ctrl Pts',(-0.78978640333648,1.75635952817755,7.3));
#8232=CARTESIAN_POINT('Ctrl Pts',(-0.78978640333648,1.75635952817755,7.2));
#8233=CARTESIAN_POINT('Ctrl Pts',(-0.797821546056225,1.49587939945218,7.3));
#8234=CARTESIAN_POINT('Ctrl Pts',(-0.797821546056225,1.49587939945218,7.2));
#8235=CARTESIAN_POINT('',(-0.77371561324433,2.00813463508941,7.3));
#8236=CARTESIAN_POINT('Ctrl Pts',(-0.77371561324433,2.00813463508941,7.3));
#8237=CARTESIAN_POINT('Ctrl Pts',(-0.78978640333648,1.75635952817755,7.3));
#8238=CARTESIAN_POINT('Ctrl Pts',(-0.797821546056225,1.49587939945218,7.3));
#8239=CARTESIAN_POINT('',(-0.77371561324433,2.00813463508941,7.2));
#8240=CARTESIAN_POINT('',(-0.77371561324433,2.00813463508941,7.3));
#8241=CARTESIAN_POINT('Ctrl Pts',(-0.77371561324433,2.00813463508941,7.2));
#8242=CARTESIAN_POINT('Ctrl Pts',(-0.78978640333648,1.75635952817755,7.2));
#8243=CARTESIAN_POINT('Ctrl Pts',(-0.797821546056225,1.49587939945218,7.2));
#8244=CARTESIAN_POINT('Ctrl Pts',(-0.850721287934338,2.00746497678118,7.3));
#8245=CARTESIAN_POINT('Ctrl Pts',(-0.850721287934338,2.00746497678118,7.2));
#8246=CARTESIAN_POINT('Ctrl Pts',(-0.811214144486541,2.00746497678118,7.3));
#8247=CARTESIAN_POINT('Ctrl Pts',(-0.811214144486541,2.00746497678118,7.2));
#8248=CARTESIAN_POINT('Ctrl Pts',(-0.77371561324433,2.00813463508941,7.3));
#8249=CARTESIAN_POINT('Ctrl Pts',(-0.77371561324433,2.00813463508941,7.2));
#8250=CARTESIAN_POINT('',(-0.850721287934338,2.00746497678118,7.3));
#8251=CARTESIAN_POINT('Ctrl Pts',(-0.850721287934338,2.00746497678118,7.3));
#8252=CARTESIAN_POINT('Ctrl Pts',(-0.811214144486541,2.00746497678118,7.3));
#8253=CARTESIAN_POINT('Ctrl Pts',(-0.77371561324433,2.00813463508941,7.3));
#8254=CARTESIAN_POINT('',(-0.850721287934338,2.00746497678118,7.2));
#8255=CARTESIAN_POINT('',(-0.850721287934338,2.00746497678118,7.3));
#8256=CARTESIAN_POINT('Ctrl Pts',(-0.850721287934338,2.00746497678118,7.2));
#8257=CARTESIAN_POINT('Ctrl Pts',(-0.811214144486541,2.00746497678118,7.2));
#8258=CARTESIAN_POINT('Ctrl Pts',(-0.77371561324433,2.00813463508941,7.2));
#8259=CARTESIAN_POINT('Ctrl Pts',(-0.935762357670421,2.00813463508941,7.3));
#8260=CARTESIAN_POINT('Ctrl Pts',(-0.935762357670421,2.00813463508941,7.2));
#8261=CARTESIAN_POINT('Ctrl Pts',(-0.891567779539381,2.00746497678118,7.3));
#8262=CARTESIAN_POINT('Ctrl Pts',(-0.891567779539381,2.00746497678118,7.2));
#8263=CARTESIAN_POINT('Ctrl Pts',(-0.850721287934338,2.00746497678118,7.3));
#8264=CARTESIAN_POINT('Ctrl Pts',(-0.850721287934338,2.00746497678118,7.2));
#8265=CARTESIAN_POINT('',(-0.935762357670421,2.00813463508941,7.3));
#8266=CARTESIAN_POINT('Ctrl Pts',(-0.935762357670421,2.00813463508941,7.3));
#8267=CARTESIAN_POINT('Ctrl Pts',(-0.891567779539381,2.00746497678118,7.3));
#8268=CARTESIAN_POINT('Ctrl Pts',(-0.850721287934338,2.00746497678118,7.3));
#8269=CARTESIAN_POINT('',(-0.935762357670421,2.00813463508941,7.2));
#8270=CARTESIAN_POINT('',(-0.935762357670421,2.00813463508941,7.3));
#8271=CARTESIAN_POINT('Ctrl Pts',(-0.935762357670421,2.00813463508941,7.2));
#8272=CARTESIAN_POINT('Ctrl Pts',(-0.891567779539381,2.00746497678118,7.2));
#8273=CARTESIAN_POINT('Ctrl Pts',(-0.850721287934338,2.00746497678118,7.2));
#8274=CARTESIAN_POINT('Ctrl Pts',(-1.04089185194011,1.8574713249242,7.3));
#8275=CARTESIAN_POINT('Ctrl Pts',(-1.04089185194011,1.8574713249242,7.2));
#8276=CARTESIAN_POINT('Ctrl Pts',(-0.985983434774831,1.93179855562605,7.3));
#8277=CARTESIAN_POINT('Ctrl Pts',(-0.985983434774831,1.93179855562605,7.2));
#8278=CARTESIAN_POINT('Ctrl Pts',(-0.935762357670421,2.00813463508941,7.3));
#8279=CARTESIAN_POINT('Ctrl Pts',(-0.935762357670421,2.00813463508941,7.2));
#8280=CARTESIAN_POINT('',(-1.04089185194011,1.8574713249242,7.3));
#8281=CARTESIAN_POINT('Ctrl Pts',(-1.04089185194011,1.8574713249242,7.3));
#8282=CARTESIAN_POINT('Ctrl Pts',(-0.985983434774831,1.93179855562605,7.3));
#8283=CARTESIAN_POINT('Ctrl Pts',(-0.935762357670421,2.00813463508941,7.3));
#8284=CARTESIAN_POINT('',(-1.04089185194011,1.8574713249242,7.2));
#8285=CARTESIAN_POINT('',(-1.04089185194011,1.8574713249242,7.3));
#8286=CARTESIAN_POINT('Ctrl Pts',(-1.04089185194011,1.8574713249242,7.2));
#8287=CARTESIAN_POINT('Ctrl Pts',(-0.985983434774831,1.93179855562605,7.2));
#8288=CARTESIAN_POINT('Ctrl Pts',(-0.935762357670421,2.00813463508941,7.2));
#8289=CARTESIAN_POINT('Origin',(-1.17146670603092,1.67935382194675,7.3));
#8290=CARTESIAN_POINT('',(-1.17146670603092,1.67935382194675,7.3));
#8291=CARTESIAN_POINT('',(-1.36710318196346,1.41248558895469,7.3));
#8292=CARTESIAN_POINT('',(-1.17146670603092,1.67935382194675,7.2));
#8293=CARTESIAN_POINT('',(-1.17146670603092,1.67935382194675,7.3));
#8294=CARTESIAN_POINT('',(-1.17146670603092,1.67935382194675,7.2));
#8295=CARTESIAN_POINT('Ctrl Pts',(-1.29735398350493,1.51194981105484,7.3));
#8296=CARTESIAN_POINT('Ctrl Pts',(-1.29735398350493,1.51194981105484,7.2));
#8297=CARTESIAN_POINT('Ctrl Pts',(-1.24713317449724,1.57556354967115,7.3));
#8298=CARTESIAN_POINT('Ctrl Pts',(-1.24713317449724,1.57556354967115,7.2));
#8299=CARTESIAN_POINT('Ctrl Pts',(-1.17146670603092,1.67935382194675,7.3));
#8300=CARTESIAN_POINT('Ctrl Pts',(-1.17146670603092,1.67935382194675,7.2));
#8301=CARTESIAN_POINT('',(-1.29735398350493,1.51194981105484,7.3));
#8302=CARTESIAN_POINT('Ctrl Pts',(-1.29735398350493,1.51194981105484,7.3));
#8303=CARTESIAN_POINT('Ctrl Pts',(-1.24713317449724,1.57556354967115,7.3));
#8304=CARTESIAN_POINT('Ctrl Pts',(-1.17146670603092,1.67935382194675,7.3));
#8305=CARTESIAN_POINT('',(-1.29735398350493,1.51194981105484,7.2));
#8306=CARTESIAN_POINT('',(-1.29735398350493,1.51194981105484,7.3));
#8307=CARTESIAN_POINT('Ctrl Pts',(-1.29735398350493,1.51194981105484,7.2));
#8308=CARTESIAN_POINT('Ctrl Pts',(-1.24713317449724,1.57556354967115,7.2));
#8309=CARTESIAN_POINT('Ctrl Pts',(-1.17146670603092,1.67935382194675,7.2));
#8310=CARTESIAN_POINT('Ctrl Pts',(-1.29869356821811,1.45637178289252,7.3));
#8311=CARTESIAN_POINT('Ctrl Pts',(-1.29869356821811,1.45637178289252,7.2));
#8312=CARTESIAN_POINT('Ctrl Pts',(-1.29735398350493,1.48918272174753,7.3));
#8313=CARTESIAN_POINT('Ctrl Pts',(-1.29735398350493,1.48918272174753,7.2));
#8314=CARTESIAN_POINT('Ctrl Pts',(-1.29735398350493,1.51194981105484,7.3));
#8315=CARTESIAN_POINT('Ctrl Pts',(-1.29735398350493,1.51194981105484,7.2));
#8316=CARTESIAN_POINT('',(-1.29869356821811,1.45637178289252,7.3));
#8317=CARTESIAN_POINT('Ctrl Pts',(-1.29869356821811,1.45637178289252,7.3));
#8318=CARTESIAN_POINT('Ctrl Pts',(-1.29735398350493,1.48918272174753,7.3));
#8319=CARTESIAN_POINT('Ctrl Pts',(-1.29735398350493,1.51194981105484,7.3));
#8320=CARTESIAN_POINT('',(-1.29869356821811,1.45637178289252,7.2));
#8321=CARTESIAN_POINT('',(-1.29869356821811,1.45637178289252,7.3));
#8322=CARTESIAN_POINT('Ctrl Pts',(-1.29869356821811,1.45637178289252,7.2));
#8323=CARTESIAN_POINT('Ctrl Pts',(-1.29735398350493,1.48918272174753,7.2));
#8324=CARTESIAN_POINT('Ctrl Pts',(-1.29735398350493,1.51194981105484,7.2));
#8325=CARTESIAN_POINT('Ctrl Pts',(-1.30204168628489,1.40615057962494,7.3));
#8326=CARTESIAN_POINT('Ctrl Pts',(-1.30204168628489,1.40615057962494,7.2));
#8327=CARTESIAN_POINT('Ctrl Pts',(-1.30003297157174,1.42423007654505,7.3));
#8328=CARTESIAN_POINT('Ctrl Pts',(-1.30003297157174,1.42423007654505,7.2));
#8329=CARTESIAN_POINT('Ctrl Pts',(-1.29869356821811,1.45637178289252,7.3));
#8330=CARTESIAN_POINT('Ctrl Pts',(-1.29869356821811,1.45637178289252,7.2));
#8331=CARTESIAN_POINT('',(-1.30204168628489,1.40615057962494,7.3));
#8332=CARTESIAN_POINT('Ctrl Pts',(-1.30204168628489,1.40615057962494,7.3));
#8333=CARTESIAN_POINT('Ctrl Pts',(-1.30003297157174,1.42423007654505,7.3));
#8334=CARTESIAN_POINT('Ctrl Pts',(-1.29869356821811,1.45637178289252,7.3));
#8335=CARTESIAN_POINT('',(-1.30204168628489,1.40615057962494,7.2));
#8336=CARTESIAN_POINT('',(-1.30204168628489,1.40615057962494,7.3));
#8337=CARTESIAN_POINT('Ctrl Pts',(-1.30204168628489,1.40615057962494,7.2));
#8338=CARTESIAN_POINT('Ctrl Pts',(-1.30003297157174,1.42423007654505,7.2));
#8339=CARTESIAN_POINT('Ctrl Pts',(-1.29869356821811,1.45637178289252,7.2));
#8340=CARTESIAN_POINT('Origin',(-0.917682860750312,1.40949913926281,7.3));
#8341=CARTESIAN_POINT('',(-0.917682860750312,1.40949913926281,7.3));
#8342=CARTESIAN_POINT('',(-0.465015612963585,1.41344280641606,7.3));
#8343=CARTESIAN_POINT('',(-0.917682860750312,1.40949913926281,7.2));
#8344=CARTESIAN_POINT('',(-0.917682860750312,1.40949913926281,7.3));
#8345=CARTESIAN_POINT('',(-0.917682860750312,1.40949913926281,7.2));
#8346=CARTESIAN_POINT('Ctrl Pts',(-0.935092715132589,1.09411065645374,7.3));
#8347=CARTESIAN_POINT('Ctrl Pts',(-0.935092715132589,1.09411065645374,7.2));
#8348=CARTESIAN_POINT('Ctrl Pts',(-0.924378939179932,1.21731971072512,7.3));
#8349=CARTESIAN_POINT('Ctrl Pts',(-0.924378939179932,1.21731971072512,7.2));
#8350=CARTESIAN_POINT('Ctrl Pts',(-0.917682860750312,1.40949913926281,7.3));
#8351=CARTESIAN_POINT('Ctrl Pts',(-0.917682860750312,1.40949913926281,7.2));
#8352=CARTESIAN_POINT('',(-0.935092715132589,1.09411065645374,7.3));
#8353=CARTESIAN_POINT('Ctrl Pts',(-0.935092715132589,1.09411065645374,7.3));
#8354=CARTESIAN_POINT('Ctrl Pts',(-0.924378939179932,1.21731971072512,7.3));
#8355=CARTESIAN_POINT('Ctrl Pts',(-0.917682860750312,1.40949913926281,7.3));
#8356=CARTESIAN_POINT('',(-0.935092715132589,1.09411065645374,7.2));
#8357=CARTESIAN_POINT('',(-0.935092715132589,1.09411065645374,7.3));
#8358=CARTESIAN_POINT('Ctrl Pts',(-0.935092715132589,1.09411065645374,7.2));
#8359=CARTESIAN_POINT('Ctrl Pts',(-0.924378939179932,1.21731971072512,7.2));
#8360=CARTESIAN_POINT('Ctrl Pts',(-0.917682860750312,1.40949913926281,7.2));
#8361=CARTESIAN_POINT('Ctrl Pts',(-0.869473991501684,1.09544609355288,7.3));
#8362=CARTESIAN_POINT('Ctrl Pts',(-0.869473991501684,1.09544609355288,7.2));
#8363=CARTESIAN_POINT('Ctrl Pts',(-0.892910534102077,1.09544609355288,7.3));
#8364=CARTESIAN_POINT('Ctrl Pts',(-0.892910534102077,1.09544609355288,7.2));
#8365=CARTESIAN_POINT('Ctrl Pts',(-0.935092715132589,1.09411065645374,7.3));
#8366=CARTESIAN_POINT('Ctrl Pts',(-0.935092715132589,1.09411065645374,7.2));
#8367=CARTESIAN_POINT('',(-0.869473991501684,1.09544609355288,7.3));
#8368=CARTESIAN_POINT('Ctrl Pts',(-0.869473991501684,1.09544609355288,7.3));
#8369=CARTESIAN_POINT('Ctrl Pts',(-0.892910534102077,1.09544609355288,7.3));
#8370=CARTESIAN_POINT('Ctrl Pts',(-0.935092715132589,1.09411065645374,7.3));
#8371=CARTESIAN_POINT('',(-0.869473991501684,1.09544609355288,7.2));
#8372=CARTESIAN_POINT('',(-0.869473991501684,1.09544609355288,7.3));
#8373=CARTESIAN_POINT('Ctrl Pts',(-0.869473991501684,1.09544609355288,7.2));
#8374=CARTESIAN_POINT('Ctrl Pts',(-0.892910534102077,1.09544609355288,7.2));
#8375=CARTESIAN_POINT('Ctrl Pts',(-0.935092715132589,1.09411065645374,7.2));
#8376=CARTESIAN_POINT('Ctrl Pts',(-0.807199821828161,1.09410725004829,7.3));
#8377=CARTESIAN_POINT('Ctrl Pts',(-0.807199821828161,1.09410725004829,7.2));
#8378=CARTESIAN_POINT('Ctrl Pts',(-0.844028584369376,1.09544609355288,7.3));
#8379=CARTESIAN_POINT('Ctrl Pts',(-0.844028584369376,1.09544609355288,7.2));
#8380=CARTESIAN_POINT('Ctrl Pts',(-0.869473991501684,1.09544609355288,7.3));
#8381=CARTESIAN_POINT('Ctrl Pts',(-0.869473991501684,1.09544609355288,7.2));
#8382=CARTESIAN_POINT('Ctrl Pts',(-0.807199821828161,1.09410725004829,7.3));
#8383=CARTESIAN_POINT('Ctrl Pts',(-0.844028584369376,1.09544609355288,7.3));
#8384=CARTESIAN_POINT('Ctrl Pts',(-0.869473991501684,1.09544609355288,7.3));
#8385=CARTESIAN_POINT('Ctrl Pts',(-0.807199821828161,1.09410725004829,7.2));
#8386=CARTESIAN_POINT('Ctrl Pts',(-0.844028584369376,1.09544609355288,7.2));
#8387=CARTESIAN_POINT('Ctrl Pts',(-0.869473991501684,1.09544609355288,7.2));
#8388=CARTESIAN_POINT('Origin',(-0.973930484139278,1.55112094256885,7.2));
#8389=CARTESIAN_POINT('Ctrl Pts',(-0.0599063793404445,1.88760407211738,
7.3));
#8390=CARTESIAN_POINT('Ctrl Pts',(-0.0599063793404445,1.88760407211738,
7.2));
#8391=CARTESIAN_POINT('Ctrl Pts',(-0.0873606194638754,1.91572789169706,
7.3));
#8392=CARTESIAN_POINT('Ctrl Pts',(-0.0873606194638754,1.91572789169706,
7.2));
#8393=CARTESIAN_POINT('Ctrl Pts',(-0.114814733424142,1.9264417307313,7.3));
#8394=CARTESIAN_POINT('Ctrl Pts',(-0.114814733424142,1.9264417307313,7.2));
#8395=CARTESIAN_POINT('',(-0.0599063793404445,1.88760407211738,7.3));
#8396=CARTESIAN_POINT('',(-0.114814733424142,1.9264417307313,7.3));
#8397=CARTESIAN_POINT('Ctrl Pts',(-0.0599063793404445,1.88760407211738,
7.3));
#8398=CARTESIAN_POINT('Ctrl Pts',(-0.0873606194638754,1.91572789169706,
7.3));
#8399=CARTESIAN_POINT('Ctrl Pts',(-0.114814733424142,1.9264417307313,7.3));
#8400=CARTESIAN_POINT('',(-0.0599063793404445,1.88760407211738,7.2));
#8401=CARTESIAN_POINT('',(-0.0599063793404445,1.88760407211738,7.3));
#8402=CARTESIAN_POINT('',(-0.114814733424142,1.9264417307313,7.2));
#8403=CARTESIAN_POINT('Ctrl Pts',(-0.0599063793404445,1.88760407211738,
7.2));
#8404=CARTESIAN_POINT('Ctrl Pts',(-0.0873606194638754,1.91572789169706,
7.2));
#8405=CARTESIAN_POINT('Ctrl Pts',(-0.114814733424142,1.9264417307313,7.2));
#8406=CARTESIAN_POINT('',(-0.114814733424142,1.9264417307313,7.3));
#8407=CARTESIAN_POINT('Ctrl Pts',(-0.015042127130781,1.81662492794153,7.3));
#8408=CARTESIAN_POINT('Ctrl Pts',(-0.015042127130781,1.81662492794153,7.2));
#8409=CARTESIAN_POINT('Ctrl Pts',(-0.0324521392170135,1.86014986353474,
7.3));
#8410=CARTESIAN_POINT('Ctrl Pts',(-0.0324521392170135,1.86014986353474,
7.2));
#8411=CARTESIAN_POINT('Ctrl Pts',(-0.0599063793404445,1.88760407211738,
7.3));
#8412=CARTESIAN_POINT('Ctrl Pts',(-0.0599063793404445,1.88760407211738,
7.2));
#8413=CARTESIAN_POINT('',(-0.015042127130781,1.81662492794153,7.3));
#8414=CARTESIAN_POINT('Ctrl Pts',(-0.015042127130781,1.81662492794153,7.3));
#8415=CARTESIAN_POINT('Ctrl Pts',(-0.0324521392170135,1.86014986353474,
7.3));
#8416=CARTESIAN_POINT('Ctrl Pts',(-0.0599063793404445,1.88760407211738,
7.3));
#8417=CARTESIAN_POINT('',(-0.015042127130781,1.81662492794153,7.2));
#8418=CARTESIAN_POINT('',(-0.015042127130781,1.81662492794153,7.3));
#8419=CARTESIAN_POINT('Ctrl Pts',(-0.015042127130781,1.81662492794153,7.2));
#8420=CARTESIAN_POINT('Ctrl Pts',(-0.0324521392170135,1.86014986353474,
7.2));
#8421=CARTESIAN_POINT('Ctrl Pts',(-0.0599063793404445,1.88760407211738,
7.2));
#8422=CARTESIAN_POINT('Ctrl Pts',(0.00973669692044016,1.72354840007779,
7.3));
#8423=CARTESIAN_POINT('Ctrl Pts',(0.00973669692044016,1.72354840007779,
7.2));
#8424=CARTESIAN_POINT('Ctrl Pts',(0.00236775879228657,1.77309996080754,
7.3));
#8425=CARTESIAN_POINT('Ctrl Pts',(0.00236775879228657,1.77309996080754,
7.2));
#8426=CARTESIAN_POINT('Ctrl Pts',(-0.015042127130781,1.81662492794153,7.3));
#8427=CARTESIAN_POINT('Ctrl Pts',(-0.015042127130781,1.81662492794153,7.2));
#8428=CARTESIAN_POINT('',(0.00973669692044016,1.72354840007779,7.3));
#8429=CARTESIAN_POINT('Ctrl Pts',(0.00973669692044016,1.72354840007779,
7.3));
#8430=CARTESIAN_POINT('Ctrl Pts',(0.00236775879228657,1.77309996080754,
7.3));
#8431=CARTESIAN_POINT('Ctrl Pts',(-0.015042127130781,1.81662492794153,7.3));
#8432=CARTESIAN_POINT('',(0.00973669692044016,1.72354840007779,7.2));
#8433=CARTESIAN_POINT('',(0.00973669692044016,1.72354840007779,7.3));
#8434=CARTESIAN_POINT('Ctrl Pts',(0.00973669692044016,1.72354840007779,
7.2));
#8435=CARTESIAN_POINT('Ctrl Pts',(0.00236775879228657,1.77309996080754,
7.2));
#8436=CARTESIAN_POINT('Ctrl Pts',(-0.015042127130781,1.81662492794153,7.2));
#8437=CARTESIAN_POINT('Ctrl Pts',(0.0177717765586033,1.60837474085249,7.3));
#8438=CARTESIAN_POINT('Ctrl Pts',(0.0177717765586033,1.60837474085249,7.2));
#8439=CARTESIAN_POINT('Ctrl Pts',(0.0177717765586033,1.67399693397042,7.3));
#8440=CARTESIAN_POINT('Ctrl Pts',(0.0177717765586033,1.67399693397042,7.2));
#8441=CARTESIAN_POINT('Ctrl Pts',(0.00973669692044016,1.72354840007779,
7.3));
#8442=CARTESIAN_POINT('Ctrl Pts',(0.00973669692044016,1.72354840007779,
7.2));
#8443=CARTESIAN_POINT('',(0.0177717765586033,1.60837474085249,7.3));
#8444=CARTESIAN_POINT('Ctrl Pts',(0.0177717765586033,1.60837474085249,7.3));
#8445=CARTESIAN_POINT('Ctrl Pts',(0.0177717765586033,1.67399693397042,7.3));
#8446=CARTESIAN_POINT('Ctrl Pts',(0.00973669692044016,1.72354840007779,
7.3));
#8447=CARTESIAN_POINT('',(0.0177717765586033,1.60837474085249,7.2));
#8448=CARTESIAN_POINT('',(0.0177717765586033,1.60837474085249,7.3));
#8449=CARTESIAN_POINT('Ctrl Pts',(0.0177717765586033,1.60837474085249,7.2));
#8450=CARTESIAN_POINT('Ctrl Pts',(0.0177717765586033,1.67399693397042,7.2));
#8451=CARTESIAN_POINT('Ctrl Pts',(0.00973669692044016,1.72354840007779,
7.2));
#8452=CARTESIAN_POINT('Ctrl Pts',(0.00638845269048754,1.45168482132114,
7.3));
#8453=CARTESIAN_POINT('Ctrl Pts',(0.00638845269048754,1.45168482132114,
7.2));
#8454=CARTESIAN_POINT('Ctrl Pts',(0.0177717765586033,1.52869052755194,7.3));
#8455=CARTESIAN_POINT('Ctrl Pts',(0.0177717765586033,1.52869052755194,7.2));
#8456=CARTESIAN_POINT('Ctrl Pts',(0.0177717765586033,1.60837474085249,7.3));
#8457=CARTESIAN_POINT('Ctrl Pts',(0.0177717765586033,1.60837474085249,7.2));
#8458=CARTESIAN_POINT('',(0.00638845269048754,1.45168482132114,7.3));
#8459=CARTESIAN_POINT('Ctrl Pts',(0.00638845269048754,1.45168482132114,
7.3));
#8460=CARTESIAN_POINT('Ctrl Pts',(0.0177717765586033,1.52869052755194,7.3));
#8461=CARTESIAN_POINT('Ctrl Pts',(0.0177717765586033,1.60837474085249,7.3));
#8462=CARTESIAN_POINT('',(0.00638845269048754,1.45168482132114,7.2));
#8463=CARTESIAN_POINT('',(0.00638845269048754,1.45168482132114,7.3));
#8464=CARTESIAN_POINT('Ctrl Pts',(0.00638845269048754,1.45168482132114,
7.2));
#8465=CARTESIAN_POINT('Ctrl Pts',(0.0177717765586033,1.52869052755194,7.2));
#8466=CARTESIAN_POINT('Ctrl Pts',(0.0177717765586033,1.60837474085249,7.2));
#8467=CARTESIAN_POINT('Ctrl Pts',(-0.0291013717237656,1.31307465103624,
7.3));
#8468=CARTESIAN_POINT('Ctrl Pts',(-0.0291013717237656,1.31307465103624,
7.2));
#8469=CARTESIAN_POINT('Ctrl Pts',(-0.00432557558849911,1.37467917817193,
7.3));
#8470=CARTESIAN_POINT('Ctrl Pts',(-0.00432557558849911,1.37467917817193,
7.2));
#8471=CARTESIAN_POINT('Ctrl Pts',(0.00638845269048754,1.45168482132114,
7.3));
#8472=CARTESIAN_POINT('Ctrl Pts',(0.00638845269048754,1.45168482132114,
7.2));
#8473=CARTESIAN_POINT('',(-0.0291013717237656,1.31307465103624,7.3));
#8474=CARTESIAN_POINT('Ctrl Pts',(-0.0291013717237656,1.31307465103624,
7.3));
#8475=CARTESIAN_POINT('Ctrl Pts',(-0.00432557558849911,1.37467917817193,
7.3));
#8476=CARTESIAN_POINT('Ctrl Pts',(0.00638845269048754,1.45168482132114,
7.3));
#8477=CARTESIAN_POINT('',(-0.0291013717237656,1.31307465103624,7.2));
#8478=CARTESIAN_POINT('',(-0.0291013717237656,1.31307465103624,7.3));
#8479=CARTESIAN_POINT('Ctrl Pts',(-0.0291013717237656,1.31307465103624,
7.2));
#8480=CARTESIAN_POINT('Ctrl Pts',(-0.00432557558849911,1.37467917817193,
7.2));
#8481=CARTESIAN_POINT('Ctrl Pts',(0.00638845269048754,1.45168482132114,
7.2));
#8482=CARTESIAN_POINT('Ctrl Pts',(-0.0833399255656744,1.22066776571033,
7.3));
#8483=CARTESIAN_POINT('Ctrl Pts',(-0.0833399255656744,1.22066776571033,
7.2));
#8484=CARTESIAN_POINT('Ctrl Pts',(-0.053207367617244,1.25213979797917,7.3));
#8485=CARTESIAN_POINT('Ctrl Pts',(-0.053207367617244,1.25213979797917,7.2));
#8486=CARTESIAN_POINT('Ctrl Pts',(-0.0291013717237656,1.31307465103624,
7.3));
#8487=CARTESIAN_POINT('Ctrl Pts',(-0.0291013717237656,1.31307465103624,
7.2));
#8488=CARTESIAN_POINT('',(-0.0833399255656744,1.22066776571033,7.3));
#8489=CARTESIAN_POINT('Ctrl Pts',(-0.0833399255656744,1.22066776571033,
7.3));
#8490=CARTESIAN_POINT('Ctrl Pts',(-0.053207367617244,1.25213979797917,7.3));
#8491=CARTESIAN_POINT('Ctrl Pts',(-0.0291013717237656,1.31307465103624,
7.3));
#8492=CARTESIAN_POINT('',(-0.0833399255656744,1.22066776571033,7.2));
#8493=CARTESIAN_POINT('',(-0.0833399255656744,1.22066776571033,7.3));
#8494=CARTESIAN_POINT('Ctrl Pts',(-0.0833399255656744,1.22066776571033,
7.2));
#8495=CARTESIAN_POINT('Ctrl Pts',(-0.053207367617244,1.25213979797917,7.2));
#8496=CARTESIAN_POINT('Ctrl Pts',(-0.0291013717237656,1.31307465103624,
7.2));
#8497=CARTESIAN_POINT('Ctrl Pts',(-0.142935493547077,1.17714298782108,7.3));
#8498=CARTESIAN_POINT('Ctrl Pts',(-0.142935493547077,1.17714298782108,7.2));
#8499=CARTESIAN_POINT('Ctrl Pts',(-0.112803061761811,1.18919579652307,7.3));
#8500=CARTESIAN_POINT('Ctrl Pts',(-0.112803061761811,1.18919579652307,7.2));
#8501=CARTESIAN_POINT('Ctrl Pts',(-0.0833399255656744,1.22066776571033,
7.3));
#8502=CARTESIAN_POINT('Ctrl Pts',(-0.0833399255656744,1.22066776571033,
7.2));
#8503=CARTESIAN_POINT('',(-0.142935493547077,1.17714298782108,7.3));
#8504=CARTESIAN_POINT('Ctrl Pts',(-0.142935493547077,1.17714298782108,7.3));
#8505=CARTESIAN_POINT('Ctrl Pts',(-0.112803061761811,1.18919579652307,7.3));
#8506=CARTESIAN_POINT('Ctrl Pts',(-0.0833399255656744,1.22066776571033,
7.3));
#8507=CARTESIAN_POINT('',(-0.142935493547077,1.17714298782108,7.2));
#8508=CARTESIAN_POINT('',(-0.142935493547077,1.17714298782108,7.3));
#8509=CARTESIAN_POINT('Ctrl Pts',(-0.142935493547077,1.17714298782108,7.2));
#8510=CARTESIAN_POINT('Ctrl Pts',(-0.112803061761811,1.18919579652307,7.2));
#8511=CARTESIAN_POINT('Ctrl Pts',(-0.0833399255656744,1.22066776571033,
7.2));
#8512=CARTESIAN_POINT('Ctrl Pts',(-0.205879305758431,1.16508986371117,7.3));
#8513=CARTESIAN_POINT('Ctrl Pts',(-0.205879305758431,1.16508986371117,7.2));
#8514=CARTESIAN_POINT('Ctrl Pts',(-0.173068429985001,1.16508986371117,7.3));
#8515=CARTESIAN_POINT('Ctrl Pts',(-0.173068429985001,1.16508986371117,7.2));
#8516=CARTESIAN_POINT('Ctrl Pts',(-0.142935493547077,1.17714298782108,7.3));
#8517=CARTESIAN_POINT('Ctrl Pts',(-0.142935493547077,1.17714298782108,7.2));
#8518=CARTESIAN_POINT('',(-0.205879305758431,1.16508986371117,7.3));
#8519=CARTESIAN_POINT('Ctrl Pts',(-0.205879305758431,1.16508986371117,7.3));
#8520=CARTESIAN_POINT('Ctrl Pts',(-0.173068429985001,1.16508986371117,7.3));
#8521=CARTESIAN_POINT('Ctrl Pts',(-0.142935493547077,1.17714298782108,7.3));
#8522=CARTESIAN_POINT('',(-0.205879305758431,1.16508986371117,7.2));
#8523=CARTESIAN_POINT('',(-0.205879305758431,1.16508986371117,7.3));
#8524=CARTESIAN_POINT('Ctrl Pts',(-0.205879305758431,1.16508986371117,7.2));
#8525=CARTESIAN_POINT('Ctrl Pts',(-0.173068429985001,1.16508986371117,7.2));
#8526=CARTESIAN_POINT('Ctrl Pts',(-0.142935493547077,1.17714298782108,7.2));
#8527=CARTESIAN_POINT('Ctrl Pts',(-0.26681422189708,1.17647306141612,7.3));
#8528=CARTESIAN_POINT('Ctrl Pts',(-0.26681422189708,1.17647306141612,7.2));
#8529=CARTESIAN_POINT('Ctrl Pts',(-0.238690307695026,1.16508986371117,7.3));
#8530=CARTESIAN_POINT('Ctrl Pts',(-0.238690307695026,1.16508986371117,7.2));
#8531=CARTESIAN_POINT('Ctrl Pts',(-0.205879305758431,1.16508986371117,7.3));
#8532=CARTESIAN_POINT('Ctrl Pts',(-0.205879305758431,1.16508986371117,7.2));
#8533=CARTESIAN_POINT('',(-0.26681422189708,1.17647306141612,7.3));
#8534=CARTESIAN_POINT('Ctrl Pts',(-0.26681422189708,1.17647306141612,7.3));
#8535=CARTESIAN_POINT('Ctrl Pts',(-0.238690307695026,1.16508986371117,7.3));
#8536=CARTESIAN_POINT('Ctrl Pts',(-0.205879305758431,1.16508986371117,7.3));
#8537=CARTESIAN_POINT('',(-0.26681422189708,1.17647306141612,7.2));
#8538=CARTESIAN_POINT('',(-0.26681422189708,1.17647306141612,7.3));
#8539=CARTESIAN_POINT('Ctrl Pts',(-0.26681422189708,1.17647306141612,7.2));
#8540=CARTESIAN_POINT('Ctrl Pts',(-0.238690307695026,1.16508986371117,7.2));
#8541=CARTESIAN_POINT('Ctrl Pts',(-0.205879305758431,1.16508986371117,7.2));
#8542=CARTESIAN_POINT('Ctrl Pts',(-0.320383606313025,1.21196288583038,7.3));
#8543=CARTESIAN_POINT('Ctrl Pts',(-0.320383606313025,1.21196288583038,7.2));
#8544=CARTESIAN_POINT('Ctrl Pts',(-0.294938136099134,1.18785695301848,7.3));
#8545=CARTESIAN_POINT('Ctrl Pts',(-0.294938136099134,1.18785695301848,7.2));
#8546=CARTESIAN_POINT('Ctrl Pts',(-0.26681422189708,1.17647306141612,7.3));
#8547=CARTESIAN_POINT('Ctrl Pts',(-0.26681422189708,1.17647306141612,7.2));
#8548=CARTESIAN_POINT('',(-0.320383606313025,1.21196288583038,7.3));
#8549=CARTESIAN_POINT('Ctrl Pts',(-0.320383606313025,1.21196288583038,7.3));
#8550=CARTESIAN_POINT('Ctrl Pts',(-0.294938136099134,1.18785695301848,7.3));
#8551=CARTESIAN_POINT('Ctrl Pts',(-0.26681422189708,1.17647306141612,7.3));
#8552=CARTESIAN_POINT('',(-0.320383606313025,1.21196288583038,7.2));
#8553=CARTESIAN_POINT('',(-0.320383606313025,1.21196288583038,7.3));
#8554=CARTESIAN_POINT('Ctrl Pts',(-0.320383606313025,1.21196288583038,7.2));
#8555=CARTESIAN_POINT('Ctrl Pts',(-0.294938136099134,1.18785695301848,7.2));
#8556=CARTESIAN_POINT('Ctrl Pts',(-0.26681422189708,1.17647306141612,7.2));
#8557=CARTESIAN_POINT('Ctrl Pts',(-0.361230192540442,1.26888013598678,7.3));
#8558=CARTESIAN_POINT('Ctrl Pts',(-0.361230192540442,1.26888013598678,7.2));
#8559=CARTESIAN_POINT('Ctrl Pts',(-0.345829076526915,1.23606926021335,7.3));
#8560=CARTESIAN_POINT('Ctrl Pts',(-0.345829076526915,1.23606926021335,7.2));
#8561=CARTESIAN_POINT('Ctrl Pts',(-0.320383606313025,1.21196288583038,7.3));
#8562=CARTESIAN_POINT('Ctrl Pts',(-0.320383606313025,1.21196288583038,7.2));
#8563=CARTESIAN_POINT('',(-0.361230192540442,1.26888013598678,7.3));
#8564=CARTESIAN_POINT('Ctrl Pts',(-0.361230192540442,1.26888013598678,7.3));
#8565=CARTESIAN_POINT('Ctrl Pts',(-0.345829076526915,1.23606926021335,7.3));
#8566=CARTESIAN_POINT('Ctrl Pts',(-0.320383606313025,1.21196288583038,7.3));
#8567=CARTESIAN_POINT('',(-0.361230192540442,1.26888013598678,7.2));
#8568=CARTESIAN_POINT('',(-0.361230192540442,1.26888013598678,7.3));
#8569=CARTESIAN_POINT('Ctrl Pts',(-0.361230192540442,1.26888013598678,7.2));
#8570=CARTESIAN_POINT('Ctrl Pts',(-0.345829076526915,1.23606926021335,7.2));
#8571=CARTESIAN_POINT('Ctrl Pts',(-0.320383606313025,1.21196288583038,7.2));
#8572=CARTESIAN_POINT('Ctrl Pts',(-0.390693517981325,1.3579389032459,7.3));
#8573=CARTESIAN_POINT('Ctrl Pts',(-0.390693517981325,1.3579389032459,7.2));
#8574=CARTESIAN_POINT('Ctrl Pts',(-0.382658375261579,1.31173549212374,7.3));
#8575=CARTESIAN_POINT('Ctrl Pts',(-0.382658375261579,1.31173549212374,7.2));
#8576=CARTESIAN_POINT('Ctrl Pts',(-0.361230192540442,1.26888013598678,7.3));
#8577=CARTESIAN_POINT('Ctrl Pts',(-0.361230192540442,1.26888013598678,7.2));
#8578=CARTESIAN_POINT('',(-0.390693517981325,1.3579389032459,7.3));
#8579=CARTESIAN_POINT('Ctrl Pts',(-0.390693517981325,1.3579389032459,7.3));
#8580=CARTESIAN_POINT('Ctrl Pts',(-0.382658375261579,1.31173549212374,7.3));
#8581=CARTESIAN_POINT('Ctrl Pts',(-0.361230192540442,1.26888013598678,7.3));
#8582=CARTESIAN_POINT('',(-0.390693517981325,1.3579389032459,7.2));
#8583=CARTESIAN_POINT('',(-0.390693517981325,1.3579389032459,7.3));
#8584=CARTESIAN_POINT('Ctrl Pts',(-0.390693517981325,1.3579389032459,7.2));
#8585=CARTESIAN_POINT('Ctrl Pts',(-0.382658375261579,1.31173549212374,7.2));
#8586=CARTESIAN_POINT('Ctrl Pts',(-0.361230192540442,1.26888013598678,7.2));
#8587=CARTESIAN_POINT('Ctrl Pts',(-0.400068261184647,1.48181756851432,7.3));
#8588=CARTESIAN_POINT('Ctrl Pts',(-0.400068261184647,1.48181756851432,7.2));
#8589=CARTESIAN_POINT('Ctrl Pts',(-0.400068261184647,1.41217764633256,7.3));
#8590=CARTESIAN_POINT('Ctrl Pts',(-0.400068261184647,1.41217764633256,7.2));
#8591=CARTESIAN_POINT('Ctrl Pts',(-0.390693517981325,1.3579389032459,7.3));
#8592=CARTESIAN_POINT('Ctrl Pts',(-0.390693517981325,1.3579389032459,7.2));
#8593=CARTESIAN_POINT('',(-0.400068261184647,1.48181756851432,7.3));
#8594=CARTESIAN_POINT('Ctrl Pts',(-0.400068261184647,1.48181756851432,7.3));
#8595=CARTESIAN_POINT('Ctrl Pts',(-0.400068261184647,1.41217764633256,7.3));
#8596=CARTESIAN_POINT('Ctrl Pts',(-0.390693517981325,1.3579389032459,7.3));
#8597=CARTESIAN_POINT('',(-0.400068261184647,1.48181756851432,7.2));
#8598=CARTESIAN_POINT('',(-0.400068261184647,1.48181756851432,7.3));
#8599=CARTESIAN_POINT('Ctrl Pts',(-0.400068261184647,1.48181756851432,7.2));
#8600=CARTESIAN_POINT('Ctrl Pts',(-0.400068261184647,1.41217764633256,7.2));
#8601=CARTESIAN_POINT('Ctrl Pts',(-0.390693517981325,1.3579389032459,7.2));
#8602=CARTESIAN_POINT('Ctrl Pts',(-0.392033118464902,1.62779358592984,7.3));
#8603=CARTESIAN_POINT('Ctrl Pts',(-0.392033118464902,1.62779358592984,7.2));
#8604=CARTESIAN_POINT('Ctrl Pts',(-0.400068261184647,1.55614483075696,7.3));
#8605=CARTESIAN_POINT('Ctrl Pts',(-0.400068261184647,1.55614483075696,7.2));
#8606=CARTESIAN_POINT('Ctrl Pts',(-0.400068261184647,1.48181756851432,7.3));
#8607=CARTESIAN_POINT('Ctrl Pts',(-0.400068261184647,1.48181756851432,7.2));
#8608=CARTESIAN_POINT('',(-0.392033118464902,1.62779358592984,7.3));
#8609=CARTESIAN_POINT('Ctrl Pts',(-0.392033118464902,1.62779358592984,7.3));
#8610=CARTESIAN_POINT('Ctrl Pts',(-0.400068261184647,1.55614483075696,7.3));
#8611=CARTESIAN_POINT('Ctrl Pts',(-0.400068261184647,1.48181756851432,7.3));
#8612=CARTESIAN_POINT('',(-0.392033118464902,1.62779358592984,7.2));
#8613=CARTESIAN_POINT('',(-0.392033118464902,1.62779358592984,7.3));
#8614=CARTESIAN_POINT('Ctrl Pts',(-0.392033118464902,1.62779358592984,7.2));
#8615=CARTESIAN_POINT('Ctrl Pts',(-0.400068261184647,1.55614483075696,7.2));
#8616=CARTESIAN_POINT('Ctrl Pts',(-0.400068261184647,1.48181756851432,7.2));
#8617=CARTESIAN_POINT('Ctrl Pts',(-0.367257259248053,1.75033309228577,7.3));
#8618=CARTESIAN_POINT('Ctrl Pts',(-0.367257259248053,1.75033309228577,7.2));
#8619=CARTESIAN_POINT('Ctrl Pts',(-0.383328049340203,1.6994420887764,7.3));
#8620=CARTESIAN_POINT('Ctrl Pts',(-0.383328049340203,1.6994420887764,7.2));
#8621=CARTESIAN_POINT('Ctrl Pts',(-0.392033118464902,1.62779358592984,7.3));
#8622=CARTESIAN_POINT('Ctrl Pts',(-0.392033118464902,1.62779358592984,7.2));
#8623=CARTESIAN_POINT('',(-0.367257259248053,1.75033309228577,7.3));
#8624=CARTESIAN_POINT('Ctrl Pts',(-0.367257259248053,1.75033309228577,7.3));
#8625=CARTESIAN_POINT('Ctrl Pts',(-0.383328049340203,1.6994420887764,7.3));
#8626=CARTESIAN_POINT('Ctrl Pts',(-0.392033118464902,1.62779358592984,7.3));
#8627=CARTESIAN_POINT('',(-0.367257259248053,1.75033309228577,7.2));
#8628=CARTESIAN_POINT('',(-0.367257259248053,1.75033309228577,7.3));
#8629=CARTESIAN_POINT('Ctrl Pts',(-0.367257259248053,1.75033309228577,7.2));
#8630=CARTESIAN_POINT('Ctrl Pts',(-0.383328049340203,1.6994420887764,7.2));
#8631=CARTESIAN_POINT('Ctrl Pts',(-0.392033118464902,1.62779358592984,7.2));
#8632=CARTESIAN_POINT('Ctrl Pts',(-0.332437171994005,1.83403490848698,7.3));
#8633=CARTESIAN_POINT('Ctrl Pts',(-0.332437171994005,1.83403490848698,7.2));
#8634=CARTESIAN_POINT('Ctrl Pts',(-0.350516668914114,1.80189342292505,7.3));
#8635=CARTESIAN_POINT('Ctrl Pts',(-0.350516668914114,1.80189342292505,7.2));
#8636=CARTESIAN_POINT('Ctrl Pts',(-0.367257259248053,1.75033309228577,7.3));
#8637=CARTESIAN_POINT('Ctrl Pts',(-0.367257259248053,1.75033309228577,7.2));
#8638=CARTESIAN_POINT('',(-0.332437171994005,1.83403490848698,7.3));
#8639=CARTESIAN_POINT('Ctrl Pts',(-0.332437171994005,1.83403490848698,7.3));
#8640=CARTESIAN_POINT('Ctrl Pts',(-0.350516668914114,1.80189342292505,7.3));
#8641=CARTESIAN_POINT('Ctrl Pts',(-0.367257259248053,1.75033309228577,7.3));
#8642=CARTESIAN_POINT('',(-0.332437171994005,1.83403490848698,7.2));
#8643=CARTESIAN_POINT('',(-0.332437171994005,1.83403490848698,7.3));
#8644=CARTESIAN_POINT('Ctrl Pts',(-0.332437171994005,1.83403490848698,7.2));
#8645=CARTESIAN_POINT('Ctrl Pts',(-0.350516668914114,1.80189342292505,7.2));
#8646=CARTESIAN_POINT('Ctrl Pts',(-0.367257259248053,1.75033309228577,7.2));
#8647=CARTESIAN_POINT('Ctrl Pts',(-0.287572730539595,1.89028254764634,7.3));
#8648=CARTESIAN_POINT('Ctrl Pts',(-0.287572730539595,1.89028254764634,7.2));
#8649=CARTESIAN_POINT('Ctrl Pts',(-0.314357107339655,1.86617636250811,7.3));
#8650=CARTESIAN_POINT('Ctrl Pts',(-0.314357107339655,1.86617636250811,7.2));
#8651=CARTESIAN_POINT('Ctrl Pts',(-0.332437171994005,1.83403490848698,7.3));
#8652=CARTESIAN_POINT('Ctrl Pts',(-0.332437171994005,1.83403490848698,7.2));
#8653=CARTESIAN_POINT('',(-0.287572730539595,1.89028254764634,7.3));
#8654=CARTESIAN_POINT('Ctrl Pts',(-0.287572730539595,1.89028254764634,7.3));
#8655=CARTESIAN_POINT('Ctrl Pts',(-0.314357107339655,1.86617636250811,7.3));
#8656=CARTESIAN_POINT('Ctrl Pts',(-0.332437171994005,1.83403490848698,7.3));
#8657=CARTESIAN_POINT('',(-0.287572730539595,1.89028254764634,7.2));
#8658=CARTESIAN_POINT('',(-0.287572730539595,1.89028254764634,7.3));
#8659=CARTESIAN_POINT('Ctrl Pts',(-0.287572730539595,1.89028254764634,7.2));
#8660=CARTESIAN_POINT('Ctrl Pts',(-0.314357107339655,1.86617636250811,7.2));
#8661=CARTESIAN_POINT('Ctrl Pts',(-0.332437171994005,1.83403490848698,7.2));
#8662=CARTESIAN_POINT('Ctrl Pts',(-0.231994702377274,1.92577211973426,7.3));
#8663=CARTESIAN_POINT('Ctrl Pts',(-0.231994702377274,1.92577211973426,7.2));
#8664=CARTESIAN_POINT('Ctrl Pts',(-0.260788290657952,1.91438870124377,7.3));
#8665=CARTESIAN_POINT('Ctrl Pts',(-0.260788290657952,1.91438870124377,7.2));
#8666=CARTESIAN_POINT('Ctrl Pts',(-0.287572730539595,1.89028254764634,7.3));
#8667=CARTESIAN_POINT('Ctrl Pts',(-0.287572730539595,1.89028254764634,7.2));
#8668=CARTESIAN_POINT('',(-0.231994702377274,1.92577211973426,7.3));
#8669=CARTESIAN_POINT('Ctrl Pts',(-0.231994702377274,1.92577211973426,7.3));
#8670=CARTESIAN_POINT('Ctrl Pts',(-0.260788290657952,1.91438870124377,7.3));
#8671=CARTESIAN_POINT('Ctrl Pts',(-0.287572730539595,1.89028254764634,7.3));
#8672=CARTESIAN_POINT('',(-0.231994702377274,1.92577211973426,7.2));
#8673=CARTESIAN_POINT('',(-0.231994702377274,1.92577211973426,7.3));
#8674=CARTESIAN_POINT('Ctrl Pts',(-0.231994702377274,1.92577211973426,7.2));
#8675=CARTESIAN_POINT('Ctrl Pts',(-0.260788290657952,1.91438870124377,7.2));
#8676=CARTESIAN_POINT('Ctrl Pts',(-0.287572730539595,1.89028254764634,7.2));
#8677=CARTESIAN_POINT('Ctrl Pts',(-0.172399008232707,1.93715553822475,7.3));
#8678=CARTESIAN_POINT('Ctrl Pts',(-0.172399008232707,1.93715553822475,7.2));
#8679=CARTESIAN_POINT('Ctrl Pts',(-0.202531566181138,1.93715553822475,7.3));
#8680=CARTESIAN_POINT('Ctrl Pts',(-0.202531566181138,1.93715553822475,7.2));
#8681=CARTESIAN_POINT('Ctrl Pts',(-0.231994702377274,1.92577211973426,7.3));
#8682=CARTESIAN_POINT('Ctrl Pts',(-0.231994702377274,1.92577211973426,7.2));
#8683=CARTESIAN_POINT('',(-0.172399008232707,1.93715553822475,7.3));
#8684=CARTESIAN_POINT('Ctrl Pts',(-0.172399008232707,1.93715553822475,7.3));
#8685=CARTESIAN_POINT('Ctrl Pts',(-0.202531566181138,1.93715553822475,7.3));
#8686=CARTESIAN_POINT('Ctrl Pts',(-0.231994702377274,1.92577211973426,7.3));
#8687=CARTESIAN_POINT('',(-0.172399008232707,1.93715553822475,7.2));
#8688=CARTESIAN_POINT('',(-0.172399008232707,1.93715553822475,7.3));
#8689=CARTESIAN_POINT('Ctrl Pts',(-0.172399008232707,1.93715553822475,7.2));
#8690=CARTESIAN_POINT('Ctrl Pts',(-0.202531566181138,1.93715553822475,7.2));
#8691=CARTESIAN_POINT('Ctrl Pts',(-0.231994702377274,1.92577211973426,7.2));
#8692=CARTESIAN_POINT('Ctrl Pts',(-0.114814733424142,1.9264417307313,7.3));
#8693=CARTESIAN_POINT('Ctrl Pts',(-0.114814733424142,1.9264417307313,7.2));
#8694=CARTESIAN_POINT('Ctrl Pts',(-0.141599299468949,1.93715553822475,7.3));
#8695=CARTESIAN_POINT('Ctrl Pts',(-0.141599299468949,1.93715553822475,7.2));
#8696=CARTESIAN_POINT('Ctrl Pts',(-0.172399008232707,1.93715553822475,7.3));
#8697=CARTESIAN_POINT('Ctrl Pts',(-0.172399008232707,1.93715553822475,7.2));
#8698=CARTESIAN_POINT('Ctrl Pts',(-0.114814733424142,1.9264417307313,7.3));
#8699=CARTESIAN_POINT('Ctrl Pts',(-0.141599299468949,1.93715553822475,7.3));
#8700=CARTESIAN_POINT('Ctrl Pts',(-0.172399008232707,1.93715553822475,7.3));
#8701=CARTESIAN_POINT('Ctrl Pts',(-0.114814733424142,1.9264417307313,7.2));
#8702=CARTESIAN_POINT('Ctrl Pts',(-0.141599299468949,1.93715553822475,7.2));
#8703=CARTESIAN_POINT('Ctrl Pts',(-0.172399008232707,1.93715553822475,7.2));
#8704=CARTESIAN_POINT('Ctrl Pts',(-0.498503916420891,1.69274623113232,7.3));
#8705=CARTESIAN_POINT('Ctrl Pts',(-0.498503916420891,1.69274623113232,7.2));
#8706=CARTESIAN_POINT('Ctrl Pts',(-0.477746038594201,1.7958668608701,7.3));
#8707=CARTESIAN_POINT('Ctrl Pts',(-0.477746038594201,1.7958668608701,7.2));
#8708=CARTESIAN_POINT('Ctrl Pts',(-0.434890556294078,1.87220292456306,7.3));
#8709=CARTESIAN_POINT('Ctrl Pts',(-0.434890556294078,1.87220292456306,7.2));
#8710=CARTESIAN_POINT('',(-0.498503916420891,1.69274623113232,7.3));
#8711=CARTESIAN_POINT('',(-0.434890556294078,1.87220292456306,7.3));
#8712=CARTESIAN_POINT('Ctrl Pts',(-0.498503916420891,1.69274623113232,7.3));
#8713=CARTESIAN_POINT('Ctrl Pts',(-0.477746038594201,1.7958668608701,7.3));
#8714=CARTESIAN_POINT('Ctrl Pts',(-0.434890556294078,1.87220292456306,7.3));
#8715=CARTESIAN_POINT('',(-0.498503916420891,1.69274623113232,7.2));
#8716=CARTESIAN_POINT('',(-0.498503916420891,1.69274623113232,7.3));
#8717=CARTESIAN_POINT('',(-0.434890556294078,1.87220292456306,7.2));
#8718=CARTESIAN_POINT('Ctrl Pts',(-0.498503916420891,1.69274623113232,7.2));
#8719=CARTESIAN_POINT('Ctrl Pts',(-0.477746038594201,1.7958668608701,7.2));
#8720=CARTESIAN_POINT('Ctrl Pts',(-0.434890556294078,1.87220292456306,7.2));
#8721=CARTESIAN_POINT('',(-0.434890556294078,1.87220292456306,7.3));
#8722=CARTESIAN_POINT('Ctrl Pts',(-0.5185926879032,1.48583529757815,7.3));
#8723=CARTESIAN_POINT('Ctrl Pts',(-0.5185926879032,1.48583529757815,7.2));
#8724=CARTESIAN_POINT('Ctrl Pts',(-0.5185926879032,1.5902951808508,7.3));
#8725=CARTESIAN_POINT('Ctrl Pts',(-0.5185926879032,1.5902951808508,7.2));
#8726=CARTESIAN_POINT('Ctrl Pts',(-0.498503916420891,1.69274623113232,7.3));
#8727=CARTESIAN_POINT('Ctrl Pts',(-0.498503916420891,1.69274623113232,7.2));
#8728=CARTESIAN_POINT('',(-0.5185926879032,1.48583529757815,7.3));
#8729=CARTESIAN_POINT('Ctrl Pts',(-0.5185926879032,1.48583529757815,7.3));
#8730=CARTESIAN_POINT('Ctrl Pts',(-0.5185926879032,1.5902951808508,7.3));
#8731=CARTESIAN_POINT('Ctrl Pts',(-0.498503916420891,1.69274623113232,7.3));
#8732=CARTESIAN_POINT('',(-0.5185926879032,1.48583529757815,7.2));
#8733=CARTESIAN_POINT('',(-0.5185926879032,1.48583529757815,7.3));
#8734=CARTESIAN_POINT('Ctrl Pts',(-0.5185926879032,1.48583529757815,7.2));
#8735=CARTESIAN_POINT('Ctrl Pts',(-0.5185926879032,1.5902951808508,7.2));
#8736=CARTESIAN_POINT('Ctrl Pts',(-0.498503916420891,1.69274623113232,7.2));
#8737=CARTESIAN_POINT('Ctrl Pts',(-0.483102800407365,1.26821052498974,7.3));
#8738=CARTESIAN_POINT('Ctrl Pts',(-0.483102800407365,1.26821052498974,7.2));
#8739=CARTESIAN_POINT('Ctrl Pts',(-0.5185926879032,1.3612869582311,7.3));
#8740=CARTESIAN_POINT('Ctrl Pts',(-0.5185926879032,1.3612869582311,7.2));
#8741=CARTESIAN_POINT('Ctrl Pts',(-0.5185926879032,1.48583529757815,7.3));
#8742=CARTESIAN_POINT('Ctrl Pts',(-0.5185926879032,1.48583529757815,7.2));
#8743=CARTESIAN_POINT('',(-0.483102800407365,1.26821052498974,7.3));
#8744=CARTESIAN_POINT('Ctrl Pts',(-0.483102800407365,1.26821052498974,7.3));
#8745=CARTESIAN_POINT('Ctrl Pts',(-0.5185926879032,1.3612869582311,7.3));
#8746=CARTESIAN_POINT('Ctrl Pts',(-0.5185926879032,1.48583529757815,7.3));
#8747=CARTESIAN_POINT('',(-0.483102800407365,1.26821052498974,7.2));
#8748=CARTESIAN_POINT('',(-0.483102800407365,1.26821052498974,7.3));
#8749=CARTESIAN_POINT('Ctrl Pts',(-0.483102800407365,1.26821052498974,7.2));
#8750=CARTESIAN_POINT('Ctrl Pts',(-0.5185926879032,1.3612869582311,7.2));
#8751=CARTESIAN_POINT('Ctrl Pts',(-0.5185926879032,1.48583529757815,7.2));
#8752=CARTESIAN_POINT('Ctrl Pts',(-0.377303253569558,1.12692203687983,7.3));
#8753=CARTESIAN_POINT('Ctrl Pts',(-0.377303253569558,1.12692203687983,7.2));
#8754=CARTESIAN_POINT('Ctrl Pts',(-0.4469436173224,1.17513402866679,7.3));
#8755=CARTESIAN_POINT('Ctrl Pts',(-0.4469436173224,1.17513402866679,7.2));
#8756=CARTESIAN_POINT('Ctrl Pts',(-0.483102800407365,1.26821052498974,7.3));
#8757=CARTESIAN_POINT('Ctrl Pts',(-0.483102800407365,1.26821052498974,7.2));
#8758=CARTESIAN_POINT('',(-0.377303253569558,1.12692203687983,7.3));
#8759=CARTESIAN_POINT('Ctrl Pts',(-0.377303253569558,1.12692203687983,7.3));
#8760=CARTESIAN_POINT('Ctrl Pts',(-0.4469436173224,1.17513402866679,7.3));
#8761=CARTESIAN_POINT('Ctrl Pts',(-0.483102800407365,1.26821052498974,7.3));
#8762=CARTESIAN_POINT('',(-0.377303253569558,1.12692203687983,7.2));
#8763=CARTESIAN_POINT('',(-0.377303253569558,1.12692203687983,7.3));
#8764=CARTESIAN_POINT('Ctrl Pts',(-0.377303253569558,1.12692203687983,7.2));
#8765=CARTESIAN_POINT('Ctrl Pts',(-0.4469436173224,1.17513402866679,7.2));
#8766=CARTESIAN_POINT('Ctrl Pts',(-0.483102800407365,1.26821052498974,7.2));
#8767=CARTESIAN_POINT('Ctrl Pts',(-0.21123884316122,1.07937908835567,7.3));
#8768=CARTESIAN_POINT('Ctrl Pts',(-0.21123884316122,1.07937908835567,7.2));
#8769=CARTESIAN_POINT('Ctrl Pts',(-0.307663394469375,1.07937908835567,7.3));
#8770=CARTESIAN_POINT('Ctrl Pts',(-0.307663394469375,1.07937908835567,7.2));
#8771=CARTESIAN_POINT('Ctrl Pts',(-0.377303253569558,1.12692203687983,7.3));
#8772=CARTESIAN_POINT('Ctrl Pts',(-0.377303253569558,1.12692203687983,7.2));
#8773=CARTESIAN_POINT('',(-0.21123884316122,1.07937908835567,7.3));
#8774=CARTESIAN_POINT('Ctrl Pts',(-0.21123884316122,1.07937908835567,7.3));
#8775=CARTESIAN_POINT('Ctrl Pts',(-0.307663394469375,1.07937908835567,7.3));
#8776=CARTESIAN_POINT('Ctrl Pts',(-0.377303253569558,1.12692203687983,7.3));
#8777=CARTESIAN_POINT('',(-0.21123884316122,1.07937908835567,7.2));
#8778=CARTESIAN_POINT('',(-0.21123884316122,1.07937908835567,7.3));
#8779=CARTESIAN_POINT('Ctrl Pts',(-0.21123884316122,1.07937908835567,7.2));
#8780=CARTESIAN_POINT('Ctrl Pts',(-0.307663394469375,1.07937908835567,7.2));
#8781=CARTESIAN_POINT('Ctrl Pts',(-0.377303253569558,1.12692203687983,7.2));
#8782=CARTESIAN_POINT('Ctrl Pts',(-0.0585666526937034,1.11620788243768,
7.3));
#8783=CARTESIAN_POINT('Ctrl Pts',(-0.0585666526937034,1.11620788243768,
7.2));
#8784=CARTESIAN_POINT('Ctrl Pts',(-0.128876248954092,1.07937908835567,7.3));
#8785=CARTESIAN_POINT('Ctrl Pts',(-0.128876248954092,1.07937908835567,7.2));
#8786=CARTESIAN_POINT('Ctrl Pts',(-0.21123884316122,1.07937908835567,7.3));
#8787=CARTESIAN_POINT('Ctrl Pts',(-0.21123884316122,1.07937908835567,7.2));
#8788=CARTESIAN_POINT('',(-0.0585666526937034,1.11620788243768,7.3));
#8789=CARTESIAN_POINT('Ctrl Pts',(-0.0585666526937034,1.11620788243768,
7.3));
#8790=CARTESIAN_POINT('Ctrl Pts',(-0.128876248954092,1.07937908835567,7.3));
#8791=CARTESIAN_POINT('Ctrl Pts',(-0.21123884316122,1.07937908835567,7.3));
#8792=CARTESIAN_POINT('',(-0.0585666526937034,1.11620788243768,7.2));
#8793=CARTESIAN_POINT('',(-0.0585666526937034,1.11620788243768,7.3));
#8794=CARTESIAN_POINT('Ctrl Pts',(-0.0585666526937034,1.11620788243768,
7.2));
#8795=CARTESIAN_POINT('Ctrl Pts',(-0.128876248954092,1.07937908835567,7.2));
#8796=CARTESIAN_POINT('Ctrl Pts',(-0.21123884316122,1.07937908835567,7.2));
#8797=CARTESIAN_POINT('Ctrl Pts',(0.0525892774677728,1.2253551057712,7.3));
#8798=CARTESIAN_POINT('Ctrl Pts',(0.0525892774677728,1.2253551057712,7.2));
#8799=CARTESIAN_POINT('Ctrl Pts',(0.0117426912403559,1.15303667651969,7.3));
#8800=CARTESIAN_POINT('Ctrl Pts',(0.0117426912403559,1.15303667651969,7.2));
#8801=CARTESIAN_POINT('Ctrl Pts',(-0.0585666526937034,1.11620788243768,
7.3));
#8802=CARTESIAN_POINT('Ctrl Pts',(-0.0585666526937034,1.11620788243768,
7.2));
#8803=CARTESIAN_POINT('',(0.0525892774677728,1.2253551057712,7.3));
#8804=CARTESIAN_POINT('Ctrl Pts',(0.0525892774677728,1.2253551057712,7.3));
#8805=CARTESIAN_POINT('Ctrl Pts',(0.0117426912403559,1.15303667651969,7.3));
#8806=CARTESIAN_POINT('Ctrl Pts',(-0.0585666526937034,1.11620788243768,
7.3));
#8807=CARTESIAN_POINT('',(0.0525892774677728,1.2253551057712,7.2));
#8808=CARTESIAN_POINT('',(0.0525892774677728,1.2253551057712,7.3));
#8809=CARTESIAN_POINT('Ctrl Pts',(0.0525892774677728,1.2253551057712,7.2));
#8810=CARTESIAN_POINT('Ctrl Pts',(0.0117426912403559,1.15303667651969,7.2));
#8811=CARTESIAN_POINT('Ctrl Pts',(-0.0585666526937034,1.11620788243768,
7.2));
#8812=CARTESIAN_POINT('Ctrl Pts',(0.115533215842292,1.39878530022857,7.3));
#8813=CARTESIAN_POINT('Ctrl Pts',(0.115533215842292,1.39878530022857,7.2));
#8814=CARTESIAN_POINT('Ctrl Pts',(0.0941055377738134,1.29767347194113,7.3));
#8815=CARTESIAN_POINT('Ctrl Pts',(0.0941055377738134,1.29767347194113,7.2));
#8816=CARTESIAN_POINT('Ctrl Pts',(0.0525892774677728,1.2253551057712,7.3));
#8817=CARTESIAN_POINT('Ctrl Pts',(0.0525892774677728,1.2253551057712,7.2));
#8818=CARTESIAN_POINT('',(0.115533215842292,1.39878530022857,7.3));
#8819=CARTESIAN_POINT('Ctrl Pts',(0.115533215842292,1.39878530022857,7.3));
#8820=CARTESIAN_POINT('Ctrl Pts',(0.0941055377738134,1.29767347194113,7.3));
#8821=CARTESIAN_POINT('Ctrl Pts',(0.0525892774677728,1.2253551057712,7.3));
#8822=CARTESIAN_POINT('',(0.115533215842292,1.39878530022857,7.2));
#8823=CARTESIAN_POINT('',(0.115533215842292,1.39878530022857,7.3));
#8824=CARTESIAN_POINT('Ctrl Pts',(0.115533215842292,1.39878530022857,7.2));
#8825=CARTESIAN_POINT('Ctrl Pts',(0.0941055377738134,1.29767347194113,7.2));
#8826=CARTESIAN_POINT('Ctrl Pts',(0.0525892774677728,1.2253551057712,7.2));
#8827=CARTESIAN_POINT('Ctrl Pts',(0.136960767747606,1.60234817879754,7.3));
#8828=CARTESIAN_POINT('Ctrl Pts',(0.136960767747606,1.60234817879754,7.2));
#8829=CARTESIAN_POINT('Ctrl Pts',(0.136960767747606,1.49989712851601,7.3));
#8830=CARTESIAN_POINT('Ctrl Pts',(0.136960767747606,1.49989712851601,7.2));
#8831=CARTESIAN_POINT('Ctrl Pts',(0.115533215842292,1.39878530022857,7.3));
#8832=CARTESIAN_POINT('Ctrl Pts',(0.115533215842292,1.39878530022857,7.2));
#8833=CARTESIAN_POINT('',(0.136960767747606,1.60234817879754,7.3));
#8834=CARTESIAN_POINT('Ctrl Pts',(0.136960767747606,1.60234817879754,7.3));
#8835=CARTESIAN_POINT('Ctrl Pts',(0.136960767747606,1.49989712851601,7.3));
#8836=CARTESIAN_POINT('Ctrl Pts',(0.115533215842292,1.39878530022857,7.3));
#8837=CARTESIAN_POINT('',(0.136960767747606,1.60234817879754,7.2));
#8838=CARTESIAN_POINT('',(0.136960767747606,1.60234817879754,7.3));
#8839=CARTESIAN_POINT('Ctrl Pts',(0.136960767747606,1.60234817879754,7.2));
#8840=CARTESIAN_POINT('Ctrl Pts',(0.136960767747606,1.49989712851601,7.2));
#8841=CARTESIAN_POINT('Ctrl Pts',(0.115533215842292,1.39878530022857,7.2));
#8842=CARTESIAN_POINT('Ctrl Pts',(0.123568295480455,1.74765458521602,7.3));
#8843=CARTESIAN_POINT('Ctrl Pts',(0.123568295480455,1.74765458521602,7.2));
#8844=CARTESIAN_POINT('Ctrl Pts',(0.136960767747606,1.67935388502834,7.3));
#8845=CARTESIAN_POINT('Ctrl Pts',(0.136960767747606,1.67935388502834,7.2));
#8846=CARTESIAN_POINT('Ctrl Pts',(0.136960767747606,1.60234817879754,7.3));
#8847=CARTESIAN_POINT('Ctrl Pts',(0.136960767747606,1.60234817879754,7.2));
#8848=CARTESIAN_POINT('',(0.123568295480455,1.74765458521602,7.3));
#8849=CARTESIAN_POINT('Ctrl Pts',(0.123568295480455,1.74765458521602,7.3));
#8850=CARTESIAN_POINT('Ctrl Pts',(0.136960767747606,1.67935388502834,7.3));
#8851=CARTESIAN_POINT('Ctrl Pts',(0.136960767747606,1.60234817879754,7.3));
#8852=CARTESIAN_POINT('',(0.123568295480455,1.74765458521602,7.2));
#8853=CARTESIAN_POINT('',(0.123568295480455,1.74765458521602,7.3));
#8854=CARTESIAN_POINT('Ctrl Pts',(0.123568295480455,1.74765458521602,7.2));
#8855=CARTESIAN_POINT('Ctrl Pts',(0.136960767747606,1.67935388502834,7.2));
#8856=CARTESIAN_POINT('Ctrl Pts',(0.136960767747606,1.60234817879754,7.2));
#8857=CARTESIAN_POINT('Ctrl Pts',(0.0820519090112504,1.87354214655715,7.3));
#8858=CARTESIAN_POINT('Ctrl Pts',(0.0820519090112504,1.87354214655715,7.2));
#8859=CARTESIAN_POINT('Ctrl Pts',(0.110845497291928,1.81662489640074,7.3));
#8860=CARTESIAN_POINT('Ctrl Pts',(0.110845497291928,1.81662489640074,7.2));
#8861=CARTESIAN_POINT('Ctrl Pts',(0.123568295480455,1.74765458521602,7.3));
#8862=CARTESIAN_POINT('Ctrl Pts',(0.123568295480455,1.74765458521602,7.2));
#8863=CARTESIAN_POINT('',(0.0820519090112504,1.87354214655715,7.3));
#8864=CARTESIAN_POINT('Ctrl Pts',(0.0820519090112504,1.87354214655715,7.3));
#8865=CARTESIAN_POINT('Ctrl Pts',(0.110845497291928,1.81662489640074,7.3));
#8866=CARTESIAN_POINT('Ctrl Pts',(0.123568295480455,1.74765458521602,7.3));
#8867=CARTESIAN_POINT('',(0.0820519090112504,1.87354214655715,7.2));
#8868=CARTESIAN_POINT('',(0.0820519090112504,1.87354214655715,7.3));
#8869=CARTESIAN_POINT('Ctrl Pts',(0.0820519090112504,1.87354214655715,7.2));
#8870=CARTESIAN_POINT('Ctrl Pts',(0.110845497291928,1.81662489640074,7.2));
#8871=CARTESIAN_POINT('Ctrl Pts',(0.123568295480455,1.74765458521602,7.2));
#8872=CARTESIAN_POINT('Ctrl Pts',(0.0110727648354028,1.96394013581035,7.3));
#8873=CARTESIAN_POINT('Ctrl Pts',(0.0110727648354028,1.96394013581035,7.2));
#8874=CARTESIAN_POINT('Ctrl Pts',(0.0539279948091959,1.93045936517276,7.3));
#8875=CARTESIAN_POINT('Ctrl Pts',(0.0539279948091959,1.93045936517276,7.2));
#8876=CARTESIAN_POINT('Ctrl Pts',(0.0820519090112504,1.87354214655715,7.3));
#8877=CARTESIAN_POINT('Ctrl Pts',(0.0820519090112504,1.87354214655715,7.2));
#8878=CARTESIAN_POINT('',(0.0110727648354028,1.96394013581035,7.3));
#8879=CARTESIAN_POINT('Ctrl Pts',(0.0110727648354028,1.96394013581035,7.3));
#8880=CARTESIAN_POINT('Ctrl Pts',(0.0539279948091959,1.93045936517276,7.3));
#8881=CARTESIAN_POINT('Ctrl Pts',(0.0820519090112504,1.87354214655715,7.3));
#8882=CARTESIAN_POINT('',(0.0110727648354028,1.96394013581035,7.2));
#8883=CARTESIAN_POINT('',(0.0110727648354028,1.96394013581035,7.3));
#8884=CARTESIAN_POINT('Ctrl Pts',(0.0110727648354028,1.96394013581035,7.2));
#8885=CARTESIAN_POINT('Ctrl Pts',(0.0539279948091959,1.93045936517276,7.2));
#8886=CARTESIAN_POINT('Ctrl Pts',(0.0820519090112504,1.87354214655715,7.2));
#8887=CARTESIAN_POINT('Ctrl Pts',(-0.0753074953539715,2.01014356270291,
7.3));
#8888=CARTESIAN_POINT('Ctrl Pts',(-0.0753074953539715,2.01014356270291,
7.2));
#8889=CARTESIAN_POINT('Ctrl Pts',(-0.0311127910597667,1.99809050167459,
7.3));
#8890=CARTESIAN_POINT('Ctrl Pts',(-0.0311127910597667,1.99809050167459,
7.2));
#8891=CARTESIAN_POINT('Ctrl Pts',(0.0110727648354028,1.96394013581035,7.3));
#8892=CARTESIAN_POINT('Ctrl Pts',(0.0110727648354028,1.96394013581035,7.2));
#8893=CARTESIAN_POINT('',(-0.0753074953539715,2.01014356270291,7.3));
#8894=CARTESIAN_POINT('Ctrl Pts',(-0.0753074953539715,2.01014356270291,
7.3));
#8895=CARTESIAN_POINT('Ctrl Pts',(-0.0311127910597667,1.99809050167459,
7.3));
#8896=CARTESIAN_POINT('Ctrl Pts',(0.0110727648354028,1.96394013581035,7.3));
#8897=CARTESIAN_POINT('',(-0.0753074953539715,2.01014356270291,7.2));
#8898=CARTESIAN_POINT('',(-0.0753074953539715,2.01014356270291,7.3));
#8899=CARTESIAN_POINT('Ctrl Pts',(-0.0753074953539715,2.01014356270291,
7.2));
#8900=CARTESIAN_POINT('Ctrl Pts',(-0.0311127910597667,1.99809050167459,
7.2));
#8901=CARTESIAN_POINT('Ctrl Pts',(0.0110727648354028,1.96394013581035,7.2));
#8902=CARTESIAN_POINT('Ctrl Pts',(-0.168383865513756,2.02286623472827,7.3));
#8903=CARTESIAN_POINT('Ctrl Pts',(-0.168383865513756,2.02286623472827,7.2));
#8904=CARTESIAN_POINT('Ctrl Pts',(-0.118832399406388,2.02286623472827,7.3));
#8905=CARTESIAN_POINT('Ctrl Pts',(-0.118832399406388,2.02286623472827,7.2));
#8906=CARTESIAN_POINT('Ctrl Pts',(-0.0753074953539715,2.01014356270291,
7.3));
#8907=CARTESIAN_POINT('Ctrl Pts',(-0.0753074953539715,2.01014356270291,
7.2));
#8908=CARTESIAN_POINT('',(-0.168383865513756,2.02286623472827,7.3));
#8909=CARTESIAN_POINT('Ctrl Pts',(-0.168383865513756,2.02286623472827,7.3));
#8910=CARTESIAN_POINT('Ctrl Pts',(-0.118832399406388,2.02286623472827,7.3));
#8911=CARTESIAN_POINT('Ctrl Pts',(-0.0753074953539715,2.01014356270291,
7.3));
#8912=CARTESIAN_POINT('',(-0.168383865513756,2.02286623472827,7.2));
#8913=CARTESIAN_POINT('',(-0.168383865513756,2.02286623472827,7.3));
#8914=CARTESIAN_POINT('Ctrl Pts',(-0.168383865513756,2.02286623472827,7.2));
#8915=CARTESIAN_POINT('Ctrl Pts',(-0.118832399406388,2.02286623472827,7.2));
#8916=CARTESIAN_POINT('Ctrl Pts',(-0.0753074953539715,2.01014356270291,
7.2));
#8917=CARTESIAN_POINT('Ctrl Pts',(-0.320386508065814,1.98603742487587,7.3));
#8918=CARTESIAN_POINT('Ctrl Pts',(-0.320386508065814,1.98603742487587,7.2));
#8919=CARTESIAN_POINT('Ctrl Pts',(-0.249407363889967,2.02286623472827,7.3));
#8920=CARTESIAN_POINT('Ctrl Pts',(-0.249407363889967,2.02286623472827,7.2));
#8921=CARTESIAN_POINT('Ctrl Pts',(-0.168383865513756,2.02286623472827,7.3));
#8922=CARTESIAN_POINT('Ctrl Pts',(-0.168383865513756,2.02286623472827,7.2));
#8923=CARTESIAN_POINT('',(-0.320386508065814,1.98603742487587,7.3));
#8924=CARTESIAN_POINT('Ctrl Pts',(-0.320386508065814,1.98603742487587,7.3));
#8925=CARTESIAN_POINT('Ctrl Pts',(-0.249407363889967,2.02286623472827,7.3));
#8926=CARTESIAN_POINT('Ctrl Pts',(-0.168383865513756,2.02286623472827,7.3));
#8927=CARTESIAN_POINT('',(-0.320386508065814,1.98603742487587,7.2));
#8928=CARTESIAN_POINT('',(-0.320386508065814,1.98603742487587,7.3));
#8929=CARTESIAN_POINT('Ctrl Pts',(-0.320386508065814,1.98603742487587,7.2));
#8930=CARTESIAN_POINT('Ctrl Pts',(-0.249407363889967,2.02286623472827,7.2));
#8931=CARTESIAN_POINT('Ctrl Pts',(-0.168383865513756,2.02286623472827,7.2));
#8932=CARTESIAN_POINT('Ctrl Pts',(-0.434890556294078,1.87220292456306,7.3));
#8933=CARTESIAN_POINT('Ctrl Pts',(-0.434890556294078,1.87220292456306,7.2));
#8934=CARTESIAN_POINT('Ctrl Pts',(-0.391365589160079,1.94920861502347,7.3));
#8935=CARTESIAN_POINT('Ctrl Pts',(-0.391365589160079,1.94920861502347,7.2));
#8936=CARTESIAN_POINT('Ctrl Pts',(-0.320386508065814,1.98603742487587,7.3));
#8937=CARTESIAN_POINT('Ctrl Pts',(-0.320386508065814,1.98603742487587,7.2));
#8938=CARTESIAN_POINT('Ctrl Pts',(-0.434890556294078,1.87220292456306,7.3));
#8939=CARTESIAN_POINT('Ctrl Pts',(-0.391365589160079,1.94920861502347,7.3));
#8940=CARTESIAN_POINT('Ctrl Pts',(-0.320386508065814,1.98603742487587,7.3));
#8941=CARTESIAN_POINT('Ctrl Pts',(-0.434890556294078,1.87220292456306,7.2));
#8942=CARTESIAN_POINT('Ctrl Pts',(-0.391365589160079,1.94920861502347,7.2));
#8943=CARTESIAN_POINT('Ctrl Pts',(-0.320386508065814,1.98603742487587,7.2));
#8944=CARTESIAN_POINT('Origin',(-0.190815960077797,1.55112266154197,7.2));
#8945=CARTESIAN_POINT('Origin',(0.972639455439295,1.29365580595888,7.3));
#8946=CARTESIAN_POINT('',(0.972639455439295,1.29365580595888,7.3));
#8947=CARTESIAN_POINT('',(0.972639455439295,1.21062360075471,7.3));
#8948=CARTESIAN_POINT('',(0.972639455439295,0.64682790297944,7.3));
#8949=CARTESIAN_POINT('',(0.972639455439295,1.29365580595888,7.2));
#8950=CARTESIAN_POINT('',(0.972639455439295,1.29365580595888,7.3));
#8951=CARTESIAN_POINT('',(0.972639455439295,1.21062360075471,7.2));
#8952=CARTESIAN_POINT('',(0.972639455439295,1.29365580595888,7.2));
#8953=CARTESIAN_POINT('',(0.972639455439295,1.21062360075471,7.3));
#8954=CARTESIAN_POINT('Ctrl Pts',(1.14539997581804,1.45838105745472,7.3));
#8955=CARTESIAN_POINT('Ctrl Pts',(1.14539997581804,1.45838105745472,7.2));
#8956=CARTESIAN_POINT('Ctrl Pts',(1.07776894970898,1.35392117418207,7.3));
#8957=CARTESIAN_POINT('Ctrl Pts',(1.07776894970898,1.35392117418207,7.2));
#8958=CARTESIAN_POINT('Ctrl Pts',(0.972639455439295,1.29365580595888,7.3));
#8959=CARTESIAN_POINT('Ctrl Pts',(0.972639455439295,1.29365580595888,7.2));
#8960=CARTESIAN_POINT('',(1.14539997581804,1.45838105745472,7.3));
#8961=CARTESIAN_POINT('Ctrl Pts',(1.14539997581804,1.45838105745472,7.3));
#8962=CARTESIAN_POINT('Ctrl Pts',(1.07776894970898,1.35392117418207,7.3));
#8963=CARTESIAN_POINT('Ctrl Pts',(0.972639455439295,1.29365580595888,7.3));
#8964=CARTESIAN_POINT('',(1.14539997581804,1.45838105745472,7.2));
#8965=CARTESIAN_POINT('',(1.14539997581804,1.45838105745472,7.3));
#8966=CARTESIAN_POINT('Ctrl Pts',(1.14539997581804,1.45838105745472,7.2));
#8967=CARTESIAN_POINT('Ctrl Pts',(1.07776894970898,1.35392117418207,7.2));
#8968=CARTESIAN_POINT('Ctrl Pts',(0.972639455439295,1.29365580595888,7.2));
#8969=CARTESIAN_POINT('Ctrl Pts',(1.21370067600573,1.69274619959153,7.3));
#8970=CARTESIAN_POINT('Ctrl Pts',(1.21370067600573,1.69274619959153,7.2));
#8971=CARTESIAN_POINT('Ctrl Pts',(1.21370067600573,1.56284094072737,7.3));
#8972=CARTESIAN_POINT('Ctrl Pts',(1.21370067600573,1.56284094072737,7.2));
#8973=CARTESIAN_POINT('Ctrl Pts',(1.14539997581804,1.45838105745472,7.3));
#8974=CARTESIAN_POINT('Ctrl Pts',(1.14539997581804,1.45838105745472,7.2));
#8975=CARTESIAN_POINT('',(1.21370067600573,1.69274619959153,7.3));
#8976=CARTESIAN_POINT('Ctrl Pts',(1.21370067600573,1.69274619959153,7.3));
#8977=CARTESIAN_POINT('Ctrl Pts',(1.21370067600573,1.56284094072737,7.3));
#8978=CARTESIAN_POINT('Ctrl Pts',(1.14539997581804,1.45838105745472,7.3));
#8979=CARTESIAN_POINT('',(1.21370067600573,1.69274619959153,7.2));
#8980=CARTESIAN_POINT('',(1.21370067600573,1.69274619959153,7.3));
#8981=CARTESIAN_POINT('Ctrl Pts',(1.21370067600573,1.69274619959153,7.2));
#8982=CARTESIAN_POINT('Ctrl Pts',(1.21370067600573,1.56284094072737,7.2));
#8983=CARTESIAN_POINT('Ctrl Pts',(1.14539997581804,1.45838105745472,7.2));
#8984=CARTESIAN_POINT('Ctrl Pts',(1.08781305158302,1.99474239937819,7.3));
#8985=CARTESIAN_POINT('Ctrl Pts',(1.08781305158302,1.99474239937819,7.2));
#8986=CARTESIAN_POINT('Ctrl Pts',(1.21370067600573,1.87755981253939,7.3));
#8987=CARTESIAN_POINT('Ctrl Pts',(1.21370067600573,1.87755981253939,7.2));
#8988=CARTESIAN_POINT('Ctrl Pts',(1.21370067600573,1.69274619959153,7.3));
#8989=CARTESIAN_POINT('Ctrl Pts',(1.21370067600573,1.69274619959153,7.2));
#8990=CARTESIAN_POINT('',(1.08781305158302,1.99474239937819,7.3));
#8991=CARTESIAN_POINT('Ctrl Pts',(1.08781305158302,1.99474239937819,7.3));
#8992=CARTESIAN_POINT('Ctrl Pts',(1.21370067600573,1.87755981253939,7.3));
#8993=CARTESIAN_POINT('Ctrl Pts',(1.21370067600573,1.69274619959153,7.3));
#8994=CARTESIAN_POINT('',(1.08781305158302,1.99474239937819,7.2));
#8995=CARTESIAN_POINT('',(1.08781305158302,1.99474239937819,7.3));
#8996=CARTESIAN_POINT('Ctrl Pts',(1.08781305158302,1.99474239937819,7.2));
#8997=CARTESIAN_POINT('Ctrl Pts',(1.21370067600573,1.87755981253939,7.2));
#8998=CARTESIAN_POINT('Ctrl Pts',(1.21370067600573,1.69274619959153,7.2));
#8999=CARTESIAN_POINT('Ctrl Pts',(0.758362800917671,2.1119249704466,7.3));
#9000=CARTESIAN_POINT('Ctrl Pts',(0.758362800917671,2.1119249704466,7.2));
#9001=CARTESIAN_POINT('Ctrl Pts',(0.962595101238932,2.1119249704466,7.3));
#9002=CARTESIAN_POINT('Ctrl Pts',(0.962595101238932,2.1119249704466,7.2));
#9003=CARTESIAN_POINT('Ctrl Pts',(1.08781305158302,1.99474239937819,7.3));
#9004=CARTESIAN_POINT('Ctrl Pts',(1.08781305158302,1.99474239937819,7.2));
#9005=CARTESIAN_POINT('',(0.758362800917671,2.1119249704466,7.3));
#9006=CARTESIAN_POINT('Ctrl Pts',(0.758362800917671,2.1119249704466,7.3));
#9007=CARTESIAN_POINT('Ctrl Pts',(0.962595101238932,2.1119249704466,7.3));
#9008=CARTESIAN_POINT('Ctrl Pts',(1.08781305158302,1.99474239937819,7.3));
#9009=CARTESIAN_POINT('',(0.758362800917671,2.1119249704466,7.2));
#9010=CARTESIAN_POINT('',(0.758362800917671,2.1119249704466,7.3));
#9011=CARTESIAN_POINT('Ctrl Pts',(0.758362800917671,2.1119249704466,7.2));
#9012=CARTESIAN_POINT('Ctrl Pts',(0.962595101238932,2.1119249704466,7.2));
#9013=CARTESIAN_POINT('Ctrl Pts',(1.08781305158302,1.99474239937819,7.2));
#9014=CARTESIAN_POINT('Ctrl Pts',(0.428242750010536,1.99474239937819,7.3));
#9015=CARTESIAN_POINT('Ctrl Pts',(0.428242750010536,1.99474239937819,7.2));
#9016=CARTESIAN_POINT('Ctrl Pts',(0.55413024827008,2.1119249704466,7.3));
#9017=CARTESIAN_POINT('Ctrl Pts',(0.55413024827008,2.1119249704466,7.2));
#9018=CARTESIAN_POINT('Ctrl Pts',(0.758362800917671,2.1119249704466,7.3));
#9019=CARTESIAN_POINT('Ctrl Pts',(0.758362800917671,2.1119249704466,7.2));
#9020=CARTESIAN_POINT('',(0.428242750010536,1.99474239937819,7.3));
#9021=CARTESIAN_POINT('Ctrl Pts',(0.428242750010536,1.99474239937819,7.3));
#9022=CARTESIAN_POINT('Ctrl Pts',(0.55413024827008,2.1119249704466,7.3));
#9023=CARTESIAN_POINT('Ctrl Pts',(0.758362800917671,2.1119249704466,7.3));
#9024=CARTESIAN_POINT('',(0.428242750010536,1.99474239937819,7.2));
#9025=CARTESIAN_POINT('',(0.428242750010536,1.99474239937819,7.3));
#9026=CARTESIAN_POINT('Ctrl Pts',(0.428242750010536,1.99474239937819,7.2));
#9027=CARTESIAN_POINT('Ctrl Pts',(0.55413024827008,2.1119249704466,7.2));
#9028=CARTESIAN_POINT('Ctrl Pts',(0.758362800917671,2.1119249704466,7.2));
#9029=CARTESIAN_POINT('Ctrl Pts',(0.30302479966645,1.69274619959153,7.3));
#9030=CARTESIAN_POINT('Ctrl Pts',(0.30302479966645,1.69274619959153,7.2));
#9031=CARTESIAN_POINT('Ctrl Pts',(0.30302479966645,1.87755981253939,7.3));
#9032=CARTESIAN_POINT('Ctrl Pts',(0.30302479966645,1.87755981253939,7.2));
#9033=CARTESIAN_POINT('Ctrl Pts',(0.428242750010536,1.99474239937819,7.3));
#9034=CARTESIAN_POINT('Ctrl Pts',(0.428242750010536,1.99474239937819,7.2));
#9035=CARTESIAN_POINT('',(0.30302479966645,1.69274619959153,7.3));
#9036=CARTESIAN_POINT('Ctrl Pts',(0.30302479966645,1.69274619959153,7.3));
#9037=CARTESIAN_POINT('Ctrl Pts',(0.30302479966645,1.87755981253939,7.3));
#9038=CARTESIAN_POINT('Ctrl Pts',(0.428242750010536,1.99474239937819,7.3));
#9039=CARTESIAN_POINT('',(0.30302479966645,1.69274619959153,7.2));
#9040=CARTESIAN_POINT('',(0.30302479966645,1.69274619959153,7.3));
#9041=CARTESIAN_POINT('Ctrl Pts',(0.30302479966645,1.69274619959153,7.2));
#9042=CARTESIAN_POINT('Ctrl Pts',(0.30302479966645,1.87755981253939,7.2));
#9043=CARTESIAN_POINT('Ctrl Pts',(0.428242750010536,1.99474239937819,7.2));
#9044=CARTESIAN_POINT('Ctrl Pts',(0.37065582577551,1.45838105745472,7.3));
#9045=CARTESIAN_POINT('Ctrl Pts',(0.37065582577551,1.45838105745472,7.2));
#9046=CARTESIAN_POINT('Ctrl Pts',(0.30302479966645,1.56284094072737,7.3));
#9047=CARTESIAN_POINT('Ctrl Pts',(0.30302479966645,1.56284094072737,7.2));
#9048=CARTESIAN_POINT('Ctrl Pts',(0.30302479966645,1.69274619959153,7.3));
#9049=CARTESIAN_POINT('Ctrl Pts',(0.30302479966645,1.69274619959153,7.2));
#9050=CARTESIAN_POINT('',(0.37065582577551,1.45838105745472,7.3));
#9051=CARTESIAN_POINT('Ctrl Pts',(0.37065582577551,1.45838105745472,7.3));
#9052=CARTESIAN_POINT('Ctrl Pts',(0.30302479966645,1.56284094072737,7.3));
#9053=CARTESIAN_POINT('Ctrl Pts',(0.30302479966645,1.69274619959153,7.3));
#9054=CARTESIAN_POINT('',(0.37065582577551,1.45838105745472,7.2));
#9055=CARTESIAN_POINT('',(0.37065582577551,1.45838105745472,7.3));
#9056=CARTESIAN_POINT('Ctrl Pts',(0.37065582577551,1.45838105745472,7.2));
#9057=CARTESIAN_POINT('Ctrl Pts',(0.30302479966645,1.56284094072737,7.2));
#9058=CARTESIAN_POINT('Ctrl Pts',(0.30302479966645,1.69274619959153,7.2));
#9059=CARTESIAN_POINT('Ctrl Pts',(0.544086020232882,1.29365580595888,7.3));
#9060=CARTESIAN_POINT('Ctrl Pts',(0.544086020232882,1.29365580595888,7.2));
#9061=CARTESIAN_POINT('Ctrl Pts',(0.438956525963193,1.35392117418207,7.3));
#9062=CARTESIAN_POINT('Ctrl Pts',(0.438956525963193,1.35392117418207,7.2));
#9063=CARTESIAN_POINT('Ctrl Pts',(0.37065582577551,1.45838105745472,7.3));
#9064=CARTESIAN_POINT('Ctrl Pts',(0.37065582577551,1.45838105745472,7.2));
#9065=CARTESIAN_POINT('',(0.544086020232882,1.29365580595888,7.3));
#9066=CARTESIAN_POINT('Ctrl Pts',(0.544086020232882,1.29365580595888,7.3));
#9067=CARTESIAN_POINT('Ctrl Pts',(0.438956525963193,1.35392117418207,7.3));
#9068=CARTESIAN_POINT('Ctrl Pts',(0.37065582577551,1.45838105745472,7.3));
#9069=CARTESIAN_POINT('',(0.544086020232882,1.29365580595888,7.2));
#9070=CARTESIAN_POINT('',(0.544086020232882,1.29365580595888,7.3));
#9071=CARTESIAN_POINT('Ctrl Pts',(0.544086020232882,1.29365580595888,7.2));
#9072=CARTESIAN_POINT('Ctrl Pts',(0.438956525963193,1.35392117418207,7.2));
#9073=CARTESIAN_POINT('Ctrl Pts',(0.37065582577551,1.45838105745472,7.2));
#9074=CARTESIAN_POINT('Origin',(0.544086020232882,1.21062360075471,7.3));
#9075=CARTESIAN_POINT('',(0.544086020232882,1.21062360075471,7.3));
#9076=CARTESIAN_POINT('',(0.544086020232881,0.605311800377355,7.3));
#9077=CARTESIAN_POINT('',(0.544086020232882,1.21062360075471,7.2));
#9078=CARTESIAN_POINT('',(0.544086020232882,1.21062360075471,7.3));
#9079=CARTESIAN_POINT('',(0.544086020232882,1.21062360075471,7.2));
#9080=CARTESIAN_POINT('Origin',(0.269543997488067,1.21062360075471,7.3));
#9081=CARTESIAN_POINT('',(0.269543997488067,1.21062360075471,7.3));
#9082=CARTESIAN_POINT('',(0.134771998744034,1.21062360075471,7.3));
#9083=CARTESIAN_POINT('',(0.269543997488067,1.21062360075471,7.2));
#9084=CARTESIAN_POINT('',(0.269543997488067,1.21062360075471,7.3));
#9085=CARTESIAN_POINT('',(0.269543997488067,1.21062360075471,7.2));
#9086=CARTESIAN_POINT('Origin',(0.269543997488067,1.09411065645374,7.3));
#9087=CARTESIAN_POINT('',(0.269543997488067,1.09411065645374,7.3));
#9088=CARTESIAN_POINT('',(0.269543997488067,0.547055328226871,7.3));
#9089=CARTESIAN_POINT('',(0.269543997488067,1.09411065645374,7.2));
#9090=CARTESIAN_POINT('',(0.269543997488067,1.09411065645374,7.3));
#9091=CARTESIAN_POINT('',(0.269543997488067,1.09411065645374,7.2));
#9092=CARTESIAN_POINT('Origin',(0.655242328883852,1.09411065645374,7.3));
#9093=CARTESIAN_POINT('',(0.655242328883852,1.09411065645374,7.3));
#9094=CARTESIAN_POINT('',(0.327621164441926,1.09411065645374,7.3));
#9095=CARTESIAN_POINT('',(0.655242328883852,1.09411065645374,7.2));
#9096=CARTESIAN_POINT('',(0.655242328883852,1.09411065645374,7.3));
#9097=CARTESIAN_POINT('',(0.655242328883852,1.09411065645374,7.2));
#9098=CARTESIAN_POINT('Origin',(0.655242328883852,1.35325156318503,7.3));
#9099=CARTESIAN_POINT('',(0.655242328883852,1.35325156318503,7.3));
#9100=CARTESIAN_POINT('',(0.655242328883852,0.676625781592515,7.3));
#9101=CARTESIAN_POINT('',(0.655242328883852,1.35325156318503,7.2));
#9102=CARTESIAN_POINT('',(0.655242328883852,1.35325156318503,7.3));
#9103=CARTESIAN_POINT('',(0.655242328883852,1.35325156318503,7.2));
#9104=CARTESIAN_POINT('Ctrl Pts',(0.575558178664889,1.40815985418714,7.3));
#9105=CARTESIAN_POINT('Ctrl Pts',(0.575558178664889,1.40815985418714,7.2));
#9106=CARTESIAN_POINT('Ctrl Pts',(0.615065290571894,1.37869652874626,7.3));
#9107=CARTESIAN_POINT('Ctrl Pts',(0.615065290571894,1.37869652874626,7.2));
#9108=CARTESIAN_POINT('Ctrl Pts',(0.655242328883852,1.35325156318503,7.3));
#9109=CARTESIAN_POINT('Ctrl Pts',(0.655242328883852,1.35325156318503,7.2));
#9110=CARTESIAN_POINT('',(0.575558178664889,1.40815985418714,7.3));
#9111=CARTESIAN_POINT('Ctrl Pts',(0.575558178664889,1.40815985418714,7.3));
#9112=CARTESIAN_POINT('Ctrl Pts',(0.615065290571894,1.37869652874626,7.3));
#9113=CARTESIAN_POINT('Ctrl Pts',(0.655242328883852,1.35325156318503,7.3));
#9114=CARTESIAN_POINT('',(0.575558178664889,1.40815985418714,7.2));
#9115=CARTESIAN_POINT('',(0.575558178664889,1.40815985418714,7.3));
#9116=CARTESIAN_POINT('Ctrl Pts',(0.575558178664889,1.40815985418714,7.2));
#9117=CARTESIAN_POINT('Ctrl Pts',(0.615065290571894,1.37869652874626,7.2));
#9118=CARTESIAN_POINT('Ctrl Pts',(0.655242328883852,1.35325156318503,7.2));
#9119=CARTESIAN_POINT('Ctrl Pts',(0.505918256483123,1.4757908802962,7.3));
#9120=CARTESIAN_POINT('Ctrl Pts',(0.505918256483123,1.4757908802962,7.2));
#9121=CARTESIAN_POINT('Ctrl Pts',(0.536050814431554,1.43762267497537,7.3));
#9122=CARTESIAN_POINT('Ctrl Pts',(0.536050814431554,1.43762267497537,7.2));
#9123=CARTESIAN_POINT('Ctrl Pts',(0.575558178664889,1.40815985418714,7.3));
#9124=CARTESIAN_POINT('Ctrl Pts',(0.575558178664889,1.40815985418714,7.2));
#9125=CARTESIAN_POINT('',(0.505918256483123,1.4757908802962,7.3));
#9126=CARTESIAN_POINT('Ctrl Pts',(0.505918256483123,1.4757908802962,7.3));
#9127=CARTESIAN_POINT('Ctrl Pts',(0.536050814431554,1.43762267497537,7.3));
#9128=CARTESIAN_POINT('Ctrl Pts',(0.575558178664889,1.40815985418714,7.3));
#9129=CARTESIAN_POINT('',(0.505918256483123,1.4757908802962,7.2));
#9130=CARTESIAN_POINT('',(0.505918256483123,1.4757908802962,7.3));
#9131=CARTESIAN_POINT('Ctrl Pts',(0.505918256483123,1.4757908802962,7.2));
#9132=CARTESIAN_POINT('Ctrl Pts',(0.536050814431554,1.43762267497537,7.2));
#9133=CARTESIAN_POINT('Ctrl Pts',(0.575558178664889,1.40815985418714,7.2));
#9134=CARTESIAN_POINT('Ctrl Pts',(0.458375434122131,1.56819776562211,7.3));
#9135=CARTESIAN_POINT('Ctrl Pts',(0.458375434122131,1.56819776562211,7.2));
#9136=CARTESIAN_POINT('Ctrl Pts',(0.475785320045199,1.51529811836637,7.3));
#9137=CARTESIAN_POINT('Ctrl Pts',(0.475785320045199,1.51529811836637,7.2));
#9138=CARTESIAN_POINT('Ctrl Pts',(0.505918256483123,1.4757908802962,7.3));
#9139=CARTESIAN_POINT('Ctrl Pts',(0.505918256483123,1.4757908802962,7.2));
#9140=CARTESIAN_POINT('',(0.458375434122131,1.56819776562211,7.3));
#9141=CARTESIAN_POINT('Ctrl Pts',(0.458375434122131,1.56819776562211,7.3));
#9142=CARTESIAN_POINT('Ctrl Pts',(0.475785320045199,1.51529811836637,7.3));
#9143=CARTESIAN_POINT('Ctrl Pts',(0.505918256483123,1.4757908802962,7.3));
#9144=CARTESIAN_POINT('',(0.458375434122131,1.56819776562211,7.2));
#9145=CARTESIAN_POINT('',(0.458375434122131,1.56819776562211,7.3));
#9146=CARTESIAN_POINT('Ctrl Pts',(0.458375434122131,1.56819776562211,7.2));
#9147=CARTESIAN_POINT('Ctrl Pts',(0.475785320045199,1.51529811836637,7.2));
#9148=CARTESIAN_POINT('Ctrl Pts',(0.505918256483123,1.4757908802962,7.2));
#9149=CARTESIAN_POINT('Ctrl Pts',(0.440965548199063,1.69274610496916,7.3));
#9150=CARTESIAN_POINT('Ctrl Pts',(0.440965548199063,1.69274610496916,7.2));
#9151=CARTESIAN_POINT('Ctrl Pts',(0.440965548199063,1.62176689771173,7.3));
#9152=CARTESIAN_POINT('Ctrl Pts',(0.440965548199063,1.62176689771173,7.2));
#9153=CARTESIAN_POINT('Ctrl Pts',(0.458375434122131,1.56819776562211,7.3));
#9154=CARTESIAN_POINT('Ctrl Pts',(0.458375434122131,1.56819776562211,7.2));
#9155=CARTESIAN_POINT('',(0.440965548199063,1.69274610496916,7.3));
#9156=CARTESIAN_POINT('Ctrl Pts',(0.440965548199063,1.69274610496916,7.3));
#9157=CARTESIAN_POINT('Ctrl Pts',(0.440965548199063,1.62176689771173,7.3));
#9158=CARTESIAN_POINT('Ctrl Pts',(0.458375434122131,1.56819776562211,7.3));
#9159=CARTESIAN_POINT('',(0.440965548199063,1.69274610496916,7.2));
#9160=CARTESIAN_POINT('',(0.440965548199063,1.69274610496916,7.3));
#9161=CARTESIAN_POINT('Ctrl Pts',(0.440965548199063,1.69274610496916,7.2));
#9162=CARTESIAN_POINT('Ctrl Pts',(0.440965548199063,1.62176689771173,7.2));
#9163=CARTESIAN_POINT('Ctrl Pts',(0.458375434122131,1.56819776562211,7.2));
#9164=CARTESIAN_POINT('Ctrl Pts',(0.526006586394355,1.91371893254277,7.3));
#9165=CARTESIAN_POINT('Ctrl Pts',(0.526006586394355,1.91371893254277,7.2));
#9166=CARTESIAN_POINT('Ctrl Pts',(0.440965548199063,1.83068669579781,7.3));
#9167=CARTESIAN_POINT('Ctrl Pts',(0.440965548199063,1.83068669579781,7.2));
#9168=CARTESIAN_POINT('Ctrl Pts',(0.440965548199063,1.69274610496916,7.3));
#9169=CARTESIAN_POINT('Ctrl Pts',(0.440965548199063,1.69274610496916,7.2));
#9170=CARTESIAN_POINT('',(0.526006586394355,1.91371893254277,7.3));
#9171=CARTESIAN_POINT('Ctrl Pts',(0.526006586394355,1.91371893254277,7.3));
#9172=CARTESIAN_POINT('Ctrl Pts',(0.440965548199063,1.83068669579781,7.3));
#9173=CARTESIAN_POINT('Ctrl Pts',(0.440965548199063,1.69274610496916,7.3));
#9174=CARTESIAN_POINT('',(0.526006586394355,1.91371893254277,7.2));
#9175=CARTESIAN_POINT('',(0.526006586394355,1.91371893254277,7.3));
#9176=CARTESIAN_POINT('Ctrl Pts',(0.526006586394355,1.91371893254277,7.2));
#9177=CARTESIAN_POINT('Ctrl Pts',(0.440965548199063,1.83068669579781,7.2));
#9178=CARTESIAN_POINT('Ctrl Pts',(0.440965548199063,1.69274610496916,7.2));
#9179=CARTESIAN_POINT('Ctrl Pts',(0.758362927080836,1.99742074874398,7.3));
#9180=CARTESIAN_POINT('Ctrl Pts',(0.758362927080836,1.99742074874398,7.2));
#9181=CARTESIAN_POINT('Ctrl Pts',(0.611047624589647,1.99742074874398,7.3));
#9182=CARTESIAN_POINT('Ctrl Pts',(0.611047624589647,1.99742074874398,7.2));
#9183=CARTESIAN_POINT('Ctrl Pts',(0.526006586394355,1.91371893254277,7.3));
#9184=CARTESIAN_POINT('Ctrl Pts',(0.526006586394355,1.91371893254277,7.2));
#9185=CARTESIAN_POINT('',(0.758362927080836,1.99742074874398,7.3));
#9186=CARTESIAN_POINT('Ctrl Pts',(0.758362927080836,1.99742074874398,7.3));
#9187=CARTESIAN_POINT('Ctrl Pts',(0.611047624589647,1.99742074874398,7.3));
#9188=CARTESIAN_POINT('Ctrl Pts',(0.526006586394355,1.91371893254277,7.3));
#9189=CARTESIAN_POINT('',(0.758362927080836,1.99742074874398,7.2));
#9190=CARTESIAN_POINT('',(0.758362927080836,1.99742074874398,7.3));
#9191=CARTESIAN_POINT('Ctrl Pts',(0.758362927080836,1.99742074874398,7.2));
#9192=CARTESIAN_POINT('Ctrl Pts',(0.611047624589647,1.99742074874398,7.2));
#9193=CARTESIAN_POINT('Ctrl Pts',(0.526006586394355,1.91371893254277,7.2));
#9194=CARTESIAN_POINT('Ctrl Pts',(0.990719141604151,1.91371893254277,7.3));
#9195=CARTESIAN_POINT('Ctrl Pts',(0.990719141604151,1.91371893254277,7.2));
#9196=CARTESIAN_POINT('Ctrl Pts',(0.905678103408859,1.99742074874398,7.3));
#9197=CARTESIAN_POINT('Ctrl Pts',(0.905678103408859,1.99742074874398,7.2));
#9198=CARTESIAN_POINT('Ctrl Pts',(0.758362927080836,1.99742074874398,7.3));
#9199=CARTESIAN_POINT('Ctrl Pts',(0.758362927080836,1.99742074874398,7.2));
#9200=CARTESIAN_POINT('',(0.990719141604151,1.91371893254277,7.3));
#9201=CARTESIAN_POINT('Ctrl Pts',(0.990719141604151,1.91371893254277,7.3));
#9202=CARTESIAN_POINT('Ctrl Pts',(0.905678103408859,1.99742074874398,7.3));
#9203=CARTESIAN_POINT('Ctrl Pts',(0.758362927080836,1.99742074874398,7.3));
#9204=CARTESIAN_POINT('',(0.990719141604151,1.91371893254277,7.2));
#9205=CARTESIAN_POINT('',(0.990719141604151,1.91371893254277,7.3));
#9206=CARTESIAN_POINT('Ctrl Pts',(0.990719141604151,1.91371893254277,7.2));
#9207=CARTESIAN_POINT('Ctrl Pts',(0.905678103408859,1.99742074874398,7.2));
#9208=CARTESIAN_POINT('Ctrl Pts',(0.758362927080836,1.99742074874398,7.2));
#9209=CARTESIAN_POINT('Ctrl Pts',(1.07576017979944,1.69274610496916,7.3));
#9210=CARTESIAN_POINT('Ctrl Pts',(1.07576017979944,1.69274610496916,7.2));
#9211=CARTESIAN_POINT('Ctrl Pts',(1.07576017979944,1.83068672733861,7.3));
#9212=CARTESIAN_POINT('Ctrl Pts',(1.07576017979944,1.83068672733861,7.2));
#9213=CARTESIAN_POINT('Ctrl Pts',(0.990719141604151,1.91371893254277,7.3));
#9214=CARTESIAN_POINT('Ctrl Pts',(0.990719141604151,1.91371893254277,7.2));
#9215=CARTESIAN_POINT('',(1.07576017979944,1.69274610496916,7.3));
#9216=CARTESIAN_POINT('Ctrl Pts',(1.07576017979944,1.69274610496916,7.3));
#9217=CARTESIAN_POINT('Ctrl Pts',(1.07576017979944,1.83068672733861,7.3));
#9218=CARTESIAN_POINT('Ctrl Pts',(0.990719141604151,1.91371893254277,7.3));
#9219=CARTESIAN_POINT('',(1.07576017979944,1.69274610496916,7.2));
#9220=CARTESIAN_POINT('',(1.07576017979944,1.69274610496916,7.3));
#9221=CARTESIAN_POINT('Ctrl Pts',(1.07576017979944,1.69274610496916,7.2));
#9222=CARTESIAN_POINT('Ctrl Pts',(1.07576017979944,1.83068672733861,7.2));
#9223=CARTESIAN_POINT('Ctrl Pts',(0.990719141604151,1.91371893254277,7.2));
#9224=CARTESIAN_POINT('Ctrl Pts',(1.05835042003954,1.56819776562211,7.3));
#9225=CARTESIAN_POINT('Ctrl Pts',(1.05835042003954,1.56819776562211,7.2));
#9226=CARTESIAN_POINT('Ctrl Pts',(1.07576017979944,1.62176715003806,7.3));
#9227=CARTESIAN_POINT('Ctrl Pts',(1.07576017979944,1.62176715003806,7.2));
#9228=CARTESIAN_POINT('Ctrl Pts',(1.07576017979944,1.69274610496916,7.3));
#9229=CARTESIAN_POINT('Ctrl Pts',(1.07576017979944,1.69274610496916,7.2));
#9230=CARTESIAN_POINT('',(1.05835042003954,1.56819776562211,7.3));
#9231=CARTESIAN_POINT('Ctrl Pts',(1.05835042003954,1.56819776562211,7.3));
#9232=CARTESIAN_POINT('Ctrl Pts',(1.07576017979944,1.62176715003806,7.3));
#9233=CARTESIAN_POINT('Ctrl Pts',(1.07576017979944,1.69274610496916,7.3));
#9234=CARTESIAN_POINT('',(1.05835042003954,1.56819776562211,7.2));
#9235=CARTESIAN_POINT('',(1.05835042003954,1.56819776562211,7.3));
#9236=CARTESIAN_POINT('Ctrl Pts',(1.05835042003954,1.56819776562211,7.2));
#9237=CARTESIAN_POINT('Ctrl Pts',(1.07576017979944,1.62176715003806,7.2));
#9238=CARTESIAN_POINT('Ctrl Pts',(1.07576017979944,1.69274610496916,7.2));
#9239=CARTESIAN_POINT('Ctrl Pts',(1.01080759767855,1.4757908802962,7.3));
#9240=CARTESIAN_POINT('Ctrl Pts',(1.01080759767855,1.4757908802962,7.2));
#9241=CARTESIAN_POINT('Ctrl Pts',(1.04093990330065,1.51529805528479,7.3));
#9242=CARTESIAN_POINT('Ctrl Pts',(1.04093990330065,1.51529805528479,7.2));
#9243=CARTESIAN_POINT('Ctrl Pts',(1.05835042003954,1.56819776562211,7.3));
#9244=CARTESIAN_POINT('Ctrl Pts',(1.05835042003954,1.56819776562211,7.2));
#9245=CARTESIAN_POINT('',(1.01080759767855,1.4757908802962,7.3));
#9246=CARTESIAN_POINT('Ctrl Pts',(1.01080759767855,1.4757908802962,7.3));
#9247=CARTESIAN_POINT('Ctrl Pts',(1.04093990330065,1.51529805528479,7.3));
#9248=CARTESIAN_POINT('Ctrl Pts',(1.05835042003954,1.56819776562211,7.3));
#9249=CARTESIAN_POINT('',(1.01080759767855,1.4757908802962,7.2));
#9250=CARTESIAN_POINT('',(1.01080759767855,1.4757908802962,7.3));
#9251=CARTESIAN_POINT('Ctrl Pts',(1.01080759767855,1.4757908802962,7.2));
#9252=CARTESIAN_POINT('Ctrl Pts',(1.04093990330065,1.51529805528479,7.2));
#9253=CARTESIAN_POINT('Ctrl Pts',(1.05835042003954,1.56819776562211,7.2));
#9254=CARTESIAN_POINT('Ctrl Pts',(0.941167549333618,1.40815985418714,7.3));
#9255=CARTESIAN_POINT('Ctrl Pts',(0.941167549333618,1.40815985418714,7.2));
#9256=CARTESIAN_POINT('Ctrl Pts',(0.981344461482411,1.43762317962803,7.3));
#9257=CARTESIAN_POINT('Ctrl Pts',(0.981344461482411,1.43762317962803,7.2));
#9258=CARTESIAN_POINT('Ctrl Pts',(1.01080759767855,1.4757908802962,7.3));
#9259=CARTESIAN_POINT('Ctrl Pts',(1.01080759767855,1.4757908802962,7.2));
#9260=CARTESIAN_POINT('',(0.941167549333618,1.40815985418714,7.3));
#9261=CARTESIAN_POINT('Ctrl Pts',(0.941167549333618,1.40815985418714,7.3));
#9262=CARTESIAN_POINT('Ctrl Pts',(0.981344461482411,1.43762317962803,7.3));
#9263=CARTESIAN_POINT('Ctrl Pts',(1.01080759767855,1.4757908802962,7.3));
#9264=CARTESIAN_POINT('',(0.941167549333618,1.40815985418714,7.2));
#9265=CARTESIAN_POINT('',(0.941167549333618,1.40815985418714,7.3));
#9266=CARTESIAN_POINT('Ctrl Pts',(0.941167549333618,1.40815985418714,7.2));
#9267=CARTESIAN_POINT('Ctrl Pts',(0.981344461482411,1.43762317962803,7.2));
#9268=CARTESIAN_POINT('Ctrl Pts',(1.01080759767855,1.4757908802962,7.2));
#9269=CARTESIAN_POINT('Ctrl Pts',(0.861483399114654,1.35325156318503,7.3));
#9270=CARTESIAN_POINT('Ctrl Pts',(0.861483399114654,1.35325156318503,7.2));
#9271=CARTESIAN_POINT('Ctrl Pts',(0.901660311263448,1.3786970964805,7.3));
#9272=CARTESIAN_POINT('Ctrl Pts',(0.901660311263448,1.3786970964805,7.2));
#9273=CARTESIAN_POINT('Ctrl Pts',(0.941167549333618,1.40815985418714,7.3));
#9274=CARTESIAN_POINT('Ctrl Pts',(0.941167549333618,1.40815985418714,7.2));
#9275=CARTESIAN_POINT('',(0.861483399114654,1.35325156318503,7.3));
#9276=CARTESIAN_POINT('Ctrl Pts',(0.861483399114654,1.35325156318503,7.3));
#9277=CARTESIAN_POINT('Ctrl Pts',(0.901660311263448,1.3786970964805,7.3));
#9278=CARTESIAN_POINT('Ctrl Pts',(0.941167549333618,1.40815985418714,7.3));
#9279=CARTESIAN_POINT('',(0.861483399114654,1.35325156318503,7.2));
#9280=CARTESIAN_POINT('',(0.861483399114654,1.35325156318503,7.3));
#9281=CARTESIAN_POINT('Ctrl Pts',(0.861483399114654,1.35325156318503,7.2));
#9282=CARTESIAN_POINT('Ctrl Pts',(0.901660311263448,1.3786970964805,7.2));
#9283=CARTESIAN_POINT('Ctrl Pts',(0.941167549333618,1.40815985418714,7.2));
#9284=CARTESIAN_POINT('Origin',(0.861483399114654,1.09411065645374,7.3));
#9285=CARTESIAN_POINT('',(0.861483399114654,1.09411065645374,7.3));
#9286=CARTESIAN_POINT('',(0.861483399114653,0.54705532822687,7.3));
#9287=CARTESIAN_POINT('',(0.861483399114654,1.09411065645374,7.2));
#9288=CARTESIAN_POINT('',(0.861483399114654,1.09411065645374,7.3));
#9289=CARTESIAN_POINT('',(0.861483399114654,1.09411065645374,7.2));
#9290=CARTESIAN_POINT('Origin',(1.24718135202094,1.09411065645374,7.3));
#9291=CARTESIAN_POINT('',(1.24718135202094,1.09411065645374,7.3));
#9292=CARTESIAN_POINT('',(0.623590676010472,1.09411065645374,7.3));
#9293=CARTESIAN_POINT('',(1.24718135202094,1.09411065645374,7.2));
#9294=CARTESIAN_POINT('',(1.24718135202094,1.09411065645374,7.3));
#9295=CARTESIAN_POINT('',(1.24718135202094,1.09411065645374,7.2));
#9296=CARTESIAN_POINT('Origin',(1.24718135202094,1.21062360075471,7.3));
#9297=CARTESIAN_POINT('',(1.24718135202094,1.21062360075471,7.3));
#9298=CARTESIAN_POINT('',(1.24718135202094,0.605311800377354,7.3));
#9299=CARTESIAN_POINT('',(1.24718135202094,1.21062360075471,7.2));
#9300=CARTESIAN_POINT('',(1.24718135202094,1.21062360075471,7.3));
#9301=CARTESIAN_POINT('',(1.24718135202094,1.21062360075471,7.2));
#9302=CARTESIAN_POINT('Origin',(0.972639455439295,1.21062360075471,7.3));
#9303=CARTESIAN_POINT('',(0.486319727719647,1.21062360075471,7.3));
#9304=CARTESIAN_POINT('',(0.972639455439295,1.21062360075471,7.2));
#9305=CARTESIAN_POINT('Origin',(0.758362674754506,1.60301781345017,7.2));
#9306=CARTESIAN_POINT('Origin',(0.,0.,7.3));
#9307=CARTESIAN_POINT('Origin',(0.,0.,7.3));
#9308=CARTESIAN_POINT('Origin',(0.,0.,6.3));
#9309=CARTESIAN_POINT('',(-5.,6.12323399573677E-16,7.3));
#9310=CARTESIAN_POINT('Origin',(0.,0.,7.3));
#9311=CARTESIAN_POINT('',(-6.,-7.34788079488412E-16,6.3));
#9312=CARTESIAN_POINT('Origin',(-5.,-6.12323399573677E-16,6.3));
#9313=CARTESIAN_POINT('Origin',(0.,0.,6.3));
#9314=CARTESIAN_POINT('Origin',(0.,0.,7.3));
#9315=CARTESIAN_POINT('Origin',(0.,0.,2.5));
#9316=CARTESIAN_POINT('',(-6.,7.34788079488412E-16,2.));
#9317=CARTESIAN_POINT('Origin',(0.,0.,2.));
#9318=CARTESIAN_POINT('',(-6.,7.34788079488412E-16,2.5));
#9319=CARTESIAN_POINT('Origin',(0.,0.,2.));
#9320=CARTESIAN_POINT('Ctrl Pts',(-0.231994702377274,1.92577211973426,7.2));
#9321=CARTESIAN_POINT('Ctrl Pts',(-0.231994702377274,1.92577211973426,7.3));
#9322=CARTESIAN_POINT('Ctrl Pts',(-0.202531566181138,1.93715553822475,7.2));
#9323=CARTESIAN_POINT('Ctrl Pts',(-0.202531566181138,1.93715553822475,7.3));
#9324=CARTESIAN_POINT('Ctrl Pts',(-0.172399008232707,1.93715553822475,7.2));
#9325=CARTESIAN_POINT('Ctrl Pts',(-0.172399008232707,1.93715553822475,7.3));
#9326=CARTESIAN_POINT('',(-0.172399008232707,1.93715553822475,7.2));
#9327=CARTESIAN_POINT('',(-0.231994702377274,1.92577211973426,7.2));
#9328=CARTESIAN_POINT('Ctrl Pts',(-0.172399008232707,1.93715553822475,7.2));
#9329=CARTESIAN_POINT('Ctrl Pts',(-0.202531566181138,1.93715553822475,7.2));
#9330=CARTESIAN_POINT('Ctrl Pts',(-0.231994702377274,1.92577211973426,7.2));
#9331=CARTESIAN_POINT('',(-0.172399008232707,1.93715553822475,7.3));
#9332=CARTESIAN_POINT('',(-0.172399008232707,1.93715553822475,7.2));
#9333=CARTESIAN_POINT('',(-0.231994702377274,1.92577211973426,7.3));
#9334=CARTESIAN_POINT('Ctrl Pts',(-0.231994702377274,1.92577211973426,7.3));
#9335=CARTESIAN_POINT('Ctrl Pts',(-0.202531566181138,1.93715553822475,7.3));
#9336=CARTESIAN_POINT('Ctrl Pts',(-0.172399008232707,1.93715553822475,7.3));
#9337=CARTESIAN_POINT('',(-0.231994702377274,1.92577211973426,7.2));
#9338=CARTESIAN_POINT('Ctrl Pts',(-0.287572730539595,1.89028254764634,7.2));
#9339=CARTESIAN_POINT('Ctrl Pts',(-0.287572730539595,1.89028254764634,7.3));
#9340=CARTESIAN_POINT('Ctrl Pts',(-0.260788290657952,1.91438870124377,7.2));
#9341=CARTESIAN_POINT('Ctrl Pts',(-0.260788290657952,1.91438870124377,7.3));
#9342=CARTESIAN_POINT('Ctrl Pts',(-0.231994702377274,1.92577211973426,7.2));
#9343=CARTESIAN_POINT('Ctrl Pts',(-0.231994702377274,1.92577211973426,7.3));
#9344=CARTESIAN_POINT('',(-0.287572730539595,1.89028254764634,7.2));
#9345=CARTESIAN_POINT('Ctrl Pts',(-0.231994702377274,1.92577211973426,7.2));
#9346=CARTESIAN_POINT('Ctrl Pts',(-0.260788290657952,1.91438870124377,7.2));
#9347=CARTESIAN_POINT('Ctrl Pts',(-0.287572730539595,1.89028254764634,7.2));
#9348=CARTESIAN_POINT('',(-0.287572730539595,1.89028254764634,7.3));
#9349=CARTESIAN_POINT('Ctrl Pts',(-0.287572730539595,1.89028254764634,7.3));
#9350=CARTESIAN_POINT('Ctrl Pts',(-0.260788290657952,1.91438870124377,7.3));
#9351=CARTESIAN_POINT('Ctrl Pts',(-0.231994702377274,1.92577211973426,7.3));
#9352=CARTESIAN_POINT('',(-0.287572730539595,1.89028254764634,7.2));
#9353=CARTESIAN_POINT('Ctrl Pts',(-0.332437171994005,1.83403490848698,7.2));
#9354=CARTESIAN_POINT('Ctrl Pts',(-0.332437171994005,1.83403490848698,7.3));
#9355=CARTESIAN_POINT('Ctrl Pts',(-0.314357107339655,1.86617636250811,7.2));
#9356=CARTESIAN_POINT('Ctrl Pts',(-0.314357107339655,1.86617636250811,7.3));
#9357=CARTESIAN_POINT('Ctrl Pts',(-0.287572730539595,1.89028254764634,7.2));
#9358=CARTESIAN_POINT('Ctrl Pts',(-0.287572730539595,1.89028254764634,7.3));
#9359=CARTESIAN_POINT('',(-0.332437171994005,1.83403490848698,7.2));
#9360=CARTESIAN_POINT('Ctrl Pts',(-0.287572730539595,1.89028254764634,7.2));
#9361=CARTESIAN_POINT('Ctrl Pts',(-0.314357107339655,1.86617636250811,7.2));
#9362=CARTESIAN_POINT('Ctrl Pts',(-0.332437171994005,1.83403490848698,7.2));
#9363=CARTESIAN_POINT('',(-0.332437171994005,1.83403490848698,7.3));
#9364=CARTESIAN_POINT('Ctrl Pts',(-0.332437171994005,1.83403490848698,7.3));
#9365=CARTESIAN_POINT('Ctrl Pts',(-0.314357107339655,1.86617636250811,7.3));
#9366=CARTESIAN_POINT('Ctrl Pts',(-0.287572730539595,1.89028254764634,7.3));
#9367=CARTESIAN_POINT('',(-0.332437171994005,1.83403490848698,7.2));
#9368=CARTESIAN_POINT('Ctrl Pts',(-0.367257259248053,1.75033309228577,7.2));
#9369=CARTESIAN_POINT('Ctrl Pts',(-0.367257259248053,1.75033309228577,7.3));
#9370=CARTESIAN_POINT('Ctrl Pts',(-0.350516668914114,1.80189342292505,7.2));
#9371=CARTESIAN_POINT('Ctrl Pts',(-0.350516668914114,1.80189342292505,7.3));
#9372=CARTESIAN_POINT('Ctrl Pts',(-0.332437171994005,1.83403490848698,7.2));
#9373=CARTESIAN_POINT('Ctrl Pts',(-0.332437171994005,1.83403490848698,7.3));
#9374=CARTESIAN_POINT('',(-0.367257259248053,1.75033309228577,7.2));
#9375=CARTESIAN_POINT('Ctrl Pts',(-0.332437171994005,1.83403490848698,7.2));
#9376=CARTESIAN_POINT('Ctrl Pts',(-0.350516668914114,1.80189342292505,7.2));
#9377=CARTESIAN_POINT('Ctrl Pts',(-0.367257259248053,1.75033309228577,7.2));
#9378=CARTESIAN_POINT('',(-0.367257259248053,1.75033309228577,7.3));
#9379=CARTESIAN_POINT('Ctrl Pts',(-0.367257259248053,1.75033309228577,7.3));
#9380=CARTESIAN_POINT('Ctrl Pts',(-0.350516668914114,1.80189342292505,7.3));
#9381=CARTESIAN_POINT('Ctrl Pts',(-0.332437171994005,1.83403490848698,7.3));
#9382=CARTESIAN_POINT('',(-0.367257259248053,1.75033309228577,7.2));
#9383=CARTESIAN_POINT('Ctrl Pts',(-0.392033118464902,1.62779358592984,7.2));
#9384=CARTESIAN_POINT('Ctrl Pts',(-0.392033118464902,1.62779358592984,7.3));
#9385=CARTESIAN_POINT('Ctrl Pts',(-0.383328049340203,1.6994420887764,7.2));
#9386=CARTESIAN_POINT('Ctrl Pts',(-0.383328049340203,1.6994420887764,7.3));
#9387=CARTESIAN_POINT('Ctrl Pts',(-0.367257259248053,1.75033309228577,7.2));
#9388=CARTESIAN_POINT('Ctrl Pts',(-0.367257259248053,1.75033309228577,7.3));
#9389=CARTESIAN_POINT('',(-0.392033118464902,1.62779358592984,7.2));
#9390=CARTESIAN_POINT('Ctrl Pts',(-0.367257259248053,1.75033309228577,7.2));
#9391=CARTESIAN_POINT('Ctrl Pts',(-0.383328049340203,1.6994420887764,7.2));
#9392=CARTESIAN_POINT('Ctrl Pts',(-0.392033118464902,1.62779358592984,7.2));
#9393=CARTESIAN_POINT('',(-0.392033118464902,1.62779358592984,7.3));
#9394=CARTESIAN_POINT('Ctrl Pts',(-0.392033118464902,1.62779358592984,7.3));
#9395=CARTESIAN_POINT('Ctrl Pts',(-0.383328049340203,1.6994420887764,7.3));
#9396=CARTESIAN_POINT('Ctrl Pts',(-0.367257259248053,1.75033309228577,7.3));
#9397=CARTESIAN_POINT('',(-0.392033118464902,1.62779358592984,7.2));
#9398=CARTESIAN_POINT('Ctrl Pts',(-0.400068261184647,1.48181756851432,7.2));
#9399=CARTESIAN_POINT('Ctrl Pts',(-0.400068261184647,1.48181756851432,7.3));
#9400=CARTESIAN_POINT('Ctrl Pts',(-0.400068261184647,1.55614483075696,7.2));
#9401=CARTESIAN_POINT('Ctrl Pts',(-0.400068261184647,1.55614483075696,7.3));
#9402=CARTESIAN_POINT('Ctrl Pts',(-0.392033118464902,1.62779358592984,7.2));
#9403=CARTESIAN_POINT('Ctrl Pts',(-0.392033118464902,1.62779358592984,7.3));
#9404=CARTESIAN_POINT('',(-0.400068261184647,1.48181756851432,7.2));
#9405=CARTESIAN_POINT('Ctrl Pts',(-0.392033118464902,1.62779358592984,7.2));
#9406=CARTESIAN_POINT('Ctrl Pts',(-0.400068261184647,1.55614483075696,7.2));
#9407=CARTESIAN_POINT('Ctrl Pts',(-0.400068261184647,1.48181756851432,7.2));
#9408=CARTESIAN_POINT('',(-0.400068261184647,1.48181756851432,7.3));
#9409=CARTESIAN_POINT('Ctrl Pts',(-0.400068261184647,1.48181756851432,7.3));
#9410=CARTESIAN_POINT('Ctrl Pts',(-0.400068261184647,1.55614483075696,7.3));
#9411=CARTESIAN_POINT('Ctrl Pts',(-0.392033118464902,1.62779358592984,7.3));
#9412=CARTESIAN_POINT('',(-0.400068261184647,1.48181756851432,7.2));
#9413=CARTESIAN_POINT('Ctrl Pts',(-0.390693517981325,1.3579389032459,7.2));
#9414=CARTESIAN_POINT('Ctrl Pts',(-0.390693517981325,1.3579389032459,7.3));
#9415=CARTESIAN_POINT('Ctrl Pts',(-0.400068261184647,1.41217764633256,7.2));
#9416=CARTESIAN_POINT('Ctrl Pts',(-0.400068261184647,1.41217764633256,7.3));
#9417=CARTESIAN_POINT('Ctrl Pts',(-0.400068261184647,1.48181756851432,7.2));
#9418=CARTESIAN_POINT('Ctrl Pts',(-0.400068261184647,1.48181756851432,7.3));
#9419=CARTESIAN_POINT('',(-0.390693517981325,1.3579389032459,7.2));
#9420=CARTESIAN_POINT('Ctrl Pts',(-0.400068261184647,1.48181756851432,7.2));
#9421=CARTESIAN_POINT('Ctrl Pts',(-0.400068261184647,1.41217764633256,7.2));
#9422=CARTESIAN_POINT('Ctrl Pts',(-0.390693517981325,1.3579389032459,7.2));
#9423=CARTESIAN_POINT('',(-0.390693517981325,1.3579389032459,7.3));
#9424=CARTESIAN_POINT('Ctrl Pts',(-0.390693517981325,1.3579389032459,7.3));
#9425=CARTESIAN_POINT('Ctrl Pts',(-0.400068261184647,1.41217764633256,7.3));
#9426=CARTESIAN_POINT('Ctrl Pts',(-0.400068261184647,1.48181756851432,7.3));
#9427=CARTESIAN_POINT('',(-0.390693517981325,1.3579389032459,7.2));
#9428=CARTESIAN_POINT('Ctrl Pts',(-0.361230192540442,1.26888013598678,7.2));
#9429=CARTESIAN_POINT('Ctrl Pts',(-0.361230192540442,1.26888013598678,7.3));
#9430=CARTESIAN_POINT('Ctrl Pts',(-0.382658375261579,1.31173549212374,7.2));
#9431=CARTESIAN_POINT('Ctrl Pts',(-0.382658375261579,1.31173549212374,7.3));
#9432=CARTESIAN_POINT('Ctrl Pts',(-0.390693517981325,1.3579389032459,7.2));
#9433=CARTESIAN_POINT('Ctrl Pts',(-0.390693517981325,1.3579389032459,7.3));
#9434=CARTESIAN_POINT('',(-0.361230192540442,1.26888013598678,7.2));
#9435=CARTESIAN_POINT('Ctrl Pts',(-0.390693517981325,1.3579389032459,7.2));
#9436=CARTESIAN_POINT('Ctrl Pts',(-0.382658375261579,1.31173549212374,7.2));
#9437=CARTESIAN_POINT('Ctrl Pts',(-0.361230192540442,1.26888013598678,7.2));
#9438=CARTESIAN_POINT('',(-0.361230192540442,1.26888013598678,7.3));
#9439=CARTESIAN_POINT('Ctrl Pts',(-0.361230192540442,1.26888013598678,7.3));
#9440=CARTESIAN_POINT('Ctrl Pts',(-0.382658375261579,1.31173549212374,7.3));
#9441=CARTESIAN_POINT('Ctrl Pts',(-0.390693517981325,1.3579389032459,7.3));
#9442=CARTESIAN_POINT('',(-0.361230192540442,1.26888013598678,7.2));
#9443=CARTESIAN_POINT('Ctrl Pts',(-0.320383606313025,1.21196288583038,7.2));
#9444=CARTESIAN_POINT('Ctrl Pts',(-0.320383606313025,1.21196288583038,7.3));
#9445=CARTESIAN_POINT('Ctrl Pts',(-0.345829076526915,1.23606926021335,7.2));
#9446=CARTESIAN_POINT('Ctrl Pts',(-0.345829076526915,1.23606926021335,7.3));
#9447=CARTESIAN_POINT('Ctrl Pts',(-0.361230192540442,1.26888013598678,7.2));
#9448=CARTESIAN_POINT('Ctrl Pts',(-0.361230192540442,1.26888013598678,7.3));
#9449=CARTESIAN_POINT('',(-0.320383606313025,1.21196288583038,7.2));
#9450=CARTESIAN_POINT('Ctrl Pts',(-0.361230192540442,1.26888013598678,7.2));
#9451=CARTESIAN_POINT('Ctrl Pts',(-0.345829076526915,1.23606926021335,7.2));
#9452=CARTESIAN_POINT('Ctrl Pts',(-0.320383606313025,1.21196288583038,7.2));
#9453=CARTESIAN_POINT('',(-0.320383606313025,1.21196288583038,7.3));
#9454=CARTESIAN_POINT('Ctrl Pts',(-0.320383606313025,1.21196288583038,7.3));
#9455=CARTESIAN_POINT('Ctrl Pts',(-0.345829076526915,1.23606926021335,7.3));
#9456=CARTESIAN_POINT('Ctrl Pts',(-0.361230192540442,1.26888013598678,7.3));
#9457=CARTESIAN_POINT('',(-0.320383606313025,1.21196288583038,7.2));
#9458=CARTESIAN_POINT('Ctrl Pts',(-0.26681422189708,1.17647306141612,7.2));
#9459=CARTESIAN_POINT('Ctrl Pts',(-0.26681422189708,1.17647306141612,7.3));
#9460=CARTESIAN_POINT('Ctrl Pts',(-0.294938136099134,1.18785695301848,7.2));
#9461=CARTESIAN_POINT('Ctrl Pts',(-0.294938136099134,1.18785695301848,7.3));
#9462=CARTESIAN_POINT('Ctrl Pts',(-0.320383606313025,1.21196288583038,7.2));
#9463=CARTESIAN_POINT('Ctrl Pts',(-0.320383606313025,1.21196288583038,7.3));
#9464=CARTESIAN_POINT('',(-0.26681422189708,1.17647306141612,7.2));
#9465=CARTESIAN_POINT('Ctrl Pts',(-0.320383606313025,1.21196288583038,7.2));
#9466=CARTESIAN_POINT('Ctrl Pts',(-0.294938136099134,1.18785695301848,7.2));
#9467=CARTESIAN_POINT('Ctrl Pts',(-0.26681422189708,1.17647306141612,7.2));
#9468=CARTESIAN_POINT('',(-0.26681422189708,1.17647306141612,7.3));
#9469=CARTESIAN_POINT('Ctrl Pts',(-0.26681422189708,1.17647306141612,7.3));
#9470=CARTESIAN_POINT('Ctrl Pts',(-0.294938136099134,1.18785695301848,7.3));
#9471=CARTESIAN_POINT('Ctrl Pts',(-0.320383606313025,1.21196288583038,7.3));
#9472=CARTESIAN_POINT('',(-0.26681422189708,1.17647306141612,7.2));
#9473=CARTESIAN_POINT('Ctrl Pts',(-0.205879305758431,1.16508986371117,7.2));
#9474=CARTESIAN_POINT('Ctrl Pts',(-0.205879305758431,1.16508986371117,7.3));
#9475=CARTESIAN_POINT('Ctrl Pts',(-0.238690307695026,1.16508986371117,7.2));
#9476=CARTESIAN_POINT('Ctrl Pts',(-0.238690307695026,1.16508986371117,7.3));
#9477=CARTESIAN_POINT('Ctrl Pts',(-0.26681422189708,1.17647306141612,7.2));
#9478=CARTESIAN_POINT('Ctrl Pts',(-0.26681422189708,1.17647306141612,7.3));
#9479=CARTESIAN_POINT('',(-0.205879305758431,1.16508986371117,7.2));
#9480=CARTESIAN_POINT('Ctrl Pts',(-0.26681422189708,1.17647306141612,7.2));
#9481=CARTESIAN_POINT('Ctrl Pts',(-0.238690307695026,1.16508986371117,7.2));
#9482=CARTESIAN_POINT('Ctrl Pts',(-0.205879305758431,1.16508986371117,7.2));
#9483=CARTESIAN_POINT('',(-0.205879305758431,1.16508986371117,7.3));
#9484=CARTESIAN_POINT('Ctrl Pts',(-0.205879305758431,1.16508986371117,7.3));
#9485=CARTESIAN_POINT('Ctrl Pts',(-0.238690307695026,1.16508986371117,7.3));
#9486=CARTESIAN_POINT('Ctrl Pts',(-0.26681422189708,1.17647306141612,7.3));
#9487=CARTESIAN_POINT('',(-0.205879305758431,1.16508986371117,7.2));
#9488=CARTESIAN_POINT('Ctrl Pts',(-0.142935493547077,1.17714298782108,7.2));
#9489=CARTESIAN_POINT('Ctrl Pts',(-0.142935493547077,1.17714298782108,7.3));
#9490=CARTESIAN_POINT('Ctrl Pts',(-0.173068429985001,1.16508986371117,7.2));
#9491=CARTESIAN_POINT('Ctrl Pts',(-0.173068429985001,1.16508986371117,7.3));
#9492=CARTESIAN_POINT('Ctrl Pts',(-0.205879305758431,1.16508986371117,7.2));
#9493=CARTESIAN_POINT('Ctrl Pts',(-0.205879305758431,1.16508986371117,7.3));
#9494=CARTESIAN_POINT('',(-0.142935493547077,1.17714298782108,7.2));
#9495=CARTESIAN_POINT('Ctrl Pts',(-0.205879305758431,1.16508986371117,7.2));
#9496=CARTESIAN_POINT('Ctrl Pts',(-0.173068429985001,1.16508986371117,7.2));
#9497=CARTESIAN_POINT('Ctrl Pts',(-0.142935493547077,1.17714298782108,7.2));
#9498=CARTESIAN_POINT('',(-0.142935493547077,1.17714298782108,7.3));
#9499=CARTESIAN_POINT('Ctrl Pts',(-0.142935493547077,1.17714298782108,7.3));
#9500=CARTESIAN_POINT('Ctrl Pts',(-0.173068429985001,1.16508986371117,7.3));
#9501=CARTESIAN_POINT('Ctrl Pts',(-0.205879305758431,1.16508986371117,7.3));
#9502=CARTESIAN_POINT('',(-0.142935493547077,1.17714298782108,7.2));
#9503=CARTESIAN_POINT('Ctrl Pts',(-0.0833399255656744,1.22066776571033,
7.2));
#9504=CARTESIAN_POINT('Ctrl Pts',(-0.0833399255656744,1.22066776571033,
7.3));
#9505=CARTESIAN_POINT('Ctrl Pts',(-0.112803061761811,1.18919579652307,7.2));
#9506=CARTESIAN_POINT('Ctrl Pts',(-0.112803061761811,1.18919579652307,7.3));
#9507=CARTESIAN_POINT('Ctrl Pts',(-0.142935493547077,1.17714298782108,7.2));
#9508=CARTESIAN_POINT('Ctrl Pts',(-0.142935493547077,1.17714298782108,7.3));
#9509=CARTESIAN_POINT('',(-0.0833399255656744,1.22066776571033,7.2));
#9510=CARTESIAN_POINT('Ctrl Pts',(-0.142935493547077,1.17714298782108,7.2));
#9511=CARTESIAN_POINT('Ctrl Pts',(-0.112803061761811,1.18919579652307,7.2));
#9512=CARTESIAN_POINT('Ctrl Pts',(-0.0833399255656744,1.22066776571033,
7.2));
#9513=CARTESIAN_POINT('',(-0.0833399255656744,1.22066776571033,7.3));
#9514=CARTESIAN_POINT('Ctrl Pts',(-0.0833399255656744,1.22066776571033,
7.3));
#9515=CARTESIAN_POINT('Ctrl Pts',(-0.112803061761811,1.18919579652307,7.3));
#9516=CARTESIAN_POINT('Ctrl Pts',(-0.142935493547077,1.17714298782108,7.3));
#9517=CARTESIAN_POINT('',(-0.0833399255656744,1.22066776571033,7.2));
#9518=CARTESIAN_POINT('Ctrl Pts',(-0.0291013717237656,1.31307465103624,
7.2));
#9519=CARTESIAN_POINT('Ctrl Pts',(-0.0291013717237656,1.31307465103624,
7.3));
#9520=CARTESIAN_POINT('Ctrl Pts',(-0.053207367617244,1.25213979797917,7.2));
#9521=CARTESIAN_POINT('Ctrl Pts',(-0.053207367617244,1.25213979797917,7.3));
#9522=CARTESIAN_POINT('Ctrl Pts',(-0.0833399255656744,1.22066776571033,
7.2));
#9523=CARTESIAN_POINT('Ctrl Pts',(-0.0833399255656744,1.22066776571033,
7.3));
#9524=CARTESIAN_POINT('',(-0.0291013717237656,1.31307465103624,7.2));
#9525=CARTESIAN_POINT('Ctrl Pts',(-0.0833399255656744,1.22066776571033,
7.2));
#9526=CARTESIAN_POINT('Ctrl Pts',(-0.053207367617244,1.25213979797917,7.2));
#9527=CARTESIAN_POINT('Ctrl Pts',(-0.0291013717237656,1.31307465103624,
7.2));
#9528=CARTESIAN_POINT('',(-0.0291013717237656,1.31307465103624,7.3));
#9529=CARTESIAN_POINT('Ctrl Pts',(-0.0291013717237656,1.31307465103624,
7.3));
#9530=CARTESIAN_POINT('Ctrl Pts',(-0.053207367617244,1.25213979797917,7.3));
#9531=CARTESIAN_POINT('Ctrl Pts',(-0.0833399255656744,1.22066776571033,
7.3));
#9532=CARTESIAN_POINT('',(-0.0291013717237656,1.31307465103624,7.2));
#9533=CARTESIAN_POINT('Ctrl Pts',(0.00638845269048754,1.45168482132114,
7.2));
#9534=CARTESIAN_POINT('Ctrl Pts',(0.00638845269048754,1.45168482132114,
7.3));
#9535=CARTESIAN_POINT('Ctrl Pts',(-0.00432557558849911,1.37467917817193,
7.2));
#9536=CARTESIAN_POINT('Ctrl Pts',(-0.00432557558849911,1.37467917817193,
7.3));
#9537=CARTESIAN_POINT('Ctrl Pts',(-0.0291013717237656,1.31307465103624,
7.2));
#9538=CARTESIAN_POINT('Ctrl Pts',(-0.0291013717237656,1.31307465103624,
7.3));
#9539=CARTESIAN_POINT('',(0.00638845269048754,1.45168482132114,7.2));
#9540=CARTESIAN_POINT('Ctrl Pts',(-0.0291013717237656,1.31307465103624,
7.2));
#9541=CARTESIAN_POINT('Ctrl Pts',(-0.00432557558849911,1.37467917817193,
7.2));
#9542=CARTESIAN_POINT('Ctrl Pts',(0.00638845269048754,1.45168482132114,
7.2));
#9543=CARTESIAN_POINT('',(0.00638845269048754,1.45168482132114,7.3));
#9544=CARTESIAN_POINT('Ctrl Pts',(0.00638845269048754,1.45168482132114,
7.3));
#9545=CARTESIAN_POINT('Ctrl Pts',(-0.00432557558849911,1.37467917817193,
7.3));
#9546=CARTESIAN_POINT('Ctrl Pts',(-0.0291013717237656,1.31307465103624,
7.3));
#9547=CARTESIAN_POINT('',(0.00638845269048754,1.45168482132114,7.2));
#9548=CARTESIAN_POINT('Ctrl Pts',(0.0177717765586033,1.60837474085249,7.2));
#9549=CARTESIAN_POINT('Ctrl Pts',(0.0177717765586033,1.60837474085249,7.3));
#9550=CARTESIAN_POINT('Ctrl Pts',(0.0177717765586033,1.52869052755194,7.2));
#9551=CARTESIAN_POINT('Ctrl Pts',(0.0177717765586033,1.52869052755194,7.3));
#9552=CARTESIAN_POINT('Ctrl Pts',(0.00638845269048754,1.45168482132114,
7.2));
#9553=CARTESIAN_POINT('Ctrl Pts',(0.00638845269048754,1.45168482132114,
7.3));
#9554=CARTESIAN_POINT('',(0.0177717765586033,1.60837474085249,7.2));
#9555=CARTESIAN_POINT('Ctrl Pts',(0.00638845269048754,1.45168482132114,
7.2));
#9556=CARTESIAN_POINT('Ctrl Pts',(0.0177717765586033,1.52869052755194,7.2));
#9557=CARTESIAN_POINT('Ctrl Pts',(0.0177717765586033,1.60837474085249,7.2));
#9558=CARTESIAN_POINT('',(0.0177717765586033,1.60837474085249,7.3));
#9559=CARTESIAN_POINT('Ctrl Pts',(0.0177717765586033,1.60837474085249,7.3));
#9560=CARTESIAN_POINT('Ctrl Pts',(0.0177717765586033,1.52869052755194,7.3));
#9561=CARTESIAN_POINT('Ctrl Pts',(0.00638845269048754,1.45168482132114,
7.3));
#9562=CARTESIAN_POINT('',(0.0177717765586033,1.60837474085249,7.2));
#9563=CARTESIAN_POINT('Ctrl Pts',(0.00973669692044016,1.72354840007779,
7.2));
#9564=CARTESIAN_POINT('Ctrl Pts',(0.00973669692044016,1.72354840007779,
7.3));
#9565=CARTESIAN_POINT('Ctrl Pts',(0.0177717765586033,1.67399693397042,7.2));
#9566=CARTESIAN_POINT('Ctrl Pts',(0.0177717765586033,1.67399693397042,7.3));
#9567=CARTESIAN_POINT('Ctrl Pts',(0.0177717765586033,1.60837474085249,7.2));
#9568=CARTESIAN_POINT('Ctrl Pts',(0.0177717765586033,1.60837474085249,7.3));
#9569=CARTESIAN_POINT('',(0.00973669692044016,1.72354840007779,7.2));
#9570=CARTESIAN_POINT('Ctrl Pts',(0.0177717765586033,1.60837474085249,7.2));
#9571=CARTESIAN_POINT('Ctrl Pts',(0.0177717765586033,1.67399693397042,7.2));
#9572=CARTESIAN_POINT('Ctrl Pts',(0.00973669692044016,1.72354840007779,
7.2));
#9573=CARTESIAN_POINT('',(0.00973669692044016,1.72354840007779,7.3));
#9574=CARTESIAN_POINT('Ctrl Pts',(0.00973669692044016,1.72354840007779,
7.3));
#9575=CARTESIAN_POINT('Ctrl Pts',(0.0177717765586033,1.67399693397042,7.3));
#9576=CARTESIAN_POINT('Ctrl Pts',(0.0177717765586033,1.60837474085249,7.3));
#9577=CARTESIAN_POINT('',(0.00973669692044016,1.72354840007779,7.2));
#9578=CARTESIAN_POINT('Ctrl Pts',(-0.015042127130781,1.81662492794153,7.2));
#9579=CARTESIAN_POINT('Ctrl Pts',(-0.015042127130781,1.81662492794153,7.3));
#9580=CARTESIAN_POINT('Ctrl Pts',(0.00236775879228657,1.77309996080754,
7.2));
#9581=CARTESIAN_POINT('Ctrl Pts',(0.00236775879228657,1.77309996080754,
7.3));
#9582=CARTESIAN_POINT('Ctrl Pts',(0.00973669692044016,1.72354840007779,
7.2));
#9583=CARTESIAN_POINT('Ctrl Pts',(0.00973669692044016,1.72354840007779,
7.3));
#9584=CARTESIAN_POINT('',(-0.015042127130781,1.81662492794153,7.2));
#9585=CARTESIAN_POINT('Ctrl Pts',(0.00973669692044016,1.72354840007779,
7.2));
#9586=CARTESIAN_POINT('Ctrl Pts',(0.00236775879228657,1.77309996080754,
7.2));
#9587=CARTESIAN_POINT('Ctrl Pts',(-0.015042127130781,1.81662492794153,7.2));
#9588=CARTESIAN_POINT('',(-0.015042127130781,1.81662492794153,7.3));
#9589=CARTESIAN_POINT('Ctrl Pts',(-0.015042127130781,1.81662492794153,7.3));
#9590=CARTESIAN_POINT('Ctrl Pts',(0.00236775879228657,1.77309996080754,
7.3));
#9591=CARTESIAN_POINT('Ctrl Pts',(0.00973669692044016,1.72354840007779,
7.3));
#9592=CARTESIAN_POINT('',(-0.015042127130781,1.81662492794153,7.2));
#9593=CARTESIAN_POINT('Ctrl Pts',(-0.0599063793404445,1.88760407211738,
7.2));
#9594=CARTESIAN_POINT('Ctrl Pts',(-0.0599063793404445,1.88760407211738,
7.3));
#9595=CARTESIAN_POINT('Ctrl Pts',(-0.0324521392170135,1.86014986353474,
7.2));
#9596=CARTESIAN_POINT('Ctrl Pts',(-0.0324521392170135,1.86014986353474,
7.3));
#9597=CARTESIAN_POINT('Ctrl Pts',(-0.015042127130781,1.81662492794153,7.2));
#9598=CARTESIAN_POINT('Ctrl Pts',(-0.015042127130781,1.81662492794153,7.3));
#9599=CARTESIAN_POINT('',(-0.0599063793404445,1.88760407211738,7.2));
#9600=CARTESIAN_POINT('Ctrl Pts',(-0.015042127130781,1.81662492794153,7.2));
#9601=CARTESIAN_POINT('Ctrl Pts',(-0.0324521392170135,1.86014986353474,
7.2));
#9602=CARTESIAN_POINT('Ctrl Pts',(-0.0599063793404445,1.88760407211738,
7.2));
#9603=CARTESIAN_POINT('',(-0.0599063793404445,1.88760407211738,7.3));
#9604=CARTESIAN_POINT('Ctrl Pts',(-0.0599063793404445,1.88760407211738,
7.3));
#9605=CARTESIAN_POINT('Ctrl Pts',(-0.0324521392170135,1.86014986353474,
7.3));
#9606=CARTESIAN_POINT('Ctrl Pts',(-0.015042127130781,1.81662492794153,7.3));
#9607=CARTESIAN_POINT('',(-0.0599063793404445,1.88760407211738,7.2));
#9608=CARTESIAN_POINT('Ctrl Pts',(-0.114814733424142,1.9264417307313,7.2));
#9609=CARTESIAN_POINT('Ctrl Pts',(-0.114814733424142,1.9264417307313,7.3));
#9610=CARTESIAN_POINT('Ctrl Pts',(-0.0873606194638754,1.91572789169706,
7.2));
#9611=CARTESIAN_POINT('Ctrl Pts',(-0.0873606194638754,1.91572789169706,
7.3));
#9612=CARTESIAN_POINT('Ctrl Pts',(-0.0599063793404445,1.88760407211738,
7.2));
#9613=CARTESIAN_POINT('Ctrl Pts',(-0.0599063793404445,1.88760407211738,
7.3));
#9614=CARTESIAN_POINT('',(-0.114814733424142,1.9264417307313,7.2));
#9615=CARTESIAN_POINT('Ctrl Pts',(-0.0599063793404445,1.88760407211738,
7.2));
#9616=CARTESIAN_POINT('Ctrl Pts',(-0.0873606194638754,1.91572789169706,
7.2));
#9617=CARTESIAN_POINT('Ctrl Pts',(-0.114814733424142,1.9264417307313,7.2));
#9618=CARTESIAN_POINT('',(-0.114814733424142,1.9264417307313,7.3));
#9619=CARTESIAN_POINT('Ctrl Pts',(-0.114814733424142,1.9264417307313,7.3));
#9620=CARTESIAN_POINT('Ctrl Pts',(-0.0873606194638754,1.91572789169706,
7.3));
#9621=CARTESIAN_POINT('Ctrl Pts',(-0.0599063793404445,1.88760407211738,
7.3));
#9622=CARTESIAN_POINT('',(-0.114814733424142,1.9264417307313,7.2));
#9623=CARTESIAN_POINT('Ctrl Pts',(-0.172399008232707,1.93715553822475,7.2));
#9624=CARTESIAN_POINT('Ctrl Pts',(-0.172399008232707,1.93715553822475,7.3));
#9625=CARTESIAN_POINT('Ctrl Pts',(-0.141599299468949,1.93715553822475,7.2));
#9626=CARTESIAN_POINT('Ctrl Pts',(-0.141599299468949,1.93715553822475,7.3));
#9627=CARTESIAN_POINT('Ctrl Pts',(-0.114814733424142,1.9264417307313,7.2));
#9628=CARTESIAN_POINT('Ctrl Pts',(-0.114814733424142,1.9264417307313,7.3));
#9629=CARTESIAN_POINT('Ctrl Pts',(-0.114814733424142,1.9264417307313,7.2));
#9630=CARTESIAN_POINT('Ctrl Pts',(-0.141599299468949,1.93715553822475,7.2));
#9631=CARTESIAN_POINT('Ctrl Pts',(-0.172399008232707,1.93715553822475,7.2));
#9632=CARTESIAN_POINT('Ctrl Pts',(-0.172399008232707,1.93715553822475,7.3));
#9633=CARTESIAN_POINT('Ctrl Pts',(-0.141599299468949,1.93715553822475,7.3));
#9634=CARTESIAN_POINT('Ctrl Pts',(-0.114814733424142,1.9264417307313,7.3));
#9635=CARTESIAN_POINT('Ctrl Pts',(-0.168383865513756,2.02286623472827,7.2));
#9636=CARTESIAN_POINT('Ctrl Pts',(-0.168383865513756,2.02286623472827,7.3));
#9637=CARTESIAN_POINT('Ctrl Pts',(-0.249407363889967,2.02286623472827,7.2));
#9638=CARTESIAN_POINT('Ctrl Pts',(-0.249407363889967,2.02286623472827,7.3));
#9639=CARTESIAN_POINT('Ctrl Pts',(-0.320386508065814,1.98603742487587,7.2));
#9640=CARTESIAN_POINT('Ctrl Pts',(-0.320386508065814,1.98603742487587,7.3));
#9641=CARTESIAN_POINT('',(-0.320386508065814,1.98603742487587,7.2));
#9642=CARTESIAN_POINT('',(-0.168383865513756,2.02286623472827,7.2));
#9643=CARTESIAN_POINT('Ctrl Pts',(-0.320386508065814,1.98603742487587,7.2));
#9644=CARTESIAN_POINT('Ctrl Pts',(-0.249407363889967,2.02286623472827,7.2));
#9645=CARTESIAN_POINT('Ctrl Pts',(-0.168383865513756,2.02286623472827,7.2));
#9646=CARTESIAN_POINT('',(-0.320386508065814,1.98603742487587,7.3));
#9647=CARTESIAN_POINT('',(-0.320386508065814,1.98603742487587,7.2));
#9648=CARTESIAN_POINT('',(-0.168383865513756,2.02286623472827,7.3));
#9649=CARTESIAN_POINT('Ctrl Pts',(-0.168383865513756,2.02286623472827,7.3));
#9650=CARTESIAN_POINT('Ctrl Pts',(-0.249407363889967,2.02286623472827,7.3));
#9651=CARTESIAN_POINT('Ctrl Pts',(-0.320386508065814,1.98603742487587,7.3));
#9652=CARTESIAN_POINT('',(-0.168383865513756,2.02286623472827,7.2));
#9653=CARTESIAN_POINT('Ctrl Pts',(-0.0753074953539715,2.01014356270291,
7.2));
#9654=CARTESIAN_POINT('Ctrl Pts',(-0.0753074953539715,2.01014356270291,
7.3));
#9655=CARTESIAN_POINT('Ctrl Pts',(-0.118832399406388,2.02286623472827,7.2));
#9656=CARTESIAN_POINT('Ctrl Pts',(-0.118832399406388,2.02286623472827,7.3));
#9657=CARTESIAN_POINT('Ctrl Pts',(-0.168383865513756,2.02286623472827,7.2));
#9658=CARTESIAN_POINT('Ctrl Pts',(-0.168383865513756,2.02286623472827,7.3));
#9659=CARTESIAN_POINT('',(-0.0753074953539715,2.01014356270291,7.2));
#9660=CARTESIAN_POINT('Ctrl Pts',(-0.168383865513756,2.02286623472827,7.2));
#9661=CARTESIAN_POINT('Ctrl Pts',(-0.118832399406388,2.02286623472827,7.2));
#9662=CARTESIAN_POINT('Ctrl Pts',(-0.0753074953539715,2.01014356270291,
7.2));
#9663=CARTESIAN_POINT('',(-0.0753074953539715,2.01014356270291,7.3));
#9664=CARTESIAN_POINT('Ctrl Pts',(-0.0753074953539715,2.01014356270291,
7.3));
#9665=CARTESIAN_POINT('Ctrl Pts',(-0.118832399406388,2.02286623472827,7.3));
#9666=CARTESIAN_POINT('Ctrl Pts',(-0.168383865513756,2.02286623472827,7.3));
#9667=CARTESIAN_POINT('',(-0.0753074953539715,2.01014356270291,7.2));
#9668=CARTESIAN_POINT('Ctrl Pts',(0.0110727648354028,1.96394013581035,7.2));
#9669=CARTESIAN_POINT('Ctrl Pts',(0.0110727648354028,1.96394013581035,7.3));
#9670=CARTESIAN_POINT('Ctrl Pts',(-0.0311127910597667,1.99809050167459,
7.2));
#9671=CARTESIAN_POINT('Ctrl Pts',(-0.0311127910597667,1.99809050167459,
7.3));
#9672=CARTESIAN_POINT('Ctrl Pts',(-0.0753074953539715,2.01014356270291,
7.2));
#9673=CARTESIAN_POINT('Ctrl Pts',(-0.0753074953539715,2.01014356270291,
7.3));
#9674=CARTESIAN_POINT('',(0.0110727648354028,1.96394013581035,7.2));
#9675=CARTESIAN_POINT('Ctrl Pts',(-0.0753074953539715,2.01014356270291,
7.2));
#9676=CARTESIAN_POINT('Ctrl Pts',(-0.0311127910597667,1.99809050167459,
7.2));
#9677=CARTESIAN_POINT('Ctrl Pts',(0.0110727648354028,1.96394013581035,7.2));
#9678=CARTESIAN_POINT('',(0.0110727648354028,1.96394013581035,7.3));
#9679=CARTESIAN_POINT('Ctrl Pts',(0.0110727648354028,1.96394013581035,7.3));
#9680=CARTESIAN_POINT('Ctrl Pts',(-0.0311127910597667,1.99809050167459,
7.3));
#9681=CARTESIAN_POINT('Ctrl Pts',(-0.0753074953539715,2.01014356270291,
7.3));
#9682=CARTESIAN_POINT('',(0.0110727648354028,1.96394013581035,7.2));
#9683=CARTESIAN_POINT('Ctrl Pts',(0.0820519090112504,1.87354214655715,7.2));
#9684=CARTESIAN_POINT('Ctrl Pts',(0.0820519090112504,1.87354214655715,7.3));
#9685=CARTESIAN_POINT('Ctrl Pts',(0.0539279948091959,1.93045936517276,7.2));
#9686=CARTESIAN_POINT('Ctrl Pts',(0.0539279948091959,1.93045936517276,7.3));
#9687=CARTESIAN_POINT('Ctrl Pts',(0.0110727648354028,1.96394013581035,7.2));
#9688=CARTESIAN_POINT('Ctrl Pts',(0.0110727648354028,1.96394013581035,7.3));
#9689=CARTESIAN_POINT('',(0.0820519090112504,1.87354214655715,7.2));
#9690=CARTESIAN_POINT('Ctrl Pts',(0.0110727648354028,1.96394013581035,7.2));
#9691=CARTESIAN_POINT('Ctrl Pts',(0.0539279948091959,1.93045936517276,7.2));
#9692=CARTESIAN_POINT('Ctrl Pts',(0.0820519090112504,1.87354214655715,7.2));
#9693=CARTESIAN_POINT('',(0.0820519090112504,1.87354214655715,7.3));
#9694=CARTESIAN_POINT('Ctrl Pts',(0.0820519090112504,1.87354214655715,7.3));
#9695=CARTESIAN_POINT('Ctrl Pts',(0.0539279948091959,1.93045936517276,7.3));
#9696=CARTESIAN_POINT('Ctrl Pts',(0.0110727648354028,1.96394013581035,7.3));
#9697=CARTESIAN_POINT('',(0.0820519090112504,1.87354214655715,7.2));
#9698=CARTESIAN_POINT('Ctrl Pts',(0.123568295480455,1.74765458521602,7.2));
#9699=CARTESIAN_POINT('Ctrl Pts',(0.123568295480455,1.74765458521602,7.3));
#9700=CARTESIAN_POINT('Ctrl Pts',(0.110845497291928,1.81662489640074,7.2));
#9701=CARTESIAN_POINT('Ctrl Pts',(0.110845497291928,1.81662489640074,7.3));
#9702=CARTESIAN_POINT('Ctrl Pts',(0.0820519090112504,1.87354214655715,7.2));
#9703=CARTESIAN_POINT('Ctrl Pts',(0.0820519090112504,1.87354214655715,7.3));
#9704=CARTESIAN_POINT('',(0.123568295480455,1.74765458521602,7.2));
#9705=CARTESIAN_POINT('Ctrl Pts',(0.0820519090112504,1.87354214655715,7.2));
#9706=CARTESIAN_POINT('Ctrl Pts',(0.110845497291928,1.81662489640074,7.2));
#9707=CARTESIAN_POINT('Ctrl Pts',(0.123568295480455,1.74765458521602,7.2));
#9708=CARTESIAN_POINT('',(0.123568295480455,1.74765458521602,7.3));
#9709=CARTESIAN_POINT('Ctrl Pts',(0.123568295480455,1.74765458521602,7.3));
#9710=CARTESIAN_POINT('Ctrl Pts',(0.110845497291928,1.81662489640074,7.3));
#9711=CARTESIAN_POINT('Ctrl Pts',(0.0820519090112504,1.87354214655715,7.3));
#9712=CARTESIAN_POINT('',(0.123568295480455,1.74765458521602,7.2));
#9713=CARTESIAN_POINT('Ctrl Pts',(0.136960767747606,1.60234817879754,7.2));
#9714=CARTESIAN_POINT('Ctrl Pts',(0.136960767747606,1.60234817879754,7.3));
#9715=CARTESIAN_POINT('Ctrl Pts',(0.136960767747606,1.67935388502834,7.2));
#9716=CARTESIAN_POINT('Ctrl Pts',(0.136960767747606,1.67935388502834,7.3));
#9717=CARTESIAN_POINT('Ctrl Pts',(0.123568295480455,1.74765458521602,7.2));
#9718=CARTESIAN_POINT('Ctrl Pts',(0.123568295480455,1.74765458521602,7.3));
#9719=CARTESIAN_POINT('',(0.136960767747606,1.60234817879754,7.2));
#9720=CARTESIAN_POINT('Ctrl Pts',(0.123568295480455,1.74765458521602,7.2));
#9721=CARTESIAN_POINT('Ctrl Pts',(0.136960767747606,1.67935388502834,7.2));
#9722=CARTESIAN_POINT('Ctrl Pts',(0.136960767747606,1.60234817879754,7.2));
#9723=CARTESIAN_POINT('',(0.136960767747606,1.60234817879754,7.3));
#9724=CARTESIAN_POINT('Ctrl Pts',(0.136960767747606,1.60234817879754,7.3));
#9725=CARTESIAN_POINT('Ctrl Pts',(0.136960767747606,1.67935388502834,7.3));
#9726=CARTESIAN_POINT('Ctrl Pts',(0.123568295480455,1.74765458521602,7.3));
#9727=CARTESIAN_POINT('',(0.136960767747606,1.60234817879754,7.2));
#9728=CARTESIAN_POINT('Ctrl Pts',(0.115533215842292,1.39878530022857,7.2));
#9729=CARTESIAN_POINT('Ctrl Pts',(0.115533215842292,1.39878530022857,7.3));
#9730=CARTESIAN_POINT('Ctrl Pts',(0.136960767747606,1.49989712851601,7.2));
#9731=CARTESIAN_POINT('Ctrl Pts',(0.136960767747606,1.49989712851601,7.3));
#9732=CARTESIAN_POINT('Ctrl Pts',(0.136960767747606,1.60234817879754,7.2));
#9733=CARTESIAN_POINT('Ctrl Pts',(0.136960767747606,1.60234817879754,7.3));
#9734=CARTESIAN_POINT('',(0.115533215842292,1.39878530022857,7.2));
#9735=CARTESIAN_POINT('Ctrl Pts',(0.136960767747606,1.60234817879754,7.2));
#9736=CARTESIAN_POINT('Ctrl Pts',(0.136960767747606,1.49989712851601,7.2));
#9737=CARTESIAN_POINT('Ctrl Pts',(0.115533215842292,1.39878530022857,7.2));
#9738=CARTESIAN_POINT('',(0.115533215842292,1.39878530022857,7.3));
#9739=CARTESIAN_POINT('Ctrl Pts',(0.115533215842292,1.39878530022857,7.3));
#9740=CARTESIAN_POINT('Ctrl Pts',(0.136960767747606,1.49989712851601,7.3));
#9741=CARTESIAN_POINT('Ctrl Pts',(0.136960767747606,1.60234817879754,7.3));
#9742=CARTESIAN_POINT('',(0.115533215842292,1.39878530022857,7.2));
#9743=CARTESIAN_POINT('Ctrl Pts',(0.0525892774677728,1.2253551057712,7.2));
#9744=CARTESIAN_POINT('Ctrl Pts',(0.0525892774677728,1.2253551057712,7.3));
#9745=CARTESIAN_POINT('Ctrl Pts',(0.0941055377738134,1.29767347194113,7.2));
#9746=CARTESIAN_POINT('Ctrl Pts',(0.0941055377738134,1.29767347194113,7.3));
#9747=CARTESIAN_POINT('Ctrl Pts',(0.115533215842292,1.39878530022857,7.2));
#9748=CARTESIAN_POINT('Ctrl Pts',(0.115533215842292,1.39878530022857,7.3));
#9749=CARTESIAN_POINT('',(0.0525892774677728,1.2253551057712,7.2));
#9750=CARTESIAN_POINT('Ctrl Pts',(0.115533215842292,1.39878530022857,7.2));
#9751=CARTESIAN_POINT('Ctrl Pts',(0.0941055377738134,1.29767347194113,7.2));
#9752=CARTESIAN_POINT('Ctrl Pts',(0.0525892774677728,1.2253551057712,7.2));
#9753=CARTESIAN_POINT('',(0.0525892774677728,1.2253551057712,7.3));
#9754=CARTESIAN_POINT('Ctrl Pts',(0.0525892774677728,1.2253551057712,7.3));
#9755=CARTESIAN_POINT('Ctrl Pts',(0.0941055377738134,1.29767347194113,7.3));
#9756=CARTESIAN_POINT('Ctrl Pts',(0.115533215842292,1.39878530022857,7.3));
#9757=CARTESIAN_POINT('',(0.0525892774677728,1.2253551057712,7.2));
#9758=CARTESIAN_POINT('Ctrl Pts',(-0.0585666526937034,1.11620788243768,
7.2));
#9759=CARTESIAN_POINT('Ctrl Pts',(-0.0585666526937034,1.11620788243768,
7.3));
#9760=CARTESIAN_POINT('Ctrl Pts',(0.0117426912403559,1.15303667651969,7.2));
#9761=CARTESIAN_POINT('Ctrl Pts',(0.0117426912403559,1.15303667651969,7.3));
#9762=CARTESIAN_POINT('Ctrl Pts',(0.0525892774677728,1.2253551057712,7.2));
#9763=CARTESIAN_POINT('Ctrl Pts',(0.0525892774677728,1.2253551057712,7.3));
#9764=CARTESIAN_POINT('',(-0.0585666526937034,1.11620788243768,7.2));
#9765=CARTESIAN_POINT('Ctrl Pts',(0.0525892774677728,1.2253551057712,7.2));
#9766=CARTESIAN_POINT('Ctrl Pts',(0.0117426912403559,1.15303667651969,7.2));
#9767=CARTESIAN_POINT('Ctrl Pts',(-0.0585666526937034,1.11620788243768,
7.2));
#9768=CARTESIAN_POINT('',(-0.0585666526937034,1.11620788243768,7.3));
#9769=CARTESIAN_POINT('Ctrl Pts',(-0.0585666526937034,1.11620788243768,
7.3));
#9770=CARTESIAN_POINT('Ctrl Pts',(0.0117426912403559,1.15303667651969,7.3));
#9771=CARTESIAN_POINT('Ctrl Pts',(0.0525892774677728,1.2253551057712,7.3));
#9772=CARTESIAN_POINT('',(-0.0585666526937034,1.11620788243768,7.2));
#9773=CARTESIAN_POINT('Ctrl Pts',(-0.21123884316122,1.07937908835567,7.2));
#9774=CARTESIAN_POINT('Ctrl Pts',(-0.21123884316122,1.07937908835567,7.3));
#9775=CARTESIAN_POINT('Ctrl Pts',(-0.128876248954092,1.07937908835567,7.2));
#9776=CARTESIAN_POINT('Ctrl Pts',(-0.128876248954092,1.07937908835567,7.3));
#9777=CARTESIAN_POINT('Ctrl Pts',(-0.0585666526937034,1.11620788243768,
7.2));
#9778=CARTESIAN_POINT('Ctrl Pts',(-0.0585666526937034,1.11620788243768,
7.3));
#9779=CARTESIAN_POINT('',(-0.21123884316122,1.07937908835567,7.2));
#9780=CARTESIAN_POINT('Ctrl Pts',(-0.0585666526937034,1.11620788243768,
7.2));
#9781=CARTESIAN_POINT('Ctrl Pts',(-0.128876248954092,1.07937908835567,7.2));
#9782=CARTESIAN_POINT('Ctrl Pts',(-0.21123884316122,1.07937908835567,7.2));
#9783=CARTESIAN_POINT('',(-0.21123884316122,1.07937908835567,7.3));
#9784=CARTESIAN_POINT('Ctrl Pts',(-0.21123884316122,1.07937908835567,7.3));
#9785=CARTESIAN_POINT('Ctrl Pts',(-0.128876248954092,1.07937908835567,7.3));
#9786=CARTESIAN_POINT('Ctrl Pts',(-0.0585666526937034,1.11620788243768,
7.3));
#9787=CARTESIAN_POINT('',(-0.21123884316122,1.07937908835567,7.2));
#9788=CARTESIAN_POINT('Ctrl Pts',(-0.377303253569558,1.12692203687983,7.2));
#9789=CARTESIAN_POINT('Ctrl Pts',(-0.377303253569558,1.12692203687983,7.3));
#9790=CARTESIAN_POINT('Ctrl Pts',(-0.307663394469375,1.07937908835567,7.2));
#9791=CARTESIAN_POINT('Ctrl Pts',(-0.307663394469375,1.07937908835567,7.3));
#9792=CARTESIAN_POINT('Ctrl Pts',(-0.21123884316122,1.07937908835567,7.2));
#9793=CARTESIAN_POINT('Ctrl Pts',(-0.21123884316122,1.07937908835567,7.3));
#9794=CARTESIAN_POINT('',(-0.377303253569558,1.12692203687983,7.2));
#9795=CARTESIAN_POINT('Ctrl Pts',(-0.21123884316122,1.07937908835567,7.2));
#9796=CARTESIAN_POINT('Ctrl Pts',(-0.307663394469375,1.07937908835567,7.2));
#9797=CARTESIAN_POINT('Ctrl Pts',(-0.377303253569558,1.12692203687983,7.2));
#9798=CARTESIAN_POINT('',(-0.377303253569558,1.12692203687983,7.3));
#9799=CARTESIAN_POINT('Ctrl Pts',(-0.377303253569558,1.12692203687983,7.3));
#9800=CARTESIAN_POINT('Ctrl Pts',(-0.307663394469375,1.07937908835567,7.3));
#9801=CARTESIAN_POINT('Ctrl Pts',(-0.21123884316122,1.07937908835567,7.3));
#9802=CARTESIAN_POINT('',(-0.377303253569558,1.12692203687983,7.2));
#9803=CARTESIAN_POINT('Ctrl Pts',(-0.483102800407365,1.26821052498974,7.2));
#9804=CARTESIAN_POINT('Ctrl Pts',(-0.483102800407365,1.26821052498974,7.3));
#9805=CARTESIAN_POINT('Ctrl Pts',(-0.4469436173224,1.17513402866679,7.2));
#9806=CARTESIAN_POINT('Ctrl Pts',(-0.4469436173224,1.17513402866679,7.3));
#9807=CARTESIAN_POINT('Ctrl Pts',(-0.377303253569558,1.12692203687983,7.2));
#9808=CARTESIAN_POINT('Ctrl Pts',(-0.377303253569558,1.12692203687983,7.3));
#9809=CARTESIAN_POINT('',(-0.483102800407365,1.26821052498974,7.2));
#9810=CARTESIAN_POINT('Ctrl Pts',(-0.377303253569558,1.12692203687983,7.2));
#9811=CARTESIAN_POINT('Ctrl Pts',(-0.4469436173224,1.17513402866679,7.2));
#9812=CARTESIAN_POINT('Ctrl Pts',(-0.483102800407365,1.26821052498974,7.2));
#9813=CARTESIAN_POINT('',(-0.483102800407365,1.26821052498974,7.3));
#9814=CARTESIAN_POINT('Ctrl Pts',(-0.483102800407365,1.26821052498974,7.3));
#9815=CARTESIAN_POINT('Ctrl Pts',(-0.4469436173224,1.17513402866679,7.3));
#9816=CARTESIAN_POINT('Ctrl Pts',(-0.377303253569558,1.12692203687983,7.3));
#9817=CARTESIAN_POINT('',(-0.483102800407365,1.26821052498974,7.2));
#9818=CARTESIAN_POINT('Ctrl Pts',(-0.5185926879032,1.48583529757815,7.2));
#9819=CARTESIAN_POINT('Ctrl Pts',(-0.5185926879032,1.48583529757815,7.3));
#9820=CARTESIAN_POINT('Ctrl Pts',(-0.5185926879032,1.3612869582311,7.2));
#9821=CARTESIAN_POINT('Ctrl Pts',(-0.5185926879032,1.3612869582311,7.3));
#9822=CARTESIAN_POINT('Ctrl Pts',(-0.483102800407365,1.26821052498974,7.2));
#9823=CARTESIAN_POINT('Ctrl Pts',(-0.483102800407365,1.26821052498974,7.3));
#9824=CARTESIAN_POINT('',(-0.5185926879032,1.48583529757815,7.2));
#9825=CARTESIAN_POINT('Ctrl Pts',(-0.483102800407365,1.26821052498974,7.2));
#9826=CARTESIAN_POINT('Ctrl Pts',(-0.5185926879032,1.3612869582311,7.2));
#9827=CARTESIAN_POINT('Ctrl Pts',(-0.5185926879032,1.48583529757815,7.2));
#9828=CARTESIAN_POINT('',(-0.5185926879032,1.48583529757815,7.3));
#9829=CARTESIAN_POINT('Ctrl Pts',(-0.5185926879032,1.48583529757815,7.3));
#9830=CARTESIAN_POINT('Ctrl Pts',(-0.5185926879032,1.3612869582311,7.3));
#9831=CARTESIAN_POINT('Ctrl Pts',(-0.483102800407365,1.26821052498974,7.3));
#9832=CARTESIAN_POINT('',(-0.5185926879032,1.48583529757815,7.2));
#9833=CARTESIAN_POINT('Ctrl Pts',(-0.498503916420891,1.69274623113232,7.2));
#9834=CARTESIAN_POINT('Ctrl Pts',(-0.498503916420891,1.69274623113232,7.3));
#9835=CARTESIAN_POINT('Ctrl Pts',(-0.5185926879032,1.5902951808508,7.2));
#9836=CARTESIAN_POINT('Ctrl Pts',(-0.5185926879032,1.5902951808508,7.3));
#9837=CARTESIAN_POINT('Ctrl Pts',(-0.5185926879032,1.48583529757815,7.2));
#9838=CARTESIAN_POINT('Ctrl Pts',(-0.5185926879032,1.48583529757815,7.3));
#9839=CARTESIAN_POINT('',(-0.498503916420891,1.69274623113232,7.2));
#9840=CARTESIAN_POINT('Ctrl Pts',(-0.5185926879032,1.48583529757815,7.2));
#9841=CARTESIAN_POINT('Ctrl Pts',(-0.5185926879032,1.5902951808508,7.2));
#9842=CARTESIAN_POINT('Ctrl Pts',(-0.498503916420891,1.69274623113232,7.2));
#9843=CARTESIAN_POINT('',(-0.498503916420891,1.69274623113232,7.3));
#9844=CARTESIAN_POINT('Ctrl Pts',(-0.498503916420891,1.69274623113232,7.3));
#9845=CARTESIAN_POINT('Ctrl Pts',(-0.5185926879032,1.5902951808508,7.3));
#9846=CARTESIAN_POINT('Ctrl Pts',(-0.5185926879032,1.48583529757815,7.3));
#9847=CARTESIAN_POINT('',(-0.498503916420891,1.69274623113232,7.2));
#9848=CARTESIAN_POINT('Ctrl Pts',(-0.434890556294078,1.87220292456306,7.2));
#9849=CARTESIAN_POINT('Ctrl Pts',(-0.434890556294078,1.87220292456306,7.3));
#9850=CARTESIAN_POINT('Ctrl Pts',(-0.477746038594201,1.7958668608701,7.2));
#9851=CARTESIAN_POINT('Ctrl Pts',(-0.477746038594201,1.7958668608701,7.3));
#9852=CARTESIAN_POINT('Ctrl Pts',(-0.498503916420891,1.69274623113232,7.2));
#9853=CARTESIAN_POINT('Ctrl Pts',(-0.498503916420891,1.69274623113232,7.3));
#9854=CARTESIAN_POINT('',(-0.434890556294078,1.87220292456306,7.2));
#9855=CARTESIAN_POINT('Ctrl Pts',(-0.498503916420891,1.69274623113232,7.2));
#9856=CARTESIAN_POINT('Ctrl Pts',(-0.477746038594201,1.7958668608701,7.2));
#9857=CARTESIAN_POINT('Ctrl Pts',(-0.434890556294078,1.87220292456306,7.2));
#9858=CARTESIAN_POINT('',(-0.434890556294078,1.87220292456306,7.3));
#9859=CARTESIAN_POINT('Ctrl Pts',(-0.434890556294078,1.87220292456306,7.3));
#9860=CARTESIAN_POINT('Ctrl Pts',(-0.477746038594201,1.7958668608701,7.3));
#9861=CARTESIAN_POINT('Ctrl Pts',(-0.498503916420891,1.69274623113232,7.3));
#9862=CARTESIAN_POINT('',(-0.434890556294078,1.87220292456306,7.2));
#9863=CARTESIAN_POINT('Ctrl Pts',(-0.320386508065814,1.98603742487587,7.2));
#9864=CARTESIAN_POINT('Ctrl Pts',(-0.320386508065814,1.98603742487587,7.3));
#9865=CARTESIAN_POINT('Ctrl Pts',(-0.391365589160079,1.94920861502347,7.2));
#9866=CARTESIAN_POINT('Ctrl Pts',(-0.391365589160079,1.94920861502347,7.3));
#9867=CARTESIAN_POINT('Ctrl Pts',(-0.434890556294078,1.87220292456306,7.2));
#9868=CARTESIAN_POINT('Ctrl Pts',(-0.434890556294078,1.87220292456306,7.3));
#9869=CARTESIAN_POINT('Ctrl Pts',(-0.434890556294078,1.87220292456306,7.2));
#9870=CARTESIAN_POINT('Ctrl Pts',(-0.391365589160079,1.94920861502347,7.2));
#9871=CARTESIAN_POINT('Ctrl Pts',(-0.320386508065814,1.98603742487587,7.2));
#9872=CARTESIAN_POINT('Ctrl Pts',(-0.320386508065814,1.98603742487587,7.3));
#9873=CARTESIAN_POINT('Ctrl Pts',(-0.391365589160079,1.94920861502347,7.3));
#9874=CARTESIAN_POINT('Ctrl Pts',(-0.434890556294078,1.87220292456306,7.3));
#9875=CARTESIAN_POINT('Origin',(-0.190815960077797,1.55112266154197,7.3));
#9876=CARTESIAN_POINT('Origin',(-0.190815960077797,1.55112266154197,7.2));
#9877=CARTESIAN_POINT('Ctrl Pts',(-0.902951828845694,1.54208287365593,7.2));
#9878=CARTESIAN_POINT('Ctrl Pts',(-0.902951828845694,1.54208287365593,7.3));
#9879=CARTESIAN_POINT('Ctrl Pts',(-0.902951828845694,1.53471690036215,7.2));
#9880=CARTESIAN_POINT('Ctrl Pts',(-0.902951828845694,1.53471690036215,7.3));
#9881=CARTESIAN_POINT('Ctrl Pts',(-0.904960031020994,1.49253140754856,7.2));
#9882=CARTESIAN_POINT('Ctrl Pts',(-0.904960031020994,1.49253140754856,7.3));
#9883=CARTESIAN_POINT('',(-0.904960031020994,1.49253140754856,7.2));
#9884=CARTESIAN_POINT('',(-0.902951828845694,1.54208287365593,7.2));
#9885=CARTESIAN_POINT('Ctrl Pts',(-0.904960031020994,1.49253140754856,7.2));
#9886=CARTESIAN_POINT('Ctrl Pts',(-0.902951828845694,1.53471690036215,7.2));
#9887=CARTESIAN_POINT('Ctrl Pts',(-0.902951828845694,1.54208287365593,7.2));
#9888=CARTESIAN_POINT('',(-0.904960031020994,1.49253140754856,7.3));
#9889=CARTESIAN_POINT('',(-0.904960031020994,1.49253140754856,7.2));
#9890=CARTESIAN_POINT('',(-0.902951828845694,1.54208287365593,7.3));
#9891=CARTESIAN_POINT('Ctrl Pts',(-0.902951828845694,1.54208287365593,7.3));
#9892=CARTESIAN_POINT('Ctrl Pts',(-0.902951828845694,1.53471690036215,7.3));
#9893=CARTESIAN_POINT('Ctrl Pts',(-0.904960031020994,1.49253140754856,7.3));
#9894=CARTESIAN_POINT('',(-0.902951828845694,1.54208287365593,7.2));
#9895=CARTESIAN_POINT('Origin',(-0.889558915007467,1.92376325520235,7.2));
#9896=CARTESIAN_POINT('',(-0.889558915007467,1.92376325520235,7.2));
#9897=CARTESIAN_POINT('',(-0.902951828845694,1.54208287365593,7.2));
#9898=CARTESIAN_POINT('',(-0.889558915007467,1.92376325520235,7.3));
#9899=CARTESIAN_POINT('',(-0.902951828845694,1.54208287365593,7.3));
#9900=CARTESIAN_POINT('',(-0.889558915007467,1.92376325520235,7.2));
#9901=CARTESIAN_POINT('Origin',(-1.20293858059581,1.49253140754856,7.2));
#9902=CARTESIAN_POINT('',(-1.20293858059581,1.49253140754856,7.2));
#9903=CARTESIAN_POINT('',(-0.889558915007467,1.92376325520235,7.2));
#9904=CARTESIAN_POINT('',(-1.20293858059581,1.49253140754856,7.3));
#9905=CARTESIAN_POINT('',(-0.889558915007467,1.92376325520235,7.3));
#9906=CARTESIAN_POINT('',(-1.20293858059581,1.49253140754856,7.2));
#9907=CARTESIAN_POINT('Origin',(-0.904960031020994,1.49253140754856,7.2));
#9908=CARTESIAN_POINT('',(-1.20293858059581,1.49253140754856,7.2));
#9909=CARTESIAN_POINT('',(-1.20293858059581,1.49253140754856,7.3));
#9910=CARTESIAN_POINT('Ctrl Pts',(-0.935092715132589,1.09411065645374,7.2));
#9911=CARTESIAN_POINT('Ctrl Pts',(-0.935092715132589,1.09411065645374,7.3));
#9912=CARTESIAN_POINT('Ctrl Pts',(-0.892910534102077,1.09544609355288,7.2));
#9913=CARTESIAN_POINT('Ctrl Pts',(-0.892910534102077,1.09544609355288,7.3));
#9914=CARTESIAN_POINT('Ctrl Pts',(-0.869473991501684,1.09544609355288,7.2));
#9915=CARTESIAN_POINT('Ctrl Pts',(-0.869473991501684,1.09544609355288,7.3));
#9916=CARTESIAN_POINT('',(-0.869473991501684,1.09544609355288,7.2));
#9917=CARTESIAN_POINT('',(-0.935092715132589,1.09411065645374,7.2));
#9918=CARTESIAN_POINT('Ctrl Pts',(-0.869473991501684,1.09544609355288,7.2));
#9919=CARTESIAN_POINT('Ctrl Pts',(-0.892910534102077,1.09544609355288,7.2));
#9920=CARTESIAN_POINT('Ctrl Pts',(-0.935092715132589,1.09411065645374,7.2));
#9921=CARTESIAN_POINT('',(-0.869473991501684,1.09544609355288,7.3));
#9922=CARTESIAN_POINT('',(-0.869473991501684,1.09544609355288,7.2));
#9923=CARTESIAN_POINT('',(-0.935092715132589,1.09411065645374,7.3));
#9924=CARTESIAN_POINT('Ctrl Pts',(-0.935092715132589,1.09411065645374,7.3));
#9925=CARTESIAN_POINT('Ctrl Pts',(-0.892910534102077,1.09544609355288,7.3));
#9926=CARTESIAN_POINT('Ctrl Pts',(-0.869473991501684,1.09544609355288,7.3));
#9927=CARTESIAN_POINT('',(-0.935092715132589,1.09411065645374,7.2));
#9928=CARTESIAN_POINT('Ctrl Pts',(-0.917682860750312,1.40949913926281,7.2));
#9929=CARTESIAN_POINT('Ctrl Pts',(-0.917682860750312,1.40949913926281,7.3));
#9930=CARTESIAN_POINT('Ctrl Pts',(-0.924378939179932,1.21731971072512,7.2));
#9931=CARTESIAN_POINT('Ctrl Pts',(-0.924378939179932,1.21731971072512,7.3));
#9932=CARTESIAN_POINT('Ctrl Pts',(-0.935092715132589,1.09411065645374,7.2));
#9933=CARTESIAN_POINT('Ctrl Pts',(-0.935092715132589,1.09411065645374,7.3));
#9934=CARTESIAN_POINT('',(-0.917682860750312,1.40949913926281,7.2));
#9935=CARTESIAN_POINT('Ctrl Pts',(-0.935092715132589,1.09411065645374,7.2));
#9936=CARTESIAN_POINT('Ctrl Pts',(-0.924378939179932,1.21731971072512,7.2));
#9937=CARTESIAN_POINT('Ctrl Pts',(-0.917682860750312,1.40949913926281,7.2));
#9938=CARTESIAN_POINT('',(-0.917682860750312,1.40949913926281,7.3));
#9939=CARTESIAN_POINT('Ctrl Pts',(-0.917682860750312,1.40949913926281,7.3));
#9940=CARTESIAN_POINT('Ctrl Pts',(-0.924378939179932,1.21731971072512,7.3));
#9941=CARTESIAN_POINT('Ctrl Pts',(-0.935092715132589,1.09411065645374,7.3));
#9942=CARTESIAN_POINT('',(-0.917682860750312,1.40949913926281,7.2));
#9943=CARTESIAN_POINT('Origin',(-1.30204168628489,1.40615057962494,7.2));
#9944=CARTESIAN_POINT('',(-1.30204168628489,1.40615057962494,7.2));
#9945=CARTESIAN_POINT('',(-0.917682860750312,1.40949913926281,7.2));
#9946=CARTESIAN_POINT('',(-1.30204168628489,1.40615057962494,7.3));
#9947=CARTESIAN_POINT('',(-0.917682860750312,1.40949913926281,7.3));
#9948=CARTESIAN_POINT('',(-1.30204168628489,1.40615057962494,7.2));
#9949=CARTESIAN_POINT('Ctrl Pts',(-1.29869356821811,1.45637178289252,7.2));
#9950=CARTESIAN_POINT('Ctrl Pts',(-1.29869356821811,1.45637178289252,7.3));
#9951=CARTESIAN_POINT('Ctrl Pts',(-1.30003297157174,1.42423007654505,7.2));
#9952=CARTESIAN_POINT('Ctrl Pts',(-1.30003297157174,1.42423007654505,7.3));
#9953=CARTESIAN_POINT('Ctrl Pts',(-1.30204168628489,1.40615057962494,7.2));
#9954=CARTESIAN_POINT('Ctrl Pts',(-1.30204168628489,1.40615057962494,7.3));
#9955=CARTESIAN_POINT('',(-1.29869356821811,1.45637178289252,7.2));
#9956=CARTESIAN_POINT('Ctrl Pts',(-1.30204168628489,1.40615057962494,7.2));
#9957=CARTESIAN_POINT('Ctrl Pts',(-1.30003297157174,1.42423007654505,7.2));
#9958=CARTESIAN_POINT('Ctrl Pts',(-1.29869356821811,1.45637178289252,7.2));
#9959=CARTESIAN_POINT('',(-1.29869356821811,1.45637178289252,7.3));
#9960=CARTESIAN_POINT('Ctrl Pts',(-1.29869356821811,1.45637178289252,7.3));
#9961=CARTESIAN_POINT('Ctrl Pts',(-1.30003297157174,1.42423007654505,7.3));
#9962=CARTESIAN_POINT('Ctrl Pts',(-1.30204168628489,1.40615057962494,7.3));
#9963=CARTESIAN_POINT('',(-1.29869356821811,1.45637178289252,7.2));
#9964=CARTESIAN_POINT('Ctrl Pts',(-1.29735398350493,1.51194981105484,7.2));
#9965=CARTESIAN_POINT('Ctrl Pts',(-1.29735398350493,1.51194981105484,7.3));
#9966=CARTESIAN_POINT('Ctrl Pts',(-1.29735398350493,1.48918272174753,7.2));
#9967=CARTESIAN_POINT('Ctrl Pts',(-1.29735398350493,1.48918272174753,7.3));
#9968=CARTESIAN_POINT('Ctrl Pts',(-1.29869356821811,1.45637178289252,7.2));
#9969=CARTESIAN_POINT('Ctrl Pts',(-1.29869356821811,1.45637178289252,7.3));
#9970=CARTESIAN_POINT('',(-1.29735398350493,1.51194981105484,7.2));
#9971=CARTESIAN_POINT('Ctrl Pts',(-1.29869356821811,1.45637178289252,7.2));
#9972=CARTESIAN_POINT('Ctrl Pts',(-1.29735398350493,1.48918272174753,7.2));
#9973=CARTESIAN_POINT('Ctrl Pts',(-1.29735398350493,1.51194981105484,7.2));
#9974=CARTESIAN_POINT('',(-1.29735398350493,1.51194981105484,7.3));
#9975=CARTESIAN_POINT('Ctrl Pts',(-1.29735398350493,1.51194981105484,7.3));
#9976=CARTESIAN_POINT('Ctrl Pts',(-1.29735398350493,1.48918272174753,7.3));
#9977=CARTESIAN_POINT('Ctrl Pts',(-1.29869356821811,1.45637178289252,7.3));
#9978=CARTESIAN_POINT('',(-1.29735398350493,1.51194981105484,7.2));
#9979=CARTESIAN_POINT('Ctrl Pts',(-1.17146670603092,1.67935382194675,7.2));
#9980=CARTESIAN_POINT('Ctrl Pts',(-1.17146670603092,1.67935382194675,7.3));
#9981=CARTESIAN_POINT('Ctrl Pts',(-1.24713317449724,1.57556354967115,7.2));
#9982=CARTESIAN_POINT('Ctrl Pts',(-1.24713317449724,1.57556354967115,7.3));
#9983=CARTESIAN_POINT('Ctrl Pts',(-1.29735398350493,1.51194981105484,7.2));
#9984=CARTESIAN_POINT('Ctrl Pts',(-1.29735398350493,1.51194981105484,7.3));
#9985=CARTESIAN_POINT('',(-1.17146670603092,1.67935382194675,7.2));
#9986=CARTESIAN_POINT('Ctrl Pts',(-1.29735398350493,1.51194981105484,7.2));
#9987=CARTESIAN_POINT('Ctrl Pts',(-1.24713317449724,1.57556354967115,7.2));
#9988=CARTESIAN_POINT('Ctrl Pts',(-1.17146670603092,1.67935382194675,7.2));
#9989=CARTESIAN_POINT('',(-1.17146670603092,1.67935382194675,7.3));
#9990=CARTESIAN_POINT('Ctrl Pts',(-1.17146670603092,1.67935382194675,7.3));
#9991=CARTESIAN_POINT('Ctrl Pts',(-1.24713317449724,1.57556354967115,7.3));
#9992=CARTESIAN_POINT('Ctrl Pts',(-1.29735398350493,1.51194981105484,7.3));
#9993=CARTESIAN_POINT('',(-1.17146670603092,1.67935382194675,7.2));
#9994=CARTESIAN_POINT('Origin',(-1.04089185194011,1.8574713249242,7.2));
#9995=CARTESIAN_POINT('',(-1.04089185194011,1.8574713249242,7.2));
#9996=CARTESIAN_POINT('',(-1.17146670603092,1.67935382194675,7.2));
#9997=CARTESIAN_POINT('',(-1.04089185194011,1.8574713249242,7.3));
#9998=CARTESIAN_POINT('',(-1.17146670603092,1.67935382194675,7.3));
#9999=CARTESIAN_POINT('',(-1.04089185194011,1.8574713249242,7.2));
#10000=CARTESIAN_POINT('Ctrl Pts',(-0.935762357670421,2.00813463508941,
7.2));
#10001=CARTESIAN_POINT('Ctrl Pts',(-0.935762357670421,2.00813463508941,
7.3));
#10002=CARTESIAN_POINT('Ctrl Pts',(-0.985983434774831,1.93179855562605,
7.2));
#10003=CARTESIAN_POINT('Ctrl Pts',(-0.985983434774831,1.93179855562605,
7.3));
#10004=CARTESIAN_POINT('Ctrl Pts',(-1.04089185194011,1.8574713249242,7.2));
#10005=CARTESIAN_POINT('Ctrl Pts',(-1.04089185194011,1.8574713249242,7.3));
#10006=CARTESIAN_POINT('',(-0.935762357670421,2.00813463508941,7.2));
#10007=CARTESIAN_POINT('Ctrl Pts',(-1.04089185194011,1.8574713249242,7.2));
#10008=CARTESIAN_POINT('Ctrl Pts',(-0.985983434774831,1.93179855562605,
7.2));
#10009=CARTESIAN_POINT('Ctrl Pts',(-0.935762357670421,2.00813463508941,
7.2));
#10010=CARTESIAN_POINT('',(-0.935762357670421,2.00813463508941,7.3));
#10011=CARTESIAN_POINT('Ctrl Pts',(-0.935762357670421,2.00813463508941,
7.3));
#10012=CARTESIAN_POINT('Ctrl Pts',(-0.985983434774831,1.93179855562605,
7.3));
#10013=CARTESIAN_POINT('Ctrl Pts',(-1.04089185194011,1.8574713249242,7.3));
#10014=CARTESIAN_POINT('',(-0.935762357670421,2.00813463508941,7.2));
#10015=CARTESIAN_POINT('Ctrl Pts',(-0.850721287934338,2.00746497678118,
7.2));
#10016=CARTESIAN_POINT('Ctrl Pts',(-0.850721287934338,2.00746497678118,
7.3));
#10017=CARTESIAN_POINT('Ctrl Pts',(-0.891567779539381,2.00746497678118,
7.2));
#10018=CARTESIAN_POINT('Ctrl Pts',(-0.891567779539381,2.00746497678118,
7.3));
#10019=CARTESIAN_POINT('Ctrl Pts',(-0.935762357670421,2.00813463508941,
7.2));
#10020=CARTESIAN_POINT('Ctrl Pts',(-0.935762357670421,2.00813463508941,
7.3));
#10021=CARTESIAN_POINT('',(-0.850721287934338,2.00746497678118,7.2));
#10022=CARTESIAN_POINT('Ctrl Pts',(-0.935762357670421,2.00813463508941,
7.2));
#10023=CARTESIAN_POINT('Ctrl Pts',(-0.891567779539381,2.00746497678118,
7.2));
#10024=CARTESIAN_POINT('Ctrl Pts',(-0.850721287934338,2.00746497678118,
7.2));
#10025=CARTESIAN_POINT('',(-0.850721287934338,2.00746497678118,7.3));
#10026=CARTESIAN_POINT('Ctrl Pts',(-0.850721287934338,2.00746497678118,
7.3));
#10027=CARTESIAN_POINT('Ctrl Pts',(-0.891567779539381,2.00746497678118,
7.3));
#10028=CARTESIAN_POINT('Ctrl Pts',(-0.935762357670421,2.00813463508941,
7.3));
#10029=CARTESIAN_POINT('',(-0.850721287934338,2.00746497678118,7.2));
#10030=CARTESIAN_POINT('Ctrl Pts',(-0.77371561324433,2.00813463508941,7.2));
#10031=CARTESIAN_POINT('Ctrl Pts',(-0.77371561324433,2.00813463508941,7.3));
#10032=CARTESIAN_POINT('Ctrl Pts',(-0.811214144486541,2.00746497678118,
7.2));
#10033=CARTESIAN_POINT('Ctrl Pts',(-0.811214144486541,2.00746497678118,
7.3));
#10034=CARTESIAN_POINT('Ctrl Pts',(-0.850721287934338,2.00746497678118,
7.2));
#10035=CARTESIAN_POINT('Ctrl Pts',(-0.850721287934338,2.00746497678118,
7.3));
#10036=CARTESIAN_POINT('',(-0.77371561324433,2.00813463508941,7.2));
#10037=CARTESIAN_POINT('Ctrl Pts',(-0.850721287934338,2.00746497678118,
7.2));
#10038=CARTESIAN_POINT('Ctrl Pts',(-0.811214144486541,2.00746497678118,
7.2));
#10039=CARTESIAN_POINT('Ctrl Pts',(-0.77371561324433,2.00813463508941,7.2));
#10040=CARTESIAN_POINT('',(-0.77371561324433,2.00813463508941,7.3));
#10041=CARTESIAN_POINT('Ctrl Pts',(-0.77371561324433,2.00813463508941,7.3));
#10042=CARTESIAN_POINT('Ctrl Pts',(-0.811214144486541,2.00746497678118,
7.3));
#10043=CARTESIAN_POINT('Ctrl Pts',(-0.850721287934338,2.00746497678118,
7.3));
#10044=CARTESIAN_POINT('',(-0.77371561324433,2.00813463508941,7.2));
#10045=CARTESIAN_POINT('Ctrl Pts',(-0.797821546056225,1.49587939945218,
7.2));
#10046=CARTESIAN_POINT('Ctrl Pts',(-0.797821546056225,1.49587939945218,
7.3));
#10047=CARTESIAN_POINT('Ctrl Pts',(-0.78978640333648,1.75635952817755,7.2));
#10048=CARTESIAN_POINT('Ctrl Pts',(-0.78978640333648,1.75635952817755,7.3));
#10049=CARTESIAN_POINT('Ctrl Pts',(-0.77371561324433,2.00813463508941,7.2));
#10050=CARTESIAN_POINT('Ctrl Pts',(-0.77371561324433,2.00813463508941,7.3));
#10051=CARTESIAN_POINT('',(-0.797821546056225,1.49587939945218,7.2));
#10052=CARTESIAN_POINT('Ctrl Pts',(-0.77371561324433,2.00813463508941,7.2));
#10053=CARTESIAN_POINT('Ctrl Pts',(-0.78978640333648,1.75635952817755,7.2));
#10054=CARTESIAN_POINT('Ctrl Pts',(-0.797821546056225,1.49587939945218,
7.2));
#10055=CARTESIAN_POINT('',(-0.797821546056225,1.49587939945218,7.3));
#10056=CARTESIAN_POINT('Ctrl Pts',(-0.797821546056225,1.49587939945218,
7.3));
#10057=CARTESIAN_POINT('Ctrl Pts',(-0.78978640333648,1.75635952817755,7.3));
#10058=CARTESIAN_POINT('Ctrl Pts',(-0.77371561324433,2.00813463508941,7.3));
#10059=CARTESIAN_POINT('',(-0.797821546056225,1.49587939945218,7.2));
#10060=CARTESIAN_POINT('Origin',(-0.777063668229535,1.49520732827343,7.2));
#10061=CARTESIAN_POINT('',(-0.777063668229535,1.49520732827343,7.2));
#10062=CARTESIAN_POINT('',(-0.797821546056225,1.49587939945218,7.2));
#10063=CARTESIAN_POINT('',(-0.777063668229535,1.49520732827343,7.3));
#10064=CARTESIAN_POINT('',(-0.797821546056225,1.49587939945218,7.3));
#10065=CARTESIAN_POINT('',(-0.777063668229535,1.49520732827343,7.2));
#10066=CARTESIAN_POINT('Ctrl Pts',(-0.667246833898976,1.49587939945218,
7.2));
#10067=CARTESIAN_POINT('Ctrl Pts',(-0.667246833898976,1.49587939945218,
7.3));
#10068=CARTESIAN_POINT('Ctrl Pts',(-0.677960736014798,1.49520732827343,
7.2));
#10069=CARTESIAN_POINT('Ctrl Pts',(-0.677960736014798,1.49520732827343,
7.3));
#10070=CARTESIAN_POINT('Ctrl Pts',(-0.777063668229535,1.49520732827343,
7.2));
#10071=CARTESIAN_POINT('Ctrl Pts',(-0.777063668229535,1.49520732827343,
7.3));
#10072=CARTESIAN_POINT('',(-0.667246833898976,1.49587939945218,7.2));
#10073=CARTESIAN_POINT('Ctrl Pts',(-0.777063668229535,1.49520732827343,
7.2));
#10074=CARTESIAN_POINT('Ctrl Pts',(-0.677960736014798,1.49520732827343,
7.2));
#10075=CARTESIAN_POINT('Ctrl Pts',(-0.667246833898976,1.49587939945218,
7.2));
#10076=CARTESIAN_POINT('',(-0.667246833898976,1.49587939945218,7.3));
#10077=CARTESIAN_POINT('Ctrl Pts',(-0.667246833898976,1.49587939945218,
7.3));
#10078=CARTESIAN_POINT('Ctrl Pts',(-0.677960736014798,1.49520732827343,
7.3));
#10079=CARTESIAN_POINT('Ctrl Pts',(-0.777063668229535,1.49520732827343,
7.3));
#10080=CARTESIAN_POINT('',(-0.667246833898976,1.49587939945218,7.2));
#10081=CARTESIAN_POINT('Ctrl Pts',(-0.645819281993662,1.4985562033192,7.2));
#10082=CARTESIAN_POINT('Ctrl Pts',(-0.645819281993662,1.4985562033192,7.3));
#10083=CARTESIAN_POINT('Ctrl Pts',(-0.656533310272648,1.49655147063094,
7.2));
#10084=CARTESIAN_POINT('Ctrl Pts',(-0.656533310272648,1.49655147063094,
7.3));
#10085=CARTESIAN_POINT('Ctrl Pts',(-0.667246833898976,1.49587939945218,
7.2));
#10086=CARTESIAN_POINT('Ctrl Pts',(-0.667246833898976,1.49587939945218,
7.3));
#10087=CARTESIAN_POINT('',(-0.645819281993662,1.4985562033192,7.2));
#10088=CARTESIAN_POINT('Ctrl Pts',(-0.667246833898976,1.49587939945218,
7.2));
#10089=CARTESIAN_POINT('Ctrl Pts',(-0.656533310272648,1.49655147063094,
7.2));
#10090=CARTESIAN_POINT('Ctrl Pts',(-0.645819281993662,1.4985562033192,7.2));
#10091=CARTESIAN_POINT('',(-0.645819281993662,1.4985562033192,7.3));
#10092=CARTESIAN_POINT('Ctrl Pts',(-0.645819281993662,1.4985562033192,7.3));
#10093=CARTESIAN_POINT('Ctrl Pts',(-0.656533310272648,1.49655147063094,
7.3));
#10094=CARTESIAN_POINT('Ctrl Pts',(-0.667246833898976,1.49587939945218,
7.3));
#10095=CARTESIAN_POINT('',(-0.645819281993662,1.4985562033192,7.2));
#10096=CARTESIAN_POINT('Ctrl Pts',(-0.647830133595422,1.42155049708841,
7.2));
#10097=CARTESIAN_POINT('Ctrl Pts',(-0.647830133595422,1.42155049708841,
7.3));
#10098=CARTESIAN_POINT('Ctrl Pts',(-0.647830133595422,1.46440585322536,
7.2));
#10099=CARTESIAN_POINT('Ctrl Pts',(-0.647830133595422,1.46440585322536,
7.3));
#10100=CARTESIAN_POINT('Ctrl Pts',(-0.645819281993662,1.4985562033192,7.2));
#10101=CARTESIAN_POINT('Ctrl Pts',(-0.645819281993662,1.4985562033192,7.3));
#10102=CARTESIAN_POINT('',(-0.647830133595422,1.42155049708841,7.2));
#10103=CARTESIAN_POINT('Ctrl Pts',(-0.645819281993662,1.4985562033192,7.2));
#10104=CARTESIAN_POINT('Ctrl Pts',(-0.647830133595422,1.46440585322536,
7.2));
#10105=CARTESIAN_POINT('Ctrl Pts',(-0.647830133595422,1.42155049708841,
7.2));
#10106=CARTESIAN_POINT('',(-0.647830133595422,1.42155049708841,7.3));
#10107=CARTESIAN_POINT('Ctrl Pts',(-0.647830133595422,1.42155049708841,
7.3));
#10108=CARTESIAN_POINT('Ctrl Pts',(-0.647830133595422,1.46440585322536,
7.3));
#10109=CARTESIAN_POINT('Ctrl Pts',(-0.645819281993662,1.4985562033192,7.3));
#10110=CARTESIAN_POINT('',(-0.647830133595422,1.42155049708841,7.2));
#10111=CARTESIAN_POINT('Origin',(-0.647830133595422,1.40681911823508,7.2));
#10112=CARTESIAN_POINT('',(-0.647830133595422,1.40681911823508,7.2));
#10113=CARTESIAN_POINT('',(-0.647830133595422,1.42155049708841,7.2));
#10114=CARTESIAN_POINT('',(-0.647830133595422,1.40681911823508,7.3));
#10115=CARTESIAN_POINT('',(-0.647830133595422,1.42155049708841,7.3));
#10116=CARTESIAN_POINT('',(-0.647830133595422,1.40681911823508,7.2));
#10117=CARTESIAN_POINT('Ctrl Pts',(-0.801840978322779,1.40949579593894,
7.2));
#10118=CARTESIAN_POINT('Ctrl Pts',(-0.801840978322779,1.40949579593894,
7.3));
#10119=CARTESIAN_POINT('Ctrl Pts',(-0.701398950277125,1.40949579593894,
7.2));
#10120=CARTESIAN_POINT('Ctrl Pts',(-0.701398950277125,1.40949579593894,
7.3));
#10121=CARTESIAN_POINT('Ctrl Pts',(-0.647830133595422,1.40681911823508,
7.2));
#10122=CARTESIAN_POINT('Ctrl Pts',(-0.647830133595422,1.40681911823508,
7.3));
#10123=CARTESIAN_POINT('',(-0.801840978322779,1.40949579593894,7.2));
#10124=CARTESIAN_POINT('Ctrl Pts',(-0.647830133595422,1.40681911823508,
7.2));
#10125=CARTESIAN_POINT('Ctrl Pts',(-0.701398950277125,1.40949579593894,
7.2));
#10126=CARTESIAN_POINT('Ctrl Pts',(-0.801840978322779,1.40949579593894,
7.2));
#10127=CARTESIAN_POINT('',(-0.801840978322779,1.40949579593894,7.3));
#10128=CARTESIAN_POINT('Ctrl Pts',(-0.801840978322779,1.40949579593894,
7.3));
#10129=CARTESIAN_POINT('Ctrl Pts',(-0.701398950277125,1.40949579593894,
7.3));
#10130=CARTESIAN_POINT('Ctrl Pts',(-0.647830133595422,1.40681911823508,
7.3));
#10131=CARTESIAN_POINT('',(-0.801840978322779,1.40949579593894,7.2));
#10132=CARTESIAN_POINT('Origin',(-0.807199821828161,1.21195947942493,7.2));
#10133=CARTESIAN_POINT('',(-0.807199821828161,1.21195947942493,7.2));
#10134=CARTESIAN_POINT('',(-0.801840978322779,1.40949579593894,7.2));
#10135=CARTESIAN_POINT('',(-0.807199821828161,1.21195947942493,7.3));
#10136=CARTESIAN_POINT('',(-0.801840978322779,1.40949579593894,7.3));
#10137=CARTESIAN_POINT('',(-0.807199821828161,1.21195947942493,7.2));
#10138=CARTESIAN_POINT('Ctrl Pts',(-0.808538602251167,1.14700683422245,
7.2));
#10139=CARTESIAN_POINT('Ctrl Pts',(-0.808538602251167,1.14700683422245,
7.3));
#10140=CARTESIAN_POINT('Ctrl Pts',(-0.808538602251167,1.16240801331756,
7.2));
#10141=CARTESIAN_POINT('Ctrl Pts',(-0.808538602251167,1.16240801331756,
7.3));
#10142=CARTESIAN_POINT('Ctrl Pts',(-0.807199821828161,1.21195947942493,
7.2));
#10143=CARTESIAN_POINT('Ctrl Pts',(-0.807199821828161,1.21195947942493,
7.3));
#10144=CARTESIAN_POINT('',(-0.808538602251167,1.14700683422245,7.2));
#10145=CARTESIAN_POINT('Ctrl Pts',(-0.807199821828161,1.21195947942493,
7.2));
#10146=CARTESIAN_POINT('Ctrl Pts',(-0.808538602251167,1.16240801331756,
7.2));
#10147=CARTESIAN_POINT('Ctrl Pts',(-0.808538602251167,1.14700683422245,
7.2));
#10148=CARTESIAN_POINT('',(-0.808538602251167,1.14700683422245,7.3));
#10149=CARTESIAN_POINT('Ctrl Pts',(-0.808538602251167,1.14700683422245,
7.3));
#10150=CARTESIAN_POINT('Ctrl Pts',(-0.808538602251167,1.16240801331756,
7.3));
#10151=CARTESIAN_POINT('Ctrl Pts',(-0.807199821828161,1.21195947942493,
7.3));
#10152=CARTESIAN_POINT('',(-0.808538602251167,1.14700683422245,7.2));
#10153=CARTESIAN_POINT('Ctrl Pts',(-0.807199821828161,1.09410725004829,
7.2));
#10154=CARTESIAN_POINT('Ctrl Pts',(-0.807199821828161,1.09410725004829,
7.3));
#10155=CARTESIAN_POINT('Ctrl Pts',(-0.808538602251167,1.12959694829938,
7.2));
#10156=CARTESIAN_POINT('Ctrl Pts',(-0.808538602251167,1.12959694829938,
7.3));
#10157=CARTESIAN_POINT('Ctrl Pts',(-0.808538602251167,1.14700683422245,
7.2));
#10158=CARTESIAN_POINT('Ctrl Pts',(-0.808538602251167,1.14700683422245,
7.3));
#10159=CARTESIAN_POINT('',(-0.807199821828161,1.09410725004829,7.2));
#10160=CARTESIAN_POINT('Ctrl Pts',(-0.808538602251167,1.14700683422245,
7.2));
#10161=CARTESIAN_POINT('Ctrl Pts',(-0.808538602251167,1.12959694829938,
7.2));
#10162=CARTESIAN_POINT('Ctrl Pts',(-0.807199821828161,1.09410725004829,
7.2));
#10163=CARTESIAN_POINT('',(-0.807199821828161,1.09410725004829,7.3));
#10164=CARTESIAN_POINT('Ctrl Pts',(-0.807199821828161,1.09410725004829,
7.3));
#10165=CARTESIAN_POINT('Ctrl Pts',(-0.808538602251167,1.12959694829938,
7.3));
#10166=CARTESIAN_POINT('Ctrl Pts',(-0.808538602251167,1.14700683422245,
7.3));
#10167=CARTESIAN_POINT('',(-0.807199821828161,1.09410725004829,7.2));
#10168=CARTESIAN_POINT('Ctrl Pts',(-0.869473991501684,1.09544609355288,
7.2));
#10169=CARTESIAN_POINT('Ctrl Pts',(-0.869473991501684,1.09544609355288,
7.3));
#10170=CARTESIAN_POINT('Ctrl Pts',(-0.844028584369376,1.09544609355288,
7.2));
#10171=CARTESIAN_POINT('Ctrl Pts',(-0.844028584369376,1.09544609355288,
7.3));
#10172=CARTESIAN_POINT('Ctrl Pts',(-0.807199821828161,1.09410725004829,
7.2));
#10173=CARTESIAN_POINT('Ctrl Pts',(-0.807199821828161,1.09410725004829,
7.3));
#10174=CARTESIAN_POINT('Ctrl Pts',(-0.807199821828161,1.09410725004829,
7.2));
#10175=CARTESIAN_POINT('Ctrl Pts',(-0.844028584369376,1.09544609355288,
7.2));
#10176=CARTESIAN_POINT('Ctrl Pts',(-0.869473991501684,1.09544609355288,
7.2));
#10177=CARTESIAN_POINT('Ctrl Pts',(-0.869473991501684,1.09544609355288,
7.3));
#10178=CARTESIAN_POINT('Ctrl Pts',(-0.844028584369376,1.09544609355288,
7.3));
#10179=CARTESIAN_POINT('Ctrl Pts',(-0.807199821828161,1.09410725004829,
7.3));
#10180=CARTESIAN_POINT('Origin',(-0.973930484139278,1.55112094256885,7.3));
#10181=CARTESIAN_POINT('Origin',(-0.973930484139278,1.55112094256885,7.2));
#10182=CARTESIAN_POINT('Origin',(1.24718135202094,1.09411065645374,7.2));
#10183=CARTESIAN_POINT('',(1.24718135202094,1.21062360075471,7.2));
#10184=CARTESIAN_POINT('',(1.24718135202094,1.09411065645374,7.2));
#10185=CARTESIAN_POINT('',(1.24718135202094,1.21062360075471,7.2));
#10186=CARTESIAN_POINT('',(1.24718135202094,1.21062360075471,7.3));
#10187=CARTESIAN_POINT('',(1.24718135202094,1.21062360075471,7.2));
#10188=CARTESIAN_POINT('',(1.24718135202094,1.09411065645374,7.3));
#10189=CARTESIAN_POINT('',(1.24718135202094,1.21062360075471,7.3));
#10190=CARTESIAN_POINT('',(1.24718135202094,1.09411065645374,7.2));
#10191=CARTESIAN_POINT('Origin',(0.861483399114654,1.09411065645374,7.2));
#10192=CARTESIAN_POINT('',(0.861483399114654,1.09411065645374,7.2));
#10193=CARTESIAN_POINT('',(1.24718135202094,1.09411065645374,7.2));
#10194=CARTESIAN_POINT('',(0.861483399114654,1.09411065645374,7.3));
#10195=CARTESIAN_POINT('',(1.24718135202094,1.09411065645374,7.3));
#10196=CARTESIAN_POINT('',(0.861483399114654,1.09411065645374,7.2));
#10197=CARTESIAN_POINT('Origin',(0.861483399114654,1.35325156318503,7.2));
#10198=CARTESIAN_POINT('',(0.861483399114654,1.35325156318503,7.2));
#10199=CARTESIAN_POINT('',(0.861483399114654,1.09411065645374,7.2));
#10200=CARTESIAN_POINT('',(0.861483399114654,1.35325156318503,7.3));
#10201=CARTESIAN_POINT('',(0.861483399114654,1.09411065645374,7.3));
#10202=CARTESIAN_POINT('',(0.861483399114654,1.35325156318503,7.2));
#10203=CARTESIAN_POINT('Ctrl Pts',(0.941167549333618,1.40815985418714,7.2));
#10204=CARTESIAN_POINT('Ctrl Pts',(0.941167549333618,1.40815985418714,7.3));
#10205=CARTESIAN_POINT('Ctrl Pts',(0.901660311263448,1.3786970964805,7.2));
#10206=CARTESIAN_POINT('Ctrl Pts',(0.901660311263448,1.3786970964805,7.3));
#10207=CARTESIAN_POINT('Ctrl Pts',(0.861483399114654,1.35325156318503,7.2));
#10208=CARTESIAN_POINT('Ctrl Pts',(0.861483399114654,1.35325156318503,7.3));
#10209=CARTESIAN_POINT('',(0.941167549333618,1.40815985418714,7.2));
#10210=CARTESIAN_POINT('Ctrl Pts',(0.861483399114654,1.35325156318503,7.2));
#10211=CARTESIAN_POINT('Ctrl Pts',(0.901660311263448,1.3786970964805,7.2));
#10212=CARTESIAN_POINT('Ctrl Pts',(0.941167549333618,1.40815985418714,7.2));
#10213=CARTESIAN_POINT('',(0.941167549333618,1.40815985418714,7.3));
#10214=CARTESIAN_POINT('Ctrl Pts',(0.941167549333618,1.40815985418714,7.3));
#10215=CARTESIAN_POINT('Ctrl Pts',(0.901660311263448,1.3786970964805,7.3));
#10216=CARTESIAN_POINT('Ctrl Pts',(0.861483399114654,1.35325156318503,7.3));
#10217=CARTESIAN_POINT('',(0.941167549333618,1.40815985418714,7.2));
#10218=CARTESIAN_POINT('Ctrl Pts',(1.01080759767855,1.4757908802962,7.2));
#10219=CARTESIAN_POINT('Ctrl Pts',(1.01080759767855,1.4757908802962,7.3));
#10220=CARTESIAN_POINT('Ctrl Pts',(0.981344461482411,1.43762317962803,7.2));
#10221=CARTESIAN_POINT('Ctrl Pts',(0.981344461482411,1.43762317962803,7.3));
#10222=CARTESIAN_POINT('Ctrl Pts',(0.941167549333618,1.40815985418714,7.2));
#10223=CARTESIAN_POINT('Ctrl Pts',(0.941167549333618,1.40815985418714,7.3));
#10224=CARTESIAN_POINT('',(1.01080759767855,1.4757908802962,7.2));
#10225=CARTESIAN_POINT('Ctrl Pts',(0.941167549333618,1.40815985418714,7.2));
#10226=CARTESIAN_POINT('Ctrl Pts',(0.981344461482411,1.43762317962803,7.2));
#10227=CARTESIAN_POINT('Ctrl Pts',(1.01080759767855,1.4757908802962,7.2));
#10228=CARTESIAN_POINT('',(1.01080759767855,1.4757908802962,7.3));
#10229=CARTESIAN_POINT('Ctrl Pts',(1.01080759767855,1.4757908802962,7.3));
#10230=CARTESIAN_POINT('Ctrl Pts',(0.981344461482411,1.43762317962803,7.3));
#10231=CARTESIAN_POINT('Ctrl Pts',(0.941167549333618,1.40815985418714,7.3));
#10232=CARTESIAN_POINT('',(1.01080759767855,1.4757908802962,7.2));
#10233=CARTESIAN_POINT('Ctrl Pts',(1.05835042003954,1.56819776562211,7.2));
#10234=CARTESIAN_POINT('Ctrl Pts',(1.05835042003954,1.56819776562211,7.3));
#10235=CARTESIAN_POINT('Ctrl Pts',(1.04093990330065,1.51529805528479,7.2));
#10236=CARTESIAN_POINT('Ctrl Pts',(1.04093990330065,1.51529805528479,7.3));
#10237=CARTESIAN_POINT('Ctrl Pts',(1.01080759767855,1.4757908802962,7.2));
#10238=CARTESIAN_POINT('Ctrl Pts',(1.01080759767855,1.4757908802962,7.3));
#10239=CARTESIAN_POINT('',(1.05835042003954,1.56819776562211,7.2));
#10240=CARTESIAN_POINT('Ctrl Pts',(1.01080759767855,1.4757908802962,7.2));
#10241=CARTESIAN_POINT('Ctrl Pts',(1.04093990330065,1.51529805528479,7.2));
#10242=CARTESIAN_POINT('Ctrl Pts',(1.05835042003954,1.56819776562211,7.2));
#10243=CARTESIAN_POINT('',(1.05835042003954,1.56819776562211,7.3));
#10244=CARTESIAN_POINT('Ctrl Pts',(1.05835042003954,1.56819776562211,7.3));
#10245=CARTESIAN_POINT('Ctrl Pts',(1.04093990330065,1.51529805528479,7.3));
#10246=CARTESIAN_POINT('Ctrl Pts',(1.01080759767855,1.4757908802962,7.3));
#10247=CARTESIAN_POINT('',(1.05835042003954,1.56819776562211,7.2));
#10248=CARTESIAN_POINT('Ctrl Pts',(1.07576017979944,1.69274610496916,7.2));
#10249=CARTESIAN_POINT('Ctrl Pts',(1.07576017979944,1.69274610496916,7.3));
#10250=CARTESIAN_POINT('Ctrl Pts',(1.07576017979944,1.62176715003806,7.2));
#10251=CARTESIAN_POINT('Ctrl Pts',(1.07576017979944,1.62176715003806,7.3));
#10252=CARTESIAN_POINT('Ctrl Pts',(1.05835042003954,1.56819776562211,7.2));
#10253=CARTESIAN_POINT('Ctrl Pts',(1.05835042003954,1.56819776562211,7.3));
#10254=CARTESIAN_POINT('',(1.07576017979944,1.69274610496916,7.2));
#10255=CARTESIAN_POINT('Ctrl Pts',(1.05835042003954,1.56819776562211,7.2));
#10256=CARTESIAN_POINT('Ctrl Pts',(1.07576017979944,1.62176715003806,7.2));
#10257=CARTESIAN_POINT('Ctrl Pts',(1.07576017979944,1.69274610496916,7.2));
#10258=CARTESIAN_POINT('',(1.07576017979944,1.69274610496916,7.3));
#10259=CARTESIAN_POINT('Ctrl Pts',(1.07576017979944,1.69274610496916,7.3));
#10260=CARTESIAN_POINT('Ctrl Pts',(1.07576017979944,1.62176715003806,7.3));
#10261=CARTESIAN_POINT('Ctrl Pts',(1.05835042003954,1.56819776562211,7.3));
#10262=CARTESIAN_POINT('',(1.07576017979944,1.69274610496916,7.2));
#10263=CARTESIAN_POINT('Ctrl Pts',(0.990719141604151,1.91371893254277,7.2));
#10264=CARTESIAN_POINT('Ctrl Pts',(0.990719141604151,1.91371893254277,7.3));
#10265=CARTESIAN_POINT('Ctrl Pts',(1.07576017979944,1.83068672733861,7.2));
#10266=CARTESIAN_POINT('Ctrl Pts',(1.07576017979944,1.83068672733861,7.3));
#10267=CARTESIAN_POINT('Ctrl Pts',(1.07576017979944,1.69274610496916,7.2));
#10268=CARTESIAN_POINT('Ctrl Pts',(1.07576017979944,1.69274610496916,7.3));
#10269=CARTESIAN_POINT('',(0.990719141604151,1.91371893254277,7.2));
#10270=CARTESIAN_POINT('Ctrl Pts',(1.07576017979944,1.69274610496916,7.2));
#10271=CARTESIAN_POINT('Ctrl Pts',(1.07576017979944,1.83068672733861,7.2));
#10272=CARTESIAN_POINT('Ctrl Pts',(0.990719141604151,1.91371893254277,7.2));
#10273=CARTESIAN_POINT('',(0.990719141604151,1.91371893254277,7.3));
#10274=CARTESIAN_POINT('Ctrl Pts',(0.990719141604151,1.91371893254277,7.3));
#10275=CARTESIAN_POINT('Ctrl Pts',(1.07576017979944,1.83068672733861,7.3));
#10276=CARTESIAN_POINT('Ctrl Pts',(1.07576017979944,1.69274610496916,7.3));
#10277=CARTESIAN_POINT('',(0.990719141604151,1.91371893254277,7.2));
#10278=CARTESIAN_POINT('Ctrl Pts',(0.758362927080836,1.99742074874398,7.2));
#10279=CARTESIAN_POINT('Ctrl Pts',(0.758362927080836,1.99742074874398,7.3));
#10280=CARTESIAN_POINT('Ctrl Pts',(0.905678103408859,1.99742074874398,7.2));
#10281=CARTESIAN_POINT('Ctrl Pts',(0.905678103408859,1.99742074874398,7.3));
#10282=CARTESIAN_POINT('Ctrl Pts',(0.990719141604151,1.91371893254277,7.2));
#10283=CARTESIAN_POINT('Ctrl Pts',(0.990719141604151,1.91371893254277,7.3));
#10284=CARTESIAN_POINT('',(0.758362927080836,1.99742074874398,7.2));
#10285=CARTESIAN_POINT('Ctrl Pts',(0.990719141604151,1.91371893254277,7.2));
#10286=CARTESIAN_POINT('Ctrl Pts',(0.905678103408859,1.99742074874398,7.2));
#10287=CARTESIAN_POINT('Ctrl Pts',(0.758362927080836,1.99742074874398,7.2));
#10288=CARTESIAN_POINT('',(0.758362927080836,1.99742074874398,7.3));
#10289=CARTESIAN_POINT('Ctrl Pts',(0.758362927080836,1.99742074874398,7.3));
#10290=CARTESIAN_POINT('Ctrl Pts',(0.905678103408859,1.99742074874398,7.3));
#10291=CARTESIAN_POINT('Ctrl Pts',(0.990719141604151,1.91371893254277,7.3));
#10292=CARTESIAN_POINT('',(0.758362927080836,1.99742074874398,7.2));
#10293=CARTESIAN_POINT('Ctrl Pts',(0.526006586394355,1.91371893254277,7.2));
#10294=CARTESIAN_POINT('Ctrl Pts',(0.526006586394355,1.91371893254277,7.3));
#10295=CARTESIAN_POINT('Ctrl Pts',(0.611047624589647,1.99742074874398,7.2));
#10296=CARTESIAN_POINT('Ctrl Pts',(0.611047624589647,1.99742074874398,7.3));
#10297=CARTESIAN_POINT('Ctrl Pts',(0.758362927080836,1.99742074874398,7.2));
#10298=CARTESIAN_POINT('Ctrl Pts',(0.758362927080836,1.99742074874398,7.3));
#10299=CARTESIAN_POINT('',(0.526006586394355,1.91371893254277,7.2));
#10300=CARTESIAN_POINT('Ctrl Pts',(0.758362927080836,1.99742074874398,7.2));
#10301=CARTESIAN_POINT('Ctrl Pts',(0.611047624589647,1.99742074874398,7.2));
#10302=CARTESIAN_POINT('Ctrl Pts',(0.526006586394355,1.91371893254277,7.2));
#10303=CARTESIAN_POINT('',(0.526006586394355,1.91371893254277,7.3));
#10304=CARTESIAN_POINT('Ctrl Pts',(0.526006586394355,1.91371893254277,7.3));
#10305=CARTESIAN_POINT('Ctrl Pts',(0.611047624589647,1.99742074874398,7.3));
#10306=CARTESIAN_POINT('Ctrl Pts',(0.758362927080836,1.99742074874398,7.3));
#10307=CARTESIAN_POINT('',(0.526006586394355,1.91371893254277,7.2));
#10308=CARTESIAN_POINT('Ctrl Pts',(0.440965548199063,1.69274610496916,7.2));
#10309=CARTESIAN_POINT('Ctrl Pts',(0.440965548199063,1.69274610496916,7.3));
#10310=CARTESIAN_POINT('Ctrl Pts',(0.440965548199063,1.83068669579781,7.2));
#10311=CARTESIAN_POINT('Ctrl Pts',(0.440965548199063,1.83068669579781,7.3));
#10312=CARTESIAN_POINT('Ctrl Pts',(0.526006586394355,1.91371893254277,7.2));
#10313=CARTESIAN_POINT('Ctrl Pts',(0.526006586394355,1.91371893254277,7.3));
#10314=CARTESIAN_POINT('',(0.440965548199063,1.69274610496916,7.2));
#10315=CARTESIAN_POINT('Ctrl Pts',(0.526006586394355,1.91371893254277,7.2));
#10316=CARTESIAN_POINT('Ctrl Pts',(0.440965548199063,1.83068669579781,7.2));
#10317=CARTESIAN_POINT('Ctrl Pts',(0.440965548199063,1.69274610496916,7.2));
#10318=CARTESIAN_POINT('',(0.440965548199063,1.69274610496916,7.3));
#10319=CARTESIAN_POINT('Ctrl Pts',(0.440965548199063,1.69274610496916,7.3));
#10320=CARTESIAN_POINT('Ctrl Pts',(0.440965548199063,1.83068669579781,7.3));
#10321=CARTESIAN_POINT('Ctrl Pts',(0.526006586394355,1.91371893254277,7.3));
#10322=CARTESIAN_POINT('',(0.440965548199063,1.69274610496916,7.2));
#10323=CARTESIAN_POINT('Ctrl Pts',(0.458375434122131,1.56819776562211,7.2));
#10324=CARTESIAN_POINT('Ctrl Pts',(0.458375434122131,1.56819776562211,7.3));
#10325=CARTESIAN_POINT('Ctrl Pts',(0.440965548199063,1.62176689771173,7.2));
#10326=CARTESIAN_POINT('Ctrl Pts',(0.440965548199063,1.62176689771173,7.3));
#10327=CARTESIAN_POINT('Ctrl Pts',(0.440965548199063,1.69274610496916,7.2));
#10328=CARTESIAN_POINT('Ctrl Pts',(0.440965548199063,1.69274610496916,7.3));
#10329=CARTESIAN_POINT('',(0.458375434122131,1.56819776562211,7.2));
#10330=CARTESIAN_POINT('Ctrl Pts',(0.440965548199063,1.69274610496916,7.2));
#10331=CARTESIAN_POINT('Ctrl Pts',(0.440965548199063,1.62176689771173,7.2));
#10332=CARTESIAN_POINT('Ctrl Pts',(0.458375434122131,1.56819776562211,7.2));
#10333=CARTESIAN_POINT('',(0.458375434122131,1.56819776562211,7.3));
#10334=CARTESIAN_POINT('Ctrl Pts',(0.458375434122131,1.56819776562211,7.3));
#10335=CARTESIAN_POINT('Ctrl Pts',(0.440965548199063,1.62176689771173,7.3));
#10336=CARTESIAN_POINT('Ctrl Pts',(0.440965548199063,1.69274610496916,7.3));
#10337=CARTESIAN_POINT('',(0.458375434122131,1.56819776562211,7.2));
#10338=CARTESIAN_POINT('Ctrl Pts',(0.505918256483123,1.4757908802962,7.2));
#10339=CARTESIAN_POINT('Ctrl Pts',(0.505918256483123,1.4757908802962,7.3));
#10340=CARTESIAN_POINT('Ctrl Pts',(0.475785320045199,1.51529811836637,7.2));
#10341=CARTESIAN_POINT('Ctrl Pts',(0.475785320045199,1.51529811836637,7.3));
#10342=CARTESIAN_POINT('Ctrl Pts',(0.458375434122131,1.56819776562211,7.2));
#10343=CARTESIAN_POINT('Ctrl Pts',(0.458375434122131,1.56819776562211,7.3));
#10344=CARTESIAN_POINT('',(0.505918256483123,1.4757908802962,7.2));
#10345=CARTESIAN_POINT('Ctrl Pts',(0.458375434122131,1.56819776562211,7.2));
#10346=CARTESIAN_POINT('Ctrl Pts',(0.475785320045199,1.51529811836637,7.2));
#10347=CARTESIAN_POINT('Ctrl Pts',(0.505918256483123,1.4757908802962,7.2));
#10348=CARTESIAN_POINT('',(0.505918256483123,1.4757908802962,7.3));
#10349=CARTESIAN_POINT('Ctrl Pts',(0.505918256483123,1.4757908802962,7.3));
#10350=CARTESIAN_POINT('Ctrl Pts',(0.475785320045199,1.51529811836637,7.3));
#10351=CARTESIAN_POINT('Ctrl Pts',(0.458375434122131,1.56819776562211,7.3));
#10352=CARTESIAN_POINT('',(0.505918256483123,1.4757908802962,7.2));
#10353=CARTESIAN_POINT('Ctrl Pts',(0.575558178664889,1.40815985418714,7.2));
#10354=CARTESIAN_POINT('Ctrl Pts',(0.575558178664889,1.40815985418714,7.3));
#10355=CARTESIAN_POINT('Ctrl Pts',(0.536050814431554,1.43762267497537,7.2));
#10356=CARTESIAN_POINT('Ctrl Pts',(0.536050814431554,1.43762267497537,7.3));
#10357=CARTESIAN_POINT('Ctrl Pts',(0.505918256483123,1.4757908802962,7.2));
#10358=CARTESIAN_POINT('Ctrl Pts',(0.505918256483123,1.4757908802962,7.3));
#10359=CARTESIAN_POINT('',(0.575558178664889,1.40815985418714,7.2));
#10360=CARTESIAN_POINT('Ctrl Pts',(0.505918256483123,1.4757908802962,7.2));
#10361=CARTESIAN_POINT('Ctrl Pts',(0.536050814431554,1.43762267497537,7.2));
#10362=CARTESIAN_POINT('Ctrl Pts',(0.575558178664889,1.40815985418714,7.2));
#10363=CARTESIAN_POINT('',(0.575558178664889,1.40815985418714,7.3));
#10364=CARTESIAN_POINT('Ctrl Pts',(0.575558178664889,1.40815985418714,7.3));
#10365=CARTESIAN_POINT('Ctrl Pts',(0.536050814431554,1.43762267497537,7.3));
#10366=CARTESIAN_POINT('Ctrl Pts',(0.505918256483123,1.4757908802962,7.3));
#10367=CARTESIAN_POINT('',(0.575558178664889,1.40815985418714,7.2));
#10368=CARTESIAN_POINT('Ctrl Pts',(0.655242328883852,1.35325156318503,7.2));
#10369=CARTESIAN_POINT('Ctrl Pts',(0.655242328883852,1.35325156318503,7.3));
#10370=CARTESIAN_POINT('Ctrl Pts',(0.615065290571894,1.37869652874626,7.2));
#10371=CARTESIAN_POINT('Ctrl Pts',(0.615065290571894,1.37869652874626,7.3));
#10372=CARTESIAN_POINT('Ctrl Pts',(0.575558178664889,1.40815985418714,7.2));
#10373=CARTESIAN_POINT('Ctrl Pts',(0.575558178664889,1.40815985418714,7.3));
#10374=CARTESIAN_POINT('',(0.655242328883852,1.35325156318503,7.2));
#10375=CARTESIAN_POINT('Ctrl Pts',(0.575558178664889,1.40815985418714,7.2));
#10376=CARTESIAN_POINT('Ctrl Pts',(0.615065290571894,1.37869652874626,7.2));
#10377=CARTESIAN_POINT('Ctrl Pts',(0.655242328883852,1.35325156318503,7.2));
#10378=CARTESIAN_POINT('',(0.655242328883852,1.35325156318503,7.3));
#10379=CARTESIAN_POINT('Ctrl Pts',(0.655242328883852,1.35325156318503,7.3));
#10380=CARTESIAN_POINT('Ctrl Pts',(0.615065290571894,1.37869652874626,7.3));
#10381=CARTESIAN_POINT('Ctrl Pts',(0.575558178664889,1.40815985418714,7.3));
#10382=CARTESIAN_POINT('',(0.655242328883852,1.35325156318503,7.2));
#10383=CARTESIAN_POINT('Origin',(0.655242328883852,1.09411065645374,7.2));
#10384=CARTESIAN_POINT('',(0.655242328883852,1.09411065645374,7.2));
#10385=CARTESIAN_POINT('',(0.655242328883852,1.35325156318503,7.2));
#10386=CARTESIAN_POINT('',(0.655242328883852,1.09411065645374,7.3));
#10387=CARTESIAN_POINT('',(0.655242328883852,1.35325156318503,7.3));
#10388=CARTESIAN_POINT('',(0.655242328883852,1.09411065645374,7.2));
#10389=CARTESIAN_POINT('Origin',(0.269543997488067,1.09411065645374,7.2));
#10390=CARTESIAN_POINT('',(0.269543997488067,1.09411065645374,7.2));
#10391=CARTESIAN_POINT('',(0.655242328883852,1.09411065645374,7.2));
#10392=CARTESIAN_POINT('',(0.269543997488067,1.09411065645374,7.3));
#10393=CARTESIAN_POINT('',(0.655242328883852,1.09411065645374,7.3));
#10394=CARTESIAN_POINT('',(0.269543997488067,1.09411065645374,7.2));
#10395=CARTESIAN_POINT('Origin',(0.269543997488067,1.21062360075471,7.2));
#10396=CARTESIAN_POINT('',(0.269543997488067,1.21062360075471,7.2));
#10397=CARTESIAN_POINT('',(0.269543997488067,1.09411065645374,7.2));
#10398=CARTESIAN_POINT('',(0.269543997488067,1.21062360075471,7.3));
#10399=CARTESIAN_POINT('',(0.269543997488067,1.09411065645374,7.3));
#10400=CARTESIAN_POINT('',(0.269543997488067,1.21062360075471,7.2));
#10401=CARTESIAN_POINT('Origin',(0.544086020232882,1.21062360075471,7.2));
#10402=CARTESIAN_POINT('',(0.544086020232882,1.21062360075471,7.2));
#10403=CARTESIAN_POINT('',(0.269543997488067,1.21062360075471,7.2));
#10404=CARTESIAN_POINT('',(0.544086020232882,1.21062360075471,7.3));
#10405=CARTESIAN_POINT('',(0.269543997488067,1.21062360075471,7.3));
#10406=CARTESIAN_POINT('',(0.544086020232882,1.21062360075471,7.2));
#10407=CARTESIAN_POINT('Origin',(0.544086020232882,1.29365580595888,7.2));
#10408=CARTESIAN_POINT('',(0.544086020232882,1.29365580595888,7.2));
#10409=CARTESIAN_POINT('',(0.544086020232882,1.21062360075471,7.2));
#10410=CARTESIAN_POINT('',(0.544086020232882,1.29365580595888,7.3));
#10411=CARTESIAN_POINT('',(0.544086020232882,1.21062360075471,7.3));
#10412=CARTESIAN_POINT('',(0.544086020232882,1.29365580595888,7.2));
#10413=CARTESIAN_POINT('Ctrl Pts',(0.37065582577551,1.45838105745472,7.2));
#10414=CARTESIAN_POINT('Ctrl Pts',(0.37065582577551,1.45838105745472,7.3));
#10415=CARTESIAN_POINT('Ctrl Pts',(0.438956525963193,1.35392117418207,7.2));
#10416=CARTESIAN_POINT('Ctrl Pts',(0.438956525963193,1.35392117418207,7.3));
#10417=CARTESIAN_POINT('Ctrl Pts',(0.544086020232882,1.29365580595888,7.2));
#10418=CARTESIAN_POINT('Ctrl Pts',(0.544086020232882,1.29365580595888,7.3));
#10419=CARTESIAN_POINT('',(0.37065582577551,1.45838105745472,7.2));
#10420=CARTESIAN_POINT('Ctrl Pts',(0.544086020232882,1.29365580595888,7.2));
#10421=CARTESIAN_POINT('Ctrl Pts',(0.438956525963193,1.35392117418207,7.2));
#10422=CARTESIAN_POINT('Ctrl Pts',(0.37065582577551,1.45838105745472,7.2));
#10423=CARTESIAN_POINT('',(0.37065582577551,1.45838105745472,7.3));
#10424=CARTESIAN_POINT('Ctrl Pts',(0.37065582577551,1.45838105745472,7.3));
#10425=CARTESIAN_POINT('Ctrl Pts',(0.438956525963193,1.35392117418207,7.3));
#10426=CARTESIAN_POINT('Ctrl Pts',(0.544086020232882,1.29365580595888,7.3));
#10427=CARTESIAN_POINT('',(0.37065582577551,1.45838105745472,7.2));
#10428=CARTESIAN_POINT('Ctrl Pts',(0.30302479966645,1.69274619959153,7.2));
#10429=CARTESIAN_POINT('Ctrl Pts',(0.30302479966645,1.69274619959153,7.3));
#10430=CARTESIAN_POINT('Ctrl Pts',(0.30302479966645,1.56284094072737,7.2));
#10431=CARTESIAN_POINT('Ctrl Pts',(0.30302479966645,1.56284094072737,7.3));
#10432=CARTESIAN_POINT('Ctrl Pts',(0.37065582577551,1.45838105745472,7.2));
#10433=CARTESIAN_POINT('Ctrl Pts',(0.37065582577551,1.45838105745472,7.3));
#10434=CARTESIAN_POINT('',(0.30302479966645,1.69274619959153,7.2));
#10435=CARTESIAN_POINT('Ctrl Pts',(0.37065582577551,1.45838105745472,7.2));
#10436=CARTESIAN_POINT('Ctrl Pts',(0.30302479966645,1.56284094072737,7.2));
#10437=CARTESIAN_POINT('Ctrl Pts',(0.30302479966645,1.69274619959153,7.2));
#10438=CARTESIAN_POINT('',(0.30302479966645,1.69274619959153,7.3));
#10439=CARTESIAN_POINT('Ctrl Pts',(0.30302479966645,1.69274619959153,7.3));
#10440=CARTESIAN_POINT('Ctrl Pts',(0.30302479966645,1.56284094072737,7.3));
#10441=CARTESIAN_POINT('Ctrl Pts',(0.37065582577551,1.45838105745472,7.3));
#10442=CARTESIAN_POINT('',(0.30302479966645,1.69274619959153,7.2));
#10443=CARTESIAN_POINT('Ctrl Pts',(0.428242750010536,1.99474239937819,7.2));
#10444=CARTESIAN_POINT('Ctrl Pts',(0.428242750010536,1.99474239937819,7.3));
#10445=CARTESIAN_POINT('Ctrl Pts',(0.30302479966645,1.87755981253939,7.2));
#10446=CARTESIAN_POINT('Ctrl Pts',(0.30302479966645,1.87755981253939,7.3));
#10447=CARTESIAN_POINT('Ctrl Pts',(0.30302479966645,1.69274619959153,7.2));
#10448=CARTESIAN_POINT('Ctrl Pts',(0.30302479966645,1.69274619959153,7.3));
#10449=CARTESIAN_POINT('',(0.428242750010536,1.99474239937819,7.2));
#10450=CARTESIAN_POINT('Ctrl Pts',(0.30302479966645,1.69274619959153,7.2));
#10451=CARTESIAN_POINT('Ctrl Pts',(0.30302479966645,1.87755981253939,7.2));
#10452=CARTESIAN_POINT('Ctrl Pts',(0.428242750010536,1.99474239937819,7.2));
#10453=CARTESIAN_POINT('',(0.428242750010536,1.99474239937819,7.3));
#10454=CARTESIAN_POINT('Ctrl Pts',(0.428242750010536,1.99474239937819,7.3));
#10455=CARTESIAN_POINT('Ctrl Pts',(0.30302479966645,1.87755981253939,7.3));
#10456=CARTESIAN_POINT('Ctrl Pts',(0.30302479966645,1.69274619959153,7.3));
#10457=CARTESIAN_POINT('',(0.428242750010536,1.99474239937819,7.2));
#10458=CARTESIAN_POINT('Ctrl Pts',(0.758362800917671,2.1119249704466,7.2));
#10459=CARTESIAN_POINT('Ctrl Pts',(0.758362800917671,2.1119249704466,7.3));
#10460=CARTESIAN_POINT('Ctrl Pts',(0.55413024827008,2.1119249704466,7.2));
#10461=CARTESIAN_POINT('Ctrl Pts',(0.55413024827008,2.1119249704466,7.3));
#10462=CARTESIAN_POINT('Ctrl Pts',(0.428242750010536,1.99474239937819,7.2));
#10463=CARTESIAN_POINT('Ctrl Pts',(0.428242750010536,1.99474239937819,7.3));
#10464=CARTESIAN_POINT('',(0.758362800917671,2.1119249704466,7.2));
#10465=CARTESIAN_POINT('Ctrl Pts',(0.428242750010536,1.99474239937819,7.2));
#10466=CARTESIAN_POINT('Ctrl Pts',(0.55413024827008,2.1119249704466,7.2));
#10467=CARTESIAN_POINT('Ctrl Pts',(0.758362800917671,2.1119249704466,7.2));
#10468=CARTESIAN_POINT('',(0.758362800917671,2.1119249704466,7.3));
#10469=CARTESIAN_POINT('Ctrl Pts',(0.758362800917671,2.1119249704466,7.3));
#10470=CARTESIAN_POINT('Ctrl Pts',(0.55413024827008,2.1119249704466,7.3));
#10471=CARTESIAN_POINT('Ctrl Pts',(0.428242750010536,1.99474239937819,7.3));
#10472=CARTESIAN_POINT('',(0.758362800917671,2.1119249704466,7.2));
#10473=CARTESIAN_POINT('Ctrl Pts',(1.08781305158302,1.99474239937819,7.2));
#10474=CARTESIAN_POINT('Ctrl Pts',(1.08781305158302,1.99474239937819,7.3));
#10475=CARTESIAN_POINT('Ctrl Pts',(0.962595101238932,2.1119249704466,7.2));
#10476=CARTESIAN_POINT('Ctrl Pts',(0.962595101238932,2.1119249704466,7.3));
#10477=CARTESIAN_POINT('Ctrl Pts',(0.758362800917671,2.1119249704466,7.2));
#10478=CARTESIAN_POINT('Ctrl Pts',(0.758362800917671,2.1119249704466,7.3));
#10479=CARTESIAN_POINT('',(1.08781305158302,1.99474239937819,7.2));
#10480=CARTESIAN_POINT('Ctrl Pts',(0.758362800917671,2.1119249704466,7.2));
#10481=CARTESIAN_POINT('Ctrl Pts',(0.962595101238932,2.1119249704466,7.2));
#10482=CARTESIAN_POINT('Ctrl Pts',(1.08781305158302,1.99474239937819,7.2));
#10483=CARTESIAN_POINT('',(1.08781305158302,1.99474239937819,7.3));
#10484=CARTESIAN_POINT('Ctrl Pts',(1.08781305158302,1.99474239937819,7.3));
#10485=CARTESIAN_POINT('Ctrl Pts',(0.962595101238932,2.1119249704466,7.3));
#10486=CARTESIAN_POINT('Ctrl Pts',(0.758362800917671,2.1119249704466,7.3));
#10487=CARTESIAN_POINT('',(1.08781305158302,1.99474239937819,7.2));
#10488=CARTESIAN_POINT('Ctrl Pts',(1.21370067600573,1.69274619959153,7.2));
#10489=CARTESIAN_POINT('Ctrl Pts',(1.21370067600573,1.69274619959153,7.3));
#10490=CARTESIAN_POINT('Ctrl Pts',(1.21370067600573,1.87755981253939,7.2));
#10491=CARTESIAN_POINT('Ctrl Pts',(1.21370067600573,1.87755981253939,7.3));
#10492=CARTESIAN_POINT('Ctrl Pts',(1.08781305158302,1.99474239937819,7.2));
#10493=CARTESIAN_POINT('Ctrl Pts',(1.08781305158302,1.99474239937819,7.3));
#10494=CARTESIAN_POINT('',(1.21370067600573,1.69274619959153,7.2));
#10495=CARTESIAN_POINT('Ctrl Pts',(1.08781305158302,1.99474239937819,7.2));
#10496=CARTESIAN_POINT('Ctrl Pts',(1.21370067600573,1.87755981253939,7.2));
#10497=CARTESIAN_POINT('Ctrl Pts',(1.21370067600573,1.69274619959153,7.2));
#10498=CARTESIAN_POINT('',(1.21370067600573,1.69274619959153,7.3));
#10499=CARTESIAN_POINT('Ctrl Pts',(1.21370067600573,1.69274619959153,7.3));
#10500=CARTESIAN_POINT('Ctrl Pts',(1.21370067600573,1.87755981253939,7.3));
#10501=CARTESIAN_POINT('Ctrl Pts',(1.08781305158302,1.99474239937819,7.3));
#10502=CARTESIAN_POINT('',(1.21370067600573,1.69274619959153,7.2));
#10503=CARTESIAN_POINT('Ctrl Pts',(1.14539997581804,1.45838105745472,7.2));
#10504=CARTESIAN_POINT('Ctrl Pts',(1.14539997581804,1.45838105745472,7.3));
#10505=CARTESIAN_POINT('Ctrl Pts',(1.21370067600573,1.56284094072737,7.2));
#10506=CARTESIAN_POINT('Ctrl Pts',(1.21370067600573,1.56284094072737,7.3));
#10507=CARTESIAN_POINT('Ctrl Pts',(1.21370067600573,1.69274619959153,7.2));
#10508=CARTESIAN_POINT('Ctrl Pts',(1.21370067600573,1.69274619959153,7.3));
#10509=CARTESIAN_POINT('',(1.14539997581804,1.45838105745472,7.2));
#10510=CARTESIAN_POINT('Ctrl Pts',(1.21370067600573,1.69274619959153,7.2));
#10511=CARTESIAN_POINT('Ctrl Pts',(1.21370067600573,1.56284094072737,7.2));
#10512=CARTESIAN_POINT('Ctrl Pts',(1.14539997581804,1.45838105745472,7.2));
#10513=CARTESIAN_POINT('',(1.14539997581804,1.45838105745472,7.3));
#10514=CARTESIAN_POINT('Ctrl Pts',(1.14539997581804,1.45838105745472,7.3));
#10515=CARTESIAN_POINT('Ctrl Pts',(1.21370067600573,1.56284094072737,7.3));
#10516=CARTESIAN_POINT('Ctrl Pts',(1.21370067600573,1.69274619959153,7.3));
#10517=CARTESIAN_POINT('',(1.14539997581804,1.45838105745472,7.2));
#10518=CARTESIAN_POINT('Ctrl Pts',(0.972639455439295,1.29365580595888,7.2));
#10519=CARTESIAN_POINT('Ctrl Pts',(0.972639455439295,1.29365580595888,7.3));
#10520=CARTESIAN_POINT('Ctrl Pts',(1.07776894970898,1.35392117418207,7.2));
#10521=CARTESIAN_POINT('Ctrl Pts',(1.07776894970898,1.35392117418207,7.3));
#10522=CARTESIAN_POINT('Ctrl Pts',(1.14539997581804,1.45838105745472,7.2));
#10523=CARTESIAN_POINT('Ctrl Pts',(1.14539997581804,1.45838105745472,7.3));
#10524=CARTESIAN_POINT('',(0.972639455439295,1.29365580595888,7.2));
#10525=CARTESIAN_POINT('Ctrl Pts',(1.14539997581804,1.45838105745472,7.2));
#10526=CARTESIAN_POINT('Ctrl Pts',(1.07776894970898,1.35392117418207,7.2));
#10527=CARTESIAN_POINT('Ctrl Pts',(0.972639455439295,1.29365580595888,7.2));
#10528=CARTESIAN_POINT('',(0.972639455439295,1.29365580595888,7.3));
#10529=CARTESIAN_POINT('Ctrl Pts',(0.972639455439295,1.29365580595888,7.3));
#10530=CARTESIAN_POINT('Ctrl Pts',(1.07776894970898,1.35392117418207,7.3));
#10531=CARTESIAN_POINT('Ctrl Pts',(1.14539997581804,1.45838105745472,7.3));
#10532=CARTESIAN_POINT('',(0.972639455439295,1.29365580595888,7.2));
#10533=CARTESIAN_POINT('Origin',(0.972639455439295,1.21062360075471,7.2));
#10534=CARTESIAN_POINT('',(0.972639455439295,1.21062360075471,7.2));
#10535=CARTESIAN_POINT('',(0.972639455439295,1.29365580595888,7.2));
#10536=CARTESIAN_POINT('',(0.972639455439295,1.21062360075471,7.3));
#10537=CARTESIAN_POINT('',(0.972639455439295,1.29365580595888,7.3));
#10538=CARTESIAN_POINT('',(0.972639455439295,1.21062360075471,7.2));
#10539=CARTESIAN_POINT('Origin',(1.24718135202094,1.21062360075471,7.2));
#10540=CARTESIAN_POINT('',(0.972639455439295,1.21062360075471,7.2));
#10541=CARTESIAN_POINT('',(0.972639455439295,1.21062360075471,7.3));
#10542=CARTESIAN_POINT('Origin',(0.758362674754506,1.60301781345017,7.3));
#10543=CARTESIAN_POINT('Origin',(0.758362674754506,1.60301781345017,7.2));
#10544=CARTESIAN_POINT('',(0.,0.,0.));
#10545=CARTESIAN_POINT('Origin',(5.86645950581851,1.25882995936372,1.3));
#10546=CARTESIAN_POINT('',(7.68228087923363,-1.19257130272101,1.01099011808568));
#10547=CARTESIAN_POINT('Ctrl Pts',(7.68228087923363,-1.19257130272101,1.01099011808568));
#10548=CARTESIAN_POINT('Ctrl Pts',(7.97027865574704,-1.52252878666999,0.983312016664629));
#10549=CARTESIAN_POINT('Ctrl Pts',(8.20768064551245,-1.80060258425968,1.00982574562399));
#10550=CARTESIAN_POINT('Ctrl Pts',(8.47826574024917,-2.03845678844705,1.06610440311881));
#10551=CARTESIAN_POINT('Ctrl Pts',(8.53951052371878,-2.08282871059802,1.08180426714173));
#10552=CARTESIAN_POINT('Ctrl Pts',(8.61844917798828,-2.1263995179352,1.10312403361469));
#10553=CARTESIAN_POINT('Ctrl Pts',(8.64825241196492,-2.13990974608202,1.11148842971299));
#10554=CARTESIAN_POINT('Ctrl Pts',(8.69274009968709,-2.15102460697409,1.12410581429311));
#10555=CARTESIAN_POINT('Ctrl Pts',(8.70894608757232,-2.15330197000181,1.12872191209075));
#10556=CARTESIAN_POINT('Ctrl Pts',(8.73510434575562,-2.1520772429743,1.13602706990456));
#10557=CARTESIAN_POINT('Ctrl Pts',(8.74546887575006,-2.15018822305419,1.13887767904873));
#10558=CARTESIAN_POINT('Ctrl Pts',(8.765167336474,-2.14269296782894,1.14409200416456));
#10559=CARTESIAN_POINT('Ctrl Pts',(8.77404081911587,-2.13713584402954,1.14632515044735));
#10560=CARTESIAN_POINT('Ctrl Pts',(8.78810912346213,-2.12371789644149,1.14956229144743));
#10561=CARTESIAN_POINT('Ctrl Pts',(8.79333801207279,-2.11668420837108,1.15063044512827));
#10562=CARTESIAN_POINT('Ctrl Pts',(8.80145956948402,-2.10215580771731,1.15203625467862));
#10563=CARTESIAN_POINT('Ctrl Pts',(8.80445583727618,-2.09487681152126,1.1524204311624));
#10564=CARTESIAN_POINT('Ctrl Pts',(8.80981830837951,-2.07794522171616,1.15283132758782));
#10565=CARTESIAN_POINT('Ctrl Pts',(8.81176582866943,-2.06812070209099,1.15272036602078));
#10566=CARTESIAN_POINT('Ctrl Pts',(8.8153643150012,-2.03927893114047,1.1517645251335));
#10567=CARTESIAN_POINT('Ctrl Pts',(8.81499307683888,-2.01955669481646,1.15027046807846));
#10568=CARTESIAN_POINT('Ctrl Pts',(8.80772327298607,-1.94127072280137,1.14273719119446));
#10569=CARTESIAN_POINT('Ctrl Pts',(8.78557969672862,-1.86574932297762,1.13105607984934));
#10570=CARTESIAN_POINT('Ctrl Pts',(8.67485705808434,-1.62755253990305,1.08898111588644));
#10571=CARTESIAN_POINT('Ctrl Pts',(8.55978542397734,-1.45722765220631,1.05412850868534));
#10572=CARTESIAN_POINT('Ctrl Pts',(8.08794926914859,-0.877648878933348,
0.980493582189077));
#10573=CARTESIAN_POINT('Ctrl Pts',(7.61456584215885,-0.369058753492945,
0.99096479247544));
#10574=CARTESIAN_POINT('Ctrl Pts',(6.87985487158672,0.484307830132858,1.1981156975537));
#10575=CARTESIAN_POINT('Ctrl Pts',(6.67626443489085,0.712255253730981,1.27444071075793));
#10576=CARTESIAN_POINT('Ctrl Pts',(6.46640380404644,0.905361616497501,1.36424695713636));
#10577=CARTESIAN_POINT('Ctrl Pts',(6.40530426075525,0.957685871226473,1.39167109581829));
#10578=CARTESIAN_POINT('Ctrl Pts',(6.33181400082643,1.00362690252347,1.42791862678457));
#10579=CARTESIAN_POINT('Ctrl Pts',(6.30970012670671,1.01559243337766,1.43917704547909));
#10580=CARTESIAN_POINT('Ctrl Pts',(6.27930725100134,1.02544474484111,1.45562503124283));
#10581=CARTESIAN_POINT('Ctrl Pts',(6.26889660669289,1.0277115970162,1.46142144199688));
#10582=CARTESIAN_POINT('Ctrl Pts',(6.25288971171433,1.02780646859482,1.47076551787837));
#10583=CARTESIAN_POINT('Ctrl Pts',(6.24678601136809,1.0269580273368,1.47444063539386));
#10584=CARTESIAN_POINT('Ctrl Pts',(6.23627809101704,1.02303295749525,1.48105157073524));
#10585=CARTESIAN_POINT('Ctrl Pts',(6.23192042744818,1.02034240471121,1.48391508967398));
#10586=CARTESIAN_POINT('Ctrl Pts',(6.22356521478084,1.01240302773879,1.48970126366634));
#10587=CARTESIAN_POINT('Ctrl Pts',(6.22012935192128,1.00705824886367,1.49230080048701));
#10588=CARTESIAN_POINT('Ctrl Pts',(6.21395827259655,0.992916099866057,1.4974193234567));
#10589=CARTESIAN_POINT('Ctrl Pts',(6.21204588358468,0.983743269221837,1.49947835550326));
#10590=CARTESIAN_POINT('Ctrl Pts',(6.20922664250125,0.958183482884783,1.50365384824512));
#10591=CARTESIAN_POINT('Ctrl Pts',(6.21031920078568,0.940136019273949,1.50468213909293));
#10592=CARTESIAN_POINT('Ctrl Pts',(6.21857525505423,0.872403215194959,1.50579968465328));
#10593=CARTESIAN_POINT('Ctrl Pts',(6.23651265208689,0.815553518532725,1.49943472010338));
#10594=CARTESIAN_POINT('Ctrl Pts',(6.29158422373896,0.655272124247999,1.47806436080183));
#10595=CARTESIAN_POINT('Ctrl Pts',(6.36798869238773,0.491812313681184,1.44081557504602));
#10596=CARTESIAN_POINT('Ctrl Pts',(6.77987527218069,-0.195288108844813,
1.2409402434466));
#10597=CARTESIAN_POINT('Ctrl Pts',(7.19353777513152,-0.632620990328798,
1.05796090156862));
#10598=CARTESIAN_POINT('Ctrl Pts',(7.68228087923363,-1.19257130272101,1.01099011808568));
#10599=CARTESIAN_POINT('Origin',(5.99237391357807,-0.302415078772715,1.3));
#10600=CARTESIAN_POINT('',(7.11185334027154,-3.14025602236203,1.01099011808568));
#10601=CARTESIAN_POINT('Ctrl Pts',(7.11185334027154,-3.14025602236203,1.01099011808568));
#10602=CARTESIAN_POINT('Ctrl Pts',(7.29565693249323,-3.51518859567959,0.984601504120958));
#10603=CARTESIAN_POINT('Ctrl Pts',(7.44726936917044,-3.83285686078904,1.00745803831202));
#10604=CARTESIAN_POINT('Ctrl Pts',(7.64555633573784,-4.14170365683986,1.06096981322164));
#10605=CARTESIAN_POINT('Ctrl Pts',(7.69661595073456,-4.20740835391353,1.07761747533742));
#10606=CARTESIAN_POINT('Ctrl Pts',(7.76592014093268,-4.27721601119723,1.10032108336474));
#10607=CARTESIAN_POINT('Ctrl Pts',(7.79270956308936,-4.3003660130146,1.10921327284532));
#10608=CARTESIAN_POINT('Ctrl Pts',(7.83494046720989,-4.32529039484881,1.12259837485618));
#10609=CARTESIAN_POINT('Ctrl Pts',(7.85069472244961,-4.33252106877626,1.12747192862662));
#10610=CARTESIAN_POINT('Ctrl Pts',(7.8772961243717,-4.33913658017986,1.13515003405428));
#10611=CARTESIAN_POINT('Ctrl Pts',(7.88815072302479,-4.3403584770734,1.13813517615376));
#10612=CARTESIAN_POINT('Ctrl Pts',(7.90808847005754,-4.33889950023719,1.14316494970619));
#10613=CARTESIAN_POINT('Ctrl Pts',(7.91692729675114,-4.33675016799002,1.14520945313501));
#10614=CARTESIAN_POINT('Ctrl Pts',(7.93392811455241,-4.32924790294482,1.14868089635489));
#10615=CARTESIAN_POINT('Ctrl Pts',(7.94160797567979,-4.32397638269531,1.14999054440732));
#10616=CARTESIAN_POINT('Ctrl Pts',(7.95488741347667,-4.31163977031994,1.15178912457451));
#10617=CARTESIAN_POINT('Ctrl Pts',(7.96040920677529,-4.30483692643382,1.15229546316108));
#10618=CARTESIAN_POINT('Ctrl Pts',(7.97166982687184,-4.28786398085054,1.1528745785745));
#10619=CARTESIAN_POINT('Ctrl Pts',(7.97682477195803,-4.27725093158757,1.15272427850958));
#10620=CARTESIAN_POINT('Ctrl Pts',(7.98982610134272,-4.24389350853598,1.15139200196592));
#10621=CARTESIAN_POINT('Ctrl Pts',(7.99485433959216,-4.2191127049738,1.14916306709035));
#10622=CARTESIAN_POINT('Ctrl Pts',(8.00786053655201,-4.11283288809112,1.13756444778774));
#10623=CARTESIAN_POINT('Ctrl Pts',(7.99676479356152,-3.99675589592182,1.11814196491401));
#10624=CARTESIAN_POINT('Ctrl Pts',(7.84435830038824,-3.42771646799435,1.02480744992431));
#10625=CARTESIAN_POINT('Ctrl Pts',(7.5504451584124,-2.92853204653425,0.945822393379455));
#10626=CARTESIAN_POINT('Ctrl Pts',(6.94837584994867,-1.68567914856788,1.10731819373457));
#10627=CARTESIAN_POINT('Ctrl Pts',(6.74945399611999,-1.25330946767284,1.20969821511373));
#10628=CARTESIAN_POINT('Ctrl Pts',(6.53239326333547,-0.878971851516456,
1.33336012989534));
#10629=CARTESIAN_POINT('Ctrl Pts',(6.47184302604321,-0.781359384724123,
1.36922963706448));
#10630=CARTESIAN_POINT('Ctrl Pts',(6.39564927174753,-0.689710212210378,
1.41573091657357));
#10631=CARTESIAN_POINT('Ctrl Pts',(6.37294359227429,-0.665235996118418,
1.42970373331973));
#10632=CARTESIAN_POINT('Ctrl Pts',(6.34057464634975,-0.640583030484677,
1.44960101706916));
#10633=CARTESIAN_POINT('Ctrl Pts',(6.32948201136838,-0.633579556142083,
1.45641465885862));
#10634=CARTESIAN_POINT('Ctrl Pts',(6.31187862233007,-0.626904028098794,
1.46712149845099));
#10635=CARTESIAN_POINT('Ctrl Pts',(6.30508948835135,-0.62530102275114,1.47122691564752));
#10636=CARTESIAN_POINT('Ctrl Pts',(6.29308370843198,-0.625137713189922,
1.47838729927784));
#10637=CARTESIAN_POINT('Ctrl Pts',(6.28793581065553,-0.626012730640927,
1.48142184116557));
#10638=CARTESIAN_POINT('Ctrl Pts',(6.27758504053532,-0.630185514225554,
1.48740843109802));
#10639=CARTESIAN_POINT('Ctrl Pts',(6.27280010848032,-0.633590840966867,
1.49010469071193));
#10640=CARTESIAN_POINT('Ctrl Pts',(6.26275290550641,-0.643869981715187,
1.49558574024043));
#10641=CARTESIAN_POINT('Ctrl Pts',(6.25824933047451,-0.651291732958417,
1.49787859407843));
#10642=CARTESIAN_POINT('Ctrl Pts',(6.24765628870307,-0.674142173867961,
1.5029069452854));
#10643=CARTESIAN_POINT('Ctrl Pts',(6.24347927942333,-0.692063015056945,
1.50428317690523));
#10644=CARTESIAN_POINT('Ctrl Pts',(6.23138602015112,-0.766170354448857,
1.50655787840169));
#10645=CARTESIAN_POINT('Ctrl Pts',(6.23543365119956,-0.838075507119842,
1.49828306730403));
#10646=CARTESIAN_POINT('Ctrl Pts',(6.25181252706212,-1.03679017646785,1.47132625817975));
#10647=CARTESIAN_POINT('Ctrl Pts',(6.29354488660622,-1.24881547046721,1.42323530594681));
#10648=CARTESIAN_POINT('Ctrl Pts',(6.54126213382716,-2.02655516438166,1.21298528040995));
#10649=CARTESIAN_POINT('Ctrl Pts',(6.81030272311236,-2.52513665766199,1.05428362900597));
#10650=CARTESIAN_POINT('Ctrl Pts',(7.11185334027154,-3.14025602236203,1.01099011808568));
#10651=CARTESIAN_POINT('Origin',(5.70991794199339,-1.84305102905534,1.3));
#10652=CARTESIAN_POINT('',(6.05676474906328,-4.87393748359752,1.01099011808568));
#10653=CARTESIAN_POINT('Ctrl Pts',(6.05676474906328,-4.87393748359752,1.01099011808568));
#10654=CARTESIAN_POINT('Ctrl Pts',(6.11265477623776,-5.15840321867473,0.992669086802676));
#10655=CARTESIAN_POINT('Ctrl Pts',(6.16019878112836,-5.40942887243609,0.998045075258518));
#10656=CARTESIAN_POINT('Ctrl Pts',(6.25154662325045,-5.79228830787861,1.02979058508687));
#10657=CARTESIAN_POINT('Ctrl Pts',(6.29267722485602,-5.92881935889739,1.05131556576549));
#10658=CARTESIAN_POINT('Ctrl Pts',(6.35741632054096,-6.07715862474911,1.08311658965153));
#10659=CARTESIAN_POINT('Ctrl Pts',(6.38225012317532,-6.12559280772468,1.09524275898886));
#10660=CARTESIAN_POINT('Ctrl Pts',(6.4251652062384,-6.18231181747487,1.11352968190678));
#10661=CARTESIAN_POINT('Ctrl Pts',(6.44109778583209,-6.1999073418126,1.11996485407639));
#10662=CARTESIAN_POINT('Ctrl Pts',(6.46918643921829,-6.22120888316456,1.12987131445137));
#10663=CARTESIAN_POINT('Ctrl Pts',(6.48059004043149,-6.22794029528491,1.1336060435299));
#10664=CARTESIAN_POINT('Ctrl Pts',(6.50184131912174,-6.23554861707706,1.1396959376325));
#10665=CARTESIAN_POINT('Ctrl Pts',(6.51127451368731,-6.23743145041352,1.14213415821382));
#10666=CARTESIAN_POINT('Ctrl Pts',(6.53139514065279,-6.23766932889655,1.14660089833737));
#10667=CARTESIAN_POINT('Ctrl Pts',(6.54154025097556,-6.23569065654466,1.14844344433039));
#10668=CARTESIAN_POINT('Ctrl Pts',(6.55964984543854,-6.22847953465845,1.15096977115786));
#10669=CARTESIAN_POINT('Ctrl Pts',(6.56737393383077,-6.22388694470729,1.15173304167522));
#10670=CARTESIAN_POINT('Ctrl Pts',(6.58340789858069,-6.21168908930296,1.15275409093192));
#10671=CARTESIAN_POINT('Ctrl Pts',(6.59134564272082,-6.20362397595449,1.15283152506091));
#10672=CARTESIAN_POINT('Ctrl Pts',(6.61175173354573,-6.17878475939817,1.1521663336354));
#10673=CARTESIAN_POINT('Ctrl Pts',(6.62260062602827,-6.15978037333082,1.15059480194911));
#10674=CARTESIAN_POINT('Ctrl Pts',(6.65651499901641,-6.08694485802096,1.14300051461313));
#10675=CARTESIAN_POINT('Ctrl Pts',(6.67545269642678,-6.01042290517659,1.13135154848751));
#10676=CARTESIAN_POINT('Ctrl Pts',(6.70012089508162,-5.73371666772169,1.08685891479774));
#10677=CARTESIAN_POINT('Ctrl Pts',(6.68172037030765,-5.50853876155911,1.04822963875934));
#10678=CARTESIAN_POINT('Ctrl Pts',(6.59014461903426,-4.97591808061068,1.00054459279701));
#10679=CARTESIAN_POINT('Ctrl Pts',(6.52809471699134,-4.70137617107153,0.991288044591526));
#10680=CARTESIAN_POINT('Ctrl Pts',(6.33675126039778,-3.77739686847185,1.04081069027165));
#10681=CARTESIAN_POINT('Ctrl Pts',(6.24416878310015,-3.20912556216167,1.15286693743435));
#10682=CARTESIAN_POINT('Ctrl Pts',(6.11109529578706,-2.63516833523164,1.30212978207889));
#10683=CARTESIAN_POINT('Ctrl Pts',(6.070553956917,-2.49313529853641,1.34699515092981));
#10684=CARTESIAN_POINT('Ctrl Pts',(6.01640241397056,-2.35714319878716,1.39992103641392));
#10685=CARTESIAN_POINT('Ctrl Pts',(5.99760689600462,-2.31554287919915,1.41763844229513));
#10686=CARTESIAN_POINT('Ctrl Pts',(5.96800865172041,-2.27109390798852,1.44229806420082));
#10687=CARTESIAN_POINT('Ctrl Pts',(5.9578160927366,-2.25803856423908,1.45044126709477));
#10688=CARTESIAN_POINT('Ctrl Pts',(5.94061940541425,-2.2431388295953,1.46294123798283));
#10689=CARTESIAN_POINT('Ctrl Pts',(5.9339285545222,-2.23857162119506,1.46759011250162));
#10690=CARTESIAN_POINT('Ctrl Pts',(5.92166585571427,-2.23364425391774,1.4754665499162));
#10691=CARTESIAN_POINT('Ctrl Pts',(5.91631986299815,-2.2324601619756,1.47871961178492));
#10692=CARTESIAN_POINT('Ctrl Pts',(5.90518529877995,-2.2325057020744,1.48499868816017));
#10693=CARTESIAN_POINT('Ctrl Pts',(5.8997164145497,-2.2337853106084,1.4878335354907));
#10694=CARTESIAN_POINT('Ctrl Pts',(5.88760295358028,-2.23934472068836,1.49354349618191));
#10695=CARTESIAN_POINT('Ctrl Pts',(5.88149950538612,-2.24415670015315,1.49599885137053));
#10696=CARTESIAN_POINT('Ctrl Pts',(5.86589641681715,-2.2601722352067,1.50145087063206));
#10697=CARTESIAN_POINT('Ctrl Pts',(5.85748543438488,-2.27390090946122,1.5032531901474));
#10698=CARTESIAN_POINT('Ctrl Pts',(5.8277123142793,-2.33226727210732,1.50727967921906));
#10699=CARTESIAN_POINT('Ctrl Pts',(5.81276547124424,-2.39438268372267,1.50131149079102));
#10700=CARTESIAN_POINT('Ctrl Pts',(5.77506469134112,-2.57640370942137,1.47937258989465));
#10701=CARTESIAN_POINT('Ctrl Pts',(5.75736815278077,-2.78375454838211,1.43555785502859));
#10702=CARTESIAN_POINT('Ctrl Pts',(5.78460340031935,-3.60564038104701,1.22628448356162));
#10703=CARTESIAN_POINT('Ctrl Pts',(5.91872285929937,-4.1713400860234,1.05624094204457));
#10704=CARTESIAN_POINT('Ctrl Pts',(6.05676474906328,-4.87393748359752,1.01099011808568));
#10705=CARTESIAN_POINT('Origin',(5.03834049874742,-3.25808609749368,1.3));
#10706=CARTESIAN_POINT('',(4.58891764948335,-6.27546815988836,1.01099011808568));
#10707=CARTESIAN_POINT('Ctrl Pts',(4.58891764948335,-6.27546815988836,1.01099011808568));
#10708=CARTESIAN_POINT('Ctrl Pts',(4.5597117334511,-6.70559388172451,0.983744938488342));
#10709=CARTESIAN_POINT('Ctrl Pts',(4.53135630588012,-7.06558328841559,1.0090031559132));
#10710=CARTESIAN_POINT('Ctrl Pts',(4.55249920553627,-7.42753367286514,1.06437548505339));
#10711=CARTESIAN_POINT('Ctrl Pts',(4.56424358284246,-7.50467861280344,1.08037726248888));
#10712=CARTESIAN_POINT('Ctrl Pts',(4.58925774178253,-7.59407521466238,1.10214372684746));
#10713=CARTESIAN_POINT('Ctrl Pts',(4.60081844727718,-7.62566862848134,1.11069113071061));
#10714=CARTESIAN_POINT('Ctrl Pts',(4.62460060663855,-7.66616736311235,1.12357850819284));
#10715=CARTESIAN_POINT('Ctrl Pts',(4.63452616970159,-7.67962323049801,1.12829012686997));
#10716=CARTESIAN_POINT('Ctrl Pts',(4.65406102845997,-7.69777022901208,1.13573963132313));
#10717=CARTESIAN_POINT('Ctrl Pts',(4.6628035296763,-7.70394755615009,1.13864602603545));
#10718=CARTESIAN_POINT('Ctrl Pts',(4.68078088783183,-7.7122012121135,1.14356537410282));
#10719=CARTESIAN_POINT('Ctrl Pts',(4.68954921325434,-7.71455902354419,1.14556709290161));
#10720=CARTESIAN_POINT('Ctrl Pts',(4.70792250429773,-7.71615150073817,1.1489192523456));
#10721=CARTESIAN_POINT('Ctrl Pts',(4.71707432020916,-7.71527002432555,1.15016694492818));
#10722=CARTESIAN_POINT('Ctrl Pts',(4.73454299253709,-7.71101929690834,1.15187970078252));
#10723=CARTESIAN_POINT('Ctrl Pts',(4.74267818694653,-7.70780072569959,1.15235513872654));
#10724=CARTESIAN_POINT('Ctrl Pts',(4.76091342358164,-7.6985155268118,1.15287699808102));
#10725=CARTESIAN_POINT('Ctrl Pts',(4.77072245546701,-7.69175316278981,1.15269393010085));
#10726=CARTESIAN_POINT('Ctrl Pts',(4.79907979208992,-7.66866661059883,1.1512475820533));
#10727=CARTESIAN_POINT('Ctrl Pts',(4.81613149286025,-7.64902736232233,1.1488902196894));
#10728=CARTESIAN_POINT('Ctrl Pts',(4.88359648793051,-7.5578071370147,1.13635190970715));
#10729=CARTESIAN_POINT('Ctrl Pts',(4.93440574088569,-7.4422209246935,1.11486043421523));
#10730=CARTESIAN_POINT('Ctrl Pts',(5.08143627647263,-6.85299497932252,1.01989325824547));
#10731=CARTESIAN_POINT('Ctrl Pts',(5.07657072037509,-6.27353048333176,0.946363644631248));
#10732=CARTESIAN_POINT('Ctrl Pts',(5.1769398646349,-4.90865277527544,1.11259324053041));
#10733=CARTESIAN_POINT('Ctrl Pts',(5.21915696736098,-4.44528348050549,1.21342859825707));
#10734=CARTESIAN_POINT('Ctrl Pts',(5.21752982578001,-4.02149998079129,1.33520153475282));
#10735=CARTESIAN_POINT('Ctrl Pts',(5.21371129383819,-3.90886395012455,1.37056339238157));
#10736=CARTESIAN_POINT('Ctrl Pts',(5.193563532563,-3.79345779861682,1.41644449110507));
#10737=CARTESIAN_POINT('Ctrl Pts',(5.18614497238733,-3.76142962214772,1.43025511114261));
#10738=CARTESIAN_POINT('Ctrl Pts',(5.17050194685958,-3.72444806514436,1.44994763131575));
#10739=CARTESIAN_POINT('Ctrl Pts',(5.16441595940791,-3.71299636437017,1.45670113271702));
#10740=CARTESIAN_POINT('Ctrl Pts',(5.15254624007515,-3.69860483752855,1.46732748197791));
#10741=CARTESIAN_POINT('Ctrl Pts',(5.14747815868288,-3.69388506030076,1.47140734349301));
#10742=CARTESIAN_POINT('Ctrl Pts',(5.13717252147803,-3.68782710534084,1.47853415996061));
#10743=CARTESIAN_POINT('Ctrl Pts',(5.13227464122299,-3.68604626418231,1.48155792221383));
#10744=CARTESIAN_POINT('Ctrl Pts',(5.12120566661394,-3.68455103972841,1.48753106253371));
#10745=CARTESIAN_POINT('Ctrl Pts',(5.11534361521766,-3.68514691200193,1.49022140425065));
#10746=CARTESIAN_POINT('Ctrl Pts',(5.10147653904875,-3.68911362713731,1.49568442746227));
#10747=CARTESIAN_POINT('Ctrl Pts',(5.09385200383591,-3.69333948504456,1.49796587804346));
#10748=CARTESIAN_POINT('Ctrl Pts',(5.07329827208769,-3.70790608398352,1.50294431460417));
#10749=CARTESIAN_POINT('Ctrl Pts',(5.06076782559877,-3.72132023811232,1.50430240279994));
#10750=CARTESIAN_POINT('Ctrl Pts',(5.01374429808002,-3.77894288692533,1.50651174861564));
#10751=CARTESIAN_POINT('Ctrl Pts',(4.98171145952933,-3.84215589077634,1.4984487650563));
#10752=CARTESIAN_POINT('Ctrl Pts',(4.89727938142674,-4.02027237531973,1.47197668979818));
#10753=CARTESIAN_POINT('Ctrl Pts',(4.82797112093691,-4.22202998219537,1.42478988104736));
#10754=CARTESIAN_POINT('Ctrl Pts',(4.65192421362749,-5.01826659068816,1.21513035474823));
#10755=CARTESIAN_POINT('Ctrl Pts',(4.63563921576563,-5.58738334172061,1.05457503639551));
#10756=CARTESIAN_POINT('Ctrl Pts',(4.58891764948335,-6.27546815988836,1.01099011808568));
#10757=CARTESIAN_POINT('Origin',(4.02340847676317,-4.45108798262967,1.3));
#10758=CARTESIAN_POINT('',(2.80834339563612,-7.2493360517843,1.01099011808568));
#10759=CARTESIAN_POINT('Ctrl Pts',(2.80834339563612,-7.2493360517843,1.01099011808568));
#10760=CARTESIAN_POINT('Ctrl Pts',(2.6590772908364,-7.68569254028009,0.981844972239051));
#10761=CARTESIAN_POINT('Ctrl Pts',(2.5318502539043,-8.0443590601297,1.01282175497185));
#10762=CARTESIAN_POINT('Ctrl Pts',(2.4755626127562,-8.36103345975398,1.06685893034281));
#10763=CARTESIAN_POINT('Ctrl Pts',(2.46435488094743,-8.44071751997194,1.08232473452011));
#10764=CARTESIAN_POINT('Ctrl Pts',(2.46891791308265,-8.53931901228129,1.106266011832));
#10765=CARTESIAN_POINT('Ctrl Pts',(2.47284007318891,-8.56895997338665,1.11406737816952));
#10766=CARTESIAN_POINT('Ctrl Pts',(2.48576004036742,-8.60933840075855,1.12582324167638));
#10767=CARTESIAN_POINT('Ctrl Pts',(2.49207387377662,-8.62338527841749,1.13017791017477));
#10768=CARTESIAN_POINT('Ctrl Pts',(2.50629673184514,-8.64395335196517,1.13710933581016));
#10769=CARTESIAN_POINT('Ctrl Pts',(2.51325597403545,-8.65146226826381,1.1398347640852));
#10770=CARTESIAN_POINT('Ctrl Pts',(2.52987434354043,-8.6639540823398,1.14485152636363));
#10771=CARTESIAN_POINT('Ctrl Pts',(2.53931039405551,-8.6683786864419,1.14696628647281));
#10772=CARTESIAN_POINT('Ctrl Pts',(2.55802489451671,-8.67308600925539,1.1499889062145));
#10773=CARTESIAN_POINT('Ctrl Pts',(2.56668921070328,-8.67375297329901,1.15095288232144));
#10774=CARTESIAN_POINT('Ctrl Pts',(2.58423935306001,-8.67301041358017,1.15228890651693));
#10775=CARTESIAN_POINT('Ctrl Pts',(2.59298681139374,-8.67146398059955,1.1526089509372));
#10776=CARTESIAN_POINT('Ctrl Pts',(2.61402417399271,-8.6658965778674,1.15283237935224));
#10777=CARTESIAN_POINT('Ctrl Pts',(2.62608852445764,-8.66088337323413,1.15242316763155));
#10778=CARTESIAN_POINT('Ctrl Pts',(2.66520327899233,-8.64111339577541,1.15007902059893));
#10779=CARTESIAN_POINT('Ctrl Pts',(2.69100004250519,-8.62116327346879,1.14654525937822));
#10780=CARTESIAN_POINT('Ctrl Pts',(2.7909303064599,-8.53132196091208,1.12973749886107));
#10781=CARTESIAN_POINT('Ctrl Pts',(2.87639466981677,-8.41208395046089,1.10366835815251));
#10782=CARTESIAN_POINT('Ctrl Pts',(3.16602887600355,-7.83732957713624,1.00785169438974));
#10783=CARTESIAN_POINT('Ctrl Pts',(3.31600082234212,-7.26480270783078,0.950342103242348));
#10784=CARTESIAN_POINT('Ctrl Pts',(3.75679985666089,-6.00793045236791,1.12841168638704));
#10785=CARTESIAN_POINT('Ctrl Pts',(3.90420983660136,-5.60041404605147,1.2253748695475));
#10786=CARTESIAN_POINT('Ctrl Pts',(4.00287513706359,-5.21755668669639,1.34075420521482));
#10787=CARTESIAN_POINT('Ctrl Pts',(4.02606368378261,-5.11351599910174,1.37479505870068));
#10788=CARTESIAN_POINT('Ctrl Pts',(4.03497834980786,-5.00316352924869,1.41862701091331));
#10789=CARTESIAN_POINT('Ctrl Pts',(4.03565989092499,-4.97174779322127,1.43200902113975));
#10790=CARTESIAN_POINT('Ctrl Pts',(4.02992675474483,-4.93372673943536,1.45102178048401));
#10791=CARTESIAN_POINT('Ctrl Pts',(4.02690311859411,-4.92156454118218,1.45761233525373));
#10792=CARTESIAN_POINT('Ctrl Pts',(4.01915426146538,-4.9051987222145,1.46797380605582));
#10793=CARTESIAN_POINT('Ctrl Pts',(4.01543624806742,-4.89953196902348,1.4719805612854));
#10794=CARTESIAN_POINT('Ctrl Pts',(4.00702509751288,-4.89126952837722,1.47900205517961));
#10795=CARTESIAN_POINT('Ctrl Pts',(4.00270627322669,-4.88840429474655,1.48198941118928));
#10796=CARTESIAN_POINT('Ctrl Pts',(3.99227610503213,-4.88425730965182,1.48793719569263));
#10797=CARTESIAN_POINT('Ctrl Pts',(3.98636530275021,-4.88345122133522,1.49060139057521));
#10798=CARTESIAN_POINT('Ctrl Pts',(3.97175446145875,-4.8839333921906,1.4960255189374));
#10799=CARTESIAN_POINT('Ctrl Pts',(3.96323009165301,-4.88621727322087,1.49824884238706));
#10800=CARTESIAN_POINT('Ctrl Pts',(3.93958296734753,-4.89525047510637,1.50309953396204));
#10801=CARTESIAN_POINT('Ctrl Pts',(3.92420806183898,-4.90499194356592,1.50436324194462));
#10802=CARTESIAN_POINT('Ctrl Pts',(3.86526208804424,-4.94770820559552,1.50640447051279));
#10803=CARTESIAN_POINT('Ctrl Pts',(3.82024856710774,-4.99769507195646,1.4988546195893));
#10804=CARTESIAN_POINT('Ctrl Pts',(3.69543981175155,-5.14335401446888,1.47362870820769));
#10805=CARTESIAN_POINT('Ctrl Pts',(3.5797961530939,-5.31440500658694,1.42847751143942));
#10806=CARTESIAN_POINT('Ctrl Pts',(3.19745196838333,-6.03708595591099,1.2196159892165));
#10807=CARTESIAN_POINT('Ctrl Pts',(3.03275984287355,-6.59328910121491,1.05480884098928));
#10808=CARTESIAN_POINT('Ctrl Pts',(2.80834339563612,-7.2493360517843,1.01099011808568));
#10809=CARTESIAN_POINT('Origin',(2.73428781608439,-5.34075557752014,1.3));
#10810=CARTESIAN_POINT('',(0.836385180383181,-7.72917367184539,1.01099011808568));
#10811=CARTESIAN_POINT('Ctrl Pts',(0.836385180383181,-7.72917367184539,
1.01099011808568));
#10812=CARTESIAN_POINT('Ctrl Pts',(0.573951528271731,-8.11994488075661,
0.981242351517554));
#10813=CARTESIAN_POINT('Ctrl Pts',(0.354827599687265,-8.43835076275402,
1.01414587866919));
#10814=CARTESIAN_POINT('Ctrl Pts',(0.222043311267788,-8.72931207370423,
1.06942151966839));
#10815=CARTESIAN_POINT('Ctrl Pts',(0.192995686295612,-8.7999108809833,1.08443038904925));
#10816=CARTESIAN_POINT('Ctrl Pts',(0.173958734952264,-8.89230624206646,
1.10755675050476));
#10817=CARTESIAN_POINT('Ctrl Pts',(0.170606995755482,-8.92086268695941,
1.11511462333534));
#10818=CARTESIAN_POINT('Ctrl Pts',(0.173150020146257,-8.96180912906379,
1.12652467561317));
#10819=CARTESIAN_POINT('Ctrl Pts',(0.17576637436764,-8.97654880355702,1.13075911772372));
#10820=CARTESIAN_POINT('Ctrl Pts',(0.184336939468123,-8.99944744055908,
1.13751417222704));
#10821=CARTESIAN_POINT('Ctrl Pts',(0.189164255427511,-9.00826497359057,
1.1401732216085));
#10822=CARTESIAN_POINT('Ctrl Pts',(0.201127511812517,-9.02310408104354,
1.14472878826901));
#10823=CARTESIAN_POINT('Ctrl Pts',(0.20788053438991,-9.02897639936265,1.14657277573724));
#10824=CARTESIAN_POINT('Ctrl Pts',(0.223132882688675,-9.03831755670029,
1.14956095874272));
#10825=CARTESIAN_POINT('Ctrl Pts',(0.231299194057635,-9.04153242031899,
1.15062468793109));
#10826=CARTESIAN_POINT('Ctrl Pts',(0.247439188217274,-9.04564107053644,
1.15203790260389));
#10827=CARTESIAN_POINT('Ctrl Pts',(0.255247199954115,-9.04663752910786,
1.1524178712472));
#10828=CARTESIAN_POINT('Ctrl Pts',(0.273019502039787,-9.04745249959943,
1.15283441544335));
#10829=CARTESIAN_POINT('Ctrl Pts',(0.282999273794751,-9.04677440707063,
1.15271826702351));
#10830=CARTESIAN_POINT('Ctrl Pts',(0.311872335871724,-9.04279551133899,
1.15176623981103));
#10831=CARTESIAN_POINT('Ctrl Pts',(0.330754910076444,-9.03730973814267,
1.15026491748187));
#10832=CARTESIAN_POINT('Ctrl Pts',(0.404682876218295,-9.01002393234228,
1.14273188400948));
#10833=CARTESIAN_POINT('Ctrl Pts',(0.471734746574004,-8.96888005374272,
1.13102061714789));
#10834=CARTESIAN_POINT('Ctrl Pts',(0.673172588156112,-8.80080980275583,
1.08901872682778));
#10835=CARTESIAN_POINT('Ctrl Pts',(0.80809679670981,-8.64469210491937,1.05420228339604));
#10836=CARTESIAN_POINT('Ctrl Pts',(1.24685488484735,-8.03824202136791,0.980055610411035));
#10837=CARTESIAN_POINT('Ctrl Pts',(1.61657922000505,-7.4471578053452,0.992081096850398));
#10838=CARTESIAN_POINT('Ctrl Pts',(2.24956805328181,-6.51849322272445,1.19831387070997));
#10839=CARTESIAN_POINT('Ctrl Pts',(2.41645798256712,-6.26325102481851,1.27490103642403));
#10840=CARTESIAN_POINT('Ctrl Pts',(2.54828653798905,-6.01151710042264,1.36431373555551));
#10841=CARTESIAN_POINT('Ctrl Pts',(2.58296626860457,-5.93874984791353,1.39187112146409));
#10842=CARTESIAN_POINT('Ctrl Pts',(2.60826756146124,-5.85620088640801,1.42795998072163));
#10843=CARTESIAN_POINT('Ctrl Pts',(2.61405072911389,-5.83169892636326,1.4392579246465));
#10844=CARTESIAN_POINT('Ctrl Pts',(2.61571796819651,-5.79988251903309,1.45565280871252));
#10845=CARTESIAN_POINT('Ctrl Pts',(2.61517837093975,-5.78923560173408,1.46146125373038));
#10846=CARTESIAN_POINT('Ctrl Pts',(2.61114709195483,-5.77377324831561,1.47078728631307));
#10847=CARTESIAN_POINT('Ctrl Pts',(2.60872443602312,-5.76810604991218,1.47446387621805));
#10848=CARTESIAN_POINT('Ctrl Pts',(2.60222530176958,-5.75897035778813,1.48107261742017));
#10849=CARTESIAN_POINT('Ctrl Pts',(2.59848272452574,-5.75547526543334,1.48393067033138));
#10850=CARTESIAN_POINT('Ctrl Pts',(2.58864802710107,-5.74944412087919,1.48972612852433));
#10851=CARTESIAN_POINT('Ctrl Pts',(2.58258942245508,-5.74753695986585,1.49231182204387));
#10852=CARTESIAN_POINT('Ctrl Pts',(2.5673088699559,-5.74521950462579,1.49744555082386));
#10853=CARTESIAN_POINT('Ctrl Pts',(2.55796029321408,-5.74577779201574,1.49948523282219));
#10854=CARTESIAN_POINT('Ctrl Pts',(2.53244221498607,-5.74967142883289,1.5036849835863));
#10855=CARTESIAN_POINT('Ctrl Pts',(2.51531652811282,-5.75544088606499,1.50468192504522));
#10856=CARTESIAN_POINT('Ctrl Pts',(2.45155435213299,-5.7811191069965,1.50581878231036));
#10857=CARTESIAN_POINT('Ctrl Pts',(2.40149320059173,-5.81319796232761,1.49937325087235));
#10858=CARTESIAN_POINT('Ctrl Pts',(2.25976440470552,-5.90865450471499,1.47782963063799));
#10859=CARTESIAN_POINT('Ctrl Pts',(2.12096537512884,-6.02601081513132,1.44001979837065));
#10860=CARTESIAN_POINT('Ctrl Pts',(1.56028993097295,-6.60549837509045,1.23881903873308));
#10861=CARTESIAN_POINT('Ctrl Pts',(1.24490546695606,-7.12087528875142,1.05729731240142));
#10862=CARTESIAN_POINT('Ctrl Pts',(0.836385180383181,-7.72917367184539,
1.01099011808568));
#10863=CARTESIAN_POINT('Origin',(1.25882995936372,-5.86645950581851,1.3));
#10864=CARTESIAN_POINT('',(-1.19257130272101,-7.68228087923364,1.01099011808568));
#10865=CARTESIAN_POINT('Ctrl Pts',(-1.19257130272101,-7.68228087923364,
1.01099011808568));
#10866=CARTESIAN_POINT('Ctrl Pts',(-1.52252878666991,-7.97027865574698,
0.983312016664636));
#10867=CARTESIAN_POINT('Ctrl Pts',(-1.80060258425956,-8.20768064551235,
1.00982574562397));
#10868=CARTESIAN_POINT('Ctrl Pts',(-2.03845678844708,-8.4782657402492,1.06610440311881));
#10869=CARTESIAN_POINT('Ctrl Pts',(-2.08282871059803,-8.5395105237188,1.08180426714174));
#10870=CARTESIAN_POINT('Ctrl Pts',(-2.12639951793517,-8.61844917798822,
1.10312403361467));
#10871=CARTESIAN_POINT('Ctrl Pts',(-2.13990974608201,-8.64825241196487,
1.11148842971297));
#10872=CARTESIAN_POINT('Ctrl Pts',(-2.15102460697409,-8.69274009968707,
1.12410581429311));
#10873=CARTESIAN_POINT('Ctrl Pts',(-2.15330197000181,-8.7089460875723,1.12872191209074));
#10874=CARTESIAN_POINT('Ctrl Pts',(-2.1520772429743,-8.7351043457556,1.13602706990456));
#10875=CARTESIAN_POINT('Ctrl Pts',(-2.15018822305419,-8.74546887575004,
1.13887767904872));
#10876=CARTESIAN_POINT('Ctrl Pts',(-2.14269296782895,-8.76516733647399,
1.14409200416456));
#10877=CARTESIAN_POINT('Ctrl Pts',(-2.13713584402955,-8.77404081911586,
1.14632515044734));
#10878=CARTESIAN_POINT('Ctrl Pts',(-2.1237178964415,-8.78810912346212,1.14956229144743));
#10879=CARTESIAN_POINT('Ctrl Pts',(-2.11668420837108,-8.79333801207279,
1.15063044512827));
#10880=CARTESIAN_POINT('Ctrl Pts',(-2.10215580771732,-8.80145956948402,
1.15203625467862));
#10881=CARTESIAN_POINT('Ctrl Pts',(-2.09487681152128,-8.80445583727618,
1.1524204311624));
#10882=CARTESIAN_POINT('Ctrl Pts',(-2.07794522171617,-8.8098183083795,1.15283132758782));
#10883=CARTESIAN_POINT('Ctrl Pts',(-2.06812070209103,-8.81176582866943,
1.15272036602078));
#10884=CARTESIAN_POINT('Ctrl Pts',(-2.03927893114049,-8.81536431500121,
1.1517645251335));
#10885=CARTESIAN_POINT('Ctrl Pts',(-2.01955669481647,-8.81499307683888,
1.15027046807846));
#10886=CARTESIAN_POINT('Ctrl Pts',(-1.94127072280154,-8.80772327298609,
1.14273719119448));
#10887=CARTESIAN_POINT('Ctrl Pts',(-1.86574932297788,-8.78557969672873,
1.13105607984939));
#10888=CARTESIAN_POINT('Ctrl Pts',(-1.62755253990333,-8.6748570580845,1.0889811158865));
#10889=CARTESIAN_POINT('Ctrl Pts',(-1.45722765220663,-8.55978542397759,
1.0541285086854));
#10890=CARTESIAN_POINT('Ctrl Pts',(-0.877648878933879,-8.08794926914906,
0.980493582189119));
#10891=CARTESIAN_POINT('Ctrl Pts',(-0.369058753493656,-7.61456584215946,
0.990964792475296));
#10892=CARTESIAN_POINT('Ctrl Pts',(0.48430783013256,-6.87985487158698,1.19811569755362));
#10893=CARTESIAN_POINT('Ctrl Pts',(0.712255253730815,-6.67626443489103,
1.27444071075786));
#10894=CARTESIAN_POINT('Ctrl Pts',(0.905361616497453,-6.4664038040465,1.36424695713634));
#10895=CARTESIAN_POINT('Ctrl Pts',(0.957685871226441,-6.4053042607553,1.39167109581826));
#10896=CARTESIAN_POINT('Ctrl Pts',(1.00362690252346,-6.33181400082646,1.42791862678456));
#10897=CARTESIAN_POINT('Ctrl Pts',(1.01559243337766,-6.30970012670673,1.43917704547907));
#10898=CARTESIAN_POINT('Ctrl Pts',(1.02544474484111,-6.27930725100135,1.45562503124282));
#10899=CARTESIAN_POINT('Ctrl Pts',(1.02771159701621,-6.2688966066929,1.46142144199687));
#10900=CARTESIAN_POINT('Ctrl Pts',(1.02780646859483,-6.25288971171432,1.47076551787837));
#10901=CARTESIAN_POINT('Ctrl Pts',(1.0269580273368,-6.24678601136809,1.47444063539386));
#10902=CARTESIAN_POINT('Ctrl Pts',(1.02303295749526,-6.23627809101703,1.48105157073524));
#10903=CARTESIAN_POINT('Ctrl Pts',(1.02034240471121,-6.23192042744817,1.48391508967398));
#10904=CARTESIAN_POINT('Ctrl Pts',(1.0124030277388,-6.22356521478085,1.48970126366633));
#10905=CARTESIAN_POINT('Ctrl Pts',(1.0070582488637,-6.22012935192128,1.492300800487));
#10906=CARTESIAN_POINT('Ctrl Pts',(0.992916099866062,-6.21395827259655,
1.4974193234567));
#10907=CARTESIAN_POINT('Ctrl Pts',(0.983743269221828,-6.21204588358468,
1.49947835550326));
#10908=CARTESIAN_POINT('Ctrl Pts',(0.958183482884792,-6.20922664250125,
1.50365384824512));
#10909=CARTESIAN_POINT('Ctrl Pts',(0.940136019273958,-6.21031920078568,
1.50468213909293));
#10910=CARTESIAN_POINT('Ctrl Pts',(0.872403215194749,-6.21857525505425,
1.50579968465328));
#10911=CARTESIAN_POINT('Ctrl Pts',(0.815553518532315,-6.23651265208703,
1.49943472010333));
#10912=CARTESIAN_POINT('Ctrl Pts',(0.655272124247981,-6.29158422373897,
1.47806436080183));
#10913=CARTESIAN_POINT('Ctrl Pts',(0.491812313681178,-6.36798869238774,
1.44081557504601));
#10914=CARTESIAN_POINT('Ctrl Pts',(-0.19528810884461,-6.77987527218057,
1.24094024344666));
#10915=CARTESIAN_POINT('Ctrl Pts',(-0.632620990328562,-7.19353777513132,
1.05796090156864));
#10916=CARTESIAN_POINT('Ctrl Pts',(-1.19257130272101,-7.68228087923364,
1.01099011808568));
#10917=CARTESIAN_POINT('Origin',(-0.302415078772715,-5.99237391357807,1.3));
#10918=CARTESIAN_POINT('',(-3.14025602236203,-7.11185334027154,1.01099011808568));
#10919=CARTESIAN_POINT('Ctrl Pts',(-3.14025602236203,-7.11185334027154,
1.01099011808568));
#10920=CARTESIAN_POINT('Ctrl Pts',(-3.51518859567956,-7.29565693249321,
0.984601504120961));
#10921=CARTESIAN_POINT('Ctrl Pts',(-3.83285686078898,-7.44726936917042,
1.00745803831201));
#10922=CARTESIAN_POINT('Ctrl Pts',(-4.14170365683976,-7.64555633573778,
1.06096981322162));
#10923=CARTESIAN_POINT('Ctrl Pts',(-4.20740835391347,-7.69661595073451,
1.0776174753374));
#10924=CARTESIAN_POINT('Ctrl Pts',(-4.27721601119721,-7.76592014093265,
1.10032108336474));
#10925=CARTESIAN_POINT('Ctrl Pts',(-4.30036601301458,-7.79270956308934,
1.10921327284531));
#10926=CARTESIAN_POINT('Ctrl Pts',(-4.3252903948488,-7.83494046720987,1.12259837485617));
#10927=CARTESIAN_POINT('Ctrl Pts',(-4.33252106877626,-7.8506947224496,1.12747192862661));
#10928=CARTESIAN_POINT('Ctrl Pts',(-4.33913658017987,-7.87729612437173,
1.13515003405429));
#10929=CARTESIAN_POINT('Ctrl Pts',(-4.3403584770734,-7.88815072302479,1.13813517615376));
#10930=CARTESIAN_POINT('Ctrl Pts',(-4.33889950023719,-7.90808847005753,
1.14316494970619));
#10931=CARTESIAN_POINT('Ctrl Pts',(-4.33675016799002,-7.91692729675114,
1.14520945313501));
#10932=CARTESIAN_POINT('Ctrl Pts',(-4.32924790294483,-7.9339281145524,1.14868089635489));
#10933=CARTESIAN_POINT('Ctrl Pts',(-4.32397638269532,-7.94160797567978,
1.14999054440732));
#10934=CARTESIAN_POINT('Ctrl Pts',(-4.31163977031994,-7.95488741347666,
1.15178912457451));
#10935=CARTESIAN_POINT('Ctrl Pts',(-4.30483692643383,-7.96040920677528,
1.15229546316108));
#10936=CARTESIAN_POINT('Ctrl Pts',(-4.28786398085054,-7.97166982687184,
1.1528745785745));
#10937=CARTESIAN_POINT('Ctrl Pts',(-4.27725093158755,-7.97682477195803,
1.15272427850958));
#10938=CARTESIAN_POINT('Ctrl Pts',(-4.24389350853599,-7.98982610134272,
1.15139200196592));
#10939=CARTESIAN_POINT('Ctrl Pts',(-4.21911270497383,-7.99485433959215,
1.14916306709035));
#10940=CARTESIAN_POINT('Ctrl Pts',(-4.1128328880911,-8.00786053655201,1.13756444778774));
#10941=CARTESIAN_POINT('Ctrl Pts',(-3.99675589592181,-7.99676479356151,
1.11814196491401));
#10942=CARTESIAN_POINT('Ctrl Pts',(-3.42771646799447,-7.84435830038829,
1.02480744992433));
#10943=CARTESIAN_POINT('Ctrl Pts',(-2.9285320465344,-7.55044515841247,0.945822393379443));
#10944=CARTESIAN_POINT('Ctrl Pts',(-1.68567914856797,-6.94837584994871,
1.10731819373455));
#10945=CARTESIAN_POINT('Ctrl Pts',(-1.2533094676729,-6.74945399612001,1.20969821511372));
#10946=CARTESIAN_POINT('Ctrl Pts',(-0.878971851516522,-6.53239326333551,
1.33336012989532));
#10947=CARTESIAN_POINT('Ctrl Pts',(-0.781359384724139,-6.47184302604323,
1.36922963706447));
#10948=CARTESIAN_POINT('Ctrl Pts',(-0.689710212210352,-6.39564927174751,
1.41573091657358));
#10949=CARTESIAN_POINT('Ctrl Pts',(-0.665235996118418,-6.37294359227429,
1.42970373331973));
#10950=CARTESIAN_POINT('Ctrl Pts',(-0.640583030484688,-6.34057464634976,
1.44960101706915));
#10951=CARTESIAN_POINT('Ctrl Pts',(-0.633579556142085,-6.32948201136839,
1.45641465885861));
#10952=CARTESIAN_POINT('Ctrl Pts',(-0.626904028098792,-6.31187862233007,
1.46712149845099));
#10953=CARTESIAN_POINT('Ctrl Pts',(-0.62530102275114,-6.30508948835135,
1.47122691564752));
#10954=CARTESIAN_POINT('Ctrl Pts',(-0.625137713189922,-6.293083708432,1.47838729927784));
#10955=CARTESIAN_POINT('Ctrl Pts',(-0.626012730640923,-6.28793581065553,
1.48142184116556));
#10956=CARTESIAN_POINT('Ctrl Pts',(-0.630185514225551,-6.27758504053531,
1.48740843109802));
#10957=CARTESIAN_POINT('Ctrl Pts',(-0.633590840966868,-6.27280010848031,
1.49010469071194));
#10958=CARTESIAN_POINT('Ctrl Pts',(-0.643869981715185,-6.26275290550641,
1.49558574024043));
#10959=CARTESIAN_POINT('Ctrl Pts',(-0.65129173295842,-6.25824933047451,
1.49787859407843));
#10960=CARTESIAN_POINT('Ctrl Pts',(-0.674142173867958,-6.24765628870307,
1.5029069452854));
#10961=CARTESIAN_POINT('Ctrl Pts',(-0.69206301505694,-6.24347927942333,
1.50428317690523));
#10962=CARTESIAN_POINT('Ctrl Pts',(-0.766170354448899,-6.23138602015111,
1.50655787840169));
#10963=CARTESIAN_POINT('Ctrl Pts',(-0.838075507119945,-6.23543365119957,
1.49828306730402));
#10964=CARTESIAN_POINT('Ctrl Pts',(-1.03679017646789,-6.25181252706212,
1.47132625817975));
#10965=CARTESIAN_POINT('Ctrl Pts',(-1.24881547046725,-6.29354488660624,
1.4232353059468));
#10966=CARTESIAN_POINT('Ctrl Pts',(-2.02655516438161,-6.54126213382715,
1.21298528040997));
#10967=CARTESIAN_POINT('Ctrl Pts',(-2.52513665766193,-6.81030272311233,
1.05428362900598));
#10968=CARTESIAN_POINT('Ctrl Pts',(-3.14025602236203,-7.11185334027154,
1.01099011808568));
#10969=CARTESIAN_POINT('Origin',(-1.84305102905534,-5.70991794199339,1.3));
#10970=CARTESIAN_POINT('',(-4.87393748359752,-6.05676474906328,1.01099011808568));
#10971=CARTESIAN_POINT('Ctrl Pts',(-4.87393748359752,-6.05676474906328,
1.01099011808568));
#10972=CARTESIAN_POINT('Ctrl Pts',(-5.1584032186748,-6.11265477623777,0.992669086802672));
#10973=CARTESIAN_POINT('Ctrl Pts',(-5.40942887243612,-6.16019878112838,
0.998045075258525));
#10974=CARTESIAN_POINT('Ctrl Pts',(-5.79228830787845,-6.25154662325041,
1.02979058508685));
#10975=CARTESIAN_POINT('Ctrl Pts',(-5.92881935889729,-6.29267722485598,
1.05131556576547));
#10976=CARTESIAN_POINT('Ctrl Pts',(-6.07715862474907,-6.35741632054094,
1.08311658965152));
#10977=CARTESIAN_POINT('Ctrl Pts',(-6.12559280772467,-6.38225012317531,
1.09524275898885));
#10978=CARTESIAN_POINT('Ctrl Pts',(-6.18231181747485,-6.42516520623839,
1.11352968190677));
#10979=CARTESIAN_POINT('Ctrl Pts',(-6.19990734181259,-6.44109778583208,
1.11996485407639));
#10980=CARTESIAN_POINT('Ctrl Pts',(-6.22120888316455,-6.46918643921828,
1.12987131445137));
#10981=CARTESIAN_POINT('Ctrl Pts',(-6.22794029528491,-6.48059004043148,
1.1336060435299));
#10982=CARTESIAN_POINT('Ctrl Pts',(-6.23554861707706,-6.50184131912173,
1.1396959376325));
#10983=CARTESIAN_POINT('Ctrl Pts',(-6.23743145041353,-6.5112745136873,1.14213415821382));
#10984=CARTESIAN_POINT('Ctrl Pts',(-6.23766932889655,-6.53139514065278,
1.14660089833736));
#10985=CARTESIAN_POINT('Ctrl Pts',(-6.23569065654466,-6.54154025097556,
1.14844344433039));
#10986=CARTESIAN_POINT('Ctrl Pts',(-6.22847953465846,-6.55964984543854,
1.15096977115786));
#10987=CARTESIAN_POINT('Ctrl Pts',(-6.22388694470729,-6.56737393383078,
1.15173304167522));
#10988=CARTESIAN_POINT('Ctrl Pts',(-6.21168908930297,-6.58340789858069,
1.15275409093192));
#10989=CARTESIAN_POINT('Ctrl Pts',(-6.2036239759545,-6.59134564272081,1.15283152506091));
#10990=CARTESIAN_POINT('Ctrl Pts',(-6.17878475939817,-6.61175173354574,
1.1521663336354));
#10991=CARTESIAN_POINT('Ctrl Pts',(-6.15978037333081,-6.62260062602827,
1.15059480194911));
#10992=CARTESIAN_POINT('Ctrl Pts',(-6.08694485802102,-6.65651499901638,
1.14300051461313));
#10993=CARTESIAN_POINT('Ctrl Pts',(-6.01042290517669,-6.67545269642677,
1.13135154848753));
#10994=CARTESIAN_POINT('Ctrl Pts',(-5.73371666772164,-6.70012089508162,
1.08685891479773));
#10995=CARTESIAN_POINT('Ctrl Pts',(-5.50853876155904,-6.68172037030764,
1.04822963875933));
#10996=CARTESIAN_POINT('Ctrl Pts',(-4.97591808061065,-6.59014461903425,
1.00054459279701));
#10997=CARTESIAN_POINT('Ctrl Pts',(-4.70137617107148,-6.52809471699133,
0.991288044591522));
#10998=CARTESIAN_POINT('Ctrl Pts',(-3.77739686847177,-6.33675126039777,
1.04081069027166));
#10999=CARTESIAN_POINT('Ctrl Pts',(-3.20912556216156,-6.24416878310013,
1.15286693743437));
#11000=CARTESIAN_POINT('Ctrl Pts',(-2.6351683352315,-6.11109529578703,1.30212978207893));
#11001=CARTESIAN_POINT('Ctrl Pts',(-2.49313529853633,-6.07055395691697,
1.34699515092984));
#11002=CARTESIAN_POINT('Ctrl Pts',(-2.35714319878722,-6.01640241397058,
1.3999210364139));
#11003=CARTESIAN_POINT('Ctrl Pts',(-2.31554287919915,-5.99760689600463,
1.41763844229513));
#11004=CARTESIAN_POINT('Ctrl Pts',(-2.27109390798848,-5.96800865172038,
1.44229806420084));
#11005=CARTESIAN_POINT('Ctrl Pts',(-2.25803856423908,-5.95781609273659,
1.45044126709478));
#11006=CARTESIAN_POINT('Ctrl Pts',(-2.24313882959531,-5.94061940541426,
1.46294123798282));
#11007=CARTESIAN_POINT('Ctrl Pts',(-2.23857162119506,-5.93392855452221,
1.46759011250161));
#11008=CARTESIAN_POINT('Ctrl Pts',(-2.23364425391774,-5.92166585571426,
1.4754665499162));
#11009=CARTESIAN_POINT('Ctrl Pts',(-2.2324601619756,-5.91631986299814,1.47871961178492));
#11010=CARTESIAN_POINT('Ctrl Pts',(-2.2325057020744,-5.90518529877994,1.48499868816017));
#11011=CARTESIAN_POINT('Ctrl Pts',(-2.23378531060841,-5.89971641454968,
1.4878335354907));
#11012=CARTESIAN_POINT('Ctrl Pts',(-2.23934472068837,-5.88760295358028,
1.49354349618191));
#11013=CARTESIAN_POINT('Ctrl Pts',(-2.24415670015314,-5.88149950538613,
1.49599885137053));
#11014=CARTESIAN_POINT('Ctrl Pts',(-2.2601722352067,-5.86589641681715,1.50145087063206));
#11015=CARTESIAN_POINT('Ctrl Pts',(-2.27390090946121,-5.85748543438488,
1.5032531901474));
#11016=CARTESIAN_POINT('Ctrl Pts',(-2.33226727210738,-5.82771231427927,
1.50727967921906));
#11017=CARTESIAN_POINT('Ctrl Pts',(-2.39438268372281,-5.81276547124421,
1.50131149079101));
#11018=CARTESIAN_POINT('Ctrl Pts',(-2.57640370942143,-5.7750646913411,1.47937258989465));
#11019=CARTESIAN_POINT('Ctrl Pts',(-2.7837545483822,-5.75736815278078,1.43555785502856));
#11020=CARTESIAN_POINT('Ctrl Pts',(-3.60564038104695,-5.78460340031935,
1.22628448356164));
#11021=CARTESIAN_POINT('Ctrl Pts',(-4.17134008602334,-5.91872285929936,
1.05624094204458));
#11022=CARTESIAN_POINT('Ctrl Pts',(-4.87393748359752,-6.05676474906328,
1.01099011808568));
#11023=CARTESIAN_POINT('Origin',(-3.25808609749367,-5.03834049874742,1.3));
#11024=CARTESIAN_POINT('',(-6.27546815988836,-4.58891764948336,1.01099011808568));
#11025=CARTESIAN_POINT('Ctrl Pts',(-6.27546815988836,-4.58891764948336,
1.01099011808568));
#11026=CARTESIAN_POINT('Ctrl Pts',(-6.70559388172462,-4.55971173345109,
0.983744938488335));
#11027=CARTESIAN_POINT('Ctrl Pts',(-7.06558328841578,-4.53135630588011,
1.00900315591321));
#11028=CARTESIAN_POINT('Ctrl Pts',(-7.42753367286619,-4.55249920553634,
1.06437548505356));
#11029=CARTESIAN_POINT('Ctrl Pts',(-7.50467861280414,-4.56424358284266,
1.08037726248905));
#11030=CARTESIAN_POINT('Ctrl Pts',(-7.59407521466238,-4.58925774178254,
1.10214372684746));
#11031=CARTESIAN_POINT('Ctrl Pts',(-7.62566862848136,-4.60081844727719,
1.11069113071061));
#11032=CARTESIAN_POINT('Ctrl Pts',(-7.66616736311238,-4.62460060663858,
1.12357850819285));
#11033=CARTESIAN_POINT('Ctrl Pts',(-7.67962323049803,-4.63452616970161,
1.12829012686997));
#11034=CARTESIAN_POINT('Ctrl Pts',(-7.69777022901209,-4.65406102845998,
1.13573963132314));
#11035=CARTESIAN_POINT('Ctrl Pts',(-7.70394755615009,-4.66280352967632,
1.13864602603546));
#11036=CARTESIAN_POINT('Ctrl Pts',(-7.71220121211349,-4.68078088783182,
1.14356537410282));
#11037=CARTESIAN_POINT('Ctrl Pts',(-7.71455902354419,-4.68954921325435,
1.14556709290161));
#11038=CARTESIAN_POINT('Ctrl Pts',(-7.71615150073817,-4.70792250429774,
1.1489192523456));
#11039=CARTESIAN_POINT('Ctrl Pts',(-7.71527002432555,-4.71707432020917,
1.15016694492819));
#11040=CARTESIAN_POINT('Ctrl Pts',(-7.71101929690833,-4.7345429925371,1.15187970078252));
#11041=CARTESIAN_POINT('Ctrl Pts',(-7.70780072569958,-4.74267818694653,
1.15235513872654));
#11042=CARTESIAN_POINT('Ctrl Pts',(-7.69851552681179,-4.76091342358164,
1.15287699808102));
#11043=CARTESIAN_POINT('Ctrl Pts',(-7.69175316278982,-4.770722455467,1.15269393010085));
#11044=CARTESIAN_POINT('Ctrl Pts',(-7.66866661059882,-4.79907979208993,
1.1512475820533));
#11045=CARTESIAN_POINT('Ctrl Pts',(-7.64902736232231,-4.81613149286028,
1.14889021968939));
#11046=CARTESIAN_POINT('Ctrl Pts',(-7.5578071370146,-4.88359648793057,1.13635190970714));
#11047=CARTESIAN_POINT('Ctrl Pts',(-7.44222092469332,-4.93440574088576,
1.11486043421519));
#11048=CARTESIAN_POINT('Ctrl Pts',(-6.85299497932234,-5.0814362764726,1.01989325824546));
#11049=CARTESIAN_POINT('Ctrl Pts',(-6.27353048333179,-5.07657072037508,
0.946363644631214));
#11050=CARTESIAN_POINT('Ctrl Pts',(-4.90865277527545,-5.17693986463491,
1.11259324053043));
#11051=CARTESIAN_POINT('Ctrl Pts',(-4.44528348050551,-5.21915696736098,
1.21342859825706));
#11052=CARTESIAN_POINT('Ctrl Pts',(-4.0214999807913,-5.21752982578001,1.33520153475282));
#11053=CARTESIAN_POINT('Ctrl Pts',(-3.90886395012456,-5.21371129383819,
1.37056339238157));
#11054=CARTESIAN_POINT('Ctrl Pts',(-3.79345779861689,-5.19356353256302,
1.41644449110504));
#11055=CARTESIAN_POINT('Ctrl Pts',(-3.76142962214773,-5.18614497238734,
1.4302551111426));
#11056=CARTESIAN_POINT('Ctrl Pts',(-3.72444806514429,-5.17050194685956,
1.44994763131578));
#11057=CARTESIAN_POINT('Ctrl Pts',(-3.71299636437016,-5.1644159594079,1.45670113271703));
#11058=CARTESIAN_POINT('Ctrl Pts',(-3.69860483752856,-5.15254624007515,
1.46732748197791));
#11059=CARTESIAN_POINT('Ctrl Pts',(-3.69388506030076,-5.14747815868289,
1.47140734349301));
#11060=CARTESIAN_POINT('Ctrl Pts',(-3.68782710534084,-5.13717252147804,
1.4785341599606));
#11061=CARTESIAN_POINT('Ctrl Pts',(-3.68604626418231,-5.132274641223,1.48155792221383));
#11062=CARTESIAN_POINT('Ctrl Pts',(-3.6845510397284,-5.12120566661394,1.48753106253371));
#11063=CARTESIAN_POINT('Ctrl Pts',(-3.68514691200194,-5.11534361521766,
1.49022140425065));
#11064=CARTESIAN_POINT('Ctrl Pts',(-3.68911362713731,-5.10147653904876,
1.49568442746227));
#11065=CARTESIAN_POINT('Ctrl Pts',(-3.69333948504455,-5.09385200383592,
1.49796587804346));
#11066=CARTESIAN_POINT('Ctrl Pts',(-3.70790608398352,-5.07329827208769,
1.50294431460417));
#11067=CARTESIAN_POINT('Ctrl Pts',(-3.7213202381123,-5.06076782559878,1.50430240279994));
#11068=CARTESIAN_POINT('Ctrl Pts',(-3.77894288692533,-5.01374429808002,
1.50651174861565));
#11069=CARTESIAN_POINT('Ctrl Pts',(-3.84215589077638,-4.9817114595293,1.4984487650563));
#11070=CARTESIAN_POINT('Ctrl Pts',(-4.02027237531965,-4.89727938142678,
1.47197668979819));
#11071=CARTESIAN_POINT('Ctrl Pts',(-4.22202998219523,-4.82797112093694,
1.42478988104739));
#11072=CARTESIAN_POINT('Ctrl Pts',(-5.01826659068791,-4.65192421362755,
1.2151303547483));
#11073=CARTESIAN_POINT('Ctrl Pts',(-5.5873833417203,-4.63563921576565,1.05457503639553));
#11074=CARTESIAN_POINT('Ctrl Pts',(-6.27546815988836,-4.58891764948336,
1.01099011808568));
#11075=CARTESIAN_POINT('Origin',(-4.45108798262967,-4.02340847676317,1.3));
#11076=CARTESIAN_POINT('',(-7.24933605178429,-2.80834339563612,1.01099011808568));
#11077=CARTESIAN_POINT('Ctrl Pts',(-7.24933605178429,-2.80834339563612,
1.01099011808568));
#11078=CARTESIAN_POINT('Ctrl Pts',(-7.68569254028035,-2.65907729083631,
0.981844972239033));
#11079=CARTESIAN_POINT('Ctrl Pts',(-8.04435906013012,-2.53185025390416,
1.01282175497189));
#11080=CARTESIAN_POINT('Ctrl Pts',(-8.36103345975432,-2.47556261275615,
1.06685893034287));
#11081=CARTESIAN_POINT('Ctrl Pts',(-8.44071751997218,-2.46435488094742,
1.08232473452016));
#11082=CARTESIAN_POINT('Ctrl Pts',(-8.5393190122814,-2.46891791308267,1.10626601183203));
#11083=CARTESIAN_POINT('Ctrl Pts',(-8.56895997338674,-2.47284007318893,
1.11406737816955));
#11084=CARTESIAN_POINT('Ctrl Pts',(-8.60933840075861,-2.48576004036745,
1.1258232416764));
#11085=CARTESIAN_POINT('Ctrl Pts',(-8.62338527841754,-2.49207387377665,
1.13017791017479));
#11086=CARTESIAN_POINT('Ctrl Pts',(-8.64395335196521,-2.50629673184517,
1.13710933581018));
#11087=CARTESIAN_POINT('Ctrl Pts',(-8.65146226826384,-2.51325597403549,
1.13983476408521));
#11088=CARTESIAN_POINT('Ctrl Pts',(-8.66395408233981,-2.52987434354045,
1.14485152636363));
#11089=CARTESIAN_POINT('Ctrl Pts',(-8.66837868644191,-2.53931039405553,
1.14696628647282));
#11090=CARTESIAN_POINT('Ctrl Pts',(-8.6730860092554,-2.55802489451675,1.14998890621451));
#11091=CARTESIAN_POINT('Ctrl Pts',(-8.67375297329901,-2.56668921070333,
1.15095288232144));
#11092=CARTESIAN_POINT('Ctrl Pts',(-8.67301041358017,-2.58423935306004,
1.15228890651693));
#11093=CARTESIAN_POINT('Ctrl Pts',(-8.67146398059955,-2.59298681139377,
1.1526089509372));
#11094=CARTESIAN_POINT('Ctrl Pts',(-8.66589657786738,-2.61402417399275,
1.15283237935224));
#11095=CARTESIAN_POINT('Ctrl Pts',(-8.66088337323411,-2.62608852445769,
1.15242316763155));
#11096=CARTESIAN_POINT('Ctrl Pts',(-8.64111339577535,-2.66520327899242,
1.15007902059892));
#11097=CARTESIAN_POINT('Ctrl Pts',(-8.6211632734687,-2.6910000425053,1.1465452593782));
#11098=CARTESIAN_POINT('Ctrl Pts',(-8.53132196091188,-2.79093030646006,
1.12973749886103));
#11099=CARTESIAN_POINT('Ctrl Pts',(-8.41208395046062,-2.87639466981695,
1.10366835815245));
#11100=CARTESIAN_POINT('Ctrl Pts',(-7.83732957713582,-3.16602887600365,
1.0078516943897));
#11101=CARTESIAN_POINT('Ctrl Pts',(-7.26480270783044,-3.31600082234223,
0.95034210324235));
#11102=CARTESIAN_POINT('Ctrl Pts',(-6.00793045236771,-3.75679985666096,
1.1284116863871));
#11103=CARTESIAN_POINT('Ctrl Pts',(-5.60041404605135,-3.9042098366014,1.22537486954753));
#11104=CARTESIAN_POINT('Ctrl Pts',(-5.21755668669635,-4.0028751370636,1.34075420521483));
#11105=CARTESIAN_POINT('Ctrl Pts',(-5.11351599910171,-4.02606368378261,
1.37479505870069));
#11106=CARTESIAN_POINT('Ctrl Pts',(-5.00316352924864,-4.03497834980786,
1.41862701091333));
#11107=CARTESIAN_POINT('Ctrl Pts',(-4.97174779322125,-4.03565989092499,
1.43200902113976));
#11108=CARTESIAN_POINT('Ctrl Pts',(-4.93372673943538,-4.02992675474483,
1.451021780484));
#11109=CARTESIAN_POINT('Ctrl Pts',(-4.92156454118218,-4.02690311859412,
1.45761233525373));
#11110=CARTESIAN_POINT('Ctrl Pts',(-4.90519872221446,-4.01915426146537,
1.46797380605584));
#11111=CARTESIAN_POINT('Ctrl Pts',(-4.89953196902347,-4.01543624806741,
1.47198056128541));
#11112=CARTESIAN_POINT('Ctrl Pts',(-4.89126952837723,-4.00702509751289,
1.4790020551796));
#11113=CARTESIAN_POINT('Ctrl Pts',(-4.88840429474656,-4.0027062732267,1.48198941118927));
#11114=CARTESIAN_POINT('Ctrl Pts',(-4.88425730965182,-3.99227610503213,
1.48793719569263));
#11115=CARTESIAN_POINT('Ctrl Pts',(-4.88345122133522,-3.98636530275021,
1.49060139057521));
#11116=CARTESIAN_POINT('Ctrl Pts',(-4.8839333921906,-3.97175446145875,1.49602551893741));
#11117=CARTESIAN_POINT('Ctrl Pts',(-4.88621727322088,-3.96323009165299,
1.49824884238707));
#11118=CARTESIAN_POINT('Ctrl Pts',(-4.89525047510637,-3.93958296734753,
1.50309953396204));
#11119=CARTESIAN_POINT('Ctrl Pts',(-4.90499194356591,-3.924208061839,1.50436324194462));
#11120=CARTESIAN_POINT('Ctrl Pts',(-4.94770820559555,-3.86526208804421,
1.50640447051279));
#11121=CARTESIAN_POINT('Ctrl Pts',(-4.99769507195653,-3.82024856710768,
1.49885461958929));
#11122=CARTESIAN_POINT('Ctrl Pts',(-5.14335401446893,-3.69543981175151,
1.47362870820768));
#11123=CARTESIAN_POINT('Ctrl Pts',(-5.31440500658701,-3.57979615309387,
1.4284775114394));
#11124=CARTESIAN_POINT('Ctrl Pts',(-6.03708595591086,-3.1974519683834,1.21961598921653));
#11125=CARTESIAN_POINT('Ctrl Pts',(-6.59328910121476,-3.0327598428736,1.05480884098929));
#11126=CARTESIAN_POINT('Ctrl Pts',(-7.24933605178429,-2.80834339563612,
1.01099011808568));
#11127=CARTESIAN_POINT('Origin',(-5.34075557752014,-2.73428781608439,1.3));
#11128=CARTESIAN_POINT('',(-7.72917367184538,-0.836385180383183,1.01099011808568));
#11129=CARTESIAN_POINT('Ctrl Pts',(-7.72917367184538,-0.836385180383183,
1.01099011808568));
#11130=CARTESIAN_POINT('Ctrl Pts',(-8.11994488075661,-0.573951528271733,
0.981242351517554));
#11131=CARTESIAN_POINT('Ctrl Pts',(-8.43835076275402,-0.354827599687265,
1.01414587866919));
#11132=CARTESIAN_POINT('Ctrl Pts',(-8.72931207370431,-0.222043311267754,
1.06942151966841));
#11133=CARTESIAN_POINT('Ctrl Pts',(-8.79991088098333,-0.192995686295605,
1.08443038904925));
#11134=CARTESIAN_POINT('Ctrl Pts',(-8.89230624206646,-0.173958734952263,
1.10755675050476));
#11135=CARTESIAN_POINT('Ctrl Pts',(-8.92086268695941,-0.17060699575548,
1.11511462333534));
#11136=CARTESIAN_POINT('Ctrl Pts',(-8.96180912906381,-0.173150020146257,
1.12652467561318));
#11137=CARTESIAN_POINT('Ctrl Pts',(-8.97654880355703,-0.175766374367644,
1.13075911772372));
#11138=CARTESIAN_POINT('Ctrl Pts',(-8.99944744055906,-0.18433693946812,
1.13751417222703));
#11139=CARTESIAN_POINT('Ctrl Pts',(-9.00826497359056,-0.189164255427507,
1.14017322160849));
#11140=CARTESIAN_POINT('Ctrl Pts',(-9.02310408104354,-0.201127511812516,
1.14472878826901));
#11141=CARTESIAN_POINT('Ctrl Pts',(-9.02897639936265,-0.207880534389909,
1.14657277573724));
#11142=CARTESIAN_POINT('Ctrl Pts',(-9.03831755670029,-0.223132882688674,
1.14956095874271));
#11143=CARTESIAN_POINT('Ctrl Pts',(-9.04153242031899,-0.231299194057633,
1.15062468793109));
#11144=CARTESIAN_POINT('Ctrl Pts',(-9.04564107053644,-0.247439188217273,
1.15203790260389));
#11145=CARTESIAN_POINT('Ctrl Pts',(-9.04663752910786,-0.255247199954114,
1.1524178712472));
#11146=CARTESIAN_POINT('Ctrl Pts',(-9.04745249959943,-0.273019502039785,
1.15283441544335));
#11147=CARTESIAN_POINT('Ctrl Pts',(-9.04677440707063,-0.28299927379475,
1.15271826702351));
#11148=CARTESIAN_POINT('Ctrl Pts',(-9.04279551133899,-0.311872335871715,
1.15176623981103));
#11149=CARTESIAN_POINT('Ctrl Pts',(-9.03730973814267,-0.33075491007643,
1.15026491748187));
#11150=CARTESIAN_POINT('Ctrl Pts',(-9.01002393234226,-0.404682876218336,
1.14273188400948));
#11151=CARTESIAN_POINT('Ctrl Pts',(-8.96888005374269,-0.471734746574043,
1.13102061714788));
#11152=CARTESIAN_POINT('Ctrl Pts',(-8.80080980275589,-0.673172588156036,
1.08901872682779));
#11153=CARTESIAN_POINT('Ctrl Pts',(-8.64469210491949,-0.80809679670973,
1.05420228339605));
#11154=CARTESIAN_POINT('Ctrl Pts',(-8.03824202136802,-1.24685488484728,
0.980055610411046));
#11155=CARTESIAN_POINT('Ctrl Pts',(-7.44715780534537,-1.61657922000494,
0.992081096850362));
#11156=CARTESIAN_POINT('Ctrl Pts',(-6.51849322272455,-2.24956805328174,
1.19831387070994));
#11157=CARTESIAN_POINT('Ctrl Pts',(-6.26325102481857,-2.41645798256709,
1.27490103642401));
#11158=CARTESIAN_POINT('Ctrl Pts',(-6.01151710042267,-2.54828653798904,
1.3643137355555));
#11159=CARTESIAN_POINT('Ctrl Pts',(-5.93874984791355,-2.58296626860457,
1.39187112146409));
#11160=CARTESIAN_POINT('Ctrl Pts',(-5.85620088640803,-2.60826756146123,
1.42795998072162));
#11161=CARTESIAN_POINT('Ctrl Pts',(-5.83169892636327,-2.6140507291139,1.43925792464649));
#11162=CARTESIAN_POINT('Ctrl Pts',(-5.79988251903307,-2.61571796819652,
1.45565280871254));
#11163=CARTESIAN_POINT('Ctrl Pts',(-5.78923560173408,-2.61517837093976,
1.46146125373038));
#11164=CARTESIAN_POINT('Ctrl Pts',(-5.7737732483156,-2.61114709195483,1.47078728631308));
#11165=CARTESIAN_POINT('Ctrl Pts',(-5.76810604991218,-2.60872443602312,
1.47446387621805));
#11166=CARTESIAN_POINT('Ctrl Pts',(-5.75897035778814,-2.60222530176959,
1.48107261742016));
#11167=CARTESIAN_POINT('Ctrl Pts',(-5.75547526543334,-2.59848272452575,
1.48393067033137));
#11168=CARTESIAN_POINT('Ctrl Pts',(-5.74944412087919,-2.58864802710107,
1.48972612852433));
#11169=CARTESIAN_POINT('Ctrl Pts',(-5.74753695986585,-2.58258942245509,
1.49231182204387));
#11170=CARTESIAN_POINT('Ctrl Pts',(-5.74521950462579,-2.56730886995591,
1.49744555082386));
#11171=CARTESIAN_POINT('Ctrl Pts',(-5.74577779201574,-2.55796029321408,
1.49948523282219));
#11172=CARTESIAN_POINT('Ctrl Pts',(-5.74967142883289,-2.53244221498607,
1.5036849835863));
#11173=CARTESIAN_POINT('Ctrl Pts',(-5.75544088606499,-2.5153165281128,1.50468192504522));
#11174=CARTESIAN_POINT('Ctrl Pts',(-5.78111910699652,-2.45155435213293,
1.50581878231037));
#11175=CARTESIAN_POINT('Ctrl Pts',(-5.81319796232768,-2.40149320059162,
1.49937325087234));
#11176=CARTESIAN_POINT('Ctrl Pts',(-5.90865450471497,-2.25976440470555,
1.47782963063799));
#11177=CARTESIAN_POINT('Ctrl Pts',(-6.02601081513128,-2.12096537512888,
1.44001979837067));
#11178=CARTESIAN_POINT('Ctrl Pts',(-6.60549837509035,-1.56028993097305,
1.23881903873311));
#11179=CARTESIAN_POINT('Ctrl Pts',(-7.12087528875128,-1.24490546695615,
1.05729731240144));
#11180=CARTESIAN_POINT('Ctrl Pts',(-7.72917367184538,-0.836385180383183,
1.01099011808568));
#11181=CARTESIAN_POINT('Origin',(-5.86645950581851,-1.25882995936372,1.3));
#11182=CARTESIAN_POINT('',(-7.68228087923364,1.19257130272101,1.01099011808568));
#11183=CARTESIAN_POINT('',(-7.29601930282767,-1.58372415882359E-15,1.0855684685002));
#11184=CARTESIAN_POINT('Ctrl Pts',(-7.68228087923364,1.19257130272101,1.01099011808568));
#11185=CARTESIAN_POINT('Ctrl Pts',(-7.970278655747,1.52252878666993,0.983312016664634));
#11186=CARTESIAN_POINT('Ctrl Pts',(-8.20768064551239,1.8006025842596,1.00982574562398));
#11187=CARTESIAN_POINT('Ctrl Pts',(-8.47826574024859,2.03845678844654,1.06610440311869));
#11188=CARTESIAN_POINT('Ctrl Pts',(-8.53951052371831,2.08282871059776,1.08180426714161));
#11189=CARTESIAN_POINT('Ctrl Pts',(-8.61844917798827,2.12639951793519,1.10312403361468));
#11190=CARTESIAN_POINT('Ctrl Pts',(-8.6482524119649,2.13990974608201,1.11148842971298));
#11191=CARTESIAN_POINT('Ctrl Pts',(-8.69274009968707,2.15102460697408,1.12410581429311));
#11192=CARTESIAN_POINT('Ctrl Pts',(-8.70894608757231,2.15330197000181,1.12872191209074));
#11193=CARTESIAN_POINT('Ctrl Pts',(-8.73510434575564,2.1520772429743,1.13602706990457));
#11194=CARTESIAN_POINT('Ctrl Pts',(-8.74546887575006,2.15018822305419,1.13887767904873));
#11195=CARTESIAN_POINT('Ctrl Pts',(-8.765167336474,2.14269296782894,1.14409200416456));
#11196=CARTESIAN_POINT('Ctrl Pts',(-8.77404081911587,2.13713584402954,1.14632515044734));
#11197=CARTESIAN_POINT('Ctrl Pts',(-8.78810912346213,2.12371789644149,1.14956229144743));
#11198=CARTESIAN_POINT('Ctrl Pts',(-8.79333801207279,2.11668420837107,1.15063044512827));
#11199=CARTESIAN_POINT('Ctrl Pts',(-8.80145956948402,2.1021558077173,1.15203625467862));
#11200=CARTESIAN_POINT('Ctrl Pts',(-8.80445583727619,2.09487681152126,1.1524204311624));
#11201=CARTESIAN_POINT('Ctrl Pts',(-8.80981830837951,2.07794522171616,1.15283132758782));
#11202=CARTESIAN_POINT('Ctrl Pts',(-8.81176582866943,2.068120702091,1.15272036602078));
#11203=CARTESIAN_POINT('Ctrl Pts',(-8.81536431500121,2.03927893114048,1.1517645251335));
#11204=CARTESIAN_POINT('Ctrl Pts',(-8.81499307683888,2.01955669481647,1.15027046807846));
#11205=CARTESIAN_POINT('Ctrl Pts',(-8.80772327298608,1.94127072280139,1.14273719119446));
#11206=CARTESIAN_POINT('Ctrl Pts',(-8.78557969672864,1.86574932297767,1.13105607984935));
#11207=CARTESIAN_POINT('Ctrl Pts',(-8.67485705808444,1.62755253990321,1.08898111588647));
#11208=CARTESIAN_POINT('Ctrl Pts',(-8.55978542397749,1.45722765220649,1.05412850868538));
#11209=CARTESIAN_POINT('Ctrl Pts',(-8.12743378623938,0.926149587801332,
0.986655550668935));
#11210=CARTESIAN_POINT('Ctrl Pts',(-7.72553379678622,0.501521271626915,
0.986364167903162));
#11211=CARTESIAN_POINT('Ctrl Pts',(-7.29601930282767,-2.82315651154471E-15,
1.0855684685002));
#11212=CARTESIAN_POINT('',(-6.68082814641195,-3.03820710605034E-11,1.29216277214665));
#11213=CARTESIAN_POINT('Ctrl Pts',(-6.68082814641195,-6.07639633054546E-11,
1.29216277214665));
#11214=CARTESIAN_POINT('Ctrl Pts',(-6.95384668080811,0.381416677130792,
1.16991646652612));
#11215=CARTESIAN_POINT('Ctrl Pts',(-7.2946508601131,0.748465701071859,1.04824340216638));
#11216=CARTESIAN_POINT('Ctrl Pts',(-7.68228087923364,1.19257130272101,1.01099011808568));
#11217=CARTESIAN_POINT('Ctrl Pts',(-7.29601930282767,-2.82315651154471E-15,
1.0855684685002));
#11218=CARTESIAN_POINT('Ctrl Pts',(-7.23349427613893,-0.0730071542043711,
1.10000977753567));
#11219=CARTESIAN_POINT('Ctrl Pts',(-7.16996680279791,-0.147342904436999,
1.11631897539832));
#11220=CARTESIAN_POINT('Ctrl Pts',(-6.87985487158683,-0.48430783013274,
1.19811569755366));
#11221=CARTESIAN_POINT('Ctrl Pts',(-6.67626443489092,-0.712255253730915,
1.27444071075791));
#11222=CARTESIAN_POINT('Ctrl Pts',(-6.46640380404649,-0.905361616497464,
1.36424695713634));
#11223=CARTESIAN_POINT('Ctrl Pts',(-6.40530426075528,-0.957685871226462,
1.39167109581828));
#11224=CARTESIAN_POINT('Ctrl Pts',(-6.33181400082643,-1.00362690252348,
1.42791862678457));
#11225=CARTESIAN_POINT('Ctrl Pts',(-6.30970012670671,-1.01559243337766,
1.43917704547908));
#11226=CARTESIAN_POINT('Ctrl Pts',(-6.27930725100133,-1.02544474484112,
1.45562503124283));
#11227=CARTESIAN_POINT('Ctrl Pts',(-6.26889660669289,-1.02771159701621,
1.46142144199687));
#11228=CARTESIAN_POINT('Ctrl Pts',(-6.25288971171432,-1.02780646859482,
1.47076551787838));
#11229=CARTESIAN_POINT('Ctrl Pts',(-6.24678601136809,-1.0269580273368,1.47444063539386));
#11230=CARTESIAN_POINT('Ctrl Pts',(-6.23627809101703,-1.02303295749525,
1.48105157073524));
#11231=CARTESIAN_POINT('Ctrl Pts',(-6.23192042744817,-1.02034240471121,
1.48391508967398));
#11232=CARTESIAN_POINT('Ctrl Pts',(-6.22356521478085,-1.0124030277388,1.48970126366633));
#11233=CARTESIAN_POINT('Ctrl Pts',(-6.22012935192129,-1.0070582488637,1.492300800487));
#11234=CARTESIAN_POINT('Ctrl Pts',(-6.21395827259655,-0.99291609986606,
1.4974193234567));
#11235=CARTESIAN_POINT('Ctrl Pts',(-6.21204588358468,-0.983743269221824,
1.49947835550326));
#11236=CARTESIAN_POINT('Ctrl Pts',(-6.20922664250126,-0.958183482884785,
1.50365384824512));
#11237=CARTESIAN_POINT('Ctrl Pts',(-6.21031920078569,-0.940136019273941,
1.50468213909293));
#11238=CARTESIAN_POINT('Ctrl Pts',(-6.21857525505424,-0.87240321519484,
1.50579968465328));
#11239=CARTESIAN_POINT('Ctrl Pts',(-6.23651265208697,-0.815553518532504,
1.49943472010335));
#11240=CARTESIAN_POINT('Ctrl Pts',(-6.29158422373894,-0.655272124248063,
1.47806436080184));
#11241=CARTESIAN_POINT('Ctrl Pts',(-6.36798869238768,-0.491812313681266,
1.44081557504604));
#11242=CARTESIAN_POINT('Ctrl Pts',(-6.54295113619969,-0.199943690212539,
1.35591191906398));
#11243=CARTESIAN_POINT('Ctrl Pts',(-6.60961140645826,-0.0994923380942601,
1.32405065615765));
#11244=CARTESIAN_POINT('Ctrl Pts',(-6.68082814641195,-6.07638418748113E-11,
1.29216277214665));
#11245=CARTESIAN_POINT('Origin',(-5.99237391357807,0.302415078772714,1.3));
#11246=CARTESIAN_POINT('',(-7.11185334027154,3.14025602236203,1.01099011808568));
#11247=CARTESIAN_POINT('Ctrl Pts',(-7.11185334027154,3.14025602236203,1.01099011808568));
#11248=CARTESIAN_POINT('Ctrl Pts',(-7.29565693249319,3.51518859567952,0.984601504120964));
#11249=CARTESIAN_POINT('Ctrl Pts',(-7.44726936917039,3.83285686078894,1.00745803831201));
#11250=CARTESIAN_POINT('Ctrl Pts',(-7.64555633573782,4.14170365683983,1.06096981322163));
#11251=CARTESIAN_POINT('Ctrl Pts',(-7.69661595073454,4.20740835391351,1.07761747533741));
#11252=CARTESIAN_POINT('Ctrl Pts',(-7.76592014093266,4.27721601119722,1.10032108336474));
#11253=CARTESIAN_POINT('Ctrl Pts',(-7.79270956308935,4.30036601301458,1.10921327284531));
#11254=CARTESIAN_POINT('Ctrl Pts',(-7.83494046720988,4.3252903948488,1.12259837485617));
#11255=CARTESIAN_POINT('Ctrl Pts',(-7.8506947224496,4.33252106877626,1.12747192862661));
#11256=CARTESIAN_POINT('Ctrl Pts',(-7.8772961243717,4.33913658017986,1.13515003405428));
#11257=CARTESIAN_POINT('Ctrl Pts',(-7.88815072302478,4.3403584770734,1.13813517615376));
#11258=CARTESIAN_POINT('Ctrl Pts',(-7.90808847005755,4.33889950023719,1.14316494970619));
#11259=CARTESIAN_POINT('Ctrl Pts',(-7.91692729675114,4.33675016799002,1.14520945313501));
#11260=CARTESIAN_POINT('Ctrl Pts',(-7.9339281145524,4.32924790294482,1.14868089635489));
#11261=CARTESIAN_POINT('Ctrl Pts',(-7.94160797567978,4.32397638269531,1.14999054440732));
#11262=CARTESIAN_POINT('Ctrl Pts',(-7.95488741347666,4.31163977031994,1.15178912457451));
#11263=CARTESIAN_POINT('Ctrl Pts',(-7.96040920677528,4.30483692643384,1.15229546316108));
#11264=CARTESIAN_POINT('Ctrl Pts',(-7.97166982687184,4.28786398085055,1.1528745785745));
#11265=CARTESIAN_POINT('Ctrl Pts',(-7.97682477195803,4.27725093158757,1.15272427850958));
#11266=CARTESIAN_POINT('Ctrl Pts',(-7.98982610134272,4.243893508536,1.15139200196592));
#11267=CARTESIAN_POINT('Ctrl Pts',(-7.99485433959215,4.21911270497384,1.14916306709035));
#11268=CARTESIAN_POINT('Ctrl Pts',(-8.00786053655201,4.1128328880912,1.13756444778775));
#11269=CARTESIAN_POINT('Ctrl Pts',(-7.99676479356153,3.99675589592199,1.11814196491404));
#11270=CARTESIAN_POINT('Ctrl Pts',(-7.84435830038842,3.42771646799468,1.02480744992436));
#11271=CARTESIAN_POINT('Ctrl Pts',(-7.55044515841256,2.92853204653457,0.945822393379443));
#11272=CARTESIAN_POINT('Ctrl Pts',(-6.94837584994876,1.68567914856806,1.10731819373453));
#11273=CARTESIAN_POINT('Ctrl Pts',(-6.74945399612004,1.25330946767294,1.2096982151137));
#11274=CARTESIAN_POINT('Ctrl Pts',(-6.53239326333549,0.878971851516483,
1.33336012989533));
#11275=CARTESIAN_POINT('Ctrl Pts',(-6.47184302604323,0.781359384724147,
1.36922963706447));
#11276=CARTESIAN_POINT('Ctrl Pts',(-6.39564927174757,0.689710212210416,
1.41573091657355));
#11277=CARTESIAN_POINT('Ctrl Pts',(-6.37294359227431,0.665235996118425,
1.42970373331972));
#11278=CARTESIAN_POINT('Ctrl Pts',(-6.34057464634973,0.640583030484654,
1.44960101706917));
#11279=CARTESIAN_POINT('Ctrl Pts',(-6.32948201136838,0.633579556142083,
1.45641465885862));
#11280=CARTESIAN_POINT('Ctrl Pts',(-6.3118786223301,0.626904028098806,1.46712149845097));
#11281=CARTESIAN_POINT('Ctrl Pts',(-6.30508948835135,0.625301022751138,
1.47122691564751));
#11282=CARTESIAN_POINT('Ctrl Pts',(-6.29308370843198,0.625137713189919,
1.47838729927784));
#11283=CARTESIAN_POINT('Ctrl Pts',(-6.28793581065553,0.626012730640923,
1.48142184116557));
#11284=CARTESIAN_POINT('Ctrl Pts',(-6.27758504053532,0.630185514225548,
1.48740843109801));
#11285=CARTESIAN_POINT('Ctrl Pts',(-6.27280010848032,0.633590840966855,
1.49010469071193));
#11286=CARTESIAN_POINT('Ctrl Pts',(-6.26275290550641,0.643869981715184,
1.49558574024043));
#11287=CARTESIAN_POINT('Ctrl Pts',(-6.25824933047451,0.65129173295843,1.49787859407843));
#11288=CARTESIAN_POINT('Ctrl Pts',(-6.24765628870307,0.674142173867959,
1.5029069452854));
#11289=CARTESIAN_POINT('Ctrl Pts',(-6.24347927942333,0.692063015056949,
1.50428317690523));
#11290=CARTESIAN_POINT('Ctrl Pts',(-6.23138602015112,0.766170354448869,
1.50655787840169));
#11291=CARTESIAN_POINT('Ctrl Pts',(-6.23543365119956,0.838075507119876,
1.49828306730402));
#11292=CARTESIAN_POINT('Ctrl Pts',(-6.25181252706212,1.03679017646785,1.47132625817975));
#11293=CARTESIAN_POINT('Ctrl Pts',(-6.29354488660622,1.24881547046721,1.42323530594681));
#11294=CARTESIAN_POINT('Ctrl Pts',(-6.54126213382717,2.02655516438168,1.21298528040995));
#11295=CARTESIAN_POINT('Ctrl Pts',(-6.81030272311236,2.52513665766199,1.05428362900597));
#11296=CARTESIAN_POINT('Ctrl Pts',(-7.11185334027154,3.14025602236203,1.01099011808568));
#11297=CARTESIAN_POINT('Origin',(-5.7099179419934,1.84305102905534,1.3));
#11298=CARTESIAN_POINT('',(-6.05676474906328,4.87393748359752,1.01099011808568));
#11299=CARTESIAN_POINT('Ctrl Pts',(-6.05676474906328,4.87393748359752,1.01099011808568));
#11300=CARTESIAN_POINT('Ctrl Pts',(-6.11265477623778,5.15840321867482,0.99266908680267));
#11301=CARTESIAN_POINT('Ctrl Pts',(-6.16019878112839,5.4094288724362,0.998045075258524));
#11302=CARTESIAN_POINT('Ctrl Pts',(-6.25154662325051,5.79228830787886,1.02979058508689));
#11303=CARTESIAN_POINT('Ctrl Pts',(-6.29267722485609,5.92881935889754,1.05131556576552));
#11304=CARTESIAN_POINT('Ctrl Pts',(-6.35741632054095,6.07715862474908,1.08311658965152));
#11305=CARTESIAN_POINT('Ctrl Pts',(-6.38225012317531,6.12559280772467,1.09524275898885));
#11306=CARTESIAN_POINT('Ctrl Pts',(-6.42516520623839,6.18231181747485,1.11352968190677));
#11307=CARTESIAN_POINT('Ctrl Pts',(-6.44109778583209,6.19990734181259,1.11996485407639));
#11308=CARTESIAN_POINT('Ctrl Pts',(-6.46918643921829,6.22120888316455,1.12987131445137));
#11309=CARTESIAN_POINT('Ctrl Pts',(-6.48059004043148,6.22794029528491,1.1336060435299));
#11310=CARTESIAN_POINT('Ctrl Pts',(-6.50184131912175,6.23554861707707,1.1396959376325));
#11311=CARTESIAN_POINT('Ctrl Pts',(-6.51127451368732,6.23743145041352,1.14213415821382));
#11312=CARTESIAN_POINT('Ctrl Pts',(-6.53139514065279,6.23766932889654,1.14660089833736));
#11313=CARTESIAN_POINT('Ctrl Pts',(-6.54154025097556,6.23569065654466,1.14844344433039));
#11314=CARTESIAN_POINT('Ctrl Pts',(-6.55964984543854,6.22847953465845,1.15096977115786));
#11315=CARTESIAN_POINT('Ctrl Pts',(-6.56737393383077,6.22388694470729,1.15173304167522));
#11316=CARTESIAN_POINT('Ctrl Pts',(-6.58340789858069,6.21168908930297,1.15275409093192));
#11317=CARTESIAN_POINT('Ctrl Pts',(-6.59134564272082,6.2036239759545,1.15283152506091));
#11318=CARTESIAN_POINT('Ctrl Pts',(-6.61175173354573,6.17878475939817,1.1521663336354));
#11319=CARTESIAN_POINT('Ctrl Pts',(-6.62260062602827,6.15978037333081,1.15059480194911));
#11320=CARTESIAN_POINT('Ctrl Pts',(-6.65651499901648,6.08694485802081,1.14300051461311));
#11321=CARTESIAN_POINT('Ctrl Pts',(-6.6754526964268,6.01042290517635,1.13135154848747));
#11322=CARTESIAN_POINT('Ctrl Pts',(-6.7001208950816,5.73371666772179,1.08685891479775));
#11323=CARTESIAN_POINT('Ctrl Pts',(-6.68172037030769,5.50853876155929,1.04822963875935));
#11324=CARTESIAN_POINT('Ctrl Pts',(-6.59014461903428,4.97591808061076,1.00054459279701));
#11325=CARTESIAN_POINT('Ctrl Pts',(-6.52809471699136,4.70137617107164,0.991288044591517));
#11326=CARTESIAN_POINT('Ctrl Pts',(-6.33675126039784,3.77739686847212,1.04081069027164));
#11327=CARTESIAN_POINT('Ctrl Pts',(-6.24416878310019,3.20912556216182,1.1528669374343));
#11328=CARTESIAN_POINT('Ctrl Pts',(-6.11109529578705,2.63516833523158,1.30212978207891));
#11329=CARTESIAN_POINT('Ctrl Pts',(-6.07055395691699,2.49313529853638,1.34699515092982));
#11330=CARTESIAN_POINT('Ctrl Pts',(-6.01640241397059,2.35714319878723,1.39992103641389));
#11331=CARTESIAN_POINT('Ctrl Pts',(-5.99760689600464,2.31554287919917,1.41763844229512));
#11332=CARTESIAN_POINT('Ctrl Pts',(-5.96800865172039,2.2710939079885,1.44229806420083));
#11333=CARTESIAN_POINT('Ctrl Pts',(-5.9578160927366,2.25803856423908,1.45044126709478));
#11334=CARTESIAN_POINT('Ctrl Pts',(-5.94061940541425,2.24313882959529,1.46294123798284));
#11335=CARTESIAN_POINT('Ctrl Pts',(-5.9339285545222,2.23857162119506,1.46759011250162));
#11336=CARTESIAN_POINT('Ctrl Pts',(-5.92166585571425,2.23364425391773,1.47546654991621));
#11337=CARTESIAN_POINT('Ctrl Pts',(-5.91631986299814,2.2324601619756,1.47871961178492));
#11338=CARTESIAN_POINT('Ctrl Pts',(-5.90518529877995,2.2325057020744,1.48499868816017));
#11339=CARTESIAN_POINT('Ctrl Pts',(-5.89971641454969,2.2337853106084,1.4878335354907));
#11340=CARTESIAN_POINT('Ctrl Pts',(-5.88760295358029,2.23934472068836,1.4935434961819));
#11341=CARTESIAN_POINT('Ctrl Pts',(-5.88149950538615,2.24415670015312,1.49599885137053));
#11342=CARTESIAN_POINT('Ctrl Pts',(-5.86589641681715,2.2601722352067,1.50145087063206));
#11343=CARTESIAN_POINT('Ctrl Pts',(-5.85748543438487,2.27390090946123,1.5032531901474));
#11344=CARTESIAN_POINT('Ctrl Pts',(-5.82771231427924,2.33226727210744,1.50727967921906));
#11345=CARTESIAN_POINT('Ctrl Pts',(-5.81276547124417,2.39438268372298,1.50131149079099));
#11346=CARTESIAN_POINT('Ctrl Pts',(-5.77506469134113,2.57640370942132,1.47937258989466));
#11347=CARTESIAN_POINT('Ctrl Pts',(-5.75736815278077,2.78375454838201,1.43555785502861));
#11348=CARTESIAN_POINT('Ctrl Pts',(-5.78460340031934,3.6056403810467,1.2262844835617));
#11349=CARTESIAN_POINT('Ctrl Pts',(-5.9187228592993,4.17134008602303,1.0562409420446));
#11350=CARTESIAN_POINT('Ctrl Pts',(-6.05676474906328,4.87393748359752,1.01099011808568));
#11351=CARTESIAN_POINT('Origin',(-5.03834049874743,3.25808609749368,1.3));
#11352=CARTESIAN_POINT('',(-4.58891764948336,6.27546815988837,1.01099011808568));
#11353=CARTESIAN_POINT('Ctrl Pts',(-4.58891764948336,6.27546815988837,1.01099011808568));
#11354=CARTESIAN_POINT('Ctrl Pts',(-4.55971173345109,6.70559388172461,0.983744938488337));
#11355=CARTESIAN_POINT('Ctrl Pts',(-4.53135630588011,7.06558328841576,1.00900315591321));
#11356=CARTESIAN_POINT('Ctrl Pts',(-4.55249920553631,7.42753367286564,1.06437548505347));
#11357=CARTESIAN_POINT('Ctrl Pts',(-4.56424358284255,7.50467861280377,1.08037726248896));
#11358=CARTESIAN_POINT('Ctrl Pts',(-4.58925774178255,7.59407521466242,1.10214372684747));
#11359=CARTESIAN_POINT('Ctrl Pts',(-4.6008184472772,7.62566862848137,1.11069113071062));
#11360=CARTESIAN_POINT('Ctrl Pts',(-4.62460060663858,7.66616736311239,1.12357850819285));
#11361=CARTESIAN_POINT('Ctrl Pts',(-4.63452616970162,7.67962323049803,1.12829012686998));
#11362=CARTESIAN_POINT('Ctrl Pts',(-4.65406102845998,7.69777022901209,1.13573963132313));
#11363=CARTESIAN_POINT('Ctrl Pts',(-4.66280352967632,7.70394755615009,1.13864602603546));
#11364=CARTESIAN_POINT('Ctrl Pts',(-4.68078088783183,7.71220121211349,1.14356537410282));
#11365=CARTESIAN_POINT('Ctrl Pts',(-4.68954921325435,7.71455902354419,1.14556709290161));
#11366=CARTESIAN_POINT('Ctrl Pts',(-4.70792250429775,7.71615150073817,1.1489192523456));
#11367=CARTESIAN_POINT('Ctrl Pts',(-4.71707432020917,7.71527002432555,1.15016694492819));
#11368=CARTESIAN_POINT('Ctrl Pts',(-4.7345429925371,7.71101929690833,1.15187970078252));
#11369=CARTESIAN_POINT('Ctrl Pts',(-4.74267818694653,7.70780072569958,1.15235513872654));
#11370=CARTESIAN_POINT('Ctrl Pts',(-4.76091342358165,7.69851552681179,1.15287699808102));
#11371=CARTESIAN_POINT('Ctrl Pts',(-4.77072245546701,7.69175316278981,1.15269393010085));
#11372=CARTESIAN_POINT('Ctrl Pts',(-4.79907979208993,7.66866661059882,1.1512475820533));
#11373=CARTESIAN_POINT('Ctrl Pts',(-4.81613149286027,7.64902736232232,1.1488902196894));
#11374=CARTESIAN_POINT('Ctrl Pts',(-4.88359648793059,7.55780713701458,1.13635190970713));
#11375=CARTESIAN_POINT('Ctrl Pts',(-4.93440574088578,7.44222092469326,1.11486043421518));
#11376=CARTESIAN_POINT('Ctrl Pts',(-5.08143627647261,6.8529949793223,1.01989325824545));
#11377=CARTESIAN_POINT('Ctrl Pts',(-5.07657072037509,6.27353048333172,0.946363644631221));
#11378=CARTESIAN_POINT('Ctrl Pts',(-5.17693986463491,4.90865277527541,1.11259324053043));
#11379=CARTESIAN_POINT('Ctrl Pts',(-5.21915696736099,4.44528348050548,1.21342859825707));
#11380=CARTESIAN_POINT('Ctrl Pts',(-5.21752982578002,4.02149998079126,1.33520153475283));
#11381=CARTESIAN_POINT('Ctrl Pts',(-5.2137112938382,3.90886395012454,1.37056339238157));
#11382=CARTESIAN_POINT('Ctrl Pts',(-5.19356353256301,3.79345779861684,1.41644449110505));
#11383=CARTESIAN_POINT('Ctrl Pts',(-5.18614497238734,3.76142962214772,1.4302551111426));
#11384=CARTESIAN_POINT('Ctrl Pts',(-5.17050194685957,3.72444806514432,1.44994763131576));
#11385=CARTESIAN_POINT('Ctrl Pts',(-5.16441595940791,3.71299636437016,1.45670113271703));
#11386=CARTESIAN_POINT('Ctrl Pts',(-5.15254624007515,3.69860483752854,1.46732748197791));
#11387=CARTESIAN_POINT('Ctrl Pts',(-5.14747815868289,3.69388506030075,1.47140734349301));
#11388=CARTESIAN_POINT('Ctrl Pts',(-5.13717252147802,3.68782710534082,1.47853415996062));
#11389=CARTESIAN_POINT('Ctrl Pts',(-5.13227464122299,3.6860462641823,1.48155792221383));
#11390=CARTESIAN_POINT('Ctrl Pts',(-5.12120566661394,3.6845510397284,1.48753106253372));
#11391=CARTESIAN_POINT('Ctrl Pts',(-5.11534361521766,3.68514691200193,1.49022140425065));
#11392=CARTESIAN_POINT('Ctrl Pts',(-5.10147653904876,3.68911362713731,1.49568442746227));
#11393=CARTESIAN_POINT('Ctrl Pts',(-5.09385200383593,3.69333948504454,1.49796587804346));
#11394=CARTESIAN_POINT('Ctrl Pts',(-5.0732982720877,3.70790608398351,1.50294431460417));
#11395=CARTESIAN_POINT('Ctrl Pts',(-5.06076782559879,3.7213202381123,1.50430240279994));
#11396=CARTESIAN_POINT('Ctrl Pts',(-5.01374429808001,3.77894288692534,1.50651174861565));
#11397=CARTESIAN_POINT('Ctrl Pts',(-4.98171145952929,3.84215589077641,1.49844876505629));
#11398=CARTESIAN_POINT('Ctrl Pts',(-4.89727938142678,4.02027237531965,1.47197668979819));
#11399=CARTESIAN_POINT('Ctrl Pts',(-4.82797112093694,4.22202998219524,1.42478988104739));
#11400=CARTESIAN_POINT('Ctrl Pts',(-4.65192421362754,5.01826659068796,1.21513035474828));
#11401=CARTESIAN_POINT('Ctrl Pts',(-4.63563921576565,5.58738334172035,1.05457503639553));
#11402=CARTESIAN_POINT('Ctrl Pts',(-4.58891764948336,6.27546815988837,1.01099011808568));
#11403=CARTESIAN_POINT('Origin',(-4.02340847676317,4.45108798262967,1.3));
#11404=CARTESIAN_POINT('',(-2.80834339563612,7.2493360517843,1.01099011808568));
#11405=CARTESIAN_POINT('Ctrl Pts',(-2.80834339563612,7.2493360517843,1.01099011808568));
#11406=CARTESIAN_POINT('Ctrl Pts',(-2.65907729083643,7.68569254028,0.981844972239057));
#11407=CARTESIAN_POINT('Ctrl Pts',(-2.53185025390435,8.04435906012955,1.01282175497184));
#11408=CARTESIAN_POINT('Ctrl Pts',(-2.4755626127562,8.36103345975394,1.0668589303428));
#11409=CARTESIAN_POINT('Ctrl Pts',(-2.46435488094744,8.44071751997188,1.08232473452009));
#11410=CARTESIAN_POINT('Ctrl Pts',(-2.46891791308265,8.53931901228123,1.10626601183199));
#11411=CARTESIAN_POINT('Ctrl Pts',(-2.4728400731889,8.5689599733866,1.11406737816951));
#11412=CARTESIAN_POINT('Ctrl Pts',(-2.48576004036741,8.60933840075852,1.12582324167637));
#11413=CARTESIAN_POINT('Ctrl Pts',(-2.49207387377661,8.62338527841746,1.13017791017476));
#11414=CARTESIAN_POINT('Ctrl Pts',(-2.50629673184513,8.64395335196516,1.13710933581016));
#11415=CARTESIAN_POINT('Ctrl Pts',(-2.51325597403545,8.6514622682638,1.13983476408519));
#11416=CARTESIAN_POINT('Ctrl Pts',(-2.5298743435404,8.66395408233978,1.14485152636362));
#11417=CARTESIAN_POINT('Ctrl Pts',(-2.53931039405549,8.66837868644189,1.14696628647281));
#11418=CARTESIAN_POINT('Ctrl Pts',(-2.55802489451671,8.67308600925539,1.1499889062145));
#11419=CARTESIAN_POINT('Ctrl Pts',(-2.5666892107033,8.67375297329901,1.15095288232144));
#11420=CARTESIAN_POINT('Ctrl Pts',(-2.58423935306,8.67301041358017,1.15228890651693));
#11421=CARTESIAN_POINT('Ctrl Pts',(-2.59298681139375,8.67146398059955,1.1526089509372));
#11422=CARTESIAN_POINT('Ctrl Pts',(-2.6140241739927,8.6658965778674,1.15283237935224));
#11423=CARTESIAN_POINT('Ctrl Pts',(-2.62608852445762,8.66088337323414,1.15242316763155));
#11424=CARTESIAN_POINT('Ctrl Pts',(-2.66520327899229,8.64111339577543,1.15007902059894));
#11425=CARTESIAN_POINT('Ctrl Pts',(-2.69100004250513,8.62116327346885,1.14654525937823));
#11426=CARTESIAN_POINT('Ctrl Pts',(-2.79093030645984,8.53132196091216,1.12973749886108));
#11427=CARTESIAN_POINT('Ctrl Pts',(-2.87639466981668,8.41208395046103,1.10366835815253));
#11428=CARTESIAN_POINT('Ctrl Pts',(-3.16602887600344,7.83732957713653,1.00785169438977));
#11429=CARTESIAN_POINT('Ctrl Pts',(-3.31600082234198,7.26480270783118,0.950342103242305));
#11430=CARTESIAN_POINT('Ctrl Pts',(-3.75679985666081,6.00793045236813,1.128411686387));
#11431=CARTESIAN_POINT('Ctrl Pts',(-3.90420983660132,5.60041404605161,1.22537486954746));
#11432=CARTESIAN_POINT('Ctrl Pts',(-4.00287513706357,5.21755668669645,1.3407542052148));
#11433=CARTESIAN_POINT('Ctrl Pts',(-4.0260636837826,5.11351599910178,1.37479505870067));
#11434=CARTESIAN_POINT('Ctrl Pts',(-4.03497834980786,5.00316352924871,1.41862701091331));
#11435=CARTESIAN_POINT('Ctrl Pts',(-4.03565989092499,4.97174779322128,1.43200902113975));
#11436=CARTESIAN_POINT('Ctrl Pts',(-4.02992675474483,4.93372673943537,1.451021780484));
#11437=CARTESIAN_POINT('Ctrl Pts',(-4.02690311859412,4.92156454118218,1.45761233525373));
#11438=CARTESIAN_POINT('Ctrl Pts',(-4.01915426146539,4.9051987222145,1.46797380605582));
#11439=CARTESIAN_POINT('Ctrl Pts',(-4.01543624806742,4.89953196902348,1.4719805612854));
#11440=CARTESIAN_POINT('Ctrl Pts',(-4.00702509751286,4.8912695283772,1.47900205517962));
#11441=CARTESIAN_POINT('Ctrl Pts',(-4.00270627322669,4.88840429474655,1.48198941118928));
#11442=CARTESIAN_POINT('Ctrl Pts',(-3.99227610503214,4.88425730965182,1.48793719569263));
#11443=CARTESIAN_POINT('Ctrl Pts',(-3.98636530275021,4.88345122133522,1.49060139057521));
#11444=CARTESIAN_POINT('Ctrl Pts',(-3.97175446145875,4.8839333921906,1.4960255189374));
#11445=CARTESIAN_POINT('Ctrl Pts',(-3.96323009165301,4.88621727322087,1.49824884238706));
#11446=CARTESIAN_POINT('Ctrl Pts',(-3.93958296734754,4.89525047510637,1.50309953396204));
#11447=CARTESIAN_POINT('Ctrl Pts',(-3.924208061839,4.90499194356591,1.50436324194462));
#11448=CARTESIAN_POINT('Ctrl Pts',(-3.86526208804424,4.94770820559552,1.50640447051279));
#11449=CARTESIAN_POINT('Ctrl Pts',(-3.82024856710773,4.99769507195648,1.4988546195893));
#11450=CARTESIAN_POINT('Ctrl Pts',(-3.69543981175154,5.14335401446889,1.47362870820769));
#11451=CARTESIAN_POINT('Ctrl Pts',(-3.5797961530939,5.31440500658695,1.42847751143942));
#11452=CARTESIAN_POINT('Ctrl Pts',(-3.19745196838342,6.03708595591082,1.21961598921654));
#11453=CARTESIAN_POINT('Ctrl Pts',(-3.03275984287362,6.59328910121471,1.05480884098929));
#11454=CARTESIAN_POINT('Ctrl Pts',(-2.80834339563612,7.2493360517843,1.01099011808568));
#11455=CARTESIAN_POINT('Origin',(-2.73428781608439,5.34075557752014,1.3));
#11456=CARTESIAN_POINT('',(-0.836385180383183,7.72917367184538,1.01099011808568));
#11457=CARTESIAN_POINT('Ctrl Pts',(-0.836385180383183,7.72917367184538,
1.01099011808568));
#11458=CARTESIAN_POINT('Ctrl Pts',(-0.573951528271741,8.11994488075659,
0.981242351517555));
#11459=CARTESIAN_POINT('Ctrl Pts',(-0.354827599687278,8.438350762754,1.01414587866919));
#11460=CARTESIAN_POINT('Ctrl Pts',(-0.222043311267808,8.72931207370419,
1.06942151966838));
#11461=CARTESIAN_POINT('Ctrl Pts',(-0.192995686295619,8.79991088098327,
1.08443038904924));
#11462=CARTESIAN_POINT('Ctrl Pts',(-0.173958734952266,8.89230624206645,
1.10755675050476));
#11463=CARTESIAN_POINT('Ctrl Pts',(-0.170606995755483,8.92086268695941,
1.11511462333534));
#11464=CARTESIAN_POINT('Ctrl Pts',(-0.173150020146258,8.96180912906379,
1.12652467561317));
#11465=CARTESIAN_POINT('Ctrl Pts',(-0.175766374367642,8.97654880355702,
1.13075911772372));
#11466=CARTESIAN_POINT('Ctrl Pts',(-0.184336939468117,8.99944744055905,
1.13751417222703));
#11467=CARTESIAN_POINT('Ctrl Pts',(-0.189164255427504,9.00826497359056,
1.14017322160849));
#11468=CARTESIAN_POINT('Ctrl Pts',(-0.201127511812524,9.02310408104355,
1.14472878826902));
#11469=CARTESIAN_POINT('Ctrl Pts',(-0.207880534389915,9.02897639936265,
1.14657277573724));
#11470=CARTESIAN_POINT('Ctrl Pts',(-0.223132882688674,9.03831755670029,
1.14956095874271));
#11471=CARTESIAN_POINT('Ctrl Pts',(-0.231299194057633,9.04153242031898,
1.15062468793109));
#11472=CARTESIAN_POINT('Ctrl Pts',(-0.24743918821727,9.04564107053644,1.15203790260389));
#11473=CARTESIAN_POINT('Ctrl Pts',(-0.255247199954107,9.04663752910786,
1.1524178712472));
#11474=CARTESIAN_POINT('Ctrl Pts',(-0.273019502039788,9.04745249959943,
1.15283441544335));
#11475=CARTESIAN_POINT('Ctrl Pts',(-0.282999273794754,9.04677440707063,
1.15271826702351));
#11476=CARTESIAN_POINT('Ctrl Pts',(-0.311872335871723,9.04279551133899,
1.15176623981103));
#11477=CARTESIAN_POINT('Ctrl Pts',(-0.330754910076442,9.03730973814267,
1.15026491748187));
#11478=CARTESIAN_POINT('Ctrl Pts',(-0.404682876218307,9.01002393234227,
1.14273188400948));
#11479=CARTESIAN_POINT('Ctrl Pts',(-0.471734746574013,8.96888005374271,
1.13102061714789));
#11480=CARTESIAN_POINT('Ctrl Pts',(-0.67317258815607,8.80080980275586,1.08901872682779));
#11481=CARTESIAN_POINT('Ctrl Pts',(-0.808096796709765,8.64469210491943,
1.05420228339605));
#11482=CARTESIAN_POINT('Ctrl Pts',(-1.24685488484733,8.03824202136795,0.980055610411035));
#11483=CARTESIAN_POINT('Ctrl Pts',(-1.61657922000503,7.44715780534523,0.992081096850394));
#11484=CARTESIAN_POINT('Ctrl Pts',(-2.24956805328177,6.5184932227245,1.19831387070995));
#11485=CARTESIAN_POINT('Ctrl Pts',(-2.41645798256711,6.26325102481854,1.27490103642402));
#11486=CARTESIAN_POINT('Ctrl Pts',(-2.54828653798905,6.01151710042264,1.36431373555551));
#11487=CARTESIAN_POINT('Ctrl Pts',(-2.58296626860457,5.93874984791353,1.39187112146409));
#11488=CARTESIAN_POINT('Ctrl Pts',(-2.60826756146124,5.856200886408,1.42795998072163));
#11489=CARTESIAN_POINT('Ctrl Pts',(-2.6140507291139,5.83169892636326,1.4392579246465));
#11490=CARTESIAN_POINT('Ctrl Pts',(-2.61571796819651,5.79988251903308,1.45565280871253));
#11491=CARTESIAN_POINT('Ctrl Pts',(-2.61517837093976,5.78923560173408,1.46146125373038));
#11492=CARTESIAN_POINT('Ctrl Pts',(-2.61114709195483,5.77377324831561,1.47078728631308));
#11493=CARTESIAN_POINT('Ctrl Pts',(-2.60872443602312,5.76810604991218,1.47446387621805));
#11494=CARTESIAN_POINT('Ctrl Pts',(-2.60222530176959,5.75897035778814,1.48107261742016));
#11495=CARTESIAN_POINT('Ctrl Pts',(-2.59848272452575,5.75547526543334,1.48393067033138));
#11496=CARTESIAN_POINT('Ctrl Pts',(-2.58864802710107,5.74944412087918,1.48972612852433));
#11497=CARTESIAN_POINT('Ctrl Pts',(-2.58258942245507,5.74753695986585,1.49231182204388));
#11498=CARTESIAN_POINT('Ctrl Pts',(-2.5673088699559,5.74521950462579,1.49744555082386));
#11499=CARTESIAN_POINT('Ctrl Pts',(-2.55796029321408,5.74577779201574,1.49948523282219));
#11500=CARTESIAN_POINT('Ctrl Pts',(-2.53244221498607,5.74967142883289,1.5036849835863));
#11501=CARTESIAN_POINT('Ctrl Pts',(-2.51531652811283,5.75544088606498,1.50468192504522));
#11502=CARTESIAN_POINT('Ctrl Pts',(-2.451554352133,5.78111910699649,1.50581878231037));
#11503=CARTESIAN_POINT('Ctrl Pts',(-2.40149320059175,5.8131979623276,1.49937325087236));
#11504=CARTESIAN_POINT('Ctrl Pts',(-2.25976440470553,5.90865450471498,1.47782963063799));
#11505=CARTESIAN_POINT('Ctrl Pts',(-2.12096537512885,6.0260108151313,1.44001979837066));
#11506=CARTESIAN_POINT('Ctrl Pts',(-1.56028993097294,6.60549837509046,1.23881903873307));
#11507=CARTESIAN_POINT('Ctrl Pts',(-1.24490546695604,7.12087528875144,1.05729731240142));
#11508=CARTESIAN_POINT('Ctrl Pts',(-0.836385180383183,7.72917367184538,
1.01099011808568));
#11509=CARTESIAN_POINT('Origin',(-1.25882995936372,5.86645950581851,1.3));
#11510=CARTESIAN_POINT('',(1.19257130272101,7.68228087923364,1.01099011808568));
#11511=CARTESIAN_POINT('Ctrl Pts',(1.19257130272101,7.68228087923364,1.01099011808568));
#11512=CARTESIAN_POINT('Ctrl Pts',(1.52252878666997,7.97027865574703,0.983312016664631));
#11513=CARTESIAN_POINT('Ctrl Pts',(1.80060258425966,8.20768064551244,1.00982574562398));
#11514=CARTESIAN_POINT('Ctrl Pts',(2.03845678844693,8.47826574024904,1.06610440311878));
#11515=CARTESIAN_POINT('Ctrl Pts',(2.08282871059796,8.53951052371868,1.0818042671417));
#11516=CARTESIAN_POINT('Ctrl Pts',(2.12639951793519,8.61844917798827,1.10312403361468));
#11517=CARTESIAN_POINT('Ctrl Pts',(2.13990974608202,8.64825241196492,1.11148842971299));
#11518=CARTESIAN_POINT('Ctrl Pts',(2.15102460697409,8.6927400996871,1.12410581429312));
#11519=CARTESIAN_POINT('Ctrl Pts',(2.15330197000181,8.70894608757232,1.12872191209075));
#11520=CARTESIAN_POINT('Ctrl Pts',(2.15207724297429,8.73510434575563,1.13602706990456));
#11521=CARTESIAN_POINT('Ctrl Pts',(2.15018822305418,8.74546887575006,1.13887767904873));
#11522=CARTESIAN_POINT('Ctrl Pts',(2.14269296782894,8.765167336474,1.14409200416456));
#11523=CARTESIAN_POINT('Ctrl Pts',(2.13713584402954,8.77404081911587,1.14632515044735));
#11524=CARTESIAN_POINT('Ctrl Pts',(2.12371789644149,8.78810912346213,1.14956229144743));
#11525=CARTESIAN_POINT('Ctrl Pts',(2.11668420837108,8.79333801207279,1.15063044512827));
#11526=CARTESIAN_POINT('Ctrl Pts',(2.1021558077173,8.80145956948403,1.15203625467862));
#11527=CARTESIAN_POINT('Ctrl Pts',(2.09487681152125,8.80445583727619,1.1524204311624));
#11528=CARTESIAN_POINT('Ctrl Pts',(2.07794522171615,8.80981830837951,1.15283132758782));
#11529=CARTESIAN_POINT('Ctrl Pts',(2.06812070209098,8.81176582866943,1.15272036602078));
#11530=CARTESIAN_POINT('Ctrl Pts',(2.03927893114047,8.81536431500121,1.1517645251335));
#11531=CARTESIAN_POINT('Ctrl Pts',(2.01955669481644,8.81499307683888,1.15027046807846));
#11532=CARTESIAN_POINT('Ctrl Pts',(1.94127072280156,8.80772327298609,1.14273719119448));
#11533=CARTESIAN_POINT('Ctrl Pts',(1.86574932297787,8.78557969672874,1.13105607984939));
#11534=CARTESIAN_POINT('Ctrl Pts',(1.62755253990309,8.67485705808437,1.08898111588645));
#11535=CARTESIAN_POINT('Ctrl Pts',(1.45722765220635,8.55978542397738,1.05412850868535));
#11536=CARTESIAN_POINT('Ctrl Pts',(0.877648878933428,8.08794926914867,0.980493582189082));
#11537=CARTESIAN_POINT('Ctrl Pts',(0.369058753493048,7.61456584215894,0.99096479247542));
#11538=CARTESIAN_POINT('Ctrl Pts',(-0.484307830132782,6.87985487158679,
1.19811569755368));
#11539=CARTESIAN_POINT('Ctrl Pts',(-0.712255253730943,6.6762644348909,1.27444071075791));
#11540=CARTESIAN_POINT('Ctrl Pts',(-0.905361616497522,6.46640380404643,
1.36424695713637));
#11541=CARTESIAN_POINT('Ctrl Pts',(-0.957685871226475,6.40530426075525,
1.39167109581829));
#11542=CARTESIAN_POINT('Ctrl Pts',(-1.00362690252348,6.33181400082643,1.42791862678457));
#11543=CARTESIAN_POINT('Ctrl Pts',(-1.01559243337766,6.30970012670671,1.43917704547908));
#11544=CARTESIAN_POINT('Ctrl Pts',(-1.02544474484111,6.27930725100134,1.45562503124283));
#11545=CARTESIAN_POINT('Ctrl Pts',(-1.02771159701621,6.26889660669289,1.46142144199688));
#11546=CARTESIAN_POINT('Ctrl Pts',(-1.02780646859482,6.25288971171431,1.47076551787838));
#11547=CARTESIAN_POINT('Ctrl Pts',(-1.0269580273368,6.24678601136808,1.47444063539387));
#11548=CARTESIAN_POINT('Ctrl Pts',(-1.02303295749526,6.23627809101704,1.48105157073524));
#11549=CARTESIAN_POINT('Ctrl Pts',(-1.02034240471121,6.23192042744818,1.48391508967397));
#11550=CARTESIAN_POINT('Ctrl Pts',(-1.0124030277388,6.22356521478085,1.48970126366633));
#11551=CARTESIAN_POINT('Ctrl Pts',(-1.00705824886369,6.22012935192128,1.492300800487));
#11552=CARTESIAN_POINT('Ctrl Pts',(-0.992916099866058,6.21395827259655,
1.4974193234567));
#11553=CARTESIAN_POINT('Ctrl Pts',(-0.983743269221825,6.21204588358468,
1.49947835550326));
#11554=CARTESIAN_POINT('Ctrl Pts',(-0.958183482884785,6.20922664250125,
1.50365384824512));
#11555=CARTESIAN_POINT('Ctrl Pts',(-0.940136019273952,6.21031920078568,
1.50468213909293));
#11556=CARTESIAN_POINT('Ctrl Pts',(-0.872403215194903,6.21857525505423,
1.50579968465328));
#11557=CARTESIAN_POINT('Ctrl Pts',(-0.81555351853262,6.23651265208693,1.49943472010337));
#11558=CARTESIAN_POINT('Ctrl Pts',(-0.655272124248017,6.29158422373895,
1.47806436080184));
#11559=CARTESIAN_POINT('Ctrl Pts',(-0.491812313681205,6.36798869238772,
1.44081557504602));
#11560=CARTESIAN_POINT('Ctrl Pts',(0.19528810884481,6.77987527218069,1.2409402434466));
#11561=CARTESIAN_POINT('Ctrl Pts',(0.632620990328788,7.19353777513152,1.05796090156862));
#11562=CARTESIAN_POINT('Ctrl Pts',(1.19257130272101,7.68228087923364,1.01099011808568));
#11563=CARTESIAN_POINT('Origin',(0.302415078772712,5.99237391357807,1.3));
#11564=CARTESIAN_POINT('',(3.14025602236202,7.11185334027154,1.01099011808568));
#11565=CARTESIAN_POINT('Ctrl Pts',(3.14025602236202,7.11185334027154,1.01099011808568));
#11566=CARTESIAN_POINT('Ctrl Pts',(3.51518859567958,7.29565693249322,0.984601504120959));
#11567=CARTESIAN_POINT('Ctrl Pts',(3.83285686078901,7.44726936917044,1.00745803831202));
#11568=CARTESIAN_POINT('Ctrl Pts',(4.14170365684,7.64555633573793,1.06096981322166));
#11569=CARTESIAN_POINT('Ctrl Pts',(4.2074083539136,7.69661595073464,1.07761747533744));
#11570=CARTESIAN_POINT('Ctrl Pts',(4.27721601119722,7.76592014093267,1.10032108336474));
#11571=CARTESIAN_POINT('Ctrl Pts',(4.30036601301458,7.79270956308936,1.10921327284531));
#11572=CARTESIAN_POINT('Ctrl Pts',(4.32529039484879,7.83494046720987,1.12259837485617));
#11573=CARTESIAN_POINT('Ctrl Pts',(4.33252106877625,7.8506947224496,1.12747192862661));
#11574=CARTESIAN_POINT('Ctrl Pts',(4.33913658017986,7.8772961243717,1.13515003405428));
#11575=CARTESIAN_POINT('Ctrl Pts',(4.3403584770734,7.88815072302478,1.13813517615376));
#11576=CARTESIAN_POINT('Ctrl Pts',(4.33889950023718,7.90808847005754,1.14316494970619));
#11577=CARTESIAN_POINT('Ctrl Pts',(4.33675016799002,7.91692729675114,1.14520945313501));
#11578=CARTESIAN_POINT('Ctrl Pts',(4.32924790294482,7.93392811455241,1.14868089635489));
#11579=CARTESIAN_POINT('Ctrl Pts',(4.3239763826953,7.9416079756798,1.14999054440732));
#11580=CARTESIAN_POINT('Ctrl Pts',(4.31163977031994,7.95488741347667,1.15178912457451));
#11581=CARTESIAN_POINT('Ctrl Pts',(4.30483692643382,7.96040920677529,1.15229546316108));
#11582=CARTESIAN_POINT('Ctrl Pts',(4.28786398085054,7.97166982687184,1.1528745785745));
#11583=CARTESIAN_POINT('Ctrl Pts',(4.27725093158757,7.97682477195803,1.15272427850958));
#11584=CARTESIAN_POINT('Ctrl Pts',(4.24389350853598,7.98982610134272,1.15139200196592));
#11585=CARTESIAN_POINT('Ctrl Pts',(4.21911270497383,7.99485433959216,1.14916306709035));
#11586=CARTESIAN_POINT('Ctrl Pts',(4.11283288809116,8.00786053655201,1.13756444778775));
#11587=CARTESIAN_POINT('Ctrl Pts',(3.99675589592191,7.99676479356154,1.11814196491403));
#11588=CARTESIAN_POINT('Ctrl Pts',(3.42771646799448,7.84435830038831,1.02480744992433));
#11589=CARTESIAN_POINT('Ctrl Pts',(2.92853204653441,7.55044515841248,0.945822393379443));
#11590=CARTESIAN_POINT('Ctrl Pts',(1.68567914856796,6.94837584994872,1.10731819373455));
#11591=CARTESIAN_POINT('Ctrl Pts',(1.25330946767289,6.74945399612001,1.20969821511372));
#11592=CARTESIAN_POINT('Ctrl Pts',(0.878971851516494,6.5323932633355,1.33336012989533));
#11593=CARTESIAN_POINT('Ctrl Pts',(0.781359384724135,6.47184302604322,1.36922963706447));
#11594=CARTESIAN_POINT('Ctrl Pts',(0.689710212210361,6.39564927174752,1.41573091657357));
#11595=CARTESIAN_POINT('Ctrl Pts',(0.665235996118418,6.3729435922743,1.42970373331973));
#11596=CARTESIAN_POINT('Ctrl Pts',(0.640583030484686,6.34057464634976,1.44960101706915));
#11597=CARTESIAN_POINT('Ctrl Pts',(0.633579556142083,6.32948201136839,1.45641465885861));
#11598=CARTESIAN_POINT('Ctrl Pts',(0.626904028098792,6.31187862233007,1.46712149845099));
#11599=CARTESIAN_POINT('Ctrl Pts',(0.625301022751137,6.30508948835135,1.47122691564752));
#11600=CARTESIAN_POINT('Ctrl Pts',(0.625137713189918,6.29308370843199,1.47838729927784));
#11601=CARTESIAN_POINT('Ctrl Pts',(0.626012730640922,6.28793581065553,1.48142184116556));
#11602=CARTESIAN_POINT('Ctrl Pts',(0.630185514225547,6.27758504053532,1.48740843109801));
#11603=CARTESIAN_POINT('Ctrl Pts',(0.633590840966853,6.27280010848032,1.49010469071193));
#11604=CARTESIAN_POINT('Ctrl Pts',(0.643869981715182,6.26275290550641,1.49558574024043));
#11605=CARTESIAN_POINT('Ctrl Pts',(0.651291732958425,6.25824933047451,1.49787859407843));
#11606=CARTESIAN_POINT('Ctrl Pts',(0.674142173867956,6.24765628870307,1.5029069452854));
#11607=CARTESIAN_POINT('Ctrl Pts',(0.692063015056938,6.24347927942333,1.50428317690523));
#11608=CARTESIAN_POINT('Ctrl Pts',(0.766170354448898,6.23138602015111,1.50655787840169));
#11609=CARTESIAN_POINT('Ctrl Pts',(0.838075507119947,6.23543365119957,1.49828306730401));
#11610=CARTESIAN_POINT('Ctrl Pts',(1.03679017646778,6.25181252706211,1.47132625817976));
#11611=CARTESIAN_POINT('Ctrl Pts',(1.24881547046711,6.29354488660619,1.42323530594684));
#11612=CARTESIAN_POINT('Ctrl Pts',(2.0265551643816,6.54126213382714,1.21298528040997));
#11613=CARTESIAN_POINT('Ctrl Pts',(2.52513665766193,6.81030272311233,1.05428362900598));
#11614=CARTESIAN_POINT('Ctrl Pts',(3.14025602236202,7.11185334027154,1.01099011808568));
#11615=CARTESIAN_POINT('Origin',(1.84305102905534,5.7099179419934,1.3));
#11616=CARTESIAN_POINT('',(4.87393748359752,6.05676474906328,1.01099011808568));
#11617=CARTESIAN_POINT('Ctrl Pts',(4.87393748359752,6.05676474906328,1.01099011808568));
#11618=CARTESIAN_POINT('Ctrl Pts',(5.15840321867472,6.11265477623776,0.992669086802677));
#11619=CARTESIAN_POINT('Ctrl Pts',(5.40942887243606,6.16019878112836,0.998045075258519));
#11620=CARTESIAN_POINT('Ctrl Pts',(5.79228830787856,6.25154662325044,1.02979058508686));
#11621=CARTESIAN_POINT('Ctrl Pts',(5.92881935889736,6.29267722485602,1.05131556576549));
#11622=CARTESIAN_POINT('Ctrl Pts',(6.07715862474909,6.35741632054095,1.08311658965152));
#11623=CARTESIAN_POINT('Ctrl Pts',(6.12559280772466,6.38225012317531,1.09524275898885));
#11624=CARTESIAN_POINT('Ctrl Pts',(6.18231181747484,6.42516520623838,1.11352968190677));
#11625=CARTESIAN_POINT('Ctrl Pts',(6.19990734181258,6.44109778583208,1.11996485407639));
#11626=CARTESIAN_POINT('Ctrl Pts',(6.22120888316454,6.46918643921828,1.12987131445137));
#11627=CARTESIAN_POINT('Ctrl Pts',(6.22794029528491,6.48059004043148,1.1336060435299));
#11628=CARTESIAN_POINT('Ctrl Pts',(6.23554861707706,6.50184131912173,1.1396959376325));
#11629=CARTESIAN_POINT('Ctrl Pts',(6.23743145041352,6.51127451368731,1.14213415821382));
#11630=CARTESIAN_POINT('Ctrl Pts',(6.23766932889655,6.53139514065279,1.14660089833736));
#11631=CARTESIAN_POINT('Ctrl Pts',(6.23569065654466,6.54154025097556,1.14844344433039));
#11632=CARTESIAN_POINT('Ctrl Pts',(6.22847953465845,6.55964984543854,1.15096977115786));
#11633=CARTESIAN_POINT('Ctrl Pts',(6.22388694470728,6.56737393383078,1.15173304167522));
#11634=CARTESIAN_POINT('Ctrl Pts',(6.21168908930297,6.58340789858069,1.15275409093192));
#11635=CARTESIAN_POINT('Ctrl Pts',(6.20362397595451,6.59134564272081,1.15283152506091));
#11636=CARTESIAN_POINT('Ctrl Pts',(6.17878475939817,6.61175173354573,1.1521663336354));
#11637=CARTESIAN_POINT('Ctrl Pts',(6.15978037333082,6.62260062602827,1.15059480194911));
#11638=CARTESIAN_POINT('Ctrl Pts',(6.08694485802083,6.65651499901647,1.14300051461312));
#11639=CARTESIAN_POINT('Ctrl Pts',(6.01042290517639,6.67545269642679,1.13135154848748));
#11640=CARTESIAN_POINT('Ctrl Pts',(5.73371666772176,6.70012089508161,1.08685891479775));
#11641=CARTESIAN_POINT('Ctrl Pts',(5.50853876155923,6.68172037030768,1.04822963875935));
#11642=CARTESIAN_POINT('Ctrl Pts',(4.97591808061074,6.59014461903427,1.00054459279701));
#11643=CARTESIAN_POINT('Ctrl Pts',(4.70137617107161,6.52809471699135,0.991288044591519));
#11644=CARTESIAN_POINT('Ctrl Pts',(3.77739686847203,6.33675126039782,1.04081069027164));
#11645=CARTESIAN_POINT('Ctrl Pts',(3.20912556216176,6.24416878310018,1.15286693743432));
#11646=CARTESIAN_POINT('Ctrl Pts',(2.63516833523133,6.11109529578699,1.30212978207897));
#11647=CARTESIAN_POINT('Ctrl Pts',(2.49313529853624,6.07055395691694,1.34699515092988));
#11648=CARTESIAN_POINT('Ctrl Pts',(2.35714319878723,6.01640241397059,1.39992103641389));
#11649=CARTESIAN_POINT('Ctrl Pts',(2.31554287919916,5.99760689600464,1.41763844229512));
#11650=CARTESIAN_POINT('Ctrl Pts',(2.27109390798849,5.96800865172039,1.44229806420083));
#11651=CARTESIAN_POINT('Ctrl Pts',(2.25803856423908,5.9578160927366,1.45044126709478));
#11652=CARTESIAN_POINT('Ctrl Pts',(2.2431388295953,5.94061940541425,1.46294123798283));
#11653=CARTESIAN_POINT('Ctrl Pts',(2.23857162119506,5.93392855452221,1.46759011250161));
#11654=CARTESIAN_POINT('Ctrl Pts',(2.23364425391773,5.92166585571426,1.47546654991621));
#11655=CARTESIAN_POINT('Ctrl Pts',(2.2324601619756,5.91631986299814,1.47871961178492));
#11656=CARTESIAN_POINT('Ctrl Pts',(2.2325057020744,5.90518529877995,1.48499868816017));
#11657=CARTESIAN_POINT('Ctrl Pts',(2.2337853106084,5.8997164145497,1.4878335354907));
#11658=CARTESIAN_POINT('Ctrl Pts',(2.23934472068836,5.88760295358029,1.49354349618191));
#11659=CARTESIAN_POINT('Ctrl Pts',(2.24415670015313,5.88149950538613,1.49599885137053));
#11660=CARTESIAN_POINT('Ctrl Pts',(2.2601722352067,5.86589641681715,1.50145087063206));
#11661=CARTESIAN_POINT('Ctrl Pts',(2.27390090946122,5.85748543438488,1.5032531901474));
#11662=CARTESIAN_POINT('Ctrl Pts',(2.3322672721074,5.82771231427926,1.50727967921906));
#11663=CARTESIAN_POINT('Ctrl Pts',(2.39438268372287,5.8127654712442,1.501311490791));
#11664=CARTESIAN_POINT('Ctrl Pts',(2.57640370942136,5.77506469134112,1.47937258989466));
#11665=CARTESIAN_POINT('Ctrl Pts',(2.78375454838208,5.75736815278077,1.43555785502859));
#11666=CARTESIAN_POINT('Ctrl Pts',(3.60564038104679,5.78460340031934,1.22628448356168));
#11667=CARTESIAN_POINT('Ctrl Pts',(4.17134008602313,5.91872285929932,1.05624094204459));
#11668=CARTESIAN_POINT('Ctrl Pts',(4.87393748359752,6.05676474906328,1.01099011808568));
#11669=CARTESIAN_POINT('Origin',(3.25808609749367,5.03834049874743,1.3));
#11670=CARTESIAN_POINT('',(6.27546815988837,4.58891764948336,1.01099011808568));
#11671=CARTESIAN_POINT('Ctrl Pts',(6.27546815988837,4.58891764948336,1.01099011808568));
#11672=CARTESIAN_POINT('Ctrl Pts',(6.70559388172458,4.5597117334511,0.983744938488338));
#11673=CARTESIAN_POINT('Ctrl Pts',(7.06558328841571,4.53135630588011,1.00900315591321));
#11674=CARTESIAN_POINT('Ctrl Pts',(7.42753367286518,4.55249920553628,1.0643754850534));
#11675=CARTESIAN_POINT('Ctrl Pts',(7.50467861280347,4.56424358284247,1.08037726248889));
#11676=CARTESIAN_POINT('Ctrl Pts',(7.59407521466241,4.58925774178255,1.10214372684747));
#11677=CARTESIAN_POINT('Ctrl Pts',(7.62566862848136,4.6008184472772,1.11069113071062));
#11678=CARTESIAN_POINT('Ctrl Pts',(7.66616736311236,4.62460060663857,1.12357850819284));
#11679=CARTESIAN_POINT('Ctrl Pts',(7.67962323049802,4.63452616970161,1.12829012686997));
#11680=CARTESIAN_POINT('Ctrl Pts',(7.69777022901209,4.65406102845999,1.13573963132314));
#11681=CARTESIAN_POINT('Ctrl Pts',(7.70394755615009,4.66280352967632,1.13864602603546));
#11682=CARTESIAN_POINT('Ctrl Pts',(7.71220121211349,4.68078088783184,1.14356537410282));
#11683=CARTESIAN_POINT('Ctrl Pts',(7.71455902354419,4.68954921325435,1.14556709290161));
#11684=CARTESIAN_POINT('Ctrl Pts',(7.71615150073817,4.70792250429776,1.1489192523456));
#11685=CARTESIAN_POINT('Ctrl Pts',(7.71527002432554,4.71707432020919,1.15016694492819));
#11686=CARTESIAN_POINT('Ctrl Pts',(7.71101929690833,4.73454299253709,1.15187970078252));
#11687=CARTESIAN_POINT('Ctrl Pts',(7.7078007256996,4.7426781869465,1.15235513872654));
#11688=CARTESIAN_POINT('Ctrl Pts',(7.69851552681179,4.76091342358165,1.15287699808102));
#11689=CARTESIAN_POINT('Ctrl Pts',(7.6917531627898,4.77072245546702,1.15269393010085));
#11690=CARTESIAN_POINT('Ctrl Pts',(7.66866661059882,4.79907979208993,1.1512475820533));
#11691=CARTESIAN_POINT('Ctrl Pts',(7.64902736232231,4.81613149286028,1.14889021968939));
#11692=CARTESIAN_POINT('Ctrl Pts',(7.55780713701462,4.88359648793056,1.13635190970714));
#11693=CARTESIAN_POINT('Ctrl Pts',(7.44222092469335,4.93440574088575,1.1148604342152));
#11694=CARTESIAN_POINT('Ctrl Pts',(6.85299497932231,5.08143627647264,1.01989325824545));
#11695=CARTESIAN_POINT('Ctrl Pts',(6.27353048333155,5.07657072037511,0.946363644631255));
#11696=CARTESIAN_POINT('Ctrl Pts',(4.90865277527532,5.17693986463492,1.11259324053044));
#11697=CARTESIAN_POINT('Ctrl Pts',(4.44528348050542,5.21915696736098,1.21342859825709));
#11698=CARTESIAN_POINT('Ctrl Pts',(4.02149998079128,5.21752982578001,1.33520153475282));
#11699=CARTESIAN_POINT('Ctrl Pts',(3.90886395012453,5.21371129383819,1.37056339238158));
#11700=CARTESIAN_POINT('Ctrl Pts',(3.79345779861686,5.19356353256302,1.41644449110505));
#11701=CARTESIAN_POINT('Ctrl Pts',(3.76142962214771,5.18614497238734,1.43025511114261));
#11702=CARTESIAN_POINT('Ctrl Pts',(3.72444806514429,5.17050194685957,1.44994763131578));
#11703=CARTESIAN_POINT('Ctrl Pts',(3.71299636437015,5.1644159594079,1.45670113271703));
#11704=CARTESIAN_POINT('Ctrl Pts',(3.69860483752854,5.15254624007515,1.46732748197791));
#11705=CARTESIAN_POINT('Ctrl Pts',(3.69388506030075,5.14747815868288,1.47140734349302));
#11706=CARTESIAN_POINT('Ctrl Pts',(3.68782710534084,5.13717252147804,1.4785341599606));
#11707=CARTESIAN_POINT('Ctrl Pts',(3.6860462641823,5.132274641223,1.48155792221383));
#11708=CARTESIAN_POINT('Ctrl Pts',(3.6845510397284,5.12120566661393,1.48753106253372));
#11709=CARTESIAN_POINT('Ctrl Pts',(3.68514691200194,5.11534361521764,1.49022140425066));
#11710=CARTESIAN_POINT('Ctrl Pts',(3.68911362713731,5.10147653904876,1.49568442746227));
#11711=CARTESIAN_POINT('Ctrl Pts',(3.69333948504454,5.09385200383593,1.49796587804346));
#11712=CARTESIAN_POINT('Ctrl Pts',(3.70790608398352,5.07329827208769,1.50294431460417));
#11713=CARTESIAN_POINT('Ctrl Pts',(3.72132023811232,5.06076782559877,1.50430240279994));
#11714=CARTESIAN_POINT('Ctrl Pts',(3.77894288692531,5.01374429808004,1.50651174861564));
#11715=CARTESIAN_POINT('Ctrl Pts',(3.8421558907763,4.98171145952935,1.49844876505631));
#11716=CARTESIAN_POINT('Ctrl Pts',(4.02027237531967,4.89727938142677,1.47197668979819));
#11717=CARTESIAN_POINT('Ctrl Pts',(4.22202998219527,4.82797112093693,1.42478988104738));
#11718=CARTESIAN_POINT('Ctrl Pts',(5.01826659068817,4.6519242136275,1.21513035474823));
#11719=CARTESIAN_POINT('Ctrl Pts',(5.58738334172061,4.63563921576563,1.05457503639551));
#11720=CARTESIAN_POINT('Ctrl Pts',(6.27546815988837,4.58891764948336,1.01099011808568));
#11721=CARTESIAN_POINT('Origin',(4.45108798262967,4.02340847676317,1.3));
#11722=CARTESIAN_POINT('',(7.24933605178429,2.80834339563612,1.01099011808568));
#11723=CARTESIAN_POINT('Ctrl Pts',(7.24933605178429,2.80834339563612,1.01099011808568));
#11724=CARTESIAN_POINT('Ctrl Pts',(7.68569254028008,2.65907729083641,0.981844972239051));
#11725=CARTESIAN_POINT('Ctrl Pts',(8.04435906012968,2.53185025390431,1.01282175497185));
#11726=CARTESIAN_POINT('Ctrl Pts',(8.36103345975393,2.47556261275621,1.0668589303428));
#11727=CARTESIAN_POINT('Ctrl Pts',(8.4407175199719,2.46435488094744,1.0823247345201));
#11728=CARTESIAN_POINT('Ctrl Pts',(8.53931901228126,2.46891791308266,1.10626601183199));
#11729=CARTESIAN_POINT('Ctrl Pts',(8.56895997338663,2.47284007318891,1.11406737816952));
#11730=CARTESIAN_POINT('Ctrl Pts',(8.60933840075856,2.48576004036743,1.12582324167639));
#11731=CARTESIAN_POINT('Ctrl Pts',(8.62338527841749,2.49207387377663,1.13017791017477));
#11732=CARTESIAN_POINT('Ctrl Pts',(8.64395335196516,2.50629673184514,1.13710933581016));
#11733=CARTESIAN_POINT('Ctrl Pts',(8.6514622682638,2.51325597403545,1.13983476408519));
#11734=CARTESIAN_POINT('Ctrl Pts',(8.66395408233979,2.52987434354042,1.14485152636363));
#11735=CARTESIAN_POINT('Ctrl Pts',(8.6683786864419,2.5393103940555,1.14696628647281));
#11736=CARTESIAN_POINT('Ctrl Pts',(8.67308600925539,2.55802489451671,1.1499889062145));
#11737=CARTESIAN_POINT('Ctrl Pts',(8.67375297329901,2.56668921070329,1.15095288232144));
#11738=CARTESIAN_POINT('Ctrl Pts',(8.67301041358017,2.58423935306001,1.15228890651693));
#11739=CARTESIAN_POINT('Ctrl Pts',(8.67146398059955,2.59298681139376,1.1526089509372));
#11740=CARTESIAN_POINT('Ctrl Pts',(8.6658965778674,2.61402417399272,1.15283237935224));
#11741=CARTESIAN_POINT('Ctrl Pts',(8.66088337323412,2.62608852445765,1.15242316763155));
#11742=CARTESIAN_POINT('Ctrl Pts',(8.64111339577541,2.66520327899232,1.15007902059893));
#11743=CARTESIAN_POINT('Ctrl Pts',(8.62116327346881,2.69100004250517,1.14654525937822));
#11744=CARTESIAN_POINT('Ctrl Pts',(8.5313219609121,2.79093030645988,1.12973749886107));
#11745=CARTESIAN_POINT('Ctrl Pts',(8.41208395046094,2.87639466981675,1.10366835815251));
#11746=CARTESIAN_POINT('Ctrl Pts',(7.8373295771363,3.16602887600352,1.00785169438975));
#11747=CARTESIAN_POINT('Ctrl Pts',(7.26480270783088,3.31600082234209,0.950342103242333));
#11748=CARTESIAN_POINT('Ctrl Pts',(6.00793045236796,3.75679985666087,1.12841168638704));
#11749=CARTESIAN_POINT('Ctrl Pts',(5.6004140460515,3.90420983660136,1.22537486954749));
#11750=CARTESIAN_POINT('Ctrl Pts',(5.21755668669638,4.00287513706359,1.34075420521482));
#11751=CARTESIAN_POINT('Ctrl Pts',(5.11351599910174,4.02606368378261,1.37479505870068));
#11752=CARTESIAN_POINT('Ctrl Pts',(5.0031635292487,4.03497834980786,1.41862701091331));
#11753=CARTESIAN_POINT('Ctrl Pts',(4.97174779322127,4.03565989092499,1.43200902113975));
#11754=CARTESIAN_POINT('Ctrl Pts',(4.93372673943537,4.02992675474483,1.451021780484));
#11755=CARTESIAN_POINT('Ctrl Pts',(4.92156454118218,4.02690311859412,1.45761233525373));
#11756=CARTESIAN_POINT('Ctrl Pts',(4.90519872221447,4.01915426146538,1.46797380605584));
#11757=CARTESIAN_POINT('Ctrl Pts',(4.89953196902347,4.01543624806741,1.47198056128541));
#11758=CARTESIAN_POINT('Ctrl Pts',(4.89126952837723,4.00702509751289,1.47900205517959));
#11759=CARTESIAN_POINT('Ctrl Pts',(4.88840429474656,4.00270627322671,1.48198941118927));
#11760=CARTESIAN_POINT('Ctrl Pts',(4.88425730965182,3.99227610503214,1.48793719569264));
#11761=CARTESIAN_POINT('Ctrl Pts',(4.88345122133522,3.9863653027502,1.49060139057521));
#11762=CARTESIAN_POINT('Ctrl Pts',(4.8839333921906,3.97175446145875,1.49602551893741));
#11763=CARTESIAN_POINT('Ctrl Pts',(4.88621727322087,3.963230091653,1.49824884238707));
#11764=CARTESIAN_POINT('Ctrl Pts',(4.89525047510637,3.93958296734753,1.50309953396204));
#11765=CARTESIAN_POINT('Ctrl Pts',(4.90499194356592,3.92420806183899,1.50436324194462));
#11766=CARTESIAN_POINT('Ctrl Pts',(4.94770820559553,3.86526208804423,1.50640447051279));
#11767=CARTESIAN_POINT('Ctrl Pts',(4.99769507195648,3.82024856710773,1.4988546195893));
#11768=CARTESIAN_POINT('Ctrl Pts',(5.1433540144689,3.69543981175154,1.47362870820769));
#11769=CARTESIAN_POINT('Ctrl Pts',(5.31440500658697,3.57979615309389,1.42847751143941));
#11770=CARTESIAN_POINT('Ctrl Pts',(6.03708595591089,3.19745196838338,1.21961598921652));
#11771=CARTESIAN_POINT('Ctrl Pts',(6.59328910121481,3.03275984287358,1.05480884098928));
#11772=CARTESIAN_POINT('Ctrl Pts',(7.24933605178429,2.80834339563613,1.01099011808568));
#11773=CARTESIAN_POINT('Origin',(5.34075557752014,2.73428781608439,1.3));
#11774=CARTESIAN_POINT('',(7.72917367184538,0.836385180383186,1.01099011808568));
#11775=CARTESIAN_POINT('Ctrl Pts',(7.72917367184538,0.836385180383186,1.01099011808568));
#11776=CARTESIAN_POINT('Ctrl Pts',(8.11749856533764,0.575594421798621,0.981428579208786));
#11777=CARTESIAN_POINT('Ctrl Pts',(8.43440174179754,0.357514523617588,1.01373086921107));
#11778=CARTESIAN_POINT('Ctrl Pts',(8.72485931735451,0.223904290960304,1.06851076750883));
#11779=CARTESIAN_POINT('Ctrl Pts',(8.79609284576195,0.194172520069753,1.08353455546042));
#11780=CARTESIAN_POINT('Ctrl Pts',(8.88993013101398,0.174297196431508,1.10693884580606));
#11781=CARTESIAN_POINT('Ctrl Pts',(8.91896588125819,0.170664546300137,1.11459887379304));
#11782=CARTESIAN_POINT('Ctrl Pts',(8.96069964826502,0.172987697697925,1.12620868414307));
#11783=CARTESIAN_POINT('Ctrl Pts',(8.97575801955513,0.175536297985048,1.13052833839576));
#11784=CARTESIAN_POINT('Ctrl Pts',(8.99922844563587,0.184209021633014,1.13744782550047));
#11785=CARTESIAN_POINT('Ctrl Pts',(9.00830919786028,0.189144073117199,1.14018563558566));
#11786=CARTESIAN_POINT('Ctrl Pts',(9.02448902208025,0.202305122254157,1.14515523338923));
#11787=CARTESIAN_POINT('Ctrl Pts',(9.0310522724541,0.210366011803507,1.14722595513166));
#11788=CARTESIAN_POINT('Ctrl Pts',(9.04062511788396,0.228283359710742,1.15031587382792));
#11789=CARTESIAN_POINT('Ctrl Pts',(9.04354932894183,0.237553656243828,1.15130257218344));
#11790=CARTESIAN_POINT('Ctrl Pts',(9.04753530580894,0.259748707284129,1.15273589077602));
#11791=CARTESIAN_POINT('Ctrl Pts',(9.04754715035101,0.272717673965396,1.15286029697852));
#11792=CARTESIAN_POINT('Ctrl Pts',(9.04377685839708,0.311325276138529,1.1520614047555));
#11793=CARTESIAN_POINT('Ctrl Pts',(9.03551426678653,0.337518652924254,1.14977449264686));
#11794=CARTESIAN_POINT('Ctrl Pts',(8.99486914856612,0.436453219513498,1.1385205972749));
#11795=CARTESIAN_POINT('Ctrl Pts',(8.92937743482195,0.529728162424598,1.11970833743907));
#11796=CARTESIAN_POINT('Ctrl Pts',(8.65477103922943,0.808859602616876,1.05738264731513));
#11797=CARTESIAN_POINT('Ctrl Pts',(8.4153343629038,0.980556920525524,1.01526932353774));
#11798=CARTESIAN_POINT('Ctrl Pts',(7.6911466584623,1.45834497912603,0.985666087309066));
#11799=CARTESIAN_POINT('Ctrl Pts',(7.24536397741284,1.75343165926505,1.03980382331773));
#11800=CARTESIAN_POINT('Ctrl Pts',(6.55295000682233,2.22654190342801,1.18871727959251));
#11801=CARTESIAN_POINT('Ctrl Pts',(6.28558564592025,2.40332766098976,1.26763105923316));
#11802=CARTESIAN_POINT('Ctrl Pts',(6.02192547421262,2.54322815736215,1.3604353644181));
#11803=CARTESIAN_POINT('Ctrl Pts',(5.94711413213612,2.5795464638898,1.38849896716218));
#11804=CARTESIAN_POINT('Ctrl Pts',(5.86157074226348,2.60688256983686,1.42552564528751));
#11805=CARTESIAN_POINT('Ctrl Pts',(5.8361461175123,2.61330186170238,1.43711694837229));
#11806=CARTESIAN_POINT('Ctrl Pts',(5.80295897023268,2.61575311343193,1.45401016121466));
#11807=CARTESIAN_POINT('Ctrl Pts',(5.79180089621567,2.61549151951659,1.46001124762298));
#11808=CARTESIAN_POINT('Ctrl Pts',(5.77416131437548,2.61146692641503,1.47049343481073));
#11809=CARTESIAN_POINT('Ctrl Pts',(5.76693332907832,2.60841877686902,1.47517387356096));
#11810=CARTESIAN_POINT('Ctrl Pts',(5.75665244679871,2.59997356634531,1.48290720437581));
#11811=CARTESIAN_POINT('Ctrl Pts',(5.75323663690905,2.59554777813556,1.48589942671417));
#11812=CARTESIAN_POINT('Ctrl Pts',(5.74773908578095,2.58404583001634,1.4918293257632));
#11813=CARTESIAN_POINT('Ctrl Pts',(5.74633705628699,2.57706357891457,1.49437026493748));
#11814=CARTESIAN_POINT('Ctrl Pts',(5.74508498434897,2.55522478711065,1.50055879401787));
#11815=CARTESIAN_POINT('Ctrl Pts',(5.74844875744244,2.53931531456982,1.50265915548096));
#11816=CARTESIAN_POINT('Ctrl Pts',(5.77047594979001,2.46564961763671,1.50852219959173));
#11817=CARTESIAN_POINT('Ctrl Pts',(5.81693386559691,2.39512463900264,1.4987639517166));
#11818=CARTESIAN_POINT('Ctrl Pts',(5.94850493479138,2.20470100534443,1.46766771279289));
#11819=CARTESIAN_POINT('Ctrl Pts',(6.1264215127751,2.00757559605116,1.40430833445555));
#11820=CARTESIAN_POINT('Ctrl Pts',(6.7651635234368,1.46054761419048,1.18461393472964));
#11821=CARTESIAN_POINT('Ctrl Pts',(7.21484503242458,1.18179738105373,1.05014379152909));
#11822=CARTESIAN_POINT('Ctrl Pts',(7.72917367184538,0.836385180383185,1.01099011808568));
#11823=CARTESIAN_POINT('Origin',(10.1,0.,2.));
#11824=CARTESIAN_POINT('',(-10.8,-1.32261854307914E-15,2.));
#11825=CARTESIAN_POINT('Origin',(0.,0.,2.));
#11826=CARTESIAN_POINT('',(-10.1,-1.23689326713883E-15,2.));
#11827=CARTESIAN_POINT('Origin',(0.,0.,2.));
#11828=CARTESIAN_POINT('Origin',(0.,0.,4.64999987387229));
#11829=CARTESIAN_POINT('',(-6.,-7.34788079488412E-16,2.));
#11830=CARTESIAN_POINT('Origin',(-8.05,-9.85840673313619E-16,4.64999987387229));
#11831=CARTESIAN_POINT('Origin',(0.,0.,2.));
#11832=CARTESIAN_POINT('Ctrl Pts',(-1.13190706807487E-15,0.,0.299999999999998));
#11833=CARTESIAN_POINT('Ctrl Pts',(-1.13190706807487E-15,-1.13190706807487E-15,
0.299999999999998));
#11834=CARTESIAN_POINT('Ctrl Pts',(0.,-1.13190706807487E-15,0.299999999999998));
#11835=CARTESIAN_POINT('Ctrl Pts',(1.13190706807487E-15,-1.13190706807487E-15,
0.299999999999998));
#11836=CARTESIAN_POINT('Ctrl Pts',(1.13190706807487E-15,0.,0.299999999999998));
#11837=CARTESIAN_POINT('Ctrl Pts',(1.13190706807487E-15,1.13190706807487E-15,
0.299999999999998));
#11838=CARTESIAN_POINT('Ctrl Pts',(0.,1.13190706807487E-15,0.299999999999998));
#11839=CARTESIAN_POINT('Ctrl Pts',(-1.13190706807487E-15,1.13190706807487E-15,
0.299999999999998));
#11840=CARTESIAN_POINT('Ctrl Pts',(-1.13190706807487E-15,0.,0.299999999999998));
#11841=CARTESIAN_POINT('Ctrl Pts',(-3.24107142713189,0.,0.299159668946268));
#11842=CARTESIAN_POINT('Ctrl Pts',(-3.24107142713189,-3.24107142713189,
0.299159668946268));
#11843=CARTESIAN_POINT('Ctrl Pts',(0.,-3.24107142713189,0.299159668946269));
#11844=CARTESIAN_POINT('Ctrl Pts',(3.24107142713189,-3.24107142713189,0.29915966894627));
#11845=CARTESIAN_POINT('Ctrl Pts',(3.24107142713189,0.,0.29915966894627));
#11846=CARTESIAN_POINT('Ctrl Pts',(3.24107142713189,3.24107142713189,0.29915966894627));
#11847=CARTESIAN_POINT('Ctrl Pts',(0.,3.24107142713189,0.299159668946269));
#11848=CARTESIAN_POINT('Ctrl Pts',(-3.24107142713189,3.24107142713189,0.299159668946268));
#11849=CARTESIAN_POINT('Ctrl Pts',(-3.24107142713189,0.,0.299159668946268));
#11850=CARTESIAN_POINT('Ctrl Pts',(-6.,0.,2.));
#11851=CARTESIAN_POINT('Ctrl Pts',(-6.,-6.,2.));
#11852=CARTESIAN_POINT('Ctrl Pts',(0.,-6.,2.));
#11853=CARTESIAN_POINT('Ctrl Pts',(6.,-6.,2.));
#11854=CARTESIAN_POINT('Ctrl Pts',(6.,0.,2.));
#11855=CARTESIAN_POINT('Ctrl Pts',(6.,6.,2.));
#11856=CARTESIAN_POINT('Ctrl Pts',(0.,6.,2.));
#11857=CARTESIAN_POINT('Ctrl Pts',(-6.,6.,2.));
#11858=CARTESIAN_POINT('Ctrl Pts',(-6.,0.,2.));
#11859=CARTESIAN_POINT('',(6.66133814775094E-15,0.,0.3));
#11860=CARTESIAN_POINT('Origin',(-0.00296294506639122,-3.62856119160545E-19,
11.7277778409421));
#11861=CARTESIAN_POINT('Origin',(-2.22044604925031E-15,0.,11.4382352941177));
#11862=CARTESIAN_POINT('',(-6.,-7.34788079488412E-16,1.7));
#11863=CARTESIAN_POINT('Origin',(0.,0.,1.7));
#11864=CARTESIAN_POINT('',(-2.92083596129209E-15,-8.57730263937055E-32,
-2.22044604925031E-15));
#11865=CARTESIAN_POINT('Origin',(-2.22044604925031E-15,0.,11.4382352941177));
#11866=CARTESIAN_POINT('Origin',(0.,0.,4.34999990596301));
#11867=CARTESIAN_POINT('',(-10.1,-1.23689326713883E-15,1.7));
#11868=CARTESIAN_POINT('Origin',(0.,0.,1.7));
#11869=CARTESIAN_POINT('Origin',(-8.05,-9.85840673313619E-16,4.34999990596301));
#11870=CARTESIAN_POINT('Origin',(-8.05,-9.85840673313619E-16,4.34999990596301));
#11871=CARTESIAN_POINT('Origin',(10.8,0.,1.7));
#11872=CARTESIAN_POINT('',(-10.8,-1.32261854307914E-15,1.7));
#11873=CARTESIAN_POINT('Origin',(0.,0.,1.7));
#11874=CARTESIAN_POINT('Origin',(0.,0.,1.85));
#11875=CARTESIAN_POINT('',(-10.8,-1.32261854307914E-15,1.85));
#11876=CARTESIAN_POINT('',(0.,0.,0.));
#11877=CARTESIAN_POINT('Origin',(-4.49999999999978,-10.5830052442585,4.2));
#11878=CARTESIAN_POINT('',(-3.44347826086939,-8.09829966517169,4.2));
#11879=CARTESIAN_POINT('',(-4.49999999999978,-10.5830052442585,4.2));
#11880=CARTESIAN_POINT('',(-1.11022302462516E-15,2.0122792321331E-15,4.2));
#11881=CARTESIAN_POINT('',(-3.44347826086939,-8.09829966517169,4.4));
#11882=CARTESIAN_POINT('',(-3.44347826086939,-8.09829966517169,4.2));
#11883=CARTESIAN_POINT('',(-4.49999999999978,-10.5830052442585,4.4));
#11884=CARTESIAN_POINT('',(-1.11022302462516E-15,2.0122792321331E-15,4.4));
#11885=CARTESIAN_POINT('',(-4.49999999999978,-10.5830052442585,4.2));
#11886=CARTESIAN_POINT('Origin',(0.,0.,4.2));
#11887=CARTESIAN_POINT('',(-6.00000000000109,-9.81070843517363,4.2));
#11888=CARTESIAN_POINT('Origin',(0.,0.,4.2));
#11889=CARTESIAN_POINT('',(-6.00000000000109,-9.81070843517363,4.4));
#11890=CARTESIAN_POINT('Origin',(0.,0.,4.4));
#11891=CARTESIAN_POINT('',(-6.00000000000109,-9.81070843517363,4.2));
#11892=CARTESIAN_POINT('Origin',(-4.06956521739204,-6.65421963429167,4.2));
#11893=CARTESIAN_POINT('',(-4.06956521739204,-6.65421963429167,4.2));
#11894=CARTESIAN_POINT('',(-1.11022302462516E-15,2.0122792321331E-15,4.2));
#11895=CARTESIAN_POINT('',(-4.06956521739204,-6.65421963429167,4.4));
#11896=CARTESIAN_POINT('',(-1.11022302462516E-15,2.0122792321331E-15,4.4));
#11897=CARTESIAN_POINT('',(-4.06956521739204,-6.65421963429167,4.2));
#11898=CARTESIAN_POINT('Origin',(0.,0.,4.2));
#11899=CARTESIAN_POINT('',(-0.5,-7.78395786216755,4.2));
#11900=CARTESIAN_POINT('Origin',(0.,0.,4.2));
#11901=CARTESIAN_POINT('',(-0.5,-7.78395786216755,4.4));
#11902=CARTESIAN_POINT('Origin',(0.,0.,4.4));
#11903=CARTESIAN_POINT('',(-0.5,-7.78395786216755,4.2));
#11904=CARTESIAN_POINT('Origin',(-0.5,-11.4891252930761,4.2));
#11905=CARTESIAN_POINT('',(-0.5,-11.4891252930761,4.2));
#11906=CARTESIAN_POINT('',(-0.5,-11.4891252930761,4.2));
#11907=CARTESIAN_POINT('',(-0.5,-11.4891252930761,4.4));
#11908=CARTESIAN_POINT('',(-0.5,-11.4891252930761,4.4));
#11909=CARTESIAN_POINT('',(-0.5,-11.4891252930761,4.2));
#11910=CARTESIAN_POINT('Origin',(0.,0.,4.2));
#11911=CARTESIAN_POINT('',(-3.49999999999975,-10.9544511501035,4.2));
#11912=CARTESIAN_POINT('Origin',(0.,0.,4.2));
#11913=CARTESIAN_POINT('',(-3.49999999999975,-10.9544511501035,4.4));
#11914=CARTESIAN_POINT('Origin',(0.,0.,4.4));
#11915=CARTESIAN_POINT('',(-3.49999999999975,-10.9544511501035,4.2));
#11916=CARTESIAN_POINT('Origin',(-2.678260869565,-8.38253653225305,4.2));
#11917=CARTESIAN_POINT('',(-2.678260869565,-8.38253653225305,4.2));
#11918=CARTESIAN_POINT('',(0.,0.,4.2));
#11919=CARTESIAN_POINT('',(-2.678260869565,-8.38253653225305,4.4));
#11920=CARTESIAN_POINT('',(0.,0.,4.4));
#11921=CARTESIAN_POINT('',(-2.678260869565,-8.38253653225305,4.2));
#11922=CARTESIAN_POINT('Origin',(0.,0.,4.2));
#11923=CARTESIAN_POINT('Origin',(0.,0.,4.2));
#11924=CARTESIAN_POINT('Origin',(0.,0.,4.4));
#11925=CARTESIAN_POINT('Origin',(-3.25000000000055,-9.07167246368387,4.4));
#11926=CARTESIAN_POINT('Origin',(-3.25000000000055,-9.07167246368387,4.2));
#11927=CARTESIAN_POINT('Origin',(5.99999999999891,-9.81070843517496,4.2));
#11928=CARTESIAN_POINT('',(5.99999999999891,-9.81070843517496,4.2));
#11929=CARTESIAN_POINT('',(4.06956521739056,-6.65421963429258,4.2));
#11930=CARTESIAN_POINT('',(5.99999999999891,-9.81070843517496,4.2));
#11931=CARTESIAN_POINT('',(4.06956521739056,-6.65421963429258,4.4));
#11932=CARTESIAN_POINT('',(4.06956521739056,-6.65421963429258,4.2));
#11933=CARTESIAN_POINT('',(5.99999999999891,-9.81070843517496,4.4));
#11934=CARTESIAN_POINT('',(5.99999999999891,-9.81070843517496,4.4));
#11935=CARTESIAN_POINT('',(5.99999999999891,-9.81070843517496,4.2));
#11936=CARTESIAN_POINT('Origin',(0.,0.,4.2));
#11937=CARTESIAN_POINT('',(4.50000000000022,-10.5830052442583,4.2));
#11938=CARTESIAN_POINT('Origin',(0.,0.,4.2));
#11939=CARTESIAN_POINT('',(4.50000000000022,-10.5830052442583,4.4));
#11940=CARTESIAN_POINT('Origin',(0.,0.,4.4));
#11941=CARTESIAN_POINT('',(4.50000000000022,-10.5830052442583,4.2));
#11942=CARTESIAN_POINT('Origin',(3.44347826086974,-8.09829966517155,4.2));
#11943=CARTESIAN_POINT('',(3.44347826086974,-8.09829966517155,4.2));
#11944=CARTESIAN_POINT('',(4.50000000000022,-10.5830052442583,4.2));
#11945=CARTESIAN_POINT('',(3.44347826086974,-8.09829966517155,4.4));
#11946=CARTESIAN_POINT('',(4.50000000000022,-10.5830052442583,4.4));
#11947=CARTESIAN_POINT('',(3.44347826086974,-8.09829966517155,4.2));
#11948=CARTESIAN_POINT('Origin',(0.,0.,4.2));
#11949=CARTESIAN_POINT('',(2.67826086956534,-8.38253653225294,4.2));
#11950=CARTESIAN_POINT('Origin',(0.,0.,4.2));
#11951=CARTESIAN_POINT('',(2.67826086956534,-8.38253653225294,4.4));
#11952=CARTESIAN_POINT('Origin',(0.,0.,4.4));
#11953=CARTESIAN_POINT('',(2.67826086956534,-8.38253653225294,4.2));
#11954=CARTESIAN_POINT('Origin',(3.50000000000025,-10.9544511501035,4.2));
#11955=CARTESIAN_POINT('',(3.50000000000025,-10.9544511501035,4.2));
#11956=CARTESIAN_POINT('',(3.50000000000025,-10.9544511501035,4.2));
#11957=CARTESIAN_POINT('',(3.50000000000025,-10.9544511501035,4.4));
#11958=CARTESIAN_POINT('',(3.50000000000025,-10.9544511501035,4.4));
#11959=CARTESIAN_POINT('',(3.50000000000025,-10.9544511501035,4.2));
#11960=CARTESIAN_POINT('Origin',(0.,0.,4.2));
#11961=CARTESIAN_POINT('',(0.5,-11.4891252930761,4.2));
#11962=CARTESIAN_POINT('Origin',(0.,0.,4.2));
#11963=CARTESIAN_POINT('',(0.5,-11.4891252930761,4.4));
#11964=CARTESIAN_POINT('Origin',(0.,0.,4.4));
#11965=CARTESIAN_POINT('',(0.5,-11.4891252930761,4.2));
#11966=CARTESIAN_POINT('Origin',(0.5,-7.78395786216755,4.2));
#11967=CARTESIAN_POINT('',(0.5,-7.78395786216755,4.2));
#11968=CARTESIAN_POINT('',(0.5,-7.78395786216755,4.2));
#11969=CARTESIAN_POINT('',(0.5,-7.78395786216755,4.4));
#11970=CARTESIAN_POINT('',(0.5,-7.78395786216755,4.4));
#11971=CARTESIAN_POINT('',(0.5,-7.78395786216755,4.2));
#11972=CARTESIAN_POINT('Origin',(0.,0.,4.2));
#11973=CARTESIAN_POINT('Origin',(0.,0.,4.2));
#11974=CARTESIAN_POINT('Origin',(0.,0.,4.4));
#11975=CARTESIAN_POINT('Origin',(3.24999999999946,-9.07167246368432,4.4));
#11976=CARTESIAN_POINT('Origin',(3.24999999999946,-9.07167246368432,4.2));
#11977=CARTESIAN_POINT('Ctrl Pts',(-3.04235061605555,-11.1411107910183,
4.31506607683032));
#11978=CARTESIAN_POINT('Ctrl Pts',(-2.89349704474813,-11.064650324721,4.5107395478882));
#11979=CARTESIAN_POINT('Ctrl Pts',(-2.7443869367457,-10.9866113591049,4.70574190474153));
#11980=CARTESIAN_POINT('Ctrl Pts',(-2.59501253530278,-10.9068655066055,
4.90000000000714));
#11981=CARTESIAN_POINT('Ctrl Pts',(-3.14966468680487,-11.0794115750257,
4.36919317108105));
#11982=CARTESIAN_POINT('Ctrl Pts',(-3.00179011912679,-11.0035569543753,
4.56566117874082));
#11983=CARTESIAN_POINT('Ctrl Pts',(-2.8536675785165,-10.9261130297306,4.76145711867757));
#11984=CARTESIAN_POINT('Ctrl Pts',(-2.70529418259664,-10.8470490269671,
4.9565790022568));
#11985=CARTESIAN_POINT('Ctrl Pts',(-3.34223880197495,-10.8770324314489,
4.42982150532083));
#11986=CARTESIAN_POINT('Ctrl Pts',(-3.19687023433746,-10.8011117458113,
4.62723036157444));
#11987=CARTESIAN_POINT('Ctrl Pts',(-3.05135141413959,-10.7237014640955,
4.82407228815914));
#11988=CARTESIAN_POINT('Ctrl Pts',(-2.90563511664576,-10.6446425890438,
5.02022287155559));
#11989=CARTESIAN_POINT('Ctrl Pts',(-3.40712016745595,-10.6053110373672,
4.36919317108105));
#11990=CARTESIAN_POINT('Ctrl Pts',(-3.26334546673837,-10.5279561761549,
4.56566117874082));
#11991=CARTESIAN_POINT('Ctrl Pts',(-3.11942674850831,-10.4490747691884,
4.76145711867757));
#11992=CARTESIAN_POINT('Ctrl Pts',(-2.97545580527407,-10.3685449117484,
4.9565790022568));
#11993=CARTESIAN_POINT('Ctrl Pts',(-3.40043411624546,-10.4817052132564,
4.31506607683032));
#11994=CARTESIAN_POINT('Ctrl Pts',(-3.25693880721586,-10.4037815434377,
4.5107395478882));
#11995=CARTESIAN_POINT('Ctrl Pts',(-3.11336023002878,-10.3243241483103,
4.70574190474153));
#11996=CARTESIAN_POINT('Ctrl Pts',(-2.96970576969492,-10.2432173806268,
4.90000000000714));
#11997=CARTESIAN_POINT('',(-3.33811228671793,-10.4477679862696,4.39999999601316));
#11998=CARTESIAN_POINT('',(-2.97769087940233,-11.107806135842,4.39999999530368));
#11999=CARTESIAN_POINT('Ctrl Pts',(-3.33811227333403,-10.4477680310871,
4.40000004172036));
#12000=CARTESIAN_POINT('Ctrl Pts',(-3.34723233305847,-10.4763101461928,
4.40000056376537));
#12001=CARTESIAN_POINT('Ctrl Pts',(-3.35433232560018,-10.5053774975998,
4.39995482763743));
#12002=CARTESIAN_POINT('Ctrl Pts',(-3.359209255115,-10.5347656864303,4.39991314058887));
#12003=CARTESIAN_POINT('Ctrl Pts',(-3.36375740113915,-10.5621726386488,
4.3998742639179));
#12004=CARTESIAN_POINT('Ctrl Pts',(-3.36637187586408,-10.5898590376786,
4.39983891933619));
#12005=CARTESIAN_POINT('Ctrl Pts',(-3.36686889415103,-10.6176275598868,
4.39982303532373));
#12006=CARTESIAN_POINT('Ctrl Pts',(-3.36718999767526,-10.6355676851858,
4.39981277330215));
#12007=CARTESIAN_POINT('Ctrl Pts',(-3.36662691419606,-10.6535414514334,
4.39981013957218));
#12008=CARTESIAN_POINT('Ctrl Pts',(-3.36512603850423,-10.6714865559629,
4.39981318448103));
#12009=CARTESIAN_POINT('Ctrl Pts',(-3.36266823794414,-10.7008730589245,
4.39981817075586));
#12010=CARTESIAN_POINT('Ctrl Pts',(-3.35772568009417,-10.7297785919103,
4.39984700658489));
#12011=CARTESIAN_POINT('Ctrl Pts',(-3.35022329929409,-10.7579505479846,
4.39988863901748));
#12012=CARTESIAN_POINT('Ctrl Pts',(-3.34312816205872,-10.7845932764547,
4.39992801156209));
#12013=CARTESIAN_POINT('Ctrl Pts',(-3.33374319219446,-10.8105805516918,
4.39997884423988));
#12014=CARTESIAN_POINT('Ctrl Pts',(-3.32198152275523,-10.8356697328271,
4.40000303228276));
#12015=CARTESIAN_POINT('Ctrl Pts',(-3.31939620655084,-10.841184550845,4.40000834902284));
#12016=CARTESIAN_POINT('Ctrl Pts',(-3.31669597572067,-10.8466558392765,
4.40001226191374));
#12017=CARTESIAN_POINT('Ctrl Pts',(-3.31387977096068,-10.8520807717953,
4.40001416374987));
#12018=CARTESIAN_POINT('Ctrl Pts',(-3.31258843960402,-10.8545682988277,
4.40001503581026));
#12019=CARTESIAN_POINT('Ctrl Pts',(-3.31127512084759,-10.8570414561856,
4.40001548404629));
#12020=CARTESIAN_POINT('Ctrl Pts',(-3.30993996044561,-10.85950010005,4.40001545758375));
#12021=CARTESIAN_POINT('Ctrl Pts',(-3.29615160261251,-10.8848908031726,
4.40001518430208));
#12022=CARTESIAN_POINT('Ctrl Pts',(-3.28003769144798,-10.9087337032987,
4.39996734069304));
#12023=CARTESIAN_POINT('Ctrl Pts',(-3.26186768016779,-10.9309443503535,
4.39992377903965));
#12024=CARTESIAN_POINT('Ctrl Pts',(-3.24372167084125,-10.9531256579152,
4.39988027492969));
#12025=CARTESIAN_POINT('Ctrl Pts',(-3.22352418367881,-10.9736796696337,
4.39984070549937));
#12026=CARTESIAN_POINT('Ctrl Pts',(-3.20150471752619,-10.9925158396391,
4.39982305595064));
#12027=CARTESIAN_POINT('Ctrl Pts',(-3.18006169848121,-11.010858897975,4.39980586844905));
#12028=CARTESIAN_POINT('Ctrl Pts',(-3.15715546408313,-11.0273464749944,
4.39980934033266));
#12029=CARTESIAN_POINT('Ctrl Pts',(-3.13308986374489,-11.0419978030192,
4.3998321907427));
#12030=CARTESIAN_POINT('Ctrl Pts',(-3.12185251656486,-11.0488391889539,
4.39984286066106));
#12031=CARTESIAN_POINT('Ctrl Pts',(-3.11036174488901,-11.0552803253209,
4.39985730301945));
#12032=CARTESIAN_POINT('Ctrl Pts',(-3.09864544354209,-11.0613236160309,
4.39987316482599));
#12033=CARTESIAN_POINT('Ctrl Pts',(-3.07247825403293,-11.0748207025761,
4.39990859058754));
#12034=CARTESIAN_POINT('Ctrl Pts',(-3.04531172336506,-11.0862701258003,
4.39995198597586));
#12035=CARTESIAN_POINT('Ctrl Pts',(-3.01745405073238,-11.0957410527809,
4.39997896834836));
#12036=CARTESIAN_POINT('Ctrl Pts',(-3.00434372184791,-11.1001982437743,
4.39999166674503));
#12037=CARTESIAN_POINT('Ctrl Pts',(-2.99107966792487,-11.1042173744968,
4.40000028078517));
#12038=CARTESIAN_POINT('Ctrl Pts',(-2.97769086761019,-11.1078061902714,
4.40000004172036));
#12039=CARTESIAN_POINT('',(-2.59501253530278,-10.9068655066055,4.90000000000357));
#12040=CARTESIAN_POINT('Ctrl Pts',(-2.97769088238597,-11.107806197903,4.40000002232618));
#12041=CARTESIAN_POINT('Ctrl Pts',(-2.85032151265454,-11.0420209062607,
4.56718055725749));
#12042=CARTESIAN_POINT('Ctrl Pts',(-2.72276368105185,-10.9750674470125,
4.73386246906817));
#12043=CARTESIAN_POINT('Ctrl Pts',(-2.59501253530278,-10.9068655066055,
4.90000000000714));
#12044=CARTESIAN_POINT('',(-2.96970576969688,-10.2432173806262,4.90000000000357));
#12045=CARTESIAN_POINT('Origin',(-2.47474057071204,-10.4013611500135,4.60000000000714));
#12046=CARTESIAN_POINT('Ctrl Pts',(-2.96970576969492,-10.2432173806268,
4.90000000000714));
#12047=CARTESIAN_POINT('Ctrl Pts',(-3.09256498667827,-10.3125832321743,
4.73386246817176));
#12048=CARTESIAN_POINT('Ctrl Pts',(-3.21536869987812,-10.3807426706885,
4.56718055545881));
#12049=CARTESIAN_POINT('Ctrl Pts',(-3.33811228956,-10.4477680399474,4.40000001962009));
#12050=CARTESIAN_POINT('Origin',(-2.47474057071732,-10.4013611500165,4.6));
#12051=CARTESIAN_POINT('',(-2.47474057071732,-10.4013611500165,5.2));
#12052=CARTESIAN_POINT('Origin',(-2.47474057071732,-10.4013611500165,4.6));
#12053=CARTESIAN_POINT('Origin',(-2.47474057071732,-10.4013611500165,4.6));
#12054=CARTESIAN_POINT('Origin',(0.,0.,4.4));
#12055=CARTESIAN_POINT('',(-1.06786564580334,-11.4503127732595,4.40000005377536));
#12056=CARTESIAN_POINT('Origin',(0.,0.,4.4));
#12057=CARTESIAN_POINT('',(-1.37187306336721,-11.1270737184428,4.9));
#12058=CARTESIAN_POINT('Ctrl Pts',(-1.37187306336721,-11.1270737184428,
4.9));
#12059=CARTESIAN_POINT('Ctrl Pts',(-1.27076344005992,-11.2361453434801,
4.7339314914267));
#12060=CARTESIAN_POINT('Ctrl Pts',(-1.16941952508824,-11.3438630160487,
4.56724714389255));
#12061=CARTESIAN_POINT('Ctrl Pts',(-1.06786566187349,-11.450312841109,4.40000008759364));
#12062=CARTESIAN_POINT('Origin',(2.77555756156289E-16,0.,4.9));
#12063=CARTESIAN_POINT('Origin',(-3.25000000000055,-9.07167246368387,4.4));
#12064=CARTESIAN_POINT('',(-2.678260869565,-8.38253653225305,4.4));
#12065=CARTESIAN_POINT('',(0.,0.,4.4));
#12066=CARTESIAN_POINT('',(-3.44347826086939,-8.09829966517169,4.4));
#12067=CARTESIAN_POINT('Origin',(0.,0.,4.4));
#12068=CARTESIAN_POINT('',(-4.49999999999978,-10.5830052442585,4.4));
#12069=CARTESIAN_POINT('',(-1.11022302462516E-15,2.0122792321331E-15,4.4));
#12070=CARTESIAN_POINT('',(-6.00000000000109,-9.81070843517363,4.4));
#12071=CARTESIAN_POINT('Origin',(0.,0.,4.4));
#12072=CARTESIAN_POINT('',(-4.06956521739204,-6.65421963429167,4.4));
#12073=CARTESIAN_POINT('',(-1.11022302462516E-15,2.0122792321331E-15,4.4));
#12074=CARTESIAN_POINT('',(-0.5,-7.78395786216755,4.4));
#12075=CARTESIAN_POINT('Origin',(0.,0.,4.4));
#12076=CARTESIAN_POINT('',(-0.49999999634228,-10.93294262132,4.39999999366464));
#12077=CARTESIAN_POINT('',(-0.5,-11.4891252930761,4.4));
#12078=CARTESIAN_POINT('Ctrl Pts',(-1.06786564354626,-11.4503128603198,
4.40000005741089));
#12079=CARTESIAN_POINT('Ctrl Pts',(-1.03784096910986,-11.453113796405,4.40000064310523));
#12080=CARTESIAN_POINT('Ctrl Pts',(-1.00772347485685,-11.4538391984608,
4.39995169105531));
#12081=CARTESIAN_POINT('Ctrl Pts',(-0.977765997841958,-11.4523244872799,
4.39990664772762));
#12082=CARTESIAN_POINT('Ctrl Pts',(-0.94988543292828,-11.4509147890138,
4.39986472719403));
#12083=CARTESIAN_POINT('Ctrl Pts',(-0.922143155344547,-11.4475645295856,
4.39982620309222));
#12084=CARTESIAN_POINT('Ctrl Pts',(-0.894777278879784,-11.4421328097276,
4.39980744180007));
#12085=CARTESIAN_POINT('Ctrl Pts',(-0.876575910451221,-11.4385201085424,
4.39979496344253));
#12086=CARTESIAN_POINT('Ctrl Pts',(-0.858541736099557,-11.4339864618247,
4.39979069591927));
#12087=CARTESIAN_POINT('Ctrl Pts',(-0.840755343803678,-11.4284890821438,
4.39979201830842));
#12088=CARTESIAN_POINT('Ctrl Pts',(-0.812667768748489,-11.4198078351644,
4.39979410657364));
#12089=CARTESIAN_POINT('Ctrl Pts',(-0.78556457130025,-11.4088314450098,
4.39981996742547));
#12090=CARTESIAN_POINT('Ctrl Pts',(-0.759717692617679,-11.3955285038461,
4.39986277357174));
#12091=CARTESIAN_POINT('Ctrl Pts',(-0.735394591773443,-11.383009824766,
4.3999030561229));
#12092=CARTESIAN_POINT('Ctrl Pts',(-0.712183545733741,-11.3684304117785,
4.39995835588955));
#12093=CARTESIAN_POINT('Ctrl Pts',(-0.690344181015911,-11.3517505555885,
4.3999928329127));
#12094=CARTESIAN_POINT('Ctrl Pts',(-0.685330116070606,-11.3479210539846,
4.40000074843751));
#12095=CARTESIAN_POINT('Ctrl Pts',(-0.680388515924625,-11.3439807910241,
4.40000743339641));
#12096=CARTESIAN_POINT('Ctrl Pts',(-0.675522831468165,-11.3399292110672,
4.40001220887982));
#12097=CARTESIAN_POINT('Ctrl Pts',(-0.670125448474696,-11.3354348939876,
4.40001750620503));
#12098=CARTESIAN_POINT('Ctrl Pts',(-0.664847160546451,-11.3308248726562,
4.40002052710186));
#12099=CARTESIAN_POINT('Ctrl Pts',(-0.659689743850812,-11.3261017500623,
4.40002043885997));
#12100=CARTESIAN_POINT('Ctrl Pts',(-0.638313074670701,-11.3065251606293,
4.40002007311143));
#12101=CARTESIAN_POINT('Ctrl Pts',(-0.619011878244347,-11.2850089531113,
4.39996914786916));
#12102=CARTESIAN_POINT('Ctrl Pts',(-0.601812447418186,-11.2618269095625,
4.39992121657874));
#12103=CARTESIAN_POINT('Ctrl Pts',(-0.587789812759352,-11.2429266720711,
4.39988213836847));
#12104=CARTESIAN_POINT('Ctrl Pts',(-0.575164291215541,-11.2229180172585,
4.39984427937021));
#12105=CARTESIAN_POINT('Ctrl Pts',(-0.563958517311921,-11.2019316840432,
4.39982035027445));
#12106=CARTESIAN_POINT('Ctrl Pts',(-0.550821825819969,-11.1773291008244,
4.39979229784797));
#12107=CARTESIAN_POINT('Ctrl Pts',(-0.539810837094186,-11.1517126912797,
4.39978358819029));
#12108=CARTESIAN_POINT('Ctrl Pts',(-0.53082876761709,-11.1253714750464,
4.39979805948303));
#12109=CARTESIAN_POINT('Ctrl Pts',(-0.525164952847272,-11.1087615200758,
4.39980718463194));
#12110=CARTESIAN_POINT('Ctrl Pts',(-0.520307905986922,-11.091862357126,
4.39982489377922));
#12111=CARTESIAN_POINT('Ctrl Pts',(-0.516234379164531,-11.0747377698645,
4.3998463881145));
#12112=CARTESIAN_POINT('Ctrl Pts',(-0.50946221387053,-11.0462684506277,
4.39988212206147));
#12113=CARTESIAN_POINT('Ctrl Pts',(-0.504889973688835,-11.0173272526159,
4.39992835497579));
#12114=CARTESIAN_POINT('Ctrl Pts',(-0.502366550980161,-10.9881952203422,
4.39996261220835));
#12115=CARTESIAN_POINT('Ctrl Pts',(-0.500776099064279,-10.9698340094424,
4.39998420370825));
#12116=CARTESIAN_POINT('Ctrl Pts',(-0.499999567431,-10.9513959646285,4.40000041974706));
#12117=CARTESIAN_POINT('Ctrl Pts',(-0.500000033146192,-10.9329426680567,
4.40000005741089));
#12118=CARTESIAN_POINT('Origin',(-3.49999999999975,-10.9544511501035,4.4));
#12119=CARTESIAN_POINT('',(-2.31393220904392,-8.19074897041862,4.9));
#12120=CARTESIAN_POINT('',(-2.94052283100997,-10.1518793588302,4.9));
#12121=CARTESIAN_POINT('Ctrl Pts',(-2.678260869565,-8.38253653225305,4.4));
#12122=CARTESIAN_POINT('Ctrl Pts',(-2.49376426660838,-8.28738792371592,
4.65424079396042));
#12123=CARTESIAN_POINT('Ctrl Pts',(-2.31393220904392,-8.19074897041862,
4.9));
#12124=CARTESIAN_POINT('Origin',(-1.30829037686548,-10.6113632939047,4.6));
#12125=CARTESIAN_POINT('',(-0.788675134594813,-10.6113632939047,4.9));
#12126=CARTESIAN_POINT('Origin',(-1.30829037686548,-10.6113632939047,4.6));
#12127=CARTESIAN_POINT('',(-1.30829037686548,-10.6113632939047,5.2));
#12128=CARTESIAN_POINT('Origin',(-1.30829037686548,-10.6113632939047,4.6));
#12129=CARTESIAN_POINT('Origin',(-1.30829037686548,-10.6113632939047,4.6));
#12130=CARTESIAN_POINT('Ctrl Pts',(-0.447466845912532,-10.9904517597596,
4.30900990803866));
#12131=CARTESIAN_POINT('Ctrl Pts',(-0.561665351135239,-10.8657633399724,
4.50680752123281));
#12132=CARTESIAN_POINT('Ctrl Pts',(-0.675418300191831,-10.7394412774016,
4.70383340850962));
#12133=CARTESIAN_POINT('Ctrl Pts',(-0.788675134594812,-10.6113632939047,
4.9));
#12134=CARTESIAN_POINT('Ctrl Pts',(-0.480661007216231,-11.112058035931,
4.3665038819313));
#12135=CARTESIAN_POINT('Ctrl Pts',(-0.595340421695397,-10.9878107881538,
4.56517258888146));
#12136=CARTESIAN_POINT('Ctrl Pts',(-0.709641736252389,-10.8619138186876,
4.76306766127376));
#12137=CARTESIAN_POINT('Ctrl Pts',(-0.823421947708743,-10.7342669796572,
4.96018324571443));
#12138=CARTESIAN_POINT('Ctrl Pts',(-0.633436698831375,-11.3547447624259,
4.43128458684611));
#12139=CARTESIAN_POINT('Ctrl Pts',(-0.750238654505024,-11.2313427370241,
4.63099286778681));
#12140=CARTESIAN_POINT('Ctrl Pts',(-0.866681703955593,-11.1063235212494,
4.83004828948753));
#12141=CARTESIAN_POINT('Ctrl Pts',(-0.982756639915647,-10.9794974096825,
5.02830328602431));
#12142=CARTESIAN_POINT('Ctrl Pts',(-0.888580752077041,-11.4856598924098,
4.3665038819313));
#12143=CARTESIAN_POINT('Ctrl Pts',(-1.0079013420807,-11.3614191233069,4.56517258888146));
#12144=CARTESIAN_POINT('Ctrl Pts',(-1.1269233024997,-11.2354205848319,4.76306766127376));
#12145=CARTESIAN_POINT('Ctrl Pts',(-1.24564118572788,-11.1076271233486,
4.96018324571443));
#12146=CARTESIAN_POINT('Ctrl Pts',(-1.01262856986314,-11.5080669817214,
4.30900990803866));
#12147=CARTESIAN_POINT('Ctrl Pts',(-1.13267689873179,-11.3828638187925,
4.50680752123281));
#12148=CARTESIAN_POINT('Ctrl Pts',(-1.25243843761267,-11.2559133707989,
4.70383340850962));
#12149=CARTESIAN_POINT('Ctrl Pts',(-1.37187306336721,-11.1270737184428,
4.9));
#12150=CARTESIAN_POINT('Ctrl Pts',(-0.500000014717248,-10.9329426882843,
4.40000002549102));
#12151=CARTESIAN_POINT('Ctrl Pts',(-0.596560159724677,-10.8269585293088,
4.56724710263011));
#12152=CARTESIAN_POINT('Ctrl Pts',(-0.692795424598662,-10.719790127299,
4.7339314708717));
#12153=CARTESIAN_POINT('Ctrl Pts',(-0.788675134594812,-10.6113632939047,
4.9));
#12154=CARTESIAN_POINT('Origin',(0.,0.,4.6));
#12155=CARTESIAN_POINT('Origin',(0.,0.,5.2));
#12156=CARTESIAN_POINT('Origin',(-1.30829037686548,-8.42781516292571,4.6));
#12157=CARTESIAN_POINT('',(-0.788675134594813,-8.05013397187179,4.9));
#12158=CARTESIAN_POINT('',(-0.788675134594812,-8.42781516292571,4.9));
#12159=CARTESIAN_POINT('',(-1.30829037686548,-8.50829239637637,5.2));
#12160=CARTESIAN_POINT('Ctrl Pts',(-1.30829037686548,-8.50829239637637,
5.2));
#12161=CARTESIAN_POINT('Ctrl Pts',(-1.30719247831992,-8.50735041424774,
5.2));
#12162=CARTESIAN_POINT('Ctrl Pts',(-1.30609465567954,-8.50640834080847,
5.199996986547));
#12163=CARTESIAN_POINT('Ctrl Pts',(-1.23618729430609,-8.44640883850832,
5.19961325278926));
#12164=CARTESIAN_POINT('Ctrl Pts',(-1.16737099417557,-8.38671157265054,
5.18739858082367));
#12165=CARTESIAN_POINT('Ctrl Pts',(-1.03813082842464,-8.27344018906943,
5.13999633094349));
#12166=CARTESIAN_POINT('Ctrl Pts',(-0.976786082570939,-8.21909426870493,
5.10529134765568));
#12167=CARTESIAN_POINT('Ctrl Pts',(-0.870940380889066,-8.12451700477617,
5.01606575753328));
#12168=CARTESIAN_POINT('Ctrl Pts',(-0.825085080496831,-8.08315113730201,
4.96306387620313));
#12169=CARTESIAN_POINT('Ctrl Pts',(-0.788675134594812,-8.05013397187179,
4.9));
#12170=CARTESIAN_POINT('',(-1.30829037686548,-8.42781516292571,5.2));
#12171=CARTESIAN_POINT('Origin',(-2.44555763202709,-10.3100231282169,4.6));
#12172=CARTESIAN_POINT('',(-1.83839366280872,-8.40969511652946,5.2));
#12173=CARTESIAN_POINT('',(-2.44555763202709,-10.3100231282169,5.2));
#12174=CARTESIAN_POINT('',(-2.00032731628093,-8.12467019445522,5.14947226903969));
#12175=CARTESIAN_POINT('Ctrl Pts',(-2.00032731613272,-8.12467019437093,
5.14947226904345));
#12176=CARTESIAN_POINT('Ctrl Pts',(-1.99301014258376,-8.13774941101538,
5.15427523665209));
#12177=CARTESIAN_POINT('Ctrl Pts',(-1.98563100998157,-8.1509111873837,5.1587247137254));
#12178=CARTESIAN_POINT('Ctrl Pts',(-1.93396828396682,-8.24285919242173,
5.18724214569406));
#12179=CARTESIAN_POINT('Ctrl Pts',(-1.88739923585528,-8.3246956502263,5.19960807924263));
#12180=CARTESIAN_POINT('Ctrl Pts',(-1.83988758345548,-8.4071046962207,5.19999694322092));
#12181=CARTESIAN_POINT('Ctrl Pts',(-1.83914067934815,-8.4083999401059,5.2));
#12182=CARTESIAN_POINT('Ctrl Pts',(-1.83839366280872,-8.40969511652947,
5.2));
#12183=CARTESIAN_POINT('Ctrl Pts',(-2.31393220904396,-8.19074897041864,
4.89999999999995));
#12184=CARTESIAN_POINT('Ctrl Pts',(-2.28170776054468,-8.17343205253576,
4.9440380596513));
#12185=CARTESIAN_POINT('Ctrl Pts',(-2.24460504287656,-8.15941064903996,
4.98466280162953));
#12186=CARTESIAN_POINT('Ctrl Pts',(-2.1504702391593,-8.13473621193456,5.06850275152611));
#12187=CARTESIAN_POINT('Ctrl Pts',(-2.08346423958637,-8.12565737176633,
5.11322612455816));
#12188=CARTESIAN_POINT('Ctrl Pts',(-2.00745122404335,-8.1247034268109,5.14646283791729));
#12189=CARTESIAN_POINT('Ctrl Pts',(-2.00389497216407,-8.1246775056833,5.14798270332013));
#12190=CARTESIAN_POINT('Ctrl Pts',(-2.00032731628579,-8.12467019447494,
5.14947226899339));
#12191=CARTESIAN_POINT('Origin',(0.,0.,4.6));
#12192=CARTESIAN_POINT('Origin',(0.,0.,5.2));
#12193=CARTESIAN_POINT('',(-3.97121964969873,-7.04670702717653,4.9));
#12194=CARTESIAN_POINT('Origin',(-5.55111512312578E-16,0.,4.9));
#12195=CARTESIAN_POINT('',(-3.85313083466994,-7.48377590587081,5.16884197013248));
#12196=CARTESIAN_POINT('Ctrl Pts',(-3.97121964969873,-7.04670702717653,
4.9));
#12197=CARTESIAN_POINT('Ctrl Pts',(-3.95869401516677,-7.09488451790059,
4.96204511627429));
#12198=CARTESIAN_POINT('Ctrl Pts',(-3.94289273650469,-7.15498257570808,
5.01412658467549));
#12199=CARTESIAN_POINT('Ctrl Pts',(-3.90541000443996,-7.29476763254106,
5.10376960448713));
#12200=CARTESIAN_POINT('Ctrl Pts',(-3.88298238188656,-7.37690077589753,
5.13911561424378));
#12201=CARTESIAN_POINT('Ctrl Pts',(-3.85735118251214,-7.46870166370446,
5.16489880719048));
#12202=CARTESIAN_POINT('Ctrl Pts',(-3.85524628951236,-7.47622684870519,
5.16691517262656));
#12203=CARTESIAN_POINT('Ctrl Pts',(-3.85313083466996,-7.48377590587081,
5.16884197013247));
#12204=CARTESIAN_POINT('',(-3.78868082474789,-7.4603936054746,5.14947226908139));
#12205=CARTESIAN_POINT('Ctrl Pts',(-3.85313083466994,-7.48377590587082,
5.16884197013247));
#12206=CARTESIAN_POINT('Ctrl Pts',(-3.83146240770367,-7.47594872628126,
5.1631797434747));
#12207=CARTESIAN_POINT('Ctrl Pts',(-3.80994881251483,-7.46814315277511,
5.15672656622771));
#12208=CARTESIAN_POINT('Ctrl Pts',(-3.78868082474803,-7.46039360547421,
5.1494722690814));
#12209=CARTESIAN_POINT('Origin',(0.,0.,5.14947226908149));
#12210=CARTESIAN_POINT('Origin',(0.,0.,4.4));
#12211=CARTESIAN_POINT('',(-3.59425883007077,-7.71517688889392,4.9));
#12212=CARTESIAN_POINT('Ctrl Pts',(-3.78868082474791,-7.46039360547464,
5.14947226908128));
#12213=CARTESIAN_POINT('Ctrl Pts',(-3.78598290922124,-7.46272830909517,
5.147982623407));
#12214=CARTESIAN_POINT('Ctrl Pts',(-3.7833059182651,-7.46506954950413,5.1464627488295));
#12215=CARTESIAN_POINT('Ctrl Pts',(-3.72634802472779,-7.51541491599653,
5.11322612455816));
#12216=CARTESIAN_POINT('Ctrl Pts',(-3.68151700519422,-7.56603515903376,
5.06850275152611));
#12217=CARTESIAN_POINT('Ctrl Pts',(-3.62631671011619,-7.64617950718583,
4.98466280162923));
#12218=CARTESIAN_POINT('Ctrl Pts',(-3.60736440527644,-7.68102231929448,
4.94403805965062));
#12219=CARTESIAN_POINT('Ctrl Pts',(-3.59425883007043,-7.71517688889482,
4.89999999999885));
#12220=CARTESIAN_POINT('Ctrl Pts',(-3.44347826086939,-8.09829966517169,
4.4));
#12221=CARTESIAN_POINT('Ctrl Pts',(-3.52112173495765,-7.90578019825838,
4.65424079396041));
#12222=CARTESIAN_POINT('Ctrl Pts',(-3.59425883007079,-7.71517688889389,
4.90000000000004));
#12223=CARTESIAN_POINT('Origin',(-4.34776089790117,-8.15934156651529,4.6));
#12224=CARTESIAN_POINT('',(-4.90442316167438,-9.5256573068509,5.19958282086576));
#12225=CARTESIAN_POINT('Origin',(-5.04402337774865,-9.79679700553899,4.6));
#12226=CARTESIAN_POINT('',(-4.65124221077529,-10.200968146914,4.9));
#12227=CARTESIAN_POINT('Ctrl Pts',(-4.90442316167438,-9.5256573068509,5.19958282086579));
#12228=CARTESIAN_POINT('Ctrl Pts',(-4.87332743904645,-9.61174136650693,
5.19725835035255));
#12229=CARTESIAN_POINT('Ctrl Pts',(-4.84171710301405,-9.69795347896337,
5.18519443473112));
#12230=CARTESIAN_POINT('Ctrl Pts',(-4.77880372807275,-9.86724292591956,
5.13923152135933));
#12231=CARTESIAN_POINT('Ctrl Pts',(-4.74700711938718,-9.95153431435958,
5.10404153098063));
#12232=CARTESIAN_POINT('Ctrl Pts',(-4.69307726250551,-10.0928830521835,
5.01413124771175));
#12233=CARTESIAN_POINT('Ctrl Pts',(-4.66992288710003,-10.1528727108567,
4.96237298070002));
#12234=CARTESIAN_POINT('Ctrl Pts',(-4.65124221077529,-10.200968146914,4.9));
#12235=CARTESIAN_POINT('',(-3.8695790862536,-8.36266927001249,4.9));
#12236=CARTESIAN_POINT('Origin',(-4.77168042851059,-9.35148412731408,4.6));
#12237=CARTESIAN_POINT('',(-5.6011773074931,-9.71188025089256,4.9));
#12238=CARTESIAN_POINT('',(-5.21496683202272,-9.08038052265108,4.9));
#12239=CARTESIAN_POINT('Ctrl Pts',(-5.6011773074931,-9.71188025089257,4.9));
#12240=CARTESIAN_POINT('Ctrl Pts',(-5.55451373730774,-9.69999562082335,
4.95821120050218));
#12241=CARTESIAN_POINT('Ctrl Pts',(-5.49713572501613,-9.68526073242751,
5.0071802095589));
#12242=CARTESIAN_POINT('Ctrl Pts',(-5.35167900196801,-9.64735686078669,
5.10050939728072));
#12243=CARTESIAN_POINT('Ctrl Pts',(-5.25860685101806,-9.62271008410211,
5.13868138529547));
#12244=CARTESIAN_POINT('Ctrl Pts',(-5.07904798847593,-9.57414527275732,
5.1854705872695));
#12245=CARTESIAN_POINT('Ctrl Pts',(-4.99154398286518,-9.55007097322372,
5.19728504979225));
#12246=CARTESIAN_POINT('Ctrl Pts',(-4.90442316167407,-9.52565730685201,
5.19958282086576));
#12247=CARTESIAN_POINT('Origin',(-3.25000000000055,-9.07167246368387,5.2));
#12248=CARTESIAN_POINT('Origin',(-6.00000000000109,-9.81070843517363,4.4));
#12249=CARTESIAN_POINT('Ctrl Pts',(-4.06956521739205,-6.65421963429167,
4.4));
#12250=CARTESIAN_POINT('Ctrl Pts',(-4.0225904060405,-6.8491191021233,4.6455374781858));
#12251=CARTESIAN_POINT('Ctrl Pts',(-3.97121964969873,-7.04670702717653,
4.9));
#12252=CARTESIAN_POINT('Ctrl Pts',(-6.00000000000109,-9.81070843517363,
4.4));
#12253=CARTESIAN_POINT('Ctrl Pts',(-5.79900311684248,-9.76226402034956,
4.65321909989312));
#12254=CARTESIAN_POINT('Ctrl Pts',(-5.6011773074931,-9.71188025089256,4.9));
#12255=CARTESIAN_POINT('Origin',(0.,0.,4.4));
#12256=CARTESIAN_POINT('Ctrl Pts',(-0.499999999999999,-7.78395786216755,
4.4));
#12257=CARTESIAN_POINT('Ctrl Pts',(-0.641911206976239,-7.91704591701964,
4.64579742064627));
#12258=CARTESIAN_POINT('Ctrl Pts',(-0.788675134594813,-8.05013397187179,
4.9));
#12259=CARTESIAN_POINT('Origin',(0.,0.,4.6));
#12260=CARTESIAN_POINT('Origin',(-5.55111512312578E-16,0.,4.9));
#12261=CARTESIAN_POINT('Origin',(-3.44347826086939,-8.09829966517169,4.4));
#12262=CARTESIAN_POINT('Ctrl Pts',(-4.49999999999978,-10.5830052442585,
4.4));
#12263=CARTESIAN_POINT('Ctrl Pts',(-4.57733145540842,-10.3912594375989,
4.65321909989317));
#12264=CARTESIAN_POINT('Ctrl Pts',(-4.65124221077529,-10.200968146914,4.9));
#12265=CARTESIAN_POINT('Origin',(0.,0.,4.4));
#12266=CARTESIAN_POINT('Origin',(-0.5,-7.78395786216755,4.4));
#12267=CARTESIAN_POINT('Origin',(2.47474057071774,-10.4013611500164,4.6));
#12268=CARTESIAN_POINT('',(2.59501253530871,-10.9068655066084,4.9));
#12269=CARTESIAN_POINT('',(2.96970576970062,-10.2432173806297,4.9));
#12270=CARTESIAN_POINT('Origin',(2.47474057071774,-10.4013611500164,4.6));
#12271=CARTESIAN_POINT('',(2.47474057071774,-10.4013611500164,5.2));
#12272=CARTESIAN_POINT('Origin',(2.47474057071774,-10.4013611500164,4.6));
#12273=CARTESIAN_POINT('Origin',(2.47474057071774,-10.4013611500164,4.6));
#12274=CARTESIAN_POINT('Ctrl Pts',(3.40051051306859,-10.481746699634,4.31496190030898));
#12275=CARTESIAN_POINT('Ctrl Pts',(3.25698976037967,-10.4038097417202,4.51067034568838));
#12276=CARTESIAN_POINT('Ctrl Pts',(3.11338573377095,-10.3243385476268,4.70570741706682));
#12277=CARTESIAN_POINT('Ctrl Pts',(2.96970576970085,-10.2432173806298,4.89999999999969));
#12278=CARTESIAN_POINT('Ctrl Pts',(3.40719672037027,-10.6053522204835,4.36908857716442));
#12279=CARTESIAN_POINT('Ctrl Pts',(3.26339653250612,-10.5279841704888,4.565591688606));
#12280=CARTESIAN_POINT('Ctrl Pts',(3.11945230843739,-10.4490890660829,4.76142247764992));
#12281=CARTESIAN_POINT('Ctrl Pts',(2.97545580528002,-10.3685449117514,4.95657900224931));
#12282=CARTESIAN_POINT('Ctrl Pts',(3.34231619238459,-10.87707284803,4.42971639973508));
#12283=CARTESIAN_POINT('Ctrl Pts',(3.19692187994323,-10.801139221387,4.62716051214683));
#12284=CARTESIAN_POINT('Ctrl Pts',(3.05137728386088,-10.7237154997992,4.82403746443282));
#12285=CARTESIAN_POINT('Ctrl Pts',(2.90563511658194,-10.6446425890073,5.02022287147995));
#12286=CARTESIAN_POINT('Ctrl Pts',(3.14974341585103,-11.079451967714,4.36908857716442));
#12287=CARTESIAN_POINT('Ctrl Pts',(3.00184268444914,-11.0035844294167,4.565591688606));
#12288=CARTESIAN_POINT('Ctrl Pts',(2.85369392003648,-10.9261270663841,4.76142247764992));
#12289=CARTESIAN_POINT('Ctrl Pts',(2.70529418260278,-10.84704902697,4.95657900224931));
#12290=CARTESIAN_POINT('Ctrl Pts',(3.04242986559848,-11.1411514983828,4.31496190030898));
#12291=CARTESIAN_POINT('Ctrl Pts',(2.89354996098672,-11.0646780197033,4.51067034568838));
#12292=CARTESIAN_POINT('Ctrl Pts',(2.74441345597952,-10.9866255168109,4.70570741706682));
#12293=CARTESIAN_POINT('Ctrl Pts',(2.59501253530895,-10.9068655066085,4.89999999999969));
#12294=CARTESIAN_POINT('',(2.97769088213366,-11.1078061372524,4.39999999351145));
#12295=CARTESIAN_POINT('',(3.33811228810692,-10.4477679877474,4.39999999450128));
#12296=CARTESIAN_POINT('Ctrl Pts',(2.97769086734945,-11.1078061903008,4.40000004216187));
#12297=CARTESIAN_POINT('Ctrl Pts',(3.00681266720671,-11.1000002057386,4.40000056236294));
#12298=CARTESIAN_POINT('Ctrl Pts',(3.03527752171656,-11.0901815736212,4.39995385201588));
#12299=CARTESIAN_POINT('Ctrl Pts',(3.06279562953291,-11.0782911396508,4.3999119337249));
#12300=CARTESIAN_POINT('Ctrl Pts',(3.08841560820666,-11.0672208775972,4.3998729068511));
#12301=CARTESIAN_POINT('Ctrl Pts',(3.11321515875745,-11.0543543687465,4.39983804019906));
#12302=CARTESIAN_POINT('Ctrl Pts',(3.13692500858209,-11.0396464189947,4.39982265783529));
#12303=CARTESIAN_POINT('Ctrl Pts',(3.15194598105221,-11.0303284473522,4.3998129126001));
#12304=CARTESIAN_POINT('Ctrl Pts',(3.16652888047793,-11.0202714518767,4.39981046102131));
#12305=CARTESIAN_POINT('Ctrl Pts',(3.18059635112558,-11.0094656442886,4.39981293647018));
#12306=CARTESIAN_POINT('Ctrl Pts',(3.20406493872587,-10.9914384489009,4.39981706623096));
#12307=CARTESIAN_POINT('Ctrl Pts',(3.22577794632788,-10.9715683027921,4.39984449532759));
#12308=CARTESIAN_POINT('Ctrl Pts',(3.24547655352858,-10.9499312961662,4.39988576819955));
#12309=CARTESIAN_POINT('Ctrl Pts',(3.26404747434942,-10.9295329434931,4.39992467832297));
#12310=CARTESIAN_POINT('Ctrl Pts',(3.28082839722863,-10.9075636247413,4.39997590153877));
#12311=CARTESIAN_POINT('Ctrl Pts',(3.29556676947325,-10.884083211129,4.40000143140784));
#12312=CARTESIAN_POINT('Ctrl Pts',(3.29877542357628,-10.8789713490978,4.40000698945168));
#12313=CARTESIAN_POINT('Ctrl Pts',(3.30188711458631,-10.8737878699935,4.40001120992673));
#12314=CARTESIAN_POINT('Ctrl Pts',(3.30489896748347,-10.8685334076262,4.4000134948081));
#12315=CARTESIAN_POINT('Ctrl Pts',(3.30661569762021,-10.8655384094619,4.40001479717075));
#12316=CARTESIAN_POINT('Ctrl Pts',(3.30829605652433,-10.8625271835048,4.40001548214556));
#12317=CARTESIAN_POINT('Ctrl Pts',(3.30993996424828,-10.8595001021174,4.40001545287567));
#12318=CARTESIAN_POINT('Ctrl Pts',(3.32372576568017,-10.8341150136982,4.40001520741853));
#12319=CARTESIAN_POINT('Ctrl Pts',(3.33495024626212,-10.8076181504515,4.39996764022026));
#12320=CARTESIAN_POINT('Ctrl Pts',(3.34368754469117,-10.7802791363347,4.39992399025854));
#12321=CARTESIAN_POINT('Ctrl Pts',(3.35216778229364,-10.7537444657601,4.39988162452618));
#12322=CARTESIAN_POINT('Ctrl Pts',(3.35830508421499,-10.7264154046934,4.39984252563402));
#12323=CARTESIAN_POINT('Ctrl Pts',(3.36214282112122,-10.698511144185,4.39982432681574));
#12324=CARTESIAN_POINT('Ctrl Pts',(3.36596818840378,-10.6706968234535,4.39980618665509));
#12325=CARTESIAN_POINT('Ctrl Pts',(3.36746129312441,-10.6426579762526,4.39980872598867));
#12326=CARTESIAN_POINT('Ctrl Pts',(3.36680282261577,-10.6146344044755,4.3998307450065));
#12327=CARTESIAN_POINT('Ctrl Pts',(3.36648877927769,-10.6012691650149,4.39984124650318));
#12328=CARTESIAN_POINT('Ctrl Pts',(3.3656850609704,-10.5879067659494,4.39985574320364));
#12329=CARTESIAN_POINT('Ctrl Pts',(3.3644097397022,-10.5745701692226,4.39987188200241));
#12330=CARTESIAN_POINT('Ctrl Pts',(3.36162036432722,-10.5454004412304,4.39990718069067));
#12331=CARTESIAN_POINT('Ctrl Pts',(3.35659003657636,-10.5164957930888,4.39995108510039));
#12332=CARTESIAN_POINT('Ctrl Pts',(3.34954359029325,-10.4880733347596,4.3999784167403));
#12333=CARTESIAN_POINT('Ctrl Pts',(3.34618408147027,-10.4745224616398,4.39999144754785));
#12334=CARTESIAN_POINT('Ctrl Pts',(3.34236602155356,-10.4610805505881,4.40000028575279));
#12335=CARTESIAN_POINT('Ctrl Pts',(3.33811227306799,-10.4477680310905,4.40000004216187));
#12336=CARTESIAN_POINT('Ctrl Pts',(3.33811229091788,-10.4477680408376,4.40000001784978));
#12337=CARTESIAN_POINT('Ctrl Pts',(3.21536869892873,-10.3807426705548,4.56718055695552));
#12338=CARTESIAN_POINT('Ctrl Pts',(3.09256499621641,-10.3125832375591,4.73386245527427));
#12339=CARTESIAN_POINT('Ctrl Pts',(2.96970576970085,-10.2432173806298,4.89999999999969));
#12340=CARTESIAN_POINT('Ctrl Pts',(2.59501253530895,-10.9068655066085,4.89999999999969));
#12341=CARTESIAN_POINT('Ctrl Pts',(2.72276369114853,-10.9750674524024,4.73386245593822));
#12342=CARTESIAN_POINT('Ctrl Pts',(2.8503215120664,-11.042020906379,4.56718055828778));
#12343=CARTESIAN_POINT('Ctrl Pts',(2.97769088434497,-11.1078061990788,4.40000001985415));
#12344=CARTESIAN_POINT('Origin',(0.,0.,4.4));
#12345=CARTESIAN_POINT('',(1.37187306336721,-11.1270737184428,4.9));
#12346=CARTESIAN_POINT('Origin',(6.93889390390723E-16,0.,4.9));
#12347=CARTESIAN_POINT('',(1.06786560515107,-11.4503127989042,4.39999999459995));
#12348=CARTESIAN_POINT('Ctrl Pts',(1.06786562753484,-11.4503128768784,4.40000003102796));
#12349=CARTESIAN_POINT('Ctrl Pts',(1.16941950039021,-11.343863041727,4.56724710322791));
#12350=CARTESIAN_POINT('Ctrl Pts',(1.27076343736472,-11.2361453463875,4.73393148699994));
#12351=CARTESIAN_POINT('Ctrl Pts',(1.37187306336721,-11.1270737184428,4.9));
#12352=CARTESIAN_POINT('Origin',(0.,0.,4.4));
#12353=CARTESIAN_POINT('Origin',(0.,0.,4.6));
#12354=CARTESIAN_POINT('',(1.30829037686548,-10.6113632939047,5.2));
#12355=CARTESIAN_POINT('Origin',(0.,0.,5.2));
#12356=CARTESIAN_POINT('Origin',(1.30829037686547,-10.6113632939047,4.6));
#12357=CARTESIAN_POINT('Origin',(2.0346880668101,-9.02406581929166,4.6));
#12358=CARTESIAN_POINT('',(2.31393220904426,-8.19074897041853,4.9));
#12359=CARTESIAN_POINT('',(2.52965326579297,-8.86592204990492,4.9));
#12360=CARTESIAN_POINT('',(2.00032731628126,-8.12467019445514,5.14947226903968));
#12361=CARTESIAN_POINT('Ctrl Pts',(2.00032731628612,-8.12467019447486,5.14947226899339));
#12362=CARTESIAN_POINT('Ctrl Pts',(2.0038949721644,-8.12467750568322,5.14798270332013));
#12363=CARTESIAN_POINT('Ctrl Pts',(2.00745122404368,-8.12470342681082,5.14646283791729));
#12364=CARTESIAN_POINT('Ctrl Pts',(2.0834642395867,-8.12565737176625,5.11322612455816));
#12365=CARTESIAN_POINT('Ctrl Pts',(2.15047023915963,-8.13473621193447,5.06850275152611));
#12366=CARTESIAN_POINT('Ctrl Pts',(2.24460504287722,-8.15941064903995,4.98466280162923));
#12367=CARTESIAN_POINT('Ctrl Pts',(2.28170776054563,-8.1734320525359,4.94403805965062));
#12368=CARTESIAN_POINT('Ctrl Pts',(2.3139322090451,-8.19074897041898,4.89999999999885));
#12369=CARTESIAN_POINT('',(1.83839366280906,-8.40969511652939,5.2));
#12370=CARTESIAN_POINT('Ctrl Pts',(2.00032731613305,-8.12467019437084,5.14947226904345));
#12371=CARTESIAN_POINT('Ctrl Pts',(1.99301014258303,-8.13774941101719,5.15427523665279));
#12372=CARTESIAN_POINT('Ctrl Pts',(1.98563100997976,-8.15091118738744,5.1587247137267));
#12373=CARTESIAN_POINT('Ctrl Pts',(1.93396828396616,-8.24285919242338,5.18724214569396));
#12374=CARTESIAN_POINT('Ctrl Pts',(1.88739923584655,-8.3246956502483,5.1996080792401));
#12375=CARTESIAN_POINT('Ctrl Pts',(1.83988758346673,-8.40710469620127,5.19999694322087));
#12376=CARTESIAN_POINT('Ctrl Pts',(1.83914067935275,-8.40839994009844,5.2));
#12377=CARTESIAN_POINT('Ctrl Pts',(1.83839366280906,-8.40969511652939,5.2));
#12378=CARTESIAN_POINT('',(2.0346880668101,-9.02406581929166,5.2));
#12379=CARTESIAN_POINT('Ctrl Pts',(1.01268157396286,-11.5080117015107,4.30909724021711));
#12380=CARTESIAN_POINT('Ctrl Pts',(1.13271214247532,-11.3828264587071,4.50686550247824));
#12381=CARTESIAN_POINT('Ctrl Pts',(1.25245602480634,-11.25589439868,4.70386229477116));
#12382=CARTESIAN_POINT('Ctrl Pts',(1.37187306336721,-11.1270737184428,4.9));
#12383=CARTESIAN_POINT('Ctrl Pts',(0.888633432866932,-11.4856050299782,
4.3665915933802));
#12384=CARTESIAN_POINT('Ctrl Pts',(1.00793637074457,-11.3613820511973,4.56523083193235));
#12385=CARTESIAN_POINT('Ctrl Pts',(1.12694078415036,-11.2354017667685,4.76309668727805));
#12386=CARTESIAN_POINT('Ctrl Pts',(1.24564118572788,-11.1076271233486,4.96018324571443));
#12387=CARTESIAN_POINT('Ctrl Pts',(0.633488267437414,-11.3546902815573,
4.43137276755506));
#12388=CARTESIAN_POINT('Ctrl Pts',(0.75027292390418,-11.2313059407882,4.63105144081171));
#12389=CARTESIAN_POINT('Ctrl Pts',(0.866698796422423,-11.1063048456319,
4.83007748327449));
#12390=CARTESIAN_POINT('Ctrl Pts',(0.982756639915648,-10.9794974096825,
5.02830328602431));
#12391=CARTESIAN_POINT('Ctrl Pts',(0.480711647444861,-11.1120031760494,
4.3665915933802));
#12392=CARTESIAN_POINT('Ctrl Pts',(0.595374051233337,-10.9877737401051,
4.56523083193235));
#12393=CARTESIAN_POINT('Ctrl Pts',(0.709658490812486,-10.8618950222149,
4.76309668727805));
#12394=CARTESIAN_POINT('Ctrl Pts',(0.823421947708745,-10.7342669796572,
4.96018324571443));
#12395=CARTESIAN_POINT('Ctrl Pts',(0.44751726716927,-10.9903967068274,4.30909724021711));
#12396=CARTESIAN_POINT('Ctrl Pts',(0.561698826622896,-10.8657261648994,
4.50686550247824));
#12397=CARTESIAN_POINT('Ctrl Pts',(0.675434977682707,-10.7394224174413,
4.70386229477116));
#12398=CARTESIAN_POINT('Ctrl Pts',(0.788675134594814,-10.6113632939047,
4.9));
#12399=CARTESIAN_POINT('',(0.499999997314106,-10.9329426191866,4.3999999953479));
#12400=CARTESIAN_POINT('Ctrl Pts',(0.500000032815502,-10.932942668214,4.40000005683812));
#12401=CARTESIAN_POINT('Ctrl Pts',(0.499999276666238,-10.9629183678742,
4.40000064528301));
#12402=CARTESIAN_POINT('Ctrl Pts',(0.502044388400143,-10.9927926819188,
4.39995268044336));
#12403=CARTESIAN_POINT('Ctrl Pts',(0.506275004090463,-11.0223065466467,
4.39990786035672));
#12404=CARTESIAN_POINT('Ctrl Pts',(0.510217893007038,-11.0498131552917,
4.39986608851173));
#12405=CARTESIAN_POINT('Ctrl Pts',(0.51605946085878,-11.077006965239,4.39982706191202));
#12406=CARTESIAN_POINT('Ctrl Pts',(0.52391978251123,-11.1036422230746,4.39980777116816));
#12407=CARTESIAN_POINT('Ctrl Pts',(0.529243930196466,-11.1216834754076,
4.39979470468389));
#12408=CARTESIAN_POINT('Ctrl Pts',(0.535494417592674,-11.1394677515038,
4.39979019860962));
#12409=CARTESIAN_POINT('Ctrl Pts',(0.542709415401725,-11.1569070675571,
4.39979217160155));
#12410=CARTESIAN_POINT('Ctrl Pts',(0.553902992152206,-11.1839629763578,
4.39979523256388));
#12411=CARTESIAN_POINT('Ctrl Pts',(0.567274409130665,-11.2098303103699,
4.39982273116909));
#12412=CARTESIAN_POINT('Ctrl Pts',(0.582830887415877,-11.234242409016,4.39986605283812));
#12413=CARTESIAN_POINT('Ctrl Pts',(0.597515775887464,-11.2572867600191,
4.3999069473045));
#12414=CARTESIAN_POINT('Ctrl Pts',(0.614148256047288,-11.2790348222111,
4.39996195824812));
#12415=CARTESIAN_POINT('Ctrl Pts',(0.632745422538589,-11.2992268262967,
4.39999518528835));
#12416=CARTESIAN_POINT('Ctrl Pts',(0.637067432150898,-11.3039194785774,
4.40000290730274));
#12417=CARTESIAN_POINT('Ctrl Pts',(0.641495586557322,-11.3085279125495,
4.40000932357799));
#12418=CARTESIAN_POINT('Ctrl Pts',(0.64603014763275,-11.3130485313661,4.40001374166081));
#12419=CARTESIAN_POINT('Ctrl Pts',(0.650499738653494,-11.3175043798892,
4.40001809644244));
#12420=CARTESIAN_POINT('Ctrl Pts',(0.655053606602648,-11.3218558225114,
4.4000205218468));
#12421=CARTESIAN_POINT('Ctrl Pts',(0.659689734572914,-11.3261017598093,
4.40002042269261));
#12422=CARTESIAN_POINT('Ctrl Pts',(0.68105388273069,-11.3456678360876,4.40001996577149));
#12423=CARTESIAN_POINT('Ctrl Pts',(0.704161565232833,-11.3629948744058,
4.39996891519619));
#12424=CARTESIAN_POINT('Ctrl Pts',(0.728735053615801,-11.3780823903854,
4.39992118584063));
#12425=CARTESIAN_POINT('Ctrl Pts',(0.749542675559746,-11.3908577572231,
4.3998807709687));
#12426=CARTESIAN_POINT('Ctrl Pts',(0.771402371021736,-11.4020272819326,
4.39984196344216));
#12427=CARTESIAN_POINT('Ctrl Pts',(0.794164000169014,-11.411579436815,4.3998181432151));
#12428=CARTESIAN_POINT('Ctrl Pts',(0.820010862162245,-11.422426341814,4.39979109426718));
#12429=CARTESIAN_POINT('Ctrl Pts',(0.846678299120115,-11.4310453523459,
4.39978342952302));
#12430=CARTESIAN_POINT('Ctrl Pts',(0.873882321830415,-11.4375578279362,
4.39979901128507));
#12431=CARTESIAN_POINT('Ctrl Pts',(0.890742653450842,-11.4415940875472,
4.39980866844783));
#12432=CARTESIAN_POINT('Ctrl Pts',(0.907810059216783,-11.4448210911326,
4.39982658497026));
#12433=CARTESIAN_POINT('Ctrl Pts',(0.925024765313516,-11.4472663912614,
4.39984784030669));
#12434=CARTESIAN_POINT('Ctrl Pts',(0.954132277540436,-11.4514010307376,
4.39988377992493));
#12435=CARTESIAN_POINT('Ctrl Pts',(0.983509523979075,-11.4532807424345,
4.39992941710191));
#12436=CARTESIAN_POINT('Ctrl Pts',(1.01288634772736,-11.4530804041906,4.39996331548258));
#12437=CARTESIAN_POINT('Ctrl Pts',(1.03123116263379,-11.4529552998555,4.3999844838541));
#12438=CARTESIAN_POINT('Ctrl Pts',(1.04957679573959,-11.452018986728,4.40000041351732));
#12439=CARTESIAN_POINT('Ctrl Pts',(1.06786564320699,-11.4503128604507,4.40000005683812));
#12440=CARTESIAN_POINT('',(0.788675134594812,-10.6113632939047,4.9));
#12441=CARTESIAN_POINT('Origin',(1.30829037686548,-10.6113632939047,4.6));
#12442=CARTESIAN_POINT('Ctrl Pts',(0.788675134594814,-10.6113632939047,
4.9));
#12443=CARTESIAN_POINT('Ctrl Pts',(0.69279543323399,-10.7197901175336,4.73393148582852));
#12444=CARTESIAN_POINT('Ctrl Pts',(0.596560158712161,-10.8269585299012,
4.56724710087637));
#12445=CARTESIAN_POINT('Ctrl Pts',(0.500000015870644,-10.9329426868126,
4.40000002748876));
#12446=CARTESIAN_POINT('Origin',(1.30829037686547,-10.6113632939047,4.6));
#12447=CARTESIAN_POINT('Origin',(1.30829037686548,-10.6113632939047,4.6));
#12448=CARTESIAN_POINT('Origin',(3.24999999999946,-9.07167246368432,4.4));
#12449=CARTESIAN_POINT('',(0.5,-7.78395786216755,4.4));
#12450=CARTESIAN_POINT('',(0.5,-7.78395786216755,4.4));
#12451=CARTESIAN_POINT('',(4.06956521739056,-6.65421963429258,4.4));
#12452=CARTESIAN_POINT('Origin',(0.,0.,4.4));
#12453=CARTESIAN_POINT('',(5.99999999999891,-9.81070843517496,4.4));
#12454=CARTESIAN_POINT('',(5.99999999999891,-9.81070843517496,4.4));
#12455=CARTESIAN_POINT('',(4.50000000000022,-10.5830052442583,4.4));
#12456=CARTESIAN_POINT('Origin',(0.,0.,4.4));
#12457=CARTESIAN_POINT('',(3.44347826086974,-8.09829966517155,4.4));
#12458=CARTESIAN_POINT('',(4.50000000000022,-10.5830052442583,4.4));
#12459=CARTESIAN_POINT('',(2.67826086956534,-8.38253653225294,4.4));
#12460=CARTESIAN_POINT('Origin',(0.,0.,4.4));
#12461=CARTESIAN_POINT('',(3.50000000000025,-10.9544511501035,4.4));
#12462=CARTESIAN_POINT('Origin',(0.5,-11.4891252930761,4.4));
#12463=CARTESIAN_POINT('',(0.788675134594813,-8.05013397187179,4.9));
#12464=CARTESIAN_POINT('',(0.788675134594813,-10.2803988783802,4.9));
#12465=CARTESIAN_POINT('Ctrl Pts',(0.499999999999999,-7.78395786216755,
4.4));
#12466=CARTESIAN_POINT('Ctrl Pts',(0.64191120697627,-7.91704591701967,4.64579742064632));
#12467=CARTESIAN_POINT('Ctrl Pts',(0.788675134594813,-8.05013397187179,
4.9));
#12468=CARTESIAN_POINT('Origin',(5.23528084367953,-10.168268434041,4.65308469692519));
#12469=CARTESIAN_POINT('',(5.27706103000585,-9.62746380581391,5.12682344875425));
#12470=CARTESIAN_POINT('',(5.48730978126904,-9.52569340089416,4.9));
#12471=CARTESIAN_POINT('Origin',(5.04402337775685,-9.79679700555707,4.6));
#12472=CARTESIAN_POINT('',(4.42749052009451,-7.46725049000429,4.60584058507988));
#12473=CARTESIAN_POINT('',(5.67856724719173,-9.89716482937813,4.95308469692519));
#12474=CARTESIAN_POINT('',(3.50602230493475,-7.94168179816443,4.60584058507988));
#12475=CARTESIAN_POINT('Ctrl Pts',(3.50602230493477,-7.94168179816436,4.60584058507997));
#12476=CARTESIAN_POINT('Ctrl Pts',(3.52041267919386,-7.90528413331008,4.65344681454987));
#12477=CARTESIAN_POINT('Ctrl Pts',(3.54277412364509,-7.86784889481283,4.69687880664566));
#12478=CARTESIAN_POINT('Ctrl Pts',(3.60547711100499,-7.78705862415976,4.77915348711798));
#12479=CARTESIAN_POINT('Ctrl Pts',(3.65388154048869,-7.73877076643376,4.81966174851496));
#12480=CARTESIAN_POINT('Ctrl Pts',(3.76839642388412,-7.6489087529638,4.87367928880965));
#12481=CARTESIAN_POINT('Ctrl Pts',(3.83449428158776,-7.6072970258704,4.88715275532123));
#12482=CARTESIAN_POINT('Ctrl Pts',(3.96449845605651,-7.54036248646386,4.88715275532123));
#12483=CARTESIAN_POINT('Ctrl Pts',(4.03676636229116,-7.51073458823992,4.87367928880965));
#12484=CARTESIAN_POINT('Ctrl Pts',(4.17643453346695,-7.4697267603975,4.81966174851496));
#12485=CARTESIAN_POINT('Ctrl Pts',(4.2438580625868,-7.45837890956867,4.77915348711798));
#12486=CARTESIAN_POINT('Ctrl Pts',(4.34604358805555,-7.45427393201363,4.69687880664566));
#12487=CARTESIAN_POINT('Ctrl Pts',(4.38950460616061,-7.45781951864536,4.65344681454987));
#12488=CARTESIAN_POINT('Ctrl Pts',(4.42749052009444,-7.46725049000427,4.60584058507997));
#12489=CARTESIAN_POINT('',(4.65860645135245,-10.180298090934,4.92574746971306));
#12490=CARTESIAN_POINT('',(4.75709903203197,-10.3715961375383,4.95308469692518));
#12491=CARTESIAN_POINT('Ctrl Pts',(4.65860645135451,-10.1802980908826,4.92574746975124));
#12492=CARTESIAN_POINT('Ctrl Pts',(4.67120983759675,-10.141602068065,4.9720630814852));
#12493=CARTESIAN_POINT('Ctrl Pts',(4.68700378840488,-10.096156716475,5.01164137846574));
#12494=CARTESIAN_POINT('Ctrl Pts',(4.72331811111014,-9.99950546089072,5.07698545765902));
#12495=CARTESIAN_POINT('Ctrl Pts',(4.74382343055612,-9.94799717112345,5.1032325157204));
#12496=CARTESIAN_POINT('Ctrl Pts',(4.79379311785733,-9.83703351390179,5.14703644881232));
#12497=CARTESIAN_POINT('Ctrl Pts',(4.82267816105615,-9.78086825585772,5.1614595014204));
#12498=CARTESIAN_POINT('Ctrl Pts',(4.87969103558847,-9.69984720554645,5.17689506875046));
#12499=CARTESIAN_POINT('Ctrl Pts',(4.90201509917191,-9.67760653635223,5.17923259584886));
#12500=CARTESIAN_POINT('Ctrl Pts',(4.94479400756296,-9.64306103624846,5.18220281074157));
#12501=CARTESIAN_POINT('Ctrl Pts',(4.9710727671919,-9.62904969519917,5.18230357062228));
#12502=CARTESIAN_POINT('Ctrl Pts',(5.05332912657974,-9.6040983302737,5.178209511737));
#12503=CARTESIAN_POINT('Ctrl Pts',(5.10758776904092,-9.60596729285874,5.17029808018012));
#12504=CARTESIAN_POINT('Ctrl Pts',(5.18612058581531,-9.61172725400445,5.15473303378259));
#12505=CARTESIAN_POINT('Ctrl Pts',(5.23094823342035,-9.61851417203641,5.14318219180976));
#12506=CARTESIAN_POINT('Ctrl Pts',(5.27706102971216,-9.62746380718433,5.12682344867612));
#12507=CARTESIAN_POINT('Origin',(4.06956521739056,-6.65421963429258,4.4));
#12508=CARTESIAN_POINT('',(4.19186613321843,-7.40749008002312,4.9));
#12509=CARTESIAN_POINT('Ctrl Pts',(4.42749052009451,-7.46725049000429,4.60584058507988));
#12510=CARTESIAN_POINT('Ctrl Pts',(4.30894526449966,-7.43781860869696,4.75440862138537));
#12511=CARTESIAN_POINT('Ctrl Pts',(4.19186613321843,-7.40749008002312,4.9));
#12512=CARTESIAN_POINT('',(5.60117730749094,-9.71188025089381,4.9));
#12513=CARTESIAN_POINT('',(4.2497494407166,-7.50213612221115,4.9));
#12514=CARTESIAN_POINT('Ctrl Pts',(5.99999999999891,-9.81070843517496,4.4));
#12515=CARTESIAN_POINT('Ctrl Pts',(5.79900311684024,-9.76226402035083,4.6532190998932));
#12516=CARTESIAN_POINT('Ctrl Pts',(5.60117730749094,-9.71188025089381,4.9));
#12517=CARTESIAN_POINT('',(3.97121964969716,-7.04670702717742,4.9));
#12518=CARTESIAN_POINT('Ctrl Pts',(4.06956521739057,-6.65421963429258,4.4));
#12519=CARTESIAN_POINT('Ctrl Pts',(4.02259040603897,-6.84911910212421,4.64553747818582));
#12520=CARTESIAN_POINT('Ctrl Pts',(3.97121964969716,-7.04670702717742,4.9));
#12521=CARTESIAN_POINT('',(4.2497494407166,-7.50213612221115,4.9));
#12522=CARTESIAN_POINT('Origin',(3.8064630372044,-7.77323972687406,4.6));
#12523=CARTESIAN_POINT('Ctrl Pts',(5.27706103023224,-9.62746380562122,5.12682344928698));
#12524=CARTESIAN_POINT('Ctrl Pts',(5.3270926171292,-9.64078681150574,5.10734767201537));
#12525=CARTESIAN_POINT('Ctrl Pts',(5.37560254955184,-9.65356556820277,5.08371928912817));
#12526=CARTESIAN_POINT('Ctrl Pts',(5.48889750340793,-9.68314343041462,5.01413124771174));
#12527=CARTESIAN_POINT('Ctrl Pts',(5.55117754906891,-9.69914593523738,4.96237298070002));
#12528=CARTESIAN_POINT('Ctrl Pts',(5.60117730749094,-9.71188025089381,4.9));
#12529=CARTESIAN_POINT('Origin',(3.8064630372044,-7.77323972687406,4.6));
#12530=CARTESIAN_POINT('',(3.87153892856655,-7.41773290601721,5.14947226908148));
#12531=CARTESIAN_POINT('Ctrl Pts',(4.19186613321843,-7.40749008002312,4.9));
#12532=CARTESIAN_POINT('Ctrl Pts',(4.15645237578067,-7.39831639427618,4.94403805965133));
#12533=CARTESIAN_POINT('Ctrl Pts',(4.11708192943217,-7.39350189859423,4.98466280162954));
#12534=CARTESIAN_POINT('Ctrl Pts',(4.01978062926255,-7.39187521403567,5.06850275152611));
#12535=CARTESIAN_POINT('Ctrl Pts',(3.95253449987711,-7.39895952065268,5.11322612455816));
#12536=CARTESIAN_POINT('Ctrl Pts',(3.87846715680067,-7.41607434589688,5.14646283794783));
#12537=CARTESIAN_POINT('Ctrl Pts',(3.87500637323696,-7.41689323353216,5.14798270338004));
#12538=CARTESIAN_POINT('Ctrl Pts',(3.87153892856656,-7.41773290601726,5.14947226908147));
#12539=CARTESIAN_POINT('Ctrl Pts',(3.87153892856654,-7.41773290601718,5.14947226908146));
#12540=CARTESIAN_POINT('Ctrl Pts',(3.89039005866677,-7.34973396722009,5.12685819726795));
#12541=CARTESIAN_POINT('Ctrl Pts',(3.90833300242551,-7.28383862970113,5.09642073908069));
#12542=CARTESIAN_POINT('Ctrl Pts',(3.94247352740872,-7.15657562365468,5.0155061029777));
#12543=CARTESIAN_POINT('Ctrl Pts',(3.95852750502312,-7.0955249677569,4.96286991609576));
#12544=CARTESIAN_POINT('Ctrl Pts',(3.97121964969716,-7.04670702717742,4.9));
#12545=CARTESIAN_POINT('Origin',(1.30829037686548,-10.2803988783802,4.6));
#12546=CARTESIAN_POINT('',(1.30829037686548,-8.50829239637637,5.2));
#12547=CARTESIAN_POINT('',(1.30829037686548,-10.2803988783802,5.2));
#12548=CARTESIAN_POINT('Ctrl Pts',(1.30829037686548,-8.50829239637637,5.2));
#12549=CARTESIAN_POINT('Ctrl Pts',(1.30719247831991,-8.50735041424773,5.2));
#12550=CARTESIAN_POINT('Ctrl Pts',(1.30609465567954,-8.50640834080848,5.199996986547));
#12551=CARTESIAN_POINT('Ctrl Pts',(1.23618729430579,-8.44640883850801,5.19961325278925));
#12552=CARTESIAN_POINT('Ctrl Pts',(1.16737099417552,-8.38671157265049,5.18739858082365));
#12553=CARTESIAN_POINT('Ctrl Pts',(1.03813082842465,-8.27344018906944,5.13999633094349));
#12554=CARTESIAN_POINT('Ctrl Pts',(0.976786082570939,-8.21909426870493,
5.10529134765568));
#12555=CARTESIAN_POINT('Ctrl Pts',(0.870940380889066,-8.12451700477617,
5.01606575753328));
#12556=CARTESIAN_POINT('Ctrl Pts',(0.825085080496831,-8.08315113730201,
4.96306387620313));
#12557=CARTESIAN_POINT('Ctrl Pts',(0.788675134594813,-8.05013397187179,
4.9));
#12558=CARTESIAN_POINT('Origin',(0.,0.,4.6));
#12559=CARTESIAN_POINT('Origin',(0.,0.,5.14947226908149));
#12560=CARTESIAN_POINT('Origin',(-4.16333634234434E-16,-5.55111512312578E-16,
4.9));
#12561=CARTESIAN_POINT('Origin',(0.,0.,5.2));
#12562=CARTESIAN_POINT('Origin',(0.,0.,4.6));
#12563=CARTESIAN_POINT('',(4.65124221077572,-10.2009681469138,4.9));
#12564=CARTESIAN_POINT('Ctrl Pts',(4.65860645134196,-10.1802980909211,4.92574746970511));
#12565=CARTESIAN_POINT('Ctrl Pts',(4.65628887698723,-10.1874137111488,4.91723072096037));
#12566=CARTESIAN_POINT('Ctrl Pts',(4.65382637157032,-10.1943149434592,4.90862826423225));
#12567=CARTESIAN_POINT('Ctrl Pts',(4.65124221077572,-10.2009681469138,4.9));
#12568=CARTESIAN_POINT('Origin',(5.55111512312578E-16,1.11022302462516E-15,
4.9));
#12569=CARTESIAN_POINT('Origin',(0.,0.,4.4));
#12570=CARTESIAN_POINT('Ctrl Pts',(4.50000000000022,-10.5830052442583,4.4));
#12571=CARTESIAN_POINT('Ctrl Pts',(4.57733145540887,-10.3912594375987,4.65321909989323));
#12572=CARTESIAN_POINT('Ctrl Pts',(4.65124221077572,-10.2009681469138,4.9));
#12573=CARTESIAN_POINT('Origin',(4.50000000000022,-10.5830052442583,4.4));
#12574=CARTESIAN_POINT('Ctrl Pts',(3.44347826086974,-8.09829966517155,4.4));
#12575=CARTESIAN_POINT('Ctrl Pts',(3.47512459566419,-8.01983157012644,4.50362479755781));
#12576=CARTESIAN_POINT('Ctrl Pts',(3.50602230493476,-7.94168179816439,4.60584058507992));
#12577=CARTESIAN_POINT('Origin',(3.24999999999946,-9.07167246368432,5.2));
#12578=CARTESIAN_POINT('Origin',(0.,0.,4.4));
#12579=CARTESIAN_POINT('Ctrl Pts',(2.67826086956534,-8.38253653225294,4.4));
#12580=CARTESIAN_POINT('Ctrl Pts',(2.49376426660874,-8.28738792371583,4.65424079396039));
#12581=CARTESIAN_POINT('Ctrl Pts',(2.31393220904423,-8.19074897041852,4.90000000000004));
#12582=CARTESIAN_POINT('Origin',(2.67826086956534,-8.38253653225294,4.4));
#12583=CARTESIAN_POINT('Origin',(0.,0.,4.4));
#12584=CARTESIAN_POINT('',(0.,0.,0.));
#12585=CARTESIAN_POINT('Ctrl Pts',(6.,0.,2.5));
#12586=CARTESIAN_POINT('Ctrl Pts',(6.,-0.966643893412244,2.49717948717949));
#12587=CARTESIAN_POINT('Ctrl Pts',(5.52432603232702,-2.89907271509082,2.49153846153846));
#12588=CARTESIAN_POINT('Ctrl Pts',(3.54383075638339,-5.13439519277707,2.48307692307692));
#12589=CARTESIAN_POINT('Ctrl Pts',(0.752050522468769,-6.19312360899327,
2.47461538461538));
#12590=CARTESIAN_POINT('Ctrl Pts',(-2.21228919717293,-5.83326335988371,
2.46615384615385));
#12591=CARTESIAN_POINT('Ctrl Pts',(-4.66968236375035,-4.1369812003445,2.45769230769231));
#12592=CARTESIAN_POINT('Ctrl Pts',(-6.05737733942284,-1.49301290682021,
2.44923076923077));
#12593=CARTESIAN_POINT('Ctrl Pts',(-6.05736479853588,1.49301017817013,2.44076923076923));
#12594=CARTESIAN_POINT('Ctrl Pts',(-4.66970091488238,4.1369906940956,2.43230769230769));
#12595=CARTESIAN_POINT('Ctrl Pts',(-2.21225573400773,5.83324254757414,2.42384615384615));
#12596=CARTESIAN_POINT('Ctrl Pts',(0.751985963769845,6.19316576405492,2.41538461538461));
#12597=CARTESIAN_POINT('Ctrl Pts',(3.54395907790089,5.13431089521792,2.40692307692308));
#12598=CARTESIAN_POINT('Ctrl Pts',(5.52405269094707,2.89924648668312,2.39846153846154));
#12599=CARTESIAN_POINT('Ctrl Pts',(6.23865300578075,4.77199979733851E-8,
2.39));
#12600=CARTESIAN_POINT('Ctrl Pts',(5.52405279603646,-2.8992466049884,2.38153846153846));
#12601=CARTESIAN_POINT('Ctrl Pts',(3.54395881736796,-5.13431069736069,2.37307692307692));
#12602=CARTESIAN_POINT('Ctrl Pts',(0.751986504582145,-6.19316613626846,
2.36461538461538));
#12603=CARTESIAN_POINT('Ctrl Pts',(-2.21225681423262,-5.83324182265608,
2.35615384615385));
#12604=CARTESIAN_POINT('Ctrl Pts',(-4.66969877764846,-4.13699211906692,
2.34769230769231));
#12605=CARTESIAN_POINT('Ctrl Pts',(-6.05736901685453,-1.49300737035983,
2.33923076923077));
#12606=CARTESIAN_POINT('Ctrl Pts',(-6.05736901869268,1.49300737075976,2.33076923076923));
#12607=CARTESIAN_POINT('Ctrl Pts',(-4.66969877492955,4.13699211767545,2.32230769230769));
#12608=CARTESIAN_POINT('Ctrl Pts',(-2.21225681913508,5.8332418257058,2.31384615384615));
#12609=CARTESIAN_POINT('Ctrl Pts',(0.751986514017168,6.1931661300992,2.30538461538462));
#12610=CARTESIAN_POINT('Ctrl Pts',(3.54395879887948,5.13431070960554,2.29692307692308));
#12611=CARTESIAN_POINT('Ctrl Pts',(5.52405283243719,2.89924658080081,2.28846153846154));
#12612=CARTESIAN_POINT('Ctrl Pts',(6.23865293402613,6.37330881880604E-15,
2.28));
#12613=CARTESIAN_POINT('Ctrl Pts',(5.5240528324372,-2.8992465808008,2.27153846153846));
#12614=CARTESIAN_POINT('Ctrl Pts',(3.5439587988795,-5.13431070960553,2.26307692307692));
#12615=CARTESIAN_POINT('Ctrl Pts',(0.751986514017178,-6.1931661300992,2.25461538461539));
#12616=CARTESIAN_POINT('Ctrl Pts',(-2.21225681913507,-5.83324182570581,
2.24615384615385));
#12617=CARTESIAN_POINT('Ctrl Pts',(-4.66969877492954,-4.13699211767545,
2.23769230769231));
#12618=CARTESIAN_POINT('Ctrl Pts',(-6.05736901869268,-1.49300737075977,
2.22923076923077));
#12619=CARTESIAN_POINT('Ctrl Pts',(-6.05736901685453,1.49300737035981,2.22076923076923));
#12620=CARTESIAN_POINT('Ctrl Pts',(-4.66969877764846,4.13699211906693,2.21230769230769));
#12621=CARTESIAN_POINT('Ctrl Pts',(-2.21225681423263,5.83324182265607,2.20384615384615));
#12622=CARTESIAN_POINT('Ctrl Pts',(0.751986504582136,6.19316613626847,2.19538461538462));
#12623=CARTESIAN_POINT('Ctrl Pts',(3.54395881736794,5.1343106973607,2.18692307692308));
#12624=CARTESIAN_POINT('Ctrl Pts',(5.52405279603646,2.89924660498843,2.17846153846154));
#12625=CARTESIAN_POINT('Ctrl Pts',(6.23865300578074,-4.77199872614353E-8,
2.17));
#12626=CARTESIAN_POINT('Ctrl Pts',(5.52405269094708,-2.89924648668311,2.16153846153846));
#12627=CARTESIAN_POINT('Ctrl Pts',(3.5439590779009,-5.13431089521792,2.15307692307692));
#12628=CARTESIAN_POINT('Ctrl Pts',(0.751985963769858,-6.19316576405491,
2.14461538461538));
#12629=CARTESIAN_POINT('Ctrl Pts',(-2.21225573400772,-5.83324254757415,
2.13615384615385));
#12630=CARTESIAN_POINT('Ctrl Pts',(-4.66970091488238,-4.1369906940956,2.12769230769231));
#12631=CARTESIAN_POINT('Ctrl Pts',(-6.05736479853587,-1.49301017817014,
2.11923076923077));
#12632=CARTESIAN_POINT('Ctrl Pts',(-6.05737733942284,1.4930129068202,2.11076923076923));
#12633=CARTESIAN_POINT('Ctrl Pts',(-4.66968236375036,4.13698120034449,2.10230769230769));
#12634=CARTESIAN_POINT('Ctrl Pts',(-2.21228919717295,5.83326335988371,2.09384615384615));
#12635=CARTESIAN_POINT('Ctrl Pts',(0.752050522468756,6.19312360899327,2.08538461538462));
#12636=CARTESIAN_POINT('Ctrl Pts',(3.54383075638338,5.1343951927771,2.07692307692308));
#12637=CARTESIAN_POINT('Ctrl Pts',(5.52432603232702,2.89907271509083,2.06846153846154));
#12638=CARTESIAN_POINT('Ctrl Pts',(6.,0.966643893412253,2.06282051282051));
#12639=CARTESIAN_POINT('Ctrl Pts',(6.,5.8783046359073E-15,2.06));
#12640=CARTESIAN_POINT('Ctrl Pts',(6.,0.,2.49252001749145));
#12641=CARTESIAN_POINT('Ctrl Pts',(6.,-0.966657852760393,2.48969950467094));
#12642=CARTESIAN_POINT('Ctrl Pts',(5.52432741532397,-2.89906449047307,2.48405847902991));
#12643=CARTESIAN_POINT('Ctrl Pts',(3.54383103582573,-5.13440003160625,2.47559694056838));
#12644=CARTESIAN_POINT('Ctrl Pts',(0.752050764476758,-6.19312251452707,
2.46713540210684));
#12645=CARTESIAN_POINT('Ctrl Pts',(-2.21228959666464,-5.83326526967489,
2.4586738636453));
#12646=CARTESIAN_POINT('Ctrl Pts',(-4.66968303716377,-4.13698130526047,
2.45021232518376));
#12647=CARTESIAN_POINT('Ctrl Pts',(-6.0573782722869,-1.49301339671533,2.44175078672222));
#12648=CARTESIAN_POINT('Ctrl Pts',(-6.05736570626889,1.49301053789585,2.43328924826068));
#12649=CARTESIAN_POINT('Ctrl Pts',(-4.66970162547096,4.13699125192293,2.42482770979915));
#12650=CARTESIAN_POINT('Ctrl Pts',(-2.21225606644161,5.8332434642942,2.4163661713376));
#12651=CARTESIAN_POINT('Ctrl Pts',(0.751986076406753,6.19316668332387,2.40790463287607));
#12652=CARTESIAN_POINT('Ctrl Pts',(3.5439596144905,5.13431168064552,2.39944309441453));
#12653=CARTESIAN_POINT('Ctrl Pts',(5.52405352618717,2.89924692071041,2.39098155595299));
#12654=CARTESIAN_POINT('Ctrl Pts',(6.23865394953271,4.99964400078784E-8,
2.38252001749145));
#12655=CARTESIAN_POINT('Ctrl Pts',(5.52405363148715,-2.89924704465935,2.37405847902991));
#12656=CARTESIAN_POINT('Ctrl Pts',(3.54395935343548,-5.13431147334968,2.36559694056838));
#12657=CARTESIAN_POINT('Ctrl Pts',(0.751986618302805,-6.19316707329353,
2.35713540210684));
#12658=CARTESIAN_POINT('Ctrl Pts',(-2.2122571488312,-5.83324270479457,2.3486738636453));
#12659=CARTESIAN_POINT('Ctrl Pts',(-4.66969948395417,-4.13699274487124,
2.34021232518376));
#12660=CARTESIAN_POINT('Ctrl Pts',(-6.05736993304076,-1.49300759614135,
2.33175078672222));
#12661=CARTESIAN_POINT('Ctrl Pts',(-6.0573699348826,1.49300759656037,2.32328924826068));
#12662=CARTESIAN_POINT('Ctrl Pts',(-4.66969948122982,4.13699274341337,2.31482770979915));
#12663=CARTESIAN_POINT('Ctrl Pts',(-2.21225715374348,5.83324270798978,2.30636617133761));
#12664=CARTESIAN_POINT('Ctrl Pts',(0.751986627756733,6.19316706682996,2.29790463287607));
#12665=CARTESIAN_POINT('Ctrl Pts',(3.54395933490996,5.13431148617866,2.28944309441453));
#12666=CARTESIAN_POINT('Ctrl Pts',(5.52405366796083,2.8992470193179,2.28098155595299));
#12667=CARTESIAN_POINT('Ctrl Pts',(6.23865387763431,7.01063970068664E-15,
2.27252001749145));
#12668=CARTESIAN_POINT('Ctrl Pts',(5.52405366796083,-2.89924701931789,2.26405847902991));
#12669=CARTESIAN_POINT('Ctrl Pts',(3.54395933490997,-5.13431148617865,2.25559694056838));
#12670=CARTESIAN_POINT('Ctrl Pts',(0.751986627756746,-6.19316706682996,
2.24713540210684));
#12671=CARTESIAN_POINT('Ctrl Pts',(-2.21225715374348,-5.83324270798978,
2.2386738636453));
#12672=CARTESIAN_POINT('Ctrl Pts',(-4.66969948122981,-4.13699274341338,
2.23021232518376));
#12673=CARTESIAN_POINT('Ctrl Pts',(-6.0573699348826,-1.49300759656038,2.22175078672222));
#12674=CARTESIAN_POINT('Ctrl Pts',(-6.05736993304076,1.49300759614134,2.21328924826068));
#12675=CARTESIAN_POINT('Ctrl Pts',(-4.66969948395418,4.13699274487122,2.20482770979915));
#12676=CARTESIAN_POINT('Ctrl Pts',(-2.2122571488312,5.83324270479458,2.19636617133761));
#12677=CARTESIAN_POINT('Ctrl Pts',(0.751986618302789,6.19316707329352,2.18790463287607));
#12678=CARTESIAN_POINT('Ctrl Pts',(3.54395935343547,5.13431147334969,2.17944309441453));
#12679=CARTESIAN_POINT('Ctrl Pts',(5.52405363148714,2.89924704465936,2.17098155595299));
#12680=CARTESIAN_POINT('Ctrl Pts',(6.23865394953272,-4.99964254625938E-8,
2.16252001749145));
#12681=CARTESIAN_POINT('Ctrl Pts',(5.52405352618718,-2.8992469207104,2.15405847902991));
#12682=CARTESIAN_POINT('Ctrl Pts',(3.54395961449051,-5.13431168064551,2.14559694056838));
#12683=CARTESIAN_POINT('Ctrl Pts',(0.751986076406768,-6.19316668332386,
2.13713540210684));
#12684=CARTESIAN_POINT('Ctrl Pts',(-2.21225606644161,-5.83324346429421,
2.1286738636453));
#12685=CARTESIAN_POINT('Ctrl Pts',(-4.66970162547096,-4.13699125192293,
2.12021232518376));
#12686=CARTESIAN_POINT('Ctrl Pts',(-6.05736570626889,-1.49301053789586,
2.11175078672222));
#12687=CARTESIAN_POINT('Ctrl Pts',(-6.05737827228691,1.49301339671532,2.10328924826068));
#12688=CARTESIAN_POINT('Ctrl Pts',(-4.66968303716378,4.13698130526044,2.09482770979915));
#12689=CARTESIAN_POINT('Ctrl Pts',(-2.21228959666466,5.83326526967489,2.08636617133761));
#12690=CARTESIAN_POINT('Ctrl Pts',(0.752050764476743,6.19312251452707,2.07790463287607));
#12691=CARTESIAN_POINT('Ctrl Pts',(3.54383103582572,5.13440003160625,2.06944309441453));
#12692=CARTESIAN_POINT('Ctrl Pts',(5.52432741532396,2.89906449047309,2.06098155595299));
#12693=CARTESIAN_POINT('Ctrl Pts',(6.,0.966657852760402,2.05534053031197));
#12694=CARTESIAN_POINT('Ctrl Pts',(6.,5.8783046359073E-15,2.05252001749145));
#12695=CARTESIAN_POINT('Ctrl Pts',(6.0049461750709,0.,2.46993116640286));
#12696=CARTESIAN_POINT('Ctrl Pts',(6.0049461750709,-0.96743139460289,2.46711065358235));
#12697=CARTESIAN_POINT('Ctrl Pts',(5.52887915190999,-2.90146811895117,2.46146962794132));
#12698=CARTESIAN_POINT('Ctrl Pts',(3.54675197015993,-5.13862454985449,2.45300808947978));
#12699=CARTESIAN_POINT('Ctrl Pts',(0.752670322389838,-6.19822972208503,
2.44454655101824));
#12700=CARTESIAN_POINT('Ctrl Pts',(-2.21411265747716,-5.83807080244948,
2.4360850125567));
#12701=CARTESIAN_POINT('Ctrl Pts',(-4.67353142311383,-4.14039150218153,
2.42762347409517));
#12702=CARTESIAN_POINT('Ctrl Pts',(-6.06237018846509,-1.49424336207329,
2.41916193563363));
#12703=CARTESIAN_POINT('Ctrl Pts',(-6.06235765409755,1.4942407184902,2.41070039717209));
#12704=CARTESIAN_POINT('Ctrl Pts',(-4.67354996460199,4.1404006999503,2.40223885871055));
#12705=CARTESIAN_POINT('Ctrl Pts',(-2.21407921170792,5.83805063912564,2.39377732024901));
#12706=CARTESIAN_POINT('Ctrl Pts',(0.752605797252025,6.19827056110344,2.38531578178747));
#12707=CARTESIAN_POINT('Ctrl Pts',(3.54688022496894,5.13854290178663,2.37685424332594));
#12708=CARTESIAN_POINT('Ctrl Pts',(5.52860595262771,2.9016362256579,2.36839270486439));
#12709=CARTESIAN_POINT('Ctrl Pts',(6.24379528438316,4.62323252455137E-8,
2.35993116640286));
#12710=CARTESIAN_POINT('Ctrl Pts',(5.52860605766247,-2.90163634027501,2.35146962794132));
#12711=CARTESIAN_POINT('Ctrl Pts',(3.54687996457145,-5.13854271009761,2.34300808947978));
#12712=CARTESIAN_POINT('Ctrl Pts',(0.752606337783181,-6.19827092171319,
2.33454655101824));
#12713=CARTESIAN_POINT('Ctrl Pts',(-2.21408029137125,-5.83804993680696,
2.32608501255671));
#12714=CARTESIAN_POINT('Ctrl Pts',(-4.67354782847911,-4.14040208049801,
2.31762347409516));
#12715=CARTESIAN_POINT('Ctrl Pts',(-6.06236187022331,-1.49423799821372,
2.30916193563363));
#12716=CARTESIAN_POINT('Ctrl Pts',(-6.06236187206048,1.49423799860119,2.30070039717209));
#12717=CARTESIAN_POINT('Ctrl Pts',(-4.67354782576162,4.14040207914992,2.29223885871055));
#12718=CARTESIAN_POINT('Ctrl Pts',(-2.21408029627116,5.8380499397616,2.28377732024901));
#12719=CARTESIAN_POINT('Ctrl Pts',(0.752606347213302,6.19827091573626,2.27531578178747));
#12720=CARTESIAN_POINT('Ctrl Pts',(3.54687994609258,5.13854272196072,2.26685424332594));
#12721=CARTESIAN_POINT('Ctrl Pts',(5.52860609404428,2.90163631684146,2.2583927048644));
#12722=CARTESIAN_POINT('Ctrl Pts',(6.24379521266583,5.09864705504483E-15,
2.24993116640286));
#12723=CARTESIAN_POINT('Ctrl Pts',(5.52860609404429,-2.90163631684144,2.24146962794132));
#12724=CARTESIAN_POINT('Ctrl Pts',(3.54687994609259,-5.13854272196072,2.23300808947978));
#12725=CARTESIAN_POINT('Ctrl Pts',(0.752606347213315,-6.19827091573626,
2.22454655101824));
#12726=CARTESIAN_POINT('Ctrl Pts',(-2.21408029627117,-5.83804993976162,
2.21608501255671));
#12727=CARTESIAN_POINT('Ctrl Pts',(-4.6735478257616,-4.14040207914992,2.20762347409516));
#12728=CARTESIAN_POINT('Ctrl Pts',(-6.0623618720605,-1.4942379986012,2.19916193563363));
#12729=CARTESIAN_POINT('Ctrl Pts',(-6.06236187022329,1.49423799821371,2.19070039717209));
#12730=CARTESIAN_POINT('Ctrl Pts',(-4.67354782847912,4.14040208049801,2.18223885871055));
#12731=CARTESIAN_POINT('Ctrl Pts',(-2.21408029137126,5.83804993680696,2.17377732024901));
#12732=CARTESIAN_POINT('Ctrl Pts',(0.752606337783173,6.1982709217132,2.16531578178748));
#12733=CARTESIAN_POINT('Ctrl Pts',(3.54687996457143,5.13854271009761,2.15685424332593));
#12734=CARTESIAN_POINT('Ctrl Pts',(5.52860605766247,2.90163634027503,2.1483927048644));
#12735=CARTESIAN_POINT('Ctrl Pts',(6.24379528438315,-4.62323129463467E-8,
2.13993116640286));
#12736=CARTESIAN_POINT('Ctrl Pts',(5.52860595262773,-2.90163622565788,2.13146962794132));
#12737=CARTESIAN_POINT('Ctrl Pts',(3.54688022496895,-5.13854290178663,2.12300808947978));
#12738=CARTESIAN_POINT('Ctrl Pts',(0.752605797252042,-6.19827056110343,
2.11454655101824));
#12739=CARTESIAN_POINT('Ctrl Pts',(-2.21407921170792,-5.83805063912565,
2.1060850125567));
#12740=CARTESIAN_POINT('Ctrl Pts',(-4.67354996460198,-4.1404006999503,2.09762347409517));
#12741=CARTESIAN_POINT('Ctrl Pts',(-6.06235765409756,-1.49424071849021,
2.08916193563362));
#12742=CARTESIAN_POINT('Ctrl Pts',(-6.06237018846508,1.49424336207328,2.08070039717209));
#12743=CARTESIAN_POINT('Ctrl Pts',(-4.67353142311385,4.14039150218151,2.07223885871055));
#12744=CARTESIAN_POINT('Ctrl Pts',(-2.21411265747718,5.83807080244948,2.06377732024901));
#12745=CARTESIAN_POINT('Ctrl Pts',(0.752670322389824,6.19822972208504,2.05531578178747));
#12746=CARTESIAN_POINT('Ctrl Pts',(3.54675197015991,5.13862454985449,2.04685424332594));
#12747=CARTESIAN_POINT('Ctrl Pts',(5.52887915190998,2.90146811895118,2.0383927048644));
#12748=CARTESIAN_POINT('Ctrl Pts',(6.0049461750709,0.967431394602899,2.03275167922337));
#12749=CARTESIAN_POINT('Ctrl Pts',(6.0049461750709,5.88315048988218E-15,
2.02993116640286));
#12750=CARTESIAN_POINT('Ctrl Pts',(6.0340174353255,0.,2.44688205409935));
#12751=CARTESIAN_POINT('Ctrl Pts',(6.0340174353255,-0.972127851687812,2.44406154127883));
#12752=CARTESIAN_POINT('Ctrl Pts',(5.55564694639498,-2.9155071557005,2.43842051563781));
#12753=CARTESIAN_POINT('Ctrl Pts',(3.56392283205247,-5.16350623227861,2.42995897717627));
#12754=CARTESIAN_POINT('Ctrl Pts',(0.756314388158752,-6.22823569817244,
2.42149743871473));
#12755=CARTESIAN_POINT('Ctrl Pts',(-2.22483203146788,-5.86633594864923,
2.41303590025319));
#12756=CARTESIAN_POINT('Ctrl Pts',(-4.69615763558891,-4.16043614172521,
2.40457436179165));
#12757=CARTESIAN_POINT('Ctrl Pts',(-6.09172031367162,-1.50147777467094,
2.39611282333011));
#12758=CARTESIAN_POINT('Ctrl Pts',(-6.09170769538107,1.50147499790797,2.38765128486858));
#12759=CARTESIAN_POINT('Ctrl Pts',(-4.69617630122035,4.16044580287846,2.37918974640704));
#12760=CARTESIAN_POINT('Ctrl Pts',(-2.22479836176473,5.86631476931018,2.3707282079455));
#12761=CARTESIAN_POINT('Ctrl Pts',(0.756249430997185,6.22827859721991,2.36226666948396));
#12762=CARTESIAN_POINT('Ctrl Pts',(3.56405194558299,5.16342044031622,2.35380513102242));
#12763=CARTESIAN_POINT('Ctrl Pts',(5.55537191792517,2.91568408383311,2.34534359256089));
#12764=CARTESIAN_POINT('Ctrl Pts',(6.27402373830263,4.85614120857283E-8,
2.33688205409935));
#12765=CARTESIAN_POINT('Ctrl Pts',(5.55537202366318,-2.91568420422439,2.32842051563781));
#12766=CARTESIAN_POINT('Ctrl Pts',(3.56405168344203,-5.16342023897031,2.31995897717627));
#12767=CARTESIAN_POINT('Ctrl Pts',(0.756249975147437,-6.22827897599646,
2.31149743871473));
#12768=CARTESIAN_POINT('Ctrl Pts',(-2.22479944865688,-5.86631403161011,
2.30303590025319));
#12769=CARTESIAN_POINT('Ctrl Pts',(-4.69617415079521,-4.16044725297537,
2.29457436179166));
#12770=CARTESIAN_POINT('Ctrl Pts',(-6.09171193973559,-1.50147214058937,
2.28611282333011));
#12771=CARTESIAN_POINT('Ctrl Pts',(-6.09171194158511,1.50147214099636,2.27765128486858));
#12772=CARTESIAN_POINT('Ctrl Pts',(-4.69617414805952,4.16044725155936,2.26918974640704));
#12773=CARTESIAN_POINT('Ctrl Pts',(-2.2247994535896,5.86631403471359,2.2607282079455));
#12774=CARTESIAN_POINT('Ctrl Pts',(0.756249984640691,6.22827896971842,2.25226666948396));
#12775=CARTESIAN_POINT('Ctrl Pts',(3.56405166483945,5.16342025143106,2.24380513102243));
#12776=CARTESIAN_POINT('Ctrl Pts',(5.55537206028858,2.91568417961031,2.23534359256089));
#12777=CARTESIAN_POINT('Ctrl Pts',(6.27402366610513,5.09864705504483E-15,
2.22688205409935));
#12778=CARTESIAN_POINT('Ctrl Pts',(5.55537206028858,-2.9156841796103,2.21842051563781));
#12779=CARTESIAN_POINT('Ctrl Pts',(3.56405166483945,-5.16342025143105,2.20995897717627));
#12780=CARTESIAN_POINT('Ctrl Pts',(0.756249984640705,-6.22827896971842,
2.20149743871473));
#12781=CARTESIAN_POINT('Ctrl Pts',(-2.22479945358959,-5.8663140347136,2.19303590025319));
#12782=CARTESIAN_POINT('Ctrl Pts',(-4.69617414805951,-4.16044725155936,
2.18457436179166));
#12783=CARTESIAN_POINT('Ctrl Pts',(-6.09171194158511,-1.50147214099637,
2.17611282333012));
#12784=CARTESIAN_POINT('Ctrl Pts',(-6.0917119397356,1.50147214058936,2.16765128486857));
#12785=CARTESIAN_POINT('Ctrl Pts',(-4.69617415079522,4.16044725297536,2.15918974640704));
#12786=CARTESIAN_POINT('Ctrl Pts',(-2.22479944865688,5.8663140316101,2.1507282079455));
#12787=CARTESIAN_POINT('Ctrl Pts',(0.756249975147424,6.22827897599646,2.14226666948397));
#12788=CARTESIAN_POINT('Ctrl Pts',(3.56405168344201,5.16342023897032,2.13380513102242));
#12789=CARTESIAN_POINT('Ctrl Pts',(5.55537202366318,2.91568420422441,2.12534359256089));
#12790=CARTESIAN_POINT('Ctrl Pts',(6.27402373830263,-4.85614007329919E-8,
2.11688205409935));
#12791=CARTESIAN_POINT('Ctrl Pts',(5.55537191792518,-2.9156840838331,2.10842051563781));
#12792=CARTESIAN_POINT('Ctrl Pts',(3.56405194558301,-5.16342044031621,2.09995897717627));
#12793=CARTESIAN_POINT('Ctrl Pts',(0.756249430997204,-6.22827859721992,
2.09149743871473));
#12794=CARTESIAN_POINT('Ctrl Pts',(-2.22479836176472,-5.86631476931018,
2.0830359002532));
#12795=CARTESIAN_POINT('Ctrl Pts',(-4.69617630122035,-4.16044580287847,
2.07457436179165));
#12796=CARTESIAN_POINT('Ctrl Pts',(-6.09170769538107,-1.50147499790798,
2.06611282333012));
#12797=CARTESIAN_POINT('Ctrl Pts',(-6.09172031367163,1.50147777467092,2.05765128486857));
#12798=CARTESIAN_POINT('Ctrl Pts',(-4.69615763558891,4.16043614172519,2.04918974640704));
#12799=CARTESIAN_POINT('Ctrl Pts',(-2.22483203146791,5.86633594864921,2.0407282079455));
#12800=CARTESIAN_POINT('Ctrl Pts',(0.756314388158731,6.22823569817244,2.03226666948396));
#12801=CARTESIAN_POINT('Ctrl Pts',(3.56392283205247,5.16350623227862,2.02380513102242));
#12802=CARTESIAN_POINT('Ctrl Pts',(5.55564694639497,2.9155071557005,2.01534359256088));
#12803=CARTESIAN_POINT('Ctrl Pts',(6.0340174353255,0.97212785168782,2.00970256691986));
#12804=CARTESIAN_POINT('Ctrl Pts',(6.0340174353255,5.91163211053654E-15,
2.00688205409935));
#12805=CARTESIAN_POINT('Ctrl Pts',(6.0733776843094,0.,2.45145044359183));
#12806=CARTESIAN_POINT('Ctrl Pts',(6.0733776843094,-0.978465232771595,2.44862993077132));
#12807=CARTESIAN_POINT('Ctrl Pts',(5.5918863736765,-2.93452745722987,2.44298890513029));
#12808=CARTESIAN_POINT('Ctrl Pts',(3.58717043194413,-5.19718674569049,2.43452736666875));
#12809=CARTESIAN_POINT('Ctrl Pts',(0.761247804170087,-6.26886314734899,
2.42606582820721));
#12810=CARTESIAN_POINT('Ctrl Pts',(-2.23934463042644,-5.90460187259458,
2.41760428974567));
#12811=CARTESIAN_POINT('Ctrl Pts',(-4.72679076028553,-4.18757488119002,
2.40914275128414));
#12812=CARTESIAN_POINT('Ctrl Pts',(-6.13145670356825,-1.51127186642893,
2.4006812128226));
#12813=CARTESIAN_POINT('Ctrl Pts',(-6.13144400992744,1.51126910760119,2.39221967436106));
#12814=CARTESIAN_POINT('Ctrl Pts',(-4.72680953737897,4.18758447993742,2.38375813589952));
#12815=CARTESIAN_POINT('Ctrl Pts',(-2.23931075966437,5.90458083011566,2.37529659743798));
#12816=CARTESIAN_POINT('Ctrl Pts',(0.761182459116288,6.26890576855969,2.36683505897644));
#12817=CARTESIAN_POINT('Ctrl Pts',(3.58730031647717,5.19710151662293,2.35837352051491));
#12818=CARTESIAN_POINT('Ctrl Pts',(5.59160970287186,2.93470314161018,2.34991198205337));
#12819=CARTESIAN_POINT('Ctrl Pts',(6.31494930109559,4.82477684921836E-8,
2.34145044359183));
#12820=CARTESIAN_POINT('Ctrl Pts',(5.59160980924129,-2.93470326122389,2.33298890513029));
#12821=CARTESIAN_POINT('Ctrl Pts',(3.58730005277083,-5.19710131657746,2.32452736666875));
#12822=CARTESIAN_POINT('Ctrl Pts',(0.761183006515934,-6.26890614488976,
2.31606582820721));
#12823=CARTESIAN_POINT('Ctrl Pts',(-2.2393118530469,-5.90458009718031,2.30760428974568));
#12824=CARTESIAN_POINT('Ctrl Pts',(-4.72680737411254,-4.18758592066832,
2.29914275128414));
#12825=CARTESIAN_POINT('Ctrl Pts',(-6.13144827962719,-1.5112662687377,2.2906812128226));
#12826=CARTESIAN_POINT('Ctrl Pts',(-6.13144828148772,1.51126626914206,2.28221967436106));
#12827=CARTESIAN_POINT('Ctrl Pts',(-4.72680737136053,4.18758591926146,2.27375813589952));
#12828=CARTESIAN_POINT('Ctrl Pts',(-2.23931185800906,5.90458010026376,2.26529659743799));
#12829=CARTESIAN_POINT('Ctrl Pts',(0.761183016065877,6.26890613865226,2.25683505897644));
#12830=CARTESIAN_POINT('Ctrl Pts',(3.58730003405716,5.19710132895775,2.24837352051491));
#12831=CARTESIAN_POINT('Ctrl Pts',(5.59160984608539,2.93470323676877,2.23991198205336));
#12832=CARTESIAN_POINT('Ctrl Pts',(6.31494922846696,7.96663602350755E-15,
2.23145044359183));
#12833=CARTESIAN_POINT('Ctrl Pts',(5.5916098460854,-2.93470323676876,2.22298890513029));
#12834=CARTESIAN_POINT('Ctrl Pts',(3.58730003405717,-5.19710132895774,2.21452736666875));
#12835=CARTESIAN_POINT('Ctrl Pts',(0.761183016065894,-6.26890613865227,
2.20606582820721));
#12836=CARTESIAN_POINT('Ctrl Pts',(-2.23931185800908,-5.90458010026377,
2.19760428974568));
#12837=CARTESIAN_POINT('Ctrl Pts',(-4.7268073713605,-4.18758591926146,2.18914275128413));
#12838=CARTESIAN_POINT('Ctrl Pts',(-6.13144828148773,-1.51126626914207,
2.1806812128226));
#12839=CARTESIAN_POINT('Ctrl Pts',(-6.13144827962718,1.51126626873769,2.17221967436106));
#12840=CARTESIAN_POINT('Ctrl Pts',(-4.72680737411255,4.18758592066832,2.16375813589952));
#12841=CARTESIAN_POINT('Ctrl Pts',(-2.2393118530469,5.90458009718031,2.15529659743798));
#12842=CARTESIAN_POINT('Ctrl Pts',(0.761183006515921,6.26890614488976,2.14683505897644));
#12843=CARTESIAN_POINT('Ctrl Pts',(3.58730005277081,5.19710131657748,2.13837352051491));
#12844=CARTESIAN_POINT('Ctrl Pts',(5.59160980924128,2.9347032612239,2.12991198205337));
#12845=CARTESIAN_POINT('Ctrl Pts',(6.31494930109559,-4.82477485367685E-8,
2.12145044359183));
#12846=CARTESIAN_POINT('Ctrl Pts',(5.59160970287186,-2.93470314161017,2.1129889051303));
#12847=CARTESIAN_POINT('Ctrl Pts',(3.58730031647719,-5.19710151662292,2.10452736666875));
#12848=CARTESIAN_POINT('Ctrl Pts',(0.761182459116301,-6.26890576855968,
2.09606582820722));
#12849=CARTESIAN_POINT('Ctrl Pts',(-2.23931075966436,-5.90458083011567,
2.08760428974567));
#12850=CARTESIAN_POINT('Ctrl Pts',(-4.72680953737896,-4.18758447993743,
2.07914275128414));
#12851=CARTESIAN_POINT('Ctrl Pts',(-6.13144400992746,-1.51126910760119,
2.0706812128226));
#12852=CARTESIAN_POINT('Ctrl Pts',(-6.13145670356822,1.51127186642891,2.06221967436106));
#12853=CARTESIAN_POINT('Ctrl Pts',(-4.72679076028557,4.18757488119001,2.05375813589952));
#12854=CARTESIAN_POINT('Ctrl Pts',(-2.23934463042645,5.90460187259458,2.04529659743798));
#12855=CARTESIAN_POINT('Ctrl Pts',(0.761247804170068,6.26886314734901,2.03683505897644));
#12856=CARTESIAN_POINT('Ctrl Pts',(3.58717043194411,5.1971867456905,2.0283735205149));
#12857=CARTESIAN_POINT('Ctrl Pts',(5.59188637367648,2.93452745722988,2.01991198205337));
#12858=CARTESIAN_POINT('Ctrl Pts',(6.0733776843094,0.978465232771604,2.01427095641234));
#12859=CARTESIAN_POINT('Ctrl Pts',(6.0733776843094,5.95019403288198E-15,
2.01145044359183));
#12860=CARTESIAN_POINT('Ctrl Pts',(6.10153180906983,0.,2.47935491832233));
#12861=CARTESIAN_POINT('Ctrl Pts',(6.10153180906983,-0.982999715194086,
2.47653440550182));
#12862=CARTESIAN_POINT('Ctrl Pts',(5.61780833368178,-2.948131730237,2.47089337986079));
#12863=CARTESIAN_POINT('Ctrl Pts',(3.60379931373274,-5.22127867714771,2.46243184139926));
#12864=CARTESIAN_POINT('Ctrl Pts',(0.764776668085567,-6.29792358255653,
2.45397030293771));
#12865=CARTESIAN_POINT('Ctrl Pts',(-2.24972543604873,-5.93197342488307,
2.44550876447618));
#12866=CARTESIAN_POINT('Ctrl Pts',(-4.7487024983236,-4.20698705182848,2.43704722601464));
#12867=CARTESIAN_POINT('Ctrl Pts',(-6.15987997270421,-1.51827756421938,
2.4285856875531));
#12868=CARTESIAN_POINT('Ctrl Pts',(-6.15986722265305,1.51827480520479,2.42012414909156));
#12869=CARTESIAN_POINT('Ctrl Pts',(-4.74872135886221,4.20699665122452,2.41166261063002));
#12870=CARTESIAN_POINT('Ctrl Pts',(-2.24969141476537,5.93195238100098,2.40320107216848));
#12871=CARTESIAN_POINT('Ctrl Pts',(0.76471103263905,6.29796620638808,2.39473953370695));
#12872=CARTESIAN_POINT('Ctrl Pts',(3.60392977547126,5.2211934454108,2.3862779952454));
#12873=CARTESIAN_POINT('Ctrl Pts',(5.61753043335507,2.94830739075737,2.37781645678387));
#12874=CARTESIAN_POINT('Ctrl Pts',(6.34422317879738,4.82510287583233E-8,
2.36935491832233));
#12875=CARTESIAN_POINT('Ctrl Pts',(5.61753054019721,-2.94830751037916,2.36089337986079));
#12876=CARTESIAN_POINT('Ctrl Pts',(3.603929510593,-5.2211932453518,2.35243184139925));
#12877=CARTESIAN_POINT('Ctrl Pts',(0.764711582471339,-6.29796658274366,
2.34397030293772));
#12878=CARTESIAN_POINT('Ctrl Pts',(-2.24969251300688,-5.93195164801595,
2.33550876447617));
#12879=CARTESIAN_POINT('Ctrl Pts',(-4.74871918598226,-4.20699809205307,
2.32704722601464));
#12880=CARTESIAN_POINT('Ctrl Pts',(-6.15987151132726,-1.5182719661489,2.3185856875531));
#12881=CARTESIAN_POINT('Ctrl Pts',(-6.15987151319609,1.51827196655328,2.31012414909156));
#12882=CARTESIAN_POINT('Ctrl Pts',(-4.748719183218,4.20699809064612,2.30166261063002));
#12883=CARTESIAN_POINT('Ctrl Pts',(-2.24969251799111,5.93195165109961,2.29320107216848));
#12884=CARTESIAN_POINT('Ctrl Pts',(0.764711592063728,6.29796657650574,2.28473953370694));
#12885=CARTESIAN_POINT('Ctrl Pts',(3.60392949179617,5.2211932577329,2.27627799524541));
#12886=CARTESIAN_POINT('Ctrl Pts',(5.61753057720507,2.94830748592241,2.26781645678387));
#12887=CARTESIAN_POINT('Ctrl Pts',(6.34422310584598,8.60396690538815E-15,
2.25935491832233));
#12888=CARTESIAN_POINT('Ctrl Pts',(5.61753057720508,-2.9483074859224,2.25089337986079));
#12889=CARTESIAN_POINT('Ctrl Pts',(3.60392949179617,-5.2211932577329,2.24243184139926));
#12890=CARTESIAN_POINT('Ctrl Pts',(0.764711592063741,-6.29796657650574,
2.23397030293771));
#12891=CARTESIAN_POINT('Ctrl Pts',(-2.2496925179911,-5.93195165109961,2.22550876447618));
#12892=CARTESIAN_POINT('Ctrl Pts',(-4.74871918321799,-4.20699809064611,
2.21704722601464));
#12893=CARTESIAN_POINT('Ctrl Pts',(-6.15987151319609,-1.5182719665533,2.2085856875531));
#12894=CARTESIAN_POINT('Ctrl Pts',(-6.15987151132727,1.51827196614889,2.20012414909156));
#12895=CARTESIAN_POINT('Ctrl Pts',(-4.74871918598226,4.20699809205307,2.19166261063002));
#12896=CARTESIAN_POINT('Ctrl Pts',(-2.24969251300688,5.93195164801594,2.18320107216849));
#12897=CARTESIAN_POINT('Ctrl Pts',(0.764711582471326,6.29796658274366,2.17473953370694));
#12898=CARTESIAN_POINT('Ctrl Pts',(3.60392951059299,5.2211932453518,2.16627799524541));
#12899=CARTESIAN_POINT('Ctrl Pts',(5.61753054019721,2.94830751037918,2.15781645678387));
#12900=CARTESIAN_POINT('Ctrl Pts',(6.34422317879738,-4.82510177255271E-8,
2.14935491832233));
#12901=CARTESIAN_POINT('Ctrl Pts',(5.61753043335509,-2.94830739075736,2.14089337986079));
#12902=CARTESIAN_POINT('Ctrl Pts',(3.60392977547127,-5.22119344541079,2.13243184139925));
#12903=CARTESIAN_POINT('Ctrl Pts',(0.764711032639071,-6.29796620638808,
2.12397030293772));
#12904=CARTESIAN_POINT('Ctrl Pts',(-2.24969141476536,-5.93195238100098,
2.11550876447618));
#12905=CARTESIAN_POINT('Ctrl Pts',(-4.74872135886222,-4.20699665122452,
2.10704722601464));
#12906=CARTESIAN_POINT('Ctrl Pts',(-6.15986722265304,-1.5182748052048,2.0985856875531));
#12907=CARTESIAN_POINT('Ctrl Pts',(-6.15987997270423,1.51827756421937,2.09012414909156));
#12908=CARTESIAN_POINT('Ctrl Pts',(-4.7487024983236,4.20698705182846,2.08166261063003));
#12909=CARTESIAN_POINT('Ctrl Pts',(-2.24972543604876,5.93197342488307,2.07320107216848));
#12910=CARTESIAN_POINT('Ctrl Pts',(0.764776668085552,6.29792358255652,2.06473953370695));
#12911=CARTESIAN_POINT('Ctrl Pts',(3.60379931373273,5.22127867714772,2.05627799524541));
#12912=CARTESIAN_POINT('Ctrl Pts',(5.61780833368177,2.94813173023701,2.04781645678387));
#12913=CARTESIAN_POINT('Ctrl Pts',(6.10153180906983,0.982999715194095,2.04217543114285));
#12914=CARTESIAN_POINT('Ctrl Pts',(6.10153180906983,5.9777771198985E-15,
2.03935491832233));
#12915=CARTESIAN_POINT('Ctrl Pts',(6.10156788196858,0.,2.52478378250007));
#12916=CARTESIAN_POINT('Ctrl Pts',(6.10156788196858,-0.983010693520462,
2.52196326967956));
#12917=CARTESIAN_POINT('Ctrl Pts',(5.61784205864059,-2.94814611575108,2.51632224403853));
#12918=CARTESIAN_POINT('Ctrl Pts',(3.60382072320299,-5.22131133687746,2.50786070557699));
#12919=CARTESIAN_POINT('Ctrl Pts',(0.764781279099416,-6.2979604114529,2.49939916711546));
#12920=CARTESIAN_POINT('Ctrl Pts',(-2.24973888452506,-5.93200920219964,
2.49093762865392));
#12921=CARTESIAN_POINT('Ctrl Pts',(-4.7487308224013,-4.20701196281129,2.48247609019238));
#12922=CARTESIAN_POINT('Ctrl Pts',(-6.15991673584144,-1.51828672175957,
2.47401455173084));
#12923=CARTESIAN_POINT('Ctrl Pts',(-6.1599039764132,1.51828391454949,2.4655530132693));
#12924=CARTESIAN_POINT('Ctrl Pts',(-4.74874969681096,4.2070217298987,2.45709147480777));
#12925=CARTESIAN_POINT('Ctrl Pts',(-2.24970483822067,5.93198779063092,2.44862993634623));
#12926=CARTESIAN_POINT('Ctrl Pts',(0.764715595381171,6.29800378087376,2.44016839788469));
#12927=CARTESIAN_POINT('Ctrl Pts',(3.60395128088988,5.22122460436421,2.43170685942315));
#12928=CARTESIAN_POINT('Ctrl Pts',(5.61756395393146,2.94832498210634,2.4232453209616));
#12929=CARTESIAN_POINT('Ctrl Pts',(6.34426103582093,4.90938947104214E-8,
2.41478378250008));
#12930=CARTESIAN_POINT('Ctrl Pts',(5.61756406085217,-2.94832510381773,2.40632224403853));
#12931=CARTESIAN_POINT('Ctrl Pts',(3.60395101581683,-5.22122440081052,2.397860705577));
#12932=CARTESIAN_POINT('Ctrl Pts',(0.764716145617828,-6.29800416380358,
2.38939916711545));
#12933=CARTESIAN_POINT('Ctrl Pts',(-2.24970593726988,-5.931987044842,2.38093762865392));
#12934=CARTESIAN_POINT('Ctrl Pts',(-4.74874752233295,-4.20702319589587,
2.37247609019238));
#12935=CARTESIAN_POINT('Ctrl Pts',(-6.15990826824155,-1.51828102590048,
2.36401455173084));
#12936=CARTESIAN_POINT('Ctrl Pts',(-6.15990827011173,1.51828102631193,2.3555530132693));
#12937=CARTESIAN_POINT('Ctrl Pts',(-4.74874751956667,4.20702319446433,2.34709147480777));
#12938=CARTESIAN_POINT('Ctrl Pts',(-2.24970594225777,5.93198704797953,2.33862993634622));
#12939=CARTESIAN_POINT('Ctrl Pts',(0.76471615521727,6.29800415745669,2.33016839788469));
#12940=CARTESIAN_POINT('Ctrl Pts',(3.60395099700616,5.22122441340792,2.32170685942315));
#12941=CARTESIAN_POINT('Ctrl Pts',(5.61756409788723,2.94832507893375,2.31324532096161));
#12942=CARTESIAN_POINT('Ctrl Pts',(6.3442609628159,7.64797058256725E-15,
2.30478378250007));
#12943=CARTESIAN_POINT('Ctrl Pts',(5.61756409788724,-2.94832507893374,2.29632224403853));
#12944=CARTESIAN_POINT('Ctrl Pts',(3.60395099700618,-5.2212244134079,2.28786070557699));
#12945=CARTESIAN_POINT('Ctrl Pts',(0.764716155217276,-6.29800415745669,
2.27939916711545));
#12946=CARTESIAN_POINT('Ctrl Pts',(-2.24970594225777,-5.93198704797954,
2.27093762865392));
#12947=CARTESIAN_POINT('Ctrl Pts',(-4.74874751956666,-4.20702319446434,
2.26247609019237));
#12948=CARTESIAN_POINT('Ctrl Pts',(-6.15990827011173,-1.51828102631194,
2.25401455173085));
#12949=CARTESIAN_POINT('Ctrl Pts',(-6.15990826824155,1.51828102590046,2.2455530132693));
#12950=CARTESIAN_POINT('Ctrl Pts',(-4.74874752233296,4.20702319589586,2.23709147480777));
#12951=CARTESIAN_POINT('Ctrl Pts',(-2.24970593726988,5.931987044842,2.22862993634622));
#12952=CARTESIAN_POINT('Ctrl Pts',(0.764716145617814,6.29800416380358,2.22016839788469));
#12953=CARTESIAN_POINT('Ctrl Pts',(3.60395101581681,5.22122440081054,2.21170685942315));
#12954=CARTESIAN_POINT('Ctrl Pts',(5.61756406085216,2.94832510381774,2.20324532096161));
#12955=CARTESIAN_POINT('Ctrl Pts',(6.34426103582093,-4.90938763448583E-8,
2.19478378250007));
#12956=CARTESIAN_POINT('Ctrl Pts',(5.61756395393146,-2.94832498210633,2.18632224403853));
#12957=CARTESIAN_POINT('Ctrl Pts',(3.6039512808899,-5.22122460436419,2.177860705577));
#12958=CARTESIAN_POINT('Ctrl Pts',(0.764715595381176,-6.29800378087375,
2.16939916711546));
#12959=CARTESIAN_POINT('Ctrl Pts',(-2.24970483822065,-5.93198779063094,
2.16093762865392));
#12960=CARTESIAN_POINT('Ctrl Pts',(-4.74874969681096,-4.2070217298987,2.15247609019238));
#12961=CARTESIAN_POINT('Ctrl Pts',(-6.15990397641319,-1.5182839145495,2.14401455173084));
#12962=CARTESIAN_POINT('Ctrl Pts',(-6.15991673584144,1.51828672175955,2.13555301326931));
#12963=CARTESIAN_POINT('Ctrl Pts',(-4.74873082240132,4.20701196281127,2.12709147480776));
#12964=CARTESIAN_POINT('Ctrl Pts',(-2.24973888452508,5.93200920219964,2.11862993634623));
#12965=CARTESIAN_POINT('Ctrl Pts',(0.764781279099406,6.29796041145291,2.11016839788469));
#12966=CARTESIAN_POINT('Ctrl Pts',(3.60382072320296,5.22131133687747,2.10170685942315));
#12967=CARTESIAN_POINT('Ctrl Pts',(5.61784205864059,2.94814611575109,2.09324532096161));
#12968=CARTESIAN_POINT('Ctrl Pts',(6.10156788196858,0.983010693520471,2.08760429532058));
#12969=CARTESIAN_POINT('Ctrl Pts',(6.10156788196858,5.9778124611465E-15,
2.08478378250007));
#12970=CARTESIAN_POINT('Ctrl Pts',(6.06271878083384,0.,2.55586060553623));
#12971=CARTESIAN_POINT('Ctrl Pts',(6.06271878083384,-0.97674081747356,2.55304009271571));
#12972=CARTESIAN_POINT('Ctrl Pts',(5.5820717852169,-2.92938153622475,2.54739906707469));
#12973=CARTESIAN_POINT('Ctrl Pts',(3.58087472972551,-5.18806308361118,2.53893752861315));
#12974=CARTESIAN_POINT('Ctrl Pts',(0.759911673900283,-6.25786172645337,
2.53047599015161));
#12975=CARTESIAN_POINT('Ctrl Pts',(-2.23541432855068,-5.89423819068478,
2.52201445169008));
#12976=CARTESIAN_POINT('Ctrl Pts',(-4.71849479793419,-4.18022554661739,
2.51355291322853));
#12977=CARTESIAN_POINT('Ctrl Pts',(-6.12069538982022,-1.50861930076101,
2.505091374767));
#12978=CARTESIAN_POINT('Ctrl Pts',(-6.12068273139866,1.50861661380772,2.49662983630545));
#12979=CARTESIAN_POINT('Ctrl Pts',(-4.71851352292952,4.18023489528537,2.48816829784392));
#12980=CARTESIAN_POINT('Ctrl Pts',(-2.23538055176491,5.89421769653254,2.47970675938238));
#12981=CARTESIAN_POINT('Ctrl Pts',(0.759846510149954,6.2579032358602,2.47124522092085));
#12982=CARTESIAN_POINT('Ctrl Pts',(3.58100425388673,5.18798009148155,2.4627836824593));
#12983=CARTESIAN_POINT('Ctrl Pts',(5.58179588205075,2.92955245337784,2.45432214399777));
#12984=CARTESIAN_POINT('Ctrl Pts',(6.30386594843614,4.69908018965299E-8,
2.44586060553622));
#12985=CARTESIAN_POINT('Ctrl Pts',(5.58179598812506,-2.92955256987533,2.43739906707469));
#12986=CARTESIAN_POINT('Ctrl Pts',(3.58100399091204,-5.18797989664773,2.42893752861315));
#12987=CARTESIAN_POINT('Ctrl Pts',(0.759847056030812,-6.25790360238604,
2.42047599015161));
#12988=CARTESIAN_POINT('Ctrl Pts',(-2.2353816421138,-5.89421698269179,2.41201445169007));
#12989=CARTESIAN_POINT('Ctrl Pts',(-4.71851136566521,-4.18023629848201,
2.40355291322854));
#12990=CARTESIAN_POINT('Ctrl Pts',(-6.12068698925186,-1.50861384890305,
2.39509137476699));
#12991=CARTESIAN_POINT('Ctrl Pts',(-6.12068699110726,1.50861384929687,2.38662983630546));
#12992=CARTESIAN_POINT('Ctrl Pts',(-4.71851136292081,4.18023629711181,2.37816829784392));
#12993=CARTESIAN_POINT('Ctrl Pts',(-2.2353816470622,5.8942169856949,2.36970675938239));
#12994=CARTESIAN_POINT('Ctrl Pts',(0.759847065554259,6.25790359631105,2.36124522092084));
#12995=CARTESIAN_POINT('Ctrl Pts',(3.58100397225031,5.18797990870547,2.35278368245931));
#12996=CARTESIAN_POINT('Ctrl Pts',(5.58179602486693,2.92955254605735,2.34432214399777));
#12997=CARTESIAN_POINT('Ctrl Pts',(6.30386587600905,6.37330881880604E-15,
2.33586060553623));
#12998=CARTESIAN_POINT('Ctrl Pts',(5.58179602486694,-2.92955254605733,2.32739906707469));
#12999=CARTESIAN_POINT('Ctrl Pts',(3.58100397225031,-5.18797990870547,2.31893752861315));
#13000=CARTESIAN_POINT('Ctrl Pts',(0.759847065554272,-6.25790359631106,
2.31047599015161));
#13001=CARTESIAN_POINT('Ctrl Pts',(-2.2353816470622,-5.8942169856949,2.30201445169007));
#13002=CARTESIAN_POINT('Ctrl Pts',(-4.71851136292081,-4.1802362971118,2.29355291322854));
#13003=CARTESIAN_POINT('Ctrl Pts',(-6.12068699110725,-1.50861384929689,
2.285091374767));
#13004=CARTESIAN_POINT('Ctrl Pts',(-6.12068698925187,1.50861384890304,2.27662983630546));
#13005=CARTESIAN_POINT('Ctrl Pts',(-4.71851136566521,4.180236298482,2.26816829784393));
#13006=CARTESIAN_POINT('Ctrl Pts',(-2.2353816421138,5.89421698269179,2.25970675938238));
#13007=CARTESIAN_POINT('Ctrl Pts',(0.759847056030803,6.25790360238604,2.25124522092084));
#13008=CARTESIAN_POINT('Ctrl Pts',(3.58100399091203,5.18797989664774,2.24278368245931));
#13009=CARTESIAN_POINT('Ctrl Pts',(5.58179598812505,2.92955256987536,2.23432214399777));
#13010=CARTESIAN_POINT('Ctrl Pts',(6.30386594843615,-4.69907899129133E-8,
2.22586060553623));
#13011=CARTESIAN_POINT('Ctrl Pts',(5.58179588205077,-2.92955245337783,2.21739906707469));
#13012=CARTESIAN_POINT('Ctrl Pts',(3.58100425388674,-5.18798009148155,2.20893752861315));
#13013=CARTESIAN_POINT('Ctrl Pts',(0.759846510149973,-6.25790323586021,
2.20047599015162));
#13014=CARTESIAN_POINT('Ctrl Pts',(-2.23538055176491,-5.89421769653254,
2.19201445169007));
#13015=CARTESIAN_POINT('Ctrl Pts',(-4.71851352292952,-4.18023489528538,
2.18355291322854));
#13016=CARTESIAN_POINT('Ctrl Pts',(-6.12068273139866,-1.50861661380773,
2.175091374767));
#13017=CARTESIAN_POINT('Ctrl Pts',(-6.12069538982023,1.508619300761,2.16662983630546));
#13018=CARTESIAN_POINT('Ctrl Pts',(-4.7184947979342,4.18022554661737,2.15816829784392));
#13019=CARTESIAN_POINT('Ctrl Pts',(-2.2354143285507,5.89423819068478,2.14970675938238));
#13020=CARTESIAN_POINT('Ctrl Pts',(0.759911673900271,6.25786172645336,2.14124522092084));
#13021=CARTESIAN_POINT('Ctrl Pts',(3.58087472972549,5.18806308361119,2.13278368245931));
#13022=CARTESIAN_POINT('Ctrl Pts',(5.58207178521691,2.92938153622476,2.12432214399776));
#13023=CARTESIAN_POINT('Ctrl Pts',(6.06271878083384,0.976740817473569,2.11868111835674));
#13024=CARTESIAN_POINT('Ctrl Pts',(6.06271878083384,5.93975131926296E-15,
2.11586060553623));
#13025=CARTESIAN_POINT('Ctrl Pts',(6.01432629390821,0.,2.5446996876862));
#13026=CARTESIAN_POINT('Ctrl Pts',(6.01432629390821,-0.968965388754934,
2.54187917486568));
#13027=CARTESIAN_POINT('Ctrl Pts',(5.53751788207434,-2.90598696684057,2.53623814922466));
#13028=CARTESIAN_POINT('Ctrl Pts',(3.55229268528359,-5.14665932200097,2.52777661076312));
#13029=CARTESIAN_POINT('Ctrl Pts',(0.753846438008956,-6.20790997462628,
2.51931507230158));
#13030=CARTESIAN_POINT('Ctrl Pts',(-2.21757189890223,-5.84719337073696,
2.51085353384004));
#13031=CARTESIAN_POINT('Ctrl Pts',(-4.68083288503328,-4.1468592360028,2.5023919953785));
#13032=CARTESIAN_POINT('Ctrl Pts',(-6.07184153123004,-1.49657826823359,
2.49393045691697));
#13033=CARTESIAN_POINT('Ctrl Pts',(-6.07182893623069,1.49657540788544,2.48546891845543));
#13034=CARTESIAN_POINT('Ctrl Pts',(-4.68085151621119,4.14686918798336,2.47700737999389));
#13035=CARTESIAN_POINT('Ctrl Pts',(-2.21753829134756,5.84717155370527,2.46854584153235));
#13036=CARTESIAN_POINT('Ctrl Pts',(0.753781600747128,6.20795416693458,2.46008430307081));
#13037=CARTESIAN_POINT('Ctrl Pts',(3.55242156049277,5.14657092504062,2.45162276460928));
#13038=CARTESIAN_POINT('Ctrl Pts',(5.53724336125969,2.90616948029699,2.44316122614773));
#13039=CARTESIAN_POINT('Ctrl Pts',(6.25355004280453,5.00231763571486E-8,
2.4346996876862));
#13040=CARTESIAN_POINT('Ctrl Pts',(5.53724346680253,-2.90616960431221,2.42623814922465));
#13041=CARTESIAN_POINT('Ctrl Pts',(3.55242129883567,-5.14657071763392,2.41777661076312));
#13042=CARTESIAN_POINT('Ctrl Pts',(0.753782143892971,-6.20795455711278,
2.40931507230158));
#13043=CARTESIAN_POINT('Ctrl Pts',(-2.21753937623349,-5.84717079379951,
2.40085353384004));
#13044=CARTESIAN_POINT('Ctrl Pts',(-4.68084936975535,-4.14687068173001,
2.39239199537851));
#13045=CARTESIAN_POINT('Ctrl Pts',(-6.07183317275088,-1.49657246455786,
2.38393045691697));
#13046=CARTESIAN_POINT('Ctrl Pts',(-6.07183317459694,1.4965724649771,2.37546891845543));
#13047=CARTESIAN_POINT('Ctrl Pts',(-4.68084936702473,4.14687068027137,2.36700737999389));
#13048=CARTESIAN_POINT('Ctrl Pts',(-2.21753938115709,5.84717079699642,2.35854584153235));
#13049=CARTESIAN_POINT('Ctrl Pts',(0.753782153368697,6.20795455064576,2.35008430307082));
#13050=CARTESIAN_POINT('Ctrl Pts',(3.55242128026743,5.14657073046977,2.34162276460927));
#13051=CARTESIAN_POINT('Ctrl Pts',(5.53724350336032,2.90616957895721,2.33316122614774));
#13052=CARTESIAN_POINT('Ctrl Pts',(6.2535499707403,8.92263234632846E-15,
2.3246996876862));
#13053=CARTESIAN_POINT('Ctrl Pts',(5.53724350336033,-2.9061695789572,2.31623814922465));
#13054=CARTESIAN_POINT('Ctrl Pts',(3.55242128026744,-5.14657073046976,2.30777661076312));
#13055=CARTESIAN_POINT('Ctrl Pts',(0.753782153368709,-6.20795455064575,
2.29931507230158));
#13056=CARTESIAN_POINT('Ctrl Pts',(-2.21753938115709,-5.84717079699643,
2.29085353384005));
#13057=CARTESIAN_POINT('Ctrl Pts',(-4.68084936702471,-4.14687068027138,
2.2823919953785));
#13058=CARTESIAN_POINT('Ctrl Pts',(-6.07183317459695,-1.49657246497711,
2.27393045691697));
#13059=CARTESIAN_POINT('Ctrl Pts',(-6.07183317275086,1.49657246455785,2.26546891845542));
#13060=CARTESIAN_POINT('Ctrl Pts',(-4.68084936975537,4.14687068173,2.25700737999389));
#13061=CARTESIAN_POINT('Ctrl Pts',(-2.21753937623348,5.84717079379951,2.24854584153235));
#13062=CARTESIAN_POINT('Ctrl Pts',(0.753782143892954,6.20795455711278,2.24008430307081));
#13063=CARTESIAN_POINT('Ctrl Pts',(3.55242129883565,5.14657071763394,2.23162276460927));
#13064=CARTESIAN_POINT('Ctrl Pts',(5.53724346680252,2.90616960431222,2.22316122614773));
#13065=CARTESIAN_POINT('Ctrl Pts',(6.25355004280453,-5.0023162449085E-8,
2.2146996876862));
#13066=CARTESIAN_POINT('Ctrl Pts',(5.5372433612597,-2.90616948029697,2.20623814922466));
#13067=CARTESIAN_POINT('Ctrl Pts',(3.55242156049278,-5.14657092504061,2.19777661076312));
#13068=CARTESIAN_POINT('Ctrl Pts',(0.753781600747142,-6.20795416693457,
2.18931507230158));
#13069=CARTESIAN_POINT('Ctrl Pts',(-2.21753829134755,-5.84717155370529,
2.18085353384004));
#13070=CARTESIAN_POINT('Ctrl Pts',(-4.68085151621118,-4.14686918798336,
2.1723919953785));
#13071=CARTESIAN_POINT('Ctrl Pts',(-6.07182893623069,-1.49657540788545,
2.16393045691696));
#13072=CARTESIAN_POINT('Ctrl Pts',(-6.07184153123004,1.49657826823358,2.15546891845543));
#13073=CARTESIAN_POINT('Ctrl Pts',(-4.6808328850333,4.14685923600278,2.14700737999389));
#13074=CARTESIAN_POINT('Ctrl Pts',(-2.21757189890224,5.84719337073695,2.13854584153235));
#13075=CARTESIAN_POINT('Ctrl Pts',(0.75384643800894,6.20790997462629,2.13008430307081));
#13076=CARTESIAN_POINT('Ctrl Pts',(3.55229268528357,5.14665932200098,2.12162276460927));
#13077=CARTESIAN_POINT('Ctrl Pts',(5.53751788207433,2.90598696684058,2.11316122614774));
#13078=CARTESIAN_POINT('Ctrl Pts',(6.01432629390821,0.968965388754943,2.10752020050671));
#13079=CARTESIAN_POINT('Ctrl Pts',(6.01432629390821,5.89234035588997E-15,
2.1046996876862));
#13080=CARTESIAN_POINT('Ctrl Pts',(6.,0.,2.51495996501709));
#13081=CARTESIAN_POINT('Ctrl Pts',(6.,-0.966617240873232,2.51213945219658));
#13082=CARTESIAN_POINT('Ctrl Pts',(5.52432339177535,-2.89908841832732,2.50649842655555));
#13083=CARTESIAN_POINT('Ctrl Pts',(3.54383022284502,-5.13438595401595,2.49803688809402));
#13084=CARTESIAN_POINT('Ctrl Pts',(0.752050060403685,-6.1931256986541,2.48957534963248));
#13085=CARTESIAN_POINT('Ctrl Pts',(-2.21228843442468,-5.83325971352548,
2.48111381117094));
#13086=CARTESIAN_POINT('Ctrl Pts',(-4.66968107800426,-4.13698100002879,
2.4726522727094));
#13087=CARTESIAN_POINT('Ctrl Pts',(-6.05737555830843,-1.49301197146502,
2.46419073424786));
#13088=CARTESIAN_POINT('Ctrl Pts',(-6.05736306540412,1.49300949134696,2.45572919578632));
#13089=CARTESIAN_POINT('Ctrl Pts',(-4.66969955815787,4.13698962903765,2.44726765732479));
#13090=CARTESIAN_POINT('Ctrl Pts',(-2.21225509929277,5.83324079728345,2.43880611886325));
#13091=CARTESIAN_POINT('Ctrl Pts',(0.751985748712553,6.19316400889763,2.43034458040171));
#13092=CARTESIAN_POINT('Ctrl Pts',(3.54395805339204,5.13430939560351,2.42188304194017));
#13093=CARTESIAN_POINT('Ctrl Pts',(5.52405109622582,2.89924565799619,2.41342150347863));
#13094=CARTESIAN_POINT('Ctrl Pts',(6.23865120387812,4.33736036936633E-8,
2.4049599650171));
#13095=CARTESIAN_POINT('Ctrl Pts',(5.52405120091313,-2.89924576552608,2.39649842655555));
#13096=CARTESIAN_POINT('Ctrl Pts',(3.54395779385593,-5.13430921576736,2.38803688809402));
#13097=CARTESIAN_POINT('Ctrl Pts',(0.751986287455655,-6.19316434720949,
2.37957534963248));
#13098=CARTESIAN_POINT('Ctrl Pts',(-2.21225617538461,-5.83324013839185,
2.37111381117094));
#13099=CARTESIAN_POINT('Ctrl Pts',(-4.66969742910122,-4.13699092422075,
2.3626522727094));
#13100=CARTESIAN_POINT('Ctrl Pts',(-6.05736726758306,-1.49300693927587,
2.35419073424787));
#13101=CARTESIAN_POINT('Ctrl Pts',(-6.0573672694142,1.49300693963937,2.34572919578632));
#13102=CARTESIAN_POINT('Ctrl Pts',(-4.66969742639271,4.13699092295601,2.33726765732479));
#13103=CARTESIAN_POINT('Ctrl Pts',(-2.21225618026832,5.83324014116379,2.32880611886325));
#13104=CARTESIAN_POINT('Ctrl Pts',(0.751986296854578,6.19316434160213,2.32034458040171));
#13105=CARTESIAN_POINT('Ctrl Pts',(3.5439577754382,5.13430922689694,2.31188304194017));
#13106=CARTESIAN_POINT('Ctrl Pts',(5.52405123717459,2.89924574354152,2.30342150347863));
#13107=CARTESIAN_POINT('Ctrl Pts',(6.23865113239805,7.64797058256725E-15,
2.29495996501709));
#13108=CARTESIAN_POINT('Ctrl Pts',(5.52405123717459,-2.89924574354151,2.28649842655556));
#13109=CARTESIAN_POINT('Ctrl Pts',(3.54395777543822,-5.13430922689693,2.27803688809402));
#13110=CARTESIAN_POINT('Ctrl Pts',(0.751986296854589,-6.19316434160213,
2.26957534963248));
#13111=CARTESIAN_POINT('Ctrl Pts',(-2.21225618026831,-5.8332401411638,2.26111381117094));
#13112=CARTESIAN_POINT('Ctrl Pts',(-4.6696974263927,-4.13699092295602,2.2526522727094));
#13113=CARTESIAN_POINT('Ctrl Pts',(-6.05736726941419,-1.49300693963939,
2.24419073424787));
#13114=CARTESIAN_POINT('Ctrl Pts',(-6.05736726758308,1.49300693927586,2.23572919578632));
#13115=CARTESIAN_POINT('Ctrl Pts',(-4.66969742910122,4.13699092422074,2.22726765732479));
#13116=CARTESIAN_POINT('Ctrl Pts',(-2.21225617538462,5.83324013839185,2.21880611886325));
#13117=CARTESIAN_POINT('Ctrl Pts',(0.751986287455643,6.19316434720949,2.21034458040171));
#13118=CARTESIAN_POINT('Ctrl Pts',(3.54395779385592,5.13430921576738,2.20188304194017));
#13119=CARTESIAN_POINT('Ctrl Pts',(5.52405120091312,2.8992457655261,2.19342150347863));
#13120=CARTESIAN_POINT('Ctrl Pts',(6.23865120387813,-4.33735885382484E-8,
2.1849599650171));
#13121=CARTESIAN_POINT('Ctrl Pts',(5.52405109622582,-2.89924565799618,2.17649842655555));
#13122=CARTESIAN_POINT('Ctrl Pts',(3.54395805339206,-5.13430939560351,2.16803688809402));
#13123=CARTESIAN_POINT('Ctrl Pts',(0.751985748712565,-6.19316400889762,
2.15957534963248));
#13124=CARTESIAN_POINT('Ctrl Pts',(-2.21225509929276,-5.83324079728347,
2.15111381117094));
#13125=CARTESIAN_POINT('Ctrl Pts',(-4.66969955815788,-4.13698962903765,
2.1426522727094));
#13126=CARTESIAN_POINT('Ctrl Pts',(-6.05736306540411,-1.49300949134697,
2.13419073424786));
#13127=CARTESIAN_POINT('Ctrl Pts',(-6.05737555830844,1.49301197146501,2.12572919578633));
#13128=CARTESIAN_POINT('Ctrl Pts',(-4.66968107800427,4.13698100002877,2.11726765732479));
#13129=CARTESIAN_POINT('Ctrl Pts',(-2.2122884344247,5.83325971352547,2.10880611886325));
#13130=CARTESIAN_POINT('Ctrl Pts',(0.75205006040367,6.1931256986541,2.10034458040171));
#13131=CARTESIAN_POINT('Ctrl Pts',(3.54383022284501,5.13438595401596,2.09188304194017));
#13132=CARTESIAN_POINT('Ctrl Pts',(5.52432339177534,2.89908841832733,2.08342150347863));
#13133=CARTESIAN_POINT('Ctrl Pts',(6.,0.96661724087324,2.07778047783761));
#13134=CARTESIAN_POINT('Ctrl Pts',(6.,5.8783046359073E-15,2.07495996501709));
#13135=CARTESIAN_POINT('Ctrl Pts',(6.,0.,2.5));
#13136=CARTESIAN_POINT('Ctrl Pts',(6.,-0.966643893412244,2.49717948717949));
#13137=CARTESIAN_POINT('Ctrl Pts',(5.52432603232702,-2.89907271509082,2.49153846153846));
#13138=CARTESIAN_POINT('Ctrl Pts',(3.54383075638339,-5.13439519277707,2.48307692307692));
#13139=CARTESIAN_POINT('Ctrl Pts',(0.752050522468769,-6.19312360899327,
2.47461538461538));
#13140=CARTESIAN_POINT('Ctrl Pts',(-2.21228919717293,-5.83326335988371,
2.46615384615385));
#13141=CARTESIAN_POINT('Ctrl Pts',(-4.66968236375035,-4.1369812003445,2.45769230769231));
#13142=CARTESIAN_POINT('Ctrl Pts',(-6.05737733942284,-1.49301290682021,
2.44923076923077));
#13143=CARTESIAN_POINT('Ctrl Pts',(-6.05736479853588,1.49301017817013,2.44076923076923));
#13144=CARTESIAN_POINT('Ctrl Pts',(-4.66970091488238,4.1369906940956,2.43230769230769));
#13145=CARTESIAN_POINT('Ctrl Pts',(-2.21225573400773,5.83324254757414,2.42384615384615));
#13146=CARTESIAN_POINT('Ctrl Pts',(0.751985963769845,6.19316576405492,2.41538461538461));
#13147=CARTESIAN_POINT('Ctrl Pts',(3.54395907790089,5.13431089521792,2.40692307692308));
#13148=CARTESIAN_POINT('Ctrl Pts',(5.52405269094707,2.89924648668312,2.39846153846154));
#13149=CARTESIAN_POINT('Ctrl Pts',(6.23865300578075,4.77199979733851E-8,
2.39));
#13150=CARTESIAN_POINT('Ctrl Pts',(5.52405279603646,-2.8992466049884,2.38153846153846));
#13151=CARTESIAN_POINT('Ctrl Pts',(3.54395881736796,-5.13431069736069,2.37307692307692));
#13152=CARTESIAN_POINT('Ctrl Pts',(0.751986504582145,-6.19316613626846,
2.36461538461538));
#13153=CARTESIAN_POINT('Ctrl Pts',(-2.21225681423262,-5.83324182265608,
2.35615384615385));
#13154=CARTESIAN_POINT('Ctrl Pts',(-4.66969877764846,-4.13699211906692,
2.34769230769231));
#13155=CARTESIAN_POINT('Ctrl Pts',(-6.05736901685453,-1.49300737035983,
2.33923076923077));
#13156=CARTESIAN_POINT('Ctrl Pts',(-6.05736901869268,1.49300737075976,2.33076923076923));
#13157=CARTESIAN_POINT('Ctrl Pts',(-4.66969877492955,4.13699211767545,2.32230769230769));
#13158=CARTESIAN_POINT('Ctrl Pts',(-2.21225681913508,5.8332418257058,2.31384615384615));
#13159=CARTESIAN_POINT('Ctrl Pts',(0.751986514017168,6.1931661300992,2.30538461538462));
#13160=CARTESIAN_POINT('Ctrl Pts',(3.54395879887948,5.13431070960554,2.29692307692308));
#13161=CARTESIAN_POINT('Ctrl Pts',(5.52405283243719,2.89924658080081,2.28846153846154));
#13162=CARTESIAN_POINT('Ctrl Pts',(6.23865293402613,6.37330881880604E-15,
2.28));
#13163=CARTESIAN_POINT('Ctrl Pts',(5.5240528324372,-2.8992465808008,2.27153846153846));
#13164=CARTESIAN_POINT('Ctrl Pts',(3.5439587988795,-5.13431070960553,2.26307692307692));
#13165=CARTESIAN_POINT('Ctrl Pts',(0.751986514017178,-6.1931661300992,2.25461538461539));
#13166=CARTESIAN_POINT('Ctrl Pts',(-2.21225681913507,-5.83324182570581,
2.24615384615385));
#13167=CARTESIAN_POINT('Ctrl Pts',(-4.66969877492954,-4.13699211767545,
2.23769230769231));
#13168=CARTESIAN_POINT('Ctrl Pts',(-6.05736901869268,-1.49300737075977,
2.22923076923077));
#13169=CARTESIAN_POINT('Ctrl Pts',(-6.05736901685453,1.49300737035981,2.22076923076923));
#13170=CARTESIAN_POINT('Ctrl Pts',(-4.66969877764846,4.13699211906693,2.21230769230769));
#13171=CARTESIAN_POINT('Ctrl Pts',(-2.21225681423263,5.83324182265607,2.20384615384615));
#13172=CARTESIAN_POINT('Ctrl Pts',(0.751986504582136,6.19316613626847,2.19538461538462));
#13173=CARTESIAN_POINT('Ctrl Pts',(3.54395881736794,5.1343106973607,2.18692307692308));
#13174=CARTESIAN_POINT('Ctrl Pts',(5.52405279603646,2.89924660498843,2.17846153846154));
#13175=CARTESIAN_POINT('Ctrl Pts',(6.23865300578074,-4.77199872614353E-8,
2.17));
#13176=CARTESIAN_POINT('Ctrl Pts',(5.52405269094708,-2.89924648668311,2.16153846153846));
#13177=CARTESIAN_POINT('Ctrl Pts',(3.5439590779009,-5.13431089521792,2.15307692307692));
#13178=CARTESIAN_POINT('Ctrl Pts',(0.751985963769858,-6.19316576405491,
2.14461538461538));
#13179=CARTESIAN_POINT('Ctrl Pts',(-2.21225573400772,-5.83324254757415,
2.13615384615385));
#13180=CARTESIAN_POINT('Ctrl Pts',(-4.66970091488238,-4.1369906940956,2.12769230769231));
#13181=CARTESIAN_POINT('Ctrl Pts',(-6.05736479853587,-1.49301017817014,
2.11923076923077));
#13182=CARTESIAN_POINT('Ctrl Pts',(-6.05737733942284,1.4930129068202,2.11076923076923));
#13183=CARTESIAN_POINT('Ctrl Pts',(-4.66968236375036,4.13698120034449,2.10230769230769));
#13184=CARTESIAN_POINT('Ctrl Pts',(-2.21228919717295,5.83326335988371,2.09384615384615));
#13185=CARTESIAN_POINT('Ctrl Pts',(0.752050522468756,6.19312360899327,2.08538461538462));
#13186=CARTESIAN_POINT('Ctrl Pts',(3.54383075638338,5.1343951927771,2.07692307692308));
#13187=CARTESIAN_POINT('Ctrl Pts',(5.52432603232702,2.89907271509083,2.06846153846154));
#13188=CARTESIAN_POINT('Ctrl Pts',(6.,0.966643893412253,2.06282051282051));
#13189=CARTESIAN_POINT('Ctrl Pts',(6.,5.8783046359073E-15,2.06));
#13190=CARTESIAN_POINT('',(6.,0.,2.5));
#13191=CARTESIAN_POINT('Origin',(6.05,0.,2.5));
#13192=CARTESIAN_POINT('',(6.,5.8783046359073E-15,2.06));
#13193=CARTESIAN_POINT('Ctrl Pts',(6.,0.,2.5));
#13194=CARTESIAN_POINT('Ctrl Pts',(6.,-0.966643893412244,2.49717948717949));
#13195=CARTESIAN_POINT('Ctrl Pts',(5.52432603232702,-2.89907271509082,2.49153846153846));
#13196=CARTESIAN_POINT('Ctrl Pts',(3.54383075638339,-5.13439519277707,2.48307692307692));
#13197=CARTESIAN_POINT('Ctrl Pts',(0.752050522468769,-6.19312360899327,
2.47461538461538));
#13198=CARTESIAN_POINT('Ctrl Pts',(-2.21228919717293,-5.83326335988371,
2.46615384615385));
#13199=CARTESIAN_POINT('Ctrl Pts',(-4.66968236375035,-4.1369812003445,2.45769230769231));
#13200=CARTESIAN_POINT('Ctrl Pts',(-6.05737733942284,-1.49301290682021,
2.44923076923077));
#13201=CARTESIAN_POINT('Ctrl Pts',(-6.05736479853588,1.49301017817013,2.44076923076923));
#13202=CARTESIAN_POINT('Ctrl Pts',(-4.66970091488238,4.1369906940956,2.43230769230769));
#13203=CARTESIAN_POINT('Ctrl Pts',(-2.21225573400773,5.83324254757414,2.42384615384615));
#13204=CARTESIAN_POINT('Ctrl Pts',(0.751985963769845,6.19316576405492,2.41538461538461));
#13205=CARTESIAN_POINT('Ctrl Pts',(3.54395907790089,5.13431089521792,2.40692307692308));
#13206=CARTESIAN_POINT('Ctrl Pts',(5.52405269094707,2.89924648668312,2.39846153846154));
#13207=CARTESIAN_POINT('Ctrl Pts',(6.23865300578075,4.77199979733851E-8,
2.39));
#13208=CARTESIAN_POINT('Ctrl Pts',(5.52405279603646,-2.8992466049884,2.38153846153846));
#13209=CARTESIAN_POINT('Ctrl Pts',(3.54395881736796,-5.13431069736069,2.37307692307692));
#13210=CARTESIAN_POINT('Ctrl Pts',(0.751986504582145,-6.19316613626846,
2.36461538461538));
#13211=CARTESIAN_POINT('Ctrl Pts',(-2.21225681423262,-5.83324182265608,
2.35615384615385));
#13212=CARTESIAN_POINT('Ctrl Pts',(-4.66969877764846,-4.13699211906692,
2.34769230769231));
#13213=CARTESIAN_POINT('Ctrl Pts',(-6.05736901685453,-1.49300737035983,
2.33923076923077));
#13214=CARTESIAN_POINT('Ctrl Pts',(-6.05736901869268,1.49300737075976,2.33076923076923));
#13215=CARTESIAN_POINT('Ctrl Pts',(-4.66969877492955,4.13699211767545,2.32230769230769));
#13216=CARTESIAN_POINT('Ctrl Pts',(-2.21225681913508,5.8332418257058,2.31384615384615));
#13217=CARTESIAN_POINT('Ctrl Pts',(0.751986514017168,6.1931661300992,2.30538461538462));
#13218=CARTESIAN_POINT('Ctrl Pts',(3.54395879887948,5.13431070960554,2.29692307692308));
#13219=CARTESIAN_POINT('Ctrl Pts',(5.52405283243719,2.89924658080081,2.28846153846154));
#13220=CARTESIAN_POINT('Ctrl Pts',(6.23865293402613,6.37330881880604E-15,
2.28));
#13221=CARTESIAN_POINT('Ctrl Pts',(5.5240528324372,-2.8992465808008,2.27153846153846));
#13222=CARTESIAN_POINT('Ctrl Pts',(3.5439587988795,-5.13431070960553,2.26307692307692));
#13223=CARTESIAN_POINT('Ctrl Pts',(0.751986514017178,-6.1931661300992,2.25461538461539));
#13224=CARTESIAN_POINT('Ctrl Pts',(-2.21225681913507,-5.83324182570581,
2.24615384615385));
#13225=CARTESIAN_POINT('Ctrl Pts',(-4.66969877492954,-4.13699211767545,
2.23769230769231));
#13226=CARTESIAN_POINT('Ctrl Pts',(-6.05736901869268,-1.49300737075977,
2.22923076923077));
#13227=CARTESIAN_POINT('Ctrl Pts',(-6.05736901685453,1.49300737035981,2.22076923076923));
#13228=CARTESIAN_POINT('Ctrl Pts',(-4.66969877764846,4.13699211906693,2.21230769230769));
#13229=CARTESIAN_POINT('Ctrl Pts',(-2.21225681423263,5.83324182265607,2.20384615384615));
#13230=CARTESIAN_POINT('Ctrl Pts',(0.751986504582136,6.19316613626847,2.19538461538462));
#13231=CARTESIAN_POINT('Ctrl Pts',(3.54395881736794,5.1343106973607,2.18692307692308));
#13232=CARTESIAN_POINT('Ctrl Pts',(5.52405279603646,2.89924660498843,2.17846153846154));
#13233=CARTESIAN_POINT('Ctrl Pts',(6.23865300578074,-4.77199872614353E-8,
2.17));
#13234=CARTESIAN_POINT('Ctrl Pts',(5.52405269094708,-2.89924648668311,2.16153846153846));
#13235=CARTESIAN_POINT('Ctrl Pts',(3.5439590779009,-5.13431089521792,2.15307692307692));
#13236=CARTESIAN_POINT('Ctrl Pts',(0.751985963769858,-6.19316576405491,
2.14461538461538));
#13237=CARTESIAN_POINT('Ctrl Pts',(-2.21225573400772,-5.83324254757415,
2.13615384615385));
#13238=CARTESIAN_POINT('Ctrl Pts',(-4.66970091488238,-4.1369906940956,2.12769230769231));
#13239=CARTESIAN_POINT('Ctrl Pts',(-6.05736479853587,-1.49301017817014,
2.11923076923077));
#13240=CARTESIAN_POINT('Ctrl Pts',(-6.05737733942284,1.4930129068202,2.11076923076923));
#13241=CARTESIAN_POINT('Ctrl Pts',(-4.66968236375036,4.13698120034449,2.10230769230769));
#13242=CARTESIAN_POINT('Ctrl Pts',(-2.21228919717295,5.83326335988371,2.09384615384615));
#13243=CARTESIAN_POINT('Ctrl Pts',(0.752050522468756,6.19312360899327,2.08538461538462));
#13244=CARTESIAN_POINT('Ctrl Pts',(3.54383075638338,5.1343951927771,2.07692307692308));
#13245=CARTESIAN_POINT('Ctrl Pts',(5.52432603232702,2.89907271509083,2.06846153846154));
#13246=CARTESIAN_POINT('Ctrl Pts',(6.,0.966643893412253,2.06282051282051));
#13247=CARTESIAN_POINT('Ctrl Pts',(6.,5.8783046359073E-15,2.06));
#13248=CARTESIAN_POINT('Origin',(6.05,5.92729050787319E-15,2.06));
#13249=CARTESIAN_POINT('Origin',(6.05,5.92729050787319E-15,2.06));
#13250=CARTESIAN_POINT('Origin',(6.05,0.,2.5));
#13251=CARTESIAN_POINT('Ctrl Pts',(6.053,0.,2.5));
#13252=CARTESIAN_POINT('Ctrl Pts',(6.053,-0.975182581137386,2.49717948717949));
#13253=CARTESIAN_POINT('Ctrl Pts',(5.5731238184754,-2.92468121104712,2.49153846153846));
#13254=CARTESIAN_POINT('Ctrl Pts',(3.57513481346785,-5.17974900948039,2.48307692307692));
#13255=CARTESIAN_POINT('Ctrl Pts',(0.758693518036609,-6.24782955754318,
2.47461538461538));
#13256=CARTESIAN_POINT('Ctrl Pts',(-2.23183102135957,-5.88479051516243,
2.46615384615385));
#13257=CARTESIAN_POINT('Ctrl Pts',(-4.7109312682902,-4.17352454842711,2.45769230769231));
#13258=CARTESIAN_POINT('Ctrl Pts',(-6.11088415989401,-1.50620118390496,
2.44923076923077));
#13259=CARTESIAN_POINT('Ctrl Pts',(-6.11087154052869,1.5061984332839,2.44076923076923));
#13260=CARTESIAN_POINT('Ctrl Pts',(-4.71094993958585,4.17353411950808,2.43230769230769));
#13261=CARTESIAN_POINT('Ctrl Pts',(-2.23179733272542,5.88476953001592,2.42384615384616));
#13262=CARTESIAN_POINT('Ctrl Pts',(0.758628509322149,6.24787207063107,2.41538461538461));
#13263=CARTESIAN_POINT('Ctrl Pts',(3.57526405349665,5.1796639812778,2.40692307692308));
#13264=CARTESIAN_POINT('Ctrl Pts',(5.57284849766104,2.92485650142086,2.39846153846154));
#13265=CARTESIAN_POINT('Ctrl Pts',(6.2937611154,4.80190083059376E-8,2.39));
#13266=CARTESIAN_POINT('Ctrl Pts',(5.572848603292,-2.92485662048297,2.38153846153846));
#13267=CARTESIAN_POINT('Ctrl Pts',(3.57526379158689,-5.17966378210374,2.37307692307692));
#13268=CARTESIAN_POINT('Ctrl Pts',(0.758629053091028,-6.24787244541687,
2.36461538461538));
#13269=CARTESIAN_POINT('Ctrl Pts',(-2.2317984190793,-5.88476879991634,2.35615384615385));
#13270=CARTESIAN_POINT('Ctrl Pts',(-4.71094778976214,-4.17353555498924,
2.34769230769231));
#13271=CARTESIAN_POINT('Ctrl Pts',(-6.11087578462619,-1.50619560413496,
2.33923076923077));
#13272=CARTESIAN_POINT('Ctrl Pts',(-6.11087578647053,1.50619560453696,2.33076923076923));
#13273=CARTESIAN_POINT('Ctrl Pts',(-4.71094778703348,4.17353555359046,2.32230769230769));
#13274=CARTESIAN_POINT('Ctrl Pts',(-2.23179842400065,5.88476880298257,2.31384615384616));
#13275=CARTESIAN_POINT('Ctrl Pts',(0.758629062564714,6.24787243921298,2.30538461538461));
#13276=CARTESIAN_POINT('Ctrl Pts',(3.57526377301839,5.17966379441992,2.29692307692308));
#13277=CARTESIAN_POINT('Ctrl Pts',(5.5728486398585,2.92485659614917,2.28846153846154));
#13278=CARTESIAN_POINT('Ctrl Pts',(6.29376104330262,7.96347904739982E-15,
2.28));
#13279=CARTESIAN_POINT('Ctrl Pts',(5.5728486398585,-2.92485659614916,2.27153846153846));
#13280=CARTESIAN_POINT('Ctrl Pts',(3.5752637730184,-5.17966379441991,2.26307692307692));
#13281=CARTESIAN_POINT('Ctrl Pts',(0.758629062564725,-6.24787243921298,
2.25461538461539));
#13282=CARTESIAN_POINT('Ctrl Pts',(-2.23179842400064,-5.88476880298258,
2.24615384615385));
#13283=CARTESIAN_POINT('Ctrl Pts',(-4.71094778703347,-4.17353555359046,
2.23769230769231));
#13284=CARTESIAN_POINT('Ctrl Pts',(-6.11087578647053,-1.50619560453698,
2.22923076923077));
#13285=CARTESIAN_POINT('Ctrl Pts',(-6.11087578462619,1.50619560413495,2.22076923076923));
#13286=CARTESIAN_POINT('Ctrl Pts',(-4.71094778976215,4.17353555498923,2.21230769230769));
#13287=CARTESIAN_POINT('Ctrl Pts',(-2.2317984190793,5.88476879991635,2.20384615384615));
#13288=CARTESIAN_POINT('Ctrl Pts',(0.758629053091014,6.24787244541686,2.19538461538462));
#13289=CARTESIAN_POINT('Ctrl Pts',(3.57526379158688,5.17966378210375,2.18692307692308));
#13290=CARTESIAN_POINT('Ctrl Pts',(5.572848603292,2.92485662048299,2.17846153846154));
#13291=CARTESIAN_POINT('Ctrl Pts',(6.2937611154,-4.80189934567868E-8,2.17));
#13292=CARTESIAN_POINT('Ctrl Pts',(5.57284849766105,-2.92485650142084,2.16153846153846));
#13293=CARTESIAN_POINT('Ctrl Pts',(3.57526405349667,-5.1796639812778,2.15307692307693));
#13294=CARTESIAN_POINT('Ctrl Pts',(0.758628509322164,-6.24787207063106,
2.14461538461538));
#13295=CARTESIAN_POINT('Ctrl Pts',(-2.23179733272541,-5.88476953001593,
2.13615384615385));
#13296=CARTESIAN_POINT('Ctrl Pts',(-4.71094993958584,-4.17353411950808,
2.12769230769231));
#13297=CARTESIAN_POINT('Ctrl Pts',(-6.11087154052871,-1.50619843328391,
2.11923076923077));
#13298=CARTESIAN_POINT('Ctrl Pts',(-6.11088415989399,1.50620118390495,2.11076923076923));
#13299=CARTESIAN_POINT('Ctrl Pts',(-4.71093126829023,4.17352454842709,2.10230769230769));
#13300=CARTESIAN_POINT('Ctrl Pts',(-2.23183102135958,5.88479051516243,2.09384615384615));
#13301=CARTESIAN_POINT('Ctrl Pts',(0.758693518036588,6.24782955754318,2.08538461538461));
#13302=CARTESIAN_POINT('Ctrl Pts',(3.57513481346784,5.1797490094804,2.07692307692308));
#13303=CARTESIAN_POINT('Ctrl Pts',(5.57312381847539,2.92468121104714,2.06846153846154));
#13304=CARTESIAN_POINT('Ctrl Pts',(6.053,0.975182581137394,2.06282051282051));
#13305=CARTESIAN_POINT('Ctrl Pts',(6.053,5.93022966019114E-15,2.06));
#13306=CARTESIAN_POINT('Ctrl Pts',(6.053,0.,2.49252001749145));
#13307=CARTESIAN_POINT('Ctrl Pts',(6.053,-0.975196540485535,2.48969950467094));
#13308=CARTESIAN_POINT('Ctrl Pts',(5.57312520980553,-2.92467299524656,2.48405847902991));
#13309=CARTESIAN_POINT('Ctrl Pts',(3.57513509520391,-5.17975385056172,2.47559694056838));
#13310=CARTESIAN_POINT('Ctrl Pts',(0.75869376141755,-6.24782847110928,2.46713540210684));
#13311=CARTESIAN_POINT('Ctrl Pts',(-2.23183142337769,-5.88479242971131,
2.4586738636453));
#13312=CARTESIAN_POINT('Ctrl Pts',(-4.71093194626442,-4.17352465819132,
2.45021232518376));
#13313=CARTESIAN_POINT('Ctrl Pts',(-6.11088509892973,-1.50620167490112,
2.44175078672222));
#13314=CARTESIAN_POINT('Ctrl Pts',(-6.110872454331,1.50619879427984,2.43328924826068));
#13315=CARTESIAN_POINT('Ctrl Pts',(-4.7109506548948,4.1735346816368,2.42482770979915));
#13316=CARTESIAN_POINT('Ctrl Pts',(-2.23179766738046,5.88477045253735,2.4163661713376));
#13317=CARTESIAN_POINT('Ctrl Pts',(0.758628622713048,6.24787299618136,2.40790463287607));
#13318=CARTESIAN_POINT('Ctrl Pts',(3.57526459365833,5.17966477185468,2.39944309441453));
#13319=CARTESIAN_POINT('Ctrl Pts',(5.57284933846553,2.92485693838178,2.39098155595299));
#13320=CARTESIAN_POINT('Ctrl Pts',(6.29376206543746,5.02884619162692E-8,
2.38252001749145));
#13321=CARTESIAN_POINT('Ctrl Pts',(5.57284944430771,-2.92485706307096,2.37405847902991));
#13322=CARTESIAN_POINT('Ctrl Pts',(3.57526433122485,-5.17966456326734,2.36559694056838));
#13323=CARTESIAN_POINT('Ctrl Pts',(0.758629167569236,-6.24787338868012,
2.35713540210684));
#13324=CARTESIAN_POINT('Ctrl Pts',(-2.2317987559066,-5.88476968793213,2.3486738636453));
#13325=CARTESIAN_POINT('Ctrl Pts',(-4.71094850077235,-4.17353618496104,
2.34021232518376));
#13326=CARTESIAN_POINT('Ctrl Pts',(-6.1108767069149,-1.5061958314208,2.33175078672222));
#13327=CARTESIAN_POINT('Ctrl Pts',(-6.11087670876295,1.50619583184179,2.32328924826069));
#13328=CARTESIAN_POINT('Ctrl Pts',(-4.71094849803822,4.17353618349614,2.31482770979914));
#13329=CARTESIAN_POINT('Ctrl Pts',(-2.23179876083779,5.88476969114328,2.30636617133761));
#13330=CARTESIAN_POINT('Ctrl Pts',(0.758629177061868,6.24787338218302,2.29790463287607));
#13331=CARTESIAN_POINT('Ctrl Pts',(3.57526431261922,5.17966457616561,2.28944309441453));
#13332=CARTESIAN_POINT('Ctrl Pts',(5.57284948094732,2.9248570375871,2.28098155595299));
#13333=CARTESIAN_POINT('Ctrl Pts',(6.29376199319592,4.4595482665439E-15,
2.27252001749145));
#13334=CARTESIAN_POINT('Ctrl Pts',(5.57284948094733,-2.92485703758708,2.26405847902991));
#13335=CARTESIAN_POINT('Ctrl Pts',(3.57526431261923,-5.1796645761656,2.25559694056838));
#13336=CARTESIAN_POINT('Ctrl Pts',(0.75862917706188,-6.24787338218303,2.24713540210684));
#13337=CARTESIAN_POINT('Ctrl Pts',(-2.23179876083779,-5.88476969114328,
2.2386738636453));
#13338=CARTESIAN_POINT('Ctrl Pts',(-4.71094849803821,-4.17353618349615,
2.23021232518376));
#13339=CARTESIAN_POINT('Ctrl Pts',(-6.11087670876294,-1.5061958318418,2.22175078672222));
#13340=CARTESIAN_POINT('Ctrl Pts',(-6.11087670691491,1.50619583142078,2.21328924826068));
#13341=CARTESIAN_POINT('Ctrl Pts',(-4.71094850077235,4.17353618496103,2.20482770979914));
#13342=CARTESIAN_POINT('Ctrl Pts',(-2.2317987559066,5.88476968793214,2.19636617133761));
#13343=CARTESIAN_POINT('Ctrl Pts',(0.758629167569226,6.24787338868011,2.18790463287607));
#13344=CARTESIAN_POINT('Ctrl Pts',(3.57526433122484,5.17966456326736,2.17944309441453));
#13345=CARTESIAN_POINT('Ctrl Pts',(5.57284944430771,2.92485706307097,2.17098155595299));
#13346=CARTESIAN_POINT('Ctrl Pts',(6.29376206543746,-5.0288449606152E-8,
2.16252001749145));
#13347=CARTESIAN_POINT('Ctrl Pts',(5.57284933846554,-2.92485693838175,2.15405847902991));
#13348=CARTESIAN_POINT('Ctrl Pts',(3.57526459365834,-5.17966477185468,2.14559694056838));
#13349=CARTESIAN_POINT('Ctrl Pts',(0.758628622713066,-6.24787299618134,
2.13713540210684));
#13350=CARTESIAN_POINT('Ctrl Pts',(-2.23179766738046,-5.88477045253736,
2.1286738636453));
#13351=CARTESIAN_POINT('Ctrl Pts',(-4.71095065489478,-4.1735346816368,2.12021232518376));
#13352=CARTESIAN_POINT('Ctrl Pts',(-6.11087245433101,-1.50619879427986,
2.11175078672222));
#13353=CARTESIAN_POINT('Ctrl Pts',(-6.11088509892972,1.50620167490111,2.10328924826068));
#13354=CARTESIAN_POINT('Ctrl Pts',(-4.71093194626444,4.1735246581913,2.09482770979915));
#13355=CARTESIAN_POINT('Ctrl Pts',(-2.23183142337771,5.8847924297113,2.08636617133761));
#13356=CARTESIAN_POINT('Ctrl Pts',(0.758693761417531,6.24782847110928,2.07790463287607));
#13357=CARTESIAN_POINT('Ctrl Pts',(3.5751350952039,5.17975385056173,2.06944309441453));
#13358=CARTESIAN_POINT('Ctrl Pts',(5.57312520980552,2.92467299524658,2.06098155595299));
#13359=CARTESIAN_POINT('Ctrl Pts',(6.053,0.975196540485543,2.05534053031197));
#13360=CARTESIAN_POINT('Ctrl Pts',(6.053,5.93022966019114E-15,2.05252001749145));
#13361=CARTESIAN_POINT('Ctrl Pts',(6.05794616324982,0.,2.46993115942655));
#13362=CARTESIAN_POINT('Ctrl Pts',(6.05794616324982,-0.975970082328031,
2.46711064660604));
#13363=CARTESIAN_POINT('Ctrl Pts',(5.57767692142541,-2.92707660217702,2.46146962096502));
#13364=CARTESIAN_POINT('Ctrl Pts',(3.57805601894097,-5.18397835558571,2.45300808250348));
#13365=CARTESIAN_POINT('Ctrl Pts',(0.759313315492323,-6.25293565291624,
2.44454654404194));
#13366=CARTESIAN_POINT('Ctrl Pts',(-2.23365447561326,-5.88959794330181,
2.4360850055804));
#13367=CARTESIAN_POINT('Ctrl Pts',(-4.7147803155224,-4.17693483888792,2.42762346711887));
#13368=CARTESIAN_POINT('Ctrl Pts',(-6.11587699297997,-1.50743163554201,
2.41916192865732));
#13369=CARTESIAN_POINT('Ctrl Pts',(-6.11586438022573,1.50742896985848,2.41070039019579));
#13370=CARTESIAN_POINT('Ctrl Pts',(-4.71479897703647,4.17694411440974,2.40223885173425));
#13371=CARTESIAN_POINT('Ctrl Pts',(-2.23362080462802,5.88957760631464,2.39377731327271));
#13372=CARTESIAN_POINT('Ctrl Pts',(0.759248340834827,6.25297685139809,2.38531577481117));
#13373=CARTESIAN_POINT('Ctrl Pts',(3.57818519126312,5.18389597439006,2.37685423634963));
#13374=CARTESIAN_POINT('Ctrl Pts',(5.57740174484695,2.92724623277871,2.36839269788809));
#13375=CARTESIAN_POINT('Ctrl Pts',(6.29890337763108,4.6536228887755E-8,
2.35993115942656));
#13376=CARTESIAN_POINT('Ctrl Pts',(5.57740185042257,-2.9272463481643,2.35146962096502));
#13377=CARTESIAN_POINT('Ctrl Pts',(3.57818492949057,-5.18389578136629,2.34300808250348));
#13378=CARTESIAN_POINT('Ctrl Pts',(0.759248884318833,-6.25297721461088,
2.33454654404194));
#13379=CARTESIAN_POINT('Ctrl Pts',(-2.23362189041278,-5.88957689875981,
2.32608500558041));
#13380=CARTESIAN_POINT('Ctrl Pts',(-4.71479682833902,-4.17694550556468,
2.31762346711886));
#13381=CARTESIAN_POINT('Ctrl Pts',(-6.11586862209982,-1.50742622807094,
2.30916192865733));
#13382=CARTESIAN_POINT('Ctrl Pts',(-6.1158686239432,1.50742622846053,2.30070039019579));
#13383=CARTESIAN_POINT('Ctrl Pts',(-4.71479682561178,4.17694550420907,2.29223885173425));
#13384=CARTESIAN_POINT('Ctrl Pts',(-2.23362189533155,5.88957690173137,2.28377731327272));
#13385=CARTESIAN_POINT('Ctrl Pts',(0.759248893787559,6.25297720859856,2.27531577481117));
#13386=CARTESIAN_POINT('Ctrl Pts',(3.57818491093178,5.18389579330217,2.26685423634964));
#13387=CARTESIAN_POINT('Ctrl Pts',(5.57740188696992,2.92724632458191,2.25839269788809));
#13388=CARTESIAN_POINT('Ctrl Pts',(6.29890330557146,7.32640072360784E-15,
2.24993115942656));
#13389=CARTESIAN_POINT('Ctrl Pts',(5.57740188696992,-2.92724632458189,2.24146962096502));
#13390=CARTESIAN_POINT('Ctrl Pts',(3.57818491093179,-5.18389579330215,2.23300808250348));
#13391=CARTESIAN_POINT('Ctrl Pts',(0.75924889378757,-6.25297720859857,2.22454654404194));
#13392=CARTESIAN_POINT('Ctrl Pts',(-2.23362189533154,-5.88957690173135,
2.2160850055804));
#13393=CARTESIAN_POINT('Ctrl Pts',(-4.71479682561178,-4.1769455042091,2.20762346711887));
#13394=CARTESIAN_POINT('Ctrl Pts',(-6.11586862394319,-1.50742622846054,
2.19916192865733));
#13395=CARTESIAN_POINT('Ctrl Pts',(-6.11586862209982,1.50742622807093,2.19070039019579));
#13396=CARTESIAN_POINT('Ctrl Pts',(-4.71479682833903,4.17694550556467,2.18223885173424));
#13397=CARTESIAN_POINT('Ctrl Pts',(-2.23362189041278,5.88957689875981,2.17377731327272));
#13398=CARTESIAN_POINT('Ctrl Pts',(0.759248884318819,6.25297721461088,2.16531577481117));
#13399=CARTESIAN_POINT('Ctrl Pts',(3.57818492949055,5.1838957813663,2.15685423634963));
#13400=CARTESIAN_POINT('Ctrl Pts',(5.57740185042256,2.92724634816432,2.1483926978881));
#13401=CARTESIAN_POINT('Ctrl Pts',(6.29890337763109,-4.65362165929807E-8,
2.13993115942656));
#13402=CARTESIAN_POINT('Ctrl Pts',(5.57740174484695,-2.92724623277869,2.13146962096502));
#13403=CARTESIAN_POINT('Ctrl Pts',(3.57818519126313,-5.18389597439005,2.12300808250348));
#13404=CARTESIAN_POINT('Ctrl Pts',(0.759248340834838,-6.25297685139808,
2.11454654404194));
#13405=CARTESIAN_POINT('Ctrl Pts',(-2.23362080462801,-5.88957760631465,
2.1060850055804));
#13406=CARTESIAN_POINT('Ctrl Pts',(-4.71479897703646,-4.17694411440975,
2.09762346711886));
#13407=CARTESIAN_POINT('Ctrl Pts',(-6.11586438022574,-1.50742896985849,
2.08916192865733));
#13408=CARTESIAN_POINT('Ctrl Pts',(-6.11587699297997,1.507431635542,2.08070039019579));
#13409=CARTESIAN_POINT('Ctrl Pts',(-4.71478031552242,4.17693483888789,2.07223885173425));
#13410=CARTESIAN_POINT('Ctrl Pts',(-2.23365447561328,5.88959794330182,2.06377731327271));
#13411=CARTESIAN_POINT('Ctrl Pts',(0.759313315492305,6.25293565291623,2.05531577481117));
#13412=CARTESIAN_POINT('Ctrl Pts',(3.57805601894095,5.18397835558573,2.04685423634963));
#13413=CARTESIAN_POINT('Ctrl Pts',(5.57767692142541,2.92707660217704,2.03839269788809));
#13414=CARTESIAN_POINT('Ctrl Pts',(6.05794616324982,0.97597008232804,2.03275167224707));
#13415=CARTESIAN_POINT('Ctrl Pts',(6.05794616324982,5.93507550258471E-15,
2.02993115942656));
#13416=CARTESIAN_POINT('Ctrl Pts',(6.08701746221308,0.,2.4468820490206));
#13417=CARTESIAN_POINT('Ctrl Pts',(6.08701746221308,-0.980666539412953,
2.44406153620009));
#13418=CARTESIAN_POINT('Ctrl Pts',(5.6044447565568,-2.941115669523,2.43842051055906));
#13419=CARTESIAN_POINT('Ctrl Pts',(3.59522690673484,-5.20886007101087,2.42995897209752));
#13420=CARTESIAN_POINT('Ctrl Pts',(0.76295738670582,-6.28294167695793,2.42149743363599));
#13421=CARTESIAN_POINT('Ctrl Pts',(-2.24437386571905,-5.91786313064259,
2.41303589517444));
#13422=CARTESIAN_POINT('Ctrl Pts',(-4.73740656223354,-4.19697950960795,
2.4045743567129));
#13423=CARTESIAN_POINT('Ctrl Pts',(-6.14522716247243,-1.51466605854983,
2.39611281825137));
#13424=CARTESIAN_POINT('Ctrl Pts',(-6.14521446586716,1.51466325991063,2.38765127978982));
#13425=CARTESIAN_POINT('Ctrl Pts',(-4.73742534781149,4.19698924777691,2.3791897413283));
#13426=CARTESIAN_POINT('Ctrl Pts',(-2.24433997088525,5.91784177909791,2.37072820286674));
#13427=CARTESIAN_POINT('Ctrl Pts',(0.762891980089375,6.28298493288779,2.36226666440522));
#13428=CARTESIAN_POINT('Ctrl Pts',(3.59535693780935,5.20877355046671,2.35380512594367));
#13429=CARTESIAN_POINT('Ctrl Pts',(5.60416775057299,2.94129411218627,2.34534358748214));
#13430=CARTESIAN_POINT('Ctrl Pts',(6.32913187720568,4.88572797902807E-8,
2.3368820490206));
#13431=CARTESIAN_POINT('Ctrl Pts',(5.6041678568505,-2.94129423332687,2.32842051055906));
#13432=CARTESIAN_POINT('Ctrl Pts',(3.5953566742965,-5.20877334781565,2.31995897209752));
#13433=CARTESIAN_POINT('Ctrl Pts',(0.762892527186525,-6.28298531421626,
2.31149743363599));
#13434=CARTESIAN_POINT('Ctrl Pts',(-2.24434106388843,-5.91784103625294,
2.30303589517444));
#13435=CARTESIAN_POINT('Ctrl Pts',(-4.73742318482926,-4.19699070831734,
2.29457435671291));
#13436=CARTESIAN_POINT('Ctrl Pts',(-6.14521873594169,-1.51466038137305,
2.28611281825136));
#13437=CARTESIAN_POINT('Ctrl Pts',(-6.14521873779735,1.51466038178206,2.27765127978984));
#13438=CARTESIAN_POINT('Ctrl Pts',(-4.73742318208387,4.19699070689415,2.26918974132829));
#13439=CARTESIAN_POINT('Ctrl Pts',(-2.24434106883991,5.9178410393727,2.26072820286675));
#13440=CARTESIAN_POINT('Ctrl Pts',(0.762892536718208,6.28298530790406,2.25226666440522));
#13441=CARTESIAN_POINT('Ctrl Pts',(3.59535665561433,5.20877336034684,2.24380512594367));
#13442=CARTESIAN_POINT('Ctrl Pts',(5.60416789364082,2.94129420856827,2.23534358748214));
#13443=CARTESIAN_POINT('Ctrl Pts',(6.32913180466699,7.64493988550383E-15,
2.2268820490206));
#13444=CARTESIAN_POINT('Ctrl Pts',(5.60416789364082,-2.94129420856826,2.21842051055906));
#13445=CARTESIAN_POINT('Ctrl Pts',(3.59535665561435,-5.20877336034684,2.20995897209752));
#13446=CARTESIAN_POINT('Ctrl Pts',(0.762892536718212,-6.28298530790407,
2.20149743363598));
#13447=CARTESIAN_POINT('Ctrl Pts',(-2.2443410688399,-5.91784103937269,2.19303589517444));
#13448=CARTESIAN_POINT('Ctrl Pts',(-4.73742318208387,-4.19699070689415,
2.18457435671291));
#13449=CARTESIAN_POINT('Ctrl Pts',(-6.14521873779735,-1.51466038178207,
2.17611281825136));
#13450=CARTESIAN_POINT('Ctrl Pts',(-6.14521873594169,1.51466038137303,2.16765127978983));
#13451=CARTESIAN_POINT('Ctrl Pts',(-4.73742318482927,4.19699070831735,2.15918974132829));
#13452=CARTESIAN_POINT('Ctrl Pts',(-2.24434106388843,5.91784103625294,2.15072820286675));
#13453=CARTESIAN_POINT('Ctrl Pts',(0.762892527186508,6.28298531421625,2.14226666440521));
#13454=CARTESIAN_POINT('Ctrl Pts',(3.59535667429649,5.20877334781567,2.13380512594368));
#13455=CARTESIAN_POINT('Ctrl Pts',(5.60416785685049,2.94129423332688,2.12534358748214));
#13456=CARTESIAN_POINT('Ctrl Pts',(6.32913187720568,-4.88572649377023E-8,
2.1168820490206));
#13457=CARTESIAN_POINT('Ctrl Pts',(5.604167750573,-2.94129411218626,2.10842051055906));
#13458=CARTESIAN_POINT('Ctrl Pts',(3.59535693780936,-5.2087735504667,2.09995897209752));
#13459=CARTESIAN_POINT('Ctrl Pts',(0.762891980089389,-6.28298493288779,
2.09149743363599));
#13460=CARTESIAN_POINT('Ctrl Pts',(-2.24433997088524,-5.91784177909791,
2.08303589517445));
#13461=CARTESIAN_POINT('Ctrl Pts',(-4.73742534781149,-4.19698924777691,
2.07457435671291));
#13462=CARTESIAN_POINT('Ctrl Pts',(-6.14521446586717,-1.51466325991064,
2.06611281825137));
#13463=CARTESIAN_POINT('Ctrl Pts',(-6.14522716247242,1.51466605854981,2.05765127978982));
#13464=CARTESIAN_POINT('Ctrl Pts',(-4.73740656223356,4.19697950960793,2.04918974132829));
#13465=CARTESIAN_POINT('Ctrl Pts',(-2.24437386571907,5.91786313064259,2.04072820286675));
#13466=CARTESIAN_POINT('Ctrl Pts',(0.762957386705805,6.28294167695793,2.03226666440521));
#13467=CARTESIAN_POINT('Ctrl Pts',(3.59522690673482,5.20886007101088,2.02380512594368));
#13468=CARTESIAN_POINT('Ctrl Pts',(5.6044447565568,2.94111566952301,2.01534358748214));
#13469=CARTESIAN_POINT('Ctrl Pts',(6.08701746221308,0.980666539412962,2.00970256184111));
#13470=CARTESIAN_POINT('Ctrl Pts',(6.08701746221308,5.96355716116263E-15,
2.0068820490206));
#13471=CARTESIAN_POINT('Ctrl Pts',(6.12637765812024,0.,2.45145045576179));
#13472=CARTESIAN_POINT('Ctrl Pts',(6.12637765812024,-0.987003920496737,
2.44862994294127));
#13473=CARTESIAN_POINT('Ctrl Pts',(5.64068413075012,-2.96013593807877,2.44298891730025));
#13474=CARTESIAN_POINT('Ctrl Pts',(3.61847447624079,-5.24254054129997,2.43452737883871));
#13475=CARTESIAN_POINT('Ctrl Pts',(0.767890795072266,-6.32356906862429,
2.42606584037717));
#13476=CARTESIAN_POINT('Ctrl Pts',(-2.25888644424381,-5.95612900282058,
2.41760430191563));
#13477=CARTESIAN_POINT('Ctrl Pts',(-4.76803964506521,-4.22411821130103,
2.4091427634541));
#13478=CARTESIAN_POINT('Ctrl Pts',(-6.18496349757836,-1.52446013707473,
2.40068122499255));
#13479=CARTESIAN_POINT('Ctrl Pts',(-6.18495072584573,1.52445735625843,2.39221968653102));
#13480=CARTESIAN_POINT('Ctrl Pts',(-4.76805854179972,4.22412788744923,2.38375814806948));
#13481=CARTESIAN_POINT('Ctrl Pts',(-2.25885234885013,5.95610778731277,2.37529660960795));
#13482=CARTESIAN_POINT('Ctrl Pts',(0.767825001436878,6.32361204833823,2.3668350711464));
#13483=CARTESIAN_POINT('Ctrl Pts',(3.61860527672505,5.24245458046353,2.35837353268486));
#13484=CARTESIAN_POINT('Ctrl Pts',(5.64040548568806,2.960313143803,2.34991199422333));
#13485=CARTESIAN_POINT('Ctrl Pts',(6.37005738371478,4.85461431586958E-8,
2.34145045576179));
#13486=CARTESIAN_POINT('Ctrl Pts',(5.64040559259442,-2.96031326417213,2.33298891730025));
#13487=CARTESIAN_POINT('Ctrl Pts',(3.61860501165297,-5.24245437910302,2.32452737883871));
#13488=CARTESIAN_POINT('Ctrl Pts',(0.767825551771269,-6.32361242723829,
2.31606584037717));
#13489=CARTESIAN_POINT('Ctrl Pts',(-2.25885344832075,-5.95610704919844,
2.30760430191564));
#13490=CARTESIAN_POINT('Ctrl Pts',(-4.76805636601885,-4.22412933868857,
2.29914276345409));
#13491=CARTESIAN_POINT('Ctrl Pts',(-6.18495502118683,-1.52445449605216,
2.29068122499256));
#13492=CARTESIAN_POINT('Ctrl Pts',(-6.18495502305344,1.52445449645857,2.28221968653102));
#13493=CARTESIAN_POINT('Ctrl Pts',(-4.76805636325724,4.22412933727442,2.27375814806948));
#13494=CARTESIAN_POINT('Ctrl Pts',(-2.25885345330152,5.95610705229833,2.26529660960795));
#13495=CARTESIAN_POINT('Ctrl Pts',(0.767825561359348,6.3236124209663,2.2568350711464));
#13496=CARTESIAN_POINT('Ctrl Pts',(3.61860499286026,5.24245439155441,2.24837353268487));
#13497=CARTESIAN_POINT('Ctrl Pts',(5.64040562960243,2.96031323957121,2.23991199422332));
#13498=CARTESIAN_POINT('Ctrl Pts',(6.37005731074688,2.54831329516794E-15,
2.23145045576179));
#13499=CARTESIAN_POINT('Ctrl Pts',(5.64040562960243,-2.96031323957118,2.22298891730025));
#13500=CARTESIAN_POINT('Ctrl Pts',(3.61860499286028,-5.2424543915544,2.21452737883871));
#13501=CARTESIAN_POINT('Ctrl Pts',(0.767825561359354,-6.3236124209663,2.20606584037717));
#13502=CARTESIAN_POINT('Ctrl Pts',(-2.25885345330151,-5.95610705229833,
2.19760430191563));
#13503=CARTESIAN_POINT('Ctrl Pts',(-4.76805636325723,-4.22412933727443,
2.1891427634541));
#13504=CARTESIAN_POINT('Ctrl Pts',(-6.18495502305345,-1.52445449645859,
2.18068122499255));
#13505=CARTESIAN_POINT('Ctrl Pts',(-6.18495502118682,1.52445449605215,2.17221968653102));
#13506=CARTESIAN_POINT('Ctrl Pts',(-4.76805636601887,4.22412933868856,2.16375814806947));
#13507=CARTESIAN_POINT('Ctrl Pts',(-2.25885344832075,5.95610704919844,2.15529660960795));
#13508=CARTESIAN_POINT('Ctrl Pts',(0.767825551771254,6.32361242723829,2.1468350711464));
#13509=CARTESIAN_POINT('Ctrl Pts',(3.61860501165296,5.24245437910303,2.13837353268487));
#13510=CARTESIAN_POINT('Ctrl Pts',(5.6404055925944,2.96031326417215,2.12991199422333));
#13511=CARTESIAN_POINT('Ctrl Pts',(6.37005738371478,-4.85461273517721E-8,
2.12145045576179));
#13512=CARTESIAN_POINT('Ctrl Pts',(5.64040548568806,-2.96031314380298,2.11298891730025));
#13513=CARTESIAN_POINT('Ctrl Pts',(3.61860527672507,-5.24245458046353,2.10452737883871));
#13514=CARTESIAN_POINT('Ctrl Pts',(0.767825001436892,-6.32361204833822,
2.09606584037717));
#13515=CARTESIAN_POINT('Ctrl Pts',(-2.25885234885013,-5.95610778731278,
2.08760430191563));
#13516=CARTESIAN_POINT('Ctrl Pts',(-4.76805854179971,-4.22412788744923,
2.07914276345409));
#13517=CARTESIAN_POINT('Ctrl Pts',(-6.18495072584573,-1.52445735625844,
2.07068122499256));
#13518=CARTESIAN_POINT('Ctrl Pts',(-6.18496349757835,1.52446013707471,2.06221968653102));
#13519=CARTESIAN_POINT('Ctrl Pts',(-4.76803964506524,4.22411821130101,2.05375814806948));
#13520=CARTESIAN_POINT('Ctrl Pts',(-2.25888644424382,5.95612900282057,2.04529660960794));
#13521=CARTESIAN_POINT('Ctrl Pts',(0.767890795072246,6.32356906862429,2.0368350711464));
#13522=CARTESIAN_POINT('Ctrl Pts',(3.61847447624078,5.24254054129998,2.02837353268486));
#13523=CARTESIAN_POINT('Ctrl Pts',(5.64068413075011,2.96013593807879,2.01991199422333));
#13524=CARTESIAN_POINT('Ctrl Pts',(6.12637765812024,0.987003920496746,2.0142709685823));
#13525=CARTESIAN_POINT('Ctrl Pts',(6.12637765812024,6.00211903150785E-15,
2.01145045576179));
#13526=CARTESIAN_POINT('Ctrl Pts',(6.15453183233546,0.,2.4793549109481));
#13527=CARTESIAN_POINT('Ctrl Pts',(6.15453183233546,-0.991538402919226,
2.47653439812759));
#13528=CARTESIAN_POINT('Ctrl Pts',(5.66660613270091,-2.97374023891055,2.47089337248656));
#13529=CARTESIAN_POINT('Ctrl Pts',(3.63510338787359,-5.26663251206094,2.46243183402502));
#13530=CARTESIAN_POINT('Ctrl Pts',(0.771419664368535,-6.35262955482856,
2.45397029556349));
#13531=CARTESIAN_POINT('Ctrl Pts',(-2.2692672673301,-5.98350060161516,2.44550875710194));
#13532=CARTESIAN_POINT('Ctrl Pts',(-4.78995142096701,-4.24353041557164,
2.43704721864041));
#13533=CARTESIAN_POINT('Ctrl Pts',(-6.21338681544887,-1.53146584676763,
2.42858568017887));
#13534=CARTESIAN_POINT('Ctrl Pts',(-6.21337398748028,1.53146306583217,2.42012414171733));
#13535=CARTESIAN_POINT('Ctrl Pts',(-4.78997040090682,4.24354009213299,2.4116626032558));
#13536=CARTESIAN_POINT('Ctrl Pts',(-2.26923302180905,5.98347938522024,2.40320106479425));
#13537=CARTESIAN_POINT('Ctrl Pts',(0.771353581033425,6.35267253611834,2.39473952633272));
#13538=CARTESIAN_POINT('Ctrl Pts',(3.63523476429296,5.2665465506506,2.38627798787118));
#13539=CARTESIAN_POINT('Ctrl Pts',(5.66632626072081,2.97391741633247,2.37781644940964));
#13540=CARTESIAN_POINT('Ctrl Pts',(6.39933131172449,4.85482251306664E-8,
2.3693549109481));
#13541=CARTESIAN_POINT('Ctrl Pts',(5.6663263680979,-2.97391753670677,2.36089337248657));
#13542=CARTESIAN_POINT('Ctrl Pts',(3.63523449805372,-5.26654634928145,2.35243183402502));
#13543=CARTESIAN_POINT('Ctrl Pts',(0.771354133791026,-6.35267291503466,
2.34397029556349));
#13544=CARTESIAN_POINT('Ctrl Pts',(-2.2692341261208,-5.98347864707424,2.33550875710195));
#13545=CARTESIAN_POINT('Ctrl Pts',(-4.78996821554564,-4.24354154343457,
2.32704721864041));
#13546=CARTESIAN_POINT('Ctrl Pts',(-6.21337830173444,-1.53146020550322,
2.31858568017887));
#13547=CARTESIAN_POINT('Ctrl Pts',(-6.2133783036093,1.53146020590964,2.31012414171734));
#13548=CARTESIAN_POINT('Ctrl Pts',(-4.78996821277186,4.24354154202038,2.30166260325579));
#13549=CARTESIAN_POINT('Ctrl Pts',(-2.26923413112351,5.98347865017427,2.29320106479425));
#13550=CARTESIAN_POINT('Ctrl Pts',(0.771354143421321,6.35267290876239,2.28473952633271));
#13551=CARTESIAN_POINT('Ctrl Pts',(3.63523447917827,5.26654636173336,2.27627798787118));
#13552=CARTESIAN_POINT('Ctrl Pts',(5.66632640526886,2.97391751210478,2.26781644940964));
#13553=CARTESIAN_POINT('Ctrl Pts',(6.3993312384353,1.14674098282557E-14,
2.2593549109481));
#13554=CARTESIAN_POINT('Ctrl Pts',(5.66632640526887,-2.97391751210478,2.25089337248657));
#13555=CARTESIAN_POINT('Ctrl Pts',(3.63523447917828,-5.26654636173336,2.24243183402502));
#13556=CARTESIAN_POINT('Ctrl Pts',(0.771354143421332,-6.3526729087624,2.23397029556349));
#13557=CARTESIAN_POINT('Ctrl Pts',(-2.26923413112351,-5.98347865017427,
2.22550875710195));
#13558=CARTESIAN_POINT('Ctrl Pts',(-4.78996821277185,-4.24354154202038,
2.21704721864041));
#13559=CARTESIAN_POINT('Ctrl Pts',(-6.21337830360929,-1.53146020590966,
2.20858568017887));
#13560=CARTESIAN_POINT('Ctrl Pts',(-6.21337830173445,1.5314602055032,2.20012414171733));
#13561=CARTESIAN_POINT('Ctrl Pts',(-4.78996821554565,4.24354154343457,2.1916626032558));
#13562=CARTESIAN_POINT('Ctrl Pts',(-2.26923412612081,5.98347864707424,2.18320106479425));
#13563=CARTESIAN_POINT('Ctrl Pts',(0.77135413379101,6.35267291503465,2.17473952633272));
#13564=CARTESIAN_POINT('Ctrl Pts',(3.63523449805371,5.26654634928146,2.16627798787118));
#13565=CARTESIAN_POINT('Ctrl Pts',(5.66632636809789,2.97391753670679,2.15781644940964));
#13566=CARTESIAN_POINT('Ctrl Pts',(6.39933131172449,-4.85482093237342E-8,
2.1493549109481));
#13567=CARTESIAN_POINT('Ctrl Pts',(5.66632626072083,-2.97391741633246,2.14089337248656));
#13568=CARTESIAN_POINT('Ctrl Pts',(3.63523476429297,-5.26654655065059,2.13243183402502));
#13569=CARTESIAN_POINT('Ctrl Pts',(0.77135358103344,-6.35267253611834,2.12397029556348));
#13570=CARTESIAN_POINT('Ctrl Pts',(-2.26923302180904,-5.98347938522025,
2.11550875710195));
#13571=CARTESIAN_POINT('Ctrl Pts',(-4.78997040090681,-4.24354009213299,
2.10704721864041));
#13572=CARTESIAN_POINT('Ctrl Pts',(-6.21337398748029,-1.53146306583218,
2.09858568017887));
#13573=CARTESIAN_POINT('Ctrl Pts',(-6.21338681544888,1.53146584676761,2.09012414171733));
#13574=CARTESIAN_POINT('Ctrl Pts',(-4.78995142096703,4.24353041557162,2.08166260325579));
#13575=CARTESIAN_POINT('Ctrl Pts',(-2.26926726733012,5.98350060161516,2.07320106479425));
#13576=CARTESIAN_POINT('Ctrl Pts',(0.771419664368517,6.35262955482856,2.06473952633272));
#13577=CARTESIAN_POINT('Ctrl Pts',(3.63510338787358,5.26663251206095,2.05627798787118));
#13578=CARTESIAN_POINT('Ctrl Pts',(5.66660613270092,2.97374023891056,2.04781644940964));
#13579=CARTESIAN_POINT('Ctrl Pts',(6.15453183233546,0.991538402919235,2.04217542376861));
#13580=CARTESIAN_POINT('Ctrl Pts',(6.15453183233546,6.02970216697609E-15,
2.0393549109481));
#13581=CARTESIAN_POINT('Ctrl Pts',(6.15456785911968,0.,2.524783728304));
#13582=CARTESIAN_POINT('Ctrl Pts',(6.15456785911968,-0.991549381245607,
2.52196321548348));
#13583=CARTESIAN_POINT('Ctrl Pts',(5.66663981902337,-2.97375460103407,2.51632218984246));
#13584=CARTESIAN_POINT('Ctrl Pts',(3.63512477110702,-5.26666513573904,2.50786065138092));
#13585=CARTESIAN_POINT('Ctrl Pts',(0.771424270239313,-6.35266633852096,
2.49939911291938));
#13586=CARTESIAN_POINT('Ctrl Pts',(-2.26928069995199,-5.98353633687856,
2.49093757445785));
#13587=CARTESIAN_POINT('Ctrl Pts',(-4.78997971120384,-4.24355529661159,
2.48247603599631));
#13588=CARTESIAN_POINT('Ctrl Pts',(-6.21342353481455,-1.53147499350169,
2.47401449753477));
#13589=CARTESIAN_POINT('Ctrl Pts',(-6.21341069741788,1.53147216436421,2.46555295907323));
#13590=CARTESIAN_POINT('Ctrl Pts',(-4.7899987050932,4.24356514090254,2.45709142061169));
#13591=CARTESIAN_POINT('Ctrl Pts',(-2.26924642926174,5.98351475265557,2.44862988215015));
#13592=CARTESIAN_POINT('Ctrl Pts',(0.771358138335388,6.35271006582237,2.44016834368861));
#13593=CARTESIAN_POINT('Ctrl Pts',(3.63525624408321,5.26657767246964,2.43170680522708));
#13594=CARTESIAN_POINT('Ctrl Pts',(5.66635974134773,2.97393498671694,2.42324526676554));
#13595=CARTESIAN_POINT('Ctrl Pts',(6.39936912363139,4.9389704304383E-8,
2.41478372830399));
#13596=CARTESIAN_POINT('Ctrl Pts',(5.66635984880373,-2.97393510917766,2.40632218984246));
#13597=CARTESIAN_POINT('Ctrl Pts',(3.6352559776483,-5.26657746761019,2.39786065138093));
#13598=CARTESIAN_POINT('Ctrl Pts',(0.771358691499246,-6.35271045130636,
2.38939911291938));
#13599=CARTESIAN_POINT('Ctrl Pts',(-2.26924753438513,-5.98351400171543,
2.38093757445785));
#13600=CARTESIAN_POINT('Ctrl Pts',(-4.78999651812587,-4.24356661735927,
2.3724760359963));
#13601=CARTESIAN_POINT('Ctrl Pts',(-6.21341501484286,-1.53146925445766,
2.36401449753477));
#13602=CARTESIAN_POINT('Ctrl Pts',(-6.21341501671907,1.53146925487113,2.35555295907323));
#13603=CARTESIAN_POINT('Ctrl Pts',(-4.78999651535006,4.24356661592055,2.34709142061169));
#13604=CARTESIAN_POINT('Ctrl Pts',(-2.26924753939151,5.9835140048692,2.33862988215016));
#13605=CARTESIAN_POINT('Ctrl Pts',(0.771358701136618,6.35271044492537,2.33016834368861));
#13606=CARTESIAN_POINT('Ctrl Pts',(3.63525595875897,5.26657748027794,2.32170680522707));
#13607=CARTESIAN_POINT('Ctrl Pts',(5.66635988600201,2.97393508414926,2.31324526676554));
#13608=CARTESIAN_POINT('Ctrl Pts',(6.39936905028833,4.77808742843989E-15,
2.304783728304));
#13609=CARTESIAN_POINT('Ctrl Pts',(5.66635988600201,-2.97393508414924,2.29632218984246));
#13610=CARTESIAN_POINT('Ctrl Pts',(3.63525595875898,-5.26657748027793,2.28786065138093));
#13611=CARTESIAN_POINT('Ctrl Pts',(0.771358701136627,-6.35271044492538,
2.27939911291938));
#13612=CARTESIAN_POINT('Ctrl Pts',(-2.2692475393915,-5.9835140048692,2.27093757445784));
#13613=CARTESIAN_POINT('Ctrl Pts',(-4.78999651535005,-4.24356661592057,
2.2624760359963));
#13614=CARTESIAN_POINT('Ctrl Pts',(-6.21341501671907,-1.53146925487114,
2.25401449753477));
#13615=CARTESIAN_POINT('Ctrl Pts',(-6.21341501484286,1.53146925445764,2.24555295907323));
#13616=CARTESIAN_POINT('Ctrl Pts',(-4.78999651812587,4.24356661735927,2.23709142061169));
#13617=CARTESIAN_POINT('Ctrl Pts',(-2.26924753438513,5.98351400171543,2.22862988215015));
#13618=CARTESIAN_POINT('Ctrl Pts',(0.771358691499237,6.35271045130636,2.22016834368861));
#13619=CARTESIAN_POINT('Ctrl Pts',(3.63525597764827,5.2665774676102,2.21170680522707));
#13620=CARTESIAN_POINT('Ctrl Pts',(5.66635984880373,2.97393510917768,2.20324526676554));
#13621=CARTESIAN_POINT('Ctrl Pts',(6.39936912363138,-4.93896904052449E-8,
2.194783728304));
#13622=CARTESIAN_POINT('Ctrl Pts',(5.66635974134773,-2.97393498671692,2.18632218984246));
#13623=CARTESIAN_POINT('Ctrl Pts',(3.63525624408322,-5.26657767246964,2.17786065138092));
#13624=CARTESIAN_POINT('Ctrl Pts',(0.771358138335404,-6.35271006582235,
2.16939911291938));
#13625=CARTESIAN_POINT('Ctrl Pts',(-2.26924642926174,-5.9835147526556,2.16093757445784));
#13626=CARTESIAN_POINT('Ctrl Pts',(-4.78999870509318,-4.24356514090253,
2.1524760359963));
#13627=CARTESIAN_POINT('Ctrl Pts',(-6.2134106974179,-1.53147216436423,2.14401449753477));
#13628=CARTESIAN_POINT('Ctrl Pts',(-6.21342353481452,1.53147499350168,2.13555295907323));
#13629=CARTESIAN_POINT('Ctrl Pts',(-4.78997971120387,4.24355529661156,2.12709142061169));
#13630=CARTESIAN_POINT('Ctrl Pts',(-2.269280699952,5.98353633687856,2.11862988215015));
#13631=CARTESIAN_POINT('Ctrl Pts',(0.771424270239291,6.35266633852097,2.11016834368861));
#13632=CARTESIAN_POINT('Ctrl Pts',(3.63512477110701,5.26666513573905,2.10170680522708));
#13633=CARTESIAN_POINT('Ctrl Pts',(5.66663981902336,2.97375460103409,2.09324526676553));
#13634=CARTESIAN_POINT('Ctrl Pts',(6.15456785911968,0.991549381245616,2.08760424112451));
#13635=CARTESIAN_POINT('Ctrl Pts',(6.15456785911968,6.02973746304488E-15,
2.084783728304));
#13636=CARTESIAN_POINT('Ctrl Pts',(6.11571880029228,0.,2.55586070150689));
#13637=CARTESIAN_POINT('Ctrl Pts',(6.11571880029228,-0.985279505198697,
2.55304018868637));
#13638=CARTESIAN_POINT('Ctrl Pts',(5.63086958004748,-2.95499003888201,2.54739916304535));
#13639=CARTESIAN_POINT('Ctrl Pts',(3.61217879926871,-5.23341691458588,2.53893762458381));
#13640=CARTESIAN_POINT('Ctrl Pts',(0.766554669895527,-6.31256769124083,
2.53047608612227));
#13641=CARTESIAN_POINT('Ctrl Pts',(-2.25495615779851,-5.94576536183914,
2.52201454766073));
#13642=CARTESIAN_POINT('Ctrl Pts',(-4.75974371545799,-4.21676890562307,
2.51355300919919));
#13643=CARTESIAN_POINT('Ctrl Pts',(-6.1742022262642,-1.52180758194627,2.50509147073766));
#13644=CARTESIAN_POINT('Ctrl Pts',(-6.17418948975981,1.52180487298202,2.49662993227611));
#13645=CARTESIAN_POINT('Ctrl Pts',(-4.75976256006969,4.2167783317467,2.48816839381458));
#13646=CARTESIAN_POINT('Ctrl Pts',(-2.25492215645007,5.94574469462367,2.47970685535303));
#13647=CARTESIAN_POINT('Ctrl Pts',(0.766489057738569,6.31260955901813,2.47124531689151));
#13648=CARTESIAN_POINT('Ctrl Pts',(3.61230923896631,5.23333319130425,2.46278377842996));
#13649=CARTESIAN_POINT('Ctrl Pts',(5.63059170357141,2.95516247587992,2.45432223996842));
#13650=CARTESIAN_POINT('Ctrl Pts',(6.35897407476733,4.72917977306177E-8,
2.44586070150689));
#13651=CARTESIAN_POINT('Ctrl Pts',(5.6305918101829,-2.95516259313893,2.43739916304535));
#13652=CARTESIAN_POINT('Ctrl Pts',(3.61230897462538,-5.23333299514653,2.42893762458381));
#13653=CARTESIAN_POINT('Ctrl Pts',(0.766489606554974,-6.31260992812811,
2.42047608612227));
#13654=CARTESIAN_POINT('Ctrl Pts',(-2.25492325288802,-5.94574397558087,
2.41201454766073));
#13655=CARTESIAN_POINT('Ctrl Pts',(-4.75976039029026,-4.21677974548864,
2.40355300919919));
#13656=CARTESIAN_POINT('Ctrl Pts',(-6.17419377325306,-1.52180208667836,
2.39509147073765));
#13657=CARTESIAN_POINT('Ctrl Pts',(-6.17419377511456,1.52180208707427,2.38662993227611));
#13658=CARTESIAN_POINT('Ctrl Pts',(-4.75976038753626,4.21677974411104,2.37816839381458));
#13659=CARTESIAN_POINT('Ctrl Pts',(-2.25492325785506,5.94574397860066,2.36970685535304));
#13660=CARTESIAN_POINT('Ctrl Pts',(0.7664896161166,6.31260992201818,2.3612453168915));
#13661=CARTESIAN_POINT('Ctrl Pts',(3.61230895588451,5.23333300727619,2.35278377842997));
#13662=CARTESIAN_POINT('Ctrl Pts',(5.63059184708882,2.95516256917365,2.34432223996842));
#13663=CARTESIAN_POINT('Ctrl Pts',(6.35897400200071,7.96347904739982E-15,
2.33586070150689));
#13664=CARTESIAN_POINT('Ctrl Pts',(5.63059184708884,-2.95516256917364,2.32739916304535));
#13665=CARTESIAN_POINT('Ctrl Pts',(3.61230895588452,-5.23333300727618,2.31893762458381));
#13666=CARTESIAN_POINT('Ctrl Pts',(0.766489616116609,-6.31260992201818,
2.31047608612227));
#13667=CARTESIAN_POINT('Ctrl Pts',(-2.25492325785505,-5.94574397860065,
2.30201454766073));
#13668=CARTESIAN_POINT('Ctrl Pts',(-4.75976038753626,-4.21677974411105,
2.29355300919919));
#13669=CARTESIAN_POINT('Ctrl Pts',(-6.17419377511454,-1.52180208707427,
2.28509147073766));
#13670=CARTESIAN_POINT('Ctrl Pts',(-6.17419377325309,1.52180208667834,2.27662993227612));
#13671=CARTESIAN_POINT('Ctrl Pts',(-4.75976039029026,4.21677974548864,2.26816839381458));
#13672=CARTESIAN_POINT('Ctrl Pts',(-2.25492325288803,5.94574397558086,2.25970685535304));
#13673=CARTESIAN_POINT('Ctrl Pts',(0.766489606554959,6.31260992812811,2.2512453168915));
#13674=CARTESIAN_POINT('Ctrl Pts',(3.61230897462537,5.23333299514654,2.24278377842997));
#13675=CARTESIAN_POINT('Ctrl Pts',(5.63059181018289,2.95516259313895,2.23432223996842));
#13676=CARTESIAN_POINT('Ctrl Pts',(6.35897407476733,-4.72917851142147E-8,
2.22586070150688));
#13677=CARTESIAN_POINT('Ctrl Pts',(5.63059170357144,-2.9551624758799,2.21739916304535));
#13678=CARTESIAN_POINT('Ctrl Pts',(3.61230923896632,-5.23333319130425,2.20893762458381));
#13679=CARTESIAN_POINT('Ctrl Pts',(0.766489057738583,-6.31260955901813,
2.20047608612227));
#13680=CARTESIAN_POINT('Ctrl Pts',(-2.25492215645007,-5.94574469462367,
2.19201454766073));
#13681=CARTESIAN_POINT('Ctrl Pts',(-4.75976256006967,-4.21677833174671,
2.18355300919919));
#13682=CARTESIAN_POINT('Ctrl Pts',(-6.17418948975981,-1.52180487298202,
2.17509147073766));
#13683=CARTESIAN_POINT('Ctrl Pts',(-6.17420222626421,1.52180758194625,2.16662993227611));
#13684=CARTESIAN_POINT('Ctrl Pts',(-4.75974371545801,4.21676890562305,2.15816839381458));
#13685=CARTESIAN_POINT('Ctrl Pts',(-2.25495615779852,5.94576536183913,2.14970685535304));
#13686=CARTESIAN_POINT('Ctrl Pts',(0.766554669895507,6.31256769124083,2.1412453168915));
#13687=CARTESIAN_POINT('Ctrl Pts',(3.6121787992687,5.23341691458589,2.13278377842996));
#13688=CARTESIAN_POINT('Ctrl Pts',(5.63086958004748,2.95499003888202,2.12432223996842));
#13689=CARTESIAN_POINT('Ctrl Pts',(6.11571880029228,0.985279505198706,2.1186812143274));
#13690=CARTESIAN_POINT('Ctrl Pts',(6.11571880029228,5.99167636261058E-15,
2.11586070150688));
#13691=CARTESIAN_POINT('Ctrl Pts',(6.06732629221057,0.,2.54469966313104));
#13692=CARTESIAN_POINT('Ctrl Pts',(6.06732629221057,-0.977504076480079,
2.54187915031052));
#13693=CARTESIAN_POINT('Ctrl Pts',(5.58631567368992,-2.93159547034311,2.5362381246695));
#13694=CARTESIAN_POINT('Ctrl Pts',(3.58359674409443,-5.19201313949455,2.52777658620796));
#13695=CARTESIAN_POINT('Ctrl Pts',(0.760489434411321,-6.26261592918245,
2.51931504774642));
#13696=CARTESIAN_POINT('Ctrl Pts',(-2.23711372474961,-5.89872052896775,
2.51085350928489));
#13697=CARTESIAN_POINT('Ctrl Pts',(-4.7220817927546,-4.18340258761303,2.50239197082334));
#13698=CARTESIAN_POINT('Ctrl Pts',(-6.12534835591091,-1.50976654595588,
2.49393043236181));
#13699=CARTESIAN_POINT('Ctrl Pts',(-6.12533568241074,1.50976366380195,2.48546889390026));
#13700=CARTESIAN_POINT('Ctrl Pts',(-4.72210054414685,4.18341261639097,2.47700735543874));
#13701=CARTESIAN_POINT('Ctrl Pts',(-2.23707989159709,5.89869854010943,2.46854581697719));
#13702=CARTESIAN_POINT('Ctrl Pts',(0.760424146820794,6.26266047783857,2.46008427851566));
#13703=CARTESIAN_POINT('Ctrl Pts',(3.58372653854046,5.19192401463066,2.45162274005411));
#13704=CARTESIAN_POINT('Ctrl Pts',(5.5860391717972,2.93177949705393,2.44316120159258));
#13705=CARTESIAN_POINT('Ctrl Pts',(6.30865815674102,5.03152223913695E-8,
2.43469966313104));
#13706=CARTESIAN_POINT('Ctrl Pts',(5.5860392778813,-2.93177962180946,2.4262381246695));
#13707=CARTESIAN_POINT('Ctrl Pts',(3.58372627550715,-5.19192380593233,2.41777658620796));
#13708=CARTESIAN_POINT('Ctrl Pts',(0.760424692922347,-6.26266087054617,
2.40931504774642));
#13709=CARTESIAN_POINT('Ctrl Pts',(-2.23708098261124,-5.89869777509739,
2.40085350928489));
#13710=CARTESIAN_POINT('Ctrl Pts',(-4.72209838510077,-4.18341412051509,
2.39239197082334));
#13711=CARTESIAN_POINT('Ctrl Pts',(-6.12533994471466,-1.50976069936644,
2.38393043236181));
#13712=CARTESIAN_POINT('Ctrl Pts',(-6.12533994656692,1.50976069978766,2.37546889390027));
#13713=CARTESIAN_POINT('Ctrl Pts',(-4.7220983823604,4.18341411904941,2.36700735543873));
#13714=CARTESIAN_POINT('Ctrl Pts',(-2.23708098755371,5.89869777831025,2.35854581697719));
#13715=CARTESIAN_POINT('Ctrl Pts',(0.760424702436678,6.26266086404561,2.35008427851565));
#13716=CARTESIAN_POINT('Ctrl Pts',(3.58372625685899,5.19192381883746,2.34162274005411));
#13717=CARTESIAN_POINT('Ctrl Pts',(5.58603931460466,2.93177959631204,2.33316120159258));
#13718=CARTESIAN_POINT('Ctrl Pts',(6.30865808433437,5.09662659033589E-15,
2.32469966313104));
#13719=CARTESIAN_POINT('Ctrl Pts',(5.58603931460465,-2.93177959631203,2.3162381246695));
#13720=CARTESIAN_POINT('Ctrl Pts',(3.58372625685901,-5.19192381883746,2.30777658620796));
#13721=CARTESIAN_POINT('Ctrl Pts',(0.76042470243668,-6.26266086404561,2.29931504774642));
#13722=CARTESIAN_POINT('Ctrl Pts',(-2.23708098755369,-5.89869777831025,
2.29085350928488));
#13723=CARTESIAN_POINT('Ctrl Pts',(-4.72209838236039,-4.18341411904942,
2.28239197082335));
#13724=CARTESIAN_POINT('Ctrl Pts',(-6.12533994656692,-1.50976069978767,
2.27393043236181));
#13725=CARTESIAN_POINT('Ctrl Pts',(-6.12533994471467,1.50976069936642,2.26546889390027));
#13726=CARTESIAN_POINT('Ctrl Pts',(-4.72209838510078,4.18341412051509,2.25700735543873));
#13727=CARTESIAN_POINT('Ctrl Pts',(-2.23708098261124,5.89869777509739,2.24854581697719));
#13728=CARTESIAN_POINT('Ctrl Pts',(0.760424692922334,6.26266087054616,2.24008427851565));
#13729=CARTESIAN_POINT('Ctrl Pts',(3.58372627550714,5.19192380593235,2.23162274005412));
#13730=CARTESIAN_POINT('Ctrl Pts',(5.58603927788129,2.93177962180948,2.22316120159258));
#13731=CARTESIAN_POINT('Ctrl Pts',(6.30865815674103,-5.03152065772121E-8,
2.21469966313104));
#13732=CARTESIAN_POINT('Ctrl Pts',(5.5860391717972,-2.93177949705391,2.2062381246695));
#13733=CARTESIAN_POINT('Ctrl Pts',(3.58372653854048,-5.19192401463066,2.19777658620796));
#13734=CARTESIAN_POINT('Ctrl Pts',(0.760424146820806,-6.26266047783855,
2.18931504774642));
#13735=CARTESIAN_POINT('Ctrl Pts',(-2.23707989159708,-5.89869854010945,
2.18085350928489));
#13736=CARTESIAN_POINT('Ctrl Pts',(-4.72210054414684,-4.18341261639097,
2.17239197082334));
#13737=CARTESIAN_POINT('Ctrl Pts',(-6.12533568241074,-1.50976366380197,
2.16393043236181));
#13738=CARTESIAN_POINT('Ctrl Pts',(-6.12534835591091,1.50976654595587,2.15546889390027));
#13739=CARTESIAN_POINT('Ctrl Pts',(-4.72208179275462,4.18340258761301,2.14700735543873));
#13740=CARTESIAN_POINT('Ctrl Pts',(-2.23711372474963,5.89872052896774,2.13854581697719));
#13741=CARTESIAN_POINT('Ctrl Pts',(0.760489434411304,6.26261592918245,2.13008427851565));
#13742=CARTESIAN_POINT('Ctrl Pts',(3.58359674409442,5.19201313949456,2.12162274005412));
#13743=CARTESIAN_POINT('Ctrl Pts',(5.58631567368991,2.93159547034313,2.11316120159258));
#13744=CARTESIAN_POINT('Ctrl Pts',(6.06732629221057,0.977504076480088,2.10752017595155));
#13745=CARTESIAN_POINT('Ctrl Pts',(6.06732629221057,5.9442653785106E-15,
2.10469966313104));
#13746=CARTESIAN_POINT('Ctrl Pts',(6.053,0.,2.51495996501709));
#13747=CARTESIAN_POINT('Ctrl Pts',(6.053,-0.975155928598371,2.51213945219658));
#13748=CARTESIAN_POINT('Ctrl Pts',(5.57312116201322,-2.92469689744901,2.50649842655555));
#13749=CARTESIAN_POINT('Ctrl Pts',(3.57513427555008,-5.1797397664192,2.49803688809402));
#13750=CARTESIAN_POINT('Ctrl Pts',(0.758693053350149,-6.24783163186797,
2.48957534963248));
#13751=CARTESIAN_POINT('Ctrl Pts',(-2.23183025378764,-5.88478685972039,
2.48111381117094));
#13752=CARTESIAN_POINT('Ctrl Pts',(-4.7109299738362,-4.17352433885465,2.4726522727094));
#13753=CARTESIAN_POINT('Ctrl Pts',(-6.11088236699608,-1.50620024644756,
2.46419073424787));
#13754=CARTESIAN_POINT('Ctrl Pts',(-6.11086979580886,1.5061977440355,2.45572919578632));
#13755=CARTESIAN_POINT('Ctrl Pts',(-4.71094857384877,4.17353304623751,2.44726765732479));
#13756=CARTESIAN_POINT('Ctrl Pts',(-2.2317966937696,5.8847677686487,2.43880611886325));
#13757=CARTESIAN_POINT('Ctrl Pts',(0.758628292825261,6.24787030348083,2.43034458040171));
#13758=CARTESIAN_POINT('Ctrl Pts',(3.5752630221677,5.17966247183188,2.42188304194017));
#13759=CARTESIAN_POINT('Ctrl Pts',(5.57284689231569,2.92485566713275,2.41342150347863));
#13760=CARTESIAN_POINT('Ctrl Pts',(6.2937593014965,4.36859490560123E-8,
2.4049599650171));
#13761=CARTESIAN_POINT('Ctrl Pts',(5.57284699754337,-2.92485577545114,2.39649842655556));
#13762=CARTESIAN_POINT('Ctrl Pts',(3.57526276125785,-5.17966229063055,2.38803688809402));
#13763=CARTESIAN_POINT('Ctrl Pts',(0.758628834518143,-6.24787064444734,
2.37957534963248));
#13764=CARTESIAN_POINT('Ctrl Pts',(-2.23179777597601,-5.88476710443063,
2.37111381117094));
#13765=CARTESIAN_POINT('Ctrl Pts',(-4.71094643223264,-4.17353435218609,
2.3626522727094));
#13766=CARTESIAN_POINT('Ctrl Pts',(-6.11087402370327,-1.50619517017886,
2.35419073424786));
#13767=CARTESIAN_POINT('Ctrl Pts',(-6.11087402554059,1.50619517054459,2.34572919578633));
#13768=CARTESIAN_POINT('Ctrl Pts',(-4.71094642951438,4.17353435091352,2.33726765732479));
#13769=CARTESIAN_POINT('Ctrl Pts',(-2.23179778087858,5.88476710722019,2.32880611886325));
#13770=CARTESIAN_POINT('Ctrl Pts',(0.758628843955666,6.24787063880327,2.32034458040171));
#13771=CARTESIAN_POINT('Ctrl Pts',(3.57526274276023,5.17966230183537,2.31188304194017));
#13772=CARTESIAN_POINT('Ctrl Pts',(5.57284703397027,2.92485575331313,2.30342150347863));
#13773=CARTESIAN_POINT('Ctrl Pts',(6.29375922967437,8.28201820929581E-15,
2.29495996501709));
#13774=CARTESIAN_POINT('Ctrl Pts',(5.57284703397027,-2.92485575331312,2.28649842655556));
#13775=CARTESIAN_POINT('Ctrl Pts',(3.57526274276025,-5.17966230183536,2.27803688809402));
#13776=CARTESIAN_POINT('Ctrl Pts',(0.75862884395567,-6.24787063880328,2.26957534963248));
#13777=CARTESIAN_POINT('Ctrl Pts',(-2.23179778087856,-5.88476710722017,
2.26111381117094));
#13778=CARTESIAN_POINT('Ctrl Pts',(-4.71094642951438,-4.17353435091354,
2.2526522727094));
#13779=CARTESIAN_POINT('Ctrl Pts',(-6.11087402554057,-1.50619517054459,
2.24419073424786));
#13780=CARTESIAN_POINT('Ctrl Pts',(-6.11087402370328,1.50619517017885,2.23572919578632));
#13781=CARTESIAN_POINT('Ctrl Pts',(-4.71094643223264,4.17353435218609,2.22726765732479));
#13782=CARTESIAN_POINT('Ctrl Pts',(-2.23179777597601,5.88476710443064,2.21880611886325));
#13783=CARTESIAN_POINT('Ctrl Pts',(0.75862883451813,6.24787064444734,2.21034458040171));
#13784=CARTESIAN_POINT('Ctrl Pts',(3.57526276125784,5.17966229063057,2.20188304194017));
#13785=CARTESIAN_POINT('Ctrl Pts',(5.57284699754336,2.92485577545115,2.19342150347863));
#13786=CARTESIAN_POINT('Ctrl Pts',(6.2937593014965,-4.36859358172752E-8,
2.1849599650171));
#13787=CARTESIAN_POINT('Ctrl Pts',(5.5728468923157,-2.92485566713273,2.17649842655555));
#13788=CARTESIAN_POINT('Ctrl Pts',(3.57526302216771,-5.17966247183188,2.16803688809402));
#13789=CARTESIAN_POINT('Ctrl Pts',(0.758628292825275,-6.24787030348083,
2.15957534963248));
#13790=CARTESIAN_POINT('Ctrl Pts',(-2.23179669376959,-5.88476776864871,
2.15111381117094));
#13791=CARTESIAN_POINT('Ctrl Pts',(-4.71094857384876,-4.17353304623751,
2.1426522727094));
#13792=CARTESIAN_POINT('Ctrl Pts',(-6.11086979580886,-1.50619774403551,
2.13419073424787));
#13793=CARTESIAN_POINT('Ctrl Pts',(-6.11088236699608,1.50620024644754,2.12572919578632));
#13794=CARTESIAN_POINT('Ctrl Pts',(-4.71092997383621,4.17352433885463,2.11726765732479));
#13795=CARTESIAN_POINT('Ctrl Pts',(-2.23183025378766,5.88478685972038,2.10880611886325));
#13796=CARTESIAN_POINT('Ctrl Pts',(0.758693053350131,6.24783163186796,2.10034458040171));
#13797=CARTESIAN_POINT('Ctrl Pts',(3.57513427555007,5.17973976641921,2.09188304194017));
#13798=CARTESIAN_POINT('Ctrl Pts',(5.57312116201321,2.92469689744902,2.08342150347863));
#13799=CARTESIAN_POINT('Ctrl Pts',(6.053,0.97515592859838,2.07778047783761));
#13800=CARTESIAN_POINT('Ctrl Pts',(6.053,5.93022966019114E-15,2.07495996501709));
#13801=CARTESIAN_POINT('Ctrl Pts',(6.053,0.,2.5));
#13802=CARTESIAN_POINT('Ctrl Pts',(6.053,-0.975182581137386,2.49717948717949));
#13803=CARTESIAN_POINT('Ctrl Pts',(5.5731238184754,-2.92468121104712,2.49153846153846));
#13804=CARTESIAN_POINT('Ctrl Pts',(3.57513481346785,-5.17974900948039,2.48307692307692));
#13805=CARTESIAN_POINT('Ctrl Pts',(0.758693518036609,-6.24782955754318,
2.47461538461538));
#13806=CARTESIAN_POINT('Ctrl Pts',(-2.23183102135957,-5.88479051516243,
2.46615384615385));
#13807=CARTESIAN_POINT('Ctrl Pts',(-4.7109312682902,-4.17352454842711,2.45769230769231));
#13808=CARTESIAN_POINT('Ctrl Pts',(-6.11088415989401,-1.50620118390496,
2.44923076923077));
#13809=CARTESIAN_POINT('Ctrl Pts',(-6.11087154052869,1.5061984332839,2.44076923076923));
#13810=CARTESIAN_POINT('Ctrl Pts',(-4.71094993958585,4.17353411950808,2.43230769230769));
#13811=CARTESIAN_POINT('Ctrl Pts',(-2.23179733272542,5.88476953001592,2.42384615384616));
#13812=CARTESIAN_POINT('Ctrl Pts',(0.758628509322149,6.24787207063107,2.41538461538461));
#13813=CARTESIAN_POINT('Ctrl Pts',(3.57526405349665,5.1796639812778,2.40692307692308));
#13814=CARTESIAN_POINT('Ctrl Pts',(5.57284849766104,2.92485650142086,2.39846153846154));
#13815=CARTESIAN_POINT('Ctrl Pts',(6.2937611154,4.80190083059376E-8,2.39));
#13816=CARTESIAN_POINT('Ctrl Pts',(5.572848603292,-2.92485662048297,2.38153846153846));
#13817=CARTESIAN_POINT('Ctrl Pts',(3.57526379158689,-5.17966378210374,2.37307692307692));
#13818=CARTESIAN_POINT('Ctrl Pts',(0.758629053091028,-6.24787244541687,
2.36461538461538));
#13819=CARTESIAN_POINT('Ctrl Pts',(-2.2317984190793,-5.88476879991634,2.35615384615385));
#13820=CARTESIAN_POINT('Ctrl Pts',(-4.71094778976214,-4.17353555498924,
2.34769230769231));
#13821=CARTESIAN_POINT('Ctrl Pts',(-6.11087578462619,-1.50619560413496,
2.33923076923077));
#13822=CARTESIAN_POINT('Ctrl Pts',(-6.11087578647053,1.50619560453696,2.33076923076923));
#13823=CARTESIAN_POINT('Ctrl Pts',(-4.71094778703348,4.17353555359046,2.32230769230769));
#13824=CARTESIAN_POINT('Ctrl Pts',(-2.23179842400065,5.88476880298257,2.31384615384616));
#13825=CARTESIAN_POINT('Ctrl Pts',(0.758629062564714,6.24787243921298,2.30538461538461));
#13826=CARTESIAN_POINT('Ctrl Pts',(3.57526377301839,5.17966379441992,2.29692307692308));
#13827=CARTESIAN_POINT('Ctrl Pts',(5.5728486398585,2.92485659614917,2.28846153846154));
#13828=CARTESIAN_POINT('Ctrl Pts',(6.29376104330262,7.96347904739982E-15,
2.28));
#13829=CARTESIAN_POINT('Ctrl Pts',(5.5728486398585,-2.92485659614916,2.27153846153846));
#13830=CARTESIAN_POINT('Ctrl Pts',(3.5752637730184,-5.17966379441991,2.26307692307692));
#13831=CARTESIAN_POINT('Ctrl Pts',(0.758629062564725,-6.24787243921298,
2.25461538461539));
#13832=CARTESIAN_POINT('Ctrl Pts',(-2.23179842400064,-5.88476880298258,
2.24615384615385));
#13833=CARTESIAN_POINT('Ctrl Pts',(-4.71094778703347,-4.17353555359046,
2.23769230769231));
#13834=CARTESIAN_POINT('Ctrl Pts',(-6.11087578647053,-1.50619560453698,
2.22923076923077));
#13835=CARTESIAN_POINT('Ctrl Pts',(-6.11087578462619,1.50619560413495,2.22076923076923));
#13836=CARTESIAN_POINT('Ctrl Pts',(-4.71094778976215,4.17353555498923,2.21230769230769));
#13837=CARTESIAN_POINT('Ctrl Pts',(-2.2317984190793,5.88476879991635,2.20384615384615));
#13838=CARTESIAN_POINT('Ctrl Pts',(0.758629053091014,6.24787244541686,2.19538461538462));
#13839=CARTESIAN_POINT('Ctrl Pts',(3.57526379158688,5.17966378210375,2.18692307692308));
#13840=CARTESIAN_POINT('Ctrl Pts',(5.572848603292,2.92485662048299,2.17846153846154));
#13841=CARTESIAN_POINT('Ctrl Pts',(6.2937611154,-4.80189934567868E-8,2.17));
#13842=CARTESIAN_POINT('Ctrl Pts',(5.57284849766105,-2.92485650142084,2.16153846153846));
#13843=CARTESIAN_POINT('Ctrl Pts',(3.57526405349667,-5.1796639812778,2.15307692307693));
#13844=CARTESIAN_POINT('Ctrl Pts',(0.758628509322164,-6.24787207063106,
2.14461538461538));
#13845=CARTESIAN_POINT('Ctrl Pts',(-2.23179733272541,-5.88476953001593,
2.13615384615385));
#13846=CARTESIAN_POINT('Ctrl Pts',(-4.71094993958584,-4.17353411950808,
2.12769230769231));
#13847=CARTESIAN_POINT('Ctrl Pts',(-6.11087154052871,-1.50619843328391,
2.11923076923077));
#13848=CARTESIAN_POINT('Ctrl Pts',(-6.11088415989399,1.50620118390495,2.11076923076923));
#13849=CARTESIAN_POINT('Ctrl Pts',(-4.71093126829023,4.17352454842709,2.10230769230769));
#13850=CARTESIAN_POINT('Ctrl Pts',(-2.23183102135958,5.88479051516243,2.09384615384615));
#13851=CARTESIAN_POINT('Ctrl Pts',(0.758693518036588,6.24782955754318,2.08538461538461));
#13852=CARTESIAN_POINT('Ctrl Pts',(3.57513481346784,5.1797490094804,2.07692307692308));
#13853=CARTESIAN_POINT('Ctrl Pts',(5.57312381847539,2.92468121104714,2.06846153846154));
#13854=CARTESIAN_POINT('Ctrl Pts',(6.053,0.975182581137394,2.06282051282051));
#13855=CARTESIAN_POINT('Ctrl Pts',(6.053,5.93022966019114E-15,2.06));
#13856=CARTESIAN_POINT('',(6.053,0.,2.5));
#13857=CARTESIAN_POINT('Origin',(6.103,0.,2.5));
#13858=CARTESIAN_POINT('',(6.053,5.93022966019114E-15,2.06));
#13859=CARTESIAN_POINT('Ctrl Pts',(6.053,0.,2.5));
#13860=CARTESIAN_POINT('Ctrl Pts',(6.053,-0.975182581137386,2.49717948717949));
#13861=CARTESIAN_POINT('Ctrl Pts',(5.5731238184754,-2.92468121104712,2.49153846153846));
#13862=CARTESIAN_POINT('Ctrl Pts',(3.57513481346785,-5.17974900948039,2.48307692307692));
#13863=CARTESIAN_POINT('Ctrl Pts',(0.758693518036609,-6.24782955754318,
2.47461538461538));
#13864=CARTESIAN_POINT('Ctrl Pts',(-2.23183102135957,-5.88479051516243,
2.46615384615385));
#13865=CARTESIAN_POINT('Ctrl Pts',(-4.7109312682902,-4.17352454842711,2.45769230769231));
#13866=CARTESIAN_POINT('Ctrl Pts',(-6.11088415989401,-1.50620118390496,
2.44923076923077));
#13867=CARTESIAN_POINT('Ctrl Pts',(-6.11087154052869,1.5061984332839,2.44076923076923));
#13868=CARTESIAN_POINT('Ctrl Pts',(-4.71094993958585,4.17353411950808,2.43230769230769));
#13869=CARTESIAN_POINT('Ctrl Pts',(-2.23179733272542,5.88476953001592,2.42384615384616));
#13870=CARTESIAN_POINT('Ctrl Pts',(0.758628509322149,6.24787207063107,2.41538461538461));
#13871=CARTESIAN_POINT('Ctrl Pts',(3.57526405349665,5.1796639812778,2.40692307692308));
#13872=CARTESIAN_POINT('Ctrl Pts',(5.57284849766104,2.92485650142086,2.39846153846154));
#13873=CARTESIAN_POINT('Ctrl Pts',(6.2937611154,4.80190083059376E-8,2.39));
#13874=CARTESIAN_POINT('Ctrl Pts',(5.572848603292,-2.92485662048297,2.38153846153846));
#13875=CARTESIAN_POINT('Ctrl Pts',(3.57526379158689,-5.17966378210374,2.37307692307692));
#13876=CARTESIAN_POINT('Ctrl Pts',(0.758629053091028,-6.24787244541687,
2.36461538461538));
#13877=CARTESIAN_POINT('Ctrl Pts',(-2.2317984190793,-5.88476879991634,2.35615384615385));
#13878=CARTESIAN_POINT('Ctrl Pts',(-4.71094778976214,-4.17353555498924,
2.34769230769231));
#13879=CARTESIAN_POINT('Ctrl Pts',(-6.11087578462619,-1.50619560413496,
2.33923076923077));
#13880=CARTESIAN_POINT('Ctrl Pts',(-6.11087578647053,1.50619560453696,2.33076923076923));
#13881=CARTESIAN_POINT('Ctrl Pts',(-4.71094778703348,4.17353555359046,2.32230769230769));
#13882=CARTESIAN_POINT('Ctrl Pts',(-2.23179842400065,5.88476880298257,2.31384615384616));
#13883=CARTESIAN_POINT('Ctrl Pts',(0.758629062564714,6.24787243921298,2.30538461538461));
#13884=CARTESIAN_POINT('Ctrl Pts',(3.57526377301839,5.17966379441992,2.29692307692308));
#13885=CARTESIAN_POINT('Ctrl Pts',(5.5728486398585,2.92485659614917,2.28846153846154));
#13886=CARTESIAN_POINT('Ctrl Pts',(6.29376104330262,7.96347904739982E-15,
2.28));
#13887=CARTESIAN_POINT('Ctrl Pts',(5.5728486398585,-2.92485659614916,2.27153846153846));
#13888=CARTESIAN_POINT('Ctrl Pts',(3.5752637730184,-5.17966379441991,2.26307692307692));
#13889=CARTESIAN_POINT('Ctrl Pts',(0.758629062564725,-6.24787243921298,
2.25461538461539));
#13890=CARTESIAN_POINT('Ctrl Pts',(-2.23179842400064,-5.88476880298258,
2.24615384615385));
#13891=CARTESIAN_POINT('Ctrl Pts',(-4.71094778703347,-4.17353555359046,
2.23769230769231));
#13892=CARTESIAN_POINT('Ctrl Pts',(-6.11087578647053,-1.50619560453698,
2.22923076923077));
#13893=CARTESIAN_POINT('Ctrl Pts',(-6.11087578462619,1.50619560413495,2.22076923076923));
#13894=CARTESIAN_POINT('Ctrl Pts',(-4.71094778976215,4.17353555498923,2.21230769230769));
#13895=CARTESIAN_POINT('Ctrl Pts',(-2.2317984190793,5.88476879991635,2.20384615384615));
#13896=CARTESIAN_POINT('Ctrl Pts',(0.758629053091014,6.24787244541686,2.19538461538462));
#13897=CARTESIAN_POINT('Ctrl Pts',(3.57526379158688,5.17966378210375,2.18692307692308));
#13898=CARTESIAN_POINT('Ctrl Pts',(5.572848603292,2.92485662048299,2.17846153846154));
#13899=CARTESIAN_POINT('Ctrl Pts',(6.2937611154,-4.80189934567868E-8,2.17));
#13900=CARTESIAN_POINT('Ctrl Pts',(5.57284849766105,-2.92485650142084,2.16153846153846));
#13901=CARTESIAN_POINT('Ctrl Pts',(3.57526405349667,-5.1796639812778,2.15307692307693));
#13902=CARTESIAN_POINT('Ctrl Pts',(0.758628509322164,-6.24787207063106,
2.14461538461538));
#13903=CARTESIAN_POINT('Ctrl Pts',(-2.23179733272541,-5.88476953001593,
2.13615384615385));
#13904=CARTESIAN_POINT('Ctrl Pts',(-4.71094993958584,-4.17353411950808,
2.12769230769231));
#13905=CARTESIAN_POINT('Ctrl Pts',(-6.11087154052871,-1.50619843328391,
2.11923076923077));
#13906=CARTESIAN_POINT('Ctrl Pts',(-6.11088415989399,1.50620118390495,2.11076923076923));
#13907=CARTESIAN_POINT('Ctrl Pts',(-4.71093126829023,4.17352454842709,2.10230769230769));
#13908=CARTESIAN_POINT('Ctrl Pts',(-2.23183102135958,5.88479051516243,2.09384615384615));
#13909=CARTESIAN_POINT('Ctrl Pts',(0.758693518036588,6.24782955754318,2.08538461538461));
#13910=CARTESIAN_POINT('Ctrl Pts',(3.57513481346784,5.1797490094804,2.07692307692308));
#13911=CARTESIAN_POINT('Ctrl Pts',(5.57312381847539,2.92468121104714,2.06846153846154));
#13912=CARTESIAN_POINT('Ctrl Pts',(6.053,0.975182581137394,2.06282051282051));
#13913=CARTESIAN_POINT('Ctrl Pts',(6.053,5.93022966019114E-15,2.06));
#13914=CARTESIAN_POINT('Origin',(6.103,5.97921553215704E-15,2.06));
#13915=CARTESIAN_POINT('Origin',(6.103,5.97921553215704E-15,2.06));
#13916=CARTESIAN_POINT('Origin',(6.103,0.,2.5));
#13917=CARTESIAN_POINT('Ctrl Pts',(6.1,0.,2.5));
#13918=CARTESIAN_POINT('Ctrl Pts',(6.1,-1.00861658878409,2.49710526315789));
#13919=CARTESIAN_POINT('Ctrl Pts',(5.59010169619997,-3.02485535548011,2.49131578947368));
#13920=CARTESIAN_POINT('Ctrl Pts',(3.47619255546988,-5.3210121466717,2.48263157894737));
#13921=CARTESIAN_POINT('Ctrl Pts',(0.524929750960635,-6.33410529347019,
2.47394736842105));
#13922=CARTESIAN_POINT('Ctrl Pts',(-2.55315431049234,-5.8205535714764,2.46526315789473));
#13923=CARTESIAN_POINT('Ctrl Pts',(-5.01565163444808,-3.90383921508646,
2.45657894736842));
#13924=CARTESIAN_POINT('Ctrl Pts',(-6.2691851122598,-1.04614670508096,2.4478947368421));
#13925=CARTESIAN_POINT('Ctrl Pts',(-6.01147995038443,2.06374821707919,2.43921052631579));
#13926=CARTESIAN_POINT('Ctrl Pts',(-4.30471056879646,4.67615834978643,2.43052631578947));
#13927=CARTESIAN_POINT('Ctrl Pts',(-1.56027089394397,6.16137542668897,2.42184210526316));
#13928=CARTESIAN_POINT('Ctrl Pts',(1.56027142655836,6.16137425665557,2.41315789473684));
#13929=CARTESIAN_POINT('Ctrl Pts',(4.30470870825951,4.676160096898,2.40447368421053));
#13930=CARTESIAN_POINT('Ctrl Pts',(6.01148405649344,2.06374503118618,2.39578947368421));
#13931=CARTESIAN_POINT('Ctrl Pts',(6.2691767353235,-1.04614050905511,2.3871052631579));
#13932=CARTESIAN_POINT('Ctrl Pts',(5.01566841461228,-3.90385147748628,2.37842105263158));
#13933=CARTESIAN_POINT('Ctrl Pts',(2.55312084109928,-5.8205291912997,2.36973684210526));
#13934=CARTESIAN_POINT('Ctrl Pts',(-0.524862961159219,-6.33415385923221,
2.36105263157895));
#13935=CARTESIAN_POINT('Ctrl Pts',(-3.47632719845336,-5.32091489301644,
2.35236842105263));
#13936=CARTESIAN_POINT('Ctrl Pts',(-5.58981410173562,-3.02505611495241,
2.34368421052632));
#13937=CARTESIAN_POINT('Ctrl Pts',(-6.35586234315388,9.39085708201703E-16,
2.335));
#13938=CARTESIAN_POINT('Ctrl Pts',(-5.58981410173562,3.0250561149524,2.32631578947368));
#13939=CARTESIAN_POINT('Ctrl Pts',(-3.47632719845336,5.32091489301645,2.31763157894737));
#13940=CARTESIAN_POINT('Ctrl Pts',(-0.524862961159221,6.3341538592322,2.30894736842105));
#13941=CARTESIAN_POINT('Ctrl Pts',(2.55312084109927,5.82052919129971,2.30026315789474));
#13942=CARTESIAN_POINT('Ctrl Pts',(5.01566841461228,3.90385147748627,2.29157894736842));
#13943=CARTESIAN_POINT('Ctrl Pts',(6.2691767353235,1.04614050905512,2.28289473684211));
#13944=CARTESIAN_POINT('Ctrl Pts',(6.01148405649343,-2.06374503118618,2.27421052631579));
#13945=CARTESIAN_POINT('Ctrl Pts',(4.30470870825951,-4.67616009689799,2.26552631578947));
#13946=CARTESIAN_POINT('Ctrl Pts',(1.56027142655836,-6.16137425665557,2.25684210526316));
#13947=CARTESIAN_POINT('Ctrl Pts',(-1.56027089394396,-6.16137542668897,
2.24815789473684));
#13948=CARTESIAN_POINT('Ctrl Pts',(-4.30471056879646,-4.67615834978643,
2.23947368421053));
#13949=CARTESIAN_POINT('Ctrl Pts',(-6.01147995038443,-2.0637482170792,2.23078947368421));
#13950=CARTESIAN_POINT('Ctrl Pts',(-6.2691851122598,1.04614670508096,2.22210526315789));
#13951=CARTESIAN_POINT('Ctrl Pts',(-5.01565163444808,3.90383921508645,2.21342105263158));
#13952=CARTESIAN_POINT('Ctrl Pts',(-2.55315431049234,5.82055357147641,2.20473684210526));
#13953=CARTESIAN_POINT('Ctrl Pts',(0.524929750960636,6.33410529347018,2.19605263157895));
#13954=CARTESIAN_POINT('Ctrl Pts',(3.47619255546988,5.3210121466717,2.18736842105263));
#13955=CARTESIAN_POINT('Ctrl Pts',(5.59010169619997,3.02485535548011,2.17868421052632));
#13956=CARTESIAN_POINT('Ctrl Pts',(6.1,1.0086165887841,2.17289473684211));
#13957=CARTESIAN_POINT('Ctrl Pts',(6.1,4.48220728487931E-15,2.17));
#13958=CARTESIAN_POINT('Ctrl Pts',(6.1,0.,2.49252001749145));
#13959=CARTESIAN_POINT('Ctrl Pts',(6.1,-1.00863091548351,2.48962528064935));
#13960=CARTESIAN_POINT('Ctrl Pts',(5.59010354131511,-3.02484735779716,2.48383580696514));
#13961=CARTESIAN_POINT('Ctrl Pts',(3.47619293940743,-5.321017274197,2.47515159643882));
#13962=CARTESIAN_POINT('Ctrl Pts',(0.524930021129604,-6.33410458592942,
2.46646738591251));
#13963=CARTESIAN_POINT('Ctrl Pts',(-2.55315491487125,-5.82055576842377,
2.45778317538619));
#13964=CARTESIAN_POINT('Ctrl Pts',(-5.01565262059245,-3.90383950984916,
2.44909896485987));
#13965=CARTESIAN_POINT('Ctrl Pts',(-6.26918641661425,-1.04614717277298,
2.44041475433356));
#13966=CARTESIAN_POINT('Ctrl Pts',(-6.01148117107044,2.0637487669966,2.43173054380724));
#13967=CARTESIAN_POINT('Ctrl Pts',(-4.30471145549281,4.6761592434148,2.42304633328093));
#13968=CARTESIAN_POINT('Ctrl Pts',(-1.56027121084632,6.1613767205174,2.41436212275461));
#13969=CARTESIAN_POINT('Ctrl Pts',(1.56027174475791,6.16137550223476,2.40567791222829));
#13970=CARTESIAN_POINT('Ctrl Pts',(4.30470959042451,4.67616106257287,2.39699370170198));
#13971=CARTESIAN_POINT('Ctrl Pts',(6.01148528717992,2.06374544972528,2.38830949117566));
#13972=CARTESIAN_POINT('Ctrl Pts',(6.2691780192758,-1.04614072123756,2.37962528064935));
#13973=CARTESIAN_POINT('Ctrl Pts',(5.01566944162498,-3.90385227793292,2.37094107012303));
#13974=CARTESIAN_POINT('Ctrl Pts',(2.55312136396302,-5.82053038269957,2.36225685959671));
#13975=CARTESIAN_POINT('Ctrl Pts',(-0.524863068660703,-6.33415515657932,
2.3535726490704));
#13976=CARTESIAN_POINT('Ctrl Pts',(-3.47632791031576,-5.32091598249833,
2.34488843854408));
#13977=CARTESIAN_POINT('Ctrl Pts',(-5.58981524641047,-3.02505673446473,
2.33620422801777));
#13978=CARTESIAN_POINT('Ctrl Pts',(-6.35586364468622,-6.26057138801135E-16,
2.32752001749145));
#13979=CARTESIAN_POINT('Ctrl Pts',(-5.58981524641047,3.02505673446472,2.31883580696514));
#13980=CARTESIAN_POINT('Ctrl Pts',(-3.47632791031576,5.32091598249834,2.31015159643882));
#13981=CARTESIAN_POINT('Ctrl Pts',(-0.524863068660706,6.33415515657932,
2.30146738591251));
#13982=CARTESIAN_POINT('Ctrl Pts',(2.55312136396301,5.82053038269958,2.29278317538619));
#13983=CARTESIAN_POINT('Ctrl Pts',(5.01566944162498,3.90385227793292,2.28409896485987));
#13984=CARTESIAN_POINT('Ctrl Pts',(6.26917801927581,1.04614072123756,2.27541475433356));
#13985=CARTESIAN_POINT('Ctrl Pts',(6.01148528717992,-2.06374544972528,2.26673054380724));
#13986=CARTESIAN_POINT('Ctrl Pts',(4.3047095904245,-4.67616106257286,2.25804633328093));
#13987=CARTESIAN_POINT('Ctrl Pts',(1.56027174475791,-6.16137550223476,2.24936212275461));
#13988=CARTESIAN_POINT('Ctrl Pts',(-1.56027121084632,-6.1613767205174,2.2406779122283));
#13989=CARTESIAN_POINT('Ctrl Pts',(-4.30471145549282,-4.67615924341481,
2.23199370170198));
#13990=CARTESIAN_POINT('Ctrl Pts',(-6.01148117107044,-2.0637487669966,2.22330949117566));
#13991=CARTESIAN_POINT('Ctrl Pts',(-6.26918641661425,1.04614717277298,2.21462528064935));
#13992=CARTESIAN_POINT('Ctrl Pts',(-5.01565262059245,3.90383950984916,2.20594107012303));
#13993=CARTESIAN_POINT('Ctrl Pts',(-2.55315491487125,5.82055576842378,2.19725685959672));
#13994=CARTESIAN_POINT('Ctrl Pts',(0.524930021129607,6.33410458592942,2.1885726490704));
#13995=CARTESIAN_POINT('Ctrl Pts',(3.47619293940743,5.321017274197,2.17988843854409));
#13996=CARTESIAN_POINT('Ctrl Pts',(5.59010354131511,3.02484735779716,2.17120422801777));
#13997=CARTESIAN_POINT('Ctrl Pts',(6.1,1.00863091548351,2.16541475433356));
#13998=CARTESIAN_POINT('Ctrl Pts',(6.1,4.48220728487931E-15,2.16252001749145));
#13999=CARTESIAN_POINT('Ctrl Pts',(6.10494615154852,0.,2.46993115249259));
#14000=CARTESIAN_POINT('Ctrl Pts',(6.10494615154852,-1.00942481369028,2.46703641565049));
#14001=CARTESIAN_POINT('Ctrl Pts',(5.59463316232035,-3.02731340545538,2.46124694196628));
#14002=CARTESIAN_POINT('Ctrl Pts',(3.47901094970315,-5.32532322208822,2.45256273143996));
#14003=CARTESIAN_POINT('Ctrl Pts',(0.525355206217145,-6.33924174243162,
2.44387852091365));
#14004=CARTESIAN_POINT('Ctrl Pts',(-2.55522411641636,-5.82527166232591,
2.43519431038733));
#14005=CARTESIAN_POINT('Ctrl Pts',(-5.01971788684229,-3.90700442406195,
2.42651009986102));
#14006=CARTESIAN_POINT('Ctrl Pts',(-6.2742675720344,-1.04699465380349,2.4178258893347));
#14007=CARTESIAN_POINT('Ctrl Pts',(-6.01635350744303,2.06542122727369,2.40914167880838));
#14008=CARTESIAN_POINT('Ctrl Pts',(-4.30820042520805,4.67994938794622,2.40045746828207));
#14009=CARTESIAN_POINT('Ctrl Pts',(-1.56153581855299,6.16637047662914,2.39177325775575));
#14010=CARTESIAN_POINT('Ctrl Pts',(1.56153635072946,6.16636933799905,2.38308904722944));
#14011=CARTESIAN_POINT('Ctrl Pts',(4.30819856620086,4.67995108816588,2.37440483670312));
#14012=CARTESIAN_POINT('Ctrl Pts',(6.01635761017592,2.06541812688904,2.36572062617681));
#14013=CARTESIAN_POINT('Ctrl Pts',(6.27425920198574,-1.04698862407765,2.35703641565049));
#14014=CARTESIAN_POINT('Ctrl Pts',(5.01973465320961,-3.90701635733399,2.34835220512418));
#14015=CARTESIAN_POINT('Ctrl Pts',(2.55519067454229,-5.82524793661935,2.33966799459786));
#14016=CARTESIAN_POINT('Ctrl Pts',(-0.52528847133122,-6.33928900325757,
2.33098378407154));
#14017=CARTESIAN_POINT('Ctrl Pts',(-3.47914548198133,-5.32522859716008,
2.32229957354523));
#14018=CARTESIAN_POINT('Ctrl Pts',(-5.5943458043201,-3.02750854971951,2.31361536301891));
#14019=CARTESIAN_POINT('Ctrl Pts',(-6.36101508657812,1.87817141640341E-15,
2.3049311524926));
#14020=CARTESIAN_POINT('Ctrl Pts',(-5.59434580432012,3.02750854971949,2.29624694196628));
#14021=CARTESIAN_POINT('Ctrl Pts',(-3.47914548198133,5.32522859716008,2.28756273143997));
#14022=CARTESIAN_POINT('Ctrl Pts',(-0.525288471331225,6.33928900325756,
2.27887852091365));
#14023=CARTESIAN_POINT('Ctrl Pts',(2.55519067454229,5.82524793661936,2.27019431038733));
#14024=CARTESIAN_POINT('Ctrl Pts',(5.01973465320961,3.90701635733399,2.26151009986102));
#14025=CARTESIAN_POINT('Ctrl Pts',(6.27425920198573,1.04698862407765,2.2528258893347));
#14026=CARTESIAN_POINT('Ctrl Pts',(6.01635761017593,-2.06541812688904,2.24414167880838));
#14027=CARTESIAN_POINT('Ctrl Pts',(4.30819856620087,-4.67995108816588,2.23545746828207));
#14028=CARTESIAN_POINT('Ctrl Pts',(1.56153635072946,-6.16636933799905,2.22677325775575));
#14029=CARTESIAN_POINT('Ctrl Pts',(-1.56153581855299,-6.16637047662916,
2.21808904722944));
#14030=CARTESIAN_POINT('Ctrl Pts',(-4.30820042520805,-4.67994938794621,
2.20940483670312));
#14031=CARTESIAN_POINT('Ctrl Pts',(-6.01635350744303,-2.06542122727369,
2.20072062617681));
#14032=CARTESIAN_POINT('Ctrl Pts',(-6.2742675720344,1.0469946538035,2.19203641565049));
#14033=CARTESIAN_POINT('Ctrl Pts',(-5.01971788684228,3.90700442406195,2.18335220512417));
#14034=CARTESIAN_POINT('Ctrl Pts',(-2.55522411641637,5.82527166232592,2.17466799459786));
#14035=CARTESIAN_POINT('Ctrl Pts',(0.525355206217151,6.33924174243161,2.16598378407154));
#14036=CARTESIAN_POINT('Ctrl Pts',(3.47901094970315,5.32532322208823,2.15729957354523));
#14037=CARTESIAN_POINT('Ctrl Pts',(5.59463316232035,3.02731340545538,2.14861536301891));
#14038=CARTESIAN_POINT('Ctrl Pts',(6.10494615154852,1.00942481369028,2.1428258893347));
#14039=CARTESIAN_POINT('Ctrl Pts',(6.10494615154852,4.4858416580765E-15,
2.13993115249259));
#14040=CARTESIAN_POINT('Ctrl Pts',(6.13401748887812,0.,2.44688204397543));
#14041=CARTESIAN_POINT('Ctrl Pts',(6.13401748887812,-1.01424486175112,2.44398730713332));
#14042=CARTESIAN_POINT('Ctrl Pts',(5.62127612862463,-3.04172187671403,2.43819783344911));
#14043=CARTESIAN_POINT('Ctrl Pts',(3.49557811734772,-5.35068678531968,2.42951362292279));
#14044=CARTESIAN_POINT('Ctrl Pts',(0.527857161489063,-6.36942812571893,
2.42082941239647));
#14045=CARTESIAN_POINT('Ctrl Pts',(-2.56739247780378,-5.85301323848707,
2.41214520187016));
#14046=CARTESIAN_POINT('Ctrl Pts',(-5.0436223522311,-3.92560958506477,2.40346099134384));
#14047=CARTESIAN_POINT('Ctrl Pts',(-6.30414641146992,-1.05198080304312,
2.39477678081753));
#14048=CARTESIAN_POINT('Ctrl Pts',(-6.04500410038965,2.07525713038345,2.38609257029121));
#14049=CARTESIAN_POINT('Ctrl Pts',(-4.32871660108042,4.702235813437,2.3774083597649));
#14050=CARTESIAN_POINT('Ctrl Pts',(-1.56897203842785,6.19573550772831,2.36872414923858));
#14051=CARTESIAN_POINT('Ctrl Pts',(1.56897257433693,6.19573431910041,2.36003993871226));
#14052=CARTESIAN_POINT('Ctrl Pts',(4.32871472903439,4.70223758831416,2.35135572818595));
#14053=CARTESIAN_POINT('Ctrl Pts',(6.04500823189858,2.0752538938593,2.34267151765964));
#14054=CARTESIAN_POINT('Ctrl Pts',(6.30413798271483,-1.05197450854803,2.33398730713332));
#14055=CARTESIAN_POINT('Ctrl Pts',(5.04363923619549,-3.92562204234544,2.325303096607));
#14056=CARTESIAN_POINT('Ctrl Pts',(2.56735880137285,-5.85298847081115,2.31661888608068));
#14057=CARTESIAN_POINT('Ctrl Pts',(-0.527789958533523,-6.36947746384149,
2.30793467555438));
#14058=CARTESIAN_POINT('Ctrl Pts',(-3.4957135932174,-5.35058797919107,2.29925046502805));
#14059=CARTESIAN_POINT('Ctrl Pts',(-5.6209867551336,-3.04192591135849,2.29056625450174));
#14060=CARTESIAN_POINT('Ctrl Pts',(-6.39130700915607,-3.75634283280681E-15,
2.28188204397541));
#14061=CARTESIAN_POINT('Ctrl Pts',(-5.62098675513359,3.04192591135849,2.27319783344911));
#14062=CARTESIAN_POINT('Ctrl Pts',(-3.49571359321741,5.35058797919107,2.26451362292279));
#14063=CARTESIAN_POINT('Ctrl Pts',(-0.527789958533527,6.36947746384149,
2.25582941239647));
#14064=CARTESIAN_POINT('Ctrl Pts',(2.56735880137286,5.85298847081116,2.24714520187016));
#14065=CARTESIAN_POINT('Ctrl Pts',(5.04363923619549,3.92562204234544,2.23846099134384));
#14066=CARTESIAN_POINT('Ctrl Pts',(6.30413798271485,1.05197450854803,2.22977678081753));
#14067=CARTESIAN_POINT('Ctrl Pts',(6.04500823189857,-2.0752538938593,2.22109257029121));
#14068=CARTESIAN_POINT('Ctrl Pts',(4.32871472903439,-4.70223758831416,2.2124083597649));
#14069=CARTESIAN_POINT('Ctrl Pts',(1.56897257433694,-6.1957343191004,2.20372414923858));
#14070=CARTESIAN_POINT('Ctrl Pts',(-1.56897203842785,-6.19573550772832,
2.19503993871227));
#14071=CARTESIAN_POINT('Ctrl Pts',(-4.32871660108041,-4.702235813437,2.18635572818595));
#14072=CARTESIAN_POINT('Ctrl Pts',(-6.04500410038966,-2.07525713038345,
2.17767151765963));
#14073=CARTESIAN_POINT('Ctrl Pts',(-6.30414641146992,1.05198080304312,2.16898730713332));
#14074=CARTESIAN_POINT('Ctrl Pts',(-5.0436223522311,3.92560958506478,2.160303096607));
#14075=CARTESIAN_POINT('Ctrl Pts',(-2.56739247780378,5.85301323848707,2.15161888608069));
#14076=CARTESIAN_POINT('Ctrl Pts',(0.527857161489064,6.36942812571893,2.14293467555437));
#14077=CARTESIAN_POINT('Ctrl Pts',(3.49557811734773,5.35068678531969,2.13425046502806));
#14078=CARTESIAN_POINT('Ctrl Pts',(5.62127612862463,3.04172187671404,2.12556625450174));
#14079=CARTESIAN_POINT('Ctrl Pts',(6.13401748887812,1.01424486175113,2.11977678081753));
#14080=CARTESIAN_POINT('Ctrl Pts',(6.13401748887812,4.50720293020109E-15,
2.11688204397542));
#14081=CARTESIAN_POINT('Ctrl Pts',(6.173377632124,0.,2.45145046786205));
#14082=CARTESIAN_POINT('Ctrl Pts',(6.173377632124,-1.02074901602132,2.44855573101994));
#14083=CARTESIAN_POINT('Ctrl Pts',(5.65734565628535,-3.06124189493846,2.44276625733573));
#14084=CARTESIAN_POINT('Ctrl Pts',(3.51800808374776,-5.38501911773851,2.43408204680942));
#14085=CARTESIAN_POINT('Ctrl Pts',(0.531244187473441,-6.41029902319452,
2.42539783628311));
#14086=CARTESIAN_POINT('Ctrl Pts',(-2.58386649566402,-5.89056965641087,
2.41671362575678));
#14087=CARTESIAN_POINT('Ctrl Pts',(-5.07598548634567,-3.95079895849264,
2.40802941523048));
#14088=CARTESIAN_POINT('Ctrl Pts',(-6.34459786119839,-1.0587309181658,2.39934520470416));
#14089=CARTESIAN_POINT('Ctrl Pts',(-6.0837927350027,2.08857327891751,2.39066099417784));
#14090=CARTESIAN_POINT('Ctrl Pts',(-4.35649242766723,4.73240839843016,2.38197678365152));
#14091=CARTESIAN_POINT('Ctrl Pts',(-1.57903957220961,6.23549132023231,2.37329257312521));
#14092=CARTESIAN_POINT('Ctrl Pts',(1.57904011119985,6.23549013727877,2.36460836259889));
#14093=CARTESIAN_POINT('Ctrl Pts',(4.35649054485807,4.73241016483425,2.35592415207258));
#14094=CARTESIAN_POINT('Ctrl Pts',(6.08379689026532,2.0885700578442,2.34723994154626));
#14095=CARTESIAN_POINT('Ctrl Pts',(6.34458938398303,-1.05872465372024,2.33855573101994));
#14096=CARTESIAN_POINT('Ctrl Pts',(5.07600246738272,-3.95081135629995,2.32987152049363));
#14097=CARTESIAN_POINT('Ctrl Pts',(2.58383262561384,-5.89054500701964,2.32118730996731));
#14098=CARTESIAN_POINT('Ctrl Pts',(-0.531176598141277,-6.41034812519335,
2.312503099441));
#14099=CARTESIAN_POINT('Ctrl Pts',(-3.5181443385223,-5.38492079081682,2.30381888891468));
#14100=CARTESIAN_POINT('Ctrl Pts',(-5.65705461907058,-3.06144486320568,
2.29513467838837));
#14101=CARTESIAN_POINT('Ctrl Pts',(-6.43231774297343,1.56514284700284E-15,
2.28645046786206));
#14102=CARTESIAN_POINT('Ctrl Pts',(-5.65705461907058,3.06144486320567,2.27776625733573));
#14103=CARTESIAN_POINT('Ctrl Pts',(-3.5181443385223,5.38492079081683,2.26908204680943));
#14104=CARTESIAN_POINT('Ctrl Pts',(-0.531176598141278,6.41034812519334,
2.2603978362831));
#14105=CARTESIAN_POINT('Ctrl Pts',(2.58383262561384,5.89054500701964,2.25171362575679));
#14106=CARTESIAN_POINT('Ctrl Pts',(5.07600246738272,3.95081135629994,2.24302941523047));
#14107=CARTESIAN_POINT('Ctrl Pts',(6.34458938398303,1.05872465372024,2.23434520470416));
#14108=CARTESIAN_POINT('Ctrl Pts',(6.08379689026532,-2.0885700578442,2.22566099417784));
#14109=CARTESIAN_POINT('Ctrl Pts',(4.35649054485808,-4.73241016483425,2.21697678365152));
#14110=CARTESIAN_POINT('Ctrl Pts',(1.57904011119985,-6.23549013727878,2.20829257312521));
#14111=CARTESIAN_POINT('Ctrl Pts',(-1.57903957220961,-6.2354913202323,2.19960836259889));
#14112=CARTESIAN_POINT('Ctrl Pts',(-4.35649242766723,-4.73240839843017,
2.19092415207258));
#14113=CARTESIAN_POINT('Ctrl Pts',(-6.0837927350027,-2.0885732789175,2.18223994154626));
#14114=CARTESIAN_POINT('Ctrl Pts',(-6.34459786119838,1.0587309181658,2.17355573101995));
#14115=CARTESIAN_POINT('Ctrl Pts',(-5.07598548634568,3.95079895849264,2.16487152049363));
#14116=CARTESIAN_POINT('Ctrl Pts',(-2.58386649566401,5.89056965641087,2.15618730996732));
#14117=CARTESIAN_POINT('Ctrl Pts',(0.531244187473442,6.41029902319453,2.147503099441));
#14118=CARTESIAN_POINT('Ctrl Pts',(3.51800808374776,5.3850191177385,2.13881888891468));
#14119=CARTESIAN_POINT('Ctrl Pts',(5.65734565628535,3.06124189493846,2.13013467838837));
#14120=CARTESIAN_POINT('Ctrl Pts',(6.173377632124,1.02074901602132,2.12434520470415));
#14121=CARTESIAN_POINT('Ctrl Pts',(6.173377632124,4.53612429426511E-15,
2.12145046786205));
#14122=CARTESIAN_POINT('Ctrl Pts',(6.20153185540856,0.,2.47935490357854));
#14123=CARTESIAN_POINT('Ctrl Pts',(6.20153185540856,-1.02540282692861,2.47646016673643));
#14124=CARTESIAN_POINT('Ctrl Pts',(5.683146290319,-3.07520373710737,2.47067069305222));
#14125=CARTESIAN_POINT('Ctrl Pts',(3.53405222665243,-5.40957746148168,2.4619864825259));
#14126=CARTESIAN_POINT('Ctrl Pts',(0.533666946129889,-6.43953381630686,
2.45330227199959));
#14127=CARTESIAN_POINT('Ctrl Pts',(-2.59565038336941,-5.91743389422972,
2.44461806147327));
#14128=CARTESIAN_POINT('Ctrl Pts',(-5.09913486112114,-3.96881689039491,
2.43593385094696));
#14129=CARTESIAN_POINT('Ctrl Pts',(-6.37353282139648,-1.06355930638772,
2.42724964042064));
#14130=CARTESIAN_POINT('Ctrl Pts',(-6.11153827903374,2.09809834435204,2.41856542989433));
#14131=CARTESIAN_POINT('Ctrl Pts',(-4.3763605017844,4.753990869206,2.40988121936801));
#14132=CARTESIAN_POINT('Ctrl Pts',(-1.58624088787585,6.26392869163317,2.4011970088417));
#14133=CARTESIAN_POINT('Ctrl Pts',(1.58624142919714,6.26392750801096,2.39251279831538));
#14134=CARTESIAN_POINT('Ctrl Pts',(4.3763586108324,4.75399263660858,2.38382858778906));
#14135=CARTESIAN_POINT('Ctrl Pts',(6.11154245226719,2.09809512145793,2.37514437726275));
#14136=CARTESIAN_POINT('Ctrl Pts',(6.37352430751854,-1.06355303840108,2.36646016673643));
#14137=CARTESIAN_POINT('Ctrl Pts',(5.09915191559841,-3.96882929520916,2.35777595621012));
#14138=CARTESIAN_POINT('Ctrl Pts',(2.59561636683677,-5.91740923092134,2.3490917456838));
#14139=CARTESIAN_POINT('Ctrl Pts',(-0.533599064484836,-6.43958294585054,
2.34040753515749));
#14140=CARTESIAN_POINT('Ctrl Pts',(-3.53418907070676,-5.40947908167863,
2.33172332463116));
#14141=CARTESIAN_POINT('Ctrl Pts',(-5.68285399441552,-3.0754067869305,2.32303911410485));
#14142=CARTESIAN_POINT('Ctrl Pts',(-6.46165275756509,-4.38239997160795E-15,
2.31435490357853));
#14143=CARTESIAN_POINT('Ctrl Pts',(-5.68285399441552,3.0754067869305,2.30567069305222));
#14144=CARTESIAN_POINT('Ctrl Pts',(-3.53418907070676,5.40947908167863,2.2969864825259));
#14145=CARTESIAN_POINT('Ctrl Pts',(-0.533599064484843,6.43958294585054,
2.28830227199958));
#14146=CARTESIAN_POINT('Ctrl Pts',(2.59561636683677,5.91740923092135,2.27961806147328));
#14147=CARTESIAN_POINT('Ctrl Pts',(5.0991519155984,3.96882929520916,2.27093385094696));
#14148=CARTESIAN_POINT('Ctrl Pts',(6.37352430751856,1.06355303840108,2.26224964042064));
#14149=CARTESIAN_POINT('Ctrl Pts',(6.11154245226718,-2.09809512145792,2.25356542989432));
#14150=CARTESIAN_POINT('Ctrl Pts',(4.3763586108324,-4.75399263660859,2.24488121936802));
#14151=CARTESIAN_POINT('Ctrl Pts',(1.58624142919714,-6.26392750801095,2.23619700884169));
#14152=CARTESIAN_POINT('Ctrl Pts',(-1.58624088787585,-6.26392869163318,
2.22751279831538));
#14153=CARTESIAN_POINT('Ctrl Pts',(-4.3763605017844,-4.753990869206,2.21882858778906));
#14154=CARTESIAN_POINT('Ctrl Pts',(-6.11153827903374,-2.09809834435204,
2.21014437726274));
#14155=CARTESIAN_POINT('Ctrl Pts',(-6.37353282139649,1.06355930638772,2.20146016673643));
#14156=CARTESIAN_POINT('Ctrl Pts',(-5.09913486112113,3.96881689039492,2.19277595621012));
#14157=CARTESIAN_POINT('Ctrl Pts',(-2.5956503833694,5.91743389422973,2.1840917456838));
#14158=CARTESIAN_POINT('Ctrl Pts',(0.533666946129889,6.43953381630684,2.17540753515748));
#14159=CARTESIAN_POINT('Ctrl Pts',(3.53405222665243,5.40957746148169,2.16672332463117));
#14160=CARTESIAN_POINT('Ctrl Pts',(5.683146290319,3.07520373710736,2.15803911410485));
#14161=CARTESIAN_POINT('Ctrl Pts',(6.20153185540855,1.02540282692862,2.15224964042065));
#14162=CARTESIAN_POINT('Ctrl Pts',(6.20153185540856,4.55681168192186E-15,
2.14935490357854));
#14163=CARTESIAN_POINT('Ctrl Pts',(6.20156783644027,0.,2.52478367448045));
#14164=CARTESIAN_POINT('Ctrl Pts',(6.20156783644027,-1.02541409415832,2.52188893763835));
#14165=CARTESIAN_POINT('Ctrl Pts',(5.68317994858189,-3.07521861067636,2.51609946395414));
#14166=CARTESIAN_POINT('Ctrl Pts',(3.53407287359014,-5.40961075089755,2.50741525342782));
#14167=CARTESIAN_POINT('Ctrl Pts',(0.533670142726691,-6.4395709155862,2.49873104290151));
#14168=CARTESIAN_POINT('Ctrl Pts',(-2.59566566756336,-5.91746904241516,
2.49004683237519));
#14169=CARTESIAN_POINT('Ctrl Pts',(-5.09916481213501,-3.96884002671872,
2.48136262184888));
#14170=CARTESIAN_POINT('Ctrl Pts',(-6.37357028453017,-1.0635656507161,2.47267841132256));
#14171=CARTESIAN_POINT('Ctrl Pts',(-6.11157419102925,2.09811072155419,2.46399420079624));
#14172=CARTESIAN_POINT('Ctrl Pts',(-4.37638622237748,4.75401878336795,2.45530999026993));
#14173=CARTESIAN_POINT('Ctrl Pts',(-1.58625020881002,6.26396551494109,2.44662577974361));
#14174=CARTESIAN_POINT('Ctrl Pts',(1.58625075061595,6.26396431340249,2.4379415692173));
#14175=CARTESIAN_POINT('Ctrl Pts',(4.37638432973252,4.75402057752354,2.42925735869098));
#14176=CARTESIAN_POINT('Ctrl Pts',(6.11157836799898,2.09810744987545,2.42057314816466));
#14177=CARTESIAN_POINT('Ctrl Pts',(6.37356176302983,-1.06355928785126,2.41188893763835));
#14178=CARTESIAN_POINT('Ctrl Pts',(5.09918188188103,-3.96885261930824,2.40320472711203));
#14179=CARTESIAN_POINT('Ctrl Pts',(2.59563162057598,-5.9174440057175,2.39452051658572));
#14180=CARTESIAN_POINT('Ctrl Pts',(-0.533602200307733,-6.4396207896033,
2.3858363060594));
#14181=CARTESIAN_POINT('Ctrl Pts',(-3.53420984015987,-5.40951087165439,
2.37715209553309));
#14182=CARTESIAN_POINT('Ctrl Pts',(-5.68288739098818,-3.07542486026861,
2.36846788500676));
#14183=CARTESIAN_POINT('Ctrl Pts',(-6.46169073091944,-1.25211427760227E-15,
2.35978367448046));
#14184=CARTESIAN_POINT('Ctrl Pts',(-5.68288739098818,3.0754248602686,2.35109946395413));
#14185=CARTESIAN_POINT('Ctrl Pts',(-3.53420984015987,5.40951087165439,2.34241525342783));
#14186=CARTESIAN_POINT('Ctrl Pts',(-0.533602200307737,6.43962078960329,
2.3337310429015));
#14187=CARTESIAN_POINT('Ctrl Pts',(2.59563162057598,5.91744400571752,2.32504683237519));
#14188=CARTESIAN_POINT('Ctrl Pts',(5.09918188188102,3.96885261930823,2.31636262184887));
#14189=CARTESIAN_POINT('Ctrl Pts',(6.37356176302983,1.06355928785126,2.30767841132256));
#14190=CARTESIAN_POINT('Ctrl Pts',(6.11157836799897,-2.09810744987546,2.29899420079624));
#14191=CARTESIAN_POINT('Ctrl Pts',(4.37638432973253,-4.75402057752353,2.29030999026992));
#14192=CARTESIAN_POINT('Ctrl Pts',(1.58625075061595,-6.2639643134025,2.28162577974361));
#14193=CARTESIAN_POINT('Ctrl Pts',(-1.58625020881002,-6.26396551494108,
2.2729415692173));
#14194=CARTESIAN_POINT('Ctrl Pts',(-4.37638622237748,-4.75401878336796,
2.26425735869098));
#14195=CARTESIAN_POINT('Ctrl Pts',(-6.11157419102925,-2.09811072155418,
2.25557314816467));
#14196=CARTESIAN_POINT('Ctrl Pts',(-6.37357028453017,1.0635656507161,2.24688893763835));
#14197=CARTESIAN_POINT('Ctrl Pts',(-5.099164812135,3.96884002671871,2.23820472711203));
#14198=CARTESIAN_POINT('Ctrl Pts',(-2.59566566756336,5.91746904241516,2.22952051658572));
#14199=CARTESIAN_POINT('Ctrl Pts',(0.533670142726698,6.4395709155862,2.2208363060594));
#14200=CARTESIAN_POINT('Ctrl Pts',(3.53407287359013,5.40961075089755,2.21215209553308));
#14201=CARTESIAN_POINT('Ctrl Pts',(5.68317994858189,3.07521861067636,2.20346788500677));
#14202=CARTESIAN_POINT('Ctrl Pts',(6.20156783644027,1.02541409415832,2.19767841132255));
#14203=CARTESIAN_POINT('Ctrl Pts',(6.20156783644027,4.55683812035505E-15,
2.19478367448045));
#14204=CARTESIAN_POINT('Ctrl Pts',(6.16271881960246,0.,2.55586079678241));
#14205=CARTESIAN_POINT('Ctrl Pts',(6.16271881960246,-1.01897922137333,2.55296605994031));
#14206=CARTESIAN_POINT('Ctrl Pts',(5.64757686065918,-3.05596055165595,2.5471765862561));
#14207=CARTESIAN_POINT('Ctrl Pts',(3.51193377339488,-5.37571882111508,2.53849237572978));
#14208=CARTESIAN_POINT('Ctrl Pts',(0.530326814007972,-6.39923151272196,
2.52980816520347));
#14209=CARTESIAN_POINT('Ctrl Pts',(-2.57940493904564,-5.88039800001425,
2.52112395467714));
#14210=CARTESIAN_POINT('Ctrl Pts',(-5.0672208971225,-3.94397744733663,2.51243974415084));
#14211=CARTESIAN_POINT('Ctrl Pts',(-6.33364275068467,-1.05690269625997,
2.50375553362451));
#14212=CARTESIAN_POINT('Ctrl Pts',(-6.07328796782449,2.08496691233359,2.4950713230982));
#14213=CARTESIAN_POINT('Ctrl Pts',(-4.34897015000764,4.72423706928252,2.48638711257189));
#14214=CARTESIAN_POINT('Ctrl Pts',(-1.57631307510009,6.22472459600652,2.47770290204557));
#14215=CARTESIAN_POINT('Ctrl Pts',(1.57631361249036,6.2247234399927,2.46901869151925));
#14216=CARTESIAN_POINT('Ctrl Pts',(4.34896827278753,4.72423879545985,2.46033448099294));
#14217=CARTESIAN_POINT('Ctrl Pts',(6.07329211075236,2.0849637646146,2.45165027046662));
#14218=CARTESIAN_POINT('Ctrl Pts',(6.33363429863364,-1.05689657447667,2.44296605994031));
#14219=CARTESIAN_POINT('Ctrl Pts',(5.0672378277519,-3.94398956279878,2.43428184941399));
#14220=CARTESIAN_POINT('Ctrl Pts',(2.57937116953759,-5.88037391205748,2.42559763888767));
#14221=CARTESIAN_POINT('Ctrl Pts',(-0.530259425312507,-6.3992794953946,
2.41691342836136));
#14222=CARTESIAN_POINT('Ctrl Pts',(-3.51206962370163,-5.37562274764447,
2.40822921783504));
#14223=CARTESIAN_POINT('Ctrl Pts',(-5.64728668737875,-3.05615872289984,
2.39954500730873));
#14224=CARTESIAN_POINT('Ctrl Pts',(-6.42121117877587,-3.13028569400568E-15,
2.39086079678241));
#14225=CARTESIAN_POINT('Ctrl Pts',(-5.64728668737875,3.05615872289983,2.3821765862561));
#14226=CARTESIAN_POINT('Ctrl Pts',(-3.51206962370163,5.37562274764447,2.37349237572978));
#14227=CARTESIAN_POINT('Ctrl Pts',(-0.53025942531251,6.3992794953946,2.36480816520346));
#14228=CARTESIAN_POINT('Ctrl Pts',(2.57937116953759,5.88037391205748,2.35612395467715));
#14229=CARTESIAN_POINT('Ctrl Pts',(5.06723782775189,3.94398956279878,2.34743974415083));
#14230=CARTESIAN_POINT('Ctrl Pts',(6.33363429863367,1.05689657447666,2.33875553362452));
#14231=CARTESIAN_POINT('Ctrl Pts',(6.07329211075234,-2.0849637646146,2.3300713230982));
#14232=CARTESIAN_POINT('Ctrl Pts',(4.34896827278755,-4.72423879545985,2.32138711257189));
#14233=CARTESIAN_POINT('Ctrl Pts',(1.57631361249035,-6.22472343999269,2.31270290204557));
#14234=CARTESIAN_POINT('Ctrl Pts',(-1.57631307510008,-6.22472459600653,
2.30401869151925));
#14235=CARTESIAN_POINT('Ctrl Pts',(-4.34897015000765,-4.72423706928251,
2.29533448099294));
#14236=CARTESIAN_POINT('Ctrl Pts',(-6.07328796782449,-2.08496691233359,
2.28665027046662));
#14237=CARTESIAN_POINT('Ctrl Pts',(-6.33364275068468,1.05690269625997,2.27796605994031));
#14238=CARTESIAN_POINT('Ctrl Pts',(-5.06722089712248,3.94397744733663,2.26928184941399));
#14239=CARTESIAN_POINT('Ctrl Pts',(-2.57940493904564,5.88039800001426,2.26059763888768));
#14240=CARTESIAN_POINT('Ctrl Pts',(0.53032681400798,6.39923151272195,2.25191342836135));
#14241=CARTESIAN_POINT('Ctrl Pts',(3.51193377339487,5.37571882111509,2.24322921783505));
#14242=CARTESIAN_POINT('Ctrl Pts',(5.64757686065918,3.05596055165595,2.23454500730872));
#14243=CARTESIAN_POINT('Ctrl Pts',(6.16271881960246,1.01897922137334,2.22875553362452));
#14244=CARTESIAN_POINT('Ctrl Pts',(6.16271881960246,4.52829232588278E-15,
2.22586079678241));
#14245=CARTESIAN_POINT('Ctrl Pts',(6.11432629055949,0.,2.54469963888089));
#14246=CARTESIAN_POINT('Ctrl Pts',(6.11432629055949,-1.01099917610949,2.54180490203879));
#14247=CARTESIAN_POINT('Ctrl Pts',(5.60323222826988,-3.03195175513186,2.53601542835458));
#14248=CARTESIAN_POINT('Ctrl Pts',(3.48435701399139,-5.33351385929355,2.52733121782826));
#14249=CARTESIAN_POINT('Ctrl Pts',(0.526162846222394,-6.34898071675573,
2.51864700730194));
#14250=CARTESIAN_POINT('Ctrl Pts',(-2.55915115903619,-5.83422567478703,
2.50996279677563));
#14251=CARTESIAN_POINT('Ctrl Pts',(-5.02743220296129,-3.91300794691179,
2.50127858624931));
#14252=CARTESIAN_POINT('Ctrl Pts',(-6.28391000071172,-1.04860410596717,
2.492594375723));
#14253=CARTESIAN_POINT('Ctrl Pts',(-6.025599519185,2.06859560768907,2.48391016519668));
#14254=CARTESIAN_POINT('Ctrl Pts',(-4.3148213452286,4.68714150482599,2.47522595467036));
#14255=CARTESIAN_POINT('Ctrl Pts',(-1.56393560760024,6.17584710618481,2.46654174414405));
#14256=CARTESIAN_POINT('Ctrl Pts',(1.56393614271307,6.17584588700074,2.45785753361773));
#14257=CARTESIAN_POINT('Ctrl Pts',(4.3148194759641,4.68714332533008,2.44917332309142));
#14258=CARTESIAN_POINT('Ctrl Pts',(6.02560364455526,2.06859228796326,2.4404891125651));
#14259=CARTESIAN_POINT('Ctrl Pts',(6.28390158448021,-1.0485976496582,2.43180490203879));
#14260=CARTESIAN_POINT('Ctrl Pts',(5.02744906183923,-3.91302072444232,2.42312069151247));
#14261=CARTESIAN_POINT('Ctrl Pts',(2.55911753264223,-5.83420027028619,2.41443648098616));
#14262=CARTESIAN_POINT('Ctrl Pts',(-0.52609574311805,-6.34903132473945,
2.40575227045984));
#14263=CARTESIAN_POINT('Ctrl Pts',(-3.48449228856891,-5.33341249372221,
2.39706805993352));
#14264=CARTESIAN_POINT('Ctrl Pts',(-5.60294328473449,-3.0321612735204,2.3883838494072));
#14265=CARTESIAN_POINT('Ctrl Pts',(-6.37079079662852,0.,2.3796996388809));
#14266=CARTESIAN_POINT('Ctrl Pts',(-5.60294328473449,3.03216127352039,2.37101542835457));
#14267=CARTESIAN_POINT('Ctrl Pts',(-3.48449228856892,5.33341249372222,2.36233121782827));
#14268=CARTESIAN_POINT('Ctrl Pts',(-0.52609574311805,6.34903132473945,2.35364700730195));
#14269=CARTESIAN_POINT('Ctrl Pts',(2.55911753264223,5.83420027028619,2.34496279677563));
#14270=CARTESIAN_POINT('Ctrl Pts',(5.02744906183923,3.91302072444232,2.33627858624931));
#14271=CARTESIAN_POINT('Ctrl Pts',(6.28390158448022,1.0485976496582,2.327594375723));
#14272=CARTESIAN_POINT('Ctrl Pts',(6.02560364455525,-2.06859228796326,2.31891016519668));
#14273=CARTESIAN_POINT('Ctrl Pts',(4.31481947596411,-4.68714332533007,2.31022595467036));
#14274=CARTESIAN_POINT('Ctrl Pts',(1.56393614271307,-6.17584588700074,2.30154174414405));
#14275=CARTESIAN_POINT('Ctrl Pts',(-1.56393560760024,-6.17584710618481,
2.29285753361773));
#14276=CARTESIAN_POINT('Ctrl Pts',(-4.31482134522861,-4.68714150482599,
2.28417332309142));
#14277=CARTESIAN_POINT('Ctrl Pts',(-6.02559951918499,-2.06859560768907,
2.27548911256511));
#14278=CARTESIAN_POINT('Ctrl Pts',(-6.28391000071172,1.04860410596717,2.26680490203879));
#14279=CARTESIAN_POINT('Ctrl Pts',(-5.02743220296129,3.91300794691179,2.25812069151247));
#14280=CARTESIAN_POINT('Ctrl Pts',(-2.55915115903619,5.83422567478703,2.24943648098616));
#14281=CARTESIAN_POINT('Ctrl Pts',(0.526162846222395,6.34898071675573,2.24075227045984));
#14282=CARTESIAN_POINT('Ctrl Pts',(3.48435701399139,5.33351385929355,2.23206805993352));
#14283=CARTESIAN_POINT('Ctrl Pts',(5.60323222826988,3.03195175513186,2.22338384940721));
#14284=CARTESIAN_POINT('Ctrl Pts',(6.11432629055949,1.01099917610949,2.217594375723));
#14285=CARTESIAN_POINT('Ctrl Pts',(6.11432629055949,4.49273407240572E-15,
2.21469963888089));
#14286=CARTESIAN_POINT('Ctrl Pts',(6.1,0.,2.51495996501709));
#14287=CARTESIAN_POINT('Ctrl Pts',(6.1,-1.00858923486247,2.51206522817499));
#14288=CARTESIAN_POINT('Ctrl Pts',(5.5900981733275,-3.02487062543073,2.50627575449078));
#14289=CARTESIAN_POINT('Ctrl Pts',(3.47619182241913,-5.32100235670396,2.49759154396446));
#14290=CARTESIAN_POINT('Ctrl Pts',(0.524929235127884,-6.33410664437551,
2.48890733343815));
#14291=CARTESIAN_POINT('Ctrl Pts',(-2.55315315655361,-5.82054937685177,
2.48022312291183));
#14292=CARTESIAN_POINT('Ctrl Pts',(-5.01564975160576,-3.90383865229695,
2.47153891238552));
#14293=CARTESIAN_POINT('Ctrl Pts',(-6.26918262185999,-1.04614581211806,
2.4628547018592));
#14294=CARTESIAN_POINT('Ctrl Pts',(-6.01147761973252,2.06374716712365,2.45417049133288));
#14295=CARTESIAN_POINT('Ctrl Pts',(-4.30470887582993,4.6761566435846,2.44548628080657));
#14296=CARTESIAN_POINT('Ctrl Pts',(-1.5602702888833,6.16137295638648,2.43680207028025));
#14297=CARTESIAN_POINT('Ctrl Pts',(1.56027081902097,6.16137187847517,2.42811785975394));
#14298=CARTESIAN_POINT('Ctrl Pts',(4.3047070239447,4.67615825313804,2.41943364922762));
#14299=CARTESIAN_POINT('Ctrl Pts',(6.01148170674762,2.0637442320708,2.41074943870131));
#14300=CARTESIAN_POINT('Ctrl Pts',(6.26917428387744,-1.04614010393583,2.40206522817499));
#14301=CARTESIAN_POINT('Ctrl Pts',(5.01566645374021,-3.90384994919603,2.39338101764868));
#14302=CARTESIAN_POINT('Ctrl Pts',(2.5531198427972,-5.82052691656372,2.38469680712235));
#14303=CARTESIAN_POINT('Ctrl Pts',(-0.524862755906974,-6.33415138221149,
2.37601259659604));
#14304=CARTESIAN_POINT('Ctrl Pts',(-3.47632583929675,-5.32091281287215,
2.36732838606972));
#14305=CARTESIAN_POINT('Ctrl Pts',(-5.58981191621156,-3.02505493211951,
2.35864417554341));
#14306=CARTESIAN_POINT('Ctrl Pts',(-6.35585985814233,6.26057138801135E-16,
2.34995996501709));
#14307=CARTESIAN_POINT('Ctrl Pts',(-5.58981191621157,3.0250549321195,2.34127575449078));
#14308=CARTESIAN_POINT('Ctrl Pts',(-3.47632583929675,5.32091281287216,2.33259154396446));
#14309=CARTESIAN_POINT('Ctrl Pts',(-0.524862755906981,6.33415138221148,
2.32390733343815));
#14310=CARTESIAN_POINT('Ctrl Pts',(2.5531198427972,5.82052691656373,2.31522312291183));
#14311=CARTESIAN_POINT('Ctrl Pts',(5.0156664537402,3.90384994919603,2.30653891238551));
#14312=CARTESIAN_POINT('Ctrl Pts',(6.26917428387745,1.04614010393584,2.2978547018592));
#14313=CARTESIAN_POINT('Ctrl Pts',(6.01148170674761,-2.0637442320708,2.28917049133288));
#14314=CARTESIAN_POINT('Ctrl Pts',(4.30470702394471,-4.67615825313803,2.28048628080657));
#14315=CARTESIAN_POINT('Ctrl Pts',(1.56027081902098,-6.16137187847518,2.27180207028025));
#14316=CARTESIAN_POINT('Ctrl Pts',(-1.5602702888833,-6.16137295638647,2.26311785975394));
#14317=CARTESIAN_POINT('Ctrl Pts',(-4.30470887582993,-4.67615664358461,
2.25443364922762));
#14318=CARTESIAN_POINT('Ctrl Pts',(-6.01147761973252,-2.06374716712366,
2.24574943870131));
#14319=CARTESIAN_POINT('Ctrl Pts',(-6.26918262186,1.04614581211807,2.23706522817499));
#14320=CARTESIAN_POINT('Ctrl Pts',(-5.01564975160577,3.90383865229695,2.22838101764867));
#14321=CARTESIAN_POINT('Ctrl Pts',(-2.5531531565536,5.82054937685178,2.21969680712236));
#14322=CARTESIAN_POINT('Ctrl Pts',(0.524929235127885,6.33410664437551,2.21101259659604));
#14323=CARTESIAN_POINT('Ctrl Pts',(3.47619182241913,5.32100235670397,2.20232838606973));
#14324=CARTESIAN_POINT('Ctrl Pts',(5.5900981733275,3.02487062543073,2.19364417554341));
#14325=CARTESIAN_POINT('Ctrl Pts',(6.1,1.00858923486247,2.1878547018592));
#14326=CARTESIAN_POINT('Ctrl Pts',(6.1,4.48220728487931E-15,2.18495996501709));
#14327=CARTESIAN_POINT('Ctrl Pts',(6.1,0.,2.5));
#14328=CARTESIAN_POINT('Ctrl Pts',(6.1,-1.00861658878409,2.49710526315789));
#14329=CARTESIAN_POINT('Ctrl Pts',(5.59010169619997,-3.02485535548011,2.49131578947368));
#14330=CARTESIAN_POINT('Ctrl Pts',(3.47619255546988,-5.3210121466717,2.48263157894737));
#14331=CARTESIAN_POINT('Ctrl Pts',(0.524929750960635,-6.33410529347019,
2.47394736842105));
#14332=CARTESIAN_POINT('Ctrl Pts',(-2.55315431049234,-5.8205535714764,2.46526315789473));
#14333=CARTESIAN_POINT('Ctrl Pts',(-5.01565163444808,-3.90383921508646,
2.45657894736842));
#14334=CARTESIAN_POINT('Ctrl Pts',(-6.2691851122598,-1.04614670508096,2.4478947368421));
#14335=CARTESIAN_POINT('Ctrl Pts',(-6.01147995038443,2.06374821707919,2.43921052631579));
#14336=CARTESIAN_POINT('Ctrl Pts',(-4.30471056879646,4.67615834978643,2.43052631578947));
#14337=CARTESIAN_POINT('Ctrl Pts',(-1.56027089394397,6.16137542668897,2.42184210526316));
#14338=CARTESIAN_POINT('Ctrl Pts',(1.56027142655836,6.16137425665557,2.41315789473684));
#14339=CARTESIAN_POINT('Ctrl Pts',(4.30470870825951,4.676160096898,2.40447368421053));
#14340=CARTESIAN_POINT('Ctrl Pts',(6.01148405649344,2.06374503118618,2.39578947368421));
#14341=CARTESIAN_POINT('Ctrl Pts',(6.2691767353235,-1.04614050905511,2.3871052631579));
#14342=CARTESIAN_POINT('Ctrl Pts',(5.01566841461228,-3.90385147748628,2.37842105263158));
#14343=CARTESIAN_POINT('Ctrl Pts',(2.55312084109928,-5.8205291912997,2.36973684210526));
#14344=CARTESIAN_POINT('Ctrl Pts',(-0.524862961159219,-6.33415385923221,
2.36105263157895));
#14345=CARTESIAN_POINT('Ctrl Pts',(-3.47632719845336,-5.32091489301644,
2.35236842105263));
#14346=CARTESIAN_POINT('Ctrl Pts',(-5.58981410173562,-3.02505611495241,
2.34368421052632));
#14347=CARTESIAN_POINT('Ctrl Pts',(-6.35586234315388,9.39085708201703E-16,
2.335));
#14348=CARTESIAN_POINT('Ctrl Pts',(-5.58981410173562,3.0250561149524,2.32631578947368));
#14349=CARTESIAN_POINT('Ctrl Pts',(-3.47632719845336,5.32091489301645,2.31763157894737));
#14350=CARTESIAN_POINT('Ctrl Pts',(-0.524862961159221,6.3341538592322,2.30894736842105));
#14351=CARTESIAN_POINT('Ctrl Pts',(2.55312084109927,5.82052919129971,2.30026315789474));
#14352=CARTESIAN_POINT('Ctrl Pts',(5.01566841461228,3.90385147748627,2.29157894736842));
#14353=CARTESIAN_POINT('Ctrl Pts',(6.2691767353235,1.04614050905512,2.28289473684211));
#14354=CARTESIAN_POINT('Ctrl Pts',(6.01148405649343,-2.06374503118618,2.27421052631579));
#14355=CARTESIAN_POINT('Ctrl Pts',(4.30470870825951,-4.67616009689799,2.26552631578947));
#14356=CARTESIAN_POINT('Ctrl Pts',(1.56027142655836,-6.16137425665557,2.25684210526316));
#14357=CARTESIAN_POINT('Ctrl Pts',(-1.56027089394396,-6.16137542668897,
2.24815789473684));
#14358=CARTESIAN_POINT('Ctrl Pts',(-4.30471056879646,-4.67615834978643,
2.23947368421053));
#14359=CARTESIAN_POINT('Ctrl Pts',(-6.01147995038443,-2.0637482170792,2.23078947368421));
#14360=CARTESIAN_POINT('Ctrl Pts',(-6.2691851122598,1.04614670508096,2.22210526315789));
#14361=CARTESIAN_POINT('Ctrl Pts',(-5.01565163444808,3.90383921508645,2.21342105263158));
#14362=CARTESIAN_POINT('Ctrl Pts',(-2.55315431049234,5.82055357147641,2.20473684210526));
#14363=CARTESIAN_POINT('Ctrl Pts',(0.524929750960636,6.33410529347018,2.19605263157895));
#14364=CARTESIAN_POINT('Ctrl Pts',(3.47619255546988,5.3210121466717,2.18736842105263));
#14365=CARTESIAN_POINT('Ctrl Pts',(5.59010169619997,3.02485535548011,2.17868421052632));
#14366=CARTESIAN_POINT('Ctrl Pts',(6.1,1.0086165887841,2.17289473684211));
#14367=CARTESIAN_POINT('Ctrl Pts',(6.1,4.48220728487931E-15,2.17));
#14368=CARTESIAN_POINT('',(6.1,0.,2.5));
#14369=CARTESIAN_POINT('Origin',(6.15,0.,2.5));
#14370=CARTESIAN_POINT('',(6.1,4.48220728487931E-15,2.17));
#14371=CARTESIAN_POINT('Ctrl Pts',(6.1,0.,2.5));
#14372=CARTESIAN_POINT('Ctrl Pts',(6.1,-1.00861658878409,2.49710526315789));
#14373=CARTESIAN_POINT('Ctrl Pts',(5.59010169619997,-3.02485535548011,2.49131578947368));
#14374=CARTESIAN_POINT('Ctrl Pts',(3.47619255546988,-5.3210121466717,2.48263157894737));
#14375=CARTESIAN_POINT('Ctrl Pts',(0.524929750960635,-6.33410529347019,
2.47394736842105));
#14376=CARTESIAN_POINT('Ctrl Pts',(-2.55315431049234,-5.8205535714764,2.46526315789473));
#14377=CARTESIAN_POINT('Ctrl Pts',(-5.01565163444808,-3.90383921508646,
2.45657894736842));
#14378=CARTESIAN_POINT('Ctrl Pts',(-6.2691851122598,-1.04614670508096,2.4478947368421));
#14379=CARTESIAN_POINT('Ctrl Pts',(-6.01147995038443,2.06374821707919,2.43921052631579));
#14380=CARTESIAN_POINT('Ctrl Pts',(-4.30471056879646,4.67615834978643,2.43052631578947));
#14381=CARTESIAN_POINT('Ctrl Pts',(-1.56027089394397,6.16137542668897,2.42184210526316));
#14382=CARTESIAN_POINT('Ctrl Pts',(1.56027142655836,6.16137425665557,2.41315789473684));
#14383=CARTESIAN_POINT('Ctrl Pts',(4.30470870825951,4.676160096898,2.40447368421053));
#14384=CARTESIAN_POINT('Ctrl Pts',(6.01148405649344,2.06374503118618,2.39578947368421));
#14385=CARTESIAN_POINT('Ctrl Pts',(6.2691767353235,-1.04614050905511,2.3871052631579));
#14386=CARTESIAN_POINT('Ctrl Pts',(5.01566841461228,-3.90385147748628,2.37842105263158));
#14387=CARTESIAN_POINT('Ctrl Pts',(2.55312084109928,-5.8205291912997,2.36973684210526));
#14388=CARTESIAN_POINT('Ctrl Pts',(-0.524862961159219,-6.33415385923221,
2.36105263157895));
#14389=CARTESIAN_POINT('Ctrl Pts',(-3.47632719845336,-5.32091489301644,
2.35236842105263));
#14390=CARTESIAN_POINT('Ctrl Pts',(-5.58981410173562,-3.02505611495241,
2.34368421052632));
#14391=CARTESIAN_POINT('Ctrl Pts',(-6.35586234315388,9.39085708201703E-16,
2.335));
#14392=CARTESIAN_POINT('Ctrl Pts',(-5.58981410173562,3.0250561149524,2.32631578947368));
#14393=CARTESIAN_POINT('Ctrl Pts',(-3.47632719845336,5.32091489301645,2.31763157894737));
#14394=CARTESIAN_POINT('Ctrl Pts',(-0.524862961159221,6.3341538592322,2.30894736842105));
#14395=CARTESIAN_POINT('Ctrl Pts',(2.55312084109927,5.82052919129971,2.30026315789474));
#14396=CARTESIAN_POINT('Ctrl Pts',(5.01566841461228,3.90385147748627,2.29157894736842));
#14397=CARTESIAN_POINT('Ctrl Pts',(6.2691767353235,1.04614050905512,2.28289473684211));
#14398=CARTESIAN_POINT('Ctrl Pts',(6.01148405649343,-2.06374503118618,2.27421052631579));
#14399=CARTESIAN_POINT('Ctrl Pts',(4.30470870825951,-4.67616009689799,2.26552631578947));
#14400=CARTESIAN_POINT('Ctrl Pts',(1.56027142655836,-6.16137425665557,2.25684210526316));
#14401=CARTESIAN_POINT('Ctrl Pts',(-1.56027089394396,-6.16137542668897,
2.24815789473684));
#14402=CARTESIAN_POINT('Ctrl Pts',(-4.30471056879646,-4.67615834978643,
2.23947368421053));
#14403=CARTESIAN_POINT('Ctrl Pts',(-6.01147995038443,-2.0637482170792,2.23078947368421));
#14404=CARTESIAN_POINT('Ctrl Pts',(-6.2691851122598,1.04614670508096,2.22210526315789));
#14405=CARTESIAN_POINT('Ctrl Pts',(-5.01565163444808,3.90383921508645,2.21342105263158));
#14406=CARTESIAN_POINT('Ctrl Pts',(-2.55315431049234,5.82055357147641,2.20473684210526));
#14407=CARTESIAN_POINT('Ctrl Pts',(0.524929750960636,6.33410529347018,2.19605263157895));
#14408=CARTESIAN_POINT('Ctrl Pts',(3.47619255546988,5.3210121466717,2.18736842105263));
#14409=CARTESIAN_POINT('Ctrl Pts',(5.59010169619997,3.02485535548011,2.17868421052632));
#14410=CARTESIAN_POINT('Ctrl Pts',(6.1,1.0086165887841,2.17289473684211));
#14411=CARTESIAN_POINT('Ctrl Pts',(6.1,4.48220728487931E-15,2.17));
#14412=CARTESIAN_POINT('Origin',(6.15,4.51894668885373E-15,2.17));
#14413=CARTESIAN_POINT('Origin',(6.15,4.51894668885374E-15,2.17));
#14414=CARTESIAN_POINT('Origin',(6.15,0.,2.5));
#14415=CARTESIAN_POINT('Origin',(0.509893415291988,-10.6965158275865,4.32275639481711));
#14416=CARTESIAN_POINT('',(0.614363003049605,-10.4295728145664,4.41346345476749));
#14417=CARTESIAN_POINT('Origin',(0.64999998547137,-10.4499997664243,4.32228919786531));
#14418=CARTESIAN_POINT('',(0.474256432870223,-10.6760888757286,4.4139306517193));
#14419=CARTESIAN_POINT('',(0.474256432870226,-10.6760888757286,4.41393065171929));
#14420=CARTESIAN_POINT('',(0.509249968898008,-10.6963396426692,4.22275862016381));
#14421=CARTESIAN_POINT('Origin',(0.509893415291988,-10.6965158275865,4.32275639481711));
#14422=CARTESIAN_POINT('Origin',(0.509893415291988,-10.6965158275865,4.32275639481711));
#14423=CARTESIAN_POINT('Origin',(0.508606522504029,-10.6961634577519,4.12276084551051));
#14424=CARTESIAN_POINT('',(0.459193890254744,-10.7831024687902,4.12277241623055));
#14425=CARTESIAN_POINT('Origin',(0.508606522504029,-10.6961634577519,4.12276084551051));
#14426=CARTESIAN_POINT('',(0.328639829272387,-10.9284879529381,4.12306385156172));
#14427=CARTESIAN_POINT('Origin',(0.409781258005457,-10.8700414798285,4.12278398695059));
#14428=CARTESIAN_POINT('Origin',(0.409781258005457,-10.8700414798285,4.12278398695059));
#14429=CARTESIAN_POINT('Origin',(0.40112890363154,-10.8653266525769,2.5988350678554));
#14430=CARTESIAN_POINT('',(0.31998747489847,-10.9237731256865,2.59911493246653));
#14431=CARTESIAN_POINT('',(0.319987474898471,-10.9237731256865,2.59911493246653));
#14432=CARTESIAN_POINT('',(0.342913166209148,-10.7840211231766,2.59941713770362));
#14433=CARTESIAN_POINT('Origin',(0.40112890363154,-10.8653266525769,2.5988350678554));
#14434=CARTESIAN_POINT('Origin',(0.40112890363154,-10.8653266525769,2.5988350678554));
#14435=CARTESIAN_POINT('Origin',(0.284697428786755,-10.7027155937763,2.59999920755185));
#14436=CARTESIAN_POINT('',(0.284468549051234,-10.7028794800943,2.49999960377592));
#14437=CARTESIAN_POINT('Origin',(0.284697428786755,-10.7027155937763,2.59999920755185));
#14438=CARTESIAN_POINT('',(0.202933716485056,-10.7612614223254,2.4));
#14439=CARTESIAN_POINT('Origin',(0.284239669315711,-10.7030433664123,2.4));
#14440=CARTESIAN_POINT('Origin',(0.284239669315711,-10.7030433664123,2.4));
#14441=CARTESIAN_POINT('Origin',(-4.87835716983933,-3.49308335478535,2.4));
#14442=CARTESIAN_POINT('',(-4.95966312266998,-3.55130141069843,2.4));
#14443=CARTESIAN_POINT('',(-4.95966312266998,-3.55130141069843,2.4));
#14444=CARTESIAN_POINT('Origin',(-4.87835716983933,-3.49308335478535,2.4));
#14445=CARTESIAN_POINT('Origin',(0.649999985471367,-10.4499997664243,4.32228919786531));
#14446=CARTESIAN_POINT('Origin',(-4.87835716983933,-3.49308335478535,2.4));
#14447=CARTESIAN_POINT('',(0.,0.,0.));
#14448=CARTESIAN_POINT('Origin',(5.45,-13.25,-3.325));
#14449=CARTESIAN_POINT('',(5.4,-13.75,-3.5));
#14450=CARTESIAN_POINT('',(5.4,-13.35,-3.5));
#14451=CARTESIAN_POINT('',(5.4,-13.25,-3.5));
#14452=CARTESIAN_POINT('',(5.5,-13.25,-3.15));
#14453=CARTESIAN_POINT('',(5.4,-13.35,-3.5));
#14454=CARTESIAN_POINT('',(5.5,-13.85,-3.15));
#14455=CARTESIAN_POINT('',(5.5,-13.25,-3.15));
#14456=CARTESIAN_POINT('',(5.4,-13.75,-3.5));
#14457=CARTESIAN_POINT('Origin',(4.75,-13.3,-3.325));
#14458=CARTESIAN_POINT('',(4.5,-13.25,-3.15));
#14459=CARTESIAN_POINT('',(4.75,-13.25,-3.15));
#14460=CARTESIAN_POINT('',(4.6,-13.35,-3.5));
#14461=CARTESIAN_POINT('',(4.75,-13.35,-3.5));
#14462=CARTESIAN_POINT('',(4.6,-13.35,-3.5));
#14463=CARTESIAN_POINT('Origin',(4.55,-13.25,-3.325));
#14464=CARTESIAN_POINT('',(4.5,-13.85,-3.15));
#14465=CARTESIAN_POINT('',(4.5,-13.25,-3.15));
#14466=CARTESIAN_POINT('',(4.6,-13.75,-3.5));
#14467=CARTESIAN_POINT('',(4.6,-13.25,-3.5));
#14468=CARTESIAN_POINT('',(4.6,-13.75,-3.5));
#14469=CARTESIAN_POINT('Origin',(4.75,-13.8,-3.325));
#14470=CARTESIAN_POINT('',(4.75,-13.85,-3.15));
#14471=CARTESIAN_POINT('',(4.75,-13.75,-3.5));
#14472=CARTESIAN_POINT('Origin',(5.,-13.85,-1.75));
#14473=CARTESIAN_POINT('',(5.5,-13.85,3.8));
#14474=CARTESIAN_POINT('',(5.5,-13.85,8.21));
#14475=CARTESIAN_POINT('',(4.5,-13.85,3.8));
#14476=CARTESIAN_POINT('',(2.5,-13.85,3.8));
#14477=CARTESIAN_POINT('',(4.5,-13.85,-3.5));
#14478=CARTESIAN_POINT('Origin',(5.5,-13.25,-3.5));
#14479=CARTESIAN_POINT('',(5.5,-13.25,3.8));
#14480=CARTESIAN_POINT('',(5.5,-13.25,8.21));
#14481=CARTESIAN_POINT('',(5.5,-7.5,3.8));
#14482=CARTESIAN_POINT('Origin',(4.5,-13.25,-3.5));
#14483=CARTESIAN_POINT('Origin',(5.5,-21.1930087609918,4.2));
#14484=CARTESIAN_POINT('',(5.5,-12.85,4.8));
#14485=CARTESIAN_POINT('',(5.5,-12.85,4.2));
#14486=CARTESIAN_POINT('',(5.5,-12.85,-1.55));
#14487=CARTESIAN_POINT('',(5.5,-9.48300876099182,4.2));
#14488=CARTESIAN_POINT('',(5.5,-9.48300876099182,4.2));
#14489=CARTESIAN_POINT('',(5.5,-9.48300876099182,4.8));
#14490=CARTESIAN_POINT('',(5.5,-9.48300876099182,4.2));
#14491=CARTESIAN_POINT('',(5.5,-9.48300876099182,4.8));
#14492=CARTESIAN_POINT('Origin',(5.,-12.85,3.8));
#14493=CARTESIAN_POINT('',(4.5,-12.85,4.8));
#14494=CARTESIAN_POINT('',(2.5,-12.85,4.8));
#14495=CARTESIAN_POINT('Origin',(4.5,-12.85,3.8));
#14496=CARTESIAN_POINT('Origin',(5.5,-12.85,3.8));
#14497=CARTESIAN_POINT('Origin',(4.5,-12.85,4.2));
#14498=CARTESIAN_POINT('',(4.5,-12.85,4.2));
#14499=CARTESIAN_POINT('',(4.5,-12.85,-1.55));
#14500=CARTESIAN_POINT('',(4.5,-13.25,3.8));
#14501=CARTESIAN_POINT('Origin',(4.5,-12.85,3.8));
#14502=CARTESIAN_POINT('',(4.5,-7.5,3.8));
#14503=CARTESIAN_POINT('Origin',(5.,-19.4430087609918,4.2));
#14504=CARTESIAN_POINT('',(2.5,-12.85,4.2));
#14505=CARTESIAN_POINT('',(4.5,-9.48300876099182,4.2));
#14506=CARTESIAN_POINT('',(4.5,-21.1930087609918,4.2));
#14507=CARTESIAN_POINT('',(4.5,-9.48300876099182,4.2));
#14508=CARTESIAN_POINT('Origin',(5.,-19.4430087609918,4.8));
#14509=CARTESIAN_POINT('',(4.5,-9.48300876099182,4.8));
#14510=CARTESIAN_POINT('',(4.5,-9.48300876099182,4.8));
#14511=CARTESIAN_POINT('',(4.5,-21.1930087609918,4.8));
#14512=CARTESIAN_POINT('Origin',(4.5,-13.25,0.));
#14513=CARTESIAN_POINT('',(4.5,-13.25,-3.5));
#14514=CARTESIAN_POINT('Origin',(5.,-13.25,-1.75));
#14515=CARTESIAN_POINT('',(2.5,-13.25,3.8));
#14516=CARTESIAN_POINT('Origin',(5.5,-12.85,4.8));
#14517=CARTESIAN_POINT('Origin',(5.5,-12.85,3.8));
#14518=CARTESIAN_POINT('Origin',(5.5,-9.48300876099182,4.2));
#14519=CARTESIAN_POINT('',(4.5,-9.48300876099182,4.2));
#14520=CARTESIAN_POINT('Origin',(4.5,-17.6930087609918,4.2));
#14521=CARTESIAN_POINT('Origin',(5.,-12.85,3.8));
#14522=CARTESIAN_POINT('Origin',(-4.55,-13.25,-3.325));
#14523=CARTESIAN_POINT('',(-4.6,-13.75,-3.49999999999999));
#14524=CARTESIAN_POINT('',(-4.6,-13.35,-3.49999999999999));
#14525=CARTESIAN_POINT('',(-4.6,-13.25,-3.49999999999999));
#14526=CARTESIAN_POINT('',(-4.5,-13.25,-3.15));
#14527=CARTESIAN_POINT('',(-4.6,-13.35,-3.49999999999999));
#14528=CARTESIAN_POINT('',(-4.5,-13.85,-3.15));
#14529=CARTESIAN_POINT('',(-4.5,-13.25,-3.15));
#14530=CARTESIAN_POINT('',(-4.6,-13.75,-3.49999999999999));
#14531=CARTESIAN_POINT('Origin',(-5.25,-13.3,-3.32499999999999));
#14532=CARTESIAN_POINT('',(-5.5,-13.25,-3.15));
#14533=CARTESIAN_POINT('',(-5.25,-13.25,-3.15));
#14534=CARTESIAN_POINT('',(-5.4,-13.35,-3.49999999999999));
#14535=CARTESIAN_POINT('',(-5.25,-13.35,-3.49999999999999));
#14536=CARTESIAN_POINT('',(-5.4,-13.35,-3.49999999999999));
#14537=CARTESIAN_POINT('Origin',(-5.45,-13.25,-3.32499999999999));
#14538=CARTESIAN_POINT('',(-5.5,-13.85,-3.15));
#14539=CARTESIAN_POINT('',(-5.5,-13.25,-3.15));
#14540=CARTESIAN_POINT('',(-5.4,-13.75,-3.49999999999999));
#14541=CARTESIAN_POINT('',(-5.4,-13.25,-3.49999999999999));
#14542=CARTESIAN_POINT('',(-5.4,-13.75,-3.49999999999999));
#14543=CARTESIAN_POINT('Origin',(-5.25,-13.8,-3.32499999999999));
#14544=CARTESIAN_POINT('',(-5.25,-13.85,-3.15));
#14545=CARTESIAN_POINT('',(-5.25,-13.75,-3.49999999999999));
#14546=CARTESIAN_POINT('Origin',(-5.,-13.85,-1.74999999999999));
#14547=CARTESIAN_POINT('',(-4.5,-13.85,3.80000000000001));
#14548=CARTESIAN_POINT('',(-4.5,-13.85,8.21));
#14549=CARTESIAN_POINT('',(-5.5,-13.85,3.80000000000001));
#14550=CARTESIAN_POINT('',(-7.5,-13.85,3.8));
#14551=CARTESIAN_POINT('',(-5.5,-13.85,-3.49999999999999));
#14552=CARTESIAN_POINT('Origin',(-4.5,-13.25,-3.5));
#14553=CARTESIAN_POINT('',(-4.5,-13.25,3.80000000000001));
#14554=CARTESIAN_POINT('',(-4.5,-13.25,8.21));
#14555=CARTESIAN_POINT('',(-4.5,-7.5,3.8));
#14556=CARTESIAN_POINT('Origin',(-5.5,-13.25,-3.49999999999999));
#14557=CARTESIAN_POINT('Origin',(-4.5,-21.1930087609918,4.2));
#14558=CARTESIAN_POINT('',(-4.5,-12.85,4.80000000000001));
#14559=CARTESIAN_POINT('',(-4.5,-12.85,4.2));
#14560=CARTESIAN_POINT('',(-4.5,-12.85,-1.55));
#14561=CARTESIAN_POINT('',(-4.5,-9.48300876099182,4.2));
#14562=CARTESIAN_POINT('',(-4.5,-9.48300876099182,4.2));
#14563=CARTESIAN_POINT('',(-4.5,-9.48300876099182,4.80000000000001));
#14564=CARTESIAN_POINT('',(-4.5,-9.48300876099182,4.2));
#14565=CARTESIAN_POINT('',(-4.5,-9.48300876099182,4.80000000000001));
#14566=CARTESIAN_POINT('Origin',(-5.,-12.85,3.80000000000001));
#14567=CARTESIAN_POINT('',(-5.5,-12.85,4.80000000000001));
#14568=CARTESIAN_POINT('',(-7.5,-12.85,4.80000000000001));
#14569=CARTESIAN_POINT('Origin',(-5.5,-12.85,3.80000000000001));
#14570=CARTESIAN_POINT('Origin',(-4.5,-12.85,3.80000000000001));
#14571=CARTESIAN_POINT('Origin',(-5.5,-12.85,4.20000000000001));
#14572=CARTESIAN_POINT('',(-5.5,-12.85,4.2));
#14573=CARTESIAN_POINT('',(-5.5,-12.85,-1.55));
#14574=CARTESIAN_POINT('',(-5.5,-13.25,3.80000000000001));
#14575=CARTESIAN_POINT('Origin',(-5.5,-12.85,3.80000000000001));
#14576=CARTESIAN_POINT('',(-5.5,-7.5,3.80000000000001));
#14577=CARTESIAN_POINT('Origin',(-5.,-19.4430087609918,4.2));
#14578=CARTESIAN_POINT('',(-7.5,-12.85,4.2));
#14579=CARTESIAN_POINT('',(-5.50000000000001,-9.48300876099182,4.2));
#14580=CARTESIAN_POINT('',(-5.5,-21.1930087609918,4.2));
#14581=CARTESIAN_POINT('',(-5.50000000000001,-9.48300876099182,4.2));
#14582=CARTESIAN_POINT('Origin',(-5.,-19.4430087609918,4.80000000000001));
#14583=CARTESIAN_POINT('',(-5.50000000000001,-9.48300876099182,4.80000000000001));
#14584=CARTESIAN_POINT('',(-5.50000000000001,-9.48300876099182,4.80000000000001));
#14585=CARTESIAN_POINT('',(-5.5,-21.1930087609918,4.80000000000001));
#14586=CARTESIAN_POINT('Origin',(-5.5,-13.25,5.55111512312578E-15));
#14587=CARTESIAN_POINT('',(-5.5,-13.25,-3.49999999999999));
#14588=CARTESIAN_POINT('Origin',(-5.,-13.25,-1.74999999999999));
#14589=CARTESIAN_POINT('',(-7.5,-13.25,3.8));
#14590=CARTESIAN_POINT('Origin',(-4.5,-12.85,4.80000000000001));
#14591=CARTESIAN_POINT('Origin',(-4.5,-12.85,3.80000000000001));
#14592=CARTESIAN_POINT('Origin',(-4.5,-9.48300876099182,4.2));
#14593=CARTESIAN_POINT('',(-5.50000000000001,-9.48300876099182,4.2));
#14594=CARTESIAN_POINT('Origin',(-5.5,-17.6930087609918,4.2));
#14595=CARTESIAN_POINT('Origin',(-5.,-12.85,3.80000000000001));
#14596=CARTESIAN_POINT('',(0.,0.,0.));
#14597=CARTESIAN_POINT('',(0.,0.,0.));
#14598=CARTESIAN_POINT('',(0.,0.,0.));
#14599=CARTESIAN_POINT('',(0.,0.,0.));
#14600=CARTESIAN_POINT('',(0.,0.,0.));
#14601=CARTESIAN_POINT('',(0.,0.,0.));
#14602=UNCERTAINTY_MEASURE_WITH_UNIT(LENGTH_MEASURE(0.01),#14618,
'DISTANCE_ACCURACY_VALUE',
'Maximum model space distance between geometric entities at asserted c
onnectivities');
#14603=UNCERTAINTY_MEASURE_WITH_UNIT(LENGTH_MEASURE(0.01),#14618,
'DISTANCE_ACCURACY_VALUE',
'Maximum model space distance between geometric entities at asserted c
onnectivities');
#14604=UNCERTAINTY_MEASURE_WITH_UNIT(LENGTH_MEASURE(0.01),#14618,
'DISTANCE_ACCURACY_VALUE',
'Maximum model space distance between geometric entities at asserted c
onnectivities');
#14605=UNCERTAINTY_MEASURE_WITH_UNIT(LENGTH_MEASURE(0.01),#14618,
'DISTANCE_ACCURACY_VALUE',
'Maximum model space distance between geometric entities at asserted c
onnectivities');
#14606=UNCERTAINTY_MEASURE_WITH_UNIT(LENGTH_MEASURE(0.01),#14618,
'DISTANCE_ACCURACY_VALUE',
'Maximum model space distance between geometric entities at asserted c
onnectivities');
#14607=UNCERTAINTY_MEASURE_WITH_UNIT(LENGTH_MEASURE(0.01),#14618,
'DISTANCE_ACCURACY_VALUE',
'Maximum model space distance between geometric entities at asserted c
onnectivities');
#14608=UNCERTAINTY_MEASURE_WITH_UNIT(LENGTH_MEASURE(0.01),#14618,
'DISTANCE_ACCURACY_VALUE',
'Maximum model space distance between geometric entities at asserted c
onnectivities');
#14609=UNCERTAINTY_MEASURE_WITH_UNIT(LENGTH_MEASURE(0.01),#14618,
'DISTANCE_ACCURACY_VALUE',
'Maximum model space distance between geometric entities at asserted c
onnectivities');
#14610=(
GEOMETRIC_REPRESENTATION_CONTEXT(3)
GLOBAL_UNCERTAINTY_ASSIGNED_CONTEXT((#14602))
GLOBAL_UNIT_ASSIGNED_CONTEXT((#14618,#14620,#14621))
REPRESENTATION_CONTEXT('','3D')
);
#14611=(
GEOMETRIC_REPRESENTATION_CONTEXT(3)
GLOBAL_UNCERTAINTY_ASSIGNED_CONTEXT((#14603))
GLOBAL_UNIT_ASSIGNED_CONTEXT((#14618,#14620,#14621))
REPRESENTATION_CONTEXT('','3D')
);
#14612=(
GEOMETRIC_REPRESENTATION_CONTEXT(3)
GLOBAL_UNCERTAINTY_ASSIGNED_CONTEXT((#14604))
GLOBAL_UNIT_ASSIGNED_CONTEXT((#14618,#14620,#14621))
REPRESENTATION_CONTEXT('','3D')
);
#14613=(
GEOMETRIC_REPRESENTATION_CONTEXT(3)
GLOBAL_UNCERTAINTY_ASSIGNED_CONTEXT((#14605))
GLOBAL_UNIT_ASSIGNED_CONTEXT((#14618,#14620,#14621))
REPRESENTATION_CONTEXT('','3D')
);
#14614=(
GEOMETRIC_REPRESENTATION_CONTEXT(3)
GLOBAL_UNCERTAINTY_ASSIGNED_CONTEXT((#14606))
GLOBAL_UNIT_ASSIGNED_CONTEXT((#14618,#14620,#14621))
REPRESENTATION_CONTEXT('','3D')
);
#14615=(
GEOMETRIC_REPRESENTATION_CONTEXT(3)
GLOBAL_UNCERTAINTY_ASSIGNED_CONTEXT((#14607))
GLOBAL_UNIT_ASSIGNED_CONTEXT((#14618,#14620,#14621))
REPRESENTATION_CONTEXT('','3D')
);
#14616=(
GEOMETRIC_REPRESENTATION_CONTEXT(3)
GLOBAL_UNCERTAINTY_ASSIGNED_CONTEXT((#14608))
GLOBAL_UNIT_ASSIGNED_CONTEXT((#14618,#14620,#14621))
REPRESENTATION_CONTEXT('','3D')
);
#14617=(
GEOMETRIC_REPRESENTATION_CONTEXT(3)
GLOBAL_UNCERTAINTY_ASSIGNED_CONTEXT((#14609))
GLOBAL_UNIT_ASSIGNED_CONTEXT((#14618,#14620,#14621))
REPRESENTATION_CONTEXT('','3D')
);
#14618=(
LENGTH_UNIT()
NAMED_UNIT(*)
SI_UNIT(.MILLI.,.METRE.)
);
#14619=(
LENGTH_UNIT()
NAMED_UNIT(*)
SI_UNIT($,.METRE.)
);
#14620=(
NAMED_UNIT(*)
PLANE_ANGLE_UNIT()
SI_UNIT($,.RADIAN.)
);
#14621=(
NAMED_UNIT(*)
SI_UNIT($,.STERADIAN.)
SOLID_ANGLE_UNIT()
);
#14622=SHAPE_DEFINITION_REPRESENTATION(#14629,#14642);
#14623=SHAPE_DEFINITION_REPRESENTATION(#14630,#14643);
#14624=SHAPE_DEFINITION_REPRESENTATION(#14631,#14644);
#14625=SHAPE_DEFINITION_REPRESENTATION(#14632,#14645);
#14626=SHAPE_DEFINITION_REPRESENTATION(#14633,#14646);
#14627=SHAPE_DEFINITION_REPRESENTATION(#14634,#14647);
#14628=SHAPE_DEFINITION_REPRESENTATION(#14635,#14648);
#14629=PRODUCT_DEFINITION_SHAPE('',$,#14650);
#14630=PRODUCT_DEFINITION_SHAPE('',$,#14651);
#14631=PRODUCT_DEFINITION_SHAPE('',$,#14652);
#14632=PRODUCT_DEFINITION_SHAPE('',$,#14653);
#14633=PRODUCT_DEFINITION_SHAPE('',$,#14654);
#14634=PRODUCT_DEFINITION_SHAPE('',$,#14655);
#14635=PRODUCT_DEFINITION_SHAPE('',$,#14656);
#14636=PRODUCT_DEFINITION_SHAPE($,$,#29);
#14637=PRODUCT_DEFINITION_SHAPE($,$,#30);
#14638=PRODUCT_DEFINITION_SHAPE($,$,#31);
#14639=PRODUCT_DEFINITION_SHAPE($,$,#32);
#14640=PRODUCT_DEFINITION_SHAPE($,$,#33);
#14641=PRODUCT_DEFINITION_SHAPE($,$,#34);
#14642=SHAPE_REPRESENTATION('',(#6425,#6784,#6785,#6786,#6787,#6788,#6789),
#14610);
#14643=SHAPE_REPRESENTATION('',(#6426),#14611);
#14644=SHAPE_REPRESENTATION('',(#6499),#14612);
#14645=SHAPE_REPRESENTATION('',(#6555),#14613);
#14646=SHAPE_REPRESENTATION('',(#6597),#14614);
#14647=SHAPE_REPRESENTATION('',(#6707),#14615);
#14648=SHAPE_REPRESENTATION('',(#6739),#14616);
#14649=PRODUCT_DEFINITION_CONTEXT('part definition',#14672,'design');
#14650=PRODUCT_DEFINITION('ZX Spectrum Speaker 23mm',
'ZX Spectrum Speaker 23mm v2',#14657,#14649);
#14651=PRODUCT_DEFINITION('Body','Body',#14658,#14649);
#14652=PRODUCT_DEFINITION('Magnet','Magnet',#14659,#14649);
#14653=PRODUCT_DEFINITION('Plastic Cover','Plastic Cover',#14660,#14649);
#14654=PRODUCT_DEFINITION('Board','Board',#14661,#14649);
#14655=PRODUCT_DEFINITION('CopperWire','CopperWire',#14662,#14649);
#14656=PRODUCT_DEFINITION('Pins','Pins',#14663,#14649);
#14657=PRODUCT_DEFINITION_FORMATION('',$,#14674);
#14658=PRODUCT_DEFINITION_FORMATION('',$,#14675);
#14659=PRODUCT_DEFINITION_FORMATION('',$,#14676);
#14660=PRODUCT_DEFINITION_FORMATION('',$,#14677);
#14661=PRODUCT_DEFINITION_FORMATION('',$,#14678);
#14662=PRODUCT_DEFINITION_FORMATION('',$,#14679);
#14663=PRODUCT_DEFINITION_FORMATION('',$,#14680);
#14664=PRODUCT_RELATED_PRODUCT_CATEGORY('ZX Spectrum Speaker 23mm v2',
'ZX Spectrum Speaker 23mm v2',(#14674));
#14665=PRODUCT_RELATED_PRODUCT_CATEGORY('Body','Body',(#14675));
#14666=PRODUCT_RELATED_PRODUCT_CATEGORY('Magnet','Magnet',(#14676));
#14667=PRODUCT_RELATED_PRODUCT_CATEGORY('Plastic Cover','Plastic Cover',
(#14677));
#14668=PRODUCT_RELATED_PRODUCT_CATEGORY('Board','Board',(#14678));
#14669=PRODUCT_RELATED_PRODUCT_CATEGORY('CopperWire','CopperWire',(#14679));
#14670=PRODUCT_RELATED_PRODUCT_CATEGORY('Pins','Pins',(#14680));
#14671=APPLICATION_PROTOCOL_DEFINITION('international standard',
'automotive_design',2009,#14672);
#14672=APPLICATION_CONTEXT(
'Core Data for Automotive Mechanical Design Process');
#14673=PRODUCT_CONTEXT('part definition',#14672,'mechanical');
#14674=PRODUCT('ZX Spectrum Speaker 23mm','ZX Spectrum Speaker 23mm v2',
$,(#14673));
#14675=PRODUCT('Body','Body',$,(#14673));
#14676=PRODUCT('Magnet','Magnet',$,(#14673));
#14677=PRODUCT('Plastic Cover','Plastic Cover',$,(#14673));
#14678=PRODUCT('Board','Board',$,(#14673));
#14679=PRODUCT('CopperWire','CopperWire',$,(#14673));
#14680=PRODUCT('Pins','Pins',$,(#14673));
#14681=PRESENTATION_STYLE_ASSIGNMENT((#14688));
#14682=PRESENTATION_STYLE_ASSIGNMENT((#14689));
#14683=PRESENTATION_STYLE_ASSIGNMENT((#14690));
#14684=PRESENTATION_STYLE_ASSIGNMENT((#14691));
#14685=PRESENTATION_STYLE_ASSIGNMENT((#14692));
#14686=PRESENTATION_STYLE_ASSIGNMENT((#14693));
#14687=PRESENTATION_STYLE_ASSIGNMENT((#14694));
#14688=SURFACE_STYLE_USAGE(.BOTH.,#14695);
#14689=SURFACE_STYLE_USAGE(.BOTH.,#14696);
#14690=SURFACE_STYLE_USAGE(.BOTH.,#14697);
#14691=SURFACE_STYLE_USAGE(.BOTH.,#14698);
#14692=SURFACE_STYLE_USAGE(.BOTH.,#14699);
#14693=SURFACE_STYLE_USAGE(.BOTH.,#14700);
#14694=SURFACE_STYLE_USAGE(.BOTH.,#14701);
#14695=SURFACE_SIDE_STYLE('',(#14702));
#14696=SURFACE_SIDE_STYLE('',(#14703));
#14697=SURFACE_SIDE_STYLE('',(#14704));
#14698=SURFACE_SIDE_STYLE('',(#14705));
#14699=SURFACE_SIDE_STYLE('',(#14706));
#14700=SURFACE_SIDE_STYLE('',(#14707));
#14701=SURFACE_SIDE_STYLE('',(#14708));
#14702=SURFACE_STYLE_FILL_AREA(#14709);
#14703=SURFACE_STYLE_FILL_AREA(#14710);
#14704=SURFACE_STYLE_FILL_AREA(#14711);
#14705=SURFACE_STYLE_FILL_AREA(#14712);
#14706=SURFACE_STYLE_FILL_AREA(#14713);
#14707=SURFACE_STYLE_FILL_AREA(#14714);
#14708=SURFACE_STYLE_FILL_AREA(#14715);
#14709=FILL_AREA_STYLE('Steel - Satin',(#14716));
#14710=FILL_AREA_STYLE(
'PEKK - Polyetherketoneketone Reinforced With Carbon Fibers - HT-23 (w
ith EOS P 810 3D Printer)',(#14717));
#14711=FILL_AREA_STYLE('Foam Anthracite',(#14718));
#14712=FILL_AREA_STYLE('Zinc - Plated',(#14719));
#14713=FILL_AREA_STYLE('Glass - Frosted Light',(#14720));
#14714=FILL_AREA_STYLE('Aluminum - Satin',(#14721));
#14715=FILL_AREA_STYLE('Copper - Polished',(#14722));
#14716=FILL_AREA_STYLE_COLOUR('Steel - Satin',#14723);
#14717=FILL_AREA_STYLE_COLOUR(
'PEKK - Polyetherketoneketone Reinforced With Carbon Fibers - HT-23 (w
ith EOS P 810 3D Printer)',#14724);
#14718=FILL_AREA_STYLE_COLOUR('Foam Anthracite',#14725);
#14719=FILL_AREA_STYLE_COLOUR('Zinc - Plated',#14726);
#14720=FILL_AREA_STYLE_COLOUR('Glass - Frosted Light',#14727);
#14721=FILL_AREA_STYLE_COLOUR('Aluminum - Satin',#14728);
#14722=FILL_AREA_STYLE_COLOUR('Copper - Polished',#14729);
#14723=COLOUR_RGB('Steel - Satin',0.627450980392157,0.627450980392157,0.627450980392157);
#14724=COLOUR_RGB(
'PEKK - Polyetherketoneketone Reinforced With Carbon Fibers - HT-23 (w
ith EOS P 810 3D Printer)',0.352941176470588,0.352941176470588,0.352941176470588);
#14725=COLOUR_RGB('Foam Anthracite',0.247058823529412,0.227450980392157,
0.274509803921569);
#14726=COLOUR_RGB('Zinc - Plated',0.745098039215686,0.729411764705882,0.619607843137255);
#14727=COLOUR_RGB('Glass - Frosted Light',0.749019607843137,0.749019607843137,
0.749019607843137);
#14728=COLOUR_RGB('Aluminum - Satin',0.83921568627451,0.83921568627451,
0.843137254901961);
#14729=COLOUR_RGB('Copper - Polished',0.674509803921569,0.32156862745098,
0.325490196078431);
ENDSEC;
END-ISO-10303-21;
